,5,6,7,8,9,10,11,12,13,14,15,16,17,18,19,20,21,22,23,24,25,26,27,28,29,30,31,32,33,34,35,36,37,38,39,40,41,42,43,44,45,46,47,48,49,50,51,52,53,54,55,56,57,58,59,60,61,62,63,64,65,66,67,68,69,70,71,72,73,74,75,76,77,78,79,80,81,82,83,84,85,86,87,88,89,90,91,92,93,94,95,96,97,98,99,100,101,102,103,104,105,106,107,108,109,110,111,112,113,114,115,116,117,118,119,120,121,122,123,124,125,126,127,128,129,130,131,132,133,134,135,136,137,138,139,140,141,142,143,144,145,146,147,148,149,150,151,152,153,154,155,156,157,158,159,160,161,162,163,164,165,166,167,168,169,170,171,172,173,174,175,176,177,178,179,180,181,182,183,184,185,186,187,188,189,190,191,192,193,194,195,196,197,198,199,200,201,202,203,204,205,206,207,208,209,210,211,212,213,214,215,216,217,218,219,220,221,222,223,224,225,226,227,228,229,230,231,232,233,234,235,236,237,238,239,240,241,242,243,244,245,246,247,248,249,250,251,252,253,254,255,256,257,258,259,260,261,262
5,1.0,0.44662055,-0.42587394,-0.33060852,-0.13180086,-0.060195558,-0.2064886,-0.14643963,-0.16695243,-0.1762746,0.0038572839,-0.02708156,-0.09284902,0.17781167,0.19082688,0.22420923,-0.12699974,0.18707074,0.11448282,0.042107053,-0.21018973,0.19157638,0.12785229,0.021510903,0.047312535,-0.037130393,-0.09133429,-0.03451803,-0.07483289,-0.09961064,-0.14516997,-0.048188392,-0.20801844,-0.18325812,-0.19613954,-0.28859377,-0.23480996,-0.15694323,-0.4235745,-0.27044544,-0.111652754,-0.18229967,-0.03719645,-0.031164255,-0.016944285,-0.13758661,0.071500674,0.03017378,0.08368413,0.2280282,-0.081305794,-0.062186446,-0.029319959,-0.20242701,-0.2346212,-0.05273541,-0.22508563,-0.25240216,-0.2252131,-0.22446173,-0.13430344,-0.10345672,-0.13624048,0.019677026,-0.061748523,0.047566995,-0.05623227,0.06616334,-0.030537302,0.08878373,0.13768646,0.14840956,0.045479428,0.024411831,-0.09409407,-0.05569604,0.03628157,0.1549724,0.03797406,-0.009591624,0.019075355,0.012639589,-0.0045110565,0.051905226,0.08292977,0.13907596,0.29866531,0.29939696,0.28817907,0.25826707,-0.022899104,0.1697686,-0.1490839,-0.22801048,-0.19276284,-0.12262335,-0.09581942,0.024738956,0.047347005,0.005195297,-0.31352004,-0.35235935,-0.3083251,-0.20561548,-0.1339668,0.073037766,0.15397824,0.09709782,-0.092792764,-0.12512566,-0.12395814,-0.112999275,-0.13729289,-0.081552,-0.1309304,-0.12630476,-0.13799687,-0.0692742,0.0926464,0.1442136,0.27002424,0.30082634,0.18906991,0.29115263,0.17662562,0.17536011,0.06689624,0.03289503,0.022899726,0.14119735,0.74171203,0.18378629,-0.26463613,-0.14477845,-0.10228438,-0.2253415,-0.096139096,-0.13889702,-0.014280196,-0.1571748,-0.029866606,0.12697734,0.15477136,0.08777245,0.13323165,0.21921302,-0.05354706,0.14121132,0.14882897,-0.13713075,-0.20450124,0.014682897,0.04214941,0.07974502,0.029075306,0.046335913,-0.104087986,-0.07147336,0.0027859637,-0.052777573,0.0020913805,-0.079331785,-0.11053391,-0.1269215,-0.17579374,-0.2056427,-0.14116965,-0.28130323,-0.107140146,-0.043775614,-0.05618369,0.008248452,0.012566344,-0.03604882,-0.03043733,-0.049560685,0.034384437,-0.06004345,0.05652515,0.10632399,-0.08079823,-0.044652253,-0.07813045,-0.027110806,-0.15920341,-0.20304695,-0.23933263,-0.23593648,-0.23036484,-0.16253793,-0.044198573,-0.04202061,0.05111266,-0.015756896,0.008731372,0.03589369,-0.014418314,-0.06887285,0.054248534,-0.0023858717,0.13068587,0.11558705,0.0406271,0.002401734,-0.0057080616,-0.0889543,-0.17407674,0.12636718,0.018884853,0.06545473,0.008845698,-0.011698793,0.014476151,0.08098322,0.06347431,-0.042177636,0.28399014,0.23959006,0.059854034,-0.1728426,-0.015837606,-0.21295133,0.008995406,-0.21868758,-0.07819853,-0.11517215,0.052201137,-0.0022012237,-0.023879273,-0.16638601,-0.29251656,-0.16326676,-0.28237772,-0.2861464,-0.015686052,0.15111348,0.11701132,0.08860186,0.06807654,-0.018911712,-0.11540389,-0.10583871,-0.09883134,-0.12089886,-0.08953057,-0.12679419,0.0053173797,0.057343382,0.13596946,0.18603383,0.18567887,0.22460291,0.21778208,0.19833939,0.13374352,-0.0007413596,-0.04090198,0.050021797
6,0.44662055,1.0,-0.085749924,-0.17956644,7.8886085e-05,-0.10222985,0.17939636,0.092926085,0.0641418,0.01583244,0.19802411,0.20370656,-0.08031625,0.11678153,0.13181488,0.1433898,-0.12650123,0.023727736,-0.09168226,-0.046469722,-0.24365902,-0.028308198,0.07287275,0.083411075,0.21999587,0.16118737,0.093598604,0.15672521,0.095148765,0.1233627,0.081766106,0.025169088,0.08473785,0.07309377,0.095102236,-0.1261219,-0.18512188,-0.16433841,-0.20601743,0.029724529,-0.093979836,-0.20363118,-0.09010947,-0.02014316,0.099142335,-0.06466669,0.34663558,0.0863227,-0.0007342584,0.039343994,0.00095151603,-0.15230411,0.06362938,-0.04387156,-0.23805434,-0.19550888,-0.20609663,-0.27432597,-0.1472153,-0.2743633,-0.088812575,0.0030099342,-0.09471738,0.04463132,0.057041567,0.09898986,-0.035236366,0.1821317,-0.089368664,0.04459034,0.083533406,0.049408805,0.04146853,0.09629021,0.07126836,-0.009369954,0.21724942,0.086039536,-0.03626135,-0.029511673,-0.0415794,-0.083714366,-0.046984456,-0.09463842,-0.046654038,-0.09002425,0.13237467,0.03140622,0.043103345,-0.02709846,-0.22595736,-0.009731125,-0.15310805,-0.29420665,-0.24226393,-0.1999689,-0.13749877,-0.058749262,-0.05890084,-0.03167154,-0.33760598,-0.27901325,-0.21610394,-0.092154905,-0.05049577,0.03319501,0.1680848,0.09725969,-0.108122714,-0.12950234,-0.24282207,-0.3183907,-0.30214402,-0.268783,-0.210071,-0.15606686,-0.17535478,-0.13928814,0.08742003,0.08864025,0.2272319,0.20094219,0.19729695,0.24247845,0.24589549,0.20724706,0.21966656,0.12907733,0.00400968,0.0294434,0.5860351,0.4610336,-0.21801797,0.008154271,-0.045514464,0.124364465,0.16328748,-0.28239366,0.07012948,0.06484843,0.20038223,0.16716747,0.11326796,0.12464501,0.085979946,-0.08042182,-0.11770043,0.012047441,0.026689006,-0.12264447,-0.26055664,0.033754278,-0.06211771,0.09651666,0.20524418,0.12906563,0.111670755,0.04018107,0.120941475,0.02972257,0.06874081,0.07744218,0.07391589,0.052177984,-0.032260813,-0.07494571,-0.14767812,-0.20173395,0.25126472,-0.0554795,0.0045929737,-0.07713248,0.08205804,0.11087387,0.028005078,-0.20929413,0.111372575,0.0984111,-0.0001771792,-0.12944461,0.03877302,-0.04661561,-0.050398808,-0.05225145,-0.3019671,-0.2342097,-0.2427025,-0.21598786,-0.23234165,-0.14080897,-0.039786246,-0.011012695,-0.048525736,0.008324604,0.0080309305,-0.09012374,0.07237356,-0.015919399,0.095960476,0.045639463,0.110975884,0.035422124,-0.041288983,0.0015168443,0.08998094,0.14128762,0.07209443,0.09284625,-0.03991141,-0.012546207,-0.06193367,-0.03015402,-0.024091322,0.0507581,-0.103927255,-0.10682528,0.049525682,0.07896316,-0.214792,-0.22464158,-0.16698575,-0.18895277,-0.046156358,-0.24780573,-0.091614686,-0.10528852,0.008750385,-0.09666376,-0.15312399,-0.27224916,-0.34559637,-0.10499599,-0.12587164,-0.15142639,0.06476443,0.16266048,0.12120744,0.050803803,-0.0051532495,-0.009697042,-0.21791123,-0.22270484,-0.28881466,-0.29096878,-0.2849703,-0.16929594,-0.069841236,-0.11380571,0.03716671,0.07814812,0.2208666,0.20491935,0.24827303,0.1572273,0.22561835,0.11536877,0.030844182,0.0425422
7,-0.42587394,-0.085749924,1.0,0.8560209,0.33373216,0.09204187,0.5252172,0.3139957,0.26427227,0.34227377,0.16958155,0.16401565,0.12705468,-0.08820592,-0.03366139,-0.0734666,-0.040420692,-0.21966805,-0.31954768,-0.20309359,0.02990719,-0.19894245,-0.042145327,-0.009065245,0.013418763,0.13529198,0.14268267,0.15329286,0.26691416,0.2998255,0.35591853,0.15925954,0.47389466,0.42205292,0.49987888,0.4443013,0.26416594,0.13972381,0.5010075,0.50753456,0.06787985,0.26678604,0.17492706,0.08152641,-0.073568515,-0.23855872,0.16173361,-0.033035144,-0.08324923,-0.22990863,0.005576718,-0.12673078,0.08486743,0.37453952,0.28048763,0.015847368,0.31118956,0.22108391,0.2782362,0.06387284,0.15407918,0.3430784,0.06944359,-0.0038920115,0.03028299,0.07125662,-0.05745405,-0.15282138,-0.012414728,0.11854064,-0.010758574,-0.028345374,-0.049473908,0.01836726,0.11488972,0.050720423,0.050782852,-0.076719865,0.01522706,-0.07238513,-0.029367507,0.17376472,-0.0104359975,0.08177026,-0.07711218,-0.25558448,-0.27152428,-0.50894636,-0.41891143,-0.54983854,-0.3149025,-0.47549912,-0.12107594,-0.10862998,-0.05497281,-0.008019,0.09713131,0.06743558,0.021745719,-0.0052719424,0.01008183,0.07602499,0.12431389,-0.0034399244,0.046214048,-0.13546667,-0.10819325,-0.09904174,-0.30654815,-0.1664914,-0.35135055,-0.33921945,-0.32061574,-0.22386456,-0.13406886,-0.098133616,-0.21320295,-0.2796116,-0.3069634,-0.39348814,-0.34253448,-0.29869625,-0.19659624,-0.22433142,0.0001539425,0.008001095,0.20973045,0.1446787,0.014419114,-0.122905776,-0.37736133,-0.10519851,0.6405144,0.22306909,0.24983005,0.46308184,0.2785374,0.021779133,0.032684375,0.31600043,0.1628759,-0.1795394,-0.06633993,0.029756013,-0.0009836184,-0.3746221,-0.00783666,-0.18600422,-0.111992806,-0.10216461,0.055770308,0.044739254,-0.08789082,0.044485275,0.049159277,-0.059683327,0.23453814,0.13459839,0.082023665,0.20826073,-0.10506044,0.25122306,0.30403826,0.2235382,0.29242748,0.39516312,0.12171545,0.31682536,0.3331804,0.21548198,0.16282868,0.10761906,0.13315353,0.112998344,-0.00840214,-0.08696905,0.09182091,-0.039209414,-0.014058467,0.112236224,0.12211008,-0.14736299,0.065641806,-0.11246685,0.18332344,0.27017292,0.27876568,0.2013144,0.14828767,0.09960678,0.104048766,-0.074292794,0.044375684,0.029621676,0.036670174,-0.21743716,-0.062636696,-0.02849964,-0.081238315,-0.115028,-0.016250767,-0.022935878,-0.018998014,-0.03053588,0.060933467,0.10059005,0.32151246,-0.09477596,-0.019695006,0.04680475,0.05891764,-0.012534949,0.047357686,-0.07673593,-0.22085182,0.038632065,-0.44417942,-0.3420166,-0.3889808,-0.06852193,-0.31887096,-0.03785806,-0.1153369,0.0030633195,0.08049291,0.11997754,-0.008388752,0.005896431,-0.032314595,0.036443736,-0.054495066,0.026389882,0.15122584,0.038898572,0.031004934,-0.11832834,-0.14204511,-0.10737469,-0.23665477,-0.079913884,-0.14752184,-0.20760512,-0.36131042,-0.23516048,-0.20915698,-0.2098058,-0.38891575,-0.45886555,-0.44416496,-0.33679688,-0.15344007,-0.184487,-0.065698266,-0.08631362,0.09508306,0.16209935,0.13399972,-0.0127510745
8,-0.33060852,-0.17956644,0.8560209,1.0,0.17785051,0.17308885,0.3240946,0.19849497,0.18046615,0.26881024,0.075782955,0.05681188,0.068275616,-0.10611835,-0.049636446,-0.08970109,0.00030580824,-0.12548955,-0.21273704,-0.09874526,0.14538139,-0.11902781,-0.06086475,-0.056784157,-0.11687537,0.029930377,0.022891352,0.056344423,0.17588831,0.20674771,0.2469456,0.11844625,0.32347968,0.30037585,0.38381958,0.37588555,0.20587103,0.11604582,0.51413584,0.44898993,0.10797667,0.25281873,0.1466447,0.04764023,-0.14024335,-0.23962988,0.04392336,-0.0060343053,-0.02634968,-0.15016368,0.02149705,-0.08523942,0.032137334,0.26765117,0.25861382,0.013730193,0.2847738,0.21302775,0.22895898,0.085615,0.15744767,0.26828465,0.08409723,0.014213416,-0.0007950418,0.042532336,-0.06401095,-0.20270605,0.010350184,0.082129,-0.0279597,-0.03301407,-0.07960266,-0.012326089,0.055346496,-0.00064077106,-0.027137337,-0.06969942,0.10398672,0.012488901,0.08130789,0.26423213,0.061018955,0.14800836,-0.03620283,-0.14148414,-0.24684706,-0.3982627,-0.32188118,-0.42939988,-0.206005,-0.4036014,-0.043640517,-0.06483351,-0.007620503,0.07212169,0.14404452,0.117438585,0.06017397,-0.0013402252,0.06700316,0.10812469,0.1257096,-0.04192051,-0.014566566,-0.1566001,-0.21329153,-0.16009432,-0.28076506,-0.12677976,-0.29966512,-0.23401876,-0.24550632,-0.15838785,-0.05969417,-0.06466202,-0.15935507,-0.20531605,-0.34613156,-0.3934645,-0.38476437,-0.32419947,-0.25667754,-0.27451047,-0.11108905,-0.055446986,0.10345624,0.15333171,0.06861199,-0.0793763,-0.36856377,-0.40317374,0.8783989,0.10410875,0.28495026,0.28606656,0.13844,0.18268998,0.011940884,0.22435658,0.030409453,-0.22939616,-0.091589525,-0.013367915,-0.014883255,-0.30015147,0.041919623,-0.09748572,-0.099576734,0.0028594634,0.113659695,0.00039426523,-0.032233052,-0.008170797,-0.08640602,-0.12885465,0.17462614,0.077507466,0.023417864,0.09893384,-0.1410294,0.18139477,0.20134464,0.16646592,0.25955814,0.31482932,0.09790226,0.36353847,0.19197443,0.25822,0.10775389,0.09614252,0.06373203,0.041573647,-0.046295222,-0.031268816,0.0737838,-0.06748023,0.034804318,0.18236586,0.06821937,-0.13987361,0.036513045,-0.09470657,0.28090948,0.27148354,0.26094294,0.17748313,0.14975022,0.102215156,0.060196158,-0.07891776,0.047101922,-0.0058115926,0.029584821,-0.15400623,-0.048125364,-0.042700347,-0.06517777,-0.14467016,-0.029398652,-0.02123144,-0.00248579,-0.026194245,0.028308688,0.0304326,0.27748653,-0.13074486,0.075185224,0.12531182,0.15285088,0.02440994,0.06541641,-0.0653307,-0.1200172,0.0951331,-0.34903687,-0.29434854,-0.29175487,-0.076816015,-0.27095523,-0.03394983,-0.09541862,0.047177207,0.11166734,0.11855057,0.031411503,0.0394191,0.047627684,0.10451841,0.0028984323,0.045093648,0.12951264,0.025636949,0.08285448,-0.21603096,-0.19071445,-0.14083774,-0.20332828,-0.082912534,-0.11224888,-0.17367627,-0.27063105,-0.15727226,-0.10187723,-0.14791901,-0.33825457,-0.36605754,-0.4274557,-0.32954678,-0.24656756,-0.21968165,-0.17215213,-0.10788876,0.004108164,0.15403968,0.16010036,0.032801192
9,-0.13180086,7.8886085e-05,0.33373216,0.17785051,1.0,0.19831008,0.2122031,0.36139113,0.06043635,0.19511652,0.09195388,0.10950583,0.015868535,-0.005416344,0.071155146,0.03223557,-0.01722547,-0.014618433,0.03085806,-0.06664846,-0.047371097,0.13659148,0.06706675,0.0054768673,0.062065206,0.04655825,0.13977292,0.16106945,0.096630014,0.14737692,0.085590534,0.03780191,0.13032256,0.05758502,0.11578514,-0.01890614,-0.07549205,-0.12287019,-0.07435562,0.039413065,-0.07609775,0.04394757,0.023733903,0.014571887,-0.0016533893,-0.0588857,-0.050608676,-0.10572027,-0.17949657,-0.2655919,-0.011403315,-0.15446207,0.06177834,0.10079703,-0.09253362,-0.068353534,-0.051142946,-0.06339308,0.012990427,-0.044872,0.09850542,0.120020755,0.06794841,-0.0053038583,-0.10797615,-0.024216225,-0.038237102,-0.022512604,0.085968085,0.07459504,-0.017756432,0.054869477,-0.06966929,0.048115417,0.03417145,0.032127745,-0.006313106,-0.047083877,-0.07036285,-0.038464952,-0.046256848,0.008848305,-0.051193506,-0.009733063,-0.061149284,-0.15945116,-0.077399306,-0.09466276,-0.15420842,-0.12140364,-0.13298713,-0.18532465,-0.09204551,-0.0738877,-0.05721774,-0.056365807,-0.029297296,-0.0036052286,0.00078512036,0.012242372,-0.032961898,-0.037761178,-0.03270247,-0.027836448,0.0061555514,0.022996115,0.023337847,0.03621825,-0.08862688,-0.014207451,-0.123845935,-0.18381986,-0.15526181,-0.14674513,-0.10091181,-0.024473034,-0.10807058,-0.08298311,-0.017160788,-0.043684285,-0.023623832,-0.00662007,0.022174614,0.02487379,0.06396159,0.08150543,0.14611223,0.08848737,-0.04141411,-0.14013611,-0.18861891,0.15597637,0.22051941,0.57764536,0.36071306,0.30078384,0.027187495,0.136805,0.01619282,0.15721954,0.1042646,-0.07954575,-0.01591679,0.03818306,0.08351092,-0.10747598,0.03156774,0.023999512,0.13522059,-0.033704787,-0.051942013,0.09995214,-0.031370025,0.017979564,0.04203103,0.03807553,0.019531606,0.09773295,0.120174676,0.109370366,0.012190365,0.104099944,0.064369455,0.060344458,0.023566976,0.064937,-0.110442705,-0.13545543,-0.0002061766,-0.018934665,0.0082363635,0.030527307,0.042163096,0.04294624,-0.02074993,0.052138686,-0.02506463,-0.04822899,-0.065353625,0.003507665,0.06266338,-0.08013938,0.00038170785,-0.015145771,0.11914912,0.012878107,-0.06223088,-0.019105265,-0.072916366,0.14473332,-0.038736828,-0.11704066,0.017726317,0.00011547777,-0.0007574073,-0.106462166,-0.078722395,-0.09202246,-0.017672129,-0.0303161,0.0069242264,0.060329225,-0.028008029,0.012052751,0.02117496,-0.01635541,0.06785248,0.0026794872,-0.061719432,-0.030306287,-0.028143706,-0.027545631,-0.0088369865,-0.0024509565,-0.15002057,-0.051948104,-0.11829393,0.009379708,-0.26276323,0.0024568646,-0.10390627,-0.029117944,-0.03871731,-0.043598417,-0.02216253,0.03038396,-0.030695355,0.012324462,-0.08272251,-0.0503677,-0.06083188,-0.023051776,0.0063450607,-0.04239083,0.1078333,0.029784055,-0.027515693,-0.024507437,-0.067196384,-0.12135339,0.0029016752,-0.111964226,-0.17442162,-0.15569457,-0.14474015,-0.122917764,-0.11824008,-0.12937944,-0.079925984,-0.037284493,0.039153352,0.046439398,0.039118826,0.02639195,0.10950772,0.098340034,0.020291312,-0.07757278
10,-0.060195558,-0.10222985,0.09204187,0.17308885,0.19831008,1.0,0.08860875,0.13118064,0.024853243,0.14753415,0.049465697,0.022684261,0.040281303,0.075380415,0.12765582,-0.01219544,-0.09983335,-0.08370676,-0.012183944,0.0075161327,0.13591668,0.1479633,0.1283238,0.07960504,-0.03163891,-0.080846235,-0.051018476,-0.029525576,0.018889224,0.039360322,0.030678125,0.021148296,0.090675704,0.049353432,0.10943934,0.011667447,-0.01705158,-0.08011025,0.0023457773,0.05589176,-0.04551932,0.106365435,0.068134636,0.008968707,0.029410752,-0.052889112,-0.090004034,-0.07997425,-0.14519906,-0.11203509,-0.038911268,-0.11176105,0.032117866,0.026130062,-0.00072086544,0.055936042,0.0011172638,-0.022005921,-0.018847547,-0.02305839,0.081443496,0.090423994,0.045082577,0.004771464,-0.08043462,-0.034218743,-0.016655037,-0.07856925,0.02740908,0.013281474,0.06291567,0.07896967,0.03507273,0.10541096,0.08974105,0.0049832813,-0.0018498636,-0.021115297,0.028853612,0.060181323,0.043237973,0.11758988,0.010416107,0.051504254,-0.030064866,-0.04298643,-0.026598927,-0.042786315,-0.06013976,-0.057510667,-0.10710011,-0.15112278,-0.010993464,-0.10991829,-0.048601937,-6.397039e-05,0.066946864,0.1245261,0.054963496,0.0203288,-0.069778405,-0.055734538,-0.038254187,-0.060081795,-0.017957527,0.0186462,-0.031426605,0.002179356,-0.097999536,-0.017492639,-0.14419472,-0.14127499,-0.1710234,-0.08836859,-0.050421886,-0.08586474,-0.11697885,-0.07218277,-0.11084337,-0.08675032,-0.09835949,-0.06034856,-0.00782792,-0.03485032,-0.040276345,0.033416133,0.07077657,0.11199827,0.055594865,-0.04285181,-0.16196309,-0.10710066,0.3546175,0.07016364,0.60649556,0.17675853,-0.013127884,0.22046734,0.017584564,0.09935455,0.021623442,-0.00046633437,0.062048465,0.0046294723,0.060529444,0.008286947,-0.06440271,-0.07753955,0.010211314,-0.014240398,0.061267223,0.021500072,-0.000600093,0.04121659,-0.0023762754,0.03229964,-0.05789217,0.038084853,-0.018112348,-0.026664242,-0.035590533,0.104883224,-0.0014857573,0.07566062,0.04388832,0.07379152,-0.08921244,-0.002498299,-0.054105155,-0.049678825,0.051724356,0.06191315,0.02925716,-0.035641547,-0.031875305,0.10866258,-0.03209421,-0.07470778,-0.023657346,0.005816999,0.004471092,-0.08758449,-0.010572862,0.04566289,0.22587001,0.088167824,-0.0037216505,-0.023289762,-0.03413382,0.07797725,-0.022318669,-0.12391149,0.0014011208,-0.049490366,-0.0106777605,-0.088563494,-0.06029862,-0.10717219,0.01943113,-0.07148939,-0.08133507,0.056947287,0.025369812,0.06147565,0.05862772,-0.011455581,0.108893864,-0.015677158,0.04236189,0.03820656,0.08306378,-0.021731703,-0.01487044,0.009237419,-0.047239605,-0.014269431,-0.038421556,0.016354118,-0.13946289,-0.10342955,-0.14909197,-0.09481281,-0.049725324,-0.034365743,0.0695706,0.008703805,0.018833198,0.016914828,-0.02998606,-0.03785989,-0.08132016,-0.0409734,-0.0023409147,-0.052152276,0.12173417,-0.030194707,-0.021300752,0.00046914435,-0.015876718,-0.12426294,0.0019431704,-0.12101742,-0.1566317,-0.1274616,-0.12201288,-0.12803511,-0.100949466,-0.05468231,-0.1016589,-0.106811434,-0.06565566,-0.019244684,-0.05269862,-0.0034029896,0.04975219,0.09308357,0.094920345,0.010993801
11,-0.2064886,0.17939636,0.5252172,0.3240946,0.2122031,0.08860875,1.0,0.40979505,0.45335096,0.40775222,0.38539678,0.3265526,0.34548944,0.18071312,0.17360319,0.023677485,-0.25662997,-0.3895355,-0.5607576,-0.34586215,-0.13308504,-0.22678891,0.18718234,0.28273222,0.2804951,0.1580313,0.26934966,0.25810552,0.41077688,0.41976973,0.5095295,0.21871445,0.67361474,0.5889025,0.5823992,0.37565038,0.2326093,0.06706079,0.25019425,0.3998548,-0.19958727,0.2388427,0.3644095,0.22208558,0.19138052,-0.18414283,0.3129278,-0.12048309,-0.24581939,-0.19211952,-0.05501504,-0.19814236,0.15232088,0.470369,0.26482287,0.06073845,0.29162726,0.16996938,0.29511514,-0.03311145,0.13197546,0.44214898,0.00064668915,-0.02369481,-0.05184722,0.13552438,-0.12482109,-0.1221707,-0.066427216,0.14487773,0.18035303,-0.0023121214,0.16893104,0.1780032,0.24365675,0.094828874,0.16912813,-0.091623075,-0.11656802,-0.14698087,-0.19794217,0.01341889,-0.13093129,-0.057587318,-0.16356479,-0.3678803,-0.1968677,-0.54630554,-0.43689582,-0.59548026,-0.5488769,-0.55332744,-0.26890585,-0.30871776,-0.22053221,-0.1558469,0.07877941,0.11352552,0.04646266,0.011229018,-0.27451792,-0.10292513,0.049474996,0.049843684,0.1324737,-0.06337792,0.13545628,0.061244037,-0.26757702,-0.14349902,-0.42086112,-0.4845232,-0.45924816,-0.325761,-0.28882045,-0.22268781,-0.34832448,-0.4062289,-0.27171087,-0.327268,-0.19378816,-0.14959085,0.003934638,-0.031522017,0.23590237,0.20274118,0.4375635,0.1904499,-0.07629494,-0.07703951,-0.07811477,0.19422469,0.14645015,0.16257578,0.27726033,0.841895,0.5724479,-0.14156155,0.08982834,0.470097,0.3903173,0.13160858,0.21877274,0.17815529,0.003494936,-0.34868678,-0.19506688,-0.40223187,-0.26179072,-0.3406915,-0.07288317,0.09268821,-0.07529356,0.3122092,0.37510574,0.15719634,0.1765746,0.2333876,0.1395616,0.31443247,-0.06590768,0.3485958,0.42208856,0.34144926,0.27852023,0.471716,0.050633643,0.13272941,0.3988652,-0.082765795,0.21120004,0.23736303,0.3582281,0.11464436,0.12626603,-0.03504883,0.069142275,-0.115223676,-0.11043959,-0.044519916,0.22639999,-0.18061377,0.14360243,-0.11224814,-0.00051247934,0.26457143,0.23941357,0.19388884,0.07197093,0.03366526,0.18766159,-0.1755695,0.0132109905,0.030803757,0.013461158,-0.34237307,-0.099949636,-0.07442323,0.0015923245,-0.13671489,0.0042074146,-0.010623289,0.051841885,0.03730884,0.20806533,0.15279995,0.30968165,-0.017338676,-0.1369046,-0.06849338,-0.08647834,-0.103047065,-0.032941617,-0.066670924,-0.3416671,-0.10442564,-0.45568034,-0.31918877,-0.53240514,-0.18809116,-0.47409913,-0.16342346,-0.17355508,-0.116341725,0.06026892,0.055471793,0.031504206,-0.012968591,-0.10129933,-0.14027447,-0.29433206,-0.064047575,0.13113825,0.025507636,0.0810966,0.10607453,0.032868564,0.009661587,-0.16012064,-0.07399427,-0.17881556,-0.23985124,-0.4886012,-0.36995807,-0.3591662,-0.35194853,-0.41780818,-0.51930493,-0.4066297,-0.30294707,0.02169403,-0.050045583,0.18742836,0.030563824,0.3252443,0.19790468,0.1383313,-0.05609657
12,-0.14643963,0.092926085,0.3139957,0.19849497,0.36139113,0.13118064,0.40979505,1.0,0.19648091,0.36745006,0.34622398,0.29057962,0.18896331,0.05640236,0.09468015,0.043807607,-0.0679219,0.02639956,-0.2367578,-0.13894883,-0.12376647,-0.048807137,0.07787333,0.12863222,0.19794098,0.12467582,0.262854,0.29149207,0.31961945,0.39323282,0.35711795,0.17130592,0.3436167,0.2740934,0.29292908,0.039463006,-0.094006896,-0.14428098,0.015770957,0.13141154,-0.22320415,0.0142178275,0.08473215,0.11644388,0.09664438,-0.11753975,0.037721224,-0.15265886,-0.25985637,-0.18829657,-0.07958515,-0.2157673,0.16934931,0.23965533,-0.13603091,-0.19096325,-0.061634902,-0.11189928,0.034377944,-0.115502566,0.07755046,0.14106742,-0.015860466,0.009463697,-0.14431615,-0.04759884,-0.14579111,0.013208506,0.0025881212,0.046798818,-0.004552803,0.04468257,-0.01837252,0.055662412,0.047352858,-0.018467717,0.09692885,0.005954964,-0.09197525,-0.09403182,-0.10447152,-0.07256972,-0.116033375,-0.1833042,-0.17820336,-0.3639396,-0.18415044,-0.28282756,-0.36025667,-0.3457778,-0.31612068,-0.32940474,-0.08019533,-0.20371553,-0.1287672,-0.1457316,0.0006949241,0.050354887,-0.03764621,-0.011037703,-0.08244659,-0.0046377825,0.09978687,0.13584444,0.15079132,0.058406025,0.11772511,0.06621176,-0.096679986,-0.063111596,-0.19104595,-0.23455581,-0.23154664,-0.20179597,-0.11042204,-0.018195212,-0.086888656,-0.122286424,-0.08651573,-0.14986455,-0.037091266,-0.016756823,0.04925126,0.046538394,0.18172349,0.15011743,0.28550732,0.16764559,-0.0322945,-0.112363555,-0.12450264,0.2135346,0.17609395,0.21909688,0.34626365,0.6448528,0.22888319,0.04993566,0.08647965,0.3429502,0.27471867,0.026722189,0.049753398,0.082808845,0.09794028,-0.30462027,-0.0057568853,0.0414315,-0.0661869,-0.14018548,-0.10278512,0.08841051,-0.07987505,0.13428181,0.21785745,0.106119625,0.14305031,0.22251537,0.17400604,0.20153163,0.1481357,0.21339464,0.29501793,0.2280177,0.111958586,0.14207624,-0.13166463,-0.11084418,0.1321858,-0.14326358,0.045262028,0.067502104,0.20264725,0.10022235,0.08075784,0.037165318,0.005952179,-0.09523512,-0.11212207,-0.1037807,0.048912577,-0.08942457,0.07672021,-0.028319016,0.049056545,-0.04746852,-0.09852697,-0.03458199,-0.10019406,0.09718355,-0.10496951,-0.22264004,-0.0961901,-0.010138389,-0.08000111,-0.22850357,-0.12178143,-0.050287593,0.04609144,-0.07341743,0.014621765,0.034125682,0.0045106537,-0.060286395,0.032461435,0.03192719,0.18288104,-0.050396565,-0.06872839,-0.06913535,-0.10061051,-0.060459338,-0.09440189,-0.0027513371,-0.31864095,-0.17629938,-0.2865155,-0.06441894,-0.48073357,-0.004320101,-0.23800765,-0.07523303,-0.08327071,-0.10545084,-0.004439844,0.024575114,-0.024657307,-0.063693866,-0.12835456,-0.10658459,-0.084608614,-0.014027568,0.14234893,0.12152459,0.13559733,0.093622394,0.047870006,-0.0006898484,-0.06605974,-0.053944048,-0.04146738,-0.08146046,-0.24189089,-0.19170614,-0.18322463,-0.086741455,-0.2038384,-0.27899295,-0.20633596,-0.095510304,0.089753084,0.072192,0.14689554,0.015980236,0.22474928,0.15425193,0.07831875,-0.0516093
13,-0.16695243,0.0641418,0.26427227,0.18046615,0.06043635,0.024853243,0.45335096,0.19648091,1.0,0.17773059,0.21741277,0.2994014,0.18048742,0.13433123,0.10636065,-0.017418832,-0.15985917,-0.22858378,-0.36732593,-0.23657428,-0.13069375,-0.17707524,0.053735875,0.13885655,0.21731615,0.16938029,0.19838256,0.16501646,0.23122427,0.24551028,0.27474335,0.119019344,0.32850644,0.2911488,0.26490498,0.16488205,0.08290125,0.009017314,0.113503374,0.16919337,-0.11888624,0.06653296,0.11445375,0.06915729,0.11574855,-0.10984254,0.15174107,-0.0598518,-0.18580703,-0.21765327,-0.12359894,-0.15992805,0.07435292,0.19258432,0.100332476,0.01662379,0.12371402,0.04669986,0.1293792,-0.058380727,0.013759774,0.18381238,-0.07299351,-0.0557846,-0.100914076,0.010728186,-0.07558558,-0.060900062,-0.09384855,0.09819354,0.14254014,0.005701966,0.16635741,0.15347835,0.2018529,0.09943269,0.13617222,-0.035457294,-0.10424163,-0.085649475,-0.15248956,-0.03315204,-0.11447293,-0.0764807,-0.11693891,-0.24165973,-0.09841289,-0.30044857,-0.23858736,-0.32775506,-0.30270293,-0.27611303,-0.19160569,-0.1799286,-0.123396546,-0.114980996,-0.0049967975,0.021540364,-0.005226982,-0.016934762,-0.16435073,-0.060066175,0.024328526,0.06313193,0.06638772,-0.028918521,0.09146838,0.13814445,-0.10327701,-0.049648907,-0.18228497,-0.22020593,-0.21464494,-0.125304,-0.14069217,-0.10031963,-0.15659304,-0.1955933,-0.08909784,-0.12825198,-0.06637526,-0.036575995,0.039012294,0.03708574,0.17391455,0.1396537,0.27747998,0.13574341,0.016970936,-0.02070041,-0.09547736,0.065266766,0.09089838,0.045986716,0.11735324,0.40595597,0.30362207,0.05047797,0.08158436,0.3880766,0.31695488,0.13368122,0.12609628,0.12915243,-0.017016253,-0.20787002,-0.11657258,-0.2321326,-0.14216018,-0.21034671,-0.090324625,0.008771943,-0.067497775,0.14812346,0.21906604,0.10929659,0.14556634,0.14129283,0.0780909,0.13697074,-0.0064145983,0.1342364,0.22499733,0.17733613,0.10585762,0.20195489,0.00095193984,0.05012492,0.14394554,-0.056527648,0.08026585,0.06349723,0.1855145,0.035597537,0.056844108,0.017591817,0.10321039,-0.036336407,-0.10847748,0.004808606,0.093218364,-0.12926777,0.04419573,-0.07244687,-0.022932269,0.11540169,0.08215503,0.06009992,0.010500489,-0.024816003,0.02629306,-0.19826758,0.010424563,-0.039048556,-0.03869418,-0.19871774,-0.0758893,-0.051869474,-0.0066918717,-0.095440894,-0.021408185,0.006805855,0.07364539,0.07051682,0.1394024,0.16069077,0.20286156,-0.019226436,-0.12025641,-0.08752746,-0.10031501,-0.09025266,-0.043999728,-0.014750884,-0.23036341,-0.07256227,-0.24193783,-0.17077848,-0.31776702,-0.11001676,-0.2506397,-0.063534304,-0.03988998,-0.08935715,0.026246859,-0.011448348,0.000502535,-0.031197974,-0.07659942,-0.10987516,-0.17412585,-0.048748843,0.08467783,0.030352095,0.033164974,0.06977272,-0.017346112,0.0066610235,-0.08193817,-0.029767126,-0.07030182,-0.08839449,-0.22087339,-0.16707286,-0.15922622,-0.15646881,-0.191921,-0.24280696,-0.17516789,-0.15572898,0.053433344,0.0053419764,0.15187584,0.042008135,0.2183474,0.1429188,0.08920025,0.00987183
14,-0.1762746,0.01583244,0.34227377,0.26881024,0.19511652,0.14753415,0.40775222,0.36745006,0.17773059,1.0,0.3874028,0.33957312,0.13500352,0.09047534,0.08606969,-0.08965767,-0.15421352,-0.19168465,-0.2662174,-0.1050544,0.003495202,-0.03310264,0.12404003,0.17722996,0.20462017,0.22240207,0.23853967,0.27874273,0.34730807,0.42378008,0.33988914,0.16230026,0.31605616,0.26730183,0.2522841,0.14355917,0.06849934,-0.02095929,0.11330551,0.18731669,-0.14422709,0.17566586,0.12406545,0.13997892,0.117197394,-0.088971,0.08900925,-0.09596321,-0.17345658,-0.15856521,-0.034466688,-0.10865446,0.1601112,0.20615283,0.10323733,0.005123801,0.12937286,0.0741957,0.17750286,0.014673435,0.21314298,0.27625802,0.032429364,-0.011340968,-0.10818986,-0.027690306,-0.13600744,-0.18862894,-0.016495755,0.036541928,0.046084315,0.028985733,0.058830194,0.026615538,0.07823865,0.04483843,0.04126185,-0.045234267,-0.11556153,-0.10416367,-0.07150904,-0.02090827,-0.05441912,-0.07574656,-0.15477775,-0.29451507,-0.21149233,-0.32965425,-0.36330405,-0.37103134,-0.2882562,-0.34192762,-0.07642727,-0.17804086,-0.13003115,-0.08737151,0.09909397,0.10380877,0.04505911,0.009652245,-0.07513939,0.0060803504,0.08207821,0.013756735,0.09226467,-0.037583575,0.03932624,0.023313453,-0.1533483,-0.08801936,-0.24237674,-0.2162172,-0.2119822,-0.16256171,-0.06292441,-0.074559025,-0.17666222,-0.21187544,-0.23367062,-0.25517935,-0.19678107,-0.16147986,-0.040930506,-0.10271584,0.032186016,0.04440795,0.19499806,0.108358696,-0.036198825,-0.108914845,-0.15114543,0.030997697,0.2459641,0.14037484,0.28572708,0.4700878,0.23290217,0.19242762,-0.054499224,0.40809077,0.34162214,0.103328325,0.12112866,0.105985515,0.046345808,-0.24855761,-0.10372131,-0.1696666,-0.19286083,-0.13321072,-0.023708623,0.043222345,-0.058147006,0.16635095,0.19805868,0.13439323,0.21565013,0.13209671,0.20697808,0.2455758,-0.046422306,0.37231535,0.26830804,0.19700262,0.13898835,0.24001461,-0.02664941,0.020018687,0.12027081,-0.10254786,0.046218827,0.07456471,0.20116878,0.06943659,0.06634876,0.01200309,0.04978524,-0.060383294,-0.09961777,-0.057656106,0.12571454,-0.12241693,0.12451779,-0.03536183,0.14458913,0.17209756,0.10070219,0.11473892,0.029063953,0.15314482,0.042177025,-0.14661829,-0.058954794,-0.033773452,-0.05441586,-0.18337288,-0.09944407,-0.09912844,-0.096042804,-0.17513418,-0.062418897,0.009670639,0.08286683,-0.024069097,0.04585085,0.052272093,0.18719271,-0.040289346,-0.10035289,-0.09710253,-0.03370995,-0.027389608,-0.08860729,-0.07511945,-0.26837406,-0.09569427,-0.33567074,-0.12888181,-0.38286856,-0.052541677,-0.28161222,-0.07739733,-0.12345804,-0.05029764,0.03777194,0.0965588,-0.0056243795,0.012293625,-0.03396621,-0.022052046,-0.09699752,-0.008631317,0.11485161,0.025717774,0.119143285,0.022568101,-0.0030066203,-0.0016363946,-0.066011965,-0.05248732,-0.06993747,-0.07412255,-0.22988836,-0.15700306,-0.12666129,-0.18380629,-0.27492556,-0.28744254,-0.28603613,-0.21564148,-0.068014756,-0.09107029,0.00081751123,-0.05349538,0.10910604,0.13364242,0.11192863,-0.030855095
15,0.0038572839,0.19802411,0.16958155,0.075782955,0.09195388,0.049465697,0.38539678,0.34622398,0.21741277,0.3874028,1.0,0.4949026,0.16069432,0.28768528,0.27385584,0.04455161,-0.30438152,-0.068659194,-0.36624065,-0.19143778,-0.20270297,-0.11697757,0.25413886,0.35150743,0.43758157,0.24342616,0.2892694,0.27305374,0.2939969,0.3374148,0.2842126,0.10932757,0.27964342,0.23626083,0.21158604,-0.026494898,-0.09529309,-0.14080752,-0.074888416,0.03970652,-0.23856013,-0.07321865,0.12216241,0.22831725,0.31152466,-0.027861943,0.17850286,-0.08664778,-0.18673092,-0.15137297,-0.15458743,-0.22063696,0.2326437,0.11130413,-0.117446676,-0.11092316,-0.101086296,-0.1632968,-0.064041704,-0.21140425,-0.07135846,0.101891026,-0.159448,-0.064804345,-0.17542547,-0.031439856,-0.1592606,-0.052210428,-0.09188808,0.14082006,0.23148124,0.07682203,0.16444902,0.1278879,0.11985659,0.020278381,0.14802475,-0.015746493,-0.2083631,-0.15766503,-0.22719817,-0.20068048,-0.23096104,-0.24599376,-0.17231993,-0.32789785,-0.086533,-0.2503556,-0.26533255,-0.30073076,-0.383393,-0.2569698,-0.15611139,-0.30033964,-0.22163962,-0.25287753,-0.089614294,-0.039028645,-0.107337765,-0.017644685,-0.27235466,-0.16192989,0.0043355934,0.06372093,0.105761975,0.08006857,0.22265317,0.1060276,-0.03955018,-0.04607623,-0.19290534,-0.23570423,-0.26009777,-0.23397,-0.13937488,-0.09004666,-0.08559038,-0.10877965,0.03241706,0.004253508,0.05112671,0.0702903,0.16310415,0.14611053,0.250969,0.21233004,0.32649902,0.15680377,-0.023792394,-0.0024414356,0.06822061,0.23025307,0.013837469,0.07676912,0.18428141,0.40804955,0.36266536,-0.114301845,0.22232017,0.42475292,0.5329459,0.2858864,0.29058135,0.18719333,0.10237399,-0.17164873,-0.2492232,-0.11253978,-0.14741845,-0.30033138,-0.19723575,0.073863216,-0.041904327,0.29705054,0.4483251,0.25973725,0.29957917,0.22803086,0.17668234,0.2377078,0.049508885,0.3526714,0.2300687,0.1618592,0.050293703,0.11214583,-0.1359979,-0.15315624,0.13887765,-0.12148479,0.034735497,0.084776,0.37828797,0.09553362,0.13202,0.06588048,0.117603935,-0.05296903,-0.11638703,-0.014375403,0.0505174,-0.09929593,0.14518562,-0.0313873,-0.15089959,-0.070613354,-0.12740752,-0.12929899,-0.16902971,-0.05050186,-0.07317675,-0.26751626,-0.10168882,-0.025504028,-0.13588145,-0.21601738,-0.12386695,-0.08455734,-0.013593436,-0.13628718,-0.012527037,0.042929392,0.12422661,-0.011836033,0.09317422,0.09071159,0.17733526,-0.072715916,-0.18171407,-0.16806616,-0.22072957,-0.1547371,-0.12533088,-0.0043494618,-0.2955985,-0.21855557,-0.22714928,-0.06065206,-0.42469668,-0.049079932,-0.2525515,-0.11610461,-0.1009689,-0.20660843,-0.06959612,-0.042008743,-0.04714058,-0.15291487,-0.23092878,-0.23348534,-0.23965971,-0.10585652,0.025145406,0.030966703,0.08405364,0.1957589,0.16609654,0.06917481,0.032009676,-0.033982366,-0.044852354,-0.102117576,-0.23109382,-0.2440823,-0.23127402,-0.08282903,-0.096969604,-0.13941906,-0.055428658,-0.04586104,0.14189239,0.10831342,0.24030271,0.08344913,0.27987415,0.11594508,0.05428701,-0.015840407
16,-0.02708156,0.20370656,0.16401565,0.05681188,0.10950583,0.022684261,0.3265526,0.29057962,0.2994014,0.33957312,0.4949026,1.0,0.03825936,0.28405714,0.23591697,0.009999629,-0.342804,-0.07430627,-0.33482403,-0.177929,-0.2619229,-0.08117061,0.20712289,0.36394113,0.59879637,0.2212102,0.25364494,0.23159686,0.21199976,0.27947867,0.18164939,0.05233071,0.20778276,0.15196602,0.13880779,-0.13143583,-0.19258413,-0.2627645,-0.17183183,-0.049351368,-0.31359708,-0.124865584,0.06999515,0.16913116,0.32714075,0.003828845,0.1861536,-0.019336972,-0.1828443,-0.229293,-0.16864924,-0.21773377,0.18425411,0.060329825,-0.23088425,-0.18403387,-0.19122063,-0.25928482,-0.10792861,-0.2695591,-0.12645744,0.08517771,-0.1607673,-0.075452164,-0.17354877,-0.011727605,-0.14575106,-0.064890325,-0.041747626,0.12838846,0.21640158,0.07684818,0.2220122,0.16211098,0.16683932,0.05131993,0.1933856,0.0062901923,-0.21867257,-0.13317096,-0.25124988,-0.19301307,-0.22853585,-0.20776275,-0.13829069,-0.28516224,0.0062362934,-0.15305418,-0.16640657,-0.2271496,-0.33803618,-0.17965278,-0.22673218,-0.248576,-0.17574695,-0.23141421,-0.113270156,-0.07255036,-0.13143605,-0.04843289,-0.28431383,-0.17558976,-0.039413482,0.08628305,0.10576718,0.116201885,0.25299084,0.15477556,0.04727031,0.03308346,-0.12778841,-0.20552157,-0.2176751,-0.24743386,-0.1186893,-0.0047897296,0.009577203,-0.018290887,0.08402149,0.076869056,0.15727137,0.17191719,0.20334183,0.24080233,0.3221227,0.29419893,0.3747367,0.17593351,-0.0001601602,-0.0039067026,0.028496943,0.23962666,-0.006499224,0.06505944,0.13898532,0.3205848,0.29855287,-0.031072525,0.19757703,0.62084377,0.84528315,0.43663386,0.29994553,0.16380882,0.063869454,-0.16904502,-0.2583308,-0.11737203,-0.12813273,-0.25403032,-0.24765128,0.04108069,-0.11367036,0.29909563,0.4859549,0.33864394,0.23596872,0.18260443,0.14717627,0.18765007,0.06763088,0.15964143,0.1326518,0.16483463,-0.018667247,0.069298334,-0.2556661,-0.26684597,0.083014034,-0.2044321,0.007213274,0.056032624,0.34598288,0.118830234,0.13881311,0.033664152,0.14871994,0.014068048,-0.078227796,0.013680833,0.042562947,-0.113647416,0.10822708,-0.014016924,-0.2188114,-0.15120023,-0.22937147,-0.19705717,-0.22035706,-0.100149795,-0.07455846,-0.2584823,-0.07026345,-0.042728294,-0.10059851,-0.21574849,-0.1236412,-0.11512893,-0.038820103,-0.15649772,-0.002290479,0.05329798,0.10002256,0.026502574,0.10428128,0.20291339,0.19240052,-0.045291115,-0.21080126,-0.17408913,-0.22518478,-0.13200286,-0.08084814,0.008389403,-0.27060452,-0.21223919,-0.14131947,0.010278453,-0.39104187,-0.011283585,-0.19527838,-0.10581282,-0.071751736,-0.19429603,-0.044666793,-0.08612515,-0.056151118,-0.16397536,-0.24608928,-0.23360957,-0.26373765,-0.13542828,0.00538704,0.037532628,0.05972021,0.23122606,0.1791909,0.12572627,0.064037874,-0.03886737,-0.0030934014,-0.1044368,-0.18161125,-0.24393062,-0.20981751,-0.006084821,0.0018889473,-0.09765,0.018271234,0.017638145,0.23806863,0.21979882,0.29594895,0.17021008,0.3418498,0.13595718,0.07086738,0.0096577965
17,-0.09284902,-0.08031625,0.12705468,0.068275616,0.015868535,0.040281303,0.34548944,0.18896331,0.18048742,0.13500352,0.16069432,0.03825936,1.0,0.2390171,0.15071023,0.028164487,-0.14917086,-0.18799125,-0.3274709,-0.2636903,-0.032609243,-0.077714585,0.17374045,0.31685665,0.14063992,0.04883802,0.095316224,0.058113337,0.1964232,0.14112437,0.25244126,0.1264224,0.29476154,0.27829736,0.29843226,0.23057884,0.20934346,0.13572611,0.078839116,0.16287152,-0.11595905,0.18519194,0.22377425,0.18591842,0.19179082,-0.07376483,0.07552069,-0.22313006,-0.22584695,0.026596371,-0.10290295,-0.06642883,0.05826099,0.24942283,0.16934636,0.103233986,0.18796672,0.12562251,0.13939874,0.0138518335,-0.009293919,0.16140312,-0.052364536,-0.058659684,-0.11623785,0.013764305,-0.108641155,-0.070515625,-0.0746961,-0.007030801,0.14760952,0.0438615,0.23575953,0.09957656,0.07832918,0.04060423,0.049941245,-0.022023646,-0.074661545,-0.14055105,-0.15507655,-0.07939445,-0.14854413,-0.08739223,-0.11498939,-0.21068941,-0.103777975,-0.29200256,-0.21537274,-0.28995284,-0.27282867,-0.27523962,-0.1410894,-0.16834112,-0.11043093,-0.16019608,0.011772834,0.08491703,0.019866167,0.016450264,-0.1953131,-0.10030168,0.033588037,0.11637796,0.11161177,0.048873566,0.19967407,0.102194786,-0.056773666,-0.10190978,-0.17100747,-0.22801198,-0.24549018,-0.10265298,-0.18217058,-0.18399158,-0.21066815,-0.21279132,-0.046972737,-0.08563808,-0.055133168,-0.030188397,0.06486414,0.022812689,0.18758106,0.11082493,0.23089729,0.020940308,-0.08862372,-0.013968177,-0.03717551,0.14279135,-0.029868748,-0.056056198,0.09130614,0.35091397,0.24129382,-0.100302726,0.03354032,0.1607889,0.12614235,0.3420492,0.2675342,0.13698299,-0.003662161,-0.06292509,-0.12290896,-0.23199019,-0.10227342,-0.2715764,0.09224026,0.06477248,0.024411704,0.2985426,0.30701113,0.13884833,-0.00561631,0.086498134,0.015476482,0.14072426,-0.034261454,0.1274692,0.24579763,0.107295565,0.13194133,0.21829359,0.12648244,0.07377989,0.14777161,-0.0680343,0.14766784,0.13632677,0.27056104,-0.024760827,0.104096256,0.10935086,-0.0847884,-0.24611594,-0.092736244,-0.06517234,0.10315968,-0.042263262,0.1304459,-0.028235937,0.05558513,0.15584303,0.16636334,0.112249084,0.0540162,-0.046156753,0.12851946,-0.15950629,-0.028723978,0.004727608,-0.05636922,-0.13301998,-0.18189265,-0.020644234,0.033795256,-0.1244488,-0.07470056,0.03466336,0.20674771,0.024476387,0.05029111,0.011403744,0.109257184,-0.06253887,-0.0687536,-0.08393617,-0.11509211,-0.07916638,-0.08791296,-0.060544252,-0.19915555,-0.1219079,-0.22282915,-0.21207368,-0.17950073,-0.17373188,-0.18410507,-0.06573903,-0.068872266,-0.12305922,-0.0052724387,-0.0023359992,0.017242558,-0.029634973,-0.10286794,-0.14618126,-0.17350242,-0.072173156,0.06242273,0.07429947,-0.043078706,0.16391699,0.13268459,0.08647082,-0.019671971,0.013322419,0.007819654,-0.024111098,-0.23836723,-0.16506946,-0.15318786,-0.21346757,-0.15509292,-0.19344667,-0.12769277,-0.12531826,0.046103638,-0.03769132,0.18681741,0.016520383,0.1925914,0.04959468,0.00754168,-0.10590198
18,0.17781167,0.11678153,-0.08820592,-0.10611835,-0.005416344,0.075380415,0.18071312,0.05640236,0.13433123,0.09047534,0.28768528,0.28405714,0.2390171,1.0,0.86839616,0.39901495,-0.4673085,-0.028598089,-0.23747966,-0.13128147,-0.022250207,0.2502346,0.6940786,0.6663742,0.38285425,0.058259103,0.07172869,0.018123304,0.044602,0.007135295,0.018404705,-0.018995775,0.03453634,-0.0005329093,0.036201894,-0.13484873,-0.1362028,-0.060827166,-0.18635847,-0.10778182,-0.16612974,-0.00014651175,0.15848586,0.24651808,0.39877254,-0.013922996,0.18011989,-0.08251392,-0.20130575,-0.082477435,-0.21023743,-0.22183605,0.0752625,-0.019055951,-0.12766068,-0.0050392468,-0.19682907,-0.24327037,-0.22729385,-0.30045933,-0.21197869,-0.011685959,-0.18911865,-0.0804632,-0.19240601,0.039746888,-0.14770845,0.021452352,-0.07310102,0.44931275,0.7868402,0.4082605,0.6602495,0.4670906,0.31861696,0.12818973,0.2486824,0.075333394,-0.21957818,-0.17088765,-0.29074353,-0.19155389,-0.2868506,-0.15150931,-0.107627675,-0.14070842,0.09096104,-0.018352544,0.007201785,-0.045815706,-0.2598766,-0.07541902,-0.031249579,-0.32444826,-0.22245859,-0.3073677,-0.222437,-0.061590806,-0.14080212,-0.06835618,-0.4031875,-0.39751709,-0.22703202,-0.053874236,0.015901785,0.07625864,0.24919012,0.1783144,-0.013943064,-0.023248231,-0.1913976,-0.25096118,-0.29843456,-0.23150198,-0.17541867,-0.17544273,-0.11800254,-0.069533475,0.19338109,0.20809923,0.20354225,0.21201697,0.2882669,0.28458744,0.2602129,0.2655046,0.2233391,-0.0005457824,-0.10529474,0.020967502,0.14536083,0.17533295,-0.10053461,-0.06804317,0.08006441,0.18207598,0.18278672,-0.07386273,0.092015095,0.20697126,0.36800942,0.60064024,0.9088678,0.34099466,0.21690749,0.23832826,-0.4185091,-0.12715283,-0.103652574,-0.33231825,-0.029646628,0.050247416,0.070018545,0.537854,0.48305047,0.28557208,0.038912836,0.05317856,-0.0046346714,0.07219149,0.0111929765,0.08669504,0.007851758,0.0075957174,-0.099128105,-0.0016307401,-0.048893828,-0.13853757,-0.001604315,-0.11277089,0.05510515,0.12094758,0.4399762,0.04253485,0.090897806,0.08491702,0.102486,-0.08736681,-0.0903909,0.08642105,-0.018764144,-0.08791978,0.11966628,0.015879095,-0.1287175,-0.080409616,-0.19933277,-0.2560608,-0.27934986,-0.19817352,-0.07900265,-0.26452154,-0.038273294,-0.05109276,-0.10012277,-0.17147546,-0.109677,-0.061528295,0.01851058,-0.00865786,0.18241566,0.27625036,0.36729574,0.20999072,0.25386822,0.22055069,0.14686307,-0.050706424,-0.21304873,-0.15271787,-0.27474153,-0.19393021,-0.06916626,0.043971486,-0.1450134,-0.23339048,0.03247727,0.03130577,-0.2206023,-0.13281463,-0.12594306,-0.16718721,-0.033235088,-0.32077998,-0.12946185,-0.22934933,-0.0552746,-0.2042899,-0.32590488,-0.3864302,-0.35661393,-0.22437777,-0.22585116,-0.123813264,-0.0073706857,0.22169335,0.2256085,0.095890634,0.16080847,-0.09095643,-0.008223962,-0.15026529,-0.23950629,-0.29113615,-0.2608489,-0.11764662,0.039647527,0.046593565,0.16200975,0.078298606,0.17431414,0.17721833,0.29187784,0.21394767,0.2610239,-0.027560176,-0.11363935,-0.102935724
19,0.19082688,0.13181488,-0.03366139,-0.049636446,0.071155146,0.12765582,0.17360319,0.09468015,0.10636065,0.08606969,0.27385584,0.23591697,0.15071023,0.86839616,1.0,0.5414047,-0.46729025,0.068105444,-0.20335792,-0.1207991,-0.06319697,0.29886493,0.72775793,0.56987166,0.3229564,0.050788045,0.08629548,0.050617702,0.060183465,0.0300002,0.038965274,-0.019813325,0.046940163,0.0026032059,0.04248919,-0.17866956,-0.18947326,-0.14046422,-0.23838666,-0.12847713,-0.16380389,-0.034124065,0.14212498,0.20147684,0.32964632,-0.05035331,0.17311993,-0.068443045,-0.20290957,-0.13608022,-0.22522779,-0.27272317,0.08595819,-0.015052944,-0.17608795,-0.038978647,-0.2384016,-0.28305882,-0.23481525,-0.33252016,-0.20839985,-0.040563006,-0.18209006,-0.08736131,-0.16151911,0.05103383,-0.11444159,0.04406231,0.0014564734,0.5239985,0.7563803,0.36915663,0.51011205,0.47751766,0.34552622,0.1295096,0.27288705,0.09484079,-0.17834578,-0.15171215,-0.23774679,-0.13903098,-0.25440225,-0.12593277,-0.0825684,-0.12234798,0.11189562,0.012506606,0.03127476,-0.0175018,-0.22429447,-0.07513176,-0.049372155,-0.30002654,-0.20315802,-0.27099168,-0.2142484,-0.06697439,-0.12694153,-0.06537267,-0.36902758,-0.3873491,-0.24144398,-0.104660474,-0.029524548,0.07786926,0.2204887,0.15963404,-0.07665584,-0.04970476,-0.215111,-0.29035175,-0.31440207,-0.27385595,-0.21646485,-0.1813615,-0.12783809,-0.077155024,0.21216854,0.21173911,0.20435578,0.2202498,0.287787,0.29482883,0.25078523,0.25765494,0.21995497,0.021204963,-0.08176487,0.00969044,0.1365173,0.19460112,-0.032439716,-0.012507688,0.13307989,0.18570542,0.16543531,-0.080535166,0.08829896,0.15918761,0.29709205,0.42472434,0.7393189,0.26249722,0.2888113,0.2828004,-0.39393264,-0.0391951,-0.060025103,-0.31116644,-0.06762558,0.088986106,0.09083578,0.46672755,0.41911,0.24160491,0.054952875,0.061343953,0.027955158,0.073601194,0.02601739,0.10104513,0.025531977,0.028320314,-0.08329062,-0.007138559,-0.12416506,-0.20642658,0.008782653,-0.096598074,0.062151704,0.10142494,0.3926964,0.06300346,0.055086784,0.08219871,0.12616427,-0.07413089,-0.08560569,0.123869024,-0.06585078,-0.12133353,0.06508384,0.020011095,-0.120149955,-0.11235317,-0.24443904,-0.27509856,-0.30987564,-0.17445238,-0.13163477,-0.2569789,-0.05165931,-0.041052613,-0.07728517,-0.18754764,-0.113167636,-0.060670868,0.058566697,0.06808527,0.25071093,0.24743974,0.30361277,0.22739871,0.29042587,0.21665362,0.16185465,-0.03966097,-0.17148185,-0.11594462,-0.22408998,-0.18139692,-0.062802374,0.06873353,-0.1324944,-0.21151656,0.060333334,0.05241654,-0.21275404,-0.12564844,-0.10417123,-0.17653048,-0.02061588,-0.29964674,-0.11825611,-0.22113426,-0.034117553,-0.18354952,-0.3111448,-0.3634885,-0.34171614,-0.22630899,-0.23891862,-0.17223105,-0.009504594,0.20240329,0.19083023,0.089120924,0.11022262,-0.11180216,-0.045227867,-0.2038474,-0.2727237,-0.31770444,-0.29844534,-0.12344247,0.020716157,0.039404966,0.16342372,0.085273676,0.17100345,0.20011814,0.27963755,0.21495113,0.25223994,-0.0054697176,-0.08626283,-0.103315026
20,0.22420923,0.1433898,-0.0734666,-0.08970109,0.03223557,-0.01219544,0.023677485,0.043807607,-0.017418832,-0.08965767,0.04455161,0.009999629,0.028164487,0.39901495,0.5414047,1.0,0.10393251,0.1970492,0.0061923373,-0.0685596,-0.034034852,0.3239244,0.3688264,0.23054492,0.07012673,-0.086252995,-0.054209992,-0.067151636,-0.018472847,-0.0804183,0.0101715885,-0.039063975,0.084159054,0.051938694,0.054205347,-0.08333679,-0.09830541,-0.082114115,-0.16654372,-0.08669023,-0.11887122,0.0354072,0.10608196,0.100168,0.08097647,-0.068180844,0.110912934,-0.08598626,-0.079376295,0.072760284,-0.021222973,0.0079295365,-0.014919328,0.095688336,-0.032467727,0.06847909,-0.05376577,-0.040172048,0.011063864,-0.06270286,-0.018185085,0.0953607,0.028925136,-0.06417815,0.05714795,0.14467214,0.019885525,0.20208082,-0.01972177,0.37098548,0.34609985,0.2908514,0.104014196,0.08974227,0.032659315,-0.007351084,0.115326256,0.029938798,0.03202765,-0.06097824,-0.041960694,0.027357372,-0.029948322,0.033119567,-0.020753153,-0.025883153,0.03798728,-0.03577066,0.04805191,-0.00025853637,-0.08063113,-0.04676773,-0.14894818,-0.17995591,-0.16501404,-0.13362351,-0.0650856,0.023589728,0.05132967,0.031919517,-0.18488012,-0.1958509,-0.15933493,-0.11556553,-0.03747446,0.059631284,0.046468016,0.012209829,-0.23207313,-0.12908828,-0.24844164,-0.26610357,-0.22641468,-0.12657239,-0.28045633,-0.24118787,-0.2446701,-0.23558444,0.08539689,0.061628263,0.037168376,0.055268228,0.08697866,0.085927054,0.06807865,0.06174649,0.036847748,-0.0759745,-0.10719743,-0.012986046,0.17606789,0.20537938,-0.10206315,-0.029988293,-0.051798526,0.031598255,0.09551563,-0.25886348,-0.035160556,-0.073307894,0.039574966,0.14195132,0.3465287,0.11592977,0.2803165,0.40584692,0.15638745,0.15683104,0.12751226,-0.11944536,-0.0042899246,0.112981305,0.14991178,0.25697818,0.15276065,0.052941784,-0.020504275,-0.045726933,-0.07448505,0.010178756,-0.022428889,0.051071078,0.023917744,0.028616542,0.06143455,-0.05119628,-0.076000124,-0.12871464,0.061093133,-0.11827892,0.08210923,0.06049088,0.15900767,0.04400568,0.019736245,0.015313087,-0.05108521,-0.122192174,-0.031413116,-0.04308746,0.0050749565,0.047450844,0.06128907,0.051598866,-0.1024258,0.040280364,-0.051351335,0.005296402,-0.06957786,-0.060101125,0.07580207,0.03733155,-0.004881274,0.0704226,0.08877725,-0.072769664,-0.01583332,0.10445487,0.1491165,0.20496367,0.4369968,0.219286,0.09670706,0.019253954,0.012131437,0.07069309,0.0315306,0.04875259,0.050346047,0.008330931,-0.014605181,-0.04363172,-0.003254843,-0.004698945,-0.0449536,-0.05815149,0.053219642,-0.12178387,0.011484611,-0.2200497,-0.117199674,-0.13686262,-0.049802206,-0.19541894,-0.10543489,-0.06908546,0.008056346,0.030964598,-0.039731152,-0.14202498,-0.20079717,-0.122526005,-0.13213189,-0.16036391,-0.05158747,0.047105893,0.031010937,0.01269792,-0.0657657,-0.12330087,-0.09072463,-0.19392028,-0.26075923,-0.181896,-0.2419383,-0.22081243,-0.14416783,-0.09257884,0.024672817,-0.023169264,0.024696669,0.034588028,0.08836221,0.071849205,0.054281864,-0.0458372,-0.07261312,-0.11612064
21,-0.12699974,-0.12650123,-0.040420692,0.00030580824,-0.01722547,-0.09983335,-0.25662997,-0.0679219,-0.15985917,-0.15421352,-0.30438152,-0.342804,-0.14917086,-0.4673085,-0.46729025,0.10393251,1.0,0.14803144,0.38787884,0.23932442,0.3158318,0.13171029,-0.29108986,-0.31610507,-0.37835068,-0.112977184,-0.22608055,-0.20165366,-0.1987773,-0.21052527,-0.14207858,-0.06599044,-0.08561115,-0.055215888,-0.07581455,0.18973939,0.19751285,0.24001321,0.26408973,0.10747937,0.19403045,0.22267582,-0.06483706,-0.07091402,-0.28414682,-0.0068316367,-0.16184665,-0.035496186,0.10672336,0.18857393,0.3304566,0.38656873,-0.12888321,0.0634712,0.26682425,0.20385483,0.26586136,0.35590664,0.30682582,0.4260497,0.3719282,0.19005485,0.33986905,0.12422156,0.23356569,0.075127035,0.1804862,0.22948223,-0.016528148,-0.3508497,-0.43262228,-0.061683405,-0.35531744,-0.3573491,-0.28021696,-0.09931219,-0.19488771,-0.12351223,0.14947858,0.069570445,0.20176533,0.14563951,0.23507436,0.1505165,-0.0064572487,0.05634391,-0.24208695,-0.080390885,-0.107094675,-0.024004256,0.2157241,-0.013853578,0.083486445,0.14037366,0.029726045,0.13579217,0.14447336,0.034849796,0.18235108,0.10806378,0.3812138,0.32391122,0.1849124,-0.05297472,0.0023787008,-0.12169083,-0.37833485,-0.23032728,-0.19541499,-0.07623265,-0.000698084,0.17687178,0.22207685,0.26940727,0.14705317,0.050166856,-0.077905476,-0.1280183,-0.28860652,-0.3196626,-0.3592522,-0.36725107,-0.3747023,-0.4293416,-0.4461654,-0.39294752,-0.38326555,-0.19687523,-0.03841733,-0.13415502,-0.11657562,-0.09714705,0.028668925,0.03825531,-0.13242489,-0.22648025,-0.20763496,0.10067854,-0.15526022,-0.2563405,-0.38192412,-0.35416695,-0.40197372,-0.17789522,0.04207161,-0.084272586,0.80823106,0.3315881,0.18868844,0.37475282,0.29030466,-0.09676724,0.05144421,-0.25222898,-0.40350872,-0.26262674,-0.09229841,-0.12813722,-0.1477652,-0.13351025,-0.082902,-0.0811189,-0.1115935,-0.075604305,0.13713267,-0.10952943,0.23910612,0.2820055,-0.07809368,0.04160249,-0.035870314,-0.07004638,-0.27984056,-0.0676302,-0.06186091,-0.06288795,-0.20998824,0.0058739926,0.024310015,-0.26392114,0.15189669,0.23781407,0.04011614,0.061938025,0.29120284,0.29663506,0.29061604,0.37862143,0.32598323,0.2633905,0.21168841,0.37397078,0.0075263483,0.09009777,0.17071286,0.1913251,0.17383638,0.07235156,0.068153664,0.1817498,-0.07627041,-0.008085494,-0.18820919,-0.16429079,-0.28220573,-0.087414615,-0.03133323,-0.0010466768,0.17440519,0.05974361,0.20607242,0.1285002,0.028337926,-0.100242734,0.078707844,0.16799481,-0.060711097,-0.17227972,0.16249992,0.034609597,-0.009181836,0.06669953,-0.01608653,0.09282026,-0.041536923,0.18010716,-0.034273595,0.26667506,0.36991864,0.36133072,0.36151585,0.15291244,0.14321002,0.02806216,0.005379965,-0.3530041,-0.33074802,-0.21120194,-0.20113167,-0.0299241,0.028525708,0.0981452,0.13135566,0.2985861,0.23788671,-0.06838452,-0.22391424,-0.121865444,-0.26033363,-0.18530913,-0.3486953,-0.349151,-0.45109376,-0.28507283,-0.39876238,-0.12186821,0.00065203616,-0.058954187
22,0.18707074,0.023727736,-0.21966805,-0.12548955,-0.014618433,-0.08370676,-0.3895355,0.02639956,-0.22858378,-0.19168465,-0.068659194,-0.07430627,-0.18799125,-0.028598089,0.068105444,0.1970492,0.14803144,1.0,0.35602835,0.26674482,-0.12474734,0.13122033,-0.040893782,-0.10180463,-0.0010438303,-0.19198133,-0.01826547,0.0073554693,-0.18828166,-0.15702933,-0.23665303,-0.119304046,-0.3739168,-0.36252183,-0.32144332,-0.45350322,-0.40130824,-0.29664174,-0.40437007,-0.39962915,0.006258556,-0.33026683,-0.24611712,-0.15691854,-0.024239633,0.102316126,-0.14678723,0.09299627,0.085165225,0.013119243,-0.08443222,-0.1073877,0.028383452,-0.35137022,-0.45486653,-0.24474931,-0.4683599,-0.4103355,-0.33382344,-0.24437003,-0.18642509,-0.42279485,-0.14779364,-0.050482728,-0.07335575,-0.07765158,0.024327017,0.16966014,0.06532397,0.0618971,0.00030544618,0.075612694,-0.14988802,-0.06260436,-0.10553826,-0.075664714,0.05361502,0.1587009,0.0025072475,-0.019920297,0.07686008,-0.1280605,-0.039193526,-0.11713187,0.07260493,0.08571405,0.2008296,0.39204013,0.25080717,0.35957038,0.25274026,0.30938154,0.103076935,0.053256333,0.018681575,-0.0727512,-0.23235784,-0.21003294,-0.15399821,-0.08510913,0.07024812,-0.05724171,-0.12587659,-0.05943861,-0.120646045,0.118841015,0.03695739,0.029940896,0.11653033,0.030048454,0.21664043,0.19173077,0.2195864,0.085455395,0.087439075,0.17752276,0.27562597,0.30236912,0.3697087,0.34237143,0.32583264,0.28016508,0.14158364,0.24602747,0.045808874,0.075851016,-0.10921081,-0.03477053,0.038688205,0.0014603728,0.082243964,0.025479292,-0.046195034,0.024096726,-0.11076131,-0.29076877,-0.21473621,-0.0069464413,-0.03987617,-0.21401563,-0.12833294,-0.037638124,-0.079452,-0.13599366,0.14746736,0.13771845,0.124173455,0.95265746,0.123515055,0.17139457,-0.15660788,-0.0036431353,0.067921594,-0.13297153,-0.101858996,0.018457927,-0.044693146,-0.022054356,0.03674465,-0.106391445,0.120730825,-0.14243717,-0.21083368,-0.16546051,-0.2457779,-0.33760402,-0.2576439,-0.3685686,-0.24893118,0.016363682,-0.17931753,-0.14480424,-0.140963,-0.05514657,-0.06943125,0.0016051097,0.09362536,0.10170643,0.006240258,0.14106898,-0.28250915,0.016720694,-0.16541699,0.019683383,-0.19320503,-0.40524176,-0.45445707,-0.3486697,-0.30670416,-0.051658347,-0.3747082,-0.08710862,-0.12527218,-0.042955004,-0.10814161,0.14643054,0.03178289,0.04726702,0.11289571,0.12987581,0.14701179,0.04365986,-0.058232397,-0.010749529,-0.12381801,-0.0053889356,-0.10340879,-0.042261865,0.042828303,-0.037459064,-0.058762923,0.0021885734,-0.047300126,0.11411873,0.081501886,-0.103883535,0.3047816,0.35045394,0.10963236,0.17609783,0.30145267,0.066706054,0.11119328,-0.14504412,-0.16885027,-0.1516257,-0.10163342,-0.12973133,-0.116345845,-0.06030962,0.10438206,-0.062606126,-0.17103304,-0.05016313,-0.00059381424,0.06059503,0.050977144,0.043612372,0.09214313,0.039782576,0.06723063,0.049690373,0.22038619,0.12546128,0.07770888,0.2769761,0.30762386,0.36827922,0.37037182,0.32790318,0.15674892,0.23698547,0.077072024,0.15756747,-0.020100225,-0.07289372,-0.100562975,-0.03141255
23,0.11448282,-0.09168226,-0.31954768,-0.21273704,0.03085806,-0.012183944,-0.5607576,-0.2367578,-0.36732593,-0.2662174,-0.36624065,-0.33482403,-0.3274709,-0.23747966,-0.20335792,0.0061923373,0.38787884,0.35602835,1.0,0.5679717,0.2903771,0.2907502,-0.15223332,-0.27889794,-0.3047133,-0.21480224,-0.2795104,-0.22717215,-0.41317606,-0.3965931,-0.50480396,-0.2426414,-0.5510401,-0.51164,-0.49836385,-0.31183645,-0.21091796,-0.08202843,-0.17507787,-0.28332978,0.30226746,-0.13026784,-0.3130859,-0.22417656,-0.21167919,0.17140128,-0.2982386,0.10074835,0.18636228,0.075097784,0.14782333,0.20389155,-0.16012456,-0.40027404,-0.16971926,-0.07147224,-0.23180713,-0.09818531,-0.18555143,0.084384024,0.11404658,-0.2123676,0.12449705,0.037998863,0.11613321,-0.098563455,0.14179368,0.032251857,0.025079954,-0.09039762,-0.21672013,-0.011177942,-0.26574942,-0.2059696,-0.27033165,-0.13028483,-0.21436296,0.033093337,0.112686224,0.17144601,0.2697746,0.0835481,0.19769622,0.15811212,0.15636694,0.31367865,0.0928515,0.4366651,0.33184525,0.4750465,0.52538383,0.4275305,0.3200611,0.2880138,0.19430137,0.21310735,-0.039855924,-0.10436598,-0.0061308937,-0.0089984415,0.30415145,0.14122196,-0.07244002,-0.13928142,-0.17815502,-0.029954175,-0.2670873,-0.14129077,0.08900222,0.1000111,0.2904957,0.38735393,0.38767827,0.29099298,0.25417247,0.20158486,0.25318575,0.2774123,0.121236324,0.1711574,0.047423515,0.0019306161,-0.080651924,-0.10154899,-0.36899003,-0.26879287,-0.469283,-0.16139701,0.016497897,-0.08373653,-0.019384893,-0.17185499,-0.031568013,0.04721407,-0.12641351,-0.5069546,-0.43037364,0.23531246,-0.18268777,-0.34719267,-0.39883974,-0.21758927,-0.2356804,-0.19112037,-0.024463708,0.29912487,0.31504855,0.4483417,0.44075564,0.6396583,0.15371929,-0.098341145,0.07253754,-0.2933929,-0.39499348,-0.17193402,-0.20793958,-0.20056857,-0.09877302,-0.31558084,0.034436237,-0.2727734,-0.46149045,-0.26821277,-0.18475643,-0.36443156,-0.06772708,-0.07688886,-0.30830407,0.14559403,-0.20837201,-0.2172339,-0.38304573,-0.121478155,-0.14263834,-0.07146013,-0.08266702,0.172995,0.06153569,-0.08516591,-0.14039937,0.16955015,-0.14934795,0.099764064,0.08557189,-0.13066241,-0.17090279,-0.094823346,-0.04298983,0.16575934,-0.14271083,0.24813312,-0.012935843,-0.016031437,0.07395055,0.25379738,0.14337498,0.0034830477,-0.03259516,0.058152404,0.08293632,-0.0028319226,-0.11963935,-0.07685939,-0.25058216,-0.16508622,-0.2829611,0.025456145,0.110998064,0.07789858,0.14193399,0.13533427,0.06870405,0.08510561,0.2832795,0.15567474,0.37471586,0.23731515,0.35527006,0.18660848,0.36318758,0.10431391,0.10492719,0.16095789,-0.02638071,0.0010254692,-0.03842222,0.06820146,0.18283324,0.1954152,0.3058516,0.100412086,-0.11310319,-0.09267539,0.004275015,-0.22046588,-0.14395423,-0.08730074,0.059884552,-0.04830307,0.12512876,0.1332875,0.3830529,0.32419267,0.28559783,0.25388968,0.2263139,0.3345382,0.23992357,0.19057247,-0.1339716,-0.03608938,-0.33996207,-0.098053426,-0.37957257,-0.16033824,-0.11565161,-0.0039976984
24,0.042107053,-0.046469722,-0.20309359,-0.09874526,-0.06664846,0.0075161327,-0.34586215,-0.13894883,-0.23657428,-0.1050544,-0.19143778,-0.177929,-0.2636903,-0.13128147,-0.1207991,-0.0685596,0.23932442,0.26674482,0.5679717,1.0,0.38482043,0.18397409,-0.07177716,-0.12203572,-0.1827111,-0.058244374,-0.15779786,-0.1307107,-0.28846192,-0.2432674,-0.34124884,-0.16430672,-0.4111072,-0.38506657,-0.37664717,-0.2631237,-0.22576764,-0.17951973,-0.07891445,-0.20411302,0.15254669,-0.09010387,-0.26802686,-0.13930218,-0.03536268,0.20918015,-0.20365036,0.2288858,0.16080785,-0.08959407,0.15992373,0.09028315,-0.054052353,-0.37206125,-0.13090377,-0.17012145,-0.24850745,-0.17992625,-0.19499435,-0.052546967,0.11632524,-0.1576964,0.07299284,0.025395852,0.087280266,-0.023374671,0.10005489,0.03404088,0.014521228,-0.07954526,-0.07702668,-0.055229828,-0.05456785,-0.0024278082,-0.017489573,-0.02145839,-0.06999445,-0.0033877995,0.05693597,0.11687802,0.28955224,0.105938755,0.19165893,0.10414026,0.10850154,0.18380232,0.028964762,0.35256934,0.20034702,0.34994286,0.42982385,0.32688013,0.28150642,0.26289323,0.2264337,0.27905783,0.046371385,-0.05396837,-0.013938222,-0.03685981,0.29576266,0.20754482,-0.002964969,-0.19337875,-0.188544,-0.14288886,-0.32926208,-0.18382928,0.004144985,0.03288483,0.25573295,0.48967457,0.5025172,0.3781058,0.370006,0.29914546,0.32490122,0.2445373,-0.11574814,-0.07501047,-0.022491438,-0.095228925,-0.18378797,-0.15712456,-0.38345402,-0.2794377,-0.37557074,-0.014901343,0.06264049,-0.126458,-0.085659385,-0.2653348,0.09654155,0.07755725,0.0022667195,-0.299625,-0.29194304,0.28867128,-0.11370803,-0.15353501,-0.21884857,-0.05757908,-0.13358581,-0.15298508,-0.021165602,0.10493684,0.19264787,0.36238992,-0.011038743,0.7218768,0.21553677,-0.15053463,0.051377803,-0.19253525,-0.23325245,-0.09482686,-0.07500097,-0.13693179,-0.018982546,-0.26535398,0.035108477,-0.18681045,-0.33636767,-0.18174073,-0.18924603,-0.26118132,-0.18498847,-0.07085996,-0.28135455,0.006374397,-0.1541748,-0.18964903,-0.23867756,-0.040577043,-0.09604385,-0.08435933,0.110068254,0.33518013,0.04965041,0.008578837,-0.095894784,0.11307723,-0.13364735,0.10384472,0.08639935,-0.09085622,-0.20490585,-0.16618988,-0.14598729,0.13037,-0.2809462,0.1159173,-0.084765255,-0.03637842,0.025628759,0.11742861,0.19218509,0.030025415,-0.030901767,0.06549455,-0.011644511,-0.043489628,-0.06406027,0.012498472,-0.033184826,0.029167436,-0.037409913,0.040529452,0.038223382,0.058811184,0.114382274,0.119569995,0.10284633,0.11547557,0.19219574,0.15091088,0.29708436,0.24077514,0.1002949,0.27606177,0.25767908,0.095405705,0.09972376,0.23542893,0.06057389,0.045687955,-0.011129259,0.040734094,0.20789218,0.24765709,0.2966709,0.12668186,-0.04267584,-0.116739206,0.05865125,-0.2848756,-0.20193803,-0.12776451,0.018206343,-0.03892245,0.018794466,0.21851164,0.4323333,0.51957947,0.42213154,0.33797833,0.062197935,0.11134175,-0.0066435942,0.115008734,-0.13011266,-0.041066688,-0.38206512,-0.16741864,-0.32576698,-0.09199842,-0.09181772,-0.016992997
25,-0.21018973,-0.24365902,0.02990719,0.14538139,-0.047371097,0.13591668,-0.13308504,-0.12376647,-0.13069375,0.003495202,-0.20270297,-0.2619229,-0.032609243,-0.022250207,-0.06319697,-0.034034852,0.3158318,-0.12474734,0.2903771,0.38482043,1.0,0.34219348,0.08950903,0.0316606,-0.32153308,-0.097094454,-0.24476342,-0.22127792,-0.10403389,-0.1402247,-0.061787825,-0.029340815,0.0026587816,0.050491653,0.11063606,0.4063085,0.40105814,0.41570437,0.47717267,0.36841407,0.336,0.46330297,0.09503629,0.05213602,-0.08958172,-0.015192386,-0.08589912,-0.058679823,-0.039140422,0.027694458,0.19534424,0.19009654,-0.073051095,0.112883724,0.44345024,0.31387907,0.36005828,0.39091074,0.2229026,0.32368612,0.27912554,0.25247627,0.27360886,0.08159059,0.16781276,0.09225707,0.11542581,-0.014461154,-0.06853001,-0.19944799,-0.06852832,0.026783105,0.03177177,-0.040819533,-0.010397337,0.013331889,-0.12720947,-0.11262398,0.06069002,0.028098611,0.07050508,0.14122365,0.093619734,0.12679024,-0.106588654,-0.0072294613,-0.36671516,-0.20311967,-0.19426534,-0.093363136,0.066414595,-0.11690415,0.31561166,0.076053455,0.016432708,0.1366041,0.2153046,0.18950863,0.14539394,0.0645411,0.25851187,0.27010944,0.20106725,-0.002169414,0.058342386,-0.19023567,-0.4097198,-0.26263216,-0.16195932,0.0017706318,-0.11193437,0.114871696,0.04262799,0.16364107,0.1636759,-0.05702017,-0.14855142,-0.17866144,-0.32606092,-0.33714488,-0.47849745,-0.51528114,-0.38909885,-0.5414062,-0.54402053,-0.43741578,-0.35259786,-0.17898421,-0.123702765,-0.18896502,-0.25840273,-0.35606378,0.24731638,-0.035051417,0.06826682,-0.10222356,-0.16698176,0.2816315,-0.11658555,-0.10367486,-0.25053942,-0.114370756,0.009701175,-0.035402928,0.0003216633,0.13867268,0.18425663,-0.03543757,0.032119665,0.32658824,0.8408404,-0.01263477,0.0797258,0.0143382875,-0.25646797,-0.17906086,-0.07362692,-0.116375074,-0.14541912,-0.10451538,-0.060599912,-0.029027276,-0.049708027,-0.05877048,0.20311035,0.07029479,0.38866422,0.52838194,-0.006043438,0.15537536,0.13191931,0.030613035,-0.07268187,-0.14549015,-0.024552828,0.016596464,-0.108987994,0.011930692,-0.02581393,-0.15800716,0.19876413,0.084897734,0.107481234,0.11161979,0.5255666,0.45535484,0.39868328,0.29452685,0.27147123,0.17991945,0.2159317,0.20987847,-0.027028868,0.03768178,0.08534083,0.029168688,0.1262173,0.0475452,-0.06686936,-0.039198864,-0.1809799,0.026636321,0.023514856,0.008865199,-0.054843027,0.017103173,0.102160014,-0.028265039,0.062609546,0.019718574,0.09873168,0.034643713,0.027781747,-0.10240793,0.04747855,0.11091944,-0.15321806,-0.30492368,0.02387567,-0.0823334,-0.09479869,0.030212995,-0.06213348,0.12540372,0.075745106,0.16403988,0.00497871,0.17198607,0.2397036,0.21390924,0.24663426,0.16139635,0.18807393,0.084345184,0.013053596,-0.399202,-0.3257417,-0.255784,-0.07106671,-0.085680075,0.08806038,0.104951955,0.04194842,0.15533073,0.15650791,-0.11846065,-0.26160175,-0.1377508,-0.2950083,-0.30055496,-0.4986173,-0.49120763,-0.5432223,-0.36207974,-0.39136603,-0.15165271,-0.06746321,-0.07865655
26,0.19157638,-0.028308198,-0.19894245,-0.11902781,0.13659148,0.1479633,-0.22678891,-0.048807137,-0.17707524,-0.03310264,-0.11697757,-0.08117061,-0.077714585,0.2502346,0.29886493,0.3239244,0.13171029,0.13122033,0.2907502,0.18397409,0.34219348,1.0,0.3841153,0.1374083,-0.068798855,-0.0033547417,-0.110429,-0.09221763,-0.131268,-0.14425948,-0.18222354,-0.09413651,-0.15870535,-0.15828559,-0.12921448,-0.06805135,-0.004131863,0.016960703,-0.19395083,-0.09500314,-0.016278157,0.20936072,0.01885184,0.050752632,-0.0133318575,-0.05170248,-0.07164136,-0.11943586,-0.09612509,0.0784402,0.010288616,0.08992126,-0.0741928,-0.07283593,-0.03958303,0.13460863,-0.05113182,-0.032806665,-0.04565097,0.020571303,0.11868812,0.06684989,0.12759523,0.048742898,-0.0052659195,0.045684073,0.011869923,0.04482602,-0.036616053,-0.0052088997,0.13334325,0.2537001,0.034503188,0.006321216,-0.042366855,-0.014049413,-0.06938804,0.01644764,0.010929174,-0.016493969,0.0033229638,0.042677473,0.0018519425,0.078882106,-0.022945972,0.053860743,0.021059386,0.11229564,0.061375197,0.12143177,0.035748936,0.049332034,-0.01258706,-0.078857206,-0.11716297,-0.057628274,-0.013751193,0.022939222,0.06692724,0.020968739,-0.0150820315,-0.08408122,-0.10319439,-0.12122157,-0.03627893,0.005074464,-0.09423468,-0.032914117,-0.11242456,-0.007813151,-0.11720693,-0.05843243,-0.05729174,0.0251027,-0.026623392,-0.1003317,-0.13896877,-0.08070507,-0.023549065,0.028056562,-0.08621976,-0.05824044,-0.023319114,-0.06476116,-0.15380809,-0.07743455,-0.11874682,-0.10527493,-0.055983204,-0.0654392,0.049498707,0.013292436,0.03934949,0.0210643,0.10354815,-0.15391378,-0.17864725,0.28980452,-0.04156233,-0.08816558,-0.09650694,0.042095512,0.22380053,0.0066882796,0.22694276,0.39984038,0.12289917,0.14682302,0.19211406,0.07173185,0.35030302,0.10541698,0.12655813,0.14291829,-0.031246917,-0.012152917,-0.0679448,-0.057766367,-0.060965594,-0.13950554,0.010066695,-0.04147087,-0.15201811,-0.08802095,-0.050934076,-0.17043494,0.022360276,-0.10665574,-0.23750848,-0.11073865,0.04235279,0.0017923217,0.03315381,-0.042133287,-0.043431494,0.053825986,-0.1498589,-0.12173651,-0.027458638,-0.101819456,0.029632788,0.0925862,0.09548767,0.16898702,0.33474475,0.09801146,-0.042973123,-0.015173175,-0.06147381,0.07457617,0.057807572,0.069521196,-0.0032733679,0.026647301,0.040625975,0.062173188,-0.021571772,-0.018178081,-0.02461047,0.007824356,-0.0023483254,0.19244596,0.1089408,-0.003278395,-0.078754395,-0.069019705,-0.052106407,-0.03869587,0.032840654,0.005131693,0.040006984,-0.02414107,-0.008747907,-0.0099747265,0.040828608,-0.007877227,0.09932196,0.05975672,0.02786578,-0.14557236,-0.022073653,-0.07388325,-0.02028339,-0.09821954,-0.088403806,-0.016560398,-0.026600353,0.068681076,0.026588395,0.0020510887,-0.023235163,-0.046520784,-0.09616175,-0.13073024,0.055912953,-0.08178056,-0.06120507,-0.033036627,0.035926092,-0.14482737,0.070619695,-0.07099542,-0.06618136,-0.018900802,-0.017262572,-0.12907106,-0.057461083,0.08740448,0.04527063,-0.023101717,-0.14356527,-0.08973075,-0.12451039,-0.023779143,-0.10087489,-0.07978034,-0.05725064,-0.046530183
27,0.12785229,0.07287275,-0.042145327,-0.06086475,0.06706675,0.1283238,0.18718234,0.07787333,0.053735875,0.12404003,0.25413886,0.20712289,0.17374045,0.6940786,0.72775793,0.3688264,-0.29108986,-0.040893782,-0.15223332,-0.07177716,0.08950903,0.3841153,1.0,0.67767894,0.28807423,0.03601423,0.06517424,0.023961507,0.0900381,0.051107086,0.08009738,-0.00066867087,0.103071496,0.06440756,0.07338741,-0.015552664,-0.015133391,0.01159932,-0.12042362,-0.010802058,-0.10871347,0.18349326,0.28652355,0.37957948,0.37202972,0.03584632,0.16724096,-0.07452731,-0.1568462,-0.05817279,-0.066193804,-0.076113716,0.10643126,0.10981433,0.018757073,0.074591376,-0.0530539,-0.08666993,-0.08400767,-0.1722863,-0.02323913,0.14512059,-0.04222992,-0.0027747964,-0.08286646,0.14127699,-0.09293985,0.055561893,-0.06145858,0.33053294,0.5348659,0.2855055,0.40391544,0.3393742,0.22454078,0.07941532,0.20747712,0.072880276,-0.15269561,-0.15753455,-0.19822025,-0.09334344,-0.1962924,-0.08096005,-0.11939941,-0.14832811,-0.004057888,-0.10442285,-0.07796504,-0.1243675,-0.27294704,-0.17280994,-0.060019474,-0.31717142,-0.25694543,-0.23712403,-0.122825064,-0.005018295,-0.042211264,-0.027218655,-0.3204275,-0.31824067,-0.17745568,-0.13356489,-0.035747882,0.004722635,0.093284145,0.08717217,-0.14187069,-0.05496029,-0.25595033,-0.2396748,-0.28197935,-0.1989273,-0.13365538,-0.17901571,-0.2120009,-0.19525193,0.026138281,0.023901533,0.010796976,0.032622606,0.13585243,0.0932157,0.0902349,0.11479484,0.1183042,-0.040527675,-0.13157968,-0.073983684,0.119035825,0.1130536,-0.03733757,0.009603222,0.12279201,0.18885228,0.17629427,-0.020967094,0.07254026,0.16423868,0.27579832,0.39385852,0.66700715,0.25563434,0.19866753,0.2177986,-0.26227966,-0.09349429,-0.058476698,-0.25988612,0.06735146,0.088131994,0.10637247,0.6198755,0.43868744,0.20851961,0.082854666,0.060571983,-0.016742978,0.11640556,-0.046689298,0.13813573,0.06792659,0.05337687,-0.017006751,0.034559112,0.014720337,-0.072541215,0.0074269692,-0.08842331,0.06276288,0.20730558,0.5241564,0.057414778,0.13523561,0.104579054,0.046100065,-0.08659031,-0.061895132,0.04928405,0.09696499,0.0027653738,0.23795755,0.046567928,0.04626853,0.07482824,-0.047534607,-0.10588547,-0.15501131,-0.10195434,0.050086144,-0.1195645,-0.024607867,0.026837286,-0.028169211,-0.12517336,-0.06768613,-0.029792022,0.016981037,0.0106104575,0.15028526,0.20085709,0.24443138,0.1288961,0.17786767,0.1387054,0.12700918,-0.01277538,-0.15495561,-0.12007706,-0.16030256,-0.14345759,-0.06864293,0.0057469355,-0.14918388,-0.18822108,-0.03887038,-0.051769078,-0.25609922,-0.1320701,-0.2314619,-0.20037924,-0.08474042,-0.24867396,-0.117753714,-0.13267453,-0.030215712,-0.089701265,-0.1804492,-0.24668747,-0.2795562,-0.1900756,-0.17955092,-0.17154008,0.019306116,0.0764837,0.06448609,-0.00046983524,0.06578998,-0.12746829,-0.025740856,-0.16438341,-0.24053212,-0.24667843,-0.20130262,-0.21067014,-0.12605725,-0.068975985,-0.01093876,-0.037811477,0.01732844,0.028365264,0.11485551,0.074789785,0.13014111,-0.059128266,-0.08473037,-0.1276823
28,0.021510903,0.083411075,-0.009065245,-0.056784157,0.0054768673,0.07960504,0.28273222,0.12863222,0.13885655,0.17722996,0.35150743,0.36394113,0.31685665,0.6663742,0.56987166,0.23054492,-0.31610507,-0.10180463,-0.27889794,-0.12203572,0.0316606,0.1374083,0.67767894,1.0,0.49473578,0.065689385,0.14278619,0.060011756,0.15412453,0.087229304,0.12970495,0.013462415,0.16298611,0.12132494,0.14299926,0.006029286,-0.015819572,-0.0025556788,-0.04380853,0.031755462,-0.17792735,0.11926307,0.2941122,0.48660362,0.6147032,0.18105663,0.22739659,-0.056064066,-0.1685728,-0.08041037,-0.07259497,-0.07741103,0.17188607,0.122159235,0.010726639,0.04069161,-0.06201272,-0.10665997,-0.09462907,-0.20119943,-0.0589315,0.17640916,-0.1008837,-0.056949105,-0.11312969,0.10272509,-0.12362625,0.046690453,-0.13744314,0.23555581,0.49073198,0.21701793,0.51836956,0.33834848,0.26045394,0.10815942,0.252189,0.033894356,-0.2327964,-0.20343162,-0.29749328,-0.20250916,-0.2853631,-0.19145674,-0.18153854,-0.24623589,-0.03978995,-0.1976447,-0.1522836,-0.22850867,-0.37281364,-0.22896096,-0.0824494,-0.37626755,-0.2959902,-0.32303676,-0.17232612,-0.048412383,-0.13408288,-0.06587776,-0.3858684,-0.31943405,-0.118399575,-0.023374086,0.042260587,0.016758025,0.17408554,0.14755635,-0.05936708,-0.015835565,-0.24494311,-0.21614166,-0.28315774,-0.20875955,-0.13360037,-0.17170034,-0.16417445,-0.1702987,0.07041503,0.044372994,0.044293407,0.049573373,0.16432607,0.12608217,0.17614089,0.18664359,0.22140308,-0.026220655,-0.13923028,-0.060734633,0.06656516,0.1528208,-0.07538721,-0.015707992,0.10037491,0.28564152,0.27871478,-0.122718446,0.08645005,0.2716996,0.47219577,0.64318836,0.6756405,0.28125212,0.12083445,0.06128075,-0.290667,-0.15245259,-0.14015728,-0.2943811,0.00796637,0.040812336,0.0146565065,0.6952827,0.706473,0.36300305,0.16782807,0.12084528,-0.0002167789,0.18562698,-0.020448122,0.16884542,0.0990197,0.07135035,0.006204007,0.08000892,-0.004603794,-0.014846126,0.08139952,-0.13351573,0.06916302,0.21337008,0.6213868,0.06017439,0.24403632,0.16139923,0.09555432,-0.06487969,-0.08285461,0.023010474,0.16412252,-0.00053885364,0.30453786,0.0028821628,-0.08442709,0.047680523,-0.060860395,-0.12678654,-0.17066345,-0.13454713,0.07532658,-0.17268673,-0.06371681,-0.005138774,-0.08067788,-0.18296365,-0.07747061,-0.021901727,0.026201678,-0.07588152,0.059463654,0.15231194,0.2533149,0.12581474,0.18788598,0.23748901,0.18726759,-0.041909862,-0.22003217,-0.20091696,-0.2843137,-0.19371285,-0.10355879,-0.008023839,-0.23148535,-0.23783992,-0.11115377,-0.106658205,-0.32685104,-0.10285297,-0.28343076,-0.18749425,-0.110784404,-0.31681994,-0.14980794,-0.15906897,-0.055960864,-0.18573758,-0.25436306,-0.32363355,-0.3209689,-0.18815006,-0.12575155,-0.058801442,0.016645385,0.14682874,0.13529757,0.062125143,0.11542816,-0.11615069,0.018273348,-0.11773069,-0.22462676,-0.24981393,-0.20361665,-0.16777624,-0.07997109,-0.066055164,0.0024556532,-0.045885112,0.06906953,0.041741353,0.19624588,0.10487072,0.22403003,-0.017915603,-0.075305596,-0.14758565
29,0.047312535,0.21999587,0.013418763,-0.11687537,0.062065206,-0.03163891,0.2804951,0.19794098,0.21731615,0.20462017,0.43758157,0.59879637,0.14063992,0.38285425,0.3229564,0.07012673,-0.37835068,-0.0010438303,-0.3047133,-0.1827111,-0.32153308,-0.068798855,0.28807423,0.49473578,1.0,0.19282597,0.34341827,0.2558869,0.16337681,0.19153199,0.12108717,0.012322989,0.11327871,0.050785307,0.051543828,-0.21407755,-0.21316145,-0.24797611,-0.31672686,-0.17819157,-0.3338876,-0.1704642,0.0718411,0.23441947,0.53369933,0.18074651,0.2321854,-0.014078995,-0.18577687,-0.17024413,-0.16546677,-0.18884447,0.23894447,-0.007974999,-0.2602589,-0.16360395,-0.27349585,-0.30549684,-0.17009804,-0.29093194,-0.12118361,0.03336748,-0.19087434,-0.08767165,-0.21124385,-0.029660068,-0.19089176,-0.01898117,-0.08609471,0.16429783,0.29161865,0.08886129,0.29304835,0.20174229,0.20187545,0.07827926,0.257391,0.051011663,-0.28802243,-0.20917147,-0.30280772,-0.29011407,-0.29799384,-0.27239212,-0.13283719,-0.27112383,0.06438707,-0.07373672,-0.11010948,-0.14247213,-0.29453194,-0.114249595,-0.20246907,-0.249629,-0.19669192,-0.2996726,-0.21887307,-0.1611113,-0.1910524,-0.061102115,-0.31170124,-0.23635554,-0.08498799,0.063898474,0.06977579,0.1168633,0.34195867,0.22429274,0.063205175,0.027696623,-0.075177036,-0.18848655,-0.18450807,-0.22358546,-0.1340343,-0.033145018,0.0060267826,0.005942475,0.19883633,0.19645052,0.2810358,0.2874315,0.29486364,0.3485402,0.3953133,0.33147532,0.36370263,0.083721176,-0.07879749,-0.022625042,0.11742583,0.346958,-0.18854505,0.07939885,0.066681504,0.2652985,0.28339845,-0.14896332,0.155207,0.41414812,0.6767944,0.53707594,0.3838672,0.1610184,0.073336564,-0.06865339,-0.28664783,-0.062404048,-0.13473533,-0.29980168,-0.26858968,0.043013334,-0.06191279,0.37485644,0.6748045,0.5747281,0.26629332,0.21022205,0.17101379,0.19568999,0.08417872,0.13682191,0.0842097,0.07841738,-0.08860672,0.012126535,-0.23731034,-0.3640872,0.046564408,-0.24703455,0.005621817,0.066132694,0.3923944,0.13078497,0.18979116,0.105716236,0.19386141,0.022819862,-0.1112109,0.0058065876,0.04062091,-0.08294688,0.12691088,-0.031795066,-0.3218711,-0.1842238,-0.29205582,-0.23793015,-0.26510784,-0.111014456,-0.1037585,-0.27354687,-0.09559503,-0.046873223,-0.12932137,-0.21331564,-0.13301252,-0.08669984,0.004025787,-0.122764185,0.06222917,0.048112683,0.13832235,0.053663254,0.13077408,0.2168487,0.16412567,-0.040348098,-0.2678367,-0.22834823,-0.3169914,-0.17346351,-0.100819305,0.031806752,-0.27137142,-0.27205762,-0.06648797,0.07120502,-0.34740657,-0.0029813694,-0.12135417,-0.07690249,-0.03473045,-0.23703496,-0.14399822,-0.15328836,-0.07868347,-0.21361247,-0.28346434,-0.2724543,-0.25918132,-0.1610337,-0.06731998,0.007756737,0.045436315,0.3136779,0.2671069,0.17365386,0.13265964,-0.028670056,-0.0092093395,-0.07849183,-0.15138823,-0.23070759,-0.21713611,-0.016852861,0.085335225,-0.0037470204,0.14053424,0.105033524,0.3353982,0.2964687,0.39380407,0.21432683,0.36108744,0.09841591,-0.022313375,-0.083001494
30,-0.037130393,0.16118737,0.13529198,0.029930377,0.04655825,-0.080846235,0.1580313,0.12467582,0.16938029,0.22240207,0.24342616,0.2212102,0.04883802,0.058259103,0.050788045,-0.086252995,-0.112977184,-0.19198133,-0.21480224,-0.058244374,-0.097094454,-0.0033547417,0.03601423,0.065689385,0.19282597,1.0,0.29093617,0.27479336,0.22946028,0.23655906,0.16784738,0.062955745,0.16469409,0.16252714,0.088262476,-0.0059913797,-0.04906466,-0.15923008,-0.06327423,0.012139348,-0.19596472,-0.020834029,-0.047867794,0.066687234,0.11953911,-0.057642877,0.10024033,-0.03250757,-0.10157879,-0.05848116,-0.058590475,-0.1119438,0.16321863,0.033078626,-0.050588828,-0.07154671,-0.013836803,-0.06543113,0.031618714,-0.08587957,0.013203333,0.08013021,-0.027672095,0.0068381187,-0.059118945,-0.059605967,-0.09644403,-0.01824278,-0.097640194,-0.015528564,0.016347243,0.011386609,0.040499028,0.013728129,0.06338155,0.027601633,0.058706954,-0.023862923,-0.1120035,-0.09145202,-0.049800918,-0.11265493,-0.0665609,-0.18521968,-0.05698571,-0.24142267,-0.037674226,-0.14280686,-0.20339315,-0.18751612,-0.16587043,-0.12722157,-0.19105357,-0.097117566,-0.102431,-0.11213951,0.0025818394,-0.0036097954,-0.013514894,0.013102075,-0.068592064,-0.025572589,0.10975595,0.029546373,0.10312621,0.05332334,0.12731044,0.022168722,-0.026992898,-0.010970088,-0.066267714,-0.08056151,-0.0829139,-0.04621581,-0.0113276,-0.049633835,-0.05393822,-0.058442272,-0.05220033,-0.02851904,-0.049579997,0.0062521263,0.05752395,0.0425082,0.14390992,0.07422601,0.16257018,0.030010797,-0.14611962,-0.058959592,0.040042773,0.17647822,-0.028786711,0.031155229,0.067569986,0.12740886,0.112099975,0.025204219,0.071129814,0.15041068,0.2101336,0.09870939,0.058095805,0.06752663,0.025458695,-0.11307963,-0.07610377,-0.18494579,-0.06487742,-0.1431498,-0.03902009,0.029274797,-0.023069205,0.08846979,0.1806887,0.08182933,0.56042546,0.123822175,0.17214905,0.0856712,0.14085424,0.12146499,0.14193632,0.13033113,0.052159388,0.021165803,-0.15736611,-0.16215083,0.050545502,-0.15027587,0.09885814,-0.047519438,0.123817824,0.11941219,0.012155236,-0.027813885,0.0029783181,0.0042992476,-0.066133514,-0.12997282,0.017581206,-0.12810293,0.050655767,0.03279111,0.011033341,-0.002623011,-0.04363367,-0.012535826,-0.05834558,0.008272342,-0.05402396,-0.06410669,-0.122532666,-0.03148369,-0.016516266,-0.12918815,-0.09848644,-0.040190175,-0.09664082,-0.046769157,-0.1713386,0.008640168,0.034874536,-0.030088862,0.020341761,-0.009985686,0.09271338,-0.0417946,-0.07447534,-0.11275885,-0.076843776,-0.03402813,-0.08199521,-0.038042862,-0.21279362,-0.117055245,-0.19012588,0.021384778,-0.2308901,-0.018533792,-0.123418696,-0.017997138,-0.03855988,-0.041382812,-0.022102667,0.048768774,-0.0065913885,-0.023207147,-0.07320158,-0.0134871295,-0.08581383,-0.023940647,0.060841326,0.0040732627,0.06805568,0.11808485,0.09009192,0.03977564,-0.05651353,-0.025584577,-0.00090986746,-0.0001626741,-0.08072371,-0.06748508,-0.040332098,-0.052458886,-0.08191113,-0.07130887,-0.04725804,-0.06980803,0.061599754,0.0030765296,0.13548827,0.02197264,0.102174364,0.081560016,-0.02865787,-0.091214694
31,-0.09133429,0.093598604,0.14268267,0.022891352,0.13977292,-0.051018476,0.26934966,0.262854,0.19838256,0.23853967,0.2892694,0.25364494,0.095316224,0.07172869,0.08629548,-0.054209992,-0.22608055,-0.01826547,-0.2795104,-0.15779786,-0.24476342,-0.110429,0.06517424,0.14278619,0.34341827,0.29093617,1.0,0.83430207,0.44226626,0.51537955,0.28829902,0.12406316,0.19868462,0.1652508,0.12598518,-0.079043634,-0.13533413,-0.18954743,-0.10305755,-0.03893839,-0.20573165,-0.106571205,0.043960582,0.17523381,0.20066556,0.005249976,0.09105518,-0.09577332,-0.17600337,-0.14300962,-0.12752768,-0.107150234,0.34505942,0.10520172,-0.16448604,-0.11417213,-0.120480165,-0.14333281,-0.031368047,-0.12631747,-0.056834195,-0.044468097,-0.117461264,-0.05004063,-0.19573414,-0.109006606,-0.20102601,-0.08671919,-0.06534992,0.07128999,0.043165557,-0.037844528,0.019140298,0.017136639,0.047340125,-0.015079572,0.0376363,-0.01600974,-0.210725,-0.10970932,-0.22675335,-0.23307031,-0.20501459,-0.32050076,-0.16289672,-0.32423657,-0.07672654,-0.16517414,-0.2539339,-0.21604352,-0.25963247,-0.15470564,-0.15329666,-0.14250857,-0.11057974,-0.19663465,-0.085227005,-0.07523665,-0.119782306,-0.046729743,-0.13161854,-0.041770544,0.08246641,0.12529114,0.18321106,0.094715856,0.21539435,0.12125078,0.087937385,-0.015730651,-0.02684106,-0.094216906,-0.10187496,-0.10118856,-0.057792455,0.023786642,0.0029142231,-0.004533637,0.035451572,0.013416077,0.08447163,0.08396644,0.12363964,0.13502507,0.26154184,0.185795,0.29218027,0.055168897,-0.085059024,0.0081102075,-0.033055477,0.19236915,-0.038940903,0.14131583,0.10086543,0.28945526,0.191591,-0.039305158,0.109840594,0.24122514,0.2621947,0.10126576,0.06740928,0.04071863,0.005211974,-0.14165454,-0.15886006,-0.04325069,-0.10512963,-0.17888987,-0.18392934,0.08539076,-0.052298147,0.1302306,0.32067588,0.1879443,0.2926754,0.32859713,0.54367536,0.48562965,0.14406464,0.11607324,0.22841844,0.12512204,-0.017001767,0.05114419,-0.17530462,-0.20130293,0.047909666,-0.13593918,0.027698727,0.04553587,0.23060173,0.09201778,0.09444285,0.009333991,0.033214472,-0.053225156,-0.11730126,-0.033561494,0.054887924,-0.03797264,0.21229042,-0.0054264027,-0.15179722,-0.13113837,-0.13621977,-0.08819762,-0.118932694,-0.011308217,-0.12832369,-0.23685515,-0.119896464,-0.028018283,-0.11093943,-0.12155913,-0.13788314,-0.04592838,-0.0073692077,-0.10203943,0.003718701,-0.037098117,0.024536822,-0.04345406,0.052356496,-0.017312143,0.06135008,-0.023123099,-0.1859157,-0.19818665,-0.2074767,-0.12344927,-0.15387411,-0.011750252,-0.2849668,-0.22017795,-0.22838086,0.023527576,-0.29180554,-0.02130236,-0.118287414,-0.00956269,-0.037650783,-0.10647705,-0.06436832,-0.01666887,-0.060777016,-0.13385397,-0.168833,-0.1257997,-0.12802789,-0.03209644,0.10094143,0.08789629,0.10938188,0.20132987,0.16957845,0.09178497,0.006208427,0.05952244,-0.0044601946,-0.009047245,-0.080731995,-0.10765038,-0.10043836,0.009794211,-0.017903142,-0.10553742,-0.031165216,-0.011411608,0.20346197,0.12743968,0.24095076,0.08064483,0.24724483,0.06012521,0.020159177,-0.051968195
32,-0.03451803,0.15672521,0.15329286,0.056344423,0.16106945,-0.029525576,0.25810552,0.29149207,0.16501646,0.27874273,0.27305374,0.23159686,0.058113337,0.018123304,0.050617702,-0.067151636,-0.20165366,0.0073554693,-0.22717215,-0.1307107,-0.22127792,-0.09221763,0.023961507,0.060011756,0.2558869,0.27479336,0.83430207,1.0,0.6097278,0.7281819,0.39277658,0.20800132,0.20110087,0.18787771,0.13095067,-0.073000096,-0.14645217,-0.19779773,-0.08485429,-0.022883222,-0.1686746,-0.12562375,0.0051393984,0.114508204,0.103313506,-0.09105574,0.106687985,-0.07442177,-0.15792377,-0.14356604,-0.12683795,-0.140743,0.28686264,0.105064884,-0.17953195,-0.13855344,-0.104227,-0.1367845,-0.039544243,-0.1201891,-0.0042521735,-0.04030569,-0.121737346,-0.058400955,-0.18410166,-0.1116081,-0.18251036,-0.09489394,-0.052773558,0.03790558,-0.011701312,-0.03220387,-0.041010372,-0.016367672,0.0006343127,-0.06277311,0.010578328,-0.009395116,-0.16688159,-0.091688946,-0.18163042,-0.19910046,-0.16844419,-0.31611884,-0.19491741,-0.35226727,-0.11671959,-0.16729909,-0.29023367,-0.20643844,-0.27404296,-0.15385185,-0.15943621,-0.143758,-0.13793351,-0.19412316,-0.056610625,-0.03807373,-0.09075602,-0.023963781,-0.13694912,-0.033515938,0.08687676,0.11055584,0.14476995,0.085731,0.16743076,0.08462831,0.060754955,-0.042573575,-0.0332778,-0.10911169,-0.101140976,-0.13417445,-0.0743164,0.04286478,-0.004895589,-0.0036138275,0.02338423,-0.0089184325,0.047409564,0.0335642,0.10062859,0.08951266,0.20522785,0.1572511,0.2701632,0.06947813,-0.110824384,0.010240838,0.031052284,0.14841934,0.012053114,0.14233208,0.08960047,0.28864667,0.15072367,0.014363126,0.08785581,0.2300677,0.22307841,0.013531448,0.015322193,0.017996632,0.016270043,-0.15728569,-0.13754801,-0.013361901,-0.074438505,-0.1365851,-0.19833769,0.055311363,-0.042207845,0.07439496,0.23921213,0.11761964,0.2685263,0.26222482,0.69931537,0.49572778,0.18265352,0.14065595,0.3300148,0.14498049,0.00357202,0.05579854,-0.18387568,-0.19511421,0.076502144,-0.08564511,0.0093337,0.0117919715,0.1662222,0.10059713,0.07144374,-0.03317698,0.04334753,-0.043391977,-0.083047986,-0.026662625,0.045276515,-0.09474174,0.14997822,-0.006698845,-0.099813305,-0.14042112,-0.123440094,-0.09574289,-0.108825736,0.030485528,-0.12539767,-0.25866315,-0.12705795,-0.025413658,-0.10265536,-0.13527016,-0.13064654,-0.08635327,-0.021998148,-0.116406366,-0.013136399,-0.027387718,-0.015859123,-0.06479656,0.018116405,-0.05208646,0.05704545,-0.04859322,-0.15313105,-0.15563698,-0.16811255,-0.100893125,-0.1765092,-0.028897865,-0.30967578,-0.2210992,-0.25589564,0.03796897,-0.3128677,-0.027911775,-0.13467488,-0.007375315,-0.06099508,-0.10888337,-0.068595596,0.00039101872,-0.051110886,-0.11541524,-0.16224179,-0.12563223,-0.14005318,-0.031804893,0.10014413,0.08370012,0.13887194,0.1542196,0.13160913,0.060886465,-0.03359084,0.059931677,-0.022682762,-0.01639963,-0.08323639,-0.12726907,-0.119629174,0.0053310026,-0.03247651,-0.120639674,-0.053762246,-0.006150185,0.15088779,0.08709123,0.18263589,0.06375104,0.21817105,0.07681326,0.024894258,-0.037066348
33,-0.07483289,0.095148765,0.26691416,0.17588831,0.096630014,0.018889224,0.41077688,0.31961945,0.23122427,0.34730807,0.2939969,0.21199976,0.1964232,0.044602,0.060183465,-0.018472847,-0.1987773,-0.18828166,-0.41317606,-0.28846192,-0.10403389,-0.131268,0.0900381,0.15412453,0.16337681,0.22946028,0.44226626,0.6097278,1.0,0.81977296,0.6708114,0.34371328,0.47140858,0.46088842,0.38541502,0.23898081,0.1337278,0.034526236,0.16491193,0.24750195,-0.12149974,0.0991716,0.22132774,0.24933173,0.09812547,-0.18781273,0.19940309,-0.11542822,-0.1656602,-0.09868039,-0.09191309,-0.08302533,0.24257609,0.35349214,0.124862775,0.022879459,0.19929482,0.11496917,0.14100401,-0.0216976,0.045535848,0.20962577,-0.06074415,-0.039318755,-0.090246715,0.010301649,-0.12196057,-0.09264979,-0.06827102,0.0035799334,-0.0033500867,-0.022937296,0.017009286,-0.0028173826,0.0323737,-0.02161466,0.01757453,-0.06357971,-0.11119703,-0.12283581,-0.17774007,-0.08524408,-0.14094238,-0.20543203,-0.23486753,-0.3725078,-0.20983022,-0.39977702,-0.39828715,-0.40653127,-0.43875328,-0.3585582,-0.210252,-0.25039542,-0.21456529,-0.20316806,0.0688385,0.12508279,0.04492262,0.054244246,-0.22454372,-0.049071435,0.12532853,0.10110645,0.17790397,-0.0060101477,0.11086764,0.03140462,-0.1118837,-0.10877571,-0.25337544,-0.27132443,-0.28844762,-0.18156156,-0.19452634,-0.14958611,-0.23498209,-0.26939476,-0.15292026,-0.20662504,-0.17391385,-0.15317708,-0.029765677,-0.07558407,0.13651423,0.087434016,0.30121475,0.09479295,-0.10802672,0.0002811922,0.016101103,0.081692606,0.07278485,0.011892462,0.08978001,0.42788255,0.2830616,-0.09572445,0.025301784,0.25477022,0.24009831,0.032360647,0.0675557,0.090048224,0.011245557,-0.19525495,-0.14597484,-0.22148421,-0.10983642,-0.28141323,-0.06158578,0.099617,-0.05024065,0.19521138,0.24962266,0.06628462,0.25812587,0.23953295,0.35139802,0.50217396,0.07678522,0.26858616,0.60384,0.26447156,0.18039355,0.25899598,0.025583819,0.07886708,0.25310785,-0.019520158,0.1297347,0.15568952,0.30123898,0.08083073,0.11184724,0.0011579882,0.0058008977,-0.14642861,-0.050616257,0.0018390368,0.15199965,-0.11016901,0.23393968,-0.030972121,0.053473048,0.10465203,0.16508678,0.08863164,0.06728454,-0.022012524,0.12950963,-0.18762295,-0.07343872,0.020609595,-0.044344597,-0.20913999,-0.1644336,-0.061034992,0.005782986,-0.14183186,-0.06203587,-0.021687254,0.030897293,-0.050514285,0.035815272,-0.027216937,0.12804955,-0.040257804,-0.1238791,-0.10003955,-0.11815817,-0.088588946,-0.15604575,-0.109189935,-0.32527423,-0.17159137,-0.39977324,-0.20009598,-0.3480358,-0.16250227,-0.34978116,-0.11435945,-0.15402433,-0.1322685,-0.019815443,0.0659017,-0.0051141316,-0.010287061,-0.102984495,-0.12501132,-0.22437036,-0.04411806,0.15064158,0.079800166,0.06606791,0.08117297,0.04095538,0.017949201,-0.10654926,0.02906603,-0.07900181,-0.083130375,-0.27778357,-0.2303484,-0.19971548,-0.22049144,-0.27260655,-0.3230909,-0.26578158,-0.21839882,-0.028727697,-0.10399705,0.11292776,-0.034599047,0.20113367,0.13863806,0.059915062,-0.03329606
34,-0.09961064,0.1233627,0.2998255,0.20674771,0.14737692,0.039360322,0.41976973,0.39323282,0.24551028,0.42378008,0.3374148,0.27947867,0.14112437,0.007135295,0.0300002,-0.0804183,-0.21052527,-0.15702933,-0.3965931,-0.2432674,-0.1402247,-0.14425948,0.051107086,0.087229304,0.19153199,0.23655906,0.51537955,0.7281819,0.81977296,1.0,0.7128502,0.40309116,0.46461186,0.44389778,0.36007845,0.17657955,0.059573296,-0.048423357,0.117057756,0.20637669,-0.15701574,0.047461543,0.13983414,0.16441046,0.059089653,-0.20174024,0.17279239,-0.117442146,-0.19191872,-0.14910392,-0.08710231,-0.14635071,0.23188514,0.3150058,0.033091493,-0.03694404,0.14800043,0.060995918,0.14744517,-0.019926291,0.08740261,0.17213272,-0.06459581,-0.043289404,-0.1493909,-0.053383216,-0.17209561,-0.1311867,-0.049745478,-0.0053624646,-0.03665417,-0.04124959,-0.023943482,-0.003057828,0.029260913,-0.03639126,0.0126139745,-0.041375205,-0.140272,-0.11298362,-0.1841126,-0.11017531,-0.15496336,-0.24588114,-0.2548197,-0.4272488,-0.24324228,-0.3705414,-0.4458257,-0.39549708,-0.43055812,-0.3564034,-0.19868347,-0.21061537,-0.19581407,-0.18553893,0.06668385,0.09920827,0.0038956287,0.04131653,-0.17164399,-0.0044878284,0.14699791,0.12652045,0.17356491,0.014476356,0.1303397,0.049590092,-0.08402842,-0.10273067,-0.20219772,-0.25683486,-0.24233039,-0.20593321,-0.1561914,-0.07031499,-0.17067817,-0.20471011,-0.14803886,-0.2079756,-0.1316648,-0.13276115,-0.0047773956,-0.055731483,0.15089121,0.107721485,0.33446115,0.11759031,-0.09367799,-0.00534277,-0.0073689376,0.08171011,0.12457315,0.0694683,0.14844525,0.44494605,0.26281887,0.011575831,0.08994464,0.33453843,0.28350353,-0.0046966914,0.0294686,0.06939096,0.012122138,-0.23989658,-0.15270236,-0.17716259,-0.15641345,-0.23116721,-0.12002402,0.07364717,-0.056010313,0.14287719,0.21721944,0.0714552,0.24836116,0.24536988,0.47497693,0.45257795,0.10771881,0.28047055,0.63169366,0.2876012,0.1675772,0.24485393,-0.05128012,-0.004116913,0.22458197,-0.046541244,0.09414846,0.09550899,0.23039068,0.10704895,0.083151706,-0.03801864,0.039317366,-0.1062841,-0.09842703,-0.018472405,0.14207329,-0.1381039,0.15292048,-0.049325828,0.04478384,0.048443332,0.10129992,0.07488739,0.04145831,0.0575541,0.044506665,-0.24892266,-0.09015022,-0.005265388,-0.09253663,-0.2428684,-0.15319563,-0.10155007,-0.03705788,-0.15831377,-0.0642094,-0.039515793,-0.0037482276,-0.057587158,0.040217962,-0.026704272,0.13504578,-0.066733174,-0.1407313,-0.12820943,-0.12053181,-0.10630363,-0.1765102,-0.09721703,-0.37585655,-0.19755921,-0.4161201,-0.12655942,-0.41155133,-0.10604991,-0.31637686,-0.085336745,-0.14031275,-0.09261588,-0.0012210933,0.06561983,-0.0058501097,-0.040303525,-0.10843192,-0.10264871,-0.17382203,-0.015309263,0.17605391,0.109018125,0.12006216,0.10221654,0.05189652,0.020499675,-0.11278337,0.053229187,-0.097283244,-0.07193914,-0.24525467,-0.21538387,-0.1917556,-0.15802084,-0.24264534,-0.32739452,-0.26708215,-0.17100172,0.026029166,-0.05343365,0.116338655,-0.035290025,0.2311343,0.14214975,0.09556448,-0.0065977853
35,-0.14516997,0.081766106,0.35591853,0.2469456,0.085590534,0.030678125,0.5095295,0.35711795,0.27474335,0.33988914,0.2842126,0.18164939,0.25244126,0.018404705,0.038965274,0.0101715885,-0.14207858,-0.23665303,-0.50480396,-0.34124884,-0.061787825,-0.18222354,0.08009738,0.12970495,0.12108717,0.16784738,0.28829902,0.39277658,0.6708114,0.7128502,1.0,0.5473496,0.71774507,0.7007646,0.58653283,0.41720024,0.2867527,0.1339552,0.27768964,0.3926095,-0.10162792,0.23963472,0.34310523,0.21078333,0.050819937,-0.23704626,0.20624341,-0.16927478,-0.21329965,-0.100612216,-0.07478763,-0.10137863,0.17681469,0.50840604,0.26626948,0.08004416,0.37345088,0.2359931,0.30777523,0.041954495,0.1087494,0.30572423,-0.022250155,-0.009802698,-0.0784758,0.049868666,-0.12242687,-0.09164032,-0.08325042,-0.03262897,-0.029925596,-0.01894805,0.0057981564,0.0012651057,0.07257074,0.007954517,0.04372579,-0.07508677,-0.09083116,-0.13582122,-0.17746662,-0.03605861,-0.14024195,-0.14596786,-0.24440932,-0.4294123,-0.31774083,-0.5306242,-0.50138676,-0.52619404,-0.50438946,-0.4901109,-0.2660946,-0.273864,-0.2412912,-0.19039154,0.11570969,0.16390471,0.06754495,0.053859673,-0.20139848,-0.017633272,0.14673345,0.13311845,0.22137265,-0.047689695,0.10740246,0.023657357,-0.22747071,-0.16378313,-0.339728,-0.34994444,-0.35622182,-0.18894611,-0.21015036,-0.20576647,-0.35104993,-0.40384674,-0.24651805,-0.33791786,-0.2647513,-0.22812599,-0.056836933,-0.146369,0.14200816,0.08258251,0.34813708,0.11170597,-0.11123005,-0.026086116,-0.011249938,0.11499484,0.09549485,0.022244915,0.12261206,0.505463,0.34303868,-0.14739914,0.036881275,0.2638204,0.21740477,-0.0039984505,0.04893297,0.08341294,0.0076193567,-0.22954299,-0.11269603,-0.26540416,-0.20055903,-0.3134413,0.032223318,0.123565376,-0.050349724,0.2167901,0.20670533,0.053921476,0.20171791,0.22312906,0.20681629,0.36815304,0.020455956,0.3383532,0.9411336,0.37720227,0.31691015,0.42536086,0.11526953,0.19024584,0.35143793,-0.0014943178,0.21131231,0.23085362,0.28231722,0.03708251,0.09686113,-0.011781675,-0.011769836,-0.17072453,-0.11618673,0.0009878551,0.20040588,-0.12328438,0.20271282,-0.070297346,0.12857321,0.21351603,0.3011301,0.23063007,0.14808786,0.041971684,0.16386758,-0.1886727,-0.04437821,0.027062407,-0.048263993,-0.26921144,-0.16068035,-0.0119012715,-0.0061848457,-0.11084621,-0.08155484,-0.028767174,0.014521063,-0.057363607,0.05996802,0.019285953,0.19187859,-0.05699707,-0.09720066,-0.10809142,-0.088312514,-0.10019954,-0.13178334,-0.1240368,-0.3844199,-0.16737725,-0.4838119,-0.34497565,-0.41518012,-0.2300603,-0.4334448,-0.14161032,-0.19147529,-0.11386841,0.017008942,0.10178833,0.028068718,0.018301645,-0.07094493,-0.10722146,-0.20598589,-0.032469794,0.20293161,0.10942286,0.058185987,0.06580911,-0.012993645,-0.029216146,-0.18129362,0.04658741,-0.13974886,-0.0946325,-0.37083188,-0.24709341,-0.23229474,-0.3349213,-0.40913147,-0.46654347,-0.40063238,-0.31048414,-0.06170723,-0.16931139,0.10720204,-0.06503807,0.23124816,0.15737018,0.11226244,-0.041863926
36,-0.048188392,0.025169088,0.15925954,0.11844625,0.03780191,0.021148296,0.21871445,0.17130592,0.119019344,0.16230026,0.10932757,0.05233071,0.1264224,-0.018995775,-0.019813325,-0.039063975,-0.06599044,-0.119304046,-0.2426414,-0.16430672,-0.029340815,-0.09413651,-0.00066867087,0.013462415,0.012322989,0.062955745,0.12406316,0.20800132,0.34371328,0.40309116,0.5473496,1.0,0.28505495,0.30861533,0.2400781,0.18307458,0.13496459,0.069105394,0.123234935,0.1621398,-0.044121638,0.08833421,0.14207438,0.052682374,-0.036198232,-0.16091168,0.097234525,-0.09908325,-0.097092114,-0.056494396,-0.025092883,-0.024534762,0.08622606,0.16583109,0.12411163,0.039955266,0.17930654,0.09486203,0.122281045,0.020718087,0.10359828,0.16101211,0.00089794816,-0.020399163,-0.029027095,0.03256747,-0.048487872,-0.086354755,0.004747376,-0.062844954,-0.04697858,0.01665877,-0.005474675,-0.024894452,0.006695317,0.01147428,0.010395694,-0.008420738,-0.014234325,-0.049925957,-0.06636055,0.014545254,-0.03950743,-0.046899043,-0.12562755,-0.18428975,-0.15098223,-0.2381644,-0.23079659,-0.2216027,-0.2453968,-0.21905525,-0.15218437,-0.13366932,-0.1382417,-0.08350908,0.09545383,0.10211764,0.059582304,0.047552247,-0.1205626,-0.005518474,0.08763358,0.071562156,0.09419464,-0.0009780314,0.07219702,0.034496576,-0.114474654,-0.07108484,-0.18613146,-0.18813637,-0.20269056,-0.08118631,-0.106891125,-0.14218603,-0.22074512,-0.23393844,-0.1419517,-0.17858954,-0.1315982,-0.12421272,-0.0437011,-0.087725304,0.05212733,0.025904234,0.1620373,0.060104594,-0.03783063,-0.012447327,0.017751692,0.025137017,0.050753824,-0.009791217,0.04299335,0.22075044,0.14762416,-0.050195478,0.024126813,0.10614042,0.06561754,-0.03706399,-0.011025191,0.012283829,-0.0052351966,-0.11025415,-0.04017819,-0.12794901,-0.06806781,-0.14980036,0.0023782395,0.04307161,-0.016238373,0.06732505,0.047109235,0.01924529,0.06302409,0.08163194,0.14045785,0.20210329,-0.07020309,0.18522628,0.55337137,0.1341274,0.10947024,0.21407965,0.06158688,0.08288682,0.15471113,-0.0057266047,0.081922114,0.09342706,0.08453249,-0.031176448,0.015807824,-0.03464769,-0.027665611,-0.09787105,-0.050149895,0.010009557,0.13204749,-0.07834712,0.070169486,-0.04810798,0.0750817,0.10865557,0.1375104,0.079433024,0.053000845,0.033449892,0.11535738,-0.08173587,-0.005122998,0.026096137,-0.005546163,-0.12143394,-0.092503056,0.006123663,-0.010551849,-0.100880444,-0.07940038,0.008850922,-0.0034942976,-0.031831272,0.00048061204,0.0017137757,0.09458049,-0.002860769,-0.040160406,-0.04083412,0.0036660593,-0.056045324,-0.066332266,-0.101996616,-0.1596936,-0.07936152,-0.23960099,-0.15284711,-0.16053267,-0.15098733,-0.2282138,-0.107021466,-0.10351978,-0.028125284,0.009683562,0.06797193,0.021447377,0.034513053,-0.004626256,-0.033237733,-0.12295096,-0.0070344084,0.0983496,0.053482767,-0.023626367,0.04773058,0.0011637545,-0.0023338716,-0.08618476,0.036044467,-0.08026118,-0.0062721795,-0.20149672,-0.12979653,-0.099046834,-0.20816304,-0.22855403,-0.24551366,-0.20919107,-0.13969417,-0.026616612,-0.10011151,0.039638404,-0.040976707,0.09677295,0.0630123,0.046604935,-0.0047398955
37,-0.20801844,0.08473785,0.47389466,0.32347968,0.13032256,0.090675704,0.67361474,0.3436167,0.32850644,0.31605616,0.27964342,0.20778276,0.29476154,0.03453634,0.046940163,0.084159054,-0.08561115,-0.3739168,-0.5510401,-0.4111072,0.0026587816,-0.15870535,0.103071496,0.16298611,0.11327871,0.16469409,0.19868462,0.20110087,0.47140858,0.46461186,0.71774507,0.28505495,1.0,0.8986904,0.78910834,0.61066014,0.4475187,0.21163648,0.3813738,0.5692614,-0.13380416,0.42203805,0.46839902,0.24233183,0.0691708,-0.2745839,0.27747753,-0.21599396,-0.26011002,-0.07425691,-0.03031083,-0.0704942,0.13841401,0.7207989,0.43932542,0.20216951,0.5475724,0.421603,0.49874505,0.16486315,0.15244362,0.5133105,0.1080653,0.041777104,0.008347993,0.1542125,-0.07664622,-0.0706458,-0.09180299,-0.018597687,-0.0016047655,-0.015276743,0.022554776,0.01708447,0.10763009,0.03343927,0.06584701,-0.12788798,-0.051468585,-0.13458541,-0.20343189,0.0363873,-0.12448512,-0.0704502,-0.25005192,-0.42419133,-0.35184965,-0.6852777,-0.55659354,-0.67800987,-0.62379676,-0.65433425,-0.3441715,-0.3429434,-0.2904851,-0.18336332,0.17140539,0.2244204,0.13452968,0.0584118,-0.22901241,-0.016669936,0.15381597,0.11796334,0.22611262,-0.08063778,0.0850221,-0.0062909755,-0.32473233,-0.18844308,-0.49717778,-0.49811235,-0.493313,-0.26468712,-0.30988264,-0.29006466,-0.47121197,-0.5390039,-0.36563477,-0.44078913,-0.37340918,-0.32343882,-0.12053613,-0.20373611,0.15062663,0.08837612,0.4052461,0.13092376,-0.120908216,-0.033367746,-0.0984107,0.1662984,0.14663784,0.037661508,0.21059185,0.6099341,0.43905982,-0.23083726,0.04301122,0.30720913,0.2544287,0.016012156,0.08519474,0.13473079,0.027244603,-0.25992864,-0.0717906,-0.3906777,-0.19092262,-0.36443892,0.13241471,0.15782721,-0.05825482,0.257891,0.23813166,0.04842763,0.172143,0.1808215,0.058733318,0.3114402,-0.022345947,0.331219,0.6408273,0.4940846,0.46161494,0.5384308,0.17988598,0.29158556,0.46685955,-0.045802955,0.34227005,0.3067077,0.31272498,0.06482852,0.13408844,0.030457329,-0.07393797,-0.23631497,-0.12050658,-0.11023351,0.29704863,-0.106452614,0.23730962,-0.031086536,0.23041251,0.39685252,0.47625476,0.4300487,0.2933818,0.0760621,0.34651902,-0.086807825,0.013592136,0.06381759,0.034002647,-0.3262162,-0.14289428,-0.0039683776,-0.011426425,-0.114643864,-0.09148941,-0.022340951,-0.01611126,-0.04880262,0.08745643,0.048485193,0.2667386,-0.02638169,-0.05532437,-0.063508235,-0.05987409,-0.086543284,-0.07804032,-0.1731866,-0.3764675,-0.11899513,-0.58183354,-0.48523343,-0.47915486,-0.329037,-0.56300706,-0.16506216,-0.24442345,-0.1273457,0.052133635,0.1424905,0.04085652,0.0752601,-0.037382033,-0.08855019,-0.2435417,-0.028389579,0.24605605,0.090707585,0.06398731,0.050525654,-0.036035594,-0.02434123,-0.23960365,-0.049239364,-0.13141772,-0.22494851,-0.5268568,-0.34602582,-0.3507802,-0.44960594,-0.53860515,-0.5888954,-0.5165186,-0.4369121,-0.11436335,-0.22536436,0.10448036,-0.0873029,0.25905597,0.18083592,0.14561923,-0.029489353
38,-0.18325812,0.07309377,0.42205292,0.30037585,0.05758502,0.049353432,0.5889025,0.2740934,0.2911488,0.26730183,0.23626083,0.15196602,0.27829736,-0.0005329093,0.0026032059,0.051938694,-0.055215888,-0.36252183,-0.51164,-0.38506657,0.050491653,-0.15828559,0.06440756,0.12132494,0.050785307,0.16252714,0.1652508,0.18787771,0.46088842,0.44389778,0.7007646,0.30861533,0.8986904,1.0,0.7191262,0.6302154,0.47836328,0.24770966,0.40778187,0.5766548,-0.10774579,0.389939,0.43551886,0.23748672,0.029724462,-0.2897247,0.27765435,-0.18430966,-0.21037851,-0.037131917,-0.010421092,-0.01537084,0.11068051,0.6936683,0.45025054,0.22163494,0.57594436,0.4371323,0.48707637,0.19737905,0.12620199,0.46670842,0.1243717,0.05259829,0.03983419,0.14901713,-0.034731254,-0.05689793,-0.09452012,-0.06966975,-0.044067524,-0.026706127,0.0043266,-0.0055613937,0.08508155,0.017588336,0.042064678,-0.12768665,-0.030175252,-0.10787155,-0.17300038,0.054039665,-0.093903646,-0.052397218,-0.2281573,-0.38575616,-0.35811383,-0.6658883,-0.5325478,-0.6413969,-0.5782243,-0.61249256,-0.33473766,-0.30136982,-0.2731632,-0.14822246,0.19960679,0.23453562,0.16721407,0.07935466,-0.18247071,0.022580948,0.1786569,0.10686123,0.22407243,-0.08974245,0.038782205,-0.051417448,-0.32244724,-0.19704804,-0.46655977,-0.44652873,-0.45246613,-0.23152253,-0.2817292,-0.29535314,-0.45832175,-0.5179488,-0.36113986,-0.43867964,-0.39420885,-0.34143066,-0.16120456,-0.23737678,0.10785541,0.044495683,0.35070047,0.10753616,-0.12035404,-0.015333353,-0.06328029,0.111976676,0.12861696,-0.015499372,0.16213405,0.526598,0.38805255,-0.21967211,0.03923908,0.24343386,0.19684882,-0.01501324,0.05043941,0.10397267,0.01129088,-0.23054849,-0.05773324,-0.3829455,-0.16935991,-0.33728227,0.17705365,0.14115655,-0.04533772,0.23220085,0.19137944,0.0039380323,0.16594481,0.15571366,0.05333105,0.29447207,-0.032235138,0.31318843,0.65179896,0.3971319,0.4805323,0.45782632,0.21668534,0.32839426,0.44658735,-0.030742655,0.32115132,0.2863828,0.28094387,0.041972995,0.12545398,-0.0068540517,-0.06916124,-0.21833198,-0.090370856,-0.07831082,0.30255163,-0.07917751,0.26046696,-0.020802123,0.24531806,0.38766265,0.49514216,0.42607245,0.31186718,0.035133786,0.34832206,-0.06171649,0.014777043,0.055052336,0.027915234,-0.29102698,-0.12896691,0.005842368,-0.006934606,-0.0959522,-0.123976156,-0.021993047,-0.031976573,-0.050442085,0.07880221,0.024577897,0.260096,-0.043520115,-0.030230133,-0.042639066,-0.029365547,-0.071247675,-0.076465555,-0.1598866,-0.34057325,-0.11175736,-0.5624668,-0.4984987,-0.41975102,-0.32012054,-0.5370784,-0.16004094,-0.23180696,-0.1060904,0.058219176,0.16644533,0.05080868,0.11883414,0.01404747,-0.045986634,-0.20413089,-0.011968031,0.24950193,0.09078898,0.052178133,0.008468147,-0.06598288,-0.044241372,-0.25611675,-0.022061968,-0.133214,-0.18801592,-0.4780305,-0.30772474,-0.30039322,-0.43111888,-0.51991475,-0.55469126,-0.50302446,-0.42716005,-0.15162574,-0.26478586,0.0686056,-0.112751804,0.2108682,0.15561885,0.13680603,-0.02194303
39,-0.19613954,0.095102236,0.49987888,0.38381958,0.11578514,0.10943934,0.5823992,0.29292908,0.26490498,0.2522841,0.21158604,0.13880779,0.29843226,0.036201894,0.04248919,0.054205347,-0.07581455,-0.32144332,-0.49836385,-0.37664717,0.11063606,-0.12921448,0.07338741,0.14299926,0.051543828,0.088262476,0.12598518,0.13095067,0.38541502,0.36007845,0.58653283,0.2400781,0.78910834,0.7191262,1.0,0.694146,0.51094174,0.34105608,0.4959942,0.6788259,0.026289308,0.43691185,0.4162961,0.19706108,0.0035030441,-0.30413452,0.27152023,-0.20697969,-0.22298387,-0.023546224,-0.034489647,-0.07859611,0.115960024,0.6088063,0.44946632,0.19417527,0.53389657,0.3790462,0.42661974,0.11874852,0.11843717,0.45667765,0.07454026,0.0383792,0.0144193,0.14274286,-0.07566577,-0.046828236,-0.10670453,-0.027253399,0.0052193757,-0.007771087,0.04064353,0.024104483,0.10062697,0.03693534,0.069539875,-0.115891844,-0.027607622,-0.1280857,-0.18616703,0.05500393,-0.12686476,-0.047917325,-0.22423534,-0.38517615,-0.35591877,-0.66778815,-0.54359204,-0.6581802,-0.5680603,-0.6160363,-0.21218124,-0.3348304,-0.26760563,-0.20741864,0.11805709,0.1889935,0.08990371,0.015663307,-0.17894611,-0.020307064,0.15205157,0.11912502,0.20408715,-0.11042169,0.034004875,-0.029919215,-0.31744564,-0.20434721,-0.47897336,-0.45858866,-0.4739638,-0.22256237,-0.2578024,-0.28379065,-0.44659942,-0.5035112,-0.35077712,-0.43971044,-0.3766909,-0.3346039,-0.13665508,-0.23131408,0.105333574,0.03167877,0.31796634,0.08701848,-0.09625672,-0.024591817,-0.08523686,0.124820225,0.2038814,0.015850753,0.19846348,0.5274297,0.37008476,-0.22926201,0.020786064,0.23279195,0.18393484,-0.017250225,0.07628839,0.119885266,0.00994316,-0.22562829,-0.081315584,-0.3457538,-0.18049163,-0.3171283,0.24852721,0.17577921,-0.045401342,0.21718076,0.15369618,-0.003365043,0.14262041,0.13256778,0.015070317,0.268869,-0.037399225,0.2787104,0.536997,0.3611793,0.42704105,0.5386459,0.31336263,0.4324076,0.48480842,0.09742663,0.36334416,0.27224693,0.25004774,0.025450101,0.1016178,-0.010344856,-0.07700564,-0.23744012,-0.0924285,-0.07772939,0.24864627,-0.11760903,0.21077463,-0.08038127,0.28069162,0.38051954,0.45663622,0.35260352,0.24795301,0.036408503,0.33498865,-0.07934445,0.0052017746,0.06457822,0.02745442,-0.24870412,-0.11070973,0.028064448,0.005273898,-0.08452053,-0.09762973,-0.018699324,0.01578656,-0.037964404,0.0800173,0.07575786,0.27681878,-0.05489374,-0.03654694,-0.02918227,-0.049333263,-0.1088278,-0.06837027,-0.18096484,-0.33324084,-0.087800294,-0.5697608,-0.48792067,-0.4206487,-0.33316857,-0.49981225,-0.14229947,-0.18974994,-0.17117406,0.017394986,0.088427626,0.026134333,0.028630178,-0.068701304,-0.11784888,-0.19659023,-0.01796939,0.21050337,0.10067243,0.03327005,-0.012542231,-0.053206567,-0.044005506,-0.23819639,-0.020957239,-0.13693027,-0.18777876,-0.5017054,-0.3103244,-0.31995454,-0.41623572,-0.5091061,-0.56359917,-0.50618887,-0.4244308,-0.15072869,-0.25982258,0.06663294,-0.11341712,0.19170912,0.123780005,0.11801835,-0.041354224
40,-0.28859377,-0.1261219,0.4443013,0.37588555,-0.01890614,0.011667447,0.37565038,0.039463006,0.16488205,0.14355917,-0.026494898,-0.13143583,0.23057884,-0.13484873,-0.17866956,-0.08333679,0.18973939,-0.45350322,-0.31183645,-0.2631237,0.4063085,-0.06805135,-0.015552664,0.006029286,-0.21407755,-0.0059913797,-0.079043634,-0.073000096,0.23898081,0.17657955,0.41720024,0.18307458,0.61066014,0.6302154,0.694146,1.0,0.9034825,0.74207234,0.7533049,0.82669747,0.26888883,0.65698755,0.37992898,0.16749638,-0.15474099,-0.27895632,0.19671863,-0.20682313,-0.12324013,0.086339384,0.11999329,0.14786318,-0.018405218,0.6191899,0.7987351,0.44060504,0.83223504,0.72617984,0.6085979,0.44550893,0.3007394,0.5482214,0.224253,0.08497366,0.13898653,0.17014317,0.00815535,-0.06860029,-0.10992542,-0.16240822,-0.14618036,-0.06805745,-0.019246215,-0.09485298,0.026474135,0.04948179,-0.035196867,-0.13649754,0.048693255,-0.04950005,-0.079696566,0.16453898,0.023475355,0.10196846,-0.18423405,-0.2426617,-0.4962753,-0.6903978,-0.5348548,-0.608842,-0.36279193,-0.556579,-0.049542684,-0.15076356,-0.16029167,-0.023701152,0.25744262,0.2628775,0.21077257,0.0852244,0.048051838,0.1531759,0.23449616,0.081024125,0.18362485,-0.23633349,-0.20389965,-0.16889045,-0.3758227,-0.21638985,-0.41933444,-0.29824725,-0.32365263,-0.03544107,-0.12798327,-0.28750783,-0.4886134,-0.55316466,-0.5431315,-0.616253,-0.6172367,-0.5790002,-0.3836898,-0.5365925,-0.22224122,-0.27203307,0.021298714,-0.072209015,-0.11868643,-0.080693,-0.19483525,-0.11509502,0.19841847,-0.058281768,0.032638032,0.28585875,0.2039091,-0.060066365,-0.051408563,0.06498578,-0.090051904,-0.18011689,-0.06511671,0.049531166,-0.06903092,-0.17833187,0.10981745,-0.41395476,-0.13671313,-0.15325208,0.5029437,0.07151743,-0.026200375,0.10280539,-0.08471893,-0.18227707,0.024490714,-0.009853605,-0.11026557,0.16405816,-0.14201891,0.15984885,0.41251913,0.18928476,0.4800105,0.48627728,0.69207466,0.7451917,0.41935822,0.2321703,0.30938593,0.2206678,0.107652776,-0.04239607,0.06630498,-0.042328473,-0.16572326,-0.22846568,-0.066203415,-0.12625225,0.31863895,-0.017505828,0.2334438,-0.066533856,0.55246,0.66404456,0.7930527,0.6104726,0.5292877,0.15166216,0.49792582,0.13505691,0.059984803,0.080577075,0.10279823,-0.1312383,-0.029634489,0.09316883,-0.059029818,-0.048008192,-0.16852526,-0.04375359,-0.026969453,-0.05347151,0.0046086023,0.036698494,0.1885237,-0.022164306,0.034617808,0.020217888,0.07542575,-0.012191061,-0.02149879,-0.23195952,-0.19664198,0.07406434,-0.56364197,-0.6311203,-0.19586614,-0.30408788,-0.4419216,-0.08263521,-0.18835135,0.008995732,0.07854041,0.21687663,0.045919824,0.20298418,0.17270018,0.10626471,0.0102043105,0.08357123,0.27196968,0.10434293,-0.034301758,-0.23597905,-0.2674147,-0.17748584,-0.30153367,-0.019553518,-0.10706874,-0.066442505,-0.37183705,-0.11324497,-0.12785006,-0.4551002,-0.5979053,-0.58674043,-0.63547623,-0.5403545,-0.41593492,-0.537928,-0.25071338,-0.33308217,-0.10873824,0.005976084,0.07560815,-0.050620932
41,-0.23480996,-0.18512188,0.26416594,0.20587103,-0.07549205,-0.01705158,0.2326093,-0.094006896,0.08290125,0.06849934,-0.09529309,-0.19258413,0.20934346,-0.1362028,-0.18947326,-0.09830541,0.19751285,-0.40130824,-0.21091796,-0.22576764,0.40105814,-0.004131863,-0.015133391,-0.015819572,-0.21316145,-0.04906466,-0.13533413,-0.14645217,0.1337278,0.059573296,0.2867527,0.13496459,0.4475187,0.47836328,0.51094174,0.9034825,1.0,0.7634658,0.59043336,0.6739046,0.27360454,0.63114464,0.3312477,0.11491457,-0.14531909,-0.19860774,0.14850946,-0.20572124,-0.099792376,0.116054974,0.11016442,0.19466417,-0.062481012,0.5042595,0.79074347,0.503747,0.7941846,0.72417825,0.57218987,0.4768881,0.29980186,0.46894437,0.2083429,0.063635685,0.1350947,0.15020862,0.047618836,-0.07586489,-0.08606875,-0.18712682,-0.14550471,-0.055141237,-0.011778407,-0.11395039,0.0063386457,0.06592214,-0.035819657,-0.09065572,0.033848703,-0.045245145,-0.06868067,0.122595444,0.03520669,0.1079465,-0.13855386,-0.15398686,-0.41815314,-0.55044055,-0.41324714,-0.4497877,-0.2322139,-0.4173186,-0.034123246,-0.083428755,-0.12903039,-0.009988703,0.23215084,0.2235269,0.20710512,0.10556691,0.08001592,0.14897637,0.19368733,0.051503565,0.14999212,-0.21150112,-0.18359616,-0.14019297,-0.3227795,-0.18364932,-0.3138852,-0.20518158,-0.22165546,0.05333602,-0.08581313,-0.27475396,-0.45014507,-0.49394235,-0.46157664,-0.51108223,-0.5420697,-0.50626737,-0.36544845,-0.4977774,-0.24890883,-0.3074909,-0.064575024,-0.13831116,-0.12936108,-0.0866847,-0.16548781,-0.10161056,0.06184467,-0.102079265,-0.04576891,0.14691971,0.114371404,-0.011360565,-0.045699805,-0.008516097,-0.15324725,-0.15104522,-0.064437635,0.017024247,-0.064160995,-0.06940662,0.106263556,-0.3709783,-0.08902116,-0.13341732,0.5058826,0.062558755,-0.00058635266,0.07706474,-0.10625239,-0.16878511,-0.05294808,-0.058947563,-0.15307635,0.09762681,-0.13978386,0.0949699,0.30284986,0.101184554,0.39329222,0.39654574,0.7030615,0.63931984,0.28854388,0.18832235,0.25557512,0.18374372,0.04594022,-0.06963139,0.050854687,-0.021190515,-0.18161637,-0.21368022,-0.07583906,-0.12572879,0.2620069,0.012097344,0.19641694,-0.033918317,0.5560462,0.64660144,0.7738498,0.5981427,0.5344244,0.1751079,0.4698673,0.16767707,0.064591154,0.08036039,0.10914585,-0.046562288,-0.03204366,0.09635829,-0.06806583,-0.02663572,-0.16575494,-0.03698182,-0.015154418,-0.035908956,-0.015051,0.017738888,0.092142224,0.01326907,0.031582188,-0.010728163,0.06832241,-0.0033914845,-0.023497626,-0.21955816,-0.1259182,0.090208285,-0.44530573,-0.5445201,-0.051686846,-0.2800121,-0.32939938,-0.06289758,-0.15626387,0.033248093,0.040952653,0.20947671,0.03213418,0.2185296,0.20642485,0.13669835,0.055683367,0.06591383,0.22992803,0.06812985,-0.08216441,-0.21357043,-0.23711205,-0.1569876,-0.25207162,-0.010280897,-0.068057455,0.0012977091,-0.26984838,-0.028558537,-0.05407382,-0.42563587,-0.5044958,-0.45996472,-0.5137164,-0.44861087,-0.38468286,-0.512221,-0.25696313,-0.33408216,-0.16768049,-0.062270798,0.034298006,-0.056218263
42,-0.15694323,-0.16433841,0.13972381,0.11604582,-0.12287019,-0.08011025,0.06706079,-0.14428098,0.009017314,-0.02095929,-0.14080752,-0.2627645,0.13572611,-0.060827166,-0.14046422,-0.082114115,0.24001321,-0.29664174,-0.08202843,-0.17951973,0.41570437,0.016960703,0.01159932,-0.0025556788,-0.24797611,-0.15923008,-0.18954743,-0.19779773,0.034526236,-0.048423357,0.1339552,0.069105394,0.21163648,0.24770966,0.34105608,0.74207234,0.7634658,1.0,0.60704184,0.5448578,0.42117855,0.50327206,0.25101316,0.11794166,-0.14435181,-0.13984913,0.10090565,-0.19205835,-0.054682158,0.17359014,0.10561249,0.16945969,-0.06428574,0.3424535,0.6675289,0.44435605,0.61057127,0.57918584,0.38222605,0.3974519,0.2185369,0.3186287,0.15346757,0.03177448,0.060425837,0.060324658,-0.029631305,0.02102723,-0.19310306,-0.14344454,-0.09827448,-0.009286081,0.041585222,-0.096703656,-0.011901918,0.07716206,-0.026586879,-0.03596157,-0.018404583,-0.06245511,-0.09882623,0.049499,-0.043681033,0.066519305,-0.1255151,-0.09894791,-0.36728594,-0.40686145,-0.30238417,-0.31918618,-0.120806284,-0.27506924,0.24136563,-0.089048624,-0.10905326,-0.060366683,0.09053275,0.13446891,0.10206609,0.024405967,0.0872718,0.07502835,0.13330458,0.05851498,0.15442792,-0.19047096,-0.17458522,-0.11288246,-0.24623767,-0.14116718,-0.21444258,-0.08200605,-0.122463815,0.13366984,0.011286254,-0.23769584,-0.3672099,-0.3964076,-0.32508934,-0.37707394,-0.4218461,-0.40621337,-0.27687564,-0.42622074,-0.28321013,-0.30773595,-0.19761014,-0.23753783,-0.14603484,-0.07331125,-0.09574815,-0.091624536,-0.019495115,-0.11804656,-0.15442957,0.010134032,0.037428547,-0.042247467,-0.062400524,-0.11814458,-0.22398676,-0.1551892,-0.011637139,0.025742661,-0.0702584,-0.035288207,0.1214076,-0.27135587,-0.078394145,-0.07625691,0.47173947,0.011849827,0.013089711,0.046789475,-0.18656515,-0.18752255,-0.09127294,-0.08983026,-0.17025428,0.0855538,-0.14981994,0.042275067,0.17762356,-0.028535586,0.27262792,0.2595588,0.9827058,0.7044597,0.2070394,0.3208328,0.15891607,0.13250272,0.012472854,-0.11077763,0.04032375,-0.04221593,-0.14475888,-0.18112876,-0.08595486,-0.10049174,0.21666704,0.047500037,0.16030687,-0.097238645,0.4139032,0.5170749,0.61969006,0.4386273,0.43091562,0.111245535,0.37603137,0.14565274,0.039515518,0.0538931,0.031159328,0.016637184,-0.0032877107,0.12512569,-0.04504567,0.035672896,-0.09840614,0.0021929105,0.016086945,-0.021882327,-0.021566117,0.032930847,0.025068793,-0.019957718,-0.01856688,-0.037726946,-0.0024053678,-0.05360528,-0.037589192,-0.15892242,-0.071518146,0.0491183,-0.30390057,-0.44752592,0.022292918,-0.16339374,-0.187635,-0.027594088,-0.0868396,-0.055828445,-0.016297132,0.08235731,0.005983396,0.1116817,0.1237084,0.031361975,0.09265615,0.06727636,0.12185432,0.067664444,-0.094125845,-0.20269695,-0.21803068,-0.16208264,-0.12743917,0.007581196,-0.011851639,0.07002474,-0.15860172,0.06006672,0.018482363,-0.3442005,-0.38678047,-0.3026023,-0.36255306,-0.3183846,-0.35618222,-0.45933637,-0.26249725,-0.2783449,-0.23176992,-0.15999232,-0.06632097,-0.058663014
43,-0.4235745,-0.20601743,0.5010075,0.51413584,-0.07435562,0.0023457773,0.25019425,0.015770957,0.113503374,0.11330551,-0.074888416,-0.17183183,0.078839116,-0.18635847,-0.23838666,-0.16654372,0.26408973,-0.40437007,-0.17507787,-0.07891445,0.47717267,-0.19395083,-0.12042362,-0.04380853,-0.31672686,-0.06327423,-0.10305755,-0.08485429,0.16491193,0.117057756,0.27768964,0.123234935,0.3813738,0.40778187,0.4959942,0.7533049,0.59043336,0.60704184,1.0,0.7670495,0.39966187,0.47610822,0.23557538,0.15246083,-0.19700894,-0.20972984,0.08756972,-0.05818288,0.019746866,0.044759095,0.15912752,0.13892268,-0.019014891,0.4173772,0.6263104,0.26962492,0.6098254,0.54850817,0.39516124,0.32759714,0.21231179,0.3633722,0.17970246,0.05255856,0.15327017,0.09540944,0.03928896,-0.034570895,-0.08315487,-0.12578367,-0.1465887,-0.12941244,-0.020600187,-0.075439155,0.0047259973,0.009197471,-0.11145898,-0.16806598,0.08175781,0.041689966,0.0033349458,0.18864462,0.057722714,0.0970528,-0.14544709,-0.15625189,-0.47869855,-0.56403667,-0.4375845,-0.49870923,-0.1894816,-0.3909489,0.19442984,-0.029037217,-0.013020878,0.06521261,0.20167083,0.1903747,0.10389943,0.018871367,0.16295815,0.2351494,0.27930418,0.08792365,0.14139599,-0.2842563,-0.35488638,-0.22884947,-0.22652046,-0.109565794,-0.25563458,-0.07078705,-0.14644562,0.013093863,0.057562467,-0.10199016,-0.22149512,-0.3058896,-0.4752698,-0.5578484,-0.5863694,-0.5868433,-0.41124454,-0.5744094,-0.3644525,-0.32885075,-0.13965292,-0.056155313,-0.016408158,-0.060093455,-0.32335177,-0.36046848,0.38370535,-0.051546596,0.0032840804,0.17782624,0.11034583,0.028192174,-0.09014852,0.035208747,-0.15166076,-0.27541512,-0.13336767,0.025082301,-0.14374018,-0.23251311,0.14777131,-0.32880443,-0.16286175,0.092722,0.41651738,-0.04888949,-0.043293536,-0.013379597,-0.2160108,-0.26077434,0.057258923,-0.03653762,-0.10485956,0.1102656,-0.12715313,0.093957365,0.26303926,0.12273527,0.3769141,0.39621258,0.56753325,0.9292335,0.4043766,0.37657252,0.16410598,0.11978182,0.035895415,-0.04500994,0.015533559,-0.082040355,-0.07959835,-0.0796647,0.020358238,-0.043589592,0.2480922,0.016037896,0.17204796,-0.08799178,0.38605618,0.5099753,0.6049234,0.41377327,0.40894982,0.09422521,0.32895347,0.13455401,0.03619268,0.060500532,0.064726196,-0.06831415,0.066706724,0.096743815,-0.066314526,-0.012306572,-0.14082664,-0.085177906,-0.04206733,-0.035872415,0.0044587282,0.030229148,0.18629459,-0.07139184,0.053947788,0.061058138,0.098692715,0.014103731,0.021309515,-0.15952155,-0.0887963,0.12844655,-0.450729,-0.54569006,-0.10608765,-0.13431703,-0.29770133,0.0018569308,-0.115428284,0.07024073,0.11021053,0.16250181,0.016969193,0.09572808,0.12847061,0.12616137,0.123043075,0.1565901,0.25157946,0.16776818,-0.007775699,-0.36722875,-0.32705003,-0.2311895,-0.20276211,0.006716731,-0.062717006,0.0030398585,-0.15096954,-0.0017636594,0.020552082,-0.18488504,-0.42437956,-0.44325662,-0.55663794,-0.46329775,-0.4687712,-0.51970714,-0.40661082,-0.32920355,-0.23549598,-0.029139336,0.080288514,0.009345099
44,-0.27044544,0.029724529,0.50753456,0.44898993,0.039413065,0.05589176,0.3998548,0.13141154,0.16919337,0.18731669,0.03970652,-0.049351368,0.16287152,-0.10778182,-0.12847713,-0.08669023,0.10747937,-0.39962915,-0.28332978,-0.20411302,0.36841407,-0.09500314,-0.010802058,0.031755462,-0.17819157,0.012139348,-0.03893839,-0.022883222,0.24750195,0.20637669,0.3926095,0.1621398,0.5692614,0.5766548,0.6788259,0.82669747,0.6739046,0.5448578,0.7670495,1.0,0.3095508,0.5235401,0.30983153,0.15494187,-0.12048427,-0.25374284,0.2243892,-0.111087084,-0.08839437,0.04741511,0.09384967,0.05400667,0.013119161,0.5317571,0.5987357,0.27568698,0.64194334,0.52710617,0.44803375,0.26284403,0.19616836,0.44363275,0.15790527,0.06562668,0.1411727,0.1460152,0.0048300065,-0.047195736,-0.099372074,-0.10361091,-0.10735744,-0.082952864,-0.017771399,-0.048192635,0.038453795,0.022531806,-0.020829635,-0.14550395,0.058118947,0.0014827804,-0.04529011,0.16811758,0.020682206,0.078592375,-0.173764,-0.24160363,-0.43661723,-0.629207,-0.48997453,-0.5851696,-0.38033104,-0.5067291,-0.01752334,-0.19118612,-0.16784386,-0.04438411,0.19254626,0.21899113,0.14566691,0.034741953,-0.024041526,0.089200474,0.18900803,0.050604764,0.1409317,-0.24395832,-0.21912098,-0.16227147,-0.32917425,-0.19561277,-0.43578097,-0.32630965,-0.3716445,-0.121213235,-0.12724216,-0.24718928,-0.40642416,-0.4592546,-0.47111797,-0.547207,-0.5326663,-0.51650447,-0.31734508,-0.46010152,-0.17980896,-0.18562244,0.071635775,0.020524867,-0.035671227,-0.050229903,-0.16772918,-0.11012775,0.3040346,-0.026811583,0.10388159,0.3274867,0.21712348,-0.062069595,-0.051905822,0.12410562,-0.015714094,-0.16341949,-0.047047522,0.057858784,-0.08505496,-0.22619356,0.035756487,-0.36171508,-0.14473836,-0.08511198,0.40507585,0.10691797,-0.056461386,0.093190804,-0.047898617,-0.15298924,0.064181335,0.015328363,-0.067702636,0.14929041,-0.09826913,0.16630843,0.37042624,0.21258974,0.43243855,0.44279876,0.4999977,0.7301426,0.48853838,0.31274185,0.25254428,0.17042103,0.1213249,-0.011759126,0.052027572,-0.0767875,-0.09382682,-0.13264677,-0.023090174,-0.097472735,0.27770013,-0.035686832,0.18551762,-0.0744417,0.4238828,0.48741177,0.60329586,0.42467853,0.3792086,0.08286956,0.37870225,0.07903588,0.02636689,0.0722621,0.06982481,-0.13178197,-0.0013522895,0.08516225,-0.05422096,-0.057087407,-0.13846469,-0.06896358,-0.04275237,-0.05261202,0.027364692,0.06650351,0.2237529,-0.045765907,0.042663135,0.046676043,0.08127121,-0.014902397,-0.022491142,-0.17153768,-0.18436818,0.055175804,-0.5190773,-0.5467211,-0.2562316,-0.29872635,-0.4423359,-0.092617534,-0.16413619,-0.032620806,0.071502455,0.14631097,0.042602234,0.09991343,0.054820538,0.016749484,-0.070919275,0.07519008,0.22309181,0.08734067,0.022201879,-0.24245386,-0.24674077,-0.17702563,-0.25213408,-0.042123325,-0.12990612,-0.15009958,-0.3904199,-0.18801524,-0.17237109,-0.37313825,-0.5229644,-0.5349975,-0.57696563,-0.48596096,-0.3627935,-0.44275346,-0.22629358,-0.25205186,-0.049699478,0.060512763,0.13205822,0.013799696
45,-0.111652754,-0.093979836,0.06787985,0.10797667,-0.07609775,-0.04551932,-0.19958727,-0.22320415,-0.11888624,-0.14422709,-0.23856013,-0.31359708,-0.11595905,-0.16612974,-0.16380389,-0.11887122,0.19403045,0.006258556,0.30226746,0.15254669,0.336,-0.016278157,-0.10871347,-0.17792735,-0.3338876,-0.19596472,-0.20573165,-0.1686746,-0.12149974,-0.15701574,-0.10162792,-0.044121638,-0.13380416,-0.10774579,0.026289308,0.26888883,0.27360454,0.42117855,0.39966187,0.3095508,1.0,0.13537155,-0.022036253,-0.08062698,-0.26956055,-0.0483214,-0.09164531,-0.0051872805,0.10797362,0.07973769,0.04874433,0.0916284,-0.12544939,-0.035788924,0.28132138,0.14248854,0.19580786,0.20598227,0.025623158,0.15379876,0.032051742,-0.09826916,0.019349996,-0.033188608,0.053475995,-0.091393284,0.018484589,-0.031783547,-0.08106243,-0.06996826,-0.120204605,-0.062001497,-0.094910085,-0.11159118,-0.098272264,-0.03810901,-0.15438408,-0.0649148,0.027292432,0.06968167,0.1078145,0.055917885,0.064659,0.046249207,0.016341353,0.10489236,-0.13794506,0.017904969,0.01825435,0.09232074,0.23653504,0.11143041,0.34339124,0.13971269,0.09729444,0.07563079,-0.019146845,-0.025372969,-0.040572204,-0.05459004,0.1671836,0.0838995,0.05881777,-0.025276257,-0.013561178,-0.18391816,-0.26635882,-0.14773186,-0.05049181,-0.022198334,0.06891204,0.10848993,0.08758562,0.16533823,0.12261617,-0.0069930917,-0.011052599,0.01433153,-0.08251834,-0.097915396,-0.15043163,-0.17608412,-0.12917769,-0.24729003,-0.30162033,-0.2660167,-0.31946182,-0.1611843,-0.0074560917,-0.01861302,-0.110315405,-0.22880682,0.07284949,-0.06274001,-0.18080564,-0.22747903,-0.17726575,0.0814759,-0.14838669,-0.20975456,-0.31489897,-0.27642822,-0.15048756,-0.10963483,-0.12079442,0.08449214,0.12533572,0.047297634,0.08675527,0.3351226,0.26958555,0.0042736437,0.045164302,-0.17217249,-0.34648916,-0.21914224,-0.13234308,-0.14991991,-0.094892874,-0.11816128,-0.07331776,-0.11063185,-0.06675439,-0.13574345,0.07758123,0.075533144,0.41560283,0.4634323,0.07670716,0.86294264,-0.017680714,-0.03943301,-0.17972231,-0.12576985,-0.1128995,-0.17004956,-0.05572583,0.06012702,-0.02665019,0.0039642733,-0.080444686,0.024254536,-0.038273424,-0.1071206,0.2277666,0.13348168,0.22182348,0.09092242,0.15795167,0.06513759,-0.012847275,0.11876059,-0.034152247,-0.00942554,0.010361635,0.13861905,0.090400584,0.077166416,-0.058695924,0.049792618,-0.026040614,-0.055403873,-0.049742084,-0.0012317806,-0.09449417,-0.0427212,-0.1187269,-0.02230671,0.016784865,0.009105046,0.06519862,0.041535746,-0.0050118156,-0.020168591,0.13205248,0.13136509,0.025117788,-0.098700576,0.2383436,-0.04274808,0.13091992,0.06806803,0.049750317,0.06881573,-0.0066426247,-0.0020218154,-0.03273952,-0.02090807,0.044779986,0.0715016,0.16033103,0.09549297,-0.0023603032,0.017017486,-0.07461243,-0.26908168,-0.19064383,-0.15763791,-0.036722556,0.050473787,-0.032490887,0.07422694,0.074615404,0.14887781,0.09395651,0.009719654,-0.031724226,-0.012998176,-0.0703649,-0.08338309,-0.21931624,-0.21405083,-0.29513186,-0.15519163,-0.29745793,-0.1496069,-0.064560756,0.044559065
46,-0.18229967,-0.20363118,0.26678604,0.25281873,0.04394757,0.106365435,0.2388427,0.0142178275,0.06653296,0.17566586,-0.07321865,-0.124865584,0.18519194,-0.00014651175,-0.034124065,0.0354072,0.22267582,-0.33026683,-0.13026784,-0.09010387,0.46330297,0.20936072,0.18349326,0.11926307,-0.1704642,-0.020834029,-0.106571205,-0.12562375,0.0991716,0.047461543,0.23963472,0.08833421,0.42203805,0.389939,0.43691185,0.65698755,0.63114464,0.50327206,0.47610822,0.5235401,0.13537155,1.0,0.4368222,0.2401281,-0.049751263,-0.16949905,0.04234918,-0.22310752,-0.14483279,0.07465818,0.11863461,0.17424457,0.007985143,0.49803698,0.6653264,0.47149673,0.6410516,0.5961527,0.51320285,0.39512148,0.37730163,0.53320664,0.25803715,0.1003269,0.09122527,0.17374252,-0.010110397,-0.08204233,-0.0950849,-0.10502545,-0.035334352,0.02396418,0.040299576,-0.05354706,0.00455145,0.050201878,-0.06714962,-0.11087662,0.014769072,-0.087158546,-0.0569052,0.13970397,0.031073632,0.1580962,-0.14691606,-0.16538164,-0.36230978,-0.4752941,-0.37689108,-0.42429584,-0.2546205,-0.42949897,-0.043965187,-0.133653,-0.1360673,0.0030610478,0.23640122,0.2521183,0.2169174,0.08519728,0.036198724,0.09572851,0.12711893,0.0073778047,0.09372859,-0.17665687,-0.20441785,-0.12825856,-0.31737038,-0.15066455,-0.36373916,-0.22105923,-0.24063134,-0.0036059304,-0.064467,-0.23331359,-0.438808,-0.48490214,-0.49942645,-0.53247523,-0.5270289,-0.4824201,-0.3104275,-0.45179895,-0.26062247,-0.23652965,-0.034243938,-0.07406725,-0.1255477,-0.15420619,-0.20244679,-0.15013556,0.2103002,-0.006005462,0.10407542,0.19084789,0.10347775,0.11083417,-0.08742443,0.07787751,-0.08381266,-0.06711436,0.06476571,0.06401998,0.023991698,-0.07509442,0.1723128,-0.26719925,-0.08194853,-0.07035023,0.5177316,0.04791073,0.04029009,0.19634841,-0.042636227,-0.12568673,-0.044698,-0.024947172,-0.121985644,0.1042937,-0.13198137,0.1441417,0.2219731,0.15144224,0.31922996,0.34409055,0.4626076,0.5096697,0.15986367,0.07392196,0.29194352,0.26453283,0.18952374,-0.048571303,0.056837544,0.057319805,-0.20210688,-0.22868843,-0.074598886,-0.14114936,0.2725796,0.055741772,0.25831255,-0.012363553,0.54697126,0.6189266,0.63444656,0.5224491,0.3971827,0.18960205,0.4320194,0.1297931,0.056086883,0.08840339,0.12024929,-0.083560295,-0.023501469,0.0329064,-0.083752364,-0.074295886,-0.123830594,0.014087761,0.028211227,-0.024948232,-0.021282487,-0.022242058,0.09452921,0.018001644,0.015566715,-0.016205674,0.06967075,-0.0061433366,0.0026670017,-0.19936273,-0.14049858,0.076408505,-0.36685315,-0.4424156,-0.17073293,-0.22918569,-0.36978403,-0.10776305,-0.1354152,0.0059833587,0.07183143,0.17164557,0.053353965,0.20823792,0.19929953,0.1170378,0.016532369,0.03842603,0.17190482,0.025135508,0.014250565,-0.22338364,-0.21522826,-0.14226489,-0.1880978,-0.07841424,-0.038551353,-0.055020727,-0.2833614,-0.063641995,-0.072038874,-0.43146315,-0.5201821,-0.45864195,-0.5359801,-0.43289468,-0.3804728,-0.4473502,-0.27882957,-0.26133034,-0.12536809,-0.036058698,0.04482701,-0.09885029
47,-0.03719645,-0.09010947,0.17492706,0.1466447,0.023733903,0.068134636,0.3644095,0.08473215,0.11445375,0.12406545,0.12216241,0.06999515,0.22377425,0.15848586,0.14212498,0.10608196,-0.06483706,-0.24611712,-0.3130859,-0.26802686,0.09503629,0.01885184,0.28652355,0.2941122,0.0718411,-0.047867794,0.043960582,0.0051393984,0.22132774,0.13983414,0.34310523,0.14207438,0.46839902,0.43551886,0.4162961,0.37992898,0.3312477,0.25101316,0.23557538,0.30983153,-0.022036253,0.4368222,1.0,0.30800116,0.14959946,-0.12322059,0.13580415,-0.16567092,-0.17416811,-0.0467676,-0.016615003,0.01677524,0.0605193,0.49033737,0.37228993,0.24137549,0.35056657,0.29755825,0.2825475,0.08812526,0.124383785,0.41506398,0.07837295,0.05034182,-0.024165586,0.18265381,-0.049395837,-0.036272995,-0.14945807,0.028050967,0.11256567,0.05668162,0.12183498,0.06936742,0.09888655,0.059769105,0.047870208,-0.08361995,-0.07875373,-0.13224982,-0.18418542,0.029012473,-0.15701593,0.016975032,-0.15592402,-0.21569759,-0.1942425,-0.42106432,-0.3010242,-0.40642786,-0.40318373,-0.4326467,-0.17340694,-0.2832161,-0.2612848,-0.17738183,0.060317546,0.15180443,0.08362076,0.02537978,-0.23781283,-0.13620687,0.032396164,0.014394151,0.0986411,-0.09382613,0.029014409,-0.008954105,-0.21983244,-0.12867396,-0.33590326,-0.27009067,-0.31666204,-0.09503885,-0.16725138,-0.29616702,-0.39705607,-0.44004783,-0.23402603,-0.28902233,-0.24941252,-0.20303532,-0.07287545,-0.118607916,0.067017965,0.055305455,0.21159749,0.0052206013,-0.12525865,-0.022457175,-0.046095826,0.022696804,0.06714694,-0.025136564,0.085172445,0.30363873,0.2569589,-0.18312843,-0.039105512,0.1197932,0.13169537,0.08996598,0.20783739,0.1110285,0.03060353,-0.04667623,-0.05129542,-0.26247686,-0.08661607,-0.3035974,0.1678858,0.12169378,0.038635366,0.3464385,0.20129985,0.03160004,0.02318396,0.09983616,-0.043251842,0.18942183,-0.09977366,0.18348299,0.31673414,0.19593109,0.24212517,0.31098753,0.23254812,0.26690665,0.22230172,0.018790178,0.17822176,0.768819,0.33973673,-0.07558019,0.1291183,0.09997079,-0.05546182,-0.19780265,-0.068783715,0.0689782,0.2480711,-0.016451972,0.29408896,0.001581419,0.1771393,0.36713296,0.3388365,0.26075312,0.16396993,0.052761845,0.30840796,-0.07946268,0.06551231,0.05374351,0.021202795,-0.16988112,-0.059999045,0.020908225,-0.003994267,-0.10817498,-0.067516565,0.04245536,0.08582584,0.045742106,0.1186152,0.031300116,0.119761035,0.0049733287,-0.08385239,-0.07283293,-0.08703127,-0.12444947,-0.0138518335,-0.08700546,-0.2144838,-0.09040174,-0.30870003,-0.3372916,-0.28698048,-0.22186871,-0.36883786,-0.17347854,-0.17828053,-0.15576643,-0.020875094,0.038799684,0.025589542,0.03157977,-0.039649516,-0.108687736,-0.2268528,-0.1047785,0.055858012,-0.011450884,0.003032153,0.0017218114,0.0084526315,-0.03327977,-0.07482413,-0.025534198,0.0079471525,-0.05819795,-0.3100741,-0.19137374,-0.15564439,-0.38800132,-0.39174128,-0.3532873,-0.32939404,-0.2613627,-0.09859487,-0.16363697,0.056416128,-0.03541891,0.15327677,0.010079988,0.022581918,-0.064989604
48,-0.031164255,-0.02014316,0.08152641,0.04764023,0.014571887,0.008968707,0.22208558,0.11644388,0.06915729,0.13997892,0.22831725,0.16913116,0.18591842,0.24651808,0.20147684,0.100168,-0.07091402,-0.15691854,-0.22417656,-0.13930218,0.05213602,0.050752632,0.37957948,0.48660362,0.23441947,0.066687234,0.17523381,0.114508204,0.24933173,0.16441046,0.21078333,0.052682374,0.24233183,0.23748672,0.19706108,0.16749638,0.11491457,0.11794166,0.15246083,0.15494187,-0.08062698,0.2401281,0.30800116,1.0,0.4085408,0.1251995,0.1950015,-0.026689015,-0.034676597,0.0052581695,0.09267333,0.23185267,0.24815561,0.28371784,0.16264042,0.101859584,0.12775056,0.090710096,0.09119502,-0.0082126325,0.054606985,0.23870969,0.058302887,0.041766893,0.010142057,0.09198635,-0.075824775,0.030610729,-0.112532794,0.036582455,0.124599956,0.05626697,0.1490163,0.05503113,0.04363519,0.02782431,0.023807008,-0.04363285,-0.14242569,-0.15851094,-0.19392091,-0.12404072,-0.16458215,-0.13016096,-0.16925167,-0.2224432,-0.16193156,-0.3001386,-0.23333034,-0.29661605,-0.31141627,-0.26397794,-0.0642255,-0.27375078,-0.23058952,-0.21438284,-0.051701225,0.015803482,-0.031352013,-0.03787799,-0.19444129,-0.12422796,0.027173296,-0.016954113,0.07922391,-0.053734343,0.01068596,0.0040130913,-0.10721965,-0.052394737,-0.2403018,-0.15119907,-0.2112784,-0.118192725,-0.09033768,-0.12503298,-0.17317653,-0.21563204,-0.113986835,-0.1557078,-0.15077482,-0.13441484,-0.029191632,-0.080906995,0.023653079,0.02916032,0.10527299,-0.0607629,-0.15131323,-0.0626131,0.007339293,0.019460103,0.0072050667,0.01621161,0.04179779,0.20448698,0.20316522,-0.11708507,0.030562162,0.14914909,0.2375898,0.20551556,0.30102593,0.16455157,0.05978957,-0.09872938,-0.06563651,-0.16508494,-0.10491011,-0.17480873,0.049083743,0.03881703,-0.041955028,0.46082985,0.43268245,0.12694356,0.20945972,0.15031563,0.008597197,0.27911162,-0.030005122,0.20462246,0.19121714,0.09901989,0.12206009,0.12045585,0.10546941,0.15205358,0.09158438,-0.03625663,0.07996432,0.19458003,0.77544093,0.11105622,0.2476388,0.1527565,0.019655319,-0.0969753,-0.012641528,0.02632318,0.26528022,0.29137594,0.62479395,0.025531622,0.052247602,0.15163681,0.12624346,0.06823746,0.014122641,-0.08278375,0.19796057,0.01628543,-0.06089969,0.06475435,0.013499369,-0.07629302,-0.08272156,-0.020680927,0.0036179824,-0.045405205,-0.02666029,0.039448258,0.08811394,-0.002052489,0.026136048,0.01993886,0.07119841,-0.00031426095,-0.13263981,-0.13326825,-0.17651738,-0.10600081,-0.065770864,-0.049453598,-0.1917309,-0.15073408,-0.21271813,-0.23030505,-0.24431047,-0.08018805,-0.30463496,-0.15183114,-0.09841303,-0.21681125,-0.10008002,-0.031108752,-0.040099658,-0.061289176,-0.09309146,-0.13815403,-0.15424843,-0.046738602,0.0053783893,-0.024424152,0.0072234594,-0.0037056946,-0.019036254,-0.008171842,-0.013112308,-0.05787561,-0.0031100758,-0.086140834,-0.17856173,-0.1405573,-0.10026808,-0.16716062,-0.1950235,-0.1726948,-0.18007255,-0.16974194,-0.08240225,-0.103609264,0.019414114,-0.023681566,0.08099956,-0.033027448,-0.060339876,-0.11125978
49,-0.016944285,0.099142335,-0.073568515,-0.14024335,-0.0016533893,0.029410752,0.19138052,0.09664438,0.11574855,0.117197394,0.31152466,0.32714075,0.19179082,0.39877254,0.32964632,0.08097647,-0.28414682,-0.024239633,-0.21167919,-0.03536268,-0.08958172,-0.0133318575,0.37202972,0.6147032,0.53369933,0.11953911,0.20066556,0.103313506,0.09812547,0.059089653,0.050819937,-0.036198232,0.0691708,0.029724462,0.0035030441,-0.15474099,-0.14531909,-0.14435181,-0.19700894,-0.12048427,-0.26956055,-0.049751263,0.14959946,0.4085408,1.0,0.54603034,0.26757076,0.16251878,-0.07550468,-0.13301536,0.009841426,-0.042854518,0.21508363,-0.010196297,-0.10791607,-0.073091835,-0.19643925,-0.19206022,-0.11533568,-0.20093913,-0.028368538,0.13194199,-0.082700856,-0.047257926,-0.06752091,0.059887964,-0.09177124,0.050027404,-0.11869923,0.10915308,0.29107386,0.07030655,0.3344134,0.2529887,0.28286645,0.15706882,0.29574832,0.07206741,-0.22917229,-0.24406475,-0.25035807,-0.2214169,-0.24231243,-0.18714403,-0.1478415,-0.19725977,0.003936126,-0.09671334,-0.08674261,-0.12952375,-0.27593946,-0.12929875,-0.08632322,-0.27722302,-0.23081799,-0.2688444,-0.18024759,-0.11759942,-0.15059541,-0.05690064,-0.27502114,-0.21262199,-0.079944305,-0.026711142,0.02337778,0.06593059,0.18088543,0.13538043,0.013877172,0.03872094,-0.10941231,-0.086433664,-0.11126664,-0.12766553,-0.07075655,-0.059449516,-0.013354666,-0.050981846,0.13524643,0.13032681,0.1253528,0.11583669,0.1920674,0.16772318,0.1808778,0.17554256,0.20377606,-0.009129144,-0.13514434,-0.11151031,0.032401126,0.21655694,-0.14792803,0.054050367,0.081586145,0.19086914,0.20334603,-0.17969534,0.07304363,0.18227561,0.40033048,0.5163712,0.4130603,0.16128194,0.06277544,0.018009884,-0.2506064,-0.06278423,-0.13951355,-0.20693137,-0.10551153,0.024571858,-0.033399545,0.41008413,0.66753316,0.37944585,0.27858537,0.11236941,0.055222146,0.14034928,0.032693934,0.1233946,0.015838074,0.030000163,-0.052099448,-0.012770651,-0.1469507,-0.18583351,-0.00057531096,-0.24304286,-0.0015651513,0.109854564,0.45110524,0.08867197,0.26323706,0.3054394,0.2550368,0.15500642,-0.027957873,0.03458018,0.18035866,0.018468082,0.23123664,0.023024296,-0.22582987,-0.033636846,-0.18374859,-0.14352725,-0.19868593,-0.055690214,0.004454438,-0.12069563,-0.079495825,-0.003885619,-0.07573043,-0.18143518,-0.061002057,-0.0007598186,0.022019627,-0.08725765,0.025093341,0.041330423,0.12391196,0.11481753,0.20556898,0.27099106,0.18931782,0.005545903,-0.21666256,-0.20199922,-0.26810798,-0.14007823,-0.067914344,-0.014017116,-0.1865505,-0.21396518,-0.05549774,-0.015435264,-0.3099014,0.03392315,-0.18622231,-0.09547167,-0.055469386,-0.23554502,-0.16661903,-0.124221265,-0.06568174,-0.18637525,-0.20230272,-0.23550239,-0.2065098,-0.12627044,-0.08008727,-0.048514705,0.020801127,0.16434123,0.15923843,0.08893127,0.12769681,-0.12129825,0.06197418,-0.058499333,-0.08177305,-0.11712702,-0.12488992,-0.030143782,0.02738794,0.043995287,0.09657642,0.018986592,0.13457683,0.10623798,0.19619559,0.0978077,0.20559357,0.020130957,-0.079186834,-0.1730649
50,-0.13758661,-0.06466669,-0.23855872,-0.23962988,-0.0588857,-0.052889112,-0.18414283,-0.11753975,-0.10984254,-0.088971,-0.027861943,0.003828845,-0.07376483,-0.013922996,-0.05035331,-0.068180844,-0.0068316367,0.102316126,0.17140128,0.20918015,-0.015192386,-0.05170248,0.03584632,0.18105663,0.18074651,-0.057642877,0.005249976,-0.09105574,-0.18781273,-0.20174024,-0.23704626,-0.16091168,-0.2745839,-0.2897247,-0.30413452,-0.27895632,-0.19860774,-0.13984913,-0.20972984,-0.25374284,-0.0483214,-0.16949905,-0.12322059,0.1251995,0.54603034,1.0,-0.011606486,0.34639388,0.2112545,0.0004907196,0.17506224,0.15960163,0.060803007,-0.21790488,-0.13691047,-0.09736702,-0.23254749,-0.13080661,-0.11801318,-0.011012632,0.024148216,-0.09973175,0.01405126,-0.031388156,0.061649635,-0.031308226,0.0155158825,0.05973958,-0.030987171,-0.056939896,-0.052776817,-0.11862558,0.025003694,0.024706965,0.08137982,0.106985494,0.12489466,0.07040849,-0.059977714,-0.0622494,0.0100669665,-0.1426533,0.0020401208,-0.084367104,-0.0053718695,0.06608173,0.05493845,0.1963163,0.1436816,0.211366,0.18560226,0.21762906,0.13950472,0.09700506,0.04194632,-0.0011606595,-0.12853563,-0.19341923,-0.14706552,-0.048455264,0.073894806,0.031446636,-0.020285271,-0.04098357,-0.07234728,0.035173625,-0.02672592,0.0024608069,0.15212473,0.14794411,0.19942662,0.24845834,0.2664738,0.14217703,0.1372853,0.12773392,0.21962392,0.18888366,0.20427589,0.22098327,0.13014871,0.07873684,0.06720992,0.032151625,-0.10112488,-0.07697322,-0.17937528,-0.13405123,-0.047336962,-0.11699576,-0.08729076,0.034304023,-0.1656253,0.034551624,-0.04944753,-0.16024965,-0.10121708,-0.06978475,-0.0059529133,-0.08928924,0.02061316,0.2028955,0.0036193405,-0.04835745,-0.07683266,0.060225677,-0.029297503,0.11218639,-0.02526103,0.14808097,-0.07437608,-0.041620564,-0.041253418,0.015171225,0.19543335,0.1532102,0.07514858,-0.04694141,-0.047135767,-0.0854313,0.0016184581,-0.09443816,-0.22859679,-0.13735034,-0.14458586,-0.22034612,-0.13936725,-0.1636234,-0.18752956,-0.13343544,-0.1296196,-0.09136511,0.029707195,0.061008874,0.07592308,0.26599002,0.14515223,0.39601213,0.054919157,-0.020444172,0.03574596,0.12358625,0.022306219,0.059899017,-0.20206548,-0.113675706,-0.18357663,-0.07895407,-0.09018139,0.06032471,-0.0786395,0.13588642,-0.08263455,-0.013918098,-0.026724255,0.09650579,0.12508512,0.0821286,0.013024801,0.021045638,0.030673105,-0.100046284,-0.06598142,0.028614542,0.021685481,0.16143915,-0.04840891,0.068083145,-0.040230937,-0.08354249,-0.073261835,0.029089326,-0.009281045,0.01378478,0.0719094,-0.050792266,0.17798114,0.120967396,0.09170302,0.21786016,0.1380137,0.10421512,0.04770854,0.03781632,-0.12043578,-0.06546747,-0.07263075,-0.08312488,-0.0036958745,0.009006483,0.11559595,0.035555154,-0.06478638,-0.0024974092,-0.038258377,-0.009628789,0.024621537,0.02392697,0.13356599,-0.07598579,0.10583416,0.09397906,0.25038108,0.19915846,0.15117832,0.19479261,0.23014364,0.28937277,0.24693763,0.13267311,0.03627447,0.049131293,-0.0768707,-0.025347214,-0.12814476,-0.081805535,-0.09258341,-0.0842486
51,0.071500674,0.34663558,0.16173361,0.04392336,-0.050608676,-0.090004034,0.3129278,0.037721224,0.15174107,0.08900925,0.17850286,0.1861536,0.07552069,0.18011989,0.17311993,0.110912934,-0.16184665,-0.14678723,-0.2982386,-0.20365036,-0.08589912,-0.07164136,0.16724096,0.22739659,0.2321854,0.10024033,0.09105518,0.106687985,0.19940309,0.17279239,0.20624341,0.097234525,0.27747753,0.27765435,0.27152023,0.19671863,0.14850946,0.10090565,0.08756972,0.2243892,-0.09164531,0.04234918,0.13580415,0.1950015,0.26757076,-0.011606486,1.0,0.25417903,0.06219427,0.014164711,-0.003941729,-0.045002136,0.09397729,0.16066138,0.08817658,0.054426465,0.10237752,0.011903353,0.062025357,-0.11073044,-0.032486174,0.1992911,-0.07555029,-0.013690817,0.10978033,0.16501506,0.034554884,0.10731081,-0.06592902,0.107619256,0.15688671,0.052594744,0.18859473,0.15986983,0.24113053,0.102209516,0.29318625,0.051020388,-0.032923676,-0.11666472,-0.14336324,-0.05265796,-0.095599696,-0.099666506,-0.13764247,-0.1821269,-0.056525905,-0.23860316,-0.1522571,-0.26541454,-0.29009107,-0.21886465,-0.17521085,-0.2757865,-0.2845747,-0.23367305,-0.09947794,-0.03557613,-0.042793803,-0.04169264,-0.28418994,-0.19920123,-0.0649704,-0.060366467,0.03546356,-0.047812674,0.08460433,0.049123786,-0.19579513,-0.19815496,-0.32086763,-0.32696208,-0.31737572,-0.22887075,-0.20264038,-0.18816751,-0.24213728,-0.261505,-0.03000244,-0.086750366,0.003639551,-0.024610119,0.026331587,0.038239125,0.1600598,0.07527981,0.19322209,6.6378205e-05,-0.0636096,-0.007054913,0.19378199,0.18828131,-0.09207138,-0.022973776,-0.050699927,0.21274228,0.257823,-0.22744136,0.055485994,0.16413426,0.24195267,0.16138455,0.18163197,0.047131047,0.069204696,-0.07025844,-0.1684548,-0.18563274,-0.06975125,-0.27584523,-0.082677655,0.07075737,-0.06517128,0.22877368,0.30113265,0.13428055,0.18782422,0.056102995,0.06249487,0.13229284,-0.04347513,0.11833824,0.2030379,0.07350463,0.11653111,0.13170227,0.09256124,0.055261545,0.30544856,-0.06074529,0.082653195,0.081984945,0.25189435,0.11913933,0.090314254,-0.11207177,0.23964538,0.12511858,0.081762664,0.011524024,0.15893075,-0.05290318,0.12807691,-0.0075066043,-0.07281346,0.07617214,0.06665449,0.0048446106,-0.032847293,-0.113212034,0.14967664,0.011461222,-0.05057066,0.029019529,0.04941688,-0.17447917,0.010293974,0.0071361545,0.06769375,0.039395556,0.058375712,0.037841406,0.039468266,0.040111925,0.19871318,0.2781623,0.28517082,0.003989746,-0.07187229,-0.013905147,-0.09293106,-0.068408616,-0.07352822,-0.06857972,-0.17281908,-0.10982367,-0.17144205,-0.1802566,-0.21168137,-0.24021289,-0.25945553,-0.13413338,-0.07645695,-0.2322798,-0.14591594,-0.052486435,-0.03435967,-0.08228412,-0.13100311,-0.18287194,-0.2912001,-0.097125515,-0.040010355,-0.064739734,-0.029417941,0.06980527,-0.0021264434,0.015833523,-0.09372308,-0.036651216,-0.15749674,-0.16343398,-0.31889758,-0.26721245,-0.25262696,-0.22976029,-0.20382588,-0.25467485,-0.13638783,-0.10821576,0.06457681,-0.008088178,0.15936805,0.009382176,0.15708955,0.048804075,-0.0030062788,-0.045708712
52,0.03017378,0.0863227,-0.033035144,-0.0060343053,-0.10572027,-0.07997425,-0.12048309,-0.15265886,-0.0598518,-0.09596321,-0.08664778,-0.019336972,-0.22313006,-0.08251392,-0.068443045,-0.08598626,-0.035496186,0.09299627,0.10074835,0.2288858,-0.058679823,-0.11943586,-0.07452731,-0.056064066,-0.014078995,-0.03250757,-0.09577332,-0.07442177,-0.11542822,-0.117442146,-0.16927478,-0.09908325,-0.21599396,-0.18430966,-0.20697969,-0.20682313,-0.20572124,-0.19205835,-0.05818288,-0.111087084,-0.0051872805,-0.22310752,-0.16567092,-0.026689015,0.16251878,0.34639388,0.25417903,1.0,0.59701157,0.06369495,0.20067257,0.050457094,-0.033292387,-0.24054994,-0.1593764,-0.18720445,-0.20296913,-0.20184775,-0.15994786,-0.15772001,-0.06787109,-0.09913417,-0.01195761,0.05979892,0.25257438,0.09638881,0.14296785,0.08456047,0.06686383,0.053317584,-0.0073257396,-0.07907798,-0.005135755,0.10911404,0.11878994,0.06653272,0.10939347,0.073499806,0.15622957,0.08068327,0.14453582,0.10428367,0.11222314,0.07690571,0.033970095,0.120133795,0.10198702,0.17226048,0.16768341,0.13327573,0.13544387,0.17103066,0.04220272,0.031587332,0.0134820035,0.056686573,-0.09881308,-0.14214368,-0.110287905,-0.08507438,-0.0066954102,-0.05444576,-0.119422056,-0.20493285,-0.2059052,-0.12207111,-0.17258517,-0.08099502,0.011043921,-0.016860642,0.05787101,0.15550809,0.15443632,0.026492141,0.1401158,0.13527644,0.19385399,0.15995188,0.071973376,0.065971375,0.09100602,0.042605672,-0.018050157,0.0050233435,-0.11475525,-0.07607674,-0.14420731,0.005885801,0.07712908,-0.07689778,0.051493783,-0.12477175,0.012347384,0.0068100914,-0.07975586,-0.16376713,-0.086849295,-0.032243732,-0.021910725,-0.07055702,-0.034538347,-0.049894847,-0.10366707,-0.10946528,-0.04524748,-0.05186996,-0.036282357,0.11611581,-0.023720201,0.15886031,-0.16375077,-0.095073536,-0.06637901,-0.0889711,-0.018601893,-0.026497452,0.06825512,-0.08995237,-0.00870146,-0.10586903,-0.049682226,-0.091907844,-0.150301,-0.09515589,-0.147072,-0.14990653,-0.19129863,-0.07846786,-0.06779343,0.010707925,-0.15316637,-0.10639569,-0.066504724,0.06856182,-0.038759205,-0.03085649,0.43441632,0.7795228,0.42666286,0.23187245,-0.0204371,0.066845186,-0.080808535,-0.0137107,-0.18238342,-0.14408332,-0.19949272,-0.1876798,-0.16574062,-0.08434295,-0.10540368,0.16261983,-0.020724874,0.0033594894,0.07327375,0.08120427,0.21719263,0.034490462,0.00084837986,0.07626429,0.05259716,-0.057070713,-0.071253434,0.040406145,0.09656934,0.15286908,0.07853219,0.08758383,0.09894098,0.18352506,0.090983205,0.074525595,0.07089558,0.05174576,0.11510315,0.048720084,0.17968485,0.104454115,0.02880884,0.13744245,0.049439393,-0.0026489694,0.034373615,0.011600616,-0.084923714,-0.075922415,-0.027795184,-0.08317727,0.0027270205,0.009340501,-0.00047562527,-0.00286045,-0.15727216,-0.1587493,-0.043724325,-0.15289266,-0.10183675,-0.0579378,0.03559329,-0.061718185,-0.044511147,-0.0061119176,0.15159656,0.11374036,0.14269812,0.1825914,0.12687755,0.11593559,0.08001483,0.094465636,-0.0036866497,0.04298173,-0.10903684,-0.018187039,-0.11832968,-0.040175583,-0.045354776,0.021201763
53,0.08368413,-0.0007342584,-0.08324923,-0.02634968,-0.17949657,-0.14519906,-0.24581939,-0.25985637,-0.18580703,-0.17345658,-0.18673092,-0.1828443,-0.22584695,-0.20130575,-0.20290957,-0.079376295,0.10672336,0.085165225,0.18636228,0.16080785,-0.039140422,-0.09612509,-0.1568462,-0.1685728,-0.18577687,-0.10157879,-0.17600337,-0.15792377,-0.1656602,-0.19191872,-0.21329965,-0.097092114,-0.26011002,-0.21037851,-0.22298387,-0.12324013,-0.099792376,-0.054682158,0.019746866,-0.08839437,0.10797362,-0.14483279,-0.17416811,-0.034676597,-0.07550468,0.2112545,0.06219427,0.59701157,1.0,0.35990164,0.30778176,0.22873089,-0.097811475,-0.18969488,-0.06403726,-0.09117106,-0.067628704,-0.05882589,-0.08558287,-0.028759435,-0.0452789,-0.11942764,0.046339642,0.046360128,0.25727865,0.030734455,0.116305895,0.06534615,0.04063273,-0.006299292,-0.1347993,-0.11522278,-0.13912387,-0.0944769,-0.121021725,-0.0758661,-0.08302685,0.055353016,0.16341557,0.14780742,0.14861289,0.07280037,0.13611051,0.11178474,0.12152226,0.22048144,0.12311727,0.21690652,0.23807976,0.20903663,0.2306817,0.25865486,0.088029824,0.09914212,0.069418624,0.09651431,-0.076976515,-0.11025166,-0.07858037,-0.09383522,0.049021896,-0.018975433,-0.083582774,-0.15805517,-0.17433004,-0.0808989,-0.17057073,-0.101457424,0.046455707,-0.01497206,0.094466485,0.20278642,0.18492904,0.11643517,0.16757,0.0917099,0.1500574,0.14322253,0.03495219,0.043416165,0.05414847,0.017271072,-0.06596604,-0.05211822,-0.1653849,-0.13761179,-0.2573427,-0.08878714,0.08394728,0.02987179,0.06613077,-0.21680486,-0.021645052,-0.077160224,-0.207431,-0.2997912,-0.1549529,-0.063902445,-0.061037622,-0.19663076,-0.2112386,-0.16809046,-0.20323402,-0.11904316,-0.1096647,2.6482498e-05,0.068238564,0.10617235,0.06443393,0.16281243,-0.10525908,-0.10567114,-0.03417651,-0.16882667,-0.18562014,-0.14263104,-0.048424207,-0.15389997,-0.09746158,-0.12590809,-0.07233941,-0.14823025,-0.17830929,-0.13423401,-0.12695527,-0.13170801,-0.058896944,0.039409634,-0.067434445,0.12072418,-0.10336219,-0.122213356,-0.13041434,0.02965001,-0.049759444,-0.092944965,0.14510982,0.3676281,0.34748763,0.23463073,-0.020335466,0.17813596,-0.03170676,-0.049454935,-0.13490535,-0.099313,-0.06635398,-0.081994966,-0.029271362,-0.114979066,0.03143443,0.31888434,-0.01247325,0.049212087,0.07630397,0.20805958,0.18124342,0.054685112,3.7319973e-05,0.10010789,0.08371264,-0.08884491,-0.09578718,-0.07583677,-0.07613542,-0.056265034,-0.17324609,0.092420705,0.12371781,0.14931962,0.12656695,0.08494037,0.07482043,0.0057317936,0.2046439,0.13288905,0.22675143,0.096613236,0.27326593,0.09256466,0.11245902,0.028186727,0.053081237,0.044463616,-0.06142953,-0.05196082,0.0036204844,-0.0428058,0.039740372,0.046385076,0.05532469,0.01776706,-0.16348894,-0.11849047,-0.09315854,-0.14765778,-0.07500049,-0.07194701,0.026276967,0.015229826,-0.0400031,0.036108173,0.18943666,0.1644542,0.20350836,0.149626,0.12941921,0.1326208,0.07456615,0.08884267,-0.051065933,-0.031339698,-0.14871474,-0.038950186,-0.21288612,-0.10871924,-0.05723943,0.07050495
54,0.2280282,0.039343994,-0.22990863,-0.15016368,-0.2655919,-0.11203509,-0.19211952,-0.18829657,-0.21765327,-0.15856521,-0.15137297,-0.229293,0.026596371,-0.082477435,-0.13608022,0.072760284,0.18857393,0.013119243,0.075097784,-0.08959407,0.027694458,0.0784402,-0.05817279,-0.08041037,-0.17024413,-0.05848116,-0.14300962,-0.14356604,-0.09868039,-0.14910392,-0.100612216,-0.056494396,-0.07425691,-0.037131917,-0.023546224,0.086339384,0.116054974,0.17359014,0.044759095,0.04741511,0.07973769,0.07465818,-0.0467676,0.0052581695,-0.13301536,0.0004907196,0.014164711,0.06369495,0.35990164,1.0,0.16467123,0.2871901,-0.095867805,0.05432248,0.054645687,0.120054916,0.1692694,0.14003694,0.1175732,0.13725622,-0.06993675,-0.03531249,0.07398973,0.06123355,0.08529518,-0.021477299,-0.101976685,0.08520377,-0.09899884,-0.115844205,-0.15248883,-0.035221137,-0.14894775,-0.2697788,-0.33964634,-0.20963047,-0.1916078,0.025134573,0.23108676,0.14363678,0.06066263,0.024518961,0.053966086,0.027122756,0.015833074,0.06859673,0.03561739,0.018902402,0.08222958,0.03838074,-0.006218144,0.06784531,0.011389941,-0.083582826,-0.079152934,-0.08167911,-0.011474334,0.06498075,0.027436363,-0.05342799,-0.07906546,-0.11778383,-0.06197552,0.02295023,0.029779011,0.03613181,0.026484162,-0.01871626,0.015620785,-0.11054534,-0.055810563,-0.0063744998,-0.0057946974,0.060687836,-0.03644196,-0.04510112,-0.063487686,-0.023419287,-0.05245037,0.00011535388,-0.019117637,-0.025265671,-0.025988903,-0.055655714,-0.030396122,-0.038801905,-0.1264489,-0.1596781,0.00679428,0.20725122,0.24645695,-0.05273853,-0.15420462,-0.22198004,-0.1987403,-0.23016754,-0.055124484,-0.1579781,-0.053611938,-0.25845295,-0.2281138,-0.04856469,-0.04500432,-0.021159414,-0.06704776,0.07397275,0.13608457,-0.017317586,0.024254268,0.011864801,0.105268,0.035582554,0.06544068,-0.015584562,-0.13443488,-0.09827155,-0.083388194,-0.13050136,-0.12028777,-0.10329544,-0.027192684,-0.10621042,-0.04482897,-0.076453485,0.012117775,-0.02412545,0.17515287,0.1325686,0.0021563175,0.054160666,0.014578388,-0.046342593,-0.055537883,0.027479617,0.005314687,0.052348197,-0.27210253,-0.19622381,0.15228431,-0.18813406,0.014925108,0.16801624,0.072567776,-0.0576778,0.0015199366,-0.0011807093,0.12970014,0.13831581,0.13290797,-0.18788871,0.2565999,0.2917104,-0.018532557,0.023327041,0.045419753,0.19986536,0.025354994,0.1062019,0.016886223,0.054118298,0.07700824,-0.044256568,-0.03198473,-0.16680235,-0.2595755,-0.27141896,-0.3028575,0.022482345,0.27676302,0.15230234,0.13528481,0.05085145,-0.06129179,-0.09105044,0.04896609,0.021705482,0.046605922,-0.049876247,0.27580106,-0.16640715,-0.032883838,-0.054048195,-0.017637644,-0.11911615,-0.055313602,-0.007068615,0.024908284,-0.009510157,-0.020899873,-0.08698507,-0.043302238,-0.034515858,-0.06605558,-0.007296609,-0.0075484677,0.01703634,0.047094148,0.02157337,0.005016108,0.02977118,-0.012975305,-0.02685189,-0.013845266,0.04814458,0.016939258,-0.054465577,0.04859373,0.041422598,0.02160178,-0.014906815,-0.06435906,-0.090392865,-0.006071392,0.019972863,-0.09367387,-0.09309402,0.0051436457,0.032819983
55,-0.081305794,0.00095151603,0.005576718,0.02149705,-0.011403315,-0.038911268,-0.05501504,-0.07958515,-0.12359894,-0.034466688,-0.15458743,-0.16864924,-0.10290295,-0.21023743,-0.22522779,-0.021222973,0.3304566,-0.08443222,0.14782333,0.15992373,0.19534424,0.010288616,-0.066193804,-0.07259497,-0.16546677,-0.058590475,-0.12752768,-0.12683795,-0.09191309,-0.08710231,-0.07478763,-0.025092883,-0.03031083,-0.010421092,-0.034489647,0.11999329,0.11016442,0.10561249,0.15912752,0.09384967,0.04874433,0.11863461,-0.016615003,0.09267333,0.009841426,0.17506224,-0.003941729,0.20067257,0.30778176,0.16467123,1.0,0.49708202,-0.043942716,0.057715803,0.2142322,0.05077987,0.17653659,0.23046425,0.2568889,0.27070853,0.40001285,0.30573133,0.5065389,0.22676064,0.33700356,0.17694086,0.10089574,0.048063587,-0.009405104,-0.17073879,-0.21675399,-0.110177,-0.17189795,-0.123162836,-0.088080615,0.016675677,-0.064828426,-0.048415825,0.06555456,0.00011328413,0.14166462,0.13253166,0.2103237,0.19629179,0.00615327,0.04805699,-0.18393926,-0.10497944,-0.1036024,-0.07095633,0.046635125,-0.09017852,0.10934208,0.058211673,0.014898756,0.1661014,0.19062734,0.09114421,0.16711824,0.061961878,0.17420493,0.20423912,0.11893051,-0.069278374,-0.046401434,-0.13109978,-0.24475613,-0.19614951,-0.116538525,-0.051085554,-0.06508991,0.07823604,0.09251852,0.09764689,0.077882156,0.022519918,-0.075875655,-0.13893232,-0.24582845,-0.25008884,-0.28876638,-0.32045382,-0.2541707,-0.36067542,-0.3400988,-0.29637882,-0.25335562,-0.16432777,-0.20304912,-0.26248804,-0.04605578,-0.11335202,0.037329808,0.034928303,-0.030812848,-0.08173659,-0.06749228,-0.0268024,-0.110341564,-0.11829414,-0.16999248,-0.13043481,-0.1633928,-0.067256875,-0.034090955,-0.034917198,0.2771652,0.015224019,0.001983642,0.19819759,0.12302017,-0.09812868,-0.03654798,-0.05669479,-0.12020323,-0.10636303,-0.0021341671,-0.06852034,-0.08361031,-0.027398752,-0.09518493,-0.0034142733,-0.071261935,-0.025477406,0.14885654,-0.007336537,0.09337501,0.15917853,0.009047396,-0.038548674,-0.032482523,-0.02583098,-0.060173124,0.06408874,0.062684424,-0.06535655,-0.033313837,0.21094954,0.13819635,-0.117503084,0.50035673,0.31521466,0.179481,0.028554818,0.08169799,0.26750007,0.19187993,0.28202468,0.19412765,0.2503696,0.33859587,0.54345804,0.077030115,0.14716898,0.18633927,0.05361681,0.25604972,0.05598137,-0.03286859,0.023129875,0.00020330699,-0.0744161,-0.10865923,-0.066504925,-0.0953095,0.029852489,0.027299749,0.08595732,0.04509814,0.04796089,0.09598857,0.12737323,0.09182103,-0.08698595,0.07913354,0.15703422,-0.08077995,-0.1542655,-0.010174147,0.02804429,-0.11113663,0.028596966,-0.048185505,0.14874615,0.06344395,0.1520925,0.018893026,0.22100241,0.27692863,0.23110896,0.16292584,0.1329409,0.113855116,-0.021107633,-0.002558875,-0.2277335,-0.16866328,-0.16174282,-0.11704331,-0.07835952,0.0076524536,-0.00043276665,0.04852447,0.1415141,0.14594825,-0.06912885,-0.19203547,-0.15992662,-0.22665541,-0.16740686,-0.28582427,-0.3067243,-0.3438557,-0.23837347,-0.27330065,-0.114176326,-0.11698512,-0.11919049
56,-0.062186446,-0.15230411,-0.12673078,-0.08523942,-0.15446207,-0.11176105,-0.19814236,-0.2157673,-0.15992805,-0.10865446,-0.22063696,-0.21773377,-0.06642883,-0.22183605,-0.27272317,0.0079295365,0.38656873,-0.1073877,0.20389155,0.09028315,0.19009654,0.08992126,-0.076113716,-0.07741103,-0.18884447,-0.1119438,-0.107150234,-0.140743,-0.08302533,-0.14635071,-0.10137863,-0.024534762,-0.0704942,-0.01537084,-0.07859611,0.14786318,0.19466417,0.16945969,0.13892268,0.05400667,0.0916284,0.17424457,0.01677524,0.23185267,-0.042854518,0.15960163,-0.045002136,0.050457094,0.22873089,0.2871901,0.49708202,1.0,-0.02458252,0.10379389,0.25963825,0.16390191,0.26623455,0.34871778,0.2889276,0.4024181,0.34207183,0.22276956,0.38338807,0.18041824,0.24807687,0.06808296,0.10951306,-0.034594584,-0.019792516,-0.2618215,-0.26530883,-0.10203056,-0.21565132,-0.31276542,-0.2858233,-0.12249243,-0.25701225,-0.10976379,0.09776995,0.05895794,0.12901688,0.08449669,0.21179809,0.1438428,0.0022716934,0.08339281,-0.1977667,-0.09905885,-0.05656721,-0.008655433,0.1325063,0.0069130943,0.014591348,0.13827583,0.040121984,0.14213657,0.1775437,0.08153117,0.17454073,0.07202352,0.21759056,0.22669043,0.13296178,-0.012018225,0.006363958,-0.12808062,-0.24221447,-0.17837882,-0.050700795,-0.024991551,0.011141821,0.13432975,0.15020056,0.1678307,0.07780247,0.029482903,-0.044068936,-0.09118858,-0.22845761,-0.2011783,-0.28036794,-0.30950686,-0.28440613,-0.35680863,-0.3227221,-0.32254776,-0.29828385,-0.19474174,-0.112947345,-0.05949448,-0.048997667,-0.13341528,-0.07083104,-0.10930784,-0.16222158,-0.22229283,-0.13280895,-0.009107835,-0.14200138,-0.20431909,-0.22782962,-0.13586122,-0.15534389,-0.07329448,-0.047064725,0.11697555,0.3402303,-0.031243714,0.098615974,0.20584844,0.19306271,-0.08053431,0.015047262,-0.041191634,-0.11224412,-0.13063511,-0.055917546,-0.101610236,-0.14087465,-0.0009795872,-0.10593985,-0.067556076,-0.07564186,-0.081825525,0.1286044,-0.056910243,0.15315083,0.16729428,-0.06416895,-0.032998838,0.017177198,-0.012987319,0.016555883,0.048644066,0.07015285,0.020865312,-0.20054847,-0.0106982235,0.07954355,-0.17347698,0.36126375,0.6397806,0.41894236,0.10211675,0.16678043,0.2594627,0.28810984,0.36312503,0.31979755,0.17135468,0.38229778,0.49909654,0.053466424,0.1490358,0.1495573,0.1943061,0.10255923,0.03645378,-0.057021867,-0.021455666,-0.029940968,-0.07227937,-0.07756568,-0.14854051,-0.27014813,-0.1630326,-0.13729776,0.03036872,0.09639617,0.045950245,0.12615846,0.11806128,0.03724527,-0.14839685,0.093202814,0.14523233,-0.06992922,-0.23117545,0.22587448,-0.06240372,-0.035534173,0.043475498,-0.03339081,0.15884988,0.023984423,0.15027593,0.026999041,0.21967131,0.28144607,0.25726283,0.19873023,0.12218502,0.1342431,0.025561966,-0.027773643,-0.22710977,-0.17735453,-0.120182514,-0.10467498,-0.0010975484,0.04755452,0.047667146,0.1078155,0.19783208,0.1795002,-0.028678374,-0.10768887,-0.07909399,-0.16523826,-0.15795632,-0.2737258,-0.31120268,-0.32144353,-0.23868915,-0.3138254,-0.11982816,-0.057634287,-0.024312733
57,-0.029319959,0.06362938,0.08486743,0.032137334,0.06177834,0.032117866,0.15232088,0.16934931,0.07435292,0.1601112,0.2326437,0.18425411,0.05826099,0.0752625,0.08595819,-0.014919328,-0.12888321,0.028383452,-0.16012456,-0.054052353,-0.073051095,-0.0741928,0.10643126,0.17188607,0.23894447,0.16321863,0.34505942,0.28686264,0.24257609,0.23188514,0.17681469,0.08622606,0.13841401,0.11068051,0.115960024,-0.018405218,-0.062481012,-0.06428574,-0.019014891,0.013119161,-0.12544939,0.007985143,0.0605193,0.24815561,0.21508363,0.060803007,0.09397729,-0.033292387,-0.097811475,-0.095867805,-0.043942716,-0.02458252,1.0,0.0759358,-0.052588798,-0.08384913,-0.0579026,-0.086182654,-0.037739366,-0.12394771,-0.002179829,0.027910315,-0.098887436,-0.022703301,-0.1066412,-0.016961355,-0.11827476,0.007423619,-0.022553256,0.030393949,0.033934303,-0.029946478,0.038620256,0.056432236,0.048972983,0.006052112,0.058750924,-0.050314,-0.13372834,-0.11055838,-0.14001295,-0.1636586,-0.12939957,-0.19600639,-0.08879457,-0.21838851,-0.0839475,-0.12671971,-0.16651605,-0.15530124,-0.16629109,-0.14111347,0.02023719,-0.14200236,-0.08965715,-0.14743799,-0.06948295,-0.026739398,-0.084859766,-0.053493254,-0.10427453,-0.03827427,0.049830094,0.07457012,0.14668444,0.008954719,0.10166747,0.041063525,-0.011236419,-0.011619439,-0.07251578,-0.049500637,-0.07881534,-0.08474971,-0.009142696,-0.020776726,-0.026437769,-0.07038851,-0.0030331805,-0.040524673,0.043655083,0.024717424,0.06339507,0.07023265,0.12305092,0.088356785,0.13788775,0.0246305,-0.08158473,-0.0557249,0.0060750768,0.1044992,0.010368013,0.05790837,0.108691886,0.16084045,0.13143809,-0.091645636,0.04309562,0.12937549,0.20351213,0.119791046,0.078537434,0.07082542,0.006006602,-0.14214458,-0.10480029,0.010606339,-0.1133776,-0.11842545,-0.07446517,0.033473168,-0.06774069,0.13821681,0.24490343,0.11999333,0.2856014,0.18315068,0.17964312,0.31581926,0.05477504,0.11958622,0.14959297,0.07040456,0.0062670913,0.03704458,-0.060597997,-0.060670245,0.06289567,-0.058414996,0.0069169025,0.045503527,0.26897857,0.06027699,0.11374401,0.0471989,0.057738606,-0.012801097,-0.054106075,-0.009427833,0.048849702,0.021952678,0.22465134,-0.034839593,-0.08640891,-0.058212716,-0.06758825,-0.06818208,-0.10809223,-0.030296981,-0.035082746,-0.11983693,-0.13319406,0.012507973,-0.09068404,-0.09294461,-0.06526806,-0.04838254,0.03959429,-0.0046847467,-0.0070339805,-0.043847337,0.00023841944,-0.00703843,0.055341396,0.045933556,0.075304024,-0.00032780788,-0.12360879,-0.13614844,-0.17375642,-0.11822006,-0.08541712,0.030133277,-0.1838169,-0.17071046,-0.109093755,-0.018022534,-0.23325405,0.032068904,-0.11036865,-0.031993337,-0.0054945443,-0.14648162,-0.048911996,-0.030657357,-0.050358456,-0.09068884,-0.10485597,-0.13660496,-0.057289224,-0.02125882,0.054469213,0.063678995,0.06189367,0.0857551,0.08188283,-0.015803717,-0.011140974,0.0018781513,-0.0010362536,-0.032206323,-0.059801467,-0.083586544,-0.052126225,-0.026995,-0.082027726,-0.10898246,-0.06834677,-0.0061954106,0.088871256,0.0678612,0.11104007,0.019844364,0.13105579,0.021974025,0.001172393,-0.064112425
58,-0.20242701,-0.04387156,0.37453952,0.26765117,0.10079703,0.026130062,0.470369,0.23965533,0.19258432,0.20615283,0.11130413,0.060329825,0.24942283,-0.019055951,-0.015052944,0.095688336,0.0634712,-0.35137022,-0.40027404,-0.37206125,0.112883724,-0.07283593,0.10981433,0.122159235,-0.007974999,0.033078626,0.10520172,0.105064884,0.35349214,0.3150058,0.50840604,0.16583109,0.7207989,0.6936683,0.6088063,0.6191899,0.5042595,0.3424535,0.4173772,0.5317571,-0.035788924,0.49803698,0.49033737,0.28371784,-0.010196297,-0.21790488,0.16066138,-0.24054994,-0.18969488,0.05432248,0.057715803,0.10379389,0.0759358,1.0,0.5219983,0.3118836,0.60935414,0.5726332,0.59258443,0.36806622,0.2287326,0.5046975,0.20141919,0.107867084,0.040397137,0.12685238,-0.079759866,-0.06955464,-0.07864116,-0.058034487,-0.07752571,-0.011789658,-0.042883433,-0.089012235,-0.027087383,-0.011350502,-0.03993817,-0.14828049,-0.011389799,-0.08546475,-0.13866486,0.065378465,-0.05009837,-0.0067652264,-0.21426797,-0.3187345,-0.39419043,-0.6264443,-0.49933043,-0.5712042,-0.46528494,-0.57078236,-0.2029913,-0.22086748,-0.20711306,-0.09887237,0.21576542,0.24367891,0.19014828,0.0883754,-0.08141538,0.06432475,0.19161157,0.120343246,0.21069558,-0.098104306,-0.026742477,-0.062140003,-0.3015295,-0.15142614,-0.43449655,-0.40029702,-0.40397522,-0.17072292,-0.25110072,-0.2817925,-0.47455743,-0.52876246,-0.4014316,-0.45634672,-0.41795835,-0.37100887,-0.20627026,-0.29658085,0.0033462313,-0.0443711,0.21909848,0.003824198,-0.16427846,-0.05003811,-0.1221248,0.07316599,0.11667536,0.00021529508,0.11419132,0.43180797,0.28869438,-0.19716476,-0.0021957702,0.16385803,0.100933254,-0.05739184,0.034987293,0.120609336,0.02319148,-0.22479258,0.04877441,-0.34884256,-0.104136355,-0.27320132,0.23938818,0.13657834,-0.034604743,0.21533307,0.12639663,-0.028847635,0.06134863,0.100613214,-0.028055727,0.29435414,-0.0627023,0.24675909,0.47960448,0.31654617,0.46391353,0.37219587,0.3134063,0.37262988,0.3469097,0.006783722,0.31004477,0.32109392,0.28754452,0.045309313,0.13073123,0.07326507,-0.1855166,-0.28111848,-0.08885889,-0.13987155,0.29321903,0.011747192,0.32232675,-0.013592424,0.29996994,0.47126603,0.5799559,0.5824148,0.44996086,0.113539085,0.4338589,0.049018458,0.02905601,0.08276819,0.05132695,-0.19135322,-0.092293926,0.024691528,-0.032191526,-0.09893251,-0.054781742,-0.0037636792,-0.032855142,-0.09003725,-0.01633386,-0.046668287,0.14051491,0.003362112,-0.0015062405,-0.023365382,0.008763529,-0.0543253,-0.07050441,-0.19286712,-0.28334513,-0.05541274,-0.52005786,-0.5166044,-0.30127603,-0.28926814,-0.466423,-0.09915739,-0.19909428,-0.044143446,0.06484724,0.19025183,0.047178145,0.17167728,0.09064202,0.016781773,-0.09468235,0.029229663,0.25059354,0.11185177,0.05043687,-0.053785115,-0.115438476,-0.076855525,-0.2267235,-0.034590155,-0.0755377,-0.1664709,-0.43451568,-0.24699318,-0.25912958,-0.45299834,-0.5260906,-0.54560685,-0.5088787,-0.43955624,-0.2069297,-0.30934688,-0.031490833,-0.16678542,0.0994284,0.09075809,0.10320847,-0.05427982
59,-0.2346212,-0.23805434,0.28048763,0.25861382,-0.09253362,-0.00072086544,0.26482287,-0.13603091,0.100332476,0.10323733,-0.117446676,-0.23088425,0.16934636,-0.12766068,-0.17608795,-0.032467727,0.26682425,-0.45486653,-0.16971926,-0.13090377,0.44345024,-0.03958303,0.018757073,0.010726639,-0.2602589,-0.050588828,-0.16448604,-0.17953195,0.124862775,0.033091493,0.26626948,0.12411163,0.43932542,0.45025054,0.44946632,0.7987351,0.79074347,0.6675289,0.6263104,0.5987357,0.28132138,0.6653264,0.37228993,0.16264042,-0.10791607,-0.13691047,0.08817658,-0.1593764,-0.06403726,0.054645687,0.2142322,0.25963825,-0.052588798,0.5219983,1.0,0.576412,0.8619046,0.8592074,0.68097603,0.6065109,0.47768897,0.59825826,0.30804068,0.09479572,0.16430123,0.1619315,0.0587319,-0.14938605,-0.104489945,-0.13049479,-0.12430087,-0.05440699,-0.011534142,-0.1143395,0.012812578,0.080559805,-0.08200452,-0.14912626,0.0452869,-0.06289449,0.014897091,0.22646993,0.12470839,0.2155456,-0.085796125,-0.10267364,-0.4508993,-0.56027466,-0.40592104,-0.44405186,-0.17199858,-0.45894328,0.014199875,-0.025144143,-0.070006445,0.12945928,0.35321802,0.30763766,0.31177446,0.14058897,0.13084888,0.21731444,0.22905666,0.0009450938,0.11252651,-0.2807372,-0.27404478,-0.19301997,-0.41247705,-0.17345856,-0.3397394,-0.19865136,-0.19705383,0.080605924,-0.08294568,-0.29201537,-0.5136457,-0.58238226,-0.579884,-0.6194277,-0.63918746,-0.59497684,-0.4263182,-0.5964641,-0.36660263,-0.3805078,-0.13107258,-0.14858294,-0.19239572,-0.16139899,-0.19822823,-0.20146431,0.12727104,-0.0650201,-0.028273221,0.15517634,0.12658884,-0.013611898,-0.090123326,-0.015264875,-0.17717192,-0.17537776,-0.04518436,0.034344923,-0.045541868,-0.06723053,0.20121974,-0.3819546,-0.11765324,-0.056585025,0.4864821,-0.0014860935,0.0012029791,0.10089411,-0.13751172,-0.19487274,-0.0326614,-0.06684422,-0.17794207,0.12487922,-0.22543141,0.14414601,0.2621697,0.12877198,0.44722927,0.40991995,0.61441976,0.6768691,0.26247856,0.19936058,0.22890618,0.21609099,0.059443433,-0.07295077,0.059418302,-0.035214115,-0.14219375,-0.13972652,-0.069842994,-0.10542603,0.30953738,0.017301636,0.22641632,-0.03091211,0.54528034,0.8534545,0.8984084,0.7291466,0.6261634,0.29282174,0.51932365,0.2434736,0.07637877,0.08945257,0.14957324,-0.08741319,0.01858627,0.05753815,-0.096791305,-0.06520267,-0.10522626,-0.034063485,-0.020035157,-0.033376656,-0.004983098,0.017047087,0.112833634,0.06102117,0.012869626,0.01086968,0.14103289,0.041519586,0.033377253,-0.22604044,-0.06785305,0.15514722,-0.43362927,-0.5777192,-0.072983444,-0.23128842,-0.35559335,-0.065802306,-0.17258075,0.16483028,0.13730137,0.27823544,0.077505045,0.32917234,0.36384743,0.26245773,0.09507591,0.10949943,0.27084205,0.036341656,-0.07235958,-0.29687852,-0.3143106,-0.22788101,-0.26546648,-0.05477917,-0.077629395,-0.007232227,-0.2724404,0.009851874,-0.022916604,-0.49134767,-0.61939085,-0.5334509,-0.6130004,-0.51590514,-0.47417527,-0.58789617,-0.37765583,-0.39163646,-0.24453185,-0.05785182,0.00695337,-0.10153941
60,-0.05273541,-0.19550888,0.015847368,0.013730193,-0.068353534,0.055936042,0.06073845,-0.19096325,0.01662379,0.005123801,-0.11092316,-0.18403387,0.103233986,-0.0050392468,-0.038978647,0.06847909,0.20385483,-0.24474931,-0.07147224,-0.17012145,0.31387907,0.13460863,0.074591376,0.04069161,-0.16360395,-0.07154671,-0.11417213,-0.13855344,0.022879459,-0.03694404,0.08004416,0.039955266,0.20216951,0.22163494,0.19417527,0.44060504,0.503747,0.44435605,0.26962492,0.27568698,0.14248854,0.47149673,0.24137549,0.101859584,-0.073091835,-0.09736702,0.054426465,-0.18720445,-0.09117106,0.120054916,0.05077987,0.16390191,-0.08384913,0.3118836,0.576412,1.0,0.5417818,0.57569635,0.43102366,0.42590898,0.2618374,0.35212186,0.2031179,0.016291754,0.06147059,0.081851125,0.066473216,-0.049341895,-0.07291106,-0.109816454,-0.03101512,0.06689436,0.02796677,-0.09200686,0.0026900372,0.048831254,-0.061810676,-0.087695174,0.020974472,-0.08196225,-0.15576619,0.060745064,-0.033134744,0.10387932,-0.086878866,-0.043050017,-0.22015513,-0.3045511,-0.19634497,-0.21629213,-0.13432537,-0.2370129,-0.059715156,-0.09449879,-0.16492826,-0.06517881,0.1549654,0.1974701,0.18272717,0.08458003,-0.03104096,0.019639224,0.08522136,-0.009635447,0.100842044,-0.09040118,-0.1133711,-0.0541331,-0.25172248,-0.10427121,-0.26833153,-0.18469024,-0.19580579,0.051437773,-0.07013789,-0.27572232,-0.41497955,-0.41757447,-0.2634201,-0.29866967,-0.37942022,-0.35254112,-0.23840794,-0.3520295,-0.2353639,-0.23273489,-0.10304513,-0.14252163,-0.046661437,0.025056012,-0.07232391,-0.061820023,-0.028734505,-0.09482655,-0.068111464,0.019473262,0.038130593,0.019627614,0.016498283,-0.06791242,-0.13941988,-0.06507547,0.04525131,0.038205337,0.06188976,0.108884,0.14066237,-0.22169687,0.009068466,-0.14187866,0.32701847,0.044977758,0.064867005,0.10764427,-0.091842175,-0.108055405,-0.07968142,-0.095390916,-0.13017124,0.09615547,-0.16968234,0.08813679,0.094687894,0.02139999,0.26814616,0.17489912,0.4158933,0.37254807,0.088224515,0.038870946,0.15939043,0.14255229,0.04709843,-0.11367891,0.0373218,0.054088704,-0.18439007,-0.19020031,-0.08724014,-0.1430151,0.22978406,0.045037348,0.17189312,0.100921825,0.35463881,0.5570237,0.57885885,0.49049324,0.41284359,0.120575376,0.42600384,0.1321079,0.09117358,0.058137313,0.075140506,-0.017280743,-0.012050684,-0.042487074,-0.07238694,-0.056373242,-0.122225404,0.042115528,0.026860056,-0.007215427,-0.041559175,-0.0015938755,0.05442822,0.008990582,0.019859599,-0.033667076,0.07937437,-0.045912527,-0.06495608,-0.18524154,-0.024437185,0.04573985,-0.23859808,-0.32262084,0.13806446,-0.19268364,-0.24213922,-0.10246792,-0.122626774,-0.038329545,-0.02781258,0.13102196,0.005520027,0.17234716,0.1302394,0.07329554,-0.022827644,0.013254176,0.11104988,-0.007813631,-0.07736997,-0.12567823,-0.16916378,-0.092784695,-0.122592546,-0.06688484,0.009296897,-0.03952362,-0.22760253,-0.0488128,-0.07830508,-0.4065759,-0.3490825,-0.21467201,-0.28454095,-0.29567677,-0.30831096,-0.391095,-0.21905664,-0.22360541,-0.16299166,-0.11233569,0.085601516,-0.031947106
61,-0.22508563,-0.20609663,0.31118956,0.2847738,-0.051142946,0.0011172638,0.29162726,-0.061634902,0.12371402,0.12937286,-0.101086296,-0.19122063,0.18796672,-0.19682907,-0.2384016,-0.05376577,0.26586136,-0.4683599,-0.23180713,-0.24850745,0.36005828,-0.05113182,-0.0530539,-0.06201272,-0.27349585,-0.013836803,-0.120480165,-0.104227,0.19929482,0.14800043,0.37345088,0.17930654,0.5475724,0.57594436,0.53389657,0.83223504,0.7941846,0.61057127,0.6098254,0.64194334,0.19580786,0.6410516,0.35056657,0.12775056,-0.19643925,-0.23254749,0.10237752,-0.20296913,-0.067628704,0.1692694,0.17653659,0.26623455,-0.0579026,0.60935414,0.8619046,0.5417818,1.0,0.88496274,0.748409,0.6118752,0.40510792,0.58311874,0.29422006,0.10145188,0.15802275,0.16404413,0.04215175,-0.14240219,-0.05405132,-0.18449798,-0.20659545,-0.079344995,-0.09518741,-0.1888671,-0.07895662,0.009420314,-0.15000236,-0.17137262,0.09159687,-0.017762778,-0.0092389,0.20649247,0.11010805,0.17132673,-0.13168065,-0.15608619,-0.45911565,-0.60186905,-0.45431072,-0.49480537,-0.26963985,-0.49008644,-0.10314149,-0.06803984,-0.12229695,0.07673728,0.367124,0.345413,0.3284357,0.138739,0.072796024,0.1932938,0.24214011,0.049184132,0.15798245,-0.21512543,-0.22044495,-0.18450001,-0.36771244,-0.18955529,-0.3907427,-0.27109492,-0.26219842,0.009893554,-0.14088026,-0.2706177,-0.5232038,-0.57770216,-0.5823335,-0.62439317,-0.63036805,-0.58984673,-0.42582,-0.57148707,-0.28872257,-0.31607795,-0.03846607,-0.09490985,-0.1388741,-0.05967099,-0.16719848,-0.18749854,0.15793023,-0.08548047,-0.0010093049,0.19181062,0.13853341,-0.015587107,-0.069605656,0.020248001,-0.15103671,-0.2106674,-0.11071776,0.026581043,-0.06883189,-0.13387848,0.21368915,-0.4111671,-0.08019854,-0.11910439,0.44466347,0.047160212,0.0034513087,0.06913239,-0.15234125,-0.20022656,-0.04049456,-0.057949387,-0.13619821,0.1451391,-0.19549145,0.13448681,0.36872742,0.17889158,0.47964704,0.4337121,0.55745685,0.6378701,0.29784435,0.14092475,0.2779283,0.20293084,0.034422792,-0.043787938,0.04384803,-0.014952148,-0.22027695,-0.243238,-0.053727813,-0.16255769,0.3197094,0.010289624,0.21241443,-0.03452544,0.5725064,0.75534093,0.92676324,0.7699856,0.6712409,0.20145172,0.58891386,0.23066607,0.0905719,0.08627109,0.15143476,-0.07905035,-0.023401776,0.036366384,-0.07302631,-0.0840949,-0.13270833,-0.05525172,-0.04689802,-0.084429786,-0.06901239,-0.07066823,0.06296441,0.050682344,0.08280529,0.042733245,0.15944995,0.034409896,-0.017240064,-0.2704342,-0.119326465,0.11575379,-0.4932372,-0.58969986,-0.059707545,-0.29581517,-0.4169853,-0.09712258,-0.20314375,0.12141148,0.13861473,0.295742,0.08609733,0.3216563,0.32052046,0.21157709,0.039920412,0.09531502,0.28772792,0.07506169,-0.023968954,-0.24143817,-0.2872626,-0.17928058,-0.3172986,-0.03178392,-0.08057434,-0.066689566,-0.3280482,-0.0663072,-0.06805052,-0.50029635,-0.6047523,-0.56839067,-0.62808806,-0.5277511,-0.43926758,-0.56338197,-0.31041464,-0.36017784,-0.16446921,-0.007153209,0.095901206,-0.02865803
62,-0.25240216,-0.27432597,0.22108391,0.21302775,-0.06339308,-0.022005921,0.16996938,-0.11189928,0.04669986,0.0741957,-0.1632968,-0.25928482,0.12562251,-0.24327037,-0.28305882,-0.040172048,0.35590664,-0.4103355,-0.09818531,-0.17992625,0.39091074,-0.032806665,-0.08666993,-0.10665997,-0.30549684,-0.06543113,-0.14333281,-0.1367845,0.11496917,0.060995918,0.2359931,0.09486203,0.421603,0.4371323,0.3790462,0.72617984,0.72417825,0.57918584,0.54850817,0.52710617,0.20598227,0.5961527,0.29755825,0.090710096,-0.19206022,-0.13080661,0.011903353,-0.20184775,-0.05882589,0.14003694,0.23046425,0.34871778,-0.086182654,0.5726332,0.8592074,0.57569635,0.88496274,1.0,0.766057,0.79430425,0.49278182,0.55737585,0.36261782,0.105211146,0.17156497,0.1173191,0.053051732,-0.16188706,-0.049203306,-0.22355746,-0.2588256,-0.08287668,-0.1545246,-0.25932238,-0.14151336,-0.00032812468,-0.19477965,-0.18060507,0.08422455,-0.004139319,0.02574411,0.19219929,0.152478,0.18010072,-0.11649632,-0.110165544,-0.48236012,-0.5479929,-0.422368,-0.41106084,-0.14882077,-0.4255935,-0.024535201,0.036508303,-0.062384665,0.13038607,0.37566558,0.3108598,0.34138775,0.18598291,0.19092463,0.28336108,0.28577793,0.053087894,0.15166147,-0.22032374,-0.2662505,-0.21446766,-0.33287692,-0.14019613,-0.29135987,-0.1688637,-0.14945292,0.085497975,-0.08600776,-0.22056194,-0.4529858,-0.51221746,-0.5378881,-0.56594485,-0.64599264,-0.6164216,-0.44934624,-0.6280509,-0.38955006,-0.4095626,-0.15860023,-0.15065408,-0.18306172,-0.106939234,-0.20825455,-0.20005408,0.1097346,-0.07458969,-0.059232585,0.09424937,0.065385684,0.0025243368,-0.10124678,-0.06419814,-0.22752507,-0.24837588,-0.15164083,0.0038268617,-0.060115557,-0.059646394,0.29443684,-0.3352966,-0.039720155,-0.02345181,0.44587243,0.00071614975,0.021486105,0.010557467,-0.20222178,-0.2272711,-0.06820126,-0.09973365,-0.15035233,0.13871779,-0.1845856,0.09170679,0.2337593,0.124614306,0.4777383,0.33180654,0.53089154,0.5861225,0.21676356,0.11505961,0.20151274,0.16336939,-0.037569463,-0.04616124,0.048478793,0.019780844,-0.24807471,-0.20079456,-0.070706174,-0.21504709,0.3168859,0.07093687,0.2078909,0.014540258,0.526013,0.78675413,0.95555955,0.8731154,0.80883914,0.34879625,0.58066666,0.2922479,0.076846436,0.10308327,0.15053327,-0.033884473,0.0071943947,0.044717953,-0.105739005,-0.09243329,-0.12253784,-0.049029607,-0.07286388,-0.10300339,-0.12739366,-0.10548968,0.020268008,0.04731463,0.08417762,0.025708888,0.17347445,0.06570656,-0.002420205,-0.27585742,-0.07234841,0.14041342,-0.46017644,-0.57115203,0.02009033,-0.22087462,-0.32061443,-0.024220135,-0.1853003,0.19394076,0.122404285,0.32532376,0.06346614,0.3661295,0.38814554,0.299554,0.15492097,0.14563346,0.31866142,0.09727388,-0.038356554,-0.27949712,-0.29479817,-0.19753271,-0.28091112,-0.046030935,-0.0154985655,-0.018616596,-0.22480188,0.022175398,-0.012212365,-0.42871898,-0.539343,-0.46387455,-0.5546577,-0.4909063,-0.49208155,-0.60578823,-0.40403873,-0.41466367,-0.28229463,-0.047758736,0.060025506,-0.051915232
63,-0.2252131,-0.1472153,0.2782362,0.22895898,0.012990427,-0.018847547,0.29511514,0.034377944,0.1293792,0.17750286,-0.064041704,-0.10792861,0.13939874,-0.22729385,-0.23481525,0.011063864,0.30682582,-0.33382344,-0.18555143,-0.19499435,0.2229026,-0.04565097,-0.08400767,-0.09462907,-0.17009804,0.031618714,-0.031368047,-0.039544243,0.14100401,0.14744517,0.30777523,0.122281045,0.49874505,0.48707637,0.42661974,0.6085979,0.57218987,0.38222605,0.39516124,0.44803375,0.025623158,0.51320285,0.2825475,0.09119502,-0.11533568,-0.11801318,0.062025357,-0.15994786,-0.08558287,0.1175732,0.2568889,0.2889276,-0.037739366,0.59258443,0.68097603,0.43102366,0.748409,0.766057,1.0,0.64636976,0.5534147,0.60925204,0.37460873,0.13028345,0.15055051,0.11976009,0.0022216088,-0.14353229,-0.03930134,-0.18609314,-0.24102004,-0.069165625,-0.17737608,-0.22486243,-0.08966909,-0.00046944956,-0.12027522,-0.15865421,0.07063163,-0.041371174,0.042495325,0.19372384,0.15439692,0.15607935,-0.1208606,-0.17946711,-0.44146502,-0.55030054,-0.4678614,-0.46464315,-0.23029834,-0.49092966,-0.116442055,-0.04183184,-0.103008635,0.093824394,0.3625188,0.2852232,0.32886162,0.154168,0.14182211,0.25027135,0.25485748,0.04298849,0.15479815,-0.1816457,-0.18063533,-0.15336496,-0.37813327,-0.18247025,-0.34726274,-0.26613608,-0.20539302,0.002292546,-0.1482145,-0.17200358,-0.42944992,-0.51335067,-0.5474398,-0.570594,-0.5525372,-0.5131346,-0.37521338,-0.49624637,-0.24114187,-0.2698367,0.011583763,-0.07026759,-0.16159888,-0.1385247,-0.1764591,-0.04437199,0.1119637,0.0055826297,0.030704089,0.23048252,0.13384742,-0.036029123,-0.06464723,0.05626619,-0.08816392,-0.19272396,-0.15247995,-0.0006337115,0.001076469,-0.14408506,0.28126046,-0.2567839,-0.10309895,-0.06774362,0.31515715,0.022722865,-0.029035747,0.025899205,-0.09569688,-0.13662544,0.016631035,-0.016019545,-0.06948087,0.10810653,-0.12927464,0.14130558,0.28426865,0.17814323,0.5002209,0.31611404,0.3429975,0.38509727,0.2042434,-0.040367663,0.20967686,0.14412323,-0.01128247,0.029622993,0.06303448,0.00252611,-0.19642787,-0.14301777,-0.09921305,-0.2488386,0.33809578,0.039763823,0.18333963,0.00445215,0.41147393,0.69835407,0.7182194,0.92323244,0.63279897,0.41182595,0.521032,0.26162612,0.052298658,0.09600967,0.16105822,-0.11353147,0.007450126,-0.000658873,-0.09626433,-0.10576704,-0.072088964,-0.04516902,-0.09150026,-0.10340984,-0.096651234,-0.033504657,0.10644789,0.055500258,0.07590281,0.008965312,0.18745218,0.0663129,-0.020069951,-0.23327336,-0.15197966,0.0991498,-0.48566404,-0.4898751,-0.14842871,-0.21131021,-0.3810628,-0.05666311,-0.19155909,0.14418472,0.120401226,0.30967793,0.05576333,0.34769142,0.35589594,0.26257303,0.09752048,0.1115934,0.3228945,0.063478425,0.023083001,-0.19225678,-0.2493859,-0.15657242,-0.3130468,-0.07396364,-0.0701128,-0.093826205,-0.30662844,-0.040964093,-0.094197325,-0.41236606,-0.56282747,-0.5408079,-0.5768296,-0.4530574,-0.3685475,-0.46172473,-0.27107424,-0.32617208,-0.123235516,0.05042575,0.12718087,-0.0732408
64,-0.22446173,-0.2743633,0.06387284,0.085615,-0.044872,-0.02305839,-0.03311145,-0.115502566,-0.058380727,0.014673435,-0.21140425,-0.2695591,0.0138518335,-0.30045933,-0.33252016,-0.06270286,0.4260497,-0.24437003,0.084384024,-0.052546967,0.32368612,0.020571303,-0.1722863,-0.20119943,-0.29093194,-0.08587957,-0.12631747,-0.1201891,-0.0216976,-0.019926291,0.041954495,0.020718087,0.16486315,0.19737905,0.11874852,0.44550893,0.4768881,0.3974519,0.32759714,0.26284403,0.15379876,0.39512148,0.08812526,-0.0082126325,-0.20093913,-0.011012632,-0.11073044,-0.15772001,-0.028759435,0.13725622,0.27070853,0.4024181,-0.12394771,0.36806622,0.6065109,0.42590898,0.6118752,0.79430425,0.64636976,1.0,0.52342016,0.38703597,0.3755906,0.123344235,0.13858631,0.0020501546,0.04567535,-0.1561068,-0.014568494,-0.25230283,-0.30314812,-0.08305203,-0.2268915,-0.30200475,-0.1918554,-0.032981448,-0.21272644,-0.14477201,0.06638689,0.023134924,0.10186438,0.14637038,0.20048524,0.16282478,-0.07865538,-0.041859027,-0.41821316,-0.3399113,-0.31261572,-0.20991093,0.03398953,-0.25309336,0.07539693,0.16782902,0.027818242,0.1811668,0.3332788,0.21622808,0.29929549,0.19077481,0.3328596,0.35822707,0.27717578,0.046689466,0.1131652,-0.1619602,-0.2689101,-0.20030369,-0.2147929,-0.0924366,-0.110666044,-0.021480732,0.02861783,0.13318644,0.005673214,-0.06311723,-0.24851918,-0.29157048,-0.41213334,-0.40737534,-0.50599223,-0.5038405,-0.40106323,-0.5547648,-0.41970527,-0.43056947,-0.2456061,-0.17502628,-0.16569687,-0.11771374,-0.21438672,-0.1571668,0.053503957,-0.03018078,-0.05799657,-0.045150287,-0.07071352,0.07838649,-0.08161632,-0.1334935,-0.2708915,-0.26989317,-0.22012778,-0.06999576,-0.031245433,0.0039919335,0.37995133,-0.15130197,0.005411867,0.12902598,0.3509233,-0.04881271,0.010640465,-0.11177279,-0.25513548,-0.1947797,-0.10218428,-0.10638129,-0.12170125,0.07254543,-0.1092751,0.025143668,0.058578633,0.028215969,0.38824788,0.098693825,0.37000254,0.3569381,0.0363005,0.024000948,0.085041605,0.008888859,-0.15925409,-0.0051022586,0.0053726556,0.026888,-0.24045339,-0.11179103,-0.078985564,-0.29402873,0.24252947,0.1341763,0.13620749,0.052917514,0.4088086,0.5921218,0.6784279,0.7967746,0.75751126,0.44699186,0.43399554,0.32927132,0.038172483,0.06987656,0.13296863,0.05198397,0.028248213,0.0064177467,-0.11338488,-0.071787156,-0.0901725,-0.038920034,-0.10948009,-0.11670684,-0.18025234,-0.13413966,-0.024668034,0.020119164,0.089305185,0.0059130513,0.19240175,0.10094361,-0.0111131,-0.23672879,-0.020722296,0.14902544,-0.32285598,-0.38626355,0.093170345,-0.06309015,-0.13990635,0.06987312,-0.1196858,0.2532228,0.099887855,0.30411896,0.039524566,0.36193162,0.4215044,0.37654704,0.29013276,0.19820003,0.29166335,0.10367361,-0.008687662,-0.26694787,-0.2638035,-0.17610937,-0.21891339,-0.029803293,0.031042717,0.038091928,-0.056871314,0.13588288,0.06890524,-0.23121443,-0.33747944,-0.2677413,-0.37396726,-0.34441978,-0.4218369,-0.50220466,-0.4311619,-0.39375845,-0.33590224,-0.06515689,0.041699596,-0.057250753
65,-0.13430344,-0.088812575,0.15407918,0.15744767,0.09850542,0.081443496,0.13197546,0.07755046,0.013759774,0.21314298,-0.07135846,-0.12645744,-0.009293919,-0.21197869,-0.20839985,-0.018185085,0.3719282,-0.18642509,0.11404658,0.11632524,0.27912554,0.11868812,-0.02323913,-0.0589315,-0.12118361,0.013203333,-0.056834195,-0.0042521735,0.045535848,0.08740261,0.1087494,0.10359828,0.15244362,0.12620199,0.11843717,0.3007394,0.29980186,0.2185369,0.21231179,0.19616836,0.032051742,0.37730163,0.124383785,0.054606985,-0.028368538,0.024148216,-0.032486174,-0.06787109,-0.0452789,-0.06993675,0.40001285,0.34207183,-0.002179829,0.2287326,0.47768897,0.2618374,0.40510792,0.49278182,0.5534147,0.52342016,1.0,0.69387335,0.49007523,0.16055915,0.1099642,0.08012138,-0.021125989,-0.1866097,-0.035149954,-0.17463568,-0.22544101,-0.02799541,-0.1628028,-0.1651723,-0.06659242,0.018112147,-0.08019637,-0.070333906,0.005532973,-0.055065725,0.13741037,0.22319835,0.21672957,0.2343833,-0.07966148,-0.13306955,-0.38138568,-0.32127163,-0.38345325,-0.27888337,-0.067151815,-0.36819825,0.055839293,0.0103843585,-0.05710115,0.1606513,0.30342355,0.1975544,0.27632394,0.15140939,0.27598098,0.28873175,0.18427365,-0.085776664,0.008035911,-0.19574638,-0.2739456,-0.1691376,-0.38311288,-0.167911,-0.23738986,-0.08834326,-0.022040753,0.083734676,0.011724194,-0.036599796,-0.29865688,-0.39907968,-0.53846884,-0.54680765,-0.5227245,-0.4840436,-0.3715051,-0.50199574,-0.40762615,-0.3623106,-0.15628155,-0.060471453,-0.1733904,-0.27099752,-0.1516917,-0.08028296,0.17356667,0.14664607,0.11166662,0.11408116,-0.019201694,0.20373991,-0.123474404,0.035129182,-0.13691942,-0.1814435,-0.13909309,-0.017266849,0.05894292,-0.06797125,0.3810586,-0.030942768,-0.028491344,0.1510004,0.2306258,-0.072718866,-0.011152838,-0.031023841,-0.11222153,-0.06874726,0.05116067,-0.014171816,0.011711456,0.103292905,-0.09176404,0.18319084,0.07919014,0.077343725,0.33341658,0.13157943,0.19350609,0.21051179,0.0054993806,-0.08170597,0.03461742,0.05752037,-0.07114579,0.029821211,0.051653676,-0.031779815,-0.1025309,0.03733735,-0.07438537,-0.23605515,0.3724307,0.12755501,0.15599565,0.048682883,0.38670066,0.60143715,0.4318704,0.59129757,0.39970917,0.6872047,0.4403097,0.296884,0.008921329,0.09290646,0.1419815,-0.10493549,0.07170758,-0.051118035,-0.10366123,-0.14946426,-0.02027565,-0.0059658866,-0.09811375,-0.06594504,-0.09648271,0.01118403,0.090865575,0.04780655,-0.009958628,-0.01332632,0.19967318,0.10931153,0.030226849,-0.19001885,-0.13531332,0.14336622,-0.33102664,-0.24202938,-0.23518069,-0.041087825,-0.28659287,-0.03737575,-0.11688502,0.19137909,0.088977635,0.24561724,0.025116555,0.3389766,0.45067686,0.3697506,0.234827,0.14052333,0.2375741,-0.040420767,0.10480189,-0.26977605,-0.3041665,-0.19726832,-0.22562847,-0.107543856,-0.040386416,-0.030202677,-0.13163428,0.103134364,0.060179953,-0.28993395,-0.50927323,-0.42820233,-0.5283678,-0.33930266,-0.39100543,-0.41983312,-0.42922774,-0.36930552,-0.26334876,0.039132167,0.09331697,-0.13037534
66,-0.10345672,0.0030099342,0.3430784,0.26828465,0.120020755,0.090423994,0.44214898,0.14106742,0.18381238,0.27625802,0.101891026,0.08517771,0.16140312,-0.011685959,-0.040563006,0.0953607,0.19005485,-0.42279485,-0.2123676,-0.1576964,0.25247627,0.06684989,0.14512059,0.17640916,0.03336748,0.08013021,-0.044468097,-0.04030569,0.20962577,0.17213272,0.30572423,0.16101211,0.5133105,0.46670842,0.45667765,0.5482214,0.46894437,0.3186287,0.3633722,0.44363275,-0.09826916,0.53320664,0.41506398,0.23870969,0.13194199,-0.09973175,0.1992911,-0.09913417,-0.11942764,-0.03531249,0.30573133,0.22276956,0.027910315,0.5046975,0.59825826,0.35212186,0.58311874,0.55737585,0.60925204,0.38703597,0.69387335,1.0,0.44571903,0.16551949,0.17558147,0.30780804,-0.0046541276,-0.11664314,-0.11121564,-0.10835956,-0.07271242,0.03083921,-0.0012174342,-0.03664834,0.08327583,0.10392167,0.052990124,-0.076807894,0.03134723,-0.12698404,-0.052631535,0.2552601,0.08433683,0.26064333,-0.15948315,-0.22926164,-0.4009961,-0.629705,-0.5000499,-0.5994106,-0.48421273,-0.6422724,-0.1944757,-0.28960085,-0.28708756,-0.018548531,0.29709703,0.303841,0.31181902,0.15041515,-0.06699239,0.0759308,0.1369284,-0.06926286,0.08328009,-0.16163197,-0.16222781,-0.11502323,-0.47957692,-0.18505968,-0.5550366,-0.36877665,-0.35387537,-0.09334645,-0.20276219,-0.28570408,-0.540201,-0.6689273,-0.5903193,-0.61081403,-0.5970948,-0.52695566,-0.35089007,-0.45703173,-0.21646439,-0.17771707,0.12291046,0.023202224,-0.18340415,-0.20264407,-0.08082266,0.0012919027,0.17796423,0.08511516,0.15034184,0.36422625,0.26548135,-0.052224662,-0.0626451,0.18910737,0.12318413,0.0018907342,0.06978332,0.12810719,0.0852053,-0.13039958,0.19320756,-0.32380307,-0.040761348,-0.15733944,0.261797,0.03306812,-0.031360492,0.23379657,0.12823701,0.0102822995,0.16065165,0.03310536,-0.066503696,0.21016914,-0.16049476,0.3009931,0.26414856,0.2327486,0.4406071,0.35617727,0.28113887,0.3634417,0.25087437,-0.12167356,0.21961483,0.26229796,0.1804279,0.018854333,0.15023884,0.05653179,-0.08187167,-0.11048426,-0.028150225,-0.16144235,0.547135,0.04193176,0.2851551,0.020018436,0.3492531,0.73106384,0.5689571,0.5861988,0.39788625,0.3543276,0.73135823,0.23219565,0.11599567,0.12827148,0.20232934,-0.29055664,0.027183274,0.0040366254,-0.060440123,-0.21313928,-0.074919574,0.03242421,-0.013459469,-0.0261115,0.025340155,0.10969068,0.21911849,0.06649408,-0.01581527,0.034178104,0.1328174,0.022710387,0.076431,-0.2207007,-0.23232432,0.07093051,-0.50847185,-0.5131191,-0.4259314,-0.23273201,-0.61184794,-0.21524292,-0.24058652,-0.011067124,0.081683315,0.22473311,0.061894313,0.3021495,0.29241863,0.15094788,-0.08806477,0.01327007,0.21662672,-0.051483095,0.06389165,-0.17728199,-0.24480277,-0.14398521,-0.27216813,-0.20870872,-0.03229648,-0.17035517,-0.435811,-0.14509456,-0.16132027,-0.52673286,-0.6935218,-0.61842906,-0.6438566,-0.5246347,-0.39591607,-0.4492456,-0.24820356,-0.2835037,-0.024735115,0.097053535,0.11811076,-0.14045087
67,-0.13624048,-0.09471738,0.06944359,0.08409723,0.06794841,0.045082577,0.00064668915,-0.015860466,-0.07299351,0.032429364,-0.159448,-0.1607673,-0.052364536,-0.18911865,-0.18209006,0.028925136,0.33986905,-0.14779364,0.12449705,0.07299284,0.27360886,0.12759523,-0.04222992,-0.1008837,-0.19087434,-0.027672095,-0.117461264,-0.121737346,-0.06074415,-0.06459581,-0.022250155,0.00089794816,0.1080653,0.1243717,0.07454026,0.224253,0.2083429,0.15346757,0.17970246,0.15790527,0.019349996,0.25803715,0.07837295,0.058302887,-0.082700856,0.01405126,-0.07555029,-0.01195761,0.046339642,0.07398973,0.5065389,0.38338807,-0.098887436,0.20141919,0.30804068,0.2031179,0.29422006,0.36261782,0.37460873,0.3755906,0.49007523,0.44571903,1.0,0.29611605,0.26098326,0.16359818,0.07835962,-0.04597141,0.009222653,-0.19416846,-0.21974404,-0.037841853,-0.1772486,-0.12964457,-0.097311,0.0024813786,-0.14333795,-0.11710211,0.06835311,-0.021361211,0.123451106,0.19648924,0.2242981,0.25064474,-0.01098483,-0.0018494041,-0.2763902,-0.20411363,-0.20151472,-0.1417744,-0.032943834,-0.21396819,0.02885491,0.0775581,0.006829269,0.18512307,0.2786661,0.19091506,0.25211406,0.12289709,0.238131,0.25752085,0.1350371,-0.03676492,0.003989453,-0.13206334,-0.25338864,-0.21268821,-0.18322587,-0.055929642,-0.1357306,0.0064473688,0.03227415,0.07857129,0.035604376,0.0019911693,-0.15020253,-0.22540992,-0.37790495,-0.32684678,-0.41151237,-0.39304182,-0.32164633,-0.4276418,-0.38490716,-0.31091878,-0.2133204,-0.12065635,-0.20720586,-0.25651404,-0.12684366,-0.10431626,0.1095512,0.055122398,0.039658446,-0.0020415823,-0.053433724,0.075802565,-0.09939452,-0.07380884,-0.15410748,-0.1742135,-0.13776062,-0.05124765,0.02634165,0.035573557,0.3039455,-0.057132605,0.059263345,0.17522642,0.2523826,-0.03091629,0.013881399,-0.053964082,-0.15446511,-0.12254868,-0.0260359,-0.044254106,-0.081845544,-0.032257,-0.104532644,0.053066894,-0.02700513,0.020050338,0.2614931,0.039098646,0.14397141,0.17687804,0.012817407,-0.075123064,0.049817577,0.031883724,-0.08379646,0.01718896,0.020801155,-8.892857e-05,-0.16137066,0.030520344,-0.0052753626,-0.23263703,0.42704856,0.25521395,0.18423772,0.117484525,0.27426183,0.40360066,0.3147009,0.41902053,0.3032047,0.320174,0.41342095,0.4377493,0.1853388,0.13525246,0.19434655,-0.024896957,0.1214116,0.03264162,-0.06729712,-0.045195747,-0.0759405,-0.009382606,-0.09677589,-0.05881009,-0.10871295,-0.046968628,0.03960532,0.036055423,0.06858391,0.055870365,0.1852533,0.11190883,0.09965138,-0.15211736,0.017673088,0.17759226,-0.19080055,-0.23335257,-0.058290474,-0.026221806,-0.16174309,0.01682307,-0.09557868,0.18432349,0.10673865,0.23095019,0.04137656,0.31809622,0.3279078,0.28250793,0.19870874,0.13869162,0.2103107,0.006074941,0.061795678,-0.23897357,-0.2162135,-0.17914157,-0.16966498,-0.10680069,0.038223714,-0.02742024,-0.027472356,0.109435104,0.0911708,-0.13258633,-0.2925249,-0.22832063,-0.31077152,-0.29724616,-0.36174,-0.3762323,-0.4007405,-0.2842169,-0.28265154,-0.052775647,-0.012424234,-0.12222747
68,0.019677026,0.04463132,-0.0038920115,0.014213416,-0.0053038583,0.004771464,-0.02369481,0.009463697,-0.0557846,-0.011340968,-0.064804345,-0.075452164,-0.058659684,-0.0804632,-0.08736131,-0.06417815,0.12422156,-0.050482728,0.037998863,0.025395852,0.08159059,0.048742898,-0.0027747964,-0.056949105,-0.08767165,0.0068381187,-0.05004063,-0.058400955,-0.039318755,-0.043289404,-0.009802698,-0.020399163,0.041777104,0.05259829,0.0383792,0.08497366,0.063635685,0.03177448,0.05255856,0.06562668,-0.033188608,0.1003269,0.05034182,0.041766893,-0.047257926,-0.031388156,-0.013690817,0.05979892,0.046360128,0.06123355,0.22676064,0.18041824,-0.022703301,0.107867084,0.09479572,0.016291754,0.10145188,0.105211146,0.13028345,0.123344235,0.16055915,0.16551949,0.29611605,1.0,0.19387664,0.21479815,0.06976326,0.086458884,0.050162915,-0.08009976,-0.09103077,-0.025131855,-0.10616099,-0.010933187,-0.031218242,-0.009542365,-0.05340504,-0.033575375,0.082596995,0.0131735355,0.107151434,0.14099523,0.14603786,0.17083654,0.035164867,0.097014196,-0.08851128,-0.09420564,-0.06770875,-0.090222254,-0.064759105,-0.12209172,-0.019444482,-0.047230426,-0.04748166,0.06998918,0.09840489,0.02934551,0.1190028,0.032509096,0.06470798,0.049762856,-0.0069581904,-0.09602571,-0.06530896,-0.14670704,-0.1633255,-0.1379704,-0.09648415,-0.06663716,-0.08718554,-0.012321696,-0.027062701,-0.002620261,-0.0026891453,0.0381398,-0.059606917,-0.088335276,-0.22719738,-0.18263789,-0.17364271,-0.16302441,-0.1585566,-0.16591623,-0.12507537,-0.10491748,-0.05281824,-0.006397481,-0.06504674,-0.08267112,0.024400212,0.0023082395,0.02322485,0.026178887,0.04183093,-0.026821794,-0.036749136,0.014643791,-0.06537539,-0.04629545,-0.0743047,-0.07327939,-0.067983985,-0.04363294,0.017309535,-0.053573627,0.09842855,0.00023759625,0.024375325,0.062002756,0.09943826,-0.020434724,-0.026115365,0.0034643847,-0.052864112,-0.05673654,-0.0040497826,-0.0066738394,-0.054988064,-0.049319062,-0.012327824,-0.0018901697,-0.0062983152,0.014506191,0.06923233,0.0075144577,0.031437784,0.046340477,-0.022549823,-0.052226182,0.0046340185,0.025749717,-0.009877632,-0.0063514556,0.013587705,-0.027754802,-0.05170298,0.044992767,0.06362687,-0.08019722,0.14506881,0.13215543,0.10667102,0.08928534,0.079675026,0.13542935,0.09725775,0.13729854,0.08842343,0.07603382,0.14067823,0.24525367,0.061795253,0.120789036,0.13235639,0.0406211,0.11291793,0.06010214,-0.013832422,0.049240176,-0.03120749,-0.008431608,-0.06760312,-0.02777978,-0.0108346725,-0.06516447,0.037294194,0.028899014,0.07042029,0.10119034,0.11323231,0.068314396,0.12287648,-0.025737543,0.08698524,0.060791004,-0.07562364,-0.091667786,-0.09268398,-0.027043821,-0.12359608,-0.023763778,-0.057697825,0.03841948,0.04264975,0.058983777,0.020461582,0.15706776,0.14506026,0.08612089,0.052837558,0.040220167,0.03041176,-0.062358357,0.04263521,-0.14584075,-0.133823,-0.10648028,-0.06756793,-0.01506379,0.003300343,-0.052100174,-0.033611376,0.021088954,0.04071937,-0.044765588,-0.13626963,-0.11232418,-0.17094226,-0.14288445,-0.14062138,-0.14137273,-0.1374788,-0.11402402,-0.07873167,0.0041052187,0.019702796,-0.042494263
69,-0.061748523,0.057041567,0.03028299,-0.0007950418,-0.10797615,-0.08043462,-0.05184722,-0.14431615,-0.100914076,-0.10818986,-0.17542547,-0.17354877,-0.11623785,-0.19240601,-0.16151911,0.05714795,0.23356569,-0.07335575,0.11613321,0.087280266,0.16781276,-0.0052659195,-0.08286646,-0.11312969,-0.21124385,-0.059118945,-0.19573414,-0.18410166,-0.090246715,-0.1493909,-0.0784758,-0.029027095,0.008347993,0.03983419,0.0144193,0.13898653,0.1350947,0.060425837,0.15327017,0.1411727,0.053475995,0.09122527,-0.024165586,0.010142057,-0.06752091,0.061649635,0.10978033,0.25257438,0.25727865,0.08529518,0.33700356,0.24807687,-0.1066412,0.040397137,0.16430123,0.06147059,0.15802275,0.17156497,0.15055051,0.13858631,0.1099642,0.17558147,0.26098326,0.19387664,1.0,0.4811834,0.48124927,0.25451243,0.07663117,-0.09668829,-0.15098801,-0.08132284,-0.16706038,-0.03823097,0.004449747,0.01898271,0.047904477,-0.023105813,0.27526245,0.043858744,0.1381864,0.23720138,0.29286325,0.2791732,0.071212485,0.1632192,-0.07256046,-0.08960963,0.029009774,-0.040099133,0.028093068,0.016718922,-0.013516093,0.053372756,-0.023003878,0.13457045,0.10991344,0.040860765,0.12667589,0.043096934,0.089476645,0.10535376,-0.006246795,-0.16036731,-0.12192318,-0.1710545,-0.282058,-0.20789208,-0.14396057,-0.10245085,-0.12993157,0.0002955139,-0.01812266,0.013004857,0.016771449,-0.019924764,-0.07109975,-0.11304867,-0.12581243,-0.13483693,-0.22244856,-0.2507258,-0.22897217,-0.2697411,-0.26478782,-0.21809092,-0.19490685,-0.073676385,-0.017468235,-0.17503688,-0.012025384,-0.020892542,-0.04812175,-0.0269591,-0.13333693,-0.08808189,-0.03007318,-0.1638897,-0.0805543,-0.15960997,-0.16443829,-0.1606359,-0.16592209,-0.09975765,-0.0030494865,-0.022528356,0.19243665,-0.016747251,0.10755077,0.12490363,0.120533,-0.01749996,-0.069003254,-0.082863934,-0.122545145,-0.151495,-0.032714713,-0.114497066,-0.13680987,-0.04925369,-0.12259773,-0.024738146,-0.057128884,-0.018556116,0.11243856,0.001264805,0.037972517,0.15418006,0.07456514,-0.023559054,0.043681156,-0.026537662,-0.09488514,-0.024331769,-0.020680232,-0.030020026,-0.017108519,0.16485755,0.32090884,-0.054909088,0.17434613,0.1685664,0.043847427,0.064952105,0.013737781,0.16661981,0.1702965,0.15781356,0.13081591,0.008923642,0.2709128,0.52143854,0.11271362,0.1651382,0.3633012,0.10984544,0.2540147,0.21695325,0.066991284,0.16965702,-0.0371048,-0.05523351,-0.12094855,-0.04764926,-0.021184864,0.033845242,0.07322078,0.19259627,0.19879493,0.21321043,0.22522482,0.16702506,0.17559393,-0.06355287,0.18808922,0.17520404,-0.020368977,-0.20623377,0.110556126,-0.070773,-0.115975924,-0.007938463,-0.0549864,0.070801534,-0.0031990085,0.095886536,0.024035856,0.17349847,0.18496773,0.12914585,0.050755493,0.0739272,0.0141227525,-0.09793866,-0.11066143,-0.26038074,-0.21628356,-0.12221211,-0.147991,-0.075513296,-0.03294447,-0.06265938,-0.023645587,0.015839277,0.08831774,-0.061230395,-0.11199033,-0.08081784,-0.12091094,-0.15206549,-0.25306752,-0.24607186,-0.26760235,-0.16450146,-0.2280636,-0.07738533,-0.05281244,-0.036578782
70,0.047566995,0.09898986,0.07125662,0.042532336,-0.024216225,-0.034218743,0.13552438,-0.04759884,0.010728186,-0.027690306,-0.031439856,-0.011727605,0.013764305,0.039746888,0.05103383,0.14467214,0.075127035,-0.07765158,-0.098563455,-0.023374671,0.09225707,0.045684073,0.14127699,0.10272509,-0.029660068,-0.059605967,-0.109006606,-0.1116081,0.010301649,-0.053383216,0.049868666,0.03256747,0.1542125,0.14901713,0.14274286,0.17014317,0.15020862,0.060324658,0.09540944,0.1460152,-0.091393284,0.17374252,0.18265381,0.09198635,0.059887964,-0.031308226,0.16501506,0.09638881,0.030734455,-0.021477299,0.17694086,0.06808296,-0.016961355,0.12685238,0.1619315,0.081851125,0.16404413,0.1173191,0.11976009,0.0020501546,0.08012138,0.30780804,0.16359818,0.21479815,0.4811834,1.0,0.39492214,0.34618652,0.05150625,0.03365718,0.05584054,0.0135214,0.027443672,0.14275324,0.14359438,0.07614447,0.16081437,0.03089003,0.1705396,-0.09122895,-0.037876118,0.17111975,0.13312097,0.21989426,-0.009695496,0.03310826,-0.032993685,-0.18646997,-0.049408227,-0.18626083,-0.23133263,-0.18594745,-0.16709897,-0.19214293,-0.1712257,-0.0060553937,0.0910511,0.07685507,0.17042677,0.07548177,-0.13368839,-0.064860396,-0.07790729,-0.16847256,-0.11266496,-0.1269702,-0.17882633,-0.13082157,-0.18345827,-0.111864835,-0.27153075,-0.13120519,-0.17697047,-0.081666276,-0.080632,-0.12622078,-0.21536489,-0.26047185,-0.16759312,-0.19315998,-0.20873128,-0.19284229,-0.14721635,-0.1603471,-0.099779055,-0.043734107,0.017392678,-0.02131602,-0.08865468,-0.12123548,0.052960347,0.022259397,-0.00928948,-0.017995644,-0.035838358,0.07488702,0.115634285,-0.17447086,-0.06424875,-0.00604121,0.022996515,0.028288914,0.047176935,0.025160143,0.08229871,-0.062840424,0.07008422,-0.04894691,0.039145857,-0.08608301,0.06386435,0.015933538,-0.04929612,0.12558082,0.06483715,-0.025940234,0.002803582,-0.0717473,-0.089742385,0.055224963,-0.13305117,0.04932922,0.047453556,0.06108317,0.08258327,0.0909633,0.039388772,0.10579531,0.12031839,-0.093245976,0.08753586,0.124135055,0.085249685,-0.05831376,0.014744774,0.030464558,0.025487999,0.009374836,0.19242042,0.034348194,0.23714142,0.03500421,0.1006689,0.040659223,0.010261769,0.21517748,0.15369207,0.08728438,0.037195843,-0.056391377,0.30699736,0.2418402,0.16753593,0.20663576,0.3476561,0.047935843,0.26248354,0.29305404,0.10577603,0.1371055,0.025247034,0.01734708,-0.021357033,0.07112222,0.120816216,0.13704099,0.13123411,0.19209187,0.07834898,0.14883755,0.07476294,0.055557996,0.17092597,-0.03644058,0.03636303,0.059154868,-0.085837595,-0.20497933,-0.14099725,-0.1478102,-0.2801812,-0.13514568,-0.08419945,-0.10282805,-0.0052267634,0.048850372,0.009259381,0.18155642,0.12298461,-0.017195327,-0.12755494,-0.054487795,-0.031626366,-0.13106827,-0.025281552,-0.17181021,-0.14279942,-0.085884325,-0.11574719,-0.123862244,-0.037010297,-0.14958666,-0.16408114,-0.1053004,-0.016754685,-0.21435197,-0.22938009,-0.21031833,-0.20999321,-0.19185287,-0.19278412,-0.1726777,-0.10833374,-0.047609977,-0.015176092,-0.013466371,-0.033302557,-0.052095387
71,-0.05623227,-0.035236366,-0.05745405,-0.06401095,-0.038237102,-0.016655037,-0.12482109,-0.14579111,-0.07558558,-0.13600744,-0.1592606,-0.14575106,-0.108641155,-0.14770845,-0.11444159,0.019885525,0.1804862,0.024327017,0.14179368,0.10005489,0.11542581,0.011869923,-0.09293985,-0.12362625,-0.19089176,-0.09644403,-0.20102601,-0.18251036,-0.12196057,-0.17209561,-0.12242687,-0.048487872,-0.07664622,-0.034731254,-0.07566577,0.00815535,0.047618836,-0.029631305,0.03928896,0.0048300065,0.018484589,-0.010110397,-0.049395837,-0.075824775,-0.09177124,0.0155158825,0.034554884,0.14296785,0.116305895,-0.101976685,0.10089574,0.10951306,-0.11827476,-0.079759866,0.0587319,0.066473216,0.04215175,0.053051732,0.0022216088,0.04567535,-0.021125989,-0.0046541276,0.07835962,0.06976326,0.48124927,0.39492214,1.0,0.29067534,0.1759855,-0.075545244,-0.087324925,-0.05156252,-0.09350221,0.024011457,0.060758308,0.07045235,0.00024748748,-0.07604821,0.21688211,0.07190866,0.11165145,0.13378187,0.21015203,0.15010524,0.05654874,0.1725962,-0.017167423,0.04515359,0.113320276,0.102170914,0.13646421,0.12195892,-0.0032134256,0.11608502,0.032108136,0.12058529,0.06617501,-0.017283427,0.048579566,0.02281794,0.10161747,0.11156559,-0.013439711,-0.12350782,-0.15048292,-0.076925054,-0.21425302,-0.1354565,-0.05323906,-0.00060278334,-0.0022972333,0.08115313,0.059849568,0.029162645,0.06213236,-0.0132173775,0.008271202,-0.00937705,0.022269815,-0.016156415,-0.09326415,-0.1239538,-0.15549399,-0.1434382,-0.19588944,-0.15962632,-0.18033029,-0.06434673,0.014134156,-0.063463144,-0.07610646,-0.014186566,-0.054048043,-0.020565886,-0.07864103,-0.1262105,-0.07905823,-0.05510116,-0.035916377,-0.14313325,-0.14462587,-0.12411675,-0.15168571,-0.067723654,0.021557692,0.018831998,0.14027335,0.061515506,0.13843809,0.07092062,0.06329111,-0.009498063,-0.07959615,-0.10930875,-0.15080969,-0.12412204,-0.094192676,-0.11406809,-0.13447933,-0.050076403,-0.07799539,-0.087448984,-0.112757914,-0.044499375,0.0069669057,-0.092121646,-0.046229113,0.055972826,-0.0063038706,-0.06143757,0.019531794,-0.028420297,-0.12762286,-0.09055589,-0.06805294,-0.02860572,0.013858573,0.14155671,0.17309786,0.008887014,0.05628238,0.078396186,-0.035650436,0.11208003,0.01211642,0.054136842,0.045703433,0.029288352,0.050076667,0.010392764,0.08486109,0.24858747,0.10399262,0.052976664,0.26434964,0.12218277,0.17336518,0.037672337,0.083329014,0.22732176,-0.08253079,-0.047709215,-0.059955973,0.019046647,0.016993623,0.054143257,0.11838797,0.12298388,0.16802314,0.14631547,0.1377175,0.09917576,0.1104797,-0.026063124,0.19244704,0.103080995,0.076583736,-0.09421352,0.1890276,0.029903261,0.036471292,0.033598643,-0.022597505,0.069947064,-0.023637589,0.047650244,-0.0008170939,0.08507525,0.10992775,0.1134742,0.09045239,0.033376347,-0.003757733,-0.06301873,-0.057262123,-0.197396,-0.17477065,-0.057371862,-0.04640465,-0.077270456,0.012658484,-0.026947929,0.07127139,0.035468478,0.08446607,0.00804914,0.0104027,0.07203589,0.0091649005,-0.058444556,-0.15864442,-0.13716318,-0.18831801,-0.09692255,-0.17565045,-0.08799477,-0.038210455,0.01395307
72,0.06616334,0.1821317,-0.15282138,-0.20270605,-0.022512604,-0.07856925,-0.1221707,0.013208506,-0.060900062,-0.18862894,-0.052210428,-0.064890325,-0.070515625,0.021452352,0.04406231,0.20208082,0.22948223,0.16966014,0.032251857,0.03404088,-0.014461154,0.04482602,0.055561893,0.046690453,-0.01898117,-0.01824278,-0.08671919,-0.09489394,-0.09264979,-0.1311867,-0.09164032,-0.086354755,-0.0706458,-0.05689793,-0.046828236,-0.06860029,-0.07586489,0.02102723,-0.034570895,-0.047195736,-0.031783547,-0.08204233,-0.036272995,0.030610729,0.050027404,0.05973958,0.10731081,0.08456047,0.06534615,0.08520377,0.048063587,-0.034594584,0.007423619,-0.06955464,-0.14938605,-0.049341895,-0.14240219,-0.16188706,-0.14353229,-0.1561068,-0.1866097,-0.11664314,-0.04597141,0.086458884,0.25451243,0.34618652,0.29067534,1.0,0.14601529,0.061769187,0.06146654,0.03528058,0.063714296,0.25003392,0.2186021,0.102035396,0.35351953,0.14286359,0.06994549,-0.049846616,-0.0910139,-0.12460381,-0.06406696,-0.10589321,-0.06871953,-0.008464607,0.06882717,0.071093164,0.089991644,0.05694849,-0.03400399,0.105098605,0.030704511,-0.16152799,-0.14977852,-0.21266283,-0.23791637,-0.19827387,-0.15431046,-0.08887666,-0.07830951,-0.13282607,-0.09328423,-0.08672388,-0.049327146,-0.004344275,-0.07321887,-0.048039418,0.0010078212,-0.041873142,-0.056651436,0.036280215,-0.025347725,-0.03577363,0.041471023,-0.018017396,0.0042749885,0.011261343,0.15285102,0.09680785,0.095625415,0.07310081,0.035816733,0.06867788,-0.00548463,-0.01553929,-0.11837208,-0.14752209,-0.05942267,-0.028846635,0.10330084,0.21679233,-0.21165282,0.0023045335,-0.11424082,-0.096812956,-0.008149079,-0.2231638,0.004611397,-0.14473061,-0.04288596,0.047072783,-0.014793625,-0.018573832,0.07459677,-0.1011435,0.14182088,0.18363126,0.100706846,-0.0656357,-0.029657925,0.02520752,-0.08484718,0.017053744,0.0022505536,-0.0040540826,-0.013557979,-0.051362365,-0.07082656,-0.075379215,0.04533482,-0.092180766,-0.059627723,-0.07980843,-0.10903945,-0.18620436,0.03383702,-0.01363711,0.021152638,-0.06944904,-0.025628028,-0.020997886,0.0021366065,-0.02664127,0.00917376,0.0014718918,0.0003421638,0.03418009,0.093298964,-0.05523766,0.0088337725,0.07873107,-0.0038007977,0.063788295,-0.14667483,-0.16307013,-0.14828059,-0.16289055,-0.14059493,-0.19622284,-0.03447701,0.13111204,-0.03438282,0.05819856,0.11617325,0.13471763,0.1525322,0.19513905,0.35159466,0.6822937,0.0793073,0.024006616,-0.056399614,0.14435552,0.19423003,0.2555601,0.14129065,0.06957023,0.08528298,0.029718664,-0.09720379,-0.048216823,-0.016383084,0.0274365,0.022788897,-0.10556716,0.117949404,0.04287488,0.012029881,0.0049315295,-0.014217152,-0.03637338,0.0053765117,-0.28724244,-0.24048796,-0.14654286,-0.10509109,-0.12989086,-0.12296509,-0.16481829,-0.033007022,-0.08363296,-0.17052025,-0.05849244,-0.046910226,-0.0664089,-0.028273594,-0.015780427,-0.0019249569,-0.05251329,-0.00020675443,-0.059821088,0.025380107,-0.035527103,0.024016147,-0.0030848235,0.06339847,0.12301392,0.10457214,0.068358004,0.027631247,0.03478052,0.022846406,0.036193863,-0.06313016,-0.14474891,-0.11781302,-0.040564947
73,-0.030537302,-0.089368664,-0.012414728,0.010350184,0.085968085,0.02740908,-0.066427216,0.0025881212,-0.09384855,-0.016495755,-0.09188808,-0.041747626,-0.0746961,-0.07310102,0.0014564734,-0.01972177,-0.016528148,0.06532397,0.025079954,0.014521228,-0.06853001,-0.036616053,-0.06145858,-0.13744314,-0.08609471,-0.097640194,-0.06534992,-0.052773558,-0.06827102,-0.049745478,-0.08325042,0.004747376,-0.09180299,-0.09452012,-0.10670453,-0.10992542,-0.08606875,-0.19310306,-0.08315487,-0.099372074,-0.08106243,-0.0950849,-0.14945807,-0.112532794,-0.11869923,-0.030987171,-0.06592902,0.06686383,0.04063273,-0.09899884,-0.009405104,-0.019792516,-0.022553256,-0.07864116,-0.104489945,-0.07291106,-0.05405132,-0.049203306,-0.03930134,-0.014568494,-0.035149954,-0.11121564,0.009222653,0.050162915,0.07663117,0.05150625,0.1759855,0.14601529,1.0,0.07354005,0.02759393,-0.03607769,-0.06205093,0.11239102,0.06900215,0.031538527,-0.015873887,-0.05650449,0.02278836,0.06921129,0.0892955,0.04963601,0.12260905,0.046176612,0.07315181,0.1304142,0.054119386,0.13187198,0.10290639,0.14419354,0.1700349,0.113843255,-0.0036607431,0.15811905,0.14234926,0.1450646,0.04221748,-0.04554668,0.023800302,-0.0019898263,0.15247904,0.11645737,-0.024363732,-0.07731119,-0.09875021,-0.061631687,-0.094146974,-0.02961873,0.030522585,0.01060884,0.05647402,0.01452407,0.031686224,-0.110271074,0.031175695,0.128275,0.14958413,0.16709818,0.0026612787,0.010959381,0.0381486,0.009391395,-0.04759449,-0.010913453,-0.06320642,-0.050426494,-0.089377604,-0.0009863541,0.050676923,-0.015039511,-0.08308016,-0.0635824,0.06517556,0.04491051,0.090478465,-0.046818405,-0.08496905,0.09270593,0.043260727,-0.019241754,-0.058084443,-0.1124336,-0.12102654,-0.0609821,0.06275946,-0.06377954,-0.03855411,0.068900906,0.04836423,0.01037393,-0.097592086,-0.033296492,-0.09706946,-0.13135003,-0.1120537,-0.044913355,-0.14526331,-0.06333964,-0.018764181,-0.051500324,-0.025640609,-0.10407656,-0.083376884,-0.050081335,-0.069080316,-0.03306978,-0.19431743,-0.124848485,-0.05298042,-0.0837658,-0.07120739,-0.10378705,-0.118228205,0.046945613,-0.056056116,-0.0030608575,0.009817588,0.06422811,0.055681735,0.0462771,-0.09937671,-0.013535362,-0.084257886,0.10370417,0.02465737,-0.08894166,-0.06354945,-0.033873107,-0.034824155,-0.0028042193,-0.080114044,0.06107328,0.09023344,-0.013568946,0.06259251,0.06887672,0.020436808,-0.05847336,0.13649276,0.4106974,0.022727974,-0.03972029,-0.053859092,0.09536974,0.085098885,0.023554798,0.05578997,0.011237293,0.03935868,0.04849327,0.07430162,0.08978393,0.005401095,-0.017207388,0.13342474,0.087347105,0.081982546,0.081824996,0.15726201,0.037670374,0.09865644,0.083242945,0.035291564,0.11147506,0.04118028,0.021601798,-0.0049634357,0.07730816,0.0929238,0.10907752,0.13001539,0.07522981,-0.016851457,-0.041923754,-0.025224883,-0.06856502,-0.069980554,-0.00036894824,-0.058037464,0.0060041705,-0.07063041,-0.07297516,0.03959839,-0.053315293,0.0063925865,0.133893,0.118083276,0.050970465,0.026090652,0.044423483,-0.010347748,0.03648094,-0.08078109,-0.025611514,-0.08557929,-0.0032150398,0.031028572,0.023489853
74,0.08878373,0.04459034,0.11854064,0.082129,0.07459504,0.013281474,0.14487773,0.046798818,0.09819354,0.036541928,0.14082006,0.12838846,-0.007030801,0.44931275,0.5239985,0.37098548,-0.3508497,0.0618971,-0.09039762,-0.07954526,-0.19944799,-0.0052088997,0.33053294,0.23555581,0.16429783,-0.015528564,0.07128999,0.03790558,0.0035799334,-0.0053624646,-0.03262897,-0.062844954,-0.018597687,-0.06966975,-0.027253399,-0.16240822,-0.18712682,-0.14344454,-0.12578367,-0.10361091,-0.06996826,-0.10502545,0.028050967,0.036582455,0.10915308,-0.056939896,0.107619256,0.053317584,-0.006299292,-0.115844205,-0.17073879,-0.2618215,0.030393949,-0.058034487,-0.13049479,-0.109816454,-0.18449798,-0.22355746,-0.18609314,-0.25230283,-0.17463568,-0.10835956,-0.19416846,-0.08009976,-0.09668829,0.03365718,-0.075545244,0.061769187,0.07354005,1.0,0.59399533,0.1938397,0.293328,0.3546777,0.20928222,0.060454275,0.21755978,0.088484116,-0.074885175,-0.04125517,-0.067335114,0.01859925,-0.09645314,0.031630453,0.08801254,0.01118497,0.1610924,0.07305644,0.11563057,0.025196237,-0.0209681,0.020971186,0.04255678,-0.10748803,-0.00089159014,-0.056588873,-0.16400512,-0.086273804,-0.11477322,-0.091378614,-0.20783398,-0.26588368,-0.25343114,-0.14270759,-0.12185589,-0.007688811,0.086820334,0.10144536,-0.032571368,-0.06856949,-0.08707884,-0.16288665,-0.1579177,-0.21795152,-0.09795412,-0.037280366,0.008701202,0.0358304,0.12735763,0.1260988,0.20318356,0.21870075,0.20312738,0.2364046,0.18310264,0.18673204,0.10895115,0.060427923,0.034413163,-0.005351339,0.044975214,0.0041168877,0.037688185,0.058298554,0.040903673,0.10362312,0.115922906,-0.0964975,0.048718445,0.11020476,0.15167335,0.17085767,0.35871875,0.11470164,0.07296584,0.09334728,-0.2757832,0.0035857344,-0.06104364,-0.14872903,-0.24344365,0.003941728,-0.009587514,0.18480588,0.18176115,0.11536718,0.0029988976,0.027566068,0.028191514,0.04072663,-0.0016106219,0.019989777,-0.044620115,0.016395023,-0.101589724,0.036590524,-0.13499428,-0.13991965,0.04664657,0.040066373,-0.039149564,0.0219926,0.18392017,0.07664096,-0.0033175228,-0.034465607,0.20673299,0.028621944,-0.028452922,0.18814453,-0.18947935,-0.1519727,-0.088358015,-0.101025514,-0.21974479,-0.14480527,-0.18908654,-0.22668709,-0.22026569,-0.15932575,-0.19328414,-0.15004477,-0.00500048,-0.05937405,-0.028326979,-0.10263473,-0.05209699,-0.023088617,0.01619628,0.2011272,0.6294244,0.108008265,0.15223405,0.13211569,0.21612573,0.12962276,0.06932356,0.058463007,-0.10149957,0.015140562,-0.07688286,-0.08153402,0.025251092,0.10146793,-0.022654481,-0.072743945,0.10750002,0.08661858,-0.096049674,0.069180444,0.009304233,-0.083105884,0.034564476,-0.10219784,-0.0039329957,-0.18742475,-0.012874146,-0.14193816,-0.17173909,-0.20356995,-0.21590723,-0.14553063,-0.24272777,-0.18441601,-0.019563558,0.08234301,0.08626082,0.046313792,0.08620729,-0.06513912,-0.11969775,-0.17239995,-0.12988457,-0.21242619,-0.1936637,-0.003939922,0.0550121,0.015037364,0.09883085,0.11637329,0.1643697,0.20579489,0.18934155,0.1732076,0.14117098,0.022535186,-0.048663016,-0.018035905
75,0.13768646,0.083533406,-0.010758574,-0.0279597,-0.017756432,0.06291567,0.18035303,-0.004552803,0.14254014,0.046084315,0.23148124,0.21640158,0.14760952,0.7868402,0.7563803,0.34609985,-0.43262228,0.00030544618,-0.21672013,-0.07702668,-0.06852832,0.13334325,0.5348659,0.49073198,0.29161865,0.016347243,0.043165557,-0.011701312,-0.0033500867,-0.03665417,-0.029925596,-0.04697858,-0.0016047655,-0.044067524,0.0052193757,-0.14618036,-0.14550471,-0.09827448,-0.1465887,-0.10735744,-0.120204605,-0.035334352,0.11256567,0.124599956,0.29107386,-0.052776817,0.15688671,-0.0073257396,-0.1347993,-0.15248883,-0.21675399,-0.26530883,0.033934303,-0.07752571,-0.12430087,-0.03101512,-0.20659545,-0.2588256,-0.24102004,-0.30314812,-0.22544101,-0.07271242,-0.21974404,-0.09103077,-0.15098801,0.05584054,-0.087324925,0.06146654,0.02759393,0.59399533,1.0,0.35088405,0.69546056,0.56586015,0.4056184,0.1771329,0.26975515,0.07617276,-0.16807736,-0.14213055,-0.2132135,-0.11352073,-0.2269408,-0.079048954,-0.034782063,-0.056412496,0.13791135,0.040813044,0.07313946,0.003164751,-0.14775516,-0.010077629,-0.020625059,-0.2414918,-0.13390782,-0.20790486,-0.21752976,-0.10194102,-0.15615971,-0.08548118,-0.32571256,-0.35352224,-0.25048384,-0.11181598,-0.05719499,0.020647671,0.16498023,0.15063606,-0.012172439,-0.046236604,-0.13006616,-0.21143602,-0.22898634,-0.23349918,-0.13257906,-0.11906832,-0.03916141,0.011302207,0.16615106,0.1775224,0.21546438,0.2253136,0.25552723,0.28080353,0.23360273,0.23658434,0.17427696,0.026234185,-0.025357913,0.015218057,0.08325182,0.10783792,-0.0372259,-0.038371567,0.07630002,0.150799,0.14604634,-0.05553015,0.06992645,0.17722817,0.28354105,0.45279214,0.66960895,0.23811652,0.1829718,0.14711384,-0.3989195,-0.084983364,-0.12144713,-0.25424135,-0.09301549,0.0055078934,0.034062896,0.3683408,0.35707343,0.21299106,0.0018359962,0.040748894,-0.016884757,0.02836809,-0.03612785,0.037060216,-0.047231838,-0.00075956614,-0.12542978,0.027636338,-0.09057662,-0.12699027,-0.006132472,-0.061205335,0.02350246,0.074344784,0.3147,0.056147218,0.02543167,0.02932777,0.17991583,0.0013339241,-0.07379799,0.14508939,-0.11514331,-0.13628033,0.0042062313,-0.0128969755,-0.14914581,-0.1073932,-0.20955375,-0.27188152,-0.28327233,-0.19896838,-0.1558782,-0.25376168,-0.016058117,-0.07089607,-0.06200617,-0.14226082,-0.07693961,-0.06398481,0.030593127,0.11199258,0.25167137,0.21317959,0.32438153,0.31623647,0.35569015,0.27835253,0.17593324,-0.02701621,-0.18992202,-0.08806506,-0.21940061,-0.1685172,-0.021990253,0.07488391,-0.072991185,-0.15296131,0.089445524,0.069264166,-0.16369775,-0.06490497,-0.046718016,-0.13668655,0.0061427713,-0.24897902,-0.08461714,-0.22275403,-0.047572322,-0.20362009,-0.28179717,-0.317499,-0.2968487,-0.20274095,-0.2521916,-0.16480225,-0.03249108,0.15081838,0.16687979,0.07653771,0.13271904,-0.06898876,-0.06663384,-0.15698206,-0.18992038,-0.25546205,-0.23501936,-0.04617844,0.07443529,0.05113826,0.14377798,0.11361385,0.17465691,0.20445262,0.25476596,0.2092928,0.20859946,-0.019715635,-0.09351867,-0.052657727
76,0.14840956,0.049408805,-0.028345374,-0.03301407,0.054869477,0.07896967,-0.0023121214,0.04468257,0.005701966,0.028985733,0.07682203,0.07684818,0.0438615,0.4082605,0.36915663,0.2908514,-0.061683405,0.075612694,-0.011177942,-0.055229828,0.026783105,0.2537001,0.2855055,0.21701793,0.08886129,0.011386609,-0.037844528,-0.03220387,-0.022937296,-0.04124959,-0.01894805,0.01665877,-0.015276743,-0.026706127,-0.007771087,-0.06805745,-0.055141237,-0.009286081,-0.12941244,-0.082952864,-0.062001497,0.02396418,0.05668162,0.05626697,0.07030655,-0.11862558,0.052594744,-0.07907798,-0.11522278,-0.035221137,-0.110177,-0.10203056,-0.029946478,-0.011789658,-0.05440699,0.06689436,-0.079344995,-0.08287668,-0.069165625,-0.08305203,-0.02799541,0.03083921,-0.037841853,-0.025131855,-0.08132284,0.0135214,-0.05156252,0.03528058,-0.03607769,0.1938397,0.35088405,1.0,0.23187613,0.10868971,0.060054183,0.008926124,0.057555474,0.0086839795,-0.08673272,-0.066277556,-0.1144053,-0.03326128,-0.11014977,-0.030623512,-0.034878466,-0.07392814,0.038446456,-0.009941344,-0.007899502,-0.026747182,-0.1023275,-0.04374935,-0.06139816,-0.1761548,-0.16427235,-0.16776037,-0.105336465,-0.027067235,-0.023105284,-0.0030779045,-0.15673411,-0.21317478,-0.14905572,-0.09735074,-0.014423749,0.033688717,0.06349751,0.035293255,-0.12702519,-0.11107812,-0.16827631,-0.19043915,-0.1839736,-0.10194366,-0.11994438,-0.11120106,-0.13716386,-0.09338803,0.044454753,0.05673066,0.04491219,0.07053727,0.07787203,0.100273766,0.096732266,0.107557,0.08505049,-0.0019375597,-0.033917658,-0.012714396,0.09945788,0.118170574,-0.039485563,-0.029911349,0.005885115,0.040181525,0.016819356,0.029568898,0.040659223,0.03161753,0.0874956,0.16009101,0.3775436,0.102631494,0.33340013,0.1322289,-0.04648408,0.06308543,0.05215698,-0.15273689,0.040502794,0.04911279,0.03950844,0.22505967,0.13417754,0.055375665,-0.019994127,0.012056234,-0.036716055,-0.011491333,-0.02525312,0.06820144,-0.013224382,-0.034373693,-0.0237607,-0.04647084,0.0024143704,-0.095346235,-0.06462412,-0.056250874,0.029257243,0.07359488,0.13802521,-0.0005223739,0.006424163,-0.014527684,0.0036635993,-0.066067606,-0.068068765,0.022949273,-0.03248099,-0.034013104,0.017404351,0.047514588,0.049137607,0.007981518,-0.07548818,-0.07047468,-0.10673832,-0.023832778,-0.025337953,-0.08585481,-0.023750087,-0.06096827,-0.020856898,-0.04965813,-0.05215972,-0.09687516,-0.023217065,0.011425587,0.082719155,0.8233834,0.20249586,0.043900963,-0.0011483863,0.058002215,0.08026224,-0.046179473,-0.08501705,-0.066560075,-0.06804578,-0.10392284,-0.04852613,-0.01691827,-0.08524074,-0.112953775,0.006726021,0.016924813,-0.09250943,-0.119102575,-0.07201023,-0.0940022,-0.015850816,-0.20750111,-0.123999916,-0.08673967,-0.064390324,-0.028285278,-0.11152462,-0.12367077,-0.16822341,-0.13141476,-0.13838457,-0.13174818,-0.024232645,0.0612681,0.06367173,0.006230426,0.05491979,-0.07830257,-0.020224297,-0.08617553,-0.19422181,-0.14378448,-0.15410556,-0.13603365,-0.047426436,0.0010041022,0.041132424,0.012319398,0.042346187,0.044533227,0.11131257,0.10146712,0.09769062,-0.010162514,-0.046360135,-0.041261807
77,0.045479428,0.04146853,-0.049473908,-0.07960266,-0.06966929,0.03507273,0.16893104,-0.01837252,0.16635741,0.058830194,0.16444902,0.2220122,0.23575953,0.6602495,0.51011205,0.104014196,-0.35531744,-0.14988802,-0.26574942,-0.05456785,0.03177177,0.034503188,0.40391544,0.51836956,0.29304835,0.040499028,0.019140298,-0.041010372,0.017009286,-0.023943482,0.0057981564,-0.005474675,0.022554776,0.0043266,0.04064353,-0.019246215,-0.011778407,0.041585222,-0.020600187,-0.017771399,-0.094910085,0.040299576,0.12183498,0.1490163,0.3344134,0.025003694,0.18859473,-0.005135755,-0.13912387,-0.14894775,-0.17189795,-0.21565132,0.038620256,-0.042883433,-0.011534142,0.02796677,-0.09518741,-0.1545246,-0.17737608,-0.2268915,-0.1628028,-0.0012174342,-0.1772486,-0.10616099,-0.16706038,0.027443672,-0.09350221,0.063714296,-0.06205093,0.293328,0.69546056,0.23187613,1.0,0.6144322,0.47381428,0.28251714,0.30215713,0.06353625,-0.23409978,-0.167666,-0.262519,-0.18750326,-0.26363683,-0.12573993,-0.10011503,-0.097599916,0.043986045,-0.02136066,-0.013312117,-0.049941648,-0.16061078,-0.049603637,0.03252716,-0.22125332,-0.12380274,-0.20325384,-0.19357616,-0.08058093,-0.16641776,-0.08766111,-0.28798947,-0.28293258,-0.1576976,-0.03360961,0.004468964,0.003988218,0.16666618,0.1608678,0.034608744,-0.0015437758,-0.0759514,-0.11539289,-0.15856984,-0.12553577,-0.01648119,-0.09191753,-0.030955471,-0.00812835,0.09555324,0.106198244,0.14859396,0.14973478,0.1948568,0.18773304,0.17420481,0.14341487,0.13371544,-0.00071608234,-0.0738445,-0.044037517,0.04810086,0.10294566,-0.09715657,-0.07085026,0.04200482,0.143619,0.12731813,-0.010795258,0.056338735,0.21008883,0.32680446,0.56430495,0.60222054,0.25164843,0.08075124,0.05679318,-0.35446474,-0.20703205,-0.17677104,-0.22024941,0.009349597,-0.036134366,-0.023348564,0.32524115,0.374238,0.21230456,-0.0057178945,0.02453242,-0.045168553,0.019671116,-0.044642646,-0.014531298,-0.0030417142,0.00086880854,-0.096433595,0.0132603,0.038452756,0.0029832784,0.017342122,-0.072417624,0.043134306,0.09413074,0.28824982,0.019238636,0.05287946,0.016910471,0.16335906,0.036918767,-0.08122478,0.07429539,-0.023790643,-0.12001331,0.029340586,-0.019528287,-0.075766236,-0.018512253,-0.09734651,-0.1962378,-0.19395258,-0.15804766,-0.085774675,-0.2316622,-0.032219607,-0.06443075,-0.10767366,-0.16852932,-0.0651129,-0.023604248,-0.0025265943,0.024937034,0.034565434,0.14703722,0.33047125,0.38774142,0.38742408,0.4002408,0.21144868,-0.065740675,-0.23442104,-0.1549244,-0.27905285,-0.17805962,-0.046366677,0.026100509,-0.09037245,-0.14863452,0.023801006,0.018872008,-0.17645963,-0.03498064,-0.06538208,-0.10187086,0.012397359,-0.2135363,-0.0823565,-0.18933529,-0.040493138,-0.21362792,-0.24830541,-0.27036345,-0.23778899,-0.16813809,-0.17284007,-0.06896636,-0.05265419,0.14455813,0.14867967,0.06627877,0.14183134,-0.06212896,-0.013806528,-0.031634398,-0.11911564,-0.14375326,-0.12157861,-0.044206932,0.04077271,0.0030008084,0.0761883,0.050545458,0.13497241,0.11748036,0.19943751,0.10178207,0.15857239,-0.034388255,-0.09570073,-0.06504293
78,0.024411831,0.09629021,0.01836726,-0.012326089,0.048115417,0.10541096,0.1780032,0.055662412,0.15347835,0.026615538,0.1278879,0.16211098,0.09957656,0.4670906,0.47751766,0.08974227,-0.3573491,-0.06260436,-0.2059696,-0.0024278082,-0.040819533,0.006321216,0.3393742,0.33834848,0.20174229,0.013728129,0.017136639,-0.016367672,-0.0028173826,-0.003057828,0.0012651057,-0.024894452,0.01708447,-0.0055613937,0.024104483,-0.09485298,-0.11395039,-0.096703656,-0.075439155,-0.048192635,-0.11159118,-0.05354706,0.06936742,0.05503113,0.2529887,0.024706965,0.15986983,0.10911404,-0.0944769,-0.2697788,-0.123162836,-0.31276542,0.056432236,-0.089012235,-0.1143395,-0.09200686,-0.1888671,-0.25932238,-0.22486243,-0.30200475,-0.1651723,-0.03664834,-0.12964457,-0.010933187,-0.03823097,0.14275324,0.024011457,0.25003392,0.11239102,0.3546777,0.56586015,0.10868971,0.6144322,1.0,0.71139836,0.34874588,0.44296807,0.13604791,-0.13835531,-0.12880704,-0.16783562,-0.09043852,-0.1857961,-0.057397936,-0.053636797,-0.062185347,0.08690621,0.0425646,0.036024913,-0.00617067,-0.12900783,-0.041505244,0.033583887,-0.20520394,-0.09464387,-0.14755899,-0.19531244,-0.12408957,-0.17847697,-0.10544621,-0.24736764,-0.2674491,-0.2113778,-0.13000624,-0.0794706,-0.02524542,0.0871495,0.12621072,-0.032792,-0.00652388,-0.10509112,-0.112370804,-0.15052347,-0.17829627,-0.020481715,-0.04419912,-0.016310738,-0.006542372,0.1147993,0.10049399,0.1560561,0.16458999,0.1857354,0.19346033,0.13140509,0.13357908,0.11738511,0.047318373,-0.0182417,-0.10863397,0.015085897,0.094195165,0.0074169696,0.021395156,0.14965278,0.15327092,0.084783256,-0.0064258478,0.052370477,0.15914428,0.21910906,0.31722483,0.37631196,0.14606437,0.094363235,-0.012688073,-0.34085628,-0.108030796,-0.104847625,-0.16552141,-0.09673025,-0.018014727,-0.049407866,0.19347928,0.2408934,0.16174787,-0.029539583,0.038867954,-0.008654573,-0.027101576,-0.014458328,-0.019327646,-0.012062194,0.0057197404,-0.10040917,-0.008843222,-0.08977482,-0.0754366,0.023705792,-0.08054122,-0.0027834813,0.07181325,0.17125568,-0.008268148,0.0010836432,0.00085606903,0.24826807,0.14014794,-0.021345535,0.14765087,-0.047006786,-0.16572078,-0.060497545,-0.002308454,-0.096225366,-0.09924505,-0.19834994,-0.27025983,-0.26840034,-0.13912939,-0.17011899,-0.1972483,-0.012859996,-0.05840775,-0.019764379,-0.17401324,0.040949143,0.06754748,0.20510525,0.24386887,0.044502806,0.06456918,0.15186848,0.60613865,0.6861448,0.45348722,0.28557137,-0.01708425,-0.16810347,-0.052892245,-0.18463841,-0.12588957,0.03521357,0.0801002,-0.055891298,-0.09284177,0.08594974,0.07918888,-0.22997299,0.02869115,-0.06889162,-0.11008826,0.010160195,-0.19562103,-0.062767446,-0.20569246,-0.04338172,-0.19598784,-0.22827674,-0.24926305,-0.21201932,-0.15174243,-0.2114394,-0.14386031,-0.023357766,0.08000391,0.07565694,0.0148000335,0.0659786,-0.11808746,-0.052879818,-0.11662896,-0.11090653,-0.16398892,-0.11106666,-0.02831562,0.010835002,-0.0035520482,0.06428159,0.05465732,0.12706691,0.15274045,0.14851427,0.092214726,0.14382333,-0.018738741,-0.066819556,-0.06913383
79,-0.09409407,0.07126836,0.11488972,0.055346496,0.03417145,0.08974105,0.24365675,0.047352858,0.2018529,0.07823865,0.11985659,0.16683932,0.07832918,0.31861696,0.34552622,0.032659315,-0.28021696,-0.10553826,-0.27033165,-0.017489573,-0.010397337,-0.042366855,0.22454078,0.26045394,0.20187545,0.06338155,0.047340125,0.0006343127,0.0323737,0.029260913,0.07257074,0.006695317,0.10763009,0.08508155,0.10062697,0.026474135,0.0063386457,-0.011901918,0.0047259973,0.038453795,-0.098272264,0.00455145,0.09888655,0.04363519,0.28286645,0.08137982,0.24113053,0.11878994,-0.121021725,-0.33964634,-0.088080615,-0.2858233,0.048972983,-0.027087383,0.012812578,0.0026900372,-0.07895662,-0.14151336,-0.08966909,-0.1918554,-0.06659242,0.08327583,-0.097311,-0.031218242,0.004449747,0.14359438,0.060758308,0.2186021,0.06900215,0.20928222,0.4056184,0.060054183,0.47381428,0.71139836,1.0,0.553092,0.6171487,0.16327727,-0.14118326,-0.17742403,-0.17071801,-0.08782988,-0.18302262,-0.048603386,-0.08303668,-0.10445663,0.0073647113,-0.06684252,-0.058551393,-0.114335395,-0.16858615,-0.13652879,0.0028356884,-0.20377427,-0.12398913,-0.15512241,-0.16884492,-0.13529526,-0.160901,-0.08138936,-0.18103921,-0.1899675,-0.12922494,-0.11573429,-0.05174877,-0.035585623,0.04583723,0.08958897,-0.10917188,0.0021445341,-0.15526754,-0.16208299,-0.17530932,-0.13950883,-0.03532886,-0.109814815,-0.090306416,-0.110003226,0.042104643,0.01404313,0.054546293,0.061959345,0.10896062,0.0857241,0.073368706,0.06504855,0.11796592,0.032481954,-0.05029379,-0.14138329,-0.09166809,0.1224947,0.03392137,0.08469804,0.14822598,0.20390294,0.13596173,-0.019587263,0.07488604,0.2014208,0.2210102,0.24897772,0.24563481,0.07602704,0.10889197,-0.07002477,-0.28540897,-0.14582172,-0.1591536,-0.17154737,-0.040520318,-0.0044620624,-0.110634185,0.13011456,0.21700357,0.16030794,0.05273351,0.07130537,0.0019780374,0.0068798894,-0.048655536,0.021069266,0.049668927,0.06322269,-9.4730014e-05,0.042876113,-0.021067847,-0.013278519,0.060245626,-0.08808629,0.040160432,0.06076068,0.1255909,-0.006402945,0.00788327,-0.001961116,0.291916,0.17522359,-0.051192872,0.1301288,0.011069453,-0.18631469,-0.035783898,0.03209575,-0.040181477,0.043736365,-0.08934059,-0.1324687,-0.16433264,-0.03741309,-0.0993064,-0.1503858,-0.0028954658,-0.05238072,-0.008429412,-0.2207517,0.009825725,0.06618539,0.1838602,0.21617326,-0.0856956,0.038060185,0.09353126,0.44195247,0.76634115,0.6636814,0.45809326,-0.036791448,-0.17452441,-0.08513065,-0.17122497,-0.116157666,0.031272747,0.016505303,-0.09223103,-0.099295355,-0.019873494,-0.015491995,-0.27199206,0.018485865,-0.13021526,-0.0952555,-0.032139674,-0.1738782,-0.09125344,-0.12961663,-0.04138844,-0.16563682,-0.17721117,-0.17775261,-0.1605096,-0.11141617,-0.123332135,-0.10337844,-0.036872838,0.040488873,0.019213937,0.0056953477,0.014008295,-0.1429777,-0.05241476,-0.101634406,-0.17636935,-0.13673733,-0.118539594,-0.10269641,-0.09416936,-0.05418911,-0.015493705,-0.05457083,0.053619243,0.048047964,0.08479229,0.01332239,0.11298441,-0.010995129,-0.059671607,-0.10004702
80,-0.05569604,-0.009369954,0.050720423,-0.00064077106,0.032127745,0.0049832813,0.094828874,-0.018467717,0.09943269,0.04483843,0.020278381,0.05131993,0.04060423,0.12818973,0.1295096,-0.007351084,-0.09931219,-0.075664714,-0.13028483,-0.02145839,0.013331889,-0.014049413,0.07941532,0.10815942,0.07827926,0.027601633,-0.015079572,-0.06277311,-0.02161466,-0.03639126,0.007954517,0.01147428,0.03343927,0.017588336,0.03693534,0.04948179,0.06592214,0.07716206,0.009197471,0.022531806,-0.03810901,0.050201878,0.059769105,0.02782431,0.15706882,0.106985494,0.102209516,0.06653272,-0.0758661,-0.20963047,0.016675677,-0.12249243,0.006052112,-0.011350502,0.080559805,0.048831254,0.009420314,-0.00032812468,-0.00046944956,-0.032981448,0.018112147,0.10392167,0.0024813786,-0.009542365,0.01898271,0.07614447,0.07045235,0.102035396,0.031538527,0.060454275,0.1771329,0.008926124,0.28251714,0.34874588,0.553092,1.0,0.29724425,0.07749076,-0.13596319,-0.17434222,-0.12388161,-0.06025787,-0.11138119,0.009990626,-0.054108374,-0.03418085,-0.0025121723,-0.041457005,-0.032508492,-0.06257743,-0.06344752,-0.08332652,0.027606867,-0.1001484,-0.08168737,-0.08789954,-0.077329956,-0.0768378,-0.069124535,-0.0422806,-0.069112204,-0.07897557,-0.056759648,-0.080196336,-0.02486813,-0.016338417,0.018521644,0.06460401,-0.105570816,0.0043863566,-0.088577144,-0.0840766,-0.073094204,-0.024461674,-0.0260897,-0.09045585,-0.0944759,-0.10446804,0.026797727,0.0070201503,0.0058442736,-0.006383094,0.036378477,-0.009519389,-0.022063976,-0.011166074,0.013436705,-0.0377436,-0.07271368,-0.17572756,-0.07586432,0.080026,-0.02117785,0.044730984,0.033951316,0.067436345,0.055672735,-0.008117578,0.020924387,0.07866274,0.08662054,0.121642634,0.09017245,0.037651006,0.05005578,-0.045341074,-0.09638399,-0.091988936,-0.09104073,-0.11484249,0.0025893792,-0.0055910167,-0.08696075,0.030532356,0.096552856,0.06655979,0.03165913,0.023761326,-0.037104834,-0.011271585,-0.08614386,0.012712593,0.008107674,-0.00029918615,0.027566982,0.0060383733,0.06810847,0.03058131,0.017699085,-0.05681859,0.005782462,0.01764447,0.03807103,-0.013809515,-0.020649096,0.006288423,0.1420912,0.11911106,-0.017300336,0.035843678,0.04498666,-0.11271866,-0.004184127,0.031763457,0.016504547,0.11452171,0.01564972,-0.0036941827,-0.035502326,0.042427003,0.009404859,-0.042090826,0.014504566,-0.03292605,0.028488887,-0.12848933,0.008132919,0.06026048,0.052380886,0.09158652,-0.08161063,-0.00025404315,0.06232507,0.2974224,0.38810962,0.43096864,0.19847658,0.016792936,-0.1469769,-0.08676797,-0.12709723,-0.07682106,0.024295187,-0.018382128,-0.027862791,-0.04017905,-0.015389303,-0.029226804,-0.13025792,0.0027249027,-0.06988861,-0.025303055,-0.041931707,-0.08526124,-0.07334381,-0.042888906,-0.014888579,-0.05783927,-0.07021347,-0.080132596,-0.05892928,-0.020826487,-0.05878594,-0.06980783,-0.019624505,0.008964352,-0.027340053,0.011746733,0.02237593,-0.14038204,-0.024395991,-0.031265434,-0.103503354,-0.034791857,-0.062220506,-0.10508454,-0.07606599,-0.00869545,0.0033941297,-0.06334201,-0.026241267,-0.044281915,-0.005356488,-0.026045935,0.012635009,-0.031230688,-0.09428924,-0.081188135
81,0.03628157,0.21724942,0.050782852,-0.027137337,-0.006313106,-0.0018498636,0.16912813,0.09692885,0.13617222,0.04126185,0.14802475,0.1933856,0.049941245,0.2486824,0.27288705,0.115326256,-0.19488771,0.05361502,-0.21436296,-0.06999445,-0.12720947,-0.06938804,0.20747712,0.252189,0.257391,0.058706954,0.0376363,0.010578328,0.01757453,0.0126139745,0.04372579,0.010395694,0.06584701,0.042064678,0.069539875,-0.035196867,-0.035819657,-0.026586879,-0.11145898,-0.020829635,-0.15438408,-0.06714962,0.047870208,0.023807008,0.29574832,0.12489466,0.29318625,0.10939347,-0.08302685,-0.1916078,-0.064828426,-0.25701225,0.058750924,-0.03993817,-0.08200452,-0.061810676,-0.15000236,-0.19477965,-0.12027522,-0.21272644,-0.08019637,0.052990124,-0.14333795,-0.05340504,0.047904477,0.16081437,0.00024748748,0.35351953,-0.015873887,0.21755978,0.26975515,0.057555474,0.30215713,0.44296807,0.6171487,0.29724425,1.0,0.41889694,-0.06697771,-0.1987135,-0.14957702,-0.13853478,-0.19507281,-0.12157995,-0.10360726,-0.14159219,0.0354264,-0.061218128,-0.039809886,-0.10143,-0.18249309,-0.09006334,-0.04885139,-0.24068339,-0.18661058,-0.22659844,-0.20751469,-0.1574581,-0.16467042,-0.07674931,-0.19805753,-0.20901138,-0.12573564,-0.057992846,-0.04113031,0.061591957,0.12750268,0.11086256,-0.0882192,-0.033739366,-0.15762416,-0.19324857,-0.21338922,-0.19836098,-0.09918721,-0.114726044,-0.1048804,-0.11677789,0.15505874,0.10059245,0.13929504,0.14035735,0.16006869,0.16808027,0.16505481,0.1222629,0.14480983,0.027507504,-0.04952215,-0.13389686,0.08699214,0.23174332,-0.08707631,0.052987535,0.026984988,0.15180466,0.14967743,-0.16349287,0.085319884,0.13924882,0.21797815,0.28436717,0.20125858,0.060898054,0.09537806,-0.068727046,-0.19637845,0.015140037,-0.1271985,-0.22011626,-0.13323264,0.041310012,-0.07040757,0.15987122,0.25731665,0.18766373,0.10083824,0.060209285,0.01498616,-0.0007079489,-0.021709183,0.06910582,0.027840083,0.029452965,-0.03744323,-0.011639177,-0.02469243,-0.12228513,0.07317934,-0.120925434,0.018817538,0.035861522,0.11682224,-0.0072850734,0.03746793,0.018385848,0.2959131,0.11677652,-0.024984382,0.07178994,0.008979369,-0.13768217,-0.055000383,-0.020915862,-0.17225543,-0.051376447,-0.1575165,-0.17863743,-0.20289743,-0.10668364,-0.09042987,-0.10740205,-0.054981157,-0.017091345,-0.017919933,-0.16397384,-0.0137870405,0.106958166,0.24208814,0.24396887,0.08951046,0.032482017,0.01580768,0.1923463,0.402838,0.6732124,0.56172,0.09398022,-0.076018155,-0.06936267,-0.14199974,-0.12604362,-0.032380432,0.02735318,-0.14697105,-0.16647717,-0.018248659,-0.010161678,-0.26487982,-0.008145553,-0.11922746,-0.098907925,-0.04723054,-0.24806072,-0.15549463,-0.14287217,-0.08306536,-0.15742998,-0.16652866,-0.20561078,-0.17016937,-0.13496535,-0.13097629,-0.06619755,-0.042774737,0.11626105,0.08881121,0.025756605,0.007931568,-0.11164318,-0.05089572,-0.12919769,-0.17699195,-0.22293675,-0.17267981,-0.12318443,-0.043125514,-0.014262768,0.06648142,0.046168998,0.13861997,0.11335357,0.18624863,0.071773075,0.15593384,-0.018592156,-0.06956668,-0.12237323
82,0.1549724,0.086039536,-0.076719865,-0.06969942,-0.047083877,-0.021115297,-0.091623075,0.005954964,-0.035457294,-0.045234267,-0.015746493,0.0062901923,-0.022023646,0.075333394,0.09484079,0.029938798,-0.12351223,0.1587009,0.033093337,-0.0033877995,-0.11262398,0.01644764,0.072880276,0.033894356,0.051011663,-0.023862923,-0.01600974,-0.009395116,-0.06357971,-0.041375205,-0.07508677,-0.008420738,-0.12788798,-0.12768665,-0.115891844,-0.13649754,-0.09065572,-0.03596157,-0.16806598,-0.14550395,-0.0649148,-0.11087662,-0.08361995,-0.04363285,0.07206741,0.07040849,0.051020388,0.073499806,0.055353016,0.025134573,-0.048415825,-0.10976379,-0.050314,-0.14828049,-0.14912626,-0.087695174,-0.17137262,-0.18060507,-0.15865421,-0.14477201,-0.070333906,-0.076807894,-0.11710211,-0.033575375,-0.023105813,0.03089003,-0.07604821,0.14286359,-0.05650449,0.088484116,0.07617276,0.0086839795,0.06353625,0.13604791,0.16327727,0.07749076,0.41889694,1.0,-0.002891484,-0.02623096,-0.036660507,-0.06804374,-0.09053554,-0.042122293,-0.009218872,0.025242599,0.14562027,0.13386618,0.12059763,0.09736656,0.006380072,0.083160155,0.0148409745,-0.07893845,-0.064513184,-0.085972376,-0.16334571,-0.10363416,-0.100972265,-0.06459073,-0.11397434,-0.16815856,-0.12251453,-0.07607888,-0.09448856,0.10223449,0.10805268,0.08880525,0.010044832,-0.043588627,0.0067512686,-0.021356983,-0.055881355,-0.045719657,-0.03557053,-0.027467871,-0.010201804,0.020940607,0.15255414,0.15709712,0.19521056,0.18975134,0.13652615,0.16664153,0.08643052,0.07505191,-0.00880005,-0.015607117,-0.018420551,-0.028895244,0.14693628,0.045274414,-0.07050627,-0.0015644297,-0.03162877,-0.09832878,-0.03332047,-0.056404836,-0.024634073,-0.038624976,-0.011643241,0.07349065,0.047654238,0.0081632435,-0.0026355896,0.04281609,-0.09664651,0.1211195,0.019993898,-0.086089164,-0.13398522,0.0004313252,0.029484492,0.029181594,0.048011493,0.067836404,0.010407616,-0.008365497,0.02107077,-0.060213897,0.022257168,-0.041341078,-0.07236957,-0.06299676,-0.1408101,-0.059186045,-0.031571757,-0.13671611,-0.05406287,-0.038891118,-0.04624958,-0.056448635,-0.031795725,-0.056562636,-0.033068784,0.036607154,0.11152147,0.024056315,0.037052196,0.07264878,-0.06817107,-0.054765042,-0.08087761,-0.051010128,-0.10834451,-0.13021003,-0.17445277,-0.18272111,-0.15617338,-0.07385968,-0.09914591,-0.063652225,-0.024402121,0.0027886794,-0.031089189,-0.03153393,-0.025659928,0.108172745,0.08621433,0.04980626,0.099240065,0.010873871,-0.0119501045,0.07471397,0.114804275,0.14814219,0.0027111457,0.10340564,-0.0071971924,-0.009523897,-0.036062486,-0.047548324,-0.006815893,0.041234974,-0.015236184,-0.043666836,0.13335954,0.13741677,-0.02456932,0.023028066,0.04611182,-0.06644182,0.02287475,-0.12518689,-0.082914494,-0.11373886,-0.040604856,-0.11231065,-0.08215606,-0.12539728,-0.094438,-0.09998411,-0.16737747,-0.09159177,-0.059060432,0.10355035,0.07352126,0.0026283378,0.03589027,-0.0044391253,-0.014980285,-0.071077555,-0.012694323,-0.07439165,-0.014301013,-0.022253156,0.07239864,0.12229515,0.14951827,0.17199954,0.14421594,0.14235331,0.118099704,0.09437887,0.038485114,-0.05235352,-0.07296508,-0.06094557
83,0.03797406,-0.03626135,0.01522706,0.10398672,-0.07036285,0.028853612,-0.11656802,-0.09197525,-0.10424163,-0.11556153,-0.2083631,-0.21867257,-0.074661545,-0.21957818,-0.17834578,0.03202765,0.14947858,0.0025072475,0.112686224,0.05693597,0.06069002,0.010929174,-0.15269561,-0.2327964,-0.28802243,-0.1120035,-0.210725,-0.16688159,-0.11119703,-0.140272,-0.09083116,-0.014234325,-0.051468585,-0.030175252,-0.027607622,0.048693255,0.033848703,-0.018404583,0.08175781,0.058118947,0.027292432,0.014769072,-0.07875373,-0.14242569,-0.22917229,-0.059977714,-0.032923676,0.15622957,0.16341557,0.23108676,0.06555456,0.09776995,-0.13372834,-0.011389799,0.0452869,0.020974472,0.09159687,0.08422455,0.07063163,0.06638689,0.005532973,0.03134723,0.06835311,0.082596995,0.27526245,0.1705396,0.21688211,0.06994549,0.02278836,-0.074885175,-0.16807736,-0.08673272,-0.23409978,-0.13835531,-0.14118326,-0.13596319,-0.06697771,-0.002891484,1.0,0.3877269,0.49497163,0.5699447,0.4041501,0.324895,0.12791224,0.20016247,0.014112248,0.0010880084,0.09562359,0.022919072,0.07831805,0.012549755,-0.04881752,0.05203574,0.04154133,0.18314785,0.16858558,0.16368762,0.13669069,-0.0058042053,0.055844385,0.04278237,-0.07299583,-0.1508304,-0.15917574,-0.104481675,-0.23391692,-0.15598793,-0.113554075,-0.058562074,-0.08151118,-0.0082659125,0.011401361,0.030789346,-0.017123174,0.00497284,-0.021758387,-0.03365195,-0.12539183,-0.13528425,-0.18750991,-0.16902018,-0.19449247,-0.16781308,-0.16906579,-0.09750284,-0.13576283,0.050672695,0.13771947,0.07682436,0.016971268,-0.19494551,0.13371612,-0.057468295,-0.034613695,-0.1376855,-0.090601325,1.7939428e-05,-0.06865223,-0.1746026,-0.24458735,-0.2177882,-0.22288151,-0.09384084,-0.040341172,0.0034736327,0.17029451,0.020384295,0.10592206,0.12860401,0.039001264,-0.016930807,0.0049732127,-0.16070624,-0.23373504,-0.16958722,-0.09455501,-0.132992,-0.12028981,-0.12690759,-0.09867145,-0.05356403,-0.06927153,0.0025862555,0.030803151,-0.0012524779,-0.031129677,0.078148365,-0.017169569,0.019671815,0.0014790904,-0.05280273,-0.19510125,-0.044254076,-0.07870445,-4.8718703e-05,-0.10886413,-0.013228192,0.26938096,-0.0043822946,-0.0335369,0.021153595,-0.1017771,0.016009292,0.08310923,0.049447138,0.08735601,0.069647014,0.063517086,-0.055776168,0.12604342,0.17916606,0.09508243,0.029493855,0.18571083,0.13357215,0.12205597,0.11647656,0.057886165,0.008471578,-0.0016565815,-0.05762744,-0.10355245,-0.09271725,-0.13039234,-0.086985596,-0.02674866,0.16105033,0.83929706,0.7541012,0.61525583,0.23707595,0.12285023,-0.036860105,0.16435075,0.1346507,0.028774487,-0.0967711,0.17898618,-0.06685402,-0.06818616,-0.022280658,-0.049341798,0.08570892,0.09137162,0.07736577,0.10866684,0.1061081,0.13765015,0.11536872,0.024030302,0.0026778206,-0.031439327,-0.110582456,-0.042297155,-0.21557638,-0.19874705,-0.08360797,-0.11988494,-0.08696658,-0.038216237,-0.10836183,-0.018088227,0.039904978,0.022986488,-0.015309444,-0.05372455,-0.033180494,-0.10770556,-0.10817876,-0.20601358,-0.124573894,-0.18143417,-0.04197589,-0.13313718,0.021543344,0.12684524,0.056261946
84,-0.009591624,-0.029511673,-0.07238513,0.012488901,-0.038464952,0.060181323,-0.14698087,-0.09403182,-0.085649475,-0.10416367,-0.15766503,-0.13317096,-0.14055105,-0.17088765,-0.15171215,-0.06097824,0.069570445,-0.019920297,0.17144601,0.11687802,0.028098611,-0.016493969,-0.15753455,-0.20343162,-0.20917147,-0.09145202,-0.10970932,-0.091688946,-0.12283581,-0.11298362,-0.13582122,-0.049925957,-0.13458541,-0.10787155,-0.1280857,-0.04950005,-0.045245145,-0.06245511,0.041689966,0.0014827804,0.06968167,-0.087158546,-0.13224982,-0.15851094,-0.24406475,-0.0622494,-0.11666472,0.08068327,0.14780742,0.14363678,0.00011328413,0.05895794,-0.11055838,-0.08546475,-0.06289449,-0.08196225,-0.017762778,-0.004139319,-0.041371174,0.023134924,-0.055065725,-0.12698404,-0.021361211,0.0131735355,0.043858744,-0.09122895,0.07190866,-0.049846616,0.06921129,-0.04125517,-0.14213055,-0.066277556,-0.167666,-0.12880704,-0.17742403,-0.17434222,-0.1987135,-0.02623096,0.3877269,1.0,0.30720592,0.28896138,0.22890362,0.1388254,0.13606776,0.17750874,0.0438109,0.12761,0.1379107,0.13419963,0.18120971,0.13836667,0.048714273,0.10841094,0.10861698,0.1768158,0.04931393,0.021070983,-0.009415525,-0.045835614,0.10459651,0.056271244,-0.041252792,-0.08890068,-0.10246602,-0.043632787,-0.15070848,-0.09415152,0.026256595,0.07107582,0.06812684,0.099324174,0.09438491,0.07488893,0.06864186,0.07836562,0.09778497,0.1221857,-0.04880801,-0.022641877,-0.047164973,-0.06779701,-0.09418871,-0.08969469,-0.14669554,-0.08704962,-0.17932808,0.04106037,0.17193532,0.14732985,-0.017878244,-0.20047705,0.09482832,-0.012596477,0.030365782,-0.17394356,-0.13365631,0.115637444,-0.03141568,-0.10075763,-0.17520359,-0.17365187,-0.17619589,-0.041796822,-0.104969025,0.018525628,0.07562012,-0.002178463,0.07011806,0.16084978,-0.016533896,-0.034731075,0.0027592462,-0.16406928,-0.23009898,-0.14481212,-0.13604902,-0.0814302,-0.07184974,-0.12725475,-0.026068456,-0.12557308,-0.12250015,-0.06068189,-0.054887842,-0.07981672,-0.070405774,0.026328236,-0.026882935,0.051745888,-0.05354752,-0.07784046,-0.18438649,0.0020497267,-0.091256395,-0.07265243,-0.11620502,0.026456142,0.12701796,-0.007057646,-0.11869389,0.030946856,-0.108233176,-0.01513499,0.046953518,-0.07469844,-0.016913239,-0.026874462,0.012416388,-0.023069907,-0.07281434,0.055876587,0.034270648,-0.015531381,0.030462658,0.14206785,0.057166573,0.01154707,-0.019188032,0.020038392,0.0062642205,-0.06070568,-0.06218549,-0.070628315,-0.12720482,-0.17223945,-0.1563723,0.0017489926,0.38500163,0.34198162,0.31203243,0.16188587,0.052700404,0.010347023,0.14869781,0.11797285,0.1150071,0.036131512,0.20483638,0.022041049,0.057609614,0.04711823,0.03111555,0.1357472,0.0790415,0.0027955705,0.035542008,-0.02315212,0.06129711,0.098384514,0.07807028,0.036311623,-0.043046057,-0.046667777,-0.0116176335,-0.124751985,-0.09234318,-0.065900706,0.0013626425,-0.038949158,-0.033117,-0.025075866,0.08756609,0.087692395,0.0997395,0.107464686,0.06844417,0.048258323,0.001831439,0.02507337,-0.09040861,-0.033426642,-0.16350938,-0.011923011,-0.15587075,0.010060909,0.1176395,0.15737595
85,0.019075355,-0.0415794,-0.029367507,0.08130789,-0.046256848,0.043237973,-0.19794217,-0.10447152,-0.15248956,-0.07150904,-0.22719817,-0.25124988,-0.15507655,-0.29074353,-0.23774679,-0.041960694,0.20176533,0.07686008,0.2697746,0.28955224,0.07050508,0.0033229638,-0.19822025,-0.29749328,-0.30280772,-0.049800918,-0.22675335,-0.18163042,-0.17774007,-0.1841126,-0.17746662,-0.06636055,-0.20343189,-0.17300038,-0.18616703,-0.079696566,-0.06868067,-0.09882623,0.0033349458,-0.04529011,0.1078145,-0.0569052,-0.18418542,-0.19392091,-0.25035807,0.0100669665,-0.14336324,0.14453582,0.14861289,0.06066263,0.14166462,0.12901688,-0.14001295,-0.13866486,0.014897091,-0.15576619,-0.0092389,0.02574411,0.042495325,0.10186438,0.13741037,-0.052631535,0.123451106,0.107151434,0.1381864,-0.037876118,0.11165145,-0.0910139,0.0892955,-0.067335114,-0.2132135,-0.1144053,-0.262519,-0.16783562,-0.17071801,-0.12388161,-0.14957702,-0.036660507,0.49497163,0.30720592,1.0,0.55502975,0.6256955,0.35380664,0.30329075,0.2895118,0.028378062,0.15811281,0.16127945,0.18092296,0.3642344,0.13481493,0.12462172,0.27852127,0.28859836,0.4424116,0.28609735,0.15319353,0.21377632,0.038351476,0.30158687,0.22992356,-0.00683152,-0.15814441,-0.2055451,-0.11777964,-0.27496636,-0.17300472,-0.10083019,-0.016046768,0.09351879,0.13544676,0.17588943,0.118390664,0.06854467,0.09600227,0.08362284,0.074702404,-0.19020434,-0.15906215,-0.14058374,-0.12795955,-0.212034,-0.1653893,-0.24641174,-0.17003274,-0.2083601,0.11284916,0.15588805,-0.10381154,-0.02801959,-0.23210838,0.1686821,-0.011990825,0.032936938,-0.20979512,-0.21967487,0.17149359,-0.10378441,-0.16838522,-0.29413006,-0.2677999,-0.2897719,-0.15860459,-0.05201864,-0.0112864245,0.21812661,0.14078872,0.054600656,0.32967362,0.014019195,-0.10711613,-0.001916701,-0.25816858,-0.3044714,-0.18983336,-0.07725233,-0.11177937,-0.08537879,-0.238632,-0.071849555,-0.11047935,-0.16177322,-0.078783676,-0.016890189,-0.11483199,-0.10375058,-0.015505392,-0.139144,0.057823796,-0.10408275,-0.1402945,-0.2624681,0.006330641,-0.14701824,-0.15279406,-0.02591919,0.13618217,0.11709518,-0.015321912,-0.1723892,0.025192037,-0.1617147,-0.02274829,0.13166772,0.0013497944,-0.0015063373,0.04891262,0.05142069,0.10495628,-0.123247564,0.15579548,-0.010698614,-0.057441577,0.12523355,0.12506992,0.08415862,0.042920303,0.00860563,0.023682397,0.041362993,-0.07810199,-0.12226334,-0.10674651,-0.13643704,-0.14881462,-0.06661477,0.10766017,0.47652602,0.4377791,0.7060202,0.37047264,0.13998355,0.07977933,0.23903927,0.24745312,0.13807617,0.051637556,0.17092822,0.06534711,0.1328285,0.058614153,0.024366781,0.34471384,0.2499595,0.1502463,0.1383134,0.23497911,0.34827977,0.3122708,0.2251434,0.12736101,0.02629486,-0.11057178,0.05422504,-0.24375056,-0.23257378,-0.11537616,-0.0996563,-0.01670067,-0.119151965,0.0024990619,0.127512,0.17394538,0.14733334,0.09021763,-0.04671208,-0.020959118,-0.112477355,-0.033580437,-0.17378926,-0.0662256,-0.2728808,-0.10596777,-0.19659005,0.13275008,0.1008088,0.04143378
86,0.012639589,-0.083714366,0.17376472,0.26423213,0.008848305,0.11758988,0.01341889,-0.07256972,-0.03315204,-0.02090827,-0.20068048,-0.19301307,-0.07939445,-0.19155389,-0.13903098,0.027357372,0.14563951,-0.1280605,0.0835481,0.105938755,0.14122365,0.042677473,-0.09334344,-0.20250916,-0.29011407,-0.11265493,-0.23307031,-0.19910046,-0.08524408,-0.11017531,-0.03605861,0.014545254,0.0363873,0.054039665,0.05500393,0.16453898,0.122595444,0.049499,0.18864462,0.16811758,0.055917885,0.13970397,0.029012473,-0.12404072,-0.2214169,-0.1426533,-0.05265796,0.10428367,0.07280037,0.024518961,0.13253166,0.08449669,-0.1636586,0.065378465,0.22646993,0.060745064,0.20649247,0.19219929,0.19372384,0.14637038,0.22319835,0.2552601,0.19648924,0.14099523,0.23720138,0.17111975,0.13378187,-0.12460381,0.04963601,0.01859925,-0.11352073,-0.03326128,-0.18750326,-0.09043852,-0.08782988,-0.06025787,-0.13853478,-0.06804374,0.5699447,0.28896138,0.55502975,1.0,0.4719328,0.66475993,0.3111071,0.29298434,-0.04681502,-0.11293177,0.028386543,-0.08229631,0.07269117,-0.14142747,-0.023725133,0.10503941,0.13125609,0.3768038,0.3326148,0.27350432,0.30593535,0.08663367,0.13420203,0.110500686,-0.061265476,-0.23775722,-0.2033919,-0.21898541,-0.34582052,-0.1989865,-0.2895732,-0.12442851,-0.18742749,-0.06103987,-0.030632151,0.013384093,-0.031359598,-0.035469647,-0.13435537,-0.19321138,-0.35671404,-0.3587029,-0.36219567,-0.30149817,-0.31326562,-0.29501384,-0.26012138,-0.13001408,-0.072641656,0.16794403,0.20986958,-0.060878992,-0.044676047,-0.2940354,0.28753486,0.011470628,0.09053386,-0.035897147,-0.042583566,0.10307739,-0.09593325,-0.08434393,-0.21796003,-0.25793687,-0.18519321,-0.073126875,-0.006063886,-0.012013719,0.17080937,-0.06645499,0.039156783,0.154541,0.08629762,-0.03699311,0.011480323,-0.12927376,-0.23637907,-0.19099522,-0.08067853,-0.10846665,-0.14442027,-0.095318176,-0.21147628,0.025563844,-0.030584522,0.017722659,0.12118805,0.10774728,0.025328102,0.1737216,0.012542553,0.05058067,0.012499638,0.0003057731,-0.15636005,-0.047065612,-0.10234327,-0.08374304,-0.050221443,0.036851056,0.1851925,0.04884547,0.016072067,-0.036251318,-0.094010115,-0.03362194,0.20856586,0.25475255,0.20889822,0.17940272,0.13502382,0.102859244,0.17560792,0.19425775,0.23072694,0.01729795,0.22846445,-0.0008587028,0.111316,0.053003624,-0.034114033,-0.07137577,0.047245014,-0.0031204754,-0.07370842,-0.064063944,-0.067047685,-0.1035421,0.032536764,0.11147837,0.42666826,0.6310535,0.6927062,0.24572772,0.2938407,0.032713823,0.20411874,0.3127127,-0.058311198,-0.18729708,0.031886403,-0.031968255,-0.14135754,-0.038058694,-0.048036635,0.25711575,0.2618601,0.15795062,0.1685988,0.28642264,0.32247755,0.2584254,0.058883794,0.055698033,0.008226497,-0.18679497,0.006912779,-0.3240473,-0.3144985,-0.18336245,-0.19280407,-0.115466446,-0.10728177,-0.1197002,-0.08903063,0.03634361,0.03384515,-0.1200594,-0.28756317,-0.23472187,-0.3311141,-0.2500687,-0.32825774,-0.2118219,-0.30532062,-0.116101205,-0.12257616,0.14810808,0.17610323,-0.013563639
87,-0.0045110565,-0.046984456,-0.0104359975,0.061018955,-0.051193506,0.010416107,-0.13093129,-0.116033375,-0.11447293,-0.05441912,-0.23096104,-0.22853585,-0.14854413,-0.2868506,-0.25440225,-0.029948322,0.23507436,-0.039193526,0.19769622,0.19165893,0.093619734,0.0018519425,-0.1962924,-0.2853631,-0.29799384,-0.0665609,-0.20501459,-0.16844419,-0.14094238,-0.15496336,-0.14024195,-0.03950743,-0.12448512,-0.093903646,-0.12686476,0.023475355,0.03520669,-0.043681033,0.057722714,0.020682206,0.064659,0.031073632,-0.15701593,-0.16458215,-0.24231243,0.0020401208,-0.095599696,0.11222314,0.13611051,0.053966086,0.2103237,0.21179809,-0.12939957,-0.05009837,0.12470839,-0.033134744,0.11010805,0.152478,0.15439692,0.20048524,0.21672957,0.08433683,0.2242981,0.14603786,0.29286325,0.13312097,0.21015203,-0.06406696,0.12260905,-0.09645314,-0.2269408,-0.11014977,-0.26363683,-0.1857961,-0.18302262,-0.11138119,-0.19507281,-0.09053554,0.4041501,0.22890362,0.6256955,0.4719328,1.0,0.38770407,0.30810574,0.3233019,0.003719499,0.07938854,0.14199772,0.1141584,0.28762677,0.082179524,0.04252827,0.27388313,0.28868598,0.5218076,0.423567,0.28373912,0.36647263,0.09185709,0.29414693,0.2845846,0.026331834,-0.13393718,-0.16703707,-0.14613666,-0.30655217,-0.23807406,-0.15871853,-0.027004248,-0.020221272,0.050672688,0.08534714,0.05569953,0.014441109,0.032328796,-0.013245478,-0.034083594,-0.2680808,-0.23531714,-0.22027804,-0.19540891,-0.2817211,-0.23453976,-0.28634885,-0.19792587,-0.21799576,0.03392513,0.057303198,-0.1274171,-0.04538237,-0.2114602,0.11368331,-0.021818047,-0.013662008,-0.16013964,-0.1558894,0.09643616,-0.11090811,-0.15288433,-0.26216397,-0.26126024,-0.27177647,-0.103184424,-0.02586855,-0.017167652,0.25334775,0.033634093,0.08011705,0.26939175,0.040906224,-0.103238665,-0.037537318,-0.22253066,-0.27479997,-0.1882613,-0.0937484,-0.13594493,-0.08881797,-0.15041123,-0.10599318,-0.0733025,-0.13029046,-0.049639523,0.05578241,-0.04557827,-0.057791382,0.040828854,-0.0788381,-0.006109062,-0.061143428,-0.12924713,-0.25301802,0.011794156,-0.108721696,-0.0890407,-0.0810398,0.103811204,0.118496075,-0.08539863,-0.04484647,0.042743072,-0.10986786,0.0099420175,0.12137787,0.13596669,0.12157497,0.17278089,0.1585784,0.12909836,0.06621549,0.31008017,0.062462144,0.024806237,0.23589969,0.118599296,0.119263515,0.08045568,-0.0055747204,0.028231945,0.03841651,-0.07099344,-0.12876765,-0.09397642,-0.14193621,-0.16385642,-0.09110874,0.12784465,0.36230955,0.3638856,0.6022091,0.59479386,0.2147113,0.041943703,0.28685862,0.31173623,0.101410665,-0.048432507,0.18940704,-0.0012419494,0.039408017,0.021595411,0.016235096,0.38408983,0.3355296,0.24310726,0.18673271,0.3778351,0.41742322,0.34091055,0.21481688,0.14280021,0.112005904,-0.08490834,0.03362091,-0.27661237,-0.26003245,-0.13515408,-0.12518455,-0.04876565,-0.1250721,-0.08523954,0.03616735,0.105835065,0.116351716,-0.0036445744,-0.13387,-0.1166989,-0.20032533,-0.12237358,-0.23837246,-0.14341916,-0.31530666,-0.12847129,-0.22484839,0.058436718,0.08227758,0.0258761
88,0.051905226,-0.09463842,0.08177026,0.14800836,-0.009733063,0.051504254,-0.057587318,-0.1833042,-0.0764807,-0.07574656,-0.24599376,-0.20776275,-0.08739223,-0.15150931,-0.12593277,0.033119567,0.1505165,-0.11713187,0.15811212,0.10414026,0.12679024,0.078882106,-0.08096005,-0.19145674,-0.27239212,-0.18521968,-0.32050076,-0.31611884,-0.20543203,-0.24588114,-0.14596786,-0.046899043,-0.0704502,-0.052397218,-0.047917325,0.10196846,0.1079465,0.066519305,0.0970528,0.078592375,0.046249207,0.1580962,0.016975032,-0.13016096,-0.18714403,-0.084367104,-0.099666506,0.07690571,0.11178474,0.027122756,0.19629179,0.1438428,-0.19600639,-0.0067652264,0.2155456,0.10387932,0.17132673,0.18010072,0.15607935,0.16282478,0.2343833,0.26064333,0.25064474,0.17083654,0.2791732,0.21989426,0.15010524,-0.10589321,0.046176612,0.031630453,-0.079048954,-0.030623512,-0.12573993,-0.057397936,-0.048603386,0.009990626,-0.12157995,-0.042122293,0.324895,0.1388254,0.35380664,0.66475993,0.38770407,1.0,0.39910814,0.4497669,0.07384832,-0.0018661493,0.17164244,0.026667431,0.11837261,-0.041682728,0.020133298,0.1348931,0.17376259,0.39762294,0.2893924,0.22085287,0.2879972,0.10298353,0.10961128,0.082245514,-0.13123173,-0.22059888,-0.20024641,-0.18454468,-0.28340885,-0.17558414,-0.21088776,-0.0749599,-0.13900946,-0.022095006,-0.011206507,0.039824888,-0.022233777,-0.073166676,-0.1391452,-0.1873877,-0.2892951,-0.26089838,-0.28730065,-0.22517549,-0.2703359,-0.24322511,-0.2589038,-0.120626196,-0.1118143,0.1361592,0.1751377,-0.13822678,-0.026287964,-0.25213188,0.180054,0.003953807,0.018855782,-0.106776446,-0.06674415,0.06741155,-0.10662685,-0.13305625,-0.23284863,-0.18351595,-0.13467602,-0.062282268,0.009333224,0.06166319,0.16628946,-0.058754902,0.079923235,0.13769495,0.074502006,-0.07056341,0.016297873,-0.1332728,-0.24183905,-0.16103154,-0.15476075,-0.14796008,-0.21460752,-0.13855593,-0.23247465,-0.014969435,-0.12933797,-0.05822426,0.08098027,0.047911223,0.043494385,0.12813693,-0.0620866,0.014776692,0.0043148077,-0.010807128,-0.18513164,-0.06448195,-0.097754575,-0.05081892,-0.05697641,0.03329348,0.16617118,0.04839344,0.06476195,0.07101128,-0.09137148,-0.013636556,0.13387595,0.2496621,0.18579884,0.16174214,0.12859854,0.092151694,0.23041365,0.2828498,0.3754426,0.06539223,0.23087241,0.033745635,0.12756735,0.07305576,-0.05509593,-0.043944564,0.0669284,-0.015197398,-0.03662025,-0.014584177,-0.0327519,-0.09552784,-0.05065515,0.11160985,0.20786078,0.391801,0.49417257,0.20851992,0.4196527,0.027163913,0.3141102,0.38711914,0.069836,-0.11224321,0.1315441,-0.018023932,-0.064204834,-0.04117922,-0.004767626,0.26604846,0.2690892,0.13097419,0.15212297,0.28290364,0.3204306,0.24175908,0.05656498,0.03633595,-0.029655162,-0.18550758,-0.048771072,-0.2562643,-0.2587079,-0.14485236,-0.14342701,-0.07614126,-0.05419119,-0.07434406,-0.047152944,0.049409896,0.06896741,-0.13528895,-0.22470614,-0.14214858,-0.23062994,-0.193153,-0.3043675,-0.19695045,-0.28561333,-0.08252847,-0.15042473,0.062706135,0.088578805,-0.019132774
89,0.08292977,-0.046654038,-0.07711218,-0.03620283,-0.061149284,-0.030064866,-0.16356479,-0.17820336,-0.11693891,-0.15477775,-0.17231993,-0.13829069,-0.11498939,-0.107627675,-0.0825684,-0.020753153,-0.0064572487,0.07260493,0.15636694,0.10850154,-0.106588654,-0.022945972,-0.11939941,-0.18153854,-0.13283719,-0.05698571,-0.16289672,-0.19491741,-0.23486753,-0.2548197,-0.24440932,-0.12562755,-0.25005192,-0.2281573,-0.22423534,-0.18423405,-0.13855386,-0.1255151,-0.14544709,-0.173764,0.016341353,-0.14691606,-0.15592402,-0.16925167,-0.1478415,-0.0053718695,-0.13764247,0.033970095,0.12152226,0.015833074,0.00615327,0.0022716934,-0.08879457,-0.21426797,-0.085796125,-0.086878866,-0.13168065,-0.11649632,-0.1208606,-0.07865538,-0.07966148,-0.15948315,-0.01098483,0.035164867,0.071212485,-0.009695496,0.05654874,-0.06871953,0.07315181,0.08801254,-0.034782063,-0.034878466,-0.10011503,-0.053636797,-0.08303668,-0.054108374,-0.10360726,-0.009218872,0.12791224,0.13606776,0.30329075,0.3111071,0.30810574,0.39910814,1.0,0.42234716,0.33537796,0.29977387,0.3912301,0.2731946,0.34718472,0.23434338,0.08049039,0.25946483,0.35525805,0.39415088,0.121940985,0.07195376,0.121445164,-0.003132935,0.11463445,0.03996554,-0.15683697,-0.087896354,-0.1493466,-0.013884923,-0.044507436,-0.029426526,0.023548076,0.078045376,0.103237055,0.052198797,0.07446027,0.05656169,-0.031108184,-0.022352843,0.061665542,0.10120372,0.023899343,0.0669462,0.11593414,0.17704514,-0.0034952958,0.15020229,0.0558997,0.11157623,-0.090798005,0.048358608,0.11782468,-0.034605674,0.024976727,-0.103223816,-0.01665253,-0.027854545,-0.06576512,-0.20164113,-0.11651059,0.0002605552,-0.029067252,-0.15409806,-0.15999068,-0.107936785,-0.12665057,-0.06456683,-0.007777633,0.049619205,-0.0068041766,0.07243663,0.06090781,0.08288653,-0.10488048,-0.053007744,-0.008488168,-0.16887891,-0.16499542,-0.080045156,-0.08231378,-0.12034025,-0.12518966,-0.1840944,-0.08081456,-0.111075476,-0.22400042,-0.13844408,-0.14497091,-0.110222295,-0.12010939,-0.124829195,-0.14606431,0.01881062,-0.111879885,-0.1211118,-0.18165877,-0.030001583,-0.08868941,-0.108753346,-0.0043227947,0.048482202,0.058902424,0.07999694,-0.22525346,0.022780648,-0.17620605,-0.05978197,-0.12845199,-0.120428085,-0.119856484,-0.11884151,-0.095564924,-0.072160766,-0.13707668,0.09985808,0.11524221,-0.043801516,0.07636787,0.122785255,0.040799726,0.048119657,-0.0020363457,0.04163965,0.08964169,-0.020317,-0.033402093,-0.018428683,-0.03329683,-0.1264302,-0.16610652,0.023372617,0.07466949,0.16731888,0.2769354,0.18581337,0.3039747,0.43545672,0.31091496,0.31954822,0.3111563,0.19299594,0.2776446,0.07705951,0.269504,0.062293503,0.16909711,0.2484569,0.272757,0.02920575,0.115014575,0.11460918,0.15341951,0.13613378,0.070536375,0.027893595,-0.094963536,-0.09985759,-0.039462734,-0.033701036,-0.013612153,0.00907396,0.01346871,-0.009425053,-0.0657181,-0.05165146,0.06548752,0.053159483,0.046389423,0.0517996,0.08401246,0.1122039,0.09547095,0.113975085,0.04264134,0.15729421,0.04318937,0.17392203,-0.030339284,0.03222964,-0.032288596,-0.033869028
90,0.13907596,-0.09002425,-0.25558448,-0.14148414,-0.15945116,-0.04298643,-0.3678803,-0.3639396,-0.24165973,-0.29451507,-0.32789785,-0.28516224,-0.21068941,-0.14070842,-0.12234798,-0.025883153,0.05634391,0.08571405,0.31367865,0.18380232,-0.0072294613,0.053860743,-0.14832811,-0.24623589,-0.27112383,-0.24142267,-0.32423657,-0.35226727,-0.3725078,-0.4272488,-0.4294123,-0.18428975,-0.42419133,-0.38575616,-0.38517615,-0.2426617,-0.15398686,-0.09894791,-0.15625189,-0.24160363,0.10489236,-0.16538164,-0.21569759,-0.2224432,-0.19725977,0.06608173,-0.1821269,0.120133795,0.22048144,0.06859673,0.04805699,0.08339281,-0.21838851,-0.3187345,-0.10267364,-0.043050017,-0.15608619,-0.110165544,-0.17946711,-0.041859027,-0.13306955,-0.22926164,-0.0018494041,0.097014196,0.1632192,0.03310826,0.1725962,-0.008464607,0.1304142,0.01118497,-0.056412496,-0.07392814,-0.097599916,-0.062185347,-0.10445663,-0.03418085,-0.14159219,0.025242599,0.20016247,0.17750874,0.2895118,0.29298434,0.3233019,0.4497669,0.42234716,1.0,0.47094887,0.49284256,0.6985389,0.5028435,0.4691236,0.447514,0.12123803,0.2887983,0.27261445,0.36111626,0.059154928,-0.014090573,0.09899301,0.0066935536,0.10701742,-0.0040815985,-0.20356247,-0.19839573,-0.26686049,-0.07686335,-0.2008364,-0.099447355,0.12497274,0.107635714,0.19405408,0.18681861,0.15673463,0.10204001,0.072081216,0.05706215,0.15880871,0.20903122,0.10090074,0.17198838,0.14348274,0.1537579,-0.037076164,0.07959201,-0.12698145,-0.035972826,-0.2729152,-0.028775364,0.16573018,0.039178748,0.035833087,-0.22253972,-0.05857662,-0.10290356,-0.14202192,-0.4047035,-0.24382661,0.03541347,-0.09437029,-0.30602556,-0.3095346,-0.13980475,-0.1654509,-0.12724867,-0.05275222,0.16653709,0.036202613,0.091368325,0.17454888,0.22586828,-0.08012481,-0.09539866,0.025927342,-0.24323371,-0.28501692,-0.16124955,-0.25538158,-0.19903481,-0.23401432,-0.28971785,-0.112512395,-0.23877288,-0.38277265,-0.2352216,-0.22323453,-0.19999927,-0.10201642,-0.08893045,-0.23884757,0.052134532,-0.14522387,-0.15631804,-0.2823645,-0.08353444,-0.12902017,-0.070696376,-0.029374277,0.08801871,0.13590148,0.085417464,-0.22103614,0.031014891,-0.21482311,0.026607271,-0.11394447,-0.14395449,-0.123856924,-0.14724879,-0.08364916,-0.13942179,-0.064009845,0.22754975,0.24276376,0.0055343774,0.118898615,0.21521725,0.11681802,0.057020333,0.00706768,0.06597092,0.06886623,-0.058518052,-0.060079806,0.0019334524,-0.055830583,-0.13844737,-0.23605035,0.08893329,0.14143273,0.22533493,0.28230336,0.18888757,0.35760242,0.17125255,0.8911616,0.38309276,0.5253416,0.21282163,0.51245475,0.06451619,0.3272623,0.061591644,0.14528538,0.22576113,0.12984776,-0.019714065,0.07940049,0.11644174,0.16704088,0.14245214,0.07622455,0.014582041,-0.20412469,-0.16995105,-0.1233745,-0.15617175,-0.09678929,-0.017236149,0.08327365,0.025665052,0.011067401,0.0053849923,0.19752078,0.102304384,0.16876316,0.14914718,0.22632273,0.27155977,0.22063036,0.17692597,-0.028202599,0.11707319,-0.1230913,0.08010717,-0.18782276,-0.08300078,-0.02152324,0.06463014
91,0.29866531,0.13237467,-0.27152428,-0.24684706,-0.077399306,-0.026598927,-0.1968677,-0.18415044,-0.09841289,-0.21149233,-0.086533,0.0062362934,-0.103777975,0.09096104,0.11189562,0.03798728,-0.24208695,0.2008296,0.0928515,0.028964762,-0.36671516,0.021059386,-0.004057888,-0.03978995,0.06438707,-0.037674226,-0.07672654,-0.11671959,-0.20983022,-0.24324228,-0.31774083,-0.15098223,-0.35184965,-0.35811383,-0.35591877,-0.4962753,-0.41815314,-0.36728594,-0.47869855,-0.43661723,-0.13794506,-0.36230978,-0.1942425,-0.16193156,0.003936126,0.05493845,-0.056525905,0.10198702,0.12311727,0.03561739,-0.18393926,-0.1977667,-0.0839475,-0.39419043,-0.4508993,-0.22015513,-0.45911565,-0.48236012,-0.44146502,-0.41821316,-0.38138568,-0.4009961,-0.2763902,-0.08851128,-0.07256046,-0.032993685,-0.017167423,0.06882717,0.054119386,0.1610924,0.13791135,0.038446456,0.043986045,0.08690621,0.0073647113,-0.0025121723,0.0354264,0.14562027,0.014112248,0.0438109,0.028378062,-0.04681502,0.003719499,0.07384832,0.33537796,0.47094887,1.0,0.6415771,0.78044534,0.43190768,0.17347232,0.40277204,-0.10495332,0.015347036,0.13023423,0.02687235,-0.22483234,-0.15730855,-0.13743813,-0.092645094,-0.22742286,-0.32621238,-0.33943093,-0.13523607,-0.19466394,0.15739268,0.26128373,0.1775366,0.184246,0.10216948,0.15780807,0.01440642,0.023506774,-0.027587974,-0.09301002,-0.026883204,0.1286968,0.25226793,0.40111858,0.45934325,0.548711,0.59236795,0.3337724,0.5982099,0.40262893,0.42117393,0.12137602,0.019802699,0.092274375,0.13500538,0.22644581,0.08024233,-0.18641134,-0.057079192,-0.08880215,-0.22263367,-0.07889874,-0.07285924,0.044814892,-0.12942746,-0.01676281,0.11375449,0.035866328,-0.021648211,-0.004609739,0.10912174,-0.20788243,0.1263046,0.11860599,-0.10154337,-0.35086316,-0.0045102853,0.026246464,-0.060816735,0.019748103,0.06547037,-0.11306818,-0.053829413,-0.05942557,-0.19252884,-0.0024740167,-0.14122474,-0.29234082,-0.14330092,-0.38485098,-0.24341233,-0.34750694,-0.42229983,-0.2175183,-0.06752364,-0.13865487,-0.10852805,-0.086246304,-0.009703597,-0.09472977,-0.030273162,0.078333005,0.038437616,0.09357159,0.19044907,-0.32942927,-0.10839154,-0.2366658,0.00240441,-0.38199976,-0.47778463,-0.46830732,-0.47255328,-0.39585507,-0.30931947,-0.2643833,-0.08289697,0.061986726,-0.05351378,-0.03214052,0.12334162,-0.01633002,-0.0027952197,0.06530174,0.05409796,0.10744541,0.017148525,0.029931432,0.051906355,0.046334535,-0.07591855,-0.23998249,0.056858275,0.0008073093,0.061078314,-0.030518059,0.012863665,0.11869892,0.25524184,0.36950728,0.14809833,0.59791595,0.6407222,0.26896667,0.040194556,0.27526975,-0.058419563,0.18678021,-0.080112875,0.0093048215,-0.22071174,0.024951555,-0.16961028,-0.19852753,-0.18554094,-0.20966107,-0.14933634,-0.35855314,-0.21332258,-0.08363806,0.27497917,0.27299854,0.22372682,0.18238844,-0.001479874,-0.046572227,-0.05561532,0.057885714,-0.05954487,-0.03483979,0.097551316,0.3607112,0.39126554,0.47418457,0.4179287,0.437619,0.5330423,0.43205652,0.43934634,0.23828004,-0.01228902,-0.1262618,0.032833286
92,0.29939696,0.03140622,-0.50894636,-0.3982627,-0.09466276,-0.042786315,-0.54630554,-0.28282756,-0.30044857,-0.32965425,-0.2503556,-0.15305418,-0.29200256,-0.018352544,0.012506606,-0.03577066,-0.080390885,0.39204013,0.4366651,0.35256934,-0.20311967,0.11229564,-0.10442285,-0.1976447,-0.07373672,-0.14280686,-0.16517414,-0.16729909,-0.39977702,-0.3705414,-0.5306242,-0.2381644,-0.6852777,-0.6658883,-0.66778815,-0.6903978,-0.55044055,-0.40686145,-0.56403667,-0.629207,0.017904969,-0.4752941,-0.42106432,-0.3001386,-0.09671334,0.1963163,-0.23860316,0.17226048,0.21690652,0.018902402,-0.10497944,-0.09905885,-0.12671971,-0.6264443,-0.56027466,-0.3045511,-0.60186905,-0.5479929,-0.55030054,-0.3399113,-0.32127163,-0.629705,-0.20411363,-0.09420564,-0.08960963,-0.18646997,0.04515359,0.071093164,0.13187198,0.07305644,0.040813044,-0.009941344,-0.02136066,0.0425646,-0.06684252,-0.041457005,-0.061218128,0.13386618,0.0010880084,0.12761,0.15811281,-0.11293177,0.07938854,-0.0018661493,0.29977387,0.49284256,0.6415771,1.0,0.80778396,0.8900869,0.6275529,0.7532794,0.19955733,0.30616313,0.29679546,0.16037764,-0.22715902,-0.23652121,-0.1889477,-0.102401875,0.058314193,-0.121373944,-0.27413818,-0.12939204,-0.26185596,0.14536697,0.06567261,0.07834459,0.35043243,0.20358646,0.47239658,0.36238548,0.3645761,0.16458172,0.18668652,0.21635076,0.4186724,0.5413747,0.43967488,0.5290496,0.61057514,0.5716977,0.27252477,0.4646874,0.07078301,0.10598463,-0.26421884,-0.07474995,0.09525731,0.10719436,0.16383705,-0.04453311,-0.2079073,-0.046418075,-0.13533795,-0.5091875,-0.37299043,0.1365889,-0.02946551,-0.2658118,-0.20580702,0.0059256484,-0.08751884,-0.12576795,-0.014681598,0.23319672,-0.07288557,0.35873884,0.18611531,0.25914845,-0.28999123,-0.116989,0.0422745,-0.26178572,-0.19901331,0.0012797663,-0.2534378,-0.13821173,-0.05871088,-0.35680655,0.052882228,-0.331971,-0.48370498,-0.31676295,-0.49693936,-0.47965074,-0.37521043,-0.48693472,-0.43864664,-0.015436104,-0.28146634,-0.2647815,-0.2977416,-0.044486646,-0.15758285,-0.07052957,0.081496365,0.20225209,0.07059263,0.15220942,-0.42086443,-0.012337533,-0.34789476,0.018772533,-0.29655278,-0.57359266,-0.58030784,-0.5254526,-0.40644383,-0.17396316,-0.47395208,-0.025483474,-0.03431557,-0.09054825,-0.08319824,0.24366944,0.06433103,-0.033128176,0.046363067,0.14170302,0.1019422,-0.015061,-0.025077024,0.055742323,-0.014092096,-0.10169759,-0.35192958,0.053706944,0.0153013915,0.024960773,-0.017317355,0.077573024,0.057428885,0.2454723,0.43118528,0.11631409,0.84114206,0.76583254,0.49348003,0.263451,0.6116056,0.1129539,0.26897192,0.09063097,-0.03761617,-0.20458615,-0.012077946,-0.15745717,-0.07194066,-0.027215317,0.08192662,-0.029130297,-0.3353927,-0.14993607,-0.055792775,0.10221513,0.15079495,0.12074176,0.2822204,0.07001781,0.04803328,0.100281045,0.41288802,0.20702597,0.21891846,0.38668102,0.56038237,0.5719111,0.58267397,0.5682833,0.34991124,0.47626373,0.12070236,0.24495786,-0.08947878,-0.13759856,-0.145661,0.08293887
93,0.28817907,0.043103345,-0.41891143,-0.32188118,-0.15420842,-0.06013976,-0.43689582,-0.36025667,-0.23858736,-0.36330405,-0.26533255,-0.16640657,-0.21537274,0.007201785,0.03127476,0.04805191,-0.107094675,0.25080717,0.33184525,0.20034702,-0.19426534,0.061375197,-0.07796504,-0.1522836,-0.11010948,-0.20339315,-0.2539339,-0.29023367,-0.39828715,-0.4458257,-0.50138676,-0.23079659,-0.55659354,-0.5325478,-0.54359204,-0.5348548,-0.41324714,-0.30238417,-0.4375845,-0.48997453,0.01825435,-0.37689108,-0.3010242,-0.23333034,-0.08674261,0.1436816,-0.1522571,0.16768341,0.23807976,0.08222958,-0.1036024,-0.05656721,-0.16651605,-0.49933043,-0.40592104,-0.19634497,-0.45431072,-0.422368,-0.4678614,-0.31261572,-0.38345325,-0.5000499,-0.20151472,-0.06770875,0.029009774,-0.049408227,0.113320276,0.089991644,0.10290639,0.11563057,0.07313946,-0.007899502,-0.013312117,0.036024913,-0.058551393,-0.032508492,-0.039809886,0.12059763,0.09562359,0.1379107,0.16127945,0.028386543,0.14199772,0.17164244,0.3912301,0.6985389,0.78044534,0.80778396,1.0,0.73202455,0.5103992,0.65632814,0.09618791,0.21824642,0.24939954,0.1863537,-0.16814677,-0.1638329,-0.10138178,-0.07468575,-0.07541554,-0.20699365,-0.33523524,-0.18091957,-0.28403738,0.0919583,0.03704385,0.06306021,0.27153784,0.18364023,0.30700707,0.20564105,0.18510231,0.07881243,0.038962003,0.043456394,0.2503412,0.37092847,0.4122225,0.48694736,0.52590805,0.52014434,0.22148398,0.44877815,0.1264497,0.17955293,-0.19313636,-0.054882552,0.12029044,0.13032252,0.17878313,-0.0708533,-0.20160435,-0.12479489,-0.18083657,-0.44947022,-0.2515753,-0.032154344,-0.039648943,-0.2855949,-0.19967012,0.016903834,-0.050948136,-0.091686584,-0.033907406,0.2291878,-0.1134134,0.1985991,0.21756256,0.13703443,-0.26345673,-0.0704796,0.036177717,-0.1844538,-0.16929255,-0.03763496,-0.24503212,-0.17673428,-0.17851046,-0.32378674,-0.043315765,-0.27679715,-0.44863755,-0.27778423,-0.41859925,-0.3608664,-0.2855779,-0.34216583,-0.31663704,0.0067406967,-0.19892912,-0.19957456,-0.22713813,-0.08242138,-0.13468783,-0.061123192,0.05502545,0.12719709,0.1244455,0.16934398,-0.37161598,-0.00754857,-0.28647757,0.009688669,-0.34092215,-0.46130833,-0.42975336,-0.44794872,-0.3280702,-0.29945585,-0.29092553,0.06333113,0.08872879,-0.04771431,0.007017906,0.2271841,0.083044775,0.0363439,0.07019034,0.13088675,0.13097516,-0.0148872975,-0.011287359,0.04458091,0.001140351,-0.10191365,-0.32183436,0.0945526,0.078368425,0.12161966,0.071813256,0.09366272,0.17794208,0.25520855,0.600089,0.22522976,0.84421337,0.49516258,0.5523962,0.1184429,0.472354,0.02960355,0.22790542,0.056500234,0.013788798,-0.18858127,0.030506399,-0.09401208,-0.0625551,-0.07629309,-0.06348001,-0.07549134,-0.36828727,-0.2066086,-0.14045174,0.07338066,0.12696606,0.13399133,0.24700409,0.044664092,-0.0049637496,0.010889064,0.2471224,0.0702989,0.10977932,0.22257404,0.4595022,0.49510553,0.52564543,0.44556737,0.28919432,0.43369025,0.16433673,0.29938063,-0.029821657,-0.10746632,-0.1202251,0.07855788
94,0.25826707,-0.02709846,-0.54983854,-0.42939988,-0.12140364,-0.057510667,-0.59548026,-0.3457778,-0.32775506,-0.37103134,-0.30073076,-0.2271496,-0.28995284,-0.045815706,-0.0175018,-0.00025853637,-0.024004256,0.35957038,0.4750465,0.34994286,-0.093363136,0.12143177,-0.1243675,-0.22850867,-0.14247213,-0.18751612,-0.21604352,-0.20643844,-0.40653127,-0.39549708,-0.52619404,-0.2216027,-0.67800987,-0.6413969,-0.6581802,-0.608842,-0.4497877,-0.31918618,-0.49870923,-0.5851696,0.09232074,-0.42429584,-0.40642786,-0.29661605,-0.12952375,0.211366,-0.26541454,0.13327573,0.20903663,0.03838074,-0.07095633,-0.008655433,-0.15530124,-0.5712042,-0.44405186,-0.21629213,-0.49480537,-0.41106084,-0.46464315,-0.20991093,-0.27888337,-0.5994106,-0.1417744,-0.090222254,-0.040099133,-0.18626083,0.102170914,0.05694849,0.14419354,0.025196237,0.003164751,-0.026747182,-0.049941648,-0.00617067,-0.114335395,-0.06257743,-0.10143,0.09736656,0.022919072,0.13419963,0.18092296,-0.08229631,0.1141584,0.026667431,0.2731946,0.5028435,0.43190768,0.8900869,0.73202455,1.0,0.7148404,0.7995984,0.24761291,0.38902143,0.30964833,0.20316085,-0.15680705,-0.19960697,-0.1310396,-0.05321877,0.13240057,-0.02570541,-0.20483173,-0.101589225,-0.2449806,0.10893624,-0.031076053,0.023071874,0.35793996,0.20952983,0.49609873,0.39690316,0.39455646,0.20228,0.20223975,0.20983924,0.41020086,0.5207655,0.41451272,0.50955546,0.5078603,0.45027155,0.1917473,0.32012215,-0.061205108,-0.038075626,-0.35828614,-0.11029288,0.060423803,0.09414711,0.12395284,-0.08338551,-0.23967808,-0.08814484,-0.1820053,-0.5552932,-0.4060538,0.11108672,-0.068693995,-0.32614726,-0.2714001,-0.036638804,-0.10500657,-0.13518047,-0.020741886,0.32216603,-0.031249495,0.32764968,0.21549577,0.31603208,-0.19406752,-0.119263016,0.05763417,-0.28052455,-0.2545187,-0.031712834,-0.28301394,-0.17381912,-0.095467545,-0.3623759,0.036202013,-0.34882063,-0.46762243,-0.33319718,-0.43445644,-0.46178284,-0.2965361,-0.4060809,-0.42796198,0.009657349,-0.25360557,-0.27072242,-0.32759285,-0.0804613,-0.14487737,-0.053855527,0.021683235,0.18127957,0.05147728,0.09628556,-0.37932014,0.030883143,-0.30824962,0.03791803,-0.23578511,-0.46722752,-0.4557188,-0.41163352,-0.2887633,-0.14260615,-0.39384392,0.035065707,-0.020258522,-0.08173704,-0.05443492,0.25945607,0.079518445,-0.0036650207,0.039393023,0.14317846,0.10223273,-0.028706372,-0.03619953,0.0384567,-0.060667537,-0.12768628,-0.3549835,0.0642494,0.040787086,0.024852993,0.018735701,0.09054131,0.050511837,0.18008877,0.4495224,0.11596889,0.75032526,0.5810714,0.6192747,0.23798199,0.644023,0.15615311,0.23653287,0.16467412,-0.03846923,-0.15077597,-0.006854854,-0.08048658,0.0070867967,0.035989057,0.15048958,0.016201211,-0.26146626,-0.09797181,-0.08357174,0.010371011,0.077762954,0.071787424,0.25916544,0.106132604,0.08200757,0.14201772,0.4434064,0.23844391,0.25334662,0.38888425,0.5494648,0.56918186,0.56492215,0.50018185,0.22702874,0.33906242,-0.0064624785,0.124657586,-0.20093341,-0.16142869,-0.13913697,0.087303065
95,-0.022899104,-0.22595736,-0.3149025,-0.206005,-0.13298713,-0.10710011,-0.5488769,-0.31612068,-0.30270293,-0.2882562,-0.383393,-0.33803618,-0.27282867,-0.2598766,-0.22429447,-0.08063113,0.2157241,0.25274026,0.52538383,0.42982385,0.066414595,0.035748936,-0.27294704,-0.37281364,-0.29453194,-0.16587043,-0.25963247,-0.27404296,-0.43875328,-0.43055812,-0.50438946,-0.2453968,-0.62379676,-0.5782243,-0.5680603,-0.36279193,-0.2322139,-0.120806284,-0.1894816,-0.38033104,0.23653504,-0.2546205,-0.40318373,-0.31141627,-0.27593946,0.18560226,-0.29009107,0.13544387,0.2306817,-0.006218144,0.046635125,0.1325063,-0.16629109,-0.46528494,-0.17199858,-0.13432537,-0.26963985,-0.14882077,-0.23029834,0.03398953,-0.067151815,-0.48421273,-0.032943834,-0.064759105,0.028093068,-0.23133263,0.13646421,-0.03400399,0.1700349,-0.0209681,-0.14775516,-0.1023275,-0.16061078,-0.12900783,-0.16858615,-0.06344752,-0.18249309,0.006380072,0.07831805,0.18120971,0.3642344,0.07269117,0.28762677,0.11837261,0.34718472,0.4691236,0.17347232,0.6275529,0.5103992,0.7148404,1.0,0.6729385,0.45451415,0.6541899,0.5368407,0.44063455,0.009644941,-0.14525941,-0.043106914,-0.030931814,0.48416612,0.2912152,-0.002522545,-0.055447787,-0.20640118,-0.03241727,-0.24008954,-0.11480958,0.25991967,0.14973043,0.5645961,0.4823494,0.51771164,0.27581242,0.304158,0.28016293,0.4569416,0.5049277,0.16744067,0.21138303,0.25256005,0.1805392,-0.034971554,0.01811048,-0.2762956,-0.2974389,-0.5248035,-0.15127786,0.091481626,-0.035245035,-0.11985736,-0.24150686,-0.07409142,-0.043791085,-0.1677491,-0.52750057,-0.41942275,0.2179494,-0.11802448,-0.3052302,-0.39376026,-0.23586775,-0.29542857,-0.21715294,-0.07788265,0.18399735,0.18012704,0.29098055,0.13876654,0.48167333,-0.03200517,-0.15715791,0.027435848,-0.4004305,-0.40924555,-0.16181973,-0.2314045,-0.21922898,-0.13774113,-0.36278635,-0.057227347,-0.36076877,-0.45350534,-0.3331828,-0.27900356,-0.3583852,-0.10706736,-0.16276495,-0.35392484,0.11344926,-0.25974253,-0.29185072,-0.4071445,-0.059354268,-0.18902344,-0.15650903,0.00042557504,0.24737196,0.021431886,0.011334043,-0.40863922,0.085687734,-0.2772585,0.014887619,-0.028731579,-0.24077074,-0.20576838,-0.15518272,-0.069872715,0.04448692,-0.40185526,0.17392935,-0.053118315,-0.09399886,0.011332553,0.28752995,0.091133244,0.002807887,-0.025320996,0.1955032,0.09777933,-0.07661414,-0.09474946,-0.019950818,-0.120747715,-0.12934832,-0.25144923,0.017991316,0.08320944,0.058846105,0.15972827,0.18483041,0.07010621,0.15610155,0.43742186,0.2529162,0.54861826,0.31401795,0.66383547,0.33663884,0.73924786,0.30778,0.2659603,0.4220352,0.09049149,0.0055447305,0.0025679197,0.05028497,0.24651195,0.33511388,0.45413485,0.17349684,-0.07111349,0.009812047,-0.08181373,-0.19628908,-0.11158137,-0.084621064,0.13380478,0.15102169,0.01894393,0.21798003,0.5097882,0.37212336,0.34325683,0.43422577,0.40221822,0.37180176,0.29221132,0.34124443,0.042146243,0.12644237,-0.25868306,-0.10354243,-0.41432497,-0.15507387,-0.094976276,0.018432712
96,0.1697686,-0.009731125,-0.47549912,-0.4036014,-0.18532465,-0.15112278,-0.55332744,-0.32940474,-0.27611303,-0.34192762,-0.2569698,-0.17965278,-0.27523962,-0.07541902,-0.07513176,-0.04676773,-0.013853578,0.30938154,0.4275305,0.32688013,-0.11690415,0.049332034,-0.17280994,-0.22896096,-0.114249595,-0.12722157,-0.15470564,-0.15385185,-0.3585582,-0.3564034,-0.4901109,-0.21905525,-0.65433425,-0.61249256,-0.6160363,-0.556579,-0.4173186,-0.27506924,-0.3909489,-0.5067291,0.11143041,-0.42949897,-0.4326467,-0.26397794,-0.12929875,0.21762906,-0.21886465,0.17103066,0.25865486,0.06784531,-0.09017852,0.0069130943,-0.14111347,-0.57078236,-0.45894328,-0.2370129,-0.49008644,-0.4255935,-0.49092966,-0.25309336,-0.36819825,-0.6422724,-0.21396819,-0.12209172,0.016718922,-0.18594745,0.12195892,0.105098605,0.113843255,0.020971186,-0.010077629,-0.04374935,-0.049603637,-0.041505244,-0.13652879,-0.08332652,-0.09006334,0.083160155,0.012549755,0.13836667,0.13481493,-0.14142747,0.082179524,-0.041682728,0.23434338,0.447514,0.40277204,0.7532794,0.65632814,0.7995984,0.6729385,1.0,0.22922578,0.37895542,0.29478598,0.15768228,-0.20063046,-0.24790627,-0.18679902,-0.10078582,0.10978512,-0.03495438,-0.18521589,-0.08241099,-0.21817666,0.0761287,-0.029311042,0.011110389,0.38520756,0.1884821,0.505988,0.4135339,0.40465212,0.17379981,0.2119392,0.22866467,0.4790075,0.5728164,0.44424322,0.519979,0.5077364,0.41553408,0.1995298,0.29629287,-0.029339982,-0.021396171,-0.34035045,-0.10381529,0.13897021,0.1561942,0.09831164,-0.05026008,-0.27397573,-0.12838861,-0.27502748,-0.5243186,-0.34056076,0.05948383,-0.045897845,-0.2892436,-0.22827525,-0.024165608,-0.12288889,-0.14554778,-0.07568243,0.22875609,-0.055837583,0.28626525,0.19429111,0.32039672,-0.20529623,-0.12907313,0.011596897,-0.28345153,-0.22000341,-0.043594565,-0.20350274,-0.16725446,-0.057530373,-0.314404,0.04488347,-0.3427869,-0.43205506,-0.31768838,-0.44774136,-0.41447935,-0.25772575,-0.34079313,-0.35508776,0.032431163,-0.23089555,-0.28026846,-0.2987215,-0.029271666,-0.15754926,-0.04533384,0.043555874,0.20461233,0.07979717,0.05815738,-0.38875726,0.084952824,-0.27517375,0.033763297,-0.30501094,-0.5189781,-0.45744845,-0.44538838,-0.30923244,-0.23128791,-0.40294862,0.06781703,-0.059697114,-0.06897728,-0.050782945,0.3272866,0.08615444,0.013549676,0.017431479,0.15230045,0.10547945,-0.03757082,-0.022776686,-0.0042440724,-0.09217333,-0.0991672,-0.3118777,0.023261959,0.02527849,0.0032697695,-0.010043382,0.07211697,0.017932791,0.17686033,0.42075965,0.062688515,0.6595943,0.48302886,0.6451663,0.2575505,0.6162996,0.17628887,0.22422078,0.12782016,-0.07079332,-0.16193652,-0.044196963,-0.1526022,-0.06976653,-0.000541446,0.118561685,0.011616683,-0.2548296,-0.07402162,-0.09846069,0.011586935,0.099033415,0.088461004,0.23703635,0.1403396,0.034007337,0.14872769,0.46562234,0.23028934,0.25042212,0.45323622,0.5993303,0.58773947,0.57591593,0.5033468,0.24491854,0.3114843,0.01440702,0.13701251,-0.18786003,-0.1579253,-0.10033855,0.13433485
97,-0.1490839,-0.15310805,-0.12107594,-0.043640517,-0.09204551,-0.010993464,-0.26890585,-0.08019533,-0.19160569,-0.07642727,-0.15611139,-0.22673218,-0.1410894,-0.031249579,-0.049372155,-0.14894818,0.083486445,0.103076935,0.3200611,0.28150642,0.31561166,-0.01258706,-0.060019474,-0.0824494,-0.20246907,-0.19105357,-0.15329666,-0.15943621,-0.210252,-0.19868347,-0.2660946,-0.15218437,-0.3441715,-0.33473766,-0.21218124,-0.049542684,-0.034123246,0.24136563,0.19442984,-0.01752334,0.34339124,-0.043965187,-0.17340694,-0.0642255,-0.08632322,0.13950472,-0.17521085,0.04220272,0.088029824,0.011389941,0.10934208,0.014591348,0.02023719,-0.2029913,0.014199875,-0.059715156,-0.10314149,-0.024535201,-0.116442055,0.07539693,0.055839293,-0.1944757,0.02885491,-0.019444482,-0.013516093,-0.16709897,-0.0032134256,0.030704511,-0.0036607431,0.04255678,-0.020625059,-0.06139816,0.03252716,0.033583887,0.0028356884,0.027606867,-0.04885139,0.0148409745,-0.04881752,0.048714273,0.12462172,-0.023725133,0.04252827,0.020133298,0.08049039,0.12123803,-0.10495332,0.19955733,0.09618791,0.24761291,0.45451415,0.22922578,1.0,0.29742363,0.2879252,0.18032975,-0.02610613,-0.05573451,-0.10259407,-0.071281195,0.33465406,0.20381184,0.07441423,0.057728756,0.021450909,-0.065859035,-0.21093829,-0.07809319,0.15623592,0.07531495,0.2561178,0.32847646,0.27372205,0.14978656,0.31468326,0.16691752,0.25705305,0.2415755,0.018878179,0.0092461975,0.0049472214,-0.06540694,-0.06821343,-0.16418515,-0.331816,-0.2962996,-0.41438687,-0.15556864,-0.035837926,-0.13453498,-0.18529561,-0.20647478,0.034225654,-0.0023141508,-0.063765034,-0.22874957,-0.22704802,0.12204218,-0.08564689,-0.16632432,-0.24609908,-0.1292572,-0.056666035,-0.077664815,-0.07696219,-0.0075389855,-0.0023762893,0.1326809,-0.043692484,0.31669432,0.15221111,-0.10522167,-0.010725619,-0.17481166,-0.25717995,-0.11818039,-0.10826379,-0.10286765,-0.0897641,-0.102759875,0.031195458,-0.18365078,-0.24333522,-0.19735344,-0.053324662,-0.17601815,0.2566207,0.24884897,-0.10201982,0.22769667,-0.15960632,-0.14591442,-0.16600424,-0.08208442,-0.064697966,-0.072813734,0.02692249,0.15133424,-0.030445043,-0.08920508,-0.140995,0.05169953,-0.07688534,-0.08376497,0.06252694,-0.047370933,-0.04958464,-0.056636434,-0.0060273735,0.085612625,-0.19210063,0.11580821,-0.116131075,-0.05473169,-0.08240569,0.103118785,0.10086882,0.01298129,0.0010504957,0.13221315,0.077306345,-0.066462755,-0.04037414,0.055338122,0.014930126,0.017356575,-0.10129214,-0.018931666,-0.023718134,-0.019786023,-0.021783713,0.029961176,0.020391302,0.05526134,0.15308149,0.085914515,0.17443936,0.092631996,0.20678304,0.33149,0.40334344,0.2012022,0.16349423,0.15337254,0.07351453,-0.05454712,-0.046378944,-0.07209841,0.077205166,0.08200476,0.35030317,0.16757739,0.033491764,0.11069729,0.015382112,-0.20655823,-0.13207664,-0.13068019,0.15990302,0.06891294,0.08349087,0.19476609,0.2974087,0.23258334,0.22161153,0.25921038,0.14276813,0.15884,0.0618231,0.08549399,-0.15254545,-0.09665358,-0.31836864,-0.17190547,-0.35020858,-0.19299816,-0.13671827,-0.043281786
98,-0.22801048,-0.29420665,-0.10862998,-0.06483351,-0.0738877,-0.10991829,-0.30871776,-0.20371553,-0.1799286,-0.17804086,-0.30033964,-0.248576,-0.16834112,-0.32444826,-0.30002654,-0.17995591,0.14037366,0.053256333,0.2880138,0.26289323,0.076053455,-0.078857206,-0.31717142,-0.37626755,-0.249629,-0.097117566,-0.14250857,-0.143758,-0.25039542,-0.21061537,-0.273864,-0.13366932,-0.3429434,-0.30136982,-0.3348304,-0.15076356,-0.083428755,-0.089048624,-0.029037217,-0.19118612,0.13971269,-0.133653,-0.2832161,-0.27375078,-0.27722302,0.09700506,-0.2757865,0.031587332,0.09914212,-0.083582826,0.058211673,0.13827583,-0.14200236,-0.22086748,-0.025144143,-0.09449879,-0.06803984,0.036508303,-0.04183184,0.16782902,0.0103843585,-0.28960085,0.0775581,-0.047230426,0.053372756,-0.19214293,0.11608502,-0.16152799,0.15811905,-0.10748803,-0.2414918,-0.1761548,-0.22125332,-0.20520394,-0.20377427,-0.1001484,-0.24068339,-0.07893845,0.05203574,0.10841094,0.27852127,0.10503941,0.27388313,0.1348931,0.25946483,0.2887983,0.015347036,0.30616313,0.21824642,0.38902143,0.6541899,0.37895542,0.29742363,1.0,0.7415215,0.6051462,0.26313356,0.035212286,0.086494915,0.046754066,0.5957299,0.54213756,0.22176513,0.20734893,-0.04649598,-0.018110234,-0.17748849,-0.15899646,0.270308,0.17565121,0.5124736,0.38976443,0.44770887,0.21100135,0.20155798,0.275361,0.38133335,0.37722066,0.03919378,0.058400877,0.06849616,-0.020573318,-0.12110279,-0.10359153,-0.20374814,-0.25699458,-0.2986384,-0.082042895,0.05072219,-0.09223633,-0.2676159,-0.24486196,-0.01129587,-0.020398946,-0.13329698,-0.31214297,-0.27943733,0.166446,-0.09428613,-0.18228987,-0.28583238,-0.26274654,-0.33460203,-0.19858217,-0.14625393,0.076634504,0.12457426,0.084003516,0.027132116,0.35369042,0.038968947,-0.10989954,0.043676134,-0.35866168,-0.32626343,-0.1656435,-0.16101916,-0.1371471,-0.07587115,-0.20309152,-0.03910031,-0.25035515,-0.24701513,-0.18855006,-0.12969333,-0.1584442,-0.08648214,-0.07095334,-0.18444803,0.04916068,-0.15247358,-0.21647087,-0.35556296,-0.0096953325,-0.15302785,-0.1060625,-0.067433804,0.1267451,0.005157155,-0.05023082,-0.21645434,0.08320271,-0.20369852,0.029659081,0.023450404,-0.087764375,-0.017331315,0.019790053,0.09415019,0.10580029,-0.21540046,0.12948954,0.024051154,-0.055798717,0.0003734131,0.15674867,0.037855715,-0.021435402,-0.1206117,0.057963718,0.0030271767,-0.13378178,-0.11923457,-0.08204472,-0.17869295,-0.18344684,-0.17731406,-0.029205387,0.052193917,0.050680526,0.1481358,0.15265022,0.102712266,0.077256694,0.28296643,0.28066143,0.20655361,0.14049064,0.44094908,0.2735845,0.6677156,0.43607152,0.21950151,0.70543116,0.3275214,0.15701483,0.096514426,0.1624173,0.32023138,0.44338864,0.5398126,0.28983283,0.23061982,0.25463283,-0.028861843,-0.15520714,-0.11891157,-0.10438068,0.01764752,0.17779894,0.050434556,0.23446596,0.4226405,0.30738497,0.25158548,0.37316144,0.28047213,0.19929375,0.12323389,0.17998183,-0.007874355,0.015048877,-0.22447777,-0.17080723,-0.28794187,-0.07937521,-0.08862896,-0.035445515
99,-0.19276284,-0.24226393,-0.05497281,-0.007620503,-0.05721774,-0.048601937,-0.22053221,-0.1287672,-0.123396546,-0.13003115,-0.22163962,-0.17574695,-0.11043093,-0.22245859,-0.20315802,-0.16501404,0.029726045,0.018681575,0.19430137,0.2264337,0.016432708,-0.11716297,-0.25694543,-0.2959902,-0.19669192,-0.102431,-0.11057974,-0.13793351,-0.21456529,-0.19581407,-0.2412912,-0.1382417,-0.2904851,-0.2731632,-0.26760563,-0.16029167,-0.12903039,-0.10905326,-0.013020878,-0.16784386,0.09729444,-0.1360673,-0.2612848,-0.23058952,-0.23081799,0.04194632,-0.2845747,0.0134820035,0.069418624,-0.079152934,0.014898756,0.040121984,-0.08965715,-0.20711306,-0.070006445,-0.16492826,-0.12229695,-0.062384665,-0.103008635,0.027818242,-0.05710115,-0.28708756,0.006829269,-0.04748166,-0.023003878,-0.1712257,0.032108136,-0.14977852,0.14234926,-0.00089159014,-0.13390782,-0.16427235,-0.12380274,-0.09464387,-0.12398913,-0.08168737,-0.18661058,-0.064513184,0.04154133,0.10861698,0.28859836,0.13125609,0.28868598,0.17376259,0.35525805,0.27261445,0.13023423,0.29679546,0.24939954,0.30964833,0.5368407,0.29478598,0.2879252,0.7415215,1.0,0.70988053,0.32259843,0.14292301,0.1000485,-0.008578099,0.49942565,0.4737476,0.14820647,0.24443719,-0.010865146,0.035789672,-0.06502965,-0.079842724,0.24464744,0.23934548,0.40667394,0.28185067,0.32149985,0.14760911,0.1329472,0.20285349,0.3197999,0.3300461,-0.0009851414,0.03008108,0.108326815,0.079104945,-0.062178716,0.022762913,-0.06669761,-0.08300421,-0.18034622,-0.023696754,0.07694041,-0.11884668,-0.23035811,-0.2344099,0.046637088,-0.002959175,-0.04987465,-0.21553634,-0.21442175,0.16758041,-0.058834225,-0.10582793,-0.20863442,-0.18995216,-0.24378909,-0.13703847,-0.1465277,-0.005507081,0.029459236,0.037072346,-0.036803115,0.2800892,-0.011973049,-0.12252031,0.019715136,-0.30113313,-0.2635583,-0.12960349,-0.14444885,-0.08038173,-0.080002375,-0.19509476,-0.028095562,-0.20080782,-0.23468071,-0.12737834,-0.14912382,-0.10677898,-0.103061505,-0.059504837,-0.18337773,0.05215676,-0.14063694,-0.19012786,-0.2742154,-0.016724942,-0.15204528,-0.09268942,-0.041110203,0.08562727,0.0068092793,0.004516769,-0.24107039,0.061065968,-0.20607805,-0.056127734,-0.034475036,-0.13933347,-0.089042425,-0.073051065,-0.008087049,0.025042024,-0.26797405,0.030637436,0.04046316,-0.06804762,-0.01386626,0.11997245,-0.0003365616,0.007854324,-0.05889849,0.06739319,0.02747618,-0.12673794,-0.076012306,-0.029877452,-0.08827204,-0.1463152,-0.16053785,-0.03768477,0.037592128,0.06962808,0.14122652,0.16147885,0.16206928,0.16021593,0.24337429,0.3218343,0.24096817,0.19398916,0.31514737,0.23887543,0.5582333,0.30239382,0.30358303,0.6977144,0.5551906,0.13105845,0.16041851,0.13174032,0.26220685,0.32975176,0.44549945,0.26844192,0.22294466,0.25902167,-0.011607174,-0.060165703,-0.04088479,-0.057501156,0.06695101,0.099572316,-0.0023391568,0.14372136,0.30342826,0.23044232,0.18288235,0.30963033,0.22432654,0.1389232,0.0764748,0.1664491,0.039713252,0.11765913,-0.09645948,-0.017277656,-0.14185485,-0.06704448,-0.10353687,-0.07379069
100,-0.12262335,-0.1999689,-0.008019,0.07212169,-0.056365807,-6.397039e-05,-0.1558469,-0.1457316,-0.114980996,-0.08737151,-0.25287753,-0.23141421,-0.16019608,-0.3073677,-0.27099168,-0.13362351,0.13579217,-0.0727512,0.21310735,0.27905783,0.1366041,-0.057628274,-0.23712403,-0.32303676,-0.2996726,-0.11213951,-0.19663465,-0.19412316,-0.20316806,-0.18553893,-0.19039154,-0.08350908,-0.18336332,-0.14822246,-0.20741864,-0.023701152,-0.009988703,-0.060366683,0.06521261,-0.04438411,0.07563079,0.0030610478,-0.17738183,-0.21438284,-0.2688444,-0.0011606595,-0.23367305,0.056686573,0.09651431,-0.08167911,0.1661014,0.14213657,-0.14743799,-0.09887237,0.12945928,-0.06517881,0.07673728,0.13038607,0.093824394,0.1811668,0.1606513,-0.018548531,0.18512307,0.06998918,0.13457045,-0.0060553937,0.12058529,-0.21266283,0.1450646,-0.056588873,-0.20790486,-0.16776037,-0.20325384,-0.14755899,-0.15512241,-0.08789954,-0.22659844,-0.085972376,0.18314785,0.1768158,0.4424116,0.3768038,0.5218076,0.39762294,0.39415088,0.36111626,0.02687235,0.16037764,0.1863537,0.20316085,0.44063455,0.15768228,0.18032975,0.6051462,0.70988053,1.0,0.5933669,0.3703597,0.39334473,0.10763963,0.49755,0.5023572,0.12196185,0.045739494,-0.123364635,-0.07373176,-0.2651374,-0.19861802,-0.012564246,0.13246173,0.19022353,0.191964,0.23038232,0.13435517,0.08794158,0.116469875,0.12134351,0.095216714,-0.245488,-0.20820874,-0.15233444,-0.1498681,-0.2433216,-0.20141378,-0.2574762,-0.19406804,-0.196332,0.058977883,0.07623107,-0.16269541,-0.18926542,-0.33046517,0.14714924,0.019925669,0.0046865046,-0.17590874,-0.20609143,0.18911532,-0.09804877,-0.113880284,-0.26868796,-0.2730503,-0.29980114,-0.12690464,-0.10508941,-0.0075960574,0.1408845,-0.0075468477,-0.012558515,0.32438767,0.052387733,-0.13963334,-0.0031196477,-0.28086743,-0.31332484,-0.19756916,-0.13624421,-0.13019194,-0.123158716,-0.17878938,-0.13309588,-0.123233795,-0.19037765,-0.07875801,-0.018563671,-0.039457727,-0.07592444,0.030530581,-0.14445306,0.0064039784,-0.099454045,-0.14526607,-0.2956674,-0.032418586,-0.14485897,-0.10975011,-0.03696303,0.11741288,0.06294557,-0.002736159,-0.093696244,0.050962515,-0.17816825,-0.030273953,0.11205197,0.10754957,0.105583616,0.122449264,0.12939925,0.14004657,-0.0698734,0.19530174,0.1279169,-0.017918276,0.12427254,0.08100745,0.08823781,0.032896925,-0.087757155,-0.0011908255,0.02462425,-0.10846852,-0.1112601,-0.07508285,-0.11141435,-0.16662137,-0.09530322,0.05499958,0.13749734,0.20984675,0.37066728,0.27465925,0.26192382,0.13088745,0.32479587,0.42671406,0.15621726,0.019542107,0.2356047,0.14202912,0.27477822,0.16920443,0.13997579,0.7993068,0.7382894,0.27867493,0.2809292,0.40407354,0.52017456,0.49638316,0.40727484,0.2633879,0.25064734,0.09283093,0.030827202,-0.24285524,-0.23132809,-0.14803664,-0.06442992,0.0067036976,-0.08194788,0.049066264,0.18408376,0.21676452,0.19786243,0.12236038,-0.041741185,-0.055555824,-0.15932243,-0.041183453,-0.18121223,-0.07360846,-0.3006442,-0.1383131,-0.21975254,0.025638884,-0.013314557,-0.042593542
101,-0.09581942,-0.13749877,0.09713131,0.14404452,-0.029297296,0.066946864,0.07877941,0.0006949241,-0.0049967975,0.09909397,-0.089614294,-0.113270156,0.011772834,-0.222437,-0.2142484,-0.0650856,0.14447336,-0.23235784,-0.039855924,0.046371385,0.2153046,-0.013751193,-0.122825064,-0.17232612,-0.21887307,0.0025818394,-0.085227005,-0.056610625,0.0688385,0.06668385,0.11570969,0.09545383,0.17140539,0.19960679,0.11805709,0.25744262,0.23215084,0.09053275,0.20167083,0.19254626,-0.019146845,0.23640122,0.060317546,-0.051701225,-0.18024759,-0.12853563,-0.09947794,-0.09881308,-0.076976515,-0.011474334,0.19062734,0.1775437,-0.06948295,0.21576542,0.35321802,0.1549654,0.367124,0.37566558,0.3625188,0.3332788,0.30342355,0.29709703,0.2786661,0.09840489,0.10991344,0.0910511,0.06617501,-0.23791637,0.04221748,-0.16400512,-0.21752976,-0.105336465,-0.19357616,-0.19531244,-0.16884492,-0.077329956,-0.20751469,-0.16334571,0.16858558,0.04931393,0.28609735,0.3326148,0.423567,0.2893924,0.121940985,0.059154928,-0.22483234,-0.22715902,-0.16814677,-0.15680705,0.009644941,-0.20063046,-0.02610613,0.26313356,0.32259843,0.5933669,1.0,0.7318014,0.6746085,0.2753999,0.3104356,0.46514463,0.26741374,0.1668367,0.07848193,-0.035030443,-0.18322144,-0.18705122,-0.19168216,-0.005415183,-0.1377297,-0.07993235,-0.04432591,0.024052257,-0.08626025,-0.07378976,-0.19978045,-0.25569648,-0.4124336,-0.40198538,-0.40784356,-0.37780854,-0.33681256,-0.37376723,-0.26704702,-0.19847515,-0.031130258,0.035693284,-0.060107462,-0.17661752,-0.13901788,-0.22421236,0.17012917,-0.030433506,0.06778287,0.07248506,-0.018827522,0.11636923,-0.058373056,0.0017077165,-0.12637892,-0.19275469,-0.1864691,-0.04020848,-0.020662619,-0.054918606,0.14495476,-0.1787403,-0.06312264,0.09906518,0.18759212,-0.056003224,0.0066113262,-0.08214918,-0.17258416,-0.1410057,-0.017197156,-0.034302663,-0.07024112,0.045053363,-0.10112644,0.103431806,0.10697346,0.06914166,0.23109561,0.12964146,0.06392168,0.17964682,0.04005303,-0.07740255,0.079692714,0.018654391,-0.11134194,-0.040453274,-0.026029676,-0.034985922,-0.1437091,-0.07140255,-0.008241072,-0.1100897,0.15790679,0.034861244,0.01813531,0.011501853,0.2771908,0.3850529,0.3668938,0.3723499,0.3218083,0.19358155,0.23519714,0.15105361,0.13219377,0.037942715,0.14055637,-0.06020747,0.04543677,-0.0064151767,-0.078246936,-0.14672454,-0.082099624,-0.06220979,-0.07185536,-0.115084626,-0.1327923,-0.15444216,0.037145395,0.033495843,0.13822633,0.15001917,0.32734516,0.23219995,0.14952087,-0.055991713,0.055848133,0.22594547,-0.18741499,-0.25643268,-0.005138809,-0.09370536,-0.121482775,0.011293275,-0.056050517,0.5418204,0.63937783,0.4541191,0.2903173,0.6125667,0.546333,0.42297482,0.22725606,0.23828566,0.47077155,0.18093425,0.12980673,-0.19117743,-0.22123429,-0.13695164,-0.18191881,-0.02652975,-0.09483402,-0.04384502,-0.10748442,0.044694006,0.01026274,-0.1772243,-0.3369772,-0.30038583,-0.38851938,-0.28915694,-0.3387381,-0.30724755,-0.30380496,-0.2141386,-0.13521492,0.066781566,0.0057531195,-0.11940541
102,0.024738956,-0.058749262,0.06743558,0.117438585,-0.0036052286,0.1245261,0.11352552,0.050354887,0.021540364,0.10380877,-0.039028645,-0.07255036,0.08491703,-0.061590806,-0.06697439,0.023589728,0.034849796,-0.21003294,-0.10436598,-0.05396837,0.18950863,0.022939222,-0.005018295,-0.048412383,-0.1611113,-0.0036097954,-0.07523665,-0.03807373,0.12508279,0.09920827,0.16390471,0.10211764,0.2244204,0.23453562,0.1889935,0.2628775,0.2235269,0.13446891,0.1903747,0.21899113,-0.025372969,0.2521183,0.15180443,0.015803482,-0.11759942,-0.19341923,-0.03557613,-0.14214368,-0.11025166,0.06498075,0.09114421,0.08153117,-0.026739398,0.24367891,0.30763766,0.1974701,0.345413,0.3108598,0.2852232,0.21622808,0.1975544,0.303841,0.19091506,0.02934551,0.040860765,0.07685507,-0.017283427,-0.19827387,-0.04554668,-0.086273804,-0.10194102,-0.027067235,-0.08058093,-0.12408957,-0.13529526,-0.0768378,-0.1574581,-0.10363416,0.16368762,0.021070983,0.15319353,0.27350432,0.28373912,0.22085287,0.07195376,-0.014090573,-0.15730855,-0.23652121,-0.1638329,-0.19960697,-0.14525941,-0.24790627,-0.05573451,0.035212286,0.14292301,0.3703597,0.7318014,1.0,0.665418,0.23454574,0.045111846,0.20538141,0.16079837,0.1683763,0.12395619,0.02219388,-0.07350632,-0.10538525,-0.20698908,-0.052888107,-0.25417382,-0.18990049,-0.17316465,-0.04804185,-0.15890174,-0.18001273,-0.30014822,-0.3245482,-0.3255049,-0.33489966,-0.33334264,-0.29125565,-0.23053998,-0.2588073,-0.15797253,-0.07241343,0.038738646,0.023785815,-0.054439362,-0.094139725,-0.015180593,-0.17490752,0.1447387,-0.05191279,0.07194476,0.11927436,0.04608628,0.06067561,-0.041709006,0.017467748,-0.07581407,-0.10352328,-0.040399827,0.034265816,0.0058812,-0.009718723,0.047053922,-0.19060004,-0.04833679,-0.046551492,0.15211025,-0.013499279,0.02999688,0.049481545,-0.101839446,-0.09521773,-0.020069556,-0.03344347,-0.057806037,0.080062315,-0.077640794,0.14007437,0.15930057,0.098224536,0.20765221,0.16564685,0.11156867,0.21526727,0.11389571,-0.043616857,0.12432523,0.104537204,-0.010319953,-0.06661226,0.015674287,0.0023992932,-0.14916432,-0.16284841,0.00037104337,-0.07367697,0.16686858,-0.004022234,0.045244828,-0.030516703,0.25948292,0.33602384,0.32734478,0.27711013,0.23833318,0.069861256,0.27197167,0.03957749,0.116182804,0.037677374,0.09119807,-0.112600446,0.002192928,-0.017102914,-0.05207543,-0.18875515,-0.051115498,-0.00069863,-0.010121415,-0.08505306,-0.080157354,-0.1328684,-0.007102674,0.05346617,0.14051235,0.14862084,0.24011038,0.15198211,0.08725991,-0.03564319,-0.019920215,0.12920277,-0.1786691,-0.24178416,-0.05798547,-0.15987171,-0.2354151,-0.10698259,-0.095056035,0.28553072,0.52992535,0.31963474,0.31704673,0.46847582,0.31243032,0.17342003,-0.007373468,0.109668836,0.35702926,0.13744366,0.12927966,-0.09273364,-0.12993956,-0.08578502,-0.13829675,-0.06412525,-0.07871521,-0.099022605,-0.2101551,-0.06301469,-0.08766596,-0.27797842,-0.34486866,-0.28822672,-0.3359893,-0.26446587,-0.27373087,-0.24496835,-0.17734692,-0.097008705,-0.026626464,0.034893874,-0.013620002,-0.11932537
103,0.047347005,-0.05890084,0.021745719,0.06017397,0.00078512036,0.054963496,0.04646266,-0.03764621,-0.005226982,0.04505911,-0.107337765,-0.13143605,0.019866167,-0.14080212,-0.12694153,0.05132967,0.18235108,-0.15399821,-0.0061308937,-0.013938222,0.14539394,0.06692724,-0.042211264,-0.13408288,-0.1910524,-0.013514894,-0.119782306,-0.09075602,0.04492262,0.0038956287,0.06754495,0.059582304,0.13452968,0.16721407,0.08990371,0.21077257,0.20710512,0.10206609,0.10389943,0.14566691,-0.040572204,0.2169174,0.08362076,-0.031352013,-0.15059541,-0.14706552,-0.042793803,-0.110287905,-0.07858037,0.027436363,0.16711824,0.17454073,-0.084859766,0.19014828,0.31177446,0.18272717,0.3284357,0.34138775,0.32886162,0.29929549,0.27632394,0.31181902,0.25211406,0.1190028,0.12667589,0.17042677,0.048579566,-0.15431046,0.023800302,-0.11477322,-0.15615971,-0.023105284,-0.16641776,-0.17847697,-0.160901,-0.069124535,-0.16467042,-0.100972265,0.13669069,-0.009415525,0.21377632,0.30593535,0.36647263,0.2879972,0.121445164,0.09899301,-0.13743813,-0.1889477,-0.10138178,-0.1310396,-0.043106914,-0.18679902,-0.10259407,0.086494915,0.1000485,0.39334473,0.6746085,0.665418,1.0,0.4098165,0.16013868,0.25545916,0.11316993,-0.018296449,-0.0004032184,-0.07040821,-0.18016216,-0.14542736,-0.25069788,-0.08918366,-0.2004252,-0.15010281,-0.108481705,-0.0038435669,-0.17431444,-0.14393643,-0.2894521,-0.31541616,-0.304919,-0.2958804,-0.34167627,-0.30306172,-0.27480948,-0.2990935,-0.21644205,-0.1479137,-0.044062827,-0.027831715,-0.09428688,-0.14851137,-0.013329333,-0.112495616,0.07639544,-0.019666081,0.040487386,0.043704275,-0.011744353,0.042543307,-0.07496115,-0.053178042,-0.13279033,-0.13695474,-0.11034674,-0.0395224,0.06218585,0.02751128,0.17865711,-0.105703324,0.015537178,0.03575489,0.13725728,-0.04268088,0.016962629,-0.01589906,-0.14036469,-0.111065306,-0.029053664,-0.074260145,-0.09375655,0.031092338,-0.106886074,0.10050477,0.074033454,0.04356209,0.18851416,0.0738743,0.0831305,0.13095261,0.055003393,-0.089043766,0.08902945,0.041165363,-0.07805684,-0.049218245,-0.01307666,-0.02664559,-0.13179019,-0.10358227,-0.009374406,-0.08974716,0.15193658,0.024924263,0.03363801,0.063420795,0.22340956,0.35729018,0.32764655,0.3439433,0.29395008,0.15507488,0.28905252,0.18957104,0.141996,0.06741279,0.18395504,-0.024232093,0.04643768,-0.007335888,-0.0109883435,-0.10530919,-0.03281871,0.004720055,-0.06396281,-0.10479295,-0.123276524,-0.14746925,0.018081805,0.085667305,0.10106559,0.11912885,0.29198074,0.21269609,0.13787939,-0.0410306,0.06756302,0.16942891,-0.13947119,-0.2438026,0.00066489674,-0.14189644,-0.18994607,-0.07678165,-0.0845208,0.2927719,0.39801848,0.33095157,0.21164054,0.8418771,0.48489636,0.30496845,0.08410303,0.1133206,0.2875249,-0.01767161,0.081036136,-0.18146907,-0.1902305,-0.12363459,-0.1808382,-0.055086877,-0.09391216,-0.08376982,-0.16139232,-0.023566527,-0.0498553,-0.27509803,-0.32601118,-0.22585231,-0.28882924,-0.2443483,-0.30116957,-0.2844164,-0.23611163,-0.15350422,-0.12017308,0.039514527,-0.022159183,-0.1428601
104,0.005195297,-0.03167154,-0.0052719424,-0.0013402252,0.012242372,0.0203288,0.011229018,-0.011037703,-0.016934762,0.009652245,-0.017644685,-0.04843289,0.016450264,-0.06835618,-0.06537267,0.031919517,0.10806378,-0.08510913,-0.0089984415,-0.03685981,0.0645411,0.020968739,-0.027218655,-0.06587776,-0.061102115,0.013102075,-0.046729743,-0.023963781,0.054244246,0.04131653,0.053859673,0.047552247,0.0584118,0.07935466,0.015663307,0.0852244,0.10556691,0.024405967,0.018871367,0.034741953,-0.05459004,0.08519728,0.02537978,-0.03787799,-0.05690064,-0.048455264,-0.04169264,-0.08507438,-0.09383522,-0.05342799,0.061961878,0.07202352,-0.053493254,0.0883754,0.14058897,0.08458003,0.138739,0.18598291,0.154168,0.19077481,0.15140939,0.15041515,0.12289709,0.032509096,0.043096934,0.07548177,0.02281794,-0.08887666,-0.0019898263,-0.091378614,-0.08548118,-0.0030779045,-0.08766111,-0.10544621,-0.08138936,-0.0422806,-0.07674931,-0.06459073,-0.0058042053,-0.045835614,0.038351476,0.08663367,0.09185709,0.10298353,-0.003132935,0.0066935536,-0.092645094,-0.102401875,-0.07468575,-0.05321877,-0.030931814,-0.10078582,-0.071281195,0.046754066,-0.008578099,0.10763963,0.2753999,0.23454574,0.4098165,1.0,0.08407002,0.13642903,0.07067943,0.02089859,0.03421795,-0.02844487,-0.08480916,-0.0869959,-0.10454842,-0.027929273,-0.07658629,-0.07445396,-0.043878756,-0.02755339,-0.09117731,-0.0388416,-0.10561892,-0.13440174,-0.08311483,-0.08101435,-0.16747954,-0.15466644,-0.121115334,-0.16630891,-0.13058832,-0.10381908,-0.028463714,-0.039823823,-0.07270501,-0.11372294,-0.01734899,-0.013793761,-0.0018109884,0.0017133837,0.013308514,0.0149532845,-0.027928997,-0.001124155,-0.041856296,-0.0282193,-0.041430417,-0.039675385,-0.05546568,-0.012532528,0.048951525,0.04461976,0.1192293,-0.058420595,0.006489046,-0.003210546,0.047281146,-0.04895148,0.014887054,-0.013776571,-0.049705382,-0.028230963,-0.0102802245,-0.00071073236,-0.050465856,0.051812675,-0.03208474,0.07882914,0.066196285,-0.011763183,0.08623288,0.025715,0.013454187,0.02876753,0.02407294,-0.0871241,0.037473172,0.016866092,-0.05319283,-0.026905762,0.0069703017,-0.008438935,-0.0636395,-0.058906388,-0.023695625,-0.06414663,0.10646382,0.007850483,0.0033928321,0.018933557,0.09310395,0.17780419,0.16404772,0.18140504,0.17783913,0.12112548,0.13325655,0.058629043,0.04910468,0.05349732,0.06931458,-0.03130518,0.0024748456,-0.021500686,-0.017082546,-0.090692334,-0.038545877,0.022382636,-0.044904903,-0.064601496,-0.075262055,-0.065772854,0.011767038,0.028075967,-0.0196058,-0.019077498,0.06499425,0.06892452,0.05374502,-0.05275501,-0.008109673,0.028789703,-0.09332713,-0.1271798,-0.018252615,-0.049927644,-0.0683224,-0.012557832,-0.052840814,0.09712803,0.09726115,0.17864373,0.0002691034,0.49241382,0.22133985,0.16014421,0.054491658,0.04229006,0.14474057,0.02750803,0.02881207,-0.08437036,-0.09702694,-0.049185507,-0.06297308,-0.05131316,-0.0065582152,-0.04322673,-0.065663055,-0.034471266,-0.038733814,-0.099041566,-0.123488165,-0.0693011,-0.08328671,-0.10289118,-0.15998691,-0.16868336,-0.13479504,-0.12085917,-0.09503901,0.006319115,-0.042898968,-0.086971775
105,-0.31352004,-0.33760598,0.01008183,0.06700316,-0.032961898,-0.069778405,-0.27451792,-0.08244659,-0.16435073,-0.07513939,-0.27235466,-0.28431383,-0.1953131,-0.4031875,-0.36902758,-0.18488012,0.3812138,0.07024812,0.30415145,0.29576266,0.25851187,-0.0150820315,-0.3204275,-0.3858684,-0.31170124,-0.068592064,-0.13161854,-0.13694912,-0.22454372,-0.17164399,-0.20139848,-0.1205626,-0.22901241,-0.18247071,-0.17894611,0.048051838,0.08001592,0.0872718,0.16295815,-0.024041526,0.1671836,0.036198724,-0.23781283,-0.19444129,-0.27502114,0.073894806,-0.28418994,-0.0066954102,0.049021896,-0.07906546,0.17420493,0.21759056,-0.10427453,-0.08141538,0.13084888,-0.03104096,0.072796024,0.19092463,0.14182211,0.3328596,0.27598098,-0.06699239,0.238131,0.06470798,0.089476645,-0.13368839,0.10161747,-0.07830951,0.15247904,-0.20783398,-0.32571256,-0.15673411,-0.28798947,-0.24736764,-0.18103921,-0.069112204,-0.19805753,-0.11397434,0.055844385,0.10459651,0.30158687,0.13420203,0.29414693,0.10961128,0.11463445,0.10701742,-0.22742286,0.058314193,-0.07541554,0.13240057,0.48416612,0.10978512,0.33465406,0.5957299,0.49942565,0.49755,0.3104356,0.045111846,0.16013868,0.08407002,1.0,0.76333964,0.37695402,0.12978967,0.011244283,-0.07802199,-0.33160985,-0.23344325,0.02900587,0.08698938,0.34312788,0.37228015,0.4417303,0.24288219,0.2520202,0.3087098,0.286505,0.22381565,-0.21171594,-0.19450429,-0.22305572,-0.2526979,-0.28457382,-0.33593783,-0.38595283,-0.39303318,-0.3686832,-0.12174845,-0.0034084646,-0.19260693,-0.35032663,-0.23334634,0.11108029,0.066877574,-0.038484704,-0.23813424,-0.27252212,0.25161833,-0.10325603,-0.17842314,-0.33222562,-0.3677735,-0.39236993,-0.20309523,-0.070082545,-0.03888317,0.31760535,0.16303757,-0.03428297,0.40712884,0.24052708,-0.11280964,0.0046703666,-0.36555162,-0.37445697,-0.21375465,-0.06424969,-0.07778449,-0.08207671,-0.16199692,-0.010582025,-0.15064733,-0.19163306,-0.12562408,0.0462871,-0.13068318,0.08696037,0.1033158,-0.18270329,0.049183827,-0.10666666,-0.19927655,-0.3406297,-0.0051589725,-0.124342,-0.06978239,-0.0987024,0.11093812,-0.014583666,-0.105409056,-0.08859365,0.1258835,-0.0812351,0.03230149,0.23444153,0.13424179,0.118898615,0.21442862,0.2135818,0.30965248,-0.12538315,0.20070918,-0.030045964,-0.020762365,0.039589316,0.13093755,0.07613579,-0.0018716073,-0.07834038,0.12117462,-0.060288183,-0.101246476,-0.15273038,-0.09660598,-0.19343388,-0.12360745,-0.01586211,-0.08359121,0.077762775,0.03177638,0.19262664,0.18304142,0.052690722,-0.012936905,0.13465665,0.24900354,-0.027389657,-0.013468427,0.18257979,0.26670104,0.35312656,0.35241422,0.11085797,0.56329125,0.23109646,0.2798653,0.02394852,0.28919312,0.56066936,0.70604193,0.89373755,0.40469158,0.3609834,0.23583113,0.030720662,-0.3124266,-0.2791085,-0.19864616,-0.090871364,0.07371147,0.04898819,0.20964418,0.3543826,0.39262646,0.2986089,0.29433244,0.039074402,0.029962828,-0.1257737,-0.05106471,-0.23318364,-0.1921527,-0.41052756,-0.30631986,-0.3916188,-0.07971214,-0.03243395,-0.090515055
106,-0.35235935,-0.27901325,0.07602499,0.10812469,-0.037761178,-0.055734538,-0.10292513,-0.0046377825,-0.060066175,0.0060803504,-0.16192989,-0.17558976,-0.10030168,-0.39751709,-0.3873491,-0.1958509,0.32391122,-0.05724171,0.14122196,0.20754482,0.27010944,-0.08408122,-0.31824067,-0.31943405,-0.23635554,-0.025572589,-0.041770544,-0.033515938,-0.049071435,-0.0044878284,-0.017633272,-0.005518474,-0.016669936,0.022580948,-0.020307064,0.1531759,0.14897637,0.07502835,0.2351494,0.089200474,0.0838995,0.09572851,-0.13620687,-0.12422796,-0.21262199,0.031446636,-0.19920123,-0.05444576,-0.018975433,-0.11778383,0.20423912,0.22669043,-0.03827427,0.06432475,0.21731444,0.019639224,0.1932938,0.28336108,0.25027135,0.35822707,0.28873175,0.0759308,0.25752085,0.049762856,0.10535376,-0.064860396,0.11156559,-0.13282607,0.11645737,-0.26588368,-0.35352224,-0.21317478,-0.28293258,-0.2674491,-0.1899675,-0.07897557,-0.20901138,-0.16815856,0.04278237,0.056271244,0.22992356,0.110500686,0.2845846,0.082245514,0.03996554,-0.0040815985,-0.32621238,-0.121373944,-0.20699365,-0.02570541,0.2912152,-0.03495438,0.20381184,0.54213756,0.4737476,0.5023572,0.46514463,0.20538141,0.25545916,0.13642903,0.76333964,1.0,0.5868173,0.35937077,0.16098745,-0.021309646,-0.24977702,-0.22145444,0.039938893,0.15050152,0.23295657,0.25921178,0.30954766,0.18622604,0.1546202,0.212682,0.15404673,0.07811642,-0.26943344,-0.27782434,-0.31760558,-0.3528395,-0.3351161,-0.41209084,-0.36406127,-0.38283324,-0.24922036,-0.07537996,-0.04886434,-0.21111663,-0.36277524,-0.227027,0.12531428,0.042499594,-0.017754178,-0.073647544,-0.15692268,0.16988827,-0.09086843,-0.06613344,-0.2118839,-0.3088008,-0.3677687,-0.15380976,-0.10771304,-0.0968987,0.2709766,0.022553746,-0.07452733,0.31066096,0.23378426,-0.07605751,-0.021100966,-0.28621015,-0.27905613,-0.17912216,-0.021883866,-0.04222846,-0.023308823,-0.0300446,-0.014074645,-0.053959176,-0.026724273,-0.022565879,0.14965837,-0.023217186,0.064173244,0.15524484,-0.06446464,-0.021294774,-0.02464134,-0.12920402,-0.25198352,0.004676972,-0.047666047,-0.04163124,-0.112408265,0.05765543,-0.03408116,-0.15124911,0.0698655,0.11921938,-0.011484117,0.05770821,0.2201634,0.2277119,0.22442968,0.3001186,0.2860769,0.29731908,0.017197447,0.16531892,-0.0072003873,-0.0032860853,0.051683348,0.030530581,0.05685933,-0.0068146554,-0.09603238,0.0033777615,-0.12092879,-0.14726515,-0.16897532,-0.142817,-0.19310662,-0.09608074,0.055852216,-0.08001364,0.04615312,0.007896141,0.14929263,0.1733755,0.06397359,-0.06631371,0.04129669,0.20722021,-0.16989622,-0.16543679,0.07952795,0.15035778,0.1897401,0.2962086,0.042517953,0.61474913,0.33968958,0.39747688,0.05826733,0.34832025,0.56710225,0.64480305,0.7301905,0.48274717,0.6543897,0.4482546,0.054987423,-0.24945988,-0.23682812,-0.1837353,-0.11085456,0.08365265,0.041849483,0.18534163,0.24076451,0.28767067,0.2204901,0.16987573,-0.082032524,-0.11600216,-0.23724608,-0.16766062,-0.28488603,-0.28656247,-0.39580965,-0.34254715,-0.32478476,-0.045531698,-0.042230245,-0.09943533
107,-0.3083251,-0.21610394,0.12431389,0.1257096,-0.03270247,-0.038254187,0.049474996,0.09978687,0.024328526,0.08207821,0.0043355934,-0.039413482,0.033588037,-0.22703202,-0.24144398,-0.15933493,0.1849124,-0.12587659,-0.07244002,-0.002964969,0.20106725,-0.10319439,-0.17745568,-0.118399575,-0.08498799,0.10975595,0.08246641,0.08687676,0.12532853,0.14699791,0.14673345,0.08763358,0.15381597,0.1786569,0.15205157,0.23449616,0.19368733,0.13330458,0.27930418,0.18900803,0.05881777,0.12711893,0.032396164,0.027173296,-0.079944305,-0.020285271,-0.0649704,-0.119422056,-0.083582774,-0.06197552,0.11893051,0.13296178,0.049830094,0.19161157,0.22905666,0.08522136,0.24214011,0.28577793,0.25485748,0.27717578,0.18427365,0.1369284,0.1350371,-0.0069581904,-0.006246795,-0.07790729,-0.013439711,-0.09328423,-0.024363732,-0.25343114,-0.25048384,-0.14905572,-0.1576976,-0.2113778,-0.12922494,-0.056759648,-0.12573564,-0.12251453,-0.07299583,-0.041252792,-0.00683152,-0.061265476,0.026331834,-0.13123173,-0.15683697,-0.20356247,-0.33943093,-0.27413818,-0.33523524,-0.20483173,-0.002522545,-0.18521589,0.07441423,0.22176513,0.14820647,0.12196185,0.26741374,0.16079837,0.11316993,0.07067943,0.37695402,0.5868173,1.0,0.46343955,0.36968783,0.10869001,-0.04356515,-0.13536642,0.0599639,0.14242679,0.100465976,0.13327716,0.12881745,0.13275447,0.0673853,0.0759776,0.009747367,-0.051754728,-0.20508951,-0.24865976,-0.27982655,-0.3101782,-0.23149432,-0.3168617,-0.18169126,-0.2592601,-0.07740118,-0.09669893,-0.10380997,-0.117468365,-0.2822027,-0.11754454,0.08056462,-0.019063715,-0.009304303,0.06596197,0.0046324995,0.06426608,-0.013643291,0.017872615,-0.043667533,-0.1755778,-0.18764819,-0.04578085,-0.08878043,-0.12763292,0.14797883,-0.08770909,-0.08835172,0.061140046,0.2109397,0.019724967,0.003090788,-0.08600267,-0.095446214,-0.09687918,0.09602028,0.04149089,0.02879893,0.082773685,0.046448443,0.031739373,0.13591197,0.05634033,0.21096095,0.08867576,0.12409682,0.21404901,0.06376991,0.016388118,0.062298723,0.0073172916,-0.049406026,-0.0016566983,0.037357304,0.0009915937,-0.11198451,-0.05464699,-0.08152546,-0.15090083,0.13854913,0.035187688,0.09370529,0.020594077,0.18415718,0.22243007,0.25050098,0.28290132,0.262936,0.19268903,0.114920594,0.058263183,-0.06771059,-0.0059311967,0.004582274,-0.053991053,-0.021742444,-0.033642992,-0.08100521,-0.07744338,-0.19192906,-0.09590505,-0.07857136,-0.12800816,-0.13585043,-0.055707138,0.09930022,-0.10705232,-0.04975891,-0.1032123,-0.039068483,-6.0039773e-05,-0.07527105,-0.10685583,-0.14175405,0.015132414,-0.29406568,-0.2341842,-0.06602434,0.0083175115,-0.010005664,0.17674135,-0.035728678,0.27267107,0.12471528,0.25539246,-0.034122106,0.16298705,0.25643504,0.33149618,0.38984606,0.26468936,0.63538706,0.54638183,0.031056862,-0.064382255,-0.06383521,-0.08178235,-0.08552941,0.06779319,0.10145335,0.18377556,0.10515674,0.16462265,0.12689888,0.031619895,-0.13558419,-0.1748637,-0.24078323,-0.21613276,-0.18866687,-0.26056093,-0.19950573,-0.27759394,-0.15619592,-0.02791448,-0.056678846,-0.09640551
108,-0.20561548,-0.092154905,-0.0034399244,-0.04192051,-0.027836448,-0.060081795,0.049843684,0.13584444,0.06313193,0.013756735,0.06372093,0.08628305,0.11637796,-0.053874236,-0.104660474,-0.11556553,-0.05297472,-0.05943861,-0.13928142,-0.19337875,-0.002169414,-0.12122157,-0.13356489,-0.023374086,0.063898474,0.029546373,0.12529114,0.11055584,0.10110645,0.12652045,0.13311845,0.071562156,0.11796334,0.10686123,0.11912502,0.081024125,0.051503565,0.05851498,0.08792365,0.050604764,-0.025276257,0.0073778047,0.014394151,-0.016954113,-0.026711142,-0.04098357,-0.060366467,-0.20493285,-0.15805517,0.02295023,-0.069278374,-0.012018225,0.07457012,0.120343246,0.0009450938,-0.009635447,0.049184132,0.053087894,0.04298849,0.046689466,-0.085776664,-0.06926286,-0.03676492,-0.09602571,-0.16036731,-0.16847256,-0.12350782,-0.08672388,-0.07731119,-0.14270759,-0.11181598,-0.09735074,-0.03360961,-0.13000624,-0.11573429,-0.080196336,-0.057992846,-0.07607888,-0.1508304,-0.08890068,-0.15814441,-0.23775722,-0.13393718,-0.22059888,-0.087896354,-0.19839573,-0.13523607,-0.12939204,-0.18091957,-0.101589225,-0.055447787,-0.08241099,0.057728756,0.20734893,0.24443719,0.045739494,0.1668367,0.1683763,-0.018296449,0.02089859,0.12978967,0.35937077,0.46343955,1.0,0.498452,0.36511287,0.33091575,0.083576545,0.31353152,0.29145306,0.15883633,-0.013676738,-0.020820161,-0.014606556,-0.048715282,-0.00409723,0.03215334,0.05692958,0.07424899,0.037365336,0.03888418,0.015355599,0.062925205,0.015983226,0.13695648,0.030723693,0.1082591,-0.09064587,-0.10448766,-0.052773587,-0.1331417,0.076708935,-0.092408285,-0.079957314,-0.058743943,0.0877888,0.063737325,-0.058408294,0.035151698,0.05491291,0.08653607,0.024222452,-0.05271679,0.019325824,-0.112537086,-0.047551695,-0.063951194,-0.09686648,-0.09677052,-0.12117945,0.0763064,0.05804129,0.023068426,-0.030044202,0.020828363,0.029855566,-0.003849268,0.058750868,0.048821792,0.07303088,0.1161702,0.013051864,0.13250637,0.045022745,0.050429106,0.06220379,0.07305511,0.060372878,0.061695095,-0.028718513,0.042310253,0.014413127,-0.0053791287,-0.022001887,0.039979365,0.027356097,-0.12131108,-0.14058232,-0.14827612,-0.15210056,0.013426888,0.03458917,0.022089219,-0.07223485,-0.037471738,-0.038669363,0.039910074,0.05252401,0.07101508,-0.012359557,0.0063313264,-0.12860359,-0.07029367,-0.025546813,-0.12082994,-0.056987915,-0.117141925,-0.013868074,-0.015918892,-0.0851069,-0.11116935,-0.07049017,-0.04739127,-0.109261006,-0.10630526,-0.054144617,-0.030987555,-0.1339271,-0.09750833,-0.16394952,-0.21874659,-0.06250358,-0.109907605,-0.042790975,-0.1653944,-0.09731316,-0.15870687,-0.07457644,-0.025348945,-0.06865669,0.14287722,0.1784239,0.06258559,0.17183322,0.20918399,0.10713649,0.025123466,-0.039418165,-0.042886358,-0.022302302,0.1567566,0.19875123,0.5444561,0.8870964,0.0847631,0.28165454,0.16702566,0.0645207,0.09097539,0.114035286,0.14538933,0.121163644,0.01452366,-0.048472438,-0.07404156,0.034052223,0.09269043,-0.0093593,0.02385766,-0.016835753,0.08100945,-0.01188292,0.14328428,-0.020392602,0.09434328,-0.072646126,-0.16521914,-0.10028792
109,-0.1339668,-0.05049577,0.046214048,-0.014566566,0.0061555514,-0.017957527,0.1324737,0.15079132,0.06638772,0.09226467,0.105761975,0.10576718,0.11161177,0.015901785,-0.029524548,-0.03747446,0.0023787008,-0.120646045,-0.17815502,-0.188544,0.058342386,-0.03627893,-0.035747882,0.042260587,0.06977579,0.10312621,0.18321106,0.14476995,0.17790397,0.17356491,0.22137265,0.09419464,0.22611262,0.22407243,0.20408715,0.18362485,0.14999212,0.15442792,0.14139599,0.1409317,-0.013561178,0.09372859,0.0986411,0.07922391,0.02337778,-0.07234728,0.03546356,-0.2059052,-0.17433004,0.029779011,-0.046401434,0.006363958,0.14668444,0.21069558,0.11252651,0.100842044,0.15798245,0.15166147,0.15479815,0.1131652,0.008035911,0.08328009,0.003989453,-0.06530896,-0.12192318,-0.11266496,-0.15048292,-0.049327146,-0.09875021,-0.12185589,-0.05719499,-0.014423749,0.004468964,-0.0794706,-0.05174877,-0.02486813,-0.04113031,-0.09448856,-0.15917574,-0.10246602,-0.2055451,-0.2033919,-0.16703707,-0.20024641,-0.1493466,-0.26686049,-0.19466394,-0.26185596,-0.28403738,-0.2449806,-0.20640118,-0.21817666,0.021450909,-0.04649598,-0.010865146,-0.123364635,0.07848193,0.12395619,-0.0004032184,0.03421795,0.011244283,0.16098745,0.36968783,0.498452,1.0,0.16896446,0.24574226,0.07496099,0.0720264,0.07384412,-0.059681416,-0.083506726,-0.10934908,0.0068189017,-0.06846511,-0.103982076,-0.13675311,-0.14865078,-0.059012458,-0.09462424,-0.087619275,-0.08692856,0.02809265,-0.07152129,0.09104791,0.00027382985,0.124389745,-0.09578615,-0.15356553,-0.049247254,-0.082777485,0.11962239,-0.080208294,-0.046708506,0.009590586,0.1580825,0.12307674,-0.081845544,0.040593326,0.067182295,0.10995124,0.023670543,0.034777213,0.07536349,-0.028999388,-0.037636995,-0.02222173,-0.14067346,-0.0954375,-0.16768481,0.13756701,0.07782358,0.016743932,0.058911778,0.07466926,0.015823841,0.08103357,0.09999129,0.05645428,0.1412245,0.13573146,0.08389985,0.21290736,0.08818732,0.14511916,0.12070556,0.16302447,0.13901274,0.12813342,-0.020051474,0.090430744,0.064218834,0.0815531,-0.015578123,0.09325348,0.03482126,-0.1174377,-0.1663092,-0.13053791,-0.15398936,0.118451536,0.00016409149,0.12574595,-0.049478196,0.039654873,0.09616377,0.14164442,0.16358046,0.13351552,0.0304764,0.09657807,-0.09318529,-0.04312376,-0.0037452555,-0.06059676,-0.09622788,-0.09358651,-0.017420456,0.008221599,-0.05691388,-0.09883641,-0.017914204,-0.002087642,-0.057402384,-0.057403058,-0.03804413,0.0114446925,-0.08626334,-0.12415407,-0.15269488,-0.19590658,-0.09537201,-0.11528493,-0.079609014,-0.22527076,-0.11412875,-0.2446388,-0.17525445,-0.14452684,-0.1377691,-0.08394006,0.03112408,-0.038921017,-0.029665409,0.050220642,0.09513496,-0.016481208,-0.029183082,-0.07467298,-0.063151926,0.033923008,0.07567593,0.38237673,0.45457542,0.032711994,0.195608,0.11934811,0.074594796,-0.0019023818,0.05749217,0.07235847,0.09244596,-0.096942365,-0.05223198,-0.07960273,-0.114281386,-0.120538145,-0.14505255,-0.114359535,-0.1458842,0.0008735056,-0.10873004,0.09267179,-0.069827735,0.09219636,-0.0487809,-0.11575246,-0.101783685
110,0.073037766,0.03319501,-0.13546667,-0.1566001,0.022996115,0.0186462,-0.06337792,0.058406025,-0.028918521,-0.037583575,0.08006857,0.116201885,0.048873566,0.07625864,0.07786926,0.059631284,-0.12169083,0.118841015,-0.029954175,-0.14288886,-0.19023567,0.005074464,0.004722635,0.016758025,0.1168633,0.05332334,0.094715856,0.085731,-0.0060101477,0.014476356,-0.047689695,-0.0009780314,-0.08063778,-0.08974245,-0.11042169,-0.23633349,-0.21150112,-0.19047096,-0.2842563,-0.24395832,-0.18391816,-0.17665687,-0.09382613,-0.053734343,0.06593059,0.035173625,-0.047812674,-0.12207111,-0.0808989,0.03613181,-0.13109978,-0.12808062,0.008954719,-0.098104306,-0.2807372,-0.09040118,-0.21512543,-0.22032374,-0.1816457,-0.1619602,-0.19574638,-0.16163197,-0.13206334,-0.14670704,-0.1710545,-0.1269702,-0.076925054,-0.004344275,-0.061631687,-0.007688811,0.020647671,0.033688717,0.003988218,-0.02524542,-0.035585623,-0.016338417,0.061591957,0.10223449,-0.104481675,-0.043632787,-0.11777964,-0.21898541,-0.14613666,-0.18454468,-0.013884923,-0.07686335,0.15739268,0.14536697,0.0919583,0.10893624,-0.03241727,0.0761287,-0.065859035,-0.018110234,0.035789672,-0.07373176,-0.035030443,0.02219388,-0.07040821,-0.02844487,-0.07802199,-0.021309646,0.10869001,0.36511287,0.16896446,1.0,0.47401133,0.17863117,0.22547707,0.31502905,0.103722446,-0.024217052,-0.025145877,-0.05137866,-0.08469312,-0.03558202,0.019442415,0.08068982,0.2215208,0.23075308,0.23383184,0.2626861,0.24079625,0.286437,0.2500222,0.21228567,0.13493903,-0.031001871,-0.053664032,0.046496715,0.0720903,0.123106085,-0.12179245,-0.032871332,-0.071322225,-0.033026803,-0.014138909,-0.015192069,0.093931966,0.022547849,0.10162105,0.12577435,0.0613778,0.04183935,0.012399309,0.03876482,-0.087105155,0.05905826,0.07296332,-0.21961884,-0.1637087,0.067276336,0.028566658,0.031826332,0.08458928,0.122160755,-0.0026741251,0.03928131,0.06676857,0.02584205,0.056099996,-0.0025821403,-0.057047635,0.0070377192,-0.11483117,-0.13011254,-0.17212078,-0.2672791,-0.08985474,-0.15728466,-0.038020566,-0.024129216,0.0173904,-0.008874963,0.0029492117,0.082207404,-0.041917626,-0.11157992,-0.08179249,-0.03959333,-0.09557113,-0.046962135,-0.08535235,-0.035490915,-0.14181592,-0.23145702,-0.2340532,-0.18398824,-0.16408557,-0.14874333,-0.10413736,-0.18144406,-0.05756661,-0.039968465,-0.111981876,-0.041374777,-0.11721051,-0.036026277,0.064885385,-0.071222246,0.003318375,0.026512537,-0.01681354,-0.029404635,-0.045585837,-0.022345286,-0.091332845,-0.01566497,-0.059333395,-0.116315745,-0.17957826,-0.062637255,-0.07240004,0.049808998,-0.09247697,-0.06904997,0.12243841,0.17593364,0.00015563543,0.0035606523,0.07174836,-0.0077979667,0.042786676,-0.04915628,0.06874698,-0.04622798,-0.0027355745,-0.10785139,-0.13614474,-0.12839414,-0.022558684,-0.028942171,0.09187038,0.30064082,0.078749575,0.45350447,0.33986273,0.19628707,0.1614785,-0.00050846336,0.069469966,0.026243858,0.014307869,-0.06941791,-0.07320023,0.0047251144,0.16483024,0.19770628,0.21707709,0.16440372,0.2679069,0.24819873,0.27362344,0.1869561,0.18221197,-0.050551374,-0.1441195,-0.065986484
111,0.15397824,0.1680848,-0.10819325,-0.21329153,0.023337847,-0.031426605,0.13545628,0.11772511,0.09146838,0.03932624,0.22265317,0.25299084,0.19967407,0.24919012,0.2204887,0.046468016,-0.37833485,0.03695739,-0.2670873,-0.32926208,-0.4097198,-0.09423468,0.093284145,0.17408554,0.34195867,0.12731044,0.21539435,0.16743076,0.11086764,0.1303397,0.10740246,0.07219702,0.0850221,0.038782205,0.034004875,-0.20389965,-0.18359616,-0.17458522,-0.35488638,-0.21912098,-0.26635882,-0.20441785,0.029014409,0.01068596,0.18088543,-0.02672592,0.08460433,-0.17258517,-0.17057073,0.026484162,-0.24475613,-0.24221447,0.10166747,-0.026742477,-0.27404478,-0.1133711,-0.22044495,-0.2662505,-0.18063533,-0.2689101,-0.2739456,-0.16222781,-0.25338864,-0.1633255,-0.282058,-0.17882633,-0.21425302,-0.07321887,-0.094146974,0.086820334,0.16498023,0.06349751,0.16666618,0.0871495,0.04583723,0.018521644,0.12750268,0.10805268,-0.23391692,-0.15070848,-0.27496636,-0.34582052,-0.30655217,-0.28340885,-0.044507436,-0.2008364,0.26128373,0.06567261,0.03704385,-0.031076053,-0.24008954,-0.029311042,-0.21093829,-0.17748849,-0.06502965,-0.2651374,-0.18322144,-0.07350632,-0.18016216,-0.08480916,-0.33160985,-0.24977702,-0.04356515,0.33091575,0.24574226,0.47401133,1.0,0.4737712,0.17997092,0.12441124,0.01160231,-0.22142063,-0.20217897,-0.15030849,-0.23909073,-0.14780612,-0.0837904,-0.002000204,0.30034184,0.33299237,0.42209917,0.47840852,0.46166348,0.5208774,0.5915288,0.42972645,0.39930555,0.0021167307,-0.09692489,0.07199515,0.23506217,0.37708116,-0.28062263,-0.06497092,-0.031249728,0.13293003,0.17925549,-0.18880604,0.13761462,0.118915506,0.28128645,0.2814084,0.23188159,0.12935455,-0.011376479,0.058268398,-0.32025176,-0.080176376,-0.046670772,-0.41689155,-0.2513048,0.10031198,-0.004896715,0.16116475,0.31787255,0.24375491,0.059253592,0.12491159,0.10661227,0.08140466,0.11662877,0.07314166,0.1006236,0.06817319,-0.12188866,0.0150247775,-0.1502682,-0.33098203,0.03280788,-0.17345577,0.034053672,0.057332173,0.14907262,0.027622616,0.06085342,0.047360715,-0.011758843,-0.16049516,-0.13811271,-0.0006186476,-0.09638461,-0.12613644,-0.047373727,-0.08261855,-0.2990964,-0.2820303,-0.25692979,-0.22210088,-0.21843724,-0.17039195,-0.12555534,-0.31001723,-0.076132715,-0.07501832,-0.17818446,-0.13204435,-0.22284587,-0.043082904,0.023825774,-0.1173471,0.019860327,0.025445903,0.08356226,0.018509487,0.047754478,0.014710704,-0.07918074,-0.07608408,-0.18174669,-0.2183636,-0.3250239,-0.15643324,-0.1362452,0.042721305,-0.23247191,-0.22128844,0.035627734,0.20641844,-0.12758338,-0.13840577,0.017674603,-0.07668341,0.014593369,-0.18286866,-0.011573582,-0.1687637,-0.002054696,-0.2512214,-0.35158405,-0.34138042,-0.27421543,-0.14583653,-0.020554652,0.16542408,-0.026296258,0.9598405,0.59320086,0.36516818,0.15492694,0.03753922,0.0015256214,-0.022476379,-0.1667552,-0.22598803,-0.25000033,-0.09853077,0.15418546,0.10396885,0.2823484,0.21518664,0.52056164,0.38268754,0.6331941,0.32576606,0.4399605,0.009542641,-0.16756518,-0.104690365
112,0.09709782,0.09725969,-0.09904174,-0.16009432,0.03621825,0.002179356,0.061244037,0.06621176,0.13814445,0.023313453,0.1060276,0.15477556,0.102194786,0.1783144,0.15963404,0.012209829,-0.23032728,0.029940896,-0.14129077,-0.18382928,-0.26263216,-0.032914117,0.08717217,0.14755635,0.22429274,0.022168722,0.12125078,0.08462831,0.03140462,0.049590092,0.023657357,0.034496576,-0.0062909755,-0.051417448,-0.029919215,-0.16889045,-0.14019297,-0.11288246,-0.22884947,-0.16227147,-0.14773186,-0.12825856,-0.008954105,0.0040130913,0.13538043,0.0024608069,0.049123786,-0.08099502,-0.101457424,-0.01871626,-0.19614951,-0.17837882,0.041063525,-0.062140003,-0.19301997,-0.0541331,-0.18450001,-0.21446766,-0.15336496,-0.20030369,-0.1691376,-0.11502323,-0.21268821,-0.1379704,-0.20789208,-0.13082157,-0.1354565,-0.048039418,-0.02961873,0.10144536,0.15063606,0.035293255,0.1608678,0.12621072,0.08958897,0.06460401,0.11086256,0.08880525,-0.15598793,-0.09415152,-0.17300472,-0.1989865,-0.23807406,-0.17558414,-0.029426526,-0.099447355,0.1775366,0.07834459,0.06306021,0.023071874,-0.11480958,0.011110389,-0.07809319,-0.15899646,-0.079842724,-0.19861802,-0.18705122,-0.10538525,-0.14542736,-0.0869959,-0.23344325,-0.22145444,-0.13536642,0.083576545,0.07496099,0.17863117,0.4737712,1.0,0.09701666,0.05261533,0.0107456315,-0.12227138,-0.11586478,-0.09804294,-0.101416856,-0.07129017,-0.034289014,-0.00016470155,0.20031828,0.22897384,0.3022335,0.31879777,0.2869581,0.34413806,0.34354162,0.2609412,0.20961872,0.0068446063,-0.0022745517,0.0442671,0.149166,0.23781285,-0.18985376,0.0011198213,-0.0032485405,0.06571486,0.10538258,-0.09086685,0.074730575,0.07771052,0.17481586,0.19685525,0.14217058,0.0924817,-0.026682658,0.04299524,-0.21090129,-0.03293159,-0.055282496,-0.2261475,-0.19764355,0.043390665,-0.0037366515,0.0954633,0.19350179,0.16617996,0.021116976,0.07265645,0.045183957,0.041031208,0.066994525,0.024566064,0.026133267,0.033326697,-0.13479358,-0.03525136,-0.09645731,-0.19482617,-0.022358583,-0.10524238,0.0023014422,-0.005566695,0.090594515,0.009353846,0.055338074,0.024848858,0.042698972,-0.073010504,-0.09422256,0.050759725,-0.09629135,-0.09414191,-0.040016755,-0.07998874,-0.22334896,-0.19317086,-0.20926704,-0.1867506,-0.18065678,-0.12364765,-0.10615354,-0.23573104,-0.077105984,-0.037836283,-0.13476378,-0.08006102,-0.13326329,-0.014264817,0.03194142,-0.05989496,0.04209379,0.0069130193,0.05941722,0.050568413,0.08837424,0.03984474,-0.057370547,-0.03592796,-0.13841997,-0.13957635,-0.20103769,-0.13273044,-0.14436205,0.04538552,-0.11743169,-0.121094495,0.0558102,0.14362381,-0.056863457,-0.03798745,0.0062349862,-0.07408375,0.02291431,-0.17476785,-0.063977145,-0.16612533,-0.0066528083,-0.18872328,-0.23622951,-0.23229711,-0.21167906,-0.122502424,-0.10448633,-0.0017972202,-0.0638075,0.43587655,0.19566105,0.23862529,0.12502594,-0.005887648,-0.017203426,-0.023291208,-0.0961717,-0.12668297,-0.12678155,-0.04915133,0.101176225,0.09835373,0.20470937,0.1671266,0.3126001,0.25399065,0.37659732,0.21230446,0.24582554,0.0049893786,-0.061110016,-0.03131586
113,-0.092792764,-0.108122714,-0.30654815,-0.28076506,-0.08862688,-0.097999536,-0.26757702,-0.096679986,-0.10327701,-0.1533483,-0.03955018,0.04727031,-0.056773666,-0.013943064,-0.07665584,-0.23207313,-0.19541499,0.11653033,0.08900222,0.004144985,-0.16195932,-0.11242456,-0.14187069,-0.05936708,0.063205175,-0.026992898,0.087937385,0.060754955,-0.1118837,-0.08402842,-0.22747071,-0.114474654,-0.32473233,-0.32244724,-0.31744564,-0.3758227,-0.3227795,-0.24623767,-0.22652046,-0.32917425,-0.05049181,-0.31737038,-0.21983244,-0.10721965,0.013877172,0.15212473,-0.19579513,0.011043921,0.046455707,0.015620785,-0.116538525,-0.050700795,-0.011236419,-0.3015295,-0.41247705,-0.25172248,-0.36771244,-0.33287692,-0.37813327,-0.2147929,-0.38311288,-0.47957692,-0.18322587,-0.09648415,-0.14396057,-0.18345827,-0.05323906,0.0010078212,0.030522585,-0.032571368,-0.012172439,-0.12702519,0.034608744,-0.032792,-0.10917188,-0.105570816,-0.0882192,0.010044832,-0.113554075,0.026256595,-0.10083019,-0.2895732,-0.15871853,-0.21088776,0.023548076,0.12497274,0.184246,0.35043243,0.27153784,0.35793996,0.25991967,0.38520756,0.15623592,0.270308,0.24464744,-0.012564246,-0.19168216,-0.20698908,-0.25069788,-0.10454842,0.02900587,0.039938893,0.0599639,0.31353152,0.0720264,0.22547707,0.17997092,0.09701666,1.0,0.41541627,0.6552888,0.42802054,0.34725162,0.08788056,0.25695437,0.2744868,0.533436,0.6006089,0.3921891,0.42295024,0.36790198,0.2993403,0.1914686,0.23576947,0.11382937,0.052559387,-0.12073964,-0.08714449,0.036258508,0.058858402,-0.064490154,-0.04849402,-0.20370372,-0.0774493,-0.13806963,-0.23088825,-0.15117252,0.026759211,0.03699068,-0.045663774,0.024528801,0.12133439,-0.043523118,-0.054178577,-0.169296,0.04420503,-0.20848526,0.057179704,0.009092597,0.049907997,-0.17985928,-0.049554475,-0.0044898423,-0.14023334,-0.021420954,0.049930867,-0.10625316,-0.006404383,0.060709637,-0.06784681,0.12898342,-0.22872032,-0.21477981,-0.13778439,-0.30618137,-0.22445227,-0.22364525,-0.22827797,-0.21058704,-0.02630948,-0.15533914,-0.13921623,-0.09426118,-0.000909074,-0.021725103,0.041628372,-0.014524297,0.012651591,-0.00026630974,0.01201527,-0.19124943,0.06258961,-0.10787741,-0.021920329,-0.28203258,-0.46745667,-0.35573402,-0.35612753,-0.21645449,-0.2452296,-0.2541336,-0.11947971,-0.02050286,-0.075030416,-0.17138326,0.12881915,-0.031772118,-0.058081523,-0.023239266,-0.014042341,-0.04688631,-0.112854965,0.00696324,-0.0068657096,-0.068144456,-0.09180438,-0.22646111,-0.040817153,-0.07040587,-0.10338627,-0.23500584,-0.067538366,-0.046634216,0.09289661,0.13579345,-0.08642179,0.2612189,0.2825274,0.2737228,0.2477967,0.47602734,0.22238545,0.16202413,0.061808057,-0.030170202,-0.15336081,-0.0701511,-0.23044053,-0.2170652,-0.12465431,0.08844071,0.010667348,-0.013958402,0.30390152,-0.04188953,0.2003265,0.3260618,0.17384544,0.4383394,0.33246544,0.30389363,0.34600982,0.50814265,0.11534501,0.21696532,0.49875525,0.6415399,0.47045186,0.45001876,0.33147374,0.23224251,0.21780466,0.14638014,0.101495035,-0.039263483,-0.1564127,-0.15840957,0.02633301
114,-0.12512566,-0.12950234,-0.1664914,-0.12677976,-0.014207451,-0.017492639,-0.14349902,-0.063111596,-0.049648907,-0.08801936,-0.04607623,0.03308346,-0.10190978,-0.023248231,-0.04970476,-0.12908828,-0.07623265,0.030048454,0.1000111,0.03288483,0.0017706318,-0.007813151,-0.05496029,-0.015835565,0.027696623,-0.010970088,-0.015730651,-0.042573575,-0.10877571,-0.10273067,-0.16378313,-0.07108484,-0.18844308,-0.19704804,-0.20434721,-0.21638985,-0.18364932,-0.14116718,-0.109565794,-0.19561277,-0.022198334,-0.15066455,-0.12867396,-0.052394737,0.03872094,0.14794411,-0.19815496,-0.016860642,-0.01497206,-0.11054534,-0.051085554,-0.024991551,-0.011619439,-0.15142614,-0.17345856,-0.10427121,-0.18955529,-0.14019613,-0.18247025,-0.0924366,-0.167911,-0.18505968,-0.055929642,-0.06663716,-0.10245085,-0.111864835,-0.00060278334,-0.041873142,0.01060884,-0.06856949,-0.046236604,-0.11107812,-0.0015437758,-0.00652388,0.0021445341,0.0043863566,-0.033739366,-0.043588627,-0.058562074,0.07107582,-0.016046768,-0.12442851,-0.027004248,-0.0749599,0.078045376,0.107635714,0.10216948,0.20358646,0.18364023,0.20952983,0.14973043,0.1884821,0.07531495,0.17565121,0.23934548,0.13246173,-0.005415183,-0.052888107,-0.08918366,-0.027929273,0.08698938,0.15050152,0.14242679,0.29145306,0.07384412,0.31502905,0.12441124,0.05261533,0.41541627,1.0,0.3323834,0.21421239,0.16190112,0.10960057,0.112395465,0.07797043,0.20545894,0.24597944,0.17845015,0.21398225,0.10721495,0.15249182,0.08684751,0.11164188,0.012062622,0.052539025,-0.10241659,-0.06091521,-0.035373632,-0.043481227,-0.13518922,-0.08771549,-0.055057522,-0.018382518,-0.06264093,-0.12295803,-0.092036024,0.10489847,0.038139842,-0.0366831,0.013707844,0.04835611,-0.03612583,-0.007669723,-0.13150743,0.037125845,-0.08553842,0.003113288,0.012557873,0.018310802,-0.040663052,-0.022578191,0.039796427,-0.068633765,-0.027656173,0.046407323,-0.061563544,-0.012426732,-0.0399576,-0.068390384,0.021486104,-0.07452032,-0.16550398,-0.048141308,-0.14543346,-0.1592112,-0.12939796,-0.09967137,-0.14605285,-0.02633814,-0.080408916,-0.09096239,-0.06057082,-0.07210376,-0.026002578,0.08183286,-0.009662519,0.049520068,-0.04129084,0.03202162,-0.05498737,0.013104733,-0.07562447,-0.0067853597,-0.1284887,-0.16045414,-0.16405882,-0.1514682,-0.08734795,-0.0544237,-0.12260522,-0.0639455,-0.018825995,-0.040784646,-0.0847942,0.041924,-0.017028132,0.018562224,0.007558086,-0.044027735,-0.12209809,-0.08592826,-0.03894763,-0.0005531797,-0.026345443,-0.019855447,-0.061417334,-0.070142604,-0.027882377,-0.05919327,-0.08775394,-0.015036436,0.035312206,0.09598336,0.107830934,-0.0038562247,0.1798706,0.1278269,0.12272424,0.12296302,0.1915991,0.12399841,0.052992392,0.17630996,0.10130893,-0.014153644,-0.010940112,-0.077587366,-0.029479079,0.027379664,0.1332012,0.06154638,0.093745485,0.31828317,0.007137014,0.1352882,0.14186107,0.0673356,0.23215792,-0.19598588,0.2557488,0.10832427,0.23730338,0.08334728,0.11437645,0.18431422,0.2703986,0.28486198,0.22899964,0.11109487,0.036513768,0.10478087,0.023124598,0.0816971,-0.03524891,-0.12161753,-0.11488975,-0.0005921206
115,-0.12395814,-0.24282207,-0.35135055,-0.29966512,-0.123845935,-0.14419472,-0.42086112,-0.19104595,-0.18228497,-0.24237674,-0.19290534,-0.12778841,-0.17100747,-0.1913976,-0.215111,-0.24844164,-0.000698084,0.21664043,0.2904957,0.25573295,-0.11193437,-0.11720693,-0.25595033,-0.24494311,-0.075177036,-0.066267714,-0.02684106,-0.0332778,-0.25337544,-0.20219772,-0.339728,-0.18613146,-0.49717778,-0.46655977,-0.47897336,-0.41933444,-0.3138852,-0.21444258,-0.25563458,-0.43578097,0.06891204,-0.36373916,-0.33590326,-0.2403018,-0.10941231,0.19942662,-0.32086763,0.05787101,0.094466485,-0.055810563,-0.06508991,0.011141821,-0.07251578,-0.43449655,-0.3397394,-0.26833153,-0.3907427,-0.29135987,-0.34726274,-0.110666044,-0.23738986,-0.5550366,-0.1357306,-0.08718554,-0.12993157,-0.27153075,-0.0022972333,-0.056651436,0.05647402,-0.08707884,-0.13006616,-0.16827631,-0.0759514,-0.10509112,-0.15526754,-0.088577144,-0.15762416,0.0067512686,-0.08151118,0.06812684,0.09351879,-0.18742749,-0.020221272,-0.13900946,0.103237055,0.19405408,0.15780807,0.47239658,0.30700707,0.49609873,0.5645961,0.505988,0.2561178,0.5124736,0.40667394,0.19022353,-0.1377297,-0.25417382,-0.2004252,-0.07658629,0.34312788,0.23295657,0.100465976,0.15883633,-0.059681416,0.103722446,0.01160231,0.0107456315,0.6552888,0.3323834,1.0,0.678487,0.7135849,0.32872197,0.38539714,0.4460476,0.6746147,0.70678717,0.35612932,0.38485155,0.3389962,0.25030375,0.10186552,0.15840295,-0.037972506,-0.0882193,-0.27426964,-0.120465554,0.032935686,-0.013398036,-0.12921746,-0.12560485,-0.21471325,-0.03245382,-0.19520932,-0.3888652,-0.2980363,0.14076622,-0.05183964,-0.1716786,-0.1643894,-0.061501626,-0.21023288,-0.1463811,-0.18236609,0.11925687,-0.022979405,0.20294257,-0.021136332,0.30821118,-0.1155792,-0.10189135,0.029348766,-0.30285466,-0.19369853,-0.045223076,-0.13895972,-0.0734345,0.01663596,-0.21345611,0.079440564,-0.2956822,-0.31164253,-0.2221663,-0.3413108,-0.29525056,-0.19054875,-0.26313198,-0.30555227,0.045797817,-0.23551668,-0.22787887,-0.27760625,-0.035740994,-0.08738629,-0.038924027,0.019494295,0.14304969,-0.029294843,0.032644656,-0.29969463,0.0518074,-0.22450608,-0.006652768,-0.22353958,-0.41476968,-0.34312552,-0.29376906,-0.17065841,-0.04751903,-0.41254398,-0.052687716,-0.073172145,-0.10342487,-0.13054435,0.18541533,-0.0064730006,-0.046662882,-0.048485335,0.06524522,-0.011869266,-0.12711015,-0.069392174,-0.026585767,-0.1168424,-0.12689538,-0.25362778,-0.05731557,-0.045016803,-0.0814413,-0.11272759,0.013195197,-0.020147547,0.11028255,0.19855452,0.016882809,0.33928505,0.36210105,0.3759536,0.44285262,0.6626713,0.3634187,0.20081761,0.2701427,-0.009180577,-0.097185515,-0.06591763,-0.12677594,0.0033127433,0.16119045,0.36607942,0.10139301,-0.011634978,0.17876843,-0.05941561,0.031292353,0.14059629,0.029842198,0.2649543,0.31917468,0.18747623,0.51631397,0.75747913,0.44170925,0.38335562,0.6454718,0.659589,0.51107305,0.44615707,0.39343882,0.19418089,0.20268795,-0.015391668,0.0089411875,-0.1814624,-0.15260977,-0.16844173,-0.013614341
116,-0.112999275,-0.3183907,-0.33921945,-0.23401876,-0.18381986,-0.14127499,-0.4845232,-0.23455581,-0.22020593,-0.2162172,-0.23570423,-0.20552157,-0.22801198,-0.25096118,-0.29035175,-0.26610357,0.17687178,0.19173077,0.38735393,0.48967457,0.114871696,-0.05843243,-0.2396748,-0.21614166,-0.18848655,-0.08056151,-0.094216906,-0.10911169,-0.27132443,-0.25683486,-0.34994444,-0.18813637,-0.49811235,-0.44652873,-0.45858866,-0.29824725,-0.20518158,-0.08200605,-0.07078705,-0.32630965,0.10848993,-0.22105923,-0.27009067,-0.15119907,-0.086433664,0.24845834,-0.32696208,0.15550809,0.20278642,-0.0063744998,0.07823604,0.13432975,-0.049500637,-0.40029702,-0.19865136,-0.18469024,-0.27109492,-0.1688637,-0.26613608,-0.021480732,-0.08834326,-0.36877665,0.0064473688,-0.012321696,0.0002955139,-0.13120519,0.08115313,0.036280215,0.01452407,-0.16288665,-0.21143602,-0.19043915,-0.11539289,-0.112370804,-0.16208299,-0.0840766,-0.19324857,-0.021356983,-0.0082659125,0.099324174,0.13544676,-0.06103987,0.050672688,-0.022095006,0.052198797,0.18681861,0.01440642,0.36238548,0.20564105,0.39690316,0.4823494,0.4135339,0.32847646,0.38976443,0.28185067,0.191964,-0.07993235,-0.18990049,-0.15010281,-0.07445396,0.37228015,0.25921178,0.13327716,-0.013676738,-0.083506726,-0.024217052,-0.22142063,-0.12227138,0.42802054,0.21421239,0.678487,1.0,0.8690764,0.5695145,0.68449026,0.53912705,0.648647,0.53078765,0.07971563,0.107494384,0.05728409,-0.01600235,-0.13455418,-0.11730999,-0.3246538,-0.29530418,-0.43818924,-0.12326428,0.08035526,-0.013891593,-0.16759732,-0.30382648,-0.10452152,-0.025721464,-0.21511255,-0.44348255,-0.33810326,0.19330981,-0.11222744,-0.22813195,-0.24571265,-0.11632675,-0.2436657,-0.17688201,-0.18940617,0.07510904,0.12629384,0.2312844,-0.018023968,0.47490084,0.024249133,-0.15293911,0.024384601,-0.28385428,-0.2805325,-0.11953663,-0.123288885,-0.11904347,-0.021153543,-0.18327507,0.06433551,-0.29128873,-0.31872976,-0.23785755,-0.26749605,-0.3042751,-0.07295006,-0.05339068,-0.34870985,0.03566596,-0.22145584,-0.17651132,-0.27562585,-0.08424512,-0.07671089,0.021227265,0.017878069,0.18998884,0.060430452,0.079845205,-0.13542001,0.14121601,-0.13621216,0.03237558,-0.065731496,-0.24916415,-0.21734823,-0.20168178,-0.09091754,-0.011333543,-0.25341833,0.081389315,-0.056509897,-0.048433024,-0.06899902,0.20850545,0.10914693,0.020313747,-0.07990193,0.0703388,-0.06361921,-0.13646336,-0.091565244,-0.029522195,-0.12892707,-0.11993285,-0.22990006,-0.013870195,0.0017162354,-0.009075165,-0.018885937,0.03504615,0.035158012,0.04584256,0.21320146,0.09215319,0.26583463,0.24701166,0.29718858,0.51946837,0.44951126,0.27634433,0.12632392,0.22865626,-0.038562145,-0.033413194,-0.051411286,-0.06511746,0.12826663,0.22744484,0.42691207,0.11118913,-0.02413094,0.06852812,-0.026001547,-0.18646407,-0.07673469,-0.064701036,0.12943102,0.16521989,0.23115829,0.59659594,0.93594646,0.7367291,0.7491787,0.64742416,0.39873153,0.35182378,0.19350335,0.19971459,-0.05795523,-0.026862564,-0.30605322,-0.1586391,-0.3698069,-0.19023788,-0.1308147,0.014485006
117,-0.13729289,-0.30214402,-0.32061574,-0.24550632,-0.15526181,-0.1710234,-0.45924816,-0.23154664,-0.21464494,-0.2119822,-0.26009777,-0.2176751,-0.24549018,-0.29843456,-0.31440207,-0.22641468,0.22207685,0.2195864,0.38767827,0.5025172,0.04262799,-0.05729174,-0.28197935,-0.28315774,-0.18450807,-0.0829139,-0.10187496,-0.101140976,-0.28844762,-0.24233039,-0.35622182,-0.20269056,-0.493313,-0.45246613,-0.4739638,-0.32365263,-0.22165546,-0.122463815,-0.14644562,-0.3716445,0.08758562,-0.24063134,-0.31666204,-0.2112784,-0.11126664,0.2664738,-0.31737572,0.15443632,0.18492904,-0.0057946974,0.09251852,0.15020056,-0.07881534,-0.40397522,-0.19705383,-0.19580579,-0.26219842,-0.14945292,-0.20539302,0.02861783,-0.022040753,-0.35387537,0.03227415,-0.027062701,-0.01812266,-0.17697047,0.059849568,-0.025347725,0.031686224,-0.1579177,-0.22898634,-0.1839736,-0.15856984,-0.15052347,-0.17530932,-0.073094204,-0.21338922,-0.055881355,0.011401361,0.09438491,0.17588943,-0.030632151,0.08534714,-0.011206507,0.07446027,0.15673463,0.023506774,0.3645761,0.18510231,0.39455646,0.51771164,0.40465212,0.27372205,0.44770887,0.32149985,0.23038232,-0.04432591,-0.17316465,-0.108481705,-0.043878756,0.4417303,0.30954766,0.12881745,-0.020820161,-0.10934908,-0.025145877,-0.20217897,-0.11586478,0.34725162,0.16190112,0.7135849,0.8690764,1.0,0.5595373,0.535547,0.57538074,0.6764724,0.5548825,0.09482138,0.12529525,0.08310747,0.00077947363,-0.1080241,-0.08529654,-0.28716755,-0.269908,-0.4004696,-0.11020196,0.071784705,-0.029145917,-0.1683285,-0.23984668,-0.1294292,-0.0061509227,-0.22517863,-0.4341336,-0.33150816,0.19893539,-0.11869287,-0.23639153,-0.25838184,-0.14893353,-0.29589427,-0.19465695,-0.16615671,0.082043916,0.19457854,0.2641941,-0.061466426,0.5041206,0.0018403834,-0.13755347,0.02910745,-0.335087,-0.2886349,-0.1191511,-0.12001374,-0.13575989,-0.015350917,-0.20433255,0.03840937,-0.2763364,-0.3316739,-0.20386943,-0.2588367,-0.29481694,-0.11162498,-0.14207815,-0.3388604,0.006709836,-0.22531085,-0.21434481,-0.32962564,-0.030956732,-0.088429265,-0.006322034,0.0091364905,0.21936806,0.028047219,0.045514714,-0.16119647,0.12877694,-0.19005623,0.034153283,-0.07421729,-0.22766396,-0.2125019,-0.14077558,-0.062081747,0.05565773,-0.2699413,0.08852584,-0.055446632,-0.055495236,-0.072397836,0.19973859,0.11951607,0.0079629915,-0.072316214,0.07461932,-0.014557537,-0.13552809,-0.11827405,-0.043807432,-0.14103538,-0.09881349,-0.22256376,-0.023029078,0.035641704,0.00022517233,0.017457375,0.06348463,0.024292795,0.038981516,0.17340988,0.110138886,0.25099817,0.26913333,0.29506567,0.5532548,0.47619924,0.3054508,0.13061567,0.29309314,-0.01534838,-0.0012302909,-0.03961908,-0.02204898,0.17081861,0.29432663,0.46544796,0.13808315,0.0063068937,0.046909787,-0.028535446,-0.16959387,-0.081397526,-0.06538635,0.0737697,0.14537932,0.16525596,0.5304509,0.87269783,0.80833787,0.6201719,0.66919893,0.4181804,0.35116693,0.21396321,0.2297077,-0.022053095,0.016294397,-0.27428907,-0.14464417,-0.34259197,-0.1510508,-0.10808537,-0.004195224
118,-0.081552,-0.268783,-0.22386456,-0.15838785,-0.14674513,-0.08836859,-0.325761,-0.20179597,-0.125304,-0.16256171,-0.23397,-0.24743386,-0.10265298,-0.23150198,-0.27385595,-0.12657239,0.26940727,0.085455395,0.29099298,0.3781058,0.16364107,0.0251027,-0.1989273,-0.20875955,-0.22358546,-0.04621581,-0.10118856,-0.13417445,-0.18156156,-0.20593321,-0.18894611,-0.08118631,-0.26468712,-0.23152253,-0.22256237,-0.03544107,0.05333602,0.13366984,0.013093863,-0.121213235,0.16533823,-0.0036059304,-0.09503885,-0.118192725,-0.12766553,0.14217703,-0.22887075,0.026492141,0.11643517,0.060687836,0.09764689,0.1678307,-0.08474971,-0.17072292,0.080605924,0.051437773,0.009893554,0.085497975,0.002292546,0.13318644,0.083734676,-0.09334645,0.07857129,-0.002620261,0.013004857,-0.081666276,0.029162645,-0.03577363,-0.110271074,-0.21795152,-0.23349918,-0.10194366,-0.12553577,-0.17829627,-0.13950883,-0.024461674,-0.19836098,-0.045719657,0.030789346,0.07488893,0.118390664,0.013384093,0.05569953,0.039824888,0.05656169,0.10204001,-0.027587974,0.16458172,0.07881243,0.20228,0.27581242,0.17379981,0.14978656,0.21100135,0.14760911,0.13435517,0.024052257,-0.04804185,-0.0038435669,-0.02755339,0.24288219,0.18622604,0.13275447,-0.014606556,0.0068189017,-0.05137866,-0.15030849,-0.09804294,0.08788056,0.10960057,0.32872197,0.5695145,0.5595373,1.0,0.3717738,0.15652044,0.1742425,0.086500086,-0.12594719,-0.10180423,-0.12026327,-0.11446043,-0.16851503,-0.19109716,-0.26559675,-0.28004453,-0.3346531,-0.15917781,-0.023059078,-0.047196887,-0.14298414,-0.18231918,-0.101615794,-0.048650857,-0.15994406,-0.296873,-0.22076206,0.14528972,-0.07253091,-0.22598726,-0.26844642,-0.14592041,-0.20950948,-0.16455215,-0.113491,0.121537276,0.2223213,0.12690216,0.014598876,0.32024688,0.1821397,-0.02269319,0.066930264,-0.18862475,-0.27881768,-0.13330935,-0.092168875,-0.094736956,-0.07069486,-0.14527033,0.012544146,-0.15110701,-0.15523495,-0.12689498,-0.090247214,-0.10706818,0.13587254,0.08379256,-0.23230904,0.04851151,-0.07694377,-0.06596917,-0.26081198,-0.16280563,-0.05184281,0.009522587,-0.07155238,0.07014131,0.0020678062,0.03668157,-0.042547155,0.10578136,-0.063354574,0.052089304,0.09764302,0.047468364,0.047938786,0.05624185,0.09832527,0.14661404,-0.042086344,0.11682304,-0.025623325,0.027363282,-0.011172329,0.16581404,0.07238773,0.093403056,-0.069747604,-0.012328314,-0.10410355,-0.067978725,-0.07108659,-0.05233128,-0.14313333,-0.112873815,-0.1743151,-0.017883318,0.03175263,-0.009898595,0.03250307,0.02669536,0.05283883,-0.017694604,0.10545225,0.11017708,0.12052146,0.07887494,0.2178984,0.14990565,0.21077442,0.13372181,0.059125014,0.1618063,-0.012290088,0.039246615,-0.0099495435,0.03829237,0.15610325,0.19382566,0.2667415,0.08025548,0.033776756,0.025521314,-0.065245904,-0.13903703,-0.11370449,-0.058208264,-0.009174723,0.07748226,0.14255983,0.47076768,0.43321073,0.8241672,0.58927387,0.20628472,-0.0026046417,0.060397606,-0.043822657,-0.02020678,-0.13056974,-0.15086706,-0.24046327,-0.17599052,-0.30932888,-0.15856037,-0.116392404,-0.02600967
119,-0.1309304,-0.210071,-0.13406886,-0.05969417,-0.10091181,-0.050421886,-0.28882045,-0.11042204,-0.14069217,-0.06292441,-0.13937488,-0.1186893,-0.18217058,-0.17541867,-0.21646485,-0.28045633,0.14705317,0.087439075,0.25417247,0.370006,0.1636759,-0.026623392,-0.13365538,-0.13360037,-0.1340343,-0.0113276,-0.057792455,-0.0743164,-0.19452634,-0.1561914,-0.21015036,-0.106891125,-0.30988264,-0.2817292,-0.2578024,-0.12798327,-0.08581313,0.011286254,0.057562467,-0.12724216,0.12261617,-0.064467,-0.16725138,-0.09033768,-0.07075655,0.1372853,-0.20264038,0.1401158,0.16757,-0.03644196,0.077882156,0.07780247,-0.009142696,-0.25110072,-0.08294568,-0.07013789,-0.14088026,-0.08600776,-0.1482145,0.005673214,0.011724194,-0.20276219,0.035604376,-0.0026891453,0.016771449,-0.080632,0.06213236,0.041471023,0.031175695,-0.09795412,-0.13257906,-0.11994438,-0.01648119,-0.020481715,-0.03532886,-0.0260897,-0.09918721,-0.03557053,-0.017123174,0.06864186,0.06854467,-0.031359598,0.014441109,-0.022233777,-0.031108184,0.072081216,-0.09301002,0.18668652,0.038962003,0.20223975,0.304158,0.2119392,0.31468326,0.20155798,0.1329472,0.08794158,-0.08626025,-0.15890174,-0.17431444,-0.09117731,0.2520202,0.1546202,0.0673853,-0.048715282,-0.06846511,-0.08469312,-0.23909073,-0.101416856,0.25695437,0.112395465,0.38539714,0.68449026,0.535547,0.3717738,1.0,0.41611773,0.47274524,0.37085903,-0.066910535,-0.05179275,-0.060060978,-0.11068539,-0.17633991,-0.20733842,-0.34571695,-0.3171031,-0.37511402,-0.07651853,0.06988013,-0.026426215,-0.17909601,-0.26179028,0.041088577,0.053877342,-0.07554609,-0.2563247,-0.24099067,0.22546475,-0.05121408,-0.093860015,-0.1483218,-0.092958614,-0.162821,-0.12826736,-0.13526367,-0.055873048,0.10867005,0.14388622,-0.054318633,0.36619574,0.061600327,-0.15659235,-0.03327168,-0.20510824,-0.22481783,-0.10005889,-0.10320876,-0.06728069,-0.00011354175,-0.09144394,0.048632074,-0.19754665,-0.20310432,-0.14858201,-0.14470263,-0.17994265,0.0144174835,0.055275474,-0.23742224,0.07060618,-0.16796555,-0.09722175,-0.17780392,-0.06263346,-0.049125023,-0.018360002,0.06874331,0.18853012,0.016979475,0.045932587,-0.061655395,0.08808403,-0.07163668,-0.009037538,0.055993162,-0.12213847,-0.10556437,-0.10899145,-0.0396271,0.050860282,-0.19573478,0.06209592,-0.06680943,-0.010492689,-0.070726745,0.12157874,0.1122939,-0.013117001,-0.08870351,0.06960916,-0.09990123,-0.08044305,-0.07968604,-0.00814831,-0.03743314,-0.0046063024,-0.08034705,-0.0048785787,-0.013660252,-0.0075139576,0.0036379257,0.016343405,-0.004858125,-0.030249974,0.11018853,0.06005051,0.109645106,0.14057492,0.12548657,0.38725048,0.23764957,0.1761669,0.0479063,0.11332205,-0.07244649,-0.029247522,-0.07731111,-0.1018394,0.068363585,0.1426335,0.29778093,0.04541813,-0.0463754,0.032432526,0.013344175,-0.21046276,-0.13457622,-0.12903506,0.06739257,0.09414331,0.12538299,0.39879498,0.61168677,0.49974817,0.6224019,0.45591584,0.22440158,0.14435826,0.01366217,0.054509904,-0.12583998,-0.11885622,-0.33456326,-0.21754399,-0.34632885,-0.1660551,-0.029418213,0.05707934
120,-0.12630476,-0.15606686,-0.098133616,-0.06466202,-0.024473034,-0.08586474,-0.22268781,-0.018195212,-0.10031963,-0.074559025,-0.09004666,-0.0047897296,-0.18399158,-0.17544273,-0.1813615,-0.24118787,0.050166856,0.17752276,0.20158486,0.29914546,-0.05702017,-0.1003317,-0.17901571,-0.17170034,-0.033145018,-0.049633835,0.023786642,0.04286478,-0.14958611,-0.07031499,-0.20576647,-0.14218603,-0.29006466,-0.29535314,-0.28379065,-0.28750783,-0.27475396,-0.23769584,-0.10199016,-0.24718928,-0.0069930917,-0.23331359,-0.29616702,-0.12503298,-0.059449516,0.12773392,-0.18816751,0.13527644,0.0917099,-0.04510112,0.022519918,0.029482903,-0.020776726,-0.2817925,-0.29201537,-0.27572232,-0.2706177,-0.22056194,-0.17200358,-0.06311723,-0.036599796,-0.28570408,0.0019911693,0.0381398,-0.019924764,-0.12622078,-0.0132173775,-0.018017396,0.128275,-0.037280366,-0.11906832,-0.11120106,-0.09191753,-0.04419912,-0.109814815,-0.09045585,-0.114726044,-0.027467871,0.00497284,0.07836562,0.09600227,-0.035469647,0.032328796,-0.073166676,-0.022352843,0.05706215,-0.026883204,0.21635076,0.043456394,0.20983924,0.28016293,0.22866467,0.16691752,0.275361,0.20285349,0.116469875,-0.07378976,-0.18001273,-0.14393643,-0.0388416,0.3087098,0.212682,0.0759776,-0.00409723,-0.103982076,-0.03558202,-0.14780612,-0.07129017,0.2744868,0.07797043,0.4460476,0.53912705,0.57538074,0.15652044,0.41611773,1.0,0.7104699,0.565136,0.017071638,0.06132672,0.08549347,0.014863944,-0.05254173,-0.03201671,-0.14757314,-0.117653586,-0.18622178,0.03323622,0.12257363,-0.025835153,-0.14350729,-0.106143214,0.001550465,0.10580052,-0.07316056,-0.19663726,-0.19622958,0.18901351,-0.086360954,-0.0037689595,-0.048627775,-0.06486182,-0.18186533,-0.15735993,-0.09981226,-0.09986235,0.080082335,0.21417761,-0.09302839,0.36905223,-0.11045875,-0.11438451,-0.030685237,-0.21928707,-0.12909666,-0.027496304,-0.09502297,-0.02455268,0.077453405,-0.107994966,0.0741823,-0.19618638,-0.21403277,-0.11939357,-0.19830625,-0.17554156,-0.22633909,-0.17685165,-0.2092795,-0.010785558,-0.18957181,-0.20471725,-0.16157383,0.041865896,-0.063216045,-0.006954491,0.071706116,0.16474348,0.038541455,0.024876337,-0.115237094,0.071835995,-0.123370685,-0.0013245097,-0.089972295,-0.27682155,-0.26287526,-0.17008905,-0.12798427,0.0015582165,-0.26182303,0.0027519458,-0.043335058,-0.037235133,-0.06936387,0.09017001,0.06639782,-0.076993994,-0.07513798,0.023580201,0.004249377,-0.07961779,-0.09823363,-0.039396018,-0.09182549,-0.06738058,-0.052222405,-0.037631534,0.03657907,-0.0019685116,0.013435763,0.036098484,-0.005710625,0.020871054,0.085718036,0.030064566,0.09592375,0.23744108,0.07696921,0.4724913,0.28025746,0.1933807,0.07931077,0.17224634,-0.025035558,-0.016732847,-0.099918045,-0.065433584,0.03649931,0.16656072,0.32567894,0.10336734,-0.0026184805,0.060037464,0.059786465,-0.11930448,-0.10841425,-0.07154276,0.05491232,0.027802624,0.11128723,0.18368539,0.5590162,0.39522222,0.3685082,0.6976635,0.3868728,0.20181254,0.11140099,0.17506467,0.035993017,0.10098579,-0.17772932,-0.06752364,-0.15658116,-0.033612758,0.02104336,0.0538391
121,-0.13799687,-0.17535478,-0.21320295,-0.15935507,-0.10807058,-0.11697885,-0.34832448,-0.086888656,-0.15659304,-0.17666222,-0.08559038,0.009577203,-0.21066815,-0.11800254,-0.12783809,-0.2446701,-0.077905476,0.27562597,0.25318575,0.32490122,-0.14855142,-0.13896877,-0.2120009,-0.16417445,0.0060267826,-0.05393822,0.0029142231,-0.004895589,-0.23498209,-0.17067817,-0.35104993,-0.22074512,-0.47121197,-0.45832175,-0.44659942,-0.4886134,-0.45014507,-0.3672099,-0.22149512,-0.40642416,-0.011052599,-0.438808,-0.39705607,-0.17317653,-0.013354666,0.21962392,-0.24213728,0.19385399,0.1500574,-0.063487686,-0.075875655,-0.044068936,-0.026437769,-0.47455743,-0.5136457,-0.41497955,-0.5232038,-0.4529858,-0.42944992,-0.24851918,-0.29865688,-0.540201,-0.15020253,-0.059606917,-0.07109975,-0.21536489,0.008271202,0.0042749885,0.14958413,0.008701202,-0.03916141,-0.13716386,-0.030955471,-0.016310738,-0.090306416,-0.0944759,-0.1048804,-0.010201804,-0.021758387,0.09778497,0.08362284,-0.13435537,-0.013245478,-0.1391452,0.061665542,0.15880871,0.1286968,0.4186724,0.2503412,0.41020086,0.4569416,0.4790075,0.25705305,0.38133335,0.3197999,0.12134351,-0.19978045,-0.30014822,-0.2894521,-0.10561892,0.286505,0.15404673,0.009747367,0.03215334,-0.13675311,0.019442415,-0.0837904,-0.034289014,0.533436,0.20545894,0.6746147,0.648647,0.6764724,0.1742425,0.47274524,0.7104699,1.0,0.8737262,0.31213683,0.35744694,0.32026264,0.2159724,0.09893569,0.15411088,-0.0530339,-0.040456038,-0.20695794,0.03145239,0.17998244,0.054338593,-0.1620081,-0.13063484,-0.06510799,0.011397455,-0.123560704,-0.3096643,-0.24167415,0.13489667,-0.03522987,-0.05484185,-0.0281242,-0.0011912057,-0.15786128,-0.15654066,-0.14943926,0.019042263,-0.06327699,0.2634013,-0.06981805,0.39140984,-0.22197598,-0.12597534,-0.030778605,-0.2717558,-0.09743178,0.009196369,-0.07197079,-0.034867227,0.05661377,-0.19518371,0.10689527,-0.29238123,-0.35489315,-0.17964399,-0.35255352,-0.29985806,-0.34641296,-0.3026072,-0.2749122,-0.0029698794,-0.26417837,-0.25927392,-0.19420604,0.0744082,-0.081246056,0.02129242,0.10408659,0.22385544,0.0650251,0.04854968,-0.28069794,0.07476665,-0.19834226,0.027335452,-0.28955415,-0.5119203,-0.49457672,-0.41557106,-0.3050325,-0.14916867,-0.44654888,-0.05861,-0.08001239,-0.087443225,-0.1429079,0.13074702,0.03678344,-0.05303993,-0.07118656,0.06697456,0.009362986,-0.107549965,-0.06375789,0.0032747313,-0.07658774,-0.046809655,-0.1284358,-0.105751336,0.008395373,-0.00013537878,-0.077120565,0.030263081,-0.0117883505,0.11143734,0.18012677,0.0034451154,0.28340074,0.36003384,0.25860974,0.5638733,0.52113414,0.29137358,0.17659448,0.1696014,-0.06104778,-0.13015021,-0.09691626,-0.22319558,-0.10964862,0.07371327,0.30610147,0.06842774,-0.083890565,0.089439295,-0.0012318703,-0.044814862,0.04192379,0.016415285,0.20135514,0.1253282,0.16932869,0.2587307,0.69373196,0.40961877,0.3719026,0.9811704,0.7381171,0.4886649,0.4150911,0.36865374,0.16135707,0.2547533,-0.06561532,0.038980793,-0.13764323,-0.04608033,-0.017743783,0.06960604
122,-0.0692742,-0.13928814,-0.2796116,-0.20531605,-0.08298311,-0.07218277,-0.4062289,-0.122286424,-0.1955933,-0.21187544,-0.10877965,-0.018290887,-0.21279132,-0.069533475,-0.077155024,-0.23558444,-0.1280183,0.30236912,0.2774123,0.2445373,-0.17866144,-0.08070507,-0.19525193,-0.1702987,0.005942475,-0.058442272,-0.004533637,-0.0036138275,-0.26939476,-0.20471011,-0.40384674,-0.23393844,-0.5390039,-0.5179488,-0.5035112,-0.55316466,-0.49394235,-0.3964076,-0.3058896,-0.4592546,0.01433153,-0.48490214,-0.44004783,-0.21563204,-0.050981846,0.18888366,-0.261505,0.15995188,0.14322253,-0.023419287,-0.13893232,-0.09118858,-0.07038851,-0.52876246,-0.58238226,-0.41757447,-0.57770216,-0.51221746,-0.51335067,-0.29157048,-0.39907968,-0.6689273,-0.22540992,-0.088335276,-0.11304867,-0.26047185,-0.00937705,0.011261343,0.16709818,0.0358304,0.011302207,-0.09338803,-0.00812835,-0.006542372,-0.110003226,-0.10446804,-0.11677789,0.020940607,-0.03365195,0.1221857,0.074702404,-0.19321138,-0.034083594,-0.1873877,0.10120372,0.20903122,0.25226793,0.5413747,0.37092847,0.5207655,0.5049277,0.5728164,0.2415755,0.37722066,0.3300461,0.095216714,-0.25569648,-0.3245482,-0.31541616,-0.13440174,0.22381565,0.07811642,-0.051754728,0.05692958,-0.14865078,0.08068982,-0.002000204,-0.00016470155,0.6006089,0.24597944,0.70678717,0.53078765,0.5548825,0.086500086,0.37085903,0.565136,0.8737262,1.0,0.45469517,0.5086374,0.44847515,0.35315105,0.20505744,0.280888,0.03822964,0.04402439,-0.19438642,-0.011222047,0.15490179,0.093778424,-0.09274496,-0.11303466,-0.090281,-0.013516422,-0.10934288,-0.3560375,-0.28213933,0.17545916,-0.0026279665,-0.0938123,-0.058429375,0.0136647215,-0.124999955,-0.14205116,-0.13377957,0.07133539,-0.11746515,0.26881045,-0.009956795,0.31726176,-0.24126042,-0.10491588,0.0020116742,-0.28064466,-0.109611444,0.015699368,-0.11251024,-0.048221584,0.06114911,-0.25189802,0.11664991,-0.3147953,-0.39675903,-0.22450334,-0.40652603,-0.33614734,-0.36751905,-0.367285,-0.31765065,0.026400207,-0.2738959,-0.28824687,-0.21410342,0.06197276,-0.10542229,0.00071283925,0.071257606,0.18652725,0.05601667,0.052780926,-0.3792307,0.02768647,-0.23884231,0.018007817,-0.30129468,-0.5976662,-0.5517377,-0.48567092,-0.34777784,-0.19380781,-0.5227015,-0.103344314,-0.07968379,-0.11918694,-0.15653747,0.19337732,0.016902998,-0.083380505,-0.042284675,0.08694399,0.012599196,-0.08100061,-0.024276972,0.020712318,-0.070514746,-0.0819005,-0.18722528,-0.112969086,0.009315432,-0.015184538,-0.10609366,0.023369042,-0.042235173,0.14277059,0.22163612,-0.02058861,0.3915537,0.46029314,0.3492556,0.43488762,0.6018978,0.2858627,0.21087332,0.1316537,-0.06956566,-0.17363375,-0.095496796,-0.25848597,-0.1882701,0.0008035382,0.24104162,0.03571531,-0.14415185,0.09240499,-0.008354468,0.031445608,0.14479412,0.064235255,0.28589422,0.1465178,0.14816171,0.20714305,0.6094898,0.25412893,0.24979666,0.8284009,0.89979845,0.6266062,0.56511354,0.45939058,0.23813055,0.34117863,0.04353576,0.14315914,-0.09299,-0.06762484,-0.059197057,0.10221234
123,0.0926464,0.08742003,-0.3069634,-0.34613156,-0.017160788,-0.11084337,-0.27171087,-0.08651573,-0.08909784,-0.23367062,0.03241706,0.08402149,-0.046972737,0.19338109,0.21216854,0.08539689,-0.28860652,0.3697087,0.121236324,-0.11574814,-0.32606092,-0.023549065,0.026138281,0.07041503,0.19883633,-0.05220033,0.035451572,0.02338423,-0.15292026,-0.14803886,-0.24651805,-0.1419517,-0.36563477,-0.36113986,-0.35077712,-0.5431315,-0.46157664,-0.32508934,-0.4752698,-0.47111797,-0.08251834,-0.49942645,-0.23402603,-0.113986835,0.13524643,0.20427589,-0.03000244,0.071973376,0.03495219,-0.05245037,-0.24582845,-0.22845761,-0.0030331805,-0.4014316,-0.579884,-0.2634201,-0.5823335,-0.5378881,-0.5474398,-0.41213334,-0.53846884,-0.5903193,-0.37790495,-0.22719738,-0.12581243,-0.16759312,0.022269815,0.15285102,0.0026612787,0.12735763,0.16615106,0.044454753,0.09555324,0.1147993,0.042104643,0.026797727,0.15505874,0.15255414,-0.12539183,-0.04880801,-0.19020434,-0.35671404,-0.2680808,-0.2892951,0.023899343,0.10090074,0.40111858,0.43967488,0.4122225,0.41451272,0.16744067,0.44424322,0.018878179,0.03919378,-0.0009851414,-0.245488,-0.4124336,-0.3255049,-0.304919,-0.08311483,-0.21171594,-0.26943344,-0.20508951,0.07424899,-0.059012458,0.2215208,0.30034184,0.20031828,0.3921891,0.17845015,0.35612932,0.07971563,0.09482138,-0.12594719,-0.066910535,0.017071638,0.31213683,0.45469517,1.0,0.88718927,0.63637453,0.53018165,0.47597876,0.5228116,0.3215105,0.28048784,0.045053102,-0.073759824,0.023264755,0.1664531,0.13790882,0.23380297,-0.32679886,-0.06525342,-0.18669942,-0.21183151,-0.101020046,-0.21350542,0.07211198,-0.13124165,0.08930475,0.21242613,0.11855383,-0.0052034063,-0.017127091,0.24440518,-0.29612827,0.24690183,0.119552754,-0.15304156,-0.3214608,0.039224323,0.0017590838,-0.01657436,0.14253663,0.14842911,-0.016189521,-0.011042687,0.033029597,-0.09091402,0.16472219,-0.15488496,-0.19989689,-0.17173605,-0.35174417,-0.29129538,-0.28810686,-0.42729738,-0.13803874,-0.035292983,-0.1276356,-0.12962534,-0.025917836,-0.016448518,-0.02210471,0.05091064,0.109094106,0.07205057,0.022964634,0.113359,-0.29887053,-0.06312125,-0.18056193,0.022045482,-0.49877614,-0.59083796,-0.5598925,-0.5328166,-0.40453023,-0.2912594,-0.36392325,-0.20002875,-0.08924044,-0.07872867,-0.16917743,0.10794046,-0.057360046,-0.023921236,0.11315081,0.09808941,0.07269908,0.016025353,0.06857266,0.07776699,0.034089636,0.05300289,-0.13450155,-0.07924746,-0.08560112,-0.113315955,-0.28754425,-0.12445164,-0.08908251,0.14172816,0.09859246,-0.24942744,0.3751037,0.35531837,0.25590828,0.14981674,0.3988453,0.10067066,0.13606967,-0.2261329,-0.25101402,-0.32224077,-0.13066863,-0.31898913,-0.44141588,-0.34946492,-0.15858795,-0.1338523,-0.2644439,0.015351863,-0.15045962,0.30059087,0.35143214,0.1704347,0.2575035,0.056412835,0.10933601,0.05013626,0.19396272,-0.16946177,-0.1513361,0.2821644,0.69631696,0.72387993,0.88834673,0.5214261,0.39707246,0.3973582,0.38401955,0.31480268,0.16903019,-0.10415397,-0.18324547,0.020469172
124,0.1442136,0.08864025,-0.39348814,-0.3934645,-0.043684285,-0.08675032,-0.327268,-0.14986455,-0.12825198,-0.25517935,0.004253508,0.076869056,-0.08563808,0.20809923,0.21173911,0.061628263,-0.3196626,0.34237143,0.1711574,-0.07501047,-0.33714488,0.028056562,0.023901533,0.044372994,0.19645052,-0.02851904,0.013416077,-0.0089184325,-0.20662504,-0.2079756,-0.33791786,-0.17858954,-0.44078913,-0.43867964,-0.43971044,-0.616253,-0.51108223,-0.37707394,-0.5578484,-0.547207,-0.097915396,-0.53247523,-0.28902233,-0.1557078,0.13032681,0.22098327,-0.086750366,0.065971375,0.043416165,0.00011535388,-0.25008884,-0.2011783,-0.040524673,-0.45634672,-0.6194277,-0.29866967,-0.62439317,-0.56594485,-0.570594,-0.40737534,-0.54680765,-0.61081403,-0.32684678,-0.18263789,-0.13483693,-0.19315998,-0.016156415,0.09680785,0.010959381,0.1260988,0.1775224,0.05673066,0.106198244,0.10049399,0.01404313,0.0070201503,0.10059245,0.15709712,-0.13528425,-0.022641877,-0.15906215,-0.3587029,-0.23531714,-0.26089838,0.0669462,0.17198838,0.45934325,0.5290496,0.48694736,0.50955546,0.21138303,0.519979,0.0092461975,0.058400877,0.03008108,-0.20820874,-0.40198538,-0.33489966,-0.2958804,-0.08101435,-0.19450429,-0.27782434,-0.24865976,0.037365336,-0.09462424,0.23075308,0.33299237,0.22897384,0.42295024,0.21398225,0.38485155,0.107494384,0.12529525,-0.10180423,-0.05179275,0.06132672,0.35744694,0.5086374,0.88718927,1.0,0.69480973,0.6121863,0.53025985,0.57361263,0.3415869,0.30165666,0.03144337,-0.06621089,0.01667266,0.16934618,0.1594673,0.20611525,-0.33487126,-0.07796928,-0.15727207,-0.2681699,-0.14124995,-0.14378595,0.06891098,-0.14909352,0.06996473,0.2235611,0.13584115,0.008232692,-0.03325007,0.3028217,-0.31412342,0.21451576,0.13414916,-0.07593001,-0.3274714,-0.012596337,0.031647075,-0.04332121,0.12565847,0.15525441,-0.04405343,-0.02747915,0.009620298,-0.16426688,0.15806462,-0.18624276,-0.29691637,-0.20130582,-0.39503053,-0.3318281,-0.33852994,-0.503579,-0.22651993,-0.059602484,-0.15055801,-0.17509982,-0.06333456,-0.011319304,-0.03228899,0.08072083,0.08284556,0.06250662,0.03064708,0.076215915,-0.3379997,-0.050828554,-0.20813574,0.03784972,-0.5117994,-0.60594213,-0.5974985,-0.5473904,-0.41112763,-0.29534414,-0.36586925,-0.1712551,-0.07531229,-0.08720226,-0.15353164,0.12877168,-0.0679418,-0.013605909,0.0674914,0.06491225,0.085963495,0.020676114,0.07980795,0.069110654,0.01818357,-0.00068312127,-0.20829411,-0.057197914,-0.08679492,-0.1168349,-0.27243242,-0.101148024,-0.06970721,0.15375161,0.15415154,-0.19804972,0.439678,0.43425122,0.29987878,0.1310695,0.42876217,0.08962559,0.14407966,-0.1854239,-0.22590779,-0.33205074,-0.11491096,-0.30405492,-0.41114613,-0.32303828,-0.15251784,-0.14212734,-0.2953932,-0.027140705,-0.12117162,0.33719742,0.39847323,0.20927028,0.2968441,0.042075604,0.12399861,0.03547747,0.22012,-0.12710424,-0.106488876,0.3307263,0.7358357,0.7682526,0.9752196,0.53714013,0.4495418,0.4521853,0.40558007,0.34840098,0.16846672,-0.09421017,-0.18753383,0.029773163
125,0.27002424,0.2272319,-0.34253448,-0.38476437,-0.023623832,-0.09835949,-0.19378816,-0.037091266,-0.06637526,-0.19678107,0.05112671,0.15727137,-0.055133168,0.20354225,0.20435578,0.037168376,-0.3592522,0.32583264,0.047423515,-0.022491438,-0.47849745,-0.08621976,0.010796976,0.044293407,0.2810358,-0.049579997,0.08447163,0.047409564,-0.17391385,-0.1316648,-0.2647513,-0.1315982,-0.37340918,-0.39420885,-0.3766909,-0.6172367,-0.5420697,-0.4218461,-0.5863694,-0.5326663,-0.15043163,-0.5270289,-0.24941252,-0.15077482,0.1253528,0.13014871,0.003639551,0.09100602,0.05414847,-0.019117637,-0.28876638,-0.28036794,0.043655083,-0.41795835,-0.63918746,-0.37942022,-0.63036805,-0.64599264,-0.5525372,-0.50599223,-0.5227245,-0.5970948,-0.41151237,-0.17364271,-0.22244856,-0.20873128,-0.09326415,0.095625415,0.0381486,0.20318356,0.21546438,0.04491219,0.14859396,0.1560561,0.054546293,0.0058442736,0.13929504,0.19521056,-0.18750991,-0.047164973,-0.14058374,-0.36219567,-0.22027804,-0.28730065,0.11593414,0.14348274,0.548711,0.61057514,0.52590805,0.5078603,0.25256005,0.5077364,0.0049472214,0.06849616,0.108326815,-0.15233444,-0.40784356,-0.33334264,-0.34167627,-0.16747954,-0.22305572,-0.31760558,-0.27982655,0.03888418,-0.087619275,0.23383184,0.42209917,0.3022335,0.36790198,0.10721495,0.3389962,0.05728409,0.08310747,-0.12026327,-0.060060978,0.08549347,0.32026264,0.44847515,0.63637453,0.69480973,1.0,0.8534931,0.57051045,0.8057118,0.57609427,0.44115743,0.18246862,-0.0040030847,0.04868683,0.15936404,0.2508488,0.30778772,-0.34921917,-0.034817982,-0.0879685,-0.16922368,-0.061207432,-0.16353352,0.07827513,-0.024562137,0.14952867,0.24873525,0.13115403,0.010447116,-0.006793014,0.0904246,-0.3247888,0.21565424,0.06840414,-0.09658404,-0.44284832,-0.0012655329,-0.02323307,-0.035699476,0.17266639,0.20745233,-0.092339896,0.020624332,0.06407098,-0.13743587,0.11949358,-0.18830448,-0.24112524,-0.16921078,-0.44141826,-0.29704592,-0.38014776,-0.55847764,-0.19265474,-0.07913062,-0.17340839,-0.14016531,-0.01881569,0.04284085,-0.041482188,-0.02509505,0.14452256,0.09518871,-0.019898344,0.12429938,-0.3704924,-0.10546172,-0.24343307,-0.06153638,-0.5429879,-0.67743826,-0.6489758,-0.5962568,-0.50370455,-0.32847434,-0.47874093,-0.2597368,-0.11213088,-0.110457756,-0.18651508,0.058328766,-0.093857266,-0.039076064,0.07197023,0.10312914,0.15360294,0.009005713,0.049063522,0.07827295,0.08444961,0.03457643,-0.19630821,0.0019201983,-0.15896937,-0.14886425,-0.2848094,-0.116044454,-0.07997578,0.23492253,0.11235968,-0.15420945,0.539681,0.58175254,0.1932369,0.113998175,0.45237434,0.03653914,0.19654636,-0.15385434,-0.1512324,-0.3186873,-0.07795543,-0.35594225,-0.38115478,-0.3103131,-0.17902103,-0.15548334,-0.32362404,-0.062147804,-0.07702218,0.40994287,0.41154322,0.24582446,0.2779633,0.11509055,-0.02177927,0.005164107,0.14605588,-0.10788642,-0.10946092,0.28053018,0.5710743,0.4617146,0.6762326,0.65008885,0.78705156,0.75941145,0.61178267,0.434336,0.34264904,-0.03237243,-0.1530033,0.006159198
126,0.30082634,0.20094219,-0.29869625,-0.32419947,-0.00662007,-0.06034856,-0.14959085,-0.016756823,-0.036575995,-0.16147986,0.0702903,0.17191719,-0.030188397,0.21201697,0.2202498,0.055268228,-0.36725107,0.28016508,0.0019306161,-0.095228925,-0.51528114,-0.05824044,0.032622606,0.049573373,0.2874315,0.0062521263,0.08396644,0.0335642,-0.15317708,-0.13276115,-0.22812599,-0.12421272,-0.32343882,-0.34143066,-0.3346039,-0.5790002,-0.50626737,-0.40621337,-0.5868433,-0.51650447,-0.17608412,-0.4824201,-0.20303532,-0.13441484,0.11583669,0.07873684,-0.024610119,0.042605672,0.017271072,-0.025265671,-0.32045382,-0.30950686,0.024717424,-0.37100887,-0.59497684,-0.35254112,-0.58984673,-0.6164216,-0.5131346,-0.5038405,-0.4840436,-0.52695566,-0.39304182,-0.16302441,-0.2507258,-0.19284229,-0.1239538,0.07310081,0.009391395,0.21870075,0.2253136,0.07053727,0.14973478,0.16458999,0.061959345,-0.006383094,0.14035735,0.18975134,-0.16902018,-0.06779701,-0.12795955,-0.30149817,-0.19540891,-0.22517549,0.17704514,0.1537579,0.59236795,0.5716977,0.52014434,0.45027155,0.1805392,0.41553408,-0.06540694,-0.020573318,0.079104945,-0.1498681,-0.37780854,-0.29125565,-0.30306172,-0.15466644,-0.2526979,-0.3528395,-0.3101782,0.015355599,-0.08692856,0.2626861,0.47840852,0.31879777,0.2993403,0.15249182,0.25030375,-0.01600235,0.00077947363,-0.11446043,-0.11068539,0.014863944,0.2159724,0.35315105,0.53018165,0.6121863,0.8534931,1.0,0.60754085,0.87998784,0.6676938,0.5185572,0.24497016,0.0100918505,0.018506475,0.14016862,0.27976462,0.29568222,-0.3073971,-0.03277684,-0.067416474,-0.12852122,-0.024177399,-0.13053717,0.08714379,-0.005390736,0.16265757,0.2383643,0.14326866,0.031058395,0.0076576904,0.078118265,-0.3106007,0.17275651,0.08186524,-0.17048799,-0.44152486,0.015940113,-0.008103516,-0.0068080653,0.17565964,0.19870196,-0.06615394,0.045542955,0.05394416,-0.13690543,0.11025989,-0.13225006,-0.21097347,-0.13256694,-0.39616004,-0.26865557,-0.3627826,-0.5515365,-0.20170158,-0.07799435,-0.14711156,-0.1097381,0.0049788165,0.012051825,-0.034635495,-0.014663623,0.122721516,0.04145832,-0.028033294,0.18041345,-0.3746806,-0.1387333,-0.2342304,-0.07824474,-0.4974794,-0.6263416,-0.61271983,-0.5590176,-0.48405993,-0.3111536,-0.46230876,-0.28206855,-0.088145755,-0.118350826,-0.17601344,0.044529155,-0.12349306,-0.031752378,0.08770498,0.077873655,0.14986393,0.029297091,0.047354076,0.07818617,0.09420895,0.005610015,-0.19891448,-0.003614026,-0.1457486,-0.12705097,-0.25276503,-0.10020754,-0.03843937,0.2559703,0.08722021,-0.12854205,0.52216506,0.57556,0.13127987,0.04901655,0.3555803,-0.01432081,0.18283938,-0.18085422,-0.1142277,-0.3056624,-0.039060105,-0.32642677,-0.35164946,-0.30732027,-0.21012534,-0.1897055,-0.3372219,-0.094970286,-0.05473303,0.46010378,0.44645733,0.29993904,0.27663305,0.060410094,-0.010462133,-0.038355082,0.059574373,-0.12982315,-0.13018261,0.17787626,0.46860114,0.3901303,0.5827041,0.5259758,0.76132476,0.8070653,0.7032337,0.51207364,0.4041816,-0.005015532,-0.14401725,-0.014517189
127,0.18906991,0.19729695,-0.19659624,-0.25667754,0.022174614,-0.00782792,0.003934638,0.04925126,0.039012294,-0.040930506,0.16310415,0.20334183,0.06486414,0.2882669,0.287787,0.08697866,-0.3747023,0.14158364,-0.080651924,-0.18378797,-0.38909885,-0.023319114,0.13585243,0.16432607,0.29486364,0.05752395,0.12363964,0.10062859,-0.029765677,-0.0047773956,-0.056836933,-0.0437011,-0.12053613,-0.16120456,-0.13665508,-0.3836898,-0.36544845,-0.27687564,-0.41124454,-0.31734508,-0.12917769,-0.3104275,-0.07287545,-0.029191632,0.1920674,0.06720992,0.026331587,-0.018050157,-0.06596604,-0.025988903,-0.2541707,-0.28440613,0.06339507,-0.20627026,-0.4263182,-0.23840794,-0.42582,-0.44934624,-0.37521338,-0.40106323,-0.3715051,-0.35089007,-0.32164633,-0.1585566,-0.22897217,-0.14721635,-0.15549399,0.035816733,-0.04759449,0.20312738,0.25552723,0.07787203,0.1948568,0.1857354,0.10896062,0.036378477,0.16006869,0.13652615,-0.19449247,-0.09418871,-0.212034,-0.31326562,-0.2817211,-0.2703359,-0.0034952958,-0.037076164,0.3337724,0.27252477,0.22148398,0.1917473,-0.034971554,0.1995298,-0.06821343,-0.12110279,-0.062178716,-0.2433216,-0.33681256,-0.23053998,-0.27480948,-0.121115334,-0.28457382,-0.3351161,-0.23149432,0.062925205,0.02809265,0.24079625,0.46166348,0.2869581,0.1914686,0.08684751,0.10186552,-0.13455418,-0.1080241,-0.16851503,-0.17633991,-0.05254173,0.09893569,0.20505744,0.47597876,0.53025985,0.57051045,0.60754085,1.0,0.60627615,0.5148305,0.40672132,0.2598507,0.010241382,-0.027342344,0.090622336,0.21088247,0.32256007,-0.27051648,-0.02657209,-0.010663747,0.024718339,0.08435287,-0.15268387,0.090723954,0.049575392,0.2155042,0.27710122,0.24594703,0.09266678,0.011218111,0.09990217,-0.3294115,0.035439998,0.009568293,-0.22434227,-0.32329988,0.056675047,-0.00530272,0.12038933,0.2707298,0.21225947,0.0030870857,0.06668297,0.09209304,-0.042455647,0.10331464,-0.04339469,-0.0678719,0.006388554,-0.26933435,-0.102246545,-0.2464822,-0.3821628,-0.04650461,-0.053016976,-0.04966203,-0.026039839,0.10799589,0.03098238,0.03225214,0.029234683,0.09130625,-0.012063574,-0.03587823,0.055101976,-0.23091733,-0.12578335,-0.12992667,-0.05801052,-0.38412967,-0.43346295,-0.44014964,-0.40966788,-0.36588717,-0.22775686,-0.29685178,-0.2741424,-0.087373726,-0.079633705,-0.18418679,-0.021512108,-0.12280797,-0.03139315,0.041621845,0.024356065,0.10513571,0.039557777,0.08443133,0.090471394,0.11398101,0.06390171,-0.09783725,-0.023231262,-0.16936839,-0.16435106,-0.2895737,-0.15901972,-0.10205699,0.12098906,-0.059530333,-0.1881063,0.23907949,0.32130703,-0.017772079,-0.027811214,0.16387877,-0.039776158,0.08582649,-0.21844748,-0.1403857,-0.26756978,-0.046073973,-0.31676358,-0.39079833,-0.36085534,-0.24602877,-0.15221614,-0.23155193,-0.04828528,-0.040832944,0.437127,0.3987433,0.21694893,0.2093427,0.0051340703,-0.0005821442,-0.07681011,-0.072651066,-0.19782849,-0.21812443,0.07114924,0.34267312,0.29814804,0.4837076,0.34642652,0.5251299,0.4965149,0.54984707,0.38206896,0.35391992,-0.0044804118,-0.12095317,-0.052789133
128,0.29115263,0.24247845,-0.22433142,-0.27451047,0.02487379,-0.03485032,-0.031522017,0.046538394,0.03708574,-0.10271584,0.14611053,0.24080233,0.022812689,0.28458744,0.29482883,0.085927054,-0.4293416,0.24602747,-0.10154899,-0.15712456,-0.5414062,-0.06476116,0.0932157,0.12608217,0.3485402,0.0425082,0.13502507,0.08951266,-0.07558407,-0.055731483,-0.146369,-0.087725304,-0.20373611,-0.23737678,-0.23131408,-0.5365925,-0.4977774,-0.42622074,-0.5744094,-0.46010152,-0.24729003,-0.45179895,-0.118607916,-0.080906995,0.16772318,0.032151625,0.038239125,0.0050233435,-0.05211822,-0.055655714,-0.36067542,-0.35680863,0.07023265,-0.29658085,-0.5964641,-0.3520295,-0.57148707,-0.6280509,-0.49624637,-0.5547648,-0.50199574,-0.45703173,-0.4276418,-0.16591623,-0.2697411,-0.1603471,-0.1434382,0.06867788,-0.010913453,0.2364046,0.28080353,0.100273766,0.18773304,0.19346033,0.0857241,-0.009519389,0.16808027,0.16664153,-0.16781308,-0.08969469,-0.1653893,-0.29501384,-0.23453976,-0.24322511,0.15020229,0.07959201,0.5982099,0.4646874,0.44877815,0.32012215,0.01811048,0.29629287,-0.16418515,-0.10359153,0.022762913,-0.20141378,-0.37376723,-0.2588073,-0.2990935,-0.16630891,-0.33593783,-0.41209084,-0.3168617,0.015983226,-0.07152129,0.286437,0.5208774,0.34413806,0.23576947,0.11164188,0.15840295,-0.11730999,-0.08529654,-0.19109716,-0.20733842,-0.03201671,0.15411088,0.280888,0.5228116,0.57361263,0.8057118,0.87998784,0.60627615,1.0,0.8162834,0.6958745,0.43549448,0.080207415,0.027805349,0.14732786,0.29198074,0.34064484,-0.27475312,-0.030082613,-0.017744025,-0.018030914,0.052329794,-0.16219872,0.10522755,0.05998609,0.24574374,0.2904361,0.22078425,0.072785854,0.022947688,0.041999757,-0.36517507,0.12804273,0.0350016,-0.2622884,-0.44510826,0.053876273,-0.010997968,0.07797752,0.26762697,0.24373637,0.0002972575,0.08833402,0.08110217,-0.080070995,0.12130624,-0.066645965,-0.14516523,-0.061054006,-0.36788595,-0.19982801,-0.38627237,-0.55555457,-0.12591857,-0.11520831,-0.10966608,-0.044942137,0.09454155,0.033288673,0.00092062075,0.003272121,0.12724137,-0.01342383,-0.03218348,0.1970892,-0.33346415,-0.1714677,-0.19248371,-0.075912416,-0.5086814,-0.60793376,-0.6072349,-0.56956923,-0.51496935,-0.34236738,-0.41873562,-0.34560853,-0.08357094,-0.117277324,-0.1923095,-0.014480613,-0.1484525,-0.044976737,0.09046486,0.039800927,0.13912582,0.055128936,0.084698915,0.076067425,0.10886366,0.0145515585,-0.14541034,-0.01983396,-0.14576615,-0.12362106,-0.264546,-0.122048706,-0.055571333,0.26050726,0.015742978,-0.16655895,0.42721054,0.5290164,0.006343361,0.005050505,0.2579656,-0.059366196,0.14756218,-0.23265062,-0.09796396,-0.31237477,-0.02624625,-0.34848392,-0.40952745,-0.3762575,-0.29709703,-0.22472967,-0.33697033,-0.10860253,-0.04646481,0.50138485,0.44861314,0.32032743,0.23128478,0.0593813,-0.04796418,-0.082521364,-0.040698487,-0.21315186,-0.22335307,0.12151159,0.41254213,0.34031945,0.5357135,0.5024542,0.7703042,0.896058,0.8356097,0.64165723,0.58086383,0.06463297,-0.113158956,-0.02544643
129,0.17662562,0.24589549,0.0001539425,-0.11108905,0.06396159,-0.040276345,0.23590237,0.18172349,0.17391455,0.032186016,0.250969,0.3221227,0.18758106,0.2602129,0.25078523,0.06807865,-0.4461654,0.045808874,-0.36899003,-0.38345402,-0.54402053,-0.15380809,0.0902349,0.17614089,0.3953133,0.14390992,0.26154184,0.20522785,0.13651423,0.15089121,0.14200816,0.05212733,0.15062663,0.10785541,0.105333574,-0.22224122,-0.24890883,-0.28321013,-0.3644525,-0.17980896,-0.30162033,-0.26062247,0.067017965,0.023653079,0.1808778,-0.10112488,0.1600598,-0.11475525,-0.1653849,-0.030396122,-0.3400988,-0.3227221,0.12305092,0.0033462313,-0.36660263,-0.2353639,-0.28872257,-0.38955006,-0.24114187,-0.41970527,-0.40762615,-0.21646439,-0.38490716,-0.12507537,-0.26478782,-0.099779055,-0.19588944,-0.00548463,-0.06320642,0.18310264,0.23360273,0.096732266,0.17420481,0.13140509,0.073368706,-0.022063976,0.16505481,0.08643052,-0.16906579,-0.14669554,-0.24641174,-0.26012138,-0.28634885,-0.2589038,0.0558997,-0.12698145,0.40262893,0.07078301,0.1264497,-0.061205108,-0.2762956,-0.029339982,-0.331816,-0.20374814,-0.06669761,-0.2574762,-0.26704702,-0.15797253,-0.21644205,-0.13058832,-0.38595283,-0.36406127,-0.18169126,0.13695648,0.09104791,0.2500222,0.5915288,0.34354162,0.11382937,0.012062622,-0.037972506,-0.3246538,-0.28716755,-0.26559675,-0.34571695,-0.14757314,-0.0530339,0.03822964,0.3215105,0.3415869,0.57609427,0.6676938,0.5148305,0.8162834,1.0,0.76676697,0.7082339,0.15548933,-0.00033427117,0.11884051,0.2406801,0.41184962,-0.22011203,-0.018135758,0.03518905,0.22607751,0.23964354,-0.26598608,0.15110797,0.18127203,0.35035405,0.28691658,0.23303731,0.11993446,0.008864857,-0.06411153,-0.3703496,-0.0789673,-0.056325518,-0.43859208,-0.34850252,0.13316478,-0.033492215,0.18144226,0.37796116,0.25265557,0.09799557,0.16759725,0.12174743,0.08079144,0.11542361,0.07117068,0.1229046,0.11083847,-0.15395243,0.03674879,-0.2581972,-0.39414516,0.08588017,-0.13454828,0.03958288,0.0768896,0.21772604,0.055437367,0.0691049,0.019767072,0.05594336,-0.164337,-0.07260578,0.12642804,-0.16578056,-0.17281279,-0.05229072,-0.099061735,-0.4154069,-0.3944885,-0.34711924,-0.33505154,-0.32642195,-0.30064163,-0.21071577,-0.35020483,-0.05355335,-0.09120713,-0.16485223,-0.1176527,-0.23245275,-0.030308716,0.049450073,-0.049859047,0.07507605,0.0558282,0.08522654,0.024232192,0.08753806,0.00584818,-0.019141799,-0.05147038,-0.15319484,-0.14188333,-0.2778673,-0.15833017,-0.092783496,0.15191899,-0.17351292,-0.21273367,0.06493338,0.24003206,-0.18300419,-0.17616804,0.014150181,-0.10093225,0.053666014,-0.24089304,-0.04468772,-0.21955386,-0.008526473,-0.2858931,-0.4000774,-0.37257853,-0.36611408,-0.2062336,-0.1636729,-0.0015101591,-0.029220445,0.55120957,0.4422213,0.31597745,0.09037577,0.07594674,-0.09587671,-0.12249925,-0.25951654,-0.3334914,-0.36151606,-0.07160986,0.17531444,0.052823197,0.2736006,0.2790731,0.7222484,0.7070516,0.959507,0.5875401,0.76295567,0.19007742,-0.056185715,-0.06797152
130,0.17536011,0.20724706,0.008001095,-0.055446986,0.08150543,0.033416133,0.20274118,0.15011743,0.1396537,0.04440795,0.21233004,0.29419893,0.11082493,0.2655046,0.25765494,0.06174649,-0.39294752,0.075851016,-0.26879287,-0.2794377,-0.43741578,-0.07743455,0.11479484,0.18664359,0.33147532,0.07422601,0.185795,0.1572511,0.087434016,0.107721485,0.08258251,0.025904234,0.08837612,0.044495683,0.03167877,-0.27203307,-0.3074909,-0.30773595,-0.32885075,-0.18562244,-0.2660167,-0.23652965,0.055305455,0.02916032,0.17554256,-0.07697322,0.07527981,-0.07607674,-0.13761179,-0.038801905,-0.29637882,-0.32254776,0.088356785,-0.0443711,-0.3805078,-0.23273489,-0.31607795,-0.4095626,-0.2698367,-0.43056947,-0.3623106,-0.17771707,-0.31091878,-0.10491748,-0.21809092,-0.043734107,-0.15962632,-0.01553929,-0.050426494,0.18673204,0.23658434,0.107557,0.14341487,0.13357908,0.06504855,-0.011166074,0.1222629,0.07505191,-0.09750284,-0.08704962,-0.17003274,-0.13001408,-0.19792587,-0.120626196,0.11157623,-0.035972826,0.42117393,0.10598463,0.17955293,-0.038075626,-0.2974389,-0.021396171,-0.2962996,-0.25699458,-0.08300421,-0.19406804,-0.19847515,-0.07241343,-0.1479137,-0.10381908,-0.39303318,-0.38283324,-0.2592601,0.030723693,0.00027382985,0.21228567,0.42972645,0.2609412,0.052559387,0.052539025,-0.0882193,-0.29530418,-0.269908,-0.28004453,-0.3171031,-0.117653586,-0.040456038,0.04402439,0.28048784,0.30165666,0.44115743,0.5185572,0.40672132,0.6958745,0.76676697,1.0,0.7099779,0.24146722,0.07456204,0.094654664,0.20580019,0.27473918,-0.100506105,5.5321852e-05,0.06742529,0.1933509,0.18675785,-0.14941728,0.12347975,0.16157198,0.30390146,0.25269687,0.24277416,0.11971735,0.024101825,-0.06422028,-0.32235417,-0.022084339,-0.057763357,-0.34296888,-0.33054748,0.08032642,-0.014452775,0.172853,0.31054884,0.2137811,0.08502092,0.15365078,0.1135347,0.04166859,0.07821408,0.08295094,0.055310093,0.106593974,-0.17518474,0.012859421,-0.2876381,-0.34655628,0.026541652,-0.115002446,0.0061958414,0.06538513,0.20243745,0.016390653,0.04993449,0.050541114,0.05647062,-0.12204926,-0.033159457,0.14794785,-0.12350622,-0.16900995,-0.07346079,-0.08915252,-0.35541305,-0.35682955,-0.3683613,-0.36035654,-0.3448158,-0.2946443,-0.18809496,-0.3268661,0.021661447,-0.057325494,-0.13148166,-0.101745196,-0.15570615,-0.022220442,0.06601078,-0.091143295,0.077569984,0.078212515,0.07841006,0.021415941,0.07402545,-0.012002255,-0.03758811,-0.028924093,-0.07993646,-0.062513515,-0.14291082,-0.10936628,-0.025166815,0.19907075,-0.100699276,-0.17767762,0.10778503,0.24990147,-0.19794917,-0.11178656,-0.056008384,-0.14454271,0.02635696,-0.24830343,0.015781907,-0.21083789,0.020865684,-0.23102267,-0.3639564,-0.36192867,-0.37881896,-0.20272283,-0.2162309,-0.082620226,0.029025108,0.40503472,0.32831404,0.24566235,0.08840099,-0.012854498,-0.07036148,-0.19655307,-0.23952666,-0.32532236,-0.32819945,-0.06260686,0.15925422,0.108159006,0.254065,0.2284793,0.49318036,0.6033926,0.69876415,0.82677335,0.8033569,0.24190639,0.024578555,-0.029052675
131,0.06689624,0.21966656,0.20973045,0.10345624,0.14611223,0.07077657,0.4375635,0.28550732,0.27747998,0.19499806,0.32649902,0.3747367,0.23089729,0.2233391,0.21995497,0.036847748,-0.38326555,-0.10921081,-0.469283,-0.37557074,-0.35259786,-0.11874682,0.1183042,0.22140308,0.36370263,0.16257018,0.29218027,0.2701632,0.30121475,0.33446115,0.34813708,0.1620373,0.4052461,0.35070047,0.31796634,0.021298714,-0.064575024,-0.19761014,-0.13965292,0.071635775,-0.31946182,-0.034243938,0.21159749,0.10527299,0.20377606,-0.17937528,0.19322209,-0.14420731,-0.2573427,-0.1264489,-0.25335562,-0.29828385,0.13788775,0.21909848,-0.13107258,-0.10304513,-0.03846607,-0.15860023,0.011583763,-0.2456061,-0.15628155,0.12291046,-0.2133204,-0.05281824,-0.19490685,0.017392678,-0.18033029,-0.11837208,-0.089377604,0.10895115,0.17427696,0.08505049,0.13371544,0.11738511,0.11796592,0.013436705,0.14480983,-0.00880005,-0.13576283,-0.17932808,-0.2083601,-0.072641656,-0.21799576,-0.1118143,-0.090798005,-0.2729152,0.12137602,-0.26421884,-0.19313636,-0.35828614,-0.5248035,-0.34035045,-0.41438687,-0.2986384,-0.18034622,-0.196332,-0.031130258,0.038738646,-0.044062827,-0.028463714,-0.3686832,-0.24922036,-0.07740118,0.1082591,0.124389745,0.13493903,0.39930555,0.20961872,-0.12073964,-0.10241659,-0.27426964,-0.43818924,-0.4004696,-0.3346531,-0.37511402,-0.18622178,-0.20695794,-0.19438642,0.045053102,0.03144337,0.18246862,0.24497016,0.2598507,0.43549448,0.7082339,0.7099779,1.0,0.4096639,0.10639079,0.04358254,0.122352615,0.3075559,0.0021469744,0.049893625,0.17488053,0.42497516,0.3267978,-0.17678194,0.1495893,0.31005567,0.3980021,0.2329182,0.22445856,0.13805911,0.042868443,-0.14105722,-0.29428905,-0.18850842,-0.14128946,-0.42337075,-0.20897248,0.12539376,-0.028853472,0.24061224,0.38934946,0.2209765,0.16395871,0.2317232,0.16865933,0.1705932,0.057702158,0.20499103,0.29953048,0.2467334,0.071469605,0.20357311,-0.19357899,-0.20436285,0.20720668,-0.16455309,0.12115756,0.16281925,0.2855771,0.050889336,0.091062166,0.05101515,0.057689372,-0.17869197,-0.08546473,0.06179665,0.06321335,-0.18750337,0.023678297,-0.08045419,-0.18874513,-0.08833236,-0.10738873,-0.095255986,-0.14805299,-0.15135455,0.014104326,-0.32720432,-0.006669003,-0.029855471,-0.102091275,-0.28440288,-0.21483661,-0.05333009,0.00069722865,-0.19463788,-0.0183255,0.06336429,0.067626655,-0.001349341,0.0956376,0.034883425,0.14976506,-0.036884025,-0.14414723,-0.10820181,-0.13501042,-0.1297511,-0.090148956,0.032163043,-0.2977216,-0.17768857,-0.2576552,-0.013299799,-0.42995882,-0.21809627,-0.2809393,-0.17921557,-0.092405885,-0.1681611,0.07343418,-0.07984866,0.05235555,-0.122513525,-0.25686195,-0.26517603,-0.37720215,-0.1625801,0.008603743,0.0060941703,0.073576756,0.36575744,0.22823568,0.16929537,-0.060330514,-0.0009850923,-0.12257558,-0.1902124,-0.40335688,-0.38742688,-0.388122,-0.21133243,-0.11369572,-0.19967872,-0.04208676,-0.0018491705,0.3845384,0.3730229,0.62173516,0.4049511,0.89876765,0.41441396,0.14341278,-0.043826424
132,0.03289503,0.12907733,0.1446787,0.15333171,0.08848737,0.11199827,0.1904499,0.16764559,0.13574341,0.108358696,0.15680377,0.17593351,0.020940308,-0.0005457824,0.021204963,-0.0759745,-0.19687523,-0.03477053,-0.16139701,-0.014901343,-0.17898421,-0.10527493,-0.040527675,-0.026220655,0.083721176,0.030010797,0.055168897,0.06947813,0.09479295,0.11759031,0.11170597,0.060104594,0.13092376,0.10753616,0.08701848,-0.072209015,-0.13831116,-0.23753783,-0.056155313,0.020524867,-0.1611843,-0.07406725,0.0052206013,-0.0607629,-0.009129144,-0.13405123,6.6378205e-05,0.005885801,-0.08878714,-0.1596781,-0.16432777,-0.19474174,0.0246305,0.003824198,-0.14858294,-0.14252163,-0.09490985,-0.15065408,-0.07026759,-0.17502628,-0.060471453,0.023202224,-0.12065635,-0.006397481,-0.073676385,-0.02131602,-0.06434673,-0.14752209,-0.0009863541,0.060427923,0.026234185,-0.0019375597,-0.00071608234,0.047318373,0.032481954,-0.0377436,0.027507504,-0.015607117,0.050672695,0.04106037,0.11284916,0.16794403,0.03392513,0.1361592,0.048358608,-0.028775364,0.019802699,-0.07474995,-0.054882552,-0.11029288,-0.15127786,-0.10381529,-0.15556864,-0.082042895,-0.023696754,0.058977883,0.035693284,0.023785815,-0.027831715,-0.039823823,-0.12174845,-0.07537996,-0.09669893,-0.09064587,-0.09578615,-0.031001871,0.0021167307,0.0068446063,-0.08714449,-0.06091521,-0.120465554,-0.12326428,-0.11020196,-0.15917781,-0.07651853,0.03323622,0.03145239,-0.011222047,-0.073759824,-0.06621089,-0.0040030847,0.0100918505,0.010241382,0.080207415,0.15548933,0.24146722,0.4096639,1.0,0.52120143,0.12626186,0.019097662,0.013108704,0.17750227,0.045886807,0.17323774,0.21214007,0.07898055,0.020939512,0.07313772,0.19224402,0.15492742,0.025333514,0.0035253023,0.027573846,-0.03441538,-0.15670595,-0.11576327,-0.043101,-0.060975272,-0.05605591,-0.18635999,0.005033054,-0.04209775,-0.02439884,0.07293407,0.03915218,0.012621182,0.08080307,0.056471005,-0.006924797,-0.017756999,0.063260764,0.065183885,0.12669188,-0.011805876,0.06462008,-0.24516472,-0.13009836,0.0477573,-0.08491015,0.0051609785,0.020321596,0.045921605,0.008225391,-0.030060291,-0.009867687,0.11317245,-0.0019316829,0.009755813,0.03863071,-0.06425892,-0.03077806,-0.09707737,-0.071453825,-0.080156885,-0.10928049,-0.11962721,-0.13405243,-0.13745497,-0.0866056,-0.11754414,-0.21024767,0.035546027,-0.041779507,-0.06866513,-0.12551352,-0.05276474,-0.08574839,-0.040229756,-0.15153451,-0.02774471,-0.011390642,-0.008086076,-0.03993974,0.02888705,-0.01576958,0.11151306,-0.017361633,0.027056526,0.083989315,0.13031794,0.015637685,0.060257975,0.036962695,-0.0619093,0.02370275,-0.07717026,0.020744763,-0.19993222,-0.0045661274,-0.1300459,-0.10547389,-0.05828556,0.037101965,0.11794706,-0.0114794215,0.05045227,-0.06329058,-0.043374214,-0.028390713,-0.15361182,-0.061997548,-0.0310829,-0.08865656,0.037625715,0.017875446,-0.03134092,-0.01403291,-0.04236488,-0.0026451624,-0.10679981,-0.120283656,-0.1148256,-0.12870993,-0.09383203,0.025740415,-0.060480878,-0.11486695,-0.094264835,-0.033780795,0.08527296,0.14133745,0.07062502,0.11056365,0.31722227,0.5406773,0.49695405,0.26335075
133,0.022899726,0.00400968,0.014419114,0.06861199,-0.04141411,0.055594865,-0.07629494,-0.0322945,0.016970936,-0.036198825,-0.023792394,-0.0001601602,-0.08862372,-0.10529474,-0.08176487,-0.10719743,-0.03841733,0.038688205,0.016497897,0.06264049,-0.123702765,-0.055983204,-0.13157968,-0.13923028,-0.07879749,-0.14611962,-0.085059024,-0.110824384,-0.10802672,-0.09367799,-0.11123005,-0.03783063,-0.120908216,-0.12035404,-0.09625672,-0.11868643,-0.12936108,-0.14603484,-0.016408158,-0.035671227,-0.0074560917,-0.1255477,-0.12525865,-0.15131323,-0.13514434,-0.047336962,-0.0636096,0.07712908,0.08394728,0.00679428,-0.20304912,-0.112947345,-0.08158473,-0.16427846,-0.19239572,-0.046661437,-0.1388741,-0.18306172,-0.16159888,-0.16569687,-0.1733904,-0.18340415,-0.20720586,-0.06504674,-0.017468235,-0.08865468,0.014134156,-0.05942267,0.050676923,0.034413163,-0.025357913,-0.033917658,-0.0738445,-0.0182417,-0.05029379,-0.07271368,-0.04952215,-0.018420551,0.13771947,0.17193532,0.15588805,0.20986958,0.057303198,0.1751377,0.11782468,0.16573018,0.092274375,0.09525731,0.12029044,0.060423803,0.091481626,0.13897021,-0.035837926,0.05072219,0.07694041,0.07623107,-0.060107462,-0.054439362,-0.09428688,-0.07270501,-0.0034084646,-0.04886434,-0.10380997,-0.10448766,-0.15356553,-0.053664032,-0.09692489,-0.0022745517,0.036258508,-0.035373632,0.032935686,0.08035526,0.071784705,-0.023059078,0.06988013,0.12257363,0.17998244,0.15490179,0.023264755,0.01667266,0.04868683,0.018506475,-0.027342344,0.027805349,-0.00033427117,0.07456204,0.10639079,0.52120143,1.0,0.23008403,-0.012163898,-0.087920964,0.12945738,-0.004206787,0.04972552,-0.05574779,-0.06225548,0.09324088,0.07850895,0.024483977,-0.03990436,-0.0928011,-0.11785797,-0.07753117,-0.07316384,-0.09308829,-0.020602677,0.0425028,-0.038600948,0.05450316,-0.16735475,-0.049742345,-0.050994888,-0.15671134,-0.111548856,-0.05305795,-0.115889855,-0.042494718,-0.06104362,-0.12785308,-0.089659035,-0.06433345,-0.11795313,-0.033805132,-0.13674279,-0.032196354,-0.14926863,-0.035902888,-0.05505202,0.017285893,-0.063345514,-0.092243984,-0.09758747,-0.025087073,-0.12138315,-0.036168467,0.054638363,0.030973753,0.0726381,0.04081638,-0.19512661,0.079600535,-0.14944792,-0.022075407,-0.053920798,-0.19173461,-0.1678014,-0.1933947,-0.15796125,-0.1574946,-0.16593786,-0.1391954,0.04075403,-0.055289578,-0.063671105,0.06520494,0.020388078,-0.07524654,-0.045271415,-0.043609478,-0.009539779,-0.025367763,-0.038079415,-0.042483903,-0.038223978,-0.06367461,0.0046271766,-0.019542294,0.1021467,0.15821785,0.24436204,0.029050786,0.05526758,0.066668674,0.12469154,0.10096758,0.079437144,0.102415934,0.12992789,0.094359,0.050938457,-0.010690824,0.044126086,0.036440272,0.026958155,-0.06045492,0.0012241523,-0.12053789,-0.04437307,0.0083336,-0.020321129,-0.035192892,-0.1182901,-0.07731616,0.0040181773,-0.068918265,-0.098579206,-0.046281986,0.004484701,0.06626247,-0.076001525,-0.016386203,0.083744906,0.025611134,0.07688704,0.16628575,0.113370486,0.098259434,0.03419345,0.040558636,0.02006397,0.10231196,-0.051027182,0.043773632,0.08202691,0.2774581,0.4585471,0.35201532
134,0.14119735,0.0294434,-0.122905776,-0.0793763,-0.14013611,-0.04285181,-0.07703951,-0.112363555,-0.02070041,-0.108914845,-0.0024414356,-0.0039067026,-0.013968177,0.020967502,0.00969044,-0.012986046,-0.13415502,0.0014603728,-0.08373653,-0.126458,-0.18896502,-0.0654392,-0.073983684,-0.060734633,-0.022625042,-0.058959592,0.0081102075,0.010240838,0.0002811922,-0.00534277,-0.026086116,-0.012447327,-0.033367746,-0.015333353,-0.024591817,-0.080693,-0.0866847,-0.07331125,-0.060093455,-0.050229903,-0.01861302,-0.15420619,-0.022457175,-0.0626131,-0.11151031,-0.11699576,-0.007054913,-0.07689778,0.02987179,0.20725122,-0.26248804,-0.05949448,-0.0557249,-0.05003811,-0.16139899,0.025056012,-0.05967099,-0.106939234,-0.1385247,-0.11771374,-0.27099752,-0.20264407,-0.25651404,-0.08267112,-0.17503688,-0.12123548,-0.063463144,-0.028846635,-0.015039511,-0.005351339,0.015218057,-0.012714396,-0.044037517,-0.10863397,-0.14138329,-0.17572756,-0.13389686,-0.028895244,0.07682436,0.14732985,-0.10381154,-0.060878992,-0.1274171,-0.13822678,-0.034605674,0.039178748,0.13500538,0.10719436,0.13032252,0.09414711,-0.035245035,0.1561942,-0.13453498,-0.09223633,-0.11884668,-0.16269541,-0.17661752,-0.094139725,-0.14851137,-0.11372294,-0.19260693,-0.21111663,-0.117468365,-0.052773587,-0.049247254,0.046496715,0.07199515,0.0442671,0.058858402,-0.043481227,-0.013398036,-0.013891593,-0.029145917,-0.047196887,-0.026426215,-0.025835153,0.054338593,0.093778424,0.1664531,0.16934618,0.15936404,0.14016862,0.090622336,0.14732786,0.11884051,0.094654664,0.04358254,0.12626186,0.23008403,1.0,0.12298807,-0.010342032,-0.05930017,-0.11497271,-0.09634999,-0.088861115,0.01012085,-0.11254544,0.038554423,-0.057734296,-0.008021716,-0.011629517,-0.0037023255,-0.0077515575,-0.048769142,0.03237794,-0.13821048,-0.066499226,0.002455187,-0.08617043,-0.14308228,0.0048519936,0.022033991,-0.034193862,-0.033543836,-0.03021443,-0.0840609,-0.03799882,-0.0101065915,0.021235999,0.017626477,-0.10140374,-0.011579453,-0.02516875,-0.09114608,-0.028665697,-0.07247091,-0.039379355,0.0021609352,0.006151779,0.0061828005,-0.0038101338,-0.023619415,0.0018712067,-0.027617598,0.030172972,-0.10365027,-0.18922774,0.018979704,0.04443852,-0.15386206,-0.06271117,-0.047985144,0.007109482,-0.1415716,-0.21015976,-0.09241162,-0.13307755,-0.060835395,-0.22711007,-0.022242662,-0.12576877,-0.0015483968,-0.062853314,-0.084675655,0.07944598,-0.10755166,-0.07714844,-0.037232358,-0.03842205,-0.008245418,-0.028918201,0.024559902,-0.050343186,-0.074452475,-0.14923847,-0.17976643,-0.093018204,0.056625105,0.07111658,0.01093317,-0.08431955,-0.11876032,-0.003417721,0.03406925,-0.08760885,0.08697627,0.08466449,0.23266214,-0.04336073,-0.001160955,-0.052399084,-0.015314141,-0.15081993,-0.13989006,-0.1414157,-0.043364596,-0.20757827,-0.1952062,-0.16316478,-0.16401367,-0.103791706,-0.18932186,-0.080022804,-0.062554665,0.076625146,0.08842312,0.094988115,0.014434333,0.03598288,-0.023878776,-0.084348775,-0.0018353631,-0.058118872,-0.027848896,0.06199284,0.16303587,0.15100871,0.16937298,0.119902454,0.12029942,0.11413453,0.13303271,0.09459074,0.06412761,0.056078266,0.3133884,0.3878589
135,0.74171203,0.5860351,-0.37736133,-0.36856377,-0.18861891,-0.16196309,-0.07811477,-0.12450264,-0.09547736,-0.15114543,0.06822061,0.028496943,-0.03717551,0.14536083,0.1365173,0.17606789,-0.11657562,0.082243964,-0.019384893,-0.085659385,-0.25840273,0.049498707,0.119035825,0.06656516,0.11742583,0.040042773,-0.033055477,0.031052284,0.016101103,-0.0073689376,-0.011249938,0.017751692,-0.0984107,-0.06328029,-0.08523686,-0.19483525,-0.16548781,-0.09574815,-0.32335177,-0.16772918,-0.110315405,-0.20244679,-0.046095826,0.007339293,0.032401126,-0.08729076,0.19378199,0.051493783,0.06613077,0.24645695,-0.04605578,-0.048997667,0.0060750768,-0.1221248,-0.19822823,-0.07232391,-0.16719848,-0.20825455,-0.1764591,-0.21438672,-0.1516917,-0.08082266,-0.12684366,0.024400212,-0.012025384,0.052960347,-0.07610646,0.10330084,-0.08308016,0.044975214,0.08325182,0.09945788,0.04810086,0.015085897,-0.09166809,-0.07586432,0.08699214,0.14693628,0.016971268,-0.017878244,-0.02801959,-0.044676047,-0.04538237,-0.026287964,0.024976727,0.035833087,0.22644581,0.16383705,0.17878313,0.12395284,-0.11985736,0.09831164,-0.18529561,-0.2676159,-0.23035811,-0.18926542,-0.13901788,-0.015180593,-0.013329333,-0.01734899,-0.35032663,-0.36277524,-0.2822027,-0.1331417,-0.082777485,0.0720903,0.23506217,0.149166,-0.064490154,-0.13518922,-0.12921746,-0.16759732,-0.1683285,-0.14298414,-0.17909601,-0.14350729,-0.1620081,-0.09274496,0.13790882,0.1594673,0.2508488,0.27976462,0.21088247,0.29198074,0.2406801,0.20580019,0.122352615,0.019097662,-0.012163898,0.12298807,1.0,0.29467866,-0.38739592,-0.1760724,-0.22200672,-0.1428562,0.008474014,-0.26940358,0.03268131,-0.13277249,0.037410863,0.15586294,0.14458157,0.088914864,0.03997992,0.14912298,-0.093011245,0.03902906,0.05682104,-0.20001242,-0.2168219,0.014420994,0.03691232,0.11201798,0.1167711,0.074338295,-0.008634739,-0.04245081,0.037871674,0.005226223,0.008447129,-0.01873125,0.009241587,-0.04563844,-0.1115927,-0.13167639,-0.0806203,-0.22757167,0.069254555,-0.053959332,-0.045800645,-0.01858767,0.06967365,0.030067518,0.016010467,-0.13162355,0.035799954,-0.015771732,0.04874543,0.0047862967,-0.017641082,-0.03239339,-0.036409803,-0.08841609,-0.2528325,-0.2196754,-0.18908636,-0.20001674,-0.1831167,-0.21764433,0.012784781,-0.01859598,-0.012324255,-0.0012191879,-0.0069156894,0.030362371,0.011416675,-0.012984878,0.046780717,0.0134893535,0.124153815,0.08132772,0.0064164773,-0.021919385,0.0007912447,-0.051201314,-0.13039382,0.11246993,0.007619797,0.026211586,-0.035172783,-0.037499383,-0.017722616,0.045356505,-0.016152607,-0.08270474,0.17616364,0.1358004,0.010443092,-0.18667944,-0.07720769,-0.2128999,-0.017390657,-0.24113342,-0.11498221,-0.14637204,0.04627885,-0.06990313,-0.094119646,-0.23389697,-0.32544982,-0.16077173,-0.24529071,-0.21079011,-0.059016313,0.2140958,0.15386125,0.11046277,0.038370676,0.015144022,-0.13672018,-0.11484496,-0.13466059,-0.17930338,-0.14488867,-0.15233667,0.018977482,0.02690772,0.14275463,0.1644805,0.20724042,0.20504998,0.2853576,0.21208343,0.17422795,0.0146101285,-0.040264264,0.02260858
136,0.18378629,0.4610336,-0.10519851,-0.40317374,0.15597637,-0.10710066,0.19422469,0.2135346,0.065266766,0.030997697,0.23025307,0.23962666,0.14279135,0.17533295,0.19460112,0.20537938,-0.09714705,0.025479292,-0.17185499,-0.2653348,-0.35606378,0.013292436,0.1130536,0.1528208,0.346958,0.17647822,0.19236915,0.14841934,0.081692606,0.08171011,0.11499484,0.025137017,0.1662984,0.111976676,0.124820225,-0.11509502,-0.10161056,-0.091624536,-0.36046848,-0.11012775,-0.22880682,-0.15013556,0.022696804,0.019460103,0.21655694,0.034304023,0.18828131,-0.12477175,-0.21680486,-0.05273853,-0.11335202,-0.13341528,0.1044992,0.07316599,-0.20146431,-0.061820023,-0.18749854,-0.20005408,-0.04437199,-0.1571668,-0.08028296,0.0012919027,-0.10431626,0.0023082395,-0.020892542,0.022259397,-0.014186566,0.21679233,-0.0635824,0.0041168877,0.10783792,0.118170574,0.10294566,0.094195165,0.1224947,0.080026,0.23174332,0.045274414,-0.19494551,-0.20047705,-0.23210838,-0.2940354,-0.2114602,-0.25213188,-0.103223816,-0.22253972,0.08024233,-0.04453311,-0.0708533,-0.08338551,-0.24150686,-0.05026008,-0.20647478,-0.24486196,-0.2344099,-0.33046517,-0.22421236,-0.17490752,-0.112495616,-0.013793761,-0.23334634,-0.227027,-0.11754454,0.076708935,0.11962239,0.123106085,0.37708116,0.23781285,-0.04849402,-0.08771549,-0.12560485,-0.30382648,-0.23984668,-0.18231918,-0.26179028,-0.106143214,-0.13063484,-0.11303466,0.23380297,0.20611525,0.30778772,0.29568222,0.32256007,0.34064484,0.41184962,0.27473918,0.3075559,0.013108704,-0.087920964,-0.010342032,0.29467866,1.0,-0.54544556,0.09926687,-0.021084065,0.23227578,0.20639901,-0.39236206,0.060552422,0.06891124,0.2774489,0.2633644,0.15516876,0.073676266,0.15545857,-0.0042658933,-0.09217624,-0.009989223,0.046447154,-0.30646047,-0.1614604,0.15057124,-0.0869939,0.1395339,0.34441724,0.2298679,0.049659725,0.13524568,0.07990697,0.1064904,0.12369765,0.09386797,0.121575534,0.06500068,-0.013230436,-0.060235105,-0.063828446,-0.3524288,0.14828284,-0.24892938,0.10054581,0.01199631,0.119207054,0.071669616,0.0556085,-0.030768774,-0.021093965,-0.018941917,-0.1411041,-0.22712035,0.029184705,0.0050827777,0.02479566,0.048513234,-0.30391514,-0.1815579,-0.21207614,-0.08283665,-0.16257925,-0.0097841425,-0.03533995,-0.07157216,-0.07478191,0.043178137,-0.03231997,-0.075521745,-0.092245094,-0.013604877,0.07172671,0.08645636,0.002209349,0.07717768,0.016886411,0.009658197,0.06919489,0.15670186,0.1073645,-0.0022183447,-0.16127874,-0.20125802,-0.25165242,-0.11918967,-0.12252711,0.0029694093,-0.21202251,-0.24430315,-0.050813265,0.061606526,-0.20752719,-0.12012173,-0.06165857,-0.07371274,-0.036247574,-0.29500595,-0.20032798,-0.11988565,-0.08380696,-0.119834565,-0.2470044,-0.26949233,-0.22043592,-0.12033161,-0.059391312,-0.024799027,-0.06725382,0.34777382,0.24518904,0.14726761,0.036132008,-0.016585138,-0.051450837,-0.13557439,-0.26697722,-0.23631333,-0.30955008,-0.13940884,0.012629339,-0.019853365,0.1630521,0.13030642,0.3565107,0.26037833,0.4275205,0.18191317,0.32395333,0.05813846,-0.048666738,-0.07498701
137,-0.26463613,-0.21801797,0.6405144,0.8783989,0.22051941,0.3546175,0.14645015,0.17609395,0.09089838,0.2459641,0.013837469,-0.006499224,-0.029868748,-0.10053461,-0.032439716,-0.10206315,0.028668925,-0.046195034,-0.031568013,0.09654155,0.24731638,0.03934949,-0.03733757,-0.07538721,-0.18854505,-0.028786711,-0.038940903,0.012053114,0.07278485,0.12457315,0.09549485,0.050753824,0.14663784,0.12861696,0.2038814,0.19841847,0.06184467,-0.019495115,0.38370535,0.3040346,0.07284949,0.2103002,0.06714694,0.0072050667,-0.14792803,-0.1656253,-0.09207138,0.012347384,-0.021645052,-0.15420462,0.037329808,-0.07083104,0.010368013,0.11667536,0.12727104,-0.028734505,0.15793023,0.1097346,0.1119637,0.053503957,0.17356667,0.17796423,0.1095512,0.02322485,-0.04812175,-0.00928948,-0.054048043,-0.21165282,0.06517556,0.037688185,-0.0372259,-0.039485563,-0.09715657,0.0074169696,0.03392137,-0.02117785,-0.08707631,-0.07050627,0.13371612,0.09482832,0.1686821,0.28753486,0.11368331,0.180054,-0.01665253,-0.05857662,-0.18641134,-0.2079073,-0.20160435,-0.23967808,-0.07409142,-0.27397573,0.034225654,-0.01129587,0.046637088,0.14714924,0.17012917,0.1447387,0.07639544,-0.0018109884,0.11108029,0.12531428,0.08056462,-0.092408285,-0.080208294,-0.12179245,-0.28062263,-0.18985376,-0.20370372,-0.055057522,-0.21471325,-0.10452152,-0.1294292,-0.101615794,0.041088577,0.001550465,-0.06510799,-0.090281,-0.32679886,-0.33487126,-0.34921917,-0.3073971,-0.27051648,-0.27475312,-0.22011203,-0.100506105,0.0021469744,0.17750227,0.12945738,-0.05930017,-0.38739592,-0.54544556,1.0,0.10997305,0.45645338,0.17467609,-0.015832392,0.38092715,0.0058411397,0.17431568,-0.055960238,-0.2316893,-0.101607956,-0.033041757,0.0038085284,-0.21054995,0.075007394,-0.0044701803,-0.043806836,0.14677483,0.12315591,-0.04024419,-0.002290784,-0.070775814,-0.17208761,-0.13911727,0.08513565,0.0276541,0.018314628,-0.00096019777,-0.11862992,0.12540363,0.051595904,0.10963713,0.16159956,0.16480133,-0.035750415,0.26446494,0.003304795,0.17395002,0.027370261,0.045180548,-0.011419598,0.014733642,-0.07388071,0.0412752,0.034499127,-0.04662935,0.06152087,0.16367732,0.022958366,-0.102272496,-0.0029903026,-0.020335075,0.37943587,0.19920374,0.14160426,0.0815172,0.075961635,0.12494746,-0.029315244,-0.09762539,0.029736098,-0.034797657,0.005292828,-0.10626632,-0.009146796,-0.083923824,-0.054128468,-0.14372022,-0.052026734,-0.024910625,-0.0018666781,0.004173015,0.029956974,-0.022944512,0.20232482,-0.12065949,0.11795171,0.14931744,0.19873044,0.06316419,0.06742709,-0.027285224,-0.04854927,0.12479656,-0.19511828,-0.13918649,-0.22900325,-0.019089367,-0.1953898,-0.031871706,-0.068106204,0.10398261,0.14624283,0.1151025,0.058285464,0.05386436,0.09165043,0.14658956,0.05810449,0.054871578,0.08402359,-0.010361897,0.1729368,-0.26160505,-0.21488428,-0.15428714,-0.13859606,-0.11137617,-0.05935915,-0.14075913,-0.14009447,-0.075835064,-0.0073431535,-0.059205443,-0.2487538,-0.23690052,-0.35115582,-0.25200865,-0.27720106,-0.19374727,-0.27568248,-0.12319352,-0.07424949,0.14753267,0.17640948,0.068680674
138,-0.14477845,0.008154271,0.22306909,0.10410875,0.57764536,0.07016364,0.16257578,0.21909688,0.045986716,0.14037484,0.07676912,0.06505944,-0.056056198,-0.06804317,-0.012507688,-0.029988293,0.03825531,0.024096726,0.04721407,0.07755725,-0.035051417,0.0210643,0.009603222,-0.015707992,0.07939885,0.031155229,0.14131583,0.14233208,0.011892462,0.0694683,0.022244915,-0.009791217,0.037661508,-0.015499372,0.015850753,-0.058281768,-0.102079265,-0.11804656,-0.051546596,-0.026811583,-0.06274001,-0.006005462,-0.025136564,0.01621161,0.054050367,0.034551624,-0.022973776,0.0068100914,-0.077160224,-0.22198004,0.034928303,-0.10930784,0.05790837,0.00021529508,-0.0650201,-0.09482655,-0.08548047,-0.07458969,0.0055826297,-0.03018078,0.14664607,0.08511516,0.055122398,0.026178887,-0.0269591,-0.017995644,-0.020565886,0.0023045335,0.04491051,0.058298554,-0.038371567,-0.029911349,-0.07085026,0.021395156,0.08469804,0.044730984,0.052987535,-0.0015644297,-0.057468295,-0.012596477,-0.011990825,0.011470628,-0.021818047,0.003953807,-0.027854545,-0.10290356,-0.057079192,-0.046418075,-0.12479489,-0.08814484,-0.043791085,-0.12838861,-0.0023141508,-0.020398946,-0.002959175,0.019925669,-0.030433506,-0.05191279,-0.019666081,0.0017133837,0.066877574,0.042499594,-0.019063715,-0.079957314,-0.046708506,-0.032871332,-0.06497092,0.0011198213,-0.0774493,-0.018382518,-0.03245382,-0.025721464,-0.0061509227,-0.048650857,0.053877342,0.10580052,0.011397455,-0.013516422,-0.06525342,-0.07796928,-0.034817982,-0.03277684,-0.02657209,-0.030082613,-0.018135758,5.5321852e-05,0.049893625,0.045886807,-0.004206787,-0.11497271,-0.1760724,0.09926687,0.10997305,1.0,0.17596388,0.19020689,0.03428474,0.0896313,0.019492239,0.121662736,0.056288123,-0.064206764,-0.08431319,-0.0148271,0.030710228,-0.15562692,0.07435473,0.07262701,-0.025380086,0.061484233,-0.05899769,0.013535181,-0.059789013,-0.02154491,0.035839785,0.04912648,0.039560772,0.096269235,0.13156517,0.08459974,-0.009785829,0.06546431,-0.0010874966,0.034090992,-0.004684697,0.025567625,-0.11107324,-0.11263586,-0.045353826,-0.028248118,-0.028181888,-0.026633378,0.014039672,0.03578536,-0.009913918,-0.0032765318,0.05179009,0.07583379,-0.04065126,0.015452663,0.042920485,-0.033331912,0.015859202,0.0021048337,0.0025790904,0.0059070485,-0.08113255,-0.024730185,-0.06797986,0.1675621,-0.0923607,-0.030806394,-0.0103712175,-0.020383526,0.012174038,-0.066496015,-0.018729003,-0.07736724,-0.010611507,0.00946427,0.01635512,-0.004244826,-0.06549153,-0.011303006,0.04155411,0.04129668,0.09509047,0.029228877,-0.05887762,-0.02266687,0.0056427647,0.0124711925,0.029203454,0.01882903,-0.08604392,-0.0106344605,-0.08570251,0.06284141,-0.23324575,0.13230382,-0.06681517,-0.009648643,-0.0013867604,0.019980978,-0.012706112,0.03071151,-0.058289688,0.011636416,0.0020011156,0.045080625,0.05845577,0.013624814,0.0011230252,-0.05874053,0.078999996,-0.05607506,-0.07743097,-0.08284515,-0.038112234,-0.103891306,-0.031092178,-0.04175995,-0.028019497,-0.015427983,-0.0055575892,-0.0014601605,-0.0800575,-0.08376712,-0.08615067,-0.039813165,0.012609595,0.0174805,-0.036527913,-0.024925975,0.019647542,0.027822385,0.033945672,-0.08985261
139,-0.10228438,-0.045514464,0.24983005,0.28495026,0.36071306,0.60649556,0.27726033,0.34626365,0.11735324,0.28572708,0.18428141,0.13898532,0.09130614,0.08006441,0.13307989,-0.051798526,-0.13242489,-0.11076131,-0.12641351,0.0022667195,0.06826682,0.10354815,0.12279201,0.10037491,0.066681504,0.067569986,0.10086543,0.08960047,0.08978001,0.14844525,0.12261206,0.04299335,0.21059185,0.16213405,0.19846348,0.032638032,-0.04576891,-0.15442957,0.0032840804,0.10388159,-0.18080564,0.10407542,0.085172445,0.04179779,0.081586145,-0.04944753,-0.050699927,-0.07975586,-0.207431,-0.1987403,-0.030812848,-0.16222158,0.108691886,0.11419132,-0.028273221,-0.068111464,-0.0010093049,-0.059232585,0.030704089,-0.05799657,0.11166662,0.15034184,0.039658446,0.04183093,-0.13333693,-0.035838358,-0.07864103,-0.11424082,0.090478465,0.040903673,0.07630002,0.005885115,0.04200482,0.14965278,0.14822598,0.033951316,0.026984988,-0.03162877,-0.034613695,0.030365782,0.032936938,0.09053386,-0.013662008,0.018855782,-0.06576512,-0.14202192,-0.08880215,-0.13533795,-0.18083657,-0.1820053,-0.1677491,-0.27502748,-0.063765034,-0.13329698,-0.04987465,0.0046865046,0.06778287,0.07194476,0.040487386,0.013308514,-0.038484704,-0.017754178,-0.009304303,-0.058743943,0.009590586,-0.071322225,-0.031249728,-0.0032485405,-0.13806963,-0.06264093,-0.19520932,-0.21511255,-0.22517863,-0.15994406,-0.07554609,-0.07316056,-0.123560704,-0.10934288,-0.18669942,-0.15727207,-0.0879685,-0.067416474,-0.010663747,-0.017744025,0.03518905,0.06742529,0.17488053,0.17323774,0.04972552,-0.09634999,-0.22200672,-0.021084065,0.45645338,0.17596388,1.0,0.38523927,0.06622747,0.23714715,0.049515508,0.25148052,0.13095611,0.025296075,0.066667505,0.041272115,0.06756784,-0.164041,-0.06702154,-0.09474572,-0.032139882,-0.024988035,0.023943964,0.03444166,-0.05671206,0.052061867,0.083397456,0.0816366,0.048389208,0.13509388,0.06444968,0.033213865,0.014148519,0.16276205,0.07365009,0.13893226,0.079474404,0.14738357,-0.15494604,-0.07010144,-0.045180492,-0.14885259,0.05531786,0.06564463,0.08661961,0.052556038,-0.011380435,0.12099983,0.0097367475,-0.056491837,-0.02758791,-0.0019619775,0.013641336,-0.111271985,0.015773755,0.04758397,0.24430153,0.07461412,-0.03614352,-0.012342622,-0.070264414,0.11831476,-0.100416824,-0.17986949,-0.0112984665,-0.046345685,-0.04312471,-0.16239811,-0.073788844,-0.1008689,0.004132974,-0.07653203,-0.08239878,-0.0121944025,0.032470442,0.06858496,0.12557429,0.024613816,0.19135553,-0.029446851,-0.020040449,0.0018656148,0.026703263,-0.027340673,-0.0029088575,0.015522445,-0.13903558,-0.03493073,-0.13733968,-0.014686898,-0.345764,-0.08186528,-0.20375472,-0.06964265,-0.06745955,-0.0040245317,0.08902172,0.03044021,0.047664005,0.026093477,-0.012988232,-0.004439701,-0.06747068,-0.03538671,0.034048967,-0.04950669,0.18365659,-0.025463615,-0.027952267,-0.036874205,-0.053096432,-0.084826484,-0.04846986,-0.16018242,-0.22648989,-0.17369065,-0.14389493,-0.13286445,-0.1934545,-0.19746768,-0.19599791,-0.12858167,-0.000708684,0.021206638,0.0047149938,-0.027506597,0.12808046,0.14012639,0.11836297,-0.0011350014
140,-0.2253415,0.124364465,0.46308184,0.28606656,0.30078384,0.17675853,0.841895,0.6448528,0.40595597,0.4700878,0.40804955,0.3205848,0.35091397,0.18207598,0.18570542,0.031598255,-0.22648025,-0.29076877,-0.5069546,-0.299625,-0.10222356,-0.15391378,0.18885228,0.28564152,0.2652985,0.12740886,0.28945526,0.28864667,0.42788255,0.44494605,0.505463,0.22075044,0.6099341,0.526598,0.5274297,0.28585875,0.14691971,0.010134032,0.17782624,0.3274867,-0.22747903,0.19084789,0.30363873,0.20448698,0.19086914,-0.16024965,0.21274228,-0.16376713,-0.2997912,-0.23016754,-0.08173659,-0.22229283,0.16084045,0.43180797,0.15517634,0.019473262,0.19181062,0.09424937,0.23048252,-0.045150287,0.11408116,0.36422625,-0.0020415823,-0.026821794,-0.08808189,0.07488702,-0.1262105,-0.096812956,-0.046818405,0.10362312,0.150799,0.040181525,0.143619,0.15327092,0.20390294,0.067436345,0.15180466,-0.09832878,-0.1376855,-0.17394356,-0.20979512,-0.035897147,-0.16013964,-0.106776446,-0.20164113,-0.4047035,-0.22263367,-0.5091875,-0.44947022,-0.5552932,-0.52750057,-0.5243186,-0.22874957,-0.31214297,-0.21553634,-0.17590874,0.07248506,0.11927436,0.043704275,0.0149532845,-0.23813424,-0.073647544,0.06596197,0.0877888,0.1580825,-0.033026803,0.13293003,0.06571486,-0.23088825,-0.12295803,-0.3888652,-0.44348255,-0.4341336,-0.296873,-0.2563247,-0.19663726,-0.3096643,-0.3560375,-0.21183151,-0.2681699,-0.16922368,-0.12852122,0.024718339,-0.018030914,0.22607751,0.1933509,0.42497516,0.21214007,-0.05574779,-0.088861115,-0.1428562,0.23227578,0.17467609,0.19020689,0.38523927,1.0,0.4739229,-0.04786463,0.14016351,0.45905375,0.37215716,0.1331036,0.2053139,0.14418012,0.05954392,-0.32986856,-0.16978376,-0.29796606,-0.21031292,-0.29736456,-0.0544368,0.100892775,-0.085600585,0.2888516,0.35544202,0.1626452,0.15185525,0.25607514,0.15691505,0.30952844,-0.012217779,0.37763312,0.42115006,0.32254612,0.25090516,0.391606,-8.168845e-05,0.06417689,0.30429953,-0.13557658,0.17685762,0.20446642,0.33141935,0.088580206,0.12512647,0.030301886,0.038287953,-0.12569945,-0.13077958,-0.076216586,0.1882781,-0.15399936,0.1426868,-0.0628463,0.032060217,0.19037175,0.14371626,0.13958442,0.026663851,0.059951734,0.109526776,-0.22892985,-0.01169013,0.020468812,-0.035844088,-0.32039016,-0.121420644,-0.09342543,0.031890154,-0.12975971,-0.031997632,0.020732727,0.08182762,0.013726787,0.15526374,0.12575306,0.32074818,-0.038873367,-0.13969128,-0.101907246,-0.11402834,-0.1069826,-0.07690697,-0.06371019,-0.3686419,-0.15822694,-0.43777776,-0.27842882,-0.5465566,-0.1652522,-0.44355595,-0.13618228,-0.16100773,-0.1387032,0.040872764,0.055576175,0.01811575,-0.011161275,-0.12272172,-0.15696944,-0.24721946,-0.052879453,0.15281285,0.06121083,0.09786896,0.10231447,0.04970752,0.009642704,-0.116220206,-0.07151193,-0.1257107,-0.20078468,-0.4556971,-0.33617103,-0.33313057,-0.31114593,-0.3753814,-0.44612962,-0.34903228,-0.26505283,0.020783616,-0.03134965,0.18004061,0.01257116,0.31663626,0.19597319,0.1332882,-0.038611073
141,-0.096139096,0.16328748,0.2785374,0.13844,0.027187495,-0.013127884,0.5724479,0.22888319,0.30362207,0.23290217,0.36266536,0.29855287,0.24129382,0.18278672,0.16543531,0.09551563,-0.20763496,-0.21473621,-0.43037364,-0.29194304,-0.16698176,-0.17864725,0.17629427,0.27871478,0.28339845,0.112099975,0.191591,0.15072367,0.2830616,0.26281887,0.34303868,0.14762416,0.43905982,0.38805255,0.37008476,0.2039091,0.114371404,0.037428547,0.11034583,0.21712348,-0.17726575,0.10347775,0.2569589,0.20316522,0.20334603,-0.10121708,0.257823,-0.086849295,-0.1549529,-0.055124484,-0.06749228,-0.13280895,0.13143809,0.28869438,0.12658884,0.038130593,0.13853341,0.065385684,0.13384742,-0.07071352,-0.019201694,0.26548135,-0.053433724,-0.036749136,-0.03007318,0.115634285,-0.07905823,-0.008149079,-0.08496905,0.115922906,0.14604634,0.016819356,0.12731813,0.084783256,0.13596173,0.055672735,0.14967743,-0.03332047,-0.090601325,-0.13365631,-0.21967487,-0.042583566,-0.1558894,-0.06674415,-0.11651059,-0.24382661,-0.07889874,-0.37299043,-0.2515753,-0.4060538,-0.41942275,-0.34056076,-0.22704802,-0.27943733,-0.21442175,-0.20609143,-0.018827522,0.04608628,-0.011744353,-0.027928997,-0.27252212,-0.15692268,0.0046324995,0.063737325,0.12307674,-0.014138909,0.17925549,0.10538258,-0.15117252,-0.092036024,-0.2980363,-0.33810326,-0.33150816,-0.22076206,-0.24099067,-0.19622958,-0.24167415,-0.28213933,-0.101020046,-0.14124995,-0.061207432,-0.024177399,0.08435287,0.052329794,0.23964354,0.18675785,0.3267978,0.07898055,-0.06225548,0.01012085,0.008474014,0.20639901,-0.015832392,0.03428474,0.06622747,0.4739229,1.0,-0.29111356,0.15284751,0.28063524,0.35223764,0.19520263,0.21342506,0.1597388,0.020837612,-0.18594216,-0.17617674,-0.2541996,-0.175619,-0.30693614,-0.077603005,0.077682726,-0.03779766,0.29690546,0.3455732,0.15305355,0.18154767,0.14699018,0.0636233,0.24756141,-0.049458127,0.29242077,0.2934906,0.21658012,0.16123623,0.29110578,0.029945023,0.054169912,0.28699246,-0.06894209,0.1504866,0.1545856,0.3013708,0.054560788,0.12734266,7.970119e-05,0.059614297,-0.111308485,-0.0789389,-0.020503048,0.15682821,-0.09840502,0.12908676,-0.06392792,-0.15656434,0.12028116,0.10784156,0.07060646,0.022997582,-0.06694248,0.15390944,-0.112397455,0.023010993,0.027701542,0.0064593814,-0.2439577,-0.086435474,-0.031077074,0.038247366,-0.07380356,0.029731208,-0.0011475007,0.060428888,-0.011476094,0.114877954,0.114673726,0.17909661,0.016104389,-0.10074709,-0.058162447,-0.09899932,-0.115105174,-0.036221378,-0.046927948,-0.23355953,-0.12512083,-0.28665826,-0.23042215,-0.31978145,-0.15881278,-0.33827546,-0.15505585,-0.119127356,-0.17965849,-0.042254914,0.0044410834,0.004910078,-0.07842483,-0.13570246,-0.19597498,-0.2641444,-0.09032122,0.07251752,0.026200656,0.010211483,0.15129617,0.0718702,0.047540788,-0.07721916,-0.054915972,-0.12216059,-0.15669657,-0.34325972,-0.26202387,-0.2730636,-0.24283722,-0.23168206,-0.29577872,-0.2035157,-0.16591011,0.08013265,0.0038463885,0.2207007,0.07330703,0.2667387,0.11475667,0.06313282,-0.056854118
142,-0.13889702,-0.28239366,0.021779133,0.18268998,0.136805,0.22046734,-0.14156155,0.04993566,0.05047797,0.19242762,-0.114301845,-0.031072525,-0.100302726,-0.07386273,-0.080535166,-0.25886348,0.10067854,-0.0069464413,0.23531246,0.28867128,0.2816315,0.28980452,-0.020967094,-0.122718446,-0.14896332,0.025204219,-0.039305158,0.014363126,-0.09572445,0.011575831,-0.14739914,-0.050195478,-0.23083726,-0.21967211,-0.22926201,-0.060066365,-0.011360565,-0.042247467,0.028192174,-0.062069595,0.0814759,0.11083417,-0.18312843,-0.11708507,-0.17969534,-0.06978475,-0.22744136,-0.032243732,-0.063902445,-0.1579781,-0.0268024,-0.009107835,-0.091645636,-0.19716476,-0.013611898,0.019627614,-0.015587107,0.0025243368,-0.036029123,0.07838649,0.20373991,-0.052224662,0.075802565,0.014643791,-0.1638897,-0.17447086,-0.05510116,-0.2231638,0.09270593,-0.0964975,-0.05553015,0.029568898,-0.010795258,-0.0064258478,-0.019587263,-0.008117578,-0.16349287,-0.056404836,1.7939428e-05,0.115637444,0.17149359,0.10307739,0.09643616,0.06741155,0.0002605552,0.03541347,-0.07285924,0.1365889,-0.032154344,0.11108672,0.2179494,0.05948383,0.12204218,0.166446,0.16758041,0.18911532,0.11636923,0.06067561,0.042543307,-0.001124155,0.25161833,0.16988827,0.06426608,-0.058408294,-0.081845544,-0.015192069,-0.18880604,-0.09086685,0.026759211,0.10489847,0.14076622,0.19330981,0.19893539,0.14528972,0.22546475,0.18901351,0.13489667,0.17545916,-0.21350542,-0.14378595,-0.16353352,-0.13053717,-0.15268387,-0.16219872,-0.26598608,-0.14941728,-0.17678194,0.020939512,0.09324088,-0.11254544,-0.26940358,-0.39236206,0.38092715,0.0896313,0.23714715,-0.04786463,-0.29111356,1.0,0.05520507,0.20745338,-0.08793501,-0.13840531,-0.0664619,-0.10532136,0.0011743978,0.009212838,0.12048243,0.07907446,0.0020016346,0.2553632,0.16655073,-0.14330089,0.06378724,-0.14596291,-0.24721153,-0.0831539,-0.084145814,-0.0040836018,0.0750067,-0.20553008,-0.042191938,-0.06263048,-0.16960226,-0.07444243,-0.08656542,-0.060918253,-0.045883138,0.0057275766,-0.3003459,0.0057294834,-0.13499609,-0.11901434,-0.14599605,-0.033196986,-0.123376496,-0.012664533,-0.02384928,0.040557798,-0.041561704,0.01430886,-0.11032369,-0.040644187,-0.08010577,0.06295161,0.47053078,0.08905941,-0.0021208785,-0.010796697,-0.0012332682,0.22524995,-0.21393892,-0.1061088,-0.04044926,-0.079961315,-0.058304265,0.058947142,-0.01922942,-0.12849526,-0.11764203,-0.11675444,-0.166522,0.045492608,0.022785056,0.026361328,-0.057083346,-0.078043684,0.0066618184,-0.09305868,0.023204006,0.0019412952,0.1186028,0.0659383,-0.009536646,0.00833966,0.042021606,0.10766447,0.037011076,0.16475575,-0.019499866,0.090304755,0.101792574,0.06746309,0.05925808,0.20231214,0.10900078,0.0968009,0.01787931,0.07329701,0.13540064,0.22514634,0.22579968,0.062460378,0.04249242,-0.0041662804,0.15311068,-0.16714995,-0.1270239,-0.0580573,0.0037616962,-0.038023103,0.085934274,0.11514377,0.1788045,0.19688028,0.19916297,0.125798,0.016017575,0.049928878,-0.10285875,-0.04183379,-0.17690322,-0.0791581,-0.28249767,-0.09504965,-0.17122424,0.00787674,0.05936617,0.03383402
143,-0.014280196,0.07012948,0.032684375,0.011940884,0.01619282,0.017584564,0.08982834,0.08647965,0.08158436,-0.054499224,0.22232017,0.19757703,0.03354032,0.092015095,0.08829896,-0.035160556,-0.15526022,-0.03987617,-0.18268777,-0.11370803,-0.11658555,-0.04156233,0.07254026,0.08645005,0.155207,0.071129814,0.109840594,0.08785581,0.025301784,0.08994464,0.036881275,0.024126813,0.04301122,0.03923908,0.020786064,-0.051408563,-0.045699805,-0.062400524,-0.09014852,-0.051905822,-0.14838669,-0.08742443,-0.039105512,0.030562162,0.07304363,-0.0059529133,0.055485994,-0.021910725,-0.061037622,-0.053611938,-0.110341564,-0.14200138,0.04309562,-0.0021957702,-0.090123326,0.016498283,-0.069605656,-0.10124678,-0.06464723,-0.08161632,-0.123474404,-0.0626451,-0.09939452,-0.06537539,-0.0805543,-0.06424875,-0.035916377,0.004611397,0.043260727,0.048718445,0.06992645,0.040659223,0.056338735,0.052370477,0.07488604,0.020924387,0.085319884,-0.024634073,-0.06865223,-0.03141568,-0.10378441,-0.09593325,-0.11090811,-0.10662685,-0.029067252,-0.09437029,0.044814892,-0.02946551,-0.039648943,-0.068693995,-0.11802448,-0.045897845,-0.08564689,-0.09428613,-0.058834225,-0.09804877,-0.058373056,-0.041709006,-0.07496115,-0.041856296,-0.10325603,-0.09086843,-0.013643291,0.035151698,0.040593326,0.093931966,0.13761462,0.074730575,0.03699068,0.038139842,-0.05183964,-0.11222744,-0.11869287,-0.07253091,-0.05121408,-0.086360954,-0.03522987,-0.0026279665,0.07211198,0.06891098,0.07827513,0.08714379,0.090723954,0.10522755,0.15110797,0.12347975,0.1495893,0.07313772,0.07850895,0.038554423,0.03268131,0.060552422,0.0058411397,0.019492239,0.049515508,0.14016351,0.15284751,0.05520507,1.0,0.15083252,0.20162624,0.0983408,0.096079916,0.039549075,0.027385158,-0.050994754,-0.1368751,-0.07674492,-0.057730645,-0.19395274,-0.09941628,0.029389657,-0.049913544,0.10260455,0.12164225,0.078509636,0.07060526,0.041642,0.07025195,0.03850571,-0.02583542,0.17018183,0.039910913,0.045701616,-0.012842665,-0.030930487,-0.06257989,-0.112309195,-0.035871167,-0.11024204,0.0003084614,-0.022605922,0.108097516,0.03996673,0.051440302,0.014460749,0.017204527,-0.01087737,-0.019753074,-0.02051221,-0.053284235,-0.089416035,0.0026291609,0.015557232,-0.082157716,-0.07251392,-0.08670747,-0.08987871,-0.069935724,-0.11474659,-0.05595214,-0.10830016,-0.021289283,-0.07236984,-0.053663403,-0.039467417,-0.07738533,-0.060976043,0.012310744,0.017401654,-0.039571553,0.035873394,0.029160704,0.0070794476,0.045488734,0.033594966,0.12905364,-0.05705436,-0.027411541,-0.080813,-0.05191503,-0.08677318,-0.09885721,0.001012435,-0.07912633,-0.105999656,-0.058355734,0.03651016,-0.043976065,-0.029234592,-0.06799755,-0.031397164,-0.02651573,-0.06319872,-0.024979005,-0.0444229,-0.012480483,-0.09904473,-0.13087757,-0.10187152,-0.0871503,-0.03866012,0.006031599,0.01286448,-0.008177664,0.13116251,0.06115453,0.04363302,0.008631656,-0.016791854,0.013494481,-0.06793007,-0.11674351,-0.09445039,-0.091652066,-0.04160017,0.026004866,0.015579438,0.051622555,0.009604338,0.09339995,0.07891052,0.14595829,0.06725697,0.14107776,0.051848598,0.07729715,0.029123643
144,-0.1571748,0.06484843,0.31600043,0.22435658,0.15721954,0.09935455,0.470097,0.3429502,0.3880766,0.40809077,0.42475292,0.62084377,0.1607889,0.20697126,0.15918761,-0.073307894,-0.2563405,-0.21401563,-0.34719267,-0.15353501,-0.10367486,-0.08816558,0.16423868,0.2716996,0.41414812,0.15041068,0.24122514,0.2300677,0.25477022,0.33453843,0.2638204,0.10614042,0.30720913,0.24343386,0.23279195,0.06498578,-0.008516097,-0.11814458,0.035208747,0.12410562,-0.20975456,0.07787751,0.1197932,0.14914909,0.18227561,-0.08928924,0.16413426,-0.07055702,-0.19663076,-0.25845295,-0.11829414,-0.20431909,0.12937549,0.16385803,-0.015264875,-0.06791242,0.020248001,-0.06419814,0.05626619,-0.1334935,0.035129182,0.18910737,-0.07380884,-0.04629545,-0.15960997,-0.00604121,-0.14313325,-0.14473061,-0.019241754,0.11020476,0.17722817,0.03161753,0.21008883,0.15914428,0.2014208,0.07866274,0.13924882,-0.038624976,-0.1746026,-0.10075763,-0.16838522,-0.08434393,-0.15288433,-0.13305625,-0.15409806,-0.30602556,-0.12942746,-0.2658118,-0.2855949,-0.32614726,-0.3052302,-0.2892436,-0.16632432,-0.18228987,-0.10582793,-0.113880284,0.0017077165,0.017467748,-0.053178042,-0.0282193,-0.17842314,-0.06613344,0.017872615,0.05491291,0.067182295,0.022547849,0.118915506,0.07771052,-0.045663774,-0.0366831,-0.1716786,-0.22813195,-0.23639153,-0.22598726,-0.093860015,-0.0037689595,-0.05484185,-0.0938123,-0.13124165,-0.14909352,-0.024562137,-0.005390736,0.049575392,0.05998609,0.18127203,0.16157198,0.31005567,0.19224402,0.024483977,-0.057734296,-0.13277249,0.06891124,0.17431568,0.121662736,0.25148052,0.45905375,0.28063524,0.20745338,0.15083252,1.0,0.66062117,0.28990087,0.22289345,0.121331684,0.03071585,-0.27277267,-0.17848107,-0.20964606,-0.17298864,-0.17988563,-0.12174823,0.0042345375,-0.12104507,0.23452401,0.34917077,0.23578542,0.14607339,0.18817192,0.15287392,0.17496781,-0.005232362,0.1362061,0.1950757,0.20187514,0.055393208,0.19379975,-0.12873434,-0.07483362,0.107901685,-0.12126356,0.03658741,0.08095396,0.29814738,0.09130281,0.077768765,-0.0056100725,0.11335519,-0.024688639,-0.100552775,-0.010961439,0.07959389,-0.1257585,0.08689223,-0.055245787,0.018441627,0.0433229,-0.01918401,-0.027280618,-0.07874101,0.01586705,-0.04904762,-0.26680762,-0.046441887,-0.037483137,-0.08341407,-0.23994145,-0.1349881,-0.1409667,-0.064460084,-0.17374954,-0.042464953,0.012724083,0.11215916,0.029696299,0.13149182,0.1840921,0.24699515,-0.042610593,-0.17697391,-0.110821135,-0.14289406,-0.090423286,-0.07987811,-0.020663613,-0.2872814,-0.114205346,-0.24464469,-0.09093546,-0.42111903,-0.027149836,-0.24697696,-0.08848416,-0.09322376,-0.069696,0.048855513,0.015221084,-0.00075978495,-0.08354813,-0.1091996,-0.11603193,-0.18399866,-0.055980865,0.0720788,0.027509365,0.0962975,0.10082418,0.06959939,0.030530509,-0.0009623589,-0.021033436,-0.05252995,-0.114406094,-0.2239406,-0.21868074,-0.17856921,-0.070647426,-0.14599088,-0.25920784,-0.20045783,-0.116464764,0.11611775,0.09171785,0.13734354,0.040467735,0.24657601,0.15842122,0.13428394,0.008643608
145,-0.029866606,0.20038223,0.1628759,0.030409453,0.1042646,0.021623442,0.3903173,0.27471867,0.31695488,0.34162214,0.5329459,0.84528315,0.12614235,0.36800942,0.29709205,0.039574966,-0.38192412,-0.12833294,-0.39883974,-0.21884857,-0.25053942,-0.09650694,0.27579832,0.47219577,0.6767944,0.2101336,0.2621947,0.22307841,0.24009831,0.28350353,0.21740477,0.06561754,0.2544287,0.19684882,0.18393484,-0.090051904,-0.15324725,-0.22398676,-0.15166076,-0.015714094,-0.31489897,-0.08381266,0.13169537,0.2375898,0.40033048,0.02061316,0.24195267,-0.034538347,-0.2112386,-0.2281138,-0.16999248,-0.22782962,0.20351213,0.100933254,-0.17717192,-0.13941988,-0.15103671,-0.22752507,-0.08816392,-0.2708915,-0.13691942,0.12318413,-0.15410748,-0.0743047,-0.16443829,0.022996515,-0.14462587,-0.04288596,-0.058084443,0.15167335,0.28354105,0.0874956,0.32680446,0.21910906,0.2210102,0.08662054,0.21797815,-0.011643241,-0.24458735,-0.17520359,-0.29413006,-0.21796003,-0.26216397,-0.23284863,-0.15999068,-0.3095346,-0.01676281,-0.20580702,-0.19967012,-0.2714001,-0.39376026,-0.22827525,-0.24609908,-0.28583238,-0.20863442,-0.26868796,-0.12637892,-0.07581407,-0.13279033,-0.041430417,-0.33222562,-0.2118839,-0.043667533,0.08653607,0.10995124,0.10162105,0.28128645,0.17481586,0.024528801,0.013707844,-0.1643894,-0.24571265,-0.25838184,-0.26844642,-0.1483218,-0.048627775,-0.0281242,-0.058429375,0.08930475,0.06996473,0.14952867,0.16265757,0.2155042,0.24574374,0.35035405,0.30390146,0.3980021,0.15492742,-0.03990436,-0.008021716,0.037410863,0.2774489,-0.055960238,0.056288123,0.13095611,0.37215716,0.35223764,-0.08793501,0.20162624,0.66062117,1.0,0.5372277,0.37780645,0.18922704,0.06892921,-0.16584429,-0.30314445,-0.17915916,-0.16443565,-0.30615175,-0.22547099,0.055736344,-0.11786517,0.39359662,0.58102345,0.39294472,0.24780527,0.1967703,0.12623237,0.22085965,0.049196072,0.16251999,0.16730866,0.16776636,-0.0116497995,0.10264203,-0.22193742,-0.2342199,0.12488477,-0.20931298,0.034092784,0.09771201,0.42114368,0.108000055,0.1581742,0.05211598,0.16630346,0.00093392434,-0.0899083,0.0143560665,0.083808,-0.12651494,0.1462101,-0.020258931,-0.23364456,-0.107677184,-0.1891521,-0.17408188,-0.21354029,-0.12358444,-0.025257908,-0.27794668,-0.05590655,-0.043362178,-0.106263995,-0.2461704,-0.12145274,-0.109610826,-0.031188896,-0.15019979,-0.005824966,0.049150236,0.1443187,0.06760398,0.15297653,0.24159293,0.21810287,-0.06046138,-0.24198388,-0.19027986,-0.26201835,-0.14984576,-0.098560154,-0.00078331184,-0.292693,-0.23738861,-0.17467678,-0.043492947,-0.41453737,-0.029600013,-0.23048948,-0.11206332,-0.084013686,-0.22891527,-0.068874076,-0.09836277,-0.045343462,-0.1726386,-0.27238962,-0.26594114,-0.30256042,-0.15113468,-0.007500306,0.037769176,0.019599866,0.2564007,0.20541233,0.13011755,0.06656545,-0.034113612,-0.014023045,-0.116307124,-0.22566837,-0.27623662,-0.24030092,-0.044955824,-0.015770305,-0.11884652,0.007716921,-0.013001348,0.24132653,0.20869222,0.33026817,0.1665262,0.3610931,0.12954761,0.05406967,-0.028201973
146,0.12697734,0.16716747,-0.1795394,-0.22939616,-0.07954575,-0.00046633437,0.13160858,0.026722189,0.13368122,0.103328325,0.2858864,0.43663386,0.3420492,0.60064024,0.42472434,0.14195132,-0.35416695,-0.037638124,-0.21758927,-0.05757908,-0.114370756,0.042095512,0.39385852,0.64318836,0.53707594,0.09870939,0.10126576,0.013531448,0.032360647,-0.0046966914,-0.0039984505,-0.03706399,0.016012156,-0.01501324,-0.017250225,-0.18011689,-0.15104522,-0.1551892,-0.27541512,-0.16341949,-0.27642822,-0.06711436,0.08996598,0.20551556,0.5163712,0.2028955,0.16138455,-0.049894847,-0.16809046,-0.04856469,-0.13043481,-0.13586122,0.119791046,-0.05739184,-0.17537776,-0.06507547,-0.2106674,-0.24837588,-0.19272396,-0.26989317,-0.1814435,0.0018907342,-0.1742135,-0.07327939,-0.1606359,0.028288914,-0.12411675,0.047072783,-0.1124336,0.17085767,0.45279214,0.16009101,0.56430495,0.31722483,0.24897772,0.121642634,0.28436717,0.07349065,-0.2177882,-0.17365187,-0.2677999,-0.25793687,-0.26126024,-0.18351595,-0.107936785,-0.13980475,0.11375449,0.0059256484,0.016903834,-0.036638804,-0.23586775,-0.024165608,-0.1292572,-0.26274654,-0.18995216,-0.2730503,-0.19275469,-0.10352328,-0.13695474,-0.039675385,-0.3677735,-0.3088008,-0.1755778,0.024222452,0.023670543,0.12577435,0.2814084,0.19685525,0.12133439,0.04835611,-0.061501626,-0.11632675,-0.14893353,-0.14592041,-0.092958614,-0.06486182,-0.0011912057,0.0136647215,0.21242613,0.2235611,0.24873525,0.2383643,0.27710122,0.2904361,0.28691658,0.25269687,0.2329182,0.025333514,-0.0928011,-0.011629517,0.15586294,0.2633644,-0.2316893,-0.064206764,0.025296075,0.1331036,0.19520263,-0.13840531,0.0983408,0.28990087,0.5372277,1.0,0.59335357,0.23425263,0.053492215,0.08278299,-0.31729952,-0.10562089,-0.12796238,-0.24469867,-0.097807676,0.009865517,0.0006315163,0.42998338,0.5842763,0.41370633,0.056545038,0.07707686,0.007131524,0.053909723,0.018222632,0.020169249,-0.0149069335,0.007987403,-0.13002217,-0.052814785,-0.15520696,-0.23991907,-0.014893223,-0.24992067,0.025706746,0.080499955,0.3680953,0.048247084,0.15249479,0.10362806,0.08151896,-0.034499813,-0.09493811,-0.031168243,0.044298217,-0.028638016,0.10050588,0.031552963,-0.24411814,-0.13132708,-0.22018167,-0.22558977,-0.24872987,-0.18671039,-0.03898485,-0.20109387,-0.056889594,-0.049260247,-0.117031686,-0.14609255,-0.075168386,-0.058491778,0.03467458,-0.08681204,0.04679871,0.1000884,0.24858649,0.1304125,0.15878908,0.2822827,0.1341121,-0.01905295,-0.19546445,-0.1862627,-0.29495195,-0.14391892,-0.07943594,0.017572595,-0.1457502,-0.22464666,0.043842353,0.054599494,-0.19626261,-0.046006676,-0.094015665,-0.110011436,-0.026769157,-0.26565439,-0.11938826,-0.18219654,-0.055688433,-0.17922068,-0.25922102,-0.3132526,-0.30019352,-0.20902354,-0.15018211,-0.031549573,-0.0071866713,0.25430024,0.25942865,0.1266739,0.19429025,-0.04503957,0.046282515,-0.04900831,-0.09415103,-0.17210339,-0.145325,-0.026019363,0.12754041,0.09029086,0.1886255,0.12628266,0.24157679,0.20069458,0.31147695,0.18261407,0.26224834,0.0072293454,-0.10306161,-0.09432022
147,0.15477136,0.11326796,-0.06633993,-0.091589525,-0.01591679,0.062048465,0.21877274,0.049753398,0.12609628,0.12112866,0.29058135,0.29994553,0.2675342,0.9088678,0.7393189,0.3465287,-0.40197372,-0.079452,-0.2356804,-0.13358581,0.009701175,0.22380053,0.66700715,0.6756405,0.3838672,0.058095805,0.06740928,0.015322193,0.0675557,0.0294686,0.04893297,-0.011025191,0.08519474,0.05043941,0.07628839,-0.06511671,-0.064437635,-0.011637139,-0.13336767,-0.047047522,-0.15048756,0.06476571,0.20783739,0.30102593,0.4130603,0.0036193405,0.18163197,-0.10366707,-0.20323402,-0.04500432,-0.1633928,-0.15534389,0.078537434,0.034987293,-0.04518436,0.04525131,-0.11071776,-0.15164083,-0.15247995,-0.22012778,-0.13909309,0.06978332,-0.13776062,-0.067983985,-0.16592209,0.047176935,-0.15168571,-0.014793625,-0.12102654,0.35871875,0.66960895,0.3775436,0.60222054,0.37631196,0.24563481,0.09017245,0.20125858,0.047654238,-0.22288151,-0.17619589,-0.2897719,-0.18519321,-0.27177647,-0.13467602,-0.12665057,-0.1654509,0.035866328,-0.08751884,-0.050948136,-0.10500657,-0.29542857,-0.12288889,-0.056666035,-0.33460203,-0.24378909,-0.29980114,-0.1864691,-0.040399827,-0.11034674,-0.05546568,-0.39236993,-0.3677687,-0.18764819,-0.05271679,0.034777213,0.0613778,0.23188159,0.14217058,-0.043523118,-0.03612583,-0.21023288,-0.2436657,-0.29589427,-0.20950948,-0.162821,-0.18186533,-0.15786128,-0.124999955,0.11855383,0.13584115,0.13115403,0.14326866,0.24594703,0.22078425,0.23303731,0.24277416,0.22445856,0.0035253023,-0.11785797,-0.0037023255,0.14458157,0.15516876,-0.101607956,-0.08431319,0.066667505,0.2053139,0.21342506,-0.0664619,0.096079916,0.22289345,0.37780645,0.59335357,1.0,0.36844867,0.18374519,0.19985835,-0.35854533,-0.16008817,-0.10982392,-0.31775478,0.009801136,0.044719648,0.07550707,0.5916059,0.4973221,0.28111818,0.06048746,0.07489268,-0.011963477,0.08040182,-0.0011746933,0.12664828,0.03311494,0.029583959,-0.052605867,0.033920415,-0.00892371,-0.08733989,0.031812474,-0.1006567,0.057902705,0.15678847,0.47084823,0.0477267,0.118351296,0.09122825,0.06644313,-0.10332552,-0.108655386,0.028861307,0.04927389,-0.047205076,0.17258684,0.00951491,-0.09552047,-0.012384665,-0.10744278,-0.17059496,-0.20271853,-0.15748362,-0.0012743303,-0.21804248,-0.027138242,-0.036313772,-0.08041028,-0.16612306,-0.10552409,-0.049343623,-0.011847896,-0.06211194,0.14168079,0.2552923,0.35844392,0.15078433,0.18764874,0.17746101,0.13110842,-0.040726792,-0.21386884,-0.1642779,-0.2673928,-0.1848979,-0.07892911,0.0072506024,-0.1708518,-0.22466922,-0.025259413,-0.02982341,-0.24150975,-0.14777637,-0.18349992,-0.1652109,-0.06061891,-0.30494517,-0.12021598,-0.1942469,-0.063983805,-0.17459147,-0.2828182,-0.3533262,-0.3517858,-0.20485806,-0.18999206,-0.11349703,-0.004903281,0.20211671,0.19717658,0.0921403,0.119746044,-0.081124865,-0.00884006,-0.12877089,-0.24038649,-0.27163678,-0.24226217,-0.15934633,-0.021220349,-0.015731076,0.09108655,0.023907311,0.13866864,0.1197775,0.2544952,0.18589747,0.25304875,-0.031280573,-0.09557515,-0.1096616
148,0.08777245,0.12464501,0.029756013,-0.013367915,0.03818306,0.0046294723,0.17815529,0.082808845,0.12915243,0.105985515,0.18719333,0.16380882,0.13698299,0.34099466,0.26249722,0.11592977,-0.17789522,-0.13599366,-0.19112037,-0.15298508,-0.035402928,0.0066882796,0.25563434,0.28125212,0.1610184,0.06752663,0.04071863,0.017996632,0.090048224,0.06939096,0.08341294,0.012283829,0.13473079,0.10397267,0.119885266,0.049531166,0.017024247,0.025742661,0.025082301,0.057858784,-0.10963483,0.06401998,0.1110285,0.16455157,0.16128194,-0.04835745,0.047131047,-0.10946528,-0.11904316,-0.021159414,-0.067256875,-0.07329448,0.07082542,0.120609336,0.034344923,0.038205337,0.026581043,0.0038268617,-0.0006337115,-0.06999576,-0.017266849,0.12810719,-0.05124765,-0.04363294,-0.09975765,0.025160143,-0.067723654,-0.018573832,-0.0609821,0.11470164,0.23811652,0.102631494,0.25164843,0.14606437,0.07602704,0.037651006,0.060898054,0.0081632435,-0.09384084,-0.041796822,-0.15860459,-0.073126875,-0.103184424,-0.062282268,-0.06456683,-0.12724867,-0.021648211,-0.12576795,-0.091686584,-0.13518047,-0.21715294,-0.14554778,-0.077664815,-0.19858217,-0.13703847,-0.12690464,-0.04020848,0.034265816,-0.0395224,-0.012532528,-0.20309523,-0.15380976,-0.04578085,0.019325824,0.07536349,0.04183935,0.12935455,0.0924817,-0.054178577,-0.007669723,-0.1463811,-0.17688201,-0.19465695,-0.16455215,-0.12826736,-0.15735993,-0.15654066,-0.14205116,-0.0052034063,0.008232692,0.010447116,0.031058395,0.09266678,0.072785854,0.11993446,0.11971735,0.13805911,0.027573846,-0.07753117,-0.0077515575,0.088914864,0.073676266,-0.033041757,-0.0148271,0.041272115,0.14418012,0.1597388,-0.10532136,0.039549075,0.121331684,0.18922704,0.23425263,0.36844867,1.0,0.058812354,-0.010656755,-0.16194905,-0.1623609,-0.08543854,-0.1876092,-0.04363292,-0.00059045176,-0.025712576,0.24576603,0.21075088,0.089195594,0.07503601,0.008466569,0.0049203676,0.11478893,-0.035332862,0.11038057,0.07150805,0.060922924,0.004274683,0.097365186,0.025166404,0.032307815,0.08355883,-0.04629847,0.03641765,0.07164214,0.24858932,0.049812905,0.075241305,0.055313498,-0.021987528,-0.11417796,-0.061377816,0.004126631,0.0692559,-0.051672213,0.08321674,-0.066301085,-0.047629002,0.016848879,0.028628726,-0.016631939,-0.04347202,-0.045572903,0.072693,-0.0962347,0.0010607436,-0.0028344984,-0.05811572,-0.13114749,-0.04369864,0.0015984871,-0.0070517818,-0.06749507,0.046890438,0.06985851,0.1200302,0.07708417,0.10264428,0.0656986,0.019361299,0.025401777,-0.09125111,-0.06646708,-0.13292827,-0.09151589,0.011510438,-0.0038133827,-0.12618077,-0.05459972,-0.07852901,-0.06478138,-0.16619086,-0.078556865,-0.1860073,-0.09965961,-0.044484764,-0.12569462,0.0075929617,-0.087744996,-0.016886458,-0.09062579,-0.122532755,-0.1694903,-0.1837487,-0.10437043,-0.022155171,-0.007423324,0.01886556,0.11716261,0.055744205,0.046891797,0.04618391,-0.0466975,-0.0362501,-0.10064604,-0.16502932,-0.18298666,-0.16286623,-0.15794818,-0.09466936,-0.11443451,-0.035821144,-0.05693981,0.042458788,0.01901634,0.12622918,0.0750656,0.13165915,0.052236304,-0.014038353,-0.04412681
149,0.13323165,0.085979946,-0.0009836184,-0.014883255,0.08351092,0.060529444,0.003494936,0.09794028,-0.017016253,0.046345808,0.10237399,0.063869454,-0.003662161,0.21690749,0.2888113,0.2803165,0.04207161,0.14746736,-0.024463708,-0.021165602,0.0003216633,0.22694276,0.19866753,0.12083445,0.073336564,0.025458695,0.005211974,0.016270043,0.011245557,0.012122138,0.0076193567,-0.0052351966,0.027244603,0.01129088,0.00994316,-0.06903092,-0.064160995,-0.0702584,-0.14374018,-0.08505496,-0.12079442,0.023991698,0.03060353,0.05978957,0.06277544,-0.07683266,0.069204696,-0.04524748,-0.1096647,-0.06704776,-0.034090955,-0.047064725,0.006006602,0.02319148,-0.045541868,0.06188976,-0.06883189,-0.060115557,0.001076469,-0.031245433,0.05894292,0.0852053,0.02634165,0.017309535,-0.0030494865,0.08229871,0.021557692,0.07459677,0.06275946,0.07296584,0.1829718,0.33340013,0.08075124,0.094363235,0.10889197,0.05005578,0.09537806,-0.0026355896,-0.040341172,-0.104969025,-0.05201864,-0.006063886,-0.02586855,0.009333224,-0.007777633,-0.05275222,-0.004609739,-0.014681598,-0.033907406,-0.020741886,-0.07788265,-0.07568243,-0.07696219,-0.14625393,-0.1465277,-0.10508941,-0.020662619,0.0058812,0.06218585,0.048951525,-0.070082545,-0.10771304,-0.08878043,-0.112537086,-0.028999388,0.012399309,-0.011376479,-0.026682658,-0.169296,-0.13150743,-0.18236609,-0.18940617,-0.16615671,-0.113491,-0.13526367,-0.09981226,-0.14943926,-0.13377957,-0.017127091,-0.03325007,-0.006793014,0.0076576904,0.011218111,0.022947688,0.008864857,0.024101825,0.042868443,-0.03441538,-0.07316384,-0.048769142,0.03997992,0.15545857,0.0038085284,0.030710228,0.06756784,0.05954392,0.020837612,0.0011743978,0.027385158,0.03071585,0.06892921,0.053492215,0.18374519,0.058812354,1.0,0.04205722,0.044642497,0.14948745,0.05536858,-0.10933934,0.010612405,0.024201725,0.014753099,0.13291335,0.09178575,0.06258443,0.04595079,0.034104627,-0.0047093797,0.022885341,-0.03315143,0.09608973,0.0108279465,0.022750657,-0.005384361,-0.08576467,-0.05799567,-0.13006967,-0.04787221,-0.136308,0.014193331,0.023099227,0.093182445,0.02839185,-0.028524471,0.013501085,0.024782974,-0.021398094,-0.044332042,-0.026864965,0.008797646,-0.0042746905,0.034377486,0.059383698,0.05789462,0.04650482,-0.074619286,-0.0025200846,-0.06381049,0.05829896,-0.011870306,-0.015441079,0.01571614,-0.002682861,0.04284666,-0.06207191,0.02298295,-0.06113672,0.056954037,0.055303823,0.044727977,0.25521207,0.09561946,0.04772421,0.052032713,0.097504295,0.11210825,-0.016927613,-0.053872034,-0.021598501,-0.01823662,-0.01707782,0.017759666,-0.0111031495,-0.06377093,-0.0873234,-0.0067545776,0.01330265,-0.11478274,-0.08644564,-0.08914018,-0.11848624,-0.017537382,-0.17698842,-0.08756688,-0.035137244,-0.027093489,0.06029858,-0.010967836,-0.028671348,-0.08413375,-0.09489171,-0.07740161,-0.124690056,0.034911737,-0.0019774155,0.0012238312,0.021988764,0.020108536,-0.075931534,-0.03545618,-0.110075094,-0.19170223,-0.13199684,-0.1453531,-0.14746648,-0.1241238,-0.06741711,-0.045162592,-0.03605809,-0.016018242,-0.0012158427,0.022589711,-0.00096175453,0.033876006,0.002087102,-0.010231019,-0.062179886
150,0.21921302,-0.08042182,-0.3746221,-0.30015147,-0.10747598,0.008286947,-0.34868678,-0.30462027,-0.20787002,-0.24855761,-0.17164873,-0.16904502,-0.06292509,0.23832826,0.2828004,0.40584692,-0.084272586,0.13771845,0.29912487,0.10493684,0.13867268,0.39984038,0.2177986,0.06128075,-0.06865339,-0.11307963,-0.14165454,-0.15728569,-0.19525495,-0.23989658,-0.22954299,-0.11025415,-0.25992864,-0.23054849,-0.22562829,-0.17833187,-0.06940662,-0.035288207,-0.23251311,-0.22619356,0.08449214,-0.07509442,-0.04667623,-0.09872938,0.018009884,0.060225677,-0.07025844,-0.05186996,2.6482498e-05,0.07397275,-0.034917198,0.11697555,-0.14214458,-0.22479258,-0.06723053,0.108884,-0.13387848,-0.059646394,-0.14408506,0.0039919335,-0.06797125,-0.13039958,0.035573557,-0.053573627,-0.022528356,-0.062840424,0.018831998,-0.1011435,-0.06377954,0.09334728,0.14711384,0.1322289,0.05679318,-0.012688073,-0.07002477,-0.045341074,-0.068727046,0.04281609,0.0034736327,0.018525628,-0.0112864245,-0.012013719,-0.017167652,0.06166319,0.049619205,0.16653709,0.10912174,0.23319672,0.2291878,0.32216603,0.18399735,0.22875609,-0.0075389855,0.076634504,-0.005507081,-0.0075960574,-0.054918606,-0.009718723,0.02751128,0.04461976,-0.03888317,-0.0968987,-0.12763292,-0.047551695,-0.037636995,0.03876482,0.058268398,0.04299524,0.04420503,0.037125845,0.11925687,0.07510904,0.082043916,0.121537276,-0.055873048,-0.09986235,0.019042263,0.07133539,0.24440518,0.3028217,0.0904246,0.078118265,0.09990217,0.041999757,-0.06411153,-0.06422028,-0.14105722,-0.15670595,-0.09308829,0.03237794,0.14912298,-0.0042658933,-0.21054995,-0.15562692,-0.164041,-0.32986856,-0.18594216,0.009212838,-0.050994754,-0.27277267,-0.16584429,0.08278299,0.19985835,-0.010656755,0.04205722,1.0,-0.065272965,0.07497721,0.17573279,0.07174652,0.14653525,0.051663976,0.21261618,0.07000941,-0.040604975,-0.0015267481,-0.12473259,-0.14456715,-0.098909155,-0.24209835,0.059378333,-0.13334937,-0.17266242,-0.16946432,-0.0756866,-0.16747853,-0.03144146,-0.116382144,-0.11405778,0.0070651397,0.004178681,-0.027679529,-0.11835569,-0.07669403,-0.048798043,0.037764095,-0.08901052,-0.032250553,-0.021560095,-0.010097847,-0.052900404,0.05883449,-0.042072084,0.13067648,-0.0116112735,0.004743178,-0.09382714,-0.0681227,-0.04521482,0.02276279,0.019823944,0.05944162,0.024205552,0.028484294,0.013337877,0.050977755,-0.03833961,0.08545615,-0.05562103,-0.044792227,0.16879508,0.106986426,0.089626506,0.006553905,-0.062336825,-0.09188874,-0.16695845,-0.0006052124,0.0044675535,-0.01393968,-0.02162728,-0.010977561,-0.0047748964,-0.0033030761,0.13445902,0.022937939,0.20160529,0.051129114,0.30708706,-0.136693,0.19020885,0.020618655,0.031395584,0.025494143,-0.074247256,-0.05744787,0.009085943,0.01102846,-0.054481488,-0.039652,-0.055920795,-0.0467462,-0.112474,-0.089769006,-0.10998167,0.064785615,0.08548494,0.0644303,0.072014295,-0.050050016,0.11045976,0.039349835,0.09271958,0.05439103,-0.0059622824,0.05366872,0.18857528,0.27756,0.3176436,0.120448545,-0.015874308,-0.021056896,-0.020616211,0.000524217,-0.09965298,-0.11648033,-0.13225153,-0.06723504
151,-0.05354706,-0.11770043,-0.00783666,0.041919623,0.03156774,-0.06440271,-0.19506688,-0.0057568853,-0.11657258,-0.10372131,-0.2492232,-0.2583308,-0.12290896,-0.4185091,-0.39393264,0.15638745,0.80823106,0.124173455,0.31504855,0.19264787,0.18425663,0.12289917,-0.26227966,-0.290667,-0.28664783,-0.07610377,-0.15886006,-0.13754801,-0.14597484,-0.15270236,-0.11269603,-0.04017819,-0.0717906,-0.05773324,-0.081315584,0.10981745,0.106263556,0.1214076,0.14777131,0.035756487,0.12533572,0.1723128,-0.05129542,-0.06563651,-0.2506064,-0.029297503,-0.1684548,-0.036282357,0.068238564,0.13608457,0.2771652,0.3402303,-0.10480029,0.04877441,0.20121974,0.14066237,0.21368915,0.29443684,0.28126046,0.37995133,0.3810586,0.19320756,0.3039455,0.09842855,0.19243665,0.07008422,0.14027335,0.14182088,-0.03855411,-0.2757832,-0.3989195,-0.04648408,-0.35446474,-0.34085628,-0.28540897,-0.09638399,-0.19637845,-0.09664651,0.17029451,0.07562012,0.21812661,0.17080937,0.25334775,0.16628946,-0.0068041766,0.036202613,-0.20788243,-0.07288557,-0.1134134,-0.031249495,0.18012704,-0.055837583,-0.0023762893,0.12457426,0.029459236,0.1408845,0.14495476,0.047053922,0.17865711,0.1192293,0.31760535,0.2709766,0.14797883,-0.063951194,-0.02222173,-0.087105155,-0.32025176,-0.21090129,-0.20848526,-0.08553842,-0.022979405,0.12629384,0.19457854,0.2223213,0.10867005,0.080082335,-0.06327699,-0.11746515,-0.29612827,-0.31412342,-0.3247888,-0.3106007,-0.3294115,-0.36517507,-0.3703496,-0.32235417,-0.29428905,-0.11576327,-0.020602677,-0.13821048,-0.093011245,-0.09217624,0.075007394,0.07435473,-0.06702154,-0.16978376,-0.17617674,0.12048243,-0.1368751,-0.17848107,-0.30314445,-0.31729952,-0.35854533,-0.16194905,0.044642497,-0.065272965,1.0,0.2904601,0.16619937,0.31645924,0.17547783,-0.062009886,0.05801063,-0.21685526,-0.3212589,-0.20892704,-0.08602161,-0.07792455,-0.09155191,-0.09756627,-0.09324381,-0.046550583,-0.097659774,-0.034028634,0.109781414,-0.09265152,0.123370804,0.14394173,-0.096503764,0.0034735575,-0.039813656,-0.04777978,-0.23740387,-0.04206819,-0.061946593,-0.04208078,-0.17606498,-0.0141200125,0.033371083,-0.20993169,0.11662554,0.19619708,0.032408852,0.040075622,0.27133712,0.2588307,0.23068133,0.33716568,0.28017816,0.2756219,0.15653583,0.30486393,-0.0077109872,0.08502606,0.16291983,0.15186931,0.1280825,0.07168652,0.052858505,0.08880824,-0.009072204,0.008266104,-0.16999343,-0.17274748,-0.28141853,-0.120950654,-0.049601566,0.035479113,0.18882845,0.08782578,0.22725865,0.14299792,0.042473845,-0.10758128,0.042280845,0.16764545,-0.0698488,-0.13080814,0.09693315,0.028968286,-0.038754422,0.03737835,-0.045535218,0.11534736,-0.017301224,0.17752248,-0.008406191,0.25453043,0.34388584,0.33746916,0.29649308,0.10843313,0.12154562,0.0053932243,0.03698511,-0.29480094,-0.2863253,-0.19259603,-0.18828869,-0.040965322,0.0074616694,0.05249469,0.090181924,0.25965726,0.187269,-0.05532008,-0.21879515,-0.17802551,-0.275095,-0.16539152,-0.28662702,-0.26903448,-0.38344392,-0.23637654,-0.32444572,-0.043405335,0.046656422,-0.042764712
152,0.14121132,0.012047441,-0.18600422,-0.09748572,0.023999512,-0.07753955,-0.40223187,0.0414315,-0.2321326,-0.1696666,-0.11253978,-0.11737203,-0.23199019,-0.12715283,-0.0391951,0.15683104,0.3315881,0.95265746,0.4483417,0.36238992,-0.03543757,0.14682302,-0.09349429,-0.15245259,-0.062404048,-0.18494579,-0.04325069,-0.013361901,-0.22148421,-0.17716259,-0.26540416,-0.12794901,-0.3906777,-0.3829455,-0.3457538,-0.41395476,-0.3709783,-0.27135587,-0.32880443,-0.36171508,0.047297634,-0.26719925,-0.26247686,-0.16508494,-0.06278423,0.11218639,-0.18563274,0.11611581,0.10617235,-0.017317586,0.015224019,-0.031243714,0.010606339,-0.34884256,-0.3819546,-0.22169687,-0.4111671,-0.3352966,-0.2567839,-0.15130197,-0.030942768,-0.32380307,-0.057132605,0.00023759625,-0.016747251,-0.04894691,0.061515506,0.18363126,0.068900906,0.0035857344,-0.084983364,0.06308543,-0.20703205,-0.108030796,-0.14582172,-0.091988936,0.015140037,0.1211195,0.020384295,-0.002178463,0.14078872,-0.06645499,0.033634093,-0.058754902,0.07243663,0.091368325,0.1263046,0.35873884,0.1985991,0.32764968,0.29098055,0.28626525,0.1326809,0.084003516,0.037072346,-0.0075468477,-0.1787403,-0.19060004,-0.105703324,-0.058420595,0.16303757,0.022553746,-0.08770909,-0.09686648,-0.14067346,0.05905826,-0.080176376,-0.03293159,0.057179704,0.003113288,0.20294257,0.2312844,0.2641941,0.12690216,0.14388622,0.21417761,0.2634013,0.26881045,0.24690183,0.21451576,0.21565424,0.17275651,0.035439998,0.12804273,-0.0789673,-0.022084339,-0.18850842,-0.043101,0.0425028,-0.066499226,0.03902906,-0.009989223,-0.0044701803,0.07262701,-0.09474572,-0.29796606,-0.2541996,0.07907446,-0.07674492,-0.20964606,-0.17915916,-0.10562089,-0.16008817,-0.1623609,0.14948745,0.07497721,0.2904601,1.0,0.15673716,0.27961862,-0.10583082,-0.0503661,0.057062242,-0.18873349,-0.1759452,-0.025069306,-0.044230014,-0.035664715,0.031809464,-0.12864251,0.09810017,-0.13398568,-0.24537675,-0.17093761,-0.21474181,-0.34416565,-0.235235,-0.30471864,-0.2651165,0.018311515,-0.20092727,-0.1598353,-0.19581942,-0.053093713,-0.08400926,-0.03086752,0.087862454,0.15884526,0.015736336,0.082964346,-0.21851024,0.064613745,-0.15811603,0.024755413,-0.105551265,-0.30943125,-0.39015716,-0.2620592,-0.24323943,0.057820357,-0.33618197,-0.0034161222,-0.12628208,-0.02072901,-0.058145948,0.16556098,0.090325974,0.034200307,0.097180076,0.12841323,0.13457473,0.04371295,-0.09577175,-0.036501817,-0.16701397,-0.007880208,-0.08044048,-0.020092629,0.053560853,-0.020858236,0.0033584854,0.04164148,-0.019109046,0.10099622,0.08924953,-0.05084164,0.2721973,0.31781942,0.078053646,0.20689012,0.27190584,0.06877723,0.103418514,-0.09026033,-0.14546639,-0.10076756,-0.10354574,-0.057396688,-0.0039901603,0.046130568,0.18502347,-0.016992927,-0.13576175,-0.06543808,0.024663389,-0.049243964,-0.047310226,-0.019441755,0.046613622,0.022308603,0.06161966,0.059846144,0.24900453,0.18622571,0.13972677,0.26292816,0.22390202,0.29271343,0.25620523,0.2660113,0.06496162,0.1576574,-0.05772486,0.07740914,-0.112780094,-0.07202352,-0.08015009,-0.045391418
153,0.14882897,0.026689006,-0.111992806,-0.099576734,0.13522059,0.010211314,-0.26179072,-0.0661869,-0.14216018,-0.19286083,-0.14741845,-0.12813273,-0.10227342,-0.103652574,-0.060025103,0.12751226,0.18868844,0.123515055,0.44075564,-0.011038743,0.032119665,0.19211406,-0.058476698,-0.14015728,-0.13473533,-0.06487742,-0.10512963,-0.074438505,-0.10983642,-0.15641345,-0.20055903,-0.06806781,-0.19092262,-0.16935991,-0.18049163,-0.13671313,-0.08902116,-0.078394145,-0.16286175,-0.14473836,0.08675527,-0.08194853,-0.08661607,-0.10491011,-0.13951355,-0.02526103,-0.06975125,-0.023720201,0.06443393,0.024254268,0.001983642,0.098615974,-0.1133776,-0.104136355,-0.11765324,0.009068466,-0.08019854,-0.039720155,-0.10309895,0.005411867,-0.028491344,-0.040761348,0.059263345,0.024375325,0.10755077,0.039145857,0.13843809,0.100706846,0.04836423,-0.06104364,-0.12144713,0.05215698,-0.17677104,-0.104847625,-0.1591536,-0.09104073,-0.1271985,0.019993898,0.10592206,0.07011806,0.054600656,0.039156783,0.08011705,0.079923235,0.06090781,0.17454888,0.11860599,0.18611531,0.21756256,0.21549577,0.13876654,0.19429111,-0.043692484,0.027132116,-0.036803115,-0.012558515,-0.06312264,-0.04833679,0.015537178,0.006489046,-0.03428297,-0.07452733,-0.08835172,-0.09677052,-0.0954375,0.07296332,-0.046670772,-0.055282496,0.009092597,0.012557873,-0.021136332,-0.018023968,-0.061466426,0.014598876,-0.054318633,-0.09302839,-0.06981805,-0.009956795,0.119552754,0.13414916,0.06840414,0.08186524,0.009568293,0.0350016,-0.056325518,-0.057763357,-0.14128946,-0.060975272,-0.038600948,0.002455187,0.05682104,0.046447154,-0.043806836,-0.025380086,-0.032139882,-0.21031292,-0.175619,0.0020016346,-0.057730645,-0.17298864,-0.16443565,-0.12796238,-0.10982392,-0.08543854,0.05536858,0.17573279,0.16619937,0.15673716,1.0,0.06888043,0.0076892707,0.06341682,0.008977833,-0.1118856,-0.14926548,-0.0771205,-0.09931832,-0.08171325,-0.07694134,-0.08874417,1.3347361e-06,-0.110705495,-0.16514839,-0.11285259,-0.054133788,-0.1997699,-0.07176383,-0.10850066,-0.11717284,0.038781255,-0.0118917525,-0.04699095,-0.15199466,-0.087640926,-0.07990626,-0.00657071,-0.110105924,-0.06189046,0.09698926,-0.010261599,-0.024653725,0.073261715,-0.018739315,0.087732375,0.057903036,-0.07557729,-0.069586456,-0.060688183,-0.017254818,-0.030570006,0.068040684,0.13593511,0.05208275,0.015255309,0.09204761,0.09930345,0.026451292,0.017270539,0.047468152,0.0016368544,0.021093022,0.043662097,-0.040945947,-0.040912945,-0.14501368,-0.13605635,-0.1580216,0.04615863,0.09267727,0.08676334,0.06366249,0.047653683,0.052381255,0.008234973,0.15845543,0.044774562,0.20089866,0.05817671,0.21224847,-0.12676252,0.08078397,-0.02630213,0.029162336,-0.032988667,-0.086683765,-0.010091411,-0.0046449383,0.028149944,0.024407908,0.0011466665,-0.0436522,-0.048304867,-0.124644965,-0.09674212,-0.0319501,-0.02289375,-0.0023667375,-0.007416248,0.010491005,-0.013654339,0.071119994,-0.051844094,-0.006772321,-0.06509365,-0.003950302,-0.065121695,0.046214975,0.11280799,0.13029261,0.06238209,0.005046335,0.026537087,-0.032698072,-0.007280035,-0.10601407,-0.05093452,-0.049455486,0.020571917
154,-0.13713075,-0.12264447,-0.10216461,0.0028594634,-0.033704787,-0.014240398,-0.3406915,-0.14018548,-0.21034671,-0.13321072,-0.30033138,-0.25403032,-0.2715764,-0.33231825,-0.31116644,-0.11944536,0.37475282,0.17139457,0.6396583,0.7218768,0.32658824,0.07173185,-0.25988612,-0.2943811,-0.29980168,-0.1431498,-0.17888987,-0.1365851,-0.28141323,-0.23116721,-0.3134413,-0.14980036,-0.36443892,-0.33728227,-0.3171283,-0.15325208,-0.13341732,-0.07625691,0.092722,-0.08511198,0.3351226,-0.07035023,-0.3035974,-0.17480873,-0.20693137,0.14808097,-0.27584523,0.15886031,0.16281243,0.011864801,0.19819759,0.20584844,-0.11842545,-0.27320132,-0.056585025,-0.14187866,-0.11910439,-0.02345181,-0.06774362,0.12902598,0.1510004,-0.15733944,0.17522642,0.062002756,0.12490363,-0.08608301,0.07092062,-0.0656357,0.01037393,-0.14872903,-0.25424135,-0.15273689,-0.22024941,-0.16552141,-0.17154737,-0.11484249,-0.22011626,-0.086089164,0.12860401,0.16084978,0.32967362,0.154541,0.26939175,0.13769495,0.08288653,0.22586828,-0.10154337,0.25914845,0.13703443,0.31603208,0.48167333,0.32039672,0.31669432,0.35369042,0.2800892,0.32438767,0.09906518,-0.046551492,0.03575489,-0.003210546,0.40712884,0.31066096,0.061140046,-0.12117945,-0.16768481,-0.21961884,-0.41689155,-0.2261475,0.049907997,0.018310802,0.30821118,0.47490084,0.5041206,0.32024688,0.36619574,0.36905223,0.39140984,0.31726176,-0.15304156,-0.07593001,-0.09658404,-0.17048799,-0.22434227,-0.2622884,-0.43859208,-0.34296888,-0.42337075,-0.05605591,0.05450316,-0.08617043,-0.20001242,-0.30646047,0.14677483,0.061484233,-0.024988035,-0.29736456,-0.30693614,0.2553632,-0.19395274,-0.17988563,-0.30615175,-0.24469867,-0.31775478,-0.1876092,-0.10933934,0.07174652,0.31645924,0.27961862,0.06888043,1.0,0.18336454,-0.1723821,0.028670935,-0.33642152,-0.37052748,-0.19138357,-0.14821547,-0.14105384,-0.04035022,-0.2651195,0.0222234,-0.21934012,-0.3078791,-0.15008777,-0.08387825,-0.18409452,-0.08043293,0.065950006,-0.21433304,0.19371247,-0.17840749,-0.23476534,-0.33116448,-0.028445477,-0.11265704,-0.08881747,-0.019929403,0.24661684,0.03185543,-0.09965431,-0.087602556,0.13395521,-0.111495525,0.050895274,0.10168098,-0.059135575,-0.071668506,-0.010544164,0.02694505,0.1389545,-0.16155149,0.2112627,-0.045882016,-0.0109809125,0.06301604,0.1586622,0.15766846,0.06333925,-0.07366511,0.015393022,0.007765027,-0.1093454,-0.16053511,-0.069541804,-0.15448672,-0.080388844,-0.12386113,0.0010805904,0.11986409,0.10276259,0.1925754,0.17266607,0.080303006,0.047761794,0.23768374,0.22182456,0.21052112,0.10308197,0.23415522,0.25786904,0.28257635,0.15751404,0.07913685,0.29306453,0.075886585,0.08521388,0.009507575,0.11300992,0.26289514,0.31048727,0.37375924,0.18958238,0.043337353,-0.03188824,0.041700028,-0.36828282,-0.25992656,-0.13351537,-0.019283384,0.024757724,0.029644422,0.18600969,0.43410653,0.48826066,0.39991933,0.40232742,0.12761463,0.07184747,-0.027110238,0.05402621,-0.193987,-0.10963467,-0.45701742,-0.21457043,-0.3932618,-0.06981235,-0.00433716,0.047383226
155,-0.20450124,-0.26055664,0.055770308,0.113659695,-0.051942013,0.061267223,-0.07288317,-0.10278512,-0.090324625,-0.023708623,-0.19723575,-0.24765128,0.09224026,-0.029646628,-0.06762558,-0.0042899246,0.29030466,-0.15660788,0.15371929,0.21553677,0.8408404,0.35030302,0.06735146,0.00796637,-0.26858968,-0.03902009,-0.18392934,-0.19833769,-0.06158578,-0.12002402,0.032223318,0.0023782395,0.13241471,0.17705365,0.24852721,0.5029437,0.5058826,0.47173947,0.41651738,0.40507585,0.26958555,0.5177316,0.1678858,0.049083743,-0.10551153,-0.07437608,-0.082677655,-0.16375077,-0.10525908,0.105268,0.12302017,0.19306271,-0.07446517,0.23938818,0.4864821,0.32701847,0.44466347,0.44587243,0.31515715,0.3509233,0.2306258,0.261797,0.2523826,0.09943826,0.120533,0.06386435,0.06329111,-0.029657925,-0.097592086,-0.24344365,-0.09301549,0.040502794,0.009349597,-0.09673025,-0.040520318,0.0025893792,-0.13323264,-0.13398522,0.039001264,-0.016533896,0.014019195,0.08629762,0.040906224,0.074502006,-0.10488048,-0.08012481,-0.35086316,-0.28999123,-0.26345673,-0.19406752,-0.03200517,-0.20529623,0.15221111,0.038968947,-0.011973049,0.052387733,0.18759212,0.15211025,0.13725728,0.047281146,0.24052708,0.23378426,0.2109397,0.0763064,0.13756701,-0.1637087,-0.2513048,-0.19764355,-0.17985928,-0.040663052,-0.1155792,0.024249133,0.0018403834,0.1821397,0.061600327,-0.11045875,-0.22197598,-0.24126042,-0.3214608,-0.3274714,-0.44284832,-0.44152486,-0.32329988,-0.44510826,-0.34850252,-0.33054748,-0.20897248,-0.18635999,-0.16735475,-0.14308228,-0.2168219,-0.1614604,0.12315591,-0.05899769,0.023943964,-0.0544368,-0.077603005,0.16655073,-0.09941628,-0.12174823,-0.22547099,-0.097807676,0.009801136,-0.04363292,0.010612405,0.14653525,0.17547783,-0.10583082,0.0076892707,0.18336454,1.0,0.09717115,0.07950166,0.03745494,-0.18974282,-0.1529572,-0.078404695,-0.070613965,-0.1601836,-0.08817735,-0.04767285,-0.018971698,0.0578387,-0.019647038,0.249512,0.13992387,0.45025203,0.47014058,0.010701733,0.1287108,0.23330873,0.077335976,-0.045608923,-0.14770618,-0.0008450648,0.027564812,-0.19275363,-0.10929702,-0.08726765,-0.15938696,0.18295825,0.071714334,0.13158008,0.08270601,0.5103073,0.4607689,0.45384234,0.3721867,0.32154894,0.16805588,0.25846478,0.185818,-0.024884706,0.034627367,0.06175461,0.036916807,0.004674359,0.06814279,-0.05783636,-0.02750901,-0.22083187,0.023674147,0.039447125,-0.04015669,-0.09328277,-0.027023252,0.08487234,-0.068133496,0.06057293,-0.016224202,0.0604283,0.0127762845,-0.018224398,-0.1210383,-0.030732142,0.055040684,-0.23791265,-0.33998248,-0.0027492882,-0.1707029,-0.10593591,0.049247123,-0.077263705,0.08355937,0.04192137,0.15856376,0.0094187185,0.16415718,0.19018573,0.18082891,0.22191685,0.12843612,0.21106534,0.116782025,-0.037998717,-0.26219273,-0.22740196,-0.17661276,-0.12259337,-0.036815315,0.07254965,0.11914917,-0.046225708,0.14538698,0.089775935,-0.19074354,-0.28665766,-0.1913171,-0.2997056,-0.3304516,-0.38830483,-0.44076627,-0.3452899,-0.2963379,-0.2529354,-0.12955461,-0.06797427,-0.094934404
156,0.014682897,0.033754278,0.044739254,0.00039426523,0.09995214,0.021500072,0.09268821,0.08841051,0.008771943,0.043222345,0.073863216,0.04108069,0.06477248,0.050247416,0.088986106,0.112981305,-0.09676724,-0.0036431353,-0.098341145,-0.15053463,-0.01263477,0.10541698,0.088131994,0.040812336,0.043013334,0.029274797,0.08539076,0.055311363,0.099617,0.07364717,0.123565376,0.04307161,0.15782721,0.14115655,0.17577921,0.07151743,0.062558755,0.011849827,-0.04888949,0.10691797,0.0042736437,0.04791073,0.12169378,0.03881703,0.024571858,-0.041620564,0.07075737,-0.095073536,-0.10567114,0.035582554,-0.09812868,-0.08053431,0.033473168,0.13657834,-0.0014860935,0.044977758,0.047160212,0.00071614975,0.022722865,-0.04881271,-0.072718866,0.03306812,-0.03091629,-0.020434724,-0.01749996,0.015933538,-0.009498063,0.02520752,-0.033296492,0.003941728,0.0055078934,0.04911279,-0.036134366,-0.018014727,-0.0044620624,-0.0055910167,0.041310012,0.0004313252,-0.016930807,-0.034731075,-0.10711613,-0.03699311,-0.103238665,-0.07056341,-0.053007744,-0.09539866,-0.0045102853,-0.116989,-0.0704796,-0.119263016,-0.15715791,-0.12907313,-0.10522167,-0.10989954,-0.12252031,-0.13963334,-0.056003224,-0.013499279,-0.04268088,-0.04895148,-0.11280964,-0.07605751,0.019724967,0.05804129,0.07782358,0.067276336,0.10031198,0.043390665,-0.049554475,-0.022578191,-0.10189135,-0.15293911,-0.13755347,-0.02269319,-0.15659235,-0.11438451,-0.12597534,-0.10491588,0.039224323,-0.012596337,-0.0012655329,0.015940113,0.056675047,0.053876273,0.13316478,0.08032642,0.12539376,0.005033054,-0.049742345,0.0048519936,0.014420994,0.15057124,-0.04024419,0.013535181,0.03444166,0.100892775,0.077682726,-0.14330089,0.029389657,0.0042345375,0.055736344,0.009865517,0.044719648,-0.00059045176,0.024201725,0.051663976,-0.062009886,-0.0503661,0.06341682,-0.1723821,0.09717115,1.0,0.014761623,0.092397444,0.08395418,0.041827314,0.02677138,0.03672241,-0.0031802661,0.08313338,0.03306722,0.07627318,0.12567584,0.070021205,0.06497503,0.062133066,0.015171847,-0.03862829,0.06355238,0.0155447135,0.1471145,0.076041535,0.06976032,0.010695061,0.05202653,0.030446451,-0.074455276,-0.1124408,-0.058600217,-0.03133996,0.011073761,-0.07316373,0.05493132,0.011211973,0.030649353,-0.01019667,0.016623115,0.010003377,-0.012805937,-0.051258598,0.055233836,-0.03096562,-0.013766701,0.034605674,-0.013541579,-0.03209759,-0.07582818,0.012417896,0.040401418,-0.012262367,-0.013628619,0.035246734,0.0075681196,-0.022862209,-0.004242902,-0.025214525,0.03369507,-0.0026173054,-0.0038093375,-0.022167435,-0.054887485,-0.07033718,-0.04690519,-0.020996565,-0.09441287,-0.12630585,-0.096617125,-0.076491885,-0.07222502,-0.14615773,-0.09115282,-0.01231833,-0.03549314,-0.09987426,-0.048874114,-0.00074436975,-0.006184505,-0.068642564,-0.114422604,-0.09864093,-0.105249465,-0.057437815,0.032468326,0.03528498,-0.03127899,0.08404926,0.043686945,0.012847064,-0.042611357,-0.026316466,-0.0012474757,-0.06531585,-0.15521297,-0.092697315,-0.14259154,-0.11557525,-0.058799423,-0.057473607,-0.030268794,-0.040570386,0.059681203,0.033916578,0.13416189,0.034954734,0.09515711,0.03839988,0.021886159,-0.022003507
157,0.04214941,-0.06211771,-0.08789082,-0.032233052,-0.031370025,-0.000600093,-0.07529356,-0.07987505,-0.067497775,-0.058147006,-0.041904327,-0.11367036,0.024411704,0.070018545,0.09083578,0.14991178,0.05144421,0.067921594,0.07253754,0.051377803,0.0797258,0.12655813,0.10637247,0.0146565065,-0.06191279,-0.023069205,-0.052298147,-0.042207845,-0.05024065,-0.056010313,-0.050349724,-0.016238373,-0.05825482,-0.04533772,-0.045401342,-0.026200375,-0.00058635266,0.013089711,-0.043293536,-0.056461386,0.045164302,0.04029009,0.038635366,-0.041955028,-0.033399545,-0.041253418,-0.06517128,-0.06637901,-0.03417651,0.06544068,-0.03654798,0.015047262,-0.06774069,-0.034604743,0.0012029791,0.064867005,0.0034513087,0.021486105,-0.029035747,0.010640465,-0.011152838,-0.031360492,0.013881399,-0.026115365,-0.069003254,-0.04929612,-0.07959615,-0.08484718,-0.09706946,-0.009587514,0.034062896,0.03950844,-0.023348564,-0.049407866,-0.110634185,-0.08696075,-0.07040757,0.029484492,0.0049732127,0.0027592462,-0.001916701,0.011480323,-0.037537318,0.016297873,-0.008488168,0.025927342,0.026246464,0.0422745,0.036177717,0.05763417,0.027435848,0.011596897,-0.010725619,0.043676134,0.019715136,-0.0031196477,0.0066113262,0.02999688,0.016962629,0.014887054,0.0046703666,-0.021100966,0.003090788,0.023068426,0.016743932,0.028566658,-0.004896715,-0.0037366515,-0.0044898423,0.039796427,0.029348766,0.024384601,0.02910745,0.066930264,-0.03327168,-0.030685237,-0.030778605,0.0020116742,0.0017590838,0.031647075,-0.02323307,-0.008103516,-0.00530272,-0.010997968,-0.033492215,-0.014452775,-0.028853472,-0.04209775,-0.050994888,0.022033991,0.03691232,-0.0869939,-0.002290784,-0.059789013,-0.05671206,-0.085600585,-0.03779766,0.06378724,-0.049913544,-0.12104507,-0.11786517,0.0006315163,0.07550707,-0.025712576,0.014753099,0.21261618,0.05801063,0.057062242,0.008977833,0.028670935,0.07950166,0.014761623,1.0,0.0333196,-0.03872708,-0.045020852,-0.021770528,-0.03158481,-0.01342911,-0.10609375,0.01692449,0.016366307,-0.03649321,-0.041629333,-0.019153897,-0.008021581,0.019832658,-0.012517935,-0.04753659,0.014317456,-0.023359377,0.04705595,-0.020424493,-0.035628874,-0.015520291,-0.013394203,-0.08044648,-0.07727695,-0.025331523,-0.022692326,-0.022665694,-0.004557521,-0.01851817,-0.017180184,0.07032891,0.019566918,0.011070859,-0.0054807607,0.029036455,-0.017287353,-0.009892973,-0.03605463,-0.010613463,-0.014383555,-0.007446391,-0.003110805,-0.052043602,0.041438777,0.014491513,-0.08291635,0.04059395,0.03017263,0.03785394,-0.020826712,-0.08177359,-0.14776613,-0.09088466,-0.01514909,0.023454797,-0.009841682,0.0063001574,-0.027266366,-0.009056019,-0.013959505,0.0013627649,-0.021245917,0.021505183,0.021292256,0.058808032,-0.06301308,0.0414703,-0.0020175837,-0.00401233,0.034323186,-0.0032129192,-0.030311707,0.027561171,0.01596446,-0.019541463,0.003540762,0.0054802657,-0.013197153,-0.025807386,0.014369133,0.017312305,-0.0020225006,0.002202266,0.004638195,-0.00030888637,-0.003767762,0.0416003,0.037211727,0.021976745,0.038724508,-0.0038074336,-0.017435519,0.015401925,0.031188585,0.03150666,0.036179427,-0.038392525,-0.02017112,-0.022516452,8.209417e-05,-0.020115506,-0.03158901,-0.021992669,-0.027650734
158,0.07974502,0.09651666,0.044485275,-0.008170797,0.017979564,0.04121659,0.3122092,0.13428181,0.14812346,0.16635095,0.29705054,0.29909563,0.2985426,0.537854,0.46672755,0.25697818,-0.25222898,-0.13297153,-0.2933929,-0.19253525,0.0143382875,0.14291829,0.6198755,0.6952827,0.37485644,0.08846979,0.1302306,0.07439496,0.19521138,0.14287719,0.2167901,0.06732505,0.257891,0.23220085,0.21718076,0.10280539,0.07706474,0.046789475,-0.013379597,0.093190804,-0.17217249,0.19634841,0.3464385,0.46082985,0.41008413,0.015171225,0.22877368,-0.0889711,-0.16882667,-0.015584562,-0.05669479,-0.041191634,0.13821681,0.21533307,0.10089411,0.10764427,0.06913239,0.010557467,0.025899205,-0.11177279,-0.031023841,0.23379657,-0.053964082,0.0034643847,-0.082863934,0.12558082,-0.10930875,0.017053744,-0.13135003,0.18480588,0.3683408,0.22505967,0.32524115,0.19347928,0.13011456,0.030532356,0.15987122,0.029181594,-0.16070624,-0.16406928,-0.25816858,-0.12927376,-0.22253066,-0.1332728,-0.16887891,-0.24323371,-0.060816735,-0.26178572,-0.1844538,-0.28052455,-0.4004305,-0.28345153,-0.17481166,-0.35866168,-0.30113313,-0.28086743,-0.08214918,0.049481545,-0.01589906,-0.013776571,-0.36555162,-0.28621015,-0.08600267,-0.030044202,0.058911778,0.031826332,0.16116475,0.0954633,-0.14023334,-0.068633765,-0.30285466,-0.28385428,-0.335087,-0.18862475,-0.20510824,-0.21928707,-0.2717558,-0.28064466,-0.01657436,-0.04332121,-0.035699476,-0.0068080653,0.12038933,0.07797752,0.18144226,0.172853,0.24061224,-0.02439884,-0.15671134,-0.034193862,0.11201798,0.1395339,-0.070775814,-0.02154491,0.052061867,0.2888516,0.29690546,-0.14596291,0.10260455,0.23452401,0.39359662,0.42998338,0.5916059,0.24576603,0.13291335,0.07000941,-0.21685526,-0.18873349,-0.1118856,-0.33642152,0.03745494,0.092397444,0.0333196,1.0,0.52681226,0.24849083,0.167496,0.10276614,0.006825247,0.20516488,-0.021150434,0.17395206,0.19190447,0.10819919,0.08522442,0.14775872,0.04086755,0.010887049,0.12055562,-0.102384575,0.09262303,0.23951316,0.5934636,0.045197867,0.21535885,0.106824845,0.03294695,-0.12019238,-0.07577771,0.015164315,0.19059327,0.0077837403,0.32405597,0.007990813,-0.028108807,0.12286489,0.055351168,-0.0071754307,-0.06523947,-0.115783215,0.15562218,-0.13416891,-0.034059137,0.038512435,-0.015558244,-0.17473614,-0.097667046,-0.039219517,0.0137266945,-0.08369999,0.07373947,0.16386637,0.22654913,0.04639253,0.08875832,0.09634229,0.14332019,-0.0002878815,-0.13547175,-0.13772385,-0.20512035,-0.15755165,-0.070199326,-0.04617202,-0.23063831,-0.2035729,-0.17342989,-0.17665267,-0.3026312,-0.17039466,-0.3326384,-0.22050318,-0.15461908,-0.27354607,-0.09645711,-0.099764794,-0.03287716,-0.07234738,-0.18163212,-0.2536008,-0.32276067,-0.15214132,-0.08423942,-0.07739882,0.020529218,0.13013944,0.106965855,0.040620655,0.014344416,-0.0919927,-0.027546728,-0.13235332,-0.29313567,-0.2686794,-0.22500236,-0.26633015,-0.190693,-0.15549448,-0.08940366,-0.10531759,0.02937254,-0.0049607204,0.19253094,0.091379985,0.2236516,-0.012383924,-0.055252817,-0.16036026
159,0.029075306,0.20524418,0.049159277,-0.08640602,0.04203103,-0.0023762754,0.37510574,0.21785745,0.21906604,0.19805868,0.4483251,0.4859549,0.30701113,0.48305047,0.41911,0.15276065,-0.40350872,-0.101858996,-0.39499348,-0.23325245,-0.25646797,-0.031246917,0.43868744,0.706473,0.6748045,0.1806887,0.32067588,0.23921213,0.24962266,0.21721944,0.20670533,0.047109235,0.23813166,0.19137944,0.15369618,-0.08471893,-0.10625239,-0.18656515,-0.2160108,-0.047898617,-0.34648916,-0.042636227,0.20129985,0.43268245,0.66753316,0.19543335,0.30113265,-0.018601893,-0.18562014,-0.13443488,-0.12020323,-0.11224412,0.24490343,0.12639663,-0.13751172,-0.091842175,-0.15234125,-0.20222178,-0.09569688,-0.25513548,-0.11222153,0.12823701,-0.15446511,-0.052864112,-0.122545145,0.06483715,-0.15080969,0.0022505536,-0.1120537,0.18176115,0.35707343,0.13417754,0.374238,0.2408934,0.21700357,0.096552856,0.25731665,0.048011493,-0.23373504,-0.23009898,-0.3044714,-0.23637907,-0.27479997,-0.24183905,-0.16499542,-0.28501692,0.019748103,-0.19901331,-0.16929255,-0.2545187,-0.40924555,-0.22000341,-0.25717995,-0.32626343,-0.2635583,-0.31332484,-0.17258416,-0.101839446,-0.14036469,-0.049705382,-0.37445697,-0.27905613,-0.095446214,0.020828363,0.07466926,0.08458928,0.31787255,0.19350179,-0.021420954,-0.027656173,-0.19369853,-0.2805325,-0.2886349,-0.27881768,-0.22481783,-0.12909666,-0.09743178,-0.109611444,0.14253663,0.12565847,0.17266639,0.17565964,0.2707298,0.26762697,0.37796116,0.31054884,0.38934946,0.07293407,-0.111548856,-0.033543836,0.1167711,0.34441724,-0.17208761,0.035839785,0.083397456,0.35544202,0.3455732,-0.24721153,0.12164225,0.34917077,0.58102345,0.5842763,0.4973221,0.21075088,0.09178575,-0.040604975,-0.3212589,-0.1759452,-0.14926548,-0.37052748,-0.18974282,0.08395418,-0.03872708,0.52681226,1.0,0.46468228,0.26934808,0.22867428,0.12179007,0.25729692,0.058986865,0.19058211,0.16262247,0.13372506,-0.0021957022,0.075543225,-0.18771617,-0.26118752,0.12194759,-0.24894515,0.06784546,0.1343356,0.5877886,0.17211239,0.2568535,0.17059347,0.15263706,-0.038318854,-0.06902009,-0.011280714,0.1435708,-0.012002622,0.2670629,0.009968509,-0.25394014,-0.085118696,-0.16972676,-0.16218773,-0.21695833,-0.14270951,0.021490008,-0.23470983,-0.07830962,-0.013772528,-0.08069216,-0.2177793,-0.13006844,-0.038840394,0.0095680235,-0.12886925,0.047810163,0.09220699,0.17853212,0.062858686,0.15903942,0.19441548,0.1858674,-0.03510696,-0.21792324,-0.1982352,-0.29171738,-0.16176482,-0.10781147,-0.0053720446,-0.27115366,-0.26914322,-0.14882605,-0.047925796,-0.3816921,-0.09696798,-0.25198454,-0.13994463,-0.08875221,-0.26044905,-0.14123811,-0.1240312,-0.048872847,-0.18491404,-0.27310553,-0.30143192,-0.32785264,-0.18051173,-0.06972475,-0.034358576,0.021899743,0.2876363,0.24082568,0.14584796,0.07265338,-0.07404535,-0.036025714,-0.15666933,-0.25673783,-0.29771888,-0.27547884,-0.111050926,-0.013161737,-0.076405145,0.06122075,0.028297098,0.25252414,0.19045441,0.3822167,0.17308179,0.36715728,0.09037748,-0.035640143,-0.1110828
160,0.046335913,0.12906563,-0.059683327,-0.12885465,0.03807553,0.03229964,0.15719634,0.106119625,0.10929659,0.13439323,0.25973725,0.33864394,0.13884833,0.28557208,0.24160491,0.052941784,-0.26262674,0.018457927,-0.17193402,-0.09482686,-0.17906086,-0.012152917,0.20851961,0.36300305,0.5747281,0.08182933,0.1879443,0.11761964,0.06628462,0.0714552,0.053921476,0.01924529,0.04842763,0.0039380323,-0.003365043,-0.18227707,-0.16878511,-0.18752255,-0.26077434,-0.15298924,-0.21914224,-0.12568673,0.03160004,0.12694356,0.37944585,0.1532102,0.13428055,-0.026497452,-0.14263104,-0.09827155,-0.10636303,-0.13063511,0.11999333,-0.028847635,-0.19487274,-0.108055405,-0.20022656,-0.2272711,-0.13662544,-0.1947797,-0.06874726,0.0102822995,-0.12254868,-0.05673654,-0.151495,-0.025940234,-0.12412204,-0.0040540826,-0.044913355,0.11536718,0.21299106,0.055375665,0.21230456,0.16174787,0.16030794,0.06655979,0.18766373,0.067836404,-0.16958722,-0.14481212,-0.18983336,-0.19099522,-0.1882613,-0.16103154,-0.080045156,-0.16124955,0.06547037,0.0012797663,-0.03763496,-0.031712834,-0.16181973,-0.043594565,-0.11818039,-0.1656435,-0.12960349,-0.19756916,-0.1410057,-0.09521773,-0.111065306,-0.028230963,-0.21375465,-0.17912216,-0.09687918,0.029855566,0.015823841,0.122160755,0.24375491,0.16617996,0.049930867,0.046407323,-0.045223076,-0.11953663,-0.1191511,-0.13330935,-0.10005889,-0.027496304,0.009196369,0.015699368,0.14842911,0.15525441,0.20745233,0.19870196,0.21225947,0.24373637,0.25265557,0.2137811,0.2209765,0.03915218,-0.05305795,-0.03021443,0.074338295,0.2298679,-0.13911727,0.04912648,0.0816366,0.1626452,0.15305355,-0.0831539,0.078509636,0.23578542,0.39294472,0.41370633,0.28111818,0.089195594,0.06258443,-0.0015267481,-0.20892704,-0.025069306,-0.0771205,-0.19138357,-0.1529572,0.041827314,-0.045020852,0.24849083,0.46468228,1.0,0.0946944,0.10872254,0.08546166,0.102903865,0.027052075,0.09180458,0.03425034,0.030570734,-0.07819666,-0.015264567,-0.17938726,-0.2688073,-0.0117115835,-0.19443722,-0.014536815,0.0367219,0.23311535,0.07345118,0.12505607,0.07022831,0.11014583,0.005145487,-0.08945984,-0.016777389,0.00036206486,-0.06344097,0.07661363,0.010120579,-0.20396346,-0.12990935,-0.21697801,-0.17410986,-0.20078059,-0.08154657,-0.06870771,-0.16789226,-0.08546062,-0.043707404,-0.09263367,-0.13724814,-0.09969206,-0.04452031,0.013591512,-0.08826132,0.029741185,0.033593588,0.10544654,0.044374634,0.11470915,0.16421539,0.12200338,-0.04895603,-0.16144747,-0.13865694,-0.2168538,-0.08980676,-0.100723706,0.023257447,-0.15996915,-0.16696462,-0.011060503,0.0914279,-0.19155973,-0.0034496477,-0.06943479,-0.04222766,-0.00965484,-0.17002326,-0.0996039,-0.11411441,-0.0444446,-0.13073207,-0.1747782,-0.18398918,-0.18271531,-0.13408804,-0.050430443,-0.0039000018,0.04730701,0.23163475,0.1716977,0.12694381,0.12997931,-0.057872646,0.018828321,-0.068185836,-0.09145068,-0.14287135,-0.14381683,-0.012425664,0.08189421,0.040466122,0.12138849,0.08767833,0.2239375,0.19210798,0.26097223,0.1482918,0.22394952,0.039643414,-0.030427333,-0.07799533
161,-0.104087986,0.111670755,0.23453814,0.17462614,0.019531606,-0.05789217,0.1765746,0.14305031,0.14556634,0.21565013,0.29957917,0.23596872,-0.00561631,0.038912836,0.054952875,-0.020504275,-0.09229841,-0.044693146,-0.20793958,-0.07500097,-0.07362692,-0.0679448,0.082854666,0.16782807,0.26629332,0.56042546,0.2926754,0.2685263,0.25812587,0.24836116,0.20171791,0.06302409,0.172143,0.16594481,0.14262041,0.024490714,-0.05294808,-0.09127294,0.057258923,0.064181335,-0.13234308,-0.044698,0.02318396,0.20945972,0.27858537,0.07514858,0.18782422,0.06825512,-0.048424207,-0.083388194,-0.0021341671,-0.055917546,0.2856014,0.06134863,-0.0326614,-0.07968142,-0.04049456,-0.06820126,0.016631035,-0.10218428,0.05116067,0.16065165,-0.0260359,-0.0040497826,-0.032714713,0.002803582,-0.094192676,-0.013557979,-0.14526331,0.0029988976,0.0018359962,-0.019994127,-0.0057178945,-0.029539583,0.05273351,0.03165913,0.10083824,0.010407616,-0.09455501,-0.13604902,-0.07725233,-0.08067853,-0.0937484,-0.15476075,-0.08231378,-0.25538158,-0.11306818,-0.2534378,-0.24503212,-0.28301394,-0.2314045,-0.20350274,-0.10826379,-0.16101916,-0.14444885,-0.13624421,-0.017197156,-0.020069556,-0.029053664,-0.0102802245,-0.06424969,-0.021883866,0.09602028,-0.003849268,0.08103357,-0.0026741251,0.059253592,0.021116976,-0.10625316,-0.061563544,-0.13895972,-0.123288885,-0.12001374,-0.092168875,-0.10320876,-0.09502297,-0.07197079,-0.11251024,-0.016189521,-0.04405343,-0.092339896,-0.06615394,0.0030870857,0.0002972575,0.09799557,0.08502092,0.16395871,0.012621182,-0.115889855,-0.0840609,-0.008634739,0.049659725,0.08513565,0.039560772,0.048389208,0.15185525,0.18154767,-0.084145814,0.07060526,0.14607339,0.24780527,0.056545038,0.06048746,0.07503601,0.04595079,-0.12473259,-0.08602161,-0.044230014,-0.09931832,-0.14821547,-0.078404695,0.02677138,-0.021770528,0.167496,0.26934808,0.0946944,1.0,0.13516583,0.1637308,0.19772747,0.068787746,0.22623916,0.16622284,0.13060094,0.06327316,0.06836159,-0.088390805,-0.035257824,0.102857955,-0.06366314,0.048062228,-0.0014404281,0.23575504,0.12799361,0.117832355,0.030849952,0.10952193,0.06940247,-0.01004409,-0.0020980325,0.085104086,-0.08243967,0.16925578,-0.0017912397,-0.065696,0.025392719,-0.055208586,-0.028152635,-0.07680126,0.014417311,0.0023445955,-0.06604355,-0.10524962,-0.00705668,-0.021237763,-0.1474918,-0.07319583,0.004467722,-0.03257719,-0.105690144,-0.06432123,-0.011796161,0.017264869,-0.042793494,0.004772556,0.058884226,0.14689778,-0.070404634,-0.08360933,-0.0965757,-0.08316981,-0.056494597,-0.067891575,-0.0069492017,-0.23520999,-0.12269114,-0.24106593,-0.11571731,-0.28359148,-0.0018355632,-0.19758101,-0.024001472,-0.037277404,-0.11465063,-0.059114765,0.026051419,-0.052594468,-0.047003604,-0.078106776,-0.04252632,-0.06455547,-0.011445776,0.06306463,0.0025636829,0.08839609,0.052193947,0.0068994025,0.020938352,-0.06197514,-0.03965565,-0.017552346,-0.046931606,-0.12596361,-0.106371745,-0.12215126,-0.061636887,-0.120132715,-0.07488441,-0.069578685,-0.12018453,-0.018475948,-0.016228694,0.08246201,0.022762747,0.11458913,0.07887147,0.0084552,-0.13452442
162,-0.07147336,0.04018107,0.13459839,0.077507466,0.09773295,0.038084853,0.2333876,0.22251537,0.14129283,0.13209671,0.22803086,0.18260443,0.086498134,0.05317856,0.061343953,-0.045726933,-0.12813722,-0.022054356,-0.20056857,-0.13693179,-0.116375074,-0.057766367,0.060571983,0.12084528,0.21022205,0.123822175,0.32859713,0.26222482,0.23953295,0.24536988,0.22312906,0.08163194,0.1808215,0.15571366,0.13256778,-0.009853605,-0.058947563,-0.08983026,-0.03653762,0.015328363,-0.14991991,-0.024947172,0.09983616,0.15031563,0.11236941,-0.04694141,0.056102995,-0.08995237,-0.15389997,-0.13050136,-0.06852034,-0.101610236,0.18315068,0.100613214,-0.06684422,-0.095390916,-0.057949387,-0.09973365,-0.016019545,-0.10638129,-0.014171816,0.03310536,-0.044254106,-0.0066738394,-0.114497066,-0.0717473,-0.11406809,-0.051362365,-0.06333964,0.027566068,0.040748894,0.012056234,0.02453242,0.038867954,0.07130537,0.023761326,0.060209285,-0.008365497,-0.132992,-0.0814302,-0.11177937,-0.10846665,-0.13594493,-0.14796008,-0.12034025,-0.19903481,-0.053829413,-0.13821173,-0.17673428,-0.17381912,-0.21922898,-0.16725446,-0.10286765,-0.1371471,-0.08038173,-0.13019194,-0.034302663,-0.03344347,-0.074260145,-0.00071073236,-0.07778449,-0.04222846,0.04149089,0.058750868,0.09999129,0.03928131,0.12491159,0.07265645,-0.006404383,-0.012426732,-0.0734345,-0.11904347,-0.13575989,-0.094736956,-0.06728069,-0.02455268,-0.034867227,-0.048221584,-0.011042687,-0.02747915,0.020624332,0.045542955,0.06668297,0.08833402,0.16759725,0.15365078,0.2317232,0.08080307,-0.042494718,-0.03799882,-0.04245081,0.13524568,0.0276541,0.096269235,0.13509388,0.25607514,0.14699018,-0.0040836018,0.041642,0.18817192,0.1967703,0.07707686,0.07489268,0.008466569,0.034104627,-0.14456715,-0.07792455,-0.035664715,-0.08171325,-0.14105384,-0.070613965,0.03672241,-0.03158481,0.10276614,0.22867428,0.10872254,0.13516583,1.0,0.14565372,0.17492224,0.051318396,0.1263349,0.18534067,0.12770908,0.03824837,0.094180495,-0.083168246,-0.10041106,0.07447593,-0.09287787,0.0320088,0.08998437,0.20899124,0.029930899,0.05347283,0.0028961627,0.01770226,-0.061239164,-0.08661337,-0.007962867,0.05466027,-0.03531434,0.10960601,-0.016961677,-0.043324873,-0.047580384,-0.07525067,-0.061373748,-0.09250056,0.0019492641,-0.07720426,-0.19808082,-0.072140686,-0.039586317,-0.07738618,-0.107201725,-0.09640678,-0.08631798,-0.022118488,-0.09155269,-0.055582304,0.006209066,0.011550252,-0.022953715,0.040993426,0.038714647,0.122468956,-0.06024318,-0.11326087,-0.1153921,-0.120391406,-0.09172345,-0.058831822,-0.0001993126,-0.16556855,-0.16886903,-0.16056645,0.0020710772,-0.27581823,-0.015138104,-0.12914334,-0.063762076,-0.03389699,-0.09281377,-0.0062901704,-0.012845341,-0.016106702,-0.08449916,-0.10702173,-0.073123865,-0.07688414,-0.051558964,0.06302153,0.04109109,0.06961609,0.10914506,0.1089607,0.035130396,0.04174741,0.010866118,0.011358055,-0.019474454,-0.121858835,-0.1233321,-0.10302744,-0.039269574,-0.056756612,-0.10268526,-0.058981806,-0.029509345,0.10931304,0.084195524,0.14473735,0.05652354,0.20365855,0.088081755,0.03662892,-0.03203179
163,0.0027859637,0.120941475,0.082023665,0.023417864,0.120174676,-0.018112348,0.1395616,0.17400604,0.0780909,0.20697808,0.17668234,0.14717627,0.015476482,-0.0046346714,0.027955158,-0.07448505,-0.1477652,0.03674465,-0.09877302,-0.018982546,-0.14541912,-0.060965594,-0.016742978,-0.0002167789,0.17101379,0.17214905,0.54367536,0.69931537,0.35139802,0.47497693,0.20681629,0.14045785,0.058733318,0.05333105,0.015070317,-0.11026557,-0.15307635,-0.17025428,-0.10485956,-0.067702636,-0.094892874,-0.121985644,-0.043251842,0.008597197,0.055222146,-0.047135767,0.06249487,-0.00870146,-0.09746158,-0.12028777,-0.08361031,-0.14087465,0.17964312,-0.028055727,-0.17794207,-0.13017124,-0.13619821,-0.15035233,-0.06948087,-0.12170125,0.011711456,-0.066503696,-0.081845544,-0.054988064,-0.13680987,-0.089742385,-0.13447933,-0.07082656,-0.018764181,0.028191514,-0.016884757,-0.036716055,-0.045168553,-0.008654573,0.0019780374,-0.037104834,0.01498616,0.02107077,-0.12028981,-0.07184974,-0.08537879,-0.14442027,-0.08881797,-0.21460752,-0.12518966,-0.23401432,-0.05942557,-0.05871088,-0.17851046,-0.095467545,-0.13774113,-0.057530373,-0.0897641,-0.07587115,-0.080002375,-0.123158716,-0.07024112,-0.057806037,-0.09375655,-0.050465856,-0.08207671,-0.023308823,0.02879893,0.048821792,0.05645428,0.06676857,0.10661227,0.045183957,0.060709637,-0.0399576,0.01663596,-0.021153543,-0.015350917,-0.07069486,-0.00011354175,0.077453405,0.05661377,0.06114911,0.033029597,0.009620298,0.06407098,0.05394416,0.09209304,0.08110217,0.12174743,0.1135347,0.16865933,0.056471005,-0.06104362,-0.0101065915,0.037871674,0.07990697,0.018314628,0.13156517,0.06444968,0.15691505,0.0636233,0.0750067,0.07025195,0.15287392,0.12623237,0.007131524,-0.011963477,0.0049203676,-0.0047093797,-0.098909155,-0.09155191,0.031809464,-0.07694134,-0.04035022,-0.1601836,-0.0031802661,-0.01342911,0.006825247,0.12179007,0.08546166,0.1637308,0.14565372,1.0,0.26553398,0.096526876,0.07738189,0.16366002,0.060468502,-0.041502405,0.018677624,-0.15828495,-0.1820103,0.018881768,-0.04961682,-0.038218286,-0.01718352,0.04582434,0.056128997,0.039793693,-0.031746883,0.049232323,0.023525573,-0.052714672,-0.024585769,0.00027674486,-0.077956885,0.020772861,-0.019236619,-0.07846464,-0.13667722,-0.14666592,-0.11645235,-0.11999942,0.04798679,-0.15282948,-0.19622828,-0.09448144,-0.025020512,-0.09577418,-0.07772946,-0.07086445,-0.08469989,-0.03944993,-0.06809367,0.00014206729,-0.030010626,-0.033305127,-0.038548786,0.014520642,-0.029717555,0.03189098,-0.021679245,-0.10323824,-0.10302407,-0.102494985,-0.059416812,-0.13942358,-0.012733671,-0.20914021,-0.13685934,-0.15385655,0.082789205,-0.20975895,0.01643578,-0.05454359,-0.003104272,-0.029533058,-0.063093506,-0.060180675,-0.018833576,-0.03942725,-0.09037327,-0.0996209,-0.082888566,-0.07786085,-0.022230279,0.05080835,0.03708593,0.1084289,0.10259774,0.0991987,0.042244002,-0.022363417,0.05480474,-0.009973618,0.011166246,-0.0048725777,-0.04926203,-0.03578796,0.058730926,0.028168496,-0.046599776,-0.012354667,0.045032278,0.12489824,0.0922866,0.107981704,0.057209317,0.14563507,0.05953668,0.032383848,-0.01986066
164,-0.052777573,0.02972257,0.20826073,0.09893384,0.109370366,-0.026664242,0.31443247,0.20153163,0.13697074,0.2455758,0.2377078,0.18765007,0.14072426,0.07219149,0.073601194,0.010178756,-0.13351025,-0.106391445,-0.31558084,-0.26535398,-0.10451538,-0.13950554,0.11640556,0.18562698,0.19568999,0.0856712,0.48562965,0.49572778,0.50217396,0.45257795,0.36815304,0.20210329,0.3114402,0.29447207,0.268869,0.16405816,0.09762681,0.0855538,0.1102656,0.14929041,-0.11816128,0.1042937,0.18942183,0.27911162,0.14034928,-0.0854313,0.13229284,-0.10586903,-0.12590809,-0.10329544,-0.027398752,-0.0009795872,0.31581926,0.29435414,0.12487922,0.09615547,0.1451391,0.13871779,0.10810653,0.07254543,0.103292905,0.21016914,-0.032257,-0.049319062,-0.04925369,0.055224963,-0.050076403,-0.075379215,-0.051500324,0.04072663,0.02836809,-0.011491333,0.019671116,-0.027101576,0.0068798894,-0.011271585,-0.0007079489,-0.060213897,-0.12690759,-0.12725475,-0.238632,-0.095318176,-0.15041123,-0.13855593,-0.1840944,-0.28971785,-0.19252884,-0.35680655,-0.32378674,-0.3623759,-0.36278635,-0.314404,-0.102759875,-0.20309152,-0.19509476,-0.17878938,0.045053363,0.080062315,0.031092338,0.051812675,-0.16199692,-0.0300446,0.082773685,0.07303088,0.1412245,0.02584205,0.08140466,0.041031208,-0.06784681,-0.068390384,-0.21345611,-0.18327507,-0.20433255,-0.14527033,-0.09144394,-0.107994966,-0.19518371,-0.25189802,-0.09091402,-0.16426688,-0.13743587,-0.13690543,-0.042455647,-0.080070995,0.08079144,0.04166859,0.1705932,-0.006924797,-0.12785308,0.021235999,0.005226223,0.1064904,-0.00096019777,0.08459974,0.033213865,0.30952844,0.24756141,-0.20553008,0.03850571,0.17496781,0.22085965,0.053909723,0.08040182,0.11478893,0.022885341,-0.24209835,-0.09756627,-0.12864251,-0.08874417,-0.2651195,-0.08817735,0.08313338,-0.10609375,0.20516488,0.25729692,0.102903865,0.19772747,0.17492224,0.26553398,1.0,-0.061808106,0.20210613,0.33041063,0.16727932,0.1254649,0.1789967,0.08161994,0.072354354,0.1908934,-0.033550214,0.09471595,0.12055086,0.32775113,0.06157534,0.15624839,0.049056914,0.01629783,-0.13026853,-0.03902098,0.03575713,0.195003,-0.01973899,0.30302316,-0.030240206,-0.033109948,0.107683465,0.15020527,0.10095696,0.09075405,0.07669187,0.21323203,-0.11222647,-0.008536588,0.044724956,-0.04080489,-0.13849731,-0.085317895,-0.09434128,-0.03854603,-0.14383742,0.00324919,-0.00293396,0.009527681,-0.054658864,0.021759633,0.0007902553,0.092489265,-0.015469262,-0.15070175,-0.1219054,-0.13443276,-0.11747393,-0.09470048,-0.09269315,-0.25667822,-0.17132638,-0.33068356,-0.20541783,-0.2628204,-0.010165351,-0.28996602,-0.06906704,-0.12764998,-0.13562238,-0.045395516,0.054060295,-0.03548092,0.017571514,-0.04262743,-0.076426454,-0.12821727,-0.037654832,0.11552639,0.065339655,0.05199415,0.055124518,0.010627502,0.009383736,-0.054090355,0.011487017,-0.028870726,-0.07111289,-0.1838977,-0.1753073,-0.14667146,-0.1920137,-0.22632658,-0.23287635,-0.2028852,-0.14980555,-0.039223526,-0.11232724,0.071999036,-0.04324839,0.0955956,-0.010113822,0.011493646,-0.06399502
165,0.0020913805,0.06874081,-0.10506044,-0.1410294,0.012190365,-0.035590533,-0.06590768,0.1481357,-0.0064145983,-0.046422306,0.049508885,0.06763088,-0.034261454,0.0111929765,0.02601739,-0.022428889,-0.082902,0.120730825,0.034436237,0.035108477,-0.060599912,0.010066695,-0.046689298,-0.020448122,0.08417872,0.14085424,0.14406464,0.18265352,0.07678522,0.10771881,0.020455956,-0.07020309,-0.022345947,-0.032235138,-0.037399225,-0.14201891,-0.13978386,-0.14981994,-0.12715313,-0.09826913,-0.07331776,-0.13198137,-0.09977366,-0.030005122,0.032693934,0.0016184581,-0.04347513,-0.049682226,-0.07233941,-0.027192684,-0.09518493,-0.10593985,0.05477504,-0.0627023,-0.22543141,-0.16968234,-0.19549145,-0.1845856,-0.12927464,-0.1092751,-0.09176404,-0.16049476,-0.104532644,-0.012327824,-0.12259773,-0.13305117,-0.07799539,0.04533482,-0.025640609,-0.0016106219,-0.03612785,-0.02525312,-0.044642646,-0.014458328,-0.048655536,-0.08614386,-0.021709183,0.022257168,-0.09867145,-0.026068456,-0.071849555,-0.21147628,-0.10599318,-0.23247465,-0.08081456,-0.112512395,-0.0024740167,0.052882228,-0.043315765,0.036202013,-0.057227347,0.04488347,0.031195458,-0.03910031,-0.028095562,-0.13309588,-0.10112644,-0.077640794,-0.106886074,-0.03208474,-0.010582025,-0.014074645,0.046448443,0.1161702,0.13573146,0.056099996,0.11662877,0.066994525,0.12898342,0.021486104,0.079440564,0.06433551,0.03840937,0.012544146,0.048632074,0.0741823,0.10689527,0.11664991,0.16472219,0.15806462,0.11949358,0.11025989,0.10331464,0.12130624,0.11542361,0.07821408,0.057702158,-0.017756999,-0.089659035,0.017626477,0.008447129,0.12369765,-0.11862992,-0.009785829,0.014148519,-0.012217779,-0.049458127,-0.042191938,-0.02583542,-0.005232362,0.049196072,0.018222632,-0.0011746933,-0.035332862,-0.03315143,0.059378333,-0.09324381,0.09810017,1.3347361e-06,0.0222234,-0.04767285,0.03306722,0.01692449,-0.021150434,0.058986865,0.027052075,0.068787746,0.051318396,0.096526876,-0.061808106,1.0,-0.055577807,0.009358811,0.036483675,-0.02522386,-0.06765011,-0.13677035,-0.15563156,-0.018667646,-0.07345867,-0.004312607,-0.063822344,-0.013429608,-0.0015587141,0.037974343,0.005085426,-0.008427712,-0.01129695,-0.0690879,-0.07875006,-0.04636591,-0.047741123,-0.02839752,0.026827792,-0.11377329,-0.21592583,-0.2071747,-0.13221905,-0.12048769,-0.007912658,-0.14907622,-0.10648146,-0.12347966,-0.02838355,-0.10412045,-0.018572425,-0.05990959,0.0072422097,0.05478273,0.026414461,-0.022707475,-0.02041669,-0.015175109,-0.019469932,-0.031107651,-0.07072066,-0.07091825,-0.022764761,-0.056132182,-0.105946794,-0.14360024,-0.020144373,-0.12494811,0.040610835,-0.086282864,-0.15540136,-0.009127246,0.10212786,-0.086703986,-0.009481014,0.05525921,0.035360266,0.028347233,-0.099633805,-0.07561392,-0.05733679,-0.05825609,-0.11649019,-0.16551153,-0.12077396,-0.0027066758,0.006526521,0.023629509,0.09321093,0.013499794,0.1171846,0.113629535,0.081102304,0.05385106,0.06781667,0.06431813,0.058939457,0.07902984,0.0063721426,-0.015918555,0.12717177,0.12329425,0.107896335,0.14792871,0.10601113,0.11046998,0.09986008,0.12000123,0.06454134,0.07643372,-0.002039867,-0.06454313,0.004981849
166,-0.079331785,0.07744218,0.25122306,0.18139477,0.104099944,0.104883224,0.3485958,0.21339464,0.1342364,0.37231535,0.3526714,0.15964143,0.1274692,0.08669504,0.10104513,0.051071078,-0.0811189,-0.14243717,-0.2727734,-0.18681045,-0.029027276,-0.04147087,0.13813573,0.16884542,0.13682191,0.12146499,0.11607324,0.14065595,0.26858616,0.28047055,0.3383532,0.18522628,0.331219,0.31318843,0.2787104,0.15984885,0.0949699,0.042275067,0.093957365,0.16630843,-0.11063185,0.1441417,0.18348299,0.20462246,0.1233946,-0.09443816,0.11833824,-0.091907844,-0.14823025,-0.10621042,-0.0034142733,-0.067556076,0.11958622,0.24675909,0.14414601,0.08813679,0.13448681,0.09170679,0.14130558,0.025143668,0.18319084,0.3009931,0.053066894,-0.0018901697,-0.024738146,0.04932922,-0.087448984,-0.092180766,-0.10407656,0.019989777,0.037060216,0.06820144,-0.014531298,-0.019327646,0.021069266,0.012712593,0.06910582,-0.041341078,-0.05356403,-0.12557308,-0.11047935,0.025563844,-0.0733025,-0.014969435,-0.111075476,-0.23877288,-0.14122474,-0.331971,-0.27679715,-0.34882063,-0.36076877,-0.3427869,-0.18365078,-0.25035515,-0.20080782,-0.123233795,0.103431806,0.14007437,0.10050477,0.07882914,-0.15064733,-0.053959176,0.031739373,0.013051864,0.08389985,-0.0025821403,0.07314166,0.024566064,-0.22872032,-0.07452032,-0.2956822,-0.29128873,-0.2763364,-0.15110701,-0.19754665,-0.19618638,-0.29238123,-0.3147953,-0.15488496,-0.18624276,-0.18830448,-0.13225006,-0.04339469,-0.066645965,0.07117068,0.08295094,0.20499103,0.063260764,-0.06433345,-0.10140374,-0.01873125,0.09386797,0.12540363,0.06546431,0.16276205,0.37763312,0.29242077,-0.06263048,0.17018183,0.1362061,0.16251999,0.020169249,0.12664828,0.11038057,0.09608973,-0.13334937,-0.046550583,-0.13398568,-0.110705495,-0.21934012,-0.018971698,0.07627318,0.016366307,0.17395206,0.19058211,0.09180458,0.22623916,0.1263349,0.07738189,0.20210613,-0.055577807,1.0,0.32304987,0.22232571,0.20573911,0.20350185,0.040321983,0.048721038,0.15203112,-0.04800443,0.11168915,0.13473435,0.24117966,0.04482517,0.09726514,0.024963511,0.03859241,-0.08228911,-0.055057514,-0.010260525,0.1739677,-0.064204834,0.15991648,-0.03409714,0.03865845,0.1940063,0.11070156,0.111951016,0.042880952,0.0751147,0.14936186,-0.089974225,0.02538543,0.0036844194,0.009095944,-0.16118068,-0.049497794,-0.049853556,-0.0054445732,-0.14289534,-0.020544892,0.05190174,0.057493124,-0.06955511,0.0018243225,0.009887167,0.18044825,-0.01781107,-0.061021894,-0.056166053,-0.0494008,-0.05791961,-0.03178673,-0.07482563,-0.23892184,-0.08384806,-0.27301344,-0.1901967,-0.32062525,-0.15881409,-0.34149048,-0.14840336,-0.12242969,-0.1171286,0.008540524,0.062123574,0.022294806,0.064250775,-0.022369036,-0.05658807,-0.15371677,-0.030578008,0.09767243,-0.004312729,0.066832334,0.0497903,-0.029854134,-0.0024791309,-0.083171174,-0.092310324,-0.0736368,-0.11853887,-0.30094552,-0.19779909,-0.21787421,-0.28872,-0.29920763,-0.26031545,-0.22705929,-0.20802942,-0.07771703,-0.104508005,0.06183727,-0.006834308,0.13960461,0.093579724,0.034977827,-0.06768207
167,-0.11053391,0.07391589,0.30403826,0.20134464,0.064369455,-0.0014857573,0.42208856,0.29501793,0.22499733,0.26830804,0.2300687,0.1326518,0.24579763,0.007851758,0.025531977,0.023917744,-0.1115935,-0.21083368,-0.46149045,-0.33636767,-0.049708027,-0.15201811,0.06792659,0.0990197,0.0842097,0.14193632,0.22841844,0.3300148,0.60384,0.63169366,0.9411336,0.55337137,0.6408273,0.65179896,0.536997,0.41251913,0.30284986,0.17762356,0.26303926,0.37042624,-0.06675439,0.2219731,0.31673414,0.19121714,0.015838074,-0.22859679,0.2030379,-0.150301,-0.17830929,-0.04482897,-0.071261935,-0.07564186,0.14959297,0.47960448,0.2621697,0.094687894,0.36872742,0.2337593,0.28426865,0.058578633,0.07919014,0.26414856,-0.02700513,-0.0062983152,-0.057128884,0.047453556,-0.112757914,-0.059627723,-0.083376884,-0.044620115,-0.047231838,-0.013224382,-0.0030417142,-0.012062194,0.049668927,0.008107674,0.027840083,-0.07236957,-0.06927153,-0.12250015,-0.16177322,-0.030584522,-0.13029046,-0.12933797,-0.22400042,-0.38277265,-0.29234082,-0.48370498,-0.44863755,-0.46762243,-0.45350534,-0.43205506,-0.24333522,-0.24701513,-0.23468071,-0.19037765,0.10697346,0.15930057,0.074033454,0.066196285,-0.19163306,-0.026724273,0.13591197,0.13250637,0.21290736,-0.057047635,0.1006236,0.026133267,-0.21477981,-0.16550398,-0.31164253,-0.31872976,-0.3316739,-0.15523495,-0.20310432,-0.21403277,-0.35489315,-0.39675903,-0.19989689,-0.29691637,-0.24112524,-0.21097347,-0.0678719,-0.14516523,0.1229046,0.055310093,0.29953048,0.065183885,-0.11795313,-0.011579453,0.009241587,0.121575534,0.051595904,-0.0010874966,0.07365009,0.42115006,0.2934906,-0.16960226,0.039910913,0.1950757,0.16730866,-0.0149069335,0.03311494,0.07150805,0.0108279465,-0.17266242,-0.097659774,-0.24537675,-0.16514839,-0.3078791,0.0578387,0.12567584,-0.03649321,0.19190447,0.16262247,0.03425034,0.16622284,0.18534067,0.16366002,0.33041063,0.009358811,0.32304987,1.0,0.25380456,0.2915212,0.35619554,0.16177312,0.19872706,0.3236794,0.017807493,0.21007541,0.20874254,0.2486299,0.022997545,0.07967039,-0.020748489,-0.025247904,-0.1708954,-0.096866176,0.0075000394,0.1877515,-0.11280812,0.19267769,-0.068095185,0.13305488,0.19731191,0.29574957,0.21917167,0.15785846,0.014751945,0.17787677,-0.15399075,-0.03623392,0.04234618,-0.04484499,-0.23177774,-0.1542393,0.0095012905,0.0067103654,-0.080481045,-0.07826038,-0.022022536,0.016287202,-0.056333993,0.041573744,0.0021879722,0.15813772,-0.06582596,-0.07025727,-0.08878222,-0.07511772,-0.094036736,-0.12296073,-0.12508604,-0.34302822,-0.16138877,-0.43975347,-0.33099565,-0.33936596,-0.22327226,-0.38553706,-0.13188577,-0.16722625,-0.11610279,-0.0035988276,0.09225256,0.029911872,0.030353446,-0.07153938,-0.104485944,-0.19433089,-0.033429544,0.1780993,0.10674874,0.028065788,0.05837195,-0.019867953,-0.02593861,-0.17009205,0.05582735,-0.12799132,-0.05991766,-0.33905637,-0.22093378,-0.20667136,-0.33689398,-0.38188484,-0.4202476,-0.35162982,-0.28561085,-0.067643255,-0.17867555,0.09781783,-0.07387453,0.19681935,0.12264862,0.08258453,-0.048791897
168,-0.1269215,0.052177984,0.2235382,0.16646592,0.060344458,0.07566062,0.34144926,0.2280177,0.17733613,0.19700262,0.1618592,0.16483463,0.107295565,0.0075957174,0.028320314,0.028616542,-0.075604305,-0.16546051,-0.26821277,-0.18174073,-0.05877048,-0.08802095,0.05337687,0.07135035,0.07841738,0.13033113,0.12512204,0.14498049,0.26447156,0.2876012,0.37720227,0.1341274,0.4940846,0.3971319,0.3611793,0.18928476,0.101184554,-0.028535586,0.12273527,0.21258974,-0.13574345,0.15144224,0.19593109,0.09901989,0.030000163,-0.13735034,0.07350463,-0.09515589,-0.13423401,-0.076453485,-0.025477406,-0.081825525,0.07040456,0.31654617,0.12877198,0.02139999,0.17889158,0.124614306,0.17814323,0.028215969,0.077343725,0.2327486,0.020050338,0.014506191,-0.018556116,0.06108317,-0.044499375,-0.07980843,-0.050081335,0.016395023,-0.00075956614,-0.034373693,0.00086880854,0.0057197404,0.06322269,-0.00029918615,0.029452965,-0.06299676,0.0025862555,-0.06068189,-0.078783676,0.017722659,-0.049639523,-0.05822426,-0.13844408,-0.2352216,-0.14330092,-0.31676295,-0.27778423,-0.33319718,-0.3331828,-0.31768838,-0.19735344,-0.18855006,-0.12737834,-0.07875801,0.06914166,0.098224536,0.04356209,-0.011763183,-0.12562408,-0.022565879,0.05634033,0.045022745,0.08818732,0.0070377192,0.06817319,0.033326697,-0.13778439,-0.048141308,-0.2221663,-0.23785755,-0.20386943,-0.12689498,-0.14858201,-0.11939357,-0.17964399,-0.22450334,-0.17173605,-0.20130582,-0.16921078,-0.13256694,0.006388554,-0.061054006,0.11083847,0.106593974,0.2467334,0.12669188,-0.033805132,-0.02516875,-0.04563844,0.06500068,0.10963713,0.034090992,0.13893226,0.32254612,0.21658012,-0.07444243,0.045701616,0.20187514,0.16776636,0.007987403,0.029583959,0.060922924,0.022750657,-0.16946432,-0.034028634,-0.17093761,-0.11285259,-0.15008777,-0.019647038,0.070021205,-0.041629333,0.10819919,0.13372506,0.030570734,0.13060094,0.12770908,0.060468502,0.16727932,0.036483675,0.22232571,0.25380456,1.0,0.17747645,0.2927702,-0.04282295,0.057815097,0.20935763,-0.07106214,0.12502126,0.13449027,0.16070391,0.0651282,0.07370315,0.02869242,-0.01968054,-0.097299926,-0.027861373,-0.04737992,0.117543206,-0.061818,0.087011695,-0.016574845,0.061298516,0.13410485,0.15400468,0.13780965,0.095079936,0.0067382935,0.117903836,-0.07418557,-0.0056979554,-0.031843953,0.004416425,-0.15574417,-0.081503525,-0.025721738,-0.027859876,-0.095456295,-0.043004233,-0.05189262,-0.045285292,-0.03584891,0.03926266,0.0063807294,0.12335921,-0.014630832,-0.005492425,-0.014433177,-0.02143406,-0.020980818,-0.058996767,-0.07223382,-0.2165825,-0.07660338,-0.27745518,-0.17683999,-0.28710642,-0.14436395,-0.2980726,-0.083084784,-0.114410885,-0.050398324,0.048216414,0.038347714,-9.886526e-05,-0.0036892365,-0.036710516,-0.06320656,-0.13951176,-0.034050114,0.1138157,0.035609115,0.05397076,0.055689044,-0.012046719,-0.011821387,-0.107026786,-0.022178521,-0.049379025,-0.13051239,-0.24562836,-0.14758587,-0.18078947,-0.1750862,-0.23038326,-0.2623178,-0.23897947,-0.17828108,-0.027466834,-0.06100599,0.08350442,-0.00090252445,0.16492446,0.15235317,0.10121983,-0.007689341
169,-0.17579374,-0.032260813,0.29242748,0.25955814,0.023566976,0.04388832,0.27852023,0.111958586,0.10585762,0.13898835,0.050293703,-0.018667247,0.13194133,-0.099128105,-0.08329062,0.06143455,0.13713267,-0.2457779,-0.18475643,-0.18924603,0.20311035,-0.050934076,-0.017006751,0.006204007,-0.08860672,0.052159388,-0.017001767,0.00357202,0.18039355,0.1675772,0.31691015,0.10947024,0.46161494,0.4805323,0.42704105,0.4800105,0.39329222,0.27262792,0.3769141,0.43243855,0.07758123,0.31922996,0.24212517,0.12206009,-0.052099448,-0.14458586,0.11653111,-0.147072,-0.12695527,0.012117775,0.14885654,0.1286044,0.0062670913,0.46391353,0.44722927,0.26814616,0.47964704,0.4777383,0.5002209,0.38824788,0.33341658,0.4406071,0.2614931,0.06923233,0.11243856,0.08258327,0.0069669057,-0.10903945,-0.069080316,-0.101589724,-0.12542978,-0.0237607,-0.096433595,-0.10040917,-9.4730014e-05,0.027566982,-0.03744323,-0.1408101,0.030803151,-0.054887842,-0.016890189,0.12118805,0.05578241,0.08098027,-0.14497091,-0.22323453,-0.38485098,-0.49693936,-0.41859925,-0.43445644,-0.27900356,-0.44774136,-0.053324662,-0.12969333,-0.14912382,-0.018563671,0.23109561,0.20765221,0.18851416,0.08623288,0.0462871,0.14965837,0.21096095,0.050429106,0.14511916,-0.11483117,-0.12188866,-0.13479358,-0.30618137,-0.14543346,-0.3413108,-0.26749605,-0.2588367,-0.090247214,-0.14470263,-0.19830625,-0.35255352,-0.40652603,-0.35174417,-0.39503053,-0.44141826,-0.39616004,-0.26933435,-0.36788595,-0.15395243,-0.17518474,0.071469605,-0.011805876,-0.13674279,-0.09114608,-0.1115927,-0.013230436,0.16159956,-0.004684697,0.079474404,0.25090516,0.16123623,-0.08656542,-0.012842665,0.055393208,-0.0116497995,-0.13002217,-0.052605867,0.004274683,-0.005384361,-0.0756866,0.109781414,-0.21474181,-0.054133788,-0.08387825,0.249512,0.06497503,-0.019153897,0.08522442,-0.0021957022,-0.07819666,0.06327316,0.03824837,-0.041502405,0.1254649,-0.02522386,0.20573911,0.2915212,0.17747645,1.0,0.26003218,0.25223178,0.33926338,0.26351997,0.056099318,0.18282741,0.1425319,0.06689735,0.007032088,0.074567676,-0.01317121,-0.111181624,-0.11783969,-0.08621697,-0.18467644,0.27277192,-0.003915514,0.15807648,0.026762795,0.2547186,0.46389064,0.46193543,0.5126236,0.3825746,0.2330578,0.36041293,0.14431486,-0.008632819,0.062029604,0.10047094,-0.16300844,-0.035797957,0.0103828665,-0.007690402,-0.07422561,-0.06298435,-0.0056211306,-0.043633375,-0.04872596,-0.027084751,0.013968702,0.1828763,-0.052952465,0.031098926,-0.003966273,0.09020836,0.02210761,-0.03597594,-0.17982517,-0.18813851,0.016037157,-0.43170375,-0.44643593,-0.2196027,-0.21170165,-0.35171008,-0.068493135,-0.1883057,0.011955882,0.060709853,0.18765596,0.055946577,0.18645993,0.15508449,0.10722593,0.019701758,0.07355268,0.24234413,0.061374053,0.036092203,-0.1382481,-0.15241782,-0.09885554,-0.24070913,-0.052062385,-0.07229294,-0.12085944,-0.30715004,-0.12991114,-0.14808431,-0.3233212,-0.43506294,-0.40540078,-0.42028308,-0.38349083,-0.31281888,-0.3605234,-0.17988391,-0.24004067,-0.038622938,0.06443141,0.092064954,-0.042308535
170,-0.2056427,-0.07494571,0.39516312,0.31482932,0.064937,0.07379152,0.471716,0.14207624,0.20195489,0.24001461,0.11214583,0.069298334,0.21829359,-0.0016307401,-0.007138559,-0.05119628,-0.10952943,-0.33760402,-0.36443156,-0.26118132,0.07029479,-0.17043494,0.034559112,0.08000892,0.012126535,0.021165803,0.05114419,0.05579854,0.25899598,0.24485393,0.42536086,0.21407965,0.5384308,0.45782632,0.5386459,0.48627728,0.39654574,0.2595588,0.39621258,0.44279876,0.075533144,0.34409055,0.31098753,0.12045585,-0.012770651,-0.22034612,0.13170227,-0.14990653,-0.13170801,-0.02412545,-0.007336537,-0.056910243,0.03704458,0.37219587,0.40991995,0.17489912,0.4337121,0.33180654,0.31611404,0.098693825,0.13157943,0.35617727,0.039098646,0.0075144577,0.001264805,0.0909633,-0.092121646,-0.18620436,-0.03306978,0.036590524,0.027636338,-0.04647084,0.0132603,-0.008843222,0.042876113,0.0060383733,-0.011639177,-0.059186045,-0.0012524779,-0.07981672,-0.11483199,0.10774728,-0.04557827,0.047911223,-0.110222295,-0.19999927,-0.24341233,-0.47965074,-0.3608664,-0.46178284,-0.3583852,-0.41447935,-0.17601815,-0.1584442,-0.10677898,-0.039457727,0.12964146,0.16564685,0.0738743,0.025715,-0.13068318,-0.023217186,0.08867576,0.06220379,0.12070556,-0.13011254,0.0150247775,-0.03525136,-0.22445227,-0.1592112,-0.29525056,-0.3042751,-0.29481694,-0.10706818,-0.17994265,-0.17554156,-0.29985806,-0.33614734,-0.29129538,-0.3318281,-0.29704592,-0.26865557,-0.102246545,-0.19982801,0.03674879,0.012859421,0.20357311,0.06462008,-0.032196354,-0.028665697,-0.13167639,-0.060235105,0.16480133,0.025567625,0.14738357,0.391606,0.29110578,-0.060918253,-0.030930487,0.19379975,0.10264203,-0.052814785,0.033920415,0.097365186,-0.08576467,-0.16747853,-0.09265152,-0.34416565,-0.1997699,-0.18409452,0.13992387,0.062133066,-0.008021581,0.14775872,0.075543225,-0.015264567,0.06836159,0.094180495,0.018677624,0.1789967,-0.06765011,0.20350185,0.35619554,0.2927702,0.26003218,1.0,0.22759494,0.35173994,0.31718475,0.1254245,0.18734,0.19541596,0.16655384,-0.033479635,0.057786632,-0.001419041,-0.039366614,-0.17161086,-0.030296033,-0.0071094735,0.15597917,-0.11117791,0.11636235,-0.10254889,0.18028338,0.34284064,0.399893,0.2724718,0.21015139,0.07328254,0.24712409,-0.0682539,0.052331068,0.04414294,0.04099755,-0.1933723,-0.07898186,0.028975394,-0.061574895,-0.14006269,-0.04022032,-0.035483394,0.012121112,-0.033364374,0.039570227,3.1139134e-05,0.12922762,0.027473506,-0.03434087,-0.0006673657,0.005831156,-0.030415688,0.019049069,-0.10283167,-0.17164837,0.013802416,-0.39561084,-0.37483126,-0.24430768,-0.24559337,-0.33364895,-0.079477705,-0.13416134,0.0012967358,0.10904126,0.08507698,0.05813096,0.028104344,-0.017277392,-0.052560784,-0.15030427,-0.03155596,0.1497393,0.044314094,-0.020835683,-0.0178279,-0.05440517,-0.04977054,-0.16721575,0.014712178,-0.10230605,-0.09591148,-0.32116488,-0.17902465,-0.20071603,-0.2872656,-0.3452004,-0.41687536,-0.37474266,-0.32415253,-0.119277634,-0.20105863,0.005715804,-0.08054274,0.111996666,0.08079889,0.0946777,-0.016247435
171,-0.14116965,-0.14767812,0.12171545,0.09790226,-0.110442705,-0.08921244,0.050633643,-0.13166463,0.00095193984,-0.02664941,-0.1359979,-0.2556661,0.12648244,-0.048893828,-0.12416506,-0.076000124,0.23910612,-0.2576439,-0.06772708,-0.18498847,0.38866422,0.022360276,0.014720337,-0.004603794,-0.23731034,-0.15736611,-0.17530462,-0.18387568,0.025583819,-0.05128012,0.11526953,0.06158688,0.17988598,0.21668534,0.31336263,0.69207466,0.7030615,0.9827058,0.56753325,0.4999977,0.41560283,0.4626076,0.23254812,0.10546941,-0.1469507,-0.13936725,0.09256124,-0.19129863,-0.058896944,0.17515287,0.09337501,0.15315083,-0.060597997,0.3134063,0.61441976,0.4158933,0.55745685,0.53089154,0.3429975,0.37000254,0.19350609,0.28113887,0.14397141,0.031437784,0.037972517,0.039388772,-0.046229113,0.03383702,-0.19431743,-0.13499428,-0.09057662,0.0024143704,0.038452756,-0.08977482,-0.021067847,0.06810847,-0.02469243,-0.031571757,-0.031129677,-0.070405774,-0.10375058,0.025328102,-0.057791382,0.043494385,-0.12010939,-0.10201642,-0.34750694,-0.37521043,-0.2855779,-0.2965361,-0.10706736,-0.25772575,0.2566207,-0.08648214,-0.103061505,-0.07592444,0.06392168,0.11156867,0.0831305,0.013454187,0.08696037,0.064173244,0.12409682,0.07305511,0.16302447,-0.17212078,-0.1502682,-0.09645731,-0.22364525,-0.12939796,-0.19054875,-0.07295006,-0.11162498,0.13587254,0.0144174835,-0.22633909,-0.34641296,-0.36751905,-0.28810686,-0.33852994,-0.38014776,-0.3627826,-0.2464822,-0.38627237,-0.2581972,-0.2876381,-0.19357899,-0.24516472,-0.14926863,-0.07247091,-0.0806203,-0.063828446,-0.035750415,-0.11107324,-0.15494604,-8.168845e-05,0.029945023,-0.045883138,-0.06257989,-0.12873434,-0.22193742,-0.15520696,-0.00892371,0.025166404,-0.05799567,-0.03144146,0.123370804,-0.235235,-0.07176383,-0.08043293,0.45025203,0.015171847,0.019832658,0.04086755,-0.18771617,-0.17938726,-0.088390805,-0.083168246,-0.15828495,0.08161994,-0.13677035,0.040321983,0.16177312,-0.04282295,0.25223178,0.22759494,1.0,0.66420627,0.19059196,0.32033792,0.1432946,0.12149262,0.004913919,-0.10874687,0.04089453,-0.04778762,-0.13943416,-0.18090057,-0.0867778,-0.098698884,0.19608863,0.04788182,0.14472961,-0.10745581,0.37789795,0.47213545,0.5665812,0.3998683,0.39639902,0.09957484,0.34058613,0.12985237,0.028024893,0.044121314,0.019360492,0.02175708,-0.008179479,0.12143842,-0.03144665,0.044724714,-0.08670451,0.01163207,0.013542273,-0.018593442,-0.02679102,0.02670821,0.016435355,-0.032915585,-0.02593602,-0.04242138,-0.019824302,-0.061857402,-0.046929628,-0.14609545,-0.07647145,0.029045003,-0.28128615,-0.41009974,0.020327363,-0.1452124,-0.15508373,-0.016688209,-0.07436081,-0.07430152,-0.02916378,0.058494084,-0.003371806,0.09425189,0.10114838,0.0149098085,0.0980792,0.05795507,0.107825354,0.07666657,-0.08853686,-0.17843734,-0.19628012,-0.1499646,-0.10853014,0.008289337,-0.008044934,0.08113109,-0.1456804,0.061460122,0.019896012,-0.32438338,-0.3535804,-0.2701508,-0.3234658,-0.28562185,-0.32597858,-0.4262781,-0.23241508,-0.25486544,-0.21862963,-0.16376263,-0.07965294,-0.06271572
172,-0.28130323,-0.20173395,0.31682536,0.36353847,-0.13545543,-0.002498299,0.13272941,-0.11084418,0.05012492,0.020018687,-0.15315624,-0.26684597,0.07377989,-0.13853757,-0.20642658,-0.12871464,0.2820055,-0.3685686,-0.07688886,-0.07085996,0.52838194,-0.10665574,-0.072541215,-0.014846126,-0.3640872,-0.16215083,-0.20130293,-0.19511421,0.07886708,-0.004116913,0.19024584,0.08288682,0.29158556,0.32839426,0.4324076,0.7451917,0.63931984,0.7044597,0.9292335,0.7301426,0.4634323,0.5096697,0.26690665,0.15205358,-0.18583351,-0.1636234,0.055261545,-0.07846786,0.039409634,0.1325686,0.15917853,0.16729428,-0.060670245,0.37262988,0.6768691,0.37254807,0.6378701,0.5861225,0.38509727,0.3569381,0.21051179,0.3634417,0.17687804,0.046340477,0.15418006,0.10579531,0.055972826,-0.01363711,-0.124848485,-0.13991965,-0.12699027,-0.095346235,0.0029832784,-0.0754366,-0.013278519,0.03058131,-0.12228513,-0.13671611,0.078148365,0.026328236,-0.015505392,0.1737216,0.040828854,0.12813693,-0.124829195,-0.08893045,-0.42229983,-0.48693472,-0.34216583,-0.4060809,-0.16276495,-0.34079313,0.24884897,-0.07095334,-0.059504837,0.030530581,0.17964682,0.21526727,0.13095261,0.02876753,0.1033158,0.15524484,0.21404901,0.060372878,0.13901274,-0.2672791,-0.33098203,-0.19482617,-0.22827797,-0.09967137,-0.26313198,-0.05339068,-0.14207815,0.08379256,0.055275474,-0.17685165,-0.3026072,-0.367285,-0.42729738,-0.503579,-0.55847764,-0.5515365,-0.3821628,-0.55555457,-0.39414516,-0.34655628,-0.20436285,-0.13009836,-0.035902888,-0.039379355,-0.22757167,-0.3524288,0.26446494,-0.11263586,-0.07010144,0.06417689,0.054169912,0.0057275766,-0.112309195,-0.07483362,-0.2342199,-0.23991907,-0.08733989,0.032307815,-0.13006967,-0.116382144,0.14394173,-0.30471864,-0.10850066,0.065950006,0.47014058,-0.03862829,-0.012517935,0.010887049,-0.26118752,-0.2688073,-0.035257824,-0.10041106,-0.1820103,0.072354354,-0.15563156,0.048721038,0.19872706,0.057815097,0.33926338,0.35173994,0.66420627,1.0,0.35470602,0.40443403,0.15426783,0.14865994,0.0074889963,-0.13122149,0.017626373,-0.06210686,-0.11309805,-0.102395386,0.008020581,-0.027315835,0.23882021,0.031128298,0.16352524,-0.09319698,0.40467626,0.5419599,0.6367684,0.42815962,0.43234318,0.08660022,0.39056838,0.17079605,0.052284013,0.06556675,0.07065248,-0.01938637,0.083326854,0.10900173,-0.047573645,0.0012342422,-0.13989039,-0.063446164,-0.031742226,-0.014818554,-0.0031993862,0.0075447857,0.07236543,-0.023696166,0.051988114,0.051895805,0.08420689,-0.003284585,0.015048309,-0.1553951,-0.03829967,0.12800959,-0.35977182,-0.52466476,-0.014108964,-0.18061037,-0.28144577,-0.03843142,-0.10848068,0.0112275025,0.07709826,0.12581813,0.020148134,0.11246924,0.13830446,0.070862256,0.0899771,0.1211686,0.18463552,0.12031036,-0.044201646,-0.34832954,-0.32231873,-0.22179367,-0.15800935,-0.011951947,-0.02788836,0.037366986,-0.1434989,0.030898046,0.037347198,-0.26590294,-0.42472574,-0.36612135,-0.4885443,-0.43152186,-0.48470038,-0.5388222,-0.40874082,-0.31929064,-0.267889,-0.09986413,0.029792424,-0.000141328
173,-0.107140146,0.25126472,0.3331804,0.19197443,-0.0002061766,-0.054105155,0.3988652,0.1321858,0.14394554,0.12027081,0.13887765,0.083014034,0.14777161,-0.001604315,0.008782653,0.061093133,-0.07809368,-0.24893118,-0.30830407,-0.28135455,-0.006043438,-0.23750848,0.0074269692,0.08139952,0.046564408,0.050545502,0.047909666,0.076502144,0.25310785,0.22458197,0.35143793,0.15471113,0.46685955,0.44658735,0.48480842,0.41935822,0.28854388,0.2070394,0.4043766,0.48853838,0.07670716,0.15986367,0.22230172,0.09158438,-0.00057531096,-0.18752956,0.30544856,-0.06779343,-0.067434445,0.0021563175,0.009047396,-0.06416895,0.06289567,0.3469097,0.26247856,0.088224515,0.29784435,0.21676356,0.2042434,0.0363005,0.0054993806,0.25087437,0.012817407,-0.022549823,0.07456514,0.12031839,-0.0063038706,0.021152638,-0.05298042,0.04664657,-0.006132472,-0.06462412,0.017342122,0.023705792,0.060245626,0.017699085,0.07317934,-0.05406287,-0.017169569,-0.026882935,-0.139144,0.012542553,-0.0788381,-0.0620866,-0.14606431,-0.23884757,-0.2175183,-0.43864664,-0.31663704,-0.42796198,-0.35392484,-0.35508776,-0.10201982,-0.18444803,-0.18337773,-0.14445306,0.04005303,0.11389571,0.055003393,0.02407294,-0.18270329,-0.06446464,0.06376991,0.061695095,0.12813342,-0.08985474,0.03280788,-0.022358583,-0.21058704,-0.14605285,-0.30555227,-0.34870985,-0.3388604,-0.23230904,-0.23742224,-0.2092795,-0.2749122,-0.31765065,-0.13803874,-0.22651993,-0.19265474,-0.20170158,-0.04650461,-0.12591857,0.08588017,0.026541652,0.20720668,0.0477573,-0.05505202,0.0021609352,0.069254555,0.14828284,0.003304795,-0.045353826,-0.045180492,0.30429953,0.28699246,-0.3003459,-0.035871167,0.107901685,0.12488477,-0.014893223,0.031812474,0.08355883,-0.04787221,-0.11405778,-0.096503764,-0.2651165,-0.11717284,-0.21433304,0.010701733,0.06355238,-0.04753659,0.12055562,0.12194759,-0.0117115835,0.102857955,0.07447593,0.018881768,0.1908934,-0.018667646,0.15203112,0.3236794,0.20935763,0.26351997,0.31718475,0.19059196,0.35470602,1.0,0.1280558,0.1635782,0.13535489,0.15672028,0.04630308,0.07907721,-0.111973956,0.011750251,-0.07206055,-0.014379904,-0.06672238,0.1859455,-0.08508283,0.10118135,-0.07194228,-0.033187203,0.19111663,0.270186,0.17289619,0.13777532,-0.045756157,0.2370671,-0.009951539,0.0065004993,0.063169286,0.015866969,-0.16367723,-8.413681e-05,0.046096615,0.014648561,-0.008403211,0.029917337,-0.057959765,-0.02660106,-0.030679747,0.0742089,0.074469335,0.16437621,-0.0030658115,-0.040553898,-0.015936464,-0.055024914,-0.06821946,-0.030727636,-0.09880621,-0.20107497,-0.07022637,-0.34978822,-0.36566266,-0.2246707,-0.23078483,-0.3105697,-0.10136218,-0.1478729,-0.10841571,-0.0048810374,0.027706608,0.0027821597,0.001084883,-0.11996272,-0.13070466,-0.20400135,-0.006617119,0.102308705,0.056131694,-0.017123496,0.006409849,-0.005349372,-0.03864777,-0.13555408,0.0039448086,-0.15011546,-0.16552885,-0.34926778,-0.2842377,-0.29045767,-0.25124988,-0.29081383,-0.34787697,-0.27561444,-0.22813602,-0.07268212,-0.14419007,0.0589986,-0.0561594,0.12847464,0.106720604,0.05628396,-0.0016154839
174,-0.043775614,-0.0554795,0.21548198,0.25822,-0.018934665,-0.049678825,-0.082765795,-0.14326358,-0.056527648,-0.10254786,-0.12148479,-0.2044321,-0.0680343,-0.11277089,-0.096598074,-0.11827892,0.04160249,0.016363682,0.14559403,0.006374397,0.15537536,-0.11073865,-0.08842331,-0.13351573,-0.24703455,-0.15027587,-0.13593918,-0.08564511,-0.019520158,-0.046541244,-0.0014943178,-0.0057266047,-0.045802955,-0.030742655,0.09742663,0.2321703,0.18832235,0.3208328,0.37657252,0.31274185,0.86294264,0.07392196,0.018790178,-0.03625663,-0.24304286,-0.13343544,-0.06074529,0.010707925,0.12072418,0.054160666,-0.038548674,-0.032998838,-0.058414996,0.006783722,0.19936058,0.038870946,0.14092475,0.11505961,-0.040367663,0.024000948,-0.08170597,-0.12167356,-0.075123064,-0.052226182,-0.023559054,-0.093245976,-0.06143757,-0.06944904,-0.0837658,0.040066373,-0.061205335,-0.056250874,-0.072417624,-0.08054122,-0.08808629,-0.05681859,-0.120925434,-0.038891118,0.019671815,0.051745888,0.057823796,0.05058067,-0.006109062,0.014776692,0.01881062,0.052134532,-0.06752364,-0.015436104,0.0067406967,0.009657349,0.11344926,0.032431163,0.22769667,0.04916068,0.05215676,0.0064039784,-0.07740255,-0.043616857,-0.089043766,-0.0871241,0.049183827,-0.021294774,0.016388118,-0.028718513,-0.020051474,-0.15728466,-0.17345577,-0.10524238,-0.02630948,-0.02633814,0.045797817,0.03566596,0.006709836,0.04851151,0.07060618,-0.010785558,-0.0029698794,0.026400207,-0.035292983,-0.059602484,-0.07913062,-0.07799435,-0.053016976,-0.11520831,-0.13454828,-0.115002446,-0.16455309,-0.08491015,0.017285893,0.006151779,-0.053959332,-0.24892938,0.17395002,-0.028248118,-0.14885259,-0.13557658,-0.06894209,0.0057294834,-0.11024204,-0.12126356,-0.20931298,-0.24992067,-0.1006567,-0.04629847,-0.136308,0.0070651397,0.0034735575,0.018311515,0.038781255,0.19371247,0.1287108,0.0155447135,0.014317456,-0.102384575,-0.24894515,-0.19443722,-0.06366314,-0.09287787,-0.04961682,-0.033550214,-0.07345867,-0.04800443,0.017807493,-0.07106214,0.056099318,0.1254245,0.32033792,0.40443403,0.1280558,1.0,-0.016307691,-0.0061756046,-0.077207014,-0.08432425,-0.09008192,-0.1502198,0.009955709,0.007444585,0.0072940025,0.15892568,-0.11728613,-0.0626081,-0.03900954,-0.17871915,0.11662725,0.044385016,0.15267259,-0.009176309,0.078105725,-0.0374715,-0.05631148,-0.017029095,-0.019081386,-0.03847384,-0.03385482,0.06482769,0.017522207,0.04316255,-0.04813847,0.021321496,0.02025258,-0.050045475,-0.023771098,-0.015626615,-0.059984352,-0.06699044,-0.09988754,-0.029349055,0.0035381254,0.029882083,0.024954269,-0.010230564,0.0008865797,0.013360205,0.07216741,0.09111672,0.0004788313,-0.07131905,0.12683237,-0.02987536,0.07721555,0.030013934,0.037795924,-0.0049205264,-0.0110118175,-0.043480206,-0.023007685,-0.088500366,-0.045287117,-0.0204299,0.044072136,0.03197701,-0.056734055,-0.0012375946,-0.06519955,-0.18468794,-0.11975896,-0.11396054,-0.037252866,0.06696377,-0.06816035,0.02656298,0.021447456,0.029993787,0.017775534,0.01218644,-0.009279003,-0.030680021,-0.05519856,-0.062043037,-0.12204048,-0.10868582,-0.1332609,-0.042460702,-0.1440819,-0.102668725,-0.056770865,0.047396403
175,-0.05618369,0.0045929737,0.16282868,0.10775389,0.0082363635,0.051724356,0.21120004,0.045262028,0.08026585,0.046218827,0.034735497,0.007213274,0.14766784,0.05510515,0.062151704,0.08210923,-0.035870314,-0.17931753,-0.20837201,-0.1541748,0.13191931,0.04235279,0.06276288,0.06916302,0.005621817,0.09885814,0.027698727,0.0093337,0.1297347,0.09414846,0.21131231,0.081922114,0.34227005,0.32115132,0.36334416,0.30938593,0.25557512,0.15891607,0.16410598,0.25254428,-0.017680714,0.29194352,0.17822176,0.07996432,-0.0015651513,-0.1296196,0.082653195,-0.15316637,-0.10336219,0.014578388,-0.032482523,0.017177198,0.0069169025,0.31004477,0.22890618,0.15939043,0.2779283,0.20151274,0.20967686,0.085041605,0.03461742,0.21961483,0.049817577,0.0046340185,0.043681156,0.08753586,0.019531794,-0.025628028,-0.07120739,-0.039149564,0.02350246,0.029257243,0.043134306,-0.0027834813,0.040160432,0.005782462,0.018817538,-0.04624958,0.0014790904,-0.05354752,-0.10408275,0.012499638,-0.061143428,0.0043148077,-0.111879885,-0.14522387,-0.13865487,-0.28146634,-0.19892912,-0.25360557,-0.25974253,-0.23089555,-0.15960632,-0.15247358,-0.14063694,-0.099454045,0.079692714,0.12432523,0.08902945,0.037473172,-0.10666666,-0.02464134,0.062298723,0.042310253,0.090430744,-0.038020566,0.034053672,0.0023014422,-0.15533914,-0.080408916,-0.23551668,-0.22145584,-0.22531085,-0.07694377,-0.16796555,-0.18957181,-0.26417837,-0.2738959,-0.1276356,-0.15055801,-0.17340839,-0.14711156,-0.04966203,-0.10966608,0.03958288,0.0061958414,0.12115756,0.0051609785,-0.063345514,0.0061828005,-0.045800645,0.10054581,0.027370261,-0.028181888,0.05531786,0.17685762,0.1504866,-0.13499609,0.0003084614,0.03658741,0.034092784,0.025706746,0.057902705,0.03641765,0.014193331,0.004178681,-0.039813656,-0.20092727,-0.0118917525,-0.17840749,0.23330873,0.1471145,-0.023359377,0.09262303,0.06784546,-0.014536815,0.048062228,0.0320088,-0.038218286,0.09471595,-0.004312607,0.11168915,0.21007541,0.12502126,0.18282741,0.18734,0.1432946,0.15426783,0.1635782,-0.016307691,1.0,0.112933666,0.09662289,0.00053080934,0.02927305,0.011224241,-0.10465528,-0.17686875,-0.045055117,-0.08318189,0.12323059,-0.013234238,0.09353448,0.04014101,0.1570167,0.21498355,0.22707458,0.19373164,0.1161788,-0.014728637,0.21294563,0.013567372,0.0320124,0.039961874,0.04540488,-0.10273382,-0.044429988,-0.017620014,-0.019501762,-0.07171841,-0.088380285,0.010250537,0.027973747,-0.007121518,-0.0045033135,0.014914229,0.11334016,-0.013704445,0.01359357,-0.023557829,-0.027871983,-0.042710565,-0.02015363,-0.11363091,-0.12141467,-0.04065123,-0.23246528,-0.25039986,-0.10631401,-0.20636024,-0.22884278,-0.06768027,-0.08405143,-0.07316154,0.003925889,0.047594223,0.035272934,0.04693761,-0.025899963,-0.048152972,-0.11157128,-0.009649562,0.09788621,0.034851056,-0.030983882,0.0075443597,-0.033771947,-0.009527231,-0.11503989,-0.04954832,-0.035426438,-0.09926734,-0.2411519,-0.13917679,-0.14805345,-0.24750641,-0.23117185,-0.21139197,-0.1763524,-0.21486795,-0.07304855,-0.15815537,0.037281107,-0.044661302,0.07882143,0.021969052,0.016686466,-0.013013305
176,0.008248452,-0.07713248,0.10761906,0.09614252,0.030527307,0.06191315,0.23736303,0.067502104,0.06349723,0.07456471,0.084776,0.056032624,0.13632677,0.12094758,0.10142494,0.06049088,-0.07004638,-0.14480424,-0.2172339,-0.18964903,0.030613035,0.0017923217,0.20730558,0.21337008,0.066132694,-0.047519438,0.04553587,0.0117919715,0.15568952,0.09550899,0.23085362,0.09342706,0.3067077,0.2863828,0.27224693,0.2206678,0.18374372,0.13250272,0.11978182,0.17042103,-0.03943301,0.26453283,0.768819,0.19458003,0.109854564,-0.09136511,0.081984945,-0.10639569,-0.122213356,-0.046342593,-0.02583098,-0.012987319,0.045503527,0.32109392,0.21609099,0.14255229,0.20293084,0.16336939,0.14412323,0.008888859,0.05752037,0.26229796,0.031883724,0.025749717,-0.026537662,0.124135055,-0.028420297,-0.020997886,-0.10378705,0.0219926,0.074344784,0.07359488,0.09413074,0.07181325,0.06076068,0.01764447,0.035861522,-0.056448635,-0.05280273,-0.07784046,-0.1402945,0.0003057731,-0.12924713,-0.010807128,-0.1211118,-0.15631804,-0.10852805,-0.2647815,-0.19957456,-0.27072242,-0.29185072,-0.28026846,-0.14591442,-0.21647087,-0.19012786,-0.14526607,0.018654391,0.104537204,0.041165363,0.016866092,-0.19927655,-0.12920402,0.0073172916,0.014413127,0.064218834,-0.024129216,0.057332173,-0.005566695,-0.13921623,-0.09096239,-0.22787887,-0.17651132,-0.21434481,-0.06596917,-0.09722175,-0.20471725,-0.25927392,-0.28824687,-0.12962534,-0.17509982,-0.14016531,-0.1097381,-0.026039839,-0.044942137,0.0768896,0.06538513,0.16281925,0.020321596,-0.092243984,-0.0038101338,-0.01858767,0.01199631,0.045180548,-0.026633378,0.06564463,0.20446642,0.1545856,-0.11901434,-0.022605922,0.08095396,0.09771201,0.080499955,0.15678847,0.07164214,0.023099227,-0.027679529,-0.04777978,-0.1598353,-0.04699095,-0.23476534,0.077335976,0.076041535,0.04705595,0.23951316,0.1343356,0.0367219,-0.0014404281,0.08998437,-0.01718352,0.12055086,-0.063822344,0.13473435,0.20874254,0.13449027,0.1425319,0.19541596,0.12149262,0.14865994,0.13535489,-0.0061756046,0.112933666,1.0,0.23026285,-0.057558037,0.07825272,0.078477584,-0.033479404,-0.1342845,-0.033521034,0.08681245,0.15423425,-0.026988063,0.19568254,0.011592615,0.10071707,0.21867315,0.19698568,0.13034774,0.07725493,0.012229989,0.18162467,-0.07702845,0.0413783,0.032500353,0.0043784427,-0.1263914,-0.04173515,0.020418271,0.0007246142,-0.0862478,-0.054970503,0.05462674,0.076112434,0.042059142,0.087912,0.016223839,0.07458341,0.0029314908,-0.05641569,-0.049928267,-0.08602363,-0.08813026,-0.017639315,-0.07198929,-0.15343107,-0.07938898,-0.20048954,-0.20681898,-0.21688129,-0.15104933,-0.26107487,-0.12636861,-0.12837061,-0.12300937,-0.024852071,-0.005691087,0.009911986,-0.010094496,-0.06728566,-0.10261315,-0.1836052,-0.119190484,0.012859614,-0.008645006,-0.0046734116,0.031928338,0.045160644,-0.027874831,-0.044950195,-0.042782973,0.030769834,-0.034535013,-0.20812744,-0.13455582,-0.10548321,-0.2566015,-0.24916315,-0.22339512,-0.2017953,-0.14564693,-0.034722786,-0.09016318,0.08165585,-0.0116840005,0.13164082,-0.008628151,0.00747233,-0.034841113
177,0.012566344,0.08205804,0.13315353,0.06373203,0.042163096,0.02925716,0.3582281,0.20264725,0.1855145,0.20116878,0.37828797,0.34598288,0.27056104,0.4399762,0.3926964,0.15900767,-0.27984056,-0.140963,-0.38304573,-0.23867756,-0.07268187,0.03315381,0.5241564,0.6213868,0.3923944,0.123817824,0.23060173,0.1662222,0.30123898,0.23039068,0.28231722,0.08453249,0.31272498,0.28094387,0.25004774,0.107652776,0.04594022,0.012472854,0.035895415,0.1213249,-0.17972231,0.18952374,0.33973673,0.77544093,0.45110524,0.029707195,0.25189435,-0.066504724,-0.13041434,-0.055537883,-0.060173124,0.016555883,0.26897857,0.28754452,0.059443433,0.04709843,0.034422792,-0.037569463,-0.01128247,-0.15925409,-0.07114579,0.1804279,-0.08379646,-0.009877632,-0.09488514,0.085249685,-0.12762286,0.0021366065,-0.118228205,0.18392017,0.3147,0.13802521,0.28824982,0.17125568,0.1255909,0.03807103,0.11682224,-0.031795725,-0.19510125,-0.18438649,-0.2624681,-0.15636005,-0.25301802,-0.18513164,-0.18165877,-0.2823645,-0.086246304,-0.2977416,-0.22713813,-0.32759285,-0.4071445,-0.2987215,-0.16600424,-0.35556296,-0.2742154,-0.2956674,-0.11134194,-0.010319953,-0.07805684,-0.05319283,-0.3406297,-0.25198352,-0.049406026,-0.0053791287,0.0815531,0.0173904,0.14907262,0.090594515,-0.09426118,-0.06057082,-0.27760625,-0.27562585,-0.32962564,-0.26081198,-0.17780392,-0.16157383,-0.19420604,-0.21410342,-0.025917836,-0.06333456,-0.01881569,0.0049788165,0.10799589,0.09454155,0.21772604,0.20243745,0.2855771,0.045921605,-0.09758747,-0.023619415,0.06967365,0.119207054,-0.011419598,0.014039672,0.08661961,0.33141935,0.3013708,-0.14599605,0.108097516,0.29814738,0.42114368,0.3680953,0.47084823,0.24858932,0.093182445,-0.11835569,-0.23740387,-0.19581942,-0.15199466,-0.33116448,-0.045608923,0.06976032,-0.020424493,0.5934636,0.5877886,0.23311535,0.23575504,0.20899124,0.04582434,0.32775113,-0.013429608,0.24117966,0.2486299,0.16070391,0.06689735,0.16655384,0.004913919,0.0074889963,0.15672028,-0.077207014,0.09662289,0.23026285,1.0,0.13947603,0.25472,0.13769884,0.06980001,-0.13063477,-0.056177296,0.055828307,0.18619193,0.124583855,0.5162876,-0.023682017,-0.044774666,0.04375499,0.021787003,-0.06339799,-0.117085874,-0.17850296,0.10278358,-0.15598723,-0.050118264,0.031493034,-0.060743764,-0.15405037,-0.14125791,-0.057715062,-0.0019305019,-0.08550564,0.02730998,0.089822486,0.15344802,0.026192784,0.09533022,0.06901475,0.1448755,-0.012241901,-0.18550226,-0.16341655,-0.23653764,-0.16504672,-0.08441484,-0.0070944,-0.25741893,-0.21298407,-0.20438178,-0.17600042,-0.34764275,-0.10530957,-0.3254962,-0.1905519,-0.10663485,-0.27980465,-0.108946204,-0.11523847,-0.040919866,-0.12573649,-0.2195066,-0.25921446,-0.29719004,-0.12972073,-0.04290567,-0.036976192,0.018583927,0.12329301,0.08417475,0.05204215,0.03207048,-0.052009292,-0.046621457,-0.14814548,-0.27606454,-0.29375923,-0.23406738,-0.19621043,-0.16240764,-0.18978098,-0.11679779,-0.106922895,0.07380892,0.036141574,0.21233197,0.09881208,0.26499176,0.04157349,-0.024322687,-0.090449974
178,-0.03604882,0.11087387,0.112998344,0.041573647,0.04294624,-0.035641547,0.11464436,0.10022235,0.035597537,0.06943659,0.09553362,0.118830234,-0.024760827,0.04253485,0.06300346,0.04400568,-0.0676302,-0.05514657,-0.121478155,-0.040577043,-0.14549015,-0.042133287,0.057414778,0.06017439,0.13078497,0.11941219,0.09201778,0.10059713,0.08083073,0.10704895,0.03708251,-0.031176448,0.06482852,0.041972995,0.025450101,-0.04239607,-0.06963139,-0.11077763,-0.04500994,-0.011759126,-0.12576985,-0.048571303,-0.07558019,0.11105622,0.08867197,0.061008874,0.11913933,0.06856182,0.02965001,0.027479617,0.06408874,0.048644066,0.06027699,0.045309313,-0.07295077,-0.11367891,-0.043787938,-0.04616124,0.029622993,-0.0051022586,0.029821211,0.018854333,0.01718896,-0.0063514556,-0.024331769,-0.05831376,-0.09055589,-0.02664127,0.046945613,0.07664096,0.056147218,-0.0005223739,0.019238636,-0.008268148,-0.006402945,-0.013809515,-0.0072850734,-0.056562636,-0.044254076,0.0020497267,0.006330641,-0.047065612,0.011794156,-0.06448195,-0.030001583,-0.08353444,-0.009703597,-0.044486646,-0.08242138,-0.0804613,-0.059354268,-0.029271666,-0.08208442,-0.0096953325,-0.016724942,-0.032418586,-0.040453274,-0.06661226,-0.049218245,-0.026905762,-0.0051589725,0.004676972,-0.0016566983,-0.022001887,-0.015578123,-0.008874963,0.027622616,0.009353846,-0.000909074,-0.07210376,-0.035740994,-0.08424512,-0.030956732,-0.16280563,-0.06263346,0.041865896,0.0744082,0.06197276,-0.016448518,-0.011319304,0.04284085,0.012051825,0.03098238,0.033288673,0.055437367,0.016390653,0.050889336,0.008225391,-0.025087073,0.0018712067,0.030067518,0.071669616,0.014733642,0.03578536,0.052556038,0.088580206,0.054560788,-0.033196986,0.03996673,0.09130281,0.108000055,0.048247084,0.0477267,0.049812905,0.02839185,-0.07669403,-0.04206819,-0.053093713,-0.087640926,-0.028445477,-0.14770618,0.010695061,-0.035628874,0.045197867,0.17211239,0.07345118,0.12799361,0.029930899,0.056128997,0.06157534,-0.0015587141,0.04482517,0.022997545,0.0651282,0.007032088,-0.033479635,-0.10874687,-0.13122149,0.04630308,-0.08432425,0.00053080934,-0.057558037,0.13947603,1.0,0.0696881,-0.0060993405,0.033013176,0.03558148,0.025113087,-0.09990672,0.015077541,0.047036815,0.064292245,0.0048138583,-0.06324737,-0.060672082,-0.053264946,0.007779904,-0.023501908,-0.00604123,-0.034776624,0.0066252495,-0.022618402,-0.022721121,-0.017705554,0.0009219858,-0.010569977,-0.043779846,-0.04384196,-0.0036736883,0.098338574,-0.0065647406,0.003277834,-0.021201499,0.0056318515,0.036086317,0.020190036,-0.030364648,-0.058363207,0.0014229852,-0.05408356,0.015877482,-0.018683046,-0.033260725,-0.07941784,-0.023477718,-0.07423777,0.027867781,-0.09303647,0.028907826,-0.044246234,-0.008706172,-0.00290463,-0.006413395,-0.03576937,0.0068540554,-0.0057254294,-0.05232833,-0.039999958,0.0022556477,-0.009552974,-0.018450158,0.00224782,-0.01729974,0.03869148,0.024239313,0.02818629,0.0043256553,-0.0019942282,-0.04473842,-0.0630748,-0.13680586,-0.05698365,-0.09445925,-0.094682746,0.062646076,0.038340192,-0.06356539,-0.023155691,0.04794134,0.058829095,0.04618789,0.050634257,0.007655047,0.017377166,0.06761103,0.008214372,-0.026328791
179,-0.03043733,0.028005078,-0.00840214,-0.046295222,-0.02074993,-0.031875305,0.12626603,0.08075784,0.056844108,0.06634876,0.13202,0.13881311,0.104096256,0.090897806,0.055086784,0.019736245,-0.06186091,-0.06943125,-0.14263834,-0.09604385,-0.024552828,-0.043431494,0.13523561,0.24403632,0.18979116,0.012155236,0.09444285,0.07144374,0.11184724,0.083151706,0.09686113,0.015807824,0.13408844,0.12545398,0.1016178,0.06630498,0.050854687,0.04032375,0.015533559,0.052027572,-0.1128995,0.056837544,0.1291183,0.2476388,0.26323706,0.07592308,0.090314254,-0.038759205,-0.049759444,0.005314687,0.062684424,0.07015285,0.11374401,0.13073123,0.059418302,0.0373218,0.04384803,0.048478793,0.06303448,0.0053726556,0.051653676,0.15023884,0.020801155,0.013587705,-0.020680232,0.014744774,-0.06805294,0.00917376,-0.056056116,-0.0033175228,0.02543167,0.006424163,0.05287946,0.0010836432,0.00788327,-0.020649096,0.03746793,-0.033068784,-0.07870445,-0.091256395,-0.14701824,-0.10234327,-0.108721696,-0.097754575,-0.08868941,-0.12902017,-0.09472977,-0.15758285,-0.13468783,-0.14487737,-0.18902344,-0.15754926,-0.064697966,-0.15302785,-0.15204528,-0.14485897,-0.026029676,0.015674287,-0.01307666,0.0069703017,-0.124342,-0.047666047,0.037357304,0.039979365,0.09325348,0.0029492117,0.06085342,0.055338074,-0.021725103,-0.026002578,-0.08738629,-0.07671089,-0.088429265,-0.05184281,-0.049125023,-0.063216045,-0.081246056,-0.10542229,-0.02210471,-0.03228899,-0.041482188,-0.034635495,0.03225214,0.00092062075,0.0691049,0.04993449,0.091062166,-0.030060291,-0.12138315,-0.027617598,0.016010467,0.0556085,-0.07388071,-0.009913918,-0.011380435,0.12512647,0.12734266,-0.123376496,0.051440302,0.077768765,0.1581742,0.15249479,0.118351296,0.075241305,-0.028524471,-0.048798043,-0.061946593,-0.08400926,-0.07990626,-0.11265704,-0.0008450648,0.05202653,-0.015520291,0.21535885,0.2568535,0.12505607,0.117832355,0.05347283,0.039793693,0.15624839,0.037974343,0.09726514,0.07967039,0.07370315,0.074567676,0.057786632,0.04089453,0.017626373,0.07907721,-0.09008192,0.02927305,0.07825272,0.25472,0.0696881,1.0,0.07158,-0.00072664634,-0.05344037,-0.03029621,-0.054454703,0.15941966,0.0511556,0.20758595,0.020672156,-0.044937305,0.06527184,0.049611304,0.056494035,0.025380418,7.200661e-05,0.14833775,-0.015729992,-0.04163982,-0.009999928,-0.012227139,-0.08977808,-0.04154425,0.0043472955,0.040667213,-0.062177923,0.023698958,0.002603965,-0.009476731,-0.009930027,0.0181616,0.028936975,0.019663353,-0.037962865,-0.064317495,-0.10805148,-0.12051719,-0.1078199,-0.03541172,-0.021280603,-0.11576564,-0.09652632,-0.116930716,-0.10856255,-0.13188356,-0.02381337,-0.17045785,-0.065815106,-0.08677219,-0.10102937,-0.063282944,0.0046206405,-0.034365,-0.035235528,-0.04408014,-0.06777206,-0.10482418,-0.040077206,0.037137758,0.023600575,0.032423656,0.04625302,0.050653696,0.02751796,0.011989309,-0.015641049,0.014821532,-0.02526312,-0.08055111,-0.06661526,-0.07459541,-0.08240749,-0.06868099,-0.07935978,-0.051653985,-0.07642843,0.009432713,-0.029924173,0.073503554,0.013757584,0.080567144,-0.0096199205,-0.03976929,-0.0829299
180,-0.049560685,-0.20929413,-0.08696905,-0.031268816,0.052138686,0.10866258,-0.03504883,0.037165318,0.017591817,0.01200309,0.06588048,0.033664152,0.10935086,0.08491702,0.08219871,0.015313087,-0.06288795,0.0016051097,-0.07146013,-0.08435933,0.016596464,0.053825986,0.104579054,0.16139923,0.105716236,-0.027813885,0.009333991,-0.03317698,0.0011579882,-0.03801864,-0.011781675,-0.03464769,0.030457329,-0.0068540517,-0.010344856,-0.042328473,-0.021190515,-0.04221593,-0.082040355,-0.0767875,-0.17004956,0.057319805,0.09997079,0.1527565,0.3054394,0.26599002,-0.11207177,-0.03085649,-0.092944965,0.052348197,-0.06535655,0.020865312,0.0471989,0.07326507,-0.035214115,0.054088704,-0.014952148,0.019780844,0.00252611,0.026888,-0.031779815,0.05653179,-8.892857e-05,-0.027754802,-0.030020026,0.030464558,-0.02860572,0.0014718918,-0.0030608575,-0.034465607,0.02932777,-0.014527684,0.016910471,0.00085606903,-0.001961116,0.006288423,0.018385848,0.036607154,-4.8718703e-05,-0.07265243,-0.15279406,-0.08374304,-0.0890407,-0.05081892,-0.108753346,-0.070696376,-0.030273162,-0.07052957,-0.061123192,-0.053855527,-0.15650903,-0.04533384,-0.072813734,-0.1060625,-0.09268942,-0.10975011,-0.034985922,0.0023992932,-0.02664559,-0.008438935,-0.06978239,-0.04163124,0.0009915937,0.027356097,0.03482126,0.082207404,0.047360715,0.024848858,0.041628372,0.08183286,-0.038924027,0.021227265,-0.006322034,0.009522587,-0.018360002,-0.006954491,0.02129242,0.00071283925,0.05091064,0.08072083,-0.02509505,-0.014663623,0.029234683,0.003272121,0.019767072,0.050541114,0.05101515,-0.009867687,-0.036168467,0.030172972,-0.13162355,-0.030768774,0.0412752,-0.0032765318,0.12099983,0.030301886,7.970119e-05,-0.012664533,0.014460749,-0.0056100725,0.05211598,0.10362806,0.09122825,0.055313498,0.013501085,0.037764095,-0.04208078,-0.03086752,-0.00657071,-0.08881747,0.027564812,0.030446451,-0.013394203,0.106824845,0.17059347,0.07022831,0.030849952,0.0028961627,-0.031746883,0.049056914,0.005085426,0.024963511,-0.020748489,0.02869242,-0.01317121,-0.001419041,-0.04778762,-0.06210686,-0.111973956,-0.1502198,0.011224241,0.078477584,0.13769884,-0.0060993405,0.07158,1.0,-0.07239492,-0.16802925,0.06646337,-0.0027915584,0.09155426,0.047245737,0.10594381,0.06671625,0.0027388763,0.029939173,0.0038519742,0.02236887,0.010947987,-0.030230185,0.09786143,-0.055607833,0.023463504,0.03558612,0.004683368,-0.0065736645,-0.06492213,0.07123439,-0.02838849,-0.09776007,-0.036447596,-0.021873428,0.04960207,0.013770121,-0.022582427,-0.027864594,-0.010620059,0.019528644,0.028838154,-0.018379826,-0.063145384,-0.044568505,-0.027219905,-0.07422549,-0.06299686,-0.08110799,-0.06389375,-0.030139964,-0.04384481,0.048358843,-0.100793436,0.00317418,-0.050990112,-0.08315147,-0.060735345,-0.01967988,-0.019973382,-0.04113061,-0.075036965,-0.07837378,-0.02123424,-0.036178615,0.0054342668,0.021632263,0.006876813,0.044830114,0.054181535,0.045161873,0.03321433,-0.10365066,0.13954224,-0.02857615,0.01752923,-0.0058334894,-0.021414295,0.013993923,0.048665367,0.10756123,0.0739481,-0.011940906,-0.03819035,-0.02086869,0.028301852,0.017657392,0.04544381,-0.016923102,0.008560071,-0.06761289
181,0.034384437,0.111372575,0.09182091,0.0737838,-0.02506463,-0.03209421,0.069142275,0.005952179,0.10321039,0.04978524,0.117603935,0.14871994,-0.0847884,0.102486,0.12616427,-0.05108521,-0.20998824,0.09362536,-0.08266702,0.110068254,-0.108987994,-0.1498589,0.046100065,0.09555432,0.19386141,0.0029783181,0.033214472,0.04334753,0.0058008977,0.039317366,-0.011769836,-0.027665611,-0.07393797,-0.06916124,-0.07700564,-0.16572326,-0.18161637,-0.14475888,-0.07959835,-0.09382682,-0.05572583,-0.20210688,-0.05546182,0.019655319,0.2550368,0.14515223,0.23964538,0.43441632,0.14510982,-0.27210253,-0.033313837,-0.20054847,0.057738606,-0.1855166,-0.14219375,-0.18439007,-0.22027695,-0.24807471,-0.19642787,-0.24045339,-0.1025309,-0.08187167,-0.16137066,-0.05170298,-0.017108519,0.025487999,0.013858573,0.0003421638,0.009817588,0.20673299,0.17991583,0.0036635993,0.16335906,0.24826807,0.291916,0.1420912,0.2959131,0.11152147,-0.10886413,-0.11620502,-0.02591919,-0.050221443,-0.0810398,-0.05697641,-0.0043227947,-0.029374277,0.078333005,0.081496365,0.05502545,0.021683235,0.00042557504,0.043555874,0.02692249,-0.067433804,-0.041110203,-0.03696303,-0.1437091,-0.14916432,-0.13179019,-0.0636395,-0.0987024,-0.112408265,-0.11198451,-0.12131108,-0.1174377,-0.041917626,-0.011758843,0.042698972,-0.014524297,-0.009662519,0.019494295,0.017878069,0.0091364905,-0.07155238,0.06874331,0.071706116,0.10408659,0.071257606,0.109094106,0.08284556,0.14452256,0.122721516,0.09130625,0.12724137,0.05594336,0.05647062,0.057689372,0.11317245,0.054638363,-0.10365027,0.035799954,-0.021093965,0.034499127,0.05179009,0.0097367475,0.038287953,0.059614297,-0.02384928,0.017204527,0.11335519,0.16630346,0.08151896,0.06644313,-0.021987528,0.024782974,-0.08901052,-0.17606498,0.087862454,-0.110105924,-0.019929403,-0.19275363,-0.074455276,-0.08044648,0.03294695,0.15263706,0.11014583,0.10952193,0.01770226,0.049232323,0.01629783,-0.008427712,0.03859241,-0.025247904,-0.01968054,-0.111181624,-0.039366614,-0.13943416,-0.11309805,0.011750251,0.009955709,-0.10465528,-0.033479404,0.06980001,0.033013176,-0.00072664634,-0.07239492,1.0,0.45835575,0.045259975,0.2611717,-0.083528526,-0.09718918,-0.07729524,-0.05553036,-0.19093329,-0.12752831,-0.22188522,-0.23969954,-0.21944661,-0.0679409,-0.24503799,-0.12331543,-0.054193925,-0.06036009,-0.07128326,-0.07857307,0.04941311,-0.022917438,0.008556032,0.014454795,0.08342032,0.0022828854,0.008724761,0.107489154,0.24102448,0.28585115,0.24556133,0.01917896,-0.14509459,-0.06666488,-0.10635724,-0.05375446,0.0074335267,0.09618565,-0.03283153,-0.07768569,0.08709155,0.10900346,-0.17799032,0.13689922,0.008281332,-0.043116722,0.0362098,-0.07964766,-0.065385416,-0.10471961,-0.040067792,-0.11933741,-0.082725,-0.075263426,-0.08544001,-0.051285315,-0.13400213,-0.10468301,-0.024382416,-0.015091123,-0.0016439378,0.014057896,0.04833912,-0.041522257,-0.07486861,-0.0060256007,0.027765319,-0.035667855,0.0150779635,0.09439792,0.042244177,0.026309934,0.06670564,0.107512094,0.112959735,0.1350431,0.05884575,0.04954866,0.06553212,0.042582594,-0.03818944,-0.0020238115
182,-0.06004345,0.0984111,-0.039209414,-0.06748023,-0.04822899,-0.07470778,-0.115223676,-0.09523512,-0.036336407,-0.060383294,-0.05296903,0.014068048,-0.24611594,-0.08736681,-0.07413089,-0.122192174,0.0058739926,0.10170643,0.172995,0.33518013,0.011930692,-0.12173651,-0.08659031,-0.06487969,0.022819862,0.0042992476,-0.053225156,-0.043391977,-0.14642861,-0.1062841,-0.17072453,-0.09787105,-0.23631497,-0.21833198,-0.23744012,-0.22846568,-0.21368022,-0.18112876,-0.0796647,-0.13264677,0.06012702,-0.22868843,-0.19780265,-0.0969753,0.15500642,0.39601213,0.12511858,0.7795228,0.3676281,-0.19622381,0.21094954,-0.0106982235,-0.012801097,-0.28111848,-0.13972652,-0.19020031,-0.243238,-0.20079456,-0.14301777,-0.11179103,0.03733735,-0.11048426,0.030520344,0.044992767,0.16485755,0.009374836,0.14155671,0.03418009,0.06422811,0.028621944,0.0013339241,-0.066067606,0.036918767,0.14014794,0.17522359,0.11911106,0.11677652,0.024056315,-0.013228192,0.026456142,0.13618217,0.036851056,0.103811204,0.03329348,0.048482202,0.08801871,0.038437616,0.20225209,0.12719709,0.18127957,0.24737196,0.20461233,0.15133424,0.1267451,0.08562727,0.11741288,-0.07140255,-0.16284841,-0.10358227,-0.058906388,0.11093812,0.05765543,-0.05464699,-0.14058232,-0.1663092,-0.11157992,-0.16049516,-0.073010504,0.012651591,0.049520068,0.14304969,0.18998884,0.21936806,0.07014131,0.18853012,0.16474348,0.22385544,0.18652725,0.07205057,0.06250662,0.09518871,0.04145832,-0.012063574,-0.01342383,-0.164337,-0.12204926,-0.17869197,-0.0019316829,0.030973753,-0.18922774,-0.015771732,-0.018941917,-0.04662935,0.07583379,-0.056491837,-0.12569945,-0.111308485,0.040557798,-0.01087737,-0.024688639,0.00093392434,-0.034499813,-0.10332552,-0.11417796,-0.021398094,-0.032250553,-0.0141200125,0.15884526,-0.06189046,0.24661684,-0.10929702,-0.1124408,-0.07727695,-0.12019238,-0.038318854,0.005145487,0.06940247,-0.061239164,0.023525573,-0.13026853,-0.01129695,-0.08228911,-0.1708954,-0.097299926,-0.11783969,-0.17161086,-0.18090057,-0.102395386,-0.07206055,0.007444585,-0.17686875,-0.1342845,-0.13063477,0.03558148,-0.05344037,-0.16802925,0.45835575,1.0,0.10235395,0.12095898,-0.051258735,0.01199736,-0.14658356,0.0014228647,-0.16409531,-0.12165817,-0.21700315,-0.15300407,-0.15687537,0.10123782,-0.22694424,0.12588398,-0.044851445,-0.0072217695,0.047926266,0.041315503,0.21357039,-0.02200745,-0.02751587,0.08981499,0.0046189227,-0.044011716,-0.087115414,0.07339612,0.12895148,0.21517791,0.122707725,0.043900475,-0.045503404,0.010079827,0.021468595,0.070410624,0.059480228,0.08869555,0.088012576,0.048292875,0.1844188,0.13102593,-0.013677733,0.21304251,0.14526717,0.05144264,0.0642173,0.098464295,-0.051452972,-0.04952869,-0.05732032,-0.049228426,0.038343675,0.07126787,0.10489084,0.070343256,-0.07965911,-0.09756092,-0.039035704,-0.14190592,-0.106541246,-0.07765962,0.038688906,-0.048644073,-0.034719963,0.031807914,0.19024381,0.16523145,0.15131527,0.20877174,0.11820679,0.120361306,0.0849545,0.11410717,0.007472138,0.054735027,-0.16639526,-0.05709688,-0.14981233,-0.047091756,-0.057701446,0.0006802467
183,0.05652515,-0.0001771792,-0.014058467,0.034804318,-0.065353625,-0.023657346,-0.11043959,-0.11212207,-0.10847748,-0.09961777,-0.11638703,-0.078227796,-0.092736244,-0.0903909,-0.08560569,-0.031413116,0.024310015,0.006240258,0.06153569,0.04965041,-0.02581393,-0.027458638,-0.061895132,-0.08285461,-0.1112109,-0.066133514,-0.11730126,-0.083047986,-0.050616257,-0.09842703,-0.11618673,-0.050149895,-0.12050658,-0.090370856,-0.0924285,-0.066203415,-0.07583906,-0.08595486,0.020358238,-0.023090174,-0.02665019,-0.074598886,-0.068783715,-0.012641528,-0.027957873,0.054919157,0.081762664,0.42666286,0.34748763,0.15228431,0.13819635,0.07954355,-0.054106075,-0.08885889,-0.069842994,-0.08724014,-0.053727813,-0.070706174,-0.09921305,-0.078985564,-0.07438537,-0.028150225,-0.0052753626,0.06362687,0.32090884,0.19242042,0.17309786,0.093298964,0.055681735,-0.028452922,-0.07379799,-0.068068765,-0.08122478,-0.021345535,-0.051192872,-0.017300336,-0.024984382,0.037052196,0.26938096,0.12701796,0.11709518,0.1851925,0.118496075,0.16617118,0.058902424,0.13590148,0.09357159,0.07059263,0.1244455,0.05147728,0.021431886,0.07979717,-0.030445043,0.005157155,0.0068092793,0.06294557,-0.008241072,0.00037104337,-0.009374406,-0.023695625,-0.014583666,-0.03408116,-0.08152546,-0.14827612,-0.13053791,-0.08179249,-0.13811271,-0.09422256,-0.00026630974,-0.04129084,-0.029294843,0.060430452,0.028047219,0.0020678062,0.016979475,0.038541455,0.0650251,0.05601667,0.022964634,0.03064708,-0.019898344,-0.028033294,-0.03587823,-0.03218348,-0.07260578,-0.033159457,-0.08546473,0.009755813,0.0726381,0.018979704,0.04874543,-0.1411041,0.06152087,-0.04065126,-0.02758791,-0.13077958,-0.0789389,-0.041561704,-0.019753074,-0.100552775,-0.0899083,-0.09493811,-0.108655386,-0.061377816,-0.044332042,-0.021560095,0.033371083,0.015736336,0.09698926,0.03185543,-0.08726765,-0.058600217,-0.025331523,-0.07577771,-0.06902009,-0.08945984,-0.01004409,-0.08661337,-0.052714672,-0.03902098,-0.0690879,-0.055057514,-0.096866176,-0.027861373,-0.08621697,-0.030296033,-0.0867778,0.008020581,-0.014379904,0.0072940025,-0.045055117,-0.033521034,-0.056177296,0.025113087,-0.03029621,0.06646337,0.045259975,0.10235395,1.0,0.116907656,0.039474037,0.06602632,-0.012119431,0.001516932,-0.056794368,-0.06101605,-0.05726971,-0.10941206,-0.06687149,-0.14345878,0.07409967,0.140009,0.086850986,0.05528322,0.085878305,0.08906745,0.15844023,0.10459782,-0.011526193,0.008647906,0.024870338,-0.044191886,-0.05228908,-0.032179516,-0.03394285,-0.015629506,-0.053231873,0.1040838,0.18839382,0.2940707,0.15209599,0.06923503,0.12348327,0.0005218897,0.13116576,0.09697419,0.084457114,0.011994139,0.08284202,-0.008317069,-0.028558718,-0.0076276306,0.00015253264,0.012166501,-0.0065184324,-0.028007194,0.05626352,-0.01343868,0.020144165,0.018602636,-0.01314628,-0.01731545,-0.09680497,-0.11738029,-0.04915211,-0.11678367,-0.07982314,-0.05141426,-0.006738735,-0.049933434,0.0073460755,-0.03637661,0.051662184,0.018342141,0.06616157,0.06265351,0.06530173,0.05697333,0.036044057,0.014882567,-0.067615256,-0.028904965,-0.06867297,-0.00962609,-0.07212186,-0.01793483,-0.031317793,0.02912151
184,0.10632399,-0.12944461,0.112236224,0.18236586,0.003507665,0.005816999,-0.044519916,-0.1037807,0.004808606,-0.057656106,-0.014375403,0.013680833,-0.06517234,0.08642105,0.123869024,-0.04308746,-0.26392114,0.14106898,-0.08516591,0.008578837,-0.15800716,-0.101819456,0.04928405,0.023010474,0.0058065876,-0.12997282,-0.033561494,-0.026662625,0.0018390368,-0.018472405,0.0009878551,0.010009557,-0.11023351,-0.07831082,-0.07772939,-0.12625225,-0.12572879,-0.10049174,-0.043589592,-0.097472735,0.0039642733,-0.14114936,0.0689782,0.02632318,0.03458018,-0.020444172,0.011524024,0.23187245,0.23463073,-0.18813406,-0.117503084,-0.17347698,-0.009427833,-0.13987155,-0.10542603,-0.1430151,-0.16255769,-0.21504709,-0.2488386,-0.29402873,-0.23605515,-0.16144235,-0.23263703,-0.08019722,-0.054909088,0.034348194,0.008887014,-0.05523766,0.0462771,0.18814453,0.14508939,0.022949273,0.07429539,0.14765087,0.1301288,0.035843678,0.07178994,0.07264878,-0.0043822946,-0.007057646,-0.015321912,0.04884547,-0.08539863,0.04839344,0.07999694,0.085417464,0.19044907,0.15220942,0.16934398,0.09628556,0.011334043,0.05815738,-0.08920508,-0.05023082,0.004516769,-0.002736159,-0.1100897,-0.07367697,-0.08974716,-0.06414663,-0.105409056,-0.15124911,-0.15090083,-0.15210056,-0.15398936,-0.03959333,-0.0006186476,0.050759725,0.01201527,0.03202162,0.032644656,0.079845205,0.045514714,0.03668157,0.045932587,0.024876337,0.04854968,0.052780926,0.113359,0.076215915,0.12429938,0.18041345,0.055101976,0.1970892,0.12642804,0.14794785,0.06179665,0.03863071,0.04081638,0.04443852,0.0047862967,-0.22712035,0.16367732,0.015452663,-0.0019619775,-0.076216586,-0.020503048,0.01430886,-0.02051221,-0.010961439,0.0143560665,-0.031168243,0.028861307,0.004126631,-0.026864965,-0.010097847,-0.20993169,0.082964346,-0.010261599,-0.09965431,-0.15938696,-0.03133996,-0.022692326,0.015164315,-0.011280714,-0.016777389,-0.0020980325,-0.007962867,-0.024585769,0.03575713,-0.07875006,-0.010260525,0.0075000394,-0.04737992,-0.18467644,-0.0071094735,-0.098698884,-0.027315835,-0.06672238,0.15892568,-0.08318189,0.08681245,0.055828307,-0.09990672,-0.054454703,-0.0027915584,0.2611717,0.12095898,0.116907656,1.0,-0.12716672,-0.104790665,-0.0645813,-0.09398606,-0.105639175,-0.15182315,-0.16152792,-0.29086322,-0.21857452,-0.15713784,-0.20661883,-0.18462671,0.056101527,-0.02479083,-0.095725685,-0.010628199,-0.0069129243,0.0033654475,0.024003206,0.0070469696,0.057478726,0.016318468,0.06632225,0.085398994,0.13298205,0.036223903,-0.006821021,0.03805544,-0.069500946,0.035768826,-0.041451473,-0.06349854,0.06399671,0.117884524,0.05417098,-0.00045538475,0.17196736,0.13315356,-0.033683855,0.09483427,0.03976168,-0.032818355,0.018378854,-0.044954147,-0.020172015,-0.11259973,0.017260922,-0.09830593,-0.08974381,-0.05875665,-0.1058573,-0.10267357,-0.2087429,-0.14617775,-0.09797082,-0.0019609253,0.006428967,0.026403077,0.030574447,0.028251953,-0.03564916,0.073203586,0.070260905,0.027630612,0.08204056,0.043286778,0.047838204,0.07511403,0.0701536,0.07853425,0.097985335,0.16129987,0.13968238,0.14967592,0.1066224,-0.023602951,-0.087636046,0.014709069
185,-0.08079823,0.03877302,0.12211008,0.06821937,0.06266338,0.004471092,0.22639999,0.048912577,0.093218364,0.12571454,0.0505174,0.042562947,0.10315968,-0.018764144,-0.06585078,0.0050749565,0.15189669,-0.28250915,-0.14039937,-0.095894784,0.19876413,0.029632788,0.09696499,0.16412252,0.04062091,0.017581206,0.054887924,0.045276515,0.15199965,0.14207329,0.20040588,0.13204749,0.29704863,0.30255163,0.24864627,0.31863895,0.2620069,0.21666704,0.2480922,0.27770013,-0.080444686,0.2725796,0.2480711,0.26528022,0.18035866,0.03574596,0.15893075,-0.0204371,-0.020335466,0.014925108,0.50035673,0.36126375,0.048849702,0.29321903,0.30953738,0.22978406,0.3197094,0.3168859,0.33809578,0.24252947,0.3724307,0.547135,0.42704856,0.14506881,0.17434613,0.23714142,0.05628238,0.0088337725,-0.09937671,-0.18947935,-0.11514331,-0.03248099,-0.023790643,-0.047006786,0.011069453,0.04498666,0.008979369,-0.06817107,-0.0335369,-0.11869389,-0.1723892,0.016072067,-0.04484647,0.06476195,-0.22525346,-0.22103614,-0.32942927,-0.42086443,-0.37161598,-0.37932014,-0.40863922,-0.38875726,-0.140995,-0.21645434,-0.24107039,-0.093696244,0.15790679,0.16686858,0.15193658,0.10646382,-0.08859365,0.0698655,0.13854913,0.013426888,0.118451536,-0.09557113,-0.09638461,-0.09629135,-0.19124943,-0.05498737,-0.29969463,-0.13542001,-0.16119647,-0.042547155,-0.061655395,-0.115237094,-0.28069794,-0.3792307,-0.29887053,-0.3379997,-0.3704924,-0.3746806,-0.23091733,-0.33346415,-0.16578056,-0.12350622,0.06321335,-0.06425892,-0.19512661,-0.15386206,-0.017641082,0.029184705,0.022958366,0.042920485,0.013641336,0.1882781,0.15682821,-0.11032369,-0.053284235,0.07959389,0.083808,0.044298217,0.04927389,0.0692559,0.008797646,-0.052900404,0.11662554,-0.21851024,-0.024653725,-0.087602556,0.18295825,0.011073761,-0.022665694,0.19059327,0.1435708,0.00036206486,0.085104086,0.05466027,0.00027674486,0.195003,-0.04636591,0.1739677,0.1877515,0.117543206,0.27277192,0.15597917,0.19608863,0.23882021,0.1859455,-0.11728613,0.12323059,0.15423425,0.18619193,0.015077541,0.15941966,0.09155426,-0.083528526,-0.051258735,0.039474037,-0.12716672,1.0,0.25784156,0.343232,0.041270427,0.13438235,0.40334088,0.315687,0.3353326,0.2345378,0.1847184,0.540486,0.19536106,0.114938706,0.1406551,0.09538936,-0.17032069,0.08950375,0.012053661,-0.05319574,-0.14359145,-0.11525194,-0.012363878,-0.025370777,-0.03674605,-0.024151176,0.082987696,0.18420231,0.028747829,-0.05376375,-0.0627576,-0.020009818,-0.032060664,0.04830567,-0.17065413,-0.17809097,-0.021013161,-0.3701816,-0.35082236,-0.28435558,-0.11138424,-0.39995122,-0.09939137,-0.2059643,-0.06595403,0.00042180132,0.1360933,0.029663382,0.15384509,0.11312353,0.04474366,-0.07487421,0.034564476,0.18484452,0.024733398,0.029854689,-0.10414399,-0.12379282,-0.098148495,-0.15002154,-0.11269144,0.046866976,-0.057329666,-0.17929517,-0.05981323,-0.040871598,-0.26667958,-0.36767283,-0.3315357,-0.35614613,-0.30884337,-0.2588061,-0.33050928,-0.18450688,-0.19995561,-0.019554004,-0.032732986,0.026787203,-0.08875636
186,-0.044652253,-0.04661561,-0.14736299,-0.13987361,-0.08013938,-0.08758449,-0.18061377,-0.08942457,-0.12926777,-0.12241693,-0.09929593,-0.113647416,-0.042263262,-0.08791978,-0.12133353,0.047450844,0.23781407,0.016720694,0.16955015,0.11307723,0.084897734,0.0925862,0.0027653738,-0.00053885364,-0.08294688,-0.12810293,-0.03797264,-0.09474174,-0.11016901,-0.1381039,-0.12328438,-0.07834712,-0.106452614,-0.07917751,-0.11760903,-0.017505828,0.012097344,0.047500037,0.016037896,-0.035686832,0.024254536,0.055741772,-0.016451972,0.29137594,0.018468082,0.12358625,-0.05290318,0.066845186,0.17813596,0.16801624,0.31521466,0.6397806,0.021952678,0.011747192,0.017301636,0.045037348,0.010289624,0.07093687,0.039763823,0.1341763,0.12755501,0.04193176,0.25521395,0.13215543,0.1685664,0.03500421,0.078396186,0.07873107,-0.013535362,-0.1519727,-0.13628033,-0.034013104,-0.12001331,-0.16572078,-0.18631469,-0.11271866,-0.13768217,-0.054765042,0.021153595,0.030946856,0.025192037,-0.036251318,0.042743072,0.07101128,0.022780648,0.031014891,-0.10839154,-0.012337533,-0.00754857,0.030883143,0.085687734,0.084952824,0.05169953,0.08320271,0.061065968,0.050962515,0.034861244,-0.004022234,0.024924263,0.007850483,0.1258835,0.11921938,0.035187688,0.03458917,0.00016409149,-0.046962135,-0.12613644,-0.09414191,0.06258961,0.013104733,0.0518074,0.14121601,0.12877694,0.10578136,0.08808403,0.071835995,0.07476665,0.02768647,-0.06312125,-0.050828554,-0.10546172,-0.1387333,-0.12578335,-0.1714677,-0.17281279,-0.16900995,-0.18750337,-0.03077806,0.079600535,-0.06271117,-0.03239339,0.0050827777,-0.102272496,-0.033331912,-0.111271985,-0.15399936,-0.09840502,-0.040644187,-0.089416035,-0.1257585,-0.12651494,-0.028638016,-0.047205076,-0.051672213,-0.0042746905,0.05883449,0.19619708,0.064613745,0.073261715,0.13395521,0.071714334,-0.07316373,-0.004557521,0.0077837403,-0.012002622,-0.06344097,-0.08243967,-0.03531434,-0.077956885,-0.01973899,-0.047741123,-0.064204834,-0.11280812,-0.061818,-0.003915514,-0.11117791,0.04788182,0.031128298,-0.08508283,-0.0626081,-0.013234238,-0.026988063,0.124583855,0.047036815,0.0511556,0.047245737,-0.09718918,0.01199736,0.06602632,-0.104790665,0.25784156,1.0,0.39399686,0.11015797,0.023623833,0.019977024,0.030837484,0.078755334,0.07754833,0.039350137,0.13311297,0.28761438,0.037670285,0.15086482,0.044909287,0.1876854,0.0619448,0.020131346,-0.015090325,0.05037496,-0.0052262964,-0.033376835,-0.037048027,-0.1142224,-0.18566136,-0.10671501,-0.0899286,-0.011294674,0.0331458,5.78945e-05,-0.011330698,0.03913485,0.07137827,-0.047807913,0.04066279,0.049593605,0.011475723,-0.098904714,0.110141076,0.014777813,0.0475732,0.052632835,0.014797276,0.051111076,-0.0031811076,0.037549313,-0.009055176,0.04997867,0.086558595,0.09495689,0.13150287,0.09244353,0.07599082,0.058338646,-0.0046995752,-0.10867367,-0.06726895,-0.08791363,-0.0120232,0.027209146,0.05749461,0.04881696,0.12805521,0.13399072,0.13143326,0.08416056,0.020393312,0.04136645,-0.02794488,-0.028296575,-0.116547674,-0.13699383,-0.17836402,-0.114363,-0.17562217,-0.09747074,-0.053935252,0.029450316
187,-0.07813045,-0.050398808,0.065641806,0.036513045,0.00038170785,-0.010572862,0.14360243,0.07672021,0.04419573,0.12451779,0.14518562,0.10822708,0.1304459,0.11966628,0.06508384,0.06128907,0.04011614,-0.16541699,-0.14934795,-0.13364735,0.107481234,0.09548767,0.23795755,0.30453786,0.12691088,0.050655767,0.21229042,0.14997822,0.23393968,0.15292048,0.20271282,0.070169486,0.23730962,0.26046696,0.21077463,0.2334438,0.19641694,0.16030687,0.17204796,0.18551762,-0.038273424,0.25831255,0.29408896,0.62479395,0.23123664,0.022306219,0.12807691,-0.080808535,-0.03170676,0.072567776,0.179481,0.41894236,0.22465134,0.32232675,0.22641632,0.17189312,0.21241443,0.2078909,0.18333963,0.13620749,0.15599565,0.2851551,0.18423772,0.10667102,0.043847427,0.1006689,-0.035650436,-0.0038007977,-0.084257886,-0.088358015,0.0042062313,0.017404351,0.029340586,-0.060497545,-0.035783898,-0.004184127,-0.055000383,-0.08087761,-0.1017771,-0.108233176,-0.1617147,-0.094010115,-0.10986786,-0.09137148,-0.17620605,-0.21482311,-0.2366658,-0.34789476,-0.28647757,-0.30824962,-0.2772585,-0.27517375,-0.07688534,-0.20369852,-0.20607805,-0.17816825,0.01813531,0.045244828,0.03363801,0.0033928321,-0.0812351,-0.011484117,0.09370529,0.022089219,0.12574595,-0.08535235,-0.047373727,-0.040016755,-0.10787741,-0.07562447,-0.22450608,-0.13621216,-0.19005623,-0.063354574,-0.07163668,-0.123370685,-0.19834226,-0.23884231,-0.18056193,-0.20813574,-0.24343307,-0.2342304,-0.12992667,-0.19248371,-0.05229072,-0.07346079,0.023678297,-0.09707737,-0.14944792,-0.047985144,-0.036409803,0.02479566,-0.0029903026,0.015859202,0.015773755,0.1426868,0.12908676,-0.08010577,0.0026291609,0.08689223,0.1462101,0.10050588,0.17258684,0.08321674,0.034377486,-0.042072084,0.032408852,-0.15811603,-0.018739315,-0.111495525,0.13158008,0.05493132,-0.01851817,0.32405597,0.2670629,0.07661363,0.16925578,0.10960601,0.020772861,0.30302316,-0.02839752,0.15991648,0.19267769,0.087011695,0.15807648,0.11636235,0.14472961,0.16352524,0.10118135,-0.03900954,0.09353448,0.19568254,0.5162876,0.064292245,0.20758595,0.10594381,-0.07729524,-0.14658356,-0.012119431,-0.0645813,0.343232,0.39399686,1.0,0.12531999,0.1522025,0.23483048,0.21995783,0.18770865,0.12270939,0.029972048,0.29901043,0.10881242,-0.0035006674,0.09249147,0.02082724,-0.036557347,-0.033351287,0.022438258,-0.013424001,-0.07617278,-0.07346981,0.011844536,0.071067475,-0.05031284,-0.05063896,-0.030304946,0.053653263,-0.02574983,-0.104836814,-0.109964125,-0.1155853,-0.07602327,-0.06821799,-0.11133859,-0.17606065,-0.0835199,-0.28857252,-0.28672072,-0.17413153,-0.13572654,-0.28123653,-0.100184225,-0.104760654,-0.13312502,-0.10184343,0.06059468,-0.042650506,0.025336497,-0.0063917716,-0.03576901,-0.059697848,-0.0056057414,0.09440426,0.022925805,0.0093231555,-0.063017,-0.05686122,-0.05260442,-0.071545824,-0.033300146,0.03251936,-0.07010617,-0.16901173,-0.10449715,-0.07135504,-0.17895108,-0.22533616,-0.20288235,-0.22906868,-0.21594374,-0.16278602,-0.20673022,-0.058230992,-0.11028039,-0.020391654,-0.051722802,-0.029481977,-0.070511
188,-0.027110806,-0.05225145,-0.11246685,-0.09470657,-0.015145771,0.04566289,-0.11224814,-0.028319016,-0.07244687,-0.03536183,-0.0313873,-0.014016924,-0.028235937,0.015879095,0.020011095,0.051598866,0.061938025,0.019683383,0.099764064,0.10384472,0.11161979,0.16898702,0.046567928,0.0028821628,-0.031795066,0.03279111,-0.0054264027,-0.006698845,-0.030972121,-0.049325828,-0.070297346,-0.04810798,-0.031086536,-0.020802123,-0.08038127,-0.066533856,-0.033918317,-0.097238645,-0.08799178,-0.0744417,-0.1071206,-0.012363553,0.001581419,0.025531622,0.023024296,0.059899017,-0.0075066043,-0.0137107,-0.049454935,-0.0576778,0.028554818,0.10211675,-0.034839593,-0.013592424,-0.03091211,0.100921825,-0.03452544,0.014540258,0.00445215,0.052917514,0.048682883,0.020018436,0.117484525,0.08928534,0.064952105,0.040659223,0.11208003,0.063788295,0.10370417,-0.101025514,-0.0128969755,0.047514588,-0.019528287,-0.002308454,0.03209575,0.031763457,-0.020915862,-0.051010128,0.016009292,-0.01513499,-0.02274829,-0.03362194,0.0099420175,-0.013636556,-0.05978197,0.026607271,0.00240441,0.018772533,0.009688669,0.03791803,0.014887619,0.033763297,-0.08376497,0.029659081,-0.056127734,-0.030273953,0.011501853,-0.030516703,0.063420795,0.018933557,0.03230149,0.05770821,0.020594077,-0.07223485,-0.049478196,-0.035490915,-0.08261855,-0.07998874,-0.021920329,-0.0067853597,-0.006652768,0.03237558,0.034153283,0.052089304,-0.009037538,-0.0013245097,0.027335452,0.018007817,0.022045482,0.03784972,-0.06153638,-0.07824474,-0.05801052,-0.075912416,-0.099061735,-0.08915252,-0.08045419,-0.071453825,-0.022075407,0.007109482,-0.08841609,0.048513234,-0.020335075,0.0021048337,0.04758397,-0.0628463,-0.06392792,0.06295161,0.015557232,-0.055245787,-0.020258931,0.031552963,0.00951491,-0.066301085,0.059383698,0.13067648,0.040075622,0.024755413,0.087732375,0.050895274,0.08270601,0.011211973,-0.017180184,0.007990813,0.009968509,0.010120579,-0.0017912397,-0.016961677,-0.019236619,-0.030240206,0.026827792,-0.03409714,-0.068095185,-0.016574845,0.026762795,-0.10254889,-0.10745581,-0.09319698,-0.07194228,-0.17871915,0.04014101,0.011592615,-0.023682017,0.0048138583,0.020672156,0.06671625,-0.05553036,0.0014228647,0.001516932,-0.09398606,0.041270427,0.11015797,0.12531999,1.0,0.07568364,0.048962686,-0.008556636,0.037035562,0.0050001135,0.07298145,0.05639676,0.08518074,0.05363491,0.035262097,0.02541701,0.043104578,0.010518103,-0.021660749,-0.016356451,0.02335065,-0.11366983,0.027113108,0.026498899,0.0037736434,-0.02219719,0.006873436,0.06875016,-0.07592817,0.025928255,-0.010210623,0.008656326,0.0041760043,-0.016485639,-0.06296806,0.05257178,-0.020560341,-0.01355913,0.0023098905,0.0635508,-0.059551604,-0.012388544,0.018521814,-0.018085059,0.001917767,-0.090686075,0.06688173,-0.053730153,0.07396586,0.033004135,0.07354151,0.0076475665,0.016901234,0.042902023,-0.057334058,0.03411949,-0.06631312,-0.031699285,-0.021094328,-0.027288366,-0.019602874,0.056109767,-0.016297393,0.029768072,0.036368396,0.045752134,0.041564263,0.019517506,0.06858617,0.043544028,-0.050653175,-0.08220517,-0.0669938,-0.09600662,-0.067784585,-0.091523536,-0.04807852,-0.0009715433,-0.015155835
189,-0.15920341,-0.3019671,0.18332344,0.28090948,0.11914912,0.22587001,-0.00051247934,0.049056545,-0.022932269,0.14458913,-0.15089959,-0.2188114,0.05558513,-0.1287175,-0.120149955,-0.1024258,0.29120284,-0.19320503,0.08557189,0.08639935,0.5255666,0.33474475,0.04626853,-0.08442709,-0.3218711,0.011033341,-0.15179722,-0.099813305,0.053473048,0.04478384,0.12857321,0.0750817,0.23041251,0.24531806,0.28069162,0.55246,0.5560462,0.4139032,0.38605618,0.4238828,0.2277666,0.54697126,0.1771393,0.052247602,-0.22582987,-0.20206548,-0.07281346,-0.18238342,-0.13490535,0.0015199366,0.08169799,0.16678043,-0.08640891,0.29996994,0.54528034,0.35463881,0.5725064,0.526013,0.41147393,0.4088086,0.38670066,0.3492531,0.27426183,0.079675026,0.013737781,0.010261769,0.01211642,-0.14667483,0.02465737,-0.21974479,-0.14914581,0.049137607,-0.075766236,-0.096225366,-0.040181477,0.016504547,-0.17225543,-0.10834451,0.08310923,0.046953518,0.13166772,0.20856586,0.12137787,0.13387595,-0.12845199,-0.11394447,-0.38199976,-0.29655278,-0.34092215,-0.23578511,-0.028731579,-0.30501094,0.06252694,0.023450404,-0.034475036,0.11205197,0.2771908,0.25948292,0.22340956,0.09310395,0.23444153,0.2201634,0.18415718,-0.037471738,0.039654873,-0.14181592,-0.2990964,-0.22334896,-0.28203258,-0.1284887,-0.22353958,-0.065731496,-0.07421729,0.09764302,0.055993162,-0.089972295,-0.28955415,-0.30129468,-0.49877614,-0.5117994,-0.5429879,-0.4974794,-0.38412967,-0.5086814,-0.4154069,-0.35541305,-0.18874513,-0.080156885,-0.053920798,-0.1415716,-0.2528325,-0.30391514,0.37943587,0.0025790904,0.24430153,0.032060217,-0.15656434,0.47053078,-0.082157716,0.018441627,-0.23364456,-0.24411814,-0.09552047,-0.047629002,0.05789462,-0.0116112735,0.27133712,-0.105551265,0.057903036,0.10168098,0.5103073,0.030649353,0.07032891,-0.028108807,-0.25394014,-0.20396346,-0.065696,-0.043324873,-0.07846464,-0.033109948,-0.11377329,0.03865845,0.13305488,0.061298516,0.2547186,0.18028338,0.37789795,0.40467626,-0.033187203,0.11662725,0.1570167,0.10071707,-0.044774666,-0.06324737,-0.044937305,0.0027388763,-0.19093329,-0.16409531,-0.056794368,-0.105639175,0.13438235,0.023623833,0.1522025,0.07568364,1.0,0.5365366,0.5534727,0.44583943,0.37889576,0.29471555,0.21670517,0.07412573,-0.00211916,0.011119378,0.04807535,-0.02733839,-0.028727528,-0.03396675,-0.09417546,-0.101201765,-0.23895246,0.05772105,-0.002090082,-0.0183065,-0.08177024,-0.08199004,0.07218142,-0.06612965,0.102038264,0.03894619,0.18474114,0.050550215,-0.039660957,-0.18365219,-0.077265315,0.12717125,-0.29531053,-0.2692545,-0.10070051,-0.1670382,-0.20723161,-0.035987135,-0.11286985,0.14386764,0.088564284,0.23511979,0.05841609,0.23880836,0.27023795,0.2779611,0.19119711,0.103085384,0.19948581,0.019944657,0.09670354,-0.30040997,-0.31151435,-0.21752715,-0.18646646,-0.054955978,0.02004452,0.0169755,-0.13148525,0.07821032,0.06532615,-0.2700598,-0.43455642,-0.34628916,-0.48701334,-0.37701383,-0.43795013,-0.44824007,-0.43403938,-0.32553086,-0.27163246,-0.038577124,0.05014138,-0.037234787
190,-0.20304695,-0.2342097,0.27017292,0.27148354,0.012878107,0.088167824,0.26457143,-0.04746852,0.11540169,0.17209756,-0.070613354,-0.15120023,0.15584303,-0.080409616,-0.11235317,0.040280364,0.29663506,-0.40524176,-0.13066241,-0.09085622,0.45535484,0.09801146,0.07482824,0.047680523,-0.1842238,-0.002623011,-0.13113837,-0.14042112,0.10465203,0.048443332,0.21351603,0.10865557,0.39685252,0.38766265,0.38051954,0.66404456,0.64660144,0.5170749,0.5099753,0.48741177,0.13348168,0.6189266,0.36713296,0.15163681,-0.033636846,-0.113675706,0.07617214,-0.14408332,-0.099313,-0.0011807093,0.26750007,0.2594627,-0.058212716,0.47126603,0.8534545,0.5570237,0.75534093,0.78675413,0.69835407,0.5921218,0.60143715,0.73106384,0.40360066,0.13542935,0.16661981,0.21517748,0.054136842,-0.16307013,-0.08894166,-0.14480527,-0.1073932,0.007981518,-0.018512253,-0.09924505,0.043736365,0.11452171,-0.051376447,-0.13021003,0.049447138,-0.07469844,0.0013497944,0.25475255,0.13596669,0.2496621,-0.120428085,-0.14395449,-0.47778463,-0.57359266,-0.46130833,-0.46722752,-0.24077074,-0.5189781,-0.047370933,-0.087764375,-0.13933347,0.10754957,0.3850529,0.33602384,0.35729018,0.17780419,0.13424179,0.2277119,0.22243007,-0.038669363,0.09616377,-0.23145702,-0.2820303,-0.19317086,-0.46745667,-0.16045414,-0.41476968,-0.24916415,-0.22766396,0.047468364,-0.12213847,-0.27682155,-0.5119203,-0.5976662,-0.59083796,-0.60594213,-0.67743826,-0.6263416,-0.43346295,-0.60793376,-0.3944885,-0.35682955,-0.08833236,-0.10928049,-0.19173461,-0.21015976,-0.2196754,-0.1815579,0.19920374,0.0059070485,0.07461412,0.19037175,0.12028116,0.08905941,-0.07251392,0.0433229,-0.107677184,-0.13132708,-0.012384665,0.016848879,0.04650482,0.004743178,0.2588307,-0.30943125,-0.07557729,-0.059135575,0.4607689,-0.01019667,0.019566918,0.12286489,-0.085118696,-0.12990935,0.025392719,-0.047580384,-0.13667722,0.107683465,-0.21592583,0.1940063,0.19731191,0.13410485,0.46389064,0.34284064,0.47213545,0.5419599,0.19111663,0.044385016,0.21498355,0.21867315,0.04375499,-0.060672082,0.06527184,0.029939173,-0.12752831,-0.12165817,-0.06101605,-0.15182315,0.40334088,0.019977024,0.23483048,0.048962686,0.5365366,1.0,0.79469216,0.73539203,0.568681,0.3852493,0.5685533,0.2439265,0.0961707,0.09473002,0.17939654,-0.14871137,0.026880404,0.042329784,-0.09938876,-0.14248519,-0.11314731,0.024762006,0.009108217,-0.023156332,-0.01413355,0.051074047,0.17866012,0.037200887,0.017554455,0.0101132775,0.16977796,0.057105906,0.054344885,-0.23971088,-0.12026909,0.12950082,-0.47355586,-0.55756414,-0.18181863,-0.23737963,-0.43128902,-0.10396074,-0.19808076,0.13789608,0.12223945,0.309346,0.065893695,0.3740348,0.3798516,0.28361169,0.09128686,0.09842804,0.29406232,0.004663869,0.0055967174,-0.29607373,-0.3250533,-0.23620637,-0.28560832,-0.16081804,-0.025324058,-0.07889283,-0.3219039,-0.017625522,-0.047846753,-0.48602694,-0.6428263,-0.53232044,-0.60498244,-0.53822577,-0.5189475,-0.5886792,-0.4134096,-0.38011524,-0.22249013,-0.0133639015,0.056199796,-0.13974963
191,-0.23933263,-0.2427025,0.27876568,0.26094294,-0.06223088,-0.0037216505,0.23941357,-0.09852697,0.08215503,0.10070219,-0.12740752,-0.22937147,0.16636334,-0.19933277,-0.24443904,-0.051351335,0.29061604,-0.45445707,-0.17090279,-0.20490585,0.39868328,-0.042973123,-0.047534607,-0.060860395,-0.29205582,-0.04363367,-0.13621977,-0.123440094,0.16508678,0.10129992,0.3011301,0.1375104,0.47625476,0.49514216,0.45663622,0.7930527,0.7738498,0.61969006,0.6049234,0.60329586,0.22182348,0.63444656,0.3388365,0.12624346,-0.18374859,-0.18357663,0.06665449,-0.19949272,-0.06635398,0.12970014,0.19187993,0.28810984,-0.06758825,0.5799559,0.8984084,0.57885885,0.92676324,0.95555955,0.7182194,0.6784279,0.4318704,0.5689571,0.3147009,0.09725775,0.1702965,0.15369207,0.045703433,-0.14828059,-0.06354945,-0.18908654,-0.20955375,-0.07548818,-0.09734651,-0.19834994,-0.08934059,0.01564972,-0.1575165,-0.17445277,0.08735601,-0.016913239,-0.0015063373,0.20889822,0.12157497,0.18579884,-0.119856484,-0.123856924,-0.46830732,-0.58030784,-0.42975336,-0.4557188,-0.20576838,-0.45744845,-0.04958464,-0.017331315,-0.089042425,0.105583616,0.3668938,0.32734478,0.32764655,0.16404772,0.118898615,0.22442968,0.25050098,0.039910074,0.14164442,-0.2340532,-0.25692979,-0.20926704,-0.35573402,-0.16405882,-0.34312552,-0.21734823,-0.2125019,0.047938786,-0.10556437,-0.26287526,-0.49457672,-0.5517377,-0.5598925,-0.5974985,-0.6489758,-0.61271983,-0.44014964,-0.6072349,-0.34711924,-0.3683613,-0.10738873,-0.11962721,-0.1678014,-0.09241162,-0.18908636,-0.21207614,0.14160426,-0.08113255,-0.03614352,0.14371626,0.10784156,-0.0021208785,-0.08670747,-0.01918401,-0.1891521,-0.22018167,-0.10744278,0.028628726,-0.074619286,-0.09382714,0.23068133,-0.39015716,-0.069586456,-0.071668506,0.45384234,0.016623115,0.011070859,0.055351168,-0.16972676,-0.21697801,-0.055208586,-0.07525067,-0.14666592,0.15020527,-0.2071747,0.11070156,0.29574957,0.15400468,0.46193543,0.399893,0.5665812,0.6367684,0.270186,0.15267259,0.22707458,0.19698568,0.021787003,-0.053264946,0.049611304,0.0038519742,-0.22188522,-0.21700315,-0.05726971,-0.16152792,0.315687,0.030837484,0.21995783,-0.008556636,0.5534727,0.79469216,1.0,0.78313446,0.72886294,0.25325754,0.5774258,0.24792016,0.09191959,0.10137067,0.15151334,-0.062189873,-0.0058690608,0.053179562,-0.09514363,-0.08342574,-0.12894109,-0.05064841,-0.05269608,-0.079831906,-0.071829535,-0.08026623,0.051111396,0.057970025,0.074238725,0.038400136,0.16101152,0.045958623,0.003413966,-0.26773944,-0.08223798,0.13598159,-0.47300774,-0.5919533,-0.021090092,-0.25557974,-0.36898413,-0.060519557,-0.19481583,0.158413,0.13075991,0.31093746,0.070188195,0.3330142,0.34554145,0.2459993,0.081951685,0.114275716,0.29150063,0.07786224,-0.04653793,-0.27619243,-0.29601339,-0.19833763,-0.29384458,-0.03530424,-0.050478864,-0.03585886,-0.27557552,-0.026034482,-0.04082824,-0.4713832,-0.57778853,-0.51561224,-0.5942492,-0.5172152,-0.4748767,-0.59304404,-0.36514673,-0.39326888,-0.23402917,-0.029357128,0.06893071,-0.04563516
192,-0.23593648,-0.21598786,0.2013144,0.17748313,-0.019105265,-0.023289762,0.19388884,-0.03458199,0.06009992,0.11473892,-0.12929899,-0.19705717,0.112249084,-0.2560608,-0.27509856,0.005296402,0.37862143,-0.3486697,-0.094823346,-0.16618988,0.29452685,-0.015173175,-0.10588547,-0.12678654,-0.23793015,-0.012535826,-0.08819762,-0.09574289,0.08863164,0.07488739,0.23063007,0.079433024,0.4300487,0.42607245,0.35260352,0.6104726,0.5981427,0.4386273,0.41377327,0.42467853,0.09092242,0.5224491,0.26075312,0.06823746,-0.14352725,-0.07895407,0.0048446106,-0.1876798,-0.081994966,0.13831581,0.28202468,0.36312503,-0.06818208,0.5824148,0.7291466,0.49049324,0.7699856,0.8731154,0.92323244,0.7967746,0.59129757,0.5861988,0.41902053,0.13729854,0.15781356,0.08728438,0.029288352,-0.16289055,-0.033873107,-0.22668709,-0.27188152,-0.07047468,-0.1962378,-0.27025983,-0.1324687,-0.0036941827,-0.17863743,-0.18272111,0.069647014,-0.026874462,0.04891262,0.17940272,0.17278089,0.16174214,-0.11884151,-0.14724879,-0.47255328,-0.5254526,-0.44794872,-0.41163352,-0.15518272,-0.44538838,-0.056636434,0.019790053,-0.073051065,0.122449264,0.3723499,0.27711013,0.3439433,0.18140504,0.21442862,0.3001186,0.28290132,0.05252401,0.16358046,-0.18398824,-0.22210088,-0.1867506,-0.35612753,-0.1514682,-0.29376906,-0.20168178,-0.14077558,0.05624185,-0.10899145,-0.17008905,-0.41557106,-0.48567092,-0.5328166,-0.5473904,-0.5962568,-0.5590176,-0.40966788,-0.56956923,-0.33505154,-0.36035654,-0.095255986,-0.13405243,-0.1933947,-0.13307755,-0.20001674,-0.08283665,0.0815172,-0.024730185,-0.012342622,0.13958442,0.07060646,-0.010796697,-0.08987871,-0.027280618,-0.17408188,-0.22558977,-0.17059496,-0.016631939,-0.0025200846,-0.0681227,0.33716568,-0.2620592,-0.060688183,-0.010544164,0.3721867,0.010003377,-0.0054807607,-0.0071754307,-0.16218773,-0.17410986,-0.028152635,-0.061373748,-0.11645235,0.10095696,-0.13221905,0.111951016,0.21917167,0.13780965,0.5126236,0.2724718,0.3998683,0.42815962,0.17289619,-0.009176309,0.19373164,0.13034774,-0.06339799,0.007779904,0.056494035,0.02236887,-0.23969954,-0.15300407,-0.10941206,-0.29086322,0.3353326,0.078755334,0.18770865,0.037035562,0.44583943,0.73539203,0.78313446,1.0,0.75755864,0.47846913,0.54959893,0.3178895,0.05468514,0.0959308,0.16220993,-0.06213366,0.014441057,0.010523402,-0.10384236,-0.09768416,-0.09090839,-0.03690427,-0.10066667,-0.1120836,-0.1376108,-0.07475791,0.059889823,0.038234685,0.08134059,0.0059189354,0.1839659,0.076070495,-0.024185333,-0.26417014,-0.11925428,0.11867233,-0.46928418,-0.5094251,-0.057246514,-0.19724117,-0.3278924,-0.018613651,-0.18357117,0.18429418,0.10906626,0.33002833,0.058251813,0.38083825,0.39721853,0.31522003,0.17137374,0.14367439,0.33856624,0.08383078,0.009463132,-0.23085436,-0.26723605,-0.17728752,-0.29582587,-0.07198545,-0.029908918,-0.05669766,-0.24635443,0.017141175,-0.049742177,-0.39339936,-0.52775407,-0.4738028,-0.5409891,-0.4530476,-0.4310852,-0.53339195,-0.3571715,-0.3846773,-0.22332129,-0.0037340983,0.09207106,-0.0759026
193,-0.23036484,-0.23234165,0.14828767,0.14975022,-0.072916366,-0.03413382,0.07197093,-0.10019406,0.010500489,0.029063953,-0.16902971,-0.22035706,0.0540162,-0.27934986,-0.30987564,-0.06957786,0.32598323,-0.30670416,-0.04298983,-0.14598729,0.27147123,-0.06147381,-0.15501131,-0.17066345,-0.26510784,-0.05834558,-0.118932694,-0.108825736,0.06728454,0.04145831,0.14808786,0.053000845,0.2933818,0.31186718,0.24795301,0.5292877,0.5344244,0.43091562,0.40894982,0.3792086,0.15795167,0.3971827,0.16396993,0.014122641,-0.19868593,-0.09018139,-0.032847293,-0.16574062,-0.029271362,0.13290797,0.19412765,0.31979755,-0.10809223,0.44996086,0.6261634,0.41284359,0.6712409,0.80883914,0.63279897,0.75751126,0.39970917,0.39788625,0.3032047,0.08842343,0.13081591,0.037195843,0.050076667,-0.14059493,-0.034824155,-0.22026569,-0.28327233,-0.10673832,-0.19395258,-0.26840034,-0.16433264,-0.035502326,-0.20289743,-0.15617338,0.063517086,0.012416388,0.05142069,0.13502382,0.1585784,0.12859854,-0.095564924,-0.08364916,-0.39585507,-0.40644383,-0.3280702,-0.2887633,-0.069872715,-0.30923244,-0.0060273735,0.09415019,-0.008087049,0.12939925,0.3218083,0.23833318,0.29395008,0.17783913,0.2135818,0.2860769,0.262936,0.07101508,0.13351552,-0.16408557,-0.21843724,-0.18065678,-0.21645449,-0.08734795,-0.17065841,-0.09091754,-0.062081747,0.09832527,-0.0396271,-0.12798427,-0.3050325,-0.34777784,-0.40453023,-0.41112763,-0.50370455,-0.48405993,-0.36588717,-0.51496935,-0.32642195,-0.3448158,-0.14805299,-0.13745497,-0.15796125,-0.060835395,-0.1831167,-0.16257925,0.075961635,-0.06797986,-0.070264414,0.026663851,0.022997582,-0.0012332682,-0.069935724,-0.07874101,-0.21354029,-0.24872987,-0.20271853,-0.04347202,-0.06381049,-0.04521482,0.28017816,-0.24323943,-0.017254818,0.02694505,0.32154894,-0.012805937,0.029036455,-0.06523947,-0.21695833,-0.20078059,-0.07680126,-0.09250056,-0.11999942,0.09075405,-0.12048769,0.042880952,0.15785846,0.095079936,0.3825746,0.21015139,0.39639902,0.43234318,0.13777532,0.078105725,0.1161788,0.07725493,-0.117085874,-0.023501908,0.025380418,0.010947987,-0.21944661,-0.15687537,-0.06687149,-0.21857452,0.2345378,0.07754833,0.12270939,0.0050001135,0.37889576,0.568681,0.72886294,0.75755864,1.0,0.32721975,0.4553289,0.25930005,0.033224765,0.07135127,0.12884815,-0.012127021,0.004306877,0.04863633,-0.09261753,-0.07345992,-0.106923,-0.065511726,-0.11158643,-0.10741378,-0.12940177,-0.13094048,-0.037168648,0.031426784,0.08165627,0.0034853707,0.15786842,0.07429376,-0.021360243,-0.2406993,-0.05416131,0.11426869,-0.36520123,-0.4313807,0.071611695,-0.15022472,-0.19767945,0.020817848,-0.13721037,0.19844998,0.11226078,0.2765882,0.051156774,0.32632205,0.33064416,0.28616583,0.18667369,0.14703403,0.28183475,0.11599963,-0.019130431,-0.22711281,-0.23440392,-0.15982136,-0.22147684,-0.007795298,0.009215676,0.0067595006,-0.12945804,0.055876914,0.015186155,-0.28492704,-0.37535024,-0.32737154,-0.39725095,-0.36544186,-0.3994049,-0.49415958,-0.33480784,-0.35022005,-0.2531812,-0.040528037,0.06351272,-0.02432413
194,-0.16253793,-0.14080897,0.09960678,0.102215156,0.14473332,0.07797725,0.03366526,0.09718355,-0.024816003,0.15314482,-0.05050186,-0.100149795,-0.046156753,-0.19817352,-0.17445238,-0.060101125,0.2633905,-0.051658347,0.16575934,0.13037,0.17991945,0.07457617,-0.10195434,-0.13454713,-0.111014456,0.008272342,-0.011308217,0.030485528,-0.022012524,0.0575541,0.041971684,0.033449892,0.0760621,0.035133786,0.036408503,0.15166216,0.1751079,0.111245535,0.09422521,0.08286956,0.06513759,0.18960205,0.052761845,-0.08278375,-0.055690214,0.06032471,-0.113212034,-0.08434295,-0.114979066,-0.18788871,0.2503696,0.17135468,-0.030296981,0.113539085,0.29282174,0.120575376,0.20145172,0.34879625,0.41182595,0.44699186,0.6872047,0.3543276,0.320174,0.07603382,0.008923642,-0.056391377,0.010392764,-0.19622284,-0.0028042193,-0.15932575,-0.19896838,-0.023832778,-0.15804766,-0.13912939,-0.03741309,0.042427003,-0.10668364,-0.07385968,-0.055776168,-0.023069907,0.10495628,0.102859244,0.12909836,0.092151694,-0.072160766,-0.13942179,-0.30931947,-0.17396316,-0.29945585,-0.14260615,0.04448692,-0.23128791,0.085612625,0.10580029,0.025042024,0.14004657,0.19358155,0.069861256,0.15507488,0.12112548,0.30965248,0.29731908,0.19268903,-0.012359557,0.0304764,-0.14874333,-0.17039195,-0.12364765,-0.2452296,-0.0544237,-0.04751903,-0.011333543,0.05565773,0.14661404,0.050860282,0.0015582165,-0.14916867,-0.19380781,-0.2912594,-0.29534414,-0.32847434,-0.3111536,-0.22775686,-0.34236738,-0.30064163,-0.2946443,-0.15135455,-0.0866056,-0.1574946,-0.22711007,-0.21764433,-0.0097841425,0.12494746,0.1675621,0.11831476,0.059951734,-0.06694248,0.22524995,-0.11474659,0.01586705,-0.12358444,-0.18671039,-0.15748362,-0.045572903,0.05829896,0.02276279,0.2756219,0.057820357,-0.030570006,0.1389545,0.16805588,-0.051258598,-0.017287353,-0.115783215,-0.14270951,-0.08154657,0.014417311,0.0019492641,0.04798679,0.07669187,-0.007912658,0.0751147,0.014751945,0.0067382935,0.2330578,0.07328254,0.09957484,0.08660022,-0.045756157,-0.0374715,-0.014728637,0.012229989,-0.17850296,-0.00604123,7.200661e-05,-0.030230185,-0.0679409,0.10123782,-0.14345878,-0.15713784,0.1847184,0.039350137,0.029972048,0.07298145,0.29471555,0.3852493,0.25325754,0.47846913,0.32721975,1.0,0.09934862,0.12457316,-0.039213147,0.040244993,0.05143506,-0.06778653,0.065095305,-0.07041916,-0.14511013,-0.11001615,-0.060547303,-0.0068345363,-0.111802325,-0.032414254,-0.06984466,0.0040853284,0.03834028,-0.018970734,-0.053466577,-0.07546124,0.094402164,0.060331643,0.006497805,-0.11878509,-0.13013868,0.064444736,-0.24310361,-0.11031234,-0.19091357,0.0025051066,-0.072191745,0.07624433,-0.0692036,0.20264105,0.0463477,0.19790073,-0.032310307,0.22054784,0.29673105,0.31282017,0.26642272,0.15011631,0.22246976,0.024260186,0.07904424,-0.17543419,-0.14410317,-0.116482705,-0.12770525,-0.086925216,0.029596988,0.042036336,-0.03690422,0.12792522,0.047493078,-0.13603929,-0.29046857,-0.20752464,-0.28174904,-0.19577064,-0.25417024,-0.28538743,-0.30839568,-0.2810917,-0.22250395,-0.00076237344,0.023292819,-0.11064129
195,-0.044198573,-0.039786246,0.104048766,0.060196158,-0.038736828,-0.022318669,0.18766159,-0.10496951,0.02629306,0.042177025,-0.07317675,-0.07455846,0.12851946,-0.07900265,-0.13163477,0.07580207,0.21168841,-0.3747082,-0.14271083,-0.2809462,0.2159317,0.057807572,0.050086144,0.07532658,-0.1037585,-0.05402396,-0.12832369,-0.12539767,0.12950963,0.044506665,0.16386758,0.11535738,0.34651902,0.34832206,0.33498865,0.49792582,0.4698673,0.37603137,0.32895347,0.37870225,-0.012847275,0.4320194,0.30840796,0.19796057,0.004454438,-0.0786395,0.14967664,-0.10540368,0.03143443,0.2565999,0.33859587,0.38229778,-0.035082746,0.4338589,0.51932365,0.42600384,0.58891386,0.58066666,0.521032,0.43399554,0.4403097,0.73135823,0.41342095,0.14067823,0.2709128,0.30699736,0.08486109,-0.03447701,-0.080114044,-0.19328414,-0.1558782,-0.025337953,-0.085774675,-0.17011899,-0.0993064,0.009404859,-0.09042987,-0.09914591,0.12604342,-0.07281434,-0.123247564,0.17560792,0.06621549,0.23041365,-0.13707668,-0.064009845,-0.2643833,-0.47395208,-0.29092553,-0.39384392,-0.40185526,-0.40294862,-0.19210063,-0.21540046,-0.26797405,-0.0698734,0.23519714,0.27197167,0.28905252,0.13325655,-0.12538315,0.017197447,0.114920594,0.0063313264,0.09657807,-0.10413736,-0.12555534,-0.10615354,-0.2541336,-0.12260522,-0.41254398,-0.25341833,-0.2699413,-0.042086344,-0.19573478,-0.26182303,-0.44654888,-0.5227015,-0.36392325,-0.36586925,-0.47874093,-0.46230876,-0.29685178,-0.41873562,-0.21071577,-0.18809496,0.014104326,-0.11754414,-0.16593786,-0.022242662,0.012784781,-0.03533995,-0.029315244,-0.0923607,-0.100416824,0.109526776,0.15390944,-0.21393892,-0.05595214,-0.04904762,-0.025257908,-0.03898485,-0.0012743303,0.072693,-0.011870306,0.019823944,0.15653583,-0.33618197,0.068040684,-0.16155149,0.25846478,0.055233836,-0.009892973,0.15562218,0.021490008,-0.06870771,0.0023445955,-0.07720426,-0.15282948,0.21323203,-0.14907622,0.14936186,0.17787677,0.117903836,0.36041293,0.24712409,0.34058613,0.39056838,0.2370671,-0.05631148,0.21294563,0.18162467,0.10278358,-0.034776624,0.14833775,0.09786143,-0.24503799,-0.22694424,0.07409967,-0.20661883,0.540486,0.13311297,0.29901043,0.05639676,0.21670517,0.5685533,0.5774258,0.54959893,0.4553289,0.09934862,1.0,0.38656998,0.17220713,0.16315833,0.22481698,-0.09116524,0.048984304,0.05008423,-0.048782244,-0.16026048,-0.087085366,-0.016940061,-0.018645743,-0.073973306,-0.1052359,-0.04262325,0.01554274,0.088960946,0.08725198,0.08283679,0.13774389,0.012602577,0.033553235,-0.27260005,-0.055991583,0.07809539,-0.37768465,-0.4657073,-0.029210543,-0.25346398,-0.46181345,-0.15229607,-0.20625742,-0.056649655,0.01397788,0.17115171,0.0366874,0.27173352,0.1893328,0.060709342,-0.11565531,0.0068893195,0.15933391,0.007838281,-0.0472645,-0.13462552,-0.17812836,-0.087049454,-0.21013594,-0.12065706,0.047983374,-0.14616224,-0.29906458,-0.1198047,-0.09704189,-0.42870596,-0.4330006,-0.3515907,-0.37706614,-0.4007973,-0.38489226,-0.46403718,-0.2101244,-0.24484484,-0.096472345,-0.02566458,0.0629974,-0.04880503
196,-0.04202061,-0.011012695,-0.074292794,-0.07891776,-0.11704066,-0.12391149,-0.1755695,-0.22264004,-0.19826758,-0.14661829,-0.26751626,-0.2584823,-0.15950629,-0.26452154,-0.2569789,0.03733155,0.37397078,-0.08710862,0.24813312,0.1159173,0.20987847,0.069521196,-0.1195645,-0.17268673,-0.27354687,-0.06410669,-0.23685515,-0.25866315,-0.18762295,-0.24892266,-0.1886727,-0.08173587,-0.086807825,-0.06171649,-0.07934445,0.13505691,0.16767707,0.14565274,0.13455401,0.07903588,0.11876059,0.1297931,-0.07946268,0.01628543,-0.12069563,0.13588642,0.011461222,0.16261983,0.31888434,0.2917104,0.54345804,0.49909654,-0.11983693,0.049018458,0.2434736,0.1321079,0.23066607,0.2922479,0.26162612,0.32927132,0.296884,0.23219565,0.4377493,0.24525367,0.52143854,0.2418402,0.24858747,0.13111204,0.06107328,-0.15004477,-0.25376168,-0.08585481,-0.2316622,-0.1972483,-0.1503858,-0.042090826,-0.10740205,-0.063652225,0.17916606,0.055876587,0.15579548,0.19425775,0.31008017,0.2828498,0.09985808,0.22754975,-0.08289697,-0.025483474,0.06333113,0.035065707,0.17392935,0.06781703,0.11580821,0.12948954,0.030637436,0.19530174,0.15105361,0.03957749,0.18957104,0.058629043,0.20070918,0.16531892,0.058263183,-0.12860359,-0.09318529,-0.18144406,-0.31001723,-0.23573104,-0.11947971,-0.0639455,-0.052687716,0.081389315,0.08852584,0.11682304,0.06209592,0.0027519458,-0.05861,-0.103344314,-0.20002875,-0.1712551,-0.2597368,-0.28206855,-0.2741424,-0.34560853,-0.35020483,-0.3268661,-0.32720432,-0.21024767,-0.1391954,-0.12576877,-0.01859598,-0.07157216,-0.09762539,-0.030806394,-0.17986949,-0.22892985,-0.112397455,-0.1061088,-0.10830016,-0.26680762,-0.27794668,-0.20109387,-0.21804248,-0.0962347,-0.015441079,0.05944162,0.30486393,-0.0034161222,0.13593511,0.2112627,0.185818,-0.03096562,-0.03605463,-0.13416891,-0.23470983,-0.16789226,-0.06604355,-0.19808082,-0.19622828,-0.11222647,-0.10648146,-0.089974225,-0.15399075,-0.07418557,0.14431486,-0.0682539,0.12985237,0.17079605,-0.009951539,-0.017029095,0.013567372,-0.07702845,-0.15598723,0.0066252495,-0.015729992,-0.055607833,-0.12331543,0.12588398,0.140009,-0.18462671,0.19536106,0.28761438,0.10881242,0.08518074,0.07412573,0.2439265,0.24792016,0.3178895,0.25930005,0.12457316,0.38656998,1.0,0.058108356,0.18979815,0.3110672,0.19117843,0.21387422,0.115730144,-0.012932446,0.124293655,0.024314119,-0.05980419,-0.14132084,-0.092759475,-0.14945886,-0.07365164,-0.07636742,0.10820994,0.15033042,0.14478952,0.21544355,0.1776114,0.08285992,-0.105056,0.24719346,0.22137813,0.009992284,-0.17333181,0.25783327,-0.046150282,-0.02723324,0.02111401,-0.011148544,0.14649652,0.015222087,0.1296527,-0.007188606,0.25311512,0.29567704,0.2364834,0.17793077,0.1356348,0.03991037,-0.08290684,-0.08774843,-0.2766287,-0.22558926,-0.15697755,-0.12556976,-0.09573062,0.015679289,-0.034428548,0.052204657,0.1314651,0.1543709,-0.04856948,-0.11396332,-0.062921606,-0.13418864,-0.16033341,-0.30579308,-0.30186847,-0.34955665,-0.23333818,-0.35046065,-0.11649202,-0.05870785,-0.05742942
197,0.05111266,-0.048525736,0.044375684,0.047101922,0.017726317,0.0014011208,0.0132109905,-0.0961901,0.010424563,-0.058954794,-0.10168882,-0.07026345,-0.028723978,-0.038273294,-0.05165931,-0.004881274,0.0075263483,-0.12527218,-0.012935843,-0.084765255,-0.027028868,-0.0032733679,-0.024607867,-0.06371681,-0.09559503,-0.122532666,-0.119896464,-0.12705795,-0.07343872,-0.09015022,-0.04437821,-0.005122998,0.013592136,0.014777043,0.0052017746,0.059984803,0.064591154,0.039515518,0.03619268,0.02636689,-0.034152247,0.056086883,0.06551231,-0.06089969,-0.079495825,-0.08263455,-0.05057066,-0.020724874,-0.01247325,-0.018532557,0.077030115,0.053466424,-0.13319406,0.02905601,0.07637877,0.09117358,0.0905719,0.076846436,0.052298658,0.038172483,0.008921329,0.11599567,0.1853388,0.061795253,0.11271362,0.16753593,0.10399262,-0.03438282,0.09023344,-0.00500048,-0.016058117,-0.023750087,-0.032219607,-0.012859996,-0.0028954658,0.014504566,-0.054981157,-0.024402121,0.09508243,0.034270648,-0.010698614,0.23072694,0.062462144,0.3754426,0.11524221,0.24276376,0.061986726,-0.03431557,0.08872879,-0.020258522,-0.053118315,-0.059697114,-0.116131075,0.024051154,0.04046316,0.1279169,0.13219377,0.116182804,0.141996,0.04910468,-0.030045964,-0.0072003873,-0.06771059,-0.07029367,-0.04312376,-0.05756661,-0.076132715,-0.077105984,-0.02050286,-0.018825995,-0.073172145,-0.056509897,-0.055446632,-0.025623325,-0.06680943,-0.043335058,-0.08001239,-0.07968379,-0.08924044,-0.07531229,-0.11213088,-0.088145755,-0.087373726,-0.08357094,-0.05355335,0.021661447,-0.006669003,0.035546027,0.04075403,-0.0015483968,-0.012324255,-0.07478191,0.029736098,-0.0103712175,-0.0112984665,-0.01169013,0.023010993,-0.04044926,-0.021289283,-0.046441887,-0.05590655,-0.056889594,-0.027138242,0.0010607436,0.01571614,0.024205552,-0.0077109872,-0.12628208,0.05208275,-0.045882016,-0.024884706,-0.013766701,-0.010613463,-0.034059137,-0.07830962,-0.08546062,-0.10524962,-0.072140686,-0.09448144,-0.008536588,-0.12347966,0.02538543,-0.03623392,-0.0056979554,-0.008632819,0.052331068,0.028024893,0.052284013,0.0065004993,-0.019081386,0.0320124,0.0413783,-0.050118264,-0.022618402,-0.04163982,0.023463504,-0.054193925,-0.044851445,0.086850986,0.056101527,0.114938706,0.037670285,-0.0035006674,0.05363491,-0.00211916,0.0961707,0.09191959,0.05468514,0.033224765,-0.039213147,0.17220713,0.058108356,1.0,0.03461274,0.1079781,0.00048686683,0.085268155,0.030422492,-0.03650879,-0.03674221,-0.018520527,-0.0056100558,0.01568217,0.024877762,-0.0017445934,-0.015264793,-0.035381615,0.04565012,0.026564226,0.14285123,0.11742258,0.017017484,0.22448933,-0.0134031,0.17187671,0.16145346,0.001579823,-0.0953669,0.07271888,-0.066871665,-0.040864516,-0.027948469,-0.021617644,0.07252463,0.10999925,0.051049907,0.0701986,0.1289267,0.07709426,0.03870399,-0.047379646,-0.01973473,-0.011018191,-0.07394175,-0.044135626,-0.06255319,-0.066090375,-0.020067165,-0.053571954,-0.006697183,0.0107135195,-0.05081001,-0.05220013,-0.041585226,-0.002947815,-0.080531396,-0.054187108,-0.05868699,-0.07451003,-0.09342971,-0.101701036,-0.07820581,-0.07197687,0.020881856,-0.01994463,-0.027137566,0.003034601,-0.012426934
198,-0.015756896,0.008324604,0.029621676,-0.0058115926,0.00011547777,-0.049490366,0.030803757,-0.010138389,-0.039048556,-0.033773452,-0.025504028,-0.042728294,0.004727608,-0.05109276,-0.041052613,0.0704226,0.09009777,-0.042955004,-0.016031437,-0.03637842,0.03768178,0.026647301,0.026837286,-0.005138774,-0.046873223,-0.03148369,-0.028018283,-0.025413658,0.020609595,-0.005265388,0.027062407,0.026096137,0.06381759,0.055052336,0.06457822,0.080577075,0.08036039,0.0538931,0.060500532,0.0722621,-0.00942554,0.08840339,0.05374351,0.06475435,-0.003885619,-0.013918098,0.029019529,0.0033594894,0.049212087,0.023327041,0.14716898,0.1490358,0.012507973,0.08276819,0.08945257,0.058137313,0.08627109,0.10308327,0.09600967,0.06987656,0.09290646,0.12827148,0.13525246,0.120789036,0.1651382,0.20663576,0.052976664,0.05819856,-0.013568946,-0.05937405,-0.07089607,-0.06096827,-0.06443075,-0.05840775,-0.05238072,-0.03292605,-0.017091345,0.0027886794,0.029493855,-0.015531381,-0.057441577,0.01729795,0.024806237,0.06539223,-0.043801516,0.0055343774,-0.05351378,-0.09054825,-0.04771431,-0.08173704,-0.09399886,-0.06897728,-0.05473169,-0.055798717,-0.06804762,-0.017918276,0.037942715,0.037677374,0.06741279,0.05349732,-0.020762365,-0.0032860853,-0.0059311967,-0.025546813,-0.0037452555,-0.039968465,-0.07501832,-0.037836283,-0.075030416,-0.040784646,-0.10342487,-0.048433024,-0.055495236,0.027363282,-0.010492689,-0.037235133,-0.087443225,-0.11918694,-0.07872867,-0.08720226,-0.110457756,-0.118350826,-0.079633705,-0.117277324,-0.09120713,-0.057325494,-0.029855471,-0.041779507,-0.055289578,-0.062853314,-0.0012191879,0.043178137,-0.034797657,-0.020383526,-0.046345685,0.020468812,0.027701542,-0.079961315,-0.07236984,-0.037483137,-0.043362178,-0.049260247,-0.036313772,-0.0028344984,-0.002682861,0.028484294,0.08502606,-0.02072901,0.015255309,-0.0109809125,0.034627367,0.034605674,-0.014383555,0.038512435,-0.013772528,-0.043707404,-0.00705668,-0.039586317,-0.025020512,0.044724956,-0.02838355,0.0036844194,0.04234618,-0.031843953,0.062029604,0.04414294,0.044121314,0.06556675,0.063169286,-0.03847384,0.039961874,0.032500353,0.031493034,-0.022721121,-0.009999928,0.03558612,-0.06036009,-0.0072217695,0.05528322,-0.02479083,0.1406551,0.15086482,0.09249147,0.035262097,0.011119378,0.09473002,0.10137067,0.0959308,0.07135127,0.040244993,0.16315833,0.18979815,0.03461274,1.0,0.07983775,0.08809133,0.09549785,0.094356015,-0.001666156,-0.009511876,0.011973505,-0.047381595,-0.015694026,-0.0557677,-0.042083163,-0.030785795,-0.01634664,0.062103238,0.009530291,2.4674484e-05,0.0060871183,0.022768468,0.0699728,-0.072771914,0.0017735914,0.038082268,-0.053856008,-0.1122977,-0.02995819,-0.054282654,-0.1063162,-0.041368328,-0.045456275,-0.022824895,-0.01620331,0.060115002,-0.004603375,0.05891964,0.033298824,0.00014609435,-0.023659294,0.026313217,0.000415944,-0.018581934,-0.018432058,-0.07181196,-0.055042174,-0.046222463,-0.060060725,-0.030945621,0.022479814,-0.044671245,-0.060970377,-0.0060716067,0.011265186,-0.076625206,-0.10845068,-0.09104145,-0.095126696,-0.08566116,-0.103061296,-0.12009312,-0.09883673,-0.05574846,-0.05836554,-0.030262703,-0.015835697,-0.039294593
199,0.008731372,0.0080309305,0.036670174,0.029584821,-0.0007574073,-0.0106777605,0.013461158,-0.08000111,-0.03869418,-0.05441586,-0.13588145,-0.10059851,-0.05636922,-0.10012277,-0.07728517,0.08877725,0.17071286,-0.10814161,0.07395055,0.025628759,0.08534083,0.040625975,-0.028169211,-0.08067788,-0.12932137,-0.016516266,-0.11093943,-0.10265536,-0.044344597,-0.09253663,-0.048263993,-0.005546163,0.034002647,0.027915234,0.02745442,0.10279823,0.10914585,0.031159328,0.064726196,0.06982481,0.010361635,0.12024929,0.021202795,0.013499369,-0.07573043,-0.026724255,0.04941688,0.07327375,0.07630397,0.045419753,0.18633927,0.1495573,-0.09068404,0.05132695,0.14957324,0.075140506,0.15143476,0.15053327,0.16105822,0.13296863,0.1419815,0.20232934,0.19434655,0.13235639,0.3633012,0.3476561,0.26434964,0.11617325,0.06259251,-0.028326979,-0.06200617,-0.020856898,-0.10767366,-0.019764379,-0.008429412,0.028488887,-0.017919933,-0.031089189,0.18571083,0.030462658,0.12523355,0.22846445,0.23589969,0.23087241,0.07636787,0.118898615,-0.03214052,-0.08319824,0.007017906,-0.05443492,0.011332553,-0.050782945,-0.08240569,0.0003734131,-0.01386626,0.12427254,0.14055637,0.09119807,0.18395504,0.06931458,0.039589316,0.051683348,0.004582274,-0.12082994,-0.06059676,-0.111981876,-0.17818446,-0.13476378,-0.17138326,-0.0847942,-0.13054435,-0.06899902,-0.072397836,-0.011172329,-0.070726745,-0.06936387,-0.1429079,-0.15653747,-0.16917743,-0.15353164,-0.18651508,-0.17601344,-0.18418679,-0.1923095,-0.16485223,-0.13148166,-0.102091275,-0.06866513,-0.063671105,-0.084675655,-0.0069156894,-0.03231997,0.005292828,0.012174038,-0.04312471,-0.035844088,0.0064593814,-0.058304265,-0.053663403,-0.08341407,-0.106263995,-0.117031686,-0.08041028,-0.05811572,0.04284666,0.013337877,0.16291983,-0.058145948,0.09204761,0.06301604,0.06175461,-0.013541579,-0.007446391,-0.015558244,-0.08069216,-0.09263367,-0.021237763,-0.07738618,-0.09577418,-0.04080489,-0.10412045,0.009095944,-0.04484499,0.004416425,0.10047094,0.04099755,0.019360492,0.07065248,0.015866969,-0.03385482,0.04540488,0.0043784427,-0.060743764,-0.017705554,-0.012227139,0.004683368,-0.07128326,0.047926266,0.085878305,-0.095725685,0.09538936,0.044909287,0.02082724,0.02541701,0.04807535,0.17939654,0.15151334,0.16220993,0.12884815,0.05143506,0.22481698,0.3110672,0.1079781,0.07983775,1.0,0.028798468,0.12176536,0.08016437,0.043631423,0.09881707,0.0015083693,0.00308105,-0.052546393,0.0075930962,0.002491126,-0.004579325,0.026405782,0.1435499,0.10574862,0.16318676,0.19850688,0.14926317,0.14842944,-0.031763498,0.111182466,0.12897705,-0.027372537,-0.1464788,0.042476334,-0.10364752,-0.113949604,-0.054629214,-0.043264546,0.061645668,0.041429114,0.086938396,0.032206956,0.21728559,0.19021766,0.11351736,0.012632052,0.065808795,0.0042300504,-0.08927369,-0.03152169,-0.1645594,-0.15710412,-0.038436614,-0.13636813,-0.080603324,-0.058882557,-0.097656794,-0.08182472,-0.026843496,-0.009683046,-0.13972574,-0.1579549,-0.13997747,-0.15221807,-0.14186889,-0.18541451,-0.1795092,-0.1650298,-0.09951495,-0.12761678,-0.005330736,0.009084452,-0.033145566
200,0.03589369,-0.09012374,-0.21743716,-0.15400623,-0.106462166,-0.088563494,-0.34237307,-0.22850357,-0.19871774,-0.18337288,-0.21601738,-0.21574849,-0.13301998,-0.17147546,-0.18754764,-0.072769664,0.1913251,0.14643054,0.25379738,0.11742861,0.029168688,0.062173188,-0.12517336,-0.18296365,-0.21331564,-0.12918815,-0.12155913,-0.13527016,-0.20913999,-0.2428684,-0.26921144,-0.12143394,-0.3262162,-0.29102698,-0.24870412,-0.1312383,-0.046562288,0.016637184,-0.06831415,-0.13178197,0.13861905,-0.083560295,-0.16988112,-0.07629302,-0.18143518,0.09650579,-0.17447917,0.08120427,0.20805958,0.19986536,0.05361681,0.1943061,-0.09294461,-0.19135322,-0.08741319,-0.017280743,-0.07905035,-0.033884473,-0.11353147,0.05198397,-0.10493549,-0.29055664,-0.024896957,0.0406211,0.10984544,0.047935843,0.12218277,0.13471763,0.06887672,-0.10263473,-0.14226082,-0.04965813,-0.16852932,-0.17401324,-0.2207517,-0.12848933,-0.16397384,-0.03153393,0.13357215,0.14206785,0.12506992,-0.0008587028,0.118599296,0.033745635,0.122785255,0.21521725,0.12334162,0.24366944,0.2271841,0.25945607,0.28752995,0.3272866,0.103118785,0.15674867,0.11997245,0.08100745,-0.06020747,-0.112600446,-0.024232093,-0.03130518,0.13093755,0.030530581,-0.053991053,-0.056987915,-0.09622788,-0.041374777,-0.13204435,-0.08006102,0.12881915,0.041924,0.18541533,0.20850545,0.19973859,0.16581404,0.12157874,0.09017001,0.13074702,0.19337732,0.10794046,0.12877168,0.058328766,0.044529155,-0.021512108,-0.014480613,-0.1176527,-0.101745196,-0.28440288,-0.12551352,0.06520494,0.07944598,0.030362371,-0.075521745,-0.10626632,-0.066496015,-0.16239811,-0.32039016,-0.2439577,0.058947142,-0.039467417,-0.23994145,-0.2461704,-0.14609255,-0.16612306,-0.13114749,-0.06207191,0.050977755,0.15186931,0.16556098,0.09930345,0.1586622,0.036916807,-0.03209759,-0.003110805,-0.17473614,-0.2177793,-0.13724814,-0.1474918,-0.107201725,-0.07772946,-0.13849731,-0.018572425,-0.16118068,-0.23177774,-0.15574417,-0.16300844,-0.1933723,0.02175708,-0.01938637,-0.16367723,0.06482769,-0.10273382,-0.1263914,-0.15405037,0.0009219858,-0.08977808,-0.0065736645,-0.07857307,0.041315503,0.08906745,-0.010628199,-0.17032069,0.1876854,-0.036557347,0.043104578,-0.02733839,-0.14871137,-0.062189873,-0.06213366,-0.012127021,-0.06778653,-0.09116524,0.19117843,0.00048686683,0.08809133,0.028798468,1.0,0.107745245,0.09780549,-0.0008795816,0.14797947,0.018850291,-0.047431998,-0.06155323,-0.07153076,-0.16734274,-0.16112383,-0.19550216,0.016050518,0.1453697,0.07291719,0.07687811,0.07095382,0.034426775,0.020452233,0.2226603,0.05854814,0.21956605,0.12998366,0.3626564,0.017690737,0.2242229,0.08271195,0.100311674,0.042688843,-0.056702018,-0.038007032,-0.072160095,-0.015508011,0.03683687,0.064748436,0.13513152,0.039735727,-0.10060687,-0.02940418,-0.07989276,-0.113486476,-0.042828433,-0.016454779,0.043989863,0.058806375,0.051192787,0.06194099,0.21181849,0.15835775,0.18600416,0.12964584,0.21233839,0.25266582,0.17715463,0.13787727,-0.048221663,-0.0028867729,-0.099910624,0.022177234,-0.21632898,-0.1420226,-0.06487447,0.07205404
201,-0.014418314,0.07237356,-0.062636696,-0.048125364,-0.078722395,-0.06029862,-0.099949636,-0.12178143,-0.0758893,-0.09944407,-0.12386695,-0.1236412,-0.18189265,-0.109677,-0.113167636,-0.01583332,0.17383638,0.03178289,0.14337498,0.19218509,0.1262173,-0.021571772,-0.06768613,-0.07747061,-0.13301252,-0.09848644,-0.13788314,-0.13064654,-0.1644336,-0.15319563,-0.16068035,-0.092503056,-0.14289428,-0.12896691,-0.11070973,-0.029634489,-0.03204366,-0.0032877107,0.066706724,-0.0013522895,0.090400584,-0.023501469,-0.059999045,-0.08272156,-0.061002057,0.12508512,0.010293974,0.21719263,0.18124342,0.025354994,0.25604972,0.10255923,-0.06526806,-0.092293926,0.01858627,-0.012050684,-0.023401776,0.0071943947,0.007450126,0.028248213,0.07170758,0.027183274,0.1214116,0.11291793,0.2540147,0.26248354,0.17336518,0.1525322,0.020436808,-0.05209699,-0.07693961,-0.05215972,-0.0651129,0.040949143,0.009825725,0.008132919,-0.0137870405,-0.025659928,0.12205597,0.057166573,0.08415862,0.111316,0.119263515,0.12756735,0.040799726,0.11681802,-0.01633002,0.06433103,0.083044775,0.079518445,0.091133244,0.08615444,0.10086882,0.037855715,-0.0003365616,0.08823781,0.04543677,0.002192928,0.04643768,0.0024748456,0.07613579,0.05685933,-0.021742444,-0.117141925,-0.09358651,-0.11721051,-0.22284587,-0.13326329,-0.031772118,-0.017028132,-0.0064730006,0.10914693,0.11951607,0.07238773,0.1122939,0.06639782,0.03678344,0.016902998,-0.057360046,-0.0679418,-0.093857266,-0.12349306,-0.12280797,-0.1484525,-0.23245275,-0.15570615,-0.21483661,-0.05276474,0.020388078,-0.10755166,0.011416675,-0.092245094,-0.009146796,-0.018729003,-0.073788844,-0.121420644,-0.086435474,-0.01922942,-0.07738533,-0.1349881,-0.12145274,-0.075168386,-0.10552409,-0.04369864,0.02298295,-0.03833961,0.1280825,0.090325974,0.026451292,0.15766846,0.004674359,-0.07582818,-0.052043602,-0.097667046,-0.13006844,-0.09969206,-0.07319583,-0.09640678,-0.07086445,-0.085317895,-0.05990959,-0.049497794,-0.1542393,-0.081503525,-0.035797957,-0.07898186,-0.008179479,0.083326854,-8.413681e-05,0.017522207,-0.044429988,-0.04173515,-0.14125791,-0.010569977,-0.04154425,-0.06492213,0.04941311,0.21357039,0.15844023,-0.0069129243,0.08950375,0.0619448,-0.033351287,0.010518103,-0.028727528,0.026880404,-0.0058690608,0.014441057,0.004306877,0.065095305,0.048984304,0.21387422,0.085268155,0.09549785,0.12176536,0.107745245,1.0,0.09369707,0.0028525754,0.057590075,0.01574587,-0.031251423,-0.07847188,0.052140154,0.017521022,0.09222518,-0.022015793,0.13807696,0.07480345,0.13545287,0.086955935,0.05213069,0.13187765,0.012876444,0.11659799,0.09998968,0.08712076,-0.008638046,0.04320014,0.060755704,0.0015644305,-0.017274616,-0.0037578593,0.028872347,0.008461957,0.014377014,-0.0103147775,0.055466533,0.11095391,0.07534765,0.08064062,0.041205678,-0.04725367,-0.056014135,-0.018888865,-0.20039128,-0.13357498,-0.08435188,-0.0035488482,-0.06021048,0.001489865,-0.0054288455,0.10238894,0.10786745,0.11906455,0.03750467,-0.016144615,0.018273067,-0.04466685,-0.020831525,-0.16610813,-0.105436444,-0.23564841,-0.10150219,-0.19738041,-0.0749377,-0.032573357,0.05917655
202,-0.06887285,-0.015919399,-0.02849964,-0.042700347,-0.09202246,-0.10717219,-0.07442323,-0.050287593,-0.051869474,-0.09912844,-0.08455734,-0.11512893,-0.020644234,-0.061528295,-0.060670868,0.10445487,0.07235156,0.04726702,0.0034830477,0.030025415,0.0475452,-0.018178081,-0.029792022,-0.021901727,-0.08669984,-0.040190175,-0.04592838,-0.08635327,-0.061034992,-0.10155007,-0.0119012715,0.006123663,-0.0039683776,0.005842368,0.028064448,0.09316883,0.09635829,0.12512569,0.096743815,0.08516225,0.077166416,0.0329064,0.020908225,-0.020680927,-0.0007598186,0.0821286,0.0071361545,0.034490462,0.054685112,0.1062019,0.05598137,0.03645378,-0.04838254,0.024691528,0.05753815,-0.042487074,0.036366384,0.044717953,-0.000658873,0.0064177467,-0.051118035,0.0040366254,0.03264162,0.06010214,0.21695325,0.29305404,0.037672337,0.19513905,-0.05847336,-0.023088617,-0.06398481,-0.09687516,-0.023604248,0.06754748,0.06618539,0.06026048,0.106958166,0.108172745,0.11647656,0.01154707,0.042920303,0.053003624,0.08045568,0.07305576,0.048119657,0.057020333,-0.0027952197,-0.033128176,0.0363439,-0.0036650207,0.002807887,0.013549676,0.01298129,-0.021435402,0.007854324,0.032896925,-0.0064151767,-0.017102914,-0.007335888,-0.021500686,-0.0018716073,-0.0068146554,-0.033642992,-0.013868074,-0.017420456,-0.036026277,-0.043082904,-0.014264817,-0.058081523,0.018562224,-0.046662882,0.020313747,0.0079629915,0.093403056,-0.013117001,-0.076993994,-0.05303993,-0.083380505,-0.023921236,-0.013605909,-0.039076064,-0.031752378,-0.03139315,-0.044976737,-0.030308716,-0.022220442,-0.05333009,-0.08574839,-0.07524654,-0.07714844,-0.012984878,-0.013604877,-0.083923824,-0.07736724,-0.1008689,-0.09342543,-0.031077074,-0.12849526,-0.060976043,-0.1409667,-0.109610826,-0.058491778,-0.049343623,0.0015984871,-0.06113672,0.08545615,0.07168652,0.034200307,0.017270539,0.06333925,0.06814279,0.012417896,0.041438777,-0.039219517,-0.038840394,-0.04452031,0.004467722,-0.08631798,-0.08469989,-0.09434128,0.0072422097,-0.049853556,0.0095012905,-0.025721738,0.0103828665,0.028975394,0.12143842,0.10900173,0.046096615,0.04316255,-0.017620014,0.020418271,-0.057715062,-0.043779846,0.0043472955,0.07123439,-0.022917438,-0.02200745,0.10459782,0.0033654475,0.012053661,0.020131346,0.022438258,-0.021660749,-0.03396675,0.042329784,0.053179562,0.010523402,0.04863633,-0.07041916,0.05008423,0.115730144,0.030422492,0.094356015,0.08016437,0.09780549,0.09369707,1.0,0.11617818,0.12295382,0.06745481,-0.0526364,-0.07163937,0.055752322,0.06009637,0.056879446,-0.0876087,0.09503026,0.10656677,0.08186428,0.04282011,0.06523065,0.07489933,0.016130397,0.059178993,0.08161945,0.020261247,-0.099246606,0.05263282,-0.0819574,-0.03415444,0.006423869,0.0039116964,0.0077009536,0.019840531,0.0032575696,0.03093296,-0.0027255039,-0.010299134,-0.048195787,-0.017253477,0.018797366,-0.011681502,0.0058466657,-0.07770697,-0.049114496,-0.061109122,-0.03144433,-0.052904002,-0.06077979,-0.011909637,-0.004749109,-0.017768012,0.08440285,0.04847796,-0.028062146,-0.07026163,-0.044838082,-0.017968107,-0.0470461,-0.047857493,-0.046499178,-0.033842925,0.0016054928,-0.037523113,-0.062202368,-0.08984434,-0.096085936
203,0.054248534,0.095960476,-0.081238315,-0.06517777,-0.017672129,0.01943113,0.0015923245,0.04609144,-0.0066918717,-0.096042804,-0.013593436,-0.038820103,0.033795256,0.01851058,0.058566697,0.1491165,0.068153664,0.11289571,-0.03259516,-0.030901767,-0.06686936,-0.02461047,0.016981037,0.026201678,0.004025787,-0.09664082,-0.0073692077,-0.021998148,0.005782986,-0.03705788,-0.0061848457,-0.010551849,-0.011426425,-0.006934606,0.005273898,-0.059029818,-0.06806583,-0.04504567,-0.066314526,-0.05422096,-0.058695924,-0.083752364,-0.003994267,0.0036179824,0.022019627,0.013024801,0.06769375,0.00084837986,3.7319973e-05,0.016886223,-0.03286859,-0.057021867,0.03959429,-0.032191526,-0.096791305,-0.07238694,-0.07302631,-0.105739005,-0.09626433,-0.11338488,-0.10366123,-0.060440123,-0.06729712,-0.013832422,0.066991284,0.10577603,0.083329014,0.35159466,0.13649276,0.01619628,0.030593127,-0.023217065,-0.0025265943,0.20510525,0.1838602,0.052380886,0.24208814,0.08621433,0.057886165,-0.019188032,0.00860563,-0.034114033,-0.0055747204,-0.05509593,-0.0020363457,0.00706768,0.06530174,0.046363067,0.07019034,0.039393023,-0.025320996,0.017431479,0.0010504957,-0.1206117,-0.05889849,-0.087757155,-0.078246936,-0.05207543,-0.0109883435,-0.017082546,-0.07834038,-0.09603238,-0.08100521,-0.015918892,0.008221599,0.064885385,0.023825774,0.03194142,-0.023239266,0.007558086,-0.048485335,-0.07990193,-0.072316214,-0.069747604,-0.08870351,-0.07513798,-0.07118656,-0.042284675,0.11315081,0.0674914,0.07197023,0.08770498,0.041621845,0.09046486,0.049450073,0.06601078,0.00069722865,-0.040229756,-0.045271415,-0.037232358,0.046780717,0.07172671,-0.054128468,-0.010611507,0.004132974,0.031890154,0.038247366,-0.11764203,0.012310744,-0.064460084,-0.031188896,0.03467458,-0.011847896,-0.0070517818,0.056954037,-0.05562103,0.052858505,0.097180076,0.047468152,-0.07366511,-0.05783636,0.040401418,0.014491513,0.0137266945,0.0095680235,0.013591512,-0.03257719,-0.022118488,-0.03944993,-0.03854603,0.05478273,-0.0054445732,0.0067103654,-0.027859876,-0.007690402,-0.061574895,-0.03144665,-0.047573645,0.014648561,-0.04813847,-0.019501762,0.0007246142,-0.0019305019,-0.04384196,0.040667213,-0.02838849,0.008556032,-0.02751587,-0.011526193,0.024003206,-0.05319574,-0.015090325,-0.013424001,-0.016356451,-0.09417546,-0.09938876,-0.09514363,-0.10384236,-0.09261753,-0.14511013,-0.048782244,-0.012932446,-0.03650879,-0.001666156,0.043631423,-0.0008795816,0.0028525754,0.11617818,1.0,0.3671814,0.046923842,-0.01805931,-0.026013814,0.09921329,0.19176942,0.09179045,0.102979675,0.06188483,0.069225706,0.035855617,-0.0122028915,0.004762382,-0.0058505875,0.053671323,-0.014008365,-0.047278564,0.090423614,0.017703746,-0.014091554,-0.075858735,-0.028479068,-0.054316286,0.006264495,-0.16331689,-0.07605233,-0.06869133,-0.023532124,-0.0030522484,-0.035236057,-0.11553835,-0.0859122,-0.057043742,-0.080234595,-0.026045859,-0.06347529,0.01889718,0.030266779,0.0028686528,-0.0056216503,-0.02071687,-0.06799485,-0.025136122,-0.06525828,-0.09170332,-0.08568533,-0.07347656,0.0026777517,0.04331996,0.05584061,0.046364136,0.036469508,0.060091916,0.064770505,0.08236544,0.03608701,-0.054523055,-0.065664805,-0.04701114
204,-0.0023858717,0.045639463,-0.115028,-0.14467016,-0.0303161,-0.07148939,-0.13671489,-0.07341743,-0.095440894,-0.17513418,-0.13628718,-0.15649772,-0.1244488,-0.00865786,0.06808527,0.20496367,0.1817498,0.12987581,0.058152404,0.06549455,-0.039198864,0.007824356,0.0106104575,-0.07588152,-0.122764185,-0.046769157,-0.10203943,-0.116406366,-0.14183186,-0.15831377,-0.11084621,-0.100880444,-0.114643864,-0.0959522,-0.08452053,-0.048008192,-0.02663572,0.035672896,-0.012306572,-0.057087407,0.049792618,-0.074295886,-0.10817498,-0.045405205,-0.08725765,0.021045638,0.039395556,0.07626429,0.10010789,0.054118298,0.023129875,-0.021455666,-0.0046847467,-0.09893251,-0.06520267,-0.056373242,-0.0840949,-0.09243329,-0.10576704,-0.071787156,-0.14946426,-0.21313928,-0.045195747,0.049240176,0.16965702,0.1371055,0.22732176,0.6822937,0.4106974,0.2011272,0.11199258,0.011425587,0.024937034,0.24386887,0.21617326,0.09158652,0.24396887,0.04980626,0.008471578,0.020038392,0.023682397,-0.07137577,0.028231945,-0.043944564,0.04163965,0.06597092,0.05409796,0.14170302,0.13088675,0.14317846,0.1955032,0.15230045,0.13221315,0.057963718,0.06739319,-0.0011908255,-0.14672454,-0.18875515,-0.10530919,-0.090692334,0.12117462,0.0033777615,-0.07744338,-0.0851069,-0.05691388,-0.071222246,-0.1173471,-0.05989496,-0.014042341,-0.044027735,0.06524522,0.0703388,0.07461932,-0.012328314,0.06960916,0.023580201,0.06697456,0.08694399,0.09808941,0.06491225,0.10312914,0.077873655,0.024356065,0.039800927,-0.049859047,-0.091143295,-0.19463788,-0.15153451,-0.043609478,-0.03842205,0.0134893535,0.08645636,-0.14372022,0.00946427,-0.07653203,-0.12975971,-0.07380356,-0.11675444,0.017401654,-0.17374954,-0.15019979,-0.08681204,-0.06211194,-0.06749507,0.055303823,-0.044792227,0.08880824,0.12841323,0.0016368544,0.015393022,-0.02750901,-0.012262367,-0.08291635,-0.08369999,-0.12886925,-0.08826132,-0.105690144,-0.09155269,-0.06809367,-0.14383742,0.026414461,-0.14289534,-0.080481045,-0.095456295,-0.07422561,-0.14006269,0.044724714,0.0012342422,-0.008403211,0.021321496,-0.07171841,-0.0862478,-0.08550564,-0.0036736883,-0.062177923,-0.09776007,0.014454795,0.08981499,0.008647906,0.0070469696,-0.14359145,0.05037496,-0.07617278,0.02335065,-0.101201765,-0.14248519,-0.08342574,-0.09768416,-0.07345992,-0.11001615,-0.16026048,0.124293655,-0.03674221,-0.009511876,0.09881707,0.14797947,0.057590075,0.12295382,0.3671814,1.0,0.14348742,-0.009262838,-0.08032219,0.16353199,0.20607837,0.1662015,0.08748782,0.022354063,0.029921882,0.0009150686,-0.051787592,0.014467933,-0.009297389,0.053001605,0.079893686,0.001540653,0.16748126,0.05039859,0.14482808,0.049034942,0.15209551,0.07239518,0.06370743,-0.074634,-0.10533604,-0.09634937,-0.06908165,-0.047300275,0.0007596805,-0.029813495,0.11859681,0.029437784,-0.12123316,-0.062435377,-0.07107055,-0.108485244,-0.067742184,-0.061088238,-0.02933207,0.006625659,-0.10312092,-0.024311902,0.07745718,0.01875258,0.03540131,0.058033377,0.09136359,0.11550323,0.088352874,0.10014251,0.030517519,0.02561747,-0.027821187,-0.007938465,-0.13963665,-0.13203649,-0.1169934,-0.04107675
205,0.13068587,0.110975884,-0.016250767,-0.029398652,0.0069242264,-0.08133507,0.0042074146,0.014621765,-0.021408185,-0.062418897,-0.012527037,-0.002290479,-0.07470056,0.18241566,0.25071093,0.4369968,-0.07627041,0.14701179,0.08293632,-0.011644511,-0.1809799,-0.0023483254,0.15028526,0.059463654,0.06222917,-0.1713386,0.003718701,-0.013136399,-0.06203587,-0.0642094,-0.08155484,-0.07940038,-0.09148941,-0.123976156,-0.09762973,-0.16852526,-0.16575494,-0.09840614,-0.14082664,-0.13846469,-0.026040614,-0.123830594,-0.067516565,-0.02666029,0.025093341,0.030673105,0.058375712,0.05259716,0.08371264,0.07700824,0.00020330699,-0.029940968,-0.0070339805,-0.054781742,-0.10522626,-0.122225404,-0.13270833,-0.12253784,-0.072088964,-0.0901725,-0.02027565,-0.074919574,-0.0759405,-0.03120749,-0.0371048,0.025247034,-0.08253079,0.0793073,0.022727974,0.6294244,0.25167137,0.082719155,0.034565434,0.044502806,-0.0856956,-0.08161063,0.08951046,0.099240065,-0.0016565815,0.0062642205,0.041362993,0.047245014,0.03841651,0.0669284,0.08964169,0.06886623,0.10744541,0.1019422,0.13097516,0.10223273,0.09777933,0.10547945,0.077306345,0.0030271767,0.02747618,0.02462425,-0.082099624,-0.051115498,-0.03281871,-0.038545877,-0.060288183,-0.12092879,-0.19192906,-0.11116935,-0.09883641,0.003318375,0.019860327,0.04209379,-0.04688631,-0.12209809,-0.011869266,-0.06361921,-0.014557537,-0.10410355,-0.09990123,0.004249377,0.009362986,0.012599196,0.07269908,0.085963495,0.15360294,0.14986393,0.10513571,0.13912582,0.07507605,0.077569984,-0.0183255,-0.02774471,-0.009539779,-0.008245418,0.124153815,0.002209349,-0.052026734,0.01635512,-0.08239878,-0.031997632,0.029731208,-0.166522,-0.039571553,-0.042464953,-0.005824966,0.04679871,0.14168079,0.046890438,0.044727977,0.16879508,-0.009072204,0.13457473,0.021093022,0.007765027,-0.22083187,-0.013628619,0.04059395,0.07373947,0.047810163,0.029741185,-0.06432123,-0.055582304,0.00014206729,0.00324919,-0.022707475,-0.020544892,-0.07826038,-0.043004233,-0.06298435,-0.04022032,-0.08670451,-0.13989039,0.029917337,0.02025258,-0.088380285,-0.054970503,0.02730998,0.098338574,0.023698958,-0.036447596,0.08342032,0.0046189227,0.024870338,0.057478726,-0.11525194,-0.0052262964,-0.07346981,-0.11366983,-0.23895246,-0.11314731,-0.12894109,-0.09090839,-0.106923,-0.060547303,-0.087085366,0.024314119,-0.018520527,0.011973505,0.0015083693,0.018850291,0.01574587,0.06745481,0.046923842,0.14348742,1.0,0.04276352,0.023454305,-0.042753033,-0.025361301,0.022833632,-0.0938761,0.11412603,-0.0013458756,0.034152407,0.013213165,0.004775008,0.03212547,0.060304075,0.025432799,0.0033909744,0.12674446,0.053368993,0.050464716,0.06517261,0.058163915,-0.028966863,0.02122786,-0.012107142,0.0019769962,-0.1055402,0.015327129,-0.03496233,0.01792765,-0.056525487,-0.07648466,-0.0705137,-0.16330808,-0.13757826,0.022803452,0.023388581,0.0371737,0.052831266,0.021787783,0.008244778,-0.1212096,-0.11382729,-0.025380047,-0.07479272,-0.106757455,0.005471604,0.032054823,-0.0058271606,0.06991402,0.10504118,0.107743554,0.14053434,0.08319103,0.0993111,0.023344869,-0.012002985,-0.04469477,-0.017212223
206,0.11558705,0.035422124,-0.022935878,-0.02123144,0.060329225,0.056947287,-0.010623289,0.034125682,0.006805855,0.009670639,0.042929392,0.05329798,0.03466336,0.27625036,0.24743974,0.219286,-0.008085494,0.04365986,-0.0028319226,-0.043489628,0.026636321,0.19244596,0.20085709,0.15231194,0.048112683,0.008640168,-0.037098117,-0.027387718,-0.021687254,-0.039515793,-0.028767174,0.008850922,-0.022340951,-0.021993047,-0.018699324,-0.04375359,-0.03698182,0.0021929105,-0.085177906,-0.06896358,-0.055403873,0.014087761,0.04245536,0.039448258,0.041330423,-0.100046284,0.037841406,-0.057070713,-0.08884491,-0.044256568,-0.0744161,-0.07227937,-0.043847337,-0.0037636792,-0.034063485,0.042115528,-0.05525172,-0.049029607,-0.04516902,-0.038920034,-0.0059658866,0.03242421,-0.009382606,-0.008431608,-0.05523351,0.01734708,-0.047709215,0.024006616,-0.03972029,0.108008265,0.21317959,0.8233834,0.14703722,0.06456918,0.038060185,-0.00025404315,0.032482017,0.010873871,-0.05762744,-0.06070568,-0.07810199,-0.0031204754,-0.07099344,-0.015197398,-0.020317,-0.058518052,0.017148525,-0.015061,-0.0148872975,-0.028706372,-0.07661414,-0.03757082,-0.066462755,-0.13378178,-0.12673794,-0.10846852,-0.06220979,-0.00069863,0.004720055,0.022382636,-0.101246476,-0.14726515,-0.09590505,-0.07049017,-0.017914204,0.026512537,0.025445903,0.0069130193,-0.112854965,-0.08592826,-0.12711015,-0.13646336,-0.13552809,-0.067978725,-0.08044305,-0.07961779,-0.107549965,-0.08100061,0.016025353,0.020676114,0.009005713,0.029297091,0.039557777,0.055128936,0.0558282,0.078212515,0.06336429,-0.011390642,-0.025367763,-0.028918201,0.08132772,0.07717768,-0.024910625,-0.004244826,-0.0121944025,0.020732727,-0.0011475007,0.045492608,0.035873394,0.012724083,0.049150236,0.1000884,0.2552923,0.06985851,0.25521207,0.106986426,0.008266104,0.04371295,0.043662097,-0.1093454,0.023674147,0.035246734,0.03017263,0.16386637,0.09220699,0.033593588,-0.011796161,0.006209066,-0.030010626,-0.00293396,-0.02041669,0.05190174,-0.022022536,-0.05189262,-0.0056211306,-0.035483394,0.01163207,-0.063446164,-0.057959765,-0.050045475,0.010250537,0.05462674,0.089822486,-0.0065647406,0.002603965,-0.021873428,0.0022828854,-0.044011716,-0.044191886,0.016318468,-0.012363878,-0.033376835,0.011844536,0.027113108,0.05772105,0.024762006,-0.05064841,-0.03690427,-0.065511726,-0.0068345363,-0.016940061,-0.05980419,-0.0056100558,-0.047381595,0.00308105,-0.047431998,-0.031251423,-0.0526364,-0.01805931,-0.009262838,0.04276352,1.0,0.1450314,0.02677676,0.0030374315,0.034941077,0.059210032,-0.04089766,-0.06354028,-0.041721746,-0.03900207,-0.073639035,-0.040509805,-0.003867303,-0.06621886,-0.07424872,0.0028564923,-0.0017264696,-0.083353214,-0.08889713,-0.075331666,-0.07976687,-0.019448731,-0.1429621,-0.08869449,-0.053813346,-0.05342815,0.008721781,-0.060385983,-0.07275953,-0.11828205,-0.09261212,-0.09988422,-0.09827987,-0.007529408,0.02481107,0.017163822,-0.026983477,0.031235123,-0.07625718,-0.012873888,-0.05697823,-0.13976821,-0.10491543,-0.110236466,-0.10261608,-0.05064391,-0.016359057,0.008296107,-0.0074776155,0.016481392,0.01755057,0.060981236,0.07478087,0.07175588,-0.007126591,-0.053134322,-0.052375942
207,0.0406271,-0.041288983,-0.018998014,-0.00248579,-0.028008029,0.025369812,0.051841885,0.0045106537,0.07364539,0.08286683,0.12422661,0.10002256,0.20674771,0.36729574,0.30361277,0.09670706,-0.18820919,-0.058232397,-0.11963935,-0.06406027,0.023514856,0.1089408,0.24443138,0.2533149,0.13832235,0.034874536,0.024536822,-0.015859123,0.030897293,-0.0037482276,0.014521063,-0.0034942976,-0.01611126,-0.031976573,0.01578656,-0.026969453,-0.015154418,0.016086945,-0.04206733,-0.04275237,-0.049742084,0.028211227,0.08582584,0.08811394,0.12391196,-0.06598142,0.039468266,-0.071253434,-0.09578718,-0.03198473,-0.10865923,-0.07756568,0.00023841944,-0.032855142,-0.020035157,0.026860056,-0.04689802,-0.07286388,-0.09150026,-0.10948009,-0.09811375,-0.013459469,-0.09677589,-0.06760312,-0.12094855,-0.021357033,-0.059955973,-0.056399614,-0.053859092,0.15223405,0.32438153,0.20249586,0.33047125,0.15186848,0.09353126,0.06232507,0.01580768,-0.0119501045,-0.10355245,-0.06218549,-0.12226334,-0.07370842,-0.12876765,-0.03662025,-0.033402093,-0.060079806,0.029931432,-0.025077024,-0.011287359,-0.03619953,-0.09474946,-0.022776686,-0.04037414,-0.11923457,-0.076012306,-0.1112601,-0.07185536,-0.010121415,-0.06396281,-0.044904903,-0.15273038,-0.16897532,-0.07857136,-0.04739127,-0.002087642,-0.01681354,0.08356226,0.05941722,0.00696324,-0.03894763,-0.069392174,-0.091565244,-0.11827405,-0.07108659,-0.07968604,-0.09823363,-0.06375789,-0.024276972,0.06857266,0.07980795,0.049063522,0.047354076,0.08443133,0.084698915,0.08522654,0.07841006,0.067626655,-0.008086076,-0.038079415,0.024559902,0.0064164773,0.016886411,-0.0018666781,-0.06549153,0.032470442,0.08182762,0.060428888,0.022785056,0.029160704,0.11215916,0.1443187,0.24858649,0.35844392,0.1200302,0.09561946,0.089626506,-0.16999343,-0.09577175,-0.040945947,-0.16053511,0.039447125,0.0075681196,0.03785394,0.22654913,0.17853212,0.10544654,0.017264869,0.011550252,-0.033305127,0.009527681,-0.015175109,0.057493124,0.016287202,-0.045285292,-0.043633375,0.012121112,0.013542273,-0.031742226,-0.02660106,-0.023771098,0.027973747,0.076112434,0.15344802,0.003277834,-0.009476731,0.04960207,0.008724761,-0.087115414,-0.05228908,0.06632225,-0.025370777,-0.037048027,0.071067475,0.026498899,-0.002090082,0.009108217,-0.05269608,-0.10066667,-0.11158643,-0.111802325,-0.018645743,-0.14132084,0.01568217,-0.015694026,-0.052546393,-0.06155323,-0.07847188,-0.07163937,-0.026013814,-0.08032219,0.023454305,0.1450314,1.0,0.10939187,0.07973051,0.042767808,0.05897902,-0.06679613,-0.101656325,-0.06662778,-0.116661996,-0.094662905,-0.02781152,-0.0008624024,-0.058252525,-0.09926292,-0.013094968,0.010958254,-0.045975152,-0.060836166,-0.04138786,-0.09993137,-0.004091597,-0.12406506,-0.04305016,-0.08436468,0.0009830109,-0.08997841,-0.13712212,-0.13009644,-0.14253119,-0.071014956,-0.08631213,-0.07190461,-0.034095235,0.07608741,0.10517331,0.041285153,0.088100806,-0.014732306,-0.0005001988,-0.020250525,-0.09506443,-0.11159305,-0.0800504,-0.06139098,0.022669232,0.029822072,0.062464047,0.029402042,0.030199675,0.02909883,0.10284905,0.067369595,0.06977274,-0.01573351,-0.046607185,-0.019688785
208,0.002401734,0.0015168443,-0.03053588,-0.026194245,0.012052751,0.06147565,0.03730884,-0.060286395,0.07051682,-0.024069097,-0.011836033,0.026502574,0.024476387,0.20999072,0.22739871,0.019253954,-0.16429079,-0.010749529,-0.07685939,0.012498472,0.008865199,-0.003278395,0.1288961,0.12581474,0.053663254,-0.030088862,-0.04345406,-0.06479656,-0.050514285,-0.057587158,-0.057363607,-0.031831272,-0.04880262,-0.050442085,-0.037964404,-0.05347151,-0.035908956,-0.021882327,-0.035872415,-0.05261202,-0.0012317806,-0.024948232,0.045742106,-0.002052489,0.11481753,0.028614542,0.040111925,0.040406145,-0.07583677,-0.16680235,-0.066504925,-0.14854051,-0.00703843,-0.09003725,-0.033376656,-0.007215427,-0.084429786,-0.10300339,-0.10340984,-0.11670684,-0.06594504,-0.0261115,-0.05881009,-0.02777978,-0.04764926,0.07112222,0.019046647,0.14435552,0.09536974,0.13211569,0.31623647,0.043900963,0.38774142,0.60613865,0.44195247,0.2974224,0.1923463,0.07471397,-0.09271725,-0.070628315,-0.10674651,-0.064063944,-0.09397642,-0.014584177,-0.018428683,0.0019334524,0.051906355,0.055742323,0.04458091,0.0384567,-0.019950818,-0.0042440724,0.055338122,-0.08204472,-0.029877452,-0.07508285,-0.115084626,-0.08505306,-0.10479295,-0.064601496,-0.09660598,-0.142817,-0.12800816,-0.109261006,-0.057402384,-0.029404635,0.018509487,0.050568413,-0.0068657096,-0.0005531797,-0.026585767,-0.029522195,-0.043807432,-0.05233128,-0.00814831,-0.039396018,0.0032747313,0.020712318,0.07776699,0.069110654,0.07827295,0.07818617,0.090471394,0.076067425,0.024232192,0.021415941,-0.001349341,-0.03993974,-0.042483903,-0.050343186,-0.021919385,0.009658197,0.004173015,-0.011303006,0.06858496,0.013726787,-0.011476094,0.026361328,0.0070794476,0.029696299,0.06760398,0.1304125,0.15078433,0.07708417,0.04772421,0.006553905,-0.17274748,-0.036501817,-0.040912945,-0.069541804,-0.04015669,-0.022862209,-0.020826712,0.04639253,0.062858686,0.044374634,-0.042793494,-0.022953715,-0.038548786,-0.054658864,-0.019469932,-0.06955511,-0.056333993,-0.03584891,-0.04872596,-0.033364374,-0.018593442,-0.014818554,-0.030679747,-0.015626615,-0.007121518,0.042059142,0.026192784,-0.021201499,-0.009930027,0.013770121,0.107489154,0.07339612,-0.032179516,0.085398994,-0.03674605,-0.1142224,-0.05031284,0.0037736434,-0.0183065,-0.023156332,-0.079831906,-0.1120836,-0.10741378,-0.032414254,-0.073973306,-0.092759475,0.024877762,-0.0557677,0.0075930962,-0.07153076,0.052140154,0.055752322,0.09921329,0.16353199,-0.042753033,0.02677676,0.10939187,1.0,0.4548155,0.2953635,0.085489064,-0.02624879,-0.11088063,-0.037974082,-0.11129604,-0.062432762,0.028551511,0.055922847,0.0030041547,-0.02992035,0.08202612,0.06062501,-0.06795626,0.02171187,0.0137330545,-0.050728276,0.035633832,-0.121266134,-0.04652335,-0.14127573,-0.010409464,-0.11237332,-0.109674536,-0.12691101,-0.07356153,-0.05280585,-0.15915647,-0.10504282,-0.032299817,0.018484823,0.0040132944,0.019426314,0.013014397,-0.08522899,-0.016934222,-0.055707674,-0.025382908,-0.05472317,-0.037924454,-0.004327975,0.03436654,0.039258968,0.05683437,0.05188453,0.03237631,0.04640598,0.04328038,0.020634562,0.016465127,-0.058570217,-0.057862226,-0.057309188
209,-0.0057080616,0.08998094,0.060933467,0.028308688,0.02117496,0.05862772,0.20806533,0.032461435,0.1394024,0.04585085,0.09317422,0.10428128,0.05029111,0.25386822,0.29042587,0.012131437,-0.28220573,-0.12381801,-0.25058216,-0.033184826,-0.054843027,-0.078754395,0.17786767,0.18788598,0.13077408,0.020341761,0.052356496,0.018116405,0.035815272,0.040217962,0.05996802,0.00048061204,0.08745643,0.07880221,0.0800173,0.0046086023,-0.015051,-0.021566117,0.0044587282,0.027364692,-0.09449417,-0.021282487,0.1186152,0.026136048,0.20556898,0.021685481,0.19871318,0.09656934,-0.07613542,-0.2595755,-0.0953095,-0.27014813,0.055341396,-0.01633386,-0.004983098,-0.041559175,-0.06901239,-0.12739366,-0.096651234,-0.18025234,-0.09648271,0.025340155,-0.10871295,-0.0108346725,-0.021184864,0.120816216,0.016993623,0.19423003,0.085098885,0.21612573,0.35569015,-0.0011483863,0.38742408,0.6861448,0.76634115,0.38810962,0.402838,0.114804275,-0.13039234,-0.12720482,-0.13643704,-0.067047685,-0.14193621,-0.0327519,-0.03329683,-0.055830583,0.046334535,-0.014092096,0.001140351,-0.060667537,-0.120747715,-0.09217333,0.014930126,-0.17869295,-0.08827204,-0.11141435,-0.1327923,-0.080157354,-0.123276524,-0.075262055,-0.19343388,-0.19310662,-0.13585043,-0.10630526,-0.057403058,-0.045585837,0.047754478,0.08837424,-0.068144456,-0.026345443,-0.1168424,-0.12892707,-0.14103538,-0.14313333,-0.03743314,-0.09182549,-0.07658774,-0.070514746,0.034089636,0.01818357,0.08444961,0.09420895,0.11398101,0.10886366,0.08753806,0.07402545,0.0956376,0.02888705,-0.038223978,-0.074452475,0.0007912447,0.06919489,0.029956974,0.04155411,0.12557429,0.15526374,0.114877954,-0.057083346,0.045488734,0.13149182,0.15297653,0.15878908,0.18764874,0.10264428,0.052032713,-0.062336825,-0.28141853,-0.16701397,-0.14501368,-0.15448672,-0.09328277,-0.004242902,-0.08177359,0.08875832,0.15903942,0.11470915,0.004772556,0.040993426,0.014520642,0.021759633,-0.031107651,0.0018243225,0.041573744,0.03926266,-0.027084751,0.039570227,-0.02679102,-0.0031993862,0.0742089,-0.059984352,-0.0045033135,0.087912,0.09533022,0.0056318515,0.0181616,-0.022582427,0.24102448,0.12895148,-0.03394285,0.13298205,-0.024151176,-0.18566136,-0.05063896,-0.02219719,-0.08177024,-0.01413355,-0.071829535,-0.1376108,-0.12940177,-0.06984466,-0.1052359,-0.14945886,-0.0017445934,-0.042083163,0.002491126,-0.16734274,0.017521022,0.06009637,0.19176942,0.20607837,-0.025361301,0.0030374315,0.07973051,0.4548155,1.0,0.40769348,0.24111196,0.002213026,-0.16616957,-0.05289647,-0.15188175,-0.082904264,0.036151234,0.04394884,-0.05057671,-0.06714044,0.039738655,0.021605311,-0.19580097,0.025757823,-0.10266335,-0.09166816,-0.0092769405,-0.14747618,-0.042388167,-0.13465823,0.003171312,-0.13901809,-0.13994093,-0.18105559,-0.1776485,-0.097751245,-0.13697833,-0.11188867,-0.04242679,0.03994033,0.025983125,0.018685414,0.018323062,-0.08141896,-0.07795901,-0.09752379,-0.13012683,-0.13579836,-0.09775687,-0.08766773,-0.06345098,-0.05626895,-0.010756526,-0.01492884,0.07865502,0.07920457,0.09852736,0.03484499,0.09991211,-0.016971057,-0.043987066,-0.04661315
210,-0.0889543,0.14128762,0.10059005,0.0304326,-0.01635541,-0.011455581,0.15279995,0.03192719,0.16069077,0.052272093,0.09071159,0.20291339,0.011403744,0.22055069,0.21665362,0.07069309,-0.087414615,-0.0053889356,-0.16508622,0.029167436,0.017103173,-0.069019705,0.1387054,0.23748901,0.2168487,-0.009985686,-0.017312143,-0.05208646,-0.027216937,-0.026704272,0.019285953,0.0017137757,0.048485193,0.024577897,0.07575786,0.036698494,0.017738888,0.032930847,0.030229148,0.06650351,-0.0427212,-0.022242058,0.031300116,0.01993886,0.27099106,0.16143915,0.2781623,0.15286908,-0.056265034,-0.27141896,0.029852489,-0.1630326,0.045933556,-0.046668287,0.017047087,-0.0015938755,-0.07066823,-0.10548968,-0.033504657,-0.13413966,0.01118403,0.10969068,-0.046968628,-0.06516447,0.033845242,0.13704099,0.054143257,0.2555601,0.023554798,0.12962276,0.27835253,0.058002215,0.4002408,0.45348722,0.6636814,0.43096864,0.6732124,0.14814219,-0.086985596,-0.17223945,-0.14881462,-0.1035421,-0.16385642,-0.09552784,-0.1264302,-0.13844737,-0.07591855,-0.10169759,-0.10191365,-0.12768628,-0.12934832,-0.0991672,0.017356575,-0.18344684,-0.1463152,-0.16662137,-0.15444216,-0.1328684,-0.14746925,-0.065772854,-0.12360745,-0.09608074,-0.055707138,-0.054144617,-0.03804413,-0.022345286,0.014710704,0.03984474,-0.09180438,-0.019855447,-0.12689538,-0.11993285,-0.09881349,-0.112873815,-0.0046063024,-0.06738058,-0.046809655,-0.0819005,0.05300289,-0.00068312127,0.03457643,0.005610015,0.06390171,0.0145515585,0.00584818,-0.012002255,0.034883425,-0.01576958,-0.06367461,-0.14923847,-0.051201314,0.15670186,-0.022944512,0.04129668,0.024613816,0.12575306,0.114673726,-0.078043684,0.033594966,0.1840921,0.24159293,0.2822827,0.17746101,0.0656986,0.097504295,-0.09188874,-0.120950654,-0.007880208,-0.13605635,-0.080388844,-0.027023252,-0.025214525,-0.14776613,0.09634229,0.19441548,0.16421539,0.058884226,0.038714647,-0.029717555,0.0007902553,-0.07072066,0.009887167,0.0021879722,0.0063807294,0.013968702,3.1139134e-05,0.02670821,0.0075447857,0.074469335,-0.06699044,0.014914229,0.016223839,0.06901475,0.036086317,0.028936975,-0.027864594,0.28585115,0.21517791,-0.015629506,0.036223903,0.082987696,-0.10671501,-0.030304946,0.006873436,-0.08199004,0.051074047,-0.08026623,-0.07475791,-0.13094048,0.0040853284,-0.04262325,-0.07365164,-0.015264793,-0.030785795,-0.004579325,-0.16112383,0.09222518,0.056879446,0.09179045,0.1662015,0.022833632,0.034941077,0.042767808,0.2953635,0.40769348,1.0,0.5379706,0.0020256313,-0.11881199,-0.07103724,-0.14848328,-0.1035359,-0.009889892,-0.013957886,-0.11907287,-0.10815968,-0.048210587,-0.07099024,-0.2335167,0.023042629,-0.12224779,-0.03980562,-0.03586355,-0.1850148,-0.12524882,-0.08822116,-0.08658553,-0.13387689,-0.11169175,-0.119859055,-0.09079356,-0.08103376,-0.04219195,-0.030418267,-0.04650115,0.0071054557,0.0026208821,-0.0021512895,-0.010088452,-0.111619234,-0.04665493,-0.093870156,-0.12112794,-0.08652409,-0.10507454,-0.060513563,-0.06709725,-0.076377235,-0.025776874,-0.025214251,0.028078597,-0.004238705,0.019215029,-0.025122069,0.033930574,-0.037456434,-0.06569305,-0.093919046
211,-0.17407674,0.07209443,0.32151246,0.27748653,0.06785248,0.108893864,0.30968165,0.18288104,0.20286156,0.18719271,0.17733526,0.19240052,0.109257184,0.14686307,0.16185465,0.0315306,-0.03133323,-0.10340879,-0.2829611,-0.037409913,0.102160014,-0.052106407,0.12700918,0.18726759,0.16412567,0.09271338,0.06135008,0.05704545,0.12804955,0.13504578,0.19187859,0.09458049,0.2667386,0.260096,0.27681878,0.1885237,0.092142224,0.025068793,0.18629459,0.2237529,-0.1187269,0.09452921,0.119761035,0.07119841,0.18931782,-0.04840891,0.28517082,0.07853219,-0.17324609,-0.3028575,0.027299749,-0.13729776,0.075304024,0.14051491,0.112833634,0.05442822,0.06296441,0.020268008,0.10644789,-0.024668034,0.090865575,0.21911849,0.03960532,0.037294194,0.07322078,0.13123411,0.11838797,0.14129065,0.05578997,0.06932356,0.17593324,0.08026224,0.21144868,0.28557137,0.45809326,0.19847658,0.56172,0.0027111457,-0.02674866,-0.1563723,-0.06661477,0.032536764,-0.09110874,-0.05065515,-0.16610652,-0.23605035,-0.23998249,-0.35192958,-0.32183436,-0.3549835,-0.25144923,-0.3118777,-0.10129214,-0.17731406,-0.16053785,-0.09530322,0.037145395,-0.007102674,0.018081805,0.011767038,-0.01586211,0.055852216,0.09930022,-0.030987555,0.0114446925,-0.091332845,-0.07918074,-0.057370547,-0.22646111,-0.061417334,-0.25362778,-0.22990006,-0.22256376,-0.1743151,-0.08034705,-0.052222405,-0.1284358,-0.18722528,-0.13450155,-0.20829411,-0.19630821,-0.19891448,-0.09783725,-0.14541034,-0.019141799,-0.03758811,0.14976506,0.11151306,0.0046271766,-0.17976643,-0.13039382,0.1073645,0.20232482,0.09509047,0.19135553,0.32074818,0.17909661,0.0066618184,0.12905364,0.24699515,0.21810287,0.1341121,0.13110842,0.019361299,0.11210825,-0.16695845,-0.049601566,-0.08044048,-0.1580216,-0.12386113,0.08487234,0.03369507,-0.09088466,0.14332019,0.1858674,0.12200338,0.14689778,0.122468956,0.03189098,0.092489265,-0.07091825,0.18044825,0.15813772,0.12335921,0.1828763,0.12922762,0.016435355,0.07236543,0.16437621,-0.09988754,0.11334016,0.07458341,0.1448755,0.020190036,0.019663353,-0.010620059,0.24556133,0.122707725,-0.053231873,-0.006821021,0.18420231,-0.0899286,0.053653263,0.06875016,0.07218142,0.17866012,0.051111396,0.059889823,-0.037168648,0.03834028,0.01554274,-0.07636742,-0.035381615,-0.01634664,0.026405782,-0.19550216,-0.022015793,-0.0876087,0.102979675,0.08748782,-0.0938761,0.059210032,0.05897902,0.085489064,0.24111196,0.5379706,1.0,-0.12895148,-0.031354047,-0.03885134,-0.015217071,-0.07590084,-0.048344027,-0.08188772,-0.18652688,-0.110410675,-0.30932888,-0.24908909,-0.35439447,-0.04997196,-0.26787964,-0.04905378,-0.12047794,-0.09198158,-0.047481082,0.045568798,-0.08131859,0.026667356,-0.014243283,0.040157992,-0.035198044,-0.0092383325,0.1122206,0.017787961,0.018689258,-0.087957844,-0.10559482,-0.08847647,-0.14575735,-0.13414623,-0.05626561,-0.14583471,-0.2437701,-0.17145975,-0.16598779,-0.12409948,-0.22934058,-0.22363189,-0.23574825,-0.20148176,-0.09537347,-0.12422212,-0.04751958,-0.11821755,0.07458124,0.08439104,0.08462232,-0.0913642
212,0.12636718,0.09284625,-0.09477596,-0.13074486,0.0026794872,-0.015677158,-0.017338676,-0.050396565,-0.019226436,-0.040289346,-0.072715916,-0.045291115,-0.06253887,-0.050706424,-0.03966097,0.04875259,-0.0010466768,-0.042261865,0.025456145,0.040529452,-0.028265039,-0.03869587,-0.01277538,-0.041909862,-0.040348098,-0.0417946,-0.023123099,-0.04859322,-0.040257804,-0.066733174,-0.05699707,-0.002860769,-0.02638169,-0.043520115,-0.05489374,-0.022164306,0.01326907,-0.019957718,-0.07139184,-0.045765907,-0.02230671,0.018001644,0.0049733287,-0.00031426095,0.005545903,0.068083145,0.003989746,0.08758383,0.092420705,0.022482345,0.08595732,0.03036872,-0.00032780788,0.003362112,0.06102117,0.008990582,0.050682344,0.04731463,0.055500258,0.020119164,0.04780655,0.06649408,0.036055423,0.028899014,0.19259627,0.19209187,0.12298388,0.06957023,0.011237293,0.058463007,-0.02701621,-0.046179473,-0.065740675,-0.01708425,-0.036791448,0.016792936,0.09398022,0.10340564,0.16105033,0.0017489926,0.10766017,0.11147837,0.12784465,0.11160985,0.023372617,0.08893329,0.056858275,0.053706944,0.0945526,0.0642494,0.017991316,0.023261959,-0.018931666,-0.029205387,-0.03768477,0.05499958,0.033495843,0.05346617,0.085667305,0.028075967,-0.08359121,-0.08001364,-0.10705232,-0.1339271,-0.08626334,-0.01566497,-0.07608408,-0.03592796,-0.040817153,-0.070142604,-0.05731557,-0.013870195,-0.023029078,-0.017883318,-0.0048785787,-0.037631534,-0.105751336,-0.112969086,-0.07924746,-0.057197914,0.0019201983,-0.003614026,-0.023231262,-0.01983396,-0.05147038,-0.028924093,-0.036884025,-0.017361633,-0.019542294,-0.093018204,0.11246993,-0.0022183447,-0.12065949,0.029228877,-0.029446851,-0.038873367,0.016104389,-0.09305868,-0.05705436,-0.042610593,-0.06046138,-0.01905295,-0.040726792,0.025401777,-0.016927613,-0.0006052124,0.035479113,-0.020092629,0.04615863,0.0010805904,-0.068133496,-0.0026173054,-0.01514909,-0.0002878815,-0.03510696,-0.04895603,-0.070404634,-0.06024318,-0.021679245,-0.015469262,-0.022764761,-0.01781107,-0.06582596,-0.014630832,-0.052952465,0.027473506,-0.032915585,-0.023696166,-0.0030658115,-0.029349055,-0.013704445,0.0029314908,-0.012241901,-0.030364648,-0.037962865,0.019528644,0.01917896,0.043900475,0.1040838,0.03805544,0.028747829,-0.011294674,-0.02574983,-0.07592817,-0.06612965,0.037200887,0.057970025,0.038234685,0.031426784,-0.018970734,0.088960946,0.10820994,0.04565012,0.062103238,0.1435499,0.016050518,0.13807696,0.09503026,0.06188483,0.022354063,0.11412603,-0.04089766,-0.06679613,-0.02624879,0.002213026,0.0020256313,-0.12895148,1.0,0.1128161,0.13904421,0.13803488,0.04298745,0.09559138,-0.017304938,0.07246422,0.07324828,0.0768395,0.003482535,0.027165836,-0.027782807,-0.063356094,-0.050614,-0.010439915,0.018207999,0.009394836,0.022825401,0.012403987,0.100357465,0.12773089,-0.011390772,-0.10192148,-0.03544438,-0.09250248,-0.14326455,-0.030151824,-0.071639426,-0.037205372,0.005028315,-0.021938566,-0.024519015,-0.047496617,-0.014386701,-0.0138559975,-0.012792914,0.008284183,-0.11382132,-0.094721794,-0.0878657,-0.06745943,-0.020454323,0.002091159,-0.0152103705,-0.04387578,-0.020686712,-0.031112164,-0.0054515535,-0.014352399,-0.034969755
213,0.018884853,-0.03991141,-0.019695006,0.075185224,-0.061719432,0.04236189,-0.1369046,-0.06872839,-0.12025641,-0.10035289,-0.18171407,-0.21080126,-0.0687536,-0.21304873,-0.17148185,0.050346047,0.17440519,0.042828303,0.110998064,0.038223382,0.062609546,0.032840654,-0.15495561,-0.22003217,-0.2678367,-0.07447534,-0.1859157,-0.15313105,-0.1238791,-0.1407313,-0.09720066,-0.040160406,-0.05532437,-0.030230133,-0.03654694,0.034617808,0.031582188,-0.01856688,0.053947788,0.042663135,0.016784865,0.015566715,-0.08385239,-0.13263981,-0.21666256,-0.040230937,-0.07187229,0.09894098,0.12371781,0.27676302,0.04509814,0.09639617,-0.12360879,-0.0015062405,0.012869626,0.019859599,0.08280529,0.08417762,0.07590281,0.089305185,-0.009958628,-0.01581527,0.06858391,0.07042029,0.19879493,0.07834898,0.16802314,0.08528298,0.03935868,-0.10149957,-0.18992202,-0.08501705,-0.23442104,-0.16810347,-0.17452441,-0.1469769,-0.076018155,-0.0071971924,0.83929706,0.38500163,0.47652602,0.42666826,0.36230955,0.20786078,0.07466949,0.14143273,0.0008073093,0.0153013915,0.078368425,0.040787086,0.08320944,0.02527849,-0.023718134,0.052193917,0.037592128,0.13749734,0.13822633,0.14051235,0.10106559,-0.0196058,0.077762775,0.04615312,-0.04975891,-0.09750833,-0.12415407,-0.059333395,-0.18174669,-0.13841997,-0.07040587,-0.027882377,-0.045016803,0.0017162354,0.035641704,0.03175263,-0.013660252,0.03657907,0.008395373,0.009315432,-0.08560112,-0.08679492,-0.15896937,-0.1457486,-0.16936839,-0.14576615,-0.15319484,-0.07993646,-0.14414723,0.027056526,0.1021467,0.056625105,0.007619797,-0.16127874,0.11795171,-0.05887762,-0.020040449,-0.13969128,-0.10074709,0.023204006,-0.027411541,-0.17697391,-0.24198388,-0.19546445,-0.21386884,-0.09125111,-0.053872034,0.0044675535,0.18882845,0.053560853,0.09267727,0.11986409,0.06057293,-0.0038093375,0.023454797,-0.13547175,-0.21792324,-0.16144747,-0.08360933,-0.11326087,-0.10323824,-0.15070175,-0.056132182,-0.061021894,-0.07025727,-0.005492425,0.031098926,-0.03434087,-0.02593602,0.051988114,-0.040553898,0.0035381254,0.01359357,-0.05641569,-0.18550226,-0.058363207,-0.064317495,0.028838154,-0.14509459,-0.045503404,0.18839382,-0.069500946,-0.05376375,0.0331458,-0.104836814,0.025928255,0.102038264,0.017554455,0.074238725,0.08134059,0.08165627,-0.053466577,0.08725198,0.15033042,0.026564226,0.009530291,0.10574862,0.1453697,0.07480345,0.10656677,0.069225706,0.029921882,-0.0013458756,-0.06354028,-0.101656325,-0.11088063,-0.16616957,-0.11881199,-0.031354047,0.1128161,1.0,0.6015992,0.56952876,0.22012843,0.03353854,-0.051317204,0.116029605,0.07761122,0.023934038,-0.067818984,0.19431734,-0.0462342,-0.033539098,-0.010829917,-0.039403014,0.06249026,0.0624212,0.066673465,0.093322955,0.08007887,0.088560514,0.08469197,0.0519982,0.016293157,-0.014744015,-0.065593936,-0.022948686,-0.16574736,-0.1641851,-0.071007796,-0.098097175,-0.07116372,-0.025444968,-0.088534385,-0.0005243064,0.048995942,0.011880138,0.014294291,-0.004033592,0.01290382,-0.05847978,-0.08416063,-0.17380957,-0.104987785,-0.16635334,-0.017725343,-0.13042776,0.013180472,0.12727317,0.03909168
214,0.06545473,-0.012546207,0.04680475,0.12531182,-0.030306287,0.03820656,-0.06849338,-0.06913535,-0.08752746,-0.09710253,-0.16806616,-0.17408913,-0.08393617,-0.15271787,-0.11594462,0.008330931,0.05974361,-0.037459064,0.07789858,0.058811184,0.019718574,0.005131693,-0.12007706,-0.20091696,-0.22834823,-0.11275885,-0.19818665,-0.15563698,-0.10003955,-0.12820943,-0.10809142,-0.04083412,-0.063508235,-0.042639066,-0.02918227,0.020217888,-0.010728163,-0.037726946,0.061058138,0.046676043,0.009105046,-0.016205674,-0.07283293,-0.13326825,-0.20199922,-0.08354249,-0.013905147,0.18352506,0.14931962,0.15230234,0.04796089,0.045950245,-0.13614844,-0.023365382,0.01086968,-0.033667076,0.042733245,0.025708888,0.008965312,0.0059130513,-0.01332632,0.034178104,0.055870365,0.10119034,0.21321043,0.14883755,0.14631547,0.029718664,0.04849327,0.015140562,-0.08806506,-0.066560075,-0.1549244,-0.052892245,-0.08513065,-0.08676797,-0.06936267,-0.009523897,0.7541012,0.34198162,0.4377791,0.6310535,0.3638856,0.391801,0.16731888,0.22533493,0.061078314,0.024960773,0.12161966,0.024852993,0.058846105,0.0032697695,-0.019786023,0.050680526,0.06962808,0.20984675,0.15001917,0.14862084,0.11912885,-0.019077498,0.03177638,0.007896141,-0.1032123,-0.16394952,-0.15269488,-0.116315745,-0.2183636,-0.13957635,-0.10338627,-0.05919327,-0.0814413,-0.009075165,0.00022517233,-0.009898595,-0.0075139576,-0.0019685116,-0.00013537878,-0.015184538,-0.113315955,-0.1168349,-0.14886425,-0.12705097,-0.16435106,-0.12362106,-0.14188333,-0.062513515,-0.10820181,0.083989315,0.15821785,0.07111658,0.026211586,-0.20125802,0.14931744,-0.02266687,0.0018656148,-0.101907246,-0.058162447,0.0019412952,-0.080813,-0.110821135,-0.19027986,-0.1862627,-0.1642779,-0.06646708,-0.021598501,-0.01393968,0.08782578,-0.020858236,0.08676334,0.10276259,-0.016224202,-0.022167435,-0.009841682,-0.13772385,-0.1982352,-0.13865694,-0.0965757,-0.1153921,-0.10302407,-0.1219054,-0.105946794,-0.056166053,-0.08878222,-0.014433177,-0.003966273,-0.0006673657,-0.04242138,0.051895805,-0.015936464,0.029882083,-0.023557829,-0.049928267,-0.16341655,0.0014229852,-0.10805148,-0.018379826,-0.06666488,0.010079827,0.2940707,0.035768826,-0.0627576,5.78945e-05,-0.109964125,-0.010210623,0.03894619,0.0101132775,0.038400136,0.0059189354,0.0034853707,-0.07546124,0.08283679,0.14478952,0.14285123,2.4674484e-05,0.16318676,0.07291719,0.13545287,0.08186428,0.035855617,0.0009150686,0.034152407,-0.041721746,-0.06662778,-0.037974082,-0.05289647,-0.07103724,-0.03885134,0.13904421,0.6015992,1.0,0.52240664,0.20025691,0.19716762,0.0057458295,0.1760081,0.1552928,0.045915008,-0.04646807,0.103853315,-0.022295456,-0.053628176,-0.0048251753,-0.015783835,0.100516506,0.11807017,0.048660055,0.10485101,0.08543943,0.13566378,0.09827595,-0.0062522213,0.007947494,-0.07042862,-0.1374385,-0.019851664,-0.19805957,-0.17715093,-0.07834059,-0.088416755,-0.084297314,-0.05589136,-0.106908634,-0.016977495,0.012189785,0.027015373,0.0044830358,-0.042008787,-0.033161744,-0.096107416,-0.097849526,-0.1793058,-0.08075994,-0.15497953,-0.017947795,-0.097499,0.028066866,0.08758455,0.08263857
215,0.008845698,-0.06193367,0.05891764,0.15285088,-0.028143706,0.08306378,-0.08647834,-0.10061051,-0.10031501,-0.03370995,-0.22072957,-0.22518478,-0.11509211,-0.27474153,-0.22408998,-0.014605181,0.20607242,-0.058762923,0.14193399,0.114382274,0.09873168,0.040006984,-0.16030256,-0.2843137,-0.3169914,-0.076843776,-0.2074767,-0.16811255,-0.11815817,-0.12053181,-0.088312514,0.0036660593,-0.05987409,-0.029365547,-0.049333263,0.07542575,0.06832241,-0.0024053678,0.098692715,0.08127121,0.06519862,0.06967075,-0.08703127,-0.17651738,-0.26810798,-0.073261835,-0.09293106,0.090983205,0.12656695,0.13528481,0.09598857,0.12615846,-0.17375642,0.008763529,0.14103289,0.07937437,0.15944995,0.17347445,0.18745218,0.19240175,0.19967318,0.1328174,0.1852533,0.11323231,0.22522482,0.07476294,0.1377175,-0.09720379,0.07430162,-0.07688286,-0.21940061,-0.06804578,-0.27905285,-0.18463841,-0.17122497,-0.12709723,-0.14199974,-0.036062486,0.61525583,0.31203243,0.7060202,0.6927062,0.6022091,0.49417257,0.2769354,0.28230336,-0.030518059,-0.017317355,0.071813256,0.018735701,0.15972827,-0.010043382,-0.021783713,0.1481358,0.14122652,0.37066728,0.32734516,0.24011038,0.29198074,0.06499425,0.19262664,0.14929263,-0.039068483,-0.21874659,-0.19590658,-0.17957826,-0.3250239,-0.20103769,-0.23500584,-0.08775394,-0.11272759,-0.018885937,0.017457375,0.03250307,0.0036379257,0.013435763,-0.077120565,-0.10609366,-0.28754425,-0.27243242,-0.2848094,-0.25276503,-0.2895737,-0.264546,-0.2778673,-0.14291082,-0.13501042,0.13031794,0.24436204,0.01093317,-0.035172783,-0.25165242,0.19873044,0.0056427647,0.026703263,-0.11402834,-0.09899932,0.1186028,-0.05191503,-0.14289406,-0.26201835,-0.29495195,-0.2673928,-0.13292827,-0.01823662,-0.02162728,0.22725865,0.0033584854,0.06366249,0.1925754,0.0604283,-0.054887485,0.0063001574,-0.20512035,-0.29171738,-0.2168538,-0.08316981,-0.120391406,-0.102494985,-0.13443276,-0.14360024,-0.0494008,-0.07511772,-0.02143406,0.09020836,0.005831156,-0.019824302,0.08420689,-0.055024914,0.024954269,-0.027871983,-0.08602363,-0.23653764,-0.05408356,-0.12051719,-0.063145384,-0.10635724,0.021468595,0.15209599,-0.041451473,-0.020009818,-0.011330698,-0.1155853,0.008656326,0.18474114,0.16977796,0.16101152,0.1839659,0.15786842,0.094402164,0.13774389,0.21544355,0.11742258,0.0060871183,0.19850688,0.07687811,0.086955935,0.04282011,-0.0122028915,-0.051787592,0.013213165,-0.03900207,-0.116661996,-0.11129604,-0.15188175,-0.14848328,-0.015217071,0.13803488,0.56952876,0.52240664,1.0,0.34399036,0.17225857,-0.0040138983,0.21658899,0.25434464,-0.009528691,-0.09523206,0.17125496,-0.012679811,-0.07138945,-0.017333727,-0.039612267,0.2545244,0.22747889,0.16488698,0.13960959,0.28268445,0.331523,0.28426853,0.123384215,0.07878778,0.0142559055,-0.16815114,0.0318065,-0.29646298,-0.30158678,-0.16142547,-0.21403271,-0.09653959,-0.11521663,-0.12246536,-0.03843064,0.059529107,0.061716825,-0.06838921,-0.18726021,-0.13070047,-0.23512957,-0.17013699,-0.28586215,-0.17617033,-0.31710792,-0.10852106,-0.16368628,0.11710827,0.28628367,0.06558098
216,-0.011698793,-0.03015402,-0.012534949,0.02440994,-0.027545631,-0.021731703,-0.103047065,-0.060459338,-0.09025266,-0.027389608,-0.1547371,-0.13200286,-0.07916638,-0.19393021,-0.18139692,-0.04363172,0.1285002,0.0021885734,0.13533427,0.119569995,0.034643713,-0.02414107,-0.14345759,-0.19371285,-0.17346351,-0.03402813,-0.12344927,-0.100893125,-0.088588946,-0.10630363,-0.10019954,-0.056045324,-0.086543284,-0.071247675,-0.1088278,-0.012191061,-0.0033914845,-0.05360528,0.014103731,-0.014902397,0.041535746,-0.0061433366,-0.12444947,-0.10600081,-0.14007823,0.029089326,-0.068408616,0.074525595,0.08494037,0.05085145,0.12737323,0.11806128,-0.11822006,-0.0543253,0.041519586,-0.045912527,0.034409896,0.06570656,0.0663129,0.10094361,0.10931153,0.022710387,0.11190883,0.068314396,0.16702506,0.055557996,0.09917576,-0.048216823,0.08978393,-0.08153402,-0.1685172,-0.10392284,-0.17805962,-0.12588957,-0.116157666,-0.07682106,-0.12604362,-0.047548324,0.23707595,0.16188587,0.37047264,0.24572772,0.59479386,0.20851992,0.18581337,0.18888757,0.012863665,0.077573024,0.09366272,0.09054131,0.18483041,0.07211697,0.029961176,0.15265022,0.16147885,0.27465925,0.23219995,0.15198211,0.21269609,0.06892452,0.18304142,0.1733755,-6.0039773e-05,-0.06250358,-0.09537201,-0.062637255,-0.15643324,-0.13273044,-0.067538366,-0.015036436,0.013195197,0.03504615,0.06348463,0.02669536,0.016343405,0.036098484,0.030263081,0.023369042,-0.12445164,-0.101148024,-0.116044454,-0.10020754,-0.15901972,-0.122048706,-0.15833017,-0.10936628,-0.1297511,0.015637685,0.029050786,-0.08431955,-0.037499383,-0.11918967,0.06316419,0.0124711925,-0.027340673,-0.1069826,-0.115105174,0.0659383,-0.08677318,-0.090423286,-0.14984576,-0.14391892,-0.1848979,-0.09151589,-0.01707782,-0.010977561,0.14299792,0.04164148,0.047653683,0.17266607,0.0127762845,-0.07033718,-0.027266366,-0.15755165,-0.16176482,-0.08980676,-0.056494597,-0.09172345,-0.059416812,-0.11747393,-0.020144373,-0.05791961,-0.094036736,-0.020980818,0.02210761,-0.030415688,-0.061857402,-0.003284585,-0.06821946,-0.010230564,-0.042710565,-0.08813026,-0.16504672,0.015877482,-0.1078199,-0.044568505,-0.05375446,0.070410624,0.06923503,-0.06349854,-0.032060664,0.03913485,-0.07602327,0.0041760043,0.050550215,0.057105906,0.045958623,0.076070495,0.07429376,0.060331643,0.012602577,0.1776114,0.017017484,0.022768468,0.14926317,0.07095382,0.05213069,0.06523065,0.004762382,0.014467933,0.004775008,-0.073639035,-0.094662905,-0.062432762,-0.082904264,-0.1035359,-0.07590084,0.04298745,0.22012843,0.20025691,0.34399036,1.0,0.10512956,0.026815798,0.16899988,0.15893078,0.07811107,0.01407184,0.11805703,0.0024535188,0.042525988,0.03218799,0.0109285945,0.20618632,0.17158608,0.15559651,0.10473677,0.22354999,0.24140492,0.189261,0.13309208,0.0949475,0.06379282,-0.03501847,-0.0007265648,-0.1321266,-0.13686597,-0.07059363,-0.05628003,-0.053197954,-0.038673185,-0.06502539,0.030217655,0.07210974,0.07357172,0.034456003,-0.041639395,-0.037961446,-0.08394957,-0.057857923,-0.13232212,-0.067687124,-0.17800535,-0.07709066,-0.13299984,0.049967095,0.036769524,0.010807392
217,0.014476151,-0.024091322,0.047357686,0.06541641,-0.0088369865,-0.01487044,-0.032941617,-0.09440189,-0.043999728,-0.08860729,-0.12533088,-0.08084814,-0.08791296,-0.06916626,-0.062802374,-0.003254843,0.028337926,-0.047300126,0.06870405,0.10284633,0.027781747,-0.008747907,-0.06864293,-0.10355879,-0.100819305,-0.08199521,-0.15387411,-0.1765092,-0.15604575,-0.1765102,-0.13178334,-0.066332266,-0.07804032,-0.076465555,-0.06837027,-0.02149879,-0.023497626,-0.037589192,0.021309515,-0.022491142,-0.0050118156,0.0026670017,-0.0138518335,-0.065770864,-0.067914344,-0.009281045,-0.07352822,0.07089558,0.07482043,-0.06129179,0.09182103,0.03724527,-0.08541712,-0.07050441,0.033377253,-0.06495608,-0.017240064,-0.002420205,-0.020069951,-0.0111131,0.030226849,0.076431,0.09965138,0.12287648,0.17559393,0.17092597,0.1104797,-0.016383084,0.005401095,0.025251092,-0.021990253,-0.04852613,-0.046366677,0.03521357,0.031272747,0.024295187,-0.032380432,-0.006815893,0.12285023,0.052700404,0.13998355,0.2938407,0.2147113,0.4196527,0.3039747,0.35760242,0.11869892,0.057428885,0.17794208,0.050511837,0.07010621,0.017932791,0.020391302,0.102712266,0.16206928,0.26192382,0.14952087,0.08725991,0.13787939,0.05374502,0.052690722,0.06397359,-0.07527105,-0.109907605,-0.11528493,-0.07240004,-0.1362452,-0.14436205,-0.046634216,0.035312206,-0.020147547,0.035158012,0.024292795,0.05283883,-0.004858125,-0.005710625,-0.0117883505,-0.042235173,-0.08908251,-0.06970721,-0.07997578,-0.03843937,-0.10205699,-0.055571333,-0.092783496,-0.025166815,-0.090148956,0.060257975,0.05526758,-0.11876032,-0.017722616,-0.12252711,0.06742709,0.029203454,-0.0029088575,-0.07690697,-0.036221378,-0.009536646,-0.09885721,-0.07987811,-0.098560154,-0.07943594,-0.07892911,0.011510438,0.017759666,-0.0047748964,0.042473845,-0.019109046,0.052381255,0.080303006,-0.018224398,-0.04690519,-0.009056019,-0.070199326,-0.10781147,-0.100723706,-0.067891575,-0.058831822,-0.13942358,-0.09470048,-0.12494811,-0.03178673,-0.12296073,-0.058996767,-0.03597594,0.019049069,-0.046929628,0.015048309,-0.030727636,0.0008865797,-0.02015363,-0.017639315,-0.08441484,-0.018683046,-0.03541172,-0.027219905,0.0074335267,0.059480228,0.12348327,0.06399671,0.04830567,0.07137827,-0.06821799,-0.016485639,-0.039660957,0.054344885,0.003413966,-0.024185333,-0.021360243,0.006497805,0.033553235,0.08285992,0.22448933,0.0699728,0.14842944,0.034426775,0.13187765,0.07489933,-0.0058505875,-0.009297389,0.03212547,-0.040509805,-0.02781152,0.028551511,0.036151234,-0.009889892,-0.048344027,0.09559138,0.03353854,0.19716762,0.17225857,0.10512956,1.0,0.13245279,0.28909877,0.28567204,0.123354256,-0.011326574,0.017375028,0.020676294,0.020866444,-0.0015753257,0.06627295,0.16842471,0.17836033,0.06739814,0.07800066,0.13817124,0.14928117,0.13200909,0.023764776,0.013682661,0.00077269686,-0.08502079,-0.029608391,-0.11887572,-0.062334508,-0.064148664,-0.009713857,-0.05900246,-0.009308916,-0.025775474,0.031211605,0.054404393,0.06936917,-0.007937762,-0.06720119,-0.03661849,-0.06491203,-0.070813835,-0.10388612,-0.027536111,-0.106426,0.00042684647,-0.093334936,-0.024581956,-0.067371145,-0.04713468
218,0.08098322,0.0507581,-0.07673593,-0.0653307,-0.0024509565,0.009237419,-0.066670924,-0.0027513371,-0.014750884,-0.07511945,-0.0043494618,0.008389403,-0.060544252,0.043971486,0.06873353,-0.004698945,-0.100242734,0.11411873,0.08510561,0.11547557,-0.10240793,-0.0099747265,0.0057469355,-0.008023839,0.031806752,-0.038042862,-0.011750252,-0.028897865,-0.109189935,-0.09721703,-0.1240368,-0.101996616,-0.1731866,-0.1598866,-0.18096484,-0.23195952,-0.21955816,-0.15892242,-0.15952155,-0.17153768,-0.020168591,-0.19936273,-0.08700546,-0.049453598,-0.014017116,0.01378478,-0.06857972,0.05174576,0.0057317936,-0.09105044,-0.08698595,-0.14839685,0.030133277,-0.19286712,-0.22604044,-0.18524154,-0.2704342,-0.27585742,-0.23327336,-0.23672879,-0.19001885,-0.2207007,-0.15211736,-0.025737543,-0.06355287,-0.03644058,-0.026063124,0.0274365,-0.017207388,0.10146793,0.07488391,-0.01691827,0.026100509,0.0801002,0.016505303,-0.018382128,0.02735318,0.041234974,-0.036860105,0.010347023,0.07977933,0.032713823,0.041943703,0.027163913,0.43545672,0.17125255,0.25524184,0.2454723,0.25520855,0.18008877,0.15610155,0.17686033,0.05526134,0.077256694,0.16021593,0.13088745,-0.055991713,-0.03564319,-0.0410306,-0.05275501,-0.012936905,-0.06631371,-0.10685583,-0.042790975,-0.079609014,0.049808998,0.042721305,0.04538552,0.09289661,0.09598336,0.11028255,0.04584256,0.038981516,-0.017694604,-0.030249974,0.020871054,0.11143734,0.14277059,0.14172816,0.15375161,0.23492253,0.2559703,0.12098906,0.26050726,0.15191899,0.19907075,0.032163043,0.036962695,0.066668674,-0.003417721,0.045356505,0.0029694093,-0.027285224,0.01882903,0.015522445,-0.06371019,-0.046927948,0.00833966,0.001012435,-0.020663613,-0.00078331184,0.017572595,0.0072506024,-0.0038133827,-0.0111031495,-0.0033030761,-0.10758128,0.10099622,0.008234973,0.047761794,-0.1210383,-0.020996565,-0.013959505,-0.04617202,-0.0053720446,0.023257447,-0.0069492017,-0.0001993126,-0.012733671,-0.09269315,0.040610835,-0.07482563,-0.12508604,-0.07223382,-0.17982517,-0.10283167,-0.14609545,-0.1553951,-0.09880621,0.013360205,-0.11363091,-0.07198929,-0.0070944,-0.033260725,-0.021280603,-0.07422549,0.09618565,0.08869555,0.0005218897,0.117884524,-0.17065413,-0.047807913,-0.11133859,-0.06296806,-0.18365219,-0.23971088,-0.26773944,-0.26417014,-0.2406993,-0.11878509,-0.27260005,-0.105056,-0.0134031,-0.072771914,-0.031763498,0.020452233,0.012876444,0.016130397,0.053671323,0.053001605,0.060304075,-0.003867303,-0.0008624024,0.055922847,0.04394884,-0.013957886,-0.08188772,-0.017304938,-0.051317204,0.0057458295,-0.0040138983,0.026815798,0.13245279,1.0,0.12035897,0.07495083,0.2648066,0.21349645,0.016642567,0.08972201,0.17733747,0.012580972,0.112999275,0.038338616,0.094428554,-0.086062685,0.033559628,-0.06060001,-0.040309273,-0.02761981,-0.017745737,-0.012990371,-0.10579028,-0.061903514,-0.0030489247,0.044762213,0.063112,0.059055403,0.07190205,0.012742562,-0.014207568,-0.0386043,0.06836698,-0.0068660337,-0.011066854,0.10086227,0.13021585,0.1368349,0.15825465,0.18209483,0.15736969,0.2638289,0.14923052,0.22499351,0.11570345,-0.0028730223,-0.05771052,-0.056319147
219,0.06347431,-0.103927255,-0.22085182,-0.1200172,-0.15002057,-0.047239605,-0.3416671,-0.31864095,-0.23036341,-0.26837406,-0.2955985,-0.27060452,-0.19915555,-0.1450134,-0.1324944,-0.0449536,0.078707844,0.081501886,0.2832795,0.19219574,0.04747855,0.040828608,-0.14918388,-0.23148535,-0.27137142,-0.21279362,-0.2849668,-0.30967578,-0.32527423,-0.37585655,-0.3844199,-0.1596936,-0.3764675,-0.34057325,-0.33324084,-0.19664198,-0.1259182,-0.071518146,-0.0887963,-0.18436818,0.13205248,-0.14049858,-0.2144838,-0.1917309,-0.1865505,0.0719094,-0.17281908,0.11510315,0.2046439,0.04896609,0.07913354,0.093202814,-0.1838169,-0.28334513,-0.06785305,-0.024437185,-0.119326465,-0.07234841,-0.15197966,-0.020722296,-0.13531332,-0.23232432,0.017673088,0.08698524,0.18808922,0.03636303,0.19244704,0.022788897,0.13342474,-0.022654481,-0.072991185,-0.08524074,-0.09037245,-0.055891298,-0.09223103,-0.027862791,-0.14697105,-0.015236184,0.16435075,0.14869781,0.23903927,0.20411874,0.28685862,0.3141102,0.31091496,0.8911616,0.36950728,0.43118528,0.600089,0.4495224,0.43742186,0.42075965,0.15308149,0.28296643,0.24337429,0.32479587,0.055848133,-0.019920215,0.06756302,-0.008109673,0.13465665,0.04129669,-0.14175405,-0.1653944,-0.22527076,-0.09247697,-0.23247191,-0.11743169,0.13579345,0.107830934,0.19855452,0.21320146,0.17340988,0.10545225,0.11018853,0.085718036,0.18012677,0.22163612,0.09859246,0.15415154,0.11235968,0.08722021,-0.059530333,0.015742978,-0.17351292,-0.100699276,-0.2977216,-0.0619093,0.12469154,0.03406925,-0.016152607,-0.21202251,-0.04854927,-0.08604392,-0.13903558,-0.3686419,-0.23355953,0.042021606,-0.07912633,-0.2872814,-0.292693,-0.1457502,-0.1708518,-0.12618077,-0.06377093,0.13445902,0.042280845,0.08924953,0.15845543,0.23768374,-0.030732142,-0.09441287,0.0013627649,-0.23063831,-0.27115366,-0.15996915,-0.23520999,-0.16556855,-0.20914021,-0.25667822,-0.086282864,-0.23892184,-0.34302822,-0.2165825,-0.18813851,-0.17164837,-0.07647145,-0.03829967,-0.20107497,0.07216741,-0.12141467,-0.15343107,-0.25741893,-0.07941784,-0.11576564,-0.06299686,-0.03283153,0.088012576,0.13116576,0.05417098,-0.17809097,0.04066279,-0.17606065,0.05257178,-0.077265315,-0.12026909,-0.08223798,-0.11925428,-0.05416131,-0.13013868,-0.055991583,0.24719346,0.17187671,0.0017735914,0.111182466,0.2226603,0.11659799,0.059178993,-0.014008365,0.079893686,0.025432799,-0.06621886,-0.058252525,0.0030041547,-0.05057671,-0.11907287,-0.18652688,0.07246422,0.116029605,0.1760081,0.21658899,0.16899988,0.28909877,0.12035897,1.0,0.338469,0.4581108,0.16849838,0.4766765,0.07506122,0.30423316,0.08224358,0.11378211,0.22349212,0.09924156,0.0059881834,0.048236456,0.090756424,0.1466158,0.14786106,0.11161649,0.035616174,-0.15779558,-0.122617856,-0.11261555,-0.19021954,-0.12234688,-0.058062244,0.074845605,0.023301084,0.030567737,0.026176607,0.22034223,0.11270847,0.18553822,0.17372422,0.22318505,0.24850687,0.19869107,0.1397167,-0.05655618,0.06692961,-0.16942677,0.01600287,-0.22628208,-0.11208462,-0.039516542,0.074713975
220,-0.042177636,-0.10682528,0.038632065,0.0951331,-0.051948104,-0.014269431,-0.10442564,-0.17629938,-0.07256227,-0.09569427,-0.21855557,-0.21223919,-0.1219079,-0.23339048,-0.21151656,-0.05815149,0.16799481,-0.103883535,0.15567474,0.15091088,0.11091944,-0.007877227,-0.18822108,-0.23783992,-0.27205762,-0.117055245,-0.22017795,-0.2210992,-0.17159137,-0.19755921,-0.16737725,-0.07936152,-0.11899513,-0.11175736,-0.087800294,0.07406434,0.090208285,0.0491183,0.12844655,0.055175804,0.13136509,0.076408505,-0.09040174,-0.15073408,-0.21396518,-0.050792266,-0.10982367,0.048720084,0.13288905,0.021705482,0.15703422,0.14523233,-0.17071046,-0.05541274,0.15514722,0.04573985,0.11575379,0.14041342,0.0991498,0.14902544,0.14336622,0.07093051,0.17759226,0.060791004,0.17520404,0.059154868,0.103080995,-0.10556716,0.087347105,-0.072743945,-0.15296131,-0.112953775,-0.14863452,-0.09284177,-0.099295355,-0.04017905,-0.16647717,-0.043666836,0.1346507,0.11797285,0.24745312,0.3127127,0.31173623,0.38711914,0.31954822,0.38309276,0.14809833,0.11631409,0.22522976,0.11596889,0.2529162,0.062688515,0.085914515,0.28066143,0.3218343,0.42671406,0.22594547,0.12920277,0.16942891,0.028789703,0.24900354,0.20722021,0.015132414,-0.09731316,-0.11412875,-0.06904997,-0.22128844,-0.121094495,-0.08642179,-0.0038562247,0.016882809,0.09215319,0.110138886,0.11017708,0.06005051,0.030064566,0.0034451154,-0.02058861,-0.24942744,-0.19804972,-0.15420945,-0.12854205,-0.1881063,-0.16655895,-0.21273367,-0.17767762,-0.17768857,0.02370275,0.10096758,-0.08760885,-0.08270474,-0.24430315,0.12479656,-0.0106344605,-0.03493073,-0.15822694,-0.12512083,0.10766447,-0.105999656,-0.114205346,-0.23738861,-0.22464666,-0.22466922,-0.05459972,-0.0873234,0.022937939,0.16764545,-0.05084164,0.044774562,0.22182456,0.055040684,-0.12630585,-0.021245917,-0.2035729,-0.26914322,-0.16696462,-0.12269114,-0.16886903,-0.13685934,-0.17132638,-0.15540136,-0.08384806,-0.16138877,-0.07660338,0.016037157,0.013802416,0.029045003,0.12800959,-0.07022637,0.09111672,-0.04065123,-0.07938898,-0.21298407,-0.023477718,-0.09652632,-0.08110799,-0.07768569,0.048292875,0.09697419,-0.00045538475,-0.021013161,0.049593605,-0.0835199,-0.020560341,0.12717125,0.12950082,0.13598159,0.11867233,0.11426869,0.064444736,0.07809539,0.22137813,0.16145346,0.038082268,0.12897705,0.05854814,0.09998968,0.08161945,-0.047278564,0.001540653,0.0033909744,-0.07424872,-0.09926292,-0.02992035,-0.06714044,-0.10815968,-0.110410675,0.07324828,0.07761122,0.1552928,0.25434464,0.15893078,0.28567204,0.07495083,0.338469,1.0,0.1618692,0.005809562,0.19917108,0.014242972,0.09352267,0.06318551,0.11733817,0.3330537,0.27273095,0.14279383,0.13206822,0.19247694,0.29196167,0.28379044,0.191703,0.11823202,0.0581434,-0.051411457,-0.016353976,-0.20452788,-0.18825851,-0.12681274,-0.08824096,0.0034718288,-0.04973049,-0.026000235,0.060894758,0.1532548,0.15596865,0.010134742,-0.104723245,-0.109060444,-0.17174762,-0.09395727,-0.15916061,-0.08764935,-0.23529954,-0.10494199,-0.19678526,-0.0041358606,0.0321648,0.002955153
221,0.28399014,0.049525682,-0.44417942,-0.34903687,-0.11829393,-0.038421556,-0.45568034,-0.2865155,-0.24193783,-0.33567074,-0.22714928,-0.14131947,-0.22282915,0.03247727,0.060333334,0.053219642,-0.060711097,0.3047816,0.37471586,0.29708436,-0.15321806,0.09932196,-0.03887038,-0.11115377,-0.06648797,-0.19012588,-0.22838086,-0.25589564,-0.39977324,-0.4161201,-0.4838119,-0.23960099,-0.58183354,-0.5624668,-0.5697608,-0.56364197,-0.44530573,-0.30390057,-0.450729,-0.5190773,0.025117788,-0.36685315,-0.30870003,-0.21271813,-0.05549774,0.17798114,-0.17144205,0.17968485,0.22675143,0.046605922,-0.08077995,-0.06992922,-0.109093755,-0.52005786,-0.43362927,-0.23859808,-0.4932372,-0.46017644,-0.48566404,-0.32285598,-0.33102664,-0.50847185,-0.19080055,-0.07562364,-0.020368977,-0.085837595,0.076583736,0.117949404,0.081982546,0.10750002,0.089445524,0.006726021,0.023801006,0.08594974,-0.019873494,-0.015389303,-0.018248659,0.13335954,0.028774487,0.1150071,0.13807617,-0.058311198,0.101410665,0.069836,0.3111563,0.5253416,0.59791595,0.84114206,0.84421337,0.75032526,0.54861826,0.6595943,0.17443936,0.20655361,0.24096817,0.15621726,-0.18741499,-0.1786691,-0.13947119,-0.09332713,-0.027389657,-0.16989622,-0.29406568,-0.15870687,-0.2446388,0.12243841,0.035627734,0.0558102,0.2612189,0.1798706,0.33928505,0.26583463,0.25099817,0.12052146,0.109645106,0.09592375,0.28340074,0.3915537,0.3751037,0.439678,0.539681,0.52216506,0.23907949,0.42721054,0.06493338,0.10778503,-0.2576552,-0.07717026,0.079437144,0.08697627,0.17616364,-0.050813265,-0.19511828,-0.08570251,-0.13733968,-0.43777776,-0.28665826,0.037011076,-0.058355734,-0.24464469,-0.17467678,0.043842353,-0.025259413,-0.07852901,-0.0067545776,0.20160529,-0.0698488,0.2721973,0.20089866,0.21052112,-0.23791265,-0.096617125,0.021505183,-0.17342989,-0.14882605,-0.011060503,-0.24106593,-0.16056645,-0.15385655,-0.33068356,-0.009127246,-0.27301344,-0.43975347,-0.27745518,-0.43170375,-0.39561084,-0.28128615,-0.35977182,-0.34978822,0.0004788313,-0.23246528,-0.20048954,-0.20438178,-0.07423777,-0.116930716,-0.06389375,0.08709155,0.1844188,0.084457114,0.17196736,-0.3701816,0.011475723,-0.28857252,-0.01355913,-0.29531053,-0.47355586,-0.47300774,-0.46928418,-0.36520123,-0.24310361,-0.37768465,0.009992284,0.001579823,-0.053856008,-0.027372537,0.21956605,0.08712076,0.020261247,0.090423614,0.16748126,0.12674446,0.0028564923,-0.013094968,0.08202612,0.039738655,-0.048210587,-0.30932888,0.0768395,0.023934038,0.045915008,-0.009528691,0.07811107,0.123354256,0.2648066,0.4581108,0.1618692,1.0,0.51742023,0.45108783,0.17207699,0.48077142,0.037711598,0.23467097,0.044588543,-0.019023962,-0.18649237,0.010913317,-0.12330744,-0.048502654,-0.06831192,-0.00034632863,-0.06337207,-0.34366152,-0.17928107,-0.11115233,0.06913331,0.12898517,0.11569994,0.27579868,0.046725344,0.0007863304,0.054116003,0.30062255,0.14435832,0.1540158,0.25180927,0.43368563,0.44779608,0.47753802,0.45266503,0.2948591,0.42858383,0.111073,0.2452095,-0.0761618,-0.13296314,-0.14715403,0.06970985
222,0.23959006,0.07896316,-0.3420166,-0.29434854,0.009379708,0.016354118,-0.31918877,-0.06441894,-0.17077848,-0.12888181,-0.06065206,0.010278453,-0.21207368,0.03130577,0.05241654,-0.12178387,-0.17227972,0.35045394,0.23731515,0.24077514,-0.30492368,0.05975672,-0.051769078,-0.106658205,0.07120502,0.021384778,0.023527576,0.03796897,-0.20009598,-0.12655942,-0.34497565,-0.15284711,-0.48523343,-0.4984987,-0.48792067,-0.6311203,-0.5445201,-0.44752592,-0.54569006,-0.5467211,-0.098700576,-0.4424156,-0.3372916,-0.23030505,-0.015435264,0.120967396,-0.1802566,0.104454115,0.096613236,-0.049876247,-0.1542655,-0.23117545,-0.018022534,-0.5166044,-0.5777192,-0.32262084,-0.58969986,-0.57115203,-0.4898751,-0.38626355,-0.24202938,-0.5131191,-0.23335257,-0.091667786,-0.20623377,-0.20497933,-0.09421352,0.04287488,0.081824996,0.08661858,0.069264166,0.016924813,0.018872008,0.07918888,-0.015491995,-0.029226804,-0.010161678,0.13741677,-0.0967711,0.036131512,0.051637556,-0.18729708,-0.048432507,-0.11224321,0.19299594,0.21282163,0.6407222,0.76583254,0.49516258,0.5810714,0.31401795,0.48302886,0.092631996,0.14049064,0.19398916,0.019542107,-0.25643268,-0.24178416,-0.2438026,-0.1271798,-0.013468427,-0.16543679,-0.2341842,-0.07457644,-0.17525445,0.17593364,0.20641844,0.14362381,0.2825274,0.1278269,0.36210105,0.24701166,0.26913333,0.07887494,0.14057492,0.23744108,0.36003384,0.46029314,0.35531837,0.43425122,0.58175254,0.57556,0.32130703,0.5290164,0.24003206,0.24990147,-0.013299799,0.020744763,0.102415934,0.08466449,0.1358004,0.061606526,-0.13918649,0.06284141,-0.014686898,-0.27842882,-0.23042215,0.16475575,0.03651016,-0.09093546,-0.043492947,0.054599494,-0.02982341,-0.06478138,0.01330265,0.051129114,-0.13080814,0.31781942,0.05817671,0.10308197,-0.33998248,-0.076491885,0.021292256,-0.17665267,-0.047925796,0.0914279,-0.11571731,0.0020710772,0.082789205,-0.20541783,0.10212786,-0.1901967,-0.33099565,-0.17683999,-0.44643593,-0.37483126,-0.41009974,-0.52466476,-0.36566266,-0.07131905,-0.25039986,-0.20681898,-0.17600042,0.027867781,-0.10856255,-0.030139964,0.10900346,0.13102593,0.011994139,0.13315356,-0.35082236,-0.098904714,-0.28672072,0.0023098905,-0.2692545,-0.55756414,-0.5919533,-0.5094251,-0.4313807,-0.11031234,-0.4657073,-0.17333181,-0.0953669,-0.1122977,-0.1464788,0.12998366,-0.008638046,-0.099246606,0.017703746,0.05039859,0.053368993,-0.0017264696,0.010958254,0.06062501,0.021605311,-0.07099024,-0.24908909,0.003482535,-0.067818984,-0.04646807,-0.09523206,0.01407184,-0.011326574,0.21349645,0.16849838,0.005809562,0.51742023,1.0,0.1671297,0.27286708,0.42824575,0.06523951,0.2277004,-0.005612819,-0.041576043,-0.21360682,-0.039543033,-0.22914435,-0.17362456,-0.08647431,0.016021343,-0.059165202,-0.27968177,-0.12186187,0.033262283,0.22246853,0.22725949,0.16573757,0.22404309,0.037811268,0.031871673,0.07423955,0.292635,0.13815767,0.13879311,0.325708,0.44772938,0.45022264,0.47008443,0.5212657,0.4344755,0.5321094,0.27369738,0.3025619,0.10135844,-0.040479023,-0.100812025,0.05820473
223,0.059854034,-0.214792,-0.3889808,-0.29175487,-0.26276323,-0.13946289,-0.53240514,-0.48073357,-0.31776702,-0.38286856,-0.42469668,-0.39104187,-0.17950073,-0.2206023,-0.21275404,0.011484611,0.16249992,0.10963236,0.35527006,0.1002949,0.02387567,0.02786578,-0.25609922,-0.32685104,-0.34740657,-0.2308901,-0.29180554,-0.3128677,-0.3480358,-0.41155133,-0.41518012,-0.16053267,-0.47915486,-0.41975102,-0.4206487,-0.19586614,-0.051686846,0.022292918,-0.10608765,-0.2562316,0.2383436,-0.17073293,-0.28698048,-0.24431047,-0.3099014,0.09170302,-0.21168137,0.02880884,0.27326593,0.27580106,-0.010174147,0.22587448,-0.23325405,-0.30127603,-0.072983444,0.13806446,-0.059707545,0.02009033,-0.14842871,0.093170345,-0.23518069,-0.4259314,-0.058290474,-0.09268398,0.110556126,-0.14099725,0.1890276,0.012029881,0.15726201,-0.096049674,-0.16369775,-0.09250943,-0.17645963,-0.22997299,-0.27199206,-0.13025792,-0.26487982,-0.02456932,0.17898618,0.20483638,0.17092822,0.031886403,0.18940704,0.1315441,0.2776446,0.51245475,0.26896667,0.49348003,0.5523962,0.6192747,0.66383547,0.6451663,0.20678304,0.44094908,0.31514737,0.2356047,-0.005138809,-0.05798547,0.00066489674,-0.018252615,0.18257979,0.07952795,-0.06602434,-0.025348945,-0.14452684,0.00015563543,-0.12758338,-0.056863457,0.2737228,0.12272424,0.3759536,0.29718858,0.29506567,0.2178984,0.12548657,0.07696921,0.25860974,0.3492556,0.25590828,0.29987878,0.1932369,0.13127987,-0.017772079,0.006343361,-0.18300419,-0.19794917,-0.42995882,-0.19993222,0.12992789,0.23266214,0.010443092,-0.20752719,-0.22900325,-0.23324575,-0.345764,-0.5465566,-0.31978145,-0.019499866,-0.043976065,-0.42111903,-0.41453737,-0.19626261,-0.24150975,-0.16619086,-0.11478274,0.30708706,0.09693315,0.078053646,0.21224847,0.23415522,-0.0027492882,-0.07222502,0.058808032,-0.3026312,-0.3816921,-0.19155973,-0.28359148,-0.27581823,-0.20975895,-0.2628204,-0.086703986,-0.32062525,-0.33936596,-0.28710642,-0.2196027,-0.24430768,0.020327363,-0.014108964,-0.2246707,0.12683237,-0.10631401,-0.21688129,-0.34764275,-0.09303647,-0.13188356,-0.04384481,-0.17799032,-0.013677733,0.08284202,-0.033683855,-0.28435558,0.110141076,-0.17413153,0.0635508,-0.10070051,-0.18181863,-0.021090092,-0.057246514,0.071611695,-0.19091357,-0.029210543,0.25783327,0.07271888,-0.02995819,0.042476334,0.3626564,0.04320014,0.05263282,-0.014091554,0.14482808,0.050464716,-0.083353214,-0.045975152,-0.06795626,-0.19580097,-0.2335167,-0.35439447,0.027165836,0.19431734,0.103853315,0.17125496,0.11805703,0.017375028,0.016642567,0.4766765,0.19917108,0.45108783,0.1671297,1.0,0.08819209,0.5168591,0.17873788,0.18139076,0.21520253,0.0064784917,-0.01093429,0.0046657715,0.029426666,0.08810344,0.13135737,0.17529921,0.06670794,-0.12251053,-0.0038446917,-0.180856,-0.0907371,-0.026822364,0.015922444,0.09866677,0.14720763,0.037847705,0.12682274,0.32219052,0.2032054,0.2058744,0.24943694,0.4157913,0.42778674,0.36557376,0.24065311,-0.019892363,0.014349647,-0.14598945,-0.026661659,-0.3446493,-0.17941715,-0.0286065,0.11971958
224,-0.1728426,-0.22464158,-0.06852193,-0.076816015,0.0024568646,-0.10342955,-0.18809116,-0.004320101,-0.11001676,-0.052541677,-0.049079932,-0.011283585,-0.17373188,-0.13281463,-0.12564844,-0.2200497,0.034609597,0.17609783,0.18660848,0.27606177,-0.0823334,-0.14557236,-0.1320701,-0.10285297,-0.0029813694,-0.018533792,-0.02130236,-0.027911775,-0.16250227,-0.10604991,-0.2300603,-0.15098733,-0.329037,-0.32012054,-0.33316857,-0.30408788,-0.2800121,-0.16339374,-0.13431703,-0.29872635,-0.04274808,-0.22918569,-0.22186871,-0.08018805,0.03392315,0.21786016,-0.24021289,0.13744245,0.09256466,-0.16640715,0.02804429,-0.06240372,0.032068904,-0.28926814,-0.23128842,-0.19268364,-0.29581517,-0.22087462,-0.21131021,-0.06309015,-0.041087825,-0.23273201,-0.026221806,-0.027043821,-0.070773,-0.1478102,0.029903261,0.0049315295,0.037670374,0.069180444,-0.06490497,-0.119102575,-0.03498064,0.02869115,0.018485865,0.0027249027,-0.008145553,0.023028066,-0.06685402,0.022041049,0.06534711,-0.031968255,-0.0012419494,-0.018023932,0.07705951,0.06451619,0.040194556,0.263451,0.1184429,0.23798199,0.33663884,0.2575505,0.33149,0.2735845,0.23887543,0.14202912,-0.09370536,-0.15987171,-0.14189644,-0.049927644,0.26670104,0.15035778,0.0083175115,-0.06865669,-0.1377691,0.0035606523,-0.13840577,-0.03798745,0.2477967,0.12296302,0.44285262,0.51946837,0.5532548,0.14990565,0.38725048,0.4724913,0.5638733,0.43488762,0.14981674,0.1310695,0.113998175,0.04901655,-0.027811214,0.005050505,-0.17616804,-0.11178656,-0.21809627,-0.0045661274,0.094359,-0.04336073,-0.18667944,-0.12012173,-0.019089367,0.13230382,-0.08186528,-0.1652522,-0.15881278,0.090304755,-0.029234592,-0.027149836,-0.029600013,-0.046006676,-0.14777637,-0.078556865,-0.08644564,-0.136693,0.028968286,0.20689012,-0.12676252,0.25786904,-0.1707029,-0.14615773,-0.06301308,-0.17039466,-0.09696798,-0.0034496477,-0.0018355632,-0.015138104,0.01643578,-0.010165351,-0.009481014,-0.15881409,-0.22327226,-0.14436395,-0.21170165,-0.24559337,-0.1452124,-0.18061037,-0.23078483,-0.02987536,-0.20636024,-0.15104933,-0.10530957,0.028907826,-0.02381337,0.048358843,0.13689922,0.21304251,-0.008317069,0.09483427,-0.11138424,0.014777813,-0.13572654,-0.059551604,-0.1670382,-0.23737963,-0.25557974,-0.19724117,-0.15022472,0.0025051066,-0.25346398,-0.046150282,-0.066871665,-0.054282654,-0.10364752,0.017690737,0.060755704,-0.0819574,-0.075858735,0.049034942,0.06517261,-0.08889713,-0.060836166,0.02171187,0.025757823,0.023042629,-0.04997196,-0.027782807,-0.0462342,-0.022295456,-0.012679811,0.0024535188,0.020676294,0.08972201,0.07506122,0.014242972,0.17207699,0.27286708,0.08819209,1.0,0.32851103,0.20487148,0.11141209,0.1625439,-0.0027749091,-0.07600216,-0.061856072,-0.07369982,0.040057674,0.14130358,0.30271256,0.076362416,-0.08097053,-0.013091269,0.0076352465,-0.118933454,-0.08040314,-0.042462308,0.082960345,0.0141495615,0.11797595,0.20442471,0.54586834,0.34829646,0.32838902,0.5291489,0.3220242,0.3170858,0.19617307,0.24288462,0.0032520343,0.072517715,-0.1734545,-0.04780063,-0.16681969,-0.085216045,-0.015495991,-0.013943928
225,-0.015837606,-0.16698575,-0.31887096,-0.27095523,-0.10390627,-0.14909197,-0.47409913,-0.23800765,-0.2506397,-0.28161222,-0.2525515,-0.19527838,-0.18410507,-0.12594306,-0.10417123,-0.117199674,-0.009181836,0.30145267,0.36318758,0.25767908,-0.09479869,-0.022073653,-0.2314619,-0.28343076,-0.12135417,-0.123418696,-0.118287414,-0.13467488,-0.34978116,-0.31637686,-0.4334448,-0.2282138,-0.56300706,-0.5370784,-0.49981225,-0.4419216,-0.32939938,-0.187635,-0.29770133,-0.4423359,0.13091992,-0.36978403,-0.36883786,-0.30463496,-0.18622231,0.1380137,-0.25945553,0.049439393,0.11245902,-0.032883838,-0.11113663,-0.035534173,-0.11036865,-0.466423,-0.35559335,-0.24213922,-0.4169853,-0.32061443,-0.3810628,-0.13990635,-0.28659287,-0.61184794,-0.16174309,-0.12359608,-0.115975924,-0.2801812,0.036471292,-0.014217152,0.09865644,0.009304233,-0.046718016,-0.07201023,-0.06538208,-0.06889162,-0.13021526,-0.06988861,-0.11922746,0.04611182,-0.06818616,0.057609614,0.1328285,-0.14135754,0.039408017,-0.064204834,0.269504,0.3272623,0.27526975,0.6116056,0.472354,0.644023,0.73924786,0.6162996,0.40334344,0.6677156,0.5582333,0.27477822,-0.121482775,-0.2354151,-0.18994607,-0.0683224,0.35312656,0.1897401,-0.010005664,0.14287722,-0.08394006,0.07174836,0.017674603,0.0062349862,0.47602734,0.1915991,0.6626713,0.44951126,0.47619924,0.21077442,0.23764957,0.28025746,0.52113414,0.6018978,0.3988453,0.42876217,0.45237434,0.3555803,0.16387877,0.2579656,0.014150181,-0.056008384,-0.2809393,-0.1300459,0.050938457,-0.001160955,-0.07720769,-0.06165857,-0.1953898,-0.06681517,-0.20375472,-0.44355595,-0.33827546,0.101792574,-0.06799755,-0.24697696,-0.23048948,-0.094015665,-0.18349992,-0.1860073,-0.08914018,0.19020885,-0.038754422,0.27190584,0.08078397,0.28257635,-0.10593591,-0.09115282,0.0414703,-0.3326384,-0.25198454,-0.06943479,-0.19758101,-0.12914334,-0.05454359,-0.28996602,0.05525921,-0.34149048,-0.38553706,-0.2980726,-0.35171008,-0.33364895,-0.15508373,-0.28144577,-0.3105697,0.07721555,-0.22884278,-0.26107487,-0.3254962,-0.044246234,-0.17045785,-0.100793436,0.008281332,0.14526717,-0.028558718,0.03976168,-0.39995122,0.0475732,-0.28123653,-0.012388544,-0.20723161,-0.43128902,-0.36898413,-0.3278924,-0.19767945,-0.072191745,-0.46181345,-0.02723324,-0.040864516,-0.1063162,-0.113949604,0.2242229,0.0015644305,-0.03415444,-0.028479068,0.15209551,0.058163915,-0.075331666,-0.04138786,0.0137330545,-0.10266335,-0.12224779,-0.26787964,-0.063356094,-0.033539098,-0.053628176,-0.07138945,0.042525988,0.020866444,0.17733747,0.30423316,0.09352267,0.48077142,0.42824575,0.5168591,0.32851103,1.0,0.39724952,0.32647625,0.31006804,0.053413857,-0.10436409,-0.020576602,-0.120364636,-0.020387104,0.12223843,0.3511032,0.12128233,-0.06906401,0.1452409,-0.085750744,0.03360043,0.116291486,0.048706416,0.23894946,0.2631443,0.10438662,0.29179478,0.5089339,0.27418262,0.23989373,0.49798116,0.5821425,0.50042284,0.4889208,0.4853308,0.24231055,0.2951974,0.04027043,0.06577043,-0.1658575,-0.16348861,-0.19572297,-0.006361848
226,-0.21295133,-0.18895277,-0.03785806,-0.03394983,-0.029117944,-0.09481281,-0.16342346,-0.07523303,-0.063534304,-0.07739733,-0.11610461,-0.10581282,-0.06573903,-0.16718721,-0.17653048,-0.13686262,0.06669953,0.066706054,0.10431391,0.095405705,0.030212995,-0.07388325,-0.20037924,-0.18749425,-0.07690249,-0.017997138,-0.00956269,-0.007375315,-0.11435945,-0.085336745,-0.14161032,-0.107021466,-0.16506216,-0.16004094,-0.14229947,-0.08263521,-0.06289758,-0.027594088,0.0018569308,-0.092617534,0.06806803,-0.10776305,-0.17347854,-0.15183114,-0.09547167,0.10421512,-0.13413338,-0.0026489694,0.028186727,-0.054048195,0.028596966,0.043475498,-0.031993337,-0.09915739,-0.065802306,-0.10246792,-0.09712258,-0.024220135,-0.05666311,0.06987312,-0.03737575,-0.21524292,0.01682307,-0.023763778,-0.007938463,-0.13514568,0.033598643,-0.03637338,0.083242945,-0.083105884,-0.13668655,-0.0940022,-0.10187086,-0.11008826,-0.0952555,-0.025303055,-0.098907925,-0.06644182,-0.022280658,0.04711823,0.058614153,-0.038058694,0.021595411,-0.04117922,0.062293503,0.061591644,-0.058419563,0.1129539,0.02960355,0.15615311,0.30778,0.17628887,0.2012022,0.43607152,0.30239382,0.16920443,0.011293275,-0.10698259,-0.07678165,-0.012557832,0.35241422,0.2962086,0.17674135,0.1784239,0.03112408,-0.0077979667,-0.07668341,-0.07408375,0.22238545,0.12399841,0.3634187,0.27634433,0.3054508,0.13372181,0.1761669,0.1933807,0.29137358,0.2858627,0.10067066,0.08962559,0.03653914,-0.01432081,-0.039776158,-0.059366196,-0.10093225,-0.14454271,-0.17921557,-0.10547389,-0.010690824,-0.052399084,-0.2128999,-0.07371274,-0.031871706,-0.009648643,-0.06964265,-0.13618228,-0.15505585,0.06746309,-0.031397164,-0.08848416,-0.11206332,-0.110011436,-0.1652109,-0.09965961,-0.11848624,0.020618655,0.03737835,0.06877723,-0.02630213,0.15751404,0.049247123,-0.01231833,-0.0020175837,-0.22050318,-0.13994463,-0.04222766,-0.024001472,-0.063762076,-0.003104272,-0.06906704,0.035360266,-0.14840336,-0.13188577,-0.083084784,-0.068493135,-0.079477705,-0.016688209,-0.03843142,-0.10136218,0.030013934,-0.06768027,-0.12636861,-0.1905519,-0.008706172,-0.065815106,0.00317418,-0.043116722,0.05144264,-0.0076276306,-0.032818355,-0.09939137,0.052632835,-0.100184225,0.018521814,-0.035987135,-0.10396074,-0.060519557,-0.018613651,0.020817848,0.07624433,-0.15229607,0.02111401,-0.027948469,-0.041368328,-0.054629214,0.08271195,-0.017274616,0.006423869,-0.054316286,0.07239518,-0.028966863,-0.07976687,-0.09993137,-0.050728276,-0.09166816,-0.03980562,-0.04905378,-0.050614,-0.010829917,-0.0048251753,-0.017333727,0.03218799,-0.0015753257,0.012580972,0.08224358,0.06318551,0.037711598,0.06523951,0.17873788,0.20487148,0.39724952,1.0,0.10775282,0.25420395,0.026788669,0.05769917,-0.032271966,-0.0097457655,0.06053942,0.18960938,0.34507385,0.15051684,0.15108489,0.20921479,-0.030154353,-0.07780401,-0.03652403,-0.031762257,0.0139454985,0.11996668,0.0849727,0.17539343,0.3061775,0.19833787,0.14947283,0.28851366,0.23283836,0.18208191,0.12700014,0.088149674,-0.0043045003,-0.0070097945,-0.106590465,-0.09637813,-0.16238886,-0.091774486,-0.079672985,-0.04163995
227,0.008995406,-0.046156358,-0.1153369,-0.09541862,-0.03871731,-0.049725324,-0.17355508,-0.08327071,-0.03988998,-0.12345804,-0.1009689,-0.071751736,-0.068872266,-0.033235088,-0.02061588,-0.049802206,-0.01608653,0.11119328,0.10492719,0.09972376,-0.06213348,-0.02028339,-0.08474042,-0.110784404,-0.03473045,-0.03855988,-0.037650783,-0.06099508,-0.15402433,-0.14031275,-0.19147529,-0.10351978,-0.24442345,-0.23180696,-0.18974994,-0.18835135,-0.15626387,-0.0868396,-0.115428284,-0.16413619,0.049750317,-0.1354152,-0.17828053,-0.09841303,-0.055469386,0.04770854,-0.07645695,0.034373615,0.053081237,-0.017637644,-0.048185505,-0.03339081,-0.0054945443,-0.19909428,-0.17258075,-0.122626774,-0.20314375,-0.1853003,-0.19155909,-0.1196858,-0.11688502,-0.24058652,-0.09557868,-0.057697825,-0.0549864,-0.08419945,-0.022597505,0.0053765117,0.035291564,0.034564476,0.0061427713,-0.015850816,0.012397359,0.010160195,-0.032139674,-0.041931707,-0.04723054,0.02287475,-0.049341798,0.03111555,0.024366781,-0.048036635,0.016235096,-0.004767626,0.16909711,0.14528538,0.18678021,0.26897192,0.22790542,0.23653287,0.2659603,0.22422078,0.16349423,0.21950151,0.30358303,0.13997579,-0.056050517,-0.095056035,-0.0845208,-0.052840814,0.11085797,0.042517953,-0.035728678,0.06258559,-0.038921017,0.042786676,0.014593369,0.02291431,0.16202413,0.052992392,0.20081761,0.12632392,0.13061567,0.059125014,0.0479063,0.07931077,0.17659448,0.21087332,0.13606967,0.14407966,0.19654636,0.18283938,0.08582649,0.14756218,0.053666014,0.02635696,-0.092405885,-0.05828556,0.044126086,-0.015314141,-0.017390657,-0.036247574,-0.068106204,-0.0013867604,-0.06745955,-0.16100773,-0.119127356,0.05925808,-0.02651573,-0.09322376,-0.084013686,-0.026769157,-0.06061891,-0.044484764,-0.017537382,0.031395584,-0.045535218,0.103418514,0.029162336,0.07913685,-0.077263705,-0.03549314,-0.00401233,-0.15461908,-0.08875221,-0.00965484,-0.037277404,-0.03389699,-0.029533058,-0.12764998,0.028347233,-0.12242969,-0.16722625,-0.114410885,-0.1883057,-0.13416134,-0.07436081,-0.10848068,-0.1478729,0.037795924,-0.08405143,-0.12837061,-0.10663485,-0.00290463,-0.08677219,-0.050990112,0.0362098,0.0642173,0.00015253264,0.018378854,-0.2059643,0.014797276,-0.104760654,-0.018085059,-0.11286985,-0.19808076,-0.19481583,-0.18357117,-0.13721037,-0.0692036,-0.20625742,-0.011148544,-0.021617644,-0.045456275,-0.043264546,0.100311674,-0.0037578593,0.0039116964,0.006264495,0.06370743,0.02122786,-0.019448731,-0.004091597,0.035633832,-0.0092769405,-0.03586355,-0.12047794,-0.010439915,-0.039403014,-0.015783835,-0.039612267,0.0109285945,0.06627295,0.112999275,0.11378211,0.11733817,0.23467097,0.2277004,0.18139076,0.11141209,0.32647625,0.10775282,1.0,0.10278572,0.07203677,-0.04642829,0.04392163,-0.072820656,-0.03444259,0.00902223,0.11326495,0.04109791,-0.044754054,0.05683052,0.0040079625,0.021198245,0.040325057,0.044657275,0.10033132,0.10628646,0.013947775,0.08201203,0.14937943,0.07352072,0.056236256,0.16658019,0.20073457,0.17663816,0.16428287,0.194947,0.124054715,0.15806587,0.059645914,0.07883296,-0.032259103,-0.0709739,-0.08799804,-0.018224882
228,-0.21868758,-0.24780573,0.0030633195,0.047177207,-0.043598417,-0.034365743,-0.116341725,-0.10545084,-0.08935715,-0.05029764,-0.20660843,-0.19429603,-0.12305922,-0.32077998,-0.29964674,-0.19541894,0.09282026,-0.14504412,0.16095789,0.23542893,0.12540372,-0.09821954,-0.24867396,-0.31681994,-0.23703496,-0.041382812,-0.10647705,-0.10888337,-0.1322685,-0.09261588,-0.11386841,-0.028125284,-0.1273457,-0.1060904,-0.17117406,0.008995732,0.033248093,-0.055828445,0.07024073,-0.032620806,0.06881573,0.0059833587,-0.15576643,-0.21681125,-0.23554502,0.03781632,-0.2322798,0.011600616,0.044463616,-0.11911615,0.14874615,0.15884988,-0.14648162,-0.044143446,0.16483028,-0.038329545,0.12141148,0.19394076,0.14418472,0.2532228,0.19137909,-0.011067124,0.18432349,0.03841948,0.070801534,-0.10282805,0.069947064,-0.28724244,0.11147506,-0.10219784,-0.24897902,-0.20750111,-0.2135363,-0.19562103,-0.1738782,-0.08526124,-0.24806072,-0.12518689,0.08570892,0.1357472,0.34471384,0.25711575,0.38408983,0.26604846,0.2484569,0.22576113,-0.080112875,0.09063097,0.056500234,0.16467412,0.4220352,0.12782016,0.15337254,0.70543116,0.6977144,0.7993068,0.5418204,0.28553072,0.2927719,0.09712803,0.56329125,0.61474913,0.27267107,0.17183322,-0.029665409,-0.04915628,-0.18286866,-0.17476785,0.061808057,0.17630996,0.2701427,0.22865626,0.29309314,0.1618063,0.11332205,0.17224634,0.1696014,0.1316537,-0.2261329,-0.1854239,-0.15385434,-0.18085422,-0.21844748,-0.23265062,-0.24089304,-0.24830343,-0.1681611,0.037101965,0.036440272,-0.15081993,-0.24113342,-0.29500595,0.10398261,0.019980978,-0.0040245317,-0.1387032,-0.17965849,0.20231214,-0.06319872,-0.069696,-0.22891527,-0.26565439,-0.30494517,-0.12569462,-0.17698842,0.025494143,0.11534736,-0.09026033,-0.032988667,0.29306453,0.08355937,-0.09987426,0.034323186,-0.27354607,-0.26044905,-0.17002326,-0.11465063,-0.09281377,-0.063093506,-0.13562238,-0.099633805,-0.1171286,-0.11610279,-0.050398324,0.011955882,0.0012967358,-0.07430152,0.0112275025,-0.10841571,-0.0049205264,-0.07316154,-0.12300937,-0.27980465,-0.006413395,-0.10102937,-0.08315147,-0.07964766,0.098464295,0.012166501,-0.044954147,-0.06595403,0.051111076,-0.13312502,0.001917767,0.14386764,0.13789608,0.158413,0.18429418,0.19844998,0.20264105,-0.056649655,0.14649652,0.07252463,-0.022824895,0.061645668,0.042688843,0.028872347,0.0077009536,-0.16331689,-0.074634,-0.012107142,-0.1429621,-0.12406506,-0.121266134,-0.14747618,-0.1850148,-0.09198158,0.018207999,0.06249026,0.100516506,0.2545244,0.20618632,0.16842471,0.038338616,0.22349212,0.3330537,0.044588543,-0.005612819,0.21520253,0.1625439,0.31006804,0.25420395,0.10278572,1.0,0.56856334,0.32839817,0.21257111,0.33568808,0.49583665,0.5521448,0.48544282,0.32249588,0.36580062,0.22056451,0.029650949,-0.16712944,-0.18820977,-0.14921112,-0.076879315,0.04139494,-0.028095433,0.12567843,0.23494375,0.25032786,0.20219551,0.170332,-0.0020952644,-0.05760419,-0.1397946,-0.040204838,-0.14051138,-0.100028686,-0.28255874,-0.21594957,-0.21463664,0.03433582,-0.028431006,-0.055762444
229,-0.07819853,-0.091614686,0.08049291,0.11166734,-0.02216253,0.0695706,0.06026892,-0.004439844,0.026246859,0.03777194,-0.06959612,-0.044666793,-0.0052724387,-0.12946185,-0.11825611,-0.10543489,-0.041536923,-0.16885027,-0.02638071,0.06057389,0.075745106,-0.088403806,-0.117753714,-0.14980794,-0.14399822,-0.022102667,-0.06436832,-0.068595596,-0.019815443,-0.0012210933,0.017008942,0.009683562,0.052133635,0.058219176,0.017394986,0.07854041,0.040952653,-0.016297132,0.11021053,0.071502455,-0.0066426247,0.07183143,-0.020875094,-0.10008002,-0.16661903,-0.12043578,-0.14591594,-0.084923714,-0.06142953,-0.055313602,0.06344395,0.023984423,-0.048911996,0.06484724,0.13730137,-0.02781258,0.13861473,0.122404285,0.120401226,0.099887855,0.088977635,0.081683315,0.10673865,0.04264975,-0.0031990085,-0.0052267634,-0.023637589,-0.24048796,0.04118028,-0.0039329957,-0.08461714,-0.123999916,-0.0823565,-0.062767446,-0.09125344,-0.07334381,-0.15549463,-0.082914494,0.09137162,0.0790415,0.2499595,0.2618601,0.3355296,0.2690892,0.272757,0.12984776,0.0093048215,-0.03761617,0.013788798,-0.03846923,0.09049149,-0.07079332,0.07351453,0.3275214,0.5551906,0.7382894,0.63937783,0.52992535,0.39801848,0.09726115,0.23109646,0.33968958,0.12471528,0.20918399,0.050220642,0.06874698,-0.011573582,-0.063977145,-0.030170202,0.10130893,-0.009180577,-0.038562145,-0.01534838,-0.012290088,-0.07244649,-0.025035558,-0.06104778,-0.06956566,-0.25101402,-0.22590779,-0.1512324,-0.1142277,-0.1403857,-0.09796396,-0.04468772,0.015781907,0.07343418,0.11794706,0.026958155,-0.13989006,-0.11498221,-0.20032798,0.14624283,-0.012706112,0.08902172,0.040872764,-0.042254914,0.10900078,-0.024979005,0.048855513,-0.068874076,-0.11938826,-0.12021598,0.0075929617,-0.08756688,-0.074247256,-0.017301224,-0.14546639,-0.086683765,0.075886585,0.04192137,-0.048874114,-0.0032129192,-0.09645711,-0.14123811,-0.0996039,-0.059114765,-0.0062901704,-0.060180675,-0.045395516,-0.07561392,0.008540524,-0.0035988276,0.048216414,0.060709853,0.10904126,-0.02916378,0.07709826,-0.0048810374,-0.0110118175,0.003925889,-0.024852071,-0.108946204,-0.03576937,-0.063282944,-0.060735345,-0.065385416,-0.051452972,-0.0065184324,-0.020172015,0.00042180132,-0.0031811076,-0.10184343,-0.090686075,0.088564284,0.12223945,0.13075991,0.10906626,0.11226078,0.0463477,0.01397788,0.015222087,0.10999925,-0.01620331,0.041429114,-0.056702018,0.008461957,0.019840531,-0.07605233,-0.10533604,0.0019769962,-0.08869449,-0.04305016,-0.04652335,-0.042388167,-0.12524882,-0.047481082,0.009394836,0.0624212,0.11807017,0.22747889,0.17158608,0.17836033,0.094428554,0.09924156,0.27273095,-0.019023962,-0.041576043,0.0064784917,-0.0027749091,0.053413857,0.026788669,0.07203677,0.56856334,1.0,0.24409702,0.34477136,0.3199361,0.3368239,0.25498527,0.16508113,0.19506387,0.33182597,0.19296613,0.10732497,-0.02214496,-0.07060677,-0.06958963,-0.057931274,0.009332707,-0.09625961,-0.039164722,-0.042536013,0.012608261,-0.0013915403,-0.055913787,-0.14982022,-0.17300718,-0.21592087,-0.11406688,-0.10925962,-0.03411057,-0.093554914,-0.007226722,0.026389942,0.0677785,-0.0136749465,-0.082826786
230,-0.11517215,-0.10528852,0.11997754,0.11855057,0.03038396,0.008703805,0.055471793,0.024575114,-0.011448348,0.0965588,-0.042008743,-0.08612515,-0.0023359992,-0.22934933,-0.22113426,-0.06908546,0.18010716,-0.1516257,0.0010254692,0.045687955,0.16403988,-0.016560398,-0.13267453,-0.15906897,-0.15328836,0.048768774,-0.01666887,0.00039101872,0.0659017,0.06561983,0.10178833,0.06797193,0.1424905,0.16644533,0.088427626,0.21687663,0.20947671,0.08235731,0.16250181,0.14631097,-0.0020218154,0.17164557,0.038799684,-0.031108752,-0.124221265,-0.06546747,-0.052486435,-0.075922415,-0.05196082,-0.007068615,0.1520925,0.15027593,-0.030657357,0.19025183,0.27823544,0.13102196,0.295742,0.32532376,0.30967793,0.30411896,0.24561724,0.22473311,0.23095019,0.058983777,0.095886536,0.048850372,0.047650244,-0.14654286,0.021601798,-0.18742475,-0.22275403,-0.08673967,-0.18933529,-0.20569246,-0.12961663,-0.042888906,-0.14287217,-0.11373886,0.07736577,0.0027955705,0.1502463,0.15795062,0.24310726,0.13097419,0.02920575,-0.019714065,-0.22071174,-0.20458615,-0.18858127,-0.15077597,0.0055447305,-0.16193652,-0.05454712,0.15701483,0.13105845,0.27867493,0.4541191,0.31963474,0.33095157,0.17864373,0.2798653,0.39747688,0.25539246,0.10713649,0.09513496,-0.04622798,-0.1687637,-0.16612533,-0.15336081,-0.014153644,-0.097185515,-0.033413194,-0.0012302909,0.039246615,-0.029247522,-0.016732847,-0.13015021,-0.17363375,-0.32224077,-0.33205074,-0.3186873,-0.3056624,-0.26756978,-0.31237477,-0.21955386,-0.21083789,-0.07984866,-0.0114794215,-0.06045492,-0.1414157,-0.14637204,-0.11988565,0.1151025,0.03071151,0.03044021,0.055576175,0.0044410834,0.0968009,-0.0444229,0.015221084,-0.09836277,-0.18219654,-0.1942469,-0.087744996,-0.035137244,-0.05744787,0.17752248,-0.10076756,-0.010091411,0.08521388,0.15856376,-0.00074436975,-0.030311707,-0.099764794,-0.1240312,-0.11411441,0.026051419,-0.012845341,-0.018833576,0.054060295,-0.05733679,0.062123574,0.09225256,0.038347714,0.18765596,0.08507698,0.058494084,0.12581813,0.027706608,-0.043480206,0.047594223,-0.005691087,-0.11523847,0.0068540554,0.0046206405,-0.01967988,-0.10471961,-0.04952869,-0.028007194,-0.11259973,0.1360933,0.037549313,0.06059468,0.06688173,0.23511979,0.309346,0.31093746,0.33002833,0.2765882,0.19790073,0.17115171,0.1296527,0.051049907,0.060115002,0.086938396,-0.038007032,0.014377014,0.0032575696,-0.06869133,-0.09634937,-0.1055402,-0.053813346,-0.08436468,-0.14127573,-0.13465823,-0.08822116,0.045568798,0.022825401,0.066673465,0.048660055,0.16488698,0.15559651,0.06739814,-0.086062685,0.0059881834,0.14279383,-0.18649237,-0.21360682,-0.01093429,-0.07600216,-0.10436409,0.05769917,-0.04642829,0.32839817,0.24409702,1.0,0.08655261,0.36333886,0.40130585,0.37989783,0.20630148,0.194507,0.3982999,0.14047031,0.09084017,-0.17040317,-0.199044,-0.11258699,-0.16985025,-0.011959245,-0.055339895,-0.0034140812,-0.050850466,0.06286783,0.041308958,-0.11148668,-0.25593656,-0.23686849,-0.31810993,-0.24756418,-0.2492145,-0.24621627,-0.24746375,-0.20447107,-0.16658133,0.048300553,0.023898635,-0.0580745
231,0.052201137,0.008750385,-0.008388752,0.031411503,-0.030695355,0.018833198,0.031504206,-0.024657307,0.000502535,-0.0056243795,-0.04714058,-0.056151118,0.017242558,-0.0552746,-0.034117553,0.008056346,-0.034273595,-0.10163342,-0.03842222,-0.011129259,0.00497871,-0.026600353,-0.030215712,-0.055960864,-0.07868347,-0.0065913885,-0.060777016,-0.051110886,-0.0051141316,-0.0058501097,0.028068718,0.021447377,0.04085652,0.05080868,0.026134333,0.045919824,0.03213418,0.005983396,0.016969193,0.042602234,-0.03273952,0.053353965,0.025589542,-0.040099658,-0.06568174,-0.07263075,-0.03435967,-0.027795184,0.0036204844,0.024908284,0.018893026,0.026999041,-0.050358456,0.047178145,0.077505045,0.005520027,0.08609733,0.06346614,0.05576333,0.039524566,0.025116555,0.061894313,0.04137656,0.020461582,0.024035856,0.009259381,-0.0008170939,-0.10509109,-0.0049634357,-0.012874146,-0.047572322,-0.064390324,-0.040493138,-0.04338172,-0.04138844,-0.014888579,-0.08306536,-0.040604856,0.10866684,0.035542008,0.1383134,0.1685988,0.18673271,0.15212297,0.115014575,0.07940049,0.024951555,-0.012077946,0.030506399,-0.006854854,0.0025679197,-0.044196963,-0.046378944,0.096514426,0.16041851,0.2809292,0.2903173,0.31704673,0.21164054,0.0002691034,0.02394852,0.05826733,-0.034122106,0.025123466,-0.016481208,-0.0027355745,-0.002054696,-0.0066528083,-0.0701511,-0.010940112,-0.06591763,-0.051411286,-0.03961908,-0.0099495435,-0.07731111,-0.099918045,-0.09691626,-0.095496796,-0.13066863,-0.11491096,-0.07795543,-0.039060105,-0.046073973,-0.02624625,-0.008526473,0.020865684,0.05235555,0.05045227,0.0012241523,-0.043364596,0.04627885,-0.08380696,0.058285464,-0.058289688,0.047664005,0.01811575,0.004910078,0.01787931,-0.012480483,-0.00075978495,-0.045343462,-0.055688433,-0.063983805,-0.016886458,-0.027093489,0.009085943,-0.008406191,-0.10354574,-0.0046449383,0.009507575,0.0094187185,-0.006184505,0.027561171,-0.03287716,-0.048872847,-0.0444446,-0.052594468,-0.016106702,-0.03942725,-0.03548092,-0.05825609,0.022294806,0.029911872,-9.886526e-05,0.055946577,0.05813096,-0.003371806,0.020148134,0.0027821597,-0.023007685,0.035272934,0.009911986,-0.040919866,-0.0057254294,-0.034365,-0.019973382,-0.040067792,-0.05732032,0.05626352,0.017260922,0.029663382,-0.009055176,-0.042650506,-0.053730153,0.05841609,0.065893695,0.070188195,0.058251813,0.051156774,-0.032310307,0.0366874,-0.007188606,0.0701986,-0.004603375,0.032206956,-0.072160095,-0.0103147775,0.03093296,-0.023532124,-0.06908165,0.015327129,-0.05342815,0.0009830109,-0.010409464,0.003171312,-0.08658553,-0.08131859,0.012403987,0.093322955,0.10485101,0.13960959,0.10473677,0.07800066,0.033559628,0.048236456,0.13206822,0.010913317,-0.039543033,0.0046657715,-0.061856072,-0.020576602,-0.032271966,0.04392163,0.21257111,0.34477136,0.08655261,1.0,0.13481757,0.12846464,0.061573632,-0.009362909,0.04041761,0.072125115,0.0015665272,0.050307456,-0.0014422376,-0.031068569,-0.026028937,-0.029185725,0.003033292,-0.061471764,-0.037635036,-0.056946434,0.0011947457,-0.0074255853,-0.09085604,-0.105494805,-0.10905899,-0.113675416,-0.089127496,-0.03477466,-0.0074884766,-0.020042542,0.004273776,0.03265316,0.042392913,0.012740372,-0.023405485
232,-0.0022012237,-0.09666376,0.005896431,0.0394191,0.012324462,0.016914828,-0.012968591,-0.063693866,-0.031197974,0.012293625,-0.15291487,-0.16397536,-0.029634973,-0.2042899,-0.18354952,0.030964598,0.26667506,-0.12973133,0.06820146,0.040734094,0.17198607,0.068681076,-0.089701265,-0.18573758,-0.21361247,-0.023207147,-0.13385397,-0.11541524,-0.010287061,-0.040303525,0.018301645,0.034513053,0.0752601,0.11883414,0.028630178,0.20298418,0.2185296,0.1116817,0.09572808,0.09991343,-0.02090807,0.20823792,0.03157977,-0.061289176,-0.18637525,-0.08312488,-0.08228412,-0.08317727,-0.0428058,-0.009510157,0.22100241,0.21967131,-0.09068884,0.17167728,0.32917234,0.17234716,0.3216563,0.3661295,0.34769142,0.36193162,0.3389766,0.3021495,0.31809622,0.15706776,0.17349847,0.18155642,0.08507525,-0.12989086,0.07730816,-0.14193816,-0.20362009,-0.028285278,-0.21362792,-0.19598784,-0.16563682,-0.05783927,-0.15742998,-0.11231065,0.1061081,-0.02315212,0.23497911,0.28642264,0.3778351,0.28290364,0.11460918,0.11644174,-0.16961028,-0.15745717,-0.09401208,-0.08048658,0.05028497,-0.1526022,-0.07209841,0.1624173,0.13174032,0.40407354,0.6125667,0.46847582,0.8418771,0.49241382,0.28919312,0.34832025,0.16298705,-0.039418165,-0.029183082,-0.10785139,-0.2512214,-0.18872328,-0.23044053,-0.077587366,-0.12677594,-0.06511746,-0.02204898,0.03829237,-0.1018394,-0.065433584,-0.22319558,-0.25848597,-0.31898913,-0.30405492,-0.35594225,-0.32642677,-0.31676358,-0.34848392,-0.2858931,-0.23102267,-0.122513525,-0.06329058,-0.12053789,-0.20757827,-0.06990313,-0.119834565,0.05386436,0.011636416,0.026093477,-0.011161275,-0.07842483,0.07329701,-0.09904473,-0.08354813,-0.1726386,-0.17922068,-0.17459147,-0.09062579,0.06029858,0.01102846,0.25453043,-0.057396688,0.028149944,0.11300992,0.16415718,-0.068642564,0.01596446,-0.07234738,-0.18491404,-0.13073207,-0.047003604,-0.08449916,-0.09037327,0.017571514,-0.11649019,0.064250775,0.030353446,-0.0036892365,0.18645993,0.028104344,0.09425189,0.11246924,0.001084883,-0.088500366,0.04693761,-0.010094496,-0.12573649,-0.05232833,-0.035235528,-0.04113061,-0.11933741,-0.049228426,-0.01343868,-0.09830593,0.15384509,0.04997867,0.025336497,0.07396586,0.23880836,0.3740348,0.3330142,0.38083825,0.32632205,0.22054784,0.27173352,0.25311512,0.1289267,0.05891964,0.21728559,-0.015508011,0.055466533,-0.0027255039,-0.0030522484,-0.047300275,-0.03496233,0.008721781,-0.08997841,-0.11237332,-0.13901809,-0.13387689,0.026667356,0.100357465,0.08007887,0.08543943,0.28268445,0.22354999,0.13817124,-0.06060001,0.090756424,0.19247694,-0.12330744,-0.22914435,0.029426666,-0.07369982,-0.120364636,-0.0097457655,-0.072820656,0.33568808,0.3199361,0.36333886,0.13481757,1.0,0.5940705,0.40813273,0.20505218,0.166482,0.30087346,-0.013048436,0.05815573,-0.2414541,-0.23580234,-0.14239185,-0.19367488,-0.041884024,-0.06680573,-0.030569835,-0.08080266,0.041187514,0.025556829,-0.21250461,-0.29723093,-0.21097891,-0.29044774,-0.22518311,-0.32164642,-0.3095199,-0.30498308,-0.21755017,-0.20033784,0.027399993,-0.030939095,-0.14096305
233,-0.023879273,-0.15312399,-0.032314595,0.047627684,-0.08272251,-0.02998606,-0.10129933,-0.12835456,-0.07659942,-0.03396621,-0.23092878,-0.24608928,-0.10286794,-0.32590488,-0.3111448,-0.039731152,0.36991864,-0.116345845,0.18283324,0.20789218,0.2397036,0.026588395,-0.1804492,-0.25436306,-0.28346434,-0.07320158,-0.168833,-0.16224179,-0.102984495,-0.10843192,-0.07094493,-0.004626256,-0.037382033,0.01404747,-0.068701304,0.17270018,0.20642485,0.1237084,0.12847061,0.054820538,0.044779986,0.19929953,-0.039649516,-0.09309146,-0.20230272,-0.0036958745,-0.13100311,0.0027270205,0.039740372,-0.020899873,0.27692863,0.28144607,-0.10485597,0.09064202,0.36384743,0.1302394,0.32052046,0.38814554,0.35589594,0.4215044,0.45067686,0.29241863,0.3279078,0.14506026,0.18496773,0.12298461,0.10992775,-0.12296509,0.0929238,-0.17173909,-0.28179717,-0.11152462,-0.24830541,-0.22827674,-0.17721117,-0.07021347,-0.16652866,-0.08215606,0.13765015,0.06129711,0.34827977,0.32247755,0.41742322,0.3204306,0.15341951,0.16704088,-0.19852753,-0.07194066,-0.0625551,0.0070867967,0.24651195,-0.06976653,0.077205166,0.32023138,0.26220685,0.52017456,0.546333,0.31243032,0.48489636,0.22133985,0.56066936,0.56710225,0.25643504,-0.042886358,-0.07467298,-0.13614474,-0.35158405,-0.23622951,-0.2170652,-0.029479079,0.0033127433,0.12826663,0.17081861,0.15610325,0.068363585,0.03649931,-0.10964862,-0.1882701,-0.44141588,-0.41114613,-0.38115478,-0.35164946,-0.39079833,-0.40952745,-0.4000774,-0.3639564,-0.25686195,-0.043374214,-0.04437307,-0.1952062,-0.094119646,-0.2470044,0.09165043,0.0020011156,-0.012988232,-0.12272172,-0.13570246,0.13540064,-0.13087757,-0.1091996,-0.27238962,-0.25922102,-0.2828182,-0.122532755,-0.010967836,-0.054481488,0.34388584,-0.0039901603,0.024407908,0.26289514,0.19018573,-0.114422604,-0.019541463,-0.18163212,-0.27310553,-0.1747782,-0.078106776,-0.10702173,-0.0996209,-0.04262743,-0.16551153,-0.022369036,-0.07153938,-0.036710516,0.15508449,-0.017277392,0.10114838,0.13830446,-0.11996272,-0.045287117,-0.025899963,-0.06728566,-0.2195066,-0.039999958,-0.04408014,-0.075036965,-0.082725,0.038343675,0.020144165,-0.08974381,0.11312353,0.086558595,-0.0063917716,0.033004135,0.27023795,0.3798516,0.34554145,0.39721853,0.33064416,0.29673105,0.1893328,0.29567704,0.07709426,0.033298824,0.19021766,0.03683687,0.11095391,-0.010299134,-0.035236057,0.0007596805,0.01792765,-0.060385983,-0.13712212,-0.109674536,-0.13994093,-0.11169175,-0.014243283,0.12773089,0.088560514,0.13566378,0.331523,0.24140492,0.14928117,-0.040309273,0.1466158,0.29196167,-0.048502654,-0.17362456,0.08810344,0.040057674,-0.020387104,0.06053942,-0.03444259,0.49583665,0.3368239,0.40130585,0.12846464,0.5940705,1.0,0.7049537,0.47298262,0.27116606,0.32715628,0.0311619,0.053372953,-0.3377684,-0.34384927,-0.20240916,-0.19034012,-0.012459937,-0.08210966,0.07587431,0.09244196,0.22769359,0.20782298,-0.10089932,-0.31137744,-0.2513503,-0.369599,-0.21916519,-0.34412813,-0.30643922,-0.41852072,-0.31694332,-0.32250273,0.0049585258,0.017519351,-0.0853157
234,-0.16638601,-0.27224916,0.036443736,0.10451841,-0.0503677,-0.03785989,-0.14027447,-0.10658459,-0.10987516,-0.022052046,-0.23348534,-0.23360957,-0.14618126,-0.3864302,-0.3634885,-0.14202498,0.36133072,-0.06030962,0.1954152,0.24765709,0.21390924,0.0020510887,-0.24668747,-0.32363355,-0.2724543,-0.0134871295,-0.1257997,-0.12563223,-0.12501132,-0.10264871,-0.10722146,-0.033237733,-0.08855019,-0.045986634,-0.11784888,0.10626471,0.13669835,0.031361975,0.12616137,0.016749484,0.0715016,0.1170378,-0.108687736,-0.13815403,-0.23550239,0.009006483,-0.18287194,0.009340501,0.046385076,-0.08698507,0.23110896,0.25726283,-0.13660496,0.016781773,0.26245773,0.07329554,0.21157709,0.299554,0.26257303,0.37654704,0.3697506,0.15094788,0.28250793,0.08612089,0.12914585,-0.017195327,0.1134742,-0.16481829,0.10907752,-0.20356995,-0.317499,-0.12367077,-0.27036345,-0.24926305,-0.17775261,-0.080132596,-0.20561078,-0.12539728,0.11536872,0.098384514,0.3122708,0.2584254,0.34091055,0.24175908,0.13613378,0.14245214,-0.18554094,-0.027215317,-0.07629309,0.035989057,0.33511388,-0.000541446,0.08200476,0.44338864,0.32975176,0.49638316,0.42297482,0.17342003,0.30496845,0.16014421,0.70604193,0.64480305,0.33149618,-0.022302302,-0.063151926,-0.12839414,-0.34138042,-0.23229711,-0.12465431,0.027379664,0.16119045,0.22744484,0.29432663,0.19382566,0.1426335,0.16656072,0.07371327,0.0008035382,-0.34946492,-0.32303828,-0.3103131,-0.30732027,-0.36085534,-0.3762575,-0.37257853,-0.36192867,-0.26517603,-0.028390713,0.0083336,-0.16316478,-0.23389697,-0.26949233,0.14658956,0.045080625,-0.004439701,-0.15696944,-0.19597498,0.22514634,-0.10187152,-0.11603193,-0.26594114,-0.3132526,-0.3533262,-0.1694903,-0.028671348,-0.039652,0.33746916,0.046130568,0.0011466665,0.31048727,0.18082891,-0.09864093,0.003540762,-0.2536008,-0.30143192,-0.18398918,-0.04252632,-0.073123865,-0.082888566,-0.076426454,-0.12077396,-0.05658807,-0.104485944,-0.06320656,0.10722593,-0.052560784,0.0149098085,0.070862256,-0.13070466,-0.0204299,-0.048152972,-0.10261315,-0.25921446,0.0022556477,-0.06777206,-0.07837378,-0.075263426,0.07126787,0.018602636,-0.05875665,0.04474366,0.09495689,-0.03576901,0.07354151,0.2779611,0.28361169,0.2459993,0.31522003,0.28616583,0.31282017,0.060709342,0.2364834,0.03870399,0.00014609435,0.11351736,0.064748436,0.07534765,-0.048195787,-0.11553835,-0.029813495,-0.056525487,-0.07275953,-0.13009644,-0.12691101,-0.18105559,-0.119859055,0.040157992,-0.011390772,0.08469197,0.09827595,0.28426853,0.189261,0.13200909,-0.02761981,0.14786106,0.28379044,-0.06831192,-0.08647431,0.13135737,0.14130358,0.12223843,0.18960938,0.00902223,0.5521448,0.25498527,0.37989783,0.061573632,0.40813273,0.7049537,1.0,0.6158565,0.290425,0.32932734,0.07083946,0.02918737,-0.322172,-0.29592562,-0.17810057,-0.17370397,0.024365969,-0.024418188,0.1322396,0.20638618,0.29725868,0.24784535,0.07907752,-0.15910412,-0.14009725,-0.26984933,-0.1568539,-0.27596432,-0.24861676,-0.40246078,-0.32168525,-0.33717966,0.004641689,0.021742241,-0.069598
235,-0.29251656,-0.34559637,-0.054495066,0.0028984323,-0.06083188,-0.08132016,-0.29433206,-0.084608614,-0.17412585,-0.09699752,-0.23965971,-0.26373765,-0.17350242,-0.35661393,-0.34171614,-0.20079717,0.36151585,0.10438206,0.3058516,0.2966709,0.24663426,-0.023235163,-0.2795562,-0.3209689,-0.25918132,-0.08581383,-0.12802789,-0.14005318,-0.22437036,-0.17382203,-0.20598589,-0.12295096,-0.2435417,-0.20413089,-0.19659023,0.0102043105,0.055683367,0.09265615,0.123043075,-0.070919275,0.16033103,0.016532369,-0.2268528,-0.15424843,-0.2065098,0.11559595,-0.2912001,-0.00047562527,0.05532469,-0.043302238,0.16292584,0.19873023,-0.057289224,-0.09468235,0.09507591,-0.022827644,0.039920412,0.15492097,0.09752048,0.29013276,0.234827,-0.08806477,0.19870874,0.052837558,0.050755493,-0.12755494,0.09045239,-0.033007022,0.13001539,-0.21590723,-0.2968487,-0.16822341,-0.23778899,-0.21201932,-0.1605096,-0.05892928,-0.17016937,-0.094438,0.024030302,0.07807028,0.2251434,0.058883794,0.21481688,0.05656498,0.070536375,0.07622455,-0.20966107,0.08192662,-0.06348001,0.15048958,0.45413485,0.118561685,0.35030317,0.5398126,0.44549945,0.40727484,0.22725606,-0.007373468,0.08410303,0.054491658,0.89373755,0.7301905,0.38984606,0.1567566,0.033923008,-0.022558684,-0.27421543,-0.21167906,0.08844071,0.1332012,0.36607942,0.42691207,0.46544796,0.2667415,0.29778093,0.32567894,0.30610147,0.24104162,-0.15858795,-0.15251784,-0.17902103,-0.21012534,-0.24602877,-0.29709703,-0.36611408,-0.37881896,-0.37720215,-0.15361182,-0.020321129,-0.16401367,-0.32544982,-0.22043592,0.05810449,0.05845577,-0.06747068,-0.24721946,-0.2641444,0.22579968,-0.0871503,-0.18399866,-0.30256042,-0.30019352,-0.3517858,-0.1837487,-0.08413375,-0.055920795,0.29649308,0.18502347,-0.0436522,0.37375924,0.22191685,-0.105249465,0.0054802657,-0.32276067,-0.32785264,-0.18271531,-0.06455547,-0.07688414,-0.07786085,-0.12821727,-0.0027066758,-0.15371677,-0.19433089,-0.13951176,0.019701758,-0.15030427,0.0980792,0.0899771,-0.20400135,0.044072136,-0.11157128,-0.1836052,-0.29719004,-0.009552974,-0.10482418,-0.02123424,-0.08544001,0.10489084,-0.01314628,-0.1058573,-0.07487421,0.13150287,-0.059697848,0.0076475665,0.19119711,0.09128686,0.081951685,0.17137374,0.18667369,0.26642272,-0.11565531,0.17793077,-0.047379646,-0.023659294,0.012632052,0.13513152,0.08064062,-0.017253477,-0.0859122,0.11859681,-0.07648466,-0.11828205,-0.14253119,-0.07356153,-0.1776485,-0.09079356,-0.035198044,-0.10192148,0.0519982,-0.0062522213,0.123384215,0.13309208,0.023764776,-0.017745737,0.11161649,0.191703,-0.00034632863,0.016021343,0.17529921,0.30271256,0.3511032,0.34507385,0.11326495,0.48544282,0.16508113,0.20630148,-0.009362909,0.20505218,0.47298262,0.6158565,1.0,0.34222856,0.33354133,0.2620081,0.024139099,-0.25946647,-0.23123473,-0.1808505,-0.0581583,0.061884895,0.1150377,0.22625579,0.40401515,0.41370615,0.3319748,0.30716276,0.079598404,0.07472035,-0.08326468,-0.017954104,-0.20308265,-0.17225927,-0.37585562,-0.28982073,-0.38574672,-0.12551619,-0.05200384,-0.08522579
236,-0.16326676,-0.10499599,0.026389882,0.045093648,-0.023051776,-0.0409734,-0.064047575,-0.014027568,-0.048748843,-0.008631317,-0.10585652,-0.13542828,-0.072173156,-0.22437777,-0.22630899,-0.122526005,0.15291244,-0.062606126,0.100412086,0.12668186,0.16139635,-0.046520784,-0.1900756,-0.18815006,-0.1610337,-0.023940647,-0.03209644,-0.031804893,-0.04411806,-0.015309263,-0.032469794,-0.0070344084,-0.028389579,-0.011968031,-0.01796939,0.08357123,0.06591383,0.06727636,0.1565901,0.07519008,0.09549297,0.03842603,-0.1047785,-0.046738602,-0.12627044,0.035555154,-0.097125515,-0.00286045,0.01776706,-0.034515858,0.1329409,0.12218502,-0.02125882,0.029229663,0.10949943,0.013254176,0.09531502,0.14563346,0.1115934,0.19820003,0.14052333,0.01327007,0.13869162,0.040220167,0.0739272,-0.054487795,0.033376347,-0.08363296,0.07522981,-0.14553063,-0.20274095,-0.13141476,-0.16813809,-0.15174243,-0.11141617,-0.020826487,-0.13496535,-0.09998411,0.0026778206,0.036311623,0.12736101,0.055698033,0.14280021,0.03633595,0.027893595,0.014582041,-0.14933634,-0.029130297,-0.07549134,0.016201211,0.17349684,0.011616683,0.16757739,0.28983283,0.26844192,0.2633879,0.23828566,0.109668836,0.1133206,0.04229006,0.40469158,0.48274717,0.26468936,0.19875123,0.07567593,-0.028942171,-0.14583653,-0.122502424,0.010667348,0.06154638,0.10139301,0.11118913,0.13808315,0.08025548,0.04541813,0.10336734,0.06842774,0.03571531,-0.1338523,-0.14212734,-0.15548334,-0.1897055,-0.15221614,-0.22472967,-0.2062336,-0.20272283,-0.1625801,-0.061997548,-0.035192892,-0.103791706,-0.16077173,-0.12033161,0.054871578,0.013624814,-0.03538671,-0.052879453,-0.09032122,0.062460378,-0.03866012,-0.055980865,-0.15113468,-0.20902354,-0.20485806,-0.10437043,-0.09489171,-0.0467462,0.10843313,-0.016992927,-0.048304867,0.18958238,0.12843612,-0.057437815,-0.013197153,-0.15214132,-0.18051173,-0.13408804,-0.011445776,-0.051558964,-0.022230279,-0.037654832,0.006526521,-0.030578008,-0.033429544,-0.034050114,0.07355268,-0.03155596,0.05795507,0.1211686,-0.006617119,0.03197701,-0.009649562,-0.119190484,-0.12972073,-0.018450158,-0.040077206,-0.036178615,-0.051285315,0.070343256,-0.01731545,-0.10267357,0.034564476,0.09244353,-0.0056057414,0.016901234,0.103085384,0.09842804,0.114275716,0.14367439,0.14703403,0.15011631,0.0068893195,0.1356348,-0.01973473,0.026313217,0.065808795,0.039735727,0.041205678,0.018797366,-0.057043742,0.029437784,-0.0705137,-0.09261212,-0.071014956,-0.05280585,-0.097751245,-0.08103376,-0.0092383325,-0.03544438,0.016293157,0.007947494,0.07878778,0.0949475,0.013682661,-0.012990371,0.035616174,0.11823202,-0.06337207,-0.059165202,0.06670794,0.076362416,0.12128233,0.15051684,0.04109791,0.32249588,0.19506387,0.194507,0.04041761,0.166482,0.27116606,0.290425,0.34222856,1.0,0.31516322,0.24308671,0.044744812,-0.14842708,-0.14775586,-0.078963175,-0.05132761,0.019561155,0.014675376,0.0453959,0.10133755,0.12691149,0.07323694,0.07717303,-0.045769367,-0.05585967,-0.11553302,-0.07752441,-0.14521956,-0.16176353,-0.226423,-0.16271828,-0.17968704,-0.037482638,-0.030185258,-0.064092815
237,-0.28237772,-0.12587164,0.15122584,0.12951264,0.0063450607,-0.0023409147,0.13113825,0.14234893,0.08467783,0.11485161,0.025145406,0.00538704,0.06242273,-0.22585116,-0.23891862,-0.13213189,0.14321002,-0.17103304,-0.11310319,-0.04267584,0.18807393,-0.09616175,-0.17955092,-0.12575155,-0.06731998,0.060841326,0.10094143,0.10014413,0.15064158,0.17605391,0.20293161,0.0983496,0.24605605,0.24950193,0.21050337,0.27196968,0.22992803,0.12185432,0.25157946,0.22309181,-0.0023603032,0.17190482,0.055858012,0.0053783893,-0.08008727,-0.06478638,-0.040010355,-0.15727216,-0.16348894,-0.06605558,0.113855116,0.1342431,0.054469213,0.25059354,0.27084205,0.11104988,0.28772792,0.31866142,0.3228945,0.29166335,0.2375741,0.21662672,0.2103107,0.03041176,0.0141227525,-0.031626366,-0.003757733,-0.17052025,-0.016851457,-0.24272777,-0.2521916,-0.13838457,-0.17284007,-0.2114394,-0.123332135,-0.05878594,-0.13097629,-0.16737747,-0.031439327,-0.043046057,0.02629486,0.008226497,0.112005904,-0.029655162,-0.094963536,-0.20412469,-0.35855314,-0.3353927,-0.36828727,-0.26146626,-0.07111349,-0.2548296,0.033491764,0.23061982,0.22294466,0.25064734,0.47077155,0.35702926,0.2875249,0.14474057,0.3609834,0.6543897,0.63538706,0.5444561,0.38237673,0.09187038,-0.020554652,-0.10448633,-0.013958402,0.093745485,-0.011634978,-0.02413094,0.0063068937,0.033776756,-0.0463754,-0.0026184805,-0.083890565,-0.14415185,-0.2644439,-0.2953932,-0.32362404,-0.3372219,-0.23155193,-0.33697033,-0.1636729,-0.2162309,0.008603743,-0.0310829,-0.1182901,-0.18932186,-0.24529071,-0.059391312,0.08402359,0.0011230252,0.034048967,0.15281285,0.07251752,0.04249242,0.006031599,0.0720788,-0.007500306,-0.15018211,-0.18999206,-0.022155171,-0.07740161,-0.112474,0.12154562,-0.13576175,-0.124644965,0.043337353,0.21106534,0.032468326,-0.025807386,-0.08423942,-0.06972475,-0.050430443,0.06306463,0.06302153,0.05080835,0.11552639,0.023629509,0.09767243,0.1780993,0.1138157,0.24234413,0.1497393,0.107825354,0.18463552,0.102308705,-0.056734055,0.09788621,0.012859614,-0.04290567,0.00224782,0.037137758,0.0054342668,-0.13400213,-0.07965911,-0.09680497,-0.2087429,0.18484452,0.07599082,0.09440426,0.042902023,0.19948581,0.29406232,0.29150063,0.33856624,0.28183475,0.22246976,0.15933391,0.03991037,-0.011018191,0.000415944,0.0042300504,-0.10060687,-0.04725367,-0.011681502,-0.080234595,-0.12123316,-0.16330808,-0.09988422,-0.08631213,-0.15915647,-0.13697833,-0.04219195,0.1122206,-0.09250248,-0.014744015,-0.07042862,0.0142559055,0.06379282,0.00077269686,-0.10579028,-0.15779558,0.0581434,-0.34366152,-0.27968177,-0.12251053,-0.08097053,-0.06906401,0.15108489,-0.044754054,0.36580062,0.33182597,0.3982999,0.072125115,0.30087346,0.32715628,0.32932734,0.33354133,0.31516322,1.0,0.57321537,0.13707921,-0.046370316,-0.092668615,-0.10698885,-0.108048335,0.050452247,0.051869467,0.0818486,-0.04462754,0.057287194,0.0012445789,-0.058773674,-0.21800633,-0.25836593,-0.29946715,-0.26127893,-0.22515357,-0.2757759,-0.19686009,-0.25573662,-0.09469051,0.0077763973,-0.05819543,-0.117251106
238,-0.2861464,-0.15142639,0.038898572,0.025636949,-0.04239083,-0.052152276,0.025507636,0.12152459,0.030352095,0.025717774,0.030966703,0.037532628,0.07429947,-0.123813264,-0.17223105,-0.16036391,0.02806216,-0.05016313,-0.09267539,-0.116739206,0.084345184,-0.13073024,-0.17154008,-0.058801442,0.007756737,0.0040732627,0.08789629,0.08370012,0.079800166,0.109018125,0.10942286,0.053482767,0.090707585,0.09078898,0.10067243,0.10434293,0.06812985,0.067664444,0.16776818,0.08734067,0.017017486,0.025135508,-0.011450884,-0.024424152,-0.048514705,-0.0024974092,-0.064739734,-0.1587493,-0.11849047,-0.007296609,-0.021107633,0.025561966,0.063678995,0.11185177,0.036341656,-0.007813631,0.07506169,0.09727388,0.063478425,0.10367361,-0.040420767,-0.051483095,0.006074941,-0.062358357,-0.09793866,-0.13106827,-0.06301873,-0.05849244,-0.041923754,-0.18441601,-0.16480225,-0.13174818,-0.06896636,-0.14386031,-0.10337844,-0.06980783,-0.06619755,-0.09159177,-0.110582456,-0.046667777,-0.11057178,-0.18679497,-0.08490834,-0.18550758,-0.09985759,-0.16995105,-0.21332258,-0.14993607,-0.2066086,-0.09797181,0.009812047,-0.07402162,0.11069729,0.25463283,0.25902167,0.09283093,0.18093425,0.13744366,-0.01767161,0.02750803,0.23583113,0.4482546,0.54638183,0.8870964,0.45457542,0.30064082,0.16542408,-0.0017972202,0.30390152,0.31828317,0.17876843,0.06852812,0.046909787,0.025521314,0.032432526,0.060037464,0.089439295,0.09240499,0.015351863,-0.027140705,-0.062147804,-0.094970286,-0.04828528,-0.10860253,-0.0015101591,-0.082620226,0.0060941703,-0.08865656,-0.07731616,-0.080022804,-0.21079011,-0.024799027,-0.010361897,-0.05874053,-0.04950669,0.06121083,0.026200656,-0.0041662804,0.01286448,0.027509365,0.037769176,-0.031549573,-0.11349703,-0.007423324,-0.124690056,-0.089769006,0.0053932243,-0.06543808,-0.09674212,-0.03188824,0.116782025,0.03528498,0.014369133,-0.07739882,-0.034358576,-0.0039000018,0.0025636829,0.04109109,0.03708593,0.065339655,0.09321093,-0.004312729,0.10674874,0.035609115,0.061374053,0.044314094,0.07666657,0.12031036,0.056131694,-0.0012375946,0.034851056,-0.008645006,-0.036976192,-0.01729974,0.023600575,0.021632263,-0.10468301,-0.09756092,-0.11738029,-0.14617775,0.024733398,0.058338646,0.022925805,-0.057334058,0.019944657,0.004663869,0.07786224,0.08383078,0.11599963,0.024260186,0.007838281,-0.08290684,-0.07394175,-0.018581934,-0.08927369,-0.02940418,-0.056014135,0.0058466657,-0.026045859,-0.062435377,-0.13757826,-0.09827987,-0.07190461,-0.10504282,-0.11188867,-0.030418267,0.017787961,-0.14326455,-0.065593936,-0.1374385,-0.16815114,-0.03501847,-0.08502079,-0.061903514,-0.122617856,-0.051411457,-0.17928107,-0.12186187,-0.0038446917,-0.013091269,0.1452409,0.20921479,0.05683052,0.22056451,0.19296613,0.14047031,0.0015665272,-0.013048436,0.0311619,0.07083946,0.2620081,0.24308671,0.57321537,1.0,0.069041625,0.13093738,0.06275961,-0.008472602,0.07242356,0.09012471,0.16008176,0.13447562,0.08462276,0.014965745,0.004300009,0.092272,0.08472216,-0.010761877,-0.025680905,-0.06350682,-0.03578656,-0.09579906,-0.0058269533,-0.109770045,-0.01619454,-0.07376978,-0.117301896,-0.06480097
239,-0.015686052,0.06476443,0.031004934,0.08285448,0.1078333,0.12173417,0.0810966,0.13559733,0.033164974,0.119143285,0.08405364,0.05972021,-0.043078706,-0.0073706857,-0.009504594,-0.05158747,0.005379965,-0.00059381424,0.004275015,0.05865125,0.013053596,0.055912953,0.019306116,0.016645385,0.045436315,0.06805568,0.10938188,0.13887194,0.06606791,0.12006216,0.058185987,-0.023626367,0.06398731,0.052178133,0.03327005,-0.034301758,-0.08216441,-0.094125845,-0.007775699,0.022201879,-0.07461243,0.014250565,0.003032153,0.0072234594,0.020801127,-0.038258377,-0.029417941,-0.043724325,-0.09315854,-0.0075484677,-0.002558875,-0.027773643,0.06189367,0.05043687,-0.07235958,-0.07736997,-0.023968954,-0.038356554,0.023083001,-0.008687662,0.10480189,0.06389165,0.061795678,0.04263521,-0.11066143,-0.025281552,-0.057262123,-0.046910226,-0.025224883,-0.019563558,-0.03249108,-0.024232645,-0.05265419,-0.023357766,-0.036872838,-0.019624505,-0.042774737,-0.059060432,-0.042297155,-0.0116176335,0.05422504,0.006912779,0.03362091,-0.048771072,-0.039462734,-0.1233745,-0.08363806,-0.055792775,-0.14045174,-0.08357174,-0.08181373,-0.09846069,0.015382112,-0.028861843,-0.011607174,0.030827202,0.12980673,0.12927966,0.081036136,0.02881207,0.030720662,0.054987423,0.031056862,0.0847631,0.032711994,0.078749575,-0.026296258,-0.0638075,-0.04188953,0.007137014,-0.05941561,-0.026001547,-0.028535446,-0.065245904,0.013344175,0.059786465,-0.0012318703,-0.008354468,-0.15045962,-0.12117162,-0.07702218,-0.05473303,-0.040832944,-0.04646481,-0.029220445,0.029025108,0.073576756,0.037625715,0.0040181773,-0.062554665,-0.059016313,-0.06725382,0.1729368,0.078999996,0.18365659,0.09786896,0.010211483,0.15311068,-0.008177664,0.0962975,0.019599866,-0.0071866713,-0.004903281,0.01886556,0.034911737,-0.10998167,0.03698511,0.024663389,-0.0319501,0.041700028,-0.037998717,-0.03127899,0.017312305,0.020529218,0.021899743,0.04730701,0.08839609,0.06961609,0.1084289,0.05199415,0.013499794,0.066832334,0.028065788,0.05397076,0.036092203,-0.020835683,-0.08853686,-0.044201646,-0.017123496,-0.06519955,-0.030983882,-0.0046734116,0.018583927,0.03869148,0.032423656,0.006876813,-0.024382416,-0.039035704,-0.04915211,-0.09797082,0.029854689,-0.0046995752,0.0093231555,0.03411949,0.09670354,0.0055967174,-0.04653793,0.009463132,-0.019130431,0.07904424,-0.0472645,-0.08774843,-0.044135626,-0.018432058,-0.03152169,-0.07989276,-0.018888865,-0.07770697,-0.06347529,-0.07107055,0.022803452,-0.007529408,-0.034095235,-0.032299817,-0.04242679,-0.04650115,0.018689258,-0.030151824,-0.022948686,-0.019851664,0.0318065,-0.0007265648,-0.029608391,-0.0030489247,-0.11261555,-0.016353976,-0.11115233,0.033262283,-0.180856,0.0076352465,-0.085750744,-0.030154353,0.0040079625,0.029650949,0.10732497,0.09084017,0.050307456,0.05815573,0.053372953,0.02918737,0.024139099,0.044744812,0.13707921,0.069041625,1.0,-0.01840485,-0.008526229,-0.037728194,0.00067631376,-0.03683768,-0.016799446,-0.070688985,-0.017260969,-0.03618369,-0.03352187,-0.0033051907,-0.07157207,-0.07096928,-0.13106412,-0.08670242,-0.04729881,-0.007024576,-0.05224931,0.0013004196,0.050577845,0.053799722,0.026780954,-0.0579154
240,0.15111348,0.16266048,-0.11832834,-0.21603096,0.029784055,-0.030194707,0.10607453,0.093622394,0.06977272,0.022568101,0.1957589,0.23122606,0.16391699,0.22169335,0.20240329,0.047105893,-0.3530041,0.06059503,-0.22046588,-0.2848756,-0.399202,-0.08178056,0.0764837,0.14682874,0.3136779,0.11808485,0.20132987,0.1542196,0.08117297,0.10221654,0.06580911,0.04773058,0.050525654,0.008468147,-0.012542231,-0.23597905,-0.21357043,-0.20269695,-0.36722875,-0.24245386,-0.26908168,-0.22338364,0.0017218114,-0.0037056946,0.16434123,-0.009628789,0.06980527,-0.15289266,-0.14765778,0.01703634,-0.2277335,-0.22710977,0.0857551,-0.053785115,-0.29687852,-0.12567823,-0.24143817,-0.27949712,-0.19225678,-0.26694787,-0.26977605,-0.17728199,-0.23897357,-0.14584075,-0.26038074,-0.17181021,-0.197396,-0.0664089,-0.06856502,0.08234301,0.15081838,0.0612681,0.14455813,0.08000391,0.040488873,0.008964352,0.11626105,0.10355035,-0.21557638,-0.124751985,-0.24375056,-0.3240473,-0.27661237,-0.2562643,-0.033701036,-0.15617175,0.27497917,0.10221513,0.07338066,0.010371011,-0.19628908,0.011586935,-0.20655823,-0.15520714,-0.060165703,-0.24285524,-0.19117743,-0.09273364,-0.18146907,-0.08437036,-0.3124266,-0.24945988,-0.064382255,0.28165454,0.195608,0.45350447,0.9598405,0.43587655,0.2003265,0.1352882,0.031292353,-0.18646407,-0.16959387,-0.13903703,-0.21046276,-0.11930448,-0.044814862,0.031445608,0.30059087,0.33719742,0.40994287,0.46010378,0.437127,0.50138485,0.55120957,0.40503472,0.36575744,0.017875446,-0.068918265,0.076625146,0.2140958,0.34777382,-0.26160505,-0.05607506,-0.025463615,0.10231447,0.15129617,-0.16714995,0.13116251,0.10082418,0.2564007,0.25430024,0.20211671,0.11716261,-0.0019774155,0.064785615,-0.29480094,-0.049243964,-0.02289375,-0.36828282,-0.26219273,0.08404926,-0.0020225006,0.13013944,0.2876363,0.23163475,0.052193947,0.10914506,0.10259774,0.055124518,0.1171846,0.0497903,0.05837195,0.055689044,-0.1382481,-0.0178279,-0.17843734,-0.34832954,0.006409849,-0.18468794,0.0075443597,0.031928338,0.12329301,0.024239313,0.04625302,0.044830114,-0.015091123,-0.14190592,-0.11678367,-0.0019609253,-0.10414399,-0.10867367,-0.063017,-0.06631312,-0.30040997,-0.29607373,-0.27619243,-0.23085436,-0.22711281,-0.17543419,-0.13462552,-0.2766287,-0.06255319,-0.07181196,-0.1645594,-0.113486476,-0.20039128,-0.049114496,0.01889718,-0.108485244,0.023388581,0.02481107,0.07608741,0.018484823,0.03994033,0.0071054557,-0.087957844,-0.071639426,-0.16574736,-0.19805957,-0.29646298,-0.1321266,-0.11887572,0.044762213,-0.19021954,-0.20452788,0.06913331,0.22246853,-0.0907371,-0.118933454,0.03360043,-0.07780401,0.021198245,-0.16712944,-0.02214496,-0.17040317,-0.0014422376,-0.2414541,-0.3377684,-0.322172,-0.25946647,-0.14842708,-0.046370316,0.13093738,-0.01840485,1.0,0.55948067,0.3577571,0.15406935,0.038923427,0.020168206,-0.020099437,-0.13341075,-0.20527285,-0.21977803,-0.06115197,0.17748164,0.12805733,0.2915774,0.22343275,0.4938758,0.38010344,0.5899002,0.3094814,0.40357274,0.0146183865,-0.14762847,-0.08396732
241,0.11701132,0.12120744,-0.14204511,-0.19071445,-0.027515693,-0.021300752,0.032868564,0.047870006,-0.017346112,-0.0030066203,0.16609654,0.1791909,0.13268459,0.2256085,0.19083023,0.031010937,-0.33074802,0.050977144,-0.14395423,-0.20193803,-0.3257417,-0.06120507,0.06448609,0.13529757,0.2671069,0.09009192,0.16957845,0.13160913,0.04095538,0.05189652,-0.012993645,0.0011637545,-0.036035594,-0.06598288,-0.053206567,-0.2674147,-0.23711205,-0.21803068,-0.32705003,-0.24674077,-0.19064383,-0.21522826,0.0084526315,-0.019036254,0.15923843,0.024621537,-0.0021264434,-0.10183675,-0.07500049,0.047094148,-0.16866328,-0.17735453,0.08188283,-0.115438476,-0.3143106,-0.16916378,-0.2872626,-0.29479817,-0.2493859,-0.2638035,-0.3041665,-0.24480277,-0.2162135,-0.133823,-0.21628356,-0.14279942,-0.17477065,-0.028273594,-0.069980554,0.08626082,0.16687979,0.06367173,0.14867967,0.07565694,0.019213937,-0.027340053,0.08881121,0.07352126,-0.19874705,-0.09234318,-0.23257378,-0.3144985,-0.26003245,-0.2587079,-0.013612153,-0.09678929,0.27299854,0.15079495,0.12696606,0.077762954,-0.11158137,0.099033415,-0.13207664,-0.11891157,-0.04088479,-0.23132809,-0.22123429,-0.12993956,-0.1902305,-0.09702694,-0.2791085,-0.23682812,-0.06383521,0.16702566,0.11934811,0.33986273,0.59320086,0.19566105,0.3260618,0.14186107,0.14059629,-0.07673469,-0.081397526,-0.11370449,-0.13457622,-0.10841425,0.04192379,0.14479412,0.35143214,0.39847323,0.41154322,0.44645733,0.3987433,0.44861314,0.4422213,0.32831404,0.22823568,-0.03134092,-0.098579206,0.08842312,0.15386125,0.24518904,-0.21488428,-0.07743097,-0.027952267,0.04970752,0.0718702,-0.1270239,0.06115453,0.06959939,0.20541233,0.25942865,0.19717658,0.055744205,0.0012238312,0.08548494,-0.2863253,-0.047310226,-0.0023667375,-0.25992656,-0.22740196,0.043686945,0.002202266,0.106965855,0.24082568,0.1716977,0.0068994025,0.1089607,0.0991987,0.010627502,0.113629535,-0.029854134,-0.019867953,-0.012046719,-0.15241782,-0.05440517,-0.19628012,-0.32231873,-0.005349372,-0.11975896,-0.033771947,0.045160644,0.08417475,0.02818629,0.050653696,0.054181535,-0.0016439378,-0.106541246,-0.07982314,0.006428967,-0.12379282,-0.06726895,-0.05686122,-0.031699285,-0.31151435,-0.3250533,-0.29601339,-0.26723605,-0.23440392,-0.14410317,-0.17812836,-0.22558926,-0.066090375,-0.055042174,-0.15710412,-0.042828433,-0.13357498,-0.061109122,0.030266779,-0.067742184,0.0371737,0.017163822,0.10517331,0.0040132944,0.025983125,0.0026208821,-0.10559482,-0.037205372,-0.1641851,-0.17715093,-0.30158678,-0.13686597,-0.062334508,0.063112,-0.12234688,-0.18825851,0.12898517,0.22725949,-0.026822364,-0.08040314,0.116291486,-0.03652403,0.040325057,-0.18820977,-0.07060677,-0.199044,-0.031068569,-0.23580234,-0.34384927,-0.29592562,-0.23123473,-0.14775586,-0.092668615,0.06275961,-0.008526229,0.55948067,1.0,0.33493805,0.26818222,0.10422921,0.07403576,0.059492107,-0.012797566,-0.16543901,-0.1528729,0.028750228,0.27414745,0.2207862,0.3557358,0.2238775,0.4268604,0.3385785,0.48448697,0.2813503,0.2908868,-0.028914077,-0.17719623,-0.068252526
242,0.08860186,0.050803803,-0.10737469,-0.14083774,-0.024507437,0.00046914435,0.009661587,-0.0006898484,0.0066610235,-0.0016363946,0.06917481,0.12572627,0.08647082,0.095890634,0.089120924,0.01269792,-0.21120194,0.043612372,-0.08730074,-0.12776451,-0.255784,-0.033036627,-0.00046983524,0.062125143,0.17365386,0.03977564,0.09178497,0.060886465,0.017949201,0.020499675,-0.029216146,-0.0023338716,-0.02434123,-0.044241372,-0.044005506,-0.17748584,-0.1569876,-0.16208264,-0.2311895,-0.17702563,-0.15763791,-0.14226489,-0.03327977,-0.008171842,0.08893127,0.02392697,0.015833523,-0.0579378,-0.07194701,0.02157337,-0.16174282,-0.120182514,-0.015803717,-0.076855525,-0.22788101,-0.092784695,-0.17928058,-0.19753271,-0.15657242,-0.17610937,-0.19726832,-0.14398521,-0.17914157,-0.10648028,-0.12221211,-0.085884325,-0.057371862,-0.015780427,-0.00036894824,0.046313792,0.07653771,0.006230426,0.06627877,0.0148000335,0.0056953477,0.011746733,0.025756605,0.0026283378,-0.08360797,-0.065900706,-0.11537616,-0.18336245,-0.13515408,-0.14485236,0.00907396,-0.017236149,0.22372682,0.12074176,0.13399133,0.071787424,-0.084621064,0.088461004,-0.13068019,-0.10438068,-0.057501156,-0.14803664,-0.13695164,-0.08578502,-0.12363459,-0.049185507,-0.19864616,-0.1837353,-0.08178235,0.0645207,0.074594796,0.19628707,0.36516818,0.23862529,0.17384544,0.0673356,0.029842198,-0.064701036,-0.06538635,-0.058208264,-0.12903506,-0.07154276,0.016415285,0.064235255,0.1704347,0.20927028,0.24582446,0.29993904,0.21694893,0.32032743,0.31597745,0.24566235,0.16929537,-0.01403291,-0.046281986,0.094988115,0.11046277,0.14726761,-0.15428714,-0.08284515,-0.036874205,0.009642704,0.047540788,-0.0580573,0.04363302,0.030530509,0.13011755,0.1266739,0.0921403,0.046891797,0.021988764,0.0644303,-0.19259603,-0.019441755,-0.007416248,-0.13351537,-0.17661276,0.012847064,0.004638195,0.040620655,0.14584796,0.12694381,0.020938352,0.035130396,0.042244002,0.009383736,0.081102304,-0.0024791309,-0.02593861,-0.011821387,-0.09885554,-0.04977054,-0.1499646,-0.22179367,-0.03864777,-0.11396054,-0.009527231,-0.027874831,0.05204215,0.0043256553,0.02751796,0.045161873,0.014057896,-0.07765962,-0.05141426,0.026403077,-0.098148495,-0.08791363,-0.05260442,-0.021094328,-0.21752715,-0.23620637,-0.19833763,-0.17728752,-0.15982136,-0.116482705,-0.087049454,-0.15697755,-0.020067165,-0.046222463,-0.038436614,-0.016454779,-0.08435188,-0.03144433,0.0028686528,-0.061088238,0.052831266,-0.026983477,0.041285153,0.019426314,0.018685414,-0.0021512895,-0.08847647,0.005028315,-0.071007796,-0.07834059,-0.16142547,-0.07059363,-0.064148664,0.059055403,-0.058062244,-0.12681274,0.11569994,0.16573757,0.015922444,-0.042462308,0.048706416,-0.031762257,0.044657275,-0.14921112,-0.06958963,-0.11258699,-0.026028937,-0.14239185,-0.20240916,-0.17810057,-0.1808505,-0.078963175,-0.10698885,-0.008472602,-0.037728194,0.3577571,0.33493805,1.0,0.10330875,0.05483966,0.017672502,0.0016502974,-0.04356681,-0.08624458,-0.09705298,0.0140876835,0.1361157,0.12680216,0.18987858,0.1471466,0.25908524,0.25012857,0.34293097,0.21006724,0.21333002,-0.00024703398,-0.07205548,-0.012841158
243,0.06807654,-0.0051532495,-0.23665477,-0.20332828,-0.067196384,-0.015876718,-0.16012064,-0.06605974,-0.08193817,-0.066011965,0.032009676,0.064037874,-0.019671971,0.16080847,0.11022262,-0.0657657,-0.20113167,0.09214313,0.059884552,0.018206343,-0.07106671,0.035926092,0.06578998,0.11542816,0.13265964,-0.05651353,0.006208427,-0.03359084,-0.10654926,-0.11278337,-0.18129362,-0.08618476,-0.23960365,-0.25611675,-0.23819639,-0.30153367,-0.25207162,-0.12743917,-0.20276211,-0.25213408,-0.036722556,-0.1880978,-0.07482413,-0.013112308,0.12769681,0.13356599,-0.09372308,0.03559329,0.026276967,0.005016108,-0.11704331,-0.10467498,-0.011140974,-0.2267235,-0.26546648,-0.122592546,-0.3172986,-0.28091112,-0.3130468,-0.21891339,-0.22562847,-0.27216813,-0.16966498,-0.06756793,-0.147991,-0.11574719,-0.04640465,-0.0019249569,-0.058037464,0.08620729,0.13271904,0.05491979,0.14183134,0.0659786,0.014008295,0.02237593,0.007931568,0.03589027,-0.11988494,0.0013626425,-0.0996563,-0.19280407,-0.12518455,-0.14342701,0.01346871,0.08327365,0.18238844,0.2822204,0.24700409,0.25916544,0.13380478,0.23703635,0.15990302,0.01764752,0.06695101,-0.06442992,-0.18191881,-0.13829675,-0.1808382,-0.06297308,-0.090871364,-0.11085456,-0.08552941,0.09097539,-0.0019023818,0.1614785,0.15492694,0.12502594,0.4383394,0.23215792,0.2649543,0.12943102,0.0737697,-0.009174723,0.06739257,0.05491232,0.20135514,0.28589422,0.2575035,0.2968441,0.2779633,0.27663305,0.2093427,0.23128478,0.09037577,0.08840099,-0.060330514,-0.04236488,0.004484701,0.014434333,0.038370676,0.036132008,-0.13859606,-0.038112234,-0.053096432,-0.116220206,-0.07721916,0.0037616962,0.008631656,-0.0009623589,0.06656545,0.19429025,0.119746044,0.04618391,0.020108536,0.072014295,-0.18828869,0.046613622,0.010491005,-0.019283384,-0.12259337,-0.042611357,-0.00030888637,0.014344416,0.07265338,0.12997931,-0.06197514,0.04174741,-0.022363417,-0.054090355,0.05385106,-0.083171174,-0.17009205,-0.107026786,-0.24070913,-0.16721575,-0.10853014,-0.15800935,-0.13555408,-0.037252866,-0.11503989,-0.044950195,0.03207048,-0.0019942282,0.011989309,0.03321433,0.04833912,0.038688906,-0.006738735,0.030574447,-0.15002154,-0.0120232,-0.071545824,-0.027288366,-0.18646646,-0.28560832,-0.29384458,-0.29582587,-0.22147684,-0.12770525,-0.21013594,-0.12556976,-0.053571954,-0.060060725,-0.13636813,0.043989863,-0.0035488482,-0.052904002,-0.0056216503,-0.02933207,0.021787783,0.031235123,0.088100806,0.013014397,0.018323062,-0.010088452,-0.14575735,-0.021938566,-0.098097175,-0.088416755,-0.21403271,-0.05628003,-0.009713857,0.07190205,0.074845605,-0.08824096,0.27579868,0.22404309,0.09866677,0.082960345,0.23894946,0.0139454985,0.10033132,-0.076879315,-0.057931274,-0.16985025,-0.029185725,-0.19367488,-0.19034012,-0.17370397,-0.0581583,-0.05132761,-0.108048335,0.07242356,0.00067631376,0.15406935,0.26818222,0.10330875,1.0,0.11128279,0.08027485,0.12075841,0.16183048,-0.010310014,0.0453344,0.17658274,0.3349799,0.27904043,0.29477128,0.20981142,0.14875488,0.1885128,0.12759179,0.13395926,0.023901492,-0.11373088,-0.13162394,0.031153748
244,-0.018911712,-0.009697042,-0.079913884,-0.082912534,-0.12135339,-0.12426294,-0.07399427,-0.053944048,-0.029767126,-0.05248732,-0.033982366,-0.03886737,0.013322419,-0.09095643,-0.11180216,-0.12330087,-0.0299241,0.039782576,-0.04830307,-0.03892245,-0.085680075,-0.14482737,-0.12746829,-0.11615069,-0.028670056,-0.025584577,0.05952244,0.059931677,0.02906603,0.053229187,0.04658741,0.036044467,-0.049239364,-0.022061968,-0.020957239,-0.019553518,-0.010280897,0.007581196,0.006716731,-0.042123325,0.050473787,-0.07841424,-0.025534198,-0.05787561,-0.12129825,-0.07598579,-0.036651216,-0.061718185,0.015229826,0.02977118,-0.07835952,-0.0010975484,0.0018781513,-0.034590155,-0.05477917,-0.06688484,-0.03178392,-0.046030935,-0.07396364,-0.029803293,-0.107543856,-0.20870872,-0.10680069,-0.01506379,-0.075513296,-0.123862244,-0.077270456,-0.05251329,0.0060041705,-0.06513912,-0.06898876,-0.07830257,-0.06212896,-0.11808746,-0.1429777,-0.14038204,-0.11164318,-0.0044391253,-0.08696658,-0.038949158,-0.01670067,-0.115466446,-0.04876565,-0.07614126,-0.009425053,0.025665052,-0.001479874,0.07001781,0.044664092,0.106132604,0.15102169,0.1403396,0.06891294,0.17779894,0.099572316,0.0067036976,-0.02652975,-0.06412525,-0.055086877,-0.05131316,0.07371147,0.08365265,0.06779319,0.114035286,0.05749217,-0.00050846336,0.03753922,-0.005887648,0.33246544,-0.19598588,0.31917468,0.16521989,0.14537932,0.07748226,0.09414331,0.027802624,0.1253282,0.1465178,0.056412835,0.042075604,0.11509055,0.060410094,0.0051340703,0.0593813,0.07594674,-0.012854498,-0.0009850923,-0.0026451624,0.06626247,0.03598288,0.015144022,-0.016585138,-0.11137617,-0.103891306,-0.084826484,-0.07151193,-0.054915972,-0.038023103,-0.016791854,-0.021033436,-0.034113612,-0.04503957,-0.081124865,-0.0466975,-0.075931534,-0.050050016,-0.040965322,0.022308603,-0.013654339,0.024757724,-0.036815315,-0.026316466,-0.003767762,-0.0919927,-0.07404535,-0.057872646,-0.03965565,0.010866118,0.05480474,0.011487017,0.06781667,-0.092310324,0.05582735,-0.022178521,-0.052062385,0.014712178,0.008289337,-0.011951947,0.0039448086,0.06696377,-0.04954832,-0.042782973,-0.052009292,-0.04473842,-0.015641049,-0.10365066,-0.041522257,-0.048644073,-0.049933434,0.028251953,-0.11269144,0.027209146,-0.033300146,-0.019602874,-0.054955978,-0.16081804,-0.03530424,-0.07198545,-0.007795298,-0.086925216,-0.12065706,-0.09573062,-0.006697183,-0.030945621,-0.080603324,0.058806375,-0.06021048,-0.06077979,-0.02071687,0.006625659,0.008244778,-0.07625718,-0.014732306,-0.08522899,-0.08141896,-0.111619234,-0.13414623,-0.024519015,-0.07116372,-0.084297314,-0.09653959,-0.053197954,-0.05900246,0.012742562,0.023301084,0.0034718288,0.046725344,0.037811268,0.14720763,0.0141495615,0.2631443,0.11996668,0.10628646,0.04139494,0.009332707,-0.011959245,0.003033292,-0.041884024,-0.012459937,0.024365969,0.061884895,0.019561155,0.050452247,0.09012471,-0.03683768,0.038923427,0.10422921,0.05483966,0.11128279,1.0,-0.07774126,0.31434664,0.20276381,0.06931674,0.11102671,0.12787619,0.1314039,0.03366406,0.042832434,0.11517939,0.10634121,0.08254657,0.07733739,-0.004722372,0.0031390588,-0.020836221,-0.040064324,0.0122500975
245,-0.11540389,-0.21791123,-0.14752184,-0.11224888,0.0029016752,0.0019431704,-0.17881556,-0.04146738,-0.07030182,-0.06993747,-0.044852354,-0.0030934014,0.007819654,-0.008223962,-0.045227867,-0.09072463,0.028525708,0.06723063,0.12512876,0.018794466,0.08806038,0.070619695,-0.025740856,0.018273348,-0.0092093395,-0.00090986746,-0.0044601946,-0.022682762,-0.07900181,-0.097283244,-0.13974886,-0.08026118,-0.13141772,-0.133214,-0.13693027,-0.10706874,-0.068057455,-0.011851639,-0.062717006,-0.12990612,-0.032490887,-0.038551353,0.0079471525,-0.0031100758,0.06197418,0.10583416,-0.15749674,-0.044511147,-0.0400031,-0.012975305,0.0076524536,0.04755452,-0.0010362536,-0.0755377,-0.077629395,0.009296897,-0.08057434,-0.0154985655,-0.0701128,0.031042717,-0.040386416,-0.03229648,0.038223714,0.003300343,-0.03294447,-0.037010297,0.012658484,-0.00020675443,-0.07063041,-0.11969775,-0.06663384,-0.020224297,-0.013806528,-0.052879818,-0.05241476,-0.024395991,-0.05089572,-0.014980285,-0.038216237,-0.033117,-0.119151965,-0.10728177,-0.1250721,-0.05419119,-0.0657181,0.011067401,-0.046572227,0.04803328,-0.0049637496,0.08200757,0.01894393,0.034007337,0.08349087,0.050434556,-0.0023391568,-0.08194788,-0.09483402,-0.07871521,-0.09391216,-0.0065582152,0.04898819,0.041849483,0.10145335,0.14538933,0.07235847,0.069469966,0.0015256214,-0.017203426,0.30389363,0.2557488,0.18747623,0.23115829,0.16525596,0.14255983,0.12538299,0.11128723,0.16932869,0.14816171,0.10933601,0.12399861,-0.02177927,-0.010462133,-0.0005821442,-0.04796418,-0.09587671,-0.07036148,-0.12257558,-0.10679981,-0.076001525,-0.023878776,-0.13672018,-0.051450837,-0.05935915,-0.031092178,-0.04846986,-0.1257107,-0.12216059,0.085934274,0.013494481,-0.05252995,-0.014023045,0.046282515,-0.00884006,-0.0362501,-0.03545618,0.11045976,0.0074616694,0.06161966,0.071119994,0.029644422,0.07254965,-0.0012474757,0.0416003,-0.027546728,-0.036025714,0.018828321,-0.017552346,0.011358055,-0.009973618,-0.028870726,0.06431813,-0.0736368,-0.12799132,-0.049379025,-0.07229294,-0.10230605,-0.008044934,-0.02788836,-0.15011546,-0.06816035,-0.035426438,0.030769834,-0.046621457,-0.0630748,0.014821532,0.13954224,-0.07486861,-0.034719963,0.0073460755,-0.03564916,0.046866976,0.05749461,0.03251936,0.056109767,0.02004452,-0.025324058,-0.050478864,-0.029908918,0.009215676,0.029596988,0.047983374,0.015679289,0.0107135195,0.022479814,-0.058882557,0.051192787,0.001489865,-0.011909637,-0.06799485,-0.10312092,-0.1212096,-0.012873888,-0.0005001988,-0.016934222,-0.07795901,-0.04665493,-0.05626561,-0.047496617,-0.025444968,-0.05589136,-0.11521663,-0.038673185,-0.009308916,-0.014207568,0.030567737,-0.04973049,0.0007863304,0.031871673,0.037847705,0.11797595,0.10438662,0.0849727,0.013947775,-0.028095433,-0.09625961,-0.055339895,-0.061471764,-0.06680573,-0.08210966,-0.024418188,0.1150377,0.014675376,0.051869467,0.16008176,-0.016799446,0.020168206,0.07403576,0.017672502,0.08027485,-0.07774126,1.0,0.13670002,0.21421722,0.14153652,0.15584141,0.16525482,0.17581539,0.20875753,0.14530592,0.022411358,-0.07756063,-0.06064091,-0.075116634,-0.045634862,-0.10545916,-0.11716151,-0.0873924,-0.050605077
246,-0.10583871,-0.22270484,-0.20760512,-0.17367627,-0.111964226,-0.12101742,-0.23985124,-0.08146046,-0.08839449,-0.07412255,-0.102117576,-0.1044368,-0.024111098,-0.15026529,-0.2038474,-0.19392028,0.0981452,0.049690373,0.1332875,0.21851164,0.104951955,-0.07099542,-0.16438341,-0.11773069,-0.07849183,-0.0001626741,-0.009047245,-0.01639963,-0.083130375,-0.07193914,-0.0946325,-0.0062721795,-0.22494851,-0.18801592,-0.18777876,-0.066442505,0.0012977091,0.07002474,0.0030398585,-0.15009958,0.07422694,-0.055020727,-0.05819795,-0.086140834,-0.058499333,0.09397906,-0.16343398,-0.0061119176,0.036108173,-0.02685189,-0.00043276665,0.047667146,-0.032206323,-0.1664709,-0.007232227,-0.03952362,-0.066689566,-0.018616596,-0.093826205,0.038091928,-0.030202677,-0.17035517,-0.02742024,-0.052100174,-0.06265938,-0.14958666,-0.026947929,-0.059821088,-0.07297516,-0.17239995,-0.15698206,-0.08617553,-0.031634398,-0.11662896,-0.101634406,-0.031265434,-0.12919769,-0.071077555,-0.10836183,-0.025075866,0.0024990619,-0.1197002,-0.08523954,-0.07434406,-0.05165146,0.0053849923,-0.05561532,0.100281045,0.010889064,0.14201772,0.21798003,0.14872769,0.19476609,0.23446596,0.14372136,0.049066264,-0.04384502,-0.099022605,-0.08376982,-0.04322673,0.20964418,0.18534163,0.18377556,0.121163644,0.09244596,0.026243858,-0.022476379,-0.023291208,0.34600982,0.10832427,0.51631397,0.59659594,0.5304509,0.47076768,0.39879498,0.18368539,0.2587307,0.20714305,0.05013626,0.03547747,0.005164107,-0.038355082,-0.07681011,-0.082521364,-0.12249925,-0.19655307,-0.1902124,-0.120283656,-0.016386203,-0.084348775,-0.11484496,-0.13557439,-0.14075913,-0.04175995,-0.16018242,-0.20078468,-0.15669657,0.11514377,-0.06793007,-0.114406094,-0.116307124,-0.04900831,-0.12877089,-0.10064604,-0.110075094,0.039349835,0.05249469,0.059846144,-0.051844094,0.18600969,0.11914917,-0.06531585,0.037211727,-0.13235332,-0.15666933,-0.068185836,-0.046931606,-0.019474454,0.011166246,-0.07111289,0.058939457,-0.11853887,-0.05991766,-0.13051239,-0.12085944,-0.09591148,0.08113109,0.037366986,-0.16552885,0.02656298,-0.09926734,-0.034535013,-0.14814548,-0.13680586,-0.02526312,-0.02857615,-0.0060256007,0.031807914,-0.03637661,0.073203586,-0.057329666,0.04881696,-0.07010617,-0.016297393,0.0169755,-0.07889283,-0.03585886,-0.05669766,0.0067595006,0.042036336,-0.14616224,-0.034428548,-0.05081001,-0.044671245,-0.097656794,0.06194099,-0.0054288455,-0.004749109,-0.025136122,-0.024311902,-0.11382729,-0.05697823,-0.020250525,-0.055707674,-0.09752379,-0.093870156,-0.14583471,-0.014386701,-0.088534385,-0.106908634,-0.12246536,-0.06502539,-0.025775474,-0.0386043,0.026176607,-0.026000235,0.054116003,0.07423955,0.12682274,0.20442471,0.29179478,0.17539343,0.08201203,0.12567843,-0.039164722,-0.0034140812,-0.037635036,-0.030569835,0.07587431,0.1322396,0.22625579,0.0453959,0.0818486,0.13447562,-0.070688985,-0.020099437,0.059492107,0.0016502974,0.12075841,0.31434664,0.13670002,1.0,0.5587411,0.4974775,0.44663242,0.2684257,0.15795052,0.1488271,0.078713834,0.081588976,-0.0026949025,-0.07448641,-0.09455677,-0.16338307,-0.1758383,-0.15605125,-0.18816718,-0.073023126
247,-0.09883134,-0.28881466,-0.36131042,-0.27063105,-0.17442162,-0.1566317,-0.4886012,-0.24189089,-0.22087339,-0.22988836,-0.23109382,-0.18161125,-0.23836723,-0.23950629,-0.2727237,-0.26075923,0.13135566,0.22038619,0.3830529,0.4323333,0.04194842,-0.06618136,-0.24053212,-0.22462676,-0.15138823,-0.08072371,-0.080731995,-0.08323639,-0.27778357,-0.24525467,-0.37083188,-0.20149672,-0.5268568,-0.4780305,-0.5017054,-0.37183705,-0.26984838,-0.15860172,-0.15096954,-0.3904199,0.074615404,-0.2833614,-0.3100741,-0.17856173,-0.08177305,0.25038108,-0.31889758,0.15159656,0.18943666,-0.013845266,0.04852447,0.1078155,-0.059801467,-0.43451568,-0.2724404,-0.22760253,-0.3280482,-0.22480188,-0.30662844,-0.056871314,-0.13163428,-0.435811,-0.027472356,-0.033611376,-0.023645587,-0.16408114,0.07127139,0.025380107,0.03959839,-0.12988457,-0.18992038,-0.19422181,-0.11911564,-0.11090653,-0.17636935,-0.103503354,-0.17699195,-0.012694323,-0.018088227,0.08756609,0.127512,-0.08903063,0.03616735,-0.047152944,0.06548752,0.19752078,0.057885714,0.41288802,0.2471224,0.4434064,0.5097882,0.46562234,0.2974087,0.4226405,0.30342826,0.18408376,-0.10748442,-0.2101551,-0.16139232,-0.065663055,0.3543826,0.24076451,0.10515674,0.01452366,-0.096942365,0.014307869,-0.1667552,-0.0961717,0.50814265,0.23730338,0.75747913,0.93594646,0.87269783,0.43321073,0.61168677,0.5590162,0.69373196,0.6094898,0.19396272,0.22012,0.14605588,0.059574373,-0.072651066,-0.040698487,-0.25951654,-0.23952666,-0.40335688,-0.1148256,0.083744906,-0.0018353631,-0.13466059,-0.26697722,-0.14009447,-0.028019497,-0.22648989,-0.4556971,-0.34325972,0.1788045,-0.11674351,-0.2239406,-0.22566837,-0.09415103,-0.24038649,-0.16502932,-0.19170223,0.09271958,0.090181924,0.24900453,-0.006772321,0.43410653,-0.046225708,-0.15521297,0.021976745,-0.29313567,-0.25673783,-0.09145068,-0.12596361,-0.121858835,-0.0048725777,-0.1838977,0.07902984,-0.30094552,-0.33905637,-0.24562836,-0.30715004,-0.32116488,-0.1456804,-0.1434989,-0.34926778,0.021447456,-0.2411519,-0.20812744,-0.27606454,-0.05698365,-0.08055111,0.01752923,0.027765319,0.19024381,0.051662184,0.070260905,-0.17929517,0.12805521,-0.16901173,0.029768072,-0.13148525,-0.3219039,-0.27557552,-0.24635443,-0.12945804,-0.03690422,-0.29906458,0.052204657,-0.05220013,-0.060970377,-0.08182472,0.21181849,0.10238894,-0.017768012,-0.06525828,0.07745718,-0.025380047,-0.13976821,-0.09506443,-0.025382908,-0.13012683,-0.12112794,-0.2437701,-0.0138559975,-0.0005243064,-0.016977495,-0.03843064,0.030217655,0.031211605,0.06836698,0.22034223,0.060894758,0.30062255,0.292635,0.32219052,0.54586834,0.5089339,0.3061775,0.14937943,0.23494375,-0.042536013,-0.050850466,-0.056946434,-0.08080266,0.09244196,0.20638618,0.40401515,0.10133755,-0.04462754,0.08462276,-0.017260969,-0.13341075,-0.012797566,-0.04356681,0.16183048,0.20276381,0.21421722,0.5587411,1.0,0.6106097,0.63418597,0.6794022,0.51083326,0.4438592,0.30402568,0.27152637,0.0079454975,0.042398136,-0.2398059,-0.10840137,-0.3269501,-0.17724626,-0.13741261,0.017155021
248,-0.12089886,-0.29096878,-0.23516048,-0.15727226,-0.15569457,-0.1274616,-0.36995807,-0.19170614,-0.16707286,-0.15700306,-0.2440823,-0.24393062,-0.16506946,-0.29113615,-0.31770444,-0.181896,0.2985861,0.12546128,0.32419267,0.51957947,0.15533073,-0.018900802,-0.24667843,-0.24981393,-0.23070759,-0.06748508,-0.10765038,-0.12726907,-0.2303484,-0.21538387,-0.24709341,-0.12979653,-0.34602582,-0.30772474,-0.3103244,-0.11324497,-0.028558537,0.06006672,-0.0017636594,-0.18801524,0.14887781,-0.063641995,-0.19137374,-0.1405573,-0.11712702,0.19915846,-0.26721245,0.11374036,0.1644542,0.04814458,0.1415141,0.19783208,-0.083586544,-0.24699318,0.009851874,-0.0488128,-0.0663072,0.022175398,-0.040964093,0.13588288,0.103134364,-0.14509456,0.109435104,0.021088954,0.015839277,-0.1053004,0.035468478,-0.035527103,-0.053315293,-0.21242619,-0.25546205,-0.14378448,-0.14375326,-0.16398892,-0.13673733,-0.034791857,-0.22293675,-0.07439165,0.039904978,0.087692395,0.17394538,0.03634361,0.105835065,0.049409896,0.053159483,0.102304384,-0.05954487,0.20702597,0.0702989,0.23844391,0.37212336,0.23028934,0.23258334,0.30738497,0.23044232,0.21676452,0.044694006,-0.06301469,-0.023566527,-0.034471266,0.39262646,0.28767067,0.16462265,-0.048472438,-0.05223198,-0.06941791,-0.22598803,-0.12668297,0.11534501,0.08334728,0.44170925,0.7367291,0.80833787,0.8241672,0.49974817,0.39522222,0.40961877,0.25412893,-0.16946177,-0.12710424,-0.10788642,-0.12982315,-0.19782849,-0.21315186,-0.3334914,-0.32532236,-0.38742688,-0.12870993,0.025611134,-0.058118872,-0.17930338,-0.23631333,-0.075835064,-0.015427983,-0.17369065,-0.33617103,-0.26202387,0.19688028,-0.09445039,-0.21868074,-0.27623662,-0.17210339,-0.27163678,-0.18298666,-0.13199684,0.05439103,0.25965726,0.18622571,-0.06509365,0.48826066,0.14538698,-0.092697315,0.038724508,-0.2686794,-0.29771888,-0.14287135,-0.106371745,-0.1233321,-0.04926203,-0.1753073,0.0063721426,-0.19779909,-0.22093378,-0.14758587,-0.12991114,-0.17902465,0.061460122,0.030898046,-0.2842377,0.029993787,-0.13917679,-0.13455582,-0.29375923,-0.09445925,-0.06661526,-0.0058334894,-0.035667855,0.16523145,0.018342141,0.027630612,-0.05981323,0.13399072,-0.10449715,0.036368396,0.07821032,-0.017625522,-0.026034482,0.017141175,0.055876914,0.12792522,-0.1198047,0.1314651,-0.041585226,-0.0060716067,-0.026843496,0.15835775,0.10786745,0.08440285,-0.09170332,0.01875258,-0.07479272,-0.10491543,-0.11159305,-0.05472317,-0.13579836,-0.08652409,-0.17145975,-0.012792914,0.048995942,0.012189785,0.059529107,0.07210974,0.054404393,-0.0068660337,0.11270847,0.1532548,0.14435832,0.13815767,0.2032054,0.34829646,0.27418262,0.19833787,0.07352072,0.25032786,0.012608261,0.06286783,0.0011947457,0.041187514,0.22769359,0.29725868,0.41370615,0.12691149,0.057287194,0.014965745,-0.03618369,-0.20527285,-0.16543901,-0.08624458,-0.010310014,0.06931674,0.14153652,0.4974775,0.6106097,1.0,0.6998024,0.4324854,0.08670742,0.0795491,-0.05453826,0.025957925,-0.12925589,-0.1183241,-0.32538816,-0.21724004,-0.3596568,-0.14873353,-0.08977868,-0.015016985
249,-0.08953057,-0.2849703,-0.20915698,-0.10187723,-0.14474015,-0.12201288,-0.3591662,-0.18322463,-0.15922622,-0.12666129,-0.23127402,-0.20981751,-0.15318786,-0.2608489,-0.29844534,-0.2419383,0.23788671,0.07770888,0.28559783,0.42213154,0.15650791,-0.017262572,-0.20130262,-0.20361665,-0.21713611,-0.040332098,-0.10043836,-0.119629174,-0.19971548,-0.1917556,-0.23229474,-0.099046834,-0.3507802,-0.30039322,-0.31995454,-0.12785006,-0.05407382,0.018482363,0.020552082,-0.17237109,0.09395651,-0.072038874,-0.15564439,-0.10026808,-0.12488992,0.15117832,-0.25262696,0.14269812,0.20350836,0.016939258,0.14594825,0.1795002,-0.052126225,-0.25912958,-0.022916604,-0.07830508,-0.06805052,-0.012212365,-0.094197325,0.06890524,0.060179953,-0.16132027,0.0911708,0.04071937,0.08831774,-0.016754685,0.08446607,0.024016147,0.0063925865,-0.1936637,-0.23501936,-0.15410556,-0.12157861,-0.11106666,-0.118539594,-0.062220506,-0.17267981,-0.014301013,0.022986488,0.0997395,0.14733334,0.03384515,0.116351716,0.06896741,0.046389423,0.16876316,-0.03483979,0.21891846,0.10977932,0.25334662,0.34325683,0.25042212,0.22161153,0.25158548,0.18288235,0.19786243,0.01026274,-0.08766596,-0.0498553,-0.038733814,0.2986089,0.2204901,0.12689888,-0.07404156,-0.07960273,-0.07320023,-0.25000033,-0.12678155,0.21696532,0.11437645,0.38335562,0.7491787,0.6201719,0.58927387,0.6224019,0.3685082,0.3719026,0.24979666,-0.1513361,-0.106488876,-0.10946092,-0.13018261,-0.21812443,-0.22335307,-0.36151606,-0.32819945,-0.388122,-0.09383203,0.07688704,-0.027848896,-0.14488867,-0.30955008,-0.0073431535,-0.0055575892,-0.14389493,-0.33313057,-0.2730636,0.19916297,-0.091652066,-0.17856921,-0.24030092,-0.145325,-0.24226217,-0.16286623,-0.1453531,-0.0059622824,0.187269,0.13972677,-0.003950302,0.39991933,0.089775935,-0.14259154,-0.0038074336,-0.22500236,-0.27547884,-0.14381683,-0.12215126,-0.10302744,-0.03578796,-0.14667146,-0.015918555,-0.21787421,-0.20667136,-0.18078947,-0.14808431,-0.20071603,0.019896012,0.037347198,-0.29045767,0.017775534,-0.14805345,-0.10548321,-0.23406738,-0.094682746,-0.07459541,-0.021414295,0.0150779635,0.15131527,0.06616157,0.08204056,-0.040871598,0.13143326,-0.07135504,0.045752134,0.06532615,-0.047846753,-0.04082824,-0.049742177,0.015186155,0.047493078,-0.09704189,0.1543709,-0.002947815,0.011265186,-0.009683046,0.18600416,0.11906455,0.04847796,-0.08568533,0.03540131,-0.106757455,-0.110236466,-0.0800504,-0.037924454,-0.09775687,-0.10507454,-0.16598779,0.008284183,0.011880138,0.027015373,0.061716825,0.07357172,0.06936917,-0.011066854,0.18553822,0.15596865,0.1540158,0.13879311,0.2058744,0.32838902,0.23989373,0.14947283,0.056236256,0.20219551,-0.0013915403,0.041308958,-0.0074255853,0.025556829,0.20782298,0.24784535,0.3319748,0.07323694,0.0012445789,0.004300009,-0.03352187,-0.21977803,-0.1528729,-0.09705298,0.0453344,0.11102671,0.15584141,0.44663242,0.63418597,0.6998024,1.0,0.38224187,0.10681215,0.1075216,-0.037692003,0.031380247,-0.1589765,-0.141338,-0.34884128,-0.2049527,-0.36748388,-0.15358979,-0.07435092,0.042952638
250,-0.12679419,-0.16929594,-0.2098058,-0.14791901,-0.122917764,-0.12803511,-0.35194853,-0.086741455,-0.15646881,-0.18380629,-0.08282903,-0.006084821,-0.21346757,-0.11764662,-0.12344247,-0.22081243,-0.06838452,0.2769761,0.25388968,0.33797833,-0.11846065,-0.12907106,-0.21067014,-0.16777624,-0.016852861,-0.052458886,0.009794211,0.0053310026,-0.22049144,-0.15802084,-0.3349213,-0.20816304,-0.44960594,-0.43111888,-0.41623572,-0.4551002,-0.42563587,-0.3442005,-0.18488504,-0.37313825,0.009719654,-0.43146315,-0.38800132,-0.16716062,-0.030143782,0.19479261,-0.22976029,0.1825914,0.149626,-0.054465577,-0.06912885,-0.028678374,-0.026995,-0.45299834,-0.49134767,-0.4065759,-0.50029635,-0.42871898,-0.41236606,-0.23121443,-0.28993395,-0.52673286,-0.13258633,-0.044765588,-0.061230395,-0.21435197,0.00804914,-0.0030848235,0.133893,-0.003939922,-0.04617844,-0.13603365,-0.044206932,-0.02831562,-0.10269641,-0.10508454,-0.12318443,-0.022253156,-0.015309444,0.107464686,0.09021763,-0.1200594,-0.0036445744,-0.13528895,0.0517996,0.14914718,0.097551316,0.38668102,0.22257404,0.38888425,0.43422577,0.45323622,0.25921038,0.37316144,0.30963033,0.12236038,-0.1772243,-0.27797842,-0.27509803,-0.099041566,0.29433244,0.16987573,0.031619895,0.034052223,-0.114281386,0.0047251144,-0.09853077,-0.04915133,0.49875525,0.18431422,0.6454718,0.64742416,0.66919893,0.20628472,0.45591584,0.6976635,0.9811704,0.8284009,0.2821644,0.3307263,0.28053018,0.17787626,0.07114924,0.12151159,-0.07160986,-0.06260686,-0.21133243,0.025740415,0.16628575,0.06199284,-0.15233667,-0.13940884,-0.059205443,-0.0014601605,-0.13286445,-0.31114593,-0.24283722,0.125798,-0.04160017,-0.070647426,-0.044955824,-0.026019363,-0.15934633,-0.15794818,-0.14746648,0.05366872,-0.05532008,0.26292816,-0.065121695,0.40232742,-0.19074354,-0.11557525,-0.017435519,-0.26633015,-0.111050926,-0.012425664,-0.061636887,-0.039269574,0.058730926,-0.1920137,0.12717177,-0.28872,-0.33689398,-0.1750862,-0.3233212,-0.2872656,-0.32438338,-0.26590294,-0.25124988,0.01218644,-0.24750641,-0.2566015,-0.19621043,0.062646076,-0.08240749,0.013993923,0.09439792,0.20877174,0.06265351,0.043286778,-0.26667958,0.08416056,-0.17895108,0.041564263,-0.2700598,-0.48602694,-0.4713832,-0.39339936,-0.28492704,-0.13603929,-0.42870596,-0.04856948,-0.080531396,-0.076625206,-0.13972574,0.12964584,0.03750467,-0.028062146,-0.07347656,0.058033377,0.005471604,-0.10261608,-0.06139098,-0.004327975,-0.08766773,-0.060513563,-0.12409948,-0.11382132,0.014294291,0.0044830358,-0.06838921,0.034456003,-0.007937762,0.10086227,0.17372422,0.010134742,0.25180927,0.325708,0.24943694,0.5291489,0.49798116,0.28851366,0.16658019,0.170332,-0.055913787,-0.11148668,-0.09085604,-0.21250461,-0.10089932,0.07907752,0.30716276,0.07717303,-0.058773674,0.092272,-0.0033051907,-0.06115197,0.028750228,0.0140876835,0.17658274,0.12787619,0.16525482,0.2684257,0.6794022,0.4324854,0.38224187,1.0,0.68336105,0.45491576,0.38490373,0.3384529,0.13063307,0.2223713,-0.08560315,0.01705263,-0.14876229,-0.047311086,-0.025038952,0.06536668
251,0.0053173797,-0.069841236,-0.38891575,-0.33825457,-0.11824008,-0.100949466,-0.41780818,-0.2038384,-0.191921,-0.27492556,-0.096969604,0.0018889473,-0.15509292,0.039647527,0.020716157,-0.14416783,-0.22391424,0.30762386,0.2263139,0.062197935,-0.26160175,-0.057461083,-0.12605725,-0.07997109,0.085335225,-0.08191113,-0.017903142,-0.03247651,-0.27260655,-0.24264534,-0.40913147,-0.22855403,-0.53860515,-0.51991475,-0.5091061,-0.5979053,-0.5044958,-0.38678047,-0.42437956,-0.5229644,-0.031724226,-0.5201821,-0.39174128,-0.1950235,0.02738794,0.23014364,-0.20382588,0.12687755,0.12941921,0.04859373,-0.19203547,-0.10768887,-0.082027726,-0.5260906,-0.61939085,-0.3490825,-0.6047523,-0.539343,-0.56282747,-0.33747944,-0.50927323,-0.6935218,-0.2925249,-0.13626963,-0.11199033,-0.22938009,0.0104027,0.06339847,0.118083276,0.0550121,0.07443529,-0.047426436,0.04077271,0.010835002,-0.09416936,-0.07606599,-0.043125514,0.07239864,-0.05372455,0.06844417,-0.04671208,-0.28756317,-0.13387,-0.22470614,0.08401246,0.22632273,0.3607112,0.56038237,0.4595022,0.5494648,0.40221822,0.5993303,0.14276813,0.28047213,0.22432654,-0.041741185,-0.3369772,-0.34486866,-0.32601118,-0.123488165,0.039074402,-0.082032524,-0.13558419,0.09269043,-0.120538145,0.16483024,0.15418546,0.101176225,0.6415399,0.2703986,0.659589,0.39873153,0.4181804,-0.0026046417,0.22440158,0.3868728,0.7381171,0.89979845,0.69631696,0.7358357,0.5710743,0.46860114,0.34267312,0.41254213,0.17531444,0.15925422,-0.11369572,-0.060480878,0.113370486,0.16303587,0.018977482,0.012629339,-0.2487538,-0.0800575,-0.1934545,-0.3753814,-0.23168206,0.016017575,0.026004866,-0.14599088,-0.015770305,0.12754041,-0.021220349,-0.09466936,-0.1241238,0.18857528,-0.21879515,0.22390202,0.046214975,0.12761463,-0.28665766,-0.058799423,0.015401925,-0.190693,-0.013161737,0.08189421,-0.120132715,-0.056756612,0.028168496,-0.22632658,0.12329425,-0.29920763,-0.38188484,-0.23038326,-0.43506294,-0.3452004,-0.3535804,-0.42472574,-0.29081383,-0.009279003,-0.23117185,-0.24916315,-0.16240764,0.038340192,-0.06868099,0.048665367,0.042244177,0.11820679,0.06530173,0.047838204,-0.36767283,0.020393312,-0.22533616,0.019517506,-0.43455642,-0.6428263,-0.57778853,-0.52775407,-0.37535024,-0.29046857,-0.4330006,-0.11396332,-0.054187108,-0.10845068,-0.1579549,0.21233839,-0.016144615,-0.07026163,0.0026777517,0.09136359,0.032054823,-0.05064391,0.022669232,0.03436654,-0.06345098,-0.06709725,-0.22934058,-0.094721794,-0.004033592,-0.042008787,-0.18726021,-0.041639395,-0.06720119,0.13021585,0.22318505,-0.104723245,0.43368563,0.44772938,0.4157913,0.3220242,0.5821425,0.23283836,0.20073457,-0.0020952644,-0.14982022,-0.25593656,-0.105494805,-0.29723093,-0.31137744,-0.15910412,0.079598404,-0.045769367,-0.21800633,0.08472216,-0.07157207,0.17748164,0.27414745,0.1361157,0.3349799,0.1314039,0.17581539,0.15795052,0.51083326,0.08670742,0.10681215,0.68336105,1.0,0.7830427,0.7808897,0.5307244,0.3287136,0.3853961,0.21038489,0.24226485,0.0086871125,-0.09828295,-0.11626439,0.09021925
252,0.057343382,-0.11380571,-0.45886555,-0.36605754,-0.12937944,-0.05468231,-0.51930493,-0.27899295,-0.24280696,-0.28744254,-0.13941906,-0.09765,-0.19344667,0.046593565,0.039404966,-0.09257884,-0.121865444,0.36827922,0.3345382,0.11134175,-0.1377508,0.08740448,-0.068975985,-0.066055164,-0.0037470204,-0.07130887,-0.10553742,-0.120639674,-0.3230909,-0.32739452,-0.46654347,-0.24551366,-0.5888954,-0.55469126,-0.56359917,-0.58674043,-0.45996472,-0.3026023,-0.44325662,-0.5349975,-0.012998176,-0.45864195,-0.3532873,-0.1726948,0.043995287,0.28937277,-0.25467485,0.11593559,0.1326208,0.041422598,-0.15992662,-0.07909399,-0.10898246,-0.54560685,-0.5334509,-0.21467201,-0.56839067,-0.46387455,-0.5408079,-0.2677413,-0.42820233,-0.61842906,-0.22832063,-0.11232418,-0.08081784,-0.21031833,0.07203589,0.12301392,0.050970465,0.015037364,0.05113826,0.0010041022,0.0030008084,-0.0035520482,-0.05418911,-0.00869545,-0.014262768,0.12229515,-0.033180494,0.048258323,-0.020959118,-0.23472187,-0.1166989,-0.14214858,0.1122039,0.27155977,0.39126554,0.5719111,0.49510553,0.56918186,0.37180176,0.58773947,0.15884,0.19929375,0.1389232,-0.055555824,-0.30038583,-0.28822672,-0.22585231,-0.0693011,0.029962828,-0.11600216,-0.1748637,-0.0093593,-0.14505255,0.19770628,0.10396885,0.09835373,0.47045186,0.28486198,0.51107305,0.35182378,0.35116693,0.060397606,0.14435826,0.20181254,0.4886649,0.6266062,0.72387993,0.7682526,0.4617146,0.3901303,0.29814804,0.34031945,0.052823197,0.108159006,-0.19967872,-0.11486695,0.098259434,0.15100871,0.02690772,-0.019853365,-0.23690052,-0.08376712,-0.19746768,-0.44612962,-0.29577872,0.049928878,0.015579438,-0.25920784,-0.11884652,0.09029086,-0.015731076,-0.11443451,-0.06741711,0.27756,-0.17802551,0.29271343,0.11280799,0.07184747,-0.1913171,-0.057473607,0.031188585,-0.15549448,-0.076405145,0.040466122,-0.07488441,-0.10268526,-0.046599776,-0.23287635,0.107896335,-0.26031545,-0.4202476,-0.2623178,-0.40540078,-0.41687536,-0.2701508,-0.36612135,-0.34787697,-0.030680021,-0.21139197,-0.22339512,-0.18978098,-0.06356539,-0.07935978,0.10756123,0.026309934,0.120361306,0.05697333,0.07511403,-0.3315357,0.04136645,-0.20288235,0.06858617,-0.34628916,-0.53232044,-0.51561224,-0.4738028,-0.32737154,-0.20752464,-0.3515907,-0.062921606,-0.05868699,-0.09104145,-0.13997747,0.25266582,0.018273067,-0.044838082,0.04331996,0.11550323,-0.0058271606,-0.016359057,0.029822072,0.039258968,-0.05626895,-0.076377235,-0.22363189,-0.0878657,0.01290382,-0.033161744,-0.13070047,-0.037961446,-0.03661849,0.1368349,0.24850687,-0.109060444,0.44779608,0.45022264,0.42778674,0.3170858,0.50042284,0.18208191,0.17663816,-0.05760419,-0.17300718,-0.23686849,-0.10905899,-0.21097891,-0.2513503,-0.14009725,0.07472035,-0.05585967,-0.25836593,-0.010761877,-0.07096928,0.12805733,0.2207862,0.12680216,0.27904043,0.03366406,0.20875753,0.1488271,0.4438592,0.0795491,0.1075216,0.45491576,0.7830427,1.0,0.84609425,0.49831757,0.18290642,0.26056135,0.12104691,0.2219242,-0.0674981,-0.15705267,-0.16473505,0.06671374
253,0.13596946,0.03716671,-0.44416496,-0.4274557,-0.079925984,-0.1016589,-0.4066297,-0.20633596,-0.17516789,-0.28603613,-0.055428658,0.018271234,-0.12769277,0.16200975,0.16342372,0.024672817,-0.26033363,0.37037182,0.23992357,-0.0066435942,-0.2950083,0.04527063,-0.01093876,0.0024556532,0.14053424,-0.04725804,-0.031165216,-0.053762246,-0.26578158,-0.26708215,-0.40063238,-0.20919107,-0.5165186,-0.50302446,-0.50618887,-0.63547623,-0.5137164,-0.36255306,-0.55663794,-0.57696563,-0.0703649,-0.5359801,-0.32939404,-0.18007255,0.09657642,0.24693763,-0.13638783,0.08001483,0.07456615,0.02160178,-0.22665541,-0.16523826,-0.06834677,-0.5088787,-0.6130004,-0.28454095,-0.62808806,-0.5546577,-0.5768296,-0.37396726,-0.5283678,-0.6438566,-0.31077152,-0.17094226,-0.12091094,-0.20999321,0.0091649005,0.10457214,0.026090652,0.09883085,0.14377798,0.041132424,0.0761883,0.06428159,-0.015493705,0.0033941297,0.06648142,0.14951827,-0.10770556,0.001831439,-0.112477355,-0.3311141,-0.20032533,-0.23062994,0.09547095,0.22063036,0.47418457,0.58267397,0.52564543,0.56492215,0.29221132,0.57591593,0.0618231,0.12323389,0.0764748,-0.15932243,-0.38851938,-0.3359893,-0.28882924,-0.08328671,-0.1257737,-0.23724608,-0.24078323,0.02385766,-0.114359535,0.21707709,0.2823484,0.20470937,0.45001876,0.22899964,0.44615707,0.19350335,0.21396321,-0.043822657,0.01366217,0.11140099,0.4150911,0.56511354,0.88834673,0.9752196,0.6762326,0.5827041,0.4837076,0.5357135,0.2736006,0.254065,-0.04208676,-0.094264835,0.03419345,0.16937298,0.14275463,0.1630521,-0.35115582,-0.08615067,-0.19599791,-0.34903228,-0.2035157,-0.10285875,0.051622555,-0.20045783,0.007716921,0.1886255,0.09108655,-0.035821144,-0.045162592,0.3176436,-0.275095,0.25620523,0.13029261,-0.027110238,-0.2997056,-0.030268794,0.03150666,-0.08940366,0.06122075,0.12138849,-0.069578685,-0.058981806,-0.012354667,-0.2028852,0.14792871,-0.22705929,-0.35162982,-0.23897947,-0.42028308,-0.37474266,-0.3234658,-0.4885443,-0.27561444,-0.05519856,-0.1763524,-0.2017953,-0.11679779,-0.023155691,-0.051653985,0.0739481,0.06670564,0.0849545,0.036044057,0.0701536,-0.35614613,-0.02794488,-0.22906868,0.043544028,-0.48701334,-0.60498244,-0.5942492,-0.5409891,-0.39725095,-0.28174904,-0.37706614,-0.13418864,-0.07451003,-0.095126696,-0.15221807,0.17715463,-0.04466685,-0.017968107,0.05584061,0.088352874,0.06991402,0.008296107,0.062464047,0.05683437,-0.010756526,-0.025776874,-0.23574825,-0.06745943,-0.05847978,-0.096107416,-0.23512957,-0.08394957,-0.06491203,0.15825465,0.19869107,-0.17174762,0.47753802,0.47008443,0.36557376,0.19617307,0.4889208,0.12700014,0.16428287,-0.1397946,-0.21592087,-0.31810993,-0.113675416,-0.29044774,-0.369599,-0.26984933,-0.08326468,-0.11553302,-0.29946715,-0.025680905,-0.13106412,0.2915774,0.3557358,0.18987858,0.29477128,0.042832434,0.14530592,0.078713834,0.30402568,-0.05453826,-0.037692003,0.38490373,0.7808897,0.84609425,1.0,0.5615221,0.40548393,0.42147726,0.3436207,0.32339954,0.1046712,-0.1222349,-0.20002954,0.030552154
254,0.18603383,0.07814812,-0.33679688,-0.32954678,-0.037284493,-0.106811434,-0.30294707,-0.095510304,-0.15572898,-0.21564148,-0.04586104,0.017638145,-0.12531826,0.078298606,0.085273676,-0.023169264,-0.18530913,0.32790318,0.19057247,0.115008734,-0.30055496,-0.023101717,-0.037811477,-0.045885112,0.105033524,-0.06980803,-0.011411608,-0.006150185,-0.21839882,-0.17100172,-0.31048414,-0.13969417,-0.4369121,-0.42716005,-0.4244308,-0.5403545,-0.44861087,-0.3183846,-0.46329775,-0.48596096,-0.08338309,-0.43289468,-0.2613627,-0.16974194,0.018986592,0.13267311,-0.10821576,0.094465636,0.08884267,-0.014906815,-0.16740686,-0.15795632,-0.0061954106,-0.43955624,-0.51590514,-0.29567677,-0.5277511,-0.4909063,-0.4530574,-0.34441978,-0.33930266,-0.5246347,-0.29724616,-0.14288445,-0.15206549,-0.19185287,-0.058444556,0.068358004,0.044423483,0.11637329,0.11361385,0.012319398,0.050545458,0.05465732,-0.05457083,-0.06334201,0.046168998,0.17199954,-0.10817876,0.02507337,-0.033580437,-0.2500687,-0.12237358,-0.193153,0.113975085,0.17692597,0.4179287,0.5682833,0.44556737,0.50018185,0.34124443,0.5033468,0.08549399,0.17998183,0.1664491,-0.041183453,-0.28915694,-0.26446587,-0.2443483,-0.10289118,-0.05106471,-0.16766062,-0.21613276,-0.016835753,-0.1458842,0.16440372,0.21518664,0.1671266,0.33147374,0.11109487,0.39343882,0.19971459,0.2297077,-0.02020678,0.054509904,0.17506467,0.36865374,0.45939058,0.5214261,0.53714013,0.65008885,0.5259758,0.34642652,0.5024542,0.2790731,0.2284793,-0.0018491705,-0.033780795,0.040558636,0.119902454,0.1644805,0.13030642,-0.25200865,-0.039813165,-0.12858167,-0.26505283,-0.16591011,-0.04183379,0.009604338,-0.116464764,-0.013001348,0.12628266,0.023907311,-0.05693981,-0.03605809,0.120448545,-0.16539152,0.2660113,0.06238209,0.05402621,-0.3304516,-0.040570386,0.036179427,-0.10531759,0.028297098,0.08767833,-0.12018453,-0.029509345,0.045032278,-0.14980555,0.10601113,-0.20802942,-0.28561085,-0.17828108,-0.38349083,-0.32415253,-0.28562185,-0.43152186,-0.22813602,-0.062043037,-0.21486795,-0.14564693,-0.106922895,0.04794134,-0.07642843,-0.011940906,0.107512094,0.11410717,0.014882567,0.07853425,-0.30884337,-0.028296575,-0.21594374,-0.050653175,-0.37701383,-0.53822577,-0.5172152,-0.4530476,-0.36544186,-0.19577064,-0.4007973,-0.16033341,-0.09342971,-0.08566116,-0.14186889,0.13787727,-0.020831525,-0.0470461,0.046364136,0.10014251,0.10504118,-0.0074776155,0.029402042,0.05188453,-0.01492884,-0.025214251,-0.20148176,-0.020454323,-0.08416063,-0.097849526,-0.17013699,-0.057857923,-0.070813835,0.18209483,0.1397167,-0.09395727,0.45266503,0.5212657,0.24065311,0.24288462,0.4853308,0.088149674,0.194947,-0.040204838,-0.11406688,-0.24756418,-0.089127496,-0.22518311,-0.21916519,-0.1568539,-0.017954104,-0.07752441,-0.26127893,-0.06350682,-0.08670242,0.22343275,0.2238775,0.1471466,0.20981142,0.11517939,0.022411358,0.081588976,0.27152637,0.025957925,0.031380247,0.3384529,0.5307244,0.49831757,0.5615221,1.0,0.46947667,0.47534606,0.31949937,0.2767591,0.12879008,-0.071262896,-0.1515445,0.004704011
255,0.18567887,0.2208666,-0.15344007,-0.24656756,0.039153352,-0.06565566,0.02169403,0.089753084,0.053433344,-0.068014756,0.14189239,0.23806863,0.046103638,0.17431414,0.17100345,0.024696669,-0.3486953,0.15674892,-0.1339716,-0.13011266,-0.4986173,-0.14356527,0.01732844,0.06906953,0.3353982,0.061599754,0.20346197,0.15088779,-0.028727697,0.026029166,-0.06170723,-0.026616612,-0.11436335,-0.15162574,-0.15072869,-0.41593492,-0.38468286,-0.35618222,-0.4687712,-0.3627935,-0.21931624,-0.3804728,-0.09859487,-0.08240225,0.13457683,0.03627447,0.06457681,-0.0036866497,-0.051065933,-0.06435906,-0.28582427,-0.2737258,0.088871256,-0.2069297,-0.47417527,-0.30831096,-0.43926758,-0.49208155,-0.3685475,-0.4218369,-0.39100543,-0.39591607,-0.36174,-0.14062138,-0.25306752,-0.19278412,-0.15864442,0.027631247,-0.010347748,0.1643697,0.17465691,0.042346187,0.13497241,0.12706691,0.053619243,-0.026241267,0.13861997,0.14421594,-0.20601358,-0.09040861,-0.17378926,-0.32825774,-0.23837246,-0.3043675,0.04264134,-0.028202599,0.437619,0.34991124,0.28919432,0.22702874,0.042146243,0.24491854,-0.15254545,-0.007874355,0.039713252,-0.18121223,-0.3387381,-0.27373087,-0.30116957,-0.15998691,-0.23318364,-0.28488603,-0.18866687,0.08100945,0.0008735056,0.2679069,0.52056164,0.3126001,0.23224251,0.036513768,0.19418089,-0.05795523,-0.022053095,-0.13056974,-0.12583998,0.035993017,0.16135707,0.23813055,0.39707246,0.4495418,0.78705156,0.76132476,0.5251299,0.7703042,0.7222484,0.49318036,0.3845384,0.08527296,0.02006397,0.12029942,0.20724042,0.3565107,-0.27720106,0.012609595,-0.000708684,0.020783616,0.08013265,-0.17690322,0.09339995,0.11611775,0.24132653,0.24157679,0.13866864,0.042458788,-0.016018242,-0.015874308,-0.28662702,0.06496162,0.005046335,-0.193987,-0.38830483,0.059681203,-0.038392525,0.02937254,0.25252414,0.2239375,-0.018475948,0.10931304,0.12489824,-0.039223526,0.11046998,-0.07771703,-0.067643255,-0.027466834,-0.31281888,-0.119277634,-0.32597858,-0.48470038,-0.07268212,-0.12204048,-0.07304855,-0.034722786,0.07380892,0.058829095,0.009432713,-0.03819035,0.112959735,0.007472138,-0.067615256,0.097985335,-0.2588061,-0.116547674,-0.16278602,-0.08220517,-0.43795013,-0.5189475,-0.4748767,-0.4310852,-0.3994049,-0.25417024,-0.38489226,-0.30579308,-0.101701036,-0.103061296,-0.18541451,-0.048221663,-0.16610813,-0.047857493,0.036469508,0.030517519,0.107743554,0.016481392,0.030199675,0.03237631,0.07865502,0.028078597,-0.09537347,0.002091159,-0.17380957,-0.1793058,-0.28586215,-0.13232212,-0.10388612,0.15736969,-0.05655618,-0.15916061,0.2948591,0.4344755,-0.019892363,0.0032520343,0.24231055,-0.0043045003,0.124054715,-0.14051138,-0.10925962,-0.2492145,-0.03477466,-0.32164642,-0.34412813,-0.27596432,-0.20308265,-0.14521956,-0.22515357,-0.03578656,-0.04729881,0.4938758,0.4268604,0.25908524,0.14875488,0.10634121,-0.07756063,-0.0026949025,0.0079454975,-0.12925589,-0.1589765,0.13063307,0.3287136,0.18290642,0.40548393,0.46947667,1.0,0.77249116,0.7125037,0.4020018,0.48504826,0.07706066,-0.08982359,-0.030168477
256,0.22460291,0.20491935,-0.184487,-0.21968165,0.046439398,-0.019244684,-0.050045583,0.072192,0.0053419764,-0.09107029,0.10831342,0.21979882,-0.03769132,0.17721833,0.20011814,0.034588028,-0.349151,0.23698547,-0.03608938,-0.041066688,-0.49120763,-0.08973075,0.028365264,0.041741353,0.2964687,0.0030765296,0.12743968,0.08709123,-0.10399705,-0.05343365,-0.16931139,-0.10011151,-0.22536436,-0.26478586,-0.25982258,-0.537928,-0.512221,-0.45933637,-0.51970714,-0.44275346,-0.21405083,-0.4473502,-0.16363697,-0.103609264,0.10623798,0.049131293,-0.008088178,0.04298173,-0.031339698,-0.090392865,-0.3067243,-0.31120268,0.0678612,-0.30934688,-0.58789617,-0.391095,-0.56338197,-0.60578823,-0.46172473,-0.50220466,-0.41983312,-0.4492456,-0.3762323,-0.14137273,-0.24607186,-0.1726777,-0.13716318,0.03478052,0.03648094,0.20579489,0.20445262,0.044533227,0.11748036,0.15274045,0.048047964,-0.044281915,0.11335357,0.14235331,-0.124573894,-0.033426642,-0.0662256,-0.2118219,-0.14341916,-0.19695045,0.15729421,0.11707319,0.5330423,0.47626373,0.43369025,0.33906242,0.12644237,0.3114843,-0.09665358,0.015048877,0.11765913,-0.07360846,-0.30724755,-0.24496835,-0.2844164,-0.16868336,-0.1921527,-0.28656247,-0.26056093,-0.01188292,-0.10873004,0.24819873,0.38268754,0.25399065,0.21780466,0.10478087,0.20268795,-0.026862564,0.016294397,-0.15086706,-0.11885622,0.10098579,0.2547533,0.34117863,0.3973582,0.4521853,0.75941145,0.8070653,0.4965149,0.896058,0.7070516,0.6033926,0.3730229,0.14133745,0.10231196,0.11413453,0.20504998,0.26037833,-0.19374727,0.0174805,0.021206638,-0.03134965,0.0038463885,-0.0791581,0.07891052,0.09171785,0.20869222,0.20069458,0.1197775,0.01901634,-0.0012158427,-0.021056896,-0.26903448,0.1576574,0.026537087,-0.10963467,-0.44076627,0.033916578,-0.02017112,-0.0049607204,0.19045441,0.19210798,-0.016228694,0.084195524,0.0922866,-0.11232724,0.09986008,-0.104508005,-0.17867555,-0.06100599,-0.3605234,-0.20105863,-0.4262781,-0.5388222,-0.14419007,-0.10868582,-0.15815537,-0.09016318,0.036141574,0.04618789,-0.029924173,-0.02086869,0.1350431,0.054735027,-0.028904965,0.16129987,-0.33050928,-0.13699383,-0.20673022,-0.0669938,-0.44824007,-0.5886792,-0.59304404,-0.53339195,-0.49415958,-0.28538743,-0.46403718,-0.30186847,-0.07820581,-0.12009312,-0.1795092,-0.0028867729,-0.105436444,-0.046499178,0.060091916,0.02561747,0.14053434,0.01755057,0.02909883,0.04640598,0.07920457,-0.004238705,-0.12422212,-0.0152103705,-0.104987785,-0.08075994,-0.17617033,-0.067687124,-0.027536111,0.2638289,0.06692961,-0.08764935,0.42858383,0.5321094,0.014349647,0.072517715,0.2951974,-0.0070097945,0.15806587,-0.100028686,-0.03411057,-0.24621627,-0.0074884766,-0.3095199,-0.30643922,-0.24861676,-0.17225927,-0.16176353,-0.2757759,-0.09579906,-0.007024576,0.38010344,0.3385785,0.25012857,0.1885128,0.08254657,-0.06064091,-0.07448641,0.042398136,-0.1183241,-0.141338,0.2223713,0.3853961,0.26056135,0.42147726,0.47534606,0.77249116,1.0,0.6698316,0.562369,0.5109297,0.10771765,-0.030898843,0.0022769696
257,0.21778208,0.24827303,-0.065698266,-0.17215213,0.039118826,-0.05269862,0.18742836,0.14689554,0.15187584,0.00081751123,0.24030271,0.29594895,0.18681741,0.29187784,0.27963755,0.08836221,-0.45109376,0.077072024,-0.33996207,-0.38206512,-0.5432223,-0.12451039,0.11485551,0.19624588,0.39380407,0.13548827,0.24095076,0.18263589,0.11292776,0.116338655,0.10720204,0.039638404,0.10448036,0.0686056,0.06663294,-0.25071338,-0.25696313,-0.26249725,-0.40661082,-0.22629358,-0.29513186,-0.27882957,0.056416128,0.019414114,0.19619559,-0.0768707,0.15936805,-0.10903684,-0.14871474,-0.006071392,-0.3438557,-0.32144353,0.11104007,-0.031490833,-0.37765583,-0.21905664,-0.31041464,-0.40403873,-0.27107424,-0.4311619,-0.42922774,-0.24820356,-0.4007405,-0.1374788,-0.26760235,-0.10833374,-0.18831801,0.022846406,-0.08078109,0.18934155,0.25476596,0.11131257,0.19943751,0.14851427,0.08479229,-0.005356488,0.18624863,0.118099704,-0.18143417,-0.16350938,-0.2728808,-0.30532062,-0.31530666,-0.28561333,0.04318937,-0.1230913,0.43205652,0.12070236,0.16433673,-0.0064624785,-0.25868306,0.01440702,-0.31836864,-0.22447777,-0.09645948,-0.3006442,-0.30380496,-0.17734692,-0.23611163,-0.13479504,-0.41052756,-0.39580965,-0.19950573,0.14328428,0.09267179,0.27362344,0.6331941,0.37659732,0.14638014,0.023124598,-0.015391668,-0.30605322,-0.27428907,-0.24046327,-0.33456326,-0.17772932,-0.06561532,0.04353576,0.38401955,0.40558007,0.61178267,0.7032337,0.54984707,0.8356097,0.959507,0.69876415,0.62173516,0.07062502,-0.051027182,0.13303271,0.2853576,0.4275205,-0.27568248,-0.036527913,0.0047149938,0.18004061,0.2207007,-0.28249767,0.14595829,0.13734354,0.33026817,0.31147695,0.2544952,0.12622918,0.022589711,-0.020616211,-0.38344392,-0.05772486,-0.032698072,-0.45701742,-0.3452899,0.13416189,-0.022516452,0.19253094,0.3822167,0.26097223,0.08246201,0.14473735,0.107981704,0.071999036,0.12000123,0.06183727,0.09781783,0.08350442,-0.17988391,0.005715804,-0.23241508,-0.40874082,0.0589986,-0.1332609,0.037281107,0.08165585,0.21233197,0.050634257,0.073503554,0.028301852,0.05884575,-0.16639526,-0.06867297,0.13968238,-0.18450688,-0.17836402,-0.058230992,-0.09600662,-0.43403938,-0.4134096,-0.36514673,-0.3571715,-0.33480784,-0.30839568,-0.2101244,-0.34955665,-0.07197687,-0.09883673,-0.1650298,-0.099910624,-0.23564841,-0.033842925,0.064770505,-0.027821187,0.08319103,0.060981236,0.10284905,0.04328038,0.09852736,0.019215029,-0.04751958,-0.04387578,-0.16635334,-0.15497953,-0.31710792,-0.17800535,-0.106426,0.14923052,-0.16942677,-0.23529954,0.111073,0.27369738,-0.14598945,-0.1734545,0.04027043,-0.106590465,0.059645914,-0.28255874,-0.093554914,-0.24746375,-0.020042542,-0.30498308,-0.41852072,-0.40246078,-0.37585562,-0.226423,-0.19686009,-0.0058269533,-0.05224931,0.5899002,0.48448697,0.34293097,0.12759179,0.07733739,-0.075116634,-0.09455677,-0.2398059,-0.32538816,-0.34884128,-0.08560315,0.21038489,0.12104691,0.3436207,0.31949937,0.7125037,0.6698316,1.0,0.5426858,0.68812746,0.11333905,-0.12392123,-0.08173834
258,0.19833939,0.1572273,-0.08631362,-0.10788876,0.02639195,-0.0034029896,0.030563824,0.015980236,0.042008135,-0.05349538,0.08344913,0.17021008,0.016520383,0.21394767,0.21495113,0.071849205,-0.28507283,0.15756747,-0.098053426,-0.16741864,-0.36207974,-0.023779143,0.074789785,0.10487072,0.21432683,0.02197264,0.08064483,0.06375104,-0.034599047,-0.035290025,-0.06503807,-0.040976707,-0.0873029,-0.112751804,-0.11341712,-0.33308217,-0.33408216,-0.2783449,-0.32920355,-0.25205186,-0.15519163,-0.26133034,-0.03541891,-0.023681566,0.0978077,-0.025347214,0.009382176,-0.018187039,-0.038950186,0.019972863,-0.23837347,-0.23868915,0.019844364,-0.16678542,-0.39163646,-0.22360541,-0.36017784,-0.41466367,-0.32617208,-0.39375845,-0.36930552,-0.2835037,-0.2842169,-0.11402402,-0.16450146,-0.047609977,-0.09692255,0.036193863,-0.025611514,0.1732076,0.2092928,0.10146712,0.10178207,0.092214726,0.01332239,-0.026045935,0.071773075,0.09437887,-0.04197589,-0.011923011,-0.10596777,-0.116101205,-0.12847129,-0.08252847,0.17392203,0.08010717,0.43934634,0.24495786,0.29938063,0.124657586,-0.10354243,0.13701251,-0.17190547,-0.17080723,-0.017277656,-0.1383131,-0.2141386,-0.097008705,-0.15350422,-0.12085917,-0.30631986,-0.34254715,-0.27759394,-0.020392602,-0.069827735,0.1869561,0.32576606,0.21230446,0.101495035,0.0816971,0.0089411875,-0.1586391,-0.14464417,-0.17599052,-0.21754399,-0.06752364,0.038980793,0.14315914,0.31480268,0.34840098,0.434336,0.51207364,0.38206896,0.64165723,0.5875401,0.82677335,0.4049511,0.11056365,0.043773632,0.09459074,0.21208343,0.18191317,-0.12319352,-0.024925975,-0.027506597,0.01257116,0.07330703,-0.09504965,0.06725697,0.040467735,0.1665262,0.18261407,0.18589747,0.0750656,-0.00096175453,0.000524217,-0.23637654,0.07740914,-0.007280035,-0.21457043,-0.2963379,0.034954734,8.209417e-05,0.091379985,0.17308179,0.1482918,0.022762747,0.05652354,0.057209317,-0.04324839,0.06454134,-0.006834308,-0.07387453,-0.00090252445,-0.24004067,-0.08054274,-0.25486544,-0.31929064,-0.0561594,-0.042460702,-0.044661302,-0.0116840005,0.09881208,0.007655047,0.013757584,0.017657392,0.04954866,-0.05709688,-0.00962609,0.14967592,-0.19995561,-0.114363,-0.11028039,-0.067784585,-0.32553086,-0.38011524,-0.39326888,-0.3846773,-0.35022005,-0.2810917,-0.24484484,-0.23333818,0.020881856,-0.05574846,-0.09951495,0.022177234,-0.10150219,0.0016054928,0.08236544,-0.007938465,0.0993111,0.07478087,0.067369595,0.020634562,0.03484499,-0.025122069,-0.11821755,-0.020686712,-0.017725343,-0.017947795,-0.10852106,-0.07709066,0.00042684647,0.22499351,0.01600287,-0.10494199,0.2452095,0.3025619,-0.026661659,-0.04780063,0.06577043,-0.09637813,0.07883296,-0.21594957,-0.007226722,-0.20447107,0.004273776,-0.21755017,-0.31694332,-0.32168525,-0.28982073,-0.16271828,-0.25573662,-0.109770045,0.0013004196,0.3094814,0.2813503,0.21006724,0.13395926,-0.004722372,-0.045634862,-0.16338307,-0.10840137,-0.21724004,-0.2049527,0.01705263,0.24226485,0.2219242,0.32339954,0.2767591,0.4020018,0.562369,0.5426858,1.0,0.56161135,0.10818816,-0.035845123,-0.01878535
259,0.13374352,0.22561835,0.09508306,0.004108164,0.10950772,0.04975219,0.3252443,0.22474928,0.2183474,0.10910604,0.27987415,0.3418498,0.1925914,0.2610239,0.25223994,0.054281864,-0.39876238,-0.020100225,-0.37957257,-0.32576698,-0.39136603,-0.10087489,0.13014111,0.22403003,0.36108744,0.102174364,0.24724483,0.21817105,0.20113367,0.2311343,0.23124816,0.09677295,0.25905597,0.2108682,0.19170912,-0.10873824,-0.16768049,-0.23176992,-0.23549598,-0.049699478,-0.29745793,-0.12536809,0.15327677,0.08099956,0.20559357,-0.12814476,0.15708955,-0.11832968,-0.21288612,-0.09367387,-0.27330065,-0.3138254,0.13105579,0.0994284,-0.24453185,-0.16299166,-0.16446921,-0.28229463,-0.123235516,-0.33590224,-0.26334876,-0.024735115,-0.28265154,-0.07873167,-0.2280636,-0.015176092,-0.17565045,-0.06313016,-0.08557929,0.14117098,0.20859946,0.09769062,0.15857239,0.14382333,0.11298441,0.012635009,0.15593384,0.038485114,-0.13313718,-0.15587075,-0.19659005,-0.12257616,-0.22484839,-0.15042473,-0.030339284,-0.18782276,0.23828004,-0.08947878,-0.029821657,-0.20093341,-0.41432497,-0.18786003,-0.35020858,-0.28794187,-0.14185485,-0.21975254,-0.13521492,-0.026626464,-0.12017308,-0.09503901,-0.3916188,-0.32478476,-0.15619592,0.09434328,0.09219636,0.18221197,0.4399605,0.24582554,-0.039263483,-0.03524891,-0.1814624,-0.3698069,-0.34259197,-0.30932888,-0.34632885,-0.15658116,-0.13764323,-0.09299,0.16903019,0.16846672,0.34264904,0.4041816,0.35391992,0.58086383,0.76295567,0.8033569,0.89876765,0.31722227,0.08202691,0.06412761,0.17422795,0.32395333,-0.07424949,0.019647542,0.12808046,0.31663626,0.2667387,-0.17122424,0.14107776,0.24657601,0.3610931,0.26224834,0.25304875,0.13165915,0.033876006,-0.09965298,-0.32444572,-0.112780094,-0.10601407,-0.3932618,-0.2529354,0.09515711,-0.020115506,0.2236516,0.36715728,0.22394952,0.11458913,0.20365855,0.14563507,0.0955956,0.07643372,0.13960461,0.19681935,0.16492446,-0.038622938,0.111996666,-0.21862963,-0.267889,0.12847464,-0.1440819,0.07882143,0.13164082,0.26499176,0.017377166,0.080567144,0.04544381,0.06553212,-0.14981233,-0.07212186,0.1066224,-0.019554004,-0.17562217,-0.020391654,-0.091523536,-0.27163246,-0.22249013,-0.23402917,-0.22332129,-0.2531812,-0.22250395,-0.096472345,-0.35046065,-0.01994463,-0.05836554,-0.12761678,-0.21632898,-0.19738041,-0.037523113,0.03608701,-0.13963665,0.023344869,0.07175588,0.06977274,0.016465127,0.09991211,0.033930574,0.07458124,-0.031112164,-0.13042776,-0.097499,-0.16368628,-0.13299984,-0.093334936,0.11570345,-0.22628208,-0.19678526,-0.0761618,0.10135844,-0.3446493,-0.16681969,-0.1658575,-0.16238886,-0.032259103,-0.21463664,0.026389942,-0.16658133,0.03265316,-0.20033784,-0.32250273,-0.33717966,-0.38574672,-0.17968704,-0.09469051,-0.01619454,0.050577845,0.40357274,0.2908868,0.21333002,0.023901492,0.0031390588,-0.10545916,-0.1758383,-0.3269501,-0.3596568,-0.36748388,-0.14876229,0.0086871125,-0.0674981,0.1046712,0.12879008,0.48504826,0.5109297,0.68812746,0.56161135,1.0,0.30720282,0.06592467,-0.044749763
260,-0.0007413596,0.11536877,0.16209935,0.15403968,0.098340034,0.09308357,0.19790468,0.15425193,0.1429188,0.13364242,0.11594508,0.13595718,0.04959468,-0.027560176,-0.0054697176,-0.0458372,-0.12186821,-0.07289372,-0.16033824,-0.09199842,-0.15165271,-0.07978034,-0.059128266,-0.017915603,0.09841591,0.081560016,0.06012521,0.07681326,0.13863806,0.14214975,0.15737018,0.0630123,0.18083592,0.15561885,0.123780005,0.005976084,-0.062270798,-0.15999232,-0.029139336,0.060512763,-0.1496069,-0.036058698,0.010079988,-0.033027448,0.020130957,-0.081805535,0.048804075,-0.040175583,-0.10871924,-0.09309402,-0.114176326,-0.11982816,0.021974025,0.09075809,-0.05785182,-0.11233569,-0.007153209,-0.047758736,0.05042575,-0.06515689,0.039132167,0.097053535,-0.052775647,0.0041052187,-0.07738533,-0.013466371,-0.08799477,-0.14474891,-0.0032150398,0.022535186,-0.019715635,-0.010162514,-0.034388255,-0.018738741,-0.010995129,-0.031230688,-0.018592156,-0.05235352,0.021543344,0.010060909,0.13275008,0.14810808,0.058436718,0.062706135,0.03222964,-0.08300078,-0.01228902,-0.13759856,-0.10746632,-0.16142869,-0.15507387,-0.1579253,-0.19299816,-0.07937521,-0.06704448,0.025638884,0.066781566,0.034893874,0.039514527,0.006319115,-0.07971214,-0.045531698,-0.02791448,-0.072646126,-0.0487809,-0.050551374,0.009542641,0.0049893786,-0.1564127,-0.12161753,-0.15260977,-0.19023788,-0.1510508,-0.15856037,-0.1660551,-0.033612758,-0.04608033,-0.06762484,-0.10415397,-0.09421017,-0.03237243,-0.005015532,-0.0044804118,0.06463297,0.19007742,0.24190639,0.41441396,0.5406773,0.2774581,0.056078266,0.0146101285,0.05813846,0.14753267,0.027822385,0.14012639,0.19597319,0.11475667,0.00787674,0.051848598,0.15842122,0.12954761,0.0072293454,-0.031280573,0.052236304,0.002087102,-0.11648033,-0.043405335,-0.07202352,-0.05093452,-0.06981235,-0.12955461,0.03839988,-0.03158901,-0.012383924,0.09037748,0.039643414,0.07887147,0.088081755,0.05953668,-0.010113822,-0.002039867,0.093579724,0.12264862,0.15235317,0.06443141,0.08079889,-0.16376263,-0.09986413,0.106720604,-0.102668725,0.021969052,-0.008628151,0.04157349,0.06761103,-0.0096199205,-0.016923102,0.042582594,-0.047091756,-0.01793483,-0.023602951,-0.032732986,-0.09747074,-0.051722802,-0.04807852,-0.038577124,-0.0133639015,-0.029357128,-0.0037340983,-0.040528037,-0.00076237344,-0.02566458,-0.11649202,-0.027137566,-0.030262703,-0.005330736,-0.1420226,-0.0749377,-0.062202368,-0.054523055,-0.13203649,-0.012002985,-0.007126591,-0.01573351,-0.058570217,-0.016971057,-0.037456434,0.08439104,-0.0054515535,0.013180472,0.028066866,0.11710827,0.049967095,-0.024581956,-0.0028730223,-0.11208462,-0.0041358606,-0.13296314,-0.040479023,-0.17941715,-0.085216045,-0.16348861,-0.091774486,-0.0709739,0.03433582,0.0677785,0.048300553,0.042392913,0.027399993,0.0049585258,0.004641689,-0.12551619,-0.037482638,0.0077763973,-0.07376978,0.053799722,0.0146183865,-0.028914077,-0.00024703398,-0.11373088,-0.020836221,-0.11716151,-0.15605125,-0.17724626,-0.14873353,-0.15358979,-0.047311086,-0.09828295,-0.15705267,-0.1222349,-0.071262896,0.07706066,0.10771765,0.11333905,0.10818816,0.30720282,1.0,0.37201822,0.12877211
261,-0.04090198,0.030844182,0.13399972,0.16010036,0.020291312,0.094920345,0.1383313,0.07831875,0.08920025,0.11192863,0.05428701,0.07086738,0.00754168,-0.11363935,-0.08626283,-0.07261312,0.00065203616,-0.100562975,-0.11565161,-0.09181772,-0.06746321,-0.05725064,-0.08473037,-0.075305596,-0.022313375,-0.02865787,0.020159177,0.024894258,0.059915062,0.09556448,0.11226244,0.046604935,0.14561923,0.13680603,0.11801835,0.07560815,0.034298006,-0.06632097,0.080288514,0.13205822,-0.064560756,0.04482701,0.022581918,-0.060339876,-0.079186834,-0.09258341,-0.0030062788,-0.045354776,-0.05723943,0.0051436457,-0.11698512,-0.057634287,0.001172393,0.10320847,0.00695337,0.085601516,0.095901206,0.060025506,0.12718087,0.041699596,0.09331697,0.11811076,-0.012424234,0.019702796,-0.05281244,-0.033302557,-0.038210455,-0.11781302,0.031028572,-0.048663016,-0.09351867,-0.046360135,-0.09570073,-0.066819556,-0.059671607,-0.09428924,-0.06956668,-0.07296508,0.12684524,0.1176395,0.1008088,0.17610323,0.08227758,0.088578805,-0.032288596,-0.02152324,-0.1262618,-0.145661,-0.1202251,-0.13913697,-0.094976276,-0.10033855,-0.13671827,-0.08862896,-0.10353687,-0.013314557,0.0057531195,-0.013620002,-0.022159183,-0.042898968,-0.03243395,-0.042230245,-0.056678846,-0.16521914,-0.11575246,-0.1441195,-0.16756518,-0.061110016,-0.15840957,-0.11488975,-0.16844173,-0.1308147,-0.10808537,-0.116392404,-0.029418213,0.02104336,-0.017743783,-0.059197057,-0.18324547,-0.18753383,-0.1530033,-0.14401725,-0.12095317,-0.113158956,-0.056185715,0.024578555,0.14341278,0.49695405,0.4585471,0.3133884,-0.040264264,-0.048666738,0.17640948,0.033945672,0.11836297,0.1332882,0.06313282,0.05936617,0.07729715,0.13428394,0.05406967,-0.10306161,-0.09557515,-0.014038353,-0.010231019,-0.13225153,0.046656422,-0.08015009,-0.049455486,-0.00433716,-0.06797427,0.021886159,-0.021992669,-0.055252817,-0.035640143,-0.030427333,0.0084552,0.03662892,0.032383848,0.011493646,-0.06454313,0.034977827,0.08258453,0.10121983,0.092064954,0.0946777,-0.07965294,0.029792424,0.05628396,-0.056770865,0.016686466,0.00747233,-0.024322687,0.008214372,-0.03976929,0.008560071,-0.03818944,-0.057701446,-0.031317793,-0.087636046,0.026787203,-0.053935252,-0.029481977,-0.0009715433,0.05014138,0.056199796,0.06893071,0.09207106,0.06351272,0.023292819,0.0629974,-0.05870785,0.003034601,-0.015835697,0.009084452,-0.06487447,-0.032573357,-0.08984434,-0.065664805,-0.1169934,-0.04469477,-0.053134322,-0.046607185,-0.057862226,-0.043987066,-0.06569305,0.08462232,-0.014352399,0.12727317,0.08758455,0.28628367,0.036769524,-0.067371145,-0.05771052,-0.039516542,0.0321648,-0.14715403,-0.100812025,-0.0286065,-0.015495991,-0.19572297,-0.079672985,-0.08799804,-0.028431006,-0.0136749465,0.023898635,0.012740372,-0.030939095,0.017519351,0.021742241,-0.05200384,-0.030185258,-0.05819543,-0.117301896,0.026780954,-0.14762847,-0.17719623,-0.07205548,-0.13162394,-0.040064324,-0.0873924,-0.18816718,-0.13741261,-0.08977868,-0.07435092,-0.025038952,-0.11626439,-0.16473505,-0.20002954,-0.1515445,-0.08982359,-0.030898843,-0.12392123,-0.035845123,0.06592467,0.37201822,1.0,0.36272836
262,0.050021797,0.0425422,-0.0127510745,0.032801192,-0.07757278,0.010993801,-0.05609657,-0.0516093,0.00987183,-0.030855095,-0.015840407,0.0096577965,-0.10590198,-0.102935724,-0.103315026,-0.11612064,-0.058954187,-0.03141255,-0.0039976984,-0.016992997,-0.07865655,-0.046530183,-0.1276823,-0.14758565,-0.083001494,-0.091214694,-0.051968195,-0.037066348,-0.03329606,-0.0065977853,-0.041863926,-0.0047398955,-0.029489353,-0.02194303,-0.041354224,-0.050620932,-0.056218263,-0.058663014,0.009345099,0.013799696,0.044559065,-0.09885029,-0.064989604,-0.11125978,-0.1730649,-0.0842486,-0.045708712,0.021201763,0.07050495,0.032819983,-0.11919049,-0.024312733,-0.064112425,-0.05427982,-0.10153941,-0.031947106,-0.02865803,-0.051915232,-0.0732408,-0.057250753,-0.13037534,-0.14045087,-0.12222747,-0.042494263,-0.036578782,-0.052095387,0.01395307,-0.040564947,0.023489853,-0.018035905,-0.052657727,-0.041261807,-0.06504293,-0.06913383,-0.10004702,-0.081188135,-0.12237323,-0.06094557,0.056261946,0.15737595,0.04143378,-0.013563639,0.0258761,-0.019132774,-0.033869028,0.06463014,0.032833286,0.08293887,0.07855788,0.087303065,0.018432712,0.13433485,-0.043281786,-0.035445515,-0.07379069,-0.042593542,-0.11940541,-0.11932537,-0.1428601,-0.086971775,-0.090515055,-0.09943533,-0.09640551,-0.10028792,-0.101783685,-0.065986484,-0.104690365,-0.03131586,0.02633301,-0.0005921206,-0.013614341,0.014485006,-0.004195224,-0.02600967,0.05707934,0.0538391,0.06960604,0.10221234,0.020469172,0.029773163,0.006159198,-0.014517189,-0.052789133,-0.02544643,-0.06797152,-0.029052675,-0.043826424,0.26335075,0.35201532,0.3878589,0.02260858,-0.07498701,0.068680674,-0.08985261,-0.0011350014,-0.038611073,-0.056854118,0.03383402,0.029123643,0.008643608,-0.028201973,-0.09432022,-0.1096616,-0.04412681,-0.062179886,-0.06723504,-0.042764712,-0.045391418,0.020571917,0.047383226,-0.094934404,-0.022003507,-0.027650734,-0.16036026,-0.1110828,-0.07799533,-0.13452442,-0.03203179,-0.01986066,-0.06399502,0.004981849,-0.06768207,-0.048791897,-0.007689341,-0.042308535,-0.016247435,-0.06271572,-0.000141328,-0.0016154839,0.047396403,-0.013013305,-0.034841113,-0.090449974,-0.026328791,-0.0829299,-0.06761289,-0.0020238115,0.0006802467,0.02912151,0.014709069,-0.08875636,0.029450316,-0.070511,-0.015155835,-0.037234787,-0.13974963,-0.04563516,-0.0759026,-0.02432413,-0.11064129,-0.04880503,-0.05742942,-0.012426934,-0.039294593,-0.033145566,0.07205404,0.05917655,-0.096085936,-0.04701114,-0.04107675,-0.017212223,-0.052375942,-0.019688785,-0.057309188,-0.04661315,-0.093919046,-0.0913642,-0.034969755,0.03909168,0.08263857,0.06558098,0.010807392,-0.04713468,-0.056319147,0.074713975,0.002955153,0.06970985,0.05820473,0.11971958,-0.013943928,-0.006361848,-0.04163995,-0.018224882,-0.055762444,-0.082826786,-0.0580745,-0.023405485,-0.14096305,-0.0853157,-0.069598,-0.08522579,-0.064092815,-0.117251106,-0.06480097,-0.0579154,-0.08396732,-0.068252526,-0.012841158,0.031153748,0.0122500975,-0.050605077,-0.073023126,0.017155021,-0.015016985,0.042952638,0.06536668,0.09021925,0.06671374,0.030552154,0.004704011,-0.030168477,0.0022769696,-0.08173834,-0.01878535,-0.044749763,0.12877211,0.36272836,1.0
