s_sd_PUBCHEM\_HOLD\_UNTIL\_DATE,r_qp_dipole,i_m_source_file_index,r_qp_FOSA,i_epik_Tot_abs_Q,r_i_glide_einternal,s_sd_PUBCHEM\_EXT\_DATASOURCE\_REGID,r_i_glide_erotb,r_i_glide_ligand_efficiency_sa,i_m_ct_format,r_i_glide_eff_state_penalty,i_f3d_flags,r_qp_accptHB,r_qp_dip^2/V,i_qp_#rotor,i_qp_#NandO,r_i_glide_ligand_efficiency,i_sd_PUBCHEM\_ISOTOPIC\_ATOM\_COUNT,b_lp_Chiralities_Consistent,s_sd_PUBCHEM\_EXT\_DATASOURCE\_NAME,i_qp_#metab,i_i_glide_lignum,r_qp_SASA,r_qp_PISA,i_qp_#in34,i_sd_PUBCHEM\_COMPONENT\_COUNT,r_i_glide_esite,s_sd_PUBCHEM\_SUBSTANCE\_SYNONYM,s_epik_input,r_i_glide_metal,r_qp_QPpolrz,i_sd_PUBCHEM\_ATOM\_DEF\_STEREO\_COUNT,r_qp_EA(eV),i_qp_#amine,r_epik_Ionization_Penalty_Charging,s_sd_PUBCHEM\_EXT\_SUBSTANCE\_URL,r_i_glide_ecoul,r_epik_Ionization_Penalty_Neutral,r_i_glide_lipo,r_qp_volume,i_sd_version,r_qp_QPlogKp,i_qp_#rtvFG,i_sd_PUBCHEM\_BOND\_UDEF\_STEREO\_COUNT,s_vsw_compound_code,i_sd_PUBCHEM\_PUBMED\_ID,s_sd_PUBCHEM\_CID\_ASSOCIATIONS,s_sd_PUBCHEM\_NCBI\_TAXONOMY\_ID,i_qp_RuleOfFive,i_sd_PUBCHEM\_ATOM\_UDEF\_STEREO\_COUNT,r_i_glide_energy,i_i_glide_confnum,r_qp_IP(eV),s_sd_PUBCHEM\_GENERIC\_REGISTRY\_NAME,s_m_source_file,r_qp_glob,s_sd_PUBCHEM\_COORDINATE\_TYPE,i_sd_PUBCHEM\_SUBSTANCE\_ID,r_qp_QPlogKhsa,i_m_ct_stereo_status,s_sd_PUBCHEM\_XREF\_EXT\_ID,r_i_glide_gscore,s_epik_cmdline,i_qp_RuleOfThree,i_qp_#nonHatm,r_qp_QPlogPo/w,i_qp_#noncon,i_lp_mmshare_version,s_vsw_variant,s_sd_PUBCHEM\_SUBSTANCE\_COMMENT,i_sd_PUBCHEM\_CACTVS\_TAUTO\_COUNT,r_epik_Charging_Adjusted_Penalty,i_qp_#stars,i_qp_CNS,r_qp_QPlogPoct,s_i_glide_gridfile,i_sd_PUBCHEM\_HEAVY\_ATOM\_COUNT,r_qp_QPPMDCK,i_sd_PUBCHEM\_TOTAL\_CHARGE,i_sd_PUBCHEM\_EXT\_DATASOURCE\_NAME,r_i_docking_score,r_qp_PSA,s_epik_Chemistry_Notes,b_sd_chiral_flag,i_qp_#amidine,s_sd_PUBCHEM\_EXT\_DATASOURCE\_URL,r_i_glide_emodel,i_sd_PUBCHEM\_XREF\_EXT\_ID,i_sd_PUBCHEM\_COMPOUND\_ID\_TYPE,i_qp_#ringatoms,r_qp_FISA,r_qp_QPlogS,r_qp_PercentHumanOralAbsorption,i_i_glide_posenum,i_qp_#acid,r_i_glide_evdw,r_qp_QPPCaco,r_qp_QPlogHERG,r_i_glide_hbond,s_m_title,r_qp_SAfluorine,r_epik_State_Penalty,r_lp_Energy,r_qp_ACxDN^.5/SA,i_i_glide_rotatable_bonds,s_lp_Force_Field,r_epik_Ionization_Penalty,i_epik_Tot_Q,r_qp_donorHB,i_qp_#in56,i_m_ct_enhanced_stereo_status,i_sd_PUBCHEM\_SUBSTANCE\_VERSION,r_qp_CIQPlogS,s_sd_PUBCHEM\_BONDANNOTATIONS,i_sd_PUBCHEM\_BOND\_DEF\_STEREO\_COUNT,r_qp_QPlogPC16,r_i_glide_rewards,r_qp_QPlogPw,r_qp_QPlogBB,r_qp_Jm,r_qp_mol_MW,i_qp_HumanOralAbsorption,s_lp_Variant,r_i_glide_ligand_efficiency_ln,r_qp_SAamideO,i_sd_PUBCHEM\_EXT\_DATASOURCE\_REGID,s_lp_label,i_qp_#amide,r_qp_WPSA
,14.052,1833,851.01,5,23.1203727722168,31383578,0.0298016608044673,-0.611576033303681,2,0.1437,0,29.7,0.0647119,20,23,-0.142530593853449,,1,24262,12,171,1423.194,185.426,4,,-0.438793021821317,,W0NIMl0xW0NIMl1OKFtDSDNdKVtDSDJdW0NIMl1OMWMoYyhGKVtjSF0yKVtjSF1jKGMyMyluKFtDSDJdW0NIM10pW2NIXWMoYzM9TylDKD1PKVtOSF1bQ0BASF0oYzRbY0hdW2NIXVtjSF1bY0hdW2NIXTQpQyg9TylbTkhdW0NAQEhdKEM1PU8pW0NASF0oTjU2KVNDKFtDSDNdKShbQ0gzXSlbQ0BASF02Qyg9TylbTkhdW0NAQEhdN1tDSDJdW0NAQEhdKFtOSDJdKVtDQEBIXShPW0NAQEhdKE9bQ0gyXVtDQF04KFtDSDNdKVtPSF0pW0NASF0oW09IXSlbQ0BIXThbTkhdW0NIM10pW0NAQEhdKFtPSF0pW0NAQEhdN09bQ0BIXTlPW0NAQEhdKFtDQEBIXShbQ0gzXSlbTkhdW0NIM10pW0NIMl1bQ0gyXVtDQEhdOVtOSDJd,-2.3,104.893,,0.652,5,0.1705,https://patents.google.com/?q=SOVOISHMVWJPRO-UHFFFAOYSA-N,-40.2173500061035,0.0001,-0.657256688051898,3051.421,0,-9.218,3,,18322,,"160895664  1
3467  2
22961696  2
22961702  2",,3,,-94.68408203125,223,8.495,,vsw_Gentamicin_Analog_3-LIGPREP-002-in.maegz,0.714884,,452738122,-1.279,1,31383578,-11.4036169144225,J2VwaWtfcHl0aG9uJywgJy1waCcsICc3LjAwMDAwMCcsICctcGh0JywgJzIuMDAwMDAwJywgJy1tcycsICcxNicsICctdG4nLCAnOCcsICctbWEnLCAnMjAwJywgJy1pbWFlJywgJzxpbmZpbGUubWFlPicsICctb21hZScsICc8b3V0ZmlsZS5tYWU+Jw==,2,79,-1.772,24,56135,18322-1,,,0.31417965256055,18,-2,68.606,glide-grid_Ab_minmz,,0.066,0,,-11.2599169144225,314.727,"This compound contains an acetal/aminal-like group ( X-CH(R)-Y where X, Y are N, S, or O) that may be acid/base labile, releasing an aldehyde.",1,0,,-178.015157100677,,0,47,333.541,1.002,0.0,96,0,-54.4667320251465,0.033,-6.537,-0.334032264096387,452738122,33.346,0.1437,133.163728,0.066812,22,OPLS_2005,0.1705,5,10.25,43,2,1,-2.997,,,32.403,-0.98,51.194,-4.065,0.00682737641344018,1124.335,1,452738122-1,-2.09703441094954,62.79,,1833_sdstereoexpander_1_neutralizer_1_epik_1_stereoizer_1,3,53.218
,14.053,1836,850.88,5,23.1203727722168,31383578,0.0298016608044673,-0.611576033303681,2,0.1437,0,29.7,0.0647222,20,23,-0.142530593853449,,1,24262,12,46,1422.803,185.463,4,,-0.438793021821317,,W0NIMl0xW0NIMl1OKFtDSDNdKVtDSDJdW0NIMl1OMWMoYyhGKVtjSF0yKVtjSF1jKGMyMyluKFtDSDJdW0NIM10pW2NIXWMoYzM9TylDKD1PKVtOSF1bQ0BASF0oYzRbY0hdW2NIXVtjSF1bY0hdW2NIXTQpQyg9TylbTkhdW0NAQEhdKEM1PU8pW0NASF0oTjU2KVNDKFtDSDNdKShbQ0gzXSlbQ0BASF02Qyg9TylbTkhdW0NAQEhdN1tDSDJdW0NAQEhdKFtOSDJdKVtDQEBIXShPW0NAQEhdKE9bQ0gyXVtDQF04KFtDSDNdKVtPSF0pW0NASF0oW09IXSlbQ0BIXThbTkhdW0NIM10pW0NAQEhdKFtPSF0pW0NAQEhdN09bQ0BIXTlPW0NAQEhdKFtDQEBIXShbQ0gzXSlbTkhdW0NIM10pW0NIMl1bQ0gyXVtDQEhdOVtOSDJd,-2.3,104.891,,0.651,5,0.1705,https://patents.google.com/?q=SOVOISHMVWJPRO-UHFFFAOYSA-N,-40.2173500061035,0.0001,-0.657256688051898,3051.367,0,-9.213,3,,18354,,"160895664  1
3467  2
22961696  2
22961702  2",,3,,-94.68408203125,223,8.494,,vsw_Gentamicin_Analog_3-LIGPREP-004-in.maegz,0.7150723,,452738122,-1.278,1,31383578,-11.4036169144225,J2VwaWtfcHl0aG9uJywgJy1waCcsICc3LjAwMDAwMCcsICctcGh0JywgJzIuMDAwMDAwJywgJy1tcycsICcxNicsICctdG4nLCAnOCcsICctbWEnLCAnMjAwJywgJy1pbWFlJywgJzxpbmZpbGUubWFlPicsICctb21hZScsICc8b3V0ZmlsZS5tYWU+Jw==,2,79,-1.769,24,56135,18354-1,,,0.31417965256055,18,-2,68.606,glide-grid_Ab_minmz,,0.066,0,,-11.2599169144225,314.714,"This compound contains an acetal/aminal-like group ( X-CH(R)-Y where X, Y are N, S, or O) that may be acid/base labile, releasing an aldehyde.",1,0,,-178.015157100677,,0,47,333.26,1.006,0.0,96,0,-54.4667320251465,0.034,-6.534,-0.334032264096387,452738122,33.331,0.1437,132.62125,0.0668303,22,OPLS_2005,0.1705,5,10.25,43,2,1,-2.997,,,32.396,-0.98,51.188,-4.059,0.00697628316329842,1124.335,1,452738122-1,-2.09703441094954,62.742,,1836_sdstereoexpander_1_neutralizer_1_epik_1_stereoizer_1,3,53.2
,14.023,1839,851.038,5,23.1203727722168,31383578,0.0298016608044673,-0.611576033303681,2,0.1437,0,29.7,0.0644302,20,23,-0.142530593853449,,1,24262,12,451,1422.698,185.416,4,,-0.438793021821317,,W0NIMl0xW0NIMl1OKFtDSDNdKVtDSDJdW0NIMl1OMWMoYyhGKVtjSF0yKVtjSF1jKGMyMyluKFtDSDJdW0NIM10pW2NIXWMoYzM9TylDKD1PKVtOSF1bQ0BASF0oYzRbY0hdW2NIXVtjSF1bY0hdW2NIXTQpQyg9TylbTkhdW0NAQEhdKEM1PU8pW0NASF0oTjU2KVNDKFtDSDNdKShbQ0gzXSlbQ0BASF02Qyg9TylbTkhdW0NAQEhdN1tDSDJdW0NAQEhdKFtOSDJdKVtDQEBIXShPW0NAQEhdKE9bQ0gyXVtDQF04KFtDSDNdKVtPSF0pW0NASF0oW09IXSlbQ0BIXThbTkhdW0NIM10pW0NAQEhdKFtPSF0pW0NAQEhdN09bQ0BIXTlPW0NAQEhdKFtDQEBIXShbQ0gzXSlbTkhdW0NIM10pW0NIMl1bQ0gyXVtDQEhdOVtOSDJd,-2.3,104.917,,0.652,5,0.1705,https://patents.google.com/?q=SOVOISHMVWJPRO-UHFFFAOYSA-N,-40.2173500061035,0.0001,-0.657256688051898,3052.032,0,-9.208,3,,18386,,"160895664  1
3467  2
22961696  2
22961702  2",,3,,-94.68408203125,223,8.495,,vsw_Gentamicin_Analog_3-LIGPREP-006-in.maegz,0.7152287,,452738122,-1.276,1,31383578,-11.4036169144225,J2VwaWtfcHl0aG9uJywgJy1waCcsICc3LjAwMDAwMCcsICctcGh0JywgJzIuMDAwMDAwJywgJy1tcycsICcxNicsICctdG4nLCAnOCcsICctbWEnLCAnMjAwJywgJy1pbWFlJywgJzxpbmZpbGUubWFlPicsICctb21hZScsICc8b3V0ZmlsZS5tYWU+Jw==,2,79,-1.763,24,56135,18386-1,,,0.31417965256055,18,-2,68.612,glide-grid_Ab_minmz,,0.067,0,,-11.2599169144225,314.678,"This compound contains an acetal/aminal-like group ( X-CH(R)-Y where X, Y are N, S, or O) that may be acid/base labile, releasing an aldehyde.",1,0,,-178.015157100677,,0,47,332.987,0.998,0.0,96,0,-54.4667320251465,0.034,-6.532,-0.334032264096387,452738122,33.342,0.1437,132.933873,0.0668352,22,OPLS_2005,0.1705,5,10.25,43,2,1,-2.997,,,32.394,-0.98,51.164,-4.054,0.00692038632440839,1124.335,1,452738122-1,-2.09703441094954,62.452,,1839_sdstereoexpander_1_neutralizer_1_epik_1_stereoizer_1,3,53.257
,14.009,1826,851.227,5,23.1203727722168,31383578,0.0298016608044673,-0.611576033303681,2,0.1437,0,29.7,0.0642917,20,23,-0.142530593853449,,1,24262,12,126,1423.256,185.49,4,,-0.438793021821317,,W0NIMl0xW0NIMl1OKFtDSDNdKVtDSDJdW0NIMl1OMWMoYyhGKVtjSF0yKVtjSF1jKGMyMyluKFtDSDJdW0NIM10pW2NIXWMoYzM9TylDKD1PKVtOSF1bQ0BASF0oYzRbY0hdW2NIXVtjSF1bY0hdW2NIXTQpQyg9TylbTkhdW0NAQEhdKEM1PU8pW0NASF0oTjU2KVNDKFtDSDNdKShbQ0gzXSlbQ0BASF02Qyg9TylbTkhdW0NAQEhdN1tDSDJdW0NAQEhdKFtOSDJdKVtDQEBIXShPW0NAQEhdKE9bQ0gyXVtDQF04KFtDSDNdKVtPSF0pW0NASF0oW09IXSlbQ0BIXThbTkhdW0NIM10pW0NAQEhdKFtPSF0pW0NAQEhdN09bQ0BIXTlPW0NAQEhdKFtDQEBIXShbQ0gzXSlbTkhdW0NIM10pW0NIMl1bQ0gyXVtDQEhdOVtOSDJd,-2.3,104.941,,0.652,5,0.1705,https://patents.google.com/?q=SOVOISHMVWJPRO-UHFFFAOYSA-N,-40.2173500061035,0.0001,-0.657256688051898,3052.612,0,-9.214,3,,18258,,"160895664  1
3467  2
22961696  2
22961702  2",,3,,-94.68408203125,223,8.495,,vsw_Gentamicin_Analog_3-LIGPREP-008-in.maegz,0.7150388,,452738122,-1.276,1,31383578,-11.4036169144225,J2VwaWtfcHl0aG9uJywgJy1waCcsICc3LjAwMDAwMCcsICctcGh0JywgJzIuMDAwMDAwJywgJy1tcycsICcxNicsICctdG4nLCAnOCcsICctbWEnLCAnMjAwJywgJy1pbWFlJywgJzxpbmZpbGUubWFlPicsICctb21hZScsICc8b3V0ZmlsZS5tYWU+Jw==,2,79,-1.762,24,56135,18258-1,,,0.31417965256055,18,-2,68.618,glide-grid_Ab_minmz,,0.066,0,,-11.2599169144225,314.681,"This compound contains an acetal/aminal-like group ( X-CH(R)-Y where X, Y are N, S, or O) that may be acid/base labile, releasing an aldehyde.",1,0,,-178.015157100677,,0,47,333.292,0.992,0.0,96,0,-54.4667320251465,0.034,-6.535,-0.334032264096387,452738122,33.355,0.1437,133.078143,0.066809,22,OPLS_2005,0.1705,5,10.25,43,2,1,-2.997,,,32.407,-0.98,51.175,-4.06,0.00675658329264221,1124.335,1,452738122-1,-2.09703441094954,62.539,,1826_sdstereoexpander_1_neutralizer_1_epik_1_stereoizer_1,3,53.248
,14.009,1829,851.227,5,23.1203727722168,31383578,0.0298016608044673,-0.611576033303681,2,0.1437,0,29.7,0.0642917,20,23,-0.142530593853449,,1,24262,12,356,1423.256,185.49,4,,-0.438793021821317,,W0NIMl0xW0NIMl1OKFtDSDNdKVtDSDJdW0NIMl1OMWMoYyhGKVtjSF0yKVtjSF1jKGMyMyluKFtDSDJdW0NIM10pW2NIXWMoYzM9TylDKD1PKVtOSF1bQ0BASF0oYzRbY0hdW2NIXVtjSF1bY0hdW2NIXTQpQyg9TylbTkhdW0NAQEhdKEM1PU8pW0NASF0oTjU2KVNDKFtDSDNdKShbQ0gzXSlbQ0BASF02Qyg9TylbTkhdW0NAQEhdN1tDSDJdW0NAQEhdKFtOSDJdKVtDQEBIXShPW0NAQEhdKE9bQ0gyXVtDQF04KFtDSDNdKVtPSF0pW0NASF0oW09IXSlbQ0BIXThbTkhdW0NIM10pW0NAQEhdKFtPSF0pW0NAQEhdN09bQ0BIXTlPW0NAQEhdKFtDQEBIXShbQ0gzXSlbTkhdW0NIM10pW0NIMl1bQ0gyXVtDQEhdOVtOSDJd,-2.3,104.941,,0.652,5,0.1705,https://patents.google.com/?q=SOVOISHMVWJPRO-UHFFFAOYSA-N,-40.2173500061035,0.0001,-0.657256688051898,3052.612,0,-9.214,3,,18290,,"160895664  1
3467  2
22961696  2
22961702  2",,3,,-94.68408203125,223,8.495,,vsw_Gentamicin_Analog_3-LIGPREP-010-in.maegz,0.7150388,,452738122,-1.276,1,31383578,-11.4036169144225,J2VwaWtfcHl0aG9uJywgJy1waCcsICc3LjAwMDAwMCcsICctcGh0JywgJzIuMDAwMDAwJywgJy1tcycsICcxNicsICctdG4nLCAnOCcsICctbWEnLCAnMjAwJywgJy1pbWFlJywgJzxpbmZpbGUubWFlPicsICctb21hZScsICc8b3V0ZmlsZS5tYWU+Jw==,2,79,-1.762,24,56135,18290-1,,,0.31417965256055,18,-2,68.618,glide-grid_Ab_minmz,,0.066,0,,-11.2599169144225,314.681,"This compound contains an acetal/aminal-like group ( X-CH(R)-Y where X, Y are N, S, or O) that may be acid/base labile, releasing an aldehyde.",1,0,,-178.015157100677,,0,47,333.292,0.992,0.0,96,0,-54.4667320251465,0.034,-6.535,-0.334032264096387,452738122,33.355,0.1437,133.078143,0.066809,22,OPLS_2005,0.1705,5,10.25,43,2,1,-2.997,,,32.407,-0.98,51.175,-4.06,0.00675658329264221,1124.335,1,452738122-1,-2.09703441094954,62.539,,1829_sdstereoexpander_1_neutralizer_1_epik_1_stereoizer_1,3,53.248
,13.26,1840,901.747,4,19.7458438873291,31383578,0.0430031311459232,-0.565230771469486,2,1.5085,0,29.7,0.0563713,20,23,-0.131729618452502,,1,24262,12,137,1481.242,193.512,4,,-0.43340721682265,,W0NIMl0xW0NIMl1OKFtDSDNdKVtDSDJdW0NIMl1OMWMoYyhGKVtjSF0yKVtjSF1jKGMyMyluKFtDSDJdW0NIM10pW2NIXWMoYzM9TylDKD1PKVtOSF1bQ0BASF0oYzRbY0hdW2NIXVtjSF1bY0hdW2NIXTQpQyg9TylbTkhdW0NAQEhdKEM1PU8pW0NAQEhdKE41NilTQyhbQ0gzXSkoW0NIM10pW0NASF02Qyg9TylbTkhdW0NASF03W0NIMl1bQ0BASF0oW05IMl0pW0NAQEhdKE9bQ0BASF0oT1tDSDJdW0NAXTgoW0NIM10pW09IXSlbQ0BIXShbT0hdKVtDQEhdOFtOSF1bQ0gzXSlbQ0BASF0oW09IXSlbQ0BASF03T1tDQEhdOU9bQ0BASF0oW0NAQEhdKFtDSDNdKVtOSF1bQ0gzXSlbQ0gyXVtDSDJdW0NASF05W05IMl0=,-2.20509835280937,107.682,,0.763,5,0.1058,https://patents.google.com/?q=SOVOISHMVWJPRO-UHFFFAOYSA-N,-38.9098815917969,1.3438,-1.29517661992856,3119.197,0,-9.48,3,,18398,,"160895664  1
3467  2
22961696  2
22961702  2",,3,,-98.3017997741699,838,8.595,,vsw_Gentamicin_Analog_3-LIGPREP-008-in.maegz,0.6970022,,452738122,-1.196,1,31383578,-11.9151398577477,J2VwaWtfcHl0aG9uJywgJy1waCcsICc3LjAwMDAwMCcsICctcGh0JywgJzIuMDAwMDAwJywgJy1tcycsICcxNicsICctdG4nLCAnOCcsICctbWEnLCAnMjAwJywgJy1pbWFlJywgJzxpbmZpbGUubWFlPicsICctb21hZScsICc8b3V0ZmlsZS5tYWU+Jw==,2,79,-1.608,24,56135,18398-2,,,1.61422151779116,17,-2,69.336,glide-grid_Ab_minmz,,0.037,0,,-10.4066398577477,324.689,"This compound contains an acetal/aminal-like group ( X-CH(R)-Y where X, Y are N, S, or O) that may be acid/base labile, releasing an aldehyde.",1,0,,-180.369559374062,,0,47,349.285,0.214,0.0,354,0,-59.391918182373,0.024,-6.865,-0.154864890214384,452738122,32.27,1.5085,146.764359,0.0641937,22,OPLS_2005,1.4495,4,10.25,43,2,1,-2.997,,,33.585,-0.9,51.442,-4.548,0.000609159699880607,1124.335,1,452738122-2,-1.93812104031633,62.138,,1840_sdstereoexpander_1_neutralizer_1_epik_2_stereoizer_1,3,36.698
,8.442,1830,918.87,4,17.4956398010254,31383578,0.0301021918021462,-0.557642795909044,2,1.7836,0,29.7,0.0226717,20,23,-0.129961206016631,,1,24262,12,169,1524.873,238.164,4,,-0.362768128229972,,W0NIMl0xW0NIMl1OKFtDSDNdKVtDSDJdW0NIMl1OMWMoYyhGKVtjSF0yKVtjSF1jKGMyMyluKFtDSDJdW0NIM10pW2NIXWMoYzM9TylDKD1PKVtOSF1bQ0BASF0oYzRbY0hdW2NIXVtjSF1bY0hdW2NIXTQpQyg9TylbTkhdW0NASF0oQzU9TylbQ0BASF0oTjU2KVNDKFtDSDNdKShbQ0gzXSlbQ0BASF02Qyg9TylbTkhdW0NAQEhdN1tDSDJdW0NAQEhdKFtOSDJdKVtDQEBIXShPW0NAQEhdKE9bQ0gyXVtDQF04KFtDSDNdKVtPSF0pW0NASF0oW09IXSlbQ0BIXThbTkhdW0NIM10pW0NAQEhdKFtPSF0pW0NAQEhdN09bQ0BIXTlPW0NAQEhdKFtDQEBIXShbQ0gzXSlbTkhdW0NIM10pW0NIMl1bQ0gyXVtDQEhdOVtOSDJd,-2.3,109.09,,0.749,5,0.1262,https://patents.google.com/?q=SOVOISHMVWJPRO-UHFFFAOYSA-N,-39.032829284668,1.579,-0.96684170565424,3143.714,0,-8.478,3,,18292,,"160895664  1
3467  2
22961696  2
22961702  2",,3,,-98.1432914733887,371,8.66,,vsw_Gentamicin_Analog_3-LIGPREP-002-in.maegz,0.6806023,,452738122,-1.204,1,31383578,-12.0505352753138,J2VwaWtfcHl0aG9uJywgJy1waCcsICc3LjAwMDAwMCcsICctcGh0JywgJzIuMDAwMDAwJywgJy1tcycsICcxNicsICctdG4nLCAnOCcsICctbWEnLCAnMjAwJywgJy1pbWFlJywgJzxpbmZpbGUubWFlPicsICctb21hZScsICc8b3V0ZmlsZS5tYWU+Jw==,2,79,-1.055,24,56135,18292-4,,,1.90971424063773,15,-2,69.185,glide-grid_Ab_minmz,,0.155,0,,-10.2669352753138,315.268,"This compound contains an acetal/aminal-like group ( X-CH(R)-Y where X, Y are N, S, or O) that may be acid/base labile, releasing an aldehyde.",1,0,,-197.587536778865,,0,47,303.463,-0.873,0.0,47,0,-59.1104621887207,0.078,-7.344,-0.290504523795732,452738122,33.488,1.7836,128.547033,0.0623569,22,OPLS_2005,1.7052,4,10.25,43,2,1,-2.997,,,34.535,-1.205,50.827,-4.054,0.000501126446508128,1124.335,1,452738122-4,-1.91210261416295,52.388,,1830_sdstereoexpander_1_neutralizer_1_epik_4_stereoizer_1,3,64.376
,8.442,1833,918.87,4,17.4956398010254,31383578,0.0301021918021462,-0.557642795909044,2,1.7836,0,29.7,0.0226717,20,23,-0.129961206016631,,1,24262,12,44,1524.873,238.164,4,,-0.362768128229972,,W0NIMl0xW0NIMl1OKFtDSDNdKVtDSDJdW0NIMl1OMWMoYyhGKVtjSF0yKVtjSF1jKGMyMyluKFtDSDJdW0NIM10pW2NIXWMoYzM9TylDKD1PKVtOSF1bQ0BASF0oYzRbY0hdW2NIXVtjSF1bY0hdW2NIXTQpQyg9TylbTkhdW0NASF0oQzU9TylbQ0BASF0oTjU2KVNDKFtDSDNdKShbQ0gzXSlbQ0BASF02Qyg9TylbTkhdW0NAQEhdN1tDSDJdW0NAQEhdKFtOSDJdKVtDQEBIXShPW0NAQEhdKE9bQ0gyXVtDQF04KFtDSDNdKVtPSF0pW0NASF0oW09IXSlbQ0BIXThbTkhdW0NIM10pW0NAQEhdKFtPSF0pW0NAQEhdN09bQ0BIXTlPW0NAQEhdKFtDQEBIXShbQ0gzXSlbTkhdW0NIM10pW0NIMl1bQ0gyXVtDQEhdOVtOSDJd,-2.3,109.09,,0.749,5,0.1262,https://patents.google.com/?q=SOVOISHMVWJPRO-UHFFFAOYSA-N,-39.032829284668,1.579,-0.96684170565424,3143.714,0,-8.478,3,,18324,,"160895664  1
3467  2
22961696  2
22961702  2",,3,,-98.1432914733887,371,8.66,,vsw_Gentamicin_Analog_3-LIGPREP-004-in.maegz,0.6806023,,452738122,-1.204,1,31383578,-12.0505352753138,J2VwaWtfcHl0aG9uJywgJy1waCcsICc3LjAwMDAwMCcsICctcGh0JywgJzIuMDAwMDAwJywgJy1tcycsICcxNicsICctdG4nLCAnOCcsICctbWEnLCAnMjAwJywgJy1pbWFlJywgJzxpbmZpbGUubWFlPicsICctb21hZScsICc8b3V0ZmlsZS5tYWU+Jw==,2,79,-1.055,24,56135,18324-4,,,1.90971424063773,15,-2,69.185,glide-grid_Ab_minmz,,0.155,0,,-10.2669352753138,315.268,"This compound contains an acetal/aminal-like group ( X-CH(R)-Y where X, Y are N, S, or O) that may be acid/base labile, releasing an aldehyde.",1,0,,-197.587536778865,,0,47,303.463,-0.873,0.0,47,0,-59.1104621887207,0.078,-7.344,-0.290504523795732,452738122,33.488,1.7836,128.547033,0.0623569,22,OPLS_2005,1.7052,4,10.25,43,2,1,-2.997,,,34.535,-1.205,50.827,-4.054,0.000501126446508128,1124.335,1,452738122-4,-1.91210261416295,52.388,,1833_sdstereoexpander_1_neutralizer_1_epik_4_stereoizer_1,3,64.376
,8.443,1836,918.87,4,17.4956398010254,31383578,0.0301021918021462,-0.557642795909044,2,1.7836,0,29.7,0.0226741,20,23,-0.129961206016631,,1,24262,12,449,1524.873,238.164,4,,-0.362768128229972,,W0NIMl0xW0NIMl1OKFtDSDNdKVtDSDJdW0NIMl1OMWMoYyhGKVtjSF0yKVtjSF1jKGMyMyluKFtDSDJdW0NIM10pW2NIXWMoYzM9TylDKD1PKVtOSF1bQ0BASF0oYzRbY0hdW2NIXVtjSF1bY0hdW2NIXTQpQyg9TylbTkhdW0NASF0oQzU9TylbQ0BASF0oTjU2KVNDKFtDSDNdKShbQ0gzXSlbQ0BASF02Qyg9TylbTkhdW0NAQEhdN1tDSDJdW0NAQEhdKFtOSDJdKVtDQEBIXShPW0NAQEhdKE9bQ0gyXVtDQF04KFtDSDNdKVtPSF0pW0NASF0oW09IXSlbQ0BIXThbTkhdW0NIM10pW0NAQEhdKFtPSF0pW0NAQEhdN09bQ0BIXTlPW0NAQEhdKFtDQEBIXShbQ0gzXSlbTkhdW0NIM10pW0NIMl1bQ0gyXVtDQEhdOVtOSDJd,-2.3,109.09,,0.749,5,0.1262,https://patents.google.com/?q=SOVOISHMVWJPRO-UHFFFAOYSA-N,-39.032829284668,1.579,-0.96684170565424,3143.714,0,-8.478,3,,18356,,"160895664  1
3467  2
22961696  2
22961702  2",,3,,-98.1432914733887,371,8.66,,vsw_Gentamicin_Analog_3-LIGPREP-006-in.maegz,0.6806023,,452738122,-1.204,1,31383578,-12.0505352753138,J2VwaWtfcHl0aG9uJywgJy1waCcsICc3LjAwMDAwMCcsICctcGh0JywgJzIuMDAwMDAwJywgJy1tcycsICcxNicsICctdG4nLCAnOCcsICctbWEnLCAnMjAwJywgJy1pbWFlJywgJzxpbmZpbGUubWFlPicsICctb21hZScsICc8b3V0ZmlsZS5tYWU+Jw==,2,79,-1.055,24,56135,18356-4,,,1.90971424063773,15,-2,69.185,glide-grid_Ab_minmz,,0.155,0,,-10.2669352753138,315.268,"This compound contains an acetal/aminal-like group ( X-CH(R)-Y where X, Y are N, S, or O) that may be acid/base labile, releasing an aldehyde.",1,0,,-197.587536778865,,0,47,303.463,-0.873,0.0,47,0,-59.1104621887207,0.078,-7.344,-0.290504523795732,452738122,33.488,1.7836,128.547033,0.0623569,22,OPLS_2005,1.7052,4,10.25,43,2,1,-2.997,,,34.535,-1.205,50.827,-4.054,0.000501126446508128,1124.335,1,452738122-4,-1.91210261416295,52.388,,1836_sdstereoexpander_1_neutralizer_1_epik_4_stereoizer_1,3,64.376
,8.442,1839,918.87,4,17.4956398010254,31383578,0.0301021918021462,-0.557642795909044,2,1.7836,0,29.7,0.0226717,20,23,-0.129961206016631,,1,24262,12,134,1524.873,238.164,4,,-0.362768128229972,,W0NIMl0xW0NIMl1OKFtDSDNdKVtDSDJdW0NIMl1OMWMoYyhGKVtjSF0yKVtjSF1jKGMyMyluKFtDSDJdW0NIM10pW2NIXWMoYzM9TylDKD1PKVtOSF1bQ0BASF0oYzRbY0hdW2NIXVtjSF1bY0hdW2NIXTQpQyg9TylbTkhdW0NASF0oQzU9TylbQ0BASF0oTjU2KVNDKFtDSDNdKShbQ0gzXSlbQ0BASF02Qyg9TylbTkhdW0NAQEhdN1tDSDJdW0NAQEhdKFtOSDJdKVtDQEBIXShPW0NAQEhdKE9bQ0gyXVtDQF04KFtDSDNdKVtPSF0pW0NASF0oW09IXSlbQ0BIXThbTkhdW0NIM10pW0NAQEhdKFtPSF0pW0NAQEhdN09bQ0BIXTlPW0NAQEhdKFtDQEBIXShbQ0gzXSlbTkhdW0NIM10pW0NIMl1bQ0gyXVtDQEhdOVtOSDJd,-2.3,109.09,,0.749,5,0.1262,https://patents.google.com/?q=SOVOISHMVWJPRO-UHFFFAOYSA-N,-39.032829284668,1.579,-0.96684170565424,3143.714,0,-8.478,3,,18388,,"160895664  1
3467  2
22961696  2
22961702  2",,3,,-98.1432914733887,371,8.66,,vsw_Gentamicin_Analog_3-LIGPREP-008-in.maegz,0.6806023,,452738122,-1.204,1,31383578,-12.0505352753138,J2VwaWtfcHl0aG9uJywgJy1waCcsICc3LjAwMDAwMCcsICctcGh0JywgJzIuMDAwMDAwJywgJy1tcycsICcxNicsICctdG4nLCAnOCcsICctbWEnLCAnMjAwJywgJy1pbWFlJywgJzxpbmZpbGUubWFlPicsICctb21hZScsICc8b3V0ZmlsZS5tYWU+Jw==,2,79,-1.055,24,56135,18388-4,,,1.90971424063773,15,-2,69.185,glide-grid_Ab_minmz,,0.155,0,,-10.2669352753138,315.268,"This compound contains an acetal/aminal-like group ( X-CH(R)-Y where X, Y are N, S, or O) that may be acid/base labile, releasing an aldehyde.",1,0,,-197.587536778865,,0,47,303.463,-0.873,0.0,47,0,-59.1104621887207,0.078,-7.344,-0.290504523795732,452738122,33.488,1.7836,128.547033,0.0623569,22,OPLS_2005,1.7052,4,10.25,43,2,1,-2.997,,,34.535,-1.205,50.827,-4.054,0.000501126446508128,1124.335,1,452738122-4,-1.91210261416295,52.388,,1839_sdstereoexpander_1_neutralizer_1_epik_4_stereoizer_1,3,64.376
,8.442,1826,918.87,4,17.4956398010254,31383578,0.0301021918021462,-0.557642795909044,2,1.7836,0,29.7,0.0226717,20,23,-0.129961206016631,,1,24262,12,354,1524.873,238.164,4,,-0.362768128229972,,W0NIMl0xW0NIMl1OKFtDSDNdKVtDSDJdW0NIMl1OMWMoYyhGKVtjSF0yKVtjSF1jKGMyMyluKFtDSDJdW0NIM10pW2NIXWMoYzM9TylDKD1PKVtOSF1bQ0BASF0oYzRbY0hdW2NIXVtjSF1bY0hdW2NIXTQpQyg9TylbTkhdW0NASF0oQzU9TylbQ0BASF0oTjU2KVNDKFtDSDNdKShbQ0gzXSlbQ0BASF02Qyg9TylbTkhdW0NAQEhdN1tDSDJdW0NAQEhdKFtOSDJdKVtDQEBIXShPW0NAQEhdKE9bQ0gyXVtDQF04KFtDSDNdKVtPSF0pW0NASF0oW09IXSlbQ0BIXThbTkhdW0NIM10pW0NAQEhdKFtPSF0pW0NAQEhdN09bQ0BIXTlPW0NAQEhdKFtDQEBIXShbQ0gzXSlbTkhdW0NIM10pW0NIMl1bQ0gyXVtDQEhdOVtOSDJd,-2.3,109.09,,0.749,5,0.1262,https://patents.google.com/?q=SOVOISHMVWJPRO-UHFFFAOYSA-N,-39.032829284668,1.579,-0.96684170565424,3143.714,0,-8.478,3,,18260,,"160895664  1
3467  2
22961696  2
22961702  2",,3,,-98.1432914733887,371,8.66,,vsw_Gentamicin_Analog_3-LIGPREP-010-in.maegz,0.6806023,,452738122,-1.204,1,31383578,-12.0505352753138,J2VwaWtfcHl0aG9uJywgJy1waCcsICc3LjAwMDAwMCcsICctcGh0JywgJzIuMDAwMDAwJywgJy1tcycsICcxNicsICctdG4nLCAnOCcsICctbWEnLCAnMjAwJywgJy1pbWFlJywgJzxpbmZpbGUubWFlPicsICctb21hZScsICc8b3V0ZmlsZS5tYWU+Jw==,2,79,-1.055,24,56135,18260-4,,,1.90971424063773,15,-2,69.185,glide-grid_Ab_minmz,,0.155,0,,-10.2669352753138,315.268,"This compound contains an acetal/aminal-like group ( X-CH(R)-Y where X, Y are N, S, or O) that may be acid/base labile, releasing an aldehyde.",1,0,,-197.587536778865,,0,47,303.463,-0.873,0.0,47,0,-59.1104621887207,0.078,-7.344,-0.290504523795732,452738122,33.488,1.7836,128.547033,0.0623569,22,OPLS_2005,1.7052,4,10.25,43,2,1,-2.997,,,34.535,-1.205,50.827,-4.054,0.000501126446508128,1124.335,1,452738122-4,-1.91210261416295,52.388,,1826_sdstereoexpander_1_neutralizer_1_epik_4_stereoizer_1,3,64.376
,5.85,1833,946.512,4,31.437614440918,31383578,0.0301021918021462,-0.551573561548005,2,1.7836,0,29.7,0.0112057,20,23,-0.128546743168828,,1,24262,12,174,1418.395,173.938,4,,-0.402509204608883,,W0NIMl0xW0NIMl1OKFtDSDNdKVtDSDJdW0NIMl1OMWMoYyhGKVtjSF0yKVtjSF1jKGMyMyluKFtDSDJdW0NIM10pW2NIXWMoYzM9TylDKD1PKVtOSF1bQ0BASF0oYzRbY0hdW2NIXVtjSF1bY0hdW2NIXTQpQyg9TylbTkhdW0NAQEhdKEM1PU8pW0NASF0oTjU2KVNDKFtDSDNdKShbQ0gzXSlbQ0BASF02Qyg9TylbTkhdW0NAQEhdN1tDSDJdW0NAQEhdKFtOSDJdKVtDQEBIXShPW0NAQEhdKE9bQ0gyXVtDQF04KFtDSDNdKVtPSF0pW0NASF0oW09IXSlbQ0BIXThbTkhdW0NIM10pW0NAQEhdKFtPSF0pW0NAQEhdN09bQ0BIXTlPW0NAQEhdKFtDQEBIXShbQ0gzXSlbTkhdW0NIM10pW0NIMl1bQ0gyXVtDQEhdOVtOSDJd,-2.3,104.868,,0.913,5,0.1262,https://patents.google.com/?q=SOVOISHMVWJPRO-UHFFFAOYSA-N,-38.8868942260742,1.579,-0.773251835601187,3053.557,0,-7.371,3,,18322,,"160895664  1
3467  2
22961696  2
22961702  2",,3,,-98.4132919311523,427,8.716,,vsw_Gentamicin_Analog_3-LIGPREP-002-in.maegz,0.7176376,,452738122,-1.263,1,31383578,-11.9387927103374,J2VwaWtfcHl0aG9uJywgJy1waCcsICc3LjAwMDAwMCcsICctcGh0JywgJzIuMDAwMDAwJywgJy1tcycsICcxNicsICctdG4nLCAnOCcsICctbWEnLCAnMjAwJywgJy1pbWFlJywgJzxpbmZpbGUubWFlPicsICctb21hZScsICc8b3V0ZmlsZS5tYWU+Jw==,2,79,-1.0,24,56135,18322-4,,,1.90971424063773,14,-2,67.433,glide-grid_Ab_minmz,,0.88,0,,-10.1551927103374,314.99,"This compound contains an acetal/aminal-like group ( X-CH(R)-Y where X, Y are N, S, or O) that may be acid/base labile, releasing an aldehyde.",1,0,,-191.569038376211,,0,47,231.096,-0.45,0.0,284,0,-59.5263977050781,0.703,-6.438,-0.536813976675584,452738122,33.478,1.7836,124.920886,0.067038,22,OPLS_2005,1.7052,4,10.25,43,2,1,-2.997,,,31.628,-0.98,47.146,-2.672,0.0169677148270873,1124.335,1,452738122-4,-1.89129180306157,18.644,,1833_sdstereoexpander_1_neutralizer_1_epik_4_stereoizer_1,3,66.848
,5.793,1836,941.488,4,31.437614440918,31383578,0.0301021918021462,-0.551573561548005,2,1.7836,0,29.7,0.011005,20,23,-0.128546743168828,,1,24262,12,49,1412.681,174.361,4,,-0.402509204608883,,W0NIMl0xW0NIMl1OKFtDSDNdKVtDSDJdW0NIMl1OMWMoYyhGKVtjSF0yKVtjSF1jKGMyMyluKFtDSDJdW0NIM10pW2NIXWMoYzM9TylDKD1PKVtOSF1bQ0BASF0oYzRbY0hdW2NIXVtjSF1bY0hdW2NIXTQpQyg9TylbTkhdW0NAQEhdKEM1PU8pW0NASF0oTjU2KVNDKFtDSDNdKShbQ0gzXSlbQ0BASF02Qyg9TylbTkhdW0NAQEhdN1tDSDJdW0NAQEhdKFtOSDJdKVtDQEBIXShPW0NAQEhdKE9bQ0gyXVtDQF04KFtDSDNdKVtPSF0pW0NASF0oW09IXSlbQ0BIXThbTkhdW0NIM10pW0NAQEhdKFtPSF0pW0NAQEhdN09bQ0BIXTlPW0NAQEhdKFtDQEBIXShbQ0gzXSlbTkhdW0NIM10pW0NIMl1bQ0gyXVtDQEhdOVtOSDJd,-2.3,104.726,,0.91,5,0.1262,https://patents.google.com/?q=SOVOISHMVWJPRO-UHFFFAOYSA-N,-38.8868942260742,1.579,-0.773251835601187,3049.889,0,-7.349,3,,18354,,"160895664  1
3467  2
22961696  2
22961702  2",,3,,-98.4132919311523,427,8.711,,vsw_Gentamicin_Analog_3-LIGPREP-004-in.maegz,0.7199633,,452738122,-1.262,1,31383578,-11.9387927103374,J2VwaWtfcHl0aG9uJywgJy1waCcsICc3LjAwMDAwMCcsICctcGh0JywgJzIuMDAwMDAwJywgJy1tcycsICcxNicsICctdG4nLCAnOCcsICctbWEnLCAnMjAwJywgJy1pbWFlJywgJzxpbmZpbGUubWFlPicsICctb21hZScsICc8b3V0ZmlsZS5tYWU+Jw==,2,79,-1.004,24,56135,18354-4,,,1.90971424063773,14,-2,67.396,glide-grid_Ab_minmz,,0.903,0,,-10.1551927103374,313.533,"This compound contains an acetal/aminal-like group ( X-CH(R)-Y where X, Y are N, S, or O) that may be acid/base labile, releasing an aldehyde.",1,0,,-191.569038376211,,0,47,229.982,-0.382,0.0,284,0,-59.5263977050781,0.725,-6.402,-0.536813976675584,452738122,33.368,1.7836,124.419888,0.0673092,22,OPLS_2005,1.7052,4,10.25,43,2,1,-2.997,,,31.526,-0.98,47.099,-2.639,0.0209045661785825,1124.335,1,452738122-4,-1.89129180306157,18.264,,1836_sdstereoexpander_1_neutralizer_1_epik_4_stereoizer_1,3,66.85
,5.812,1839,945.9,4,31.437614440918,31383578,0.0301021918021462,-0.551573561548005,2,1.7836,0,29.7,0.0110694,20,23,-0.128546743168828,,1,24262,12,454,1417.257,174.437,4,,-0.402509204608883,,W0NIMl0xW0NIMl1OKFtDSDNdKVtDSDJdW0NIMl1OMWMoYyhGKVtjSF0yKVtjSF1jKGMyMyluKFtDSDJdW0NIM10pW2NIXWMoYzM9TylDKD1PKVtOSF1bQ0BASF0oYzRbY0hdW2NIXVtjSF1bY0hdW2NIXTQpQyg9TylbTkhdW0NAQEhdKEM1PU8pW0NASF0oTjU2KVNDKFtDSDNdKShbQ0gzXSlbQ0BASF02Qyg9TylbTkhdW0NAQEhdN1tDSDJdW0NAQEhdKFtOSDJdKVtDQEBIXShPW0NAQEhdKE9bQ0gyXVtDQF04KFtDSDNdKVtPSF0pW0NASF0oW09IXSlbQ0BIXThbTkhdW0NIM10pW0NAQEhdKFtPSF0pW0NAQEhdN09bQ0BIXTlPW0NAQEhdKFtDQEBIXShbQ0gzXSlbTkhdW0NIM10pW0NIMl1bQ0gyXVtDQEhdOVtOSDJd,-2.3,104.799,,0.91,5,0.1262,https://patents.google.com/?q=SOVOISHMVWJPRO-UHFFFAOYSA-N,-38.8868942260742,1.579,-0.773251835601187,3051.703,0,-7.35,3,,18386,,"160895664  1
3467  2
22961696  2
22961702  2",,3,,-98.4132919311523,427,8.71,,vsw_Gentamicin_Analog_3-LIGPREP-006-in.maegz,0.7179229,,452738122,-1.266,1,31383578,-11.9387927103374,J2VwaWtfcHl0aG9uJywgJy1waCcsICc3LjAwMDAwMCcsICctcGh0JywgJzIuMDAwMDAwJywgJy1tcycsICcxNicsICctdG4nLCAnOCcsICctbWEnLCAnMjAwJywgJy1pbWFlJywgJzxpbmZpbGUubWFlPicsICctb21hZScsICc8b3V0ZmlsZS5tYWU+Jw==,2,79,-1.002,24,56135,18386-4,,,1.90971424063773,14,-2,67.404,glide-grid_Ab_minmz,,0.901,0,,-10.1551927103374,313.491,"This compound contains an acetal/aminal-like group ( X-CH(R)-Y where X, Y are N, S, or O) that may be acid/base labile, releasing an aldehyde.",1,0,,-191.569038376211,,0,47,230.062,-0.444,0.0,284,0,-59.5263977050781,0.723,-6.436,-0.536813976675584,452738122,33.377,1.7836,124.556152,0.0670918,22,OPLS_2005,1.7052,4,10.25,43,2,1,-2.997,,,31.602,-0.98,47.117,-2.657,0.0180601688560679,1124.335,1,452738122-4,-1.89129180306157,18.346,,1839_sdstereoexpander_1_neutralizer_1_epik_4_stereoizer_1,3,66.858
,5.798,1826,942.335,4,31.437614440918,31383578,0.0301021918021462,-0.551573561548005,2,1.7836,0,29.7,0.0110222,20,23,-0.128546743168828,,1,24262,12,129,1413.53,174.239,4,,-0.402509204608883,,W0NIMl0xW0NIMl1OKFtDSDNdKVtDSDJdW0NIMl1OMWMoYyhGKVtjSF0yKVtjSF1jKGMyMyluKFtDSDJdW0NIM10pW2NIXWMoYzM9TylDKD1PKVtOSF1bQ0BASF0oYzRbY0hdW2NIXVtjSF1bY0hdW2NIXTQpQyg9TylbTkhdW0NAQEhdKEM1PU8pW0NASF0oTjU2KVNDKFtDSDNdKShbQ0gzXSlbQ0BASF02Qyg9TylbTkhdW0NAQEhdN1tDSDJdW0NAQEhdKFtOSDJdKVtDQEBIXShPW0NAQEhdKE9bQ0gyXVtDQF04KFtDSDNdKVtPSF0pW0NASF0oW09IXSlbQ0BIXThbTkhdW0NIM10pW0NAQEhdKFtPSF0pW0NAQEhdN09bQ0BIXTlPW0NAQEhdKFtDQEBIXShbQ0gzXSlbTkhdW0NIM10pW0NIMl1bQ0gyXVtDQEhdOVtOSDJd,-2.3,104.723,,0.909,5,0.1262,https://patents.google.com/?q=SOVOISHMVWJPRO-UHFFFAOYSA-N,-38.8868942260742,1.579,-0.773251835601187,3049.86,0,-7.352,3,,18258,,"160895664  1
3467  2
22961696  2
22961702  2",,3,,-98.4132919311523,427,8.71,,vsw_Gentamicin_Analog_3-LIGPREP-008-in.maegz,0.7195263,,452738122,-1.264,1,31383578,-11.9387927103374,J2VwaWtfcHl0aG9uJywgJy1waCcsICc3LjAwMDAwMCcsICctcGh0JywgJzIuMDAwMDAwJywgJy1tcycsICcxNicsICctdG4nLCAnOCcsICctbWEnLCAnMjAwJywgJy1pbWFlJywgJzxpbmZpbGUubWFlPicsICctb21hZScsICc8b3V0ZmlsZS5tYWU+Jw==,2,79,-1.007,24,56135,18258-4,,,1.90971424063773,14,-2,67.391,glide-grid_Ab_minmz,,0.9,0,,-10.1551927103374,313.493,"This compound contains an acetal/aminal-like group ( X-CH(R)-Y where X, Y are N, S, or O) that may be acid/base labile, releasing an aldehyde.",1,0,,-191.569038376211,,0,47,230.109,-0.393,0.0,284,0,-59.5263977050781,0.723,-6.409,-0.536813976675584,452738122,33.37,1.7836,124.410882,0.0672688,22,OPLS_2005,1.7052,4,10.25,43,2,1,-2.997,,,31.539,-0.98,47.103,-2.644,0.0202368538801827,1124.335,1,452738122-4,-1.89129180306157,18.285,,1826_sdstereoexpander_1_neutralizer_1_epik_4_stereoizer_1,3,66.848
,5.798,1829,942.335,4,31.437614440918,31383578,0.0301021918021462,-0.551573561548005,2,1.7836,0,29.7,0.0110222,20,23,-0.128546743168828,,1,24262,12,359,1413.53,174.239,4,,-0.402509204608883,,W0NIMl0xW0NIMl1OKFtDSDNdKVtDSDJdW0NIMl1OMWMoYyhGKVtjSF0yKVtjSF1jKGMyMyluKFtDSDJdW0NIM10pW2NIXWMoYzM9TylDKD1PKVtOSF1bQ0BASF0oYzRbY0hdW2NIXVtjSF1bY0hdW2NIXTQpQyg9TylbTkhdW0NAQEhdKEM1PU8pW0NASF0oTjU2KVNDKFtDSDNdKShbQ0gzXSlbQ0BASF02Qyg9TylbTkhdW0NAQEhdN1tDSDJdW0NAQEhdKFtOSDJdKVtDQEBIXShPW0NAQEhdKE9bQ0gyXVtDQF04KFtDSDNdKVtPSF0pW0NASF0oW09IXSlbQ0BIXThbTkhdW0NIM10pW0NAQEhdKFtPSF0pW0NAQEhdN09bQ0BIXTlPW0NAQEhdKFtDQEBIXShbQ0gzXSlbTkhdW0NIM10pW0NIMl1bQ0gyXVtDQEhdOVtOSDJd,-2.3,104.723,,0.909,5,0.1262,https://patents.google.com/?q=SOVOISHMVWJPRO-UHFFFAOYSA-N,-38.8868942260742,1.579,-0.773251835601187,3049.86,0,-7.352,3,,18290,,"160895664  1
3467  2
22961696  2
22961702  2",,3,,-98.4132919311523,427,8.71,,vsw_Gentamicin_Analog_3-LIGPREP-010-in.maegz,0.7195263,,452738122,-1.264,1,31383578,-11.9387927103374,J2VwaWtfcHl0aG9uJywgJy1waCcsICc3LjAwMDAwMCcsICctcGh0JywgJzIuMDAwMDAwJywgJy1tcycsICcxNicsICctdG4nLCAnOCcsICctbWEnLCAnMjAwJywgJy1pbWFlJywgJzxpbmZpbGUubWFlPicsICctb21hZScsICc8b3V0ZmlsZS5tYWU+Jw==,2,79,-1.007,24,56135,18290-4,,,1.90971424063773,14,-2,67.391,glide-grid_Ab_minmz,,0.9,0,,-10.1551927103374,313.493,"This compound contains an acetal/aminal-like group ( X-CH(R)-Y where X, Y are N, S, or O) that may be acid/base labile, releasing an aldehyde.",1,0,,-191.569038376211,,0,47,230.109,-0.393,0.0,284,0,-59.5263977050781,0.723,-6.409,-0.536813976675584,452738122,33.37,1.7836,124.410882,0.0672688,22,OPLS_2005,1.7052,4,10.25,43,2,1,-2.997,,,31.539,-0.98,47.103,-2.644,0.0202368538801827,1124.335,1,452738122-4,-1.89129180306157,18.285,,1829_sdstereoexpander_1_neutralizer_1_epik_4_stereoizer_1,3,66.848
,11.044,1834,896.55,4,19.8218994140625,31383578,0.0430031311459232,-0.538878336778313,2,1.5085,0,29.7,0.0395678,20,23,-0.125588062927955,,1,24262,12,512,1460.302,236.742,4,,-0.642353338018394,,W0NIMl0xW0NIMl1OKFtDSDNdKVtDSDJdW0NIMl1OMWMoYyhGKVtjSF0yKVtjSF1jKGMyMyluKFtDSDJdW0NIM10pW2NIXWMoYzM9TylDKD1PKVtOSF1bQ0BIXShjNFtjSF1bY0hdW2NIXVtjSF1bY0hdNClDKD1PKVtOSF1bQ0BIXShDNT1PKVtDQEhdKE41NilTQyhbQ0gzXSkoW0NIM10pW0NAQEhdNkMoPU8pW05IXVtDQEhdN1tDSDJdW0NAQEhdKFtOSDJdKVtDQEBIXShPW0NAQEhdKE9bQ0gyXVtDQF04KFtDSDNdKVtPSF0pW0NASF0oW09IXSlbQ0BIXThbTkhdW0NIM10pW0NAQEhdKFtPSF0pW0NAQEhdN09bQ0BIXTlPW0NAQEhdKFtDQEBIXShbQ0gzXSlbTkhdW0NIM10pW0NIMl1bQ0gyXVtDQEhdOVtOSDJd,-2.3,106.618,,0.744,5,0.1058,https://patents.google.com/?q=SOVOISHMVWJPRO-UHFFFAOYSA-N,-42.1904144287109,1.3438,-0.661167067170334,3082.288,0,-7.913,3,,18335,,"160895664  1
3467  2
22961696  2
22961702  2",,3,,-93.5792083740234,26,8.629,,vsw_Gentamicin_Analog_3-LIGPREP-005-in.maegz,0.7014089,,452738122,-1.263,1,31383578,-11.4299569713084,J2VwaWtfcHl0aG9uJywgJy1waCcsICc3LjAwMDAwMCcsICctcGh0JywgJzIuMDAwMDAwJywgJy1tcycsICcxNicsICctdG4nLCAnOCcsICctbWEnLCAnMjAwJywgJy1pbWFlJywgJzxpbmZpbGUubWFlPicsICctb21hZScsICc8b3V0ZmlsZS5tYWU+Jw==,2,79,-1.158,24,56135,18335-2,,,1.61422151779116,15,-2,68.534,glide-grid_Ab_minmz,,0.283,0,,-9.92145697130843,312.952,"This compound contains an acetal/aminal-like group ( X-CH(R)-Y where X, Y are N, S, or O) that may be acid/base labile, releasing an aldehyde.",1,0,,-185.547067011874,,0,47,272.525,-0.202,0.0,245,0,-51.3887939453125,0.183,-7.0,-0.4,452738122,32.114,1.5085,135.98209,0.0651142,22,OPLS_2005,1.4495,4,10.25,43,2,1,-2.997,,,33.033,-0.9,49.731,-3.404,0.00861556495955399,1124.335,1,452738122-2,-1.84776111881782,42.69,,1834_sdstereoexpander_1_neutralizer_1_epik_2_stereoizer_1,3,54.485
,1.475,316,489.857,5,6.80898141860962,0001403663,0.304942915495211,-0.96110410697197,2,0.1757,0,16.95,0.0015187,13,12,-0.299639539039132,,1,ChemIDplus,8,41,725.589,0.0,0,,-0.440356332229474,"Gentamicin [INN:BAN]
T6Z9V48IKG
1403-66-3
Gentamicina
Gentamicine
Gentamicinum
Gentamycin-creme
UNII-T6Z9V48IKG
Gentamicins
Gentamicina [INN-Spanish]
Gentamicine [INN-French]
Gentamicinum [INN-Latin]
Gentamycin
Gentamycin-creme [German]
Gentamycinum
Gentavet
Gentocin
HSDB 3087
Refobacin
Refobacin TM
Uromycine
Gentamicin [INN]
Gentamicin
Cidomycin
EINECS 215-765-8
Garamycin
Garasol
Gentacycol
Centicin
Gentalline
Gentamycins
Lyramycin
Oksitselanim
Septigen",W0NIM11bQ0BAXTEoW09IXSlbQ0BIXShbTkhdW0NIM10pW0NASF0oW09IXSlbQ0BIXShPW0NIMl0xKU9bQ0BASF0yW0NAQEhdKFtPSF0pW0NASF0oW0NASF0oW05IMl0pW0NIMl1bQ0BASF0yW05IMl0pT1tDQEhdM09bQ0BASF0oW0NAQEhdKFtDSDNdKVtOSF1bQ0gzXSlbQ0gyXVtDSDJdW0NASF0zW05IMl0=,-2.3,42.843,,-2.084,5,0.2114,https://pubchem.ncbi.nlm.nih.gov/substance/?source=ChemIDplus&sourceid=0001403663,-43.0169067382813,0.0003,-0.160203653781675,1432.898,0,-8.741,2,,3152,,3467  1,,2,,-62.030553817749,26,9.037,1403-66-3,vsw_Gentamicin_Analog_3-LIGPREP-002-in.maegz,0.8471317,"1
3",134980500,-0.981,1,0001403663,-10.0638047882913,J2VwaWtfcHl0aG9uJywgJy1waCcsICc3LjAwMDAwMCcsICctcGh0JywgJzIuMDAwMDAwJywgJy1tcycsICcxNicsICctdG4nLCAnOCcsICctbWEnLCAnMjAwJywgJy1pbWFlJywgJzxpbmZpbGUubWFlPicsICctb21hZScsICc8b3V0ZmlsZS5tYWU+Jw==,2,33,-3.74,16,56135,3152-1,"Enzyme Inhibitors
Anti-Bacterial Agents
Anti-Infective Agents
Mutation Data
Human Data
Natural Product
Protein Synthesis Inhibitors
Drug / Therapeutic Agent
Reproductive Effect
T6Z9V48IKG
0001403663",,0.387096191036002,5,-2,39.377,glide-grid_Ab_minmz,,0.339,0,,-9.88810478829135,182.213,"This compound contains an acetal/aminal-like group ( X-CH(R)-Y where X, Y are N, S, or O) that may be acid/base labile, releasing an aldehyde.",1,0,https://pubchem.ncbi.nlm.nih.gov/source/ChemIDplus,-146.601428738571,,0,18,235.733,2.0,0.0,267,0,-19.0136470794678,0.894,-7.636,-0.664108454711111,134980500,0.0,0.1757,110.323199,0.0774774,10,OPLS_2005,0.2117,5,11.0,18,2,7,3.223,,,15.586,-1.85339690909091,33.007,-1.613,0.0866847936836722,477.6,1,134980500-1,-2.19906330704945,0.0,,316_sdstereoexpander_1_neutralizer_1_epik_1_stereoizer_1,0,0.0
,1.475,1441,489.857,5,6.80898141860962,0288392552,0.304942915495211,-0.96110410697197,2,0.1757,0,16.95,0.0015187,13,12,-0.299639539039132,,1,ChemIDplus,8,391,725.589,0.0,0,,-0.440356332229474,"Gentamicin sulfate mixture with prednisolone acetate
288392-55-2
Gentamicin sulfate and prednisolone acetate
PRED G
Prednisolone acetate and gentamicin sulfate
Pred-G
Pregna-1,4-diene-3,20-dione, 21-(acetyloxy)-11,17-dihydroxy-, (11beta)-, mixt. with gentamicin sulfate (salt)",W0NIM11bQ0BAXTEoW09IXSlbQ0BIXShbTkhdW0NIM10pW0NASF0oW09IXSlbQ0BIXShPW0NIMl0xKU9bQ0BASF0yW0NAQEhdKFtPSF0pW0NASF0oW0NASF0oW05IMl0pW0NIMl1bQ0BASF0yW05IMl0pT1tDQEhdM09bQ0BASF0oW0NAQEhdKFtDSDNdKVtOSF1bQ0gzXSlbQ0gyXVtDSDJdW0NASF0zW05IMl0=,-2.3,42.843,,-2.084,5,0.2114,https://pubchem.ncbi.nlm.nih.gov/substance/?source=ChemIDplus&sourceid=0288392552,-43.0169067382813,0.0003,-0.160203653781675,1432.898,0,-8.741,2,,14403,,"56842138  1
1118  2
3467  2
135233  2",,2,,-62.030553817749,26,9.037,288392-55-2,vsw_Gentamicin_Analog_3-LIGPREP-003-in.maegz,0.8471318,"1
3",135264515,-0.981,1,0288392552,-10.0638047882913,J2VwaWtfcHl0aG9uJywgJy1waCcsICc3LjAwMDAwMCcsICctcGh0JywgJzIuMDAwMDAwJywgJy1tcycsICcxNicsICctdG4nLCAnOCcsICctbWEnLCAnMjAwJywgJy1pbWFlJywgJzxpbmZpbGUubWFlPicsICctb21hZScsICc8b3V0ZmlsZS5tYWU+Jw==,2,33,-3.74,16,56135,14403-1,0288392552,,0.387096191036002,5,-2,39.377,glide-grid_Ab_minmz,,0.339,0,,-9.88810478829135,182.213,"This compound contains an acetal/aminal-like group ( X-CH(R)-Y where X, Y are N, S, or O) that may be acid/base labile, releasing an aldehyde.",1,0,https://pubchem.ncbi.nlm.nih.gov/source/ChemIDplus,-146.601428738571,,0,18,235.733,2.0,0.0,267,0,-19.0136470794678,0.894,-7.636,-0.664108454711111,135264515,0.0,0.1757,110.323199,0.0774774,10,OPLS_2005,0.2117,5,11.0,18,2,7,3.223,"1  27  6
11  18  5
12  19  5
2  28  5
3  9  5
5  29  6
7  14  5
7  15  6",,15.586,-1.85339690909091,33.007,-1.613,0.0866846199720591,477.6,1,135264515-1,-2.19906330704945,0.0,,1441_sdstereoexpander_1_neutralizer_1_epik_1_stereoizer_1,0,0.0
,1.475,1444,489.857,5,6.80898141860962,0288392552,0.304942915495211,-0.96110410697197,2,0.1757,0,16.95,0.0015187,13,12,-0.299639539039132,,1,ChemIDplus,8,261,725.589,0.0,0,,-0.440356332229474,"Gentamicin sulfate mixture with prednisolone acetate
288392-55-2
Gentamicin sulfate and prednisolone acetate
PRED G
Prednisolone acetate and gentamicin sulfate
Pred-G
Pregna-1,4-diene-3,20-dione, 21-(acetyloxy)-11,17-dihydroxy-, (11beta)-, mixt. with gentamicin sulfate (salt)",W0NIM11bQ0BAXTEoW09IXSlbQ0BIXShbTkhdW0NIM10pW0NASF0oW09IXSlbQ0BIXShPW0NIMl0xKU9bQ0BASF0yW0NAQEhdKFtPSF0pW0NASF0oW0NASF0oW05IMl0pW0NIMl1bQ0BASF0yW05IMl0pT1tDQEhdM09bQ0BASF0oW0NAQEhdKFtDSDNdKVtOSF1bQ0gzXSlbQ0gyXVtDSDJdW0NASF0zW05IMl0=,-2.3,42.843,,-2.084,5,0.2114,https://pubchem.ncbi.nlm.nih.gov/substance/?source=ChemIDplus&sourceid=0288392552,-43.0169067382813,0.0003,-0.160203653781675,1432.898,0,-8.741,2,,14435,,"56842138  1
1118  2
3467  2
135233  2",,2,,-62.030553817749,26,9.037,288392-55-2,vsw_Gentamicin_Analog_3-LIGPREP-005-in.maegz,0.8471317,"1
3",135264515,-0.981,1,0288392552,-10.0638047882913,J2VwaWtfcHl0aG9uJywgJy1waCcsICc3LjAwMDAwMCcsICctcGh0JywgJzIuMDAwMDAwJywgJy1tcycsICcxNicsICctdG4nLCAnOCcsICctbWEnLCAnMjAwJywgJy1pbWFlJywgJzxpbmZpbGUubWFlPicsICctb21hZScsICc8b3V0ZmlsZS5tYWU+Jw==,2,33,-3.74,16,56135,14435-1,0288392552,,0.387096191036002,5,-2,39.377,glide-grid_Ab_minmz,,0.339,0,,-9.88810478829135,182.213,"This compound contains an acetal/aminal-like group ( X-CH(R)-Y where X, Y are N, S, or O) that may be acid/base labile, releasing an aldehyde.",1,0,https://pubchem.ncbi.nlm.nih.gov/source/ChemIDplus,-146.601428738571,,0,18,235.733,2.0,0.0,267,0,-19.0136470794678,0.894,-7.636,-0.664108454711111,135264515,0.0,0.1757,110.323199,0.0774774,10,OPLS_2005,0.2117,5,11.0,18,2,7,3.223,"1  27  6
11  18  5
12  19  5
2  28  5
3  9  5
5  29  6
7  14  5
7  15  6",,15.586,-1.85339690909091,33.007,-1.613,0.0866847936836722,477.6,1,135264515-1,-2.19906330704945,0.0,,1444_sdstereoexpander_1_neutralizer_1_epik_1_stereoizer_1,0,0.0
,1.475,312,489.857,5,6.80898141860962,0001403663,0.304942915495211,-0.96110410697197,2,0.1757,0,16.95,0.0015187,13,12,-0.299639539039132,,1,ChemIDplus,8,231,725.589,0.0,0,,-0.440356332229474,"Gentamicin [INN:BAN]
T6Z9V48IKG
1403-66-3
Gentamicina
Gentamicine
Gentamicinum
Gentamycin-creme
UNII-T6Z9V48IKG
Gentamicins
Gentamicina [INN-Spanish]
Gentamicine [INN-French]
Gentamicinum [INN-Latin]
Gentamycin
Gentamycin-creme [German]
Gentamycinum
Gentavet
Gentocin
HSDB 3087
Refobacin
Refobacin TM
Uromycine
Gentamicin [INN]
Gentamicin
Cidomycin
EINECS 215-765-8
Garamycin
Garasol
Gentacycol
Centicin
Gentalline
Gentamycins
Lyramycin
Oksitselanim
Septigen",W0NIM11bQ0BAXTEoW09IXSlbQ0BIXShbTkhdW0NIM10pW0NASF0oW09IXSlbQ0BIXShPW0NIMl0xKU9bQ0BASF0yW0NAQEhdKFtPSF0pW0NASF0oW0NASF0oW05IMl0pW0NIMl1bQ0BASF0yW05IMl0pT1tDQEhdM09bQ0BASF0oW0NAQEhdKFtDSDNdKVtOSF1bQ0gzXSlbQ0gyXVtDSDJdW0NASF0zW05IMl0=,-2.3,42.843,,-2.084,5,0.2114,https://pubchem.ncbi.nlm.nih.gov/substance/?source=ChemIDplus&sourceid=0001403663,-43.0169067382813,0.0003,-0.160203653781675,1432.898,0,-8.741,2,,3120,,3467  1,,2,,-62.030553817749,26,9.037,1403-66-3,vsw_Gentamicin_Analog_3-LIGPREP-010-in.maegz,0.8471318,"1
3",134980500,-0.981,1,0001403663,-10.0638047882913,J2VwaWtfcHl0aG9uJywgJy1waCcsICc3LjAwMDAwMCcsICctcGh0JywgJzIuMDAwMDAwJywgJy1tcycsICcxNicsICctdG4nLCAnOCcsICctbWEnLCAnMjAwJywgJy1pbWFlJywgJzxpbmZpbGUubWFlPicsICctb21hZScsICc8b3V0ZmlsZS5tYWU+Jw==,2,33,-3.74,16,56135,3120-1,"Enzyme Inhibitors
Anti-Bacterial Agents
Anti-Infective Agents
Mutation Data
Human Data
Natural Product
Protein Synthesis Inhibitors
Drug / Therapeutic Agent
Reproductive Effect
T6Z9V48IKG
0001403663",,0.387096191036002,5,-2,39.377,glide-grid_Ab_minmz,,0.339,0,,-9.88810478829135,182.213,"This compound contains an acetal/aminal-like group ( X-CH(R)-Y where X, Y are N, S, or O) that may be acid/base labile, releasing an aldehyde.",1,0,https://pubchem.ncbi.nlm.nih.gov/source/ChemIDplus,-146.601428738571,,0,18,235.733,2.0,0.0,267,0,-19.0136470794678,0.894,-7.636,-0.664108454711111,134980500,0.0,0.1757,110.323199,0.0774774,10,OPLS_2005,0.2117,5,11.0,18,2,7,3.223,,,15.586,-1.85339690909091,33.007,-1.613,0.0866846199720591,477.6,1,134980500-1,-2.19906330704945,0.0,,312_sdstereoexpander_1_neutralizer_1_epik_1_stereoizer_1,0,0.0
,6.103,966,531.588,5,5.15608263015747,AA001C6A,0.304942915495211,-0.953357607319404,2,0.175,0,16.95,0.0266146,13,12,-0.297224444182889,,1,,8,331,704.811,0.0,0,,-0.300797725579406,"Gentamicin
1403-66-3",W0NIM11bTkhdW0NASF0oW0NIM10pW0NASF0xW0NIMl1bQ0gyXVtDQEBIXShbTkgyXSlbQ0BIXShPMSlPW0NASF0yW0NAQEhdKFtOSDJdKVtDSDJdW0NAQEhdKFtOSDJdKVtDQEhdKFtDQEhdMltPSF0pT1tDQEBIXShPW0NIMl0zKVtDQEBIXShbT0hdKVtDQEhdKFtDQEBdMyhbQ0gzXSlbT0hdKVtOSF1bQ0gzXQ==,-2.3,41.506,,-2.384,5,0.2105,https://www.aablocks.com/prod/1403-66-3,-41.6685523986816,0.0003,-0.755773500715621,1399.485,0,-7.589,2,,9651,,3467  1,,2,,-62.0454711914063,9,8.57,1403-66-3,vsw_Gentamicin_Analog_3-LIGPREP-001-in.maegz,0.8584955,"1
3",479822806,-0.978,1,AA001C6A,-9.98340665803533,J2VwaWtfcHl0aG9uJywgJy1waCcsICc3LjAwMDAwMCcsICctcGh0JywgJzIuMDAwMDAwJywgJy1tcycsICcxNicsICctdG4nLCAnOCcsICctbWEnLCAnMjAwJywgJy1pbWFlJywgJzxpbmZpbGUubWFlPicsICctb21hZScsICc8b3V0ZmlsZS5tYWU+Jw==,2,33,-3.424,16,56135,9651-1,,,0.385512410509667,5,-1,38.974,glide-grid_Ab_minmz,,1.483,0,21014,-9.80840665803533,169.432,"This compound contains an acetal/aminal-like group ( X-CH(R)-Y where X, Y are N, S, or O) that may be acid/base labile, releasing an aldehyde.",1,0,https://www.aablocks.com,-139.943674602783,,0,18,173.223,2.0,0.0,242,0,-20.3769187927246,3.499,-7.452,-0.364535498508379,479822806,0.0,0.175,115.214142,0.0797615,10,OPLS_2005,0.2108,5,11.0,18,2,1,3.223,,,14.846,-1.54839690909091,32.532,-0.99,1.23025376000458,477.6,1,479822806-1,-2.18133885553535,0.0,,966_sdstereoexpander_1_neutralizer_1_epik_1_stereoizer_1,0,0.0
,6.103,969,531.588,5,5.15608263015747,AA001C6A,0.304942915495211,-0.953357607319404,2,0.175,0,16.95,0.0266147,13,12,-0.297224444182889,,1,,8,156,704.811,0.0,0,,-0.300797725579406,"Gentamicin
1403-66-3",W0NIM11bTkhdW0NASF0oW0NIM10pW0NASF0xW0NIMl1bQ0gyXVtDQEBIXShbTkgyXSlbQ0BIXShPMSlPW0NASF0yW0NAQEhdKFtOSDJdKVtDSDJdW0NAQEhdKFtOSDJdKVtDQEhdKFtDQEhdMltPSF0pT1tDQEBIXShPW0NIMl0zKVtDQEBIXShbT0hdKVtDQEhdKFtDQEBdMyhbQ0gzXSlbT0hdKVtOSF1bQ0gzXQ==,-2.3,41.506,,-2.384,5,0.2105,https://www.aablocks.com/prod/1403-66-3,-41.6685523986816,0.0003,-0.755773500715621,1399.485,0,-7.589,2,,9683,,3467  1,,2,,-62.0454711914063,9,8.57,1403-66-3,vsw_Gentamicin_Analog_3-LIGPREP-003-in.maegz,0.8584955,"1
3",479822806,-0.978,1,AA001C6A,-9.98340665803533,J2VwaWtfcHl0aG9uJywgJy1waCcsICc3LjAwMDAwMCcsICctcGh0JywgJzIuMDAwMDAwJywgJy1tcycsICcxNicsICctdG4nLCAnOCcsICctbWEnLCAnMjAwJywgJy1pbWFlJywgJzxpbmZpbGUubWFlPicsICctb21hZScsICc8b3V0ZmlsZS5tYWU+Jw==,2,33,-3.424,16,56135,9683-1,,,0.385512410509667,5,-1,38.974,glide-grid_Ab_minmz,,1.483,0,21014,-9.80840665803533,169.432,"This compound contains an acetal/aminal-like group ( X-CH(R)-Y where X, Y are N, S, or O) that may be acid/base labile, releasing an aldehyde.",1,0,https://www.aablocks.com,-139.943674602783,,0,18,173.223,2.0,0.0,242,0,-20.3769187927246,3.499,-7.452,-0.364535498508379,479822806,0.0,0.175,115.214142,0.0797615,10,OPLS_2005,0.2108,5,11.0,18,2,1,3.223,,,14.846,-1.54839690909091,32.532,-0.99,1.23025376000458,477.6,1,479822806-1,-2.18133885553535,0.0,,969_sdstereoexpander_1_neutralizer_1_epik_1_stereoizer_1,0,0.0
,6.103,972,531.588,5,5.15608263015747,AA001C6A,0.304942915495211,-0.953357607319404,2,0.175,0,16.95,0.0266147,13,12,-0.297224444182889,,1,,8,566,704.811,0.0,0,,-0.300797725579406,"Gentamicin
1403-66-3",W0NIM11bTkhdW0NASF0oW0NIM10pW0NASF0xW0NIMl1bQ0gyXVtDQEBIXShbTkgyXSlbQ0BIXShPMSlPW0NASF0yW0NAQEhdKFtOSDJdKVtDSDJdW0NAQEhdKFtOSDJdKVtDQEhdKFtDQEhdMltPSF0pT1tDQEBIXShPW0NIMl0zKVtDQEBIXShbT0hdKVtDQEhdKFtDQEBdMyhbQ0gzXSlbT0hdKVtOSF1bQ0gzXQ==,-2.3,41.506,,-2.384,5,0.2105,https://www.aablocks.com/prod/1403-66-3,-41.6685523986816,0.0003,-0.755773500715621,1399.485,0,-7.589,2,,9715,,3467  1,,2,,-62.0454711914063,9,8.57,1403-66-3,vsw_Gentamicin_Analog_3-LIGPREP-005-in.maegz,0.8584955,"1
3",479822806,-0.978,1,AA001C6A,-9.98340665803533,J2VwaWtfcHl0aG9uJywgJy1waCcsICc3LjAwMDAwMCcsICctcGh0JywgJzIuMDAwMDAwJywgJy1tcycsICcxNicsICctdG4nLCAnOCcsICctbWEnLCAnMjAwJywgJy1pbWFlJywgJzxpbmZpbGUubWFlPicsICctb21hZScsICc8b3V0ZmlsZS5tYWU+Jw==,2,33,-3.424,16,56135,9715-1,,,0.385512410509667,5,-1,38.974,glide-grid_Ab_minmz,,1.483,0,21014,-9.80840665803533,169.432,"This compound contains an acetal/aminal-like group ( X-CH(R)-Y where X, Y are N, S, or O) that may be acid/base labile, releasing an aldehyde.",1,0,https://www.aablocks.com,-139.943674602783,,0,18,173.223,2.0,0.0,242,0,-20.3769187927246,3.499,-7.452,-0.364535498508379,479822806,0.0,0.175,115.214142,0.0797615,10,OPLS_2005,0.2108,5,11.0,18,2,1,3.223,,,14.846,-1.54839690909091,32.532,-0.99,1.23025376000458,477.6,1,479822806-1,-2.18133885553535,0.0,,972_sdstereoexpander_1_neutralizer_1_epik_1_stereoizer_1,0,0.0
,6.103,975,531.588,5,5.15608263015747,AA001C6A,0.304942915495211,-0.953357607319404,2,0.175,0,16.95,0.0266147,13,12,-0.297224444182889,,1,,8,416,704.811,0.0,0,,-0.300797725579406,"Gentamicin
1403-66-3",W0NIM11bTkhdW0NASF0oW0NIM10pW0NASF0xW0NIMl1bQ0gyXVtDQEBIXShbTkgyXSlbQ0BIXShPMSlPW0NASF0yW0NAQEhdKFtOSDJdKVtDSDJdW0NAQEhdKFtOSDJdKVtDQEhdKFtDQEhdMltPSF0pT1tDQEBIXShPW0NIMl0zKVtDQEBIXShbT0hdKVtDQEhdKFtDQEBdMyhbQ0gzXSlbT0hdKVtOSF1bQ0gzXQ==,-2.3,41.506,,-2.384,5,0.2105,https://www.aablocks.com/prod/1403-66-3,-41.6685523986816,0.0003,-0.755773500715621,1399.485,0,-7.589,2,,9747,,3467  1,,2,,-62.0454711914063,9,8.57,1403-66-3,vsw_Gentamicin_Analog_3-LIGPREP-007-in.maegz,0.8584955,"1
3",479822806,-0.978,1,AA001C6A,-9.98340665803533,J2VwaWtfcHl0aG9uJywgJy1waCcsICc3LjAwMDAwMCcsICctcGh0JywgJzIuMDAwMDAwJywgJy1tcycsICcxNicsICctdG4nLCAnOCcsICctbWEnLCAnMjAwJywgJy1pbWFlJywgJzxpbmZpbGUubWFlPicsICctb21hZScsICc8b3V0ZmlsZS5tYWU+Jw==,2,33,-3.424,16,56135,9747-1,,,0.385512410509667,5,-1,38.974,glide-grid_Ab_minmz,,1.483,0,21014,-9.80840665803533,169.432,"This compound contains an acetal/aminal-like group ( X-CH(R)-Y where X, Y are N, S, or O) that may be acid/base labile, releasing an aldehyde.",1,0,https://www.aablocks.com,-139.943674602783,,0,18,173.223,2.0,0.0,242,0,-20.3769187927246,3.499,-7.452,-0.364535498508379,479822806,0.0,0.175,115.214142,0.0797615,10,OPLS_2005,0.2108,5,11.0,18,2,1,3.223,,,14.846,-1.54839690909091,32.532,-0.99,1.23025376000458,477.6,1,479822806-1,-2.18133885553535,0.0,,975_sdstereoexpander_1_neutralizer_1_epik_1_stereoizer_1,0,0.0
,6.103,962,531.588,5,5.15608263015747,AA001C6A,0.304942915495211,-0.953357607319404,2,0.175,0,16.95,0.0266147,13,12,-0.297224444182889,,1,,8,26,704.811,0.0,0,,-0.300797725579406,"Gentamicin
1403-66-3",W0NIM11bTkhdW0NASF0oW0NIM10pW0NASF0xW0NIMl1bQ0gyXVtDQEBIXShbTkgyXSlbQ0BIXShPMSlPW0NASF0yW0NAQEhdKFtOSDJdKVtDSDJdW0NAQEhdKFtOSDJdKVtDQEhdKFtDQEhdMltPSF0pT1tDQEBIXShPW0NIMl0zKVtDQEBIXShbT0hdKVtDQEhdKFtDQEBdMyhbQ0gzXSlbT0hdKVtOSF1bQ0gzXQ==,-2.3,41.506,,-2.384,5,0.2105,https://www.aablocks.com/prod/1403-66-3,-41.6685523986816,0.0003,-0.755773500715621,1399.485,0,-7.589,2,,9619,,3467  1,,2,,-62.0454711914063,9,8.57,1403-66-3,vsw_Gentamicin_Analog_3-LIGPREP-009-in.maegz,0.8584955,"1
3",479822806,-0.978,1,AA001C6A,-9.98340665803533,J2VwaWtfcHl0aG9uJywgJy1waCcsICc3LjAwMDAwMCcsICctcGh0JywgJzIuMDAwMDAwJywgJy1tcycsICcxNicsICctdG4nLCAnOCcsICctbWEnLCAnMjAwJywgJy1pbWFlJywgJzxpbmZpbGUubWFlPicsICctb21hZScsICc8b3V0ZmlsZS5tYWU+Jw==,2,33,-3.424,16,56135,9619-1,,,0.385512410509667,5,-1,38.974,glide-grid_Ab_minmz,,1.483,0,21014,-9.80840665803533,169.432,"This compound contains an acetal/aminal-like group ( X-CH(R)-Y where X, Y are N, S, or O) that may be acid/base labile, releasing an aldehyde.",1,0,https://www.aablocks.com,-139.943674602783,,0,18,173.223,2.0,0.0,242,0,-20.3769187927246,3.499,-7.452,-0.364535498508379,479822806,0.0,0.175,115.214142,0.0797615,10,OPLS_2005,0.2108,5,11.0,18,2,1,3.223,,,14.846,-1.54839690909091,32.532,-0.99,1.23025376000458,477.6,1,479822806-1,-2.18133885553535,0.0,,962_sdstereoexpander_1_neutralizer_1_epik_1_stereoizer_1,0,0.0
,12.676,1834,863.8,4,15.6730690002441,31383578,0.0430031311459232,-0.532077166107487,2,1.7836,0,29.7,0.0520543,20,23,-0.124003018972954,,1,24262,12,514,1467.524,239.886,4,,-0.661278896406265,,W0NIMl0xW0NIMl1OKFtDSDNdKVtDSDJdW0NIMl1OMWMoYyhGKVtjSF0yKVtjSF1jKGMyMyluKFtDSDJdW0NIM10pW2NIXWMoYzM9TylDKD1PKVtOSF1bQ0BIXShjNFtjSF1bY0hdW2NIXVtjSF1bY0hdNClDKD1PKVtOSF1bQ0BIXShDNT1PKVtDQEhdKE41NilTQyhbQ0gzXSkoW0NIM10pW0NAQEhdNkMoPU8pW05IXVtDQEhdN1tDSDJdW0NAQEhdKFtOSDJdKVtDQEBIXShPW0NAQEhdKE9bQ0gyXVtDQF04KFtDSDNdKVtPSF0pW0NASF0oW09IXSlbQ0BIXThbTkhdW0NIM10pW0NAQEhdKFtPSF0pW0NAQEhdN09bQ0BIXTlPW0NAQEhdKFtDQEBIXShbQ0gzXSlbTkhdW0NIM10pW0NIMl1bQ0gyXVtDQEhdOVtOSDJd,-2.09180260647855,106.82,,0.995,5,0.1262,https://patents.google.com/?q=SOVOISHMVWJPRO-UHFFFAOYSA-N,-40.0891571044922,1.579,-0.623705677613713,3086.592,0,-8.659,3,,18335,,"160895664  1
3467  2
22961696  2
22961702  2",,3,,-97.6884231567383,133,8.878,,vsw_Gentamicin_Analog_3-LIGPREP-005-in.maegz,0.6986066,,452738122,-1.264,1,31383578,-11.5798384988633,J2VwaWtfcHl0aG9uJywgJy1waCcsICc3LjAwMDAwMCcsICctcGh0JywgJzIuMDAwMDAwJywgJy1tcycsICcxNicsICctdG4nLCAnOCcsICctbWEnLCAnMjAwJywgJy1pbWFlJywgJzxpbmZpbGUubWFlPicsICctb21hZScsICc8b3V0ZmlsZS5tYWU+Jw==,2,79,-1.441,24,56135,18335-4,,,1.90971424063773,17,-2,68.938,glide-grid_Ab_minmz,,0.102,0,,-9.79623849886335,317.547,"This compound contains an acetal/aminal-like group ( X-CH(R)-Y where X, Y are N, S, or O) that may be acid/base labile, releasing an aldehyde.",1,0,,-199.029138406794,,0,47,313.576,0.675,0.0,46,0,-57.5992660522461,0.044,-7.06,-0.466091146898437,452738122,33.397,1.7836,141.762238,0.0647938,22,OPLS_2005,1.7052,4,10.25,43,2,1,-2.997,,,33.424,-0.9,52.203,-4.005,0.0116877679835278,1124.335,1,452738122-4,-1.8244405696877,71.827,,1834_sdstereoexpander_1_neutralizer_1_epik_4_stereoizer_1,3,50.262
,7.895,1830,931.963,5,19.2672519683838,31383578,0.0298016608044673,-0.529745571623363,2,0.1437,0,29.7,0.0196666,20,23,-0.123459630206307,,1,24262,12,166,1552.173,228.859,4,,-0.247988719827318,,W0NIMl0xW0NIMl1OKFtDSDNdKVtDSDJdW0NIMl1OMWMoYyhGKVtjSF0yKVtjSF1jKGMyMyluKFtDSDJdW0NIM10pW2NIXWMoYzM9TylDKD1PKVtOSF1bQ0BASF0oYzRbY0hdW2NIXVtjSF1bY0hdW2NIXTQpQyg9TylbTkhdW0NASF0oQzU9TylbQ0BASF0oTjU2KVNDKFtDSDNdKShbQ0gzXSlbQ0BASF02Qyg9TylbTkhdW0NAQEhdN1tDSDJdW0NAQEhdKFtOSDJdKVtDQEBIXShPW0NAQEhdKE9bQ0gyXVtDQF04KFtDSDNdKVtPSF0pW0NASF0oW09IXSlbQ0BIXThbTkhdW0NIM10pW0NAQEhdKFtPSF0pW0NAQEhdN09bQ0BIXTlPW0NAQEhdKFtDQEBIXShbQ0gzXSlbTkhdW0NIM10pW0NIMl1bQ0gyXVtDQEhdOVtOSDJd,-0.0,110.013,,0.709,5,0.1705,https://patents.google.com/?q=SOVOISHMVWJPRO-UHFFFAOYSA-N,-26.8527965545654,0.0001,-1.40310572065925,3168.998,0,-8.941,3,,18292,,"160895664  1
3467  2
22961696  2
22961702  2",,3,,-85.1175594329834,873,8.555,,vsw_Gentamicin_Analog_3-LIGPREP-002-in.maegz,0.672212,,452738122,-1.179,1,31383578,-9.89701078629825,J2VwaWtfcHl0aG9uJywgJy1waCcsICc3LjAwMDAwMCcsICctcGh0JywgJzIuMDAwMDAwJywgJy1tcycsICcxNicsICctdG4nLCAnOCcsICctbWEnLCAnMjAwJywgJy1pbWFlJywgJzxpbmZpbGUubWFlPicsICctb21hZScsICc8b3V0ZmlsZS5tYWU+Jw==,2,79,-1.11,24,56135,18292-1,,,0.31417965256055,15,-2,69.488,glide-grid_Ab_minmz,,0.089,0,,-9.75331078629825,321.14,"This compound contains an acetal/aminal-like group ( X-CH(R)-Y where X, Y are N, S, or O) that may be acid/base labile, releasing an aldehyde.",1,0,,-153.270714164673,,0,47,326.792,-1.796,0.0,277,0,-58.264762878418,0.062,-7.435,-0.38247986269525,452738122,33.5,0.1437,131.142963,0.0612602,22,OPLS_2005,0.1705,5,10.25,43,2,1,-2.997,,,35.16,-0.98,49.838,-4.508,2.06038377123575e-05,1124.335,1,452738122-1,-1.81644576021295,36.835,,1830_sdstereoexpander_1_neutralizer_1_epik_1_stereoizer_1,3,64.559
,7.895,1833,931.963,5,19.2672519683838,31383578,0.0298016608044673,-0.529745571623363,2,0.1437,0,29.7,0.0196666,20,23,-0.123459630206307,,1,24262,12,41,1552.173,228.859,4,,-0.247988719827318,,W0NIMl0xW0NIMl1OKFtDSDNdKVtDSDJdW0NIMl1OMWMoYyhGKVtjSF0yKVtjSF1jKGMyMyluKFtDSDJdW0NIM10pW2NIXWMoYzM9TylDKD1PKVtOSF1bQ0BASF0oYzRbY0hdW2NIXVtjSF1bY0hdW2NIXTQpQyg9TylbTkhdW0NASF0oQzU9TylbQ0BASF0oTjU2KVNDKFtDSDNdKShbQ0gzXSlbQ0BASF02Qyg9TylbTkhdW0NAQEhdN1tDSDJdW0NAQEhdKFtOSDJdKVtDQEBIXShPW0NAQEhdKE9bQ0gyXVtDQF04KFtDSDNdKVtPSF0pW0NASF0oW09IXSlbQ0BIXThbTkhdW0NIM10pW0NAQEhdKFtPSF0pW0NAQEhdN09bQ0BIXTlPW0NAQEhdKFtDQEBIXShbQ0gzXSlbTkhdW0NIM10pW0NIMl1bQ0gyXVtDQEhdOVtOSDJd,-0.0,110.013,,0.709,5,0.1705,https://patents.google.com/?q=SOVOISHMVWJPRO-UHFFFAOYSA-N,-26.8527965545654,0.0001,-1.40310572065925,3168.998,0,-8.941,3,,18324,,"160895664  1
3467  2
22961696  2
22961702  2",,3,,-85.1175594329834,873,8.555,,vsw_Gentamicin_Analog_3-LIGPREP-004-in.maegz,0.672212,,452738122,-1.179,1,31383578,-9.89701078629825,J2VwaWtfcHl0aG9uJywgJy1waCcsICc3LjAwMDAwMCcsICctcGh0JywgJzIuMDAwMDAwJywgJy1tcycsICcxNicsICctdG4nLCAnOCcsICctbWEnLCAnMjAwJywgJy1pbWFlJywgJzxpbmZpbGUubWFlPicsICctb21hZScsICc8b3V0ZmlsZS5tYWU+Jw==,2,79,-1.11,24,56135,18324-1,,,0.31417965256055,15,-2,69.488,glide-grid_Ab_minmz,,0.089,0,,-9.75331078629825,321.14,"This compound contains an acetal/aminal-like group ( X-CH(R)-Y where X, Y are N, S, or O) that may be acid/base labile, releasing an aldehyde.",1,0,,-153.270714164673,,0,47,326.792,-1.796,0.0,277,0,-58.264762878418,0.062,-7.435,-0.38247986269525,452738122,33.5,0.1437,131.142963,0.0612602,22,OPLS_2005,0.1705,5,10.25,43,2,1,-2.997,,,35.16,-0.98,49.838,-4.508,2.06038377123575e-05,1124.335,1,452738122-1,-1.81644576021295,36.835,,1833_sdstereoexpander_1_neutralizer_1_epik_1_stereoizer_1,3,64.559
,7.894,1836,931.963,5,19.2672519683838,31383578,0.0298016608044673,-0.529745571623363,2,0.1437,0,29.7,0.0196643,20,23,-0.123459630206307,,1,24262,12,446,1552.173,228.859,4,,-0.247988719827318,,W0NIMl0xW0NIMl1OKFtDSDNdKVtDSDJdW0NIMl1OMWMoYyhGKVtjSF0yKVtjSF1jKGMyMyluKFtDSDJdW0NIM10pW2NIXWMoYzM9TylDKD1PKVtOSF1bQ0BASF0oYzRbY0hdW2NIXVtjSF1bY0hdW2NIXTQpQyg9TylbTkhdW0NASF0oQzU9TylbQ0BASF0oTjU2KVNDKFtDSDNdKShbQ0gzXSlbQ0BASF02Qyg9TylbTkhdW0NAQEhdN1tDSDJdW0NAQEhdKFtOSDJdKVtDQEBIXShPW0NAQEhdKE9bQ0gyXVtDQF04KFtDSDNdKVtPSF0pW0NASF0oW09IXSlbQ0BIXThbTkhdW0NIM10pW0NAQEhdKFtPSF0pW0NAQEhdN09bQ0BIXTlPW0NAQEhdKFtDQEBIXShbQ0gzXSlbTkhdW0NIM10pW0NIMl1bQ0gyXVtDQEhdOVtOSDJd,-0.0,110.013,,0.709,5,0.1705,https://patents.google.com/?q=SOVOISHMVWJPRO-UHFFFAOYSA-N,-26.8527965545654,0.0001,-1.40310572065925,3168.998,0,-8.941,3,,18356,,"160895664  1
3467  2
22961696  2
22961702  2",,3,,-85.1175594329834,873,8.555,,vsw_Gentamicin_Analog_3-LIGPREP-006-in.maegz,0.672212,,452738122,-1.179,1,31383578,-9.89701078629825,J2VwaWtfcHl0aG9uJywgJy1waCcsICc3LjAwMDAwMCcsICctcGh0JywgJzIuMDAwMDAwJywgJy1tcycsICcxNicsICctdG4nLCAnOCcsICctbWEnLCAnMjAwJywgJy1pbWFlJywgJzxpbmZpbGUubWFlPicsICctb21hZScsICc8b3V0ZmlsZS5tYWU+Jw==,2,79,-1.11,24,56135,18356-1,,,0.31417965256055,15,-2,69.488,glide-grid_Ab_minmz,,0.089,0,,-9.75331078629825,321.14,"This compound contains an acetal/aminal-like group ( X-CH(R)-Y where X, Y are N, S, or O) that may be acid/base labile, releasing an aldehyde.",1,0,,-153.270714164673,,0,47,326.792,-1.796,0.0,277,0,-58.264762878418,0.062,-7.435,-0.38247986269525,452738122,33.5,0.1437,131.142963,0.0612602,22,OPLS_2005,0.1705,5,10.25,43,2,1,-2.997,,,35.16,-0.98,49.838,-4.508,2.06038377123575e-05,1124.335,1,452738122-1,-1.81644576021295,36.835,,1836_sdstereoexpander_1_neutralizer_1_epik_1_stereoizer_1,3,64.559
,7.894,1839,931.963,5,19.2672519683838,31383578,0.0298016608044673,-0.529745571623363,2,0.1437,0,29.7,0.0196637,20,23,-0.123459630206307,,1,24262,12,131,1552.173,228.859,4,,-0.247988719827318,,W0NIMl0xW0NIMl1OKFtDSDNdKVtDSDJdW0NIMl1OMWMoYyhGKVtjSF0yKVtjSF1jKGMyMyluKFtDSDJdW0NIM10pW2NIXWMoYzM9TylDKD1PKVtOSF1bQ0BASF0oYzRbY0hdW2NIXVtjSF1bY0hdW2NIXTQpQyg9TylbTkhdW0NASF0oQzU9TylbQ0BASF0oTjU2KVNDKFtDSDNdKShbQ0gzXSlbQ0BASF02Qyg9TylbTkhdW0NAQEhdN1tDSDJdW0NAQEhdKFtOSDJdKVtDQEBIXShPW0NAQEhdKE9bQ0gyXVtDQF04KFtDSDNdKVtPSF0pW0NASF0oW09IXSlbQ0BIXThbTkhdW0NIM10pW0NAQEhdKFtPSF0pW0NAQEhdN09bQ0BIXTlPW0NAQEhdKFtDQEBIXShbQ0gzXSlbTkhdW0NIM10pW0NIMl1bQ0gyXVtDQEhdOVtOSDJd,-0.0,110.013,,0.709,5,0.1705,https://patents.google.com/?q=SOVOISHMVWJPRO-UHFFFAOYSA-N,-26.8527965545654,0.0001,-1.40310572065925,3168.998,0,-8.941,3,,18388,,"160895664  1
3467  2
22961696  2
22961702  2",,3,,-85.1175594329834,873,8.555,,vsw_Gentamicin_Analog_3-LIGPREP-008-in.maegz,0.672212,,452738122,-1.179,1,31383578,-9.89701078629825,J2VwaWtfcHl0aG9uJywgJy1waCcsICc3LjAwMDAwMCcsICctcGh0JywgJzIuMDAwMDAwJywgJy1tcycsICcxNicsICctdG4nLCAnOCcsICctbWEnLCAnMjAwJywgJy1pbWFlJywgJzxpbmZpbGUubWFlPicsICctb21hZScsICc8b3V0ZmlsZS5tYWU+Jw==,2,79,-1.11,24,56135,18388-1,,,0.31417965256055,15,-2,69.488,glide-grid_Ab_minmz,,0.089,0,,-9.75331078629825,321.14,"This compound contains an acetal/aminal-like group ( X-CH(R)-Y where X, Y are N, S, or O) that may be acid/base labile, releasing an aldehyde.",1,0,,-153.270714164673,,0,47,326.792,-1.796,0.0,277,0,-58.264762878418,0.062,-7.435,-0.38247986269525,452738122,33.5,0.1437,131.142963,0.0612602,22,OPLS_2005,0.1705,5,10.25,43,2,1,-2.997,,,35.16,-0.98,49.838,-4.508,2.06038377123579e-05,1124.335,1,452738122-1,-1.81644576021295,36.835,,1839_sdstereoexpander_1_neutralizer_1_epik_1_stereoizer_1,3,64.559
,7.895,1826,931.963,5,19.2672519683838,31383578,0.0298016608044673,-0.529745571623363,2,0.1437,0,29.7,0.0196666,20,23,-0.123459630206307,,1,24262,12,351,1552.173,228.859,4,,-0.247988719827318,,W0NIMl0xW0NIMl1OKFtDSDNdKVtDSDJdW0NIMl1OMWMoYyhGKVtjSF0yKVtjSF1jKGMyMyluKFtDSDJdW0NIM10pW2NIXWMoYzM9TylDKD1PKVtOSF1bQ0BASF0oYzRbY0hdW2NIXVtjSF1bY0hdW2NIXTQpQyg9TylbTkhdW0NASF0oQzU9TylbQ0BASF0oTjU2KVNDKFtDSDNdKShbQ0gzXSlbQ0BASF02Qyg9TylbTkhdW0NAQEhdN1tDSDJdW0NAQEhdKFtOSDJdKVtDQEBIXShPW0NAQEhdKE9bQ0gyXVtDQF04KFtDSDNdKVtPSF0pW0NASF0oW09IXSlbQ0BIXThbTkhdW0NIM10pW0NAQEhdKFtPSF0pW0NAQEhdN09bQ0BIXTlPW0NAQEhdKFtDQEBIXShbQ0gzXSlbTkhdW0NIM10pW0NIMl1bQ0gyXVtDQEhdOVtOSDJd,-0.0,110.013,,0.709,5,0.1705,https://patents.google.com/?q=SOVOISHMVWJPRO-UHFFFAOYSA-N,-26.8527965545654,0.0001,-1.40310572065925,3168.998,0,-8.941,3,,18260,,"160895664  1
3467  2
22961696  2
22961702  2",,3,,-85.1175594329834,873,8.555,,vsw_Gentamicin_Analog_3-LIGPREP-010-in.maegz,0.672212,,452738122,-1.179,1,31383578,-9.89701078629825,J2VwaWtfcHl0aG9uJywgJy1waCcsICc3LjAwMDAwMCcsICctcGh0JywgJzIuMDAwMDAwJywgJy1tcycsICcxNicsICctdG4nLCAnOCcsICctbWEnLCAnMjAwJywgJy1pbWFlJywgJzxpbmZpbGUubWFlPicsICctb21hZScsICc8b3V0ZmlsZS5tYWU+Jw==,2,79,-1.11,24,56135,18260-1,,,0.31417965256055,15,-2,69.488,glide-grid_Ab_minmz,,0.089,0,,-9.75331078629825,321.14,"This compound contains an acetal/aminal-like group ( X-CH(R)-Y where X, Y are N, S, or O) that may be acid/base labile, releasing an aldehyde.",1,0,,-153.270714164673,,0,47,326.792,-1.796,0.0,277,0,-58.264762878418,0.062,-7.435,-0.38247986269525,452738122,33.5,0.1437,131.142963,0.0612602,22,OPLS_2005,0.1705,5,10.25,43,2,1,-2.997,,,35.16,-0.98,49.838,-4.508,2.06038377123575e-05,1124.335,1,452738122-1,-1.81644576021295,36.835,,1826_sdstereoexpander_1_neutralizer_1_epik_1_stereoizer_1,3,64.559
,1.258,1170,487.535,5,19.6375923156738,DA-63736,0.43563273642173,-0.945998943468812,2,0.175,0,16.95,0.0011147,13,12,-0.294930263325539,,1,4427,8,516,728.162,0.0,0,,-0.40697898287789,"Gentamicin
1403-66-3
DA-63736",W0NIM11bTkhdW0NAQEhdKFtDSDNdKVtDQEhdMVtDSDJdW0NIMl1bQ0BASF0oW05IMl0pW0NAQEhdKE8xKU9bQ0BASF0yW0NAQEhdKFtOSDJdKVtDSDJdW0NAQEhdKFtOSDJdKVtDQEhdKFtDQEBIXTJbT0hdKU9bQ0BASF0oT1tDSDJdMylbQ0BASF0oW09IXSlbQ0BIXShbQ0BAXTMoW0NIM10pW09IXSlbTkhdW0NIM10=,-2.3,42.321,,-2.06,5,0.2105,http://www.debyesci.com/cas_1403-66-3,-49.3014183044434,0.0003,-0.593934859941081,1419.852,0,-8.831,2,,11692,,3467  1,,2,,-69.9080810546875,20,9.012,1403-66-3,vsw_Gentamicin_Analog_3-LIGPREP-002-in.maegz,0.8390072,"1
3",496728188,-1.03,1,DA-63736,-9.90769868974279,J2VwaWtfcHl0aG9uJywgJy1waCcsICc3LjAwMDAwMCcsICctcGh0JywgJzIuMDAwMDAwJywgJy1tcycsICcxNicsICctdG4nLCAnOCcsICctbWEnLCAnMjAwJywgJy1pbWFlJywgJzxpbmZpbGUubWFlPicsICctb21hZScsICc8b3V0ZmlsZS5tYWU+Jw==,2,33,-3.871,16,56135,11692-1,,,0.385512410509667,5,-2,39.172,glide-grid_Ab_minmz,,0.302,0,,-9.73269868974279,183.603,"This compound contains an acetal/aminal-like group ( X-CH(R)-Y where X, Y are N, S, or O) that may be acid/base labile, releasing an aldehyde.",1,0,,-151.618886993473,,0,18,240.627,2.0,0.0,346,0,-20.6066627502441,0.803,-7.768,-0.768687536742437,496728188,0.0,0.175,108.690486,0.0772037,10,OPLS_2005,0.2108,5,11.0,18,2,1,3.223,,,15.523,-1.24339690909091,33.047,-1.702,0.0704260365891745,477.6,1,496728188-1,-2.16450179538197,0.0,,1170_sdstereoexpander_1_neutralizer_1_epik_1_stereoizer_1,0,0.0
,1.258,1173,487.535,5,19.6375923156738,DA-63736,0.43563273642173,-0.945998943468812,2,0.175,0,16.95,0.0011147,13,12,-0.294930263325539,,1,4427,8,346,728.162,0.0,0,,-0.40697898287789,"Gentamicin
1403-66-3
DA-63736",W0NIM11bTkhdW0NAQEhdKFtDSDNdKVtDQEhdMVtDSDJdW0NIMl1bQ0BASF0oW05IMl0pW0NAQEhdKE8xKU9bQ0BASF0yW0NAQEhdKFtOSDJdKVtDSDJdW0NAQEhdKFtOSDJdKVtDQEhdKFtDQEBIXTJbT0hdKU9bQ0BASF0oT1tDSDJdMylbQ0BASF0oW09IXSlbQ0BIXShbQ0BAXTMoW0NIM10pW09IXSlbTkhdW0NIM10=,-2.3,42.321,,-2.06,5,0.2105,http://www.debyesci.com/cas_1403-66-3,-49.3014183044434,0.0003,-0.593934859941081,1419.852,0,-8.831,2,,11724,,3467  1,,2,,-69.9080810546875,20,9.012,1403-66-3,vsw_Gentamicin_Analog_3-LIGPREP-004-in.maegz,0.8390072,"1
3",496728188,-1.03,1,DA-63736,-9.90769868974279,J2VwaWtfcHl0aG9uJywgJy1waCcsICc3LjAwMDAwMCcsICctcGh0JywgJzIuMDAwMDAwJywgJy1tcycsICcxNicsICctdG4nLCAnOCcsICctbWEnLCAnMjAwJywgJy1pbWFlJywgJzxpbmZpbGUubWFlPicsICctb21hZScsICc8b3V0ZmlsZS5tYWU+Jw==,2,33,-3.871,16,56135,11724-1,,,0.385512410509667,5,-2,39.172,glide-grid_Ab_minmz,,0.302,0,,-9.73269868974279,183.603,"This compound contains an acetal/aminal-like group ( X-CH(R)-Y where X, Y are N, S, or O) that may be acid/base labile, releasing an aldehyde.",1,0,,-151.618886993473,,0,18,240.627,2.0,0.0,346,0,-20.6066627502441,0.803,-7.768,-0.768687536742437,496728188,0.0,0.175,108.690486,0.0772037,10,OPLS_2005,0.2108,5,11.0,18,2,1,3.223,,,15.523,-1.24339690909091,33.047,-1.702,0.0704260365891745,477.6,1,496728188-1,-2.16450179538197,0.0,,1173_sdstereoexpander_1_neutralizer_1_epik_1_stereoizer_1,0,0.0
,1.258,1182,487.535,5,19.6375923156738,DA-63736,0.43563273642173,-0.945998943468812,2,0.175,0,16.95,0.0011147,13,12,-0.294930263325539,,1,4427,8,71,728.162,0.0,0,,-0.40697898287789,"Gentamicin
1403-66-3
DA-63736",W0NIM11bTkhdW0NAQEhdKFtDSDNdKVtDQEhdMVtDSDJdW0NIMl1bQ0BASF0oW05IMl0pW0NAQEhdKE8xKU9bQ0BASF0yW0NAQEhdKFtOSDJdKVtDSDJdW0NAQEhdKFtOSDJdKVtDQEhdKFtDQEBIXTJbT0hdKU9bQ0BASF0oT1tDSDJdMylbQ0BASF0oW09IXSlbQ0BIXShbQ0BAXTMoW0NIM10pW09IXSlbTkhdW0NIM10=,-2.3,42.321,,-2.06,5,0.2105,http://www.debyesci.com/cas_1403-66-3,-49.3014183044434,0.0003,-0.593934859941081,1419.852,0,-8.831,2,,11820,,3467  1,,2,,-69.9080810546875,20,9.012,1403-66-3,vsw_Gentamicin_Analog_3-LIGPREP-010-in.maegz,0.8390072,"1
3",496728188,-1.03,1,DA-63736,-9.90769868974279,J2VwaWtfcHl0aG9uJywgJy1waCcsICc3LjAwMDAwMCcsICctcGh0JywgJzIuMDAwMDAwJywgJy1tcycsICcxNicsICctdG4nLCAnOCcsICctbWEnLCAnMjAwJywgJy1pbWFlJywgJzxpbmZpbGUubWFlPicsICctb21hZScsICc8b3V0ZmlsZS5tYWU+Jw==,2,33,-3.871,16,56135,11820-1,,,0.385512410509667,5,-2,39.172,glide-grid_Ab_minmz,,0.302,0,,-9.73269868974279,183.603,"This compound contains an acetal/aminal-like group ( X-CH(R)-Y where X, Y are N, S, or O) that may be acid/base labile, releasing an aldehyde.",1,0,,-151.618886993473,,0,18,240.627,2.0,0.0,346,0,-20.6066627502441,0.803,-7.768,-0.768687536742437,496728188,0.0,0.175,108.690486,0.0772037,10,OPLS_2005,0.2108,5,11.0,18,2,1,3.223,,,15.523,-1.24339690909091,33.047,-1.702,0.0704260013153832,477.6,1,496728188-1,-2.16450179538197,0.0,,1182_sdstereoexpander_1_neutralizer_1_epik_1_stereoizer_1,0,0.0
,6.232,105,510.621,5,9.76339912414551,AC-13386,0.304942915495211,-0.94594152985124,2,0.1757,0,16.95,0.0277472,13,12,-0.29491236371427,,1,Hangzhou APIChem Technology,8,426,719.681,0.0,0,,-0.344673593226915,"1405-41-0
AC-13386",W05IMl1bQ0BIXTFbQ0gyXVtDSDJdW0NAQEhdKFtDQEBIXShbQ0gzXSlbTkhdW0NIM10pT1tDQEBIXTFPW0NAQEhdMltDQEhdKFtPSF0pW0NAQEhdKFtDQEhdKFtOSDJdKVtDSDJdW0NAQEhdMltOSDJdKU9bQ0BIXShPW0NIMl0zKVtDQEBIXShbT0hdKVtDQEBIXShbQ0BdMyhbT0hdKVtDSDNdKVtOSF1bQ0gzXQ==,-2.16912139974993,41.515,,-2.127,5,0.2114,,-37.2130508422852,0.0003,-0.785964770741962,1399.698,0,-8.25,2,,1042,,3467  1,,2,,-60.5352058410645,7,8.897,1405-41-0,vsw_Gentamicin_Analog_3-LIGPREP-002-in.maegz,0.8408423,"1
3",92712501,-1.049,1,AC-13386,-9.90780800257092,J2VwaWtfcHl0aG9uJywgJy1waCcsICc3LjAwMDAwMCcsICctcGh0JywgJzIuMDAwMDAwJywgJy1tcycsICcxNicsICctdG4nLCAnOCcsICctbWEnLCAnMjAwJywgJy1pbWFlJywgJzxpbmZpbGUubWFlPicsICctb21hZScsICc8b3V0ZmlsZS5tYWU+Jw==,2,33,-3.744,16,56135,1042-1,Gentamicin sulphate sterile,,0.387096191036002,5,-2,39.097,glide-grid_Ab_minmz,,0.637,0,,-9.73210800257092,170.408,"This compound contains an acetal/aminal-like group ( X-CH(R)-Y where X, Y are N, S, or O) that may be acid/base labile, releasing an aldehyde.",1,0,http://www.apichemistry.com,-131.075184398851,,0,18,209.06,2.0,0.0,356,0,-23.3221549987793,1.6,-7.738,-0.423486495317453,92712501,0.0,0.1757,109.760459,0.0781135,10,OPLS_2005,0.2117,5,11.0,18,2,6,3.223,,,15.122,-1.32339690909091,32.812,-1.394,0.268855947546669,477.6,1,92712501-1,-2.16437042961336,0.0,,105_sdstereoexpander_1_neutralizer_1_epik_1_stereoizer_1,0,0.0
,6.232,121,510.621,5,9.76339912414551,MolPort-005-934-296,0.304942915495211,-0.94594152985124,2,0.1757,0,16.95,0.0277472,13,12,-0.29491236371427,,1,MolPort,8,446,719.681,0.0,0,,-0.344673593226915,,W05IMl1bQ0BIXTFbQ0gyXVtDSDJdW0NAQEhdKFtDQEBIXShbQ0gzXSlbTkhdW0NIM10pT1tDQEBIXTFPW0NAQEhdMltDQEhdKFtPSF0pW0NAQEhdKFtDQEhdKFtOSDJdKVtDSDJdW0NAQEhdMltOSDJdKU9bQ0BIXShPW0NIMl0zKVtDQEBIXShbT0hdKVtDQEBIXShbQ0BdMyhbT0hdKVtDSDNdKVtOSF1bQ0gzXQ==,-2.16912139974993,41.515,,-2.127,5,0.2114,https://www.molport.com/shop/molecule-link/MolPort-005-934-296,-37.2130508422852,0.0003,-0.785964770741962,1399.698,0,-8.25,2,,1202,,3467  1,,2,,-60.5352058410645,7,8.897,,vsw_Gentamicin_Analog_3-LIGPREP-002-in.maegz,0.8408423,"1
3",93301516,-1.049,1,MolPort-005-934-296,-9.90780800257092,J2VwaWtfcHl0aG9uJywgJy1waCcsICc3LjAwMDAwMCcsICctcGh0JywgJzIuMDAwMDAwJywgJy1tcycsICcxNicsICctdG4nLCAnOCcsICctbWEnLCAnMjAwJywgJy1pbWFlJywgJzxpbmZpbGUubWFlPicsICctb21hZScsICc8b3V0ZmlsZS5tYWU+Jw==,2,33,-3.744,16,56135,1202-1,,,0.387096191036002,5,-2,39.097,glide-grid_Ab_minmz,,0.637,0,,-9.73210800257092,170.408,"This compound contains an acetal/aminal-like group ( X-CH(R)-Y where X, Y are N, S, or O) that may be acid/base labile, releasing an aldehyde.",1,0,https://www.molport.com,-131.075184398851,,0,18,209.06,2.0,0.0,356,0,-23.3221549987793,1.6,-7.738,-0.423486495317453,93301516,0.0,0.1757,109.760459,0.0781135,10,OPLS_2005,0.2117,5,11.0,18,2,3,3.223,,,15.122,-1.32339690909091,32.812,-1.394,0.268855947546669,477.6,1,93301516-1,-2.16437042961336,0.0,,121_sdstereoexpander_1_neutralizer_1_epik_1_stereoizer_1,0,0.0
,6.232,361,510.621,5,9.76339912414551,AKOS015961211,0.304942915495211,-0.94594152985124,2,0.1757,0,16.95,0.0277472,13,12,-0.29491236371427,,1,AKos Consulting & Solutions,8,61,719.681,0.0,0,,-0.344673593226915,AKOS015961211,W05IMl1bQ0BIXTFbQ0gyXVtDSDJdW0NAQEhdKFtDQEBIXShbQ0gzXSlbTkhdW0NIM10pT1tDQEBIXTFPW0NAQEhdMltDQEhdKFtPSF0pW0NAQEhdKFtDQEhdKFtOSDJdKVtDSDJdW0NAQEhdMltOSDJdKU9bQ0BIXShPW0NIMl0zKVtDQEBIXShbT0hdKVtDQEBIXShbQ0BdMyhbT0hdKVtDSDNdKVtOSF1bQ0gzXQ==,-2.16912139974993,41.515,,-2.127,5,0.2114,http://akoscompounds.de/catalogue/akossamplesretrieval.php?IDNUMBERS=AKOS015961211,-37.2130508422852,0.0003,-0.785964770741962,1399.698,0,-8.25,2,,3602,,3467  1,,2,,-60.5352058410645,7,8.897,,vsw_Gentamicin_Analog_3-LIGPREP-002-in.maegz,0.8408423,"1
3",152100630,-1.049,1,AKOS015961211,-9.90780800257092,J2VwaWtfcHl0aG9uJywgJy1waCcsICc3LjAwMDAwMCcsICctcGh0JywgJzIuMDAwMDAwJywgJy1tcycsICcxNicsICctdG4nLCAnOCcsICctbWEnLCAnMjAwJywgJy1pbWFlJywgJzxpbmZpbGUubWFlPicsICctb21hZScsICc8b3V0ZmlsZS5tYWU+Jw==,2,33,-3.744,16,56135,3602-1,STOCK:BUILDING_BLOCK,,0.387096191036002,5,-2,39.097,glide-grid_Ab_minmz,,0.637,0,,-9.73210800257092,170.408,"This compound contains an acetal/aminal-like group ( X-CH(R)-Y where X, Y are N, S, or O) that may be acid/base labile, releasing an aldehyde.",1,0,http://www.akosgmbh.de/AKosSamples/index.html,-131.075184398851,,0,18,209.06,2.0,0.0,356,0,-23.3221549987793,1.6,-7.738,-0.423486495317453,152100630,0.0,0.1757,109.760459,0.0781135,10,OPLS_2005,0.2117,5,11.0,18,2,3,3.223,,,15.122,-1.32339690909091,32.812,-1.394,0.268855947546669,477.6,1,152100630-1,-2.16437042961336,0.0,,361_sdstereoexpander_1_neutralizer_1_epik_1_stereoizer_1,0,0.0
,6.232,108,510.621,5,9.76339912414551,AC-13386,0.304942915495211,-0.94594152985124,2,0.1757,0,16.95,0.0277472,13,12,-0.29491236371427,,1,Hangzhou APIChem Technology,8,181,719.681,0.0,0,,-0.344673593226915,"1405-41-0
AC-13386",W05IMl1bQ0BIXTFbQ0gyXVtDSDJdW0NAQEhdKFtDQEBIXShbQ0gzXSlbTkhdW0NIM10pT1tDQEBIXTFPW0NAQEhdMltDQEhdKFtPSF0pW0NAQEhdKFtDQEhdKFtOSDJdKVtDSDJdW0NAQEhdMltOSDJdKU9bQ0BIXShPW0NIMl0zKVtDQEBIXShbT0hdKVtDQEBIXShbQ0BdMyhbT0hdKVtDSDNdKVtOSF1bQ0gzXQ==,-2.16912139974993,41.515,,-2.127,5,0.2114,,-37.2130508422852,0.0003,-0.785964770741962,1399.698,0,-8.25,2,,1074,,3467  1,,2,,-60.5352058410645,7,8.897,1405-41-0,vsw_Gentamicin_Analog_3-LIGPREP-004-in.maegz,0.8408423,"1
3",92712501,-1.049,1,AC-13386,-9.90780800257092,J2VwaWtfcHl0aG9uJywgJy1waCcsICc3LjAwMDAwMCcsICctcGh0JywgJzIuMDAwMDAwJywgJy1tcycsICcxNicsICctdG4nLCAnOCcsICctbWEnLCAnMjAwJywgJy1pbWFlJywgJzxpbmZpbGUubWFlPicsICctb21hZScsICc8b3V0ZmlsZS5tYWU+Jw==,2,33,-3.744,16,56135,1074-1,Gentamicin sulphate sterile,,0.387096191036002,5,-2,39.097,glide-grid_Ab_minmz,,0.637,0,,-9.73210800257092,170.408,"This compound contains an acetal/aminal-like group ( X-CH(R)-Y where X, Y are N, S, or O) that may be acid/base labile, releasing an aldehyde.",1,0,http://www.apichemistry.com,-131.075184398851,,0,18,209.06,2.0,0.0,356,0,-23.3221549987793,1.6,-7.738,-0.423486495317453,92712501,0.0,0.1757,109.760459,0.0781135,10,OPLS_2005,0.2117,5,11.0,18,2,6,3.223,,,15.122,-1.32339690909091,32.812,-1.394,0.268855947546669,477.6,1,92712501-1,-2.16437042961336,0.0,,108_sdstereoexpander_1_neutralizer_1_epik_1_stereoizer_1,0,0.0
,6.232,124,510.621,5,9.76339912414551,MolPort-005-934-296,0.304942915495211,-0.94594152985124,2,0.1757,0,16.95,0.0277472,13,12,-0.29491236371427,,1,MolPort,8,206,719.681,0.0,0,,-0.344673593226915,,W05IMl1bQ0BIXTFbQ0gyXVtDSDJdW0NAQEhdKFtDQEBIXShbQ0gzXSlbTkhdW0NIM10pT1tDQEBIXTFPW0NAQEhdMltDQEhdKFtPSF0pW0NAQEhdKFtDQEhdKFtOSDJdKVtDSDJdW0NAQEhdMltOSDJdKU9bQ0BIXShPW0NIMl0zKVtDQEBIXShbT0hdKVtDQEBIXShbQ0BdMyhbT0hdKVtDSDNdKVtOSF1bQ0gzXQ==,-2.16912139974993,41.515,,-2.127,5,0.2114,https://www.molport.com/shop/molecule-link/MolPort-005-934-296,-37.2130508422852,0.0003,-0.785964770741962,1399.698,0,-8.25,2,,1234,,3467  1,,2,,-60.5352058410645,7,8.897,,vsw_Gentamicin_Analog_3-LIGPREP-004-in.maegz,0.8408423,"1
3",93301516,-1.049,1,MolPort-005-934-296,-9.90780800257092,J2VwaWtfcHl0aG9uJywgJy1waCcsICc3LjAwMDAwMCcsICctcGh0JywgJzIuMDAwMDAwJywgJy1tcycsICcxNicsICctdG4nLCAnOCcsICctbWEnLCAnMjAwJywgJy1pbWFlJywgJzxpbmZpbGUubWFlPicsICctb21hZScsICc8b3V0ZmlsZS5tYWU+Jw==,2,33,-3.744,16,56135,1234-1,,,0.387096191036002,5,-2,39.097,glide-grid_Ab_minmz,,0.637,0,,-9.73210800257092,170.408,"This compound contains an acetal/aminal-like group ( X-CH(R)-Y where X, Y are N, S, or O) that may be acid/base labile, releasing an aldehyde.",1,0,https://www.molport.com,-131.075184398851,,0,18,209.06,2.0,0.0,356,0,-23.3221549987793,1.6,-7.738,-0.423486495317453,93301516,0.0,0.1757,109.760459,0.0781135,10,OPLS_2005,0.2117,5,11.0,18,2,3,3.223,,,15.122,-1.32339690909091,32.812,-1.394,0.268855947546669,477.6,1,93301516-1,-2.16437042961336,0.0,,124_sdstereoexpander_1_neutralizer_1_epik_1_stereoizer_1,0,0.0
,6.232,364,510.621,5,9.76339912414551,AKOS015961211,0.304942915495211,-0.94594152985124,2,0.1757,0,16.95,0.0277472,13,12,-0.29491236371427,,1,AKos Consulting & Solutions,8,431,719.681,0.0,0,,-0.344673593226915,AKOS015961211,W05IMl1bQ0BIXTFbQ0gyXVtDSDJdW0NAQEhdKFtDQEBIXShbQ0gzXSlbTkhdW0NIM10pT1tDQEBIXTFPW0NAQEhdMltDQEhdKFtPSF0pW0NAQEhdKFtDQEhdKFtOSDJdKVtDSDJdW0NAQEhdMltOSDJdKU9bQ0BIXShPW0NIMl0zKVtDQEBIXShbT0hdKVtDQEBIXShbQ0BdMyhbT0hdKVtDSDNdKVtOSF1bQ0gzXQ==,-2.16912139974993,41.515,,-2.127,5,0.2114,http://akoscompounds.de/catalogue/akossamplesretrieval.php?IDNUMBERS=AKOS015961211,-37.2130508422852,0.0003,-0.785964770741962,1399.698,0,-8.25,2,,3634,,3467  1,,2,,-60.5352058410645,7,8.897,,vsw_Gentamicin_Analog_3-LIGPREP-004-in.maegz,0.8408423,"1
3",152100630,-1.049,1,AKOS015961211,-9.90780800257092,J2VwaWtfcHl0aG9uJywgJy1waCcsICc3LjAwMDAwMCcsICctcGh0JywgJzIuMDAwMDAwJywgJy1tcycsICcxNicsICctdG4nLCAnOCcsICctbWEnLCAnMjAwJywgJy1pbWFlJywgJzxpbmZpbGUubWFlPicsICctb21hZScsICc8b3V0ZmlsZS5tYWU+Jw==,2,33,-3.744,16,56135,3634-1,STOCK:BUILDING_BLOCK,,0.387096191036002,5,-2,39.097,glide-grid_Ab_minmz,,0.637,0,,-9.73210800257092,170.408,"This compound contains an acetal/aminal-like group ( X-CH(R)-Y where X, Y are N, S, or O) that may be acid/base labile, releasing an aldehyde.",1,0,http://www.akosgmbh.de/AKosSamples/index.html,-131.075184398851,,0,18,209.06,2.0,0.0,356,0,-23.3221549987793,1.6,-7.738,-0.423486495317453,152100630,0.0,0.1757,109.760459,0.0781135,10,OPLS_2005,0.2117,5,11.0,18,2,3,3.223,,,15.122,-1.32339690909091,32.812,-1.394,0.268855947546669,477.6,1,152100630-1,-2.16437042961336,0.0,,364_sdstereoexpander_1_neutralizer_1_epik_1_stereoizer_1,0,0.0
,6.232,111,510.621,5,9.76339912414551,AC-13386,0.304942915495211,-0.94594152985124,2,0.1757,0,16.95,0.0277472,13,12,-0.29491236371427,,1,Hangzhou APIChem Technology,8,141,719.681,0.0,0,,-0.344673593226915,"1405-41-0
AC-13386",W05IMl1bQ0BIXTFbQ0gyXVtDSDJdW0NAQEhdKFtDQEBIXShbQ0gzXSlbTkhdW0NIM10pT1tDQEBIXTFPW0NAQEhdMltDQEhdKFtPSF0pW0NAQEhdKFtDQEhdKFtOSDJdKVtDSDJdW0NAQEhdMltOSDJdKU9bQ0BIXShPW0NIMl0zKVtDQEBIXShbT0hdKVtDQEBIXShbQ0BdMyhbT0hdKVtDSDNdKVtOSF1bQ0gzXQ==,-2.16912139974993,41.515,,-2.127,5,0.2114,,-37.2130508422852,0.0003,-0.785964770741962,1399.698,0,-8.25,2,,1106,,3467  1,,2,,-60.5352058410645,7,8.897,1405-41-0,vsw_Gentamicin_Analog_3-LIGPREP-006-in.maegz,0.8408423,"1
3",92712501,-1.049,1,AC-13386,-9.90780800257092,J2VwaWtfcHl0aG9uJywgJy1waCcsICc3LjAwMDAwMCcsICctcGh0JywgJzIuMDAwMDAwJywgJy1tcycsICcxNicsICctdG4nLCAnOCcsICctbWEnLCAnMjAwJywgJy1pbWFlJywgJzxpbmZpbGUubWFlPicsICctb21hZScsICc8b3V0ZmlsZS5tYWU+Jw==,2,33,-3.744,16,56135,1106-1,Gentamicin sulphate sterile,,0.387096191036002,5,-2,39.097,glide-grid_Ab_minmz,,0.637,0,,-9.73210800257092,170.408,"This compound contains an acetal/aminal-like group ( X-CH(R)-Y where X, Y are N, S, or O) that may be acid/base labile, releasing an aldehyde.",1,0,http://www.apichemistry.com,-131.075184398851,,0,18,209.06,2.0,0.0,356,0,-23.3221549987793,1.6,-7.738,-0.423486495317453,92712501,0.0,0.1757,109.760459,0.0781135,10,OPLS_2005,0.2117,5,11.0,18,2,6,3.223,,,15.122,-1.32339690909091,32.812,-1.394,0.268855947546669,477.6,1,92712501-1,-2.16437042961336,0.0,,111_sdstereoexpander_1_neutralizer_1_epik_1_stereoizer_1,0,0.0
,6.232,127,510.621,5,9.76339912414551,MolPort-005-934-296,0.304942915495211,-0.94594152985124,2,0.1757,0,16.95,0.0277472,13,12,-0.29491236371427,,1,MolPort,8,161,719.681,0.0,0,,-0.344673593226915,,W05IMl1bQ0BIXTFbQ0gyXVtDSDJdW0NAQEhdKFtDQEBIXShbQ0gzXSlbTkhdW0NIM10pT1tDQEBIXTFPW0NAQEhdMltDQEhdKFtPSF0pW0NAQEhdKFtDQEhdKFtOSDJdKVtDSDJdW0NAQEhdMltOSDJdKU9bQ0BIXShPW0NIMl0zKVtDQEBIXShbT0hdKVtDQEBIXShbQ0BdMyhbT0hdKVtDSDNdKVtOSF1bQ0gzXQ==,-2.16912139974993,41.515,,-2.127,5,0.2114,https://www.molport.com/shop/molecule-link/MolPort-005-934-296,-37.2130508422852,0.0003,-0.785964770741962,1399.698,0,-8.25,2,,1266,,3467  1,,2,,-60.5352058410645,7,8.897,,vsw_Gentamicin_Analog_3-LIGPREP-006-in.maegz,0.8408423,"1
3",93301516,-1.049,1,MolPort-005-934-296,-9.90780800257092,J2VwaWtfcHl0aG9uJywgJy1waCcsICc3LjAwMDAwMCcsICctcGh0JywgJzIuMDAwMDAwJywgJy1tcycsICcxNicsICctdG4nLCAnOCcsICctbWEnLCAnMjAwJywgJy1pbWFlJywgJzxpbmZpbGUubWFlPicsICctb21hZScsICc8b3V0ZmlsZS5tYWU+Jw==,2,33,-3.744,16,56135,1266-1,,,0.387096191036002,5,-2,39.097,glide-grid_Ab_minmz,,0.637,0,,-9.73210800257092,170.408,"This compound contains an acetal/aminal-like group ( X-CH(R)-Y where X, Y are N, S, or O) that may be acid/base labile, releasing an aldehyde.",1,0,https://www.molport.com,-131.075184398851,,0,18,209.06,2.0,0.0,356,0,-23.3221549987793,1.6,-7.738,-0.423486495317453,93301516,0.0,0.1757,109.760459,0.0781135,10,OPLS_2005,0.2117,5,11.0,18,2,3,3.223,,,15.122,-1.32339690909091,32.812,-1.394,0.268855947546669,477.6,1,93301516-1,-2.16437042961336,0.0,,127_sdstereoexpander_1_neutralizer_1_epik_1_stereoizer_1,0,0.0
,6.232,367,510.621,5,9.76339912414551,AKOS015961211,0.304942915495211,-0.94594152985124,2,0.1757,0,16.95,0.0277472,13,12,-0.29491236371427,,1,AKos Consulting & Solutions,8,331,719.681,0.0,0,,-0.344673593226915,AKOS015961211,W05IMl1bQ0BIXTFbQ0gyXVtDSDJdW0NAQEhdKFtDQEBIXShbQ0gzXSlbTkhdW0NIM10pT1tDQEBIXTFPW0NAQEhdMltDQEhdKFtPSF0pW0NAQEhdKFtDQEhdKFtOSDJdKVtDSDJdW0NAQEhdMltOSDJdKU9bQ0BIXShPW0NIMl0zKVtDQEBIXShbT0hdKVtDQEBIXShbQ0BdMyhbT0hdKVtDSDNdKVtOSF1bQ0gzXQ==,-2.16912139974993,41.515,,-2.127,5,0.2114,http://akoscompounds.de/catalogue/akossamplesretrieval.php?IDNUMBERS=AKOS015961211,-37.2130508422852,0.0003,-0.785964770741962,1399.698,0,-8.25,2,,3666,,3467  1,,2,,-60.5352058410645,7,8.897,,vsw_Gentamicin_Analog_3-LIGPREP-006-in.maegz,0.8408423,"1
3",152100630,-1.049,1,AKOS015961211,-9.90780800257092,J2VwaWtfcHl0aG9uJywgJy1waCcsICc3LjAwMDAwMCcsICctcGh0JywgJzIuMDAwMDAwJywgJy1tcycsICcxNicsICctdG4nLCAnOCcsICctbWEnLCAnMjAwJywgJy1pbWFlJywgJzxpbmZpbGUubWFlPicsICctb21hZScsICc8b3V0ZmlsZS5tYWU+Jw==,2,33,-3.744,16,56135,3666-1,STOCK:BUILDING_BLOCK,,0.387096191036002,5,-2,39.097,glide-grid_Ab_minmz,,0.637,0,,-9.73210800257092,170.408,"This compound contains an acetal/aminal-like group ( X-CH(R)-Y where X, Y are N, S, or O) that may be acid/base labile, releasing an aldehyde.",1,0,http://www.akosgmbh.de/AKosSamples/index.html,-131.075184398851,,0,18,209.06,2.0,0.0,356,0,-23.3221549987793,1.6,-7.738,-0.423486495317453,152100630,0.0,0.1757,109.760459,0.0781135,10,OPLS_2005,0.2117,5,11.0,18,2,3,3.223,,,15.122,-1.32339690909091,32.812,-1.394,0.268855947546669,477.6,1,152100630-1,-2.16437042961336,0.0,,367_sdstereoexpander_1_neutralizer_1_epik_1_stereoizer_1,0,0.0
,6.232,98,510.621,5,9.76339912414551,AC-13386,0.304942915495211,-0.94594152985124,2,0.1757,0,16.95,0.0277472,13,12,-0.29491236371427,,1,Hangzhou APIChem Technology,8,411,719.681,0.0,0,,-0.344673593226915,"1405-41-0
AC-13386",W05IMl1bQ0BIXTFbQ0gyXVtDSDJdW0NAQEhdKFtDQEBIXShbQ0gzXSlbTkhdW0NIM10pT1tDQEBIXTFPW0NAQEhdMltDQEhdKFtPSF0pW0NAQEhdKFtDQEhdKFtOSDJdKVtDSDJdW0NAQEhdMltOSDJdKU9bQ0BIXShPW0NIMl0zKVtDQEBIXShbT0hdKVtDQEBIXShbQ0BdMyhbT0hdKVtDSDNdKVtOSF1bQ0gzXQ==,-2.16912139974993,41.515,,-2.127,5,0.2114,,-37.2130508422852,0.0003,-0.785964770741962,1399.698,0,-8.25,2,,978,,3467  1,,2,,-60.5352058410645,7,8.897,1405-41-0,vsw_Gentamicin_Analog_3-LIGPREP-008-in.maegz,0.8408423,"1
3",92712501,-1.049,1,AC-13386,-9.90780800257092,J2VwaWtfcHl0aG9uJywgJy1waCcsICc3LjAwMDAwMCcsICctcGh0JywgJzIuMDAwMDAwJywgJy1tcycsICcxNicsICctdG4nLCAnOCcsICctbWEnLCAnMjAwJywgJy1pbWFlJywgJzxpbmZpbGUubWFlPicsICctb21hZScsICc8b3V0ZmlsZS5tYWU+Jw==,2,33,-3.744,16,56135,978-1,Gentamicin sulphate sterile,,0.387096191036002,5,-2,39.097,glide-grid_Ab_minmz,,0.637,0,,-9.73210800257092,170.408,"This compound contains an acetal/aminal-like group ( X-CH(R)-Y where X, Y are N, S, or O) that may be acid/base labile, releasing an aldehyde.",1,0,http://www.apichemistry.com,-131.075184398851,,0,18,209.06,2.0,0.0,356,0,-23.3221549987793,1.6,-7.738,-0.423486495317453,92712501,0.0,0.1757,109.760459,0.0781135,10,OPLS_2005,0.2117,5,11.0,18,2,6,3.223,,,15.122,-1.32339690909091,32.812,-1.394,0.268855947546669,477.6,1,92712501-1,-2.16437042961336,0.0,,98_sdstereoexpander_1_neutralizer_1_epik_1_stereoizer_1,0,0.0
,6.232,114,510.621,5,9.76339912414551,MolPort-005-934-296,0.304942915495211,-0.94594152985124,2,0.1757,0,16.95,0.0277472,13,12,-0.29491236371427,,1,MolPort,8,431,719.681,0.0,0,,-0.344673593226915,,W05IMl1bQ0BIXTFbQ0gyXVtDSDJdW0NAQEhdKFtDQEBIXShbQ0gzXSlbTkhdW0NIM10pT1tDQEBIXTFPW0NAQEhdMltDQEhdKFtPSF0pW0NAQEhdKFtDQEhdKFtOSDJdKVtDSDJdW0NAQEhdMltOSDJdKU9bQ0BIXShPW0NIMl0zKVtDQEBIXShbT0hdKVtDQEBIXShbQ0BdMyhbT0hdKVtDSDNdKVtOSF1bQ0gzXQ==,-2.16912139974993,41.515,,-2.127,5,0.2114,https://www.molport.com/shop/molecule-link/MolPort-005-934-296,-37.2130508422852,0.0003,-0.785964770741962,1399.698,0,-8.25,2,,1138,,3467  1,,2,,-60.5352058410645,7,8.897,,vsw_Gentamicin_Analog_3-LIGPREP-008-in.maegz,0.8408423,"1
3",93301516,-1.049,1,MolPort-005-934-296,-9.90780800257092,J2VwaWtfcHl0aG9uJywgJy1waCcsICc3LjAwMDAwMCcsICctcGh0JywgJzIuMDAwMDAwJywgJy1tcycsICcxNicsICctdG4nLCAnOCcsICctbWEnLCAnMjAwJywgJy1pbWFlJywgJzxpbmZpbGUubWFlPicsICctb21hZScsICc8b3V0ZmlsZS5tYWU+Jw==,2,33,-3.744,16,56135,1138-1,,,0.387096191036002,5,-2,39.097,glide-grid_Ab_minmz,,0.637,0,,-9.73210800257092,170.408,"This compound contains an acetal/aminal-like group ( X-CH(R)-Y where X, Y are N, S, or O) that may be acid/base labile, releasing an aldehyde.",1,0,https://www.molport.com,-131.075184398851,,0,18,209.06,2.0,0.0,356,0,-23.3221549987793,1.6,-7.738,-0.423486495317453,93301516,0.0,0.1757,109.760459,0.0781135,10,OPLS_2005,0.2117,5,11.0,18,2,3,3.223,,,15.122,-1.32339690909091,32.812,-1.394,0.268855947546669,477.6,1,93301516-1,-2.16437042961336,0.0,,114_sdstereoexpander_1_neutralizer_1_epik_1_stereoizer_1,0,0.0
,6.232,354,510.621,5,9.76339912414551,AKOS015961211,0.304942915495211,-0.94594152985124,2,0.1757,0,16.95,0.0277472,13,12,-0.29491236371427,,1,AKos Consulting & Solutions,8,36,719.681,0.0,0,,-0.344673593226915,AKOS015961211,W05IMl1bQ0BIXTFbQ0gyXVtDSDJdW0NAQEhdKFtDQEBIXShbQ0gzXSlbTkhdW0NIM10pT1tDQEBIXTFPW0NAQEhdMltDQEhdKFtPSF0pW0NAQEhdKFtDQEhdKFtOSDJdKVtDSDJdW0NAQEhdMltOSDJdKU9bQ0BIXShPW0NIMl0zKVtDQEBIXShbT0hdKVtDQEBIXShbQ0BdMyhbT0hdKVtDSDNdKVtOSF1bQ0gzXQ==,-2.16912139974993,41.515,,-2.127,5,0.2114,http://akoscompounds.de/catalogue/akossamplesretrieval.php?IDNUMBERS=AKOS015961211,-37.2130508422852,0.0003,-0.785964770741962,1399.698,0,-8.25,2,,3538,,3467  1,,2,,-60.5352058410645,7,8.897,,vsw_Gentamicin_Analog_3-LIGPREP-008-in.maegz,0.8408423,"1
3",152100630,-1.049,1,AKOS015961211,-9.90780800257092,J2VwaWtfcHl0aG9uJywgJy1waCcsICc3LjAwMDAwMCcsICctcGh0JywgJzIuMDAwMDAwJywgJy1tcycsICcxNicsICctdG4nLCAnOCcsICctbWEnLCAnMjAwJywgJy1pbWFlJywgJzxpbmZpbGUubWFlPicsICctb21hZScsICc8b3V0ZmlsZS5tYWU+Jw==,2,33,-3.744,16,56135,3538-1,STOCK:BUILDING_BLOCK,,0.387096191036002,5,-2,39.097,glide-grid_Ab_minmz,,0.637,0,,-9.73210800257092,170.408,"This compound contains an acetal/aminal-like group ( X-CH(R)-Y where X, Y are N, S, or O) that may be acid/base labile, releasing an aldehyde.",1,0,http://www.akosgmbh.de/AKosSamples/index.html,-131.075184398851,,0,18,209.06,2.0,0.0,356,0,-23.3221549987793,1.6,-7.738,-0.423486495317453,152100630,0.0,0.1757,109.760459,0.0781135,10,OPLS_2005,0.2117,5,11.0,18,2,3,3.223,,,15.122,-1.32339690909091,32.812,-1.394,0.268855947546669,477.6,1,152100630-1,-2.16437042961336,0.0,,354_sdstereoexpander_1_neutralizer_1_epik_1_stereoizer_1,0,0.0
,6.232,101,510.621,5,9.76339912414551,AC-13386,0.304942915495211,-0.94594152985124,2,0.1757,0,16.95,0.0277472,13,12,-0.29491236371427,,1,Hangzhou APIChem Technology,8,66,719.681,0.0,0,,-0.344673593226915,"1405-41-0
AC-13386",W05IMl1bQ0BIXTFbQ0gyXVtDSDJdW0NAQEhdKFtDQEBIXShbQ0gzXSlbTkhdW0NIM10pT1tDQEBIXTFPW0NAQEhdMltDQEhdKFtPSF0pW0NAQEhdKFtDQEhdKFtOSDJdKVtDSDJdW0NAQEhdMltOSDJdKU9bQ0BIXShPW0NIMl0zKVtDQEBIXShbT0hdKVtDQEBIXShbQ0BdMyhbT0hdKVtDSDNdKVtOSF1bQ0gzXQ==,-2.16912139974993,41.515,,-2.127,5,0.2114,,-37.2130508422852,0.0003,-0.785964770741962,1399.698,0,-8.25,2,,1010,,3467  1,,2,,-60.5352058410645,7,8.897,1405-41-0,vsw_Gentamicin_Analog_3-LIGPREP-010-in.maegz,0.8408423,"1
3",92712501,-1.049,1,AC-13386,-9.90780800257092,J2VwaWtfcHl0aG9uJywgJy1waCcsICc3LjAwMDAwMCcsICctcGh0JywgJzIuMDAwMDAwJywgJy1tcycsICcxNicsICctdG4nLCAnOCcsICctbWEnLCAnMjAwJywgJy1pbWFlJywgJzxpbmZpbGUubWFlPicsICctb21hZScsICc8b3V0ZmlsZS5tYWU+Jw==,2,33,-3.744,16,56135,1010-1,Gentamicin sulphate sterile,,0.387096191036002,5,-2,39.097,glide-grid_Ab_minmz,,0.637,0,,-9.73210800257092,170.408,"This compound contains an acetal/aminal-like group ( X-CH(R)-Y where X, Y are N, S, or O) that may be acid/base labile, releasing an aldehyde.",1,0,http://www.apichemistry.com,-131.075184398851,,0,18,209.06,2.0,0.0,356,0,-23.3221549987793,1.6,-7.738,-0.423486495317453,92712501,0.0,0.1757,109.760459,0.0781135,10,OPLS_2005,0.2117,5,11.0,18,2,6,3.223,,,15.122,-1.32339690909091,32.812,-1.394,0.268855947546669,477.6,1,92712501-1,-2.16437042961336,0.0,,101_sdstereoexpander_1_neutralizer_1_epik_1_stereoizer_1,0,0.0
,6.232,117,510.621,5,9.76339912414551,MolPort-005-934-296,0.304942915495211,-0.94594152985124,2,0.1757,0,16.95,0.0277472,13,12,-0.29491236371427,,1,MolPort,8,81,719.681,0.0,0,,-0.344673593226915,,W05IMl1bQ0BIXTFbQ0gyXVtDSDJdW0NAQEhdKFtDQEBIXShbQ0gzXSlbTkhdW0NIM10pT1tDQEBIXTFPW0NAQEhdMltDQEhdKFtPSF0pW0NAQEhdKFtDQEhdKFtOSDJdKVtDSDJdW0NAQEhdMltOSDJdKU9bQ0BIXShPW0NIMl0zKVtDQEBIXShbT0hdKVtDQEBIXShbQ0BdMyhbT0hdKVtDSDNdKVtOSF1bQ0gzXQ==,-2.16912139974993,41.515,,-2.127,5,0.2114,https://www.molport.com/shop/molecule-link/MolPort-005-934-296,-37.2130508422852,0.0003,-0.785964770741962,1399.698,0,-8.25,2,,1170,,3467  1,,2,,-60.5352058410645,7,8.897,,vsw_Gentamicin_Analog_3-LIGPREP-010-in.maegz,0.8408423,"1
3",93301516,-1.049,1,MolPort-005-934-296,-9.90780800257092,J2VwaWtfcHl0aG9uJywgJy1waCcsICc3LjAwMDAwMCcsICctcGh0JywgJzIuMDAwMDAwJywgJy1tcycsICcxNicsICctdG4nLCAnOCcsICctbWEnLCAnMjAwJywgJy1pbWFlJywgJzxpbmZpbGUubWFlPicsICctb21hZScsICc8b3V0ZmlsZS5tYWU+Jw==,2,33,-3.744,16,56135,1170-1,,,0.387096191036002,5,-2,39.097,glide-grid_Ab_minmz,,0.637,0,,-9.73210800257092,170.408,"This compound contains an acetal/aminal-like group ( X-CH(R)-Y where X, Y are N, S, or O) that may be acid/base labile, releasing an aldehyde.",1,0,https://www.molport.com,-131.075184398851,,0,18,209.06,2.0,0.0,356,0,-23.3221549987793,1.6,-7.738,-0.423486495317453,93301516,0.0,0.1757,109.760459,0.0781135,10,OPLS_2005,0.2117,5,11.0,18,2,3,3.223,,,15.122,-1.32339690909091,32.812,-1.394,0.268855947546669,477.6,1,93301516-1,-2.16437042961336,0.0,,117_sdstereoexpander_1_neutralizer_1_epik_1_stereoizer_1,0,0.0
,6.232,357,510.621,5,9.76339912414551,AKOS015961211,0.304942915495211,-0.94594152985124,2,0.1757,0,16.95,0.0277472,13,12,-0.29491236371427,,1,AKos Consulting & Solutions,8,246,719.681,0.0,0,,-0.344673593226915,AKOS015961211,W05IMl1bQ0BIXTFbQ0gyXVtDSDJdW0NAQEhdKFtDQEBIXShbQ0gzXSlbTkhdW0NIM10pT1tDQEBIXTFPW0NAQEhdMltDQEhdKFtPSF0pW0NAQEhdKFtDQEhdKFtOSDJdKVtDSDJdW0NAQEhdMltOSDJdKU9bQ0BIXShPW0NIMl0zKVtDQEBIXShbT0hdKVtDQEBIXShbQ0BdMyhbT0hdKVtDSDNdKVtOSF1bQ0gzXQ==,-2.16912139974993,41.515,,-2.127,5,0.2114,http://akoscompounds.de/catalogue/akossamplesretrieval.php?IDNUMBERS=AKOS015961211,-37.2130508422852,0.0003,-0.785964770741962,1399.698,0,-8.25,2,,3570,,3467  1,,2,,-60.5352058410645,7,8.897,,vsw_Gentamicin_Analog_3-LIGPREP-010-in.maegz,0.8408423,"1
3",152100630,-1.049,1,AKOS015961211,-9.90780800257092,J2VwaWtfcHl0aG9uJywgJy1waCcsICc3LjAwMDAwMCcsICctcGh0JywgJzIuMDAwMDAwJywgJy1tcycsICcxNicsICctdG4nLCAnOCcsICctbWEnLCAnMjAwJywgJy1pbWFlJywgJzxpbmZpbGUubWFlPicsICctb21hZScsICc8b3V0ZmlsZS5tYWU+Jw==,2,33,-3.744,16,56135,3570-1,STOCK:BUILDING_BLOCK,,0.387096191036002,5,-2,39.097,glide-grid_Ab_minmz,,0.637,0,,-9.73210800257092,170.408,"This compound contains an acetal/aminal-like group ( X-CH(R)-Y where X, Y are N, S, or O) that may be acid/base labile, releasing an aldehyde.",1,0,http://www.akosgmbh.de/AKosSamples/index.html,-131.075184398851,,0,18,209.06,2.0,0.0,356,0,-23.3221549987793,1.6,-7.738,-0.423486495317453,152100630,0.0,0.1757,109.760459,0.0781135,10,OPLS_2005,0.2117,5,11.0,18,2,3,3.223,,,15.122,-1.32339690909091,32.812,-1.394,0.268855947546669,477.6,1,152100630-1,-2.16437042961336,0.0,,357_sdstereoexpander_1_neutralizer_1_epik_1_stereoizer_1,0,0.0
,3.325,484,530.928,5,12.391788482666,CHEMBL329592,0.43563273642173,-0.945740086913391,2,0.1757,0,16.95,0.0077887,13,12,-0.294849560664526,,1,ChEMBL,8,426,732.352,0.0,0,,-0.42702208099438,CHEMBL329592,W09IXVtDQF0xKFtDSDNdKVtDQEhdKFtOSF1bQ0gzXSlbQ0BIXShbT0hdKVtDQEhdKE9bQ0gyXTEpT1tDQEhdMltDQEBIXShbT0hdKVtDQEhdKFtDQEBIXShbTkgyXSlbQ0gyXVtDQEhdMltOSDJdKU9bQ0BIXTNPW0NASF0oW0NAQEhdKFtDSDNdKVtOSF1bQ0gzXSlbQ0gyXVtDSDJdW0NAQEhdM1tOSDJd,-2.3,42.312,,-2.313,5,0.2114,https://www.ebi.ac.uk/chembl/compound_report_card/CHEMBL329592,-52.3764915466309,0.0003,-0.647485381649573,1419.628,0,-8.109,2,,4839,,3467  1,,2,,-71.0099925994873,15,9.068,,vsw_Gentamicin_Analog_3-LIGPREP-009-in.maegz,0.8341193,"1
3",242084438,-1.05,1,CHEMBL329592,-9.90573550192935,J2VwaWtfcHl0aG9uJywgJy1waCcsICc3LjAwMDAwMCcsICctcGh0JywgJzIuMDAwMDAwJywgJy1tcycsICcxNicsICctdG4nLCAnOCcsICctbWEnLCAnMjAwJywgJy1pbWFlJywgJzxpbmZpbGUubWFlPicsICctb21hZScsICc8b3V0ZmlsZS5tYWU+Jw==,2,33,-3.621,16,56135,4839-1,,,0.387096191036002,5,-2,39.045,glide-grid_Ab_minmz,,0.762,0,,-9.73003550192935,177.697,"This compound contains an acetal/aminal-like group ( X-CH(R)-Y where X, Y are N, S, or O) that may be acid/base labile, releasing an aldehyde.",1,0,https://www.ebi.ac.uk/chembl/,-151.586137594929,,0,18,201.424,2.0,0.0,333,0,-18.6335010528564,1.89,-7.847,-0.791788813973395,242084438,0.0,0.1757,109.903381,0.076762,10,OPLS_2005,0.2117,5,11.0,18,2,6,3.223,,,15.255,-1.24339690909091,32.79,-1.353,0.371748068903515,477.6,1,242084438-1,-2.16390951620151,0.0,,484_sdstereoexpander_1_neutralizer_1_epik_1_stereoizer_1,0,0.0
,9.594,1840,979.042,5,16.1013870239258,31383578,0.0298016608044673,-0.526568948063139,2,0.1437,0,29.7,0.0289662,20,23,-0.122719303545627,,1,24262,12,516,1578.678,241.708,4,,-0.263497286712034,,W0NIMl0xW0NIMl1OKFtDSDNdKVtDSDJdW0NIMl1OMWMoYyhGKVtjSF0yKVtjSF1jKGMyMyluKFtDSDJdW0NIM10pW2NIXWMoYzM9TylDKD1PKVtOSF1bQ0BIXShjNFtjSF1bY0hdW2NIXVtjSF1bY0hdNClDKD1PKVtOSF1bQ0BIXShDNT1PKVtDQEBIXShONTYpU0MoW0NIM10pKFtDSDNdKVtDQEhdNkMoPU8pW05IXVtDQEhdN1tDSDJdW0NAQEhdKFtOSDJdKVtDQEBIXShPW0NAQEhdKE9bQ0gyXVtDQF04KFtDSDNdKVtPSF0pW0NASF0oW09IXSlbQ0BIXThbTkhdW0NIM10pW0NAQEhdKFtPSF0pW0NAQEhdN09bQ0BIXTlPW0NAQEhdKFtDQEBIXShbQ0gzXSlbTkhdW0NIM10pW0NIMl1bQ0gyXVtDQEhdOVtOSDJd,-0.0,110.478,,0.692,5,0.1705,https://patents.google.com/?q=SOVOISHMVWJPRO-UHFFFAOYSA-N,-32.2021636962891,0.0001,-1.6611204766335,3177.553,0,-8.429,3,,18395,,"160895664  1
3467  2
22961696  2
22961702  2",,3,,-78.9763412475586,309,8.603,,vsw_Gentamicin_Analog_3-LIGPREP-005-in.maegz,0.6621151,,452738122,-1.198,1,31383578,-9.83852498010454,J2VwaWtfcHl0aG9uJywgJy1waCcsICc3LjAwMDAwMCcsICctcGh0JywgJzIuMDAwMDAwJywgJy1tcycsICcxNicsICctdG4nLCAnOCcsICctbWEnLCAnMjAwJywgJy1pbWFlJywgJzxpbmZpbGUubWFlPicsICctb21hZScsICc8b3V0ZmlsZS5tYWU+Jw==,2,79,-0.94,24,56135,18395-1,,,0.31417965256055,15,-2,69.52,glide-grid_Ab_minmz,,0.147,0,,-9.69482498010454,319.564,"This compound contains an acetal/aminal-like group ( X-CH(R)-Y where X, Y are N, S, or O) that may be acid/base labile, releasing an aldehyde.",1,0,,-167.645857491371,,0,47,301.475,-1.435,0.0,23,0,-46.7741775512695,0.072,-7.66,-0.4,452738122,23.173,0.1437,143.805604,0.0602317,22,OPLS_2005,0.1705,5,10.25,43,2,1,-2.997,,,35.625,-1.205,51.434,-4.291,0.000153536558624501,1124.335,1,452738122-1,-1.80555342867334,58.726,,1840_sdstereoexpander_1_neutralizer_1_epik_1_stereoizer_1,3,56.453
,9.595,1827,978.951,5,16.1013870239258,31383578,0.0298016608044673,-0.526568948063139,2,0.1437,0,29.7,0.0289741,20,23,-0.122719303545627,,1,24262,12,236,1578.581,241.716,4,,-0.263497286712034,,W0NIMl0xW0NIMl1OKFtDSDNdKVtDSDJdW0NIMl1OMWMoYyhGKVtjSF0yKVtjSF1jKGMyMyluKFtDSDJdW0NIM10pW2NIXWMoYzM9TylDKD1PKVtOSF1bQ0BIXShjNFtjSF1bY0hdW2NIXVtjSF1bY0hdNClDKD1PKVtOSF1bQ0BIXShDNT1PKVtDQEBIXShONTYpU0MoW0NIM10pKFtDSDNdKVtDQEhdNkMoPU8pW05IXVtDQEhdN1tDSDJdW0NAQEhdKFtOSDJdKVtDQEBIXShPW0NAQEhdKE9bQ0gyXVtDQF04KFtDSDNdKVtPSF0pW0NASF0oW09IXSlbQ0BIXThbTkhdW0NIM10pW0NAQEhdKFtPSF0pW0NAQEhdN09bQ0BIXTlPW0NAQEhdKFtDQEBIXShbQ0gzXSlbTkhdW0NIM10pW0NIMl1bQ0gyXVtDQEhdOVtOSDJd,-0.0,110.477,,0.692,5,0.1705,https://patents.google.com/?q=SOVOISHMVWJPRO-UHFFFAOYSA-N,-32.2021636962891,0.0001,-1.6611204766335,3177.524,0,-8.429,3,,18267,,"160895664  1
3467  2
22961696  2
22961702  2",,3,,-78.9763412475586,309,8.603,,vsw_Gentamicin_Analog_3-LIGPREP-007-in.maegz,0.6621514,,452738122,-1.198,1,31383578,-9.83852498010454,J2VwaWtfcHl0aG9uJywgJy1waCcsICc3LjAwMDAwMCcsICctcGh0JywgJzIuMDAwMDAwJywgJy1tcycsICcxNicsICctdG4nLCAnOCcsICctbWEnLCAnMjAwJywgJy1pbWFlJywgJzxpbmZpbGUubWFlPicsICctb21hZScsICc8b3V0ZmlsZS5tYWU+Jw==,2,79,-0.94,24,56135,18267-1,,,0.31417965256055,15,-2,69.52,glide-grid_Ab_minmz,,0.147,0,,-9.69482498010454,319.563,"This compound contains an acetal/aminal-like group ( X-CH(R)-Y where X, Y are N, S, or O) that may be acid/base labile, releasing an aldehyde.",1,0,,-167.645857491371,,0,47,301.45,-1.436,0.0,23,0,-46.7741775512695,0.073,-7.659,-0.4,452738122,23.185,0.1437,143.805258,0.0602353,22,OPLS_2005,0.1705,5,10.25,43,2,1,-2.997,,,35.623,-1.205,51.429,-4.29,0.000153495527093872,1124.335,1,452738122-1,-1.80555342867334,58.665,,1827_sdstereoexpander_1_neutralizer_1_epik_1_stereoizer_1,3,56.464
,9.595,1830,978.951,5,16.1013870239258,31383578,0.0298016608044673,-0.526568948063139,2,0.1437,0,29.7,0.0289741,20,23,-0.122719303545627,,1,24262,12,436,1578.581,241.716,4,,-0.263497286712034,,W0NIMl0xW0NIMl1OKFtDSDNdKVtDSDJdW0NIMl1OMWMoYyhGKVtjSF0yKVtjSF1jKGMyMyluKFtDSDJdW0NIM10pW2NIXWMoYzM9TylDKD1PKVtOSF1bQ0BIXShjNFtjSF1bY0hdW2NIXVtjSF1bY0hdNClDKD1PKVtOSF1bQ0BIXShDNT1PKVtDQEBIXShONTYpU0MoW0NIM10pKFtDSDNdKVtDQEhdNkMoPU8pW05IXVtDQEhdN1tDSDJdW0NAQEhdKFtOSDJdKVtDQEBIXShPW0NAQEhdKE9bQ0gyXVtDQF04KFtDSDNdKVtPSF0pW0NASF0oW09IXSlbQ0BIXThbTkhdW0NIM10pW0NAQEhdKFtPSF0pW0NAQEhdN09bQ0BIXTlPW0NAQEhdKFtDQEBIXShbQ0gzXSlbTkhdW0NIM10pW0NIMl1bQ0gyXVtDQEhdOVtOSDJd,-0.0,110.477,,0.692,5,0.1705,https://patents.google.com/?q=SOVOISHMVWJPRO-UHFFFAOYSA-N,-32.2021636962891,0.0001,-1.6611204766335,3177.524,0,-8.429,3,,18299,,"160895664  1
3467  2
22961696  2
22961702  2",,3,,-78.9763412475586,309,8.603,,vsw_Gentamicin_Analog_3-LIGPREP-009-in.maegz,0.6621514,,452738122,-1.198,1,31383578,-9.83852498010454,J2VwaWtfcHl0aG9uJywgJy1waCcsICc3LjAwMDAwMCcsICctcGh0JywgJzIuMDAwMDAwJywgJy1tcycsICcxNicsICctdG4nLCAnOCcsICctbWEnLCAnMjAwJywgJy1pbWFlJywgJzxpbmZpbGUubWFlPicsICctb21hZScsICc8b3V0ZmlsZS5tYWU+Jw==,2,79,-0.94,24,56135,18299-1,,,0.31417965256055,15,-2,69.52,glide-grid_Ab_minmz,,0.147,0,,-9.69482498010454,319.563,"This compound contains an acetal/aminal-like group ( X-CH(R)-Y where X, Y are N, S, or O) that may be acid/base labile, releasing an aldehyde.",1,0,,-167.645857491371,,0,47,301.45,-1.436,0.0,23,0,-46.7741775512695,0.073,-7.659,-0.4,452738122,23.185,0.1437,143.805258,0.0602353,22,OPLS_2005,0.1705,5,10.25,43,2,1,-2.997,,,35.623,-1.205,51.429,-4.29,0.000153495527093872,1124.335,1,452738122-1,-1.80555342867334,58.665,,1830_sdstereoexpander_1_neutralizer_1_epik_1_stereoizer_1,3,56.464
,5.457,1274,538.98,5,20.0263290405273,,0.304942915495211,-0.941771769212907,2,0.1853,0,16.95,0.0204121,13,12,-0.293612374309886,,1,MP Biomedicals,8,491,764.613,0.0,0,,-0.392492007607428,"1405-41-0
GENTAMICIN SULFATE
Gentamycin Sulfate",W09IXVtDQEBdMShbQ0gzXSlbQ0BIXShbTkhdW0NIM10pW0NAQEhdKFtPSF0pW0NASF0oT1tDSDJdMSlPW0NAQEhdMltDQEhdKFtPSF0pW0NAQEhdKFtDQEhdKFtOSDJdKVtDSDJdW0NASF0yW05IMl0pT1tDQEhdM09bQ0BASF0oW0NAQEhdKFtDSDNdKVtOSF1bQ0gzXSlbQ0gyXVtDSDJdW0NASF0zW05IMl0=,-2.3,43.879,,-1.818,5,0.2222,http://www.mpbio.com/product_info.php?open=&cPath=&selecttab=&family_key=02190057,-41.601001739502,0.0003,-0.0732796917500342,1458.786,0,-8.555,2,,12731,,"44134730  1
1118  2
3467  2",,2,,-58.2363319396973,198,8.723,1405-41-0,vsw_Gentamicin_Analog_3-LIGPREP-001-in.maegz,0.81355,,85086291,-1.077,1,,-9.87450835222624,J2VwaWtfcHl0aG9uJywgJy1waCcsICc3LjAwMDAwMCcsICctcGh0JywgJzIuMDAwMDAwJywgJy1tcycsICcxNicsICctdG4nLCAnOCcsICctbWEnLCAnMjAwJywgJy1pbWFlJywgJzxpbmZpbGUubWFlPicsICctb21hZScsICc8b3V0ZmlsZS5tYWU+Jw==,2,33,-3.676,16,56135,12731-1,,,0.407504670348659,5,-2,39.811,glide-grid_Ab_minmz,,0.431,0,,-9.68920835222624,181.394,"This compound contains an acetal/aminal-like group ( X-CH(R)-Y where X, Y are N, S, or O) that may be acid/base labile, releasing an aldehyde.",1,0,http://www.mpbio.com,-131.417485367321,190057,0,18,225.633,2.0,0.0,288,0,-16.6353302001953,1.114,-8.18,-0.648516149263316,85086291,0.0,0.1853,112.437596,0.0735232,10,OPLS_2005,0.2225,5,11.0,18,2,1,3.223,,,15.832,-1.93339690909091,33.033,-1.696,0.133069558952341,477.6,1,85086291-1,-2.1548297694992,0.0,190057,1274_sdstereoexpander_1_neutralizer_1_epik_1_stereoizer_1,0,0.0
,5.457,1290,538.98,5,20.0263290405273,,0.304942915495211,-0.941771769212907,2,0.1853,0,16.95,0.0204121,13,12,-0.293612374309886,,1,MP Biomedicals,8,496,764.613,0.0,0,,-0.392492007607428,"1405-41-0
GENTAMICIN SULFATE
GM Sulfate
Garamycin
Genoptic",W09IXVtDQEBdMShbQ0gzXSlbQ0BIXShbTkhdW0NIM10pW0NAQEhdKFtPSF0pW0NASF0oT1tDSDJdMSlPW0NAQEhdMltDQEhdKFtPSF0pW0NAQEhdKFtDQEhdKFtOSDJdKVtDSDJdW0NASF0yW05IMl0pT1tDQEhdM09bQ0BASF0oW0NAQEhdKFtDSDNdKVtOSF1bQ0gzXSlbQ0gyXVtDSDJdW0NASF0zW05IMl0=,-2.3,43.879,,-1.818,5,0.2222,http://www.mpbio.com/product_info.php?open=&cPath=&selecttab=&family_key=02194530,-41.601001739502,0.0003,-0.0732796917500342,1458.786,0,-8.555,2,,12891,,"44134730  1
1118  2
3467  2",,2,,-58.2363319396973,198,8.723,1405-41-0,vsw_Gentamicin_Analog_3-LIGPREP-001-in.maegz,0.81355,,85086292,-1.077,1,,-9.87450835222624,J2VwaWtfcHl0aG9uJywgJy1waCcsICc3LjAwMDAwMCcsICctcGh0JywgJzIuMDAwMDAwJywgJy1tcycsICcxNicsICctdG4nLCAnOCcsICctbWEnLCAnMjAwJywgJy1pbWFlJywgJzxpbmZpbGUubWFlPicsICctb21hZScsICc8b3V0ZmlsZS5tYWU+Jw==,2,33,-3.676,16,56135,12891-1,,,0.407504670348659,5,-2,39.811,glide-grid_Ab_minmz,,0.431,0,,-9.68920835222624,181.394,"This compound contains an acetal/aminal-like group ( X-CH(R)-Y where X, Y are N, S, or O) that may be acid/base labile, releasing an aldehyde.",1,0,http://www.mpbio.com,-131.417485367321,194530,0,18,225.633,2.0,0.0,288,0,-16.6353302001953,1.114,-8.18,-0.648516149263316,85086292,0.0,0.1853,112.437596,0.0735232,10,OPLS_2005,0.2225,5,11.0,18,2,1,3.223,,,15.832,-1.93339690909091,33.033,-1.696,0.133069558952341,477.6,1,85086292-1,-2.1548297694992,0.0,194530,1290_sdstereoexpander_1_neutralizer_1_epik_1_stereoizer_1,0,0.0
,5.457,1306,538.98,5,20.0263290405273,,0.304942915495211,-0.941771769212907,2,0.1853,0,16.95,0.0204121,13,12,-0.293612374309886,,1,MP Biomedicals,8,501,764.613,0.0,0,,-0.392492007607428,"1405-41-0
GENTAMICIN SULFATE
Gentamycin Sulfate",W09IXVtDQEBdMShbQ0gzXSlbQ0BIXShbTkhdW0NIM10pW0NAQEhdKFtPSF0pW0NASF0oT1tDSDJdMSlPW0NAQEhdMltDQEhdKFtPSF0pW0NAQEhdKFtDQEhdKFtOSDJdKVtDSDJdW0NASF0yW05IMl0pT1tDQEhdM09bQ0BASF0oW0NAQEhdKFtDSDNdKVtOSF1bQ0gzXSlbQ0gyXVtDSDJdW0NASF0zW05IMl0=,-2.3,43.879,,-1.818,5,0.2222,http://www.mpbio.com/product_info.php?open=&cPath=&selecttab=&family_key=02194789,-41.601001739502,0.0003,-0.0732796917500342,1458.786,0,-8.555,2,,13051,,"44134730  1
1118  2
3467  2",,2,,-58.2363319396973,198,8.723,1405-41-0,vsw_Gentamicin_Analog_3-LIGPREP-001-in.maegz,0.81355,,85086293,-1.077,1,,-9.87450835222624,J2VwaWtfcHl0aG9uJywgJy1waCcsICc3LjAwMDAwMCcsICctcGh0JywgJzIuMDAwMDAwJywgJy1tcycsICcxNicsICctdG4nLCAnOCcsICctbWEnLCAnMjAwJywgJy1pbWFlJywgJzxpbmZpbGUubWFlPicsICctb21hZScsICc8b3V0ZmlsZS5tYWU+Jw==,2,33,-3.676,16,56135,13051-1,,,0.407504670348659,5,-2,39.811,glide-grid_Ab_minmz,,0.431,0,,-9.68920835222624,181.394,"This compound contains an acetal/aminal-like group ( X-CH(R)-Y where X, Y are N, S, or O) that may be acid/base labile, releasing an aldehyde.",1,0,http://www.mpbio.com,-131.417485367321,194789,0,18,225.633,2.0,0.0,288,0,-16.6353302001953,1.114,-8.18,-0.648516149263316,85086293,0.0,0.1853,112.437596,0.0735232,10,OPLS_2005,0.2225,5,11.0,18,2,1,3.223,,,15.832,-1.93339690909091,33.033,-1.696,0.133069558952341,477.6,1,85086293-1,-2.1548297694992,0.0,194789,1306_sdstereoexpander_1_neutralizer_1_epik_1_stereoizer_1,0,0.0
,5.457,1338,538.98,5,20.0263290405273,,0.304942915495211,-0.941771769212907,2,0.1853,0,16.95,0.0204121,13,12,-0.293612374309886,,1,MP Biomedicals,8,511,764.613,0.0,0,,-0.392492007607428,"1405-41-0
GENTAMICIN SULFATE SOLUTION-50
GM Sulfate
Garamycin
Genoptic",W09IXVtDQEBdMShbQ0gzXSlbQ0BIXShbTkhdW0NIM10pW0NAQEhdKFtPSF0pW0NASF0oT1tDSDJdMSlPW0NAQEhdMltDQEhdKFtPSF0pW0NAQEhdKFtDQEhdKFtOSDJdKVtDSDJdW0NASF0yW05IMl0pT1tDQEhdM09bQ0BASF0oW0NAQEhdKFtDSDNdKVtOSF1bQ0gzXSlbQ0gyXVtDSDJdW0NASF0zW05IMl0=,-2.3,43.879,,-1.818,5,0.2222,http://www.mpbio.com/product_info.php?open=&cPath=&selecttab=&family_key=02105031,-41.601001739502,0.0003,-0.0732796917500342,1458.786,0,-8.555,2,,13371,,"44134730  1
1118  2
3467  2",,2,,-58.2363319396973,198,8.723,1405-41-0,vsw_Gentamicin_Analog_3-LIGPREP-001-in.maegz,0.81355,,85086295,-1.077,1,,-9.87450835222624,J2VwaWtfcHl0aG9uJywgJy1waCcsICc3LjAwMDAwMCcsICctcGh0JywgJzIuMDAwMDAwJywgJy1tcycsICcxNicsICctdG4nLCAnOCcsICctbWEnLCAnMjAwJywgJy1pbWFlJywgJzxpbmZpbGUubWFlPicsICctb21hZScsICc8b3V0ZmlsZS5tYWU+Jw==,2,33,-3.676,16,56135,13371-1,,,0.407504670348659,5,-2,39.811,glide-grid_Ab_minmz,,0.431,0,,-9.68920835222624,181.394,"This compound contains an acetal/aminal-like group ( X-CH(R)-Y where X, Y are N, S, or O) that may be acid/base labile, releasing an aldehyde.",1,0,http://www.mpbio.com,-131.417485367321,105031,0,18,225.633,2.0,0.0,288,0,-16.6353302001953,1.114,-8.18,-0.648516149263316,85086295,0.0,0.1853,112.437596,0.0735232,10,OPLS_2005,0.2225,5,11.0,18,2,1,3.223,,,15.832,-1.93339690909091,33.033,-1.696,0.133069558952341,477.6,1,85086295-1,-2.1548297694992,0.0,105031,1338_sdstereoexpander_1_neutralizer_1_epik_1_stereoizer_1,0,0.0
,5.457,1474,538.98,5,20.0263290405273,ANW-43964,0.304942915495211,-0.941771769212907,2,0.1853,0,16.95,0.0204121,13,12,-0.293612374309886,,1,1046,8,331,764.613,0.0,0,,-0.392492007607428,"1405-41-0
ANW-43964
Gentamicin Sulfate, 100X Solution",W09IXVtDQEBdMShbQ0gzXSlbQ0BIXShbTkhdW0NIM10pW0NAQEhdKFtPSF0pW0NASF0oT1tDSDJdMSlPW0NAQEhdMltDQEhdKFtPSF0pW0NAQEhdKFtDQEhdKFtOSDJdKVtDSDJdW0NASF0yW05IMl0pT1tDQEhdM09bQ0BASF0oW0NAQEhdKFtDSDNdKVtOSF1bQ0gzXSlbQ0gyXVtDSDJdW0NASF0zW05IMl0=,-2.3,43.879,,-1.818,5,0.2222,http://www.anward.com/pro_result/24257,-41.601001739502,0.0003,-0.0732796917500342,1458.786,0,-8.555,2,,14736,,"44134730  1
1118  2
3467  2",,2,,-58.2363319396973,198,8.723,1405-41-0,vsw_Gentamicin_Analog_3-LIGPREP-006-in.maegz,0.81355,,160811462,-1.077,1,ANW-43964,-9.87450835222624,J2VwaWtfcHl0aG9uJywgJy1waCcsICc3LjAwMDAwMCcsICctcGh0JywgJzIuMDAwMDAwJywgJy1tcycsICcxNicsICctdG4nLCAnOCcsICctbWEnLCAnMjAwJywgJy1pbWFlJywgJzxpbmZpbGUubWFlPicsICctb21hZScsICc8b3V0ZmlsZS5tYWU+Jw==,2,33,-3.676,16,56135,14736-1,,,0.407504670348659,5,-2,39.811,glide-grid_Ab_minmz,,0.431,0,,-9.68920835222624,181.394,"This compound contains an acetal/aminal-like group ( X-CH(R)-Y where X, Y are N, S, or O) that may be acid/base labile, releasing an aldehyde.",1,0,http://www.anward.com,-131.417485367321,,0,18,225.633,2.0,0.0,288,0,-16.6353302001953,1.114,-8.18,-0.648516149263316,160811462,0.0,0.1853,112.437596,0.0735232,10,OPLS_2005,0.2225,5,11.0,18,2,1,3.223,,,15.832,-1.93339690909091,33.033,-1.696,0.133069558952341,477.6,1,160811462-1,-2.1548297694992,0.0,,1474_sdstereoexpander_1_neutralizer_1_epik_1_stereoizer_1,0,0.0
,5.457,1538,538.98,5,20.0263290405273,CTK8B4129,0.304942915495211,-0.941771769212907,2,0.1853,0,16.95,0.0204121,13,12,-0.293612374309886,,1,1096,8,356,764.613,0.0,0,,-0.392492007607428,"1405-41-0
CTK8B4129
Gentamicin Sulfate, 100X Solution",W09IXVtDQEBdMShbQ0gzXSlbQ0BIXShbTkhdW0NIM10pW0NAQEhdKFtPSF0pW0NASF0oT1tDSDJdMSlPW0NAQEhdMltDQEhdKFtPSF0pW0NAQEhdKFtDQEhdKFtOSDJdKVtDSDJdW0NASF0yW05IMl0pT1tDQEhdM09bQ0BASF0oW0NAQEhdKFtDSDNdKVtOSF1bQ0gzXSlbQ0gyXVtDSDJdW0NASF0zW05IMl0=,-2.3,43.879,,-1.818,5,0.2222,http://www.chemtik.com/pro_result/814129/,-41.601001739502,0.0003,-0.0732796917500342,1458.786,0,-8.555,2,,15376,,"44134730  1
1118  2
3467  2",,2,,-58.2363319396973,198,8.723,1405-41-0,vsw_Gentamicin_Analog_3-LIGPREP-006-in.maegz,0.81355,,163089043,-1.077,1,CTK8B4129,-9.87450835222624,J2VwaWtfcHl0aG9uJywgJy1waCcsICc3LjAwMDAwMCcsICctcGh0JywgJzIuMDAwMDAwJywgJy1tcycsICcxNicsICctdG4nLCAnOCcsICctbWEnLCAnMjAwJywgJy1pbWFlJywgJzxpbmZpbGUubWFlPicsICctb21hZScsICc8b3V0ZmlsZS5tYWU+Jw==,2,33,-3.676,16,56135,15376-1,,,0.407504670348659,5,-2,39.811,glide-grid_Ab_minmz,,0.431,0,,-9.68920835222624,181.394,"This compound contains an acetal/aminal-like group ( X-CH(R)-Y where X, Y are N, S, or O) that may be acid/base labile, releasing an aldehyde.",1,0,http://www.chemtik.com/,-131.417485367321,,0,18,225.633,2.0,0.0,288,0,-16.6353302001953,1.114,-8.18,-0.648516149263316,163089043,0.0,0.1853,112.437596,0.0735232,10,OPLS_2005,0.2225,5,11.0,18,2,1,3.223,,,15.832,-1.93339690909091,33.033,-1.696,0.133069558952341,477.6,1,163089043-1,-2.1548297694992,0.0,,1538_sdstereoexpander_1_neutralizer_1_epik_1_stereoizer_1,0,0.0
,5.457,1640,538.98,5,20.0263290405273,AGN-PC-0PPP18,0.304942915495211,-0.941771769212907,2,0.1853,0,16.95,0.0204121,13,12,-0.293612374309886,,1,940,8,406,764.613,0.0,0,,-0.392492007607428,"1405-41-0
Gentamicin Sulfate, 100X Solution",W09IXVtDQEBdMShbQ0gzXSlbQ0BIXShbTkhdW0NIM10pW0NAQEhdKFtPSF0pW0NASF0oT1tDSDJdMSlPW0NAQEhdMltDQEhdKFtPSF0pW0NAQEhdKFtDQEhdKFtOSDJdKVtDSDJdW0NASF0yW05IMl0pT1tDQEhdM09bQ0BASF0oW0NAQEhdKFtDSDNdKVtOSF1bQ0gzXSlbQ0gyXVtDSDJdW0NASF0zW05IMl0=,-2.3,43.879,,-1.818,5,0.2222,http://www.angenechemical.com/productshow/AGN-PC-0PPP18.html,-41.601001739502,0.0003,-0.0732796917500342,1458.786,0,-8.555,2,,16396,,"44134730  1
1118  2
3467  2",,2,,-58.2363319396973,198,8.723,1405-41-0,vsw_Gentamicin_Analog_3-LIGPREP-006-in.maegz,0.81355,,336302928,-1.077,1,AGN-PC-0PPP18,-9.87450835222624,J2VwaWtfcHl0aG9uJywgJy1waCcsICc3LjAwMDAwMCcsICctcGh0JywgJzIuMDAwMDAwJywgJy1tcycsICcxNicsICctdG4nLCAnOCcsICctbWEnLCAnMjAwJywgJy1pbWFlJywgJzxpbmZpbGUubWFlPicsICctb21hZScsICc8b3V0ZmlsZS5tYWU+Jw==,2,33,-3.676,16,56135,16396-1,,,0.407504670348659,5,-2,39.811,glide-grid_Ab_minmz,,0.431,0,,-9.68920835222624,181.394,"This compound contains an acetal/aminal-like group ( X-CH(R)-Y where X, Y are N, S, or O) that may be acid/base labile, releasing an aldehyde.",1,0,http://www.angenechemical.com,-131.417485367321,,0,18,225.633,2.0,0.0,288,0,-16.6353302001953,1.114,-8.18,-0.648516149263316,336302928,0.0,0.1853,112.437596,0.0735232,10,OPLS_2005,0.2225,5,11.0,18,2,1,3.223,,,15.832,-1.93339690909091,33.033,-1.696,0.133069558952341,477.6,1,336302928-1,-2.1548297694992,0.0,,1640_sdstereoexpander_1_neutralizer_1_epik_1_stereoizer_1,0,0.0
,5.457,1688,538.98,5,20.0263290405273,KS-00000VAI,0.304942915495211,-0.941771769212907,2,0.1853,0,16.95,0.0204121,13,12,-0.293612374309886,,1,1137,8,411,764.613,0.0,0,,-0.392492007607428,"1405-41-0
GentamicinSulfate
KS-00000VAI",W09IXVtDQEBdMShbQ0gzXSlbQ0BIXShbTkhdW0NIM10pW0NAQEhdKFtPSF0pW0NASF0oT1tDSDJdMSlPW0NAQEhdMltDQEhdKFtPSF0pW0NAQEhdKFtDQEhdKFtOSDJdKVtDSDJdW0NASF0yW05IMl0pT1tDQEhdM09bQ0BASF0oW0NAQEhdKFtDSDNdKVtOSF1bQ0gzXSlbQ0gyXVtDSDJdW0NASF0zW05IMl0=,-2.3,43.879,,-1.818,5,0.2222,http://www.kingscientific.com/goods/Goods/detail?id=KS-00000VAI,-41.601001739502,0.0003,-0.0732796917500342,1458.786,0,-8.555,2,,16876,,"44134730  1
1118  2
3467  2",,2,,-58.2363319396973,198,8.723,1405-41-0,vsw_Gentamicin_Analog_3-LIGPREP-006-in.maegz,0.81355,,346440089,-1.077,1,KS-00000VAI,-9.87450835222624,J2VwaWtfcHl0aG9uJywgJy1waCcsICc3LjAwMDAwMCcsICctcGh0JywgJzIuMDAwMDAwJywgJy1tcycsICcxNicsICctdG4nLCAnOCcsICctbWEnLCAnMjAwJywgJy1pbWFlJywgJzxpbmZpbGUubWFlPicsICctb21hZScsICc8b3V0ZmlsZS5tYWU+Jw==,2,33,-3.676,16,56135,16876-1,,,0.407504670348659,5,-2,39.811,glide-grid_Ab_minmz,,0.431,0,,-9.68920835222624,181.394,"This compound contains an acetal/aminal-like group ( X-CH(R)-Y where X, Y are N, S, or O) that may be acid/base labile, releasing an aldehyde.",1,0,http://www.kingscientific.com,-131.417485367321,,0,18,225.633,2.0,0.0,288,0,-16.6353302001953,1.114,-8.18,-0.648516149263316,346440089,0.0,0.1853,112.437596,0.0735232,10,OPLS_2005,0.2225,5,11.0,18,2,1,3.223,,,15.832,-1.93339690909091,33.033,-1.696,0.133069558952341,477.6,1,346440089-1,-2.1548297694992,0.0,,1688_sdstereoexpander_1_neutralizer_1_epik_1_stereoizer_1,0,0.0
,5.913,1841,894.092,4,21.8315658569336,31383578,0.0301021918021462,-0.526138441585225,2,1.7835,0,29.7,0.0113421,20,23,-0.122618972040445,,1,24262,12,523,1461.567,236.321,4,,-0.356139777911778,,W0NIMl0xW0NIMl1OKFtDSDNdKVtDSDJdW0NIMl1OMWMoYyhGKVtjSF0yKVtjSF1jKGMyMyluKFtDSDJdW0NIM10pW2NIXWMoYzM9TylDKD1PKVtOSF1bQ0BIXShjNFtjSF1bY0hdW2NIXVtjSF1bY0hdNClDKD1PKVtOSF1bQ0BASF0oQzU9TylbQ0BASF0oTjU2KVNDKFtDSDNdKShbQ0gzXSlbQ0BASF02Qyg9TylbTkhdW0NASF03W0NIMl1bQ0BASF0oW05IMl0pW0NAQEhdKE9bQ0BASF0oT1tDSDJdW0NAXTgoW0NIM10pW09IXSlbQ0BIXShbT0hdKVtDQEhdOFtOSF1bQ0gzXSlbQ0BASF0oW09IXSlbQ0BASF03T1tDQEhdOU9bQ0BASF0oW0NAQEhdKFtDSDNdKVtOSF1bQ0gzXSlbQ0gyXVtDSDJdW0NASF05W05IMl0=,-1.63745794719557,106.616,,0.708,5,0.1271,https://patents.google.com/?q=SOVOISHMVWJPRO-UHFFFAOYSA-N,-29.9778442382813,1.5733,-0.877435186033272,3082.337,0,-8.051,3,,18405,,"160895664  1
3467  2
22961696  2
22961702  2",,3,,-86.3930320739746,634,8.614,,vsw_Gentamicin_Analog_3-LIGPREP-005-in.maegz,0.7008088,,452738122,-1.265,1,31383578,-11.4703987911951,J2VwaWtfcHl0aG9uJywgJy1waCcsICc3LjAwMDAwMCcsICctcGh0JywgJzIuMDAwMDAwJywgJy1tcycsICcxNicsICctdG4nLCAnOCcsICctbWEnLCAnMjAwJywgJy1pbWFlJywgJzxpbmZpbGUubWFlPicsICctb21hZScsICc8b3V0ZmlsZS5tYWU+Jw==,2,79,-1.224,24,56135,18405-3,,,1.91067230956608,15,-2,68.16,glide-grid_Ab_minmz,,0.228,0,,-9.68689879119514,311.245,"This compound contains an acetal/aminal-like group ( X-CH(R)-Y where X, Y are N, S, or O) that may be acid/base labile, releasing an aldehyde.",1,0,,-184.747772718931,,0,47,279.904,-0.222,0.0,373,0,-56.4151878356934,0.157,-7.008,-0.298708680071996,452738122,33.585,1.7835,134.060721,0.0650578,22,OPLS_2005,1.7004,4,10.25,43,2,1,-2.997,,,33.059,-1.51,49.746,-3.519,0.00600215591526746,1124.335,1,452738122-3,-1.80407726406067,42.23,,1841_sdstereoexpander_1_neutralizer_1_epik_3_stereoizer_1,3,51.251
,12.973,1840,798.024,5,24.3637180328369,31383578,0.0298016608044673,-0.525616253028227,2,0.1437,0,29.7,0.0564482,20,23,-0.122497273607087,,1,24262,12,136,1350.708,189.022,4,,-0.395408917652777,,W0NIMl0xW0NIMl1OKFtDSDNdKVtDSDJdW0NIMl1OMWMoYyhGKVtjSF0yKVtjSF1jKGMyMyluKFtDSDJdW0NIM10pW2NIXWMoYzM9TylDKD1PKVtOSF1bQ0BASF0oYzRbY0hdW2NIXVtjSF1bY0hdW2NIXTQpQyg9TylbTkhdW0NAQEhdKEM1PU8pW0NAQEhdKE41NilTQyhbQ0gzXSkoW0NIM10pW0NASF02Qyg9TylbTkhdW0NASF03W0NIMl1bQ0BASF0oW05IMl0pW0NAQEhdKE9bQ0BASF0oT1tDSDJdW0NAXTgoW0NIM10pW09IXSlbQ0BIXShbT0hdKVtDQEhdOFtOSF1bQ0gzXSlbQ0BASF0oW09IXSlbQ0BASF03T1tDQEhdOU9bQ0BASF0oW0NAQEhdKFtDSDNdKVtOSF1bQ0gzXSlbQ0gyXVtDSDJdW0NASF05W05IMl0=,-0.0,102.122,,0.753,5,0.1705,https://patents.google.com/?q=SOVOISHMVWJPRO-UHFFFAOYSA-N,-27.0213317871094,0.0001,-1.12469068569268,2981.332,0,-8.936,3,,18398,,"160895664  1
3467  2
22961696  2
22961702  2",,3,,-81.517204284668,72,8.546,,vsw_Gentamicin_Analog_3-LIGPREP-008-in.maegz,0.7416696,,452738122,-1.327,1,31383578,-9.82098461495985,J2VwaWtfcHl0aG9uJywgJy1waCcsICc3LjAwMDAwMCcsICctcGh0JywgJzIuMDAwMDAwJywgJy1tcycsICcxNicsICctdG4nLCAnOCcsICctbWEnLCAnMjAwJywgJy1pbWFlJywgJzxpbmZpbGUubWFlPicsICctb21hZScsICc8b3V0ZmlsZS5tYWU+Jw==,2,79,-1.997,24,56135,18398-1,,,0.31417965256055,17,-2,67.622,glide-grid_Ab_minmz,,0.084,0,,-9.67728461495985,321.144,"This compound contains an acetal/aminal-like group ( X-CH(R)-Y where X, Y are N, S, or O) that may be acid/base labile, releasing an aldehyde.",1,0,,-157.364803363225,,0,47,318.906,1.57,0.0,103,0,-54.4958724975586,0.06,-6.121,-0.400893047540933,452738122,33.4,0.1437,136.362211,0.0703975,22,OPLS_2005,0.1705,5,10.25,43,2,1,-2.997,,,30.961,-1.205,49.859,-3.6,0.048369461653699,1124.335,1,452738122-1,-1.80228673056459,48.162,,1840_sdstereoexpander_1_neutralizer_1_epik_1_stereoizer_1,3,44.756
,2.671,1701,563.501,5,11.1980762481689,6442,0.304942915495211,-0.939537299398014,2,0.175,0,16.95,0.0047959,13,12,-0.292915742695814,,1,10600,8,181,802.59,0.0,0,,-0.43255094429707,"Gentamicin sulfate
1405-41-0",W0NIM11bTkhdW0NASF0oW0NIM10pW0NASF0xW0NIMl1bQ0gyXVtDQEBIXShbTkgyXSlbQ0BIXShPMSlPW0NAQEhdMltDQEhdKFtOSDJdKVtDSDJdW0NAQEhdKFtOSDJdKVtDQEBIXShbQ0BIXTJbT0hdKU9bQ0BIXShPW0NIMl0zKVtDQEhdKFtPSF0pW0NAQEhdKFtDQEBdMyhbQ0gzXSlbT0hdKVtOSF1bQ0gzXQ==,-2.15686802221224,45.051,,-2.02,5,0.2105,https://www.tocris.com/products/gentamicin-sulfate_6442,-29.820728302002,0.0003,-0.298218059971169,1488.073,0,-8.803,2,,17001,,"44134731  1
1118  2
3467  2
582362  2
588785  2",,2,,-51.201810836792,64,9.032,1405-41-0,vsw_Gentamicin_Analog_3-LIGPREP-001-in.maegz,0.7853942,,350088736,-1.143,1,6442,-9.84121950896185,J2VwaWtfcHl0aG9uJywgJy1waCcsICc3LjAwMDAwMCcsICctcGh0JywgJzIuMDAwMDAwJywgJy1tcycsICcxNicsICctdG4nLCAnOCcsICctbWEnLCAnMjAwJywgJy1pbWFlJywgJzxpbmZpbGUubWFlPicsICctb21hZScsICc8b3V0ZmlsZS5tYWU+Jw==,2,33,-3.733,16,56135,17001-1,Aminoglycoside antibiotic. Irreversibly binds bacterial ribosomes and disrupts protein synthesis. Active against gram-positive and -negative bacteria. Stable over wide range of temperatures.,,0.385512410509667,5,-2,39.949,glide-grid_Ab_minmz,,0.313,0,,-9.66621950896185,183.826,"This compound contains an acetal/aminal-like group ( X-CH(R)-Y where X, Y are N, S, or O) that may be acid/base labile, releasing an aldehyde.",1,0,https://www.tocris.com,-120.167381591006,,0,18,239.088,2.0,0.0,90,0,-21.38108253479,0.83,-8.635,-0.561074362146175,350088736,0.0,0.175,113.333094,0.0700442,10,OPLS_2005,0.2108,5,11.0,18,2,2,3.223,,,16.327,-1.62839690909091,33.216,-2.007,0.0751791455093079,477.6,1,350088736-1,-2.14971716978706,0.0,,1701_sdstereoexpander_1_neutralizer_1_epik_1_stereoizer_1,0,0.0
,2.671,1701,563.501,5,11.1980762481689,6442,0.304942915495211,-0.939537299398014,2,0.175,0,16.95,0.0047959,13,12,-0.292915742695814,,1,10600,8,126,802.59,0.0,0,,-0.43255094429707,"Gentamicin sulfate
1405-41-0",W0NIM11bTkhdW0NASF0oW0NIM10pW0NASF0xW0NIMl1bQ0gyXVtDQEBIXShbTkgyXSlbQ0BIXShPMSlPW0NAQEhdMltDQEhdKFtOSDJdKVtDSDJdW0NAQEhdKFtOSDJdKVtDQEBIXShbQ0BIXTJbT0hdKU9bQ0BIXShPW0NIMl0zKVtDQEhdKFtPSF0pW0NAQEhdKFtDQEBdMyhbQ0gzXSlbT0hdKVtOSF1bQ0gzXQ==,-2.15686802221224,45.051,,-2.02,5,0.2105,https://www.tocris.com/products/gentamicin-sulfate_6442,-29.820728302002,0.0003,-0.298218059971169,1488.073,0,-8.803,2,,17002,,"44134731  1
1118  2
3467  2
582362  2
588785  2",,2,,-51.201810836792,64,9.032,1405-41-0,vsw_Gentamicin_Analog_3-LIGPREP-002-in.maegz,0.7853942,,350088736,-1.143,1,6442,-9.84121950896185,J2VwaWtfcHl0aG9uJywgJy1waCcsICc3LjAwMDAwMCcsICctcGh0JywgJzIuMDAwMDAwJywgJy1tcycsICcxNicsICctdG4nLCAnOCcsICctbWEnLCAnMjAwJywgJy1pbWFlJywgJzxpbmZpbGUubWFlPicsICctb21hZScsICc8b3V0ZmlsZS5tYWU+Jw==,2,33,-3.733,16,56135,17002-1,Aminoglycoside antibiotic. Irreversibly binds bacterial ribosomes and disrupts protein synthesis. Active against gram-positive and -negative bacteria. Stable over wide range of temperatures.,,0.385512410509667,5,-2,39.949,glide-grid_Ab_minmz,,0.313,0,,-9.66621950896185,183.826,"This compound contains an acetal/aminal-like group ( X-CH(R)-Y where X, Y are N, S, or O) that may be acid/base labile, releasing an aldehyde.",1,0,https://www.tocris.com,-120.167381591006,,0,18,239.088,2.0,0.0,90,0,-21.38108253479,0.83,-8.635,-0.561074362146175,350088736,0.0,0.175,113.333094,0.0700442,10,OPLS_2005,0.2108,5,11.0,18,2,2,3.223,,,16.327,-1.62839690909091,33.216,-2.007,0.0751791455093079,477.6,1,350088736-1,-2.14971716978706,0.0,,1701_sdstereoexpander_1_neutralizer_1_epik_1_stereoizer_1,0,0.0
,2.671,1701,563.501,5,11.1980762481689,6442,0.304942915495211,-0.939537299398014,2,0.175,0,16.95,0.0047959,13,12,-0.292915742695814,,1,10600,8,491,802.59,0.0,0,,-0.43255094429707,"Gentamicin sulfate
1405-41-0",W0NIM11bTkhdW0NASF0oW0NIM10pW0NASF0xW0NIMl1bQ0gyXVtDQEBIXShbTkgyXSlbQ0BIXShPMSlPW0NAQEhdMltDQEhdKFtOSDJdKVtDSDJdW0NAQEhdKFtOSDJdKVtDQEBIXShbQ0BIXTJbT0hdKU9bQ0BIXShPW0NIMl0zKVtDQEhdKFtPSF0pW0NAQEhdKFtDQEBdMyhbQ0gzXSlbT0hdKVtOSF1bQ0gzXQ==,-2.15686802221224,45.051,,-2.02,5,0.2105,https://www.tocris.com/products/gentamicin-sulfate_6442,-29.820728302002,0.0003,-0.298218059971169,1488.073,0,-8.803,2,,17003,,"44134731  1
1118  2
3467  2
582362  2
588785  2",,2,,-51.201810836792,64,9.032,1405-41-0,vsw_Gentamicin_Analog_3-LIGPREP-003-in.maegz,0.7853942,,350088736,-1.143,1,6442,-9.84121950896185,J2VwaWtfcHl0aG9uJywgJy1waCcsICc3LjAwMDAwMCcsICctcGh0JywgJzIuMDAwMDAwJywgJy1tcycsICcxNicsICctdG4nLCAnOCcsICctbWEnLCAnMjAwJywgJy1pbWFlJywgJzxpbmZpbGUubWFlPicsICctb21hZScsICc8b3V0ZmlsZS5tYWU+Jw==,2,33,-3.733,16,56135,17003-1,Aminoglycoside antibiotic. Irreversibly binds bacterial ribosomes and disrupts protein synthesis. Active against gram-positive and -negative bacteria. Stable over wide range of temperatures.,,0.385512410509667,5,-2,39.949,glide-grid_Ab_minmz,,0.313,0,,-9.66621950896185,183.826,"This compound contains an acetal/aminal-like group ( X-CH(R)-Y where X, Y are N, S, or O) that may be acid/base labile, releasing an aldehyde.",1,0,https://www.tocris.com,-120.167381591006,,0,18,239.088,2.0,0.0,90,0,-21.38108253479,0.83,-8.635,-0.561074362146175,350088736,0.0,0.175,113.333094,0.0700442,10,OPLS_2005,0.2108,5,11.0,18,2,2,3.223,,,16.327,-1.62839690909091,33.216,-2.007,0.0751791455093079,477.6,1,350088736-1,-2.14971716978706,0.0,,1701_sdstereoexpander_1_neutralizer_1_epik_1_stereoizer_1,0,0.0
,2.671,1700,563.501,5,11.1980762481689,6442,0.304942915495211,-0.939537299398014,2,0.175,0,16.95,0.0047959,13,12,-0.292915742695814,,1,10600,8,376,802.59,0.0,0,,-0.43255094429707,"Gentamicin sulfate
1405-41-0",W0NIM11bTkhdW0NASF0oW0NIM10pW0NASF0xW0NIMl1bQ0gyXVtDQEBIXShbTkgyXSlbQ0BIXShPMSlPW0NAQEhdMltDQEhdKFtOSDJdKVtDSDJdW0NAQEhdKFtOSDJdKVtDQEBIXShbQ0BIXTJbT0hdKU9bQ0BIXShPW0NIMl0zKVtDQEhdKFtPSF0pW0NAQEhdKFtDQEBdMyhbQ0gzXSlbT0hdKVtOSF1bQ0gzXQ==,-2.15686802221224,45.051,,-2.02,5,0.2105,https://www.tocris.com/products/gentamicin-sulfate_6442,-29.820728302002,0.0003,-0.298218059971169,1488.073,0,-8.803,2,,16999,,"44134731  1
1118  2
3467  2
582362  2
588785  2",,2,,-51.201810836792,64,9.032,1405-41-0,vsw_Gentamicin_Analog_3-LIGPREP-009-in.maegz,0.7853942,,350088736,-1.143,1,6442,-9.84121950896185,J2VwaWtfcHl0aG9uJywgJy1waCcsICc3LjAwMDAwMCcsICctcGh0JywgJzIuMDAwMDAwJywgJy1tcycsICcxNicsICctdG4nLCAnOCcsICctbWEnLCAnMjAwJywgJy1pbWFlJywgJzxpbmZpbGUubWFlPicsICctb21hZScsICc8b3V0ZmlsZS5tYWU+Jw==,2,33,-3.733,16,56135,16999-1,Aminoglycoside antibiotic. Irreversibly binds bacterial ribosomes and disrupts protein synthesis. Active against gram-positive and -negative bacteria. Stable over wide range of temperatures.,,0.385512410509667,5,-2,39.949,glide-grid_Ab_minmz,,0.313,0,,-9.66621950896185,183.826,"This compound contains an acetal/aminal-like group ( X-CH(R)-Y where X, Y are N, S, or O) that may be acid/base labile, releasing an aldehyde.",1,0,https://www.tocris.com,-120.167381591006,,0,18,239.088,2.0,0.0,90,0,-21.38108253479,0.83,-8.635,-0.561074362146175,350088736,0.0,0.175,113.333094,0.0700442,10,OPLS_2005,0.2108,5,11.0,18,2,2,3.223,,,16.327,-1.62839690909091,33.216,-2.007,0.0751791455093079,477.6,1,350088736-1,-2.14971716978706,0.0,,1700_sdstereoexpander_1_neutralizer_1_epik_1_stereoizer_1,0,0.0
,2.671,1700,563.501,5,11.1980762481689,6442,0.304942915495211,-0.939537299398014,2,0.175,0,16.95,0.0047959,13,12,-0.292915742695814,,1,10600,8,316,802.59,0.0,0,,-0.43255094429707,"Gentamicin sulfate
1405-41-0",W0NIM11bTkhdW0NASF0oW0NIM10pW0NASF0xW0NIMl1bQ0gyXVtDQEBIXShbTkgyXSlbQ0BIXShPMSlPW0NAQEhdMltDQEhdKFtOSDJdKVtDSDJdW0NAQEhdKFtOSDJdKVtDQEBIXShbQ0BIXTJbT0hdKU9bQ0BIXShPW0NIMl0zKVtDQEhdKFtPSF0pW0NAQEhdKFtDQEBdMyhbQ0gzXSlbT0hdKVtOSF1bQ0gzXQ==,-2.15686802221224,45.051,,-2.02,5,0.2105,https://www.tocris.com/products/gentamicin-sulfate_6442,-29.820728302002,0.0003,-0.298218059971169,1488.073,0,-8.803,2,,17000,,"44134731  1
1118  2
3467  2
582362  2
588785  2",,2,,-51.201810836792,64,9.032,1405-41-0,vsw_Gentamicin_Analog_3-LIGPREP-010-in.maegz,0.7853942,,350088736,-1.143,1,6442,-9.84121950896185,J2VwaWtfcHl0aG9uJywgJy1waCcsICc3LjAwMDAwMCcsICctcGh0JywgJzIuMDAwMDAwJywgJy1tcycsICcxNicsICctdG4nLCAnOCcsICctbWEnLCAnMjAwJywgJy1pbWFlJywgJzxpbmZpbGUubWFlPicsICctb21hZScsICc8b3V0ZmlsZS5tYWU+Jw==,2,33,-3.733,16,56135,17000-1,Aminoglycoside antibiotic. Irreversibly binds bacterial ribosomes and disrupts protein synthesis. Active against gram-positive and -negative bacteria. Stable over wide range of temperatures.,,0.385512410509667,5,-2,39.949,glide-grid_Ab_minmz,,0.313,0,,-9.66621950896185,183.826,"This compound contains an acetal/aminal-like group ( X-CH(R)-Y where X, Y are N, S, or O) that may be acid/base labile, releasing an aldehyde.",1,0,https://www.tocris.com,-120.167381591006,,0,18,239.088,2.0,0.0,90,0,-21.38108253479,0.83,-8.635,-0.561074362146175,350088736,0.0,0.175,113.333094,0.0700442,10,OPLS_2005,0.2108,5,11.0,18,2,2,3.223,,,16.327,-1.62839690909091,33.216,-2.007,0.0751791455093079,477.6,1,350088736-1,-2.14971716978706,0.0,,1700_sdstereoexpander_1_neutralizer_1_epik_1_stereoizer_1,0,0.0
,4.002,1323,567.768,5,11.1980762481689,,0.304942915495211,-0.938536159896182,2,0.1853,0,16.95,0.0107755,13,12,-0.292603621483693,,1,MP Biomedicals,8,506,795.402,0.0,0,,-0.43255094429707,"1405-41-0
GENTAMICIN SULFATE SOLUTION-10
GM Sulfate
Garamycin
Genoptic",W09IXVtDQF0xKFtDSDNdKVtDQEBIXShbTkhdW0NIM10pW0NAQEhdKFtPSF0pW0NAQEhdKE9bQ0gyXTEpT1tDQEBIXTJbQ0BASF0oW09IXSlbQ0BASF0oW0NASF0oW05IMl0pW0NIMl1bQ0BIXTJbTkgyXSlPW0NASF0zT1tDQEBIXShbQ0BASF0oW0NIM10pW05IXVtDSDNdKVtDSDJdW0NIMl1bQ0BIXTNbTkgyXQ==,-2.15686802221224,44.97,,-1.801,5,0.2222,http://www.mpbio.com/product_info.php?open=&cPath=&selecttab=&family_key=02105030,-29.820728302002,0.0003,-0.298218059971169,1486.03,0,-8.592,2,,13221,,"44134731  1
1118  2
3467  2
582362  2
588785  2",,2,,-51.201810836792,64,8.925,1405-41-0,vsw_Gentamicin_Analog_3-LIGPREP-001-in.maegz,0.7917659,,85086294,-1.121,1,,-9.84121950896185,J2VwaWtfcHl0aG9uJywgJy1waCcsICc3LjAwMDAwMCcsICctcGh0JywgJzIuMDAwMDAwJywgJy1tcycsICcxNicsICctdG4nLCAnOCcsICctbWEnLCAnMjAwJywgJy1pbWFlJywgJzxpbmZpbGUubWFlPicsICctb21hZScsICc8b3V0ZmlsZS5tYWU+Jw==,2,33,-3.639,16,56135,13221-1,,,0.407504670348659,5,-2,39.977,glide-grid_Ab_minmz,,0.411,0,,-9.65591950896185,186.085,"This compound contains an acetal/aminal-like group ( X-CH(R)-Y where X, Y are N, S, or O) that may be acid/base labile, releasing an aldehyde.",1,0,http://www.mpbio.com,-120.167381591006,105030,0,18,227.634,2.0,0.0,90,0,-21.38108253479,1.066,-8.532,-0.561074362146175,85086294,0.0,0.1853,115.413489,0.0706772,10,OPLS_2005,0.2225,5,11.0,18,2,1,3.223,,,16.191,-1.62839690909091,33.12,-1.844,0.122237417161707,477.6,1,85086294-1,-2.14742650311761,0.0,105030,1323_sdstereoexpander_1_neutralizer_1_epik_1_stereoizer_1,0,0.0
,4.002,1326,567.768,5,11.1980762481689,,0.304942915495211,-0.938536159896182,2,0.1853,0,16.95,0.0107755,13,12,-0.292603621483693,,1,MP Biomedicals,8,311,795.402,0.0,0,,-0.43255094429707,"1405-41-0
GENTAMICIN SULFATE SOLUTION-10
GM Sulfate
Garamycin
Genoptic",W09IXVtDQF0xKFtDSDNdKVtDQEBIXShbTkhdW0NIM10pW0NAQEhdKFtPSF0pW0NAQEhdKE9bQ0gyXTEpT1tDQEBIXTJbQ0BASF0oW09IXSlbQ0BASF0oW0NASF0oW05IMl0pW0NIMl1bQ0BIXTJbTkgyXSlPW0NASF0zT1tDQEBIXShbQ0BASF0oW0NIM10pW05IXVtDSDNdKVtDSDJdW0NIMl1bQ0BIXTNbTkgyXQ==,-2.15686802221224,44.97,,-1.801,5,0.2222,http://www.mpbio.com/product_info.php?open=&cPath=&selecttab=&family_key=02105030,-29.820728302002,0.0003,-0.298218059971169,1486.03,0,-8.592,2,,13253,,"44134731  1
1118  2
3467  2
582362  2
588785  2",,2,,-51.201810836792,64,8.925,1405-41-0,vsw_Gentamicin_Analog_3-LIGPREP-003-in.maegz,0.7917659,,85086294,-1.121,1,,-9.84121950896185,J2VwaWtfcHl0aG9uJywgJy1waCcsICc3LjAwMDAwMCcsICctcGh0JywgJzIuMDAwMDAwJywgJy1tcycsICcxNicsICctdG4nLCAnOCcsICctbWEnLCAnMjAwJywgJy1pbWFlJywgJzxpbmZpbGUubWFlPicsICctb21hZScsICc8b3V0ZmlsZS5tYWU+Jw==,2,33,-3.639,16,56135,13253-1,,,0.407504670348659,5,-2,39.977,glide-grid_Ab_minmz,,0.411,0,,-9.65591950896185,186.085,"This compound contains an acetal/aminal-like group ( X-CH(R)-Y where X, Y are N, S, or O) that may be acid/base labile, releasing an aldehyde.",1,0,http://www.mpbio.com,-120.167381591006,105030,0,18,227.634,2.0,0.0,90,0,-21.38108253479,1.066,-8.532,-0.561074362146175,85086294,0.0,0.1853,115.413489,0.0706772,10,OPLS_2005,0.2225,5,11.0,18,2,1,3.223,,,16.191,-1.62839690909091,33.12,-1.844,0.122237417161707,477.6,1,85086294-1,-2.14742650311761,0.0,105030,1326_sdstereoexpander_1_neutralizer_1_epik_1_stereoizer_1,0,0.0
,4.002,1329,567.768,5,11.1980762481689,,0.304942915495211,-0.938536159896182,2,0.1853,0,16.95,0.0107755,13,12,-0.292603621483693,,1,MP Biomedicals,8,176,795.402,0.0,0,,-0.43255094429707,"1405-41-0
GENTAMICIN SULFATE SOLUTION-10
GM Sulfate
Garamycin
Genoptic",W09IXVtDQF0xKFtDSDNdKVtDQEBIXShbTkhdW0NIM10pW0NAQEhdKFtPSF0pW0NAQEhdKE9bQ0gyXTEpT1tDQEBIXTJbQ0BASF0oW09IXSlbQ0BASF0oW0NASF0oW05IMl0pW0NIMl1bQ0BIXTJbTkgyXSlPW0NASF0zT1tDQEBIXShbQ0BASF0oW0NIM10pW05IXVtDSDNdKVtDSDJdW0NIMl1bQ0BIXTNbTkgyXQ==,-2.15686802221224,44.97,,-1.801,5,0.2222,http://www.mpbio.com/product_info.php?open=&cPath=&selecttab=&family_key=02105030,-29.820728302002,0.0003,-0.298218059971169,1486.03,0,-8.592,2,,13285,,"44134731  1
1118  2
3467  2
582362  2
588785  2",,2,,-51.201810836792,64,8.925,1405-41-0,vsw_Gentamicin_Analog_3-LIGPREP-005-in.maegz,0.7917659,,85086294,-1.121,1,,-9.84121950896185,J2VwaWtfcHl0aG9uJywgJy1waCcsICc3LjAwMDAwMCcsICctcGh0JywgJzIuMDAwMDAwJywgJy1tcycsICcxNicsICctdG4nLCAnOCcsICctbWEnLCAnMjAwJywgJy1pbWFlJywgJzxpbmZpbGUubWFlPicsICctb21hZScsICc8b3V0ZmlsZS5tYWU+Jw==,2,33,-3.639,16,56135,13285-1,,,0.407504670348659,5,-2,39.977,glide-grid_Ab_minmz,,0.411,0,,-9.65591950896185,186.085,"This compound contains an acetal/aminal-like group ( X-CH(R)-Y where X, Y are N, S, or O) that may be acid/base labile, releasing an aldehyde.",1,0,http://www.mpbio.com,-120.167381591006,105030,0,18,227.634,2.0,0.0,90,0,-21.38108253479,1.066,-8.532,-0.561074362146175,85086294,0.0,0.1853,115.413489,0.0706772,10,OPLS_2005,0.2225,5,11.0,18,2,1,3.223,,,16.191,-1.62839690909091,33.12,-1.844,0.122237417161707,477.6,1,85086294-1,-2.14742650311761,0.0,105030,1329_sdstereoexpander_1_neutralizer_1_epik_1_stereoizer_1,0,0.0
,4.002,1316,567.768,5,11.1980762481689,,0.304942915495211,-0.938536159896182,2,0.1853,0,16.95,0.0107755,13,12,-0.292603621483693,,1,MP Biomedicals,8,36,795.402,0.0,0,,-0.43255094429707,"1405-41-0
GENTAMICIN SULFATE SOLUTION-10
GM Sulfate
Garamycin
Genoptic",W09IXVtDQF0xKFtDSDNdKVtDQEBIXShbTkhdW0NIM10pW0NAQEhdKFtPSF0pW0NAQEhdKE9bQ0gyXTEpT1tDQEBIXTJbQ0BASF0oW09IXSlbQ0BASF0oW0NASF0oW05IMl0pW0NIMl1bQ0BIXTJbTkgyXSlPW0NASF0zT1tDQEBIXShbQ0BASF0oW0NIM10pW05IXVtDSDNdKVtDSDJdW0NIMl1bQ0BIXTNbTkgyXQ==,-2.15686802221224,44.97,,-1.801,5,0.2222,http://www.mpbio.com/product_info.php?open=&cPath=&selecttab=&family_key=02105030,-29.820728302002,0.0003,-0.298218059971169,1486.03,0,-8.592,2,,13157,,"44134731  1
1118  2
3467  2
582362  2
588785  2",,2,,-51.201810836792,64,8.925,1405-41-0,vsw_Gentamicin_Analog_3-LIGPREP-007-in.maegz,0.7917659,,85086294,-1.121,1,,-9.84121950896185,J2VwaWtfcHl0aG9uJywgJy1waCcsICc3LjAwMDAwMCcsICctcGh0JywgJzIuMDAwMDAwJywgJy1tcycsICcxNicsICctdG4nLCAnOCcsICctbWEnLCAnMjAwJywgJy1pbWFlJywgJzxpbmZpbGUubWFlPicsICctb21hZScsICc8b3V0ZmlsZS5tYWU+Jw==,2,33,-3.639,16,56135,13157-1,,,0.407504670348659,5,-2,39.977,glide-grid_Ab_minmz,,0.411,0,,-9.65591950896185,186.085,"This compound contains an acetal/aminal-like group ( X-CH(R)-Y where X, Y are N, S, or O) that may be acid/base labile, releasing an aldehyde.",1,0,http://www.mpbio.com,-120.167381591006,105030,0,18,227.634,2.0,0.0,90,0,-21.38108253479,1.066,-8.532,-0.561074362146175,85086294,0.0,0.1853,115.413489,0.0706772,10,OPLS_2005,0.2225,5,11.0,18,2,1,3.223,,,16.191,-1.62839690909091,33.12,-1.844,0.122237417161707,477.6,1,85086294-1,-2.14742650311761,0.0,105030,1316_sdstereoexpander_1_neutralizer_1_epik_1_stereoizer_1,0,0.0
,4.002,1319,567.768,5,11.1980762481689,,0.304942915495211,-0.938536159896182,2,0.1853,0,16.95,0.0107755,13,12,-0.292603621483693,,1,MP Biomedicals,8,186,795.402,0.0,0,,-0.43255094429707,"1405-41-0
GENTAMICIN SULFATE SOLUTION-10
GM Sulfate
Garamycin
Genoptic",W09IXVtDQF0xKFtDSDNdKVtDQEBIXShbTkhdW0NIM10pW0NAQEhdKFtPSF0pW0NAQEhdKE9bQ0gyXTEpT1tDQEBIXTJbQ0BASF0oW09IXSlbQ0BASF0oW0NASF0oW05IMl0pW0NIMl1bQ0BIXTJbTkgyXSlPW0NASF0zT1tDQEBIXShbQ0BASF0oW0NIM10pW05IXVtDSDNdKVtDSDJdW0NIMl1bQ0BIXTNbTkgyXQ==,-2.15686802221224,44.97,,-1.801,5,0.2222,http://www.mpbio.com/product_info.php?open=&cPath=&selecttab=&family_key=02105030,-29.820728302002,0.0003,-0.298218059971169,1486.03,0,-8.592,2,,13189,,"44134731  1
1118  2
3467  2
582362  2
588785  2",,2,,-51.201810836792,64,8.925,1405-41-0,vsw_Gentamicin_Analog_3-LIGPREP-009-in.maegz,0.7917659,,85086294,-1.121,1,,-9.84121950896185,J2VwaWtfcHl0aG9uJywgJy1waCcsICc3LjAwMDAwMCcsICctcGh0JywgJzIuMDAwMDAwJywgJy1tcycsICcxNicsICctdG4nLCAnOCcsICctbWEnLCAnMjAwJywgJy1pbWFlJywgJzxpbmZpbGUubWFlPicsICctb21hZScsICc8b3V0ZmlsZS5tYWU+Jw==,2,33,-3.639,16,56135,13189-1,,,0.407504670348659,5,-2,39.977,glide-grid_Ab_minmz,,0.411,0,,-9.65591950896185,186.085,"This compound contains an acetal/aminal-like group ( X-CH(R)-Y where X, Y are N, S, or O) that may be acid/base labile, releasing an aldehyde.",1,0,http://www.mpbio.com,-120.167381591006,105030,0,18,227.634,2.0,0.0,90,0,-21.38108253479,1.066,-8.532,-0.561074362146175,85086294,0.0,0.1853,115.413489,0.0706772,10,OPLS_2005,0.2225,5,11.0,18,2,1,3.223,,,16.191,-1.62839690909091,33.12,-1.844,0.122237417161707,477.6,1,85086294-1,-2.14742650311761,0.0,105030,1319_sdstereoexpander_1_neutralizer_1_epik_1_stereoizer_1,0,0.0
,3.919,1363,478.292,5,18.4369945526123,MolPort-003-983-436,0.304942915495211,-0.936296487310622,2,0.1853,0,16.95,0.0113318,13,12,-0.291905367822859,,1,MolPort,8,326,666.799,0.0,0,,-0.357867575299084,,W09IXVtDQF0xKFtDSDNdKVtDQEBIXShbTkhdW0NIM10pW0NASF0oW09IXSlbQ0BASF0oT1tDSDJdMSlPW0NASF0yW0NAQEhdKFtPSF0pW0NASF0oW0NAQEhdKFtOSDJdKVtDSDJdW0NASF0yW05IMl0pT1tDQEhdM09bQ0BASF0oW0NASF0oW0NIM10pW05IXVtDSDNdKVtDSDJdW0NIMl1bQ0BASF0zW05IMl0=,-2.3,39.73,,-2.513,5,0.2222,https://www.molport.com/shop/molecule-link/MolPort-003-983-436,-43.0182952880859,0.0003,-0.785086140931587,1355.108,0,-7.871,2,,13623,,"44134730  1
1118  2
3467  2",,2,,-59.9211139678955,13,8.863,,vsw_Gentamicin_Analog_3-LIGPREP-003-in.maegz,0.8881493,"1
3",91746173,-0.91,1,MolPort-003-983-436,-9.81817713815433,J2VwaWtfcHl0aG9uJywgJy1waCcsICc3LjAwMDAwMCcsICctcGh0JywgJzIuMDAwMDAwJywgJy1tcycsICcxNicsICctdG4nLCAnOCcsICctbWEnLCAnMjAwJywgJy1pbWFlJywgJzxpbmZpbGUubWFlPicsICctb21hZScsICc8b3V0ZmlsZS5tYWU+Jw==,2,33,-3.617,16,56135,13623-1,,,0.407504670348659,5,-2,38.311,glide-grid_Ab_minmz,,1.034,0,,-9.63287713815433,181.274,"This compound contains an acetal/aminal-like group ( X-CH(R)-Y where X, Y are N, S, or O) that may be acid/base labile, releasing an aldehyde.",1,0,https://www.molport.com,-134.046527048413,,0,18,188.507,2.0,0.0,44,0,-16.9028186798096,2.506,-6.973,-0.511628494337484,91746173,0.0,0.1853,108.259531,0.0843084,10,OPLS_2005,0.2225,5,11.0,18,2,5,3.223,,,14.583,-1.32339690909091,32.545,-1.016,0.643142458285155,477.6,1,91746173-1,-2.14230199915703,0.0,,1363_sdstereoexpander_1_neutralizer_1_epik_1_stereoizer_1,0,0.0
,3.919,1219,478.292,5,18.4369945526123,009859,0.304942915495211,-0.936296487310622,2,0.1853,0,16.95,0.0113393,13,12,-0.291905367822859,,1,NIAID,8,546,666.799,0.0,0,,-0.357867575299084,"(3E)-N,5-bis(4-chlorophenyl)-3-isopropylimino-phenazin-2-amine; 2-[4,6-diamino-3-[3-amino-6-[1-(methylamino)ethyl]tetrahydropyran-2-yl]oxy-2-hydroxy-cyclohexoxy]-5-methyl-4-(methylamino)tetrahydropyran-3,5-diol
Liposomal Gentamicin (TLC G-65) & Clarithromycin",W09IXVtDQF0xKFtDSDNdKVtDQEBIXShbTkhdW0NIM10pW0NASF0oW09IXSlbQ0BASF0oT1tDSDJdMSlPW0NASF0yW0NAQEhdKFtPSF0pW0NASF0oW0NAQEhdKFtOSDJdKVtDSDJdW0NASF0yW05IMl0pT1tDQEhdM09bQ0BASF0oW0NASF0oW0NIM10pW05IXVtDSDNdKVtDSDJdW0NIMl1bQ0BASF0zW05IMl0=,-2.3,39.693,,-2.513,5,0.2222,http://chemdb.niaid.nih.gov/CompoundDetails.aspx?AIDSNO=009859,-43.0182952880859,0.0003,-0.785086140931587,1354.182,0,-7.871,2,,12187,1387133,"457188  1
2794  2
3467  2",,2,,-59.9211139678955,13,8.863,,vsw_Gentamicin_Analog_3-LIGPREP-007-in.maegz,0.8877445,"1
3",604334,-0.913,1,009859,-9.81817713815433,J2VwaWtfcHl0aG9uJywgJy1waCcsICc3LjAwMDAwMCcsICctcGh0JywgJzIuMDAwMDAwJywgJy1tcycsICcxNicsICctdG4nLCAnOCcsICctbWEnLCAnMjAwJywgJy1pbWFlJywgJzxpbmZpbGUubWFlPicsICctb21hZScsICc8b3V0ZmlsZS5tYWU+Jw==,2,33,-3.624,16,56135,12187-1,"NIAID ChemDB HIV, Opportunistic Infections and Tuberculosis Therapeutics Database
GENTAMICIN IN LIPOSOMAL FORM
Combinations",,0.407504670348659,5,-2,38.297,glide-grid_Ab_minmz,,1.034,0,,-9.63287713815433,181.274,"This compound contains an acetal/aminal-like group ( X-CH(R)-Y where X, Y are N, S, or O) that may be acid/base labile, releasing an aldehyde.",1,0,http://chemdb.niaid.nih.gov,-134.046527048413,,0,18,188.507,2.0,0.0,44,0,-16.9028186798096,2.506,-6.979,-0.511628494337484,604334,0.0,0.1853,108.259531,0.0843084,10,OPLS_2005,0.2225,5,11.0,18,2,6,3.223,,,14.575,-1.32339690909091,32.545,-1.018,0.643142458285155,477.6,1,604334-1,-2.14230199915703,0.0,,1219_sdstereoexpander_1_neutralizer_1_epik_1_stereoizer_1,0,0.0
,3.919,1235,478.292,5,18.4369945526123,009860,0.304942915495211,-0.936296487310622,2,0.1853,0,16.95,0.0113393,13,12,-0.291905367822859,,1,NIAID,8,566,666.799,0.0,0,,-0.357867575299084,"(3E)-N,5-bis(4-chlorophenyl)-3-isopropylimino-phenazin-2-amine; 2-[4,6-diamino-3-[3-amino-6-[1-(methylamino)ethyl]tetrahydropyran-2-yl]oxy-2-hydroxy-cyclohexoxy]-5-methyl-4-(methylamino)tetrahydropyran-3,5-diol
Liposomal Gentamicin (TLC G-65) & Clofazimine",W09IXVtDQF0xKFtDSDNdKVtDQEBIXShbTkhdW0NIM10pW0NASF0oW09IXSlbQ0BASF0oT1tDSDJdMSlPW0NASF0yW0NAQEhdKFtPSF0pW0NASF0oW0NAQEhdKFtOSDJdKVtDSDJdW0NASF0yW05IMl0pT1tDQEhdM09bQ0BASF0oW0NASF0oW0NIM10pW05IXVtDSDNdKVtDSDJdW0NIMl1bQ0BASF0zW05IMl0=,-2.3,39.693,,-2.513,5,0.2222,http://chemdb.niaid.nih.gov/CompoundDetails.aspx?AIDSNO=009860,-43.0182952880859,0.0003,-0.785086140931587,1354.182,0,-7.871,2,,12347,1387133,"457188  1
2794  2
3467  2",,2,,-59.9211139678955,13,8.863,,vsw_Gentamicin_Analog_3-LIGPREP-007-in.maegz,0.8877445,"1
3",604335,-0.913,1,009860,-9.81817713815433,J2VwaWtfcHl0aG9uJywgJy1waCcsICc3LjAwMDAwMCcsICctcGh0JywgJzIuMDAwMDAwJywgJy1tcycsICcxNicsICctdG4nLCAnOCcsICctbWEnLCAnMjAwJywgJy1pbWFlJywgJzxpbmZpbGUubWFlPicsICctb21hZScsICc8b3V0ZmlsZS5tYWU+Jw==,2,33,-3.624,16,56135,12347-1,"NIAID ChemDB HIV, Opportunistic Infections and Tuberculosis Therapeutics Database
GENTAMICIN IN LIPOSOMAL FORM
Combinations",,0.407504670348659,5,-2,38.297,glide-grid_Ab_minmz,,1.034,0,,-9.63287713815433,181.274,"This compound contains an acetal/aminal-like group ( X-CH(R)-Y where X, Y are N, S, or O) that may be acid/base labile, releasing an aldehyde.",1,0,http://chemdb.niaid.nih.gov,-134.046527048413,,0,18,188.507,2.0,0.0,44,0,-16.9028186798096,2.506,-6.979,-0.511628494337484,604335,0.0,0.1853,108.259531,0.0843084,10,OPLS_2005,0.2225,5,11.0,18,2,6,3.223,,,14.575,-1.32339690909091,32.545,-1.018,0.643142458285155,477.6,1,604335-1,-2.14230199915703,0.0,,1235_sdstereoexpander_1_neutralizer_1_epik_1_stereoizer_1,0,0.0
,6.982,1400,503.199,5,7.24052000045776,AC1L9W4Q,0.304942915495211,-0.935706567642346,2,0.1757,0,16.95,0.033871,13,12,-0.29172145095455,,1,708,8,551,743.205,0.0,0,,-0.300812460475847,"2-[4,6-diamino-3-[3-amino-6-[1-(methylamino)ethyl]oxan-2-yl]oxy-2-hydroxycyclohexyl]oxy-5-methyl-4-(methylamino)oxane-3,5-diol; (2S)-2-[2-[[(2S)-1-hydroxybutan-2-yl]amino]ethylamino]butan-1-ol
AC1L9W4Q",W09IXVtDQF0xKFtDSDNdKVtDQEhdKFtOSF1bQ0gzXSlbQ0BASF0oW09IXSlbQ0BIXShPW0NIMl0xKU9bQ0BASF0yW0NASF0oW09IXSlbQ0BIXShbQ0BASF0oW05IMl0pW0NIMl1bQ0BIXTJbTkgyXSlPW0NASF0zT1tDQEBIXShbQ0BASF0oW0NIM10pW05IXVtDSDNdKVtDSDJdW0NIMl1bQ0BIXTNbTkgyXQ==,-2.3,43.095,,-2.0,5,0.2114,,-40.2739181518555,0.0003,-0.407525568617013,1439.191,0,-8.82,2,,13991,,"457186  1
3467  2
14052  2",,2,,-60.7088928222656,11,8.875,,vsw_Gentamicin_Analog_3-LIGPREP-001-in.maegz,0.8294723,"1
3",109721118,-1.042,1,AC1L9W4Q,-9.80250788150016,J2VwaWtfcHl0aG9uJywgJy1waCcsICc3LjAwMDAwMCcsICctcGh0JywgJzIuMDAwMDAwJywgJy1tcycsICcxNicsICctdG4nLCAnOCcsICctbWEnLCAnMjAwJywgJy1pbWFlJywgJzxpbmZpbGUubWFlPicsICctb21hZScsICc8b3V0ZmlsZS5tYWU+Jw==,2,33,-3.81,16,56135,13991-1,"2-[4,6-bis(azanyl)-3-[3-azanyl-6-[1-(methylamino)ethyl]oxan-2-yl]oxy-2-oxidanyl-cyclohexyl]oxy-5-methyl-4-(methylamino)oxane-3,5-diol; (2S)-2-[2-[[(2S)-1-oxidanylbutan-2-yl]amino]ethylamino]butan-1-ol",,0.387096191036002,5,-2,39.856,glide-grid_Ab_minmz,,0.307,0,,-9.62680788150016,182.925,"This compound contains an acetal/aminal-like group ( X-CH(R)-Y where X, Y are N, S, or O) that may be acid/base labile, releasing an aldehyde.",1,0,http://www.abichem.com,-139.188339791746,,0,18,240.007,2.0,0.0,374,0,-20.4349746704102,0.814,-7.922,-0.753967125291099,109721118,0.0,0.1757,110.437544,0.075641,10,OPLS_2005,0.2117,5,11.0,18,2,1,3.223,"38  15  5
39  16  5",,15.709,-1.32339690909091,33.079,-1.749,0.0723053058123871,477.6,1,109721118-1,-2.14095222790207,0.0,,1400_sdstereoexpander_1_neutralizer_1_epik_1_stereoizer_1,0,0.0
,6.982,1416,503.204,5,7.24052000045776,AC1L9W4T,0.304942915495211,-0.935706567642346,2,0.1757,0,16.95,0.0338604,13,12,-0.29172145095455,,1,708,8,566,743.211,0.0,0,,-0.300812460475847,"AC1L9W4T
N,5-bis(4-chlorophenyl)-3-propan-2-yliminophenazin-2-amine; 2-[4,6-diamino-3-[3-amino-6-[1-(methylamino)ethyl]oxan-2-yl]oxy-2-hydroxycyclohexyl]oxy-5-methyl-4-(methylamino)oxane-3,5-diol",W09IXVtDQF0xKFtDSDNdKVtDQEhdKFtOSF1bQ0gzXSlbQ0BASF0oW09IXSlbQ0BIXShPW0NIMl0xKU9bQ0BASF0yW0NASF0oW09IXSlbQ0BIXShbQ0BASF0oW05IMl0pW0NIMl1bQ0BIXTJbTkgyXSlPW0NASF0zT1tDQEBIXShbQ0BASF0oW0NIM10pW05IXVtDSDNdKVtDSDJdW0NIMl1bQ0BIXTNbTkgyXQ==,-2.3,43.114,,-2.0,5,0.2114,,-40.2739181518555,0.0003,-0.407525568617013,1439.651,0,-8.82,2,,14151,,"457188  1
2794  2
3467  2",,2,,-60.7088928222656,11,8.875,,vsw_Gentamicin_Analog_3-LIGPREP-001-in.maegz,0.8296432,"1
3",109721121,-1.041,1,AC1L9W4T,-9.80250788150016,J2VwaWtfcHl0aG9uJywgJy1waCcsICc3LjAwMDAwMCcsICctcGh0JywgJzIuMDAwMDAwJywgJy1tcycsICcxNicsICctdG4nLCAnOCcsICctbWEnLCAnMjAwJywgJy1pbWFlJywgJzxpbmZpbGUubWFlPicsICctb21hZScsICc8b3V0ZmlsZS5tYWU+Jw==,2,33,-3.807,16,56135,14151-1,"2-[4,6-bis(azanyl)-3-[3-azanyl-6-[1-(methylamino)ethyl]oxan-2-yl]oxy-2-oxidanyl-cyclohexyl]oxy-5-methyl-4-(methylamino)oxane-3,5-diol; N,5-bis(4-chlorophenyl)-3-propan-2-ylimino-phenazin-2-amine",,0.387096191036002,5,-2,39.864,glide-grid_Ab_minmz,,0.307,0,,-9.62680788150016,182.925,"This compound contains an acetal/aminal-like group ( X-CH(R)-Y where X, Y are N, S, or O) that may be acid/base labile, releasing an aldehyde.",1,0,http://www.abichem.com,-139.188339791746,,0,18,240.007,2.0,0.0,374,0,-20.4349746704102,0.814,-7.919,-0.753967125291099,109721121,0.0,0.1757,110.437544,0.0756405,10,OPLS_2005,0.2117,5,11.0,18,2,1,3.223,,,15.713,-1.32339690909091,33.079,-1.748,0.0723045792584366,477.6,1,109721121-1,-2.14095222790207,0.0,,1416_sdstereoexpander_1_neutralizer_1_epik_1_stereoizer_1,0,0.0
2011-04-25,6.982,1432,503.199,5,7.24052000045776,44134730,0.304942915495211,-0.935706567642346,2,0.1757,0,16.95,0.0338708,13,12,-0.29172145095455,,1,DiscoveryGate,8,6,743.205,0.0,0,,-0.300812460475847,,W09IXVtDQF0xKFtDSDNdKVtDQEhdKFtOSF1bQ0gzXSlbQ0BASF0oW09IXSlbQ0BIXShPW0NIMl0xKU9bQ0BASF0yW0NASF0oW09IXSlbQ0BIXShbQ0BASF0oW05IMl0pW0NIMl1bQ0BIXTJbTkgyXSlPW0NASF0zT1tDQEBIXShbQ0BASF0oW0NIM10pW05IXVtDSDNdKVtDSDJdW0NIMl1bQ0BIXTNbTkgyXQ==,-2.3,43.095,,-2.0,5,0.2114,https://www.discoverygate.com/interlink/search?KeyName=EXTREG&KeyValue=44134730&Database=INDEX&Source=PUBCHEM,-40.2739181518555,0.0003,-0.407525568617013,1439.191,0,-8.82,2,,14311,,"44134730  1
1118  2
3467  2",,2,,-60.7088928222656,11,8.875,,vsw_Gentamicin_Analog_3-LIGPREP-001-in.maegz,0.8294722,"1
3",120085546,-1.042,1,44134730,-9.80250788150016,J2VwaWtfcHl0aG9uJywgJy1waCcsICc3LjAwMDAwMCcsICctcGh0JywgJzIuMDAwMDAwJywgJy1tcycsICcxNicsICctdG4nLCAnOCcsICctbWEnLCAnMjAwJywgJy1pbWFlJywgJzxpbmZpbGUubWFlPicsICctb21hZScsICc8b3V0ZmlsZS5tYWU+Jw==,2,33,-3.81,16,56135,14311-1,,,0.387096191036002,5,-2,39.856,glide-grid_Ab_minmz,,0.307,0,,-9.62680788150016,182.925,"This compound contains an acetal/aminal-like group ( X-CH(R)-Y where X, Y are N, S, or O) that may be acid/base labile, releasing an aldehyde.",1,0,https://www.discoverygate.com,-139.188339791746,,0,18,240.007,2.0,0.0,374,0,-20.4349746704102,0.814,-7.922,-0.753967125291099,120085546,0.0,0.1757,110.437544,0.075641,10,OPLS_2005,0.2117,5,11.0,18,2,1,3.223,,,15.709,-1.32339690909091,33.079,-1.749,0.0723053904409201,477.6,1,120085546-1,-2.14095222790207,0.0,,1432_sdstereoexpander_1_neutralizer_1_epik_1_stereoizer_1,0,0.0
,6.982,6,503.198,5,7.24052000045776,3966765,0.304942915495211,-0.935706567642346,2,0.1757,0,16.95,0.0338708,13,12,-0.29172145095455,,1,ChemDB,8,336,743.205,0.0,0,,-0.300812460475847,,W09IXVtDQF0xKFtDSDNdKVtDQEhdKFtOSF1bQ0gzXSlbQ0BASF0oW09IXSlbQ0BIXShPW0NIMl0xKU9bQ0BASF0yW0NASF0oW09IXSlbQ0BIXShbQ0BASF0oW05IMl0pW0NIMl1bQ0BIXTJbTkgyXSlPW0NASF0zT1tDQEBIXShbQ0BASF0oW0NIM10pW05IXVtDSDNdKVtDSDJdW0NIMl1bQ0BIXTNbTkgyXQ==,-2.3,43.095,,-2.0,5,0.2114,http://cdb.ics.uci.edu/CHEMDB/Web/cgibin/ChemicalDetailWeb.py?chemical_id=3966765,-40.2739181518555,0.0003,-0.407525568617013,1439.191,0,-8.82,2,,52,,3467  1,,2,,-60.7088928222656,11,8.875,,vsw_Gentamicin_Analog_3-LIGPREP-002-in.maegz,0.8294724,,4652583,-1.042,1,3966765,-9.80250788150016,J2VwaWtfcHl0aG9uJywgJy1waCcsICc3LjAwMDAwMCcsICctcGh0JywgJzIuMDAwMDAwJywgJy1tcycsICcxNicsICctdG4nLCAnOCcsICctbWEnLCAnMjAwJywgJy1pbWFlJywgJzxpbmZpbGUubWFlPicsICctb21hZScsICc8b3V0ZmlsZS5tYWU+Jw==,2,33,-3.81,16,56135,52-1,,,0.387096191036002,5,-2,39.856,glide-grid_Ab_minmz,,0.307,0,,-9.62680788150016,182.925,"This compound contains an acetal/aminal-like group ( X-CH(R)-Y where X, Y are N, S, or O) that may be acid/base labile, releasing an aldehyde.",1,0,http://cdb.ics.uci.edu,-139.188339791746,,0,18,240.007,2.0,0.0,374,0,-20.4349746704102,0.814,-7.922,-0.753967125291099,4652583,0.0,0.1757,110.437544,0.075641,10,OPLS_2005,0.2117,5,11.0,18,2,1,3.223,,,15.709,-1.32339690909091,33.079,-1.749,0.072305225884708,477.6,1,4652583-1,-2.14095222790207,0.0,,6_sdstereoexpander_1_neutralizer_1_epik_1_stereoizer_1,0,0.0
,6.982,22,503.198,5,7.24052000045776,3467,0.304942915495211,-0.935706567642346,2,0.1757,0,16.95,0.0338708,13,12,-0.29172145095455,,1,DiscoveryGate,8,351,743.205,0.0,0,,-0.300812460475847,,W09IXVtDQF0xKFtDSDNdKVtDQEhdKFtOSF1bQ0gzXSlbQ0BASF0oW09IXSlbQ0BIXShPW0NIMl0xKU9bQ0BASF0yW0NASF0oW09IXSlbQ0BIXShbQ0BASF0oW05IMl0pW0NIMl1bQ0BIXTJbTkgyXSlPW0NASF0zT1tDQEBIXShbQ0BASF0oW0NIM10pW05IXVtDSDNdKVtDSDJdW0NIMl1bQ0BIXTNbTkgyXQ==,-2.3,43.095,,-2.0,5,0.2114,https://www.discoverygate.com/interlink/search?KeyName=EXTREG&KeyValue=3467&Database=INDEX&Source=PUBCHEM,-40.2739181518555,0.0003,-0.407525568617013,1439.191,0,-8.82,2,,212,,3467  1,,2,,-60.7088928222656,11,8.875,,vsw_Gentamicin_Analog_3-LIGPREP-002-in.maegz,0.8294724,"1
3",8152203,-1.042,1,3467,-9.80250788150016,J2VwaWtfcHl0aG9uJywgJy1waCcsICc3LjAwMDAwMCcsICctcGh0JywgJzIuMDAwMDAwJywgJy1tcycsICcxNicsICctdG4nLCAnOCcsICctbWEnLCAnMjAwJywgJy1pbWFlJywgJzxpbmZpbGUubWFlPicsICctb21hZScsICc8b3V0ZmlsZS5tYWU+Jw==,2,33,-3.81,16,56135,212-1,,,0.387096191036002,5,-2,39.856,glide-grid_Ab_minmz,,0.307,0,,-9.62680788150016,182.925,"This compound contains an acetal/aminal-like group ( X-CH(R)-Y where X, Y are N, S, or O) that may be acid/base labile, releasing an aldehyde.",1,0,https://www.discoverygate.com,-139.188339791746,,0,18,240.007,2.0,0.0,374,0,-20.4349746704102,0.814,-7.922,-0.753967125291099,8152203,0.0,0.1757,110.437544,0.075641,10,OPLS_2005,0.2117,5,11.0,18,2,4,3.223,,,15.709,-1.32339690909091,33.079,-1.749,0.072305225884708,477.6,1,8152203-1,-2.14095222790207,0.0,,22_sdstereoexpander_1_neutralizer_1_epik_1_stereoizer_1,0,0.0
,6.982,38,503.203,5,7.24052000045776,3348,0.304942915495211,-0.935706567642346,2,0.1757,0,16.95,0.0338706,13,12,-0.29172145095455,,1,ChemSpider,8,366,743.21,0.0,0,,-0.300812460475847,,W09IXVtDQF0xKFtDSDNdKVtDQEhdKFtOSF1bQ0gzXSlbQ0BASF0oW09IXSlbQ0BIXShPW0NIMl0xKU9bQ0BASF0yW0NASF0oW09IXSlbQ0BIXShbQ0BASF0oW05IMl0pW0NIMl1bQ0BIXTJbTkgyXSlPW0NASF0zT1tDQEBIXShbQ0BASF0oW0NIM10pW05IXVtDSDNdKVtDSDJdW0NIMl1bQ0BIXTNbTkgyXQ==,-2.3,43.095,,-2.0,5,0.2114,http://www.chemspider.com/Chemical-Structure.3348.html,-40.2739181518555,0.0003,-0.407525568617013,1439.196,0,-8.82,2,,372,,3467  1,,2,,-60.7088928222656,11,8.875,,vsw_Gentamicin_Analog_3-LIGPREP-002-in.maegz,0.8294695,"1
3",29222600,-1.042,1,3348,-9.80250788150016,J2VwaWtfcHl0aG9uJywgJy1waCcsICc3LjAwMDAwMCcsICctcGh0JywgJzIuMDAwMDAwJywgJy1tcycsICcxNicsICctdG4nLCAnOCcsICctbWEnLCAnMjAwJywgJy1pbWFlJywgJzxpbmZpbGUubWFlPicsICctb21hZScsICc8b3V0ZmlsZS5tYWU+Jw==,2,33,-3.81,16,56135,372-1,,,0.387096191036002,5,-2,39.856,glide-grid_Ab_minmz,,0.307,0,,-9.62680788150016,182.925,"This compound contains an acetal/aminal-like group ( X-CH(R)-Y where X, Y are N, S, or O) that may be acid/base labile, releasing an aldehyde.",1,0,http://www.chemspider.com,-139.188339791746,,0,18,240.007,2.0,0.0,374,0,-20.4349746704102,0.814,-7.922,-0.753967125291099,29222600,0.0,0.1757,110.437545,0.0756406,10,OPLS_2005,0.2117,5,11.0,18,2,1,3.223,"13  1  3
19  1  3
20  10  3
24  11  3
14  2  3
22  2  3
29  31  3
15  3  3
25  5  3
21  6  3
23  7  3
16  8  3
17  9  3",,15.71,-1.32339690909091,33.079,-1.749,0.0723044987672535,477.6,1,29222600-1,-2.14095222790207,0.0,,38_sdstereoexpander_1_neutralizer_1_epik_1_stereoizer_1,0,0.0
,6.982,86,503.198,5,7.24052000045776,3467,0.304942915495211,-0.935706567642346,2,0.1757,0,16.95,0.0338708,13,12,-0.29172145095455,,1,NovoSeek,8,406,743.205,0.0,0,,-0.300812460475847,,W09IXVtDQF0xKFtDSDNdKVtDQEhdKFtOSF1bQ0gzXSlbQ0BASF0oW09IXSlbQ0BIXShPW0NIMl0xKU9bQ0BASF0yW0NASF0oW09IXSlbQ0BIXShbQ0BASF0oW05IMl0pW0NIMl1bQ0BIXTJbTkgyXSlPW0NASF0zT1tDQEBIXShbQ0BASF0oW0NIM10pW05IXVtDSDNdKVtDSDJdW0NIMl1bQ0BIXTNbTkgyXQ==,-2.3,43.095,,-2.0,5,0.2114,http://www.novoseek.com/AccessPoint.action?corpus=MEDLINE&externalDBId=cid%3d3467&DBName=pubchem&actionName=search&bioType=drug,-40.2739181518555,0.0003,-0.407525568617013,1439.191,0,-8.82,2,,852,,3467  1,,2,,-60.7088928222656,11,8.875,,vsw_Gentamicin_Analog_3-LIGPREP-002-in.maegz,0.8294724,"1
3",57321817,-1.042,1,3467,-9.80250788150016,J2VwaWtfcHl0aG9uJywgJy1waCcsICc3LjAwMDAwMCcsICctcGh0JywgJzIuMDAwMDAwJywgJy1tcycsICcxNicsICctdG4nLCAnOCcsICctbWEnLCAnMjAwJywgJy1pbWFlJywgJzxpbmZpbGUubWFlPicsICctb21hZScsICc8b3V0ZmlsZS5tYWU+Jw==,2,33,-3.81,16,56135,852-1,,,0.387096191036002,5,-2,39.856,glide-grid_Ab_minmz,,0.307,0,,-9.62680788150016,182.925,"This compound contains an acetal/aminal-like group ( X-CH(R)-Y where X, Y are N, S, or O) that may be acid/base labile, releasing an aldehyde.",1,0,http://www.novoseek.com,-139.188339791746,,0,18,240.007,2.0,0.0,374,0,-20.4349746704102,0.814,-7.922,-0.753967125291099,57321817,0.0,0.1757,110.437544,0.075641,10,OPLS_2005,0.2117,5,11.0,18,2,1,3.223,,,15.709,-1.32339690909091,33.079,-1.749,0.072305225884708,477.6,1,57321817-1,-2.14095222790207,0.0,,86_sdstereoexpander_1_neutralizer_1_epik_1_stereoizer_1,0,0.0
,6.982,166,503.198,5,7.24052000045776,AC1L1G02,0.304942915495211,-0.935706567642346,2,0.1757,0,16.95,0.0338708,13,12,-0.29172145095455,,1,708,8,481,743.205,0.0,0,,-0.300812460475847,"2-[4,6-diamino-3-[3-amino-6-[1-(methylamino)ethyl]oxan-2-yl]oxy-2-hydroxycyclohexyl]oxy-5-methyl-4-(methylamino)oxane-3,5-diol
AC1L1G02",W09IXVtDQF0xKFtDSDNdKVtDQEhdKFtOSF1bQ0gzXSlbQ0BASF0oW09IXSlbQ0BIXShPW0NIMl0xKU9bQ0BASF0yW0NASF0oW09IXSlbQ0BIXShbQ0BASF0oW05IMl0pW0NIMl1bQ0BIXTJbTkgyXSlPW0NASF0zT1tDQEBIXShbQ0BASF0oW0NIM10pW05IXVtDSDNdKVtDSDJdW0NIMl1bQ0BIXTNbTkgyXQ==,-2.3,43.095,,-2.0,5,0.2114,,-40.2739181518555,0.0003,-0.407525568617013,1439.191,0,-8.82,2,,1652,,3467  1,,2,,-60.7088928222656,11,8.875,,vsw_Gentamicin_Analog_3-LIGPREP-002-in.maegz,0.8294724,"1
3",104303599,-1.042,1,AC1L1G02,-9.80250788150016,J2VwaWtfcHl0aG9uJywgJy1waCcsICc3LjAwMDAwMCcsICctcGh0JywgJzIuMDAwMDAwJywgJy1tcycsICcxNicsICctdG4nLCAnOCcsICctbWEnLCAnMjAwJywgJy1pbWFlJywgJzxpbmZpbGUubWFlPicsICctb21hZScsICc8b3V0ZmlsZS5tYWU+Jw==,2,33,-3.81,16,56135,1652-1,"2-[4,6-bis(azanyl)-3-[3-azanyl-6-[1-(methylamino)ethyl]oxan-2-yl]oxy-2-oxidanyl-cyclohexyl]oxy-5-methyl-4-(methylamino)oxane-3,5-diol",,0.387096191036002,5,-2,39.856,glide-grid_Ab_minmz,,0.307,0,,-9.62680788150016,182.925,"This compound contains an acetal/aminal-like group ( X-CH(R)-Y where X, Y are N, S, or O) that may be acid/base labile, releasing an aldehyde.",1,0,http://www.abichem.com,-139.188339791746,,0,18,240.007,2.0,0.0,374,0,-20.4349746704102,0.814,-7.922,-0.753967125291099,104303599,0.0,0.1757,110.437544,0.075641,10,OPLS_2005,0.2117,5,11.0,18,2,1,3.223,,,15.709,-1.32339690909091,33.079,-1.749,0.072305225884708,477.6,1,104303599-1,-2.14095222790207,0.0,,166_sdstereoexpander_1_neutralizer_1_epik_1_stereoizer_1,0,0.0
,6.982,198,503.198,5,7.24052000045776,2159,0.304942915495211,-0.935706567642346,2,0.1757,0,16.95,0.0338708,13,12,-0.29172145095455,,1,770,8,501,743.205,0.0,0,,-0.300812460475847,"1403-66-3
Cidomycin
Garamycin
Garasol
Gentacycol
Gentamicin
Gentamicin antibiotic complex
Gentamicin complex consisting of factors gentamicin C1 and C2
Gentamicina
Gentamicine
Gentamicinum
Gentamycin-creme
Gentamycinum
Uromycine",W09IXVtDQF0xKFtDSDNdKVtDQEhdKFtOSF1bQ0gzXSlbQ0BASF0oW09IXSlbQ0BIXShPW0NIMl0xKU9bQ0BASF0yW0NASF0oW09IXSlbQ0BIXShbQ0BASF0oW05IMl0pW0NIMl1bQ0BIXTJbTkgyXSlPW0NASF0zT1tDQEBIXShbQ0BASF0oW0NIM10pW05IXVtDSDNdKVtDSDJdW0NIMl1bQ0BIXTNbTkgyXQ==,-2.3,43.095,,-2.0,5,0.2114,http://www.manetec-52.de/apps/amicbase_drugs-online/base.nsf/WebMain4?SearchView&Query=%28%5BDocType%5D=%22DataFormular%22%29%20AND%20%28%5BLine_1_S%5D=%28%222159*%22%29%29&SearchWV=FALSE&SearchOrder=4&SearchMax=0&Count=50&Start=1&SearchBasis=extern2&FromView=WebMain4,-40.2739181518555,0.0003,-0.407525568617013,1439.191,0,-8.82,2,,1972,,3467  1,"159
195
196
197
198
202
210
214
234
235
236
237
263
283
287
292
294
303
316
329
357
470
471
480
485
504
507
511
518
520
529
539
544
545
546
547
548
549
550
562
569
570
571
573
575
582
584
585
586
587
588
594
595
596
599
613
614
615
621
622
623
624
630
632
642
644
645
646
648
666
670
703
714
715
727
731
745
747
774
780
781
782
783
785
786
787
788
803
807
817
837
851
944
945
948
955
1034
1035
1243
1245
1246
1249
1254
1255
1270
1280
1282
1283
1285
1290
1292
1301
1302
1303
1305
1309
1310
1313
1314
1328
1333
1335
1341
1350
1351
1352
1353
1358
1376
1392
1396
1402
1404
1405
1406
1408
1421
1423
1485
1490
1505
1509
1513
1542
1578
1583
1639
1659
1661
1670
1725
1747
1771
1772
1773
1817
2039
2045
2093
2096
2098
2099
2104
2115
2121
2124
2702
4929
4932
5476
5480
5482
5551
13373
13689
28037
28080
28131
28132
28144
28147
28450
29385
29388
29459
29460
29461
29908
32002
33047
33053
33945
33964
33966
33968
33990
33991
33992
34041
35755
35788
35789
35790
35791
35792
35793
35794
36855
37326
37734
37816
38323
40324
42862
43767
45261
45262
46126
47885
48409
53023
53254
53345
54388
56877
56878
56946
56976
56977
56978
57045
57046
58095
59732
63405
66695
71452
75985
80866
81846
90370
98360
108619
114517
115981
117541
119912
149385
149391
149539
151414
151416
151419
151454
168932
211460
224727
384602
483687
523103
746128
905066
940231",2,,-60.7088928222656,11,8.875,1403-66-3,vsw_Gentamicin_Analog_3-LIGPREP-002-in.maegz,0.8294724,"1
3",124766025,-1.042,1,2159,-9.80250788150016,J2VwaWtfcHl0aG9uJywgJy1waCcsICc3LjAwMDAwMCcsICctcGh0JywgJzIuMDAwMDAwJywgJy1tcycsICcxNicsICctdG4nLCAnOCcsICctbWEnLCAnMjAwJywgJy1pbWFlJywgJzxpbmZpbGUubWFlPicsICctb21hZScsICc8b3V0ZmlsZS5tYWU+Jw==,2,33,-3.81,16,56135,1972-1,,,0.387096191036002,5,-2,39.856,glide-grid_Ab_minmz,,0.307,0,,-9.62680788150016,182.925,"This compound contains an acetal/aminal-like group ( X-CH(R)-Y where X, Y are N, S, or O) that may be acid/base labile, releasing an aldehyde.",1,0,http://www.reviewscience.com,-139.188339791746,,0,18,240.007,2.0,0.0,374,0,-20.4349746704102,0.814,-7.922,-0.753967125291099,124766025,0.0,0.1757,110.437544,0.075641,10,OPLS_2005,0.2117,5,11.0,18,2,1,3.223,,,15.709,-1.32339690909091,33.079,-1.749,0.072305225884708,477.6,1,124766025-1,-2.14095222790207,0.0,,198_sdstereoexpander_1_neutralizer_1_epik_1_stereoizer_1,0,0.0
,6.982,246,503.198,5,7.24052000045776,49429831,0.304942915495211,-0.935706567642346,2,0.1757,0,16.95,0.0338708,13,12,-0.29172145095455,,1,814,8,541,743.205,0.0,0,,-0.300812460475847,"1403-66-3
Gentamicin",W09IXVtDQF0xKFtDSDNdKVtDQEhdKFtOSF1bQ0gzXSlbQ0BASF0oW09IXSlbQ0BIXShPW0NIMl0xKU9bQ0BASF0yW0NASF0oW09IXSlbQ0BIXShbQ0BASF0oW05IMl0pW0NIMl1bQ0BIXTJbTkgyXSlPW0NASF0zT1tDQEBIXShbQ0BASF0oW0NIM10pW05IXVtDSDNdKVtDSDJdW0NIMl1bQ0BIXTNbTkgyXQ==,-2.3,43.095,,-2.0,5,0.2114,http://www.chemmol.com/chemmol/49429831.html,-40.2739181518555,0.0003,-0.407525568617013,1439.191,0,-8.82,2,,2452,,3467  1,,2,,-60.7088928222656,11,8.875,1403-66-3,vsw_Gentamicin_Analog_3-LIGPREP-002-in.maegz,0.8294724,"1
3",126691181,-1.042,1,49429831,-9.80250788150016,J2VwaWtfcHl0aG9uJywgJy1waCcsICc3LjAwMDAwMCcsICctcGh0JywgJzIuMDAwMDAwJywgJy1tcycsICcxNicsICctdG4nLCAnOCcsICctbWEnLCAnMjAwJywgJy1pbWFlJywgJzxpbmZpbGUubWFlPicsICctb21hZScsICc8b3V0ZmlsZS5tYWU+Jw==,2,33,-3.81,16,56135,2452-1,,,0.387096191036002,5,-2,39.856,glide-grid_Ab_minmz,,0.307,0,,-9.62680788150016,182.925,"This compound contains an acetal/aminal-like group ( X-CH(R)-Y where X, Y are N, S, or O) that may be acid/base labile, releasing an aldehyde.",1,0,http://chemmol.com/suppliers/ChemMol/494/1/,-139.188339791746,,0,18,240.007,2.0,0.0,374,0,-20.4349746704102,0.814,-7.922,-0.753967125291099,126691181,0.0,0.1757,110.437544,0.075641,10,OPLS_2005,0.2117,5,11.0,18,2,1,3.223,,,15.709,-1.32339690909091,33.079,-1.749,0.072305225884708,477.6,1,126691181-1,-2.14095222790207,0.0,,246_sdstereoexpander_1_neutralizer_1_epik_1_stereoizer_1,0,0.0
,6.982,262,503.198,5,7.24052000045776,123871-EP2292088A1,0.304942915495211,-0.935706567642346,2,0.1757,0,16.95,0.0338708,13,12,-0.29172145095455,,1,826,8,556,743.205,0.0,0,,-0.300812460475847,"123871-EP2292088A1
gentamycin",W09IXVtDQF0xKFtDSDNdKVtDQEhdKFtOSF1bQ0gzXSlbQ0BASF0oW09IXSlbQ0BIXShPW0NIMl0xKU9bQ0BASF0yW0NASF0oW09IXSlbQ0BIXShbQ0BASF0oW05IMl0pW0NIMl1bQ0BIXTJbTkgyXSlPW0NASF0zT1tDQEBIXShbQ0BASF0oW0NIM10pW05IXVtDSDNdKVtDSDJdW0NIMl1bQ0BIXTNbTkgyXQ==,-2.3,43.095,,-2.0,5,0.2114,,-40.2739181518555,0.0003,-0.407525568617013,1439.191,0,-8.82,2,,2612,,3467  1,,2,,-60.7088928222656,11,8.875,,vsw_Gentamicin_Analog_3-LIGPREP-002-in.maegz,0.8294724,,127340104,-1.042,1,123871-EP2292088A1,-9.80250788150016,J2VwaWtfcHl0aG9uJywgJy1waCcsICc3LjAwMDAwMCcsICctcGh0JywgJzIuMDAwMDAwJywgJy1tcycsICcxNicsICctdG4nLCAnOCcsICctbWEnLCAnMjAwJywgJy1pbWFlJywgJzxpbmZpbGUubWFlPicsICctb21hZScsICc8b3V0ZmlsZS5tYWU+Jw==,2,33,-3.81,16,56135,2612-1,"Mutant receptors and their use in a nuclear receptor-based inducible gene expression system http://worldwide.espacenet.com/publicationDetails/biblio?FT=D&CC=EP&NR=2292088A1&KC=A1
Patent Number: EP2292088A1
Publication Date: 2011-03-09
Classifications: C07K14/435A3, A61K31/16, A61K31/47, C07D215/44, C07H21/04, C12N15/62
Applicant(s): INTREXON CORP [US]
Hits: Description",,0.387096191036002,5,-2,39.856,glide-grid_Ab_minmz,,0.307,0,,-9.62680788150016,182.925,"This compound contains an acetal/aminal-like group ( X-CH(R)-Y where X, Y are N, S, or O) that may be acid/base labile, releasing an aldehyde.",1,0,,-139.188339791746,,0,18,240.007,2.0,0.0,374,0,-20.4349746704102,0.814,-7.922,-0.753967125291099,127340104,0.0,0.1757,110.437544,0.075641,10,OPLS_2005,0.2117,5,11.0,18,2,1,3.223,,,15.709,-1.32339690909091,33.079,-1.749,0.072305225884708,477.6,1,127340104-1,-2.14095222790207,0.0,,262_sdstereoexpander_1_neutralizer_1_epik_1_stereoizer_1,0,0.0
,6.982,278,503.198,5,7.24052000045776,123871-EP2295422A2,0.304942915495211,-0.935706567642346,2,0.1757,0,16.95,0.0338708,13,12,-0.29172145095455,,1,826,8,1,743.205,0.0,0,,-0.300812460475847,"123871-EP2295422A2
gentamycin",W09IXVtDQF0xKFtDSDNdKVtDQEhdKFtOSF1bQ0gzXSlbQ0BASF0oW09IXSlbQ0BIXShPW0NIMl0xKU9bQ0BASF0yW0NASF0oW09IXSlbQ0BIXShbQ0BASF0oW05IMl0pW0NIMl1bQ0BIXTJbTkgyXSlPW0NASF0zT1tDQEBIXShbQ0BASF0oW0NIM10pW05IXVtDSDNdKVtDSDJdW0NIMl1bQ0BIXTNbTkgyXQ==,-2.3,43.095,,-2.0,5,0.2114,,-40.2739181518555,0.0003,-0.407525568617013,1439.191,0,-8.82,2,,2772,,3467  1,,2,,-60.7088928222656,11,8.875,,vsw_Gentamicin_Analog_3-LIGPREP-002-in.maegz,0.8294724,,127340105,-1.042,1,123871-EP2295422A2,-9.80250788150016,J2VwaWtfcHl0aG9uJywgJy1waCcsICc3LjAwMDAwMCcsICctcGh0JywgJzIuMDAwMDAwJywgJy1tcycsICcxNicsICctdG4nLCAnOCcsICctbWEnLCAnMjAwJywgJy1pbWFlJywgJzxpbmZpbGUubWFlPicsICctb21hZScsICc8b3V0ZmlsZS5tYWU+Jw==,2,33,-3.81,16,56135,2772-1,"Glucopyranosyl substituted benzol derivatives, pharmaceutical compositions containing these compounds, use thereof and method for their production http://worldwide.espacenet.com/publicationDetails/biblio?FT=D&CC=EP&NR=2295422A2&KC=A2
Patent Number: EP2295422A2
Publication Date: 2011-03-16
Classifications: C07D309/10, C07H15/04
Applicant(s): BOEHRINGER INGELHEIM INT [DE], BOEHRINGER INGELHEIM PHARMA [DE]
Hits: Description",,0.387096191036002,5,-2,39.856,glide-grid_Ab_minmz,,0.307,0,,-9.62680788150016,182.925,"This compound contains an acetal/aminal-like group ( X-CH(R)-Y where X, Y are N, S, or O) that may be acid/base labile, releasing an aldehyde.",1,0,,-139.188339791746,,0,18,240.007,2.0,0.0,374,0,-20.4349746704102,0.814,-7.922,-0.753967125291099,127340105,0.0,0.1757,110.437544,0.075641,10,OPLS_2005,0.2117,5,11.0,18,2,1,3.223,,,15.709,-1.32339690909091,33.079,-1.749,0.072305225884708,477.6,1,127340105-1,-2.14095222790207,0.0,,278_sdstereoexpander_1_neutralizer_1_epik_1_stereoizer_1,0,0.0
,6.982,294,503.198,5,7.24052000045776,123871-EP2295439A1,0.304942915495211,-0.935706567642346,2,0.1757,0,16.95,0.0338708,13,12,-0.29172145095455,,1,826,8,16,743.205,0.0,0,,-0.300812460475847,"123871-EP2295439A1
gentamycin",W09IXVtDQF0xKFtDSDNdKVtDQEhdKFtOSF1bQ0gzXSlbQ0BASF0oW09IXSlbQ0BIXShPW0NIMl0xKU9bQ0BASF0yW0NASF0oW09IXSlbQ0BIXShbQ0BASF0oW05IMl0pW0NIMl1bQ0BIXTJbTkgyXSlPW0NASF0zT1tDQEBIXShbQ0BASF0oW0NIM10pW05IXVtDSDNdKVtDSDJdW0NIMl1bQ0BIXTNbTkgyXQ==,-2.3,43.095,,-2.0,5,0.2114,,-40.2739181518555,0.0003,-0.407525568617013,1439.191,0,-8.82,2,,2932,,3467  1,,2,,-60.7088928222656,11,8.875,,vsw_Gentamicin_Analog_3-LIGPREP-002-in.maegz,0.8294724,,127340106,-1.042,1,123871-EP2295439A1,-9.80250788150016,J2VwaWtfcHl0aG9uJywgJy1waCcsICc3LjAwMDAwMCcsICctcGh0JywgJzIuMDAwMDAwJywgJy1tcycsICcxNicsICctdG4nLCAnOCcsICctbWEnLCAnMjAwJywgJy1pbWFlJywgJzxpbmZpbGUubWFlPicsICctb21hZScsICc8b3V0ZmlsZS5tYWU+Jw==,2,33,-3.81,16,56135,2932-1,"Substituted pyrazolopyrimidines, a process for their preparation and their use as medicine http://worldwide.espacenet.com/publicationDetails/biblio?FT=D&CC=EP&NR=2295439A1&KC=A1
Patent Number: EP2295439A1
Publication Date: 2011-03-16
Classifications: C07D487/04, C07D519/00
Applicant(s): MERZ PHARMA GMBH & CO KGAA [DE]
Hits: Description",,0.387096191036002,5,-2,39.856,glide-grid_Ab_minmz,,0.307,0,,-9.62680788150016,182.925,"This compound contains an acetal/aminal-like group ( X-CH(R)-Y where X, Y are N, S, or O) that may be acid/base labile, releasing an aldehyde.",1,0,,-139.188339791746,,0,18,240.007,2.0,0.0,374,0,-20.4349746704102,0.814,-7.922,-0.753967125291099,127340106,0.0,0.1757,110.437544,0.075641,10,OPLS_2005,0.2117,5,11.0,18,2,1,3.223,,,15.709,-1.32339690909091,33.079,-1.749,0.072305225884708,477.6,1,127340106-1,-2.14095222790207,0.0,,294_sdstereoexpander_1_neutralizer_1_epik_1_stereoizer_1,0,0.0
,6.982,438,503.198,5,7.24052000045776,BC657258,0.304942915495211,-0.935706567642346,2,0.1757,0,16.95,0.0338708,13,12,-0.29172145095455,0,1,4415,8,91,743.205,0.0,0,1,-0.300812460475847,"1403-66-3
BC657258
Gentamicin",W09IXVtDQF0xKFtDSDNdKVtDQEhdKFtOSF1bQ0gzXSlbQ0BASF0oW09IXSlbQ0BIXShPW0NIMl0xKU9bQ0BASF0yW0NASF0oW09IXSlbQ0BIXShbQ0BASF0oW05IMl0pW0NIMl1bQ0BIXTJbTkgyXSlPW0NASF0zT1tDQEBIXShbQ0BASF0oW0NIM10pW05IXVtDSDNdKVtDSDJdW0NIMl1bQ0BIXTNbTkgyXQ==,-2.3,43.095,0,-2.0,5,0.2114,http://www.boerchem.com/?product_39082.html,-40.2739181518555,0.0003,-0.407525568617013,1439.191,0,-8.82,2,0,4372,,3467  1,,2,13,-60.7088928222656,11,8.875,1403-66-3,vsw_Gentamicin_Analog_3-LIGPREP-002-in.maegz,0.8294724,"1
5
255",196105377,-1.042,1,BC657258,-9.80250788150016,J2VwaWtfcHl0aG9uJywgJy1waCcsICc3LjAwMDAwMCcsICctcGh0JywgJzIuMDAwMDAwJywgJy1tcycsICcxNicsICctdG4nLCAnOCcsICctbWEnLCAnMjAwJywgJy1pbWFlJywgJzxpbmZpbGUubWFlPicsICctb21hZScsICc8b3V0ZmlsZS5tYWU+Jw==,2,33,-3.81,16,56135,4372-1,,1,0.387096191036002,5,-2,39.856,glide-grid_Ab_minmz,33,0.307,0,,-9.62680788150016,182.925,"This compound contains an acetal/aminal-like group ( X-CH(R)-Y where X, Y are N, S, or O) that may be acid/base labile, releasing an aldehyde.",1,0,http://www.boerchem.com/,-139.188339791746,,0,18,240.007,2.0,0.0,374,0,-20.4349746704102,0.814,-7.922,-0.753967125291099,196105377,0.0,0.1757,110.437544,0.075641,10,OPLS_2005,0.2117,5,11.0,18,2,2,3.223,"13  1  3
19  1  3
20  10  3
24  11  3
14  2  3
22  2  3
25  28  3
29  31  3
15  4  3
21  6  3
23  7  3
16  8  3
17  9  3",0,15.709,-1.32339690909091,33.079,-1.749,0.072305225884708,477.6,1,196105377-1,-2.14095222790207,0.0,,438_sdstereoexpander_1_neutralizer_1_epik_1_stereoizer_1,0,0.0
,6.982,454,503.198,5,7.24052000045776,AN-49150,0.304942915495211,-0.935706567642346,2,0.1757,0,16.95,0.0338708,13,12,-0.29172145095455,,1,4456,8,106,743.205,0.0,0,,-0.300812460475847,"2-[4,6-diamino-3-[3-amino-6-[1-(methylamino)ethyl]tetrahydropyran-2-yl]oxy-2-hydroxy-cyclohexoxy]-5-methyl-4-(methylamino)tetrahydropyran-3,5-diol
AN-49150",W09IXVtDQF0xKFtDSDNdKVtDQEhdKFtOSF1bQ0gzXSlbQ0BASF0oW09IXSlbQ0BIXShPW0NIMl0xKU9bQ0BASF0yW0NASF0oW09IXSlbQ0BIXShbQ0BASF0oW05IMl0pW0NIMl1bQ0BIXTJbTkgyXSlPW0NASF0zT1tDQEBIXShbQ0BASF0oW0NIM10pW05IXVtDSDNdKVtDSDJdW0NIMl1bQ0BIXTNbTkgyXQ==,-2.3,43.095,,-2.0,5,0.2114,,-40.2739181518555,0.0003,-0.407525568617013,1439.191,0,-8.82,2,,4532,,3467  1,,2,,-60.7088928222656,11,8.875,,vsw_Gentamicin_Analog_3-LIGPREP-002-in.maegz,0.8294724,"1
3",223658860,-1.042,1,AN-49150,-9.80250788150016,J2VwaWtfcHl0aG9uJywgJy1waCcsICc3LjAwMDAwMCcsICctcGh0JywgJzIuMDAwMDAwJywgJy1tcycsICcxNicsICctdG4nLCAnOCcsICctbWEnLCAnMjAwJywgJy1pbWFlJywgJzxpbmZpbGUubWFlPicsICctb21hZScsICc8b3V0ZmlsZS5tYWU+Jw==,2,33,-3.81,16,56135,4532-1,"2-[4,6-diamino-3-[3-amino-6-[1-(methylamino)ethyl]tetrahydropyran-2-yl]oxy-2-hydroxy-cyclohexoxy]-5-methyl-4-(methylamino)tetrahydropyran-3,5-diol",,0.387096191036002,5,-2,39.856,glide-grid_Ab_minmz,,0.307,0,,-9.62680788150016,182.925,"This compound contains an acetal/aminal-like group ( X-CH(R)-Y where X, Y are N, S, or O) that may be acid/base labile, releasing an aldehyde.",1,0,http://www.anpharma.net,-139.188339791746,,0,18,240.007,2.0,0.0,374,0,-20.4349746704102,0.814,-7.922,-0.753967125291099,223658860,0.0,0.1757,110.437544,0.075641,10,OPLS_2005,0.2117,5,11.0,18,2,1,3.223,,,15.709,-1.32339690909091,33.079,-1.749,0.072305225884708,477.6,1,223658860-1,-2.14095222790207,0.0,,454_sdstereoexpander_1_neutralizer_1_epik_1_stereoizer_1,0,0.0
,6.982,566,503.198,5,7.24052000045776,ToxPlanet-MTQwMy02Ni0zMzQ2Nw==,0.304942915495211,-0.935706567642346,2,0.1757,0,16.95,0.0338708,13,12,-0.29172145095455,0,1,15207,8,176,743.205,0.0,0,1,-0.300812460475847,"1403-66-3
Centicin
Cidomycin
EINECS 215-765-8
Garamycin
Garasol
Gentacycol
Gentamicin
Gentamicin [INN:BAN]
Gentamicin [INN]
Gentamicina
Gentamicina [INN-Spanish]
Gentamicine
Gentamicine [INN-French]
Gentamicinum
Gentamicinum [INN-Latin]
Gentamycin
Gentamycin-creme
Gentamycin-creme [German]
Gentamycins
Gentamycinum
Gentavet
Gentocin
HSDB 3087
Lyramycin
Oksitselanim
Refobacin
Refobacin TM
Septigen
UNII-T6Z9V48IKG
Uromycine",W09IXVtDQF0xKFtDSDNdKVtDQEhdKFtOSF1bQ0gzXSlbQ0BASF0oW09IXSlbQ0BIXShPW0NIMl0xKU9bQ0BASF0yW0NASF0oW09IXSlbQ0BIXShbQ0BASF0oW05IMl0pW0NIMl1bQ0BIXTJbTkgyXSlPW0NASF0zT1tDQEBIXShbQ0BASF0oW0NIM10pW05IXVtDSDNdKVtDSDJdW0NIMl1bQ0BIXTNbTkgyXQ==,-2.3,43.095,0,-2.0,5,0.2114,https://search.toxplanet.com/CategorySearch.aspx?cas_no=1403-66-3,-40.2739181518555,0.0003,-0.407525568617013,1439.191,0,-8.82,2,0,5652,,3467  1,,2,13,-60.7088928222656,11,8.875,1403-66-3,vsw_Gentamicin_Analog_3-LIGPREP-002-in.maegz,0.8294724,"1
5
255",319062335,-1.042,1,ToxPlanet-MTQwMy02Ni0zMzQ2Nw==,-9.80250788150016,J2VwaWtfcHl0aG9uJywgJy1waCcsICc3LjAwMDAwMCcsICctcGh0JywgJzIuMDAwMDAwJywgJy1tcycsICcxNicsICctdG4nLCAnOCcsICctbWEnLCAnMjAwJywgJy1pbWFlJywgJzxpbmZpbGUubWFlPicsICctb21hZScsICc8b3V0ZmlsZS5tYWU+Jw==,2,33,-3.81,16,56135,5652-1,,1,0.387096191036002,5,-2,39.856,glide-grid_Ab_minmz,33,0.307,0,,-9.62680788150016,182.925,"This compound contains an acetal/aminal-like group ( X-CH(R)-Y where X, Y are N, S, or O) that may be acid/base labile, releasing an aldehyde.",1,0,https:/www/toxplanet.com,-139.188339791746,,0,18,240.007,2.0,0.0,374,0,-20.4349746704102,0.814,-7.922,-0.753967125291099,319062335,0.0,0.1757,110.437544,0.075641,10,OPLS_2005,0.2117,5,11.0,18,2,1,3.223,"13  1  3
19  1  3
20  10  3
24  11  3
14  2  3
22  2  3
25  28  3
29  31  3
15  4  3
21  6  3
23  7  3
16  8  3
17  9  3",0,15.709,-1.32339690909091,33.079,-1.749,0.072305225884708,477.6,1,319062335-1,-2.14095222790207,0.0,,566_sdstereoexpander_1_neutralizer_1_epik_1_stereoizer_1,0,0.0
,6.982,582,503.198,5,7.24052000045776,ToxPlanet-MjU4NzYtMTAtMjM0Njc=,0.304942915495211,-0.935706567642346,2,0.1757,0,16.95,0.0338708,13,12,-0.29172145095455,0,1,15207,8,191,743.205,0.0,0,1,-0.300812460475847,"25876-10-2
C21-H43-N5-O7
C21H43N5O7
D-Streptamine, O-2-amino-2,3,4,6,7-pentadeoxy-6-(methylamino)-.alpha.-D-ribo-heptopyranosyl-(1.fwdarw.4)-O-[3-deoxy-4-C-methyl-3-(methylamino)-.beta.-L-arabinopyranosyl-(1.fwdarw.6)]-2-deoxy-
Gentamicin C1
UNII-I904Y9FPPV",W09IXVtDQF0xKFtDSDNdKVtDQEhdKFtOSF1bQ0gzXSlbQ0BASF0oW09IXSlbQ0BIXShPW0NIMl0xKU9bQ0BASF0yW0NASF0oW09IXSlbQ0BIXShbQ0BASF0oW05IMl0pW0NIMl1bQ0BIXTJbTkgyXSlPW0NASF0zT1tDQEBIXShbQ0BASF0oW0NIM10pW05IXVtDSDNdKVtDSDJdW0NIMl1bQ0BIXTNbTkgyXQ==,-2.3,43.095,0,-2.0,5,0.2114,https://search.toxplanet.com/CategorySearch.aspx?cas_no=25876-10-2,-40.2739181518555,0.0003,-0.407525568617013,1439.191,0,-8.82,2,0,5812,,3467  1,,2,13,-60.7088928222656,11,8.875,25876-10-2,vsw_Gentamicin_Analog_3-LIGPREP-002-in.maegz,0.8294724,"1
5
255",319062336,-1.042,1,ToxPlanet-MjU4NzYtMTAtMjM0Njc=,-9.80250788150016,J2VwaWtfcHl0aG9uJywgJy1waCcsICc3LjAwMDAwMCcsICctcGh0JywgJzIuMDAwMDAwJywgJy1tcycsICcxNicsICctdG4nLCAnOCcsICctbWEnLCAnMjAwJywgJy1pbWFlJywgJzxpbmZpbGUubWFlPicsICctb21hZScsICc8b3V0ZmlsZS5tYWU+Jw==,2,33,-3.81,16,56135,5812-1,,1,0.387096191036002,5,-2,39.856,glide-grid_Ab_minmz,33,0.307,0,,-9.62680788150016,182.925,"This compound contains an acetal/aminal-like group ( X-CH(R)-Y where X, Y are N, S, or O) that may be acid/base labile, releasing an aldehyde.",1,0,https:/www/toxplanet.com,-139.188339791746,,0,18,240.007,2.0,0.0,374,0,-20.4349746704102,0.814,-7.922,-0.753967125291099,319062336,0.0,0.1757,110.437544,0.075641,10,OPLS_2005,0.2117,5,11.0,18,2,1,3.223,"13  1  3
19  1  3
20  10  3
24  11  3
14  2  3
22  2  3
25  28  3
29  31  3
15  4  3
21  6  3
23  7  3
16  8  3
17  9  3",0,15.709,-1.32339690909091,33.079,-1.749,0.072305225884708,477.6,1,319062336-1,-2.14095222790207,0.0,,582_sdstereoexpander_1_neutralizer_1_epik_1_stereoizer_1,0,0.0
,6.982,630,503.198,5,7.24052000045776,D0L9UU,0.304942915495211,-0.935706567642346,2,0.1757,0,16.95,0.0338708,13,12,-0.29172145095455,,1,845,8,221,743.205,0.0,0,,-0.300812460475847,"(1R,2S,3S,4R,6S)-4,6-diamino-3-[3-deoxy-4-C-methyl-3-(methylamino)-beta-L-arabinopyranosyloxy]-2-hydroxycyclohexyl 2-amino-2,3,4,6,7-pentadeoxy-6-(methylamino)-beta-L-lyxo-heptopyranoside
(1R,2S,3S,4R,6S)-4,6-diamino-3-{[3-deoxy-4-C-methyl-3-(methylamino)-beta-L-arabinopyranosyl]oxy}-2-hydroxycyclohexyl (6x)-2-amino-2,3,4,6,7-pentadeoxy-6-(methylamino)-alpha-D-erythro-heptopyranoside
(2R,3R,4R,5R)-2-[(1S,2S,3R,4S,6R)-4,6-diamino-3-[(2R,3R,6S)-3-amino-6-[1-(methylamino)ethyl]oxan-2-yl]oxy-2-hydroxycyclohexyl]oxy-5-methyl-4-(methylamino)oxane-3,5-diol
1403-66-3
2-[4,6-diamino-3-[3-amino-6-[1-(methylamino)ethyl]oxan-2-yl]oxy-2-hydroxycyclohexyl]oxy-5-methyl-4-(methylamino)oxane-3,5-diol
4,6-diamino-3-{[3-deoxy-4-c-methyl-3-(methylamino)pentopyranosyl]oxy}-2-hydroxycyclohexyl 2-amino-2,3,4,6,7-pentadeoxy-6-(methylamino)heptopyranoside
Alcomicin
Apogen
Bristagen
Cidomycin
D0L9UU
G-Mycin
G-Myticin
GENTAMYCIN
Garamycin
Garamycin (TN)
Garamycin Otic Solution
Garasol
Genoptic Liquifilm
Genoptic S.O.P.
Gentacidin
Gentacycol
Gentafair
Gentak
Gentamar
Gentamcin Sulfate
Gentamicin
Gentamicin (BAN)
Gentamicin (TN)
Gentamicin C1
Gentamicin sulphate sterile
Gentamicina
Gentamicina [INN-Spanish]
Gentamicine
Gentamicine [INN-French]
Gentamicins
Gentamicinum
Gentamicinum [INN-Latin]
Gentamycin-creme
Gentamycin-creme [German]
Gentamycinum
Gentavet
Gentocin
Jenamicin
O-2-amino-2,3,4,6,7-pentadeoxy-6-(methylamino)-alpha-D-ribo-heptopyranosyl-(1-4)-O-(3-deoxy-4-C-methyl-3-(methylamino)-beta-L-arabinopyranosyl-(1-6))-2-deoxy-D-streptamine
Ocu-Mycin
Refobacin
Refobacin TM
Spectro-Genta
U-Gencin
Uromycine",W09IXVtDQF0xKFtDSDNdKVtDQEhdKFtOSF1bQ0gzXSlbQ0BASF0oW09IXSlbQ0BIXShPW0NIMl0xKU9bQ0BASF0yW0NASF0oW09IXSlbQ0BIXShbQ0BASF0oW05IMl0pW0NIMl1bQ0BIXTJbTkgyXSlPW0NASF0zT1tDQEBIXShbQ0BASF0oW0NIM10pW05IXVtDSDNdKVtDSDJdW0NIMl1bQ0BIXTNbTkgyXQ==,-2.3,43.095,,-2.0,5,0.2114,https://db.idrblab.org/ttd/drug/D0L9UU,-40.2739181518555,0.0003,-0.407525568617013,1439.191,0,-8.82,2,,6292,,3467  1,,2,,-60.7088928222656,11,8.875,1403-66-3,vsw_Gentamicin_Analog_3-LIGPREP-002-in.maegz,0.8294724,"1
3",349989484,-1.042,1,D0L9UU,-9.80250788150016,J2VwaWtfcHl0aG9uJywgJy1waCcsICc3LjAwMDAwMCcsICctcGh0JywgJzIuMDAwMDAwJywgJy1tcycsICcxNicsICctdG4nLCAnOCcsICctbWEnLCAnMjAwJywgJy1pbWFlJywgJzxpbmZpbGUubWFlPicsICctb21hZScsICc8b3V0ZmlsZS5tYWU+Jw==,2,33,-3.81,16,56135,6292-1,,,0.387096191036002,5,-2,39.856,glide-grid_Ab_minmz,,0.307,0,,-9.62680788150016,182.925,"This compound contains an acetal/aminal-like group ( X-CH(R)-Y where X, Y are N, S, or O) that may be acid/base labile, releasing an aldehyde.",1,0,https://db.idrblab.org/ttd/,-139.188339791746,,0,18,240.007,2.0,0.0,374,0,-20.4349746704102,0.814,-7.922,-0.753967125291099,349989484,0.0,0.1757,110.437544,0.075641,10,OPLS_2005,0.2117,5,11.0,18,2,1,3.223,,,15.709,-1.32339690909091,33.079,-1.749,0.072305225884708,477.6,1,349989484-1,-2.14095222790207,0.0,,630_sdstereoexpander_1_neutralizer_1_epik_1_stereoizer_1,0,0.0
,6.982,662,503.198,5,7.24052000045776,M046866,0.304942915495211,-0.935706567642346,2,0.1757,0,16.95,0.0338708,13,12,-0.29172145095455,0,1,15694,8,256,743.205,0.0,0,1,-0.300812460475847,"1403-66-3
Gentamicin",W09IXVtDQF0xKFtDSDNdKVtDQEhdKFtOSF1bQ0gzXSlbQ0BASF0oW09IXSlbQ0BIXShPW0NIMl0xKU9bQ0BASF0yW0NASF0oW09IXSlbQ0BIXShbQ0BASF0oW05IMl0pW0NIMl1bQ0BIXTJbTkgyXSlPW0NASF0zT1tDQEBIXShbQ0BASF0oW0NIM10pW05IXVtDSDNdKVtDSDJdW0NIMl1bQ0BIXTNbTkgyXQ==,-2.3,43.095,0,-2.0,5,0.2114,https://www.musechem.com/product/M046866.html,-40.2739181518555,0.0003,-0.407525568617013,1439.191,0,-8.82,2,0,6612,,3467  1,,2,13,-60.7088928222656,11,8.875,1403-66-3,vsw_Gentamicin_Analog_3-LIGPREP-002-in.maegz,0.8294724,"1
5
255",355170185,-1.042,1,M046866,-9.80250788150016,J2VwaWtfcHl0aG9uJywgJy1waCcsICc3LjAwMDAwMCcsICctcGh0JywgJzIuMDAwMDAwJywgJy1tcycsICcxNicsICctdG4nLCAnOCcsICctbWEnLCAnMjAwJywgJy1pbWFlJywgJzxpbmZpbGUubWFlPicsICctb21hZScsICc8b3V0ZmlsZS5tYWU+Jw==,2,33,-3.81,16,56135,6612-1,,1,0.387096191036002,5,-2,39.856,glide-grid_Ab_minmz,33,0.307,0,,-9.62680788150016,182.925,"This compound contains an acetal/aminal-like group ( X-CH(R)-Y where X, Y are N, S, or O) that may be acid/base labile, releasing an aldehyde.",1,0,https://www.musechem.com,-139.188339791746,,0,18,240.007,2.0,0.0,374,0,-20.4349746704102,0.814,-7.922,-0.753967125291099,355170185,0.0,0.1757,110.437544,0.075641,10,OPLS_2005,0.2117,5,11.0,18,2,1,3.223,"13  1  3
19  1  3
20  10  3
24  11  3
14  2  3
22  2  3
25  28  3
29  31  3
15  4  3
21  6  3
23  7  3
16  8  3
17  9  3",0,15.709,-1.32339690909091,33.079,-1.749,0.072305225884708,477.6,1,355170185-1,-2.14095222790207,0.0,,662_sdstereoexpander_1_neutralizer_1_epik_1_stereoizer_1,0,0.0
,6.982,678,503.198,5,7.24052000045776,J4.074F,0.304942915495211,-0.935706567642346,2,0.1757,0,16.95,0.0338708,13,12,-0.29172145095455,,1,,8,271,743.205,0.0,0,,-0.300812460475847,"1403-66-3
Gentavet
J4.074F",W09IXVtDQF0xKFtDSDNdKVtDQEhdKFtOSF1bQ0gzXSlbQ0BASF0oW09IXSlbQ0BIXShPW0NIMl0xKU9bQ0BASF0yW0NASF0oW09IXSlbQ0BIXShbQ0BASF0oW05IMl0pW0NIMl1bQ0BIXTJbTkgyXSlPW0NASF0zT1tDQEBIXShbQ0BASF0oW0NIM10pW05IXVtDSDNdKVtDSDJdW0NIMl1bQ0BIXTNbTkgyXQ==,-2.3,43.095,,-2.0,5,0.2114,http://jglobal.jst.go.jp/en/redirect?Nikkaji_No=J4.074F,-40.2739181518555,0.0003,-0.407525568617013,1439.191,0,-8.82,2,,6772,,3467  1,,2,,-60.7088928222656,11,8.875,1403-66-3,vsw_Gentamicin_Analog_3-LIGPREP-002-in.maegz,0.8294724,,355227184,-1.042,1,J4.074F,-9.80250788150016,J2VwaWtfcHl0aG9uJywgJy1waCcsICc3LjAwMDAwMCcsICctcGh0JywgJzIuMDAwMDAwJywgJy1tcycsICcxNicsICctdG4nLCAnOCcsICctbWEnLCAnMjAwJywgJy1pbWFlJywgJzxpbmZpbGUubWFlPicsICctb21hZScsICc8b3V0ZmlsZS5tYWU+Jw==,2,33,-3.81,16,56135,6772-1,,,0.387096191036002,5,-2,39.856,glide-grid_Ab_minmz,,0.307,0,11834,-9.62680788150016,182.925,"This compound contains an acetal/aminal-like group ( X-CH(R)-Y where X, Y are N, S, or O) that may be acid/base labile, releasing an aldehyde.",1,0,http://doi.org/10.15079/NIKKAJI,-139.188339791746,,0,18,240.007,2.0,0.0,374,0,-20.4349746704102,0.814,-7.922,-0.753967125291099,355227184,0.0,0.1757,110.437544,0.075641,10,OPLS_2005,0.2117,5,11.0,18,2,1,3.223,,,15.709,-1.32339690909091,33.079,-1.749,0.072305225884708,477.6,1,355227184-1,-2.14095222790207,0.0,,678_sdstereoexpander_1_neutralizer_1_epik_1_stereoizer_1,0,0.0
,6.982,694,503.198,5,7.24052000045776,1403-66-3,0.304942915495211,-0.935706567642346,2,0.1757,0,16.95,0.0338708,13,12,-0.29172145095455,0,1,,8,286,743.205,0.0,0,1,-0.300812460475847,"1403-66-3
GENTAMICIN",W09IXVtDQF0xKFtDSDNdKVtDQEhdKFtOSF1bQ0gzXSlbQ0BASF0oW09IXSlbQ0BIXShPW0NIMl0xKU9bQ0BASF0yW0NASF0oW09IXSlbQ0BIXShbQ0BASF0oW05IMl0pW0NIMl1bQ0BIXTJbTkgyXSlPW0NASF0zT1tDQEBIXShbQ0BASF0oW0NIM10pW05IXVtDSDNdKVtDSDJdW0NIMl1bQ0BIXTNbTkgyXQ==,-2.3,43.095,0,-2.0,5,0.2114,http://toxnet.nlm.nih.gov/cgi-bin/sis/search2/r?dbs+genetox:@term+@DOCNO+2072,-40.2739181518555,0.0003,-0.407525568617013,1439.191,0,-8.82,2,0,6932,,3467  1,,2,13,-60.7088928222656,11,8.875,1403-66-3,vsw_Gentamicin_Analog_3-LIGPREP-002-in.maegz,0.8294724,"1
5
255",363896048,-1.042,1,1403-66-3,-9.80250788150016,J2VwaWtfcHl0aG9uJywgJy1waCcsICc3LjAwMDAwMCcsICctcGh0JywgJzIuMDAwMDAwJywgJy1tcycsICcxNicsICctdG4nLCAnOCcsICctbWEnLCAnMjAwJywgJy1pbWFlJywgJzxpbmZpbGUubWFlPicsICctb21hZScsICc8b3V0ZmlsZS5tYWU+Jw==,2,33,-3.81,16,56135,6932-1,"Substance Name:
GENTAMICIN
CAS Registry Number:
1403-66-3
Chemical Classification Category:
Antibiotics, mycotoxins
Aromatic amines, aliphatic amines, amides and sulfonamides
Taxonomic Name & Assay:
Lower eukaryotes - other genotoxic effects
GENETOX Record Number:
2072
Last Revision Date:
19910822
Update History:
Complete update on 01/30/1991, 5 fields added/edited/deleted.",1,0.387096191036002,5,-2,39.856,glide-grid_Ab_minmz,33,0.307,0,22071,-9.62680788150016,182.925,"This compound contains an acetal/aminal-like group ( X-CH(R)-Y where X, Y are N, S, or O) that may be acid/base labile, releasing an aldehyde.",1,0,https://toxnet.nlm.nih.gov/newtoxnet/genetox.htm,-139.188339791746,,0,18,240.007,2.0,0.0,374,0,-20.4349746704102,0.814,-7.922,-0.753967125291099,363896048,0.0,0.1757,110.437544,0.075641,10,OPLS_2005,0.2117,5,11.0,18,2,1,3.223,"13  1  3
19  1  3
20  10  3
24  11  3
14  2  3
22  2  3
25  28  3
29  31  3
15  4  3
21  6  3
23  7  3
16  8  3
17  9  3",0,15.709,-1.32339690909091,33.079,-1.749,0.072305225884708,477.6,1,363896048-1,-2.14095222790207,0.0,,694_sdstereoexpander_1_neutralizer_1_epik_1_stereoizer_1,0,0.0
,6.982,822,503.203,5,7.24052000045776,bt-269144,0.304942915495211,-0.935706567642346,2,0.1757,0,16.95,0.0338706,13,12,-0.29172145095455,0,1,,8,356,743.21,0.0,0,1,-0.300812460475847,"1403-66-3
Gentamycin C1
2-[4,6-diamino-3-[3-amino-6-[1-(methylamino)ethyl]oxan-2-yl]oxy-2-hydroxycyclohexyl]oxy-5-methyl-4-(methylamino)oxane-3,5-diol",W09IXVtDQF0xKFtDSDNdKVtDQEhdKFtOSF1bQ0gzXSlbQ0BASF0oW09IXSlbQ0BIXShPW0NIMl0xKU9bQ0BASF0yW0NASF0oW09IXSlbQ0BIXShbQ0BASF0oW05IMl0pW0NIMl1bQ0BIXTJbTkgyXSlPW0NASF0zT1tDQEBIXShbQ0BASF0oW0NIM10pW05IXVtDSDNdKVtDSDJdW0NIMl1bQ0BIXTNbTkgyXQ==,-2.3,43.095,0,-2.0,5,0.2114,https://www.thebiotek.com/product/inhibitors/bt-269144,-40.2739181518555,0.0003,-0.407525568617013,1439.196,0,-8.82,2,0,8212,,3467  1,,2,13,-60.7088928222656,11,8.875,1403-66-3,vsw_Gentamicin_Analog_3-LIGPREP-002-in.maegz,0.8294695,"1
5
255",434252689,-1.042,1,bt-269144,-9.80250788150016,J2VwaWtfcHl0aG9uJywgJy1waCcsICc3LjAwMDAwMCcsICctcGh0JywgJzIuMDAwMDAwJywgJy1tcycsICcxNicsICctdG4nLCAnOCcsICctbWEnLCAnMjAwJywgJy1pbWFlJywgJzxpbmZpbGUubWFlPicsICctb21hZScsICc8b3V0ZmlsZS5tYWU+Jw==,2,33,-3.81,16,56135,8212-1,,-1,0.387096191036002,5,-2,39.856,glide-grid_Ab_minmz,33,0.307,0,24343,-9.62680788150016,182.925,"This compound contains an acetal/aminal-like group ( X-CH(R)-Y where X, Y are N, S, or O) that may be acid/base labile, releasing an aldehyde.",1,0,https://www.thebiotek.com/,-139.188339791746,,0,18,240.007,2.0,0.0,374,0,-20.4349746704102,0.814,-7.922,-0.753967125291099,434252689,0.0,0.1757,110.437545,0.0756406,10,OPLS_2005,0.2117,5,11.0,18,2,3,3.223,"13  1  3
19  1  3
20  10  3
24  11  3
14  2  3
22  2  3
25  28  3
29  31  3
15  3  3
21  6  3
23  7  3
16  8  3
17  9  3",0,15.71,-1.32339690909091,33.079,-1.749,0.0723044987672535,477.6,1,434252689-1,-2.14095222790207,0.0,,822_sdstereoexpander_1_neutralizer_1_epik_1_stereoizer_1,0,0.0
,6.982,854,503.203,5,7.24052000045776,S528809,0.304942915495211,-0.935706567642346,2,0.1757,0,16.95,0.0338706,13,12,-0.29172145095455,0,1,,8,376,743.21,0.0,0,1,-0.300812460475847,"1403-66-3
Gentamycin C1
2-[4,6-diamino-3-[3-amino-6-[1-(methylamino)ethyl]oxan-2-yl]oxy-2-hydroxycyclohexyl]oxy-5-methyl-4-(methylamino)oxane-3,5-diol",W09IXVtDQF0xKFtDSDNdKVtDQEhdKFtOSF1bQ0gzXSlbQ0BASF0oW09IXSlbQ0BIXShPW0NIMl0xKU9bQ0BASF0yW0NASF0oW09IXSlbQ0BIXShbQ0BASF0oW05IMl0pW0NIMl1bQ0BIXTJbTkgyXSlPW0NASF0zT1tDQEBIXShbQ0BASF0oW0NIM10pW05IXVtDSDNdKVtDSDJdW0NIMl1bQ0BIXTNbTkgyXQ==,-2.3,43.095,0,-2.0,5,0.2114,https://www.smolecule.com/products/s528809,-40.2739181518555,0.0003,-0.407525568617013,1439.196,0,-8.82,2,0,8532,,3467  1,,2,13,-60.7088928222656,11,8.875,1403-66-3,vsw_Gentamicin_Analog_3-LIGPREP-002-in.maegz,0.8294695,"1
5
255",438457699,-1.042,1,S528809,-9.80250788150016,J2VwaWtfcHl0aG9uJywgJy1waCcsICc3LjAwMDAwMCcsICctcGh0JywgJzIuMDAwMDAwJywgJy1tcycsICcxNicsICctdG4nLCAnOCcsICctbWEnLCAnMjAwJywgJy1pbWFlJywgJzxpbmZpbGUubWFlPicsICctb21hZScsICc8b3V0ZmlsZS5tYWU+Jw==,2,33,-3.81,16,56135,8532-1,,-1,0.387096191036002,5,-2,39.856,glide-grid_Ab_minmz,33,0.307,0,24449,-9.62680788150016,182.925,"This compound contains an acetal/aminal-like group ( X-CH(R)-Y where X, Y are N, S, or O) that may be acid/base labile, releasing an aldehyde.",1,0,https://www.smolecule.com/,-139.188339791746,,0,18,240.007,2.0,0.0,374,0,-20.4349746704102,0.814,-7.922,-0.753967125291099,438457699,0.0,0.1757,110.437545,0.0756406,10,OPLS_2005,0.2117,5,11.0,18,2,3,3.223,"13  1  3
19  1  3
20  10  3
24  11  3
14  2  3
22  2  3
25  28  3
29  31  3
15  3  3
21  6  3
23  7  3
16  8  3
17  9  3",0,15.71,-1.32339690909091,33.079,-1.749,0.0723044987672535,477.6,1,438457699-1,-2.14095222790207,0.0,,854_sdstereoexpander_1_neutralizer_1_epik_1_stereoizer_1,0,0.0
,6.982,902,503.203,5,7.24052000045776,B1671437,0.304942915495211,-0.935706567642346,2,0.1757,0,16.95,0.0338706,13,12,-0.29172145095455,0,1,,8,396,743.21,0.0,0,1,-0.300812460475847,"1403-66-3
Gentamycin C1
2-[4,6-diamino-3-[3-amino-6-[1-(methylamino)ethyl]oxan-2-yl]oxy-2-hydroxycyclohexyl]oxy-5-methyl-4-(methylamino)oxane-3,5-diol",W09IXVtDQF0xKFtDSDNdKVtDQEhdKFtOSF1bQ0gzXSlbQ0BASF0oW09IXSlbQ0BIXShPW0NIMl0xKU9bQ0BASF0yW0NASF0oW09IXSlbQ0BIXShbQ0BASF0oW05IMl0pW0NIMl1bQ0BIXTJbTkgyXSlPW0NASF0zT1tDQEBIXShbQ0BASF0oW0NIM10pW05IXVtDSDNdKVtDSDJdW0NIMl1bQ0BIXTNbTkgyXQ==,-2.3,43.095,0,-2.0,5,0.2114,https://www.benchchem.com/product/b1671437,-40.2739181518555,0.0003,-0.407525568617013,1439.196,0,-8.82,2,0,9012,,3467  1,,2,13,-60.7088928222656,11,8.875,1403-66-3,vsw_Gentamicin_Analog_3-LIGPREP-002-in.maegz,0.8294695,"1
5
255",445775547,-1.042,1,B1671437,-9.80250788150016,J2VwaWtfcHl0aG9uJywgJy1waCcsICc3LjAwMDAwMCcsICctcGh0JywgJzIuMDAwMDAwJywgJy1tcycsICcxNicsICctdG4nLCAnOCcsICctbWEnLCAnMjAwJywgJy1pbWFlJywgJzxpbmZpbGUubWFlPicsICctb21hZScsICc8b3V0ZmlsZS5tYWU+Jw==,2,33,-3.81,16,56135,9012-1,,-1,0.387096191036002,5,-2,39.856,glide-grid_Ab_minmz,33,0.307,0,24800,-9.62680788150016,182.925,"This compound contains an acetal/aminal-like group ( X-CH(R)-Y where X, Y are N, S, or O) that may be acid/base labile, releasing an aldehyde.",1,0,https://www.benchchem.com/,-139.188339791746,,0,18,240.007,2.0,0.0,374,0,-20.4349746704102,0.814,-7.922,-0.753967125291099,445775547,0.0,0.1757,110.437545,0.0756406,10,OPLS_2005,0.2117,5,11.0,18,2,1,3.223,"13  1  3
19  1  3
20  10  3
24  11  3
14  2  3
22  2  3
25  28  3
29  31  3
15  3  3
21  6  3
23  7  3
16  8  3
17  9  3",0,15.71,-1.32339690909091,33.079,-1.749,0.0723044987672535,477.6,1,445775547-1,-2.14095222790207,0.0,,902_sdstereoexpander_1_neutralizer_1_epik_1_stereoizer_1,0,0.0
,6.982,998,503.203,5,7.24052000045776,5854,0.304942915495211,-0.935706567642346,2,0.1757,0,16.95,0.0338706,13,12,-0.29172145095455,,1,,8,461,743.21,0.0,0,,-0.300812460475847,"Gentamicin
Gentamycin
1403-66-3
T6Z9V48IKG
Cidomycin
Genoptic S.O.P.
Gentamicina
Gentamycins
CHEBI:17833
Gentamicine
Gentamycin-creme
Gentamycinum
Lyramycin
Oksitselanim
Septigen
4,6-diamino-3-(3-deoxy-4-C-methyl-3-(methylamino)pentopyranosyloxy)-2-hydroxycyclohexyl 2-amino-2,3,4,6,7-pentadeoxy-6-(methylamino)heptopyranoside
Centicin
DTXSID5034642
EINECS 215-765-8
Garamicin
Gentamicina (INN-Spanish)
Gentamicine (INN-French)
Gentamicinum
Gentamicinum (INN-Latin)
Gentamicinum (Latin)
Gentamycin Complex
HSDB 3087
Refobacin TM
UNII-T6Z9V48IKG
Uromycine",W09IXVtDQF0xKFtDSDNdKVtDQEhdKFtOSF1bQ0gzXSlbQ0BASF0oW09IXSlbQ0BIXShPW0NIMl0xKU9bQ0BASF0yW0NASF0oW09IXSlbQ0BIXShbQ0BASF0oW05IMl0pW0NIMl1bQ0BIXTJbTkgyXSlPW0NASF0zT1tDQEBIXShbQ0BASF0oW0NIM10pW05IXVtDSDNdKVtDSDJdW0NIMl1bQ0BIXTNbTkgyXQ==,-2.3,43.095,,-2.0,5,0.2114,,-40.2739181518555,0.0003,-0.407525568617013,1439.196,0,-8.82,2,,9972,,3467  1,,2,,-60.7088928222656,11,8.875,1403-66-3,vsw_Gentamicin_Analog_3-LIGPREP-002-in.maegz,0.8294695,"1
5
255",481107194,-1.042,1,,-9.80250788150016,J2VwaWtfcHl0aG9uJywgJy1waCcsICc3LjAwMDAwMCcsICctcGh0JywgJzIuMDAwMDAwJywgJy1tcycsICcxNicsICctdG4nLCAnOCcsICctbWEnLCAnMjAwJywgJy1pbWFlJywgJzxpbmZpbGUubWFlPicsICctb21hZScsICc8b3V0ZmlsZS5tYWU+Jw==,2,33,-3.81,16,56135,9972-1,,,0.387096191036002,5,-2,39.856,glide-grid_Ab_minmz,,0.307,,26136,-9.62680788150016,182.925,"This compound contains an acetal/aminal-like group ( X-CH(R)-Y where X, Y are N, S, or O) that may be acid/base labile, releasing an aldehyde.",1,0,,-139.188339791746,,0,18,240.007,2.0,0.0,374,0,-20.4349746704102,0.814,-7.922,-0.753967125291099,481107194,0.0,0.1757,110.437545,0.0756406,10,OPLS_2005,0.2117,5,11.0,18,2,1,3.223,"13  1  3
19  1  3
20  10  3
24  11  3
14  2  3
22  2  3
25  28  3
29  31  3
15  3  3
21  6  3
23  7  3
16  8  3
17  9  3",,15.71,-1.32339690909091,33.079,-1.749,0.0723044987672535,477.6,1,481107194-1,-2.14095222790207,0.0,,998_sdstereoexpander_1_neutralizer_1_epik_1_stereoizer_1,0,0.0
,6.982,1497,503.199,5,7.24052000045776,G0383,0.304942915495211,-0.935706567642346,2,0.1757,0,16.95,0.0338708,13,12,-0.29172145095455,0,1,TCI (Tokyo Chemical Industry),8,51,743.205,0.0,0,2,-0.300812460475847,"1405-41-0
G0383
Gentamicin Sulfate",W09IXVtDQF0xKFtDSDNdKVtDQEhdKFtOSF1bQ0gzXSlbQ0BASF0oW09IXSlbQ0BIXShPW0NIMl0xKU9bQ0BASF0yW0NASF0oW09IXSlbQ0BIXShbQ0BASF0oW05IMl0pW0NIMl1bQ0BIXTJbTkgyXSlPW0NASF0zT1tDQEBIXShbQ0BASF0oW0NIM10pW05IXVtDSDNdKVtDSDJdW0NIMl1bQ0BIXTNbTkgyXQ==,-2.3,43.095,0,-2.0,5,0.2114,http://www.tcichemicals.com/eshop/en/us/commodity/G0383/index.html,-40.2739181518555,0.0003,-0.407525568617013,1439.191,0,-8.82,2,0,14962,,"44134730  1
1118  2
3467  2",,2,13,-60.7088928222656,11,8.875,1405-41-0,vsw_Gentamicin_Analog_3-LIGPREP-002-in.maegz,0.8294722,"1
5
255",160871021,-1.042,1,G0383,-9.80250788150016,J2VwaWtfcHl0aG9uJywgJy1waCcsICc3LjAwMDAwMCcsICctcGh0JywgJzIuMDAwMDAwJywgJy1tcycsICcxNicsICctdG4nLCAnOCcsICctbWEnLCAnMjAwJywgJy1pbWFlJywgJzxpbmZpbGUubWFlPicsICctb21hZScsICc8b3V0ZmlsZS5tYWU+Jw==,2,33,-3.81,16,56135,14962-1,,1,0.387096191036002,5,-2,39.856,glide-grid_Ab_minmz,38,0.307,0,,-9.62680788150016,182.925,"This compound contains an acetal/aminal-like group ( X-CH(R)-Y where X, Y are N, S, or O) that may be acid/base labile, releasing an aldehyde.",1,0,http://www.tcichemicals.com/en/us/,-139.188339791746,,0,18,240.007,2.0,0.0,374,0,-20.4349746704102,0.814,-7.922,-0.753967125291099,160871021,0.0,0.1757,110.437544,0.075641,10,OPLS_2005,0.2117,5,11.0,18,2,5,3.223,"21  13  3
22  14  3
25  15  3
29  16  3
18  2  3
24  2  3
19  3  3
27  3  3
30  33  3
34  36  3
20  4  3
26  7  3
28  8  3",0,15.709,-1.32339690909091,33.079,-1.749,0.0723053904409201,477.6,1,160871021-1,-2.14095222790207,0.0,,1497_sdstereoexpander_1_neutralizer_1_epik_1_stereoizer_1,0,0.0
,6.982,1617,503.203,5,7.24052000045776,ToxPlanet-Mjg4MzkyLTU1LTI1Njg0MjEzOA==,0.304942915495211,-0.935706567642346,2,0.1757,0,16.95,0.0338601,13,12,-0.29172145095455,0,1,15207,8,96,743.21,0.0,0,3,-0.300812460475847,"288392-55-2
Gentamicin sulfate and prednisolone acetate
Gentamicin sulfate mixture with prednisolone acetate
PRED G
Pred-G
Prednisolone acetate and gentamicin sulfate",W09IXVtDQF0xKFtDSDNdKVtDQEhdKFtOSF1bQ0gzXSlbQ0BASF0oW09IXSlbQ0BIXShPW0NIMl0xKU9bQ0BASF0yW0NASF0oW09IXSlbQ0BIXShbQ0BASF0oW05IMl0pW0NIMl1bQ0BIXTJbTkgyXSlPW0NASF0zT1tDQEBIXShbQ0BASF0oW0NIM10pW05IXVtDSDNdKVtDSDJdW0NIMl1bQ0BIXTNbTkgyXQ==,-2.3,43.114,7,-2.0,5,0.2114,https://search.toxplanet.com/CategorySearch.aspx?cas_no=288392-55-2,-40.2739181518555,0.0003,-0.407525568617013,1439.651,0,-8.82,2,0,16162,,"56842138  1
1118  2
3467  2
135233  2",,2,13,-60.7088928222656,11,8.875,288392-55-2,vsw_Gentamicin_Analog_3-LIGPREP-002-in.maegz,0.8296436,"1
5
255",319401752,-1.041,1,ToxPlanet-Mjg4MzkyLTU1LTI1Njg0MjEzOA==,-9.80250788150016,J2VwaWtfcHl0aG9uJywgJy1waCcsICc3LjAwMDAwMCcsICctcGh0JywgJzIuMDAwMDAwJywgJy1tcycsICcxNicsICctdG4nLCAnOCcsICctbWEnLCAnMjAwJywgJy1pbWFlJywgJzxpbmZpbGUubWFlPicsICctb21hZScsICc8b3V0ZmlsZS5tYWU+Jw==,2,33,-3.807,16,56135,16162-1,,9,0.387096191036002,5,-2,39.864,glide-grid_Ab_minmz,67,0.307,0,,-9.62680788150016,182.925,"This compound contains an acetal/aminal-like group ( X-CH(R)-Y where X, Y are N, S, or O) that may be acid/base labile, releasing an aldehyde.",1,0,https:/www/toxplanet.com,-139.188339791746,,0,18,240.007,2.0,0.0,374,0,-20.4349746704102,0.814,-7.919,-0.753967125291099,319401752,0.0,0.1757,110.437544,0.0756405,10,OPLS_2005,0.2117,5,11.0,18,2,1,3.223,"49  10  3
55  13  3
57  14  3
50  19  3
28  2  6
51  20  3
56  21  3
58  22  3
24  35  5
25  68  6
26  69  5
27  70  6
31  3  5
32  39  5
59  62  3
63  65  3
47  8  3
53  8  3
48  9  3
54  9  3",0,15.713,-1.32339690909091,33.079,-1.748,0.0723045454481957,477.6,1,319401752-1,-2.14095222790207,0.0,,1617_sdstereoexpander_1_neutralizer_1_epik_1_stereoizer_1,0,0.0
,6.982,1774,503.203,5,7.24052000045776,BCC1203,0.304942915495211,-0.935706567642346,2,0.1757,0,16.95,0.0338603,13,12,-0.29172145095455,0,1,22118,8,156,743.21,0.0,0,4,-0.300812460475847,"1405-41-0
Gentamycin Sulfate",W09IXVtDQF0xKFtDSDNdKVtDQEhdKFtOSF1bQ0gzXSlbQ0BASF0oW09IXSlbQ0BIXShPW0NIMl0xKU9bQ0BASF0yW0NASF0oW09IXSlbQ0BIXShbQ0BASF0oW05IMl0pW0NIMl1bQ0BIXTJbTkgyXSlPW0NASF0zT1tDQEBIXShbQ0BASF0oW0NIM10pW05IXVtDSDNdKVtDSDJdW0NIMl1bQ0BIXTNbTkgyXQ==,-2.3,43.114,0,-2.0,5,0.2114,http://www.biocrick.com/Gentamycin-Sulfate-BCC1203.html,-40.2739181518555,0.0003,-0.407525568617013,1439.651,0,-8.82,2,0,17732,,"44134731  1
1118  2
3467  2
582362  2
588785  2",,2,38,-60.7088928222656,11,8.875,1405-41-0,vsw_Gentamicin_Analog_3-LIGPREP-002-in.maegz,0.8296436,"1
5
255",382155643,-1.041,1,BCC1203,-9.80250788150016,J2VwaWtfcHl0aG9uJywgJy1waCcsICc3LjAwMDAwMCcsICctcGh0JywgJzIuMDAwMDAwJywgJy1tcycsICcxNicsICctdG4nLCAnOCcsICctbWEnLCAnMjAwJywgJy1pbWFlJywgJzxpbmZpbGUubWFlPicsICctb21hZScsICc8b3V0ZmlsZS5tYWU+Jw==,2,33,-3.807,16,56135,17732-1,,-1,0.387096191036002,5,-2,39.864,glide-grid_Ab_minmz,101,0.307,0,,-9.62680788150016,182.925,"This compound contains an acetal/aminal-like group ( X-CH(R)-Y where X, Y are N, S, or O) that may be acid/base labile, releasing an aldehyde.",1,0,https://www.biocrick.com/,-139.188339791746,,0,18,240.007,2.0,0.0,374,0,-20.4349746704102,0.814,-7.919,-0.753967125291099,382155643,0.0,0.1757,110.437544,0.0756405,10,OPLS_2005,0.2117,5,11.0,18,2,1,3.223,"55  13  3
63  17  3
66  18  3
69  19  3
42  2  3
60  2  3
70  20  3
72  21  3
74  22  3
47  27  3
48  28  3
50  29  3
44  3  3
61  3  3
51  30  3
57  31  3
58  32  3
64  33  3
67  34  3
71  35  3
73  36  3
75  37  3
82  38  3
43  4  3
62  4  3
94  40  3
46  5  3
68  5  3
52  6  3
65  6  3
54  7  3
76  7  3
77  81  3
45  8  3
83  86  3
88  96  3
89  95  3
49  9  3",0,15.713,-1.32339690909091,33.079,-1.748,0.0723045665832031,477.6,1,382155643-1,-2.14095222790207,0.0,,1774_sdstereoexpander_1_neutralizer_1_epik_1_stereoizer_1,0,0.0
,6.982,1853,503.204,5,7.24052000045776,sc-207711,0.304942915495211,-0.935706567642346,2,0.1757,0,16.95,0.0338712,13,12,-0.29172145095455,0,1,25659,8,186,743.211,0.0,0,6,-0.300812460475847,"25876-10-2
Gentamicin C1 Pentaacetate Salt
Gentamycin",W09IXVtDQF0xKFtDSDNdKVtDQEhdKFtOSF1bQ0gzXSlbQ0BASF0oW09IXSlbQ0BIXShPW0NIMl0xKU9bQ0BASF0yW0NASF0oW09IXSlbQ0BIXShbQ0BASF0oW05IMl0pW0NIMl1bQ0BIXTJbTkgyXSlPW0NASF0zT1tDQEBIXShbQ0BASF0oW0NIM10pW05IXVtDSDNdKVtDSDJdW0NIMl1bQ0BIXTNbTkgyXQ==,-2.3,43.095,0,-2.0,5,0.2114,https://www.scbt.com/p/gentamicin-c1-pentaacetate-salt-25876-10-2,-40.2739181518555,0.0003,-0.407525568617013,1439.196,0,-8.82,2,0,18522,,"57369621  1
176  2
3467  2",,2,13,-60.7088928222656,11,8.875,25876-10-2,vsw_Gentamicin_Analog_3-LIGPREP-002-in.maegz,0.8294683,"1
5
255",472958024,-1.042,1,sc-207711,-9.80250788150016,J2VwaWtfcHl0aG9uJywgJy1waCcsICc3LjAwMDAwMCcsICctcGh0JywgJzIuMDAwMDAwJywgJy1tcycsICcxNicsICctdG4nLCAnOCcsICctbWEnLCAnMjAwJywgJy1pbWFlJywgJzxpbmZpbGUubWFlPicsICctb21hZScsICc8b3V0ZmlsZS5tYWU+Jw==,2,33,-3.81,16,56135,18522-1,"Gentamicin C1 Pentaacetate Salt is an antibiotic complex consisting of closely related components Gentamicins C1, C2, C1a, and also Gentamicin A, which differs from the other members of the complex but is similar to Kanamycin C. Gentamicin C1 Pentaacetate Salt is Antibacterial. Gentamicin C1 Pentaacetate Salt is also known as , and O-2-Amino-2,3,4,6,7-pentadeoxy-6-(methylamino)-a-D-ribo-heptopyranosyl-(14)-O-[3-deoxy-4-C-methyl-3-(methylamino)-b-L-arabinopyranosyl-(16)]-2-deoxy-D-streptamine pentaacetate salt.",-1,0.387096191036002,5,-2,39.856,glide-grid_Ab_minmz,53,0.307,-5,,-9.62680788150016,182.925,"This compound contains an acetal/aminal-like group ( X-CH(R)-Y where X, Y are N, S, or O) that may be acid/base labile, releasing an aldehyde.",1,0,https://www.scbt.com/,-139.188339791746,,0,18,240.007,2.0,0.0,374,0,-20.4349746704102,0.814,-7.922,-0.753967125291099,472958024,0.0,0.1757,110.437544,0.0756404,10,OPLS_2005,0.2117,5,11.0,18,2,1,3.223,"23  1  3
29  1  3
26  18  3
27  19  3
24  2  3
30  2  3
31  20  3
34  21  3
25  3  3
35  38  3
39  41  3
32  6  3
33  7  3",0,15.71,-1.32339690909091,33.079,-1.749,0.0723048146141375,477.6,1,472958024-1,-2.14095222790207,0.0,,1853_sdstereoexpander_1_neutralizer_1_epik_1_stereoizer_1,0,0.0
,6.982,1869,503.203,5,7.24052000045776,sc-361877,0.304942915495211,-0.935706567642346,2,0.1757,0,16.95,0.0338708,13,12,-0.29172145095455,0,1,25659,8,201,743.21,0.0,0,2,-0.300812460475847,"1405-41-0
Gentamicin sulfate, 100X solution
Gentimicin Sulfate solution
Garamycin solution",W09IXVtDQF0xKFtDSDNdKVtDQEhdKFtOSF1bQ0gzXSlbQ0BASF0oW09IXSlbQ0BIXShPW0NIMl0xKU9bQ0BASF0yW0NASF0oW09IXSlbQ0BIXShbQ0BASF0oW05IMl0pW0NIMl1bQ0BIXTJbTkgyXSlPW0NASF0zT1tDQEBIXShbQ0BASF0oW0NIM10pW05IXVtDSDNdKVtDSDJdW0NIMl1bQ0BIXTNbTkgyXQ==,-2.3,43.095,0,-2.0,5,0.2114,https://www.scbt.com/p/gentamicin-sulfate-100x-solution-1405-41-0,-40.2739181518555,0.0003,-0.407525568617013,1439.196,0,-8.82,2,0,18682,,"44134730  1
1118  2
3467  2",,2,13,-60.7088928222656,11,8.875,1405-41-0,vsw_Gentamicin_Analog_3-LIGPREP-002-in.maegz,0.8294692,"1
5
255",473052862,-1.042,1,sc-361877,-9.80250788150016,J2VwaWtfcHl0aG9uJywgJy1waCcsICc3LjAwMDAwMCcsICctcGh0JywgJzIuMDAwMDAwJywgJy1tcycsICcxNicsICctdG4nLCAnOCcsICctbWEnLCAnMjAwJywgJy1pbWFlJywgJzxpbmZpbGUubWFlPicsICctb21hZScsICc8b3V0ZmlsZS5tYWU+Jw==,2,33,-3.81,16,56135,18682-1,"Gentamicin sulfate, 100X solution, is an aminoglycoside antibiotic which acts by inhibiting protein synthesis in susceptible bacteria. It is active against many strains of Gram-negative bacteria, Pseudomonas aeruginosa, the Gram-positive Staphyloccus aeruginosa as well as some strains of Mycobacterium tuberculosis and mycoplasmas.",-1,0.387096191036002,5,-2,39.856,glide-grid_Ab_minmz,38,0.307,0,,-9.62680788150016,182.925,"This compound contains an acetal/aminal-like group ( X-CH(R)-Y where X, Y are N, S, or O) that may be acid/base labile, releasing an aldehyde.",1,0,https://www.scbt.com/,-139.188339791746,,0,18,240.007,2.0,0.0,374,0,-20.4349746704102,0.814,-7.922,-0.753967125291099,473052862,0.0,0.1757,110.437544,0.0756405,10,OPLS_2005,0.2117,5,11.0,18,2,1,3.223,"21  13  3
22  14  3
25  15  3
29  16  3
18  2  3
24  2  3
28  35  3
19  3  3
27  3  3
30  33  3
34  36  3
20  4  3
26  7  3",0,15.71,-1.32339690909091,33.079,-1.749,0.072304527733322,477.6,1,473052862-1,-2.14095222790207,0.0,,1869_sdstereoexpander_1_neutralizer_1_epik_1_stereoizer_1,0,0.0
,6.982,1885,503.203,5,7.24052000045776,sc-29066,0.304942915495211,-0.935706567642346,2,0.1757,0,16.95,0.0338708,13,12,-0.29172145095455,0,1,,8,216,743.21,0.0,0,2,-0.300812460475847,"1405-41-0
Gentamicin Sulfate, 500X Solution",W09IXVtDQF0xKFtDSDNdKVtDQEhdKFtOSF1bQ0gzXSlbQ0BASF0oW09IXSlbQ0BIXShPW0NIMl0xKU9bQ0BASF0yW0NASF0oW09IXSlbQ0BIXShbQ0BASF0oW05IMl0pW0NIMl1bQ0BIXTJbTkgyXSlPW0NASF0zT1tDQEBIXShbQ0BASF0oW0NIM10pW05IXVtDSDNdKVtDSDJdW0NIMl1bQ0BIXTNbTkgyXQ==,-2.3,43.095,0,-2.0,5,0.2114,https://www.scbt.com/p/gentamicin-sulfate-500x-solution-1405-41-0,-40.2739181518555,0.0003,-0.407525568617013,1439.196,0,-8.82,2,0,18842,,"44134730  1
1118  2
3467  2",,2,13,-60.7088928222656,11,8.875,1405-41-0,vsw_Gentamicin_Analog_3-LIGPREP-002-in.maegz,0.8294692,"1
5
255",473118659,-1.042,1,sc-29066,-9.80250788150016,J2VwaWtfcHl0aG9uJywgJy1waCcsICc3LjAwMDAwMCcsICctcGh0JywgJzIuMDAwMDAwJywgJy1tcycsICcxNicsICctdG4nLCAnOCcsICctbWEnLCAnMjAwJywgJy1pbWFlJywgJzxpbmZpbGUubWFlPicsICctb21hZScsICc8b3V0ZmlsZS5tYWU+Jw==,2,33,-3.81,16,56135,18842-1,"Gentamicin Sulfate, 500X Solution is an aminoglycoside antibiotic which acts by both inhibiting protein synthesis in susceptible bacteria and binding to the surface of gram-negative bacterial cells. The cell binding activity is believed to disrupt the packing of lipopolysacchardes of the outer membrane leading to hole formation and cell lysis. Gentamicin Sulfate, 500X Solution is active against many strains of gram-negative bacteria, Pseudomonas aeruginosa, the gram-positive Staphylococcus aeruginosa as well as some strains of Mycobacterium tuberculosis. Activity: >600 I.U./mg Recommended working concentration: 100 mu g/ml 500X",-1,0.387096191036002,5,-2,39.856,glide-grid_Ab_minmz,38,0.307,0,25659,-9.62680788150016,182.925,"This compound contains an acetal/aminal-like group ( X-CH(R)-Y where X, Y are N, S, or O) that may be acid/base labile, releasing an aldehyde.",1,0,https://www.scbt.com/,-139.188339791746,,0,18,240.007,2.0,0.0,374,0,-20.4349746704102,0.814,-7.922,-0.753967125291099,473118659,0.0,0.1757,110.437544,0.0756405,10,OPLS_2005,0.2117,5,11.0,18,2,1,3.223,"21  13  3
22  14  3
25  15  3
29  16  3
18  2  3
24  2  3
28  35  3
19  3  3
27  3  3
30  33  3
34  36  3
20  4  3
26  7  3",0,15.71,-1.32339690909091,33.079,-1.749,0.072304527733322,477.6,1,473118659-1,-2.14095222790207,0.0,,1885_sdstereoexpander_1_neutralizer_1_epik_1_stereoizer_1,0,0.0
,6.982,1901,503.204,5,7.24052000045776,2023-05-7C01076,0.304942915495211,-0.935706567642346,2,0.1757,0,16.95,0.0338605,13,12,-0.29172145095455,0,1,,8,231,743.211,0.0,0,3,-0.300812460475847,"PRED-G
PRED G
Prednisolone acetate and gentamicin sulfate
Gentamicin sulfate and prednisolone acetate
Gentamicin sulfate mixture with prednisolone acetate
288392-55-2
Pregna-1,4-diene-3,20-dione, 21-(acetyloxy)-11,17-dihydroxy-, (11beta)-, mixt. with gentamicin sulfate (salt)",W09IXVtDQF0xKFtDSDNdKVtDQEhdKFtOSF1bQ0gzXSlbQ0BASF0oW09IXSlbQ0BIXShPW0NIMl0xKU9bQ0BASF0yW0NASF0oW09IXSlbQ0BIXShbQ0BASF0oW05IMl0pW0NIMl1bQ0BIXTJbTkgyXSlPW0NASF0zT1tDQEBIXShbQ0BASF0oW0NIM10pW05IXVtDSDNdKVtDSDJdW0NIMl1bQ0BIXTNbTkgyXQ==,-2.3,43.114,7,-2.0,5,0.2114,,-40.2739181518555,0.0003,-0.407525568617013,1439.651,0,-8.82,2,0,19002,,"56842138  1
1118  2
3467  2
135233  2",,2,13,-60.7088928222656,11,8.875,288392-55-2,vsw_Gentamicin_Analog_3-LIGPREP-002-in.maegz,0.8296428,"1
5
255",480484847,-1.041,1,2023-05-7C01076,-9.80250788150016,J2VwaWtfcHl0aG9uJywgJy1waCcsICc3LjAwMDAwMCcsICctcGh0JywgJzIuMDAwMDAwJywgJy1tcycsICcxNicsICctdG4nLCAnOCcsICctbWEnLCAnMjAwJywgJy1pbWFlJywgJzxpbmZpbGUubWFlPicsICctb21hZScsICc8b3V0ZmlsZS5tYWU+Jw==,2,33,-3.807,16,56135,19002-1,,-1,0.387096191036002,5,-2,39.864,glide-grid_Ab_minmz,67,0.307,0,25425,-9.62680788150016,182.925,"This compound contains an acetal/aminal-like group ( X-CH(R)-Y where X, Y are N, S, or O) that may be acid/base labile, releasing an aldehyde.",1,0,https://www.starshinechemical.com,-139.188339791746,,0,18,240.007,2.0,0.0,374,0,-20.4349746704102,0.814,-7.919,-0.753967125291099,480484847,0.0,0.1757,110.437544,0.0756404,10,OPLS_2005,0.2117,5,11.0,18,2,1,3.223,"49  10  3
55  13  3
57  14  3
50  19  3
28  2  6
51  20  3
56  21  3
58  22  3
24  35  5
25  68  6
26  69  5
27  70  6
31  3  5
32  39  5
59  62  3
63  65  3
47  8  3
53  8  3
48  9  3
54  9  3",0,15.713,-1.32339690909091,33.079,-1.748,0.0723048013782036,477.6,1,480484847-1,-2.14095222790207,0.0,,1901_sdstereoexpander_1_neutralizer_1_epik_1_stereoizer_1,0,0.0
,6.982,1965,503.203,5,7.24052000045776,evt-7938846,0.304942915495211,-0.935706567642346,2,0.1757,0,16.95,0.0338708,13,12,-0.29172145095455,0,1,,8,246,743.21,0.0,0,2,-0.300812460475847,"Garamycin solution
2-[4,6-diamino-3-[3-amino-6-[1-(methylamino)ethyl]oxan-2-yl]oxy-2-hydroxycyclohexyl]oxy-5-methyl-4-(methylamino)oxane-3,5-diol;sulfuric acid",W09IXVtDQF0xKFtDSDNdKVtDQEhdKFtOSF1bQ0gzXSlbQ0BASF0oW09IXSlbQ0BIXShPW0NIMl0xKU9bQ0BASF0yW0NASF0oW09IXSlbQ0BIXShbQ0BASF0oW05IMl0pW0NIMl1bQ0BIXTJbTkgyXSlPW0NASF0zT1tDQEBIXShbQ0BASF0oW0NIM10pW05IXVtDSDNdKVtDSDJdW0NIMl1bQ0BIXTNbTkgyXQ==,-2.3,43.095,0,-2.0,5,0.2114,https://www.evitachem.com/product/evt-7938846,-40.2739181518555,0.0003,-0.407525568617013,1439.196,0,-8.82,2,0,19642,,"44134730  1
1118  2
3467  2",,2,13,-60.7088928222656,11,8.875,,vsw_Gentamicin_Analog_3-LIGPREP-002-in.maegz,0.8294692,"1
5
255",485553491,-1.042,1,evt-7938846,-9.80250788150016,J2VwaWtfcHl0aG9uJywgJy1waCcsICc3LjAwMDAwMCcsICctcGh0JywgJzIuMDAwMDAwJywgJy1tcycsICcxNicsICctdG4nLCAnOCcsICctbWEnLCAnMjAwJywgJy1pbWFlJywgJzxpbmZpbGUubWFlPicsICctb21hZScsICc8b3V0ZmlsZS5tYWU+Jw==,2,33,-3.81,16,56135,19642-1,,-1,0.387096191036002,5,-2,39.856,glide-grid_Ab_minmz,38,0.307,0,26566,-9.62680788150016,182.925,"This compound contains an acetal/aminal-like group ( X-CH(R)-Y where X, Y are N, S, or O) that may be acid/base labile, releasing an aldehyde.",1,0,https://www.evitachem.com,-139.188339791746,,0,18,240.007,2.0,0.0,374,0,-20.4349746704102,0.814,-7.922,-0.753967125291099,485553491,0.0,0.1757,110.437544,0.0756405,10,OPLS_2005,0.2117,5,11.0,18,2,2,3.223,"21  13  3
22  14  3
25  15  3
29  16  3
18  2  3
24  2  3
19  3  3
27  3  3
30  33  3
34  36  3
20  4  3
26  7  3
28  8  3",0,15.71,-1.32339690909091,33.079,-1.749,0.072304527733322,477.6,1,485553491-1,-2.14095222790207,0.0,,1965_sdstereoexpander_1_neutralizer_1_epik_1_stereoizer_1,0,0.0
,6.982,1387,503.204,5,7.24052000045776,AC1L9W4Q,0.304942915495211,-0.935706567642346,2,0.1757,0,16.95,0.0338712,13,12,-0.29172145095455,,1,708,8,351,743.211,0.0,0,,-0.300812460475847,"2-[4,6-diamino-3-[3-amino-6-[1-(methylamino)ethyl]oxan-2-yl]oxy-2-hydroxycyclohexyl]oxy-5-methyl-4-(methylamino)oxane-3,5-diol; (2S)-2-[2-[[(2S)-1-hydroxybutan-2-yl]amino]ethylamino]butan-1-ol
AC1L9W4Q",W09IXVtDQF0xKFtDSDNdKVtDQEhdKFtOSF1bQ0gzXSlbQ0BASF0oW09IXSlbQ0BIXShPW0NIMl0xKU9bQ0BASF0yW0NASF0oW09IXSlbQ0BIXShbQ0BASF0oW05IMl0pW0NIMl1bQ0BIXTJbTkgyXSlPW0NASF0zT1tDQEBIXShbQ0BASF0oW0NIM10pW05IXVtDSDNdKVtDSDJdW0NIMl1bQ0BIXTNbTkgyXQ==,-2.3,43.095,,-2.0,5,0.2114,,-40.2739181518555,0.0003,-0.407525568617013,1439.197,0,-8.82,2,,13863,,"457186  1
3467  2
14052  2",,2,,-60.7088928222656,11,8.875,,vsw_Gentamicin_Analog_3-LIGPREP-003-in.maegz,0.8294681,"1
3",109721118,-1.042,1,AC1L9W4Q,-9.80250788150016,J2VwaWtfcHl0aG9uJywgJy1waCcsICc3LjAwMDAwMCcsICctcGh0JywgJzIuMDAwMDAwJywgJy1tcycsICcxNicsICctdG4nLCAnOCcsICctbWEnLCAnMjAwJywgJy1pbWFlJywgJzxpbmZpbGUubWFlPicsICctb21hZScsICc8b3V0ZmlsZS5tYWU+Jw==,2,33,-3.81,16,56135,13863-1,"2-[4,6-bis(azanyl)-3-[3-azanyl-6-[1-(methylamino)ethyl]oxan-2-yl]oxy-2-oxidanyl-cyclohexyl]oxy-5-methyl-4-(methylamino)oxane-3,5-diol; (2S)-2-[2-[[(2S)-1-oxidanylbutan-2-yl]amino]ethylamino]butan-1-ol",,0.387096191036002,5,-2,39.856,glide-grid_Ab_minmz,,0.307,0,,-9.62680788150016,182.925,"This compound contains an acetal/aminal-like group ( X-CH(R)-Y where X, Y are N, S, or O) that may be acid/base labile, releasing an aldehyde.",1,0,http://www.abichem.com,-139.188339791746,,0,18,240.007,2.0,0.0,374,0,-20.4349746704102,0.814,-7.922,-0.753967125291099,109721118,0.0,0.1757,110.437544,0.0756404,10,OPLS_2005,0.2117,5,11.0,18,2,1,3.223,"38  15  5
39  16  5",,15.71,-1.32339690909091,33.079,-1.749,0.0723048050909041,477.6,1,109721118-1,-2.14095222790207,0.0,,1387_sdstereoexpander_1_neutralizer_1_epik_1_stereoizer_1,0,0.0
,6.982,1403,503.203,5,7.24052000045776,AC1L9W4T,0.304942915495211,-0.935706567642346,2,0.1757,0,16.95,0.0338605,13,12,-0.29172145095455,,1,708,8,366,743.21,0.0,0,,-0.300812460475847,"AC1L9W4T
N,5-bis(4-chlorophenyl)-3-propan-2-yliminophenazin-2-amine; 2-[4,6-diamino-3-[3-amino-6-[1-(methylamino)ethyl]oxan-2-yl]oxy-2-hydroxycyclohexyl]oxy-5-methyl-4-(methylamino)oxane-3,5-diol",W09IXVtDQF0xKFtDSDNdKVtDQEhdKFtOSF1bQ0gzXSlbQ0BASF0oW09IXSlbQ0BIXShPW0NIMl0xKU9bQ0BASF0yW0NASF0oW09IXSlbQ0BIXShbQ0BASF0oW05IMl0pW0NIMl1bQ0BIXTJbTkgyXSlPW0NASF0zT1tDQEBIXShbQ0BASF0oW0NIM10pW05IXVtDSDNdKVtDSDJdW0NIMl1bQ0BIXTNbTkgyXQ==,-2.3,43.114,,-2.0,5,0.2114,,-40.2739181518555,0.0003,-0.407525568617013,1439.651,0,-8.82,2,,14023,,"457188  1
2794  2
3467  2",,2,,-60.7088928222656,11,8.875,,vsw_Gentamicin_Analog_3-LIGPREP-003-in.maegz,0.8296433,"1
3",109721121,-1.041,1,AC1L9W4T,-9.80250788150016,J2VwaWtfcHl0aG9uJywgJy1waCcsICc3LjAwMDAwMCcsICctcGh0JywgJzIuMDAwMDAwJywgJy1tcycsICcxNicsICctdG4nLCAnOCcsICctbWEnLCAnMjAwJywgJy1pbWFlJywgJzxpbmZpbGUubWFlPicsICctb21hZScsICc8b3V0ZmlsZS5tYWU+Jw==,2,33,-3.807,16,56135,14023-1,"2-[4,6-bis(azanyl)-3-[3-azanyl-6-[1-(methylamino)ethyl]oxan-2-yl]oxy-2-oxidanyl-cyclohexyl]oxy-5-methyl-4-(methylamino)oxane-3,5-diol; N,5-bis(4-chlorophenyl)-3-propan-2-ylimino-phenazin-2-amine",,0.387096191036002,5,-2,39.864,glide-grid_Ab_minmz,,0.307,0,,-9.62680788150016,182.925,"This compound contains an acetal/aminal-like group ( X-CH(R)-Y where X, Y are N, S, or O) that may be acid/base labile, releasing an aldehyde.",1,0,http://www.abichem.com,-139.188339791746,,0,18,240.007,2.0,0.0,374,0,-20.4349746704102,0.814,-7.919,-0.753967125291099,109721121,0.0,0.1757,110.437544,0.0756405,10,OPLS_2005,0.2117,5,11.0,18,2,1,3.223,,,15.713,-1.32339690909091,33.079,-1.748,0.0723045677660565,477.6,1,109721121-1,-2.14095222790207,0.0,,1403_sdstereoexpander_1_neutralizer_1_epik_1_stereoizer_1,0,0.0
2011-04-25,6.982,1419,503.203,5,7.24052000045776,44134730,0.304942915495211,-0.935706567642346,2,0.1757,0,16.95,0.033871,13,12,-0.29172145095455,,1,DiscoveryGate,8,381,743.21,0.0,0,,-0.300812460475847,,W09IXVtDQF0xKFtDSDNdKVtDQEhdKFtOSF1bQ0gzXSlbQ0BASF0oW09IXSlbQ0BIXShPW0NIMl0xKU9bQ0BASF0yW0NASF0oW09IXSlbQ0BIXShbQ0BASF0oW05IMl0pW0NIMl1bQ0BIXTJbTkgyXSlPW0NASF0zT1tDQEBIXShbQ0BASF0oW0NIM10pW05IXVtDSDNdKVtDSDJdW0NIMl1bQ0BIXTNbTkgyXQ==,-2.3,43.095,,-2.0,5,0.2114,https://www.discoverygate.com/interlink/search?KeyName=EXTREG&KeyValue=44134730&Database=INDEX&Source=PUBCHEM,-40.2739181518555,0.0003,-0.407525568617013,1439.196,0,-8.82,2,,14183,,"44134730  1
1118  2
3467  2",,2,,-60.7088928222656,11,8.875,,vsw_Gentamicin_Analog_3-LIGPREP-003-in.maegz,0.8294694,"1
3",120085546,-1.042,1,44134730,-9.80250788150016,J2VwaWtfcHl0aG9uJywgJy1waCcsICc3LjAwMDAwMCcsICctcGh0JywgJzIuMDAwMDAwJywgJy1tcycsICcxNicsICctdG4nLCAnOCcsICctbWEnLCAnMjAwJywgJy1pbWFlJywgJzxpbmZpbGUubWFlPicsICctb21hZScsICc8b3V0ZmlsZS5tYWU+Jw==,2,33,-3.81,16,56135,14183-1,,,0.387096191036002,5,-2,39.856,glide-grid_Ab_minmz,,0.307,0,,-9.62680788150016,182.925,"This compound contains an acetal/aminal-like group ( X-CH(R)-Y where X, Y are N, S, or O) that may be acid/base labile, releasing an aldehyde.",1,0,https://www.discoverygate.com,-139.188339791746,,0,18,240.007,2.0,0.0,374,0,-20.4349746704102,0.814,-7.922,-0.753967125291099,120085546,0.0,0.1757,110.437545,0.0756406,10,OPLS_2005,0.2117,5,11.0,18,2,1,3.223,,,15.71,-1.32339690909091,33.079,-1.749,0.0723046067769633,477.6,1,120085546-1,-2.14095222790207,0.0,,1419_sdstereoexpander_1_neutralizer_1_epik_1_stereoizer_1,0,0.0
,6.982,9,503.203,5,7.24052000045776,3966765,0.304942915495211,-0.935706567642346,2,0.1757,0,16.95,0.0338706,13,12,-0.29172145095455,,1,ChemDB,8,96,743.21,0.0,0,,-0.300812460475847,,W09IXVtDQF0xKFtDSDNdKVtDQEhdKFtOSF1bQ0gzXSlbQ0BASF0oW09IXSlbQ0BIXShPW0NIMl0xKU9bQ0BASF0yW0NASF0oW09IXSlbQ0BIXShbQ0BASF0oW05IMl0pW0NIMl1bQ0BIXTJbTkgyXSlPW0NASF0zT1tDQEBIXShbQ0BASF0oW0NIM10pW05IXVtDSDNdKVtDSDJdW0NIMl1bQ0BIXTNbTkgyXQ==,-2.3,43.095,,-2.0,5,0.2114,http://cdb.ics.uci.edu/CHEMDB/Web/cgibin/ChemicalDetailWeb.py?chemical_id=3966765,-40.2739181518555,0.0003,-0.407525568617013,1439.196,0,-8.82,2,,84,,3467  1,,2,,-60.7088928222656,11,8.875,,vsw_Gentamicin_Analog_3-LIGPREP-004-in.maegz,0.8294694,,4652583,-1.042,1,3966765,-9.80250788150016,J2VwaWtfcHl0aG9uJywgJy1waCcsICc3LjAwMDAwMCcsICctcGh0JywgJzIuMDAwMDAwJywgJy1tcycsICcxNicsICctdG4nLCAnOCcsICctbWEnLCAnMjAwJywgJy1pbWFlJywgJzxpbmZpbGUubWFlPicsICctb21hZScsICc8b3V0ZmlsZS5tYWU+Jw==,2,33,-3.81,16,56135,84-1,,,0.387096191036002,5,-2,39.856,glide-grid_Ab_minmz,,0.307,0,,-9.62680788150016,182.925,"This compound contains an acetal/aminal-like group ( X-CH(R)-Y where X, Y are N, S, or O) that may be acid/base labile, releasing an aldehyde.",1,0,http://cdb.ics.uci.edu,-139.188339791746,,0,18,240.007,2.0,0.0,374,0,-20.4349746704102,0.814,-7.922,-0.753967125291099,4652583,0.0,0.1757,110.437545,0.0756405,10,OPLS_2005,0.2117,5,11.0,18,2,1,3.223,,,15.71,-1.32339690909091,33.079,-1.749,0.0723045618738178,477.6,1,4652583-1,-2.14095222790207,0.0,,9_sdstereoexpander_1_neutralizer_1_epik_1_stereoizer_1,0,0.0
,6.982,25,503.203,5,7.24052000045776,3467,0.304942915495211,-0.935706567642346,2,0.1757,0,16.95,0.0338706,13,12,-0.29172145095455,,1,DiscoveryGate,8,111,743.21,0.0,0,,-0.300812460475847,,W09IXVtDQF0xKFtDSDNdKVtDQEhdKFtOSF1bQ0gzXSlbQ0BASF0oW09IXSlbQ0BIXShPW0NIMl0xKU9bQ0BASF0yW0NASF0oW09IXSlbQ0BIXShbQ0BASF0oW05IMl0pW0NIMl1bQ0BIXTJbTkgyXSlPW0NASF0zT1tDQEBIXShbQ0BASF0oW0NIM10pW05IXVtDSDNdKVtDSDJdW0NIMl1bQ0BIXTNbTkgyXQ==,-2.3,43.095,,-2.0,5,0.2114,https://www.discoverygate.com/interlink/search?KeyName=EXTREG&KeyValue=3467&Database=INDEX&Source=PUBCHEM,-40.2739181518555,0.0003,-0.407525568617013,1439.196,0,-8.82,2,,244,,3467  1,,2,,-60.7088928222656,11,8.875,,vsw_Gentamicin_Analog_3-LIGPREP-004-in.maegz,0.8294694,"1
3",8152203,-1.042,1,3467,-9.80250788150016,J2VwaWtfcHl0aG9uJywgJy1waCcsICc3LjAwMDAwMCcsICctcGh0JywgJzIuMDAwMDAwJywgJy1tcycsICcxNicsICctdG4nLCAnOCcsICctbWEnLCAnMjAwJywgJy1pbWFlJywgJzxpbmZpbGUubWFlPicsICctb21hZScsICc8b3V0ZmlsZS5tYWU+Jw==,2,33,-3.81,16,56135,244-1,,,0.387096191036002,5,-2,39.856,glide-grid_Ab_minmz,,0.307,0,,-9.62680788150016,182.925,"This compound contains an acetal/aminal-like group ( X-CH(R)-Y where X, Y are N, S, or O) that may be acid/base labile, releasing an aldehyde.",1,0,https://www.discoverygate.com,-139.188339791746,,0,18,240.007,2.0,0.0,374,0,-20.4349746704102,0.814,-7.922,-0.753967125291099,8152203,0.0,0.1757,110.437545,0.0756405,10,OPLS_2005,0.2117,5,11.0,18,2,4,3.223,,,15.71,-1.32339690909091,33.079,-1.749,0.0723045618738178,477.6,1,8152203-1,-2.14095222790207,0.0,,25_sdstereoexpander_1_neutralizer_1_epik_1_stereoizer_1,0,0.0
,6.982,41,503.203,5,7.24052000045776,3348,0.304942915495211,-0.935706567642346,2,0.1757,0,16.95,0.0338705,13,12,-0.29172145095455,,1,ChemSpider,8,126,743.21,0.0,0,,-0.300812460475847,,W09IXVtDQF0xKFtDSDNdKVtDQEhdKFtOSF1bQ0gzXSlbQ0BASF0oW09IXSlbQ0BIXShPW0NIMl0xKU9bQ0BASF0yW0NASF0oW09IXSlbQ0BIXShbQ0BASF0oW05IMl0pW0NIMl1bQ0BIXTJbTkgyXSlPW0NASF0zT1tDQEBIXShbQ0BASF0oW0NIM10pW05IXVtDSDNdKVtDSDJdW0NIMl1bQ0BIXTNbTkgyXQ==,-2.3,43.095,,-2.0,5,0.2114,http://www.chemspider.com/Chemical-Structure.3348.html,-40.2739181518555,0.0003,-0.407525568617013,1439.196,0,-8.82,2,,404,,3467  1,,2,,-60.7088928222656,11,8.875,,vsw_Gentamicin_Analog_3-LIGPREP-004-in.maegz,0.8294695,"1
3",29222600,-1.042,1,3348,-9.80250788150016,J2VwaWtfcHl0aG9uJywgJy1waCcsICc3LjAwMDAwMCcsICctcGh0JywgJzIuMDAwMDAwJywgJy1tcycsICcxNicsICctdG4nLCAnOCcsICctbWEnLCAnMjAwJywgJy1pbWFlJywgJzxpbmZpbGUubWFlPicsICctb21hZScsICc8b3V0ZmlsZS5tYWU+Jw==,2,33,-3.81,16,56135,404-1,,,0.387096191036002,5,-2,39.856,glide-grid_Ab_minmz,,0.307,0,,-9.62680788150016,182.925,"This compound contains an acetal/aminal-like group ( X-CH(R)-Y where X, Y are N, S, or O) that may be acid/base labile, releasing an aldehyde.",1,0,http://www.chemspider.com,-139.188339791746,,0,18,240.007,2.0,0.0,374,0,-20.4349746704102,0.814,-7.922,-0.753967125291099,29222600,0.0,0.1757,110.437545,0.0756406,10,OPLS_2005,0.2117,5,11.0,18,2,1,3.223,"13  1  3
19  1  3
20  10  3
24  11  3
14  2  3
22  2  3
29  31  3
15  3  3
25  5  3
21  6  3
23  7  3
16  8  3
17  9  3",,15.71,-1.32339690909091,33.079,-1.749,0.0723045382834229,477.6,1,29222600-1,-2.14095222790207,0.0,,41_sdstereoexpander_1_neutralizer_1_epik_1_stereoizer_1,0,0.0
,6.982,89,503.203,5,7.24052000045776,3467,0.304942915495211,-0.935706567642346,2,0.1757,0,16.95,0.0338706,13,12,-0.29172145095455,,1,NovoSeek,8,156,743.21,0.0,0,,-0.300812460475847,,W09IXVtDQF0xKFtDSDNdKVtDQEhdKFtOSF1bQ0gzXSlbQ0BASF0oW09IXSlbQ0BIXShPW0NIMl0xKU9bQ0BASF0yW0NASF0oW09IXSlbQ0BIXShbQ0BASF0oW05IMl0pW0NIMl1bQ0BIXTJbTkgyXSlPW0NASF0zT1tDQEBIXShbQ0BASF0oW0NIM10pW05IXVtDSDNdKVtDSDJdW0NIMl1bQ0BIXTNbTkgyXQ==,-2.3,43.095,,-2.0,5,0.2114,http://www.novoseek.com/AccessPoint.action?corpus=MEDLINE&externalDBId=cid%3d3467&DBName=pubchem&actionName=search&bioType=drug,-40.2739181518555,0.0003,-0.407525568617013,1439.196,0,-8.82,2,,884,,3467  1,,2,,-60.7088928222656,11,8.875,,vsw_Gentamicin_Analog_3-LIGPREP-004-in.maegz,0.8294694,"1
3",57321817,-1.042,1,3467,-9.80250788150016,J2VwaWtfcHl0aG9uJywgJy1waCcsICc3LjAwMDAwMCcsICctcGh0JywgJzIuMDAwMDAwJywgJy1tcycsICcxNicsICctdG4nLCAnOCcsICctbWEnLCAnMjAwJywgJy1pbWFlJywgJzxpbmZpbGUubWFlPicsICctb21hZScsICc8b3V0ZmlsZS5tYWU+Jw==,2,33,-3.81,16,56135,884-1,,,0.387096191036002,5,-2,39.856,glide-grid_Ab_minmz,,0.307,0,,-9.62680788150016,182.925,"This compound contains an acetal/aminal-like group ( X-CH(R)-Y where X, Y are N, S, or O) that may be acid/base labile, releasing an aldehyde.",1,0,http://www.novoseek.com,-139.188339791746,,0,18,240.007,2.0,0.0,374,0,-20.4349746704102,0.814,-7.922,-0.753967125291099,57321817,0.0,0.1757,110.437545,0.0756405,10,OPLS_2005,0.2117,5,11.0,18,2,1,3.223,,,15.71,-1.32339690909091,33.079,-1.749,0.0723045618738178,477.6,1,57321817-1,-2.14095222790207,0.0,,89_sdstereoexpander_1_neutralizer_1_epik_1_stereoizer_1,0,0.0
,6.982,169,503.203,5,7.24052000045776,AC1L1G02,0.304942915495211,-0.935706567642346,2,0.1757,0,16.95,0.0338706,13,12,-0.29172145095455,,1,708,8,261,743.21,0.0,0,,-0.300812460475847,"2-[4,6-diamino-3-[3-amino-6-[1-(methylamino)ethyl]oxan-2-yl]oxy-2-hydroxycyclohexyl]oxy-5-methyl-4-(methylamino)oxane-3,5-diol
AC1L1G02",W09IXVtDQF0xKFtDSDNdKVtDQEhdKFtOSF1bQ0gzXSlbQ0BASF0oW09IXSlbQ0BIXShPW0NIMl0xKU9bQ0BASF0yW0NASF0oW09IXSlbQ0BIXShbQ0BASF0oW05IMl0pW0NIMl1bQ0BIXTJbTkgyXSlPW0NASF0zT1tDQEBIXShbQ0BASF0oW0NIM10pW05IXVtDSDNdKVtDSDJdW0NIMl1bQ0BIXTNbTkgyXQ==,-2.3,43.095,,-2.0,5,0.2114,,-40.2739181518555,0.0003,-0.407525568617013,1439.196,0,-8.82,2,,1684,,3467  1,,2,,-60.7088928222656,11,8.875,,vsw_Gentamicin_Analog_3-LIGPREP-004-in.maegz,0.8294694,"1
3",104303599,-1.042,1,AC1L1G02,-9.80250788150016,J2VwaWtfcHl0aG9uJywgJy1waCcsICc3LjAwMDAwMCcsICctcGh0JywgJzIuMDAwMDAwJywgJy1tcycsICcxNicsICctdG4nLCAnOCcsICctbWEnLCAnMjAwJywgJy1pbWFlJywgJzxpbmZpbGUubWFlPicsICctb21hZScsICc8b3V0ZmlsZS5tYWU+Jw==,2,33,-3.81,16,56135,1684-1,"2-[4,6-bis(azanyl)-3-[3-azanyl-6-[1-(methylamino)ethyl]oxan-2-yl]oxy-2-oxidanyl-cyclohexyl]oxy-5-methyl-4-(methylamino)oxane-3,5-diol",,0.387096191036002,5,-2,39.856,glide-grid_Ab_minmz,,0.307,0,,-9.62680788150016,182.925,"This compound contains an acetal/aminal-like group ( X-CH(R)-Y where X, Y are N, S, or O) that may be acid/base labile, releasing an aldehyde.",1,0,http://www.abichem.com,-139.188339791746,,0,18,240.007,2.0,0.0,374,0,-20.4349746704102,0.814,-7.922,-0.753967125291099,104303599,0.0,0.1757,110.437545,0.0756405,10,OPLS_2005,0.2117,5,11.0,18,2,1,3.223,,,15.71,-1.32339690909091,33.079,-1.749,0.0723045618738178,477.6,1,104303599-1,-2.14095222790207,0.0,,169_sdstereoexpander_1_neutralizer_1_epik_1_stereoizer_1,0,0.0
,6.982,201,503.203,5,7.24052000045776,2159,0.304942915495211,-0.935706567642346,2,0.1757,0,16.95,0.0338706,13,12,-0.29172145095455,,1,770,8,291,743.21,0.0,0,,-0.300812460475847,"1403-66-3
Cidomycin
Garamycin
Garasol
Gentacycol
Gentamicin
Gentamicin antibiotic complex
Gentamicin complex consisting of factors gentamicin C1 and C2
Gentamicina
Gentamicine
Gentamicinum
Gentamycin-creme
Gentamycinum
Uromycine",W09IXVtDQF0xKFtDSDNdKVtDQEhdKFtOSF1bQ0gzXSlbQ0BASF0oW09IXSlbQ0BIXShPW0NIMl0xKU9bQ0BASF0yW0NASF0oW09IXSlbQ0BIXShbQ0BASF0oW05IMl0pW0NIMl1bQ0BIXTJbTkgyXSlPW0NASF0zT1tDQEBIXShbQ0BASF0oW0NIM10pW05IXVtDSDNdKVtDSDJdW0NIMl1bQ0BIXTNbTkgyXQ==,-2.3,43.095,,-2.0,5,0.2114,http://www.manetec-52.de/apps/amicbase_drugs-online/base.nsf/WebMain4?SearchView&Query=%28%5BDocType%5D=%22DataFormular%22%29%20AND%20%28%5BLine_1_S%5D=%28%222159*%22%29%29&SearchWV=FALSE&SearchOrder=4&SearchMax=0&Count=50&Start=1&SearchBasis=extern2&FromView=WebMain4,-40.2739181518555,0.0003,-0.407525568617013,1439.196,0,-8.82,2,,2004,,3467  1,"159
195
196
197
198
202
210
214
234
235
236
237
263
283
287
292
294
303
316
329
357
470
471
480
485
504
507
511
518
520
529
539
544
545
546
547
548
549
550
562
569
570
571
573
575
582
584
585
586
587
588
594
595
596
599
613
614
615
621
622
623
624
630
632
642
644
645
646
648
666
670
703
714
715
727
731
745
747
774
780
781
782
783
785
786
787
788
803
807
817
837
851
944
945
948
955
1034
1035
1243
1245
1246
1249
1254
1255
1270
1280
1282
1283
1285
1290
1292
1301
1302
1303
1305
1309
1310
1313
1314
1328
1333
1335
1341
1350
1351
1352
1353
1358
1376
1392
1396
1402
1404
1405
1406
1408
1421
1423
1485
1490
1505
1509
1513
1542
1578
1583
1639
1659
1661
1670
1725
1747
1771
1772
1773
1817
2039
2045
2093
2096
2098
2099
2104
2115
2121
2124
2702
4929
4932
5476
5480
5482
5551
13373
13689
28037
28080
28131
28132
28144
28147
28450
29385
29388
29459
29460
29461
29908
32002
33047
33053
33945
33964
33966
33968
33990
33991
33992
34041
35755
35788
35789
35790
35791
35792
35793
35794
36855
37326
37734
37816
38323
40324
42862
43767
45261
45262
46126
47885
48409
53023
53254
53345
54388
56877
56878
56946
56976
56977
56978
57045
57046
58095
59732
63405
66695
71452
75985
80866
81846
90370
98360
108619
114517
115981
117541
119912
149385
149391
149539
151414
151416
151419
151454
168932
211460
224727
384602
483687
523103
746128
905066
940231",2,,-60.7088928222656,11,8.875,1403-66-3,vsw_Gentamicin_Analog_3-LIGPREP-004-in.maegz,0.8294694,"1
3",124766025,-1.042,1,2159,-9.80250788150016,J2VwaWtfcHl0aG9uJywgJy1waCcsICc3LjAwMDAwMCcsICctcGh0JywgJzIuMDAwMDAwJywgJy1tcycsICcxNicsICctdG4nLCAnOCcsICctbWEnLCAnMjAwJywgJy1pbWFlJywgJzxpbmZpbGUubWFlPicsICctb21hZScsICc8b3V0ZmlsZS5tYWU+Jw==,2,33,-3.81,16,56135,2004-1,,,0.387096191036002,5,-2,39.856,glide-grid_Ab_minmz,,0.307,0,,-9.62680788150016,182.925,"This compound contains an acetal/aminal-like group ( X-CH(R)-Y where X, Y are N, S, or O) that may be acid/base labile, releasing an aldehyde.",1,0,http://www.reviewscience.com,-139.188339791746,,0,18,240.007,2.0,0.0,374,0,-20.4349746704102,0.814,-7.922,-0.753967125291099,124766025,0.0,0.1757,110.437545,0.0756405,10,OPLS_2005,0.2117,5,11.0,18,2,1,3.223,,,15.71,-1.32339690909091,33.079,-1.749,0.0723045618738178,477.6,1,124766025-1,-2.14095222790207,0.0,,201_sdstereoexpander_1_neutralizer_1_epik_1_stereoizer_1,0,0.0
,6.982,249,503.203,5,7.24052000045776,49429831,0.304942915495211,-0.935706567642346,2,0.1757,0,16.95,0.0338706,13,12,-0.29172145095455,,1,814,8,341,743.21,0.0,0,,-0.300812460475847,"1403-66-3
Gentamicin",W09IXVtDQF0xKFtDSDNdKVtDQEhdKFtOSF1bQ0gzXSlbQ0BASF0oW09IXSlbQ0BIXShPW0NIMl0xKU9bQ0BASF0yW0NASF0oW09IXSlbQ0BIXShbQ0BASF0oW05IMl0pW0NIMl1bQ0BIXTJbTkgyXSlPW0NASF0zT1tDQEBIXShbQ0BASF0oW0NIM10pW05IXVtDSDNdKVtDSDJdW0NIMl1bQ0BIXTNbTkgyXQ==,-2.3,43.095,,-2.0,5,0.2114,http://www.chemmol.com/chemmol/49429831.html,-40.2739181518555,0.0003,-0.407525568617013,1439.196,0,-8.82,2,,2484,,3467  1,,2,,-60.7088928222656,11,8.875,1403-66-3,vsw_Gentamicin_Analog_3-LIGPREP-004-in.maegz,0.8294694,"1
3",126691181,-1.042,1,49429831,-9.80250788150016,J2VwaWtfcHl0aG9uJywgJy1waCcsICc3LjAwMDAwMCcsICctcGh0JywgJzIuMDAwMDAwJywgJy1tcycsICcxNicsICctdG4nLCAnOCcsICctbWEnLCAnMjAwJywgJy1pbWFlJywgJzxpbmZpbGUubWFlPicsICctb21hZScsICc8b3V0ZmlsZS5tYWU+Jw==,2,33,-3.81,16,56135,2484-1,,,0.387096191036002,5,-2,39.856,glide-grid_Ab_minmz,,0.307,0,,-9.62680788150016,182.925,"This compound contains an acetal/aminal-like group ( X-CH(R)-Y where X, Y are N, S, or O) that may be acid/base labile, releasing an aldehyde.",1,0,http://chemmol.com/suppliers/ChemMol/494/1/,-139.188339791746,,0,18,240.007,2.0,0.0,374,0,-20.4349746704102,0.814,-7.922,-0.753967125291099,126691181,0.0,0.1757,110.437545,0.0756405,10,OPLS_2005,0.2117,5,11.0,18,2,1,3.223,,,15.71,-1.32339690909091,33.079,-1.749,0.0723045618738178,477.6,1,126691181-1,-2.14095222790207,0.0,,249_sdstereoexpander_1_neutralizer_1_epik_1_stereoizer_1,0,0.0
,6.982,265,503.203,5,7.24052000045776,123871-EP2292088A1,0.304942915495211,-0.935706567642346,2,0.1757,0,16.95,0.0338706,13,12,-0.29172145095455,,1,826,8,356,743.21,0.0,0,,-0.300812460475847,"123871-EP2292088A1
gentamycin",W09IXVtDQF0xKFtDSDNdKVtDQEhdKFtOSF1bQ0gzXSlbQ0BASF0oW09IXSlbQ0BIXShPW0NIMl0xKU9bQ0BASF0yW0NASF0oW09IXSlbQ0BIXShbQ0BASF0oW05IMl0pW0NIMl1bQ0BIXTJbTkgyXSlPW0NASF0zT1tDQEBIXShbQ0BASF0oW0NIM10pW05IXVtDSDNdKVtDSDJdW0NIMl1bQ0BIXTNbTkgyXQ==,-2.3,43.095,,-2.0,5,0.2114,,-40.2739181518555,0.0003,-0.407525568617013,1439.196,0,-8.82,2,,2644,,3467  1,,2,,-60.7088928222656,11,8.875,,vsw_Gentamicin_Analog_3-LIGPREP-004-in.maegz,0.8294694,,127340104,-1.042,1,123871-EP2292088A1,-9.80250788150016,J2VwaWtfcHl0aG9uJywgJy1waCcsICc3LjAwMDAwMCcsICctcGh0JywgJzIuMDAwMDAwJywgJy1tcycsICcxNicsICctdG4nLCAnOCcsICctbWEnLCAnMjAwJywgJy1pbWFlJywgJzxpbmZpbGUubWFlPicsICctb21hZScsICc8b3V0ZmlsZS5tYWU+Jw==,2,33,-3.81,16,56135,2644-1,"Mutant receptors and their use in a nuclear receptor-based inducible gene expression system http://worldwide.espacenet.com/publicationDetails/biblio?FT=D&CC=EP&NR=2292088A1&KC=A1
Patent Number: EP2292088A1
Publication Date: 2011-03-09
Classifications: C07K14/435A3, A61K31/16, A61K31/47, C07D215/44, C07H21/04, C12N15/62
Applicant(s): INTREXON CORP [US]
Hits: Description",,0.387096191036002,5,-2,39.856,glide-grid_Ab_minmz,,0.307,0,,-9.62680788150016,182.925,"This compound contains an acetal/aminal-like group ( X-CH(R)-Y where X, Y are N, S, or O) that may be acid/base labile, releasing an aldehyde.",1,0,,-139.188339791746,,0,18,240.007,2.0,0.0,374,0,-20.4349746704102,0.814,-7.922,-0.753967125291099,127340104,0.0,0.1757,110.437545,0.0756405,10,OPLS_2005,0.2117,5,11.0,18,2,1,3.223,,,15.71,-1.32339690909091,33.079,-1.749,0.0723045618738178,477.6,1,127340104-1,-2.14095222790207,0.0,,265_sdstereoexpander_1_neutralizer_1_epik_1_stereoizer_1,0,0.0
,6.982,281,503.203,5,7.24052000045776,123871-EP2295422A2,0.304942915495211,-0.935706567642346,2,0.1757,0,16.95,0.0338706,13,12,-0.29172145095455,,1,826,8,371,743.21,0.0,0,,-0.300812460475847,"123871-EP2295422A2
gentamycin",W09IXVtDQF0xKFtDSDNdKVtDQEhdKFtOSF1bQ0gzXSlbQ0BASF0oW09IXSlbQ0BIXShPW0NIMl0xKU9bQ0BASF0yW0NASF0oW09IXSlbQ0BIXShbQ0BASF0oW05IMl0pW0NIMl1bQ0BIXTJbTkgyXSlPW0NASF0zT1tDQEBIXShbQ0BASF0oW0NIM10pW05IXVtDSDNdKVtDSDJdW0NIMl1bQ0BIXTNbTkgyXQ==,-2.3,43.095,,-2.0,5,0.2114,,-40.2739181518555,0.0003,-0.407525568617013,1439.196,0,-8.82,2,,2804,,3467  1,,2,,-60.7088928222656,11,8.875,,vsw_Gentamicin_Analog_3-LIGPREP-004-in.maegz,0.8294694,,127340105,-1.042,1,123871-EP2295422A2,-9.80250788150016,J2VwaWtfcHl0aG9uJywgJy1waCcsICc3LjAwMDAwMCcsICctcGh0JywgJzIuMDAwMDAwJywgJy1tcycsICcxNicsICctdG4nLCAnOCcsICctbWEnLCAnMjAwJywgJy1pbWFlJywgJzxpbmZpbGUubWFlPicsICctb21hZScsICc8b3V0ZmlsZS5tYWU+Jw==,2,33,-3.81,16,56135,2804-1,"Glucopyranosyl substituted benzol derivatives, pharmaceutical compositions containing these compounds, use thereof and method for their production http://worldwide.espacenet.com/publicationDetails/biblio?FT=D&CC=EP&NR=2295422A2&KC=A2
Patent Number: EP2295422A2
Publication Date: 2011-03-16
Classifications: C07D309/10, C07H15/04
Applicant(s): BOEHRINGER INGELHEIM INT [DE], BOEHRINGER INGELHEIM PHARMA [DE]
Hits: Description",,0.387096191036002,5,-2,39.856,glide-grid_Ab_minmz,,0.307,0,,-9.62680788150016,182.925,"This compound contains an acetal/aminal-like group ( X-CH(R)-Y where X, Y are N, S, or O) that may be acid/base labile, releasing an aldehyde.",1,0,,-139.188339791746,,0,18,240.007,2.0,0.0,374,0,-20.4349746704102,0.814,-7.922,-0.753967125291099,127340105,0.0,0.1757,110.437545,0.0756405,10,OPLS_2005,0.2117,5,11.0,18,2,1,3.223,,,15.71,-1.32339690909091,33.079,-1.749,0.0723045618738178,477.6,1,127340105-1,-2.14095222790207,0.0,,281_sdstereoexpander_1_neutralizer_1_epik_1_stereoizer_1,0,0.0
,6.982,297,503.203,5,7.24052000045776,123871-EP2295439A1,0.304942915495211,-0.935706567642346,2,0.1757,0,16.95,0.0338706,13,12,-0.29172145095455,,1,826,8,386,743.21,0.0,0,,-0.300812460475847,"123871-EP2295439A1
gentamycin",W09IXVtDQF0xKFtDSDNdKVtDQEhdKFtOSF1bQ0gzXSlbQ0BASF0oW09IXSlbQ0BIXShPW0NIMl0xKU9bQ0BASF0yW0NASF0oW09IXSlbQ0BIXShbQ0BASF0oW05IMl0pW0NIMl1bQ0BIXTJbTkgyXSlPW0NASF0zT1tDQEBIXShbQ0BASF0oW0NIM10pW05IXVtDSDNdKVtDSDJdW0NIMl1bQ0BIXTNbTkgyXQ==,-2.3,43.095,,-2.0,5,0.2114,,-40.2739181518555,0.0003,-0.407525568617013,1439.196,0,-8.82,2,,2964,,3467  1,,2,,-60.7088928222656,11,8.875,,vsw_Gentamicin_Analog_3-LIGPREP-004-in.maegz,0.8294694,,127340106,-1.042,1,123871-EP2295439A1,-9.80250788150016,J2VwaWtfcHl0aG9uJywgJy1waCcsICc3LjAwMDAwMCcsICctcGh0JywgJzIuMDAwMDAwJywgJy1tcycsICcxNicsICctdG4nLCAnOCcsICctbWEnLCAnMjAwJywgJy1pbWFlJywgJzxpbmZpbGUubWFlPicsICctb21hZScsICc8b3V0ZmlsZS5tYWU+Jw==,2,33,-3.81,16,56135,2964-1,"Substituted pyrazolopyrimidines, a process for their preparation and their use as medicine http://worldwide.espacenet.com/publicationDetails/biblio?FT=D&CC=EP&NR=2295439A1&KC=A1
Patent Number: EP2295439A1
Publication Date: 2011-03-16
Classifications: C07D487/04, C07D519/00
Applicant(s): MERZ PHARMA GMBH & CO KGAA [DE]
Hits: Description",,0.387096191036002,5,-2,39.856,glide-grid_Ab_minmz,,0.307,0,,-9.62680788150016,182.925,"This compound contains an acetal/aminal-like group ( X-CH(R)-Y where X, Y are N, S, or O) that may be acid/base labile, releasing an aldehyde.",1,0,,-139.188339791746,,0,18,240.007,2.0,0.0,374,0,-20.4349746704102,0.814,-7.922,-0.753967125291099,127340106,0.0,0.1757,110.437545,0.0756405,10,OPLS_2005,0.2117,5,11.0,18,2,1,3.223,,,15.71,-1.32339690909091,33.079,-1.749,0.0723045618738178,477.6,1,127340106-1,-2.14095222790207,0.0,,297_sdstereoexpander_1_neutralizer_1_epik_1_stereoizer_1,0,0.0
,6.982,441,503.203,5,7.24052000045776,BC657258,0.304942915495211,-0.935706567642346,2,0.1757,0,16.95,0.0338706,13,12,-0.29172145095455,0,1,4415,8,476,743.21,0.0,0,1,-0.300812460475847,"1403-66-3
BC657258
Gentamicin",W09IXVtDQF0xKFtDSDNdKVtDQEhdKFtOSF1bQ0gzXSlbQ0BASF0oW09IXSlbQ0BIXShPW0NIMl0xKU9bQ0BASF0yW0NASF0oW09IXSlbQ0BIXShbQ0BASF0oW05IMl0pW0NIMl1bQ0BIXTJbTkgyXSlPW0NASF0zT1tDQEBIXShbQ0BASF0oW0NIM10pW05IXVtDSDNdKVtDSDJdW0NIMl1bQ0BIXTNbTkgyXQ==,-2.3,43.095,0,-2.0,5,0.2114,http://www.boerchem.com/?product_39082.html,-40.2739181518555,0.0003,-0.407525568617013,1439.196,0,-8.82,2,0,4404,,3467  1,,2,13,-60.7088928222656,11,8.875,1403-66-3,vsw_Gentamicin_Analog_3-LIGPREP-004-in.maegz,0.8294694,"1
5
255",196105377,-1.042,1,BC657258,-9.80250788150016,J2VwaWtfcHl0aG9uJywgJy1waCcsICc3LjAwMDAwMCcsICctcGh0JywgJzIuMDAwMDAwJywgJy1tcycsICcxNicsICctdG4nLCAnOCcsICctbWEnLCAnMjAwJywgJy1pbWFlJywgJzxpbmZpbGUubWFlPicsICctb21hZScsICc8b3V0ZmlsZS5tYWU+Jw==,2,33,-3.81,16,56135,4404-1,,1,0.387096191036002,5,-2,39.856,glide-grid_Ab_minmz,33,0.307,0,,-9.62680788150016,182.925,"This compound contains an acetal/aminal-like group ( X-CH(R)-Y where X, Y are N, S, or O) that may be acid/base labile, releasing an aldehyde.",1,0,http://www.boerchem.com/,-139.188339791746,,0,18,240.007,2.0,0.0,374,0,-20.4349746704102,0.814,-7.922,-0.753967125291099,196105377,0.0,0.1757,110.437545,0.0756405,10,OPLS_2005,0.2117,5,11.0,18,2,2,3.223,"13  1  3
19  1  3
20  10  3
24  11  3
14  2  3
22  2  3
25  28  3
29  31  3
15  4  3
21  6  3
23  7  3
16  8  3
17  9  3",0,15.71,-1.32339690909091,33.079,-1.749,0.0723045618738178,477.6,1,196105377-1,-2.14095222790207,0.0,,441_sdstereoexpander_1_neutralizer_1_epik_1_stereoizer_1,0,0.0
,6.982,457,503.203,5,7.24052000045776,AN-49150,0.304942915495211,-0.935706567642346,2,0.1757,0,16.95,0.0338706,13,12,-0.29172145095455,,1,4456,8,491,743.21,0.0,0,,-0.300812460475847,"2-[4,6-diamino-3-[3-amino-6-[1-(methylamino)ethyl]tetrahydropyran-2-yl]oxy-2-hydroxy-cyclohexoxy]-5-methyl-4-(methylamino)tetrahydropyran-3,5-diol
AN-49150",W09IXVtDQF0xKFtDSDNdKVtDQEhdKFtOSF1bQ0gzXSlbQ0BASF0oW09IXSlbQ0BIXShPW0NIMl0xKU9bQ0BASF0yW0NASF0oW09IXSlbQ0BIXShbQ0BASF0oW05IMl0pW0NIMl1bQ0BIXTJbTkgyXSlPW0NASF0zT1tDQEBIXShbQ0BASF0oW0NIM10pW05IXVtDSDNdKVtDSDJdW0NIMl1bQ0BIXTNbTkgyXQ==,-2.3,43.095,,-2.0,5,0.2114,,-40.2739181518555,0.0003,-0.407525568617013,1439.196,0,-8.82,2,,4564,,3467  1,,2,,-60.7088928222656,11,8.875,,vsw_Gentamicin_Analog_3-LIGPREP-004-in.maegz,0.8294694,"1
3",223658860,-1.042,1,AN-49150,-9.80250788150016,J2VwaWtfcHl0aG9uJywgJy1waCcsICc3LjAwMDAwMCcsICctcGh0JywgJzIuMDAwMDAwJywgJy1tcycsICcxNicsICctdG4nLCAnOCcsICctbWEnLCAnMjAwJywgJy1pbWFlJywgJzxpbmZpbGUubWFlPicsICctb21hZScsICc8b3V0ZmlsZS5tYWU+Jw==,2,33,-3.81,16,56135,4564-1,"2-[4,6-diamino-3-[3-amino-6-[1-(methylamino)ethyl]tetrahydropyran-2-yl]oxy-2-hydroxy-cyclohexoxy]-5-methyl-4-(methylamino)tetrahydropyran-3,5-diol",,0.387096191036002,5,-2,39.856,glide-grid_Ab_minmz,,0.307,0,,-9.62680788150016,182.925,"This compound contains an acetal/aminal-like group ( X-CH(R)-Y where X, Y are N, S, or O) that may be acid/base labile, releasing an aldehyde.",1,0,http://www.anpharma.net,-139.188339791746,,0,18,240.007,2.0,0.0,374,0,-20.4349746704102,0.814,-7.922,-0.753967125291099,223658860,0.0,0.1757,110.437545,0.0756405,10,OPLS_2005,0.2117,5,11.0,18,2,1,3.223,,,15.71,-1.32339690909091,33.079,-1.749,0.0723045618738178,477.6,1,223658860-1,-2.14095222790207,0.0,,457_sdstereoexpander_1_neutralizer_1_epik_1_stereoizer_1,0,0.0
,6.982,569,503.203,5,7.24052000045776,ToxPlanet-MTQwMy02Ni0zMzQ2Nw==,0.304942915495211,-0.935706567642346,2,0.1757,0,16.95,0.0338706,13,12,-0.29172145095455,0,1,15207,8,31,743.21,0.0,0,1,-0.300812460475847,"1403-66-3
Centicin
Cidomycin
EINECS 215-765-8
Garamycin
Garasol
Gentacycol
Gentamicin
Gentamicin [INN:BAN]
Gentamicin [INN]
Gentamicina
Gentamicina [INN-Spanish]
Gentamicine
Gentamicine [INN-French]
Gentamicinum
Gentamicinum [INN-Latin]
Gentamycin
Gentamycin-creme
Gentamycin-creme [German]
Gentamycins
Gentamycinum
Gentavet
Gentocin
HSDB 3087
Lyramycin
Oksitselanim
Refobacin
Refobacin TM
Septigen
UNII-T6Z9V48IKG
Uromycine",W09IXVtDQF0xKFtDSDNdKVtDQEhdKFtOSF1bQ0gzXSlbQ0BASF0oW09IXSlbQ0BIXShPW0NIMl0xKU9bQ0BASF0yW0NASF0oW09IXSlbQ0BIXShbQ0BASF0oW05IMl0pW0NIMl1bQ0BIXTJbTkgyXSlPW0NASF0zT1tDQEBIXShbQ0BASF0oW0NIM10pW05IXVtDSDNdKVtDSDJdW0NIMl1bQ0BIXTNbTkgyXQ==,-2.3,43.095,0,-2.0,5,0.2114,https://search.toxplanet.com/CategorySearch.aspx?cas_no=1403-66-3,-40.2739181518555,0.0003,-0.407525568617013,1439.196,0,-8.82,2,0,5684,,3467  1,,2,13,-60.7088928222656,11,8.875,1403-66-3,vsw_Gentamicin_Analog_3-LIGPREP-004-in.maegz,0.8294694,"1
5
255",319062335,-1.042,1,ToxPlanet-MTQwMy02Ni0zMzQ2Nw==,-9.80250788150016,J2VwaWtfcHl0aG9uJywgJy1waCcsICc3LjAwMDAwMCcsICctcGh0JywgJzIuMDAwMDAwJywgJy1tcycsICcxNicsICctdG4nLCAnOCcsICctbWEnLCAnMjAwJywgJy1pbWFlJywgJzxpbmZpbGUubWFlPicsICctb21hZScsICc8b3V0ZmlsZS5tYWU+Jw==,2,33,-3.81,16,56135,5684-1,,1,0.387096191036002,5,-2,39.856,glide-grid_Ab_minmz,33,0.307,0,,-9.62680788150016,182.925,"This compound contains an acetal/aminal-like group ( X-CH(R)-Y where X, Y are N, S, or O) that may be acid/base labile, releasing an aldehyde.",1,0,https:/www/toxplanet.com,-139.188339791746,,0,18,240.007,2.0,0.0,374,0,-20.4349746704102,0.814,-7.922,-0.753967125291099,319062335,0.0,0.1757,110.437545,0.0756405,10,OPLS_2005,0.2117,5,11.0,18,2,1,3.223,"13  1  3
19  1  3
20  10  3
24  11  3
14  2  3
22  2  3
25  28  3
29  31  3
15  4  3
21  6  3
23  7  3
16  8  3
17  9  3",0,15.71,-1.32339690909091,33.079,-1.749,0.0723045618738178,477.6,1,319062335-1,-2.14095222790207,0.0,,569_sdstereoexpander_1_neutralizer_1_epik_1_stereoizer_1,0,0.0
,6.982,585,503.203,5,7.24052000045776,ToxPlanet-MjU4NzYtMTAtMjM0Njc=,0.304942915495211,-0.935706567642346,2,0.1757,0,16.95,0.0338706,13,12,-0.29172145095455,0,1,15207,8,46,743.21,0.0,0,1,-0.300812460475847,"25876-10-2
C21-H43-N5-O7
C21H43N5O7
D-Streptamine, O-2-amino-2,3,4,6,7-pentadeoxy-6-(methylamino)-.alpha.-D-ribo-heptopyranosyl-(1.fwdarw.4)-O-[3-deoxy-4-C-methyl-3-(methylamino)-.beta.-L-arabinopyranosyl-(1.fwdarw.6)]-2-deoxy-
Gentamicin C1
UNII-I904Y9FPPV",W09IXVtDQF0xKFtDSDNdKVtDQEhdKFtOSF1bQ0gzXSlbQ0BASF0oW09IXSlbQ0BIXShPW0NIMl0xKU9bQ0BASF0yW0NASF0oW09IXSlbQ0BIXShbQ0BASF0oW05IMl0pW0NIMl1bQ0BIXTJbTkgyXSlPW0NASF0zT1tDQEBIXShbQ0BASF0oW0NIM10pW05IXVtDSDNdKVtDSDJdW0NIMl1bQ0BIXTNbTkgyXQ==,-2.3,43.095,0,-2.0,5,0.2114,https://search.toxplanet.com/CategorySearch.aspx?cas_no=25876-10-2,-40.2739181518555,0.0003,-0.407525568617013,1439.196,0,-8.82,2,0,5844,,3467  1,,2,13,-60.7088928222656,11,8.875,25876-10-2,vsw_Gentamicin_Analog_3-LIGPREP-004-in.maegz,0.8294694,"1
5
255",319062336,-1.042,1,ToxPlanet-MjU4NzYtMTAtMjM0Njc=,-9.80250788150016,J2VwaWtfcHl0aG9uJywgJy1waCcsICc3LjAwMDAwMCcsICctcGh0JywgJzIuMDAwMDAwJywgJy1tcycsICcxNicsICctdG4nLCAnOCcsICctbWEnLCAnMjAwJywgJy1pbWFlJywgJzxpbmZpbGUubWFlPicsICctb21hZScsICc8b3V0ZmlsZS5tYWU+Jw==,2,33,-3.81,16,56135,5844-1,,1,0.387096191036002,5,-2,39.856,glide-grid_Ab_minmz,33,0.307,0,,-9.62680788150016,182.925,"This compound contains an acetal/aminal-like group ( X-CH(R)-Y where X, Y are N, S, or O) that may be acid/base labile, releasing an aldehyde.",1,0,https:/www/toxplanet.com,-139.188339791746,,0,18,240.007,2.0,0.0,374,0,-20.4349746704102,0.814,-7.922,-0.753967125291099,319062336,0.0,0.1757,110.437545,0.0756405,10,OPLS_2005,0.2117,5,11.0,18,2,1,3.223,"13  1  3
19  1  3
20  10  3
24  11  3
14  2  3
22  2  3
25  28  3
29  31  3
15  4  3
21  6  3
23  7  3
16  8  3
17  9  3",0,15.71,-1.32339690909091,33.079,-1.749,0.0723045618738178,477.6,1,319062336-1,-2.14095222790207,0.0,,585_sdstereoexpander_1_neutralizer_1_epik_1_stereoizer_1,0,0.0
,6.982,633,503.203,5,7.24052000045776,D0L9UU,0.304942915495211,-0.935706567642346,2,0.1757,0,16.95,0.0338706,13,12,-0.29172145095455,,1,845,8,71,743.21,0.0,0,,-0.300812460475847,"(1R,2S,3S,4R,6S)-4,6-diamino-3-[3-deoxy-4-C-methyl-3-(methylamino)-beta-L-arabinopyranosyloxy]-2-hydroxycyclohexyl 2-amino-2,3,4,6,7-pentadeoxy-6-(methylamino)-beta-L-lyxo-heptopyranoside
(1R,2S,3S,4R,6S)-4,6-diamino-3-{[3-deoxy-4-C-methyl-3-(methylamino)-beta-L-arabinopyranosyl]oxy}-2-hydroxycyclohexyl (6x)-2-amino-2,3,4,6,7-pentadeoxy-6-(methylamino)-alpha-D-erythro-heptopyranoside
(2R,3R,4R,5R)-2-[(1S,2S,3R,4S,6R)-4,6-diamino-3-[(2R,3R,6S)-3-amino-6-[1-(methylamino)ethyl]oxan-2-yl]oxy-2-hydroxycyclohexyl]oxy-5-methyl-4-(methylamino)oxane-3,5-diol
1403-66-3
2-[4,6-diamino-3-[3-amino-6-[1-(methylamino)ethyl]oxan-2-yl]oxy-2-hydroxycyclohexyl]oxy-5-methyl-4-(methylamino)oxane-3,5-diol
4,6-diamino-3-{[3-deoxy-4-c-methyl-3-(methylamino)pentopyranosyl]oxy}-2-hydroxycyclohexyl 2-amino-2,3,4,6,7-pentadeoxy-6-(methylamino)heptopyranoside
Alcomicin
Apogen
Bristagen
Cidomycin
D0L9UU
G-Mycin
G-Myticin
GENTAMYCIN
Garamycin
Garamycin (TN)
Garamycin Otic Solution
Garasol
Genoptic Liquifilm
Genoptic S.O.P.
Gentacidin
Gentacycol
Gentafair
Gentak
Gentamar
Gentamcin Sulfate
Gentamicin
Gentamicin (BAN)
Gentamicin (TN)
Gentamicin C1
Gentamicin sulphate sterile
Gentamicina
Gentamicina [INN-Spanish]
Gentamicine
Gentamicine [INN-French]
Gentamicins
Gentamicinum
Gentamicinum [INN-Latin]
Gentamycin-creme
Gentamycin-creme [German]
Gentamycinum
Gentavet
Gentocin
Jenamicin
O-2-amino-2,3,4,6,7-pentadeoxy-6-(methylamino)-alpha-D-ribo-heptopyranosyl-(1-4)-O-(3-deoxy-4-C-methyl-3-(methylamino)-beta-L-arabinopyranosyl-(1-6))-2-deoxy-D-streptamine
Ocu-Mycin
Refobacin
Refobacin TM
Spectro-Genta
U-Gencin
Uromycine",W09IXVtDQF0xKFtDSDNdKVtDQEhdKFtOSF1bQ0gzXSlbQ0BASF0oW09IXSlbQ0BIXShPW0NIMl0xKU9bQ0BASF0yW0NASF0oW09IXSlbQ0BIXShbQ0BASF0oW05IMl0pW0NIMl1bQ0BIXTJbTkgyXSlPW0NASF0zT1tDQEBIXShbQ0BASF0oW0NIM10pW05IXVtDSDNdKVtDSDJdW0NIMl1bQ0BIXTNbTkgyXQ==,-2.3,43.095,,-2.0,5,0.2114,https://db.idrblab.org/ttd/drug/D0L9UU,-40.2739181518555,0.0003,-0.407525568617013,1439.196,0,-8.82,2,,6324,,3467  1,,2,,-60.7088928222656,11,8.875,1403-66-3,vsw_Gentamicin_Analog_3-LIGPREP-004-in.maegz,0.8294694,"1
3",349989484,-1.042,1,D0L9UU,-9.80250788150016,J2VwaWtfcHl0aG9uJywgJy1waCcsICc3LjAwMDAwMCcsICctcGh0JywgJzIuMDAwMDAwJywgJy1tcycsICcxNicsICctdG4nLCAnOCcsICctbWEnLCAnMjAwJywgJy1pbWFlJywgJzxpbmZpbGUubWFlPicsICctb21hZScsICc8b3V0ZmlsZS5tYWU+Jw==,2,33,-3.81,16,56135,6324-1,,,0.387096191036002,5,-2,39.856,glide-grid_Ab_minmz,,0.307,0,,-9.62680788150016,182.925,"This compound contains an acetal/aminal-like group ( X-CH(R)-Y where X, Y are N, S, or O) that may be acid/base labile, releasing an aldehyde.",1,0,https://db.idrblab.org/ttd/,-139.188339791746,,0,18,240.007,2.0,0.0,374,0,-20.4349746704102,0.814,-7.922,-0.753967125291099,349989484,0.0,0.1757,110.437545,0.0756405,10,OPLS_2005,0.2117,5,11.0,18,2,1,3.223,,,15.71,-1.32339690909091,33.079,-1.749,0.0723045618738178,477.6,1,349989484-1,-2.14095222790207,0.0,,633_sdstereoexpander_1_neutralizer_1_epik_1_stereoizer_1,0,0.0
,6.982,665,503.203,5,7.24052000045776,M046866,0.304942915495211,-0.935706567642346,2,0.1757,0,16.95,0.0338706,13,12,-0.29172145095455,0,1,15694,8,106,743.21,0.0,0,1,-0.300812460475847,"1403-66-3
Gentamicin",W09IXVtDQF0xKFtDSDNdKVtDQEhdKFtOSF1bQ0gzXSlbQ0BASF0oW09IXSlbQ0BIXShPW0NIMl0xKU9bQ0BASF0yW0NASF0oW09IXSlbQ0BIXShbQ0BASF0oW05IMl0pW0NIMl1bQ0BIXTJbTkgyXSlPW0NASF0zT1tDQEBIXShbQ0BASF0oW0NIM10pW05IXVtDSDNdKVtDSDJdW0NIMl1bQ0BIXTNbTkgyXQ==,-2.3,43.095,0,-2.0,5,0.2114,https://www.musechem.com/product/M046866.html,-40.2739181518555,0.0003,-0.407525568617013,1439.196,0,-8.82,2,0,6644,,3467  1,,2,13,-60.7088928222656,11,8.875,1403-66-3,vsw_Gentamicin_Analog_3-LIGPREP-004-in.maegz,0.8294694,"1
5
255",355170185,-1.042,1,M046866,-9.80250788150016,J2VwaWtfcHl0aG9uJywgJy1waCcsICc3LjAwMDAwMCcsICctcGh0JywgJzIuMDAwMDAwJywgJy1tcycsICcxNicsICctdG4nLCAnOCcsICctbWEnLCAnMjAwJywgJy1pbWFlJywgJzxpbmZpbGUubWFlPicsICctb21hZScsICc8b3V0ZmlsZS5tYWU+Jw==,2,33,-3.81,16,56135,6644-1,,1,0.387096191036002,5,-2,39.856,glide-grid_Ab_minmz,33,0.307,0,,-9.62680788150016,182.925,"This compound contains an acetal/aminal-like group ( X-CH(R)-Y where X, Y are N, S, or O) that may be acid/base labile, releasing an aldehyde.",1,0,https://www.musechem.com,-139.188339791746,,0,18,240.007,2.0,0.0,374,0,-20.4349746704102,0.814,-7.922,-0.753967125291099,355170185,0.0,0.1757,110.437545,0.0756405,10,OPLS_2005,0.2117,5,11.0,18,2,1,3.223,"13  1  3
19  1  3
20  10  3
24  11  3
14  2  3
22  2  3
25  28  3
29  31  3
15  4  3
21  6  3
23  7  3
16  8  3
17  9  3",0,15.71,-1.32339690909091,33.079,-1.749,0.0723045618738178,477.6,1,355170185-1,-2.14095222790207,0.0,,665_sdstereoexpander_1_neutralizer_1_epik_1_stereoizer_1,0,0.0
,6.982,681,503.203,5,7.24052000045776,J4.074F,0.304942915495211,-0.935706567642346,2,0.1757,0,16.95,0.0338706,13,12,-0.29172145095455,,1,,8,121,743.21,0.0,0,,-0.300812460475847,"1403-66-3
Gentavet
J4.074F",W09IXVtDQF0xKFtDSDNdKVtDQEhdKFtOSF1bQ0gzXSlbQ0BASF0oW09IXSlbQ0BIXShPW0NIMl0xKU9bQ0BASF0yW0NASF0oW09IXSlbQ0BIXShbQ0BASF0oW05IMl0pW0NIMl1bQ0BIXTJbTkgyXSlPW0NASF0zT1tDQEBIXShbQ0BASF0oW0NIM10pW05IXVtDSDNdKVtDSDJdW0NIMl1bQ0BIXTNbTkgyXQ==,-2.3,43.095,,-2.0,5,0.2114,http://jglobal.jst.go.jp/en/redirect?Nikkaji_No=J4.074F,-40.2739181518555,0.0003,-0.407525568617013,1439.196,0,-8.82,2,,6804,,3467  1,,2,,-60.7088928222656,11,8.875,1403-66-3,vsw_Gentamicin_Analog_3-LIGPREP-004-in.maegz,0.8294694,,355227184,-1.042,1,J4.074F,-9.80250788150016,J2VwaWtfcHl0aG9uJywgJy1waCcsICc3LjAwMDAwMCcsICctcGh0JywgJzIuMDAwMDAwJywgJy1tcycsICcxNicsICctdG4nLCAnOCcsICctbWEnLCAnMjAwJywgJy1pbWFlJywgJzxpbmZpbGUubWFlPicsICctb21hZScsICc8b3V0ZmlsZS5tYWU+Jw==,2,33,-3.81,16,56135,6804-1,,,0.387096191036002,5,-2,39.856,glide-grid_Ab_minmz,,0.307,0,11834,-9.62680788150016,182.925,"This compound contains an acetal/aminal-like group ( X-CH(R)-Y where X, Y are N, S, or O) that may be acid/base labile, releasing an aldehyde.",1,0,http://doi.org/10.15079/NIKKAJI,-139.188339791746,,0,18,240.007,2.0,0.0,374,0,-20.4349746704102,0.814,-7.922,-0.753967125291099,355227184,0.0,0.1757,110.437545,0.0756405,10,OPLS_2005,0.2117,5,11.0,18,2,1,3.223,,,15.71,-1.32339690909091,33.079,-1.749,0.0723045618738178,477.6,1,355227184-1,-2.14095222790207,0.0,,681_sdstereoexpander_1_neutralizer_1_epik_1_stereoizer_1,0,0.0
,6.982,697,503.203,5,7.24052000045776,1403-66-3,0.304942915495211,-0.935706567642346,2,0.1757,0,16.95,0.0338706,13,12,-0.29172145095455,0,1,,8,136,743.21,0.0,0,1,-0.300812460475847,"1403-66-3
GENTAMICIN",W09IXVtDQF0xKFtDSDNdKVtDQEhdKFtOSF1bQ0gzXSlbQ0BASF0oW09IXSlbQ0BIXShPW0NIMl0xKU9bQ0BASF0yW0NASF0oW09IXSlbQ0BIXShbQ0BASF0oW05IMl0pW0NIMl1bQ0BIXTJbTkgyXSlPW0NASF0zT1tDQEBIXShbQ0BASF0oW0NIM10pW05IXVtDSDNdKVtDSDJdW0NIMl1bQ0BIXTNbTkgyXQ==,-2.3,43.095,0,-2.0,5,0.2114,http://toxnet.nlm.nih.gov/cgi-bin/sis/search2/r?dbs+genetox:@term+@DOCNO+2072,-40.2739181518555,0.0003,-0.407525568617013,1439.196,0,-8.82,2,0,6964,,3467  1,,2,13,-60.7088928222656,11,8.875,1403-66-3,vsw_Gentamicin_Analog_3-LIGPREP-004-in.maegz,0.8294694,"1
5
255",363896048,-1.042,1,1403-66-3,-9.80250788150016,J2VwaWtfcHl0aG9uJywgJy1waCcsICc3LjAwMDAwMCcsICctcGh0JywgJzIuMDAwMDAwJywgJy1tcycsICcxNicsICctdG4nLCAnOCcsICctbWEnLCAnMjAwJywgJy1pbWFlJywgJzxpbmZpbGUubWFlPicsICctb21hZScsICc8b3V0ZmlsZS5tYWU+Jw==,2,33,-3.81,16,56135,6964-1,"Substance Name:
GENTAMICIN
CAS Registry Number:
1403-66-3
Chemical Classification Category:
Antibiotics, mycotoxins
Aromatic amines, aliphatic amines, amides and sulfonamides
Taxonomic Name & Assay:
Lower eukaryotes - other genotoxic effects
GENETOX Record Number:
2072
Last Revision Date:
19910822
Update History:
Complete update on 01/30/1991, 5 fields added/edited/deleted.",1,0.387096191036002,5,-2,39.856,glide-grid_Ab_minmz,33,0.307,0,22071,-9.62680788150016,182.925,"This compound contains an acetal/aminal-like group ( X-CH(R)-Y where X, Y are N, S, or O) that may be acid/base labile, releasing an aldehyde.",1,0,https://toxnet.nlm.nih.gov/newtoxnet/genetox.htm,-139.188339791746,,0,18,240.007,2.0,0.0,374,0,-20.4349746704102,0.814,-7.922,-0.753967125291099,363896048,0.0,0.1757,110.437545,0.0756405,10,OPLS_2005,0.2117,5,11.0,18,2,1,3.223,"13  1  3
19  1  3
20  10  3
24  11  3
14  2  3
22  2  3
25  28  3
29  31  3
15  4  3
21  6  3
23  7  3
16  8  3
17  9  3",0,15.71,-1.32339690909091,33.079,-1.749,0.0723045618738178,477.6,1,363896048-1,-2.14095222790207,0.0,,697_sdstereoexpander_1_neutralizer_1_epik_1_stereoizer_1,0,0.0
,6.982,825,503.203,5,7.24052000045776,bt-269144,0.304942915495211,-0.935706567642346,2,0.1757,0,16.95,0.0338705,13,12,-0.29172145095455,0,1,,8,201,743.21,0.0,0,1,-0.300812460475847,"1403-66-3
Gentamycin C1
2-[4,6-diamino-3-[3-amino-6-[1-(methylamino)ethyl]oxan-2-yl]oxy-2-hydroxycyclohexyl]oxy-5-methyl-4-(methylamino)oxane-3,5-diol",W09IXVtDQF0xKFtDSDNdKVtDQEhdKFtOSF1bQ0gzXSlbQ0BASF0oW09IXSlbQ0BIXShPW0NIMl0xKU9bQ0BASF0yW0NASF0oW09IXSlbQ0BIXShbQ0BASF0oW05IMl0pW0NIMl1bQ0BIXTJbTkgyXSlPW0NASF0zT1tDQEBIXShbQ0BASF0oW0NIM10pW05IXVtDSDNdKVtDSDJdW0NIMl1bQ0BIXTNbTkgyXQ==,-2.3,43.095,0,-2.0,5,0.2114,https://www.thebiotek.com/product/inhibitors/bt-269144,-40.2739181518555,0.0003,-0.407525568617013,1439.196,0,-8.82,2,0,8244,,3467  1,,2,13,-60.7088928222656,11,8.875,1403-66-3,vsw_Gentamicin_Analog_3-LIGPREP-004-in.maegz,0.8294695,"1
5
255",434252689,-1.042,1,bt-269144,-9.80250788150016,J2VwaWtfcHl0aG9uJywgJy1waCcsICc3LjAwMDAwMCcsICctcGh0JywgJzIuMDAwMDAwJywgJy1tcycsICcxNicsICctdG4nLCAnOCcsICctbWEnLCAnMjAwJywgJy1pbWFlJywgJzxpbmZpbGUubWFlPicsICctb21hZScsICc8b3V0ZmlsZS5tYWU+Jw==,2,33,-3.81,16,56135,8244-1,,-1,0.387096191036002,5,-2,39.856,glide-grid_Ab_minmz,33,0.307,0,24343,-9.62680788150016,182.925,"This compound contains an acetal/aminal-like group ( X-CH(R)-Y where X, Y are N, S, or O) that may be acid/base labile, releasing an aldehyde.",1,0,https://www.thebiotek.com/,-139.188339791746,,0,18,240.007,2.0,0.0,374,0,-20.4349746704102,0.814,-7.922,-0.753967125291099,434252689,0.0,0.1757,110.437545,0.0756406,10,OPLS_2005,0.2117,5,11.0,18,2,3,3.223,"13  1  3
19  1  3
20  10  3
24  11  3
14  2  3
22  2  3
25  28  3
29  31  3
15  3  3
21  6  3
23  7  3
16  8  3
17  9  3",0,15.71,-1.32339690909091,33.079,-1.749,0.0723045382834229,477.6,1,434252689-1,-2.14095222790207,0.0,,825_sdstereoexpander_1_neutralizer_1_epik_1_stereoizer_1,0,0.0
,6.982,857,503.203,5,7.24052000045776,S528809,0.304942915495211,-0.935706567642346,2,0.1757,0,16.95,0.0338705,13,12,-0.29172145095455,0,1,,8,221,743.21,0.0,0,1,-0.300812460475847,"1403-66-3
Gentamycin C1
2-[4,6-diamino-3-[3-amino-6-[1-(methylamino)ethyl]oxan-2-yl]oxy-2-hydroxycyclohexyl]oxy-5-methyl-4-(methylamino)oxane-3,5-diol",W09IXVtDQF0xKFtDSDNdKVtDQEhdKFtOSF1bQ0gzXSlbQ0BASF0oW09IXSlbQ0BIXShPW0NIMl0xKU9bQ0BASF0yW0NASF0oW09IXSlbQ0BIXShbQ0BASF0oW05IMl0pW0NIMl1bQ0BIXTJbTkgyXSlPW0NASF0zT1tDQEBIXShbQ0BASF0oW0NIM10pW05IXVtDSDNdKVtDSDJdW0NIMl1bQ0BIXTNbTkgyXQ==,-2.3,43.095,0,-2.0,5,0.2114,https://www.smolecule.com/products/s528809,-40.2739181518555,0.0003,-0.407525568617013,1439.196,0,-8.82,2,0,8564,,3467  1,,2,13,-60.7088928222656,11,8.875,1403-66-3,vsw_Gentamicin_Analog_3-LIGPREP-004-in.maegz,0.8294695,"1
5
255",438457699,-1.042,1,S528809,-9.80250788150016,J2VwaWtfcHl0aG9uJywgJy1waCcsICc3LjAwMDAwMCcsICctcGh0JywgJzIuMDAwMDAwJywgJy1tcycsICcxNicsICctdG4nLCAnOCcsICctbWEnLCAnMjAwJywgJy1pbWFlJywgJzxpbmZpbGUubWFlPicsICctb21hZScsICc8b3V0ZmlsZS5tYWU+Jw==,2,33,-3.81,16,56135,8564-1,,-1,0.387096191036002,5,-2,39.856,glide-grid_Ab_minmz,33,0.307,0,24449,-9.62680788150016,182.925,"This compound contains an acetal/aminal-like group ( X-CH(R)-Y where X, Y are N, S, or O) that may be acid/base labile, releasing an aldehyde.",1,0,https://www.smolecule.com/,-139.188339791746,,0,18,240.007,2.0,0.0,374,0,-20.4349746704102,0.814,-7.922,-0.753967125291099,438457699,0.0,0.1757,110.437545,0.0756406,10,OPLS_2005,0.2117,5,11.0,18,2,3,3.223,"13  1  3
19  1  3
20  10  3
24  11  3
14  2  3
22  2  3
25  28  3
29  31  3
15  3  3
21  6  3
23  7  3
16  8  3
17  9  3",0,15.71,-1.32339690909091,33.079,-1.749,0.0723045382834229,477.6,1,438457699-1,-2.14095222790207,0.0,,857_sdstereoexpander_1_neutralizer_1_epik_1_stereoizer_1,0,0.0
,6.982,905,503.203,5,7.24052000045776,B1671437,0.304942915495211,-0.935706567642346,2,0.1757,0,16.95,0.0338705,13,12,-0.29172145095455,0,1,,8,246,743.21,0.0,0,1,-0.300812460475847,"1403-66-3
Gentamycin C1
2-[4,6-diamino-3-[3-amino-6-[1-(methylamino)ethyl]oxan-2-yl]oxy-2-hydroxycyclohexyl]oxy-5-methyl-4-(methylamino)oxane-3,5-diol",W09IXVtDQF0xKFtDSDNdKVtDQEhdKFtOSF1bQ0gzXSlbQ0BASF0oW09IXSlbQ0BIXShPW0NIMl0xKU9bQ0BASF0yW0NASF0oW09IXSlbQ0BIXShbQ0BASF0oW05IMl0pW0NIMl1bQ0BIXTJbTkgyXSlPW0NASF0zT1tDQEBIXShbQ0BASF0oW0NIM10pW05IXVtDSDNdKVtDSDJdW0NIMl1bQ0BIXTNbTkgyXQ==,-2.3,43.095,0,-2.0,5,0.2114,https://www.benchchem.com/product/b1671437,-40.2739181518555,0.0003,-0.407525568617013,1439.196,0,-8.82,2,0,9044,,3467  1,,2,13,-60.7088928222656,11,8.875,1403-66-3,vsw_Gentamicin_Analog_3-LIGPREP-004-in.maegz,0.8294695,"1
5
255",445775547,-1.042,1,B1671437,-9.80250788150016,J2VwaWtfcHl0aG9uJywgJy1waCcsICc3LjAwMDAwMCcsICctcGh0JywgJzIuMDAwMDAwJywgJy1tcycsICcxNicsICctdG4nLCAnOCcsICctbWEnLCAnMjAwJywgJy1pbWFlJywgJzxpbmZpbGUubWFlPicsICctb21hZScsICc8b3V0ZmlsZS5tYWU+Jw==,2,33,-3.81,16,56135,9044-1,,-1,0.387096191036002,5,-2,39.856,glide-grid_Ab_minmz,33,0.307,0,24800,-9.62680788150016,182.925,"This compound contains an acetal/aminal-like group ( X-CH(R)-Y where X, Y are N, S, or O) that may be acid/base labile, releasing an aldehyde.",1,0,https://www.benchchem.com/,-139.188339791746,,0,18,240.007,2.0,0.0,374,0,-20.4349746704102,0.814,-7.922,-0.753967125291099,445775547,0.0,0.1757,110.437545,0.0756406,10,OPLS_2005,0.2117,5,11.0,18,2,1,3.223,"13  1  3
19  1  3
20  10  3
24  11  3
14  2  3
22  2  3
25  28  3
29  31  3
15  3  3
21  6  3
23  7  3
16  8  3
17  9  3",0,15.71,-1.32339690909091,33.079,-1.749,0.0723045382834229,477.6,1,445775547-1,-2.14095222790207,0.0,,905_sdstereoexpander_1_neutralizer_1_epik_1_stereoizer_1,0,0.0
,6.982,1001,503.203,5,7.24052000045776,5854,0.304942915495211,-0.935706567642346,2,0.1757,0,16.95,0.0338705,13,12,-0.29172145095455,,1,,8,306,743.21,0.0,0,,-0.300812460475847,"Gentamicin
Gentamycin
1403-66-3
T6Z9V48IKG
Cidomycin
Genoptic S.O.P.
Gentamicina
Gentamycins
CHEBI:17833
Gentamicine
Gentamycin-creme
Gentamycinum
Lyramycin
Oksitselanim
Septigen
4,6-diamino-3-(3-deoxy-4-C-methyl-3-(methylamino)pentopyranosyloxy)-2-hydroxycyclohexyl 2-amino-2,3,4,6,7-pentadeoxy-6-(methylamino)heptopyranoside
Centicin
DTXSID5034642
EINECS 215-765-8
Garamicin
Gentamicina (INN-Spanish)
Gentamicine (INN-French)
Gentamicinum
Gentamicinum (INN-Latin)
Gentamicinum (Latin)
Gentamycin Complex
HSDB 3087
Refobacin TM
UNII-T6Z9V48IKG
Uromycine",W09IXVtDQF0xKFtDSDNdKVtDQEhdKFtOSF1bQ0gzXSlbQ0BASF0oW09IXSlbQ0BIXShPW0NIMl0xKU9bQ0BASF0yW0NASF0oW09IXSlbQ0BIXShbQ0BASF0oW05IMl0pW0NIMl1bQ0BIXTJbTkgyXSlPW0NASF0zT1tDQEBIXShbQ0BASF0oW0NIM10pW05IXVtDSDNdKVtDSDJdW0NIMl1bQ0BIXTNbTkgyXQ==,-2.3,43.095,,-2.0,5,0.2114,,-40.2739181518555,0.0003,-0.407525568617013,1439.196,0,-8.82,2,,10004,,3467  1,,2,,-60.7088928222656,11,8.875,1403-66-3,vsw_Gentamicin_Analog_3-LIGPREP-004-in.maegz,0.8294695,"1
5
255",481107194,-1.042,1,,-9.80250788150016,J2VwaWtfcHl0aG9uJywgJy1waCcsICc3LjAwMDAwMCcsICctcGh0JywgJzIuMDAwMDAwJywgJy1tcycsICcxNicsICctdG4nLCAnOCcsICctbWEnLCAnMjAwJywgJy1pbWFlJywgJzxpbmZpbGUubWFlPicsICctb21hZScsICc8b3V0ZmlsZS5tYWU+Jw==,2,33,-3.81,16,56135,10004-1,,,0.387096191036002,5,-2,39.856,glide-grid_Ab_minmz,,0.307,,26136,-9.62680788150016,182.925,"This compound contains an acetal/aminal-like group ( X-CH(R)-Y where X, Y are N, S, or O) that may be acid/base labile, releasing an aldehyde.",1,0,,-139.188339791746,,0,18,240.007,2.0,0.0,374,0,-20.4349746704102,0.814,-7.922,-0.753967125291099,481107194,0.0,0.1757,110.437545,0.0756406,10,OPLS_2005,0.2117,5,11.0,18,2,1,3.223,"13  1  3
19  1  3
20  10  3
24  11  3
14  2  3
22  2  3
25  28  3
29  31  3
15  3  3
21  6  3
23  7  3
16  8  3
17  9  3",,15.71,-1.32339690909091,33.079,-1.749,0.0723045382834229,477.6,1,481107194-1,-2.14095222790207,0.0,,1001_sdstereoexpander_1_neutralizer_1_epik_1_stereoizer_1,0,0.0
,6.982,1484,503.203,5,7.24052000045776,G0383,0.304942915495211,-0.935706567642346,2,0.1757,0,16.95,0.033871,13,12,-0.29172145095455,0,1,TCI (Tokyo Chemical Industry),8,496,743.21,0.0,0,2,-0.300812460475847,"1405-41-0
G0383
Gentamicin Sulfate",W09IXVtDQF0xKFtDSDNdKVtDQEhdKFtOSF1bQ0gzXSlbQ0BASF0oW09IXSlbQ0BIXShPW0NIMl0xKU9bQ0BASF0yW0NASF0oW09IXSlbQ0BIXShbQ0BASF0oW05IMl0pW0NIMl1bQ0BIXTJbTkgyXSlPW0NASF0zT1tDQEBIXShbQ0BASF0oW0NIM10pW05IXVtDSDNdKVtDSDJdW0NIMl1bQ0BIXTNbTkgyXQ==,-2.3,43.095,0,-2.0,5,0.2114,http://www.tcichemicals.com/eshop/en/us/commodity/G0383/index.html,-40.2739181518555,0.0003,-0.407525568617013,1439.196,0,-8.82,2,0,14834,,"44134730  1
1118  2
3467  2",,2,13,-60.7088928222656,11,8.875,1405-41-0,vsw_Gentamicin_Analog_3-LIGPREP-004-in.maegz,0.8294694,"1
5
255",160871021,-1.042,1,G0383,-9.80250788150016,J2VwaWtfcHl0aG9uJywgJy1waCcsICc3LjAwMDAwMCcsICctcGh0JywgJzIuMDAwMDAwJywgJy1tcycsICcxNicsICctdG4nLCAnOCcsICctbWEnLCAnMjAwJywgJy1pbWFlJywgJzxpbmZpbGUubWFlPicsICctb21hZScsICc8b3V0ZmlsZS5tYWU+Jw==,2,33,-3.81,16,56135,14834-1,,1,0.387096191036002,5,-2,39.856,glide-grid_Ab_minmz,38,0.307,0,,-9.62680788150016,182.925,"This compound contains an acetal/aminal-like group ( X-CH(R)-Y where X, Y are N, S, or O) that may be acid/base labile, releasing an aldehyde.",1,0,http://www.tcichemicals.com/en/us/,-139.188339791746,,0,18,240.007,2.0,0.0,374,0,-20.4349746704102,0.814,-7.922,-0.753967125291099,160871021,0.0,0.1757,110.437545,0.0756406,10,OPLS_2005,0.2117,5,11.0,18,2,5,3.223,"21  13  3
22  14  3
25  15  3
29  16  3
18  2  3
24  2  3
19  3  3
27  3  3
30  33  3
34  36  3
20  4  3
26  7  3
28  8  3",0,15.71,-1.32339690909091,33.079,-1.749,0.0723046067769633,477.6,1,160871021-1,-2.14095222790207,0.0,,1484_sdstereoexpander_1_neutralizer_1_epik_1_stereoizer_1,0,0.0
,6.982,1620,503.202,5,7.24052000045776,ToxPlanet-Mjg4MzkyLTU1LTI1Njg0MjEzOA==,0.304942915495211,-0.935706567642346,2,0.1757,0,16.95,0.0338597,13,12,-0.29172145095455,0,1,15207,8,551,743.209,0.0,0,3,-0.300812460475847,"288392-55-2
Gentamicin sulfate and prednisolone acetate
Gentamicin sulfate mixture with prednisolone acetate
PRED G
Pred-G
Prednisolone acetate and gentamicin sulfate",W09IXVtDQF0xKFtDSDNdKVtDQEhdKFtOSF1bQ0gzXSlbQ0BASF0oW09IXSlbQ0BIXShPW0NIMl0xKU9bQ0BASF0yW0NASF0oW09IXSlbQ0BIXShbQ0BASF0oW05IMl0pW0NIMl1bQ0BIXTJbTkgyXSlPW0NASF0zT1tDQEBIXShbQ0BASF0oW0NIM10pW05IXVtDSDNdKVtDSDJdW0NIMl1bQ0BIXTNbTkgyXQ==,-2.3,43.114,7,-2.0,5,0.2114,https://search.toxplanet.com/CategorySearch.aspx?cas_no=288392-55-2,-40.2739181518555,0.0003,-0.407525568617013,1439.651,0,-8.82,2,0,16194,,"56842138  1
1118  2
3467  2
135233  2",,2,13,-60.7088928222656,11,8.875,288392-55-2,vsw_Gentamicin_Analog_3-LIGPREP-004-in.maegz,0.8296444,"1
5
255",319401752,-1.041,1,ToxPlanet-Mjg4MzkyLTU1LTI1Njg0MjEzOA==,-9.80250788150016,J2VwaWtfcHl0aG9uJywgJy1waCcsICc3LjAwMDAwMCcsICctcGh0JywgJzIuMDAwMDAwJywgJy1tcycsICcxNicsICctdG4nLCAnOCcsICctbWEnLCAnMjAwJywgJy1pbWFlJywgJzxpbmZpbGUubWFlPicsICctb21hZScsICc8b3V0ZmlsZS5tYWU+Jw==,2,33,-3.807,16,56135,16194-1,,9,0.387096191036002,5,-2,39.864,glide-grid_Ab_minmz,67,0.307,0,,-9.62680788150016,182.925,"This compound contains an acetal/aminal-like group ( X-CH(R)-Y where X, Y are N, S, or O) that may be acid/base labile, releasing an aldehyde.",1,0,https:/www/toxplanet.com,-139.188339791746,,0,18,240.007,2.0,0.0,374,0,-20.4349746704102,0.814,-7.919,-0.753967125291099,319401752,0.0,0.1757,110.437545,0.0756406,10,OPLS_2005,0.2117,5,11.0,18,2,1,3.223,"49  10  3
55  13  3
57  14  3
50  19  3
28  2  6
51  20  3
56  21  3
58  22  3
24  35  5
25  68  6
26  69  5
27  70  6
31  3  5
32  39  5
59  62  3
63  65  3
47  8  3
53  8  3
48  9  3
54  9  3",0,15.713,-1.32339690909091,33.079,-1.748,0.072304555446594,477.6,1,319401752-1,-2.14095222790207,0.0,,1620_sdstereoexpander_1_neutralizer_1_epik_1_stereoizer_1,0,0.0
,6.982,1761,503.203,5,7.24052000045776,BCC1203,0.304942915495211,-0.935706567642346,2,0.1757,0,16.95,0.0338599,13,12,-0.29172145095455,0,1,22118,8,26,743.209,0.0,0,4,-0.300812460475847,"1405-41-0
Gentamycin Sulfate",W09IXVtDQF0xKFtDSDNdKVtDQEhdKFtOSF1bQ0gzXSlbQ0BASF0oW09IXSlbQ0BIXShPW0NIMl0xKU9bQ0BASF0yW0NASF0oW09IXSlbQ0BIXShbQ0BASF0oW05IMl0pW0NIMl1bQ0BIXTJbTkgyXSlPW0NASF0zT1tDQEBIXShbQ0BASF0oW0NIM10pW05IXVtDSDNdKVtDSDJdW0NIMl1bQ0BIXTNbTkgyXQ==,-2.3,43.114,0,-2.0,5,0.2114,http://www.biocrick.com/Gentamycin-Sulfate-BCC1203.html,-40.2739181518555,0.0003,-0.407525568617013,1439.651,0,-8.82,2,0,17604,,"44134731  1
1118  2
3467  2
582362  2
588785  2",,2,38,-60.7088928222656,11,8.875,1405-41-0,vsw_Gentamicin_Analog_3-LIGPREP-004-in.maegz,0.8296442,"1
5
255",382155643,-1.041,1,BCC1203,-9.80250788150016,J2VwaWtfcHl0aG9uJywgJy1waCcsICc3LjAwMDAwMCcsICctcGh0JywgJzIuMDAwMDAwJywgJy1tcycsICcxNicsICctdG4nLCAnOCcsICctbWEnLCAnMjAwJywgJy1pbWFlJywgJzxpbmZpbGUubWFlPicsICctb21hZScsICc8b3V0ZmlsZS5tYWU+Jw==,2,33,-3.807,16,56135,17604-1,,-1,0.387096191036002,5,-2,39.864,glide-grid_Ab_minmz,101,0.307,0,,-9.62680788150016,182.925,"This compound contains an acetal/aminal-like group ( X-CH(R)-Y where X, Y are N, S, or O) that may be acid/base labile, releasing an aldehyde.",1,0,https://www.biocrick.com/,-139.188339791746,,0,18,240.007,2.0,0.0,374,0,-20.4349746704102,0.814,-7.919,-0.753967125291099,382155643,0.0,0.1757,110.437545,0.0756406,10,OPLS_2005,0.2117,5,11.0,18,2,1,3.223,"55  13  3
63  17  3
66  18  3
69  19  3
42  2  3
60  2  3
70  20  3
72  21  3
74  22  3
47  27  3
48  28  3
50  29  3
44  3  3
61  3  3
51  30  3
57  31  3
58  32  3
64  33  3
67  34  3
71  35  3
73  36  3
75  37  3
82  38  3
43  4  3
62  4  3
94  40  3
46  5  3
68  5  3
52  6  3
65  6  3
54  7  3
76  7  3
77  81  3
45  8  3
83  86  3
88  96  3
89  95  3
49  9  3",0,15.713,-1.32339690909091,33.079,-1.748,0.0723045503503654,477.6,1,382155643-1,-2.14095222790207,0.0,,1761_sdstereoexpander_1_neutralizer_1_epik_1_stereoizer_1,0,0.0
,6.982,1856,503.199,5,7.24052000045776,sc-207711,0.304942915495211,-0.935706567642346,2,0.1757,0,16.95,0.033871,13,12,-0.29172145095455,0,1,25659,8,61,743.205,0.0,0,6,-0.300812460475847,"25876-10-2
Gentamicin C1 Pentaacetate Salt
Gentamycin",W09IXVtDQF0xKFtDSDNdKVtDQEhdKFtOSF1bQ0gzXSlbQ0BASF0oW09IXSlbQ0BIXShPW0NIMl0xKU9bQ0BASF0yW0NASF0oW09IXSlbQ0BIXShbQ0BASF0oW05IMl0pW0NIMl1bQ0BIXTJbTkgyXSlPW0NASF0zT1tDQEBIXShbQ0BASF0oW0NIM10pW05IXVtDSDNdKVtDSDJdW0NIMl1bQ0BIXTNbTkgyXQ==,-2.3,43.095,0,-2.0,5,0.2114,https://www.scbt.com/p/gentamicin-c1-pentaacetate-salt-25876-10-2,-40.2739181518555,0.0003,-0.407525568617013,1439.191,0,-8.82,2,0,18554,,"57369621  1
176  2
3467  2",,2,13,-60.7088928222656,11,8.875,25876-10-2,vsw_Gentamicin_Analog_3-LIGPREP-004-in.maegz,0.8294723,"1
5
255",472958024,-1.042,1,sc-207711,-9.80250788150016,J2VwaWtfcHl0aG9uJywgJy1waCcsICc3LjAwMDAwMCcsICctcGh0JywgJzIuMDAwMDAwJywgJy1tcycsICcxNicsICctdG4nLCAnOCcsICctbWEnLCAnMjAwJywgJy1pbWFlJywgJzxpbmZpbGUubWFlPicsICctb21hZScsICc8b3V0ZmlsZS5tYWU+Jw==,2,33,-3.81,16,56135,18554-1,"Gentamicin C1 Pentaacetate Salt is an antibiotic complex consisting of closely related components Gentamicins C1, C2, C1a, and also Gentamicin A, which differs from the other members of the complex but is similar to Kanamycin C. Gentamicin C1 Pentaacetate Salt is Antibacterial. Gentamicin C1 Pentaacetate Salt is also known as , and O-2-Amino-2,3,4,6,7-pentadeoxy-6-(methylamino)-a-D-ribo-heptopyranosyl-(14)-O-[3-deoxy-4-C-methyl-3-(methylamino)-b-L-arabinopyranosyl-(16)]-2-deoxy-D-streptamine pentaacetate salt.",-1,0.387096191036002,5,-2,39.856,glide-grid_Ab_minmz,53,0.307,-5,,-9.62680788150016,182.925,"This compound contains an acetal/aminal-like group ( X-CH(R)-Y where X, Y are N, S, or O) that may be acid/base labile, releasing an aldehyde.",1,0,https://www.scbt.com/,-139.188339791746,,0,18,240.007,2.0,0.0,374,0,-20.4349746704102,0.814,-7.922,-0.753967125291099,472958024,0.0,0.1757,110.437544,0.075641,10,OPLS_2005,0.2117,5,11.0,18,2,1,3.223,"23  1  3
29  1  3
26  18  3
27  19  3
24  2  3
30  2  3
31  20  3
34  21  3
25  3  3
35  38  3
39  41  3
32  6  3
33  7  3",0,15.709,-1.32339690909091,33.079,-1.749,0.0723053058123871,477.6,1,472958024-1,-2.14095222790207,0.0,,1856_sdstereoexpander_1_neutralizer_1_epik_1_stereoizer_1,0,0.0
,6.982,1872,503.204,5,7.24052000045776,sc-361877,0.304942915495211,-0.935706567642346,2,0.1757,0,16.95,0.033871,13,12,-0.29172145095455,0,1,25659,8,76,743.21,0.0,0,2,-0.300812460475847,"1405-41-0
Gentamicin sulfate, 100X solution
Gentimicin Sulfate solution
Garamycin solution",W09IXVtDQF0xKFtDSDNdKVtDQEhdKFtOSF1bQ0gzXSlbQ0BASF0oW09IXSlbQ0BIXShPW0NIMl0xKU9bQ0BASF0yW0NASF0oW09IXSlbQ0BIXShbQ0BASF0oW05IMl0pW0NIMl1bQ0BIXTJbTkgyXSlPW0NASF0zT1tDQEBIXShbQ0BASF0oW0NIM10pW05IXVtDSDNdKVtDSDJdW0NIMl1bQ0BIXTNbTkgyXQ==,-2.3,43.095,0,-2.0,5,0.2114,https://www.scbt.com/p/gentamicin-sulfate-100x-solution-1405-41-0,-40.2739181518555,0.0003,-0.407525568617013,1439.196,0,-8.82,2,0,18714,,"44134730  1
1118  2
3467  2",,2,13,-60.7088928222656,11,8.875,1405-41-0,vsw_Gentamicin_Analog_3-LIGPREP-004-in.maegz,0.8294686,"1
5
255",473052862,-1.042,1,sc-361877,-9.80250788150016,J2VwaWtfcHl0aG9uJywgJy1waCcsICc3LjAwMDAwMCcsICctcGh0JywgJzIuMDAwMDAwJywgJy1tcycsICcxNicsICctdG4nLCAnOCcsICctbWEnLCAnMjAwJywgJy1pbWFlJywgJzxpbmZpbGUubWFlPicsICctb21hZScsICc8b3V0ZmlsZS5tYWU+Jw==,2,33,-3.81,16,56135,18714-1,"Gentamicin sulfate, 100X solution, is an aminoglycoside antibiotic which acts by inhibiting protein synthesis in susceptible bacteria. It is active against many strains of Gram-negative bacteria, Pseudomonas aeruginosa, the Gram-positive Staphyloccus aeruginosa as well as some strains of Mycobacterium tuberculosis and mycoplasmas.",-1,0.387096191036002,5,-2,39.856,glide-grid_Ab_minmz,38,0.307,0,,-9.62680788150016,182.925,"This compound contains an acetal/aminal-like group ( X-CH(R)-Y where X, Y are N, S, or O) that may be acid/base labile, releasing an aldehyde.",1,0,https://www.scbt.com/,-139.188339791746,,0,18,240.007,2.0,0.0,374,0,-20.4349746704102,0.814,-7.922,-0.753967125291099,473052862,0.0,0.1757,110.437544,0.0756405,10,OPLS_2005,0.2117,5,11.0,18,2,1,3.223,"21  13  3
22  14  3
25  15  3
29  16  3
18  2  3
24  2  3
28  35  3
19  3  3
27  3  3
30  33  3
34  36  3
20  4  3
26  7  3",0,15.71,-1.32339690909091,33.079,-1.749,0.0723046419672597,477.6,1,473052862-1,-2.14095222790207,0.0,,1872_sdstereoexpander_1_neutralizer_1_epik_1_stereoizer_1,0,0.0
,6.982,1888,503.204,5,7.24052000045776,sc-29066,0.304942915495211,-0.935706567642346,2,0.1757,0,16.95,0.033871,13,12,-0.29172145095455,0,1,,8,91,743.21,0.0,0,2,-0.300812460475847,"1405-41-0
Gentamicin Sulfate, 500X Solution",W09IXVtDQF0xKFtDSDNdKVtDQEhdKFtOSF1bQ0gzXSlbQ0BASF0oW09IXSlbQ0BIXShPW0NIMl0xKU9bQ0BASF0yW0NASF0oW09IXSlbQ0BIXShbQ0BASF0oW05IMl0pW0NIMl1bQ0BIXTJbTkgyXSlPW0NASF0zT1tDQEBIXShbQ0BASF0oW0NIM10pW05IXVtDSDNdKVtDSDJdW0NIMl1bQ0BIXTNbTkgyXQ==,-2.3,43.095,0,-2.0,5,0.2114,https://www.scbt.com/p/gentamicin-sulfate-500x-solution-1405-41-0,-40.2739181518555,0.0003,-0.407525568617013,1439.196,0,-8.82,2,0,18874,,"44134730  1
1118  2
3467  2",,2,13,-60.7088928222656,11,8.875,1405-41-0,vsw_Gentamicin_Analog_3-LIGPREP-004-in.maegz,0.8294686,"1
5
255",473118659,-1.042,1,sc-29066,-9.80250788150016,J2VwaWtfcHl0aG9uJywgJy1waCcsICc3LjAwMDAwMCcsICctcGh0JywgJzIuMDAwMDAwJywgJy1tcycsICcxNicsICctdG4nLCAnOCcsICctbWEnLCAnMjAwJywgJy1pbWFlJywgJzxpbmZpbGUubWFlPicsICctb21hZScsICc8b3V0ZmlsZS5tYWU+Jw==,2,33,-3.81,16,56135,18874-1,"Gentamicin Sulfate, 500X Solution is an aminoglycoside antibiotic which acts by both inhibiting protein synthesis in susceptible bacteria and binding to the surface of gram-negative bacterial cells. The cell binding activity is believed to disrupt the packing of lipopolysacchardes of the outer membrane leading to hole formation and cell lysis. Gentamicin Sulfate, 500X Solution is active against many strains of gram-negative bacteria, Pseudomonas aeruginosa, the gram-positive Staphylococcus aeruginosa as well as some strains of Mycobacterium tuberculosis. Activity: >600 I.U./mg Recommended working concentration: 100 mu g/ml 500X",-1,0.387096191036002,5,-2,39.856,glide-grid_Ab_minmz,38,0.307,0,25659,-9.62680788150016,182.925,"This compound contains an acetal/aminal-like group ( X-CH(R)-Y where X, Y are N, S, or O) that may be acid/base labile, releasing an aldehyde.",1,0,https://www.scbt.com/,-139.188339791746,,0,18,240.007,2.0,0.0,374,0,-20.4349746704102,0.814,-7.922,-0.753967125291099,473118659,0.0,0.1757,110.437544,0.0756405,10,OPLS_2005,0.2117,5,11.0,18,2,1,3.223,"21  13  3
22  14  3
25  15  3
29  16  3
18  2  3
24  2  3
28  35  3
19  3  3
27  3  3
30  33  3
34  36  3
20  4  3
26  7  3",0,15.71,-1.32339690909091,33.079,-1.749,0.0723046419672597,477.6,1,473118659-1,-2.14095222790207,0.0,,1888_sdstereoexpander_1_neutralizer_1_epik_1_stereoizer_1,0,0.0
,6.982,1904,503.203,5,7.24052000045776,2023-05-7C01076,0.304942915495211,-0.935706567642346,2,0.1757,0,16.95,0.0338603,13,12,-0.29172145095455,0,1,,8,106,743.21,0.0,0,3,-0.300812460475847,"PRED-G
PRED G
Prednisolone acetate and gentamicin sulfate
Gentamicin sulfate and prednisolone acetate
Gentamicin sulfate mixture with prednisolone acetate
288392-55-2
Pregna-1,4-diene-3,20-dione, 21-(acetyloxy)-11,17-dihydroxy-, (11beta)-, mixt. with gentamicin sulfate (salt)",W09IXVtDQF0xKFtDSDNdKVtDQEhdKFtOSF1bQ0gzXSlbQ0BASF0oW09IXSlbQ0BIXShPW0NIMl0xKU9bQ0BASF0yW0NASF0oW09IXSlbQ0BIXShbQ0BASF0oW05IMl0pW0NIMl1bQ0BIXTJbTkgyXSlPW0NASF0zT1tDQEBIXShbQ0BASF0oW0NIM10pW05IXVtDSDNdKVtDSDJdW0NIMl1bQ0BIXTNbTkgyXQ==,-2.3,43.114,7,-2.0,5,0.2114,,-40.2739181518555,0.0003,-0.407525568617013,1439.651,0,-8.82,2,0,19034,,"56842138  1
1118  2
3467  2
135233  2",,2,13,-60.7088928222656,11,8.875,288392-55-2,vsw_Gentamicin_Analog_3-LIGPREP-004-in.maegz,0.8296436,"1
5
255",480484847,-1.041,1,2023-05-7C01076,-9.80250788150016,J2VwaWtfcHl0aG9uJywgJy1waCcsICc3LjAwMDAwMCcsICctcGh0JywgJzIuMDAwMDAwJywgJy1tcycsICcxNicsICctdG4nLCAnOCcsICctbWEnLCAnMjAwJywgJy1pbWFlJywgJzxpbmZpbGUubWFlPicsICctb21hZScsICc8b3V0ZmlsZS5tYWU+Jw==,2,33,-3.807,16,56135,19034-1,,-1,0.387096191036002,5,-2,39.864,glide-grid_Ab_minmz,67,0.307,0,25425,-9.62680788150016,182.925,"This compound contains an acetal/aminal-like group ( X-CH(R)-Y where X, Y are N, S, or O) that may be acid/base labile, releasing an aldehyde.",1,0,https://www.starshinechemical.com,-139.188339791746,,0,18,240.007,2.0,0.0,374,0,-20.4349746704102,0.814,-7.919,-0.753967125291099,480484847,0.0,0.1757,110.437544,0.0756405,10,OPLS_2005,0.2117,5,11.0,18,2,1,3.223,"49  10  3
55  13  3
57  14  3
50  19  3
28  2  6
51  20  3
56  21  3
58  22  3
24  35  5
25  68  6
26  69  5
27  70  6
31  3  5
32  39  5
59  62  3
63  65  3
47  8  3
53  8  3
48  9  3
54  9  3",0,15.713,-1.32339690909091,33.079,-1.748,0.0723045665832031,477.6,1,480484847-1,-2.14095222790207,0.0,,1904_sdstereoexpander_1_neutralizer_1_epik_1_stereoizer_1,0,0.0
,6.982,1968,503.204,5,7.24052000045776,evt-7938846,0.304942915495211,-0.935706567642346,2,0.1757,0,16.95,0.033871,13,12,-0.29172145095455,0,1,,8,121,743.21,0.0,0,2,-0.300812460475847,"Garamycin solution
2-[4,6-diamino-3-[3-amino-6-[1-(methylamino)ethyl]oxan-2-yl]oxy-2-hydroxycyclohexyl]oxy-5-methyl-4-(methylamino)oxane-3,5-diol;sulfuric acid",W09IXVtDQF0xKFtDSDNdKVtDQEhdKFtOSF1bQ0gzXSlbQ0BASF0oW09IXSlbQ0BIXShPW0NIMl0xKU9bQ0BASF0yW0NASF0oW09IXSlbQ0BIXShbQ0BASF0oW05IMl0pW0NIMl1bQ0BIXTJbTkgyXSlPW0NASF0zT1tDQEBIXShbQ0BASF0oW0NIM10pW05IXVtDSDNdKVtDSDJdW0NIMl1bQ0BIXTNbTkgyXQ==,-2.3,43.095,0,-2.0,5,0.2114,https://www.evitachem.com/product/evt-7938846,-40.2739181518555,0.0003,-0.407525568617013,1439.196,0,-8.82,2,0,19674,,"44134730  1
1118  2
3467  2",,2,13,-60.7088928222656,11,8.875,,vsw_Gentamicin_Analog_3-LIGPREP-004-in.maegz,0.8294686,"1
5
255",485553491,-1.042,1,evt-7938846,-9.80250788150016,J2VwaWtfcHl0aG9uJywgJy1waCcsICc3LjAwMDAwMCcsICctcGh0JywgJzIuMDAwMDAwJywgJy1tcycsICcxNicsICctdG4nLCAnOCcsICctbWEnLCAnMjAwJywgJy1pbWFlJywgJzxpbmZpbGUubWFlPicsICctb21hZScsICc8b3V0ZmlsZS5tYWU+Jw==,2,33,-3.81,16,56135,19674-1,,-1,0.387096191036002,5,-2,39.856,glide-grid_Ab_minmz,38,0.307,0,26566,-9.62680788150016,182.925,"This compound contains an acetal/aminal-like group ( X-CH(R)-Y where X, Y are N, S, or O) that may be acid/base labile, releasing an aldehyde.",1,0,https://www.evitachem.com,-139.188339791746,,0,18,240.007,2.0,0.0,374,0,-20.4349746704102,0.814,-7.922,-0.753967125291099,485553491,0.0,0.1757,110.437544,0.0756405,10,OPLS_2005,0.2117,5,11.0,18,2,2,3.223,"21  13  3
22  14  3
25  15  3
29  16  3
18  2  3
24  2  3
19  3  3
27  3  3
30  33  3
34  36  3
20  4  3
26  7  3
28  8  3",0,15.71,-1.32339690909091,33.079,-1.749,0.0723046419672597,477.6,1,485553491-1,-2.14095222790207,0.0,,1968_sdstereoexpander_1_neutralizer_1_epik_1_stereoizer_1,0,0.0
,6.982,1390,503.203,5,7.24052000045776,AC1L9W4Q,0.304942915495211,-0.935706567642346,2,0.1757,0,16.95,0.0338707,13,12,-0.29172145095455,,1,708,8,211,743.21,0.0,0,,-0.300812460475847,"2-[4,6-diamino-3-[3-amino-6-[1-(methylamino)ethyl]oxan-2-yl]oxy-2-hydroxycyclohexyl]oxy-5-methyl-4-(methylamino)oxane-3,5-diol; (2S)-2-[2-[[(2S)-1-hydroxybutan-2-yl]amino]ethylamino]butan-1-ol
AC1L9W4Q",W09IXVtDQF0xKFtDSDNdKVtDQEhdKFtOSF1bQ0gzXSlbQ0BASF0oW09IXSlbQ0BIXShPW0NIMl0xKU9bQ0BASF0yW0NASF0oW09IXSlbQ0BIXShbQ0BASF0oW05IMl0pW0NIMl1bQ0BIXTJbTkgyXSlPW0NASF0zT1tDQEBIXShbQ0BASF0oW0NIM10pW05IXVtDSDNdKVtDSDJdW0NIMl1bQ0BIXTNbTkgyXQ==,-2.3,43.095,,-2.0,5,0.2114,,-40.2739181518555,0.0003,-0.407525568617013,1439.196,0,-8.82,2,,13895,,"457186  1
3467  2
14052  2",,2,,-60.7088928222656,11,8.875,,vsw_Gentamicin_Analog_3-LIGPREP-005-in.maegz,0.8294692,"1
3",109721118,-1.042,1,AC1L9W4Q,-9.80250788150016,J2VwaWtfcHl0aG9uJywgJy1waCcsICc3LjAwMDAwMCcsICctcGh0JywgJzIuMDAwMDAwJywgJy1tcycsICcxNicsICctdG4nLCAnOCcsICctbWEnLCAnMjAwJywgJy1pbWFlJywgJzxpbmZpbGUubWFlPicsICctb21hZScsICc8b3V0ZmlsZS5tYWU+Jw==,2,33,-3.81,16,56135,13895-1,"2-[4,6-bis(azanyl)-3-[3-azanyl-6-[1-(methylamino)ethyl]oxan-2-yl]oxy-2-oxidanyl-cyclohexyl]oxy-5-methyl-4-(methylamino)oxane-3,5-diol; (2S)-2-[2-[[(2S)-1-oxidanylbutan-2-yl]amino]ethylamino]butan-1-ol",,0.387096191036002,5,-2,39.856,glide-grid_Ab_minmz,,0.307,0,,-9.62680788150016,182.925,"This compound contains an acetal/aminal-like group ( X-CH(R)-Y where X, Y are N, S, or O) that may be acid/base labile, releasing an aldehyde.",1,0,http://www.abichem.com,-139.188339791746,,0,18,240.007,2.0,0.0,374,0,-20.4349746704102,0.814,-7.922,-0.753967125291099,109721118,0.0,0.1757,110.437544,0.0756405,10,OPLS_2005,0.2117,5,11.0,18,2,1,3.223,"38  15  5
39  16  5",,15.71,-1.32339690909091,33.079,-1.749,0.0723044740267877,477.6,1,109721118-1,-2.14095222790207,0.0,,1390_sdstereoexpander_1_neutralizer_1_epik_1_stereoizer_1,0,0.0
,6.982,1406,503.198,5,7.24052000045776,AC1L9W4T,0.304942915495211,-0.935706567642346,2,0.1757,0,16.95,0.0338602,13,12,-0.29172145095455,,1,708,8,226,743.205,0.0,0,,-0.300812460475847,"AC1L9W4T
N,5-bis(4-chlorophenyl)-3-propan-2-yliminophenazin-2-amine; 2-[4,6-diamino-3-[3-amino-6-[1-(methylamino)ethyl]oxan-2-yl]oxy-2-hydroxycyclohexyl]oxy-5-methyl-4-(methylamino)oxane-3,5-diol",W09IXVtDQF0xKFtDSDNdKVtDQEhdKFtOSF1bQ0gzXSlbQ0BASF0oW09IXSlbQ0BIXShPW0NIMl0xKU9bQ0BASF0yW0NASF0oW09IXSlbQ0BIXShbQ0BASF0oW05IMl0pW0NIMl1bQ0BIXTJbTkgyXSlPW0NASF0zT1tDQEBIXShbQ0BASF0oW0NIM10pW05IXVtDSDNdKVtDSDJdW0NIMl1bQ0BIXTNbTkgyXQ==,-2.3,43.113,,-2.0,5,0.2114,,-40.2739181518555,0.0003,-0.407525568617013,1439.646,0,-8.82,2,,14055,,"457188  1
2794  2
3467  2",,2,,-60.7088928222656,11,8.875,,vsw_Gentamicin_Analog_3-LIGPREP-005-in.maegz,0.8296471,"1
3",109721121,-1.041,1,AC1L9W4T,-9.80250788150016,J2VwaWtfcHl0aG9uJywgJy1waCcsICc3LjAwMDAwMCcsICctcGh0JywgJzIuMDAwMDAwJywgJy1tcycsICcxNicsICctdG4nLCAnOCcsICctbWEnLCAnMjAwJywgJy1pbWFlJywgJzxpbmZpbGUubWFlPicsICctb21hZScsICc8b3V0ZmlsZS5tYWU+Jw==,2,33,-3.807,16,56135,14055-1,"2-[4,6-bis(azanyl)-3-[3-azanyl-6-[1-(methylamino)ethyl]oxan-2-yl]oxy-2-oxidanyl-cyclohexyl]oxy-5-methyl-4-(methylamino)oxane-3,5-diol; N,5-bis(4-chlorophenyl)-3-propan-2-ylimino-phenazin-2-amine",,0.387096191036002,5,-2,39.864,glide-grid_Ab_minmz,,0.307,0,,-9.62680788150016,182.925,"This compound contains an acetal/aminal-like group ( X-CH(R)-Y where X, Y are N, S, or O) that may be acid/base labile, releasing an aldehyde.",1,0,http://www.abichem.com,-139.188339791746,,0,18,240.007,2.0,0.0,374,0,-20.4349746704102,0.814,-7.919,-0.753967125291099,109721121,0.0,0.1757,110.437544,0.075641,10,OPLS_2005,0.2117,5,11.0,18,2,1,3.223,,,15.713,-1.32339690909091,33.079,-1.748,0.0723051690626331,477.6,1,109721121-1,-2.14095222790207,0.0,,1406_sdstereoexpander_1_neutralizer_1_epik_1_stereoizer_1,0,0.0
2011-04-25,6.982,1422,503.203,5,7.24052000045776,44134730,0.304942915495211,-0.935706567642346,2,0.1757,0,16.95,0.0338706,13,12,-0.29172145095455,,1,DiscoveryGate,8,236,743.21,0.0,0,,-0.300812460475847,,W09IXVtDQF0xKFtDSDNdKVtDQEhdKFtOSF1bQ0gzXSlbQ0BASF0oW09IXSlbQ0BIXShPW0NIMl0xKU9bQ0BASF0yW0NASF0oW09IXSlbQ0BIXShbQ0BASF0oW05IMl0pW0NIMl1bQ0BIXTJbTkgyXSlPW0NASF0zT1tDQEBIXShbQ0BASF0oW0NIM10pW05IXVtDSDNdKVtDSDJdW0NIMl1bQ0BIXTNbTkgyXQ==,-2.3,43.095,,-2.0,5,0.2114,https://www.discoverygate.com/interlink/search?KeyName=EXTREG&KeyValue=44134730&Database=INDEX&Source=PUBCHEM,-40.2739181518555,0.0003,-0.407525568617013,1439.196,0,-8.82,2,,14215,,"44134730  1
1118  2
3467  2",,2,,-60.7088928222656,11,8.875,,vsw_Gentamicin_Analog_3-LIGPREP-005-in.maegz,0.8294695,"1
3",120085546,-1.042,1,44134730,-9.80250788150016,J2VwaWtfcHl0aG9uJywgJy1waCcsICc3LjAwMDAwMCcsICctcGh0JywgJzIuMDAwMDAwJywgJy1tcycsICcxNicsICctdG4nLCAnOCcsICctbWEnLCAnMjAwJywgJy1pbWFlJywgJzxpbmZpbGUubWFlPicsICctb21hZScsICc8b3V0ZmlsZS5tYWU+Jw==,2,33,-3.81,16,56135,14215-1,,,0.387096191036002,5,-2,39.856,glide-grid_Ab_minmz,,0.307,0,,-9.62680788150016,182.925,"This compound contains an acetal/aminal-like group ( X-CH(R)-Y where X, Y are N, S, or O) that may be acid/base labile, releasing an aldehyde.",1,0,https://www.discoverygate.com,-139.188339791746,,0,18,240.007,2.0,0.0,374,0,-20.4349746704102,0.814,-7.922,-0.753967125291099,120085546,0.0,0.1757,110.437545,0.0756406,10,OPLS_2005,0.2117,5,11.0,18,2,1,3.223,,,15.71,-1.32339690909091,33.079,-1.749,0.0723044987672535,477.6,1,120085546-1,-2.14095222790207,0.0,,1422_sdstereoexpander_1_neutralizer_1_epik_1_stereoizer_1,0,0.0
,6.982,12,503.204,5,7.24052000045776,3966765,0.304942915495211,-0.935706567642346,2,0.1757,0,16.95,0.0338711,13,12,-0.29172145095455,,1,ChemDB,8,61,743.211,0.0,0,,-0.300812460475847,,W09IXVtDQF0xKFtDSDNdKVtDQEhdKFtOSF1bQ0gzXSlbQ0BASF0oW09IXSlbQ0BIXShPW0NIMl0xKU9bQ0BASF0yW0NASF0oW09IXSlbQ0BIXShbQ0BASF0oW05IMl0pW0NIMl1bQ0BIXTJbTkgyXSlPW0NASF0zT1tDQEBIXShbQ0BASF0oW0NIM10pW05IXVtDSDNdKVtDSDJdW0NIMl1bQ0BIXTNbTkgyXQ==,-2.3,43.095,,-2.0,5,0.2114,http://cdb.ics.uci.edu/CHEMDB/Web/cgibin/ChemicalDetailWeb.py?chemical_id=3966765,-40.2739181518555,0.0003,-0.407525568617013,1439.197,0,-8.82,2,,116,,3467  1,,2,,-60.7088928222656,11,8.875,,vsw_Gentamicin_Analog_3-LIGPREP-006-in.maegz,0.8294679,,4652583,-1.042,1,3966765,-9.80250788150016,J2VwaWtfcHl0aG9uJywgJy1waCcsICc3LjAwMDAwMCcsICctcGh0JywgJzIuMDAwMDAwJywgJy1tcycsICcxNicsICctdG4nLCAnOCcsICctbWEnLCAnMjAwJywgJy1pbWFlJywgJzxpbmZpbGUubWFlPicsICctb21hZScsICc8b3V0ZmlsZS5tYWU+Jw==,2,33,-3.81,16,56135,116-1,,,0.387096191036002,5,-2,39.856,glide-grid_Ab_minmz,,0.307,0,,-9.62680788150016,182.925,"This compound contains an acetal/aminal-like group ( X-CH(R)-Y where X, Y are N, S, or O) that may be acid/base labile, releasing an aldehyde.",1,0,http://cdb.ics.uci.edu,-139.188339791746,,0,18,240.007,2.0,0.0,374,0,-20.4349746704102,0.814,-7.922,-0.753967125291099,4652583,0.0,0.1757,110.437544,0.0756404,10,OPLS_2005,0.2117,5,11.0,18,2,1,3.223,,,15.71,-1.32339690909091,33.079,-1.749,0.0723048840946465,477.6,1,4652583-1,-2.14095222790207,0.0,,12_sdstereoexpander_1_neutralizer_1_epik_1_stereoizer_1,0,0.0
,6.982,28,503.204,5,7.24052000045776,3467,0.304942915495211,-0.935706567642346,2,0.1757,0,16.95,0.0338711,13,12,-0.29172145095455,,1,DiscoveryGate,8,76,743.211,0.0,0,,-0.300812460475847,,W09IXVtDQF0xKFtDSDNdKVtDQEhdKFtOSF1bQ0gzXSlbQ0BASF0oW09IXSlbQ0BIXShPW0NIMl0xKU9bQ0BASF0yW0NASF0oW09IXSlbQ0BIXShbQ0BASF0oW05IMl0pW0NIMl1bQ0BIXTJbTkgyXSlPW0NASF0zT1tDQEBIXShbQ0BASF0oW0NIM10pW05IXVtDSDNdKVtDSDJdW0NIMl1bQ0BIXTNbTkgyXQ==,-2.3,43.095,,-2.0,5,0.2114,https://www.discoverygate.com/interlink/search?KeyName=EXTREG&KeyValue=3467&Database=INDEX&Source=PUBCHEM,-40.2739181518555,0.0003,-0.407525568617013,1439.197,0,-8.82,2,,276,,3467  1,,2,,-60.7088928222656,11,8.875,,vsw_Gentamicin_Analog_3-LIGPREP-006-in.maegz,0.8294679,"1
3",8152203,-1.042,1,3467,-9.80250788150016,J2VwaWtfcHl0aG9uJywgJy1waCcsICc3LjAwMDAwMCcsICctcGh0JywgJzIuMDAwMDAwJywgJy1tcycsICcxNicsICctdG4nLCAnOCcsICctbWEnLCAnMjAwJywgJy1pbWFlJywgJzxpbmZpbGUubWFlPicsICctb21hZScsICc8b3V0ZmlsZS5tYWU+Jw==,2,33,-3.81,16,56135,276-1,,,0.387096191036002,5,-2,39.856,glide-grid_Ab_minmz,,0.307,0,,-9.62680788150016,182.925,"This compound contains an acetal/aminal-like group ( X-CH(R)-Y where X, Y are N, S, or O) that may be acid/base labile, releasing an aldehyde.",1,0,https://www.discoverygate.com,-139.188339791746,,0,18,240.007,2.0,0.0,374,0,-20.4349746704102,0.814,-7.922,-0.753967125291099,8152203,0.0,0.1757,110.437544,0.0756404,10,OPLS_2005,0.2117,5,11.0,18,2,4,3.223,,,15.71,-1.32339690909091,33.079,-1.749,0.0723048840946465,477.6,1,8152203-1,-2.14095222790207,0.0,,28_sdstereoexpander_1_neutralizer_1_epik_1_stereoizer_1,0,0.0
,6.982,44,503.204,5,7.24052000045776,3348,0.304942915495211,-0.935706567642346,2,0.1757,0,16.95,0.033871,13,12,-0.29172145095455,,1,ChemSpider,8,91,743.211,0.0,0,,-0.300812460475847,,W09IXVtDQF0xKFtDSDNdKVtDQEhdKFtOSF1bQ0gzXSlbQ0BASF0oW09IXSlbQ0BIXShPW0NIMl0xKU9bQ0BASF0yW0NASF0oW09IXSlbQ0BIXShbQ0BASF0oW05IMl0pW0NIMl1bQ0BIXTJbTkgyXSlPW0NASF0zT1tDQEBIXShbQ0BASF0oW0NIM10pW05IXVtDSDNdKVtDSDJdW0NIMl1bQ0BIXTNbTkgyXQ==,-2.3,43.095,,-2.0,5,0.2114,http://www.chemspider.com/Chemical-Structure.3348.html,-40.2739181518555,0.0003,-0.407525568617013,1439.197,0,-8.82,2,,436,,3467  1,,2,,-60.7088928222656,11,8.875,,vsw_Gentamicin_Analog_3-LIGPREP-006-in.maegz,0.829468,"1
3",29222600,-1.042,1,3348,-9.80250788150016,J2VwaWtfcHl0aG9uJywgJy1waCcsICc3LjAwMDAwMCcsICctcGh0JywgJzIuMDAwMDAwJywgJy1tcycsICcxNicsICctdG4nLCAnOCcsICctbWEnLCAnMjAwJywgJy1pbWFlJywgJzxpbmZpbGUubWFlPicsICctb21hZScsICc8b3V0ZmlsZS5tYWU+Jw==,2,33,-3.81,16,56135,436-1,,,0.387096191036002,5,-2,39.856,glide-grid_Ab_minmz,,0.307,0,,-9.62680788150016,182.925,"This compound contains an acetal/aminal-like group ( X-CH(R)-Y where X, Y are N, S, or O) that may be acid/base labile, releasing an aldehyde.",1,0,http://www.chemspider.com,-139.188339791746,,0,18,240.007,2.0,0.0,374,0,-20.4349746704102,0.814,-7.922,-0.753967125291099,29222600,0.0,0.1757,110.437544,0.0756404,10,OPLS_2005,0.2117,5,11.0,18,2,1,3.223,"13  1  3
19  1  3
20  10  3
24  11  3
14  2  3
22  2  3
29  31  3
15  3  3
25  5  3
21  6  3
23  7  3
16  8  3
17  9  3",,15.71,-1.32339690909091,33.079,-1.749,0.0723048607778192,477.6,1,29222600-1,-2.14095222790207,0.0,,44_sdstereoexpander_1_neutralizer_1_epik_1_stereoizer_1,0,0.0
,6.982,92,503.204,5,7.24052000045776,3467,0.304942915495211,-0.935706567642346,2,0.1757,0,16.95,0.0338711,13,12,-0.29172145095455,,1,NovoSeek,8,121,743.211,0.0,0,,-0.300812460475847,,W09IXVtDQF0xKFtDSDNdKVtDQEhdKFtOSF1bQ0gzXSlbQ0BASF0oW09IXSlbQ0BIXShPW0NIMl0xKU9bQ0BASF0yW0NASF0oW09IXSlbQ0BIXShbQ0BASF0oW05IMl0pW0NIMl1bQ0BIXTJbTkgyXSlPW0NASF0zT1tDQEBIXShbQ0BASF0oW0NIM10pW05IXVtDSDNdKVtDSDJdW0NIMl1bQ0BIXTNbTkgyXQ==,-2.3,43.095,,-2.0,5,0.2114,http://www.novoseek.com/AccessPoint.action?corpus=MEDLINE&externalDBId=cid%3d3467&DBName=pubchem&actionName=search&bioType=drug,-40.2739181518555,0.0003,-0.407525568617013,1439.197,0,-8.82,2,,916,,3467  1,,2,,-60.7088928222656,11,8.875,,vsw_Gentamicin_Analog_3-LIGPREP-006-in.maegz,0.8294679,"1
3",57321817,-1.042,1,3467,-9.80250788150016,J2VwaWtfcHl0aG9uJywgJy1waCcsICc3LjAwMDAwMCcsICctcGh0JywgJzIuMDAwMDAwJywgJy1tcycsICcxNicsICctdG4nLCAnOCcsICctbWEnLCAnMjAwJywgJy1pbWFlJywgJzxpbmZpbGUubWFlPicsICctb21hZScsICc8b3V0ZmlsZS5tYWU+Jw==,2,33,-3.81,16,56135,916-1,,,0.387096191036002,5,-2,39.856,glide-grid_Ab_minmz,,0.307,0,,-9.62680788150016,182.925,"This compound contains an acetal/aminal-like group ( X-CH(R)-Y where X, Y are N, S, or O) that may be acid/base labile, releasing an aldehyde.",1,0,http://www.novoseek.com,-139.188339791746,,0,18,240.007,2.0,0.0,374,0,-20.4349746704102,0.814,-7.922,-0.753967125291099,57321817,0.0,0.1757,110.437544,0.0756404,10,OPLS_2005,0.2117,5,11.0,18,2,1,3.223,,,15.71,-1.32339690909091,33.079,-1.749,0.0723048840946465,477.6,1,57321817-1,-2.14095222790207,0.0,,92_sdstereoexpander_1_neutralizer_1_epik_1_stereoizer_1,0,0.0
,6.982,172,503.204,5,7.24052000045776,AC1L1G02,0.304942915495211,-0.935706567642346,2,0.1757,0,16.95,0.0338711,13,12,-0.29172145095455,,1,708,8,196,743.211,0.0,0,,-0.300812460475847,"2-[4,6-diamino-3-[3-amino-6-[1-(methylamino)ethyl]oxan-2-yl]oxy-2-hydroxycyclohexyl]oxy-5-methyl-4-(methylamino)oxane-3,5-diol
AC1L1G02",W09IXVtDQF0xKFtDSDNdKVtDQEhdKFtOSF1bQ0gzXSlbQ0BASF0oW09IXSlbQ0BIXShPW0NIMl0xKU9bQ0BASF0yW0NASF0oW09IXSlbQ0BIXShbQ0BASF0oW05IMl0pW0NIMl1bQ0BIXTJbTkgyXSlPW0NASF0zT1tDQEBIXShbQ0BASF0oW0NIM10pW05IXVtDSDNdKVtDSDJdW0NIMl1bQ0BIXTNbTkgyXQ==,-2.3,43.095,,-2.0,5,0.2114,,-40.2739181518555,0.0003,-0.407525568617013,1439.197,0,-8.82,2,,1716,,3467  1,,2,,-60.7088928222656,11,8.875,,vsw_Gentamicin_Analog_3-LIGPREP-006-in.maegz,0.8294679,"1
3",104303599,-1.042,1,AC1L1G02,-9.80250788150016,J2VwaWtfcHl0aG9uJywgJy1waCcsICc3LjAwMDAwMCcsICctcGh0JywgJzIuMDAwMDAwJywgJy1tcycsICcxNicsICctdG4nLCAnOCcsICctbWEnLCAnMjAwJywgJy1pbWFlJywgJzxpbmZpbGUubWFlPicsICctb21hZScsICc8b3V0ZmlsZS5tYWU+Jw==,2,33,-3.81,16,56135,1716-1,"2-[4,6-bis(azanyl)-3-[3-azanyl-6-[1-(methylamino)ethyl]oxan-2-yl]oxy-2-oxidanyl-cyclohexyl]oxy-5-methyl-4-(methylamino)oxane-3,5-diol",,0.387096191036002,5,-2,39.856,glide-grid_Ab_minmz,,0.307,0,,-9.62680788150016,182.925,"This compound contains an acetal/aminal-like group ( X-CH(R)-Y where X, Y are N, S, or O) that may be acid/base labile, releasing an aldehyde.",1,0,http://www.abichem.com,-139.188339791746,,0,18,240.007,2.0,0.0,374,0,-20.4349746704102,0.814,-7.922,-0.753967125291099,104303599,0.0,0.1757,110.437544,0.0756404,10,OPLS_2005,0.2117,5,11.0,18,2,1,3.223,,,15.71,-1.32339690909091,33.079,-1.749,0.0723048840946465,477.6,1,104303599-1,-2.14095222790207,0.0,,172_sdstereoexpander_1_neutralizer_1_epik_1_stereoizer_1,0,0.0
,6.982,204,503.204,5,7.24052000045776,2159,0.304942915495211,-0.935706567642346,2,0.1757,0,16.95,0.0338711,13,12,-0.29172145095455,,1,770,8,216,743.211,0.0,0,,-0.300812460475847,"1403-66-3
Cidomycin
Garamycin
Garasol
Gentacycol
Gentamicin
Gentamicin antibiotic complex
Gentamicin complex consisting of factors gentamicin C1 and C2
Gentamicina
Gentamicine
Gentamicinum
Gentamycin-creme
Gentamycinum
Uromycine",W09IXVtDQF0xKFtDSDNdKVtDQEhdKFtOSF1bQ0gzXSlbQ0BASF0oW09IXSlbQ0BIXShPW0NIMl0xKU9bQ0BASF0yW0NASF0oW09IXSlbQ0BIXShbQ0BASF0oW05IMl0pW0NIMl1bQ0BIXTJbTkgyXSlPW0NASF0zT1tDQEBIXShbQ0BASF0oW0NIM10pW05IXVtDSDNdKVtDSDJdW0NIMl1bQ0BIXTNbTkgyXQ==,-2.3,43.095,,-2.0,5,0.2114,http://www.manetec-52.de/apps/amicbase_drugs-online/base.nsf/WebMain4?SearchView&Query=%28%5BDocType%5D=%22DataFormular%22%29%20AND%20%28%5BLine_1_S%5D=%28%222159*%22%29%29&SearchWV=FALSE&SearchOrder=4&SearchMax=0&Count=50&Start=1&SearchBasis=extern2&FromView=WebMain4,-40.2739181518555,0.0003,-0.407525568617013,1439.197,0,-8.82,2,,2036,,3467  1,"159
195
196
197
198
202
210
214
234
235
236
237
263
283
287
292
294
303
316
329
357
470
471
480
485
504
507
511
518
520
529
539
544
545
546
547
548
549
550
562
569
570
571
573
575
582
584
585
586
587
588
594
595
596
599
613
614
615
621
622
623
624
630
632
642
644
645
646
648
666
670
703
714
715
727
731
745
747
774
780
781
782
783
785
786
787
788
803
807
817
837
851
944
945
948
955
1034
1035
1243
1245
1246
1249
1254
1255
1270
1280
1282
1283
1285
1290
1292
1301
1302
1303
1305
1309
1310
1313
1314
1328
1333
1335
1341
1350
1351
1352
1353
1358
1376
1392
1396
1402
1404
1405
1406
1408
1421
1423
1485
1490
1505
1509
1513
1542
1578
1583
1639
1659
1661
1670
1725
1747
1771
1772
1773
1817
2039
2045
2093
2096
2098
2099
2104
2115
2121
2124
2702
4929
4932
5476
5480
5482
5551
13373
13689
28037
28080
28131
28132
28144
28147
28450
29385
29388
29459
29460
29461
29908
32002
33047
33053
33945
33964
33966
33968
33990
33991
33992
34041
35755
35788
35789
35790
35791
35792
35793
35794
36855
37326
37734
37816
38323
40324
42862
43767
45261
45262
46126
47885
48409
53023
53254
53345
54388
56877
56878
56946
56976
56977
56978
57045
57046
58095
59732
63405
66695
71452
75985
80866
81846
90370
98360
108619
114517
115981
117541
119912
149385
149391
149539
151414
151416
151419
151454
168932
211460
224727
384602
483687
523103
746128
905066
940231",2,,-60.7088928222656,11,8.875,1403-66-3,vsw_Gentamicin_Analog_3-LIGPREP-006-in.maegz,0.8294679,"1
3",124766025,-1.042,1,2159,-9.80250788150016,J2VwaWtfcHl0aG9uJywgJy1waCcsICc3LjAwMDAwMCcsICctcGh0JywgJzIuMDAwMDAwJywgJy1tcycsICcxNicsICctdG4nLCAnOCcsICctbWEnLCAnMjAwJywgJy1pbWFlJywgJzxpbmZpbGUubWFlPicsICctb21hZScsICc8b3V0ZmlsZS5tYWU+Jw==,2,33,-3.81,16,56135,2036-1,,,0.387096191036002,5,-2,39.856,glide-grid_Ab_minmz,,0.307,0,,-9.62680788150016,182.925,"This compound contains an acetal/aminal-like group ( X-CH(R)-Y where X, Y are N, S, or O) that may be acid/base labile, releasing an aldehyde.",1,0,http://www.reviewscience.com,-139.188339791746,,0,18,240.007,2.0,0.0,374,0,-20.4349746704102,0.814,-7.922,-0.753967125291099,124766025,0.0,0.1757,110.437544,0.0756404,10,OPLS_2005,0.2117,5,11.0,18,2,1,3.223,,,15.71,-1.32339690909091,33.079,-1.749,0.0723048840946465,477.6,1,124766025-1,-2.14095222790207,0.0,,204_sdstereoexpander_1_neutralizer_1_epik_1_stereoizer_1,0,0.0
,6.982,252,503.204,5,7.24052000045776,49429831,0.304942915495211,-0.935706567642346,2,0.1757,0,16.95,0.0338711,13,12,-0.29172145095455,,1,814,8,256,743.211,0.0,0,,-0.300812460475847,"1403-66-3
Gentamicin",W09IXVtDQF0xKFtDSDNdKVtDQEhdKFtOSF1bQ0gzXSlbQ0BASF0oW09IXSlbQ0BIXShPW0NIMl0xKU9bQ0BASF0yW0NASF0oW09IXSlbQ0BIXShbQ0BASF0oW05IMl0pW0NIMl1bQ0BIXTJbTkgyXSlPW0NASF0zT1tDQEBIXShbQ0BASF0oW0NIM10pW05IXVtDSDNdKVtDSDJdW0NIMl1bQ0BIXTNbTkgyXQ==,-2.3,43.095,,-2.0,5,0.2114,http://www.chemmol.com/chemmol/49429831.html,-40.2739181518555,0.0003,-0.407525568617013,1439.197,0,-8.82,2,,2516,,3467  1,,2,,-60.7088928222656,11,8.875,1403-66-3,vsw_Gentamicin_Analog_3-LIGPREP-006-in.maegz,0.8294679,"1
3",126691181,-1.042,1,49429831,-9.80250788150016,J2VwaWtfcHl0aG9uJywgJy1waCcsICc3LjAwMDAwMCcsICctcGh0JywgJzIuMDAwMDAwJywgJy1tcycsICcxNicsICctdG4nLCAnOCcsICctbWEnLCAnMjAwJywgJy1pbWFlJywgJzxpbmZpbGUubWFlPicsICctb21hZScsICc8b3V0ZmlsZS5tYWU+Jw==,2,33,-3.81,16,56135,2516-1,,,0.387096191036002,5,-2,39.856,glide-grid_Ab_minmz,,0.307,0,,-9.62680788150016,182.925,"This compound contains an acetal/aminal-like group ( X-CH(R)-Y where X, Y are N, S, or O) that may be acid/base labile, releasing an aldehyde.",1,0,http://chemmol.com/suppliers/ChemMol/494/1/,-139.188339791746,,0,18,240.007,2.0,0.0,374,0,-20.4349746704102,0.814,-7.922,-0.753967125291099,126691181,0.0,0.1757,110.437544,0.0756404,10,OPLS_2005,0.2117,5,11.0,18,2,1,3.223,,,15.71,-1.32339690909091,33.079,-1.749,0.0723048840946465,477.6,1,126691181-1,-2.14095222790207,0.0,,252_sdstereoexpander_1_neutralizer_1_epik_1_stereoizer_1,0,0.0
,6.982,268,503.204,5,7.24052000045776,123871-EP2292088A1,0.304942915495211,-0.935706567642346,2,0.1757,0,16.95,0.0338711,13,12,-0.29172145095455,,1,826,8,271,743.211,0.0,0,,-0.300812460475847,"123871-EP2292088A1
gentamycin",W09IXVtDQF0xKFtDSDNdKVtDQEhdKFtOSF1bQ0gzXSlbQ0BASF0oW09IXSlbQ0BIXShPW0NIMl0xKU9bQ0BASF0yW0NASF0oW09IXSlbQ0BIXShbQ0BASF0oW05IMl0pW0NIMl1bQ0BIXTJbTkgyXSlPW0NASF0zT1tDQEBIXShbQ0BASF0oW0NIM10pW05IXVtDSDNdKVtDSDJdW0NIMl1bQ0BIXTNbTkgyXQ==,-2.3,43.095,,-2.0,5,0.2114,,-40.2739181518555,0.0003,-0.407525568617013,1439.197,0,-8.82,2,,2676,,3467  1,,2,,-60.7088928222656,11,8.875,,vsw_Gentamicin_Analog_3-LIGPREP-006-in.maegz,0.8294679,,127340104,-1.042,1,123871-EP2292088A1,-9.80250788150016,J2VwaWtfcHl0aG9uJywgJy1waCcsICc3LjAwMDAwMCcsICctcGh0JywgJzIuMDAwMDAwJywgJy1tcycsICcxNicsICctdG4nLCAnOCcsICctbWEnLCAnMjAwJywgJy1pbWFlJywgJzxpbmZpbGUubWFlPicsICctb21hZScsICc8b3V0ZmlsZS5tYWU+Jw==,2,33,-3.81,16,56135,2676-1,"Mutant receptors and their use in a nuclear receptor-based inducible gene expression system http://worldwide.espacenet.com/publicationDetails/biblio?FT=D&CC=EP&NR=2292088A1&KC=A1
Patent Number: EP2292088A1
Publication Date: 2011-03-09
Classifications: C07K14/435A3, A61K31/16, A61K31/47, C07D215/44, C07H21/04, C12N15/62
Applicant(s): INTREXON CORP [US]
Hits: Description",,0.387096191036002,5,-2,39.856,glide-grid_Ab_minmz,,0.307,0,,-9.62680788150016,182.925,"This compound contains an acetal/aminal-like group ( X-CH(R)-Y where X, Y are N, S, or O) that may be acid/base labile, releasing an aldehyde.",1,0,,-139.188339791746,,0,18,240.007,2.0,0.0,374,0,-20.4349746704102,0.814,-7.922,-0.753967125291099,127340104,0.0,0.1757,110.437544,0.0756404,10,OPLS_2005,0.2117,5,11.0,18,2,1,3.223,,,15.71,-1.32339690909091,33.079,-1.749,0.0723048840946465,477.6,1,127340104-1,-2.14095222790207,0.0,,268_sdstereoexpander_1_neutralizer_1_epik_1_stereoizer_1,0,0.0
,6.982,284,503.204,5,7.24052000045776,123871-EP2295422A2,0.304942915495211,-0.935706567642346,2,0.1757,0,16.95,0.0338711,13,12,-0.29172145095455,,1,826,8,286,743.211,0.0,0,,-0.300812460475847,"123871-EP2295422A2
gentamycin",W09IXVtDQF0xKFtDSDNdKVtDQEhdKFtOSF1bQ0gzXSlbQ0BASF0oW09IXSlbQ0BIXShPW0NIMl0xKU9bQ0BASF0yW0NASF0oW09IXSlbQ0BIXShbQ0BASF0oW05IMl0pW0NIMl1bQ0BIXTJbTkgyXSlPW0NASF0zT1tDQEBIXShbQ0BASF0oW0NIM10pW05IXVtDSDNdKVtDSDJdW0NIMl1bQ0BIXTNbTkgyXQ==,-2.3,43.095,,-2.0,5,0.2114,,-40.2739181518555,0.0003,-0.407525568617013,1439.197,0,-8.82,2,,2836,,3467  1,,2,,-60.7088928222656,11,8.875,,vsw_Gentamicin_Analog_3-LIGPREP-006-in.maegz,0.8294679,,127340105,-1.042,1,123871-EP2295422A2,-9.80250788150016,J2VwaWtfcHl0aG9uJywgJy1waCcsICc3LjAwMDAwMCcsICctcGh0JywgJzIuMDAwMDAwJywgJy1tcycsICcxNicsICctdG4nLCAnOCcsICctbWEnLCAnMjAwJywgJy1pbWFlJywgJzxpbmZpbGUubWFlPicsICctb21hZScsICc8b3V0ZmlsZS5tYWU+Jw==,2,33,-3.81,16,56135,2836-1,"Glucopyranosyl substituted benzol derivatives, pharmaceutical compositions containing these compounds, use thereof and method for their production http://worldwide.espacenet.com/publicationDetails/biblio?FT=D&CC=EP&NR=2295422A2&KC=A2
Patent Number: EP2295422A2
Publication Date: 2011-03-16
Classifications: C07D309/10, C07H15/04
Applicant(s): BOEHRINGER INGELHEIM INT [DE], BOEHRINGER INGELHEIM PHARMA [DE]
Hits: Description",,0.387096191036002,5,-2,39.856,glide-grid_Ab_minmz,,0.307,0,,-9.62680788150016,182.925,"This compound contains an acetal/aminal-like group ( X-CH(R)-Y where X, Y are N, S, or O) that may be acid/base labile, releasing an aldehyde.",1,0,,-139.188339791746,,0,18,240.007,2.0,0.0,374,0,-20.4349746704102,0.814,-7.922,-0.753967125291099,127340105,0.0,0.1757,110.437544,0.0756404,10,OPLS_2005,0.2117,5,11.0,18,2,1,3.223,,,15.71,-1.32339690909091,33.079,-1.749,0.0723048840946465,477.6,1,127340105-1,-2.14095222790207,0.0,,284_sdstereoexpander_1_neutralizer_1_epik_1_stereoizer_1,0,0.0
,6.982,300,503.204,5,7.24052000045776,123871-EP2295439A1,0.304942915495211,-0.935706567642346,2,0.1757,0,16.95,0.0338711,13,12,-0.29172145095455,,1,826,8,301,743.211,0.0,0,,-0.300812460475847,"123871-EP2295439A1
gentamycin",W09IXVtDQF0xKFtDSDNdKVtDQEhdKFtOSF1bQ0gzXSlbQ0BASF0oW09IXSlbQ0BIXShPW0NIMl0xKU9bQ0BASF0yW0NASF0oW09IXSlbQ0BIXShbQ0BASF0oW05IMl0pW0NIMl1bQ0BIXTJbTkgyXSlPW0NASF0zT1tDQEBIXShbQ0BASF0oW0NIM10pW05IXVtDSDNdKVtDSDJdW0NIMl1bQ0BIXTNbTkgyXQ==,-2.3,43.095,,-2.0,5,0.2114,,-40.2739181518555,0.0003,-0.407525568617013,1439.197,0,-8.82,2,,2996,,3467  1,,2,,-60.7088928222656,11,8.875,,vsw_Gentamicin_Analog_3-LIGPREP-006-in.maegz,0.8294679,,127340106,-1.042,1,123871-EP2295439A1,-9.80250788150016,J2VwaWtfcHl0aG9uJywgJy1waCcsICc3LjAwMDAwMCcsICctcGh0JywgJzIuMDAwMDAwJywgJy1tcycsICcxNicsICctdG4nLCAnOCcsICctbWEnLCAnMjAwJywgJy1pbWFlJywgJzxpbmZpbGUubWFlPicsICctb21hZScsICc8b3V0ZmlsZS5tYWU+Jw==,2,33,-3.81,16,56135,2996-1,"Substituted pyrazolopyrimidines, a process for their preparation and their use as medicine http://worldwide.espacenet.com/publicationDetails/biblio?FT=D&CC=EP&NR=2295439A1&KC=A1
Patent Number: EP2295439A1
Publication Date: 2011-03-16
Classifications: C07D487/04, C07D519/00
Applicant(s): MERZ PHARMA GMBH & CO KGAA [DE]
Hits: Description",,0.387096191036002,5,-2,39.856,glide-grid_Ab_minmz,,0.307,0,,-9.62680788150016,182.925,"This compound contains an acetal/aminal-like group ( X-CH(R)-Y where X, Y are N, S, or O) that may be acid/base labile, releasing an aldehyde.",1,0,,-139.188339791746,,0,18,240.007,2.0,0.0,374,0,-20.4349746704102,0.814,-7.922,-0.753967125291099,127340106,0.0,0.1757,110.437544,0.0756404,10,OPLS_2005,0.2117,5,11.0,18,2,1,3.223,,,15.71,-1.32339690909091,33.079,-1.749,0.0723048840946465,477.6,1,127340106-1,-2.14095222790207,0.0,,300_sdstereoexpander_1_neutralizer_1_epik_1_stereoizer_1,0,0.0
,6.982,444,503.204,5,7.24052000045776,BC657258,0.304942915495211,-0.935706567642346,2,0.1757,0,16.95,0.0338711,13,12,-0.29172145095455,0,1,4415,8,361,743.211,0.0,0,1,-0.300812460475847,"1403-66-3
BC657258
Gentamicin",W09IXVtDQF0xKFtDSDNdKVtDQEhdKFtOSF1bQ0gzXSlbQ0BASF0oW09IXSlbQ0BIXShPW0NIMl0xKU9bQ0BASF0yW0NASF0oW09IXSlbQ0BIXShbQ0BASF0oW05IMl0pW0NIMl1bQ0BIXTJbTkgyXSlPW0NASF0zT1tDQEBIXShbQ0BASF0oW0NIM10pW05IXVtDSDNdKVtDSDJdW0NIMl1bQ0BIXTNbTkgyXQ==,-2.3,43.095,0,-2.0,5,0.2114,http://www.boerchem.com/?product_39082.html,-40.2739181518555,0.0003,-0.407525568617013,1439.197,0,-8.82,2,0,4436,,3467  1,,2,13,-60.7088928222656,11,8.875,1403-66-3,vsw_Gentamicin_Analog_3-LIGPREP-006-in.maegz,0.8294679,"1
5
255",196105377,-1.042,1,BC657258,-9.80250788150016,J2VwaWtfcHl0aG9uJywgJy1waCcsICc3LjAwMDAwMCcsICctcGh0JywgJzIuMDAwMDAwJywgJy1tcycsICcxNicsICctdG4nLCAnOCcsICctbWEnLCAnMjAwJywgJy1pbWFlJywgJzxpbmZpbGUubWFlPicsICctb21hZScsICc8b3V0ZmlsZS5tYWU+Jw==,2,33,-3.81,16,56135,4436-1,,1,0.387096191036002,5,-2,39.856,glide-grid_Ab_minmz,33,0.307,0,,-9.62680788150016,182.925,"This compound contains an acetal/aminal-like group ( X-CH(R)-Y where X, Y are N, S, or O) that may be acid/base labile, releasing an aldehyde.",1,0,http://www.boerchem.com/,-139.188339791746,,0,18,240.007,2.0,0.0,374,0,-20.4349746704102,0.814,-7.922,-0.753967125291099,196105377,0.0,0.1757,110.437544,0.0756404,10,OPLS_2005,0.2117,5,11.0,18,2,2,3.223,"13  1  3
19  1  3
20  10  3
24  11  3
14  2  3
22  2  3
25  28  3
29  31  3
15  4  3
21  6  3
23  7  3
16  8  3
17  9  3",0,15.71,-1.32339690909091,33.079,-1.749,0.0723048840946465,477.6,1,196105377-1,-2.14095222790207,0.0,,444_sdstereoexpander_1_neutralizer_1_epik_1_stereoizer_1,0,0.0
,6.982,460,503.204,5,7.24052000045776,AN-49150,0.304942915495211,-0.935706567642346,2,0.1757,0,16.95,0.0338711,13,12,-0.29172145095455,,1,4456,8,376,743.211,0.0,0,,-0.300812460475847,"2-[4,6-diamino-3-[3-amino-6-[1-(methylamino)ethyl]tetrahydropyran-2-yl]oxy-2-hydroxy-cyclohexoxy]-5-methyl-4-(methylamino)tetrahydropyran-3,5-diol
AN-49150",W09IXVtDQF0xKFtDSDNdKVtDQEhdKFtOSF1bQ0gzXSlbQ0BASF0oW09IXSlbQ0BIXShPW0NIMl0xKU9bQ0BASF0yW0NASF0oW09IXSlbQ0BIXShbQ0BASF0oW05IMl0pW0NIMl1bQ0BIXTJbTkgyXSlPW0NASF0zT1tDQEBIXShbQ0BASF0oW0NIM10pW05IXVtDSDNdKVtDSDJdW0NIMl1bQ0BIXTNbTkgyXQ==,-2.3,43.095,,-2.0,5,0.2114,,-40.2739181518555,0.0003,-0.407525568617013,1439.197,0,-8.82,2,,4596,,3467  1,,2,,-60.7088928222656,11,8.875,,vsw_Gentamicin_Analog_3-LIGPREP-006-in.maegz,0.8294679,"1
3",223658860,-1.042,1,AN-49150,-9.80250788150016,J2VwaWtfcHl0aG9uJywgJy1waCcsICc3LjAwMDAwMCcsICctcGh0JywgJzIuMDAwMDAwJywgJy1tcycsICcxNicsICctdG4nLCAnOCcsICctbWEnLCAnMjAwJywgJy1pbWFlJywgJzxpbmZpbGUubWFlPicsICctb21hZScsICc8b3V0ZmlsZS5tYWU+Jw==,2,33,-3.81,16,56135,4596-1,"2-[4,6-diamino-3-[3-amino-6-[1-(methylamino)ethyl]tetrahydropyran-2-yl]oxy-2-hydroxy-cyclohexoxy]-5-methyl-4-(methylamino)tetrahydropyran-3,5-diol",,0.387096191036002,5,-2,39.856,glide-grid_Ab_minmz,,0.307,0,,-9.62680788150016,182.925,"This compound contains an acetal/aminal-like group ( X-CH(R)-Y where X, Y are N, S, or O) that may be acid/base labile, releasing an aldehyde.",1,0,http://www.anpharma.net,-139.188339791746,,0,18,240.007,2.0,0.0,374,0,-20.4349746704102,0.814,-7.922,-0.753967125291099,223658860,0.0,0.1757,110.437544,0.0756404,10,OPLS_2005,0.2117,5,11.0,18,2,1,3.223,,,15.71,-1.32339690909091,33.079,-1.749,0.0723048840946465,477.6,1,223658860-1,-2.14095222790207,0.0,,460_sdstereoexpander_1_neutralizer_1_epik_1_stereoizer_1,0,0.0
,6.982,572,503.204,5,7.24052000045776,ToxPlanet-MTQwMy02Ni0zMzQ2Nw==,0.304942915495211,-0.935706567642346,2,0.1757,0,16.95,0.0338711,13,12,-0.29172145095455,0,1,15207,8,436,743.211,0.0,0,1,-0.300812460475847,"1403-66-3
Centicin
Cidomycin
EINECS 215-765-8
Garamycin
Garasol
Gentacycol
Gentamicin
Gentamicin [INN:BAN]
Gentamicin [INN]
Gentamicina
Gentamicina [INN-Spanish]
Gentamicine
Gentamicine [INN-French]
Gentamicinum
Gentamicinum [INN-Latin]
Gentamycin
Gentamycin-creme
Gentamycin-creme [German]
Gentamycins
Gentamycinum
Gentavet
Gentocin
HSDB 3087
Lyramycin
Oksitselanim
Refobacin
Refobacin TM
Septigen
UNII-T6Z9V48IKG
Uromycine",W09IXVtDQF0xKFtDSDNdKVtDQEhdKFtOSF1bQ0gzXSlbQ0BASF0oW09IXSlbQ0BIXShPW0NIMl0xKU9bQ0BASF0yW0NASF0oW09IXSlbQ0BIXShbQ0BASF0oW05IMl0pW0NIMl1bQ0BIXTJbTkgyXSlPW0NASF0zT1tDQEBIXShbQ0BASF0oW0NIM10pW05IXVtDSDNdKVtDSDJdW0NIMl1bQ0BIXTNbTkgyXQ==,-2.3,43.095,0,-2.0,5,0.2114,https://search.toxplanet.com/CategorySearch.aspx?cas_no=1403-66-3,-40.2739181518555,0.0003,-0.407525568617013,1439.197,0,-8.82,2,0,5716,,3467  1,,2,13,-60.7088928222656,11,8.875,1403-66-3,vsw_Gentamicin_Analog_3-LIGPREP-006-in.maegz,0.8294679,"1
5
255",319062335,-1.042,1,ToxPlanet-MTQwMy02Ni0zMzQ2Nw==,-9.80250788150016,J2VwaWtfcHl0aG9uJywgJy1waCcsICc3LjAwMDAwMCcsICctcGh0JywgJzIuMDAwMDAwJywgJy1tcycsICcxNicsICctdG4nLCAnOCcsICctbWEnLCAnMjAwJywgJy1pbWFlJywgJzxpbmZpbGUubWFlPicsICctb21hZScsICc8b3V0ZmlsZS5tYWU+Jw==,2,33,-3.81,16,56135,5716-1,,1,0.387096191036002,5,-2,39.856,glide-grid_Ab_minmz,33,0.307,0,,-9.62680788150016,182.925,"This compound contains an acetal/aminal-like group ( X-CH(R)-Y where X, Y are N, S, or O) that may be acid/base labile, releasing an aldehyde.",1,0,https:/www/toxplanet.com,-139.188339791746,,0,18,240.007,2.0,0.0,374,0,-20.4349746704102,0.814,-7.922,-0.753967125291099,319062335,0.0,0.1757,110.437544,0.0756404,10,OPLS_2005,0.2117,5,11.0,18,2,1,3.223,"13  1  3
19  1  3
20  10  3
24  11  3
14  2  3
22  2  3
25  28  3
29  31  3
15  4  3
21  6  3
23  7  3
16  8  3
17  9  3",0,15.71,-1.32339690909091,33.079,-1.749,0.0723048840946465,477.6,1,319062335-1,-2.14095222790207,0.0,,572_sdstereoexpander_1_neutralizer_1_epik_1_stereoizer_1,0,0.0
,6.982,588,503.204,5,7.24052000045776,ToxPlanet-MjU4NzYtMTAtMjM0Njc=,0.304942915495211,-0.935706567642346,2,0.1757,0,16.95,0.0338711,13,12,-0.29172145095455,0,1,15207,8,451,743.211,0.0,0,1,-0.300812460475847,"25876-10-2
C21-H43-N5-O7
C21H43N5O7
D-Streptamine, O-2-amino-2,3,4,6,7-pentadeoxy-6-(methylamino)-.alpha.-D-ribo-heptopyranosyl-(1.fwdarw.4)-O-[3-deoxy-4-C-methyl-3-(methylamino)-.beta.-L-arabinopyranosyl-(1.fwdarw.6)]-2-deoxy-
Gentamicin C1
UNII-I904Y9FPPV",W09IXVtDQF0xKFtDSDNdKVtDQEhdKFtOSF1bQ0gzXSlbQ0BASF0oW09IXSlbQ0BIXShPW0NIMl0xKU9bQ0BASF0yW0NASF0oW09IXSlbQ0BIXShbQ0BASF0oW05IMl0pW0NIMl1bQ0BIXTJbTkgyXSlPW0NASF0zT1tDQEBIXShbQ0BASF0oW0NIM10pW05IXVtDSDNdKVtDSDJdW0NIMl1bQ0BIXTNbTkgyXQ==,-2.3,43.095,0,-2.0,5,0.2114,https://search.toxplanet.com/CategorySearch.aspx?cas_no=25876-10-2,-40.2739181518555,0.0003,-0.407525568617013,1439.197,0,-8.82,2,0,5876,,3467  1,,2,13,-60.7088928222656,11,8.875,25876-10-2,vsw_Gentamicin_Analog_3-LIGPREP-006-in.maegz,0.8294679,"1
5
255",319062336,-1.042,1,ToxPlanet-MjU4NzYtMTAtMjM0Njc=,-9.80250788150016,J2VwaWtfcHl0aG9uJywgJy1waCcsICc3LjAwMDAwMCcsICctcGh0JywgJzIuMDAwMDAwJywgJy1tcycsICcxNicsICctdG4nLCAnOCcsICctbWEnLCAnMjAwJywgJy1pbWFlJywgJzxpbmZpbGUubWFlPicsICctb21hZScsICc8b3V0ZmlsZS5tYWU+Jw==,2,33,-3.81,16,56135,5876-1,,1,0.387096191036002,5,-2,39.856,glide-grid_Ab_minmz,33,0.307,0,,-9.62680788150016,182.925,"This compound contains an acetal/aminal-like group ( X-CH(R)-Y where X, Y are N, S, or O) that may be acid/base labile, releasing an aldehyde.",1,0,https:/www/toxplanet.com,-139.188339791746,,0,18,240.007,2.0,0.0,374,0,-20.4349746704102,0.814,-7.922,-0.753967125291099,319062336,0.0,0.1757,110.437544,0.0756404,10,OPLS_2005,0.2117,5,11.0,18,2,1,3.223,"13  1  3
19  1  3
20  10  3
24  11  3
14  2  3
22  2  3
25  28  3
29  31  3
15  4  3
21  6  3
23  7  3
16  8  3
17  9  3",0,15.71,-1.32339690909091,33.079,-1.749,0.0723048840946465,477.6,1,319062336-1,-2.14095222790207,0.0,,588_sdstereoexpander_1_neutralizer_1_epik_1_stereoizer_1,0,0.0
,6.982,636,503.204,5,7.24052000045776,D0L9UU,0.304942915495211,-0.935706567642346,2,0.1757,0,16.95,0.0338711,13,12,-0.29172145095455,,1,845,8,481,743.211,0.0,0,,-0.300812460475847,"(1R,2S,3S,4R,6S)-4,6-diamino-3-[3-deoxy-4-C-methyl-3-(methylamino)-beta-L-arabinopyranosyloxy]-2-hydroxycyclohexyl 2-amino-2,3,4,6,7-pentadeoxy-6-(methylamino)-beta-L-lyxo-heptopyranoside
(1R,2S,3S,4R,6S)-4,6-diamino-3-{[3-deoxy-4-C-methyl-3-(methylamino)-beta-L-arabinopyranosyl]oxy}-2-hydroxycyclohexyl (6x)-2-amino-2,3,4,6,7-pentadeoxy-6-(methylamino)-alpha-D-erythro-heptopyranoside
(2R,3R,4R,5R)-2-[(1S,2S,3R,4S,6R)-4,6-diamino-3-[(2R,3R,6S)-3-amino-6-[1-(methylamino)ethyl]oxan-2-yl]oxy-2-hydroxycyclohexyl]oxy-5-methyl-4-(methylamino)oxane-3,5-diol
1403-66-3
2-[4,6-diamino-3-[3-amino-6-[1-(methylamino)ethyl]oxan-2-yl]oxy-2-hydroxycyclohexyl]oxy-5-methyl-4-(methylamino)oxane-3,5-diol
4,6-diamino-3-{[3-deoxy-4-c-methyl-3-(methylamino)pentopyranosyl]oxy}-2-hydroxycyclohexyl 2-amino-2,3,4,6,7-pentadeoxy-6-(methylamino)heptopyranoside
Alcomicin
Apogen
Bristagen
Cidomycin
D0L9UU
G-Mycin
G-Myticin
GENTAMYCIN
Garamycin
Garamycin (TN)
Garamycin Otic Solution
Garasol
Genoptic Liquifilm
Genoptic S.O.P.
Gentacidin
Gentacycol
Gentafair
Gentak
Gentamar
Gentamcin Sulfate
Gentamicin
Gentamicin (BAN)
Gentamicin (TN)
Gentamicin C1
Gentamicin sulphate sterile
Gentamicina
Gentamicina [INN-Spanish]
Gentamicine
Gentamicine [INN-French]
Gentamicins
Gentamicinum
Gentamicinum [INN-Latin]
Gentamycin-creme
Gentamycin-creme [German]
Gentamycinum
Gentavet
Gentocin
Jenamicin
O-2-amino-2,3,4,6,7-pentadeoxy-6-(methylamino)-alpha-D-ribo-heptopyranosyl-(1-4)-O-(3-deoxy-4-C-methyl-3-(methylamino)-beta-L-arabinopyranosyl-(1-6))-2-deoxy-D-streptamine
Ocu-Mycin
Refobacin
Refobacin TM
Spectro-Genta
U-Gencin
Uromycine",W09IXVtDQF0xKFtDSDNdKVtDQEhdKFtOSF1bQ0gzXSlbQ0BASF0oW09IXSlbQ0BIXShPW0NIMl0xKU9bQ0BASF0yW0NASF0oW09IXSlbQ0BIXShbQ0BASF0oW05IMl0pW0NIMl1bQ0BIXTJbTkgyXSlPW0NASF0zT1tDQEBIXShbQ0BASF0oW0NIM10pW05IXVtDSDNdKVtDSDJdW0NIMl1bQ0BIXTNbTkgyXQ==,-2.3,43.095,,-2.0,5,0.2114,https://db.idrblab.org/ttd/drug/D0L9UU,-40.2739181518555,0.0003,-0.407525568617013,1439.197,0,-8.82,2,,6356,,3467  1,,2,,-60.7088928222656,11,8.875,1403-66-3,vsw_Gentamicin_Analog_3-LIGPREP-006-in.maegz,0.8294679,"1
3",349989484,-1.042,1,D0L9UU,-9.80250788150016,J2VwaWtfcHl0aG9uJywgJy1waCcsICc3LjAwMDAwMCcsICctcGh0JywgJzIuMDAwMDAwJywgJy1tcycsICcxNicsICctdG4nLCAnOCcsICctbWEnLCAnMjAwJywgJy1pbWFlJywgJzxpbmZpbGUubWFlPicsICctb21hZScsICc8b3V0ZmlsZS5tYWU+Jw==,2,33,-3.81,16,56135,6356-1,,,0.387096191036002,5,-2,39.856,glide-grid_Ab_minmz,,0.307,0,,-9.62680788150016,182.925,"This compound contains an acetal/aminal-like group ( X-CH(R)-Y where X, Y are N, S, or O) that may be acid/base labile, releasing an aldehyde.",1,0,https://db.idrblab.org/ttd/,-139.188339791746,,0,18,240.007,2.0,0.0,374,0,-20.4349746704102,0.814,-7.922,-0.753967125291099,349989484,0.0,0.1757,110.437544,0.0756404,10,OPLS_2005,0.2117,5,11.0,18,2,1,3.223,,,15.71,-1.32339690909091,33.079,-1.749,0.0723048840946465,477.6,1,349989484-1,-2.14095222790207,0.0,,636_sdstereoexpander_1_neutralizer_1_epik_1_stereoizer_1,0,0.0
,6.982,668,503.204,5,7.24052000045776,M046866,0.304942915495211,-0.935706567642346,2,0.1757,0,16.95,0.0338711,13,12,-0.29172145095455,0,1,15694,8,516,743.211,0.0,0,1,-0.300812460475847,"1403-66-3
Gentamicin",W09IXVtDQF0xKFtDSDNdKVtDQEhdKFtOSF1bQ0gzXSlbQ0BASF0oW09IXSlbQ0BIXShPW0NIMl0xKU9bQ0BASF0yW0NASF0oW09IXSlbQ0BIXShbQ0BASF0oW05IMl0pW0NIMl1bQ0BIXTJbTkgyXSlPW0NASF0zT1tDQEBIXShbQ0BASF0oW0NIM10pW05IXVtDSDNdKVtDSDJdW0NIMl1bQ0BIXTNbTkgyXQ==,-2.3,43.095,0,-2.0,5,0.2114,https://www.musechem.com/product/M046866.html,-40.2739181518555,0.0003,-0.407525568617013,1439.197,0,-8.82,2,0,6676,,3467  1,,2,13,-60.7088928222656,11,8.875,1403-66-3,vsw_Gentamicin_Analog_3-LIGPREP-006-in.maegz,0.8294679,"1
5
255",355170185,-1.042,1,M046866,-9.80250788150016,J2VwaWtfcHl0aG9uJywgJy1waCcsICc3LjAwMDAwMCcsICctcGh0JywgJzIuMDAwMDAwJywgJy1tcycsICcxNicsICctdG4nLCAnOCcsICctbWEnLCAnMjAwJywgJy1pbWFlJywgJzxpbmZpbGUubWFlPicsICctb21hZScsICc8b3V0ZmlsZS5tYWU+Jw==,2,33,-3.81,16,56135,6676-1,,1,0.387096191036002,5,-2,39.856,glide-grid_Ab_minmz,33,0.307,0,,-9.62680788150016,182.925,"This compound contains an acetal/aminal-like group ( X-CH(R)-Y where X, Y are N, S, or O) that may be acid/base labile, releasing an aldehyde.",1,0,https://www.musechem.com,-139.188339791746,,0,18,240.007,2.0,0.0,374,0,-20.4349746704102,0.814,-7.922,-0.753967125291099,355170185,0.0,0.1757,110.437544,0.0756404,10,OPLS_2005,0.2117,5,11.0,18,2,1,3.223,"13  1  3
19  1  3
20  10  3
24  11  3
14  2  3
22  2  3
25  28  3
29  31  3
15  4  3
21  6  3
23  7  3
16  8  3
17  9  3",0,15.71,-1.32339690909091,33.079,-1.749,0.0723048840946465,477.6,1,355170185-1,-2.14095222790207,0.0,,668_sdstereoexpander_1_neutralizer_1_epik_1_stereoizer_1,0,0.0
,6.982,684,503.204,5,7.24052000045776,J4.074F,0.304942915495211,-0.935706567642346,2,0.1757,0,16.95,0.0338711,13,12,-0.29172145095455,,1,,8,531,743.211,0.0,0,,-0.300812460475847,"1403-66-3
Gentavet
J4.074F",W09IXVtDQF0xKFtDSDNdKVtDQEhdKFtOSF1bQ0gzXSlbQ0BASF0oW09IXSlbQ0BIXShPW0NIMl0xKU9bQ0BASF0yW0NASF0oW09IXSlbQ0BIXShbQ0BASF0oW05IMl0pW0NIMl1bQ0BIXTJbTkgyXSlPW0NASF0zT1tDQEBIXShbQ0BASF0oW0NIM10pW05IXVtDSDNdKVtDSDJdW0NIMl1bQ0BIXTNbTkgyXQ==,-2.3,43.095,,-2.0,5,0.2114,http://jglobal.jst.go.jp/en/redirect?Nikkaji_No=J4.074F,-40.2739181518555,0.0003,-0.407525568617013,1439.197,0,-8.82,2,,6836,,3467  1,,2,,-60.7088928222656,11,8.875,1403-66-3,vsw_Gentamicin_Analog_3-LIGPREP-006-in.maegz,0.8294679,,355227184,-1.042,1,J4.074F,-9.80250788150016,J2VwaWtfcHl0aG9uJywgJy1waCcsICc3LjAwMDAwMCcsICctcGh0JywgJzIuMDAwMDAwJywgJy1tcycsICcxNicsICctdG4nLCAnOCcsICctbWEnLCAnMjAwJywgJy1pbWFlJywgJzxpbmZpbGUubWFlPicsICctb21hZScsICc8b3V0ZmlsZS5tYWU+Jw==,2,33,-3.81,16,56135,6836-1,,,0.387096191036002,5,-2,39.856,glide-grid_Ab_minmz,,0.307,0,11834,-9.62680788150016,182.925,"This compound contains an acetal/aminal-like group ( X-CH(R)-Y where X, Y are N, S, or O) that may be acid/base labile, releasing an aldehyde.",1,0,http://doi.org/10.15079/NIKKAJI,-139.188339791746,,0,18,240.007,2.0,0.0,374,0,-20.4349746704102,0.814,-7.922,-0.753967125291099,355227184,0.0,0.1757,110.437544,0.0756404,10,OPLS_2005,0.2117,5,11.0,18,2,1,3.223,,,15.71,-1.32339690909091,33.079,-1.749,0.0723048840946465,477.6,1,355227184-1,-2.14095222790207,0.0,,684_sdstereoexpander_1_neutralizer_1_epik_1_stereoizer_1,0,0.0
,6.982,700,503.204,5,7.24052000045776,1403-66-3,0.304942915495211,-0.935706567642346,2,0.1757,0,16.95,0.0338711,13,12,-0.29172145095455,0,1,,8,546,743.211,0.0,0,1,-0.300812460475847,"1403-66-3
GENTAMICIN",W09IXVtDQF0xKFtDSDNdKVtDQEhdKFtOSF1bQ0gzXSlbQ0BASF0oW09IXSlbQ0BIXShPW0NIMl0xKU9bQ0BASF0yW0NASF0oW09IXSlbQ0BIXShbQ0BASF0oW05IMl0pW0NIMl1bQ0BIXTJbTkgyXSlPW0NASF0zT1tDQEBIXShbQ0BASF0oW0NIM10pW05IXVtDSDNdKVtDSDJdW0NIMl1bQ0BIXTNbTkgyXQ==,-2.3,43.095,0,-2.0,5,0.2114,http://toxnet.nlm.nih.gov/cgi-bin/sis/search2/r?dbs+genetox:@term+@DOCNO+2072,-40.2739181518555,0.0003,-0.407525568617013,1439.197,0,-8.82,2,0,6996,,3467  1,,2,13,-60.7088928222656,11,8.875,1403-66-3,vsw_Gentamicin_Analog_3-LIGPREP-006-in.maegz,0.8294679,"1
5
255",363896048,-1.042,1,1403-66-3,-9.80250788150016,J2VwaWtfcHl0aG9uJywgJy1waCcsICc3LjAwMDAwMCcsICctcGh0JywgJzIuMDAwMDAwJywgJy1tcycsICcxNicsICctdG4nLCAnOCcsICctbWEnLCAnMjAwJywgJy1pbWFlJywgJzxpbmZpbGUubWFlPicsICctb21hZScsICc8b3V0ZmlsZS5tYWU+Jw==,2,33,-3.81,16,56135,6996-1,"Substance Name:
GENTAMICIN
CAS Registry Number:
1403-66-3
Chemical Classification Category:
Antibiotics, mycotoxins
Aromatic amines, aliphatic amines, amides and sulfonamides
Taxonomic Name & Assay:
Lower eukaryotes - other genotoxic effects
GENETOX Record Number:
2072
Last Revision Date:
19910822
Update History:
Complete update on 01/30/1991, 5 fields added/edited/deleted.",1,0.387096191036002,5,-2,39.856,glide-grid_Ab_minmz,33,0.307,0,22071,-9.62680788150016,182.925,"This compound contains an acetal/aminal-like group ( X-CH(R)-Y where X, Y are N, S, or O) that may be acid/base labile, releasing an aldehyde.",1,0,https://toxnet.nlm.nih.gov/newtoxnet/genetox.htm,-139.188339791746,,0,18,240.007,2.0,0.0,374,0,-20.4349746704102,0.814,-7.922,-0.753967125291099,363896048,0.0,0.1757,110.437544,0.0756404,10,OPLS_2005,0.2117,5,11.0,18,2,1,3.223,"13  1  3
19  1  3
20  10  3
24  11  3
14  2  3
22  2  3
25  28  3
29  31  3
15  4  3
21  6  3
23  7  3
16  8  3
17  9  3",0,15.71,-1.32339690909091,33.079,-1.749,0.0723048840946465,477.6,1,363896048-1,-2.14095222790207,0.0,,700_sdstereoexpander_1_neutralizer_1_epik_1_stereoizer_1,0,0.0
,6.982,828,503.204,5,7.24052000045776,bt-269144,0.304942915495211,-0.935706567642346,2,0.1757,0,16.95,0.033871,13,12,-0.29172145095455,0,1,,8,56,743.211,0.0,0,1,-0.300812460475847,"1403-66-3
Gentamycin C1
2-[4,6-diamino-3-[3-amino-6-[1-(methylamino)ethyl]oxan-2-yl]oxy-2-hydroxycyclohexyl]oxy-5-methyl-4-(methylamino)oxane-3,5-diol",W09IXVtDQF0xKFtDSDNdKVtDQEhdKFtOSF1bQ0gzXSlbQ0BASF0oW09IXSlbQ0BIXShPW0NIMl0xKU9bQ0BASF0yW0NASF0oW09IXSlbQ0BIXShbQ0BASF0oW05IMl0pW0NIMl1bQ0BIXTJbTkgyXSlPW0NASF0zT1tDQEBIXShbQ0BASF0oW0NIM10pW05IXVtDSDNdKVtDSDJdW0NIMl1bQ0BIXTNbTkgyXQ==,-2.3,43.095,0,-2.0,5,0.2114,https://www.thebiotek.com/product/inhibitors/bt-269144,-40.2739181518555,0.0003,-0.407525568617013,1439.197,0,-8.82,2,0,8276,,3467  1,,2,13,-60.7088928222656,11,8.875,1403-66-3,vsw_Gentamicin_Analog_3-LIGPREP-006-in.maegz,0.829468,"1
5
255",434252689,-1.042,1,bt-269144,-9.80250788150016,J2VwaWtfcHl0aG9uJywgJy1waCcsICc3LjAwMDAwMCcsICctcGh0JywgJzIuMDAwMDAwJywgJy1tcycsICcxNicsICctdG4nLCAnOCcsICctbWEnLCAnMjAwJywgJy1pbWFlJywgJzxpbmZpbGUubWFlPicsICctb21hZScsICc8b3V0ZmlsZS5tYWU+Jw==,2,33,-3.81,16,56135,8276-1,,-1,0.387096191036002,5,-2,39.856,glide-grid_Ab_minmz,33,0.307,0,24343,-9.62680788150016,182.925,"This compound contains an acetal/aminal-like group ( X-CH(R)-Y where X, Y are N, S, or O) that may be acid/base labile, releasing an aldehyde.",1,0,https://www.thebiotek.com/,-139.188339791746,,0,18,240.007,2.0,0.0,374,0,-20.4349746704102,0.814,-7.922,-0.753967125291099,434252689,0.0,0.1757,110.437544,0.0756404,10,OPLS_2005,0.2117,5,11.0,18,2,3,3.223,"13  1  3
19  1  3
20  10  3
24  11  3
14  2  3
22  2  3
25  28  3
29  31  3
15  3  3
21  6  3
23  7  3
16  8  3
17  9  3",0,15.71,-1.32339690909091,33.079,-1.749,0.0723048607778192,477.6,1,434252689-1,-2.14095222790207,0.0,,828_sdstereoexpander_1_neutralizer_1_epik_1_stereoizer_1,0,0.0
,6.982,860,503.204,5,7.24052000045776,S528809,0.304942915495211,-0.935706567642346,2,0.1757,0,16.95,0.033871,13,12,-0.29172145095455,0,1,,8,71,743.211,0.0,0,1,-0.300812460475847,"1403-66-3
Gentamycin C1
2-[4,6-diamino-3-[3-amino-6-[1-(methylamino)ethyl]oxan-2-yl]oxy-2-hydroxycyclohexyl]oxy-5-methyl-4-(methylamino)oxane-3,5-diol",W09IXVtDQF0xKFtDSDNdKVtDQEhdKFtOSF1bQ0gzXSlbQ0BASF0oW09IXSlbQ0BIXShPW0NIMl0xKU9bQ0BASF0yW0NASF0oW09IXSlbQ0BIXShbQ0BASF0oW05IMl0pW0NIMl1bQ0BIXTJbTkgyXSlPW0NASF0zT1tDQEBIXShbQ0BASF0oW0NIM10pW05IXVtDSDNdKVtDSDJdW0NIMl1bQ0BIXTNbTkgyXQ==,-2.3,43.095,0,-2.0,5,0.2114,https://www.smolecule.com/products/s528809,-40.2739181518555,0.0003,-0.407525568617013,1439.197,0,-8.82,2,0,8596,,3467  1,,2,13,-60.7088928222656,11,8.875,1403-66-3,vsw_Gentamicin_Analog_3-LIGPREP-006-in.maegz,0.829468,"1
5
255",438457699,-1.042,1,S528809,-9.80250788150016,J2VwaWtfcHl0aG9uJywgJy1waCcsICc3LjAwMDAwMCcsICctcGh0JywgJzIuMDAwMDAwJywgJy1tcycsICcxNicsICctdG4nLCAnOCcsICctbWEnLCAnMjAwJywgJy1pbWFlJywgJzxpbmZpbGUubWFlPicsICctb21hZScsICc8b3V0ZmlsZS5tYWU+Jw==,2,33,-3.81,16,56135,8596-1,,-1,0.387096191036002,5,-2,39.856,glide-grid_Ab_minmz,33,0.307,0,24449,-9.62680788150016,182.925,"This compound contains an acetal/aminal-like group ( X-CH(R)-Y where X, Y are N, S, or O) that may be acid/base labile, releasing an aldehyde.",1,0,https://www.smolecule.com/,-139.188339791746,,0,18,240.007,2.0,0.0,374,0,-20.4349746704102,0.814,-7.922,-0.753967125291099,438457699,0.0,0.1757,110.437544,0.0756404,10,OPLS_2005,0.2117,5,11.0,18,2,3,3.223,"13  1  3
19  1  3
20  10  3
24  11  3
14  2  3
22  2  3
25  28  3
29  31  3
15  3  3
21  6  3
23  7  3
16  8  3
17  9  3",0,15.71,-1.32339690909091,33.079,-1.749,0.0723048607778192,477.6,1,438457699-1,-2.14095222790207,0.0,,860_sdstereoexpander_1_neutralizer_1_epik_1_stereoizer_1,0,0.0
,6.982,908,503.204,5,7.24052000045776,B1671437,0.304942915495211,-0.935706567642346,2,0.1757,0,16.95,0.033871,13,12,-0.29172145095455,0,1,,8,91,743.211,0.0,0,1,-0.300812460475847,"1403-66-3
Gentamycin C1
2-[4,6-diamino-3-[3-amino-6-[1-(methylamino)ethyl]oxan-2-yl]oxy-2-hydroxycyclohexyl]oxy-5-methyl-4-(methylamino)oxane-3,5-diol",W09IXVtDQF0xKFtDSDNdKVtDQEhdKFtOSF1bQ0gzXSlbQ0BASF0oW09IXSlbQ0BIXShPW0NIMl0xKU9bQ0BASF0yW0NASF0oW09IXSlbQ0BIXShbQ0BASF0oW05IMl0pW0NIMl1bQ0BIXTJbTkgyXSlPW0NASF0zT1tDQEBIXShbQ0BASF0oW0NIM10pW05IXVtDSDNdKVtDSDJdW0NIMl1bQ0BIXTNbTkgyXQ==,-2.3,43.095,0,-2.0,5,0.2114,https://www.benchchem.com/product/b1671437,-40.2739181518555,0.0003,-0.407525568617013,1439.197,0,-8.82,2,0,9076,,3467  1,,2,13,-60.7088928222656,11,8.875,1403-66-3,vsw_Gentamicin_Analog_3-LIGPREP-006-in.maegz,0.829468,"1
5
255",445775547,-1.042,1,B1671437,-9.80250788150016,J2VwaWtfcHl0aG9uJywgJy1waCcsICc3LjAwMDAwMCcsICctcGh0JywgJzIuMDAwMDAwJywgJy1tcycsICcxNicsICctdG4nLCAnOCcsICctbWEnLCAnMjAwJywgJy1pbWFlJywgJzxpbmZpbGUubWFlPicsICctb21hZScsICc8b3V0ZmlsZS5tYWU+Jw==,2,33,-3.81,16,56135,9076-1,,-1,0.387096191036002,5,-2,39.856,glide-grid_Ab_minmz,33,0.307,0,24800,-9.62680788150016,182.925,"This compound contains an acetal/aminal-like group ( X-CH(R)-Y where X, Y are N, S, or O) that may be acid/base labile, releasing an aldehyde.",1,0,https://www.benchchem.com/,-139.188339791746,,0,18,240.007,2.0,0.0,374,0,-20.4349746704102,0.814,-7.922,-0.753967125291099,445775547,0.0,0.1757,110.437544,0.0756404,10,OPLS_2005,0.2117,5,11.0,18,2,1,3.223,"13  1  3
19  1  3
20  10  3
24  11  3
14  2  3
22  2  3
25  28  3
29  31  3
15  3  3
21  6  3
23  7  3
16  8  3
17  9  3",0,15.71,-1.32339690909091,33.079,-1.749,0.0723048607778192,477.6,1,445775547-1,-2.14095222790207,0.0,,908_sdstereoexpander_1_neutralizer_1_epik_1_stereoizer_1,0,0.0
,6.982,1004,503.204,5,7.24052000045776,5854,0.304942915495211,-0.935706567642346,2,0.1757,0,16.95,0.033871,13,12,-0.29172145095455,,1,,8,141,743.211,0.0,0,,-0.300812460475847,"Gentamicin
Gentamycin
1403-66-3
T6Z9V48IKG
Cidomycin
Genoptic S.O.P.
Gentamicina
Gentamycins
CHEBI:17833
Gentamicine
Gentamycin-creme
Gentamycinum
Lyramycin
Oksitselanim
Septigen
4,6-diamino-3-(3-deoxy-4-C-methyl-3-(methylamino)pentopyranosyloxy)-2-hydroxycyclohexyl 2-amino-2,3,4,6,7-pentadeoxy-6-(methylamino)heptopyranoside
Centicin
DTXSID5034642
EINECS 215-765-8
Garamicin
Gentamicina (INN-Spanish)
Gentamicine (INN-French)
Gentamicinum
Gentamicinum (INN-Latin)
Gentamicinum (Latin)
Gentamycin Complex
HSDB 3087
Refobacin TM
UNII-T6Z9V48IKG
Uromycine",W09IXVtDQF0xKFtDSDNdKVtDQEhdKFtOSF1bQ0gzXSlbQ0BASF0oW09IXSlbQ0BIXShPW0NIMl0xKU9bQ0BASF0yW0NASF0oW09IXSlbQ0BIXShbQ0BASF0oW05IMl0pW0NIMl1bQ0BIXTJbTkgyXSlPW0NASF0zT1tDQEBIXShbQ0BASF0oW0NIM10pW05IXVtDSDNdKVtDSDJdW0NIMl1bQ0BIXTNbTkgyXQ==,-2.3,43.095,,-2.0,5,0.2114,,-40.2739181518555,0.0003,-0.407525568617013,1439.197,0,-8.82,2,,10036,,3467  1,,2,,-60.7088928222656,11,8.875,1403-66-3,vsw_Gentamicin_Analog_3-LIGPREP-006-in.maegz,0.829468,"1
5
255",481107194,-1.042,1,,-9.80250788150016,J2VwaWtfcHl0aG9uJywgJy1waCcsICc3LjAwMDAwMCcsICctcGh0JywgJzIuMDAwMDAwJywgJy1tcycsICcxNicsICctdG4nLCAnOCcsICctbWEnLCAnMjAwJywgJy1pbWFlJywgJzxpbmZpbGUubWFlPicsICctb21hZScsICc8b3V0ZmlsZS5tYWU+Jw==,2,33,-3.81,16,56135,10036-1,,,0.387096191036002,5,-2,39.856,glide-grid_Ab_minmz,,0.307,,26136,-9.62680788150016,182.925,"This compound contains an acetal/aminal-like group ( X-CH(R)-Y where X, Y are N, S, or O) that may be acid/base labile, releasing an aldehyde.",1,0,,-139.188339791746,,0,18,240.007,2.0,0.0,374,0,-20.4349746704102,0.814,-7.922,-0.753967125291099,481107194,0.0,0.1757,110.437544,0.0756404,10,OPLS_2005,0.2117,5,11.0,18,2,1,3.223,"13  1  3
19  1  3
20  10  3
24  11  3
14  2  3
22  2  3
25  28  3
29  31  3
15  3  3
21  6  3
23  7  3
16  8  3
17  9  3",,15.71,-1.32339690909091,33.079,-1.749,0.0723048607778192,477.6,1,481107194-1,-2.14095222790207,0.0,,1004_sdstereoexpander_1_neutralizer_1_epik_1_stereoizer_1,0,0.0
,6.982,1487,503.203,5,7.24052000045776,G0383,0.304942915495211,-0.935706567642346,2,0.1757,0,16.95,0.0338706,13,12,-0.29172145095455,0,1,TCI (Tokyo Chemical Industry),8,341,743.21,0.0,0,2,-0.300812460475847,"1405-41-0
G0383
Gentamicin Sulfate",W09IXVtDQF0xKFtDSDNdKVtDQEhdKFtOSF1bQ0gzXSlbQ0BASF0oW09IXSlbQ0BIXShPW0NIMl0xKU9bQ0BASF0yW0NASF0oW09IXSlbQ0BIXShbQ0BASF0oW05IMl0pW0NIMl1bQ0BIXTJbTkgyXSlPW0NASF0zT1tDQEBIXShbQ0BASF0oW0NIM10pW05IXVtDSDNdKVtDSDJdW0NIMl1bQ0BIXTNbTkgyXQ==,-2.3,43.095,0,-2.0,5,0.2114,http://www.tcichemicals.com/eshop/en/us/commodity/G0383/index.html,-40.2739181518555,0.0003,-0.407525568617013,1439.196,0,-8.82,2,0,14866,,"44134730  1
1118  2
3467  2",,2,13,-60.7088928222656,11,8.875,1405-41-0,vsw_Gentamicin_Analog_3-LIGPREP-006-in.maegz,0.8294695,"1
5
255",160871021,-1.042,1,G0383,-9.80250788150016,J2VwaWtfcHl0aG9uJywgJy1waCcsICc3LjAwMDAwMCcsICctcGh0JywgJzIuMDAwMDAwJywgJy1tcycsICcxNicsICctdG4nLCAnOCcsICctbWEnLCAnMjAwJywgJy1pbWFlJywgJzxpbmZpbGUubWFlPicsICctb21hZScsICc8b3V0ZmlsZS5tYWU+Jw==,2,33,-3.81,16,56135,14866-1,,1,0.387096191036002,5,-2,39.856,glide-grid_Ab_minmz,38,0.307,0,,-9.62680788150016,182.925,"This compound contains an acetal/aminal-like group ( X-CH(R)-Y where X, Y are N, S, or O) that may be acid/base labile, releasing an aldehyde.",1,0,http://www.tcichemicals.com/en/us/,-139.188339791746,,0,18,240.007,2.0,0.0,374,0,-20.4349746704102,0.814,-7.922,-0.753967125291099,160871021,0.0,0.1757,110.437545,0.0756406,10,OPLS_2005,0.2117,5,11.0,18,2,5,3.223,"21  13  3
22  14  3
25  15  3
29  16  3
18  2  3
24  2  3
19  3  3
27  3  3
30  33  3
34  36  3
20  4  3
26  7  3
28  8  3",0,15.71,-1.32339690909091,33.079,-1.749,0.0723044987672535,477.6,1,160871021-1,-2.14095222790207,0.0,,1487_sdstereoexpander_1_neutralizer_1_epik_1_stereoizer_1,0,0.0
,6.982,1623,503.204,5,7.24052000045776,ToxPlanet-Mjg4MzkyLTU1LTI1Njg0MjEzOA==,0.304942915495211,-0.935706567642346,2,0.1757,0,16.95,0.0338605,13,12,-0.29172145095455,0,1,15207,8,401,743.211,0.0,0,3,-0.300812460475847,"288392-55-2
Gentamicin sulfate and prednisolone acetate
Gentamicin sulfate mixture with prednisolone acetate
PRED G
Pred-G
Prednisolone acetate and gentamicin sulfate",W09IXVtDQF0xKFtDSDNdKVtDQEhdKFtOSF1bQ0gzXSlbQ0BASF0oW09IXSlbQ0BIXShPW0NIMl0xKU9bQ0BASF0yW0NASF0oW09IXSlbQ0BIXShbQ0BASF0oW05IMl0pW0NIMl1bQ0BIXTJbTkgyXSlPW0NASF0zT1tDQEBIXShbQ0BASF0oW0NIM10pW05IXVtDSDNdKVtDSDJdW0NIMl1bQ0BIXTNbTkgyXQ==,-2.3,43.114,7,-2.0,5,0.2114,https://search.toxplanet.com/CategorySearch.aspx?cas_no=288392-55-2,-40.2739181518555,0.0003,-0.407525568617013,1439.651,0,-8.82,2,0,16226,,"56842138  1
1118  2
3467  2
135233  2",,2,13,-60.7088928222656,11,8.875,288392-55-2,vsw_Gentamicin_Analog_3-LIGPREP-006-in.maegz,0.8296428,"1
5
255",319401752,-1.041,1,ToxPlanet-Mjg4MzkyLTU1LTI1Njg0MjEzOA==,-9.80250788150016,J2VwaWtfcHl0aG9uJywgJy1waCcsICc3LjAwMDAwMCcsICctcGh0JywgJzIuMDAwMDAwJywgJy1tcycsICcxNicsICctdG4nLCAnOCcsICctbWEnLCAnMjAwJywgJy1pbWFlJywgJzxpbmZpbGUubWFlPicsICctb21hZScsICc8b3V0ZmlsZS5tYWU+Jw==,2,33,-3.807,16,56135,16226-1,,9,0.387096191036002,5,-2,39.864,glide-grid_Ab_minmz,67,0.307,0,,-9.62680788150016,182.925,"This compound contains an acetal/aminal-like group ( X-CH(R)-Y where X, Y are N, S, or O) that may be acid/base labile, releasing an aldehyde.",1,0,https:/www/toxplanet.com,-139.188339791746,,0,18,240.007,2.0,0.0,374,0,-20.4349746704102,0.814,-7.919,-0.753967125291099,319401752,0.0,0.1757,110.437544,0.0756404,10,OPLS_2005,0.2117,5,11.0,18,2,1,3.223,"49  10  3
55  13  3
57  14  3
50  19  3
28  2  6
51  20  3
56  21  3
58  22  3
24  35  5
25  68  6
26  69  5
27  70  6
31  3  5
32  39  5
59  62  3
63  65  3
47  8  3
53  8  3
48  9  3
54  9  3",0,15.713,-1.32339690909091,33.079,-1.748,0.0723048013782036,477.6,1,319401752-1,-2.14095222790207,0.0,,1623_sdstereoexpander_1_neutralizer_1_epik_1_stereoizer_1,0,0.0
,6.982,1764,503.203,5,7.24052000045776,BCC1203,0.304942915495211,-0.935706567642346,2,0.1757,0,16.95,0.0338601,13,12,-0.29172145095455,0,1,22118,8,431,743.21,0.0,0,4,-0.300812460475847,"1405-41-0
Gentamycin Sulfate",W09IXVtDQF0xKFtDSDNdKVtDQEhdKFtOSF1bQ0gzXSlbQ0BASF0oW09IXSlbQ0BIXShPW0NIMl0xKU9bQ0BASF0yW0NASF0oW09IXSlbQ0BIXShbQ0BASF0oW05IMl0pW0NIMl1bQ0BIXTJbTkgyXSlPW0NASF0zT1tDQEBIXShbQ0BASF0oW0NIM10pW05IXVtDSDNdKVtDSDJdW0NIMl1bQ0BIXTNbTkgyXQ==,-2.3,43.114,0,-2.0,5,0.2114,http://www.biocrick.com/Gentamycin-Sulfate-BCC1203.html,-40.2739181518555,0.0003,-0.407525568617013,1439.651,0,-8.82,2,0,17636,,"44134731  1
1118  2
3467  2
582362  2
588785  2",,2,38,-60.7088928222656,11,8.875,1405-41-0,vsw_Gentamicin_Analog_3-LIGPREP-006-in.maegz,0.8296436,"1
5
255",382155643,-1.041,1,BCC1203,-9.80250788150016,J2VwaWtfcHl0aG9uJywgJy1waCcsICc3LjAwMDAwMCcsICctcGh0JywgJzIuMDAwMDAwJywgJy1tcycsICcxNicsICctdG4nLCAnOCcsICctbWEnLCAnMjAwJywgJy1pbWFlJywgJzxpbmZpbGUubWFlPicsICctb21hZScsICc8b3V0ZmlsZS5tYWU+Jw==,2,33,-3.807,16,56135,17636-1,,-1,0.387096191036002,5,-2,39.864,glide-grid_Ab_minmz,101,0.307,0,,-9.62680788150016,182.925,"This compound contains an acetal/aminal-like group ( X-CH(R)-Y where X, Y are N, S, or O) that may be acid/base labile, releasing an aldehyde.",1,0,https://www.biocrick.com/,-139.188339791746,,0,18,240.007,2.0,0.0,374,0,-20.4349746704102,0.814,-7.919,-0.753967125291099,382155643,0.0,0.1757,110.437544,0.0756405,10,OPLS_2005,0.2117,5,11.0,18,2,1,3.223,"55  13  3
63  17  3
66  18  3
69  19  3
42  2  3
60  2  3
70  20  3
72  21  3
74  22  3
47  27  3
48  28  3
50  29  3
44  3  3
61  3  3
51  30  3
57  31  3
58  32  3
64  33  3
67  34  3
71  35  3
73  36  3
75  37  3
82  38  3
43  4  3
62  4  3
94  40  3
46  5  3
68  5  3
52  6  3
65  6  3
54  7  3
76  7  3
77  81  3
45  8  3
83  86  3
88  96  3
89  95  3
49  9  3",0,15.713,-1.32339690909091,33.079,-1.748,0.0723045454481957,477.6,1,382155643-1,-2.14095222790207,0.0,,1764_sdstereoexpander_1_neutralizer_1_epik_1_stereoizer_1,0,0.0
,6.982,1843,503.204,5,7.24052000045776,sc-207711,0.304942915495211,-0.935706567642346,2,0.1757,0,16.95,0.0338712,13,12,-0.29172145095455,0,1,25659,8,461,743.211,0.0,0,6,-0.300812460475847,"25876-10-2
Gentamicin C1 Pentaacetate Salt
Gentamycin",W09IXVtDQF0xKFtDSDNdKVtDQEhdKFtOSF1bQ0gzXSlbQ0BASF0oW09IXSlbQ0BIXShPW0NIMl0xKU9bQ0BASF0yW0NASF0oW09IXSlbQ0BIXShbQ0BASF0oW05IMl0pW0NIMl1bQ0BIXTJbTkgyXSlPW0NASF0zT1tDQEBIXShbQ0BASF0oW0NIM10pW05IXVtDSDNdKVtDSDJdW0NIMl1bQ0BIXTNbTkgyXQ==,-2.3,43.095,0,-2.0,5,0.2114,https://www.scbt.com/p/gentamicin-c1-pentaacetate-salt-25876-10-2,-40.2739181518555,0.0003,-0.407525568617013,1439.197,0,-8.82,2,0,18426,,"57369621  1
176  2
3467  2",,2,13,-60.7088928222656,11,8.875,25876-10-2,vsw_Gentamicin_Analog_3-LIGPREP-006-in.maegz,0.8294681,"1
5
255",472958024,-1.042,1,sc-207711,-9.80250788150016,J2VwaWtfcHl0aG9uJywgJy1waCcsICc3LjAwMDAwMCcsICctcGh0JywgJzIuMDAwMDAwJywgJy1tcycsICcxNicsICctdG4nLCAnOCcsICctbWEnLCAnMjAwJywgJy1pbWFlJywgJzxpbmZpbGUubWFlPicsICctb21hZScsICc8b3V0ZmlsZS5tYWU+Jw==,2,33,-3.81,16,56135,18426-1,"Gentamicin C1 Pentaacetate Salt is an antibiotic complex consisting of closely related components Gentamicins C1, C2, C1a, and also Gentamicin A, which differs from the other members of the complex but is similar to Kanamycin C. Gentamicin C1 Pentaacetate Salt is Antibacterial. Gentamicin C1 Pentaacetate Salt is also known as , and O-2-Amino-2,3,4,6,7-pentadeoxy-6-(methylamino)-a-D-ribo-heptopyranosyl-(14)-O-[3-deoxy-4-C-methyl-3-(methylamino)-b-L-arabinopyranosyl-(16)]-2-deoxy-D-streptamine pentaacetate salt.",-1,0.387096191036002,5,-2,39.856,glide-grid_Ab_minmz,53,0.307,-5,,-9.62680788150016,182.925,"This compound contains an acetal/aminal-like group ( X-CH(R)-Y where X, Y are N, S, or O) that may be acid/base labile, releasing an aldehyde.",1,0,https://www.scbt.com/,-139.188339791746,,0,18,240.007,2.0,0.0,374,0,-20.4349746704102,0.814,-7.922,-0.753967125291099,472958024,0.0,0.1757,110.437544,0.0756404,10,OPLS_2005,0.2117,5,11.0,18,2,1,3.223,"23  1  3
29  1  3
26  18  3
27  19  3
24  2  3
30  2  3
31  20  3
34  21  3
25  3  3
35  38  3
39  41  3
32  6  3
33  7  3",0,15.71,-1.32339690909091,33.079,-1.749,0.0723048050909041,477.6,1,472958024-1,-2.14095222790207,0.0,,1843_sdstereoexpander_1_neutralizer_1_epik_1_stereoizer_1,0,0.0
,6.982,1859,503.203,5,7.24052000045776,sc-361877,0.304942915495211,-0.935706567642346,2,0.1757,0,16.95,0.0338712,13,12,-0.29172145095455,0,1,25659,8,476,743.21,0.0,0,2,-0.300812460475847,"1405-41-0
Gentamicin sulfate, 100X solution
Gentimicin Sulfate solution
Garamycin solution",W09IXVtDQF0xKFtDSDNdKVtDQEhdKFtOSF1bQ0gzXSlbQ0BASF0oW09IXSlbQ0BIXShPW0NIMl0xKU9bQ0BASF0yW0NASF0oW09IXSlbQ0BIXShbQ0BASF0oW05IMl0pW0NIMl1bQ0BIXTJbTkgyXSlPW0NASF0zT1tDQEBIXShbQ0BASF0oW0NIM10pW05IXVtDSDNdKVtDSDJdW0NIMl1bQ0BIXTNbTkgyXQ==,-2.3,43.095,0,-2.0,5,0.2114,https://www.scbt.com/p/gentamicin-sulfate-100x-solution-1405-41-0,-40.2739181518555,0.0003,-0.407525568617013,1439.196,0,-8.82,2,0,18586,,"44134730  1
1118  2
3467  2",,2,13,-60.7088928222656,11,8.875,1405-41-0,vsw_Gentamicin_Analog_3-LIGPREP-006-in.maegz,0.8294693,"1
5
255",473052862,-1.042,1,sc-361877,-9.80250788150016,J2VwaWtfcHl0aG9uJywgJy1waCcsICc3LjAwMDAwMCcsICctcGh0JywgJzIuMDAwMDAwJywgJy1tcycsICcxNicsICctdG4nLCAnOCcsICctbWEnLCAnMjAwJywgJy1pbWFlJywgJzxpbmZpbGUubWFlPicsICctb21hZScsICc8b3V0ZmlsZS5tYWU+Jw==,2,33,-3.81,16,56135,18586-1,"Gentamicin sulfate, 100X solution, is an aminoglycoside antibiotic which acts by inhibiting protein synthesis in susceptible bacteria. It is active against many strains of Gram-negative bacteria, Pseudomonas aeruginosa, the Gram-positive Staphyloccus aeruginosa as well as some strains of Mycobacterium tuberculosis and mycoplasmas.",-1,0.387096191036002,5,-2,39.856,glide-grid_Ab_minmz,38,0.307,0,,-9.62680788150016,182.925,"This compound contains an acetal/aminal-like group ( X-CH(R)-Y where X, Y are N, S, or O) that may be acid/base labile, releasing an aldehyde.",1,0,https://www.scbt.com/,-139.188339791746,,0,18,240.007,2.0,0.0,374,0,-20.4349746704102,0.814,-7.922,-0.753967125291099,473052862,0.0,0.1757,110.437544,0.0756405,10,OPLS_2005,0.2117,5,11.0,18,2,1,3.223,"21  13  3
22  14  3
25  15  3
29  16  3
18  2  3
24  2  3
28  35  3
19  3  3
27  3  3
30  33  3
34  36  3
20  4  3
26  7  3",0,15.71,-1.32339690909091,33.079,-1.749,0.0723045480961288,477.6,1,473052862-1,-2.14095222790207,0.0,,1859_sdstereoexpander_1_neutralizer_1_epik_1_stereoizer_1,0,0.0
,6.982,1875,503.203,5,7.24052000045776,sc-29066,0.304942915495211,-0.935706567642346,2,0.1757,0,16.95,0.0338712,13,12,-0.29172145095455,0,1,,8,491,743.21,0.0,0,2,-0.300812460475847,"1405-41-0
Gentamicin Sulfate, 500X Solution",W09IXVtDQF0xKFtDSDNdKVtDQEhdKFtOSF1bQ0gzXSlbQ0BASF0oW09IXSlbQ0BIXShPW0NIMl0xKU9bQ0BASF0yW0NASF0oW09IXSlbQ0BIXShbQ0BASF0oW05IMl0pW0NIMl1bQ0BIXTJbTkgyXSlPW0NASF0zT1tDQEBIXShbQ0BASF0oW0NIM10pW05IXVtDSDNdKVtDSDJdW0NIMl1bQ0BIXTNbTkgyXQ==,-2.3,43.095,0,-2.0,5,0.2114,https://www.scbt.com/p/gentamicin-sulfate-500x-solution-1405-41-0,-40.2739181518555,0.0003,-0.407525568617013,1439.196,0,-8.82,2,0,18746,,"44134730  1
1118  2
3467  2",,2,13,-60.7088928222656,11,8.875,1405-41-0,vsw_Gentamicin_Analog_3-LIGPREP-006-in.maegz,0.8294693,"1
5
255",473118659,-1.042,1,sc-29066,-9.80250788150016,J2VwaWtfcHl0aG9uJywgJy1waCcsICc3LjAwMDAwMCcsICctcGh0JywgJzIuMDAwMDAwJywgJy1tcycsICcxNicsICctdG4nLCAnOCcsICctbWEnLCAnMjAwJywgJy1pbWFlJywgJzxpbmZpbGUubWFlPicsICctb21hZScsICc8b3V0ZmlsZS5tYWU+Jw==,2,33,-3.81,16,56135,18746-1,"Gentamicin Sulfate, 500X Solution is an aminoglycoside antibiotic which acts by both inhibiting protein synthesis in susceptible bacteria and binding to the surface of gram-negative bacterial cells. The cell binding activity is believed to disrupt the packing of lipopolysacchardes of the outer membrane leading to hole formation and cell lysis. Gentamicin Sulfate, 500X Solution is active against many strains of gram-negative bacteria, Pseudomonas aeruginosa, the gram-positive Staphylococcus aeruginosa as well as some strains of Mycobacterium tuberculosis. Activity: >600 I.U./mg Recommended working concentration: 100 mu g/ml 500X",-1,0.387096191036002,5,-2,39.856,glide-grid_Ab_minmz,38,0.307,0,25659,-9.62680788150016,182.925,"This compound contains an acetal/aminal-like group ( X-CH(R)-Y where X, Y are N, S, or O) that may be acid/base labile, releasing an aldehyde.",1,0,https://www.scbt.com/,-139.188339791746,,0,18,240.007,2.0,0.0,374,0,-20.4349746704102,0.814,-7.922,-0.753967125291099,473118659,0.0,0.1757,110.437544,0.0756405,10,OPLS_2005,0.2117,5,11.0,18,2,1,3.223,"21  13  3
22  14  3
25  15  3
29  16  3
18  2  3
24  2  3
28  35  3
19  3  3
27  3  3
30  33  3
34  36  3
20  4  3
26  7  3",0,15.71,-1.32339690909091,33.079,-1.749,0.0723045480961288,477.6,1,473118659-1,-2.14095222790207,0.0,,1875_sdstereoexpander_1_neutralizer_1_epik_1_stereoizer_1,0,0.0
,6.982,1891,503.203,5,7.24052000045776,2023-05-7C01076,0.304942915495211,-0.935706567642346,2,0.1757,0,16.95,0.0338599,13,12,-0.29172145095455,0,1,,8,506,743.209,0.0,0,3,-0.300812460475847,"PRED-G
PRED G
Prednisolone acetate and gentamicin sulfate
Gentamicin sulfate and prednisolone acetate
Gentamicin sulfate mixture with prednisolone acetate
288392-55-2
Pregna-1,4-diene-3,20-dione, 21-(acetyloxy)-11,17-dihydroxy-, (11beta)-, mixt. with gentamicin sulfate (salt)",W09IXVtDQF0xKFtDSDNdKVtDQEhdKFtOSF1bQ0gzXSlbQ0BASF0oW09IXSlbQ0BIXShPW0NIMl0xKU9bQ0BASF0yW0NASF0oW09IXSlbQ0BIXShbQ0BASF0oW05IMl0pW0NIMl1bQ0BIXTJbTkgyXSlPW0NASF0zT1tDQEBIXShbQ0BASF0oW0NIM10pW05IXVtDSDNdKVtDSDJdW0NIMl1bQ0BIXTNbTkgyXQ==,-2.3,43.114,7,-2.0,5,0.2114,,-40.2739181518555,0.0003,-0.407525568617013,1439.651,0,-8.82,2,0,18906,,"56842138  1
1118  2
3467  2
135233  2",,2,13,-60.7088928222656,11,8.875,288392-55-2,vsw_Gentamicin_Analog_3-LIGPREP-006-in.maegz,0.8296442,"1
5
255",480484847,-1.041,1,2023-05-7C01076,-9.80250788150016,J2VwaWtfcHl0aG9uJywgJy1waCcsICc3LjAwMDAwMCcsICctcGh0JywgJzIuMDAwMDAwJywgJy1tcycsICcxNicsICctdG4nLCAnOCcsICctbWEnLCAnMjAwJywgJy1pbWFlJywgJzxpbmZpbGUubWFlPicsICctb21hZScsICc8b3V0ZmlsZS5tYWU+Jw==,2,33,-3.807,16,56135,18906-1,,-1,0.387096191036002,5,-2,39.864,glide-grid_Ab_minmz,67,0.307,0,25425,-9.62680788150016,182.925,"This compound contains an acetal/aminal-like group ( X-CH(R)-Y where X, Y are N, S, or O) that may be acid/base labile, releasing an aldehyde.",1,0,https://www.starshinechemical.com,-139.188339791746,,0,18,240.007,2.0,0.0,374,0,-20.4349746704102,0.814,-7.919,-0.753967125291099,480484847,0.0,0.1757,110.437545,0.0756406,10,OPLS_2005,0.2117,5,11.0,18,2,1,3.223,"49  10  3
55  13  3
57  14  3
50  19  3
28  2  6
51  20  3
56  21  3
58  22  3
24  35  5
25  68  6
26  69  5
27  70  6
31  3  5
32  39  5
59  62  3
63  65  3
47  8  3
53  8  3
48  9  3
54  9  3",0,15.713,-1.32339690909091,33.079,-1.748,0.0723045503503654,477.6,1,480484847-1,-2.14095222790207,0.0,,1891_sdstereoexpander_1_neutralizer_1_epik_1_stereoizer_1,0,0.0
,6.982,1955,503.203,5,7.24052000045776,evt-7938846,0.304942915495211,-0.935706567642346,2,0.1757,0,16.95,0.0338712,13,12,-0.29172145095455,0,1,,8,536,743.21,0.0,0,2,-0.300812460475847,"Garamycin solution
2-[4,6-diamino-3-[3-amino-6-[1-(methylamino)ethyl]oxan-2-yl]oxy-2-hydroxycyclohexyl]oxy-5-methyl-4-(methylamino)oxane-3,5-diol;sulfuric acid",W09IXVtDQF0xKFtDSDNdKVtDQEhdKFtOSF1bQ0gzXSlbQ0BASF0oW09IXSlbQ0BIXShPW0NIMl0xKU9bQ0BASF0yW0NASF0oW09IXSlbQ0BIXShbQ0BASF0oW05IMl0pW0NIMl1bQ0BIXTJbTkgyXSlPW0NASF0zT1tDQEBIXShbQ0BASF0oW0NIM10pW05IXVtDSDNdKVtDSDJdW0NIMl1bQ0BIXTNbTkgyXQ==,-2.3,43.095,0,-2.0,5,0.2114,https://www.evitachem.com/product/evt-7938846,-40.2739181518555,0.0003,-0.407525568617013,1439.196,0,-8.82,2,0,19546,,"44134730  1
1118  2
3467  2",,2,13,-60.7088928222656,11,8.875,,vsw_Gentamicin_Analog_3-LIGPREP-006-in.maegz,0.8294693,"1
5
255",485553491,-1.042,1,evt-7938846,-9.80250788150016,J2VwaWtfcHl0aG9uJywgJy1waCcsICc3LjAwMDAwMCcsICctcGh0JywgJzIuMDAwMDAwJywgJy1tcycsICcxNicsICctdG4nLCAnOCcsICctbWEnLCAnMjAwJywgJy1pbWFlJywgJzxpbmZpbGUubWFlPicsICctb21hZScsICc8b3V0ZmlsZS5tYWU+Jw==,2,33,-3.81,16,56135,19546-1,,-1,0.387096191036002,5,-2,39.856,glide-grid_Ab_minmz,38,0.307,0,26566,-9.62680788150016,182.925,"This compound contains an acetal/aminal-like group ( X-CH(R)-Y where X, Y are N, S, or O) that may be acid/base labile, releasing an aldehyde.",1,0,https://www.evitachem.com,-139.188339791746,,0,18,240.007,2.0,0.0,374,0,-20.4349746704102,0.814,-7.922,-0.753967125291099,485553491,0.0,0.1757,110.437544,0.0756405,10,OPLS_2005,0.2117,5,11.0,18,2,2,3.223,"21  13  3
22  14  3
25  15  3
29  16  3
18  2  3
24  2  3
19  3  3
27  3  3
30  33  3
34  36  3
20  4  3
26  7  3
28  8  3",0,15.71,-1.32339690909091,33.079,-1.749,0.0723045480961288,477.6,1,485553491-1,-2.14095222790207,0.0,,1955_sdstereoexpander_1_neutralizer_1_epik_1_stereoizer_1,0,0.0
,6.982,1393,503.198,5,7.24052000045776,AC1L9W4Q,0.304942915495211,-0.935706567642346,2,0.1757,0,16.95,0.0338709,13,12,-0.29172145095455,,1,708,8,66,743.205,0.0,0,,-0.300812460475847,"2-[4,6-diamino-3-[3-amino-6-[1-(methylamino)ethyl]oxan-2-yl]oxy-2-hydroxycyclohexyl]oxy-5-methyl-4-(methylamino)oxane-3,5-diol; (2S)-2-[2-[[(2S)-1-hydroxybutan-2-yl]amino]ethylamino]butan-1-ol
AC1L9W4Q",W09IXVtDQF0xKFtDSDNdKVtDQEhdKFtOSF1bQ0gzXSlbQ0BASF0oW09IXSlbQ0BIXShPW0NIMl0xKU9bQ0BASF0yW0NASF0oW09IXSlbQ0BIXShbQ0BASF0oW05IMl0pW0NIMl1bQ0BIXTJbTkgyXSlPW0NASF0zT1tDQEBIXShbQ0BASF0oW0NIM10pW05IXVtDSDNdKVtDSDJdW0NIMl1bQ0BIXTNbTkgyXQ==,-2.3,43.095,,-2.0,5,0.2114,,-40.2739181518555,0.0003,-0.407525568617013,1439.191,0,-8.82,2,,13927,,"457186  1
3467  2
14052  2",,2,,-60.7088928222656,11,8.875,,vsw_Gentamicin_Analog_3-LIGPREP-007-in.maegz,0.8294725,"1
3",109721118,-1.042,1,AC1L9W4Q,-9.80250788150016,J2VwaWtfcHl0aG9uJywgJy1waCcsICc3LjAwMDAwMCcsICctcGh0JywgJzIuMDAwMDAwJywgJy1tcycsICcxNicsICctdG4nLCAnOCcsICctbWEnLCAnMjAwJywgJy1pbWFlJywgJzxpbmZpbGUubWFlPicsICctb21hZScsICc8b3V0ZmlsZS5tYWU+Jw==,2,33,-3.81,16,56135,13927-1,"2-[4,6-bis(azanyl)-3-[3-azanyl-6-[1-(methylamino)ethyl]oxan-2-yl]oxy-2-oxidanyl-cyclohexyl]oxy-5-methyl-4-(methylamino)oxane-3,5-diol; (2S)-2-[2-[[(2S)-1-oxidanylbutan-2-yl]amino]ethylamino]butan-1-ol",,0.387096191036002,5,-2,39.856,glide-grid_Ab_minmz,,0.307,0,,-9.62680788150016,182.925,"This compound contains an acetal/aminal-like group ( X-CH(R)-Y where X, Y are N, S, or O) that may be acid/base labile, releasing an aldehyde.",1,0,http://www.abichem.com,-139.188339791746,,0,18,240.007,2.0,0.0,374,0,-20.4349746704102,0.814,-7.922,-0.753967125291099,109721118,0.0,0.1757,110.437544,0.075641,10,OPLS_2005,0.2117,5,11.0,18,2,1,3.223,"38  15  5
39  16  5",,15.709,-1.32339690909091,33.079,-1.749,0.0723049867437899,477.6,1,109721118-1,-2.14095222790207,0.0,,1393_sdstereoexpander_1_neutralizer_1_epik_1_stereoizer_1,0,0.0
,6.982,1409,503.203,5,7.24052000045776,AC1L9W4T,0.304942915495211,-0.935706567642346,2,0.1757,0,16.95,0.0338599,13,12,-0.29172145095455,,1,708,8,81,743.21,0.0,0,,-0.300812460475847,"AC1L9W4T
N,5-bis(4-chlorophenyl)-3-propan-2-yliminophenazin-2-amine; 2-[4,6-diamino-3-[3-amino-6-[1-(methylamino)ethyl]oxan-2-yl]oxy-2-hydroxycyclohexyl]oxy-5-methyl-4-(methylamino)oxane-3,5-diol",W09IXVtDQF0xKFtDSDNdKVtDQEhdKFtOSF1bQ0gzXSlbQ0BASF0oW09IXSlbQ0BIXShPW0NIMl0xKU9bQ0BASF0yW0NASF0oW09IXSlbQ0BIXShbQ0BASF0oW05IMl0pW0NIMl1bQ0BIXTJbTkgyXSlPW0NASF0zT1tDQEBIXShbQ0BASF0oW0NIM10pW05IXVtDSDNdKVtDSDJdW0NIMl1bQ0BIXTNbTkgyXQ==,-2.3,43.114,,-2.0,5,0.2114,,-40.2739181518555,0.0003,-0.407525568617013,1439.651,0,-8.82,2,,14087,,"457188  1
2794  2
3467  2",,2,,-60.7088928222656,11,8.875,,vsw_Gentamicin_Analog_3-LIGPREP-007-in.maegz,0.8296438,"1
3",109721121,-1.041,1,AC1L9W4T,-9.80250788150016,J2VwaWtfcHl0aG9uJywgJy1waCcsICc3LjAwMDAwMCcsICctcGh0JywgJzIuMDAwMDAwJywgJy1tcycsICcxNicsICctdG4nLCAnOCcsICctbWEnLCAnMjAwJywgJy1pbWFlJywgJzxpbmZpbGUubWFlPicsICctb21hZScsICc8b3V0ZmlsZS5tYWU+Jw==,2,33,-3.807,16,56135,14087-1,"2-[4,6-bis(azanyl)-3-[3-azanyl-6-[1-(methylamino)ethyl]oxan-2-yl]oxy-2-oxidanyl-cyclohexyl]oxy-5-methyl-4-(methylamino)oxane-3,5-diol; N,5-bis(4-chlorophenyl)-3-propan-2-ylimino-phenazin-2-amine",,0.387096191036002,5,-2,39.864,glide-grid_Ab_minmz,,0.307,0,,-9.62680788150016,182.925,"This compound contains an acetal/aminal-like group ( X-CH(R)-Y where X, Y are N, S, or O) that may be acid/base labile, releasing an aldehyde.",1,0,http://www.abichem.com,-139.188339791746,,0,18,240.007,2.0,0.0,374,0,-20.4349746704102,0.814,-7.919,-0.753967125291099,109721121,0.0,0.1757,110.437544,0.0756405,10,OPLS_2005,0.2117,5,11.0,18,2,1,3.223,,,15.713,-1.32339690909091,33.079,-1.748,0.0723045081689998,477.6,1,109721121-1,-2.14095222790207,0.0,,1409_sdstereoexpander_1_neutralizer_1_epik_1_stereoizer_1,0,0.0
2011-04-25,6.982,1425,503.203,5,7.24052000045776,44134730,0.304942915495211,-0.935706567642346,2,0.1757,0,16.95,0.0338705,13,12,-0.29172145095455,,1,DiscoveryGate,8,96,743.21,0.0,0,,-0.300812460475847,,W09IXVtDQF0xKFtDSDNdKVtDQEhdKFtOSF1bQ0gzXSlbQ0BASF0oW09IXSlbQ0BIXShPW0NIMl0xKU9bQ0BASF0yW0NASF0oW09IXSlbQ0BIXShbQ0BASF0oW05IMl0pW0NIMl1bQ0BIXTJbTkgyXSlPW0NASF0zT1tDQEBIXShbQ0BASF0oW0NIM10pW05IXVtDSDNdKVtDSDJdW0NIMl1bQ0BIXTNbTkgyXQ==,-2.3,43.095,,-2.0,5,0.2114,https://www.discoverygate.com/interlink/search?KeyName=EXTREG&KeyValue=44134730&Database=INDEX&Source=PUBCHEM,-40.2739181518555,0.0003,-0.407525568617013,1439.196,0,-8.82,2,,14247,,"44134730  1
1118  2
3467  2",,2,,-60.7088928222656,11,8.875,,vsw_Gentamicin_Analog_3-LIGPREP-007-in.maegz,0.8294695,"1
3",120085546,-1.042,1,44134730,-9.80250788150016,J2VwaWtfcHl0aG9uJywgJy1waCcsICc3LjAwMDAwMCcsICctcGh0JywgJzIuMDAwMDAwJywgJy1tcycsICcxNicsICctdG4nLCAnOCcsICctbWEnLCAnMjAwJywgJy1pbWFlJywgJzxpbmZpbGUubWFlPicsICctb21hZScsICc8b3V0ZmlsZS5tYWU+Jw==,2,33,-3.81,16,56135,14247-1,,,0.387096191036002,5,-2,39.856,glide-grid_Ab_minmz,,0.307,0,,-9.62680788150016,182.925,"This compound contains an acetal/aminal-like group ( X-CH(R)-Y where X, Y are N, S, or O) that may be acid/base labile, releasing an aldehyde.",1,0,https://www.discoverygate.com,-139.188339791746,,0,18,240.007,2.0,0.0,374,0,-20.4349746704102,0.814,-7.922,-0.753967125291099,120085546,0.0,0.1757,110.437545,0.0756406,10,OPLS_2005,0.2117,5,11.0,18,2,1,3.223,,,15.71,-1.32339690909091,33.079,-1.749,0.0723045382834229,477.6,1,120085546-1,-2.14095222790207,0.0,,1425_sdstereoexpander_1_neutralizer_1_epik_1_stereoizer_1,0,0.0
,6.982,15,503.204,5,7.24052000045776,3966765,0.304942915495211,-0.935706567642346,2,0.1757,0,16.95,0.033871,13,12,-0.29172145095455,,1,ChemDB,8,351,743.211,0.0,0,,-0.300812460475847,,W09IXVtDQF0xKFtDSDNdKVtDQEhdKFtOSF1bQ0gzXSlbQ0BASF0oW09IXSlbQ0BIXShPW0NIMl0xKU9bQ0BASF0yW0NASF0oW09IXSlbQ0BIXShbQ0BASF0oW05IMl0pW0NIMl1bQ0BIXTJbTkgyXSlPW0NASF0zT1tDQEBIXShbQ0BASF0oW0NIM10pW05IXVtDSDNdKVtDSDJdW0NIMl1bQ0BIXTNbTkgyXQ==,-2.3,43.095,,-2.0,5,0.2114,http://cdb.ics.uci.edu/CHEMDB/Web/cgibin/ChemicalDetailWeb.py?chemical_id=3966765,-40.2739181518555,0.0003,-0.407525568617013,1439.197,0,-8.82,2,,148,,3467  1,,2,,-60.7088928222656,11,8.875,,vsw_Gentamicin_Analog_3-LIGPREP-008-in.maegz,0.8294681,,4652583,-1.042,1,3966765,-9.80250788150016,J2VwaWtfcHl0aG9uJywgJy1waCcsICc3LjAwMDAwMCcsICctcGh0JywgJzIuMDAwMDAwJywgJy1tcycsICcxNicsICctdG4nLCAnOCcsICctbWEnLCAnMjAwJywgJy1pbWFlJywgJzxpbmZpbGUubWFlPicsICctb21hZScsICc8b3V0ZmlsZS5tYWU+Jw==,2,33,-3.81,16,56135,148-1,,,0.387096191036002,5,-2,39.856,glide-grid_Ab_minmz,,0.307,0,,-9.62680788150016,182.925,"This compound contains an acetal/aminal-like group ( X-CH(R)-Y where X, Y are N, S, or O) that may be acid/base labile, releasing an aldehyde.",1,0,http://cdb.ics.uci.edu,-139.188339791746,,0,18,240.007,2.0,0.0,374,0,-20.4349746704102,0.814,-7.922,-0.753967125291099,4652583,0.0,0.1757,110.437544,0.0756404,10,OPLS_2005,0.2117,5,11.0,18,2,1,3.223,,,15.71,-1.32339690909091,33.079,-1.749,0.0723048281428143,477.6,1,4652583-1,-2.14095222790207,0.0,,15_sdstereoexpander_1_neutralizer_1_epik_1_stereoizer_1,0,0.0
,6.982,31,503.204,5,7.24052000045776,3467,0.304942915495211,-0.935706567642346,2,0.1757,0,16.95,0.033871,13,12,-0.29172145095455,,1,DiscoveryGate,8,366,743.211,0.0,0,,-0.300812460475847,,W09IXVtDQF0xKFtDSDNdKVtDQEhdKFtOSF1bQ0gzXSlbQ0BASF0oW09IXSlbQ0BIXShPW0NIMl0xKU9bQ0BASF0yW0NASF0oW09IXSlbQ0BIXShbQ0BASF0oW05IMl0pW0NIMl1bQ0BIXTJbTkgyXSlPW0NASF0zT1tDQEBIXShbQ0BASF0oW0NIM10pW05IXVtDSDNdKVtDSDJdW0NIMl1bQ0BIXTNbTkgyXQ==,-2.3,43.095,,-2.0,5,0.2114,https://www.discoverygate.com/interlink/search?KeyName=EXTREG&KeyValue=3467&Database=INDEX&Source=PUBCHEM,-40.2739181518555,0.0003,-0.407525568617013,1439.197,0,-8.82,2,,308,,3467  1,,2,,-60.7088928222656,11,8.875,,vsw_Gentamicin_Analog_3-LIGPREP-008-in.maegz,0.8294681,"1
3",8152203,-1.042,1,3467,-9.80250788150016,J2VwaWtfcHl0aG9uJywgJy1waCcsICc3LjAwMDAwMCcsICctcGh0JywgJzIuMDAwMDAwJywgJy1tcycsICcxNicsICctdG4nLCAnOCcsICctbWEnLCAnMjAwJywgJy1pbWFlJywgJzxpbmZpbGUubWFlPicsICctb21hZScsICc8b3V0ZmlsZS5tYWU+Jw==,2,33,-3.81,16,56135,308-1,,,0.387096191036002,5,-2,39.856,glide-grid_Ab_minmz,,0.307,0,,-9.62680788150016,182.925,"This compound contains an acetal/aminal-like group ( X-CH(R)-Y where X, Y are N, S, or O) that may be acid/base labile, releasing an aldehyde.",1,0,https://www.discoverygate.com,-139.188339791746,,0,18,240.007,2.0,0.0,374,0,-20.4349746704102,0.814,-7.922,-0.753967125291099,8152203,0.0,0.1757,110.437544,0.0756404,10,OPLS_2005,0.2117,5,11.0,18,2,4,3.223,,,15.71,-1.32339690909091,33.079,-1.749,0.0723048281428143,477.6,1,8152203-1,-2.14095222790207,0.0,,31_sdstereoexpander_1_neutralizer_1_epik_1_stereoizer_1,0,0.0
,6.982,47,503.199,5,7.24052000045776,3348,0.304942915495211,-0.935706567642346,2,0.1757,0,16.95,0.0338708,13,12,-0.29172145095455,,1,ChemSpider,8,376,743.205,0.0,0,,-0.300812460475847,,W09IXVtDQF0xKFtDSDNdKVtDQEhdKFtOSF1bQ0gzXSlbQ0BASF0oW09IXSlbQ0BIXShPW0NIMl0xKU9bQ0BASF0yW0NASF0oW09IXSlbQ0BIXShbQ0BASF0oW05IMl0pW0NIMl1bQ0BIXTJbTkgyXSlPW0NASF0zT1tDQEBIXShbQ0BASF0oW0NIM10pW05IXVtDSDNdKVtDSDJdW0NIMl1bQ0BIXTNbTkgyXQ==,-2.3,43.095,,-2.0,5,0.2114,http://www.chemspider.com/Chemical-Structure.3348.html,-40.2739181518555,0.0003,-0.407525568617013,1439.191,0,-8.82,2,,468,,3467  1,,2,,-60.7088928222656,11,8.875,,vsw_Gentamicin_Analog_3-LIGPREP-008-in.maegz,0.8294722,"1
3",29222600,-1.042,1,3348,-9.80250788150016,J2VwaWtfcHl0aG9uJywgJy1waCcsICc3LjAwMDAwMCcsICctcGh0JywgJzIuMDAwMDAwJywgJy1tcycsICcxNicsICctdG4nLCAnOCcsICctbWEnLCAnMjAwJywgJy1pbWFlJywgJzxpbmZpbGUubWFlPicsICctb21hZScsICc8b3V0ZmlsZS5tYWU+Jw==,2,33,-3.81,16,56135,468-1,,,0.387096191036002,5,-2,39.856,glide-grid_Ab_minmz,,0.307,0,,-9.62680788150016,182.925,"This compound contains an acetal/aminal-like group ( X-CH(R)-Y where X, Y are N, S, or O) that may be acid/base labile, releasing an aldehyde.",1,0,http://www.chemspider.com,-139.188339791746,,0,18,240.007,2.0,0.0,374,0,-20.4349746704102,0.814,-7.922,-0.753967125291099,29222600,0.0,0.1757,110.437544,0.075641,10,OPLS_2005,0.2117,5,11.0,18,2,1,3.223,"13  1  3
19  1  3
20  10  3
24  11  3
14  2  3
22  2  3
29  31  3
15  3  3
25  5  3
21  6  3
23  7  3
16  8  3
17  9  3",,15.709,-1.32339690909091,33.079,-1.749,0.0723053904409201,477.6,1,29222600-1,-2.14095222790207,0.0,,47_sdstereoexpander_1_neutralizer_1_epik_1_stereoizer_1,0,0.0
,6.982,95,503.204,5,7.24052000045776,3467,0.304942915495211,-0.935706567642346,2,0.1757,0,16.95,0.033871,13,12,-0.29172145095455,,1,NovoSeek,8,401,743.211,0.0,0,,-0.300812460475847,,W09IXVtDQF0xKFtDSDNdKVtDQEhdKFtOSF1bQ0gzXSlbQ0BASF0oW09IXSlbQ0BIXShPW0NIMl0xKU9bQ0BASF0yW0NASF0oW09IXSlbQ0BIXShbQ0BASF0oW05IMl0pW0NIMl1bQ0BIXTJbTkgyXSlPW0NASF0zT1tDQEBIXShbQ0BASF0oW0NIM10pW05IXVtDSDNdKVtDSDJdW0NIMl1bQ0BIXTNbTkgyXQ==,-2.3,43.095,,-2.0,5,0.2114,http://www.novoseek.com/AccessPoint.action?corpus=MEDLINE&externalDBId=cid%3d3467&DBName=pubchem&actionName=search&bioType=drug,-40.2739181518555,0.0003,-0.407525568617013,1439.197,0,-8.82,2,,948,,3467  1,,2,,-60.7088928222656,11,8.875,,vsw_Gentamicin_Analog_3-LIGPREP-008-in.maegz,0.8294681,"1
3",57321817,-1.042,1,3467,-9.80250788150016,J2VwaWtfcHl0aG9uJywgJy1waCcsICc3LjAwMDAwMCcsICctcGh0JywgJzIuMDAwMDAwJywgJy1tcycsICcxNicsICctdG4nLCAnOCcsICctbWEnLCAnMjAwJywgJy1pbWFlJywgJzxpbmZpbGUubWFlPicsICctb21hZScsICc8b3V0ZmlsZS5tYWU+Jw==,2,33,-3.81,16,56135,948-1,,,0.387096191036002,5,-2,39.856,glide-grid_Ab_minmz,,0.307,0,,-9.62680788150016,182.925,"This compound contains an acetal/aminal-like group ( X-CH(R)-Y where X, Y are N, S, or O) that may be acid/base labile, releasing an aldehyde.",1,0,http://www.novoseek.com,-139.188339791746,,0,18,240.007,2.0,0.0,374,0,-20.4349746704102,0.814,-7.922,-0.753967125291099,57321817,0.0,0.1757,110.437544,0.0756404,10,OPLS_2005,0.2117,5,11.0,18,2,1,3.223,,,15.71,-1.32339690909091,33.079,-1.749,0.0723048281428143,477.6,1,57321817-1,-2.14095222790207,0.0,,95_sdstereoexpander_1_neutralizer_1_epik_1_stereoizer_1,0,0.0
,6.982,175,503.204,5,7.24052000045776,AC1L1G02,0.304942915495211,-0.935706567642346,2,0.1757,0,16.95,0.033871,13,12,-0.29172145095455,,1,708,8,476,743.211,0.0,0,,-0.300812460475847,"2-[4,6-diamino-3-[3-amino-6-[1-(methylamino)ethyl]oxan-2-yl]oxy-2-hydroxycyclohexyl]oxy-5-methyl-4-(methylamino)oxane-3,5-diol
AC1L1G02",W09IXVtDQF0xKFtDSDNdKVtDQEhdKFtOSF1bQ0gzXSlbQ0BASF0oW09IXSlbQ0BIXShPW0NIMl0xKU9bQ0BASF0yW0NASF0oW09IXSlbQ0BIXShbQ0BASF0oW05IMl0pW0NIMl1bQ0BIXTJbTkgyXSlPW0NASF0zT1tDQEBIXShbQ0BASF0oW0NIM10pW05IXVtDSDNdKVtDSDJdW0NIMl1bQ0BIXTNbTkgyXQ==,-2.3,43.095,,-2.0,5,0.2114,,-40.2739181518555,0.0003,-0.407525568617013,1439.197,0,-8.82,2,,1748,,3467  1,,2,,-60.7088928222656,11,8.875,,vsw_Gentamicin_Analog_3-LIGPREP-008-in.maegz,0.8294681,"1
3",104303599,-1.042,1,AC1L1G02,-9.80250788150016,J2VwaWtfcHl0aG9uJywgJy1waCcsICc3LjAwMDAwMCcsICctcGh0JywgJzIuMDAwMDAwJywgJy1tcycsICcxNicsICctdG4nLCAnOCcsICctbWEnLCAnMjAwJywgJy1pbWFlJywgJzxpbmZpbGUubWFlPicsICctb21hZScsICc8b3V0ZmlsZS5tYWU+Jw==,2,33,-3.81,16,56135,1748-1,"2-[4,6-bis(azanyl)-3-[3-azanyl-6-[1-(methylamino)ethyl]oxan-2-yl]oxy-2-oxidanyl-cyclohexyl]oxy-5-methyl-4-(methylamino)oxane-3,5-diol",,0.387096191036002,5,-2,39.856,glide-grid_Ab_minmz,,0.307,0,,-9.62680788150016,182.925,"This compound contains an acetal/aminal-like group ( X-CH(R)-Y where X, Y are N, S, or O) that may be acid/base labile, releasing an aldehyde.",1,0,http://www.abichem.com,-139.188339791746,,0,18,240.007,2.0,0.0,374,0,-20.4349746704102,0.814,-7.922,-0.753967125291099,104303599,0.0,0.1757,110.437544,0.0756404,10,OPLS_2005,0.2117,5,11.0,18,2,1,3.223,,,15.71,-1.32339690909091,33.079,-1.749,0.0723048281428143,477.6,1,104303599-1,-2.14095222790207,0.0,,175_sdstereoexpander_1_neutralizer_1_epik_1_stereoizer_1,0,0.0
,6.982,207,503.204,5,7.24052000045776,2159,0.304942915495211,-0.935706567642346,2,0.1757,0,16.95,0.033871,13,12,-0.29172145095455,,1,770,8,496,743.211,0.0,0,,-0.300812460475847,"1403-66-3
Cidomycin
Garamycin
Garasol
Gentacycol
Gentamicin
Gentamicin antibiotic complex
Gentamicin complex consisting of factors gentamicin C1 and C2
Gentamicina
Gentamicine
Gentamicinum
Gentamycin-creme
Gentamycinum
Uromycine",W09IXVtDQF0xKFtDSDNdKVtDQEhdKFtOSF1bQ0gzXSlbQ0BASF0oW09IXSlbQ0BIXShPW0NIMl0xKU9bQ0BASF0yW0NASF0oW09IXSlbQ0BIXShbQ0BASF0oW05IMl0pW0NIMl1bQ0BIXTJbTkgyXSlPW0NASF0zT1tDQEBIXShbQ0BASF0oW0NIM10pW05IXVtDSDNdKVtDSDJdW0NIMl1bQ0BIXTNbTkgyXQ==,-2.3,43.095,,-2.0,5,0.2114,http://www.manetec-52.de/apps/amicbase_drugs-online/base.nsf/WebMain4?SearchView&Query=%28%5BDocType%5D=%22DataFormular%22%29%20AND%20%28%5BLine_1_S%5D=%28%222159*%22%29%29&SearchWV=FALSE&SearchOrder=4&SearchMax=0&Count=50&Start=1&SearchBasis=extern2&FromView=WebMain4,-40.2739181518555,0.0003,-0.407525568617013,1439.197,0,-8.82,2,,2068,,3467  1,"159
195
196
197
198
202
210
214
234
235
236
237
263
283
287
292
294
303
316
329
357
470
471
480
485
504
507
511
518
520
529
539
544
545
546
547
548
549
550
562
569
570
571
573
575
582
584
585
586
587
588
594
595
596
599
613
614
615
621
622
623
624
630
632
642
644
645
646
648
666
670
703
714
715
727
731
745
747
774
780
781
782
783
785
786
787
788
803
807
817
837
851
944
945
948
955
1034
1035
1243
1245
1246
1249
1254
1255
1270
1280
1282
1283
1285
1290
1292
1301
1302
1303
1305
1309
1310
1313
1314
1328
1333
1335
1341
1350
1351
1352
1353
1358
1376
1392
1396
1402
1404
1405
1406
1408
1421
1423
1485
1490
1505
1509
1513
1542
1578
1583
1639
1659
1661
1670
1725
1747
1771
1772
1773
1817
2039
2045
2093
2096
2098
2099
2104
2115
2121
2124
2702
4929
4932
5476
5480
5482
5551
13373
13689
28037
28080
28131
28132
28144
28147
28450
29385
29388
29459
29460
29461
29908
32002
33047
33053
33945
33964
33966
33968
33990
33991
33992
34041
35755
35788
35789
35790
35791
35792
35793
35794
36855
37326
37734
37816
38323
40324
42862
43767
45261
45262
46126
47885
48409
53023
53254
53345
54388
56877
56878
56946
56976
56977
56978
57045
57046
58095
59732
63405
66695
71452
75985
80866
81846
90370
98360
108619
114517
115981
117541
119912
149385
149391
149539
151414
151416
151419
151454
168932
211460
224727
384602
483687
523103
746128
905066
940231",2,,-60.7088928222656,11,8.875,1403-66-3,vsw_Gentamicin_Analog_3-LIGPREP-008-in.maegz,0.8294681,"1
3",124766025,-1.042,1,2159,-9.80250788150016,J2VwaWtfcHl0aG9uJywgJy1waCcsICc3LjAwMDAwMCcsICctcGh0JywgJzIuMDAwMDAwJywgJy1tcycsICcxNicsICctdG4nLCAnOCcsICctbWEnLCAnMjAwJywgJy1pbWFlJywgJzxpbmZpbGUubWFlPicsICctb21hZScsICc8b3V0ZmlsZS5tYWU+Jw==,2,33,-3.81,16,56135,2068-1,,,0.387096191036002,5,-2,39.856,glide-grid_Ab_minmz,,0.307,0,,-9.62680788150016,182.925,"This compound contains an acetal/aminal-like group ( X-CH(R)-Y where X, Y are N, S, or O) that may be acid/base labile, releasing an aldehyde.",1,0,http://www.reviewscience.com,-139.188339791746,,0,18,240.007,2.0,0.0,374,0,-20.4349746704102,0.814,-7.922,-0.753967125291099,124766025,0.0,0.1757,110.437544,0.0756404,10,OPLS_2005,0.2117,5,11.0,18,2,1,3.223,,,15.71,-1.32339690909091,33.079,-1.749,0.0723048281428143,477.6,1,124766025-1,-2.14095222790207,0.0,,207_sdstereoexpander_1_neutralizer_1_epik_1_stereoizer_1,0,0.0
,6.982,255,503.204,5,7.24052000045776,49429831,0.304942915495211,-0.935706567642346,2,0.1757,0,16.95,0.033871,13,12,-0.29172145095455,,1,814,8,526,743.211,0.0,0,,-0.300812460475847,"1403-66-3
Gentamicin",W09IXVtDQF0xKFtDSDNdKVtDQEhdKFtOSF1bQ0gzXSlbQ0BASF0oW09IXSlbQ0BIXShPW0NIMl0xKU9bQ0BASF0yW0NASF0oW09IXSlbQ0BIXShbQ0BASF0oW05IMl0pW0NIMl1bQ0BIXTJbTkgyXSlPW0NASF0zT1tDQEBIXShbQ0BASF0oW0NIM10pW05IXVtDSDNdKVtDSDJdW0NIMl1bQ0BIXTNbTkgyXQ==,-2.3,43.095,,-2.0,5,0.2114,http://www.chemmol.com/chemmol/49429831.html,-40.2739181518555,0.0003,-0.407525568617013,1439.197,0,-8.82,2,,2548,,3467  1,,2,,-60.7088928222656,11,8.875,1403-66-3,vsw_Gentamicin_Analog_3-LIGPREP-008-in.maegz,0.8294681,"1
3",126691181,-1.042,1,49429831,-9.80250788150016,J2VwaWtfcHl0aG9uJywgJy1waCcsICc3LjAwMDAwMCcsICctcGh0JywgJzIuMDAwMDAwJywgJy1tcycsICcxNicsICctdG4nLCAnOCcsICctbWEnLCAnMjAwJywgJy1pbWFlJywgJzxpbmZpbGUubWFlPicsICctb21hZScsICc8b3V0ZmlsZS5tYWU+Jw==,2,33,-3.81,16,56135,2548-1,,,0.387096191036002,5,-2,39.856,glide-grid_Ab_minmz,,0.307,0,,-9.62680788150016,182.925,"This compound contains an acetal/aminal-like group ( X-CH(R)-Y where X, Y are N, S, or O) that may be acid/base labile, releasing an aldehyde.",1,0,http://chemmol.com/suppliers/ChemMol/494/1/,-139.188339791746,,0,18,240.007,2.0,0.0,374,0,-20.4349746704102,0.814,-7.922,-0.753967125291099,126691181,0.0,0.1757,110.437544,0.0756404,10,OPLS_2005,0.2117,5,11.0,18,2,1,3.223,,,15.71,-1.32339690909091,33.079,-1.749,0.0723048281428143,477.6,1,126691181-1,-2.14095222790207,0.0,,255_sdstereoexpander_1_neutralizer_1_epik_1_stereoizer_1,0,0.0
,6.982,271,503.204,5,7.24052000045776,123871-EP2292088A1,0.304942915495211,-0.935706567642346,2,0.1757,0,16.95,0.033871,13,12,-0.29172145095455,,1,826,8,541,743.211,0.0,0,,-0.300812460475847,"123871-EP2292088A1
gentamycin",W09IXVtDQF0xKFtDSDNdKVtDQEhdKFtOSF1bQ0gzXSlbQ0BASF0oW09IXSlbQ0BIXShPW0NIMl0xKU9bQ0BASF0yW0NASF0oW09IXSlbQ0BIXShbQ0BASF0oW05IMl0pW0NIMl1bQ0BIXTJbTkgyXSlPW0NASF0zT1tDQEBIXShbQ0BASF0oW0NIM10pW05IXVtDSDNdKVtDSDJdW0NIMl1bQ0BIXTNbTkgyXQ==,-2.3,43.095,,-2.0,5,0.2114,,-40.2739181518555,0.0003,-0.407525568617013,1439.197,0,-8.82,2,,2708,,3467  1,,2,,-60.7088928222656,11,8.875,,vsw_Gentamicin_Analog_3-LIGPREP-008-in.maegz,0.8294681,,127340104,-1.042,1,123871-EP2292088A1,-9.80250788150016,J2VwaWtfcHl0aG9uJywgJy1waCcsICc3LjAwMDAwMCcsICctcGh0JywgJzIuMDAwMDAwJywgJy1tcycsICcxNicsICctdG4nLCAnOCcsICctbWEnLCAnMjAwJywgJy1pbWFlJywgJzxpbmZpbGUubWFlPicsICctb21hZScsICc8b3V0ZmlsZS5tYWU+Jw==,2,33,-3.81,16,56135,2708-1,"Mutant receptors and their use in a nuclear receptor-based inducible gene expression system http://worldwide.espacenet.com/publicationDetails/biblio?FT=D&CC=EP&NR=2292088A1&KC=A1
Patent Number: EP2292088A1
Publication Date: 2011-03-09
Classifications: C07K14/435A3, A61K31/16, A61K31/47, C07D215/44, C07H21/04, C12N15/62
Applicant(s): INTREXON CORP [US]
Hits: Description",,0.387096191036002,5,-2,39.856,glide-grid_Ab_minmz,,0.307,0,,-9.62680788150016,182.925,"This compound contains an acetal/aminal-like group ( X-CH(R)-Y where X, Y are N, S, or O) that may be acid/base labile, releasing an aldehyde.",1,0,,-139.188339791746,,0,18,240.007,2.0,0.0,374,0,-20.4349746704102,0.814,-7.922,-0.753967125291099,127340104,0.0,0.1757,110.437544,0.0756404,10,OPLS_2005,0.2117,5,11.0,18,2,1,3.223,,,15.71,-1.32339690909091,33.079,-1.749,0.0723048281428143,477.6,1,127340104-1,-2.14095222790207,0.0,,271_sdstereoexpander_1_neutralizer_1_epik_1_stereoizer_1,0,0.0
,6.982,287,503.204,5,7.24052000045776,123871-EP2295422A2,0.304942915495211,-0.935706567642346,2,0.1757,0,16.95,0.033871,13,12,-0.29172145095455,,1,826,8,556,743.211,0.0,0,,-0.300812460475847,"123871-EP2295422A2
gentamycin",W09IXVtDQF0xKFtDSDNdKVtDQEhdKFtOSF1bQ0gzXSlbQ0BASF0oW09IXSlbQ0BIXShPW0NIMl0xKU9bQ0BASF0yW0NASF0oW09IXSlbQ0BIXShbQ0BASF0oW05IMl0pW0NIMl1bQ0BIXTJbTkgyXSlPW0NASF0zT1tDQEBIXShbQ0BASF0oW0NIM10pW05IXVtDSDNdKVtDSDJdW0NIMl1bQ0BIXTNbTkgyXQ==,-2.3,43.095,,-2.0,5,0.2114,,-40.2739181518555,0.0003,-0.407525568617013,1439.197,0,-8.82,2,,2868,,3467  1,,2,,-60.7088928222656,11,8.875,,vsw_Gentamicin_Analog_3-LIGPREP-008-in.maegz,0.8294681,,127340105,-1.042,1,123871-EP2295422A2,-9.80250788150016,J2VwaWtfcHl0aG9uJywgJy1waCcsICc3LjAwMDAwMCcsICctcGh0JywgJzIuMDAwMDAwJywgJy1tcycsICcxNicsICctdG4nLCAnOCcsICctbWEnLCAnMjAwJywgJy1pbWFlJywgJzxpbmZpbGUubWFlPicsICctb21hZScsICc8b3V0ZmlsZS5tYWU+Jw==,2,33,-3.81,16,56135,2868-1,"Glucopyranosyl substituted benzol derivatives, pharmaceutical compositions containing these compounds, use thereof and method for their production http://worldwide.espacenet.com/publicationDetails/biblio?FT=D&CC=EP&NR=2295422A2&KC=A2
Patent Number: EP2295422A2
Publication Date: 2011-03-16
Classifications: C07D309/10, C07H15/04
Applicant(s): BOEHRINGER INGELHEIM INT [DE], BOEHRINGER INGELHEIM PHARMA [DE]
Hits: Description",,0.387096191036002,5,-2,39.856,glide-grid_Ab_minmz,,0.307,0,,-9.62680788150016,182.925,"This compound contains an acetal/aminal-like group ( X-CH(R)-Y where X, Y are N, S, or O) that may be acid/base labile, releasing an aldehyde.",1,0,,-139.188339791746,,0,18,240.007,2.0,0.0,374,0,-20.4349746704102,0.814,-7.922,-0.753967125291099,127340105,0.0,0.1757,110.437544,0.0756404,10,OPLS_2005,0.2117,5,11.0,18,2,1,3.223,,,15.71,-1.32339690909091,33.079,-1.749,0.0723048281428143,477.6,1,127340105-1,-2.14095222790207,0.0,,287_sdstereoexpander_1_neutralizer_1_epik_1_stereoizer_1,0,0.0
,6.982,303,503.204,5,7.24052000045776,123871-EP2295439A1,0.304942915495211,-0.935706567642346,2,0.1757,0,16.95,0.033871,13,12,-0.29172145095455,,1,826,8,1,743.211,0.0,0,,-0.300812460475847,"123871-EP2295439A1
gentamycin",W09IXVtDQF0xKFtDSDNdKVtDQEhdKFtOSF1bQ0gzXSlbQ0BASF0oW09IXSlbQ0BIXShPW0NIMl0xKU9bQ0BASF0yW0NASF0oW09IXSlbQ0BIXShbQ0BASF0oW05IMl0pW0NIMl1bQ0BIXTJbTkgyXSlPW0NASF0zT1tDQEBIXShbQ0BASF0oW0NIM10pW05IXVtDSDNdKVtDSDJdW0NIMl1bQ0BIXTNbTkgyXQ==,-2.3,43.095,,-2.0,5,0.2114,,-40.2739181518555,0.0003,-0.407525568617013,1439.197,0,-8.82,2,,3028,,3467  1,,2,,-60.7088928222656,11,8.875,,vsw_Gentamicin_Analog_3-LIGPREP-008-in.maegz,0.8294681,,127340106,-1.042,1,123871-EP2295439A1,-9.80250788150016,J2VwaWtfcHl0aG9uJywgJy1waCcsICc3LjAwMDAwMCcsICctcGh0JywgJzIuMDAwMDAwJywgJy1tcycsICcxNicsICctdG4nLCAnOCcsICctbWEnLCAnMjAwJywgJy1pbWFlJywgJzxpbmZpbGUubWFlPicsICctb21hZScsICc8b3V0ZmlsZS5tYWU+Jw==,2,33,-3.81,16,56135,3028-1,"Substituted pyrazolopyrimidines, a process for their preparation and their use as medicine http://worldwide.espacenet.com/publicationDetails/biblio?FT=D&CC=EP&NR=2295439A1&KC=A1
Patent Number: EP2295439A1
Publication Date: 2011-03-16
Classifications: C07D487/04, C07D519/00
Applicant(s): MERZ PHARMA GMBH & CO KGAA [DE]
Hits: Description",,0.387096191036002,5,-2,39.856,glide-grid_Ab_minmz,,0.307,0,,-9.62680788150016,182.925,"This compound contains an acetal/aminal-like group ( X-CH(R)-Y where X, Y are N, S, or O) that may be acid/base labile, releasing an aldehyde.",1,0,,-139.188339791746,,0,18,240.007,2.0,0.0,374,0,-20.4349746704102,0.814,-7.922,-0.753967125291099,127340106,0.0,0.1757,110.437544,0.0756404,10,OPLS_2005,0.2117,5,11.0,18,2,1,3.223,,,15.71,-1.32339690909091,33.079,-1.749,0.0723048281428143,477.6,1,127340106-1,-2.14095222790207,0.0,,303_sdstereoexpander_1_neutralizer_1_epik_1_stereoizer_1,0,0.0
,6.982,447,503.204,5,7.24052000045776,BC657258,0.304942915495211,-0.935706567642346,2,0.1757,0,16.95,0.033871,13,12,-0.29172145095455,0,1,4415,8,81,743.211,0.0,0,1,-0.300812460475847,"1403-66-3
BC657258
Gentamicin",W09IXVtDQF0xKFtDSDNdKVtDQEhdKFtOSF1bQ0gzXSlbQ0BASF0oW09IXSlbQ0BIXShPW0NIMl0xKU9bQ0BASF0yW0NASF0oW09IXSlbQ0BIXShbQ0BASF0oW05IMl0pW0NIMl1bQ0BIXTJbTkgyXSlPW0NASF0zT1tDQEBIXShbQ0BASF0oW0NIM10pW05IXVtDSDNdKVtDSDJdW0NIMl1bQ0BIXTNbTkgyXQ==,-2.3,43.095,0,-2.0,5,0.2114,http://www.boerchem.com/?product_39082.html,-40.2739181518555,0.0003,-0.407525568617013,1439.197,0,-8.82,2,0,4468,,3467  1,,2,13,-60.7088928222656,11,8.875,1403-66-3,vsw_Gentamicin_Analog_3-LIGPREP-008-in.maegz,0.8294681,"1
5
255",196105377,-1.042,1,BC657258,-9.80250788150016,J2VwaWtfcHl0aG9uJywgJy1waCcsICc3LjAwMDAwMCcsICctcGh0JywgJzIuMDAwMDAwJywgJy1tcycsICcxNicsICctdG4nLCAnOCcsICctbWEnLCAnMjAwJywgJy1pbWFlJywgJzxpbmZpbGUubWFlPicsICctb21hZScsICc8b3V0ZmlsZS5tYWU+Jw==,2,33,-3.81,16,56135,4468-1,,1,0.387096191036002,5,-2,39.856,glide-grid_Ab_minmz,33,0.307,0,,-9.62680788150016,182.925,"This compound contains an acetal/aminal-like group ( X-CH(R)-Y where X, Y are N, S, or O) that may be acid/base labile, releasing an aldehyde.",1,0,http://www.boerchem.com/,-139.188339791746,,0,18,240.007,2.0,0.0,374,0,-20.4349746704102,0.814,-7.922,-0.753967125291099,196105377,0.0,0.1757,110.437544,0.0756404,10,OPLS_2005,0.2117,5,11.0,18,2,2,3.223,"13  1  3
19  1  3
20  10  3
24  11  3
14  2  3
22  2  3
25  28  3
29  31  3
15  4  3
21  6  3
23  7  3
16  8  3
17  9  3",0,15.71,-1.32339690909091,33.079,-1.749,0.0723048281428143,477.6,1,196105377-1,-2.14095222790207,0.0,,447_sdstereoexpander_1_neutralizer_1_epik_1_stereoizer_1,0,0.0
,6.982,463,503.204,5,7.24052000045776,AN-49150,0.304942915495211,-0.935706567642346,2,0.1757,0,16.95,0.033871,13,12,-0.29172145095455,,1,4456,8,96,743.211,0.0,0,,-0.300812460475847,"2-[4,6-diamino-3-[3-amino-6-[1-(methylamino)ethyl]tetrahydropyran-2-yl]oxy-2-hydroxy-cyclohexoxy]-5-methyl-4-(methylamino)tetrahydropyran-3,5-diol
AN-49150",W09IXVtDQF0xKFtDSDNdKVtDQEhdKFtOSF1bQ0gzXSlbQ0BASF0oW09IXSlbQ0BIXShPW0NIMl0xKU9bQ0BASF0yW0NASF0oW09IXSlbQ0BIXShbQ0BASF0oW05IMl0pW0NIMl1bQ0BIXTJbTkgyXSlPW0NASF0zT1tDQEBIXShbQ0BASF0oW0NIM10pW05IXVtDSDNdKVtDSDJdW0NIMl1bQ0BIXTNbTkgyXQ==,-2.3,43.095,,-2.0,5,0.2114,,-40.2739181518555,0.0003,-0.407525568617013,1439.197,0,-8.82,2,,4628,,3467  1,,2,,-60.7088928222656,11,8.875,,vsw_Gentamicin_Analog_3-LIGPREP-008-in.maegz,0.8294681,"1
3",223658860,-1.042,1,AN-49150,-9.80250788150016,J2VwaWtfcHl0aG9uJywgJy1waCcsICc3LjAwMDAwMCcsICctcGh0JywgJzIuMDAwMDAwJywgJy1tcycsICcxNicsICctdG4nLCAnOCcsICctbWEnLCAnMjAwJywgJy1pbWFlJywgJzxpbmZpbGUubWFlPicsICctb21hZScsICc8b3V0ZmlsZS5tYWU+Jw==,2,33,-3.81,16,56135,4628-1,"2-[4,6-diamino-3-[3-amino-6-[1-(methylamino)ethyl]tetrahydropyran-2-yl]oxy-2-hydroxy-cyclohexoxy]-5-methyl-4-(methylamino)tetrahydropyran-3,5-diol",,0.387096191036002,5,-2,39.856,glide-grid_Ab_minmz,,0.307,0,,-9.62680788150016,182.925,"This compound contains an acetal/aminal-like group ( X-CH(R)-Y where X, Y are N, S, or O) that may be acid/base labile, releasing an aldehyde.",1,0,http://www.anpharma.net,-139.188339791746,,0,18,240.007,2.0,0.0,374,0,-20.4349746704102,0.814,-7.922,-0.753967125291099,223658860,0.0,0.1757,110.437544,0.0756404,10,OPLS_2005,0.2117,5,11.0,18,2,1,3.223,,,15.71,-1.32339690909091,33.079,-1.749,0.0723048281428143,477.6,1,223658860-1,-2.14095222790207,0.0,,463_sdstereoexpander_1_neutralizer_1_epik_1_stereoizer_1,0,0.0
,6.982,575,503.204,5,7.24052000045776,ToxPlanet-MTQwMy02Ni0zMzQ2Nw==,0.304942915495211,-0.935706567642346,2,0.1757,0,16.95,0.033871,13,12,-0.29172145095455,0,1,15207,8,181,743.211,0.0,0,1,-0.300812460475847,"1403-66-3
Centicin
Cidomycin
EINECS 215-765-8
Garamycin
Garasol
Gentacycol
Gentamicin
Gentamicin [INN:BAN]
Gentamicin [INN]
Gentamicina
Gentamicina [INN-Spanish]
Gentamicine
Gentamicine [INN-French]
Gentamicinum
Gentamicinum [INN-Latin]
Gentamycin
Gentamycin-creme
Gentamycin-creme [German]
Gentamycins
Gentamycinum
Gentavet
Gentocin
HSDB 3087
Lyramycin
Oksitselanim
Refobacin
Refobacin TM
Septigen
UNII-T6Z9V48IKG
Uromycine",W09IXVtDQF0xKFtDSDNdKVtDQEhdKFtOSF1bQ0gzXSlbQ0BASF0oW09IXSlbQ0BIXShPW0NIMl0xKU9bQ0BASF0yW0NASF0oW09IXSlbQ0BIXShbQ0BASF0oW05IMl0pW0NIMl1bQ0BIXTJbTkgyXSlPW0NASF0zT1tDQEBIXShbQ0BASF0oW0NIM10pW05IXVtDSDNdKVtDSDJdW0NIMl1bQ0BIXTNbTkgyXQ==,-2.3,43.095,0,-2.0,5,0.2114,https://search.toxplanet.com/CategorySearch.aspx?cas_no=1403-66-3,-40.2739181518555,0.0003,-0.407525568617013,1439.197,0,-8.82,2,0,5748,,3467  1,,2,13,-60.7088928222656,11,8.875,1403-66-3,vsw_Gentamicin_Analog_3-LIGPREP-008-in.maegz,0.8294681,"1
5
255",319062335,-1.042,1,ToxPlanet-MTQwMy02Ni0zMzQ2Nw==,-9.80250788150016,J2VwaWtfcHl0aG9uJywgJy1waCcsICc3LjAwMDAwMCcsICctcGh0JywgJzIuMDAwMDAwJywgJy1tcycsICcxNicsICctdG4nLCAnOCcsICctbWEnLCAnMjAwJywgJy1pbWFlJywgJzxpbmZpbGUubWFlPicsICctb21hZScsICc8b3V0ZmlsZS5tYWU+Jw==,2,33,-3.81,16,56135,5748-1,,1,0.387096191036002,5,-2,39.856,glide-grid_Ab_minmz,33,0.307,0,,-9.62680788150016,182.925,"This compound contains an acetal/aminal-like group ( X-CH(R)-Y where X, Y are N, S, or O) that may be acid/base labile, releasing an aldehyde.",1,0,https:/www/toxplanet.com,-139.188339791746,,0,18,240.007,2.0,0.0,374,0,-20.4349746704102,0.814,-7.922,-0.753967125291099,319062335,0.0,0.1757,110.437544,0.0756404,10,OPLS_2005,0.2117,5,11.0,18,2,1,3.223,"13  1  3
19  1  3
20  10  3
24  11  3
14  2  3
22  2  3
25  28  3
29  31  3
15  4  3
21  6  3
23  7  3
16  8  3
17  9  3",0,15.71,-1.32339690909091,33.079,-1.749,0.0723048281428143,477.6,1,319062335-1,-2.14095222790207,0.0,,575_sdstereoexpander_1_neutralizer_1_epik_1_stereoizer_1,0,0.0
,6.982,591,503.204,5,7.24052000045776,ToxPlanet-MjU4NzYtMTAtMjM0Njc=,0.304942915495211,-0.935706567642346,2,0.1757,0,16.95,0.033871,13,12,-0.29172145095455,0,1,15207,8,196,743.211,0.0,0,1,-0.300812460475847,"25876-10-2
C21-H43-N5-O7
C21H43N5O7
D-Streptamine, O-2-amino-2,3,4,6,7-pentadeoxy-6-(methylamino)-.alpha.-D-ribo-heptopyranosyl-(1.fwdarw.4)-O-[3-deoxy-4-C-methyl-3-(methylamino)-.beta.-L-arabinopyranosyl-(1.fwdarw.6)]-2-deoxy-
Gentamicin C1
UNII-I904Y9FPPV",W09IXVtDQF0xKFtDSDNdKVtDQEhdKFtOSF1bQ0gzXSlbQ0BASF0oW09IXSlbQ0BIXShPW0NIMl0xKU9bQ0BASF0yW0NASF0oW09IXSlbQ0BIXShbQ0BASF0oW05IMl0pW0NIMl1bQ0BIXTJbTkgyXSlPW0NASF0zT1tDQEBIXShbQ0BASF0oW0NIM10pW05IXVtDSDNdKVtDSDJdW0NIMl1bQ0BIXTNbTkgyXQ==,-2.3,43.095,0,-2.0,5,0.2114,https://search.toxplanet.com/CategorySearch.aspx?cas_no=25876-10-2,-40.2739181518555,0.0003,-0.407525568617013,1439.197,0,-8.82,2,0,5908,,3467  1,,2,13,-60.7088928222656,11,8.875,25876-10-2,vsw_Gentamicin_Analog_3-LIGPREP-008-in.maegz,0.8294681,"1
5
255",319062336,-1.042,1,ToxPlanet-MjU4NzYtMTAtMjM0Njc=,-9.80250788150016,J2VwaWtfcHl0aG9uJywgJy1waCcsICc3LjAwMDAwMCcsICctcGh0JywgJzIuMDAwMDAwJywgJy1tcycsICcxNicsICctdG4nLCAnOCcsICctbWEnLCAnMjAwJywgJy1pbWFlJywgJzxpbmZpbGUubWFlPicsICctb21hZScsICc8b3V0ZmlsZS5tYWU+Jw==,2,33,-3.81,16,56135,5908-1,,1,0.387096191036002,5,-2,39.856,glide-grid_Ab_minmz,33,0.307,0,,-9.62680788150016,182.925,"This compound contains an acetal/aminal-like group ( X-CH(R)-Y where X, Y are N, S, or O) that may be acid/base labile, releasing an aldehyde.",1,0,https:/www/toxplanet.com,-139.188339791746,,0,18,240.007,2.0,0.0,374,0,-20.4349746704102,0.814,-7.922,-0.753967125291099,319062336,0.0,0.1757,110.437544,0.0756404,10,OPLS_2005,0.2117,5,11.0,18,2,1,3.223,"13  1  3
19  1  3
20  10  3
24  11  3
14  2  3
22  2  3
25  28  3
29  31  3
15  4  3
21  6  3
23  7  3
16  8  3
17  9  3",0,15.71,-1.32339690909091,33.079,-1.749,0.0723048281428143,477.6,1,319062336-1,-2.14095222790207,0.0,,591_sdstereoexpander_1_neutralizer_1_epik_1_stereoizer_1,0,0.0
,6.982,639,503.204,5,7.24052000045776,D0L9UU,0.304942915495211,-0.935706567642346,2,0.1757,0,16.95,0.033871,13,12,-0.29172145095455,,1,845,8,221,743.211,0.0,0,,-0.300812460475847,"(1R,2S,3S,4R,6S)-4,6-diamino-3-[3-deoxy-4-C-methyl-3-(methylamino)-beta-L-arabinopyranosyloxy]-2-hydroxycyclohexyl 2-amino-2,3,4,6,7-pentadeoxy-6-(methylamino)-beta-L-lyxo-heptopyranoside
(1R,2S,3S,4R,6S)-4,6-diamino-3-{[3-deoxy-4-C-methyl-3-(methylamino)-beta-L-arabinopyranosyl]oxy}-2-hydroxycyclohexyl (6x)-2-amino-2,3,4,6,7-pentadeoxy-6-(methylamino)-alpha-D-erythro-heptopyranoside
(2R,3R,4R,5R)-2-[(1S,2S,3R,4S,6R)-4,6-diamino-3-[(2R,3R,6S)-3-amino-6-[1-(methylamino)ethyl]oxan-2-yl]oxy-2-hydroxycyclohexyl]oxy-5-methyl-4-(methylamino)oxane-3,5-diol
1403-66-3
2-[4,6-diamino-3-[3-amino-6-[1-(methylamino)ethyl]oxan-2-yl]oxy-2-hydroxycyclohexyl]oxy-5-methyl-4-(methylamino)oxane-3,5-diol
4,6-diamino-3-{[3-deoxy-4-c-methyl-3-(methylamino)pentopyranosyl]oxy}-2-hydroxycyclohexyl 2-amino-2,3,4,6,7-pentadeoxy-6-(methylamino)heptopyranoside
Alcomicin
Apogen
Bristagen
Cidomycin
D0L9UU
G-Mycin
G-Myticin
GENTAMYCIN
Garamycin
Garamycin (TN)
Garamycin Otic Solution
Garasol
Genoptic Liquifilm
Genoptic S.O.P.
Gentacidin
Gentacycol
Gentafair
Gentak
Gentamar
Gentamcin Sulfate
Gentamicin
Gentamicin (BAN)
Gentamicin (TN)
Gentamicin C1
Gentamicin sulphate sterile
Gentamicina
Gentamicina [INN-Spanish]
Gentamicine
Gentamicine [INN-French]
Gentamicins
Gentamicinum
Gentamicinum [INN-Latin]
Gentamycin-creme
Gentamycin-creme [German]
Gentamycinum
Gentavet
Gentocin
Jenamicin
O-2-amino-2,3,4,6,7-pentadeoxy-6-(methylamino)-alpha-D-ribo-heptopyranosyl-(1-4)-O-(3-deoxy-4-C-methyl-3-(methylamino)-beta-L-arabinopyranosyl-(1-6))-2-deoxy-D-streptamine
Ocu-Mycin
Refobacin
Refobacin TM
Spectro-Genta
U-Gencin
Uromycine",W09IXVtDQF0xKFtDSDNdKVtDQEhdKFtOSF1bQ0gzXSlbQ0BASF0oW09IXSlbQ0BIXShPW0NIMl0xKU9bQ0BASF0yW0NASF0oW09IXSlbQ0BIXShbQ0BASF0oW05IMl0pW0NIMl1bQ0BIXTJbTkgyXSlPW0NASF0zT1tDQEBIXShbQ0BASF0oW0NIM10pW05IXVtDSDNdKVtDSDJdW0NIMl1bQ0BIXTNbTkgyXQ==,-2.3,43.095,,-2.0,5,0.2114,https://db.idrblab.org/ttd/drug/D0L9UU,-40.2739181518555,0.0003,-0.407525568617013,1439.197,0,-8.82,2,,6388,,3467  1,,2,,-60.7088928222656,11,8.875,1403-66-3,vsw_Gentamicin_Analog_3-LIGPREP-008-in.maegz,0.8294681,"1
3",349989484,-1.042,1,D0L9UU,-9.80250788150016,J2VwaWtfcHl0aG9uJywgJy1waCcsICc3LjAwMDAwMCcsICctcGh0JywgJzIuMDAwMDAwJywgJy1tcycsICcxNicsICctdG4nLCAnOCcsICctbWEnLCAnMjAwJywgJy1pbWFlJywgJzxpbmZpbGUubWFlPicsICctb21hZScsICc8b3V0ZmlsZS5tYWU+Jw==,2,33,-3.81,16,56135,6388-1,,,0.387096191036002,5,-2,39.856,glide-grid_Ab_minmz,,0.307,0,,-9.62680788150016,182.925,"This compound contains an acetal/aminal-like group ( X-CH(R)-Y where X, Y are N, S, or O) that may be acid/base labile, releasing an aldehyde.",1,0,https://db.idrblab.org/ttd/,-139.188339791746,,0,18,240.007,2.0,0.0,374,0,-20.4349746704102,0.814,-7.922,-0.753967125291099,349989484,0.0,0.1757,110.437544,0.0756404,10,OPLS_2005,0.2117,5,11.0,18,2,1,3.223,,,15.71,-1.32339690909091,33.079,-1.749,0.0723048281428143,477.6,1,349989484-1,-2.14095222790207,0.0,,639_sdstereoexpander_1_neutralizer_1_epik_1_stereoizer_1,0,0.0
,6.982,671,503.204,5,7.24052000045776,M046866,0.304942915495211,-0.935706567642346,2,0.1757,0,16.95,0.033871,13,12,-0.29172145095455,0,1,15694,8,246,743.211,0.0,0,1,-0.300812460475847,"1403-66-3
Gentamicin",W09IXVtDQF0xKFtDSDNdKVtDQEhdKFtOSF1bQ0gzXSlbQ0BASF0oW09IXSlbQ0BIXShPW0NIMl0xKU9bQ0BASF0yW0NASF0oW09IXSlbQ0BIXShbQ0BASF0oW05IMl0pW0NIMl1bQ0BIXTJbTkgyXSlPW0NASF0zT1tDQEBIXShbQ0BASF0oW0NIM10pW05IXVtDSDNdKVtDSDJdW0NIMl1bQ0BIXTNbTkgyXQ==,-2.3,43.095,0,-2.0,5,0.2114,https://www.musechem.com/product/M046866.html,-40.2739181518555,0.0003,-0.407525568617013,1439.197,0,-8.82,2,0,6708,,3467  1,,2,13,-60.7088928222656,11,8.875,1403-66-3,vsw_Gentamicin_Analog_3-LIGPREP-008-in.maegz,0.8294681,"1
5
255",355170185,-1.042,1,M046866,-9.80250788150016,J2VwaWtfcHl0aG9uJywgJy1waCcsICc3LjAwMDAwMCcsICctcGh0JywgJzIuMDAwMDAwJywgJy1tcycsICcxNicsICctdG4nLCAnOCcsICctbWEnLCAnMjAwJywgJy1pbWFlJywgJzxpbmZpbGUubWFlPicsICctb21hZScsICc8b3V0ZmlsZS5tYWU+Jw==,2,33,-3.81,16,56135,6708-1,,1,0.387096191036002,5,-2,39.856,glide-grid_Ab_minmz,33,0.307,0,,-9.62680788150016,182.925,"This compound contains an acetal/aminal-like group ( X-CH(R)-Y where X, Y are N, S, or O) that may be acid/base labile, releasing an aldehyde.",1,0,https://www.musechem.com,-139.188339791746,,0,18,240.007,2.0,0.0,374,0,-20.4349746704102,0.814,-7.922,-0.753967125291099,355170185,0.0,0.1757,110.437544,0.0756404,10,OPLS_2005,0.2117,5,11.0,18,2,1,3.223,"13  1  3
19  1  3
20  10  3
24  11  3
14  2  3
22  2  3
25  28  3
29  31  3
15  4  3
21  6  3
23  7  3
16  8  3
17  9  3",0,15.71,-1.32339690909091,33.079,-1.749,0.0723048281428143,477.6,1,355170185-1,-2.14095222790207,0.0,,671_sdstereoexpander_1_neutralizer_1_epik_1_stereoizer_1,0,0.0
,6.982,687,503.204,5,7.24052000045776,J4.074F,0.304942915495211,-0.935706567642346,2,0.1757,0,16.95,0.033871,13,12,-0.29172145095455,,1,,8,261,743.211,0.0,0,,-0.300812460475847,"1403-66-3
Gentavet
J4.074F",W09IXVtDQF0xKFtDSDNdKVtDQEhdKFtOSF1bQ0gzXSlbQ0BASF0oW09IXSlbQ0BIXShPW0NIMl0xKU9bQ0BASF0yW0NASF0oW09IXSlbQ0BIXShbQ0BASF0oW05IMl0pW0NIMl1bQ0BIXTJbTkgyXSlPW0NASF0zT1tDQEBIXShbQ0BASF0oW0NIM10pW05IXVtDSDNdKVtDSDJdW0NIMl1bQ0BIXTNbTkgyXQ==,-2.3,43.095,,-2.0,5,0.2114,http://jglobal.jst.go.jp/en/redirect?Nikkaji_No=J4.074F,-40.2739181518555,0.0003,-0.407525568617013,1439.197,0,-8.82,2,,6868,,3467  1,,2,,-60.7088928222656,11,8.875,1403-66-3,vsw_Gentamicin_Analog_3-LIGPREP-008-in.maegz,0.8294681,,355227184,-1.042,1,J4.074F,-9.80250788150016,J2VwaWtfcHl0aG9uJywgJy1waCcsICc3LjAwMDAwMCcsICctcGh0JywgJzIuMDAwMDAwJywgJy1tcycsICcxNicsICctdG4nLCAnOCcsICctbWEnLCAnMjAwJywgJy1pbWFlJywgJzxpbmZpbGUubWFlPicsICctb21hZScsICc8b3V0ZmlsZS5tYWU+Jw==,2,33,-3.81,16,56135,6868-1,,,0.387096191036002,5,-2,39.856,glide-grid_Ab_minmz,,0.307,0,11834,-9.62680788150016,182.925,"This compound contains an acetal/aminal-like group ( X-CH(R)-Y where X, Y are N, S, or O) that may be acid/base labile, releasing an aldehyde.",1,0,http://doi.org/10.15079/NIKKAJI,-139.188339791746,,0,18,240.007,2.0,0.0,374,0,-20.4349746704102,0.814,-7.922,-0.753967125291099,355227184,0.0,0.1757,110.437544,0.0756404,10,OPLS_2005,0.2117,5,11.0,18,2,1,3.223,,,15.71,-1.32339690909091,33.079,-1.749,0.0723048281428143,477.6,1,355227184-1,-2.14095222790207,0.0,,687_sdstereoexpander_1_neutralizer_1_epik_1_stereoizer_1,0,0.0
,6.982,703,503.204,5,7.24052000045776,1403-66-3,0.304942915495211,-0.935706567642346,2,0.1757,0,16.95,0.033871,13,12,-0.29172145095455,0,1,,8,276,743.211,0.0,0,1,-0.300812460475847,"1403-66-3
GENTAMICIN",W09IXVtDQF0xKFtDSDNdKVtDQEhdKFtOSF1bQ0gzXSlbQ0BASF0oW09IXSlbQ0BIXShPW0NIMl0xKU9bQ0BASF0yW0NASF0oW09IXSlbQ0BIXShbQ0BASF0oW05IMl0pW0NIMl1bQ0BIXTJbTkgyXSlPW0NASF0zT1tDQEBIXShbQ0BASF0oW0NIM10pW05IXVtDSDNdKVtDSDJdW0NIMl1bQ0BIXTNbTkgyXQ==,-2.3,43.095,0,-2.0,5,0.2114,http://toxnet.nlm.nih.gov/cgi-bin/sis/search2/r?dbs+genetox:@term+@DOCNO+2072,-40.2739181518555,0.0003,-0.407525568617013,1439.197,0,-8.82,2,0,7028,,3467  1,,2,13,-60.7088928222656,11,8.875,1403-66-3,vsw_Gentamicin_Analog_3-LIGPREP-008-in.maegz,0.8294681,"1
5
255",363896048,-1.042,1,1403-66-3,-9.80250788150016,J2VwaWtfcHl0aG9uJywgJy1waCcsICc3LjAwMDAwMCcsICctcGh0JywgJzIuMDAwMDAwJywgJy1tcycsICcxNicsICctdG4nLCAnOCcsICctbWEnLCAnMjAwJywgJy1pbWFlJywgJzxpbmZpbGUubWFlPicsICctb21hZScsICc8b3V0ZmlsZS5tYWU+Jw==,2,33,-3.81,16,56135,7028-1,"Substance Name:
GENTAMICIN
CAS Registry Number:
1403-66-3
Chemical Classification Category:
Antibiotics, mycotoxins
Aromatic amines, aliphatic amines, amides and sulfonamides
Taxonomic Name & Assay:
Lower eukaryotes - other genotoxic effects
GENETOX Record Number:
2072
Last Revision Date:
19910822
Update History:
Complete update on 01/30/1991, 5 fields added/edited/deleted.",1,0.387096191036002,5,-2,39.856,glide-grid_Ab_minmz,33,0.307,0,22071,-9.62680788150016,182.925,"This compound contains an acetal/aminal-like group ( X-CH(R)-Y where X, Y are N, S, or O) that may be acid/base labile, releasing an aldehyde.",1,0,https://toxnet.nlm.nih.gov/newtoxnet/genetox.htm,-139.188339791746,,0,18,240.007,2.0,0.0,374,0,-20.4349746704102,0.814,-7.922,-0.753967125291099,363896048,0.0,0.1757,110.437544,0.0756404,10,OPLS_2005,0.2117,5,11.0,18,2,1,3.223,"13  1  3
19  1  3
20  10  3
24  11  3
14  2  3
22  2  3
25  28  3
29  31  3
15  4  3
21  6  3
23  7  3
16  8  3
17  9  3",0,15.71,-1.32339690909091,33.079,-1.749,0.0723048281428143,477.6,1,363896048-1,-2.14095222790207,0.0,,703_sdstereoexpander_1_neutralizer_1_epik_1_stereoizer_1,0,0.0
,6.982,831,503.199,5,7.24052000045776,bt-269144,0.304942915495211,-0.935706567642346,2,0.1757,0,16.95,0.0338708,13,12,-0.29172145095455,0,1,,8,326,743.205,0.0,0,1,-0.300812460475847,"1403-66-3
Gentamycin C1
2-[4,6-diamino-3-[3-amino-6-[1-(methylamino)ethyl]oxan-2-yl]oxy-2-hydroxycyclohexyl]oxy-5-methyl-4-(methylamino)oxane-3,5-diol",W09IXVtDQF0xKFtDSDNdKVtDQEhdKFtOSF1bQ0gzXSlbQ0BASF0oW09IXSlbQ0BIXShPW0NIMl0xKU9bQ0BASF0yW0NASF0oW09IXSlbQ0BIXShbQ0BASF0oW05IMl0pW0NIMl1bQ0BIXTJbTkgyXSlPW0NASF0zT1tDQEBIXShbQ0BASF0oW0NIM10pW05IXVtDSDNdKVtDSDJdW0NIMl1bQ0BIXTNbTkgyXQ==,-2.3,43.095,0,-2.0,5,0.2114,https://www.thebiotek.com/product/inhibitors/bt-269144,-40.2739181518555,0.0003,-0.407525568617013,1439.191,0,-8.82,2,0,8308,,3467  1,,2,13,-60.7088928222656,11,8.875,1403-66-3,vsw_Gentamicin_Analog_3-LIGPREP-008-in.maegz,0.8294722,"1
5
255",434252689,-1.042,1,bt-269144,-9.80250788150016,J2VwaWtfcHl0aG9uJywgJy1waCcsICc3LjAwMDAwMCcsICctcGh0JywgJzIuMDAwMDAwJywgJy1tcycsICcxNicsICctdG4nLCAnOCcsICctbWEnLCAnMjAwJywgJy1pbWFlJywgJzxpbmZpbGUubWFlPicsICctb21hZScsICc8b3V0ZmlsZS5tYWU+Jw==,2,33,-3.81,16,56135,8308-1,,-1,0.387096191036002,5,-2,39.856,glide-grid_Ab_minmz,33,0.307,0,24343,-9.62680788150016,182.925,"This compound contains an acetal/aminal-like group ( X-CH(R)-Y where X, Y are N, S, or O) that may be acid/base labile, releasing an aldehyde.",1,0,https://www.thebiotek.com/,-139.188339791746,,0,18,240.007,2.0,0.0,374,0,-20.4349746704102,0.814,-7.922,-0.753967125291099,434252689,0.0,0.1757,110.437544,0.075641,10,OPLS_2005,0.2117,5,11.0,18,2,3,3.223,"13  1  3
19  1  3
20  10  3
24  11  3
14  2  3
22  2  3
25  28  3
29  31  3
15  3  3
21  6  3
23  7  3
16  8  3
17  9  3",0,15.709,-1.32339690909091,33.079,-1.749,0.0723053904409201,477.6,1,434252689-1,-2.14095222790207,0.0,,831_sdstereoexpander_1_neutralizer_1_epik_1_stereoizer_1,0,0.0
,6.982,863,503.199,5,7.24052000045776,S528809,0.304942915495211,-0.935706567642346,2,0.1757,0,16.95,0.0338708,13,12,-0.29172145095455,0,1,,8,336,743.205,0.0,0,1,-0.300812460475847,"1403-66-3
Gentamycin C1
2-[4,6-diamino-3-[3-amino-6-[1-(methylamino)ethyl]oxan-2-yl]oxy-2-hydroxycyclohexyl]oxy-5-methyl-4-(methylamino)oxane-3,5-diol",W09IXVtDQF0xKFtDSDNdKVtDQEhdKFtOSF1bQ0gzXSlbQ0BASF0oW09IXSlbQ0BIXShPW0NIMl0xKU9bQ0BASF0yW0NASF0oW09IXSlbQ0BIXShbQ0BASF0oW05IMl0pW0NIMl1bQ0BIXTJbTkgyXSlPW0NASF0zT1tDQEBIXShbQ0BASF0oW0NIM10pW05IXVtDSDNdKVtDSDJdW0NIMl1bQ0BIXTNbTkgyXQ==,-2.3,43.095,0,-2.0,5,0.2114,https://www.smolecule.com/products/s528809,-40.2739181518555,0.0003,-0.407525568617013,1439.191,0,-8.82,2,0,8628,,3467  1,,2,13,-60.7088928222656,11,8.875,1403-66-3,vsw_Gentamicin_Analog_3-LIGPREP-008-in.maegz,0.8294722,"1
5
255",438457699,-1.042,1,S528809,-9.80250788150016,J2VwaWtfcHl0aG9uJywgJy1waCcsICc3LjAwMDAwMCcsICctcGh0JywgJzIuMDAwMDAwJywgJy1tcycsICcxNicsICctdG4nLCAnOCcsICctbWEnLCAnMjAwJywgJy1pbWFlJywgJzxpbmZpbGUubWFlPicsICctb21hZScsICc8b3V0ZmlsZS5tYWU+Jw==,2,33,-3.81,16,56135,8628-1,,-1,0.387096191036002,5,-2,39.856,glide-grid_Ab_minmz,33,0.307,0,24449,-9.62680788150016,182.925,"This compound contains an acetal/aminal-like group ( X-CH(R)-Y where X, Y are N, S, or O) that may be acid/base labile, releasing an aldehyde.",1,0,https://www.smolecule.com/,-139.188339791746,,0,18,240.007,2.0,0.0,374,0,-20.4349746704102,0.814,-7.922,-0.753967125291099,438457699,0.0,0.1757,110.437544,0.075641,10,OPLS_2005,0.2117,5,11.0,18,2,3,3.223,"13  1  3
19  1  3
20  10  3
24  11  3
14  2  3
22  2  3
25  28  3
29  31  3
15  3  3
21  6  3
23  7  3
16  8  3
17  9  3",0,15.709,-1.32339690909091,33.079,-1.749,0.0723053904409201,477.6,1,438457699-1,-2.14095222790207,0.0,,863_sdstereoexpander_1_neutralizer_1_epik_1_stereoizer_1,0,0.0
,6.982,911,503.199,5,7.24052000045776,B1671437,0.304942915495211,-0.935706567642346,2,0.1757,0,16.95,0.0338708,13,12,-0.29172145095455,0,1,,8,356,743.205,0.0,0,1,-0.300812460475847,"1403-66-3
Gentamycin C1
2-[4,6-diamino-3-[3-amino-6-[1-(methylamino)ethyl]oxan-2-yl]oxy-2-hydroxycyclohexyl]oxy-5-methyl-4-(methylamino)oxane-3,5-diol",W09IXVtDQF0xKFtDSDNdKVtDQEhdKFtOSF1bQ0gzXSlbQ0BASF0oW09IXSlbQ0BIXShPW0NIMl0xKU9bQ0BASF0yW0NASF0oW09IXSlbQ0BIXShbQ0BASF0oW05IMl0pW0NIMl1bQ0BIXTJbTkgyXSlPW0NASF0zT1tDQEBIXShbQ0BASF0oW0NIM10pW05IXVtDSDNdKVtDSDJdW0NIMl1bQ0BIXTNbTkgyXQ==,-2.3,43.095,0,-2.0,5,0.2114,https://www.benchchem.com/product/b1671437,-40.2739181518555,0.0003,-0.407525568617013,1439.191,0,-8.82,2,0,9108,,3467  1,,2,13,-60.7088928222656,11,8.875,1403-66-3,vsw_Gentamicin_Analog_3-LIGPREP-008-in.maegz,0.8294722,"1
5
255",445775547,-1.042,1,B1671437,-9.80250788150016,J2VwaWtfcHl0aG9uJywgJy1waCcsICc3LjAwMDAwMCcsICctcGh0JywgJzIuMDAwMDAwJywgJy1tcycsICcxNicsICctdG4nLCAnOCcsICctbWEnLCAnMjAwJywgJy1pbWFlJywgJzxpbmZpbGUubWFlPicsICctb21hZScsICc8b3V0ZmlsZS5tYWU+Jw==,2,33,-3.81,16,56135,9108-1,,-1,0.387096191036002,5,-2,39.856,glide-grid_Ab_minmz,33,0.307,0,24800,-9.62680788150016,182.925,"This compound contains an acetal/aminal-like group ( X-CH(R)-Y where X, Y are N, S, or O) that may be acid/base labile, releasing an aldehyde.",1,0,https://www.benchchem.com/,-139.188339791746,,0,18,240.007,2.0,0.0,374,0,-20.4349746704102,0.814,-7.922,-0.753967125291099,445775547,0.0,0.1757,110.437544,0.075641,10,OPLS_2005,0.2117,5,11.0,18,2,1,3.223,"13  1  3
19  1  3
20  10  3
24  11  3
14  2  3
22  2  3
25  28  3
29  31  3
15  3  3
21  6  3
23  7  3
16  8  3
17  9  3",0,15.709,-1.32339690909091,33.079,-1.749,0.0723053904409201,477.6,1,445775547-1,-2.14095222790207,0.0,,911_sdstereoexpander_1_neutralizer_1_epik_1_stereoizer_1,0,0.0
,6.982,1007,503.199,5,7.24052000045776,5854,0.304942915495211,-0.935706567642346,2,0.1757,0,16.95,0.0338708,13,12,-0.29172145095455,,1,,8,411,743.205,0.0,0,,-0.300812460475847,"Gentamicin
Gentamycin
1403-66-3
T6Z9V48IKG
Cidomycin
Genoptic S.O.P.
Gentamicina
Gentamycins
CHEBI:17833
Gentamicine
Gentamycin-creme
Gentamycinum
Lyramycin
Oksitselanim
Septigen
4,6-diamino-3-(3-deoxy-4-C-methyl-3-(methylamino)pentopyranosyloxy)-2-hydroxycyclohexyl 2-amino-2,3,4,6,7-pentadeoxy-6-(methylamino)heptopyranoside
Centicin
DTXSID5034642
EINECS 215-765-8
Garamicin
Gentamicina (INN-Spanish)
Gentamicine (INN-French)
Gentamicinum
Gentamicinum (INN-Latin)
Gentamicinum (Latin)
Gentamycin Complex
HSDB 3087
Refobacin TM
UNII-T6Z9V48IKG
Uromycine",W09IXVtDQF0xKFtDSDNdKVtDQEhdKFtOSF1bQ0gzXSlbQ0BASF0oW09IXSlbQ0BIXShPW0NIMl0xKU9bQ0BASF0yW0NASF0oW09IXSlbQ0BIXShbQ0BASF0oW05IMl0pW0NIMl1bQ0BIXTJbTkgyXSlPW0NASF0zT1tDQEBIXShbQ0BASF0oW0NIM10pW05IXVtDSDNdKVtDSDJdW0NIMl1bQ0BIXTNbTkgyXQ==,-2.3,43.095,,-2.0,5,0.2114,,-40.2739181518555,0.0003,-0.407525568617013,1439.191,0,-8.82,2,,10068,,3467  1,,2,,-60.7088928222656,11,8.875,1403-66-3,vsw_Gentamicin_Analog_3-LIGPREP-008-in.maegz,0.8294722,"1
5
255",481107194,-1.042,1,,-9.80250788150016,J2VwaWtfcHl0aG9uJywgJy1waCcsICc3LjAwMDAwMCcsICctcGh0JywgJzIuMDAwMDAwJywgJy1tcycsICcxNicsICctdG4nLCAnOCcsICctbWEnLCAnMjAwJywgJy1pbWFlJywgJzxpbmZpbGUubWFlPicsICctb21hZScsICc8b3V0ZmlsZS5tYWU+Jw==,2,33,-3.81,16,56135,10068-1,,,0.387096191036002,5,-2,39.856,glide-grid_Ab_minmz,,0.307,,26136,-9.62680788150016,182.925,"This compound contains an acetal/aminal-like group ( X-CH(R)-Y where X, Y are N, S, or O) that may be acid/base labile, releasing an aldehyde.",1,0,,-139.188339791746,,0,18,240.007,2.0,0.0,374,0,-20.4349746704102,0.814,-7.922,-0.753967125291099,481107194,0.0,0.1757,110.437544,0.075641,10,OPLS_2005,0.2117,5,11.0,18,2,1,3.223,"13  1  3
19  1  3
20  10  3
24  11  3
14  2  3
22  2  3
25  28  3
29  31  3
15  3  3
21  6  3
23  7  3
16  8  3
17  9  3",,15.709,-1.32339690909091,33.079,-1.749,0.0723053904409201,477.6,1,481107194-1,-2.14095222790207,0.0,,1007_sdstereoexpander_1_neutralizer_1_epik_1_stereoizer_1,0,0.0
,6.982,1490,503.203,5,7.24052000045776,G0383,0.304942915495211,-0.935706567642346,2,0.1757,0,16.95,0.0338705,13,12,-0.29172145095455,0,1,TCI (Tokyo Chemical Industry),8,561,743.21,0.0,0,2,-0.300812460475847,"1405-41-0
G0383
Gentamicin Sulfate",W09IXVtDQF0xKFtDSDNdKVtDQEhdKFtOSF1bQ0gzXSlbQ0BASF0oW09IXSlbQ0BIXShPW0NIMl0xKU9bQ0BASF0yW0NASF0oW09IXSlbQ0BIXShbQ0BASF0oW05IMl0pW0NIMl1bQ0BIXTJbTkgyXSlPW0NASF0zT1tDQEBIXShbQ0BASF0oW0NIM10pW05IXVtDSDNdKVtDSDJdW0NIMl1bQ0BIXTNbTkgyXQ==,-2.3,43.095,0,-2.0,5,0.2114,http://www.tcichemicals.com/eshop/en/us/commodity/G0383/index.html,-40.2739181518555,0.0003,-0.407525568617013,1439.196,0,-8.82,2,0,14898,,"44134730  1
1118  2
3467  2",,2,13,-60.7088928222656,11,8.875,1405-41-0,vsw_Gentamicin_Analog_3-LIGPREP-008-in.maegz,0.8294695,"1
5
255",160871021,-1.042,1,G0383,-9.80250788150016,J2VwaWtfcHl0aG9uJywgJy1waCcsICc3LjAwMDAwMCcsICctcGh0JywgJzIuMDAwMDAwJywgJy1tcycsICcxNicsICctdG4nLCAnOCcsICctbWEnLCAnMjAwJywgJy1pbWFlJywgJzxpbmZpbGUubWFlPicsICctb21hZScsICc8b3V0ZmlsZS5tYWU+Jw==,2,33,-3.81,16,56135,14898-1,,1,0.387096191036002,5,-2,39.856,glide-grid_Ab_minmz,38,0.307,0,,-9.62680788150016,182.925,"This compound contains an acetal/aminal-like group ( X-CH(R)-Y where X, Y are N, S, or O) that may be acid/base labile, releasing an aldehyde.",1,0,http://www.tcichemicals.com/en/us/,-139.188339791746,,0,18,240.007,2.0,0.0,374,0,-20.4349746704102,0.814,-7.922,-0.753967125291099,160871021,0.0,0.1757,110.437545,0.0756406,10,OPLS_2005,0.2117,5,11.0,18,2,5,3.223,"21  13  3
22  14  3
25  15  3
29  16  3
18  2  3
24  2  3
19  3  3
27  3  3
30  33  3
34  36  3
20  4  3
26  7  3
28  8  3",0,15.71,-1.32339690909091,33.079,-1.749,0.0723045382834229,477.6,1,160871021-1,-2.14095222790207,0.0,,1490_sdstereoexpander_1_neutralizer_1_epik_1_stereoizer_1,0,0.0
,6.982,1626,503.203,5,7.24052000045776,ToxPlanet-Mjg4MzkyLTU1LTI1Njg0MjEzOA==,0.304942915495211,-0.935706567642346,2,0.1757,0,16.95,0.0338603,13,12,-0.29172145095455,0,1,15207,8,46,743.21,0.0,0,3,-0.300812460475847,"288392-55-2
Gentamicin sulfate and prednisolone acetate
Gentamicin sulfate mixture with prednisolone acetate
PRED G
Pred-G
Prednisolone acetate and gentamicin sulfate",W09IXVtDQF0xKFtDSDNdKVtDQEhdKFtOSF1bQ0gzXSlbQ0BASF0oW09IXSlbQ0BIXShPW0NIMl0xKU9bQ0BASF0yW0NASF0oW09IXSlbQ0BIXShbQ0BASF0oW05IMl0pW0NIMl1bQ0BIXTJbTkgyXSlPW0NASF0zT1tDQEBIXShbQ0BASF0oW0NIM10pW05IXVtDSDNdKVtDSDJdW0NIMl1bQ0BIXTNbTkgyXQ==,-2.3,43.114,7,-2.0,5,0.2114,https://search.toxplanet.com/CategorySearch.aspx?cas_no=288392-55-2,-40.2739181518555,0.0003,-0.407525568617013,1439.651,0,-8.82,2,0,16258,,"56842138  1
1118  2
3467  2
135233  2",,2,13,-60.7088928222656,11,8.875,288392-55-2,vsw_Gentamicin_Analog_3-LIGPREP-008-in.maegz,0.8296436,"1
5
255",319401752,-1.041,1,ToxPlanet-Mjg4MzkyLTU1LTI1Njg0MjEzOA==,-9.80250788150016,J2VwaWtfcHl0aG9uJywgJy1waCcsICc3LjAwMDAwMCcsICctcGh0JywgJzIuMDAwMDAwJywgJy1tcycsICcxNicsICctdG4nLCAnOCcsICctbWEnLCAnMjAwJywgJy1pbWFlJywgJzxpbmZpbGUubWFlPicsICctb21hZScsICc8b3V0ZmlsZS5tYWU+Jw==,2,33,-3.807,16,56135,16258-1,,9,0.387096191036002,5,-2,39.864,glide-grid_Ab_minmz,67,0.307,0,,-9.62680788150016,182.925,"This compound contains an acetal/aminal-like group ( X-CH(R)-Y where X, Y are N, S, or O) that may be acid/base labile, releasing an aldehyde.",1,0,https:/www/toxplanet.com,-139.188339791746,,0,18,240.007,2.0,0.0,374,0,-20.4349746704102,0.814,-7.919,-0.753967125291099,319401752,0.0,0.1757,110.437544,0.0756405,10,OPLS_2005,0.2117,5,11.0,18,2,1,3.223,"49  10  3
55  13  3
57  14  3
50  19  3
28  2  6
51  20  3
56  21  3
58  22  3
24  35  5
25  68  6
26  69  5
27  70  6
31  3  5
32  39  5
59  62  3
63  65  3
47  8  3
53  8  3
48  9  3
54  9  3",0,15.713,-1.32339690909091,33.079,-1.748,0.0723045665832031,477.6,1,319401752-1,-2.14095222790207,0.0,,1626_sdstereoexpander_1_neutralizer_1_epik_1_stereoizer_1,0,0.0
,6.982,1767,503.202,5,7.24052000045776,BCC1203,0.304942915495211,-0.935706567642346,2,0.1757,0,16.95,0.0338597,13,12,-0.29172145095455,0,1,22118,8,106,743.209,0.0,0,4,-0.300812460475847,"1405-41-0
Gentamycin Sulfate",W09IXVtDQF0xKFtDSDNdKVtDQEhdKFtOSF1bQ0gzXSlbQ0BASF0oW09IXSlbQ0BIXShPW0NIMl0xKU9bQ0BASF0yW0NASF0oW09IXSlbQ0BIXShbQ0BASF0oW05IMl0pW0NIMl1bQ0BIXTJbTkgyXSlPW0NASF0zT1tDQEBIXShbQ0BASF0oW0NIM10pW05IXVtDSDNdKVtDSDJdW0NIMl1bQ0BIXTNbTkgyXQ==,-2.3,43.114,0,-2.0,5,0.2114,http://www.biocrick.com/Gentamycin-Sulfate-BCC1203.html,-40.2739181518555,0.0003,-0.407525568617013,1439.651,0,-8.82,2,0,17668,,"44134731  1
1118  2
3467  2
582362  2
588785  2",,2,38,-60.7088928222656,11,8.875,1405-41-0,vsw_Gentamicin_Analog_3-LIGPREP-008-in.maegz,0.8296444,"1
5
255",382155643,-1.041,1,BCC1203,-9.80250788150016,J2VwaWtfcHl0aG9uJywgJy1waCcsICc3LjAwMDAwMCcsICctcGh0JywgJzIuMDAwMDAwJywgJy1tcycsICcxNicsICctdG4nLCAnOCcsICctbWEnLCAnMjAwJywgJy1pbWFlJywgJzxpbmZpbGUubWFlPicsICctb21hZScsICc8b3V0ZmlsZS5tYWU+Jw==,2,33,-3.807,16,56135,17668-1,,-1,0.387096191036002,5,-2,39.864,glide-grid_Ab_minmz,101,0.307,0,,-9.62680788150016,182.925,"This compound contains an acetal/aminal-like group ( X-CH(R)-Y where X, Y are N, S, or O) that may be acid/base labile, releasing an aldehyde.",1,0,https://www.biocrick.com/,-139.188339791746,,0,18,240.007,2.0,0.0,374,0,-20.4349746704102,0.814,-7.919,-0.753967125291099,382155643,0.0,0.1757,110.437545,0.0756406,10,OPLS_2005,0.2117,5,11.0,18,2,1,3.223,"55  13  3
63  17  3
66  18  3
69  19  3
42  2  3
60  2  3
70  20  3
72  21  3
74  22  3
47  27  3
48  28  3
50  29  3
44  3  3
61  3  3
51  30  3
57  31  3
58  32  3
64  33  3
67  34  3
71  35  3
73  36  3
75  37  3
82  38  3
43  4  3
62  4  3
94  40  3
46  5  3
68  5  3
52  6  3
65  6  3
54  7  3
76  7  3
77  81  3
45  8  3
83  86  3
88  96  3
89  95  3
49  9  3",0,15.713,-1.32339690909091,33.079,-1.748,0.072304555446594,477.6,1,382155643-1,-2.14095222790207,0.0,,1767_sdstereoexpander_1_neutralizer_1_epik_1_stereoizer_1,0,0.0
,6.982,1846,503.203,5,7.24052000045776,sc-207711,0.304942915495211,-0.935706567642346,2,0.1757,0,16.95,0.0338707,13,12,-0.29172145095455,0,1,25659,8,146,743.21,0.0,0,6,-0.300812460475847,"25876-10-2
Gentamicin C1 Pentaacetate Salt
Gentamycin",W09IXVtDQF0xKFtDSDNdKVtDQEhdKFtOSF1bQ0gzXSlbQ0BASF0oW09IXSlbQ0BIXShPW0NIMl0xKU9bQ0BASF0yW0NASF0oW09IXSlbQ0BIXShbQ0BASF0oW05IMl0pW0NIMl1bQ0BIXTJbTkgyXSlPW0NASF0zT1tDQEBIXShbQ0BASF0oW0NIM10pW05IXVtDSDNdKVtDSDJdW0NIMl1bQ0BIXTNbTkgyXQ==,-2.3,43.095,0,-2.0,5,0.2114,https://www.scbt.com/p/gentamicin-c1-pentaacetate-salt-25876-10-2,-40.2739181518555,0.0003,-0.407525568617013,1439.196,0,-8.82,2,0,18458,,"57369621  1
176  2
3467  2",,2,13,-60.7088928222656,11,8.875,25876-10-2,vsw_Gentamicin_Analog_3-LIGPREP-008-in.maegz,0.8294692,"1
5
255",472958024,-1.042,1,sc-207711,-9.80250788150016,J2VwaWtfcHl0aG9uJywgJy1waCcsICc3LjAwMDAwMCcsICctcGh0JywgJzIuMDAwMDAwJywgJy1tcycsICcxNicsICctdG4nLCAnOCcsICctbWEnLCAnMjAwJywgJy1pbWFlJywgJzxpbmZpbGUubWFlPicsICctb21hZScsICc8b3V0ZmlsZS5tYWU+Jw==,2,33,-3.81,16,56135,18458-1,"Gentamicin C1 Pentaacetate Salt is an antibiotic complex consisting of closely related components Gentamicins C1, C2, C1a, and also Gentamicin A, which differs from the other members of the complex but is similar to Kanamycin C. Gentamicin C1 Pentaacetate Salt is Antibacterial. Gentamicin C1 Pentaacetate Salt is also known as , and O-2-Amino-2,3,4,6,7-pentadeoxy-6-(methylamino)-a-D-ribo-heptopyranosyl-(14)-O-[3-deoxy-4-C-methyl-3-(methylamino)-b-L-arabinopyranosyl-(16)]-2-deoxy-D-streptamine pentaacetate salt.",-1,0.387096191036002,5,-2,39.856,glide-grid_Ab_minmz,53,0.307,-5,,-9.62680788150016,182.925,"This compound contains an acetal/aminal-like group ( X-CH(R)-Y where X, Y are N, S, or O) that may be acid/base labile, releasing an aldehyde.",1,0,https://www.scbt.com/,-139.188339791746,,0,18,240.007,2.0,0.0,374,0,-20.4349746704102,0.814,-7.922,-0.753967125291099,472958024,0.0,0.1757,110.437544,0.0756405,10,OPLS_2005,0.2117,5,11.0,18,2,1,3.223,"23  1  3
29  1  3
26  18  3
27  19  3
24  2  3
30  2  3
31  20  3
34  21  3
25  3  3
35  38  3
39  41  3
32  6  3
33  7  3",0,15.71,-1.32339690909091,33.079,-1.749,0.0723044740267877,477.6,1,472958024-1,-2.14095222790207,0.0,,1846_sdstereoexpander_1_neutralizer_1_epik_1_stereoizer_1,0,0.0
,6.982,1862,503.203,5,7.24052000045776,sc-361877,0.304942915495211,-0.935706567642346,2,0.1757,0,16.95,0.0338707,13,12,-0.29172145095455,0,1,25659,8,161,743.21,0.0,0,2,-0.300812460475847,"1405-41-0
Gentamicin sulfate, 100X solution
Gentimicin Sulfate solution
Garamycin solution",W09IXVtDQF0xKFtDSDNdKVtDQEhdKFtOSF1bQ0gzXSlbQ0BASF0oW09IXSlbQ0BIXShPW0NIMl0xKU9bQ0BASF0yW0NASF0oW09IXSlbQ0BIXShbQ0BASF0oW05IMl0pW0NIMl1bQ0BIXTJbTkgyXSlPW0NASF0zT1tDQEBIXShbQ0BASF0oW0NIM10pW05IXVtDSDNdKVtDSDJdW0NIMl1bQ0BIXTNbTkgyXQ==,-2.3,43.095,0,-2.0,5,0.2114,https://www.scbt.com/p/gentamicin-sulfate-100x-solution-1405-41-0,-40.2739181518555,0.0003,-0.407525568617013,1439.196,0,-8.82,2,0,18618,,"44134730  1
1118  2
3467  2",,2,13,-60.7088928222656,11,8.875,1405-41-0,vsw_Gentamicin_Analog_3-LIGPREP-008-in.maegz,0.8294691,"1
5
255",473052862,-1.042,1,sc-361877,-9.80250788150016,J2VwaWtfcHl0aG9uJywgJy1waCcsICc3LjAwMDAwMCcsICctcGh0JywgJzIuMDAwMDAwJywgJy1tcycsICcxNicsICctdG4nLCAnOCcsICctbWEnLCAnMjAwJywgJy1pbWFlJywgJzxpbmZpbGUubWFlPicsICctb21hZScsICc8b3V0ZmlsZS5tYWU+Jw==,2,33,-3.81,16,56135,18618-1,"Gentamicin sulfate, 100X solution, is an aminoglycoside antibiotic which acts by inhibiting protein synthesis in susceptible bacteria. It is active against many strains of Gram-negative bacteria, Pseudomonas aeruginosa, the Gram-positive Staphyloccus aeruginosa as well as some strains of Mycobacterium tuberculosis and mycoplasmas.",-1,0.387096191036002,5,-2,39.856,glide-grid_Ab_minmz,38,0.307,0,,-9.62680788150016,182.925,"This compound contains an acetal/aminal-like group ( X-CH(R)-Y where X, Y are N, S, or O) that may be acid/base labile, releasing an aldehyde.",1,0,https://www.scbt.com/,-139.188339791746,,0,18,240.007,2.0,0.0,374,0,-20.4349746704102,0.814,-7.922,-0.753967125291099,473052862,0.0,0.1757,110.437544,0.0756405,10,OPLS_2005,0.2117,5,11.0,18,2,1,3.223,"21  13  3
22  14  3
25  15  3
29  16  3
18  2  3
24  2  3
28  35  3
19  3  3
27  3  3
30  33  3
34  36  3
20  4  3
26  7  3",0,15.71,-1.32339690909091,33.079,-1.749,0.0723045115128166,477.6,1,473052862-1,-2.14095222790207,0.0,,1862_sdstereoexpander_1_neutralizer_1_epik_1_stereoizer_1,0,0.0
,6.982,1878,503.203,5,7.24052000045776,sc-29066,0.304942915495211,-0.935706567642346,2,0.1757,0,16.95,0.0338707,13,12,-0.29172145095455,0,1,,8,176,743.21,0.0,0,2,-0.300812460475847,"1405-41-0
Gentamicin Sulfate, 500X Solution",W09IXVtDQF0xKFtDSDNdKVtDQEhdKFtOSF1bQ0gzXSlbQ0BASF0oW09IXSlbQ0BIXShPW0NIMl0xKU9bQ0BASF0yW0NASF0oW09IXSlbQ0BIXShbQ0BASF0oW05IMl0pW0NIMl1bQ0BIXTJbTkgyXSlPW0NASF0zT1tDQEBIXShbQ0BASF0oW0NIM10pW05IXVtDSDNdKVtDSDJdW0NIMl1bQ0BIXTNbTkgyXQ==,-2.3,43.095,0,-2.0,5,0.2114,https://www.scbt.com/p/gentamicin-sulfate-500x-solution-1405-41-0,-40.2739181518555,0.0003,-0.407525568617013,1439.196,0,-8.82,2,0,18778,,"44134730  1
1118  2
3467  2",,2,13,-60.7088928222656,11,8.875,1405-41-0,vsw_Gentamicin_Analog_3-LIGPREP-008-in.maegz,0.8294691,"1
5
255",473118659,-1.042,1,sc-29066,-9.80250788150016,J2VwaWtfcHl0aG9uJywgJy1waCcsICc3LjAwMDAwMCcsICctcGh0JywgJzIuMDAwMDAwJywgJy1tcycsICcxNicsICctdG4nLCAnOCcsICctbWEnLCAnMjAwJywgJy1pbWFlJywgJzxpbmZpbGUubWFlPicsICctb21hZScsICc8b3V0ZmlsZS5tYWU+Jw==,2,33,-3.81,16,56135,18778-1,"Gentamicin Sulfate, 500X Solution is an aminoglycoside antibiotic which acts by both inhibiting protein synthesis in susceptible bacteria and binding to the surface of gram-negative bacterial cells. The cell binding activity is believed to disrupt the packing of lipopolysacchardes of the outer membrane leading to hole formation and cell lysis. Gentamicin Sulfate, 500X Solution is active against many strains of gram-negative bacteria, Pseudomonas aeruginosa, the gram-positive Staphylococcus aeruginosa as well as some strains of Mycobacterium tuberculosis. Activity: >600 I.U./mg Recommended working concentration: 100 mu g/ml 500X",-1,0.387096191036002,5,-2,39.856,glide-grid_Ab_minmz,38,0.307,0,25659,-9.62680788150016,182.925,"This compound contains an acetal/aminal-like group ( X-CH(R)-Y where X, Y are N, S, or O) that may be acid/base labile, releasing an aldehyde.",1,0,https://www.scbt.com/,-139.188339791746,,0,18,240.007,2.0,0.0,374,0,-20.4349746704102,0.814,-7.922,-0.753967125291099,473118659,0.0,0.1757,110.437544,0.0756405,10,OPLS_2005,0.2117,5,11.0,18,2,1,3.223,"21  13  3
22  14  3
25  15  3
29  16  3
18  2  3
24  2  3
28  35  3
19  3  3
27  3  3
30  33  3
34  36  3
20  4  3
26  7  3",0,15.71,-1.32339690909091,33.079,-1.749,0.0723045115128166,477.6,1,473118659-1,-2.14095222790207,0.0,,1878_sdstereoexpander_1_neutralizer_1_epik_1_stereoizer_1,0,0.0
,6.982,1894,503.203,5,7.24052000045776,2023-05-7C01076,0.304942915495211,-0.935706567642346,2,0.1757,0,16.95,0.0338601,13,12,-0.29172145095455,0,1,,8,191,743.21,0.0,0,3,-0.300812460475847,"PRED-G
PRED G
Prednisolone acetate and gentamicin sulfate
Gentamicin sulfate and prednisolone acetate
Gentamicin sulfate mixture with prednisolone acetate
288392-55-2
Pregna-1,4-diene-3,20-dione, 21-(acetyloxy)-11,17-dihydroxy-, (11beta)-, mixt. with gentamicin sulfate (salt)",W09IXVtDQF0xKFtDSDNdKVtDQEhdKFtOSF1bQ0gzXSlbQ0BASF0oW09IXSlbQ0BIXShPW0NIMl0xKU9bQ0BASF0yW0NASF0oW09IXSlbQ0BIXShbQ0BASF0oW05IMl0pW0NIMl1bQ0BIXTJbTkgyXSlPW0NASF0zT1tDQEBIXShbQ0BASF0oW0NIM10pW05IXVtDSDNdKVtDSDJdW0NIMl1bQ0BIXTNbTkgyXQ==,-2.3,43.114,7,-2.0,5,0.2114,,-40.2739181518555,0.0003,-0.407525568617013,1439.651,0,-8.82,2,0,18938,,"56842138  1
1118  2
3467  2
135233  2",,2,13,-60.7088928222656,11,8.875,288392-55-2,vsw_Gentamicin_Analog_3-LIGPREP-008-in.maegz,0.8296436,"1
5
255",480484847,-1.041,1,2023-05-7C01076,-9.80250788150016,J2VwaWtfcHl0aG9uJywgJy1waCcsICc3LjAwMDAwMCcsICctcGh0JywgJzIuMDAwMDAwJywgJy1tcycsICcxNicsICctdG4nLCAnOCcsICctbWEnLCAnMjAwJywgJy1pbWFlJywgJzxpbmZpbGUubWFlPicsICctb21hZScsICc8b3V0ZmlsZS5tYWU+Jw==,2,33,-3.807,16,56135,18938-1,,-1,0.387096191036002,5,-2,39.864,glide-grid_Ab_minmz,67,0.307,0,25425,-9.62680788150016,182.925,"This compound contains an acetal/aminal-like group ( X-CH(R)-Y where X, Y are N, S, or O) that may be acid/base labile, releasing an aldehyde.",1,0,https://www.starshinechemical.com,-139.188339791746,,0,18,240.007,2.0,0.0,374,0,-20.4349746704102,0.814,-7.919,-0.753967125291099,480484847,0.0,0.1757,110.437544,0.0756405,10,OPLS_2005,0.2117,5,11.0,18,2,1,3.223,"49  10  3
55  13  3
57  14  3
50  19  3
28  2  6
51  20  3
56  21  3
58  22  3
24  35  5
25  68  6
26  69  5
27  70  6
31  3  5
32  39  5
59  62  3
63  65  3
47  8  3
53  8  3
48  9  3
54  9  3",0,15.713,-1.32339690909091,33.079,-1.748,0.0723045454481957,477.6,1,480484847-1,-2.14095222790207,0.0,,1894_sdstereoexpander_1_neutralizer_1_epik_1_stereoizer_1,0,0.0
,6.982,1958,503.203,5,7.24052000045776,evt-7938846,0.304942915495211,-0.935706567642346,2,0.1757,0,16.95,0.0338707,13,12,-0.29172145095455,0,1,,8,221,743.21,0.0,0,2,-0.300812460475847,"Garamycin solution
2-[4,6-diamino-3-[3-amino-6-[1-(methylamino)ethyl]oxan-2-yl]oxy-2-hydroxycyclohexyl]oxy-5-methyl-4-(methylamino)oxane-3,5-diol;sulfuric acid",W09IXVtDQF0xKFtDSDNdKVtDQEhdKFtOSF1bQ0gzXSlbQ0BASF0oW09IXSlbQ0BIXShPW0NIMl0xKU9bQ0BASF0yW0NASF0oW09IXSlbQ0BIXShbQ0BASF0oW05IMl0pW0NIMl1bQ0BIXTJbTkgyXSlPW0NASF0zT1tDQEBIXShbQ0BASF0oW0NIM10pW05IXVtDSDNdKVtDSDJdW0NIMl1bQ0BIXTNbTkgyXQ==,-2.3,43.095,0,-2.0,5,0.2114,https://www.evitachem.com/product/evt-7938846,-40.2739181518555,0.0003,-0.407525568617013,1439.196,0,-8.82,2,0,19578,,"44134730  1
1118  2
3467  2",,2,13,-60.7088928222656,11,8.875,,vsw_Gentamicin_Analog_3-LIGPREP-008-in.maegz,0.8294691,"1
5
255",485553491,-1.042,1,evt-7938846,-9.80250788150016,J2VwaWtfcHl0aG9uJywgJy1waCcsICc3LjAwMDAwMCcsICctcGh0JywgJzIuMDAwMDAwJywgJy1tcycsICcxNicsICctdG4nLCAnOCcsICctbWEnLCAnMjAwJywgJy1pbWFlJywgJzxpbmZpbGUubWFlPicsICctb21hZScsICc8b3V0ZmlsZS5tYWU+Jw==,2,33,-3.81,16,56135,19578-1,,-1,0.387096191036002,5,-2,39.856,glide-grid_Ab_minmz,38,0.307,0,26566,-9.62680788150016,182.925,"This compound contains an acetal/aminal-like group ( X-CH(R)-Y where X, Y are N, S, or O) that may be acid/base labile, releasing an aldehyde.",1,0,https://www.evitachem.com,-139.188339791746,,0,18,240.007,2.0,0.0,374,0,-20.4349746704102,0.814,-7.922,-0.753967125291099,485553491,0.0,0.1757,110.437544,0.0756405,10,OPLS_2005,0.2117,5,11.0,18,2,2,3.223,"21  13  3
22  14  3
25  15  3
29  16  3
18  2  3
24  2  3
19  3  3
27  3  3
30  33  3
34  36  3
20  4  3
26  7  3
28  8  3",0,15.71,-1.32339690909091,33.079,-1.749,0.0723045115128166,477.6,1,485553491-1,-2.14095222790207,0.0,,1958_sdstereoexpander_1_neutralizer_1_epik_1_stereoizer_1,0,0.0
,6.982,1396,503.204,5,7.24052000045776,AC1L9W4Q,0.304942915495211,-0.935706567642346,2,0.1757,0,16.95,0.0338712,13,12,-0.29172145095455,,1,708,8,226,743.211,0.0,0,,-0.300812460475847,"2-[4,6-diamino-3-[3-amino-6-[1-(methylamino)ethyl]oxan-2-yl]oxy-2-hydroxycyclohexyl]oxy-5-methyl-4-(methylamino)oxane-3,5-diol; (2S)-2-[2-[[(2S)-1-hydroxybutan-2-yl]amino]ethylamino]butan-1-ol
AC1L9W4Q",W09IXVtDQF0xKFtDSDNdKVtDQEhdKFtOSF1bQ0gzXSlbQ0BASF0oW09IXSlbQ0BIXShPW0NIMl0xKU9bQ0BASF0yW0NASF0oW09IXSlbQ0BIXShbQ0BASF0oW05IMl0pW0NIMl1bQ0BIXTJbTkgyXSlPW0NASF0zT1tDQEBIXShbQ0BASF0oW0NIM10pW05IXVtDSDNdKVtDSDJdW0NIMl1bQ0BIXTNbTkgyXQ==,-2.3,43.095,,-2.0,5,0.2114,,-40.2739181518555,0.0003,-0.407525568617013,1439.196,0,-8.82,2,,13959,,"457186  1
3467  2
14052  2",,2,,-60.7088928222656,11,8.875,,vsw_Gentamicin_Analog_3-LIGPREP-009-in.maegz,0.8294683,"1
3",109721118,-1.042,1,AC1L9W4Q,-9.80250788150016,J2VwaWtfcHl0aG9uJywgJy1waCcsICc3LjAwMDAwMCcsICctcGh0JywgJzIuMDAwMDAwJywgJy1tcycsICcxNicsICctdG4nLCAnOCcsICctbWEnLCAnMjAwJywgJy1pbWFlJywgJzxpbmZpbGUubWFlPicsICctb21hZScsICc8b3V0ZmlsZS5tYWU+Jw==,2,33,-3.81,16,56135,13959-1,"2-[4,6-bis(azanyl)-3-[3-azanyl-6-[1-(methylamino)ethyl]oxan-2-yl]oxy-2-oxidanyl-cyclohexyl]oxy-5-methyl-4-(methylamino)oxane-3,5-diol; (2S)-2-[2-[[(2S)-1-oxidanylbutan-2-yl]amino]ethylamino]butan-1-ol",,0.387096191036002,5,-2,39.856,glide-grid_Ab_minmz,,0.307,0,,-9.62680788150016,182.925,"This compound contains an acetal/aminal-like group ( X-CH(R)-Y where X, Y are N, S, or O) that may be acid/base labile, releasing an aldehyde.",1,0,http://www.abichem.com,-139.188339791746,,0,18,240.007,2.0,0.0,374,0,-20.4349746704102,0.814,-7.922,-0.753967125291099,109721118,0.0,0.1757,110.437544,0.0756404,10,OPLS_2005,0.2117,5,11.0,18,2,1,3.223,"38  15  5
39  16  5",,15.71,-1.32339690909091,33.079,-1.749,0.0723048146141375,477.6,1,109721118-1,-2.14095222790207,0.0,,1396_sdstereoexpander_1_neutralizer_1_epik_1_stereoizer_1,0,0.0
,6.982,1412,503.2,5,7.24052000045776,AC1L9W4T,0.304942915495211,-0.935706567642346,2,0.1757,0,16.95,0.0338599,13,12,-0.29172145095455,,1,708,8,241,743.206,0.0,0,,-0.300812460475847,"AC1L9W4T
N,5-bis(4-chlorophenyl)-3-propan-2-yliminophenazin-2-amine; 2-[4,6-diamino-3-[3-amino-6-[1-(methylamino)ethyl]oxan-2-yl]oxy-2-hydroxycyclohexyl]oxy-5-methyl-4-(methylamino)oxane-3,5-diol",W09IXVtDQF0xKFtDSDNdKVtDQEhdKFtOSF1bQ0gzXSlbQ0BASF0oW09IXSlbQ0BIXShPW0NIMl0xKU9bQ0BASF0yW0NASF0oW09IXSlbQ0BIXShbQ0BASF0oW05IMl0pW0NIMl1bQ0BIXTJbTkgyXSlPW0NASF0zT1tDQEBIXShbQ0BASF0oW0NIM10pW05IXVtDSDNdKVtDSDJdW0NIMl1bQ0BIXTNbTkgyXQ==,-2.3,43.113,,-2.0,5,0.2114,,-40.2739181518555,0.0003,-0.407525568617013,1439.647,0,-8.82,2,,14119,,"457188  1
2794  2
3467  2",,2,,-60.7088928222656,11,8.875,,vsw_Gentamicin_Analog_3-LIGPREP-009-in.maegz,0.8296462,"1
3",109721121,-1.041,1,AC1L9W4T,-9.80250788150016,J2VwaWtfcHl0aG9uJywgJy1waCcsICc3LjAwMDAwMCcsICctcGh0JywgJzIuMDAwMDAwJywgJy1tcycsICcxNicsICctdG4nLCAnOCcsICctbWEnLCAnMjAwJywgJy1pbWFlJywgJzxpbmZpbGUubWFlPicsICctb21hZScsICc8b3V0ZmlsZS5tYWU+Jw==,2,33,-3.807,16,56135,14119-1,"2-[4,6-bis(azanyl)-3-[3-azanyl-6-[1-(methylamino)ethyl]oxan-2-yl]oxy-2-oxidanyl-cyclohexyl]oxy-5-methyl-4-(methylamino)oxane-3,5-diol; N,5-bis(4-chlorophenyl)-3-propan-2-ylimino-phenazin-2-amine",,0.387096191036002,5,-2,39.864,glide-grid_Ab_minmz,,0.307,0,,-9.62680788150016,182.925,"This compound contains an acetal/aminal-like group ( X-CH(R)-Y where X, Y are N, S, or O) that may be acid/base labile, releasing an aldehyde.",1,0,http://www.abichem.com,-139.188339791746,,0,18,240.006,2.0,0.0,374,0,-20.4349746704102,0.814,-7.919,-0.753967125291099,109721121,0.0,0.1757,110.437544,0.0756409,10,OPLS_2005,0.2117,5,11.0,18,2,1,3.223,,,15.713,-1.32339690909091,33.079,-1.748,0.0723066711609992,477.6,1,109721121-1,-2.14095222790207,0.0,,1412_sdstereoexpander_1_neutralizer_1_epik_1_stereoizer_1,0,0.0
2011-04-25,6.982,1428,503.204,5,7.24052000045776,44134730,0.304942915495211,-0.935706567642346,2,0.1757,0,16.95,0.033871,13,12,-0.29172145095455,,1,DiscoveryGate,8,256,743.211,0.0,0,,-0.300812460475847,,W09IXVtDQF0xKFtDSDNdKVtDQEhdKFtOSF1bQ0gzXSlbQ0BASF0oW09IXSlbQ0BIXShPW0NIMl0xKU9bQ0BASF0yW0NASF0oW09IXSlbQ0BIXShbQ0BASF0oW05IMl0pW0NIMl1bQ0BIXTJbTkgyXSlPW0NASF0zT1tDQEBIXShbQ0BASF0oW0NIM10pW05IXVtDSDNdKVtDSDJdW0NIMl1bQ0BIXTNbTkgyXQ==,-2.3,43.095,,-2.0,5,0.2114,https://www.discoverygate.com/interlink/search?KeyName=EXTREG&KeyValue=44134730&Database=INDEX&Source=PUBCHEM,-40.2739181518555,0.0003,-0.407525568617013,1439.197,0,-8.82,2,,14279,,"44134730  1
1118  2
3467  2",,2,,-60.7088928222656,11,8.875,,vsw_Gentamicin_Analog_3-LIGPREP-009-in.maegz,0.829468,"1
3",120085546,-1.042,1,44134730,-9.80250788150016,J2VwaWtfcHl0aG9uJywgJy1waCcsICc3LjAwMDAwMCcsICctcGh0JywgJzIuMDAwMDAwJywgJy1tcycsICcxNicsICctdG4nLCAnOCcsICctbWEnLCAnMjAwJywgJy1pbWFlJywgJzxpbmZpbGUubWFlPicsICctb21hZScsICc8b3V0ZmlsZS5tYWU+Jw==,2,33,-3.81,16,56135,14279-1,,,0.387096191036002,5,-2,39.856,glide-grid_Ab_minmz,,0.307,0,,-9.62680788150016,182.925,"This compound contains an acetal/aminal-like group ( X-CH(R)-Y where X, Y are N, S, or O) that may be acid/base labile, releasing an aldehyde.",1,0,https://www.discoverygate.com,-139.188339791746,,0,18,240.007,2.0,0.0,374,0,-20.4349746704102,0.814,-7.922,-0.753967125291099,120085546,0.0,0.1757,110.437544,0.0756404,10,OPLS_2005,0.2117,5,11.0,18,2,1,3.223,,,15.71,-1.32339690909091,33.079,-1.749,0.0723048607778192,477.6,1,120085546-1,-2.14095222790207,0.0,,1428_sdstereoexpander_1_neutralizer_1_epik_1_stereoizer_1,0,0.0
