,5,6,7,8,9,10,11,12,13,14,15,16,17,18,19,20,21,22,23,24,25,26,27,28,29,30,31,32,33,34,35,36,37,38,39,40,41,42,43,44,45,46,47,48,49,50,51,52,53,54,55,56,57,58,59,60,61,62,63,64,65,66,67,68,69,70,71,72,73,74,75,76,77,78,79,80,81,82,83,84,85,86,87,88,89,90,91,92,93,94,95,96,97,98,99,100,101,102,103,104,105,106,107,108,109,110,111,112,113,114,115,116,117,118,119,120,121,122,123,124,125,126,127,128,129,130,131,132,133,134,135,136,137,138,139,140,141,142,143,144,145,146,147,148,149,150,151,152,153,154,155,156,157,158,159,160,161,162,163,164,165,166,167,168,169,170,171,172,173,174,175,176,177,178,179,180,181,182,183,184,185,186,187,188,189,190,191,192,193,194,195,196,197,198,199,200,201,202,203,204,205,206,207,208,209,210,211,212,213,214,215,216,217,218,219,220,221,222,223,224,225,226,227,228,229,230,231,232,233,234,235,236,237,238,239,240,241,242,243,244,245,246,247,248,249,250,251,252,253,254,255,256,257,258,259,260,261,262
5,1.0,0.9176763,0.8176254,0.73032355,0.7087372,0.5534709,0.5754147,0.6477057,0.51537055,0.4545178,0.5074877,0.5090491,0.3705803,0.3483636,0.3493368,0.20537145,0.113382675,0.04260353,-0.049139787,-0.047641017,-0.05262427,-0.13892184,-0.18663932,-0.056617804,-0.06851887,0.093459636,0.24740127,0.31346342,0.40522072,0.41221565,0.35609332,0.4766175,0.27145806,0.038082015,0.18657784,0.24452876,0.12444636,0.11708246,0.11741001,0.3089067,0.41176122,0.44657442,0.55586,0.51485366,0.53627867,0.4983393,0.3953403,0.2697305,0.061648875,-0.20402709,-0.38049054,-0.26517394,-0.346126,-0.34640548,-0.37637225,-0.2609525,-0.23301084,-0.20243898,-0.049271517,0.05795024,0.06629837,0.18543197,0.3340353,0.34139794,0.4005604,0.5077829,0.55371535,0.57262814,0.6429786,0.7397055,0.7828488,0.7387994,0.73203236,0.73841125,0.75343746,0.83570224,0.8742861,0.8350648,0.82798225,0.8367474,0.77658224,0.67148775,0.62018704,0.56631637,0.35154822,0.15266202,-0.054081,-0.24311034,-0.24219975,-0.28767133,-0.26283792,-0.17200609,-0.28600582,-0.24895877,-0.13137758,-0.20870666,-0.19609576,-0.123639196,-0.09441406,-0.108662486,-0.0011710464,-0.21758501,0.13911371,0.3527647,0.51313573,0.57012314,0.6439659,0.5788546,0.49411285,0.5201374,0.40253562,0.3309368,0.27483708,0.22920386,0.2100287,0.10070562,0.18453744,0.20348051,0.042662222,0.09820534,-0.028371817,-0.032336295,-0.10502311,-0.18198188,-0.21770963,-0.09106975,-0.076564826,0.029740673,0.07950591,0.098281294,-0.008251345,0.02564092,0.15147707,0.16105738,0.03283202,0.019054819,0.24395157,0.3221863,0.3097708,0.2760866,0.3139401,0.18704954,0.066111006,-0.014806595,-0.012705536,-0.025803763,-0.10250737,-0.1013108,-0.02039829,0.0146378325,-0.03201692,0.022076719,0.05601612,0.05211772,0.035023607,0.07983445,0.07158698,0.13986394,0.12354258,0.13208583,0.09257397,0.11195001,0.13004327,0.09987837,0.0192138,-0.019720359,0.02947023,-0.06531967,-0.45717156,-0.388815,-0.45986742,-0.5514074,-0.57153463,-0.5580915,-0.52867085,-0.5649942,-0.62594557,-0.6242714,-0.6045721,-0.66474926,-0.66345274,-0.6142393,-0.62105477,-0.62821263,-0.5990731,-0.5247271,-0.39991635,-0.35603786,-0.24493256,0.13705485,0.14674011,0.25729313,0.44496796,0.4631656,0.35074285,0.38887087,0.21354704,-0.003049938,-0.16451223,-0.352039,-0.46803507,-0.43933642,-0.24005906,-0.2085245,-0.33210614,-0.12513895,0.10076839,0.09025941,0.097814076,0.30639905,0.40131536,0.29602593,0.29865333,0.21310526,0.12765077,0.10541093,0.093676314,-0.04769851,-0.18420218,-0.24283898,-0.24087368,-0.46331373,-0.5954263,-0.5290988,-0.5352043,-0.65538204,-0.6386245,-0.5712542,-0.62126863,-0.576109,-0.6050018,-0.61050254,-0.53511804,-0.36134052,-0.27293947,-0.21887256,-0.21842562,-0.33220983,-0.37215284,-0.28646576,-0.29510698,-0.3914751,-0.2765468,-0.13133374,-0.22216415,-0.1685076,0.08483202,0.20972379,0.14086467,0.20739143,0.3758405,0.47352,0.41658694,0.41035736,-0.12826823,-0.31570724,-0.2745208,-0.16433051
6,0.9176763,1.0,0.9355415,0.87594014,0.8338457,0.7038271,0.7008678,0.74529743,0.63576263,0.58251894,0.60894513,0.60062426,0.49065855,0.46470067,0.44282976,0.3093243,0.22447178,0.13037859,0.04550069,0.044613086,0.02094267,-0.08267309,-0.13625422,-0.007161849,-0.016551865,0.15000491,0.30128804,0.35387397,0.42595702,0.383057,0.28516474,0.45445675,0.21630006,-0.05692151,0.12625384,0.18911435,0.033835948,0.026397396,0.03958922,0.29758146,0.41324624,0.44833192,0.5626554,0.51805973,0.5496759,0.52246064,0.42269927,0.30000043,0.106513456,-0.1849539,-0.36386126,-0.29095864,-0.36895972,-0.3715113,-0.42234972,-0.32042587,-0.26958725,-0.20839189,-0.087620646,0.009043045,0.06398841,0.19957517,0.31421483,0.32902104,0.4238405,0.5261982,0.54880196,0.5978162,0.69496673,0.7441907,0.7581189,0.687925,0.6969216,0.7069154,0.7186108,0.83377856,0.88808465,0.89300597,0.8709467,0.8565584,0.7580097,0.6578186,0.6092493,0.5553062,0.32201204,0.12936042,-0.09255319,-0.26828006,-0.2494309,-0.3039711,-0.31764036,-0.20644636,-0.28299183,-0.25971228,-0.17036793,-0.24505763,-0.24626711,-0.1825294,-0.17504336,-0.21258298,-0.112711,-0.24793185,0.123101264,0.31071737,0.48987588,0.5465648,0.6187175,0.5054374,0.4011875,0.43411726,0.34116498,0.23183112,0.20216022,0.21308644,0.1612151,0.04246706,0.0902266,0.10354814,-0.03705054,0.025658084,-0.11871504,-0.12511896,-0.1696706,-0.24859595,-0.2868393,-0.16351123,-0.16706647,-0.044051625,0.010041905,0.020347435,-0.059118222,-0.012148739,0.11407284,0.14025848,0.030744012,0.019157909,0.2612617,0.33861437,0.335175,0.32269338,0.36721778,0.24768798,0.1288082,0.03484292,0.03017751,0.015848823,-0.07960797,-0.07750506,0.011941033,0.09416662,-0.0049618655,-0.0025831896,0.021890013,0.029043946,0.033990875,0.07978081,0.044422876,0.12077851,0.104026906,0.09253182,0.036588974,0.088460065,0.10619863,0.04197377,-0.0295047,-0.025704239,0.0066482103,-0.10028015,-0.45998546,-0.333951,-0.40418407,-0.510481,-0.5517065,-0.5613811,-0.5379213,-0.5798702,-0.6541317,-0.59590733,-0.55312306,-0.63961273,-0.65398484,-0.5743656,-0.5905096,-0.6315736,-0.5940617,-0.48495567,-0.39944872,-0.3896356,-0.24331969,0.14235276,0.09749378,0.2144393,0.43421277,0.42669746,0.29095322,0.3314189,0.13571446,-0.075364225,-0.23991807,-0.41045392,-0.50968903,-0.48372418,-0.29923034,-0.2643532,-0.37354803,-0.17906888,0.048465822,0.06048456,0.07786628,0.28935763,0.409598,0.33234116,0.3431269,0.24607801,0.1722479,0.14868379,0.10840181,-0.0373804,-0.16778083,-0.22708337,-0.25167176,-0.46199635,-0.5827666,-0.5505558,-0.5587564,-0.65482765,-0.6457543,-0.59438,-0.6331723,-0.59904516,-0.60806286,-0.5823196,-0.48641276,-0.29164365,-0.2007368,-0.14139704,-0.14952996,-0.25691727,-0.29760233,-0.21233317,-0.2139893,-0.30151623,-0.18338309,-0.03854375,-0.14131582,-0.08368916,0.17120996,0.28193295,0.20822191,0.2797964,0.44501513,0.52117634,0.4574483,0.44570607,-0.14562605,-0.3551996,-0.29128158,-0.19450746
7,0.8176254,0.9355415,1.0,0.9304443,0.8781394,0.7561961,0.7276991,0.7452672,0.666605,0.61176693,0.6054413,0.5855082,0.50262266,0.47155422,0.4212438,0.29816583,0.23597856,0.13865793,0.051365748,0.04054672,0.040376693,-0.05636945,-0.11117328,0.026303353,0.035352174,0.20664135,0.36100543,0.41731775,0.47016752,0.40626302,0.23577169,0.41788757,0.17688204,-0.09265147,0.08030643,0.15723693,0.0015139963,-0.0011311874,0.048689287,0.3562279,0.461363,0.505588,0.59171486,0.559795,0.56531566,0.54624206,0.451167,0.31886238,0.12977168,-0.16357692,-0.331079,-0.30381766,-0.396306,-0.39463228,-0.44514424,-0.3607416,-0.31481802,-0.25187737,-0.15697905,-0.06708739,-0.0049569085,0.12613346,0.22442372,0.2363024,0.35081166,0.45784298,0.46036902,0.5173063,0.64107764,0.6705901,0.66475564,0.6057631,0.6239248,0.6200366,0.6088051,0.7299171,0.7954862,0.8230004,0.8052992,0.8175348,0.710485,0.6409247,0.5712942,0.51152104,0.27749145,0.09182542,-0.100409925,-0.26620886,-0.22120118,-0.2847118,-0.32085684,-0.20660497,-0.2607723,-0.22615242,-0.14562958,-0.20948808,-0.22858505,-0.17692038,-0.1449745,-0.2332396,-0.13988696,-0.2654343,0.052293096,0.23319152,0.39687866,0.46204865,0.5111731,0.4020202,0.29457802,0.3055209,0.22618568,0.10856539,0.100448065,0.13496536,0.06519702,-0.040569533,-0.010397068,0.005123396,-0.108698435,-0.049734436,-0.18186878,-0.18653336,-0.2200253,-0.2827253,-0.28887007,-0.15186986,-0.15064628,-0.04297685,0.0044051395,0.025787186,-0.03808029,-0.007926066,0.117474355,0.16705512,0.052267846,0.033343,0.2893415,0.38186586,0.3881595,0.39049938,0.43218565,0.3108233,0.20626411,0.11037033,0.10137725,0.064731196,-0.01943808,-0.019414946,0.04798435,0.12312597,0.036220346,0.015923172,0.027078247,0.04210669,0.063027166,0.09431033,0.045109224,0.1303091,0.1186556,0.09702671,0.03764103,0.09860803,0.11999579,0.03547058,-0.031371273,-0.0027662069,0.020658016,-0.10022128,-0.3986082,-0.2538945,-0.31665656,-0.41841903,-0.4701939,-0.4928958,-0.47344208,-0.51785475,-0.59835625,-0.52087975,-0.48526534,-0.5875545,-0.60715985,-0.51003236,-0.53896475,-0.6061679,-0.55691445,-0.43240035,-0.40051165,-0.39893052,-0.23004149,0.119557105,0.035287697,0.16805151,0.39500916,0.3545115,0.20934366,0.26689166,0.0717231,-0.11919143,-0.28513557,-0.42987671,-0.51646656,-0.50173867,-0.34316215,-0.3097043,-0.4081083,-0.23957454,-0.02814101,-0.0072414493,0.0146473935,0.21761058,0.35037175,0.29338077,0.313047,0.21316546,0.15603606,0.12859629,0.06698989,-0.0686932,-0.17193745,-0.24037884,-0.29391032,-0.47165462,-0.5625863,-0.5578855,-0.5670926,-0.6323698,-0.61988777,-0.5832021,-0.61195755,-0.5939122,-0.5979768,-0.55252486,-0.45528635,-0.259416,-0.16270906,-0.09784172,-0.102909796,-0.19350588,-0.22982942,-0.15096863,-0.15282834,-0.22921401,-0.10993692,0.018486088,-0.08782841,-0.019226773,0.21631247,0.2978488,0.23877834,0.31991434,0.46375397,0.5072552,0.45940307,0.4561436,-0.116305605,-0.3290161,-0.2628544,-0.1861807
8,0.73032355,0.87594014,0.9304443,1.0,0.9418471,0.85973114,0.8060918,0.79599166,0.74126786,0.69930494,0.6711693,0.6336581,0.56969917,0.5451121,0.47668692,0.35666102,0.30230477,0.20075479,0.12124127,0.10339481,0.103240795,0.0033403982,-0.056896497,0.06333207,0.062108107,0.22767068,0.38967606,0.43038905,0.46686932,0.3753392,0.19725604,0.3962654,0.14322394,-0.12284049,0.060945697,0.14448977,-0.026532661,-0.04289402,-0.007242065,0.32435834,0.41309327,0.46172303,0.54005194,0.5627721,0.5463742,0.53683573,0.4356973,0.311643,0.13775697,-0.15148692,-0.31007197,-0.30746388,-0.388787,-0.3730772,-0.41861638,-0.3494211,-0.2843307,-0.20904694,-0.1326205,-0.051509574,0.035966888,0.17041036,0.2328911,0.25478876,0.38760594,0.47651023,0.45584905,0.53274256,0.6615515,0.646846,0.6146154,0.5321248,0.55141085,0.5518048,0.5523268,0.6820981,0.744768,0.7982143,0.7824684,0.7646917,0.6503866,0.6138966,0.5217798,0.46003363,0.22521709,0.058701437,-0.12603839,-0.2853027,-0.23860386,-0.31578526,-0.37014145,-0.25712907,-0.27314073,-0.25373423,-0.21214095,-0.25754258,-0.26500943,-0.21788514,-0.16243695,-0.2672434,-0.18141522,-0.22950764,0.05444677,0.18567958,0.35113913,0.41151428,0.4624787,0.3318677,0.2212989,0.24286744,0.17686947,0.047818903,0.056731984,0.11622451,0.033492476,-0.06822628,-0.06278172,-0.05065493,-0.14729202,-0.093775064,-0.21891157,-0.23506525,-0.26559824,-0.32132286,-0.33567223,-0.20905408,-0.23304726,-0.12357164,-0.060629606,-0.03949922,-0.112001434,-0.070771575,0.07836475,0.12532352,0.008595723,0.01638902,0.2885861,0.38078904,0.39248118,0.4028863,0.45523992,0.3421645,0.23180069,0.13066626,0.12368772,0.06312562,-0.03017627,-0.016443554,0.044459246,0.14238416,0.026547706,-0.037295166,-0.025000568,7.624734e-05,0.028405385,0.0663615,0.0023918436,0.08506299,0.073954545,0.043050393,-0.020191338,0.06149705,0.08224907,-0.013702291,-0.06535434,-0.009452088,0.0016673498,-0.12156126,-0.3983112,-0.23102884,-0.29816175,-0.39943552,-0.46464682,-0.49335328,-0.46365008,-0.51402456,-0.61103153,-0.500989,-0.4469147,-0.5557828,-0.58463514,-0.47805387,-0.50284946,-0.578233,-0.5306946,-0.39424393,-0.3654141,-0.39147,-0.21290849,0.139,0.028510798,0.14990306,0.3888502,0.33777347,0.18246682,0.22901128,0.03907185,-0.14356981,-0.298906,-0.43486717,-0.5095921,-0.4942144,-0.34494606,-0.30743638,-0.38933358,-0.23034854,-0.022393694,0.018509973,0.046150044,0.23891896,0.37840366,0.3414651,0.3555582,0.25620806,0.20108259,0.17805654,0.107226305,-0.022248605,-0.1273239,-0.19730417,-0.257463,-0.42490605,-0.5191611,-0.5309271,-0.54327625,-0.60139865,-0.6012195,-0.5710504,-0.59540904,-0.576065,-0.56646293,-0.50809586,-0.39728346,-0.19418877,-0.101467036,-0.039411653,-0.05338602,-0.14537722,-0.18145247,-0.105731204,-0.10039726,-0.1733364,-0.056368377,0.0737073,-0.029530764,0.0248691,0.258768,0.34244812,0.27635843,0.3477888,0.49159765,0.5229038,0.46204668,0.45622173,-0.13603897,-0.35699582,-0.28102985,-0.2134566
9,0.7087372,0.8338457,0.8781394,0.9418471,1.0,0.9300911,0.8540351,0.860195,0.82872635,0.76891184,0.7343153,0.7036863,0.6283581,0.5953649,0.5218235,0.39068446,0.3298182,0.22559413,0.13274767,0.104714885,0.097641826,-0.009663515,-0.07634117,0.05890814,0.05125708,0.24291472,0.43342045,0.47834626,0.5336155,0.43460393,0.24434324,0.44305733,0.15343955,-0.10165023,0.098234,0.16932546,-0.020647688,-0.066855304,-0.014356731,0.34112513,0.4372606,0.5230037,0.6079729,0.6437802,0.6056838,0.6007156,0.475871,0.33337063,0.12923503,-0.17251115,-0.33486435,-0.33629587,-0.41737044,-0.37682235,-0.41630182,-0.3454638,-0.2736492,-0.19463715,-0.11989677,-0.030824998,0.062697224,0.20508212,0.26541945,0.2885061,0.43026933,0.5187132,0.49484155,0.5816266,0.7178254,0.6967563,0.65082806,0.56194,0.5637137,0.5556005,0.56718874,0.6884285,0.7325942,0.795453,0.80852437,0.80274135,0.69551027,0.6742104,0.56650573,0.49204528,0.24100795,0.061016142,-0.13572367,-0.31334737,-0.27210283,-0.3585515,-0.410209,-0.30332017,-0.3034214,-0.26753405,-0.23875062,-0.28972182,-0.27568972,-0.21788992,-0.12864454,-0.26755837,-0.17660132,-0.22304547,0.06480373,0.20412904,0.37116548,0.44343656,0.48711511,0.3563427,0.25714666,0.27873775,0.21100098,0.07083404,0.0739794,0.13975018,0.05309549,-0.060436677,-0.05827652,-0.04447817,-0.14473751,-0.07353161,-0.22433053,-0.23824361,-0.28304145,-0.33555964,-0.36178973,-0.20284685,-0.23287855,-0.1238796,-0.050006438,-0.010609775,-0.09642026,-0.06356648,0.11031002,0.16990502,0.02985604,0.033917066,0.32637167,0.4353639,0.4519271,0.4529677,0.513757,0.3764493,0.24838924,0.1402612,0.1378744,0.07388882,-0.022585055,-0.017082237,0.03686298,0.13333647,0.02515312,-0.01926283,-0.014021399,0.01564253,0.04586692,0.08592284,0.01766438,0.10186144,0.09027959,0.06122475,-0.009154699,0.06419762,0.09065143,-0.011560424,-0.07012437,-0.008681522,0.0022976766,-0.13640647,-0.42311522,-0.22739324,-0.3073029,-0.41685215,-0.5011484,-0.5327463,-0.48794225,-0.5545154,-0.65142715,-0.54214317,-0.48565036,-0.5961681,-0.6274261,-0.517183,-0.53890973,-0.61587024,-0.573797,-0.42933515,-0.39065686,-0.41697428,-0.23021887,0.14799061,0.0370088,0.16296265,0.41699782,0.358575,0.19260247,0.24458629,0.046027552,-0.15052417,-0.30757463,-0.45460472,-0.5376219,-0.51862115,-0.35427815,-0.31520408,-0.4043014,-0.22886387,-0.0077810576,0.027810877,0.052485663,0.26331964,0.40753016,0.36564285,0.37739792,0.27143952,0.21178359,0.18600814,0.107377656,-0.027755214,-0.14212225,-0.21232364,-0.2695542,-0.4536097,-0.5541083,-0.5560246,-0.5696308,-0.64089274,-0.6376623,-0.59978163,-0.63082623,-0.604861,-0.60109335,-0.54999363,-0.43868816,-0.22657779,-0.13212727,-0.06750083,-0.08744701,-0.17511415,-0.20746146,-0.12017122,-0.1150467,-0.19782579,-0.0760575,0.06476372,-0.042371873,0.007944472,0.26034945,0.35117108,0.28150707,0.35983452,0.5144886,0.551757,0.4908162,0.48579162,-0.13646683,-0.38161764,-0.30818453,-0.23656932
10,0.5534709,0.7038271,0.7561961,0.85973114,0.9300911,1.0,0.88962597,0.843713,0.868581,0.8405796,0.7680332,0.70331305,0.66759217,0.64798427,0.5495113,0.42875436,0.3913053,0.2905081,0.20669869,0.17002405,0.15323456,0.053614225,-0.017058935,0.08959951,0.07451334,0.25438574,0.44327217,0.46058032,0.49261063,0.36461332,0.19893281,0.36248657,0.08708104,-0.094045706,0.10193692,0.15885071,-0.030077828,-0.108042866,-0.056080166,0.2735235,0.3534418,0.4413457,0.50696594,0.6015987,0.54115975,0.5356528,0.41392538,0.28598198,0.11110556,-0.14414157,-0.2753667,-0.31656075,-0.38638157,-0.3329591,-0.3621965,-0.31941047,-0.22963785,-0.14085041,-0.114220455,-0.050681204,0.07418182,0.20619063,0.21347103,0.24355061,0.3968452,0.45411932,0.40480688,0.51124424,0.6519309,0.58440566,0.5140176,0.41559651,0.420743,0.40975544,0.42566252,0.55759233,0.60387105,0.69096094,0.69636416,0.6646018,0.5515578,0.57227534,0.45345834,0.3773882,0.14044577,0.009614612,-0.16105908,-0.3103616,-0.26986003,-0.35503423,-0.42439133,-0.33272293,-0.27675563,-0.2468029,-0.274215,-0.3403217,-0.29858172,-0.24249294,-0.13312377,-0.29683542,-0.23511049,-0.19626833,0.027961291,0.10117012,0.2526459,0.32090178,0.35764965,0.21416165,0.122047745,0.15262441,0.10514637,-0.043452222,-0.013552657,0.079498075,-0.024380818,-0.12369662,-0.14857769,-0.13376777,-0.19307737,-0.1284971,-0.26651958,-0.29538864,-0.3277971,-0.35353807,-0.37628672,-0.24752045,-0.29333445,-0.19007455,-0.10202007,-0.059883233,-0.14691766,-0.10757508,0.07517901,0.13273929,-0.006463307,0.019857854,0.30872706,0.411459,0.43642908,0.4486977,0.5214192,0.39536658,0.26420647,0.15137365,0.1488872,0.077657446,-0.022118278,-0.012256087,0.030133681,0.1391648,0.0053373873,-0.070309214,-0.061391905,-0.016438626,0.02625927,0.07259427,-0.0041975896,0.0643308,0.06280906,0.037902657,-0.051684286,0.023082081,0.066298805,-0.047860105,-0.11295989,-0.022541367,-0.007286801,-0.15139422,-0.3825389,-0.15020813,-0.22691382,-0.33469132,-0.43490997,-0.47847724,-0.42936894,-0.4931211,-0.5882555,-0.45117363,-0.38845593,-0.49235895,-0.5242523,-0.41302356,-0.432058,-0.5145791,-0.4803133,-0.3385016,-0.31285748,-0.36421087,-0.18395312,0.14726652,0.01624798,0.12554339,0.36214858,0.28671178,0.12502192,0.16713643,-0.001470314,-0.16296872,-0.2913664,-0.40790433,-0.468611,-0.4520396,-0.31749406,-0.27763078,-0.34261122,-0.1997431,-0.008781248,0.034401685,0.06097293,0.24331914,0.37620515,0.3572219,0.3672184,0.27540526,0.2296126,0.2058399,0.119071275,0.008518028,-0.09360401,-0.15977469,-0.21301094,-0.36258143,-0.4503313,-0.46529123,-0.47826007,-0.5334083,-0.53842956,-0.5124268,-0.53743106,-0.5171754,-0.50509125,-0.447022,-0.34226763,-0.1519629,-0.06729908,0.0003623514,-0.03215416,-0.105948664,-0.13182163,-0.061882053,-0.049438097,-0.11695837,-0.014381106,0.10746102,0.008410635,0.044958893,0.26960728,0.35047317,0.28420553,0.35774595,0.4968023,0.52310497,0.47102603,0.47554365,-0.10834411,-0.37066394,-0.3180632,-0.2543012
11,0.5754147,0.7008678,0.7276991,0.8060918,0.8540351,0.88962597,1.0,0.9269388,0.80153954,0.84420365,0.8149367,0.75553375,0.6965418,0.68477327,0.5986735,0.48197284,0.41275516,0.31518945,0.24600562,0.20780903,0.17010057,0.057897255,-0.008980539,0.09023485,0.06815996,0.23100583,0.41029993,0.41020507,0.43508855,0.29097545,0.16096866,0.31471503,0.09655698,-0.09576841,0.07687985,0.12832814,-0.030651696,-0.084677935,-0.07082925,0.21294431,0.28582844,0.3450678,0.43819267,0.5380033,0.4816861,0.49467283,0.3604938,0.2624959,0.09083825,-0.14638777,-0.28386936,-0.3041067,-0.34705922,-0.3005514,-0.3460664,-0.29692733,-0.19322142,-0.10227504,-0.051497325,0.02659061,0.14750008,0.28847864,0.30440122,0.33219245,0.48250628,0.53777766,0.49356362,0.6026755,0.72902197,0.6541128,0.5793066,0.4622652,0.4507722,0.45309913,0.49941185,0.61674386,0.64119595,0.722528,0.73684263,0.68675375,0.58091134,0.58601016,0.45277292,0.3944394,0.16123874,0.02752483,-0.15956216,-0.31744272,-0.26188466,-0.34757495,-0.4143458,-0.31913418,-0.3120455,-0.3020898,-0.31230012,-0.3462382,-0.3193141,-0.25660866,-0.17116748,-0.28327113,-0.20758466,-0.17916796,0.06612624,0.12935849,0.29645336,0.36404824,0.4213789,0.2665462,0.17532007,0.23519403,0.17830543,0.03379307,0.055949856,0.13649563,0.041809883,-0.06278041,-0.08232639,-0.070590585,-0.14501664,-0.0986524,-0.22042602,-0.2544867,-0.29217544,-0.34963357,-0.39307174,-0.28313556,-0.33436567,-0.23728582,-0.14514084,-0.11522952,-0.21238391,-0.16411673,0.014774607,0.06691857,-0.06743884,-0.030878464,0.25165683,0.34579796,0.38670415,0.4064405,0.47903958,0.36190873,0.24471593,0.13419843,0.112678975,0.024089593,-0.0751706,-0.060915064,-0.007684224,0.1049209,-0.031200053,-0.11471816,-0.11425218,-0.055557072,-0.023624122,0.022059921,-0.044845663,0.014403574,0.02010876,0.008771095,-0.075517125,-0.001684755,0.048222657,-0.042552404,-0.10123876,-0.029603487,-0.0062957853,-0.1396334,-0.40807346,-0.23049136,-0.29956487,-0.39420635,-0.46726352,-0.49272627,-0.44384715,-0.5009531,-0.58772385,-0.48723778,-0.41979736,-0.5181359,-0.5481318,-0.45052084,-0.44987473,-0.52368134,-0.50289434,-0.3665149,-0.30770183,-0.36097494,-0.19866571,0.15450412,0.04479599,0.13105184,0.3681024,0.32141724,0.15030533,0.18456656,0.019245181,-0.15218039,-0.2754026,-0.3994397,-0.4698723,-0.44066864,-0.28839356,-0.25161472,-0.31688222,-0.15433213,0.039938457,0.08175253,0.111632936,0.28812405,0.40861183,0.37731636,0.38980582,0.30458847,0.2528897,0.22225975,0.14793329,0.036090426,-0.08718051,-0.15208386,-0.16765884,-0.34763852,-0.46534136,-0.46107763,-0.4703512,-0.54743904,-0.5587176,-0.527322,-0.55623806,-0.52117366,-0.5086958,-0.46680543,-0.36099753,-0.16649604,-0.09451217,-0.048121046,-0.052657496,-0.13345477,-0.17602763,-0.096668735,-0.0828414,-0.15777624,-0.051343128,0.09024104,-0.0015223904,0.031928398,0.25612578,0.34819803,0.27698845,0.34012464,0.48329264,0.5194548,0.45095387,0.46597454,-0.087281056,-0.33216536,-0.27957368,-0.2086257
12,0.6477057,0.74529743,0.7452672,0.79599166,0.860195,0.843713,0.9269388,1.0,0.88449043,0.8655776,0.881233,0.857346,0.7296567,0.69570893,0.64183074,0.4874353,0.3790305,0.27988386,0.20208025,0.1555007,0.12516753,-0.0003487922,-0.07266027,0.04322462,0.015247185,0.19436076,0.4011496,0.42736405,0.47686502,0.35774276,0.2196508,0.3857987,0.14583719,-0.08549805,0.10355502,0.15025039,-0.020633917,-0.07182946,-0.059071533,0.24084279,0.33286375,0.42434084,0.5476649,0.61194056,0.5786702,0.5770381,0.42652544,0.29448062,0.07582086,-0.18814568,-0.3456268,-0.33597204,-0.3705688,-0.3100353,-0.35218766,-0.2701537,-0.17556095,-0.09350159,-0.003405597,0.09296978,0.1965724,0.35773492,0.4134606,0.43468255,0.5859917,0.65446246,0.6138349,0.7153114,0.84298116,0.7861988,0.7080042,0.5806464,0.53978467,0.530009,0.5915695,0.7073723,0.7196605,0.8029656,0.8377835,0.80098855,0.7125121,0.70067686,0.59314895,0.5233294,0.24652244,0.079754606,-0.14259632,-0.33838946,-0.30211744,-0.3821433,-0.43111825,-0.33585352,-0.35918784,-0.31684777,-0.3006985,-0.334847,-0.30784506,-0.23226808,-0.15131001,-0.257882,-0.16175935,-0.18010186,0.12927008,0.23943736,0.42385808,0.49515876,0.54519176,0.3880637,0.30368233,0.36207604,0.2903672,0.15200369,0.1503273,0.20649046,0.12640278,0.0071743918,0.0025878714,0.018689666,-0.08206702,-0.0063267676,-0.17156576,-0.19217224,-0.25006154,-0.33112478,-0.39456767,-0.25344816,-0.29200268,-0.18548697,-0.10042538,-0.06399292,-0.17209451,-0.12638263,0.059175074,0.10025794,-0.047076773,-0.015556139,0.2664014,0.36974236,0.4042806,0.39946058,0.47904024,0.3419619,0.20219803,0.0903028,0.07472145,0.005874296,-0.08972848,-0.08795795,-0.03487263,0.08044386,-0.045596726,-0.0923763,-0.07905372,-0.031473525,-0.007109519,0.04179606,-0.018595764,0.044412903,0.04505279,0.040383197,-0.039939962,0.018057473,0.05972666,-0.024948636,-0.09282674,-0.044801854,-0.020679755,-0.15158917,-0.4645017,-0.272061,-0.35134596,-0.46117318,-0.5388684,-0.56405467,-0.51663756,-0.5752921,-0.65263945,-0.56264055,-0.49663627,-0.59670174,-0.62615985,-0.5350542,-0.5320506,-0.59339446,-0.57905215,-0.44805712,-0.35516727,-0.3895916,-0.23222104,0.1661032,0.084518515,0.17671244,0.4168747,0.38795915,0.22120441,0.25770193,0.07403036,-0.12647793,-0.2647706,-0.41886345,-0.50786155,-0.4675085,-0.2876178,-0.25090784,-0.33609098,-0.1401179,0.07708802,0.10512645,0.12437258,0.32853568,0.45170346,0.3907003,0.3959546,0.2956031,0.22997993,0.19852254,0.13662769,0.012059518,-0.13220622,-0.19670142,-0.19855951,-0.4100028,-0.5457082,-0.5121446,-0.52021074,-0.62480557,-0.62588525,-0.5756123,-0.6151396,-0.56797105,-0.57172143,-0.5485068,-0.45042774,-0.25133333,-0.18756934,-0.1285947,-0.113880254,-0.199192,-0.25201723,-0.16549955,-0.15603599,-0.2463188,-0.1308794,0.02664749,-0.07393112,-0.038831145,0.21927658,0.32920864,0.25089222,0.32268363,0.4862173,0.54556924,0.46861932,0.47259912,-0.11380805,-0.37428713,-0.32880428,-0.24167022
13,0.51537055,0.63576263,0.666605,0.74126786,0.82872635,0.868581,0.80153954,0.88449043,1.0,0.9128517,0.8587177,0.83793473,0.7494267,0.6923418,0.61420316,0.47608155,0.4080505,0.2916267,0.21080664,0.16694188,0.14218785,0.03204096,-0.045930173,0.0634002,0.04078727,0.21674371,0.41103888,0.44607967,0.4877913,0.3673038,0.21141553,0.36311185,0.08320513,-0.09724686,0.09948222,0.13200189,-0.058715757,-0.14567168,-0.07943975,0.24983531,0.33417925,0.45598665,0.54255015,0.59939426,0.570407,0.5496591,0.4351393,0.28979963,0.083100185,-0.15221354,-0.27873126,-0.30414933,-0.3509893,-0.28779826,-0.32801872,-0.26678875,-0.18071875,-0.08452848,-0.048676185,0.010715024,0.14429972,0.29210475,0.3063089,0.3352056,0.49531454,0.54974335,0.48567674,0.5912859,0.7289654,0.65000767,0.5663304,0.45062807,0.4176678,0.39174378,0.4389795,0.56515115,0.5916518,0.6895543,0.7166979,0.6849991,0.59245753,0.6055539,0.5285079,0.44946826,0.17091899,0.040326573,-0.13833581,-0.2973178,-0.27470195,-0.36810997,-0.4210022,-0.33925197,-0.29924992,-0.23248589,-0.25759396,-0.32563838,-0.28075197,-0.21217066,-0.13194679,-0.28649324,-0.22003074,-0.19196923,0.08052664,0.17366768,0.33149064,0.389228,0.41563645,0.26802415,0.19557202,0.2326405,0.1858643,0.039881434,0.053884305,0.14050388,0.041071784,-0.06818512,-0.10388641,-0.08371317,-0.15158886,-0.037088435,-0.22965366,-0.24685931,-0.2847785,-0.3224249,-0.36871126,-0.2213163,-0.25038373,-0.14498691,-0.075076565,-0.029733475,-0.10797492,-0.0739098,0.09748251,0.1471077,0.019468341,0.040331412,0.2933993,0.39370865,0.42031816,0.4139347,0.4943924,0.366464,0.2173982,0.110818766,0.111907504,0.06696833,-0.025526045,-0.03225116,0.0055780397,0.11339288,-0.0098851,-0.047501337,-0.03497947,-0.0049329633,0.030396046,0.079379715,0.006722796,0.066618614,0.068510115,0.050669894,-0.04438508,0.0025539196,0.044529222,-0.05881093,-0.13488868,-0.064006805,-0.038439382,-0.17247967,-0.40333512,-0.1350259,-0.21297175,-0.33763286,-0.44660413,-0.50056976,-0.46598354,-0.5237879,-0.58831257,-0.45307425,-0.3873102,-0.48402423,-0.51617897,-0.4206634,-0.43336767,-0.5034401,-0.483882,-0.36247787,-0.3126474,-0.3505274,-0.19717136,0.13354114,0.037708625,0.13288337,0.34495804,0.29099634,0.14958566,0.19015859,0.027587285,-0.13607226,-0.25893742,-0.375829,-0.4439031,-0.413642,-0.27207753,-0.24001865,-0.307108,-0.14998615,0.031479064,0.053036723,0.068359256,0.25585395,0.37367636,0.33549556,0.33840042,0.24376678,0.18636455,0.16135842,0.09017422,-0.017295599,-0.13769475,-0.19059388,-0.20545554,-0.3668874,-0.46330333,-0.44353402,-0.4510861,-0.52687865,-0.52334267,-0.4844448,-0.5130391,-0.4815132,-0.48210156,-0.44508207,-0.36418244,-0.19615468,-0.14286691,-0.06381169,-0.066444635,-0.12512684,-0.158233,-0.0999199,-0.091289505,-0.16898184,-0.075391024,0.046705265,-0.05311345,-0.027877025,0.20579372,0.2933503,0.22784977,0.2986206,0.44050685,0.48440158,0.4284064,0.4302201,-0.10607882,-0.37586895,-0.3555444,-0.29224846
14,0.4545178,0.58251894,0.61176693,0.69930494,0.76891184,0.8405796,0.84420365,0.8655776,0.9128517,1.0,0.9256294,0.84707,0.8169458,0.80997753,0.70529085,0.5854155,0.54497373,0.4364167,0.3421001,0.3005855,0.26690024,0.14435323,0.074509025,0.17884155,0.1514094,0.29755273,0.45887634,0.43474787,0.44275108,0.28732938,0.13358653,0.28201333,0.018159438,-0.11746232,0.066406205,0.09053809,-0.09217454,-0.18402919,-0.13485503,0.1540335,0.23571339,0.32502437,0.41053215,0.5020088,0.43645045,0.47685626,0.37258178,0.31459785,0.15413514,-0.056523357,-0.1791018,-0.23475173,-0.28425705,-0.22784548,-0.28914195,-0.25829893,-0.13977106,-0.020054685,-0.01749498,0.02297963,0.19032596,0.33992186,0.2966077,0.3325997,0.51339316,0.5366999,0.4475357,0.5707061,0.70610774,0.58495235,0.4822612,0.35410136,0.33150306,0.32236597,0.37550765,0.5039096,0.53424454,0.635468,0.6512849,0.5925096,0.486173,0.5178252,0.40486395,0.37035248,0.11457084,0.036338612,-0.13506457,-0.25708112,-0.21460448,-0.32061046,-0.3995597,-0.31151348,-0.2806131,-0.24922195,-0.2835533,-0.33915967,-0.3535517,-0.2944745,-0.16983058,-0.321588,-0.2583803,-0.18018954,0.05789913,0.09572385,0.24919654,0.29316005,0.33450508,0.17365095,0.09764989,0.14993234,0.11366859,-0.045538716,-0.019382635,0.091408685,-0.02230791,-0.1299332,-0.18118782,-0.16518623,-0.21524185,-0.10312857,-0.27470142,-0.32228556,-0.36093017,-0.41009492,-0.44994,-0.32737604,-0.3479821,-0.26399216,-0.18934721,-0.13387522,-0.20648134,-0.18419304,-0.0077170124,0.07625688,-0.05626293,-0.042597722,0.23191541,0.3525297,0.4044665,0.4386816,0.52939266,0.42452553,0.29696757,0.17765069,0.14364702,0.07462557,-0.03648345,-0.025668336,0.018854195,0.13889892,-0.02100658,-0.11597178,-0.13068558,-0.08372419,-0.047227725,0.0013927518,-0.09043811,-0.037572194,-0.021652507,-0.041072417,-0.14196795,-0.066047065,-0.010431696,-0.116932385,-0.17610468,-0.07960529,-0.055859808,-0.19841714,-0.408999,-0.14019515,-0.20509404,-0.323516,-0.42553517,-0.48244402,-0.4471987,-0.5047215,-0.57004255,-0.4008364,-0.32599026,-0.42556924,-0.4665026,-0.3549344,-0.3559013,-0.45452374,-0.4464238,-0.3021153,-0.268775,-0.35141107,-0.19433472,0.13599968,-0.0009877896,0.074635886,0.30656275,0.23890685,0.07149517,0.10879985,-0.049779523,-0.19396803,-0.30148104,-0.3884516,-0.43518817,-0.4054956,-0.28297147,-0.24663725,-0.28367096,-0.14527577,0.021908348,0.074974954,0.11463091,0.2756484,0.39219183,0.3869383,0.39895388,0.3163713,0.2715979,0.24921136,0.1679347,0.0738822,-0.034168124,-0.088682435,-0.12128494,-0.26857468,-0.37087753,-0.38760835,-0.39897332,-0.46144113,-0.48133436,-0.4598816,-0.47654864,-0.44290754,-0.41671127,-0.36619928,-0.26917055,-0.09168902,-0.04534735,0.018839864,0.028465217,-0.035261713,-0.083370425,-0.020862808,-0.0059029143,-0.08159409,0.004642009,0.13240024,0.03984685,0.055682097,0.2706372,0.35360116,0.27800158,0.3361425,0.47378868,0.49501473,0.42276758,0.4322191,-0.11293639,-0.38837552,-0.3510876,-0.28499937
15,0.5074877,0.60894513,0.6054413,0.6711693,0.7343153,0.7680332,0.8149367,0.881233,0.8587177,0.9256294,1.0,0.9153933,0.81153363,0.8480089,0.81001943,0.6344437,0.54928553,0.48491725,0.37136975,0.3163394,0.28455192,0.14429413,0.07405447,0.1823482,0.124697715,0.25868475,0.42131647,0.38222808,0.40120035,0.25456318,0.14706263,0.28940213,0.05287202,-0.099356316,0.08176834,0.099391006,-0.07089781,-0.14877585,-0.12779735,0.11445964,0.20028798,0.29067758,0.4076114,0.4859613,0.4344819,0.48664743,0.36167467,0.33246467,0.1484504,-0.05371037,-0.18937379,-0.20920207,-0.2467598,-0.18283561,-0.25113168,-0.19436911,-0.064287595,0.051915303,0.080735184,0.14790522,0.30845538,0.4638433,0.44283095,0.4859067,0.64694625,0.65922976,0.5806845,0.6904603,0.8016642,0.69697124,0.5972166,0.46091768,0.4113993,0.3974079,0.46930555,0.58321285,0.59158367,0.68524677,0.7150463,0.653632,0.5674567,0.58311766,0.48403347,0.46500605,0.17982085,0.092083454,-0.11653113,-0.25295806,-0.23140936,-0.3235501,-0.3844554,-0.30123484,-0.31489727,-0.2844925,-0.29486427,-0.34896603,-0.39116016,-0.32317084,-0.18813308,-0.30158007,-0.2120813,-0.15795115,0.13976647,0.19044791,0.36660102,0.4065221,0.45898098,0.2961107,0.23046808,0.29873344,0.2435751,0.09594761,0.10388321,0.1859541,0.0936009,-0.023553794,-0.05779751,-0.047371432,-0.12310289,-0.00820791,-0.19409464,-0.25475973,-0.33507755,-0.41911387,-0.4843643,-0.35840732,-0.36052293,-0.28759024,-0.22268324,-0.15746331,-0.24477695,-0.23291753,-0.051533345,0.023410942,-0.122956514,-0.10825078,0.16732405,0.29131404,0.34489205,0.374078,0.48302972,0.38403285,0.24319786,0.10212117,0.054174248,-0.0020710914,-0.11482232,-0.10608988,-0.050112516,0.07804794,-0.089964844,-0.16510932,-0.16949552,-0.121796146,-0.104892045,-0.04756748,-0.13620171,-0.09302364,-0.07688695,-0.08367126,-0.1812404,-0.11880668,-0.065816045,-0.1457332,-0.20397061,-0.13508137,-0.10477581,-0.23676623,-0.48490843,-0.22550002,-0.28871644,-0.40854347,-0.49611598,-0.5481653,-0.51548654,-0.56423074,-0.6166528,-0.47202352,-0.39429292,-0.4865356,-0.52804524,-0.42759407,-0.41309938,-0.49807408,-0.50929415,-0.37597302,-0.29850116,-0.3757475,-0.2472459,0.12860498,0.024796331,0.07829585,0.3091148,0.2778634,0.110340156,0.13404311,-0.028938685,-0.19655441,-0.2941778,-0.3988298,-0.45798507,-0.41074368,-0.26799598,-0.23355408,-0.27432743,-0.10342177,0.075465344,0.12141542,0.1678401,0.3425121,0.45310697,0.42811543,0.44265077,0.3619418,0.30084306,0.27190527,0.21192172,0.1158442,-0.019338313,-0.07662264,-0.08396332,-0.26104704,-0.39976293,-0.39481688,-0.4030235,-0.49859935,-0.5254303,-0.4870142,-0.51273453,-0.45844418,-0.4361442,-0.4057726,-0.30952528,-0.1277147,-0.08948218,-0.019854954,0.0044333786,-0.077196926,-0.14500366,-0.0762581,-0.05748946,-0.1525994,-0.060572147,0.09038733,-0.0068674106,-0.0030718173,0.23634101,0.34145623,0.24528928,0.29733685,0.46290523,0.5046223,0.41229358,0.41816515,-0.13123888,-0.40468553,-0.36536434,-0.28891328
16,0.5090491,0.60062426,0.5855082,0.6336581,0.7036863,0.70331305,0.75553375,0.857346,0.83793473,0.84707,0.9153933,1.0,0.8673858,0.7800079,0.75505084,0.6363652,0.50244844,0.38247964,0.3181212,0.2776213,0.20712711,0.061976466,0.009579836,0.114625975,0.060428597,0.19967104,0.36440217,0.3665706,0.39941627,0.2760387,0.1980825,0.3278735,0.06004001,-0.084653854,0.11443044,0.12782362,-0.05468067,-0.14962912,-0.1124777,0.1392566,0.23200941,0.33998346,0.4657519,0.5048336,0.48787004,0.5013954,0.3875447,0.3058111,0.10646778,-0.096891835,-0.23763013,-0.24387215,-0.25108606,-0.1840465,-0.24799582,-0.17364559,-0.060790665,0.04174299,0.09881626,0.16320129,0.29813614,0.46053943,0.46516088,0.48691195,0.63050693,0.66324544,0.59743744,0.6902722,0.803973,0.71785045,0.6275473,0.49796733,0.43656233,0.42351928,0.50154626,0.6031656,0.59927356,0.68213457,0.7208335,0.676901,0.60715204,0.6089514,0.5381626,0.49858156,0.22166637,0.10754324,-0.09863042,-0.24734025,-0.22964263,-0.33310565,-0.3768644,-0.29257116,-0.32089007,-0.2785133,-0.27837738,-0.33926883,-0.3291182,-0.24608178,-0.1765198,-0.25918272,-0.1726261,-0.14940746,0.17642882,0.2567167,0.42231315,0.46671075,0.5032825,0.36093113,0.30644128,0.36321357,0.3047331,0.17724454,0.16141877,0.22130273,0.14562196,0.029521726,0.006310452,0.020700907,-0.06516807,0.053165514,-0.153337,-0.17393203,-0.22635043,-0.32109603,-0.40441233,-0.2765646,-0.29075417,-0.19605432,-0.14156856,-0.09725291,-0.17562701,-0.15459773,0.007812985,0.054947823,-0.06831151,-0.048813175,0.19422089,0.29649487,0.3324843,0.3310857,0.43262064,0.32995796,0.18585998,0.07384818,0.04295355,0.00030316098,-0.10938799,-0.11181533,-0.05926736,0.056789234,-0.08480878,-0.11681355,-0.11633778,-0.08442265,-0.0706458,-0.008691093,-0.074541345,-0.035232477,-0.023681136,-0.025025394,-0.10827393,-0.068358615,-0.031499177,-0.10130364,-0.16479701,-0.12059838,-0.094037026,-0.21018308,-0.46976244,-0.22189283,-0.29323727,-0.41650584,-0.50423944,-0.55192727,-0.52207917,-0.5676681,-0.60575426,-0.4895493,-0.42270252,-0.5017808,-0.5340591,-0.45683232,-0.44150683,-0.50211763,-0.51663494,-0.40481645,-0.30199435,-0.34955812,-0.23275673,0.13455181,0.06988967,0.12722501,0.33340672,0.31917146,0.1759382,0.19613282,0.03646521,-0.13249284,-0.23506986,-0.35983998,-0.43544286,-0.3825889,-0.2230252,-0.19419089,-0.25415462,-0.07099471,0.10893486,0.13342512,0.15496105,0.33023584,0.43049994,0.3751558,0.38004237,0.29708493,0.22860985,0.20626225,0.1597457,0.059737965,-0.07643053,-0.11962066,-0.102352895,-0.29806077,-0.4330081,-0.39231694,-0.39926767,-0.51040566,-0.52190673,-0.4698849,-0.5070227,-0.44511226,-0.44456154,-0.43817052,-0.35956517,-0.19748947,-0.16495222,-0.10862951,-0.073841006,-0.14773376,-0.21287727,-0.14539008,-0.12968682,-0.2233702,-0.13623466,0.009545049,-0.07883225,-0.071764916,0.1681075,0.277116,0.19334966,0.2461513,0.4054887,0.4704078,0.38661423,0.3816047,-0.15274663,-0.40236703,-0.37052518,-0.29692584
17,0.3705803,0.49065855,0.50262266,0.56969917,0.6283581,0.66759217,0.6965418,0.7296567,0.7494267,0.8169458,0.81153363,0.8673858,1.0,0.876014,0.7337485,0.75164354,0.7055432,0.5282897,0.46032637,0.45897862,0.3644023,0.20993589,0.17533757,0.2795126,0.23711987,0.3363513,0.44826156,0.39769432,0.38836768,0.22136338,0.107176706,0.24037443,-0.055431522,-0.13690004,0.048896667,0.053101636,-0.1369499,-0.24841921,-0.18865909,0.06937722,0.17112961,0.24755214,0.32431024,0.36263156,0.3195571,0.39307192,0.37068632,0.3719352,0.23858719,0.07776524,-0.045178585,-0.11967498,-0.15662973,-0.11685716,-0.21665817,-0.19813718,-0.07001963,0.06286437,0.0487393,0.061430577,0.23617904,0.38341737,0.29858428,0.3186202,0.49521098,0.4975455,0.3981699,0.5063446,0.62444955,0.49945536,0.40777776,0.2843771,0.25717282,0.25759962,0.31952882,0.43047982,0.45109347,0.54339933,0.55561954,0.4940794,0.39511448,0.41030538,0.3234528,0.32746437,0.13506112,0.11757907,-0.04051631,-0.12442281,-0.106611624,-0.23837,-0.31890488,-0.22515729,-0.20870973,-0.19901921,-0.22048794,-0.28566685,-0.35963437,-0.30282757,-0.18781002,-0.28388903,-0.2382988,-0.15377165,0.08960093,0.110999025,0.23403428,0.24577245,0.28761104,0.14757024,0.08998643,0.13825613,0.11084963,-0.033477053,-0.023846619,0.086899735,-0.014007433,-0.11764269,-0.17609109,-0.17038977,-0.21213731,-0.088866435,-0.2743279,-0.3082027,-0.31831974,-0.38254154,-0.42403352,-0.33134687,-0.31930956,-0.25732964,-0.23084782,-0.16994472,-0.19391236,-0.20066385,-0.0659676,0.03441163,-0.072460845,-0.0793126,0.16007818,0.28377604,0.34837168,0.39907935,0.4986327,0.44145194,0.31210506,0.20126751,0.15143408,0.08149386,-0.05030059,-0.04904152,0.019955993,0.12932774,-0.039077256,-0.123044,-0.16250183,-0.11319178,-0.09087212,-0.04605424,-0.14400887,-0.10363429,-0.08107267,-0.09999775,-0.18999077,-0.12885311,-0.08240225,-0.16672671,-0.21539281,-0.13030486,-0.10627088,-0.2265188,-0.3838223,-0.10000423,-0.15397683,-0.27236345,-0.37208068,-0.4418369,-0.42245853,-0.47351098,-0.50281835,-0.3383052,-0.26824567,-0.34455523,-0.39036036,-0.29376903,-0.28731102,-0.38668042,-0.39558476,-0.26181132,-0.23595484,-0.3256885,-0.20163444,0.088583454,-0.03491677,0.017264804,0.22129586,0.16408104,0.01665565,0.05325026,-0.08986888,-0.20117827,-0.28554213,-0.35207558,-0.3881886,-0.34880528,-0.24572389,-0.22144255,-0.23822685,-0.11654134,0.014375966,0.07447565,0.1214782,0.24641278,0.34173295,0.3474279,0.3663178,0.29985604,0.25951478,0.23617454,0.16960332,0.09293647,0.0018174199,-0.045921788,-0.071955174,-0.19072443,-0.28475067,-0.30966574,-0.31516117,-0.36691025,-0.3974483,-0.38028693,-0.3889215,-0.3495066,-0.31702405,-0.27459854,-0.1885818,-0.03746235,-0.012379257,0.022684665,0.035318606,-0.0044626566,-0.048023924,0.0076854173,0.02768277,-0.046506647,0.019606931,0.13521245,0.055924304,0.047741473,0.2360838,0.303773,0.22449891,0.26975027,0.39201623,0.40308878,0.32783377,0.32876125,-0.16183296,-0.3815393,-0.34743562,-0.29774758
18,0.3483636,0.46470067,0.47155422,0.5451121,0.5953649,0.64798427,0.68477327,0.69570893,0.6923418,0.80997753,0.8480089,0.7800079,0.876014,1.0,0.8796768,0.8107991,0.8147606,0.7214106,0.5971755,0.5591831,0.4959442,0.33126152,0.2803422,0.38168278,0.30829665,0.37961844,0.46376976,0.35846314,0.33988383,0.15607753,0.04410662,0.17592402,-0.07814073,-0.13494438,0.021986904,0.021173928,-0.14802328,-0.2439699,-0.19167781,0.025017569,0.11764969,0.1600222,0.23598754,0.29921737,0.22468087,0.35228536,0.30748212,0.4088356,0.29427555,0.16269088,0.050533462,-0.027889714,-0.08396475,-0.042061653,-0.15956442,-0.15337975,0.005421209,0.15980893,0.104279436,0.11867982,0.33254558,0.47299415,0.34899837,0.39243454,0.56945693,0.53486806,0.41884562,0.5227653,0.6200573,0.48191935,0.38087294,0.2512822,0.23017861,0.22769237,0.29141387,0.4019631,0.42022657,0.51756316,0.52615774,0.4477075,0.34530085,0.3661037,0.26333132,0.31461594,0.10889801,0.12868604,-0.041253716,-0.092484206,-0.08112608,-0.19419278,-0.2993039,-0.2214316,-0.21093848,-0.22627741,-0.25418562,-0.31092745,-0.44104803,-0.39746836,-0.22525658,-0.33096248,-0.26768687,-0.13706315,0.1023084,0.075852156,0.21448317,0.20637369,0.26714382,0.11729326,0.057273522,0.11867169,0.092599176,-0.06585307,-0.042983335,0.082297675,-0.024531635,-0.13060693,-0.20067926,-0.1990026,-0.23358041,-0.1017192,-0.2820894,-0.37006727,-0.4273731,-0.48566943,-0.5228404,-0.4354227,-0.39198205,-0.3593666,-0.3444398,-0.258248,-0.28262,-0.31754217,-0.17394918,-0.038875204,-0.16542369,-0.18608318,0.080823645,0.22930093,0.3090804,0.39017138,0.50056946,0.44434512,0.33972833,0.19922403,0.10897636,0.042269498,-0.08661138,-0.07210703,0.008545463,0.12931508,-0.06695858,-0.18971872,-0.23347646,-0.19187285,-0.1732621,-0.13051677,-0.25122303,-0.213384,-0.18941438,-0.2054889,-0.3011859,-0.22659753,-0.172683,-0.24262418,-0.28109536,-0.17881955,-0.14819767,-0.27300146,-0.41598192,-0.11992456,-0.16409354,-0.28231063,-0.3816104,-0.45794833,-0.43849292,-0.487547,-0.5191679,-0.32751253,-0.24355395,-0.3233509,-0.38335636,-0.26955763,-0.25249472,-0.37602192,-0.39281666,-0.24504632,-0.23461446,-0.3625041,-0.24488509,0.059967756,-0.09005649,-0.05948246,0.16369742,0.107101455,-0.050639577,-0.02444065,-0.16955666,-0.2791081,-0.34340164,-0.39001372,-0.41101155,-0.37038985,-0.28146318,-0.25336948,-0.24381255,-0.12815903,0.00032665711,0.0811978,0.16301583,0.28244063,0.37962735,0.41436368,0.44495875,0.3890702,0.35266924,0.3241174,0.25664613,0.1899516,0.09428505,0.034374855,-0.0071034823,-0.11603846,-0.22825949,-0.28515694,-0.2892038,-0.33603132,-0.3884306,-0.38066247,-0.3798817,-0.33932164,-0.28239983,-0.22579052,-0.121172644,0.045170438,0.072613016,0.11788007,0.13041204,0.07312779,0.013819967,0.069523595,0.09870188,0.015522739,0.08228838,0.2091693,0.1214583,0.09540095,0.2881389,0.35590428,0.24509911,0.28100482,0.41736335,0.4099719,0.31457135,0.32611915,-0.14294724,-0.3810608,-0.33718085,-0.28431916
19,0.3493368,0.44282976,0.4212438,0.47668692,0.5218235,0.5495113,0.5986735,0.64183074,0.61420316,0.70529085,0.81001943,0.75505084,0.7337485,0.8796768,1.0,0.86312157,0.73866904,0.7257791,0.63867456,0.5711652,0.4780078,0.29290545,0.2599389,0.34615868,0.24073519,0.26695707,0.32730624,0.20976867,0.22000049,0.075894296,0.02302123,0.14600064,-0.049465753,-0.12586641,0.012038926,0.003517418,-0.13570821,-0.20533603,-0.17314245,-0.0053980644,0.0834068,0.11794597,0.21402812,0.24210416,0.20768993,0.3214434,0.25480372,0.37569913,0.24890794,0.15376626,0.04258001,0.007955011,-0.0015506641,0.057076097,-0.037136946,0.0027169548,0.16164273,0.29024258,0.26925397,0.2899435,0.47771385,0.6071239,0.5022898,0.54236585,0.6768547,0.629758,0.52570987,0.59320897,0.6584401,0.5419407,0.44251224,0.31631413,0.27666005,0.26748964,0.3405904,0.42933217,0.4247987,0.50777453,0.5294944,0.45543316,0.3780865,0.37444398,0.33048567,0.40196604,0.18062274,0.1901991,-0.01198454,-0.07100559,-0.11359666,-0.1852999,-0.26279444,-0.21893448,-0.24889046,-0.25960872,-0.28336588,-0.3185221,-0.4284319,-0.36797562,-0.2438284,-0.28444454,-0.19212201,-0.038711354,0.25150844,0.21968101,0.35642472,0.32324153,0.3766254,0.23372126,0.19199018,0.2590587,0.22088939,0.096764386,0.10655204,0.18999682,0.11333775,0.01764881,-0.034349915,-0.030954365,-0.07282528,0.064190015,-0.13626559,-0.23699187,-0.32304364,-0.40787843,-0.48796842,-0.41458026,-0.39076823,-0.36201358,-0.35365897,-0.27790686,-0.31031764,-0.3378334,-0.21223846,-0.1125105,-0.22973448,-0.2410424,-0.01767695,0.10380091,0.1559135,0.21959876,0.35119185,0.30566886,0.2002539,0.045803133,-0.04389599,-0.07352785,-0.20179945,-0.18717006,-0.099134505,0.036250558,-0.17931229,-0.2622591,-0.26279232,-0.24230018,-0.23471358,-0.17084381,-0.2772684,-0.260252,-0.24139117,-0.25099924,-0.33253813,-0.269176,-0.22767378,-0.27470407,-0.30928734,-0.23236835,-0.20297678,-0.30446857,-0.46378028,-0.18053389,-0.2185753,-0.33332792,-0.41899785,-0.49196243,-0.4751316,-0.5048294,-0.52373576,-0.36174121,-0.2751256,-0.33905926,-0.39538687,-0.3076633,-0.2765924,-0.37244478,-0.40822986,-0.29164767,-0.23091069,-0.34565863,-0.27959433,0.04451139,-0.04936535,-0.050775964,0.1447601,0.13698314,-0.0029451577,-0.0099280905,-0.13323708,-0.25556043,-0.29559204,-0.34907502,-0.3813036,-0.32594576,-0.22491284,-0.20359081,-0.19415522,-0.059925903,0.06625623,0.12778711,0.20958455,0.32985288,0.40741637,0.42133754,0.44729444,0.40341586,0.35159895,0.31808794,0.28091812,0.21840408,0.095775604,0.048698258,0.043251127,-0.089064345,-0.22410654,-0.25048107,-0.25154707,-0.3250733,-0.37801668,-0.3574743,-0.36408085,-0.31106067,-0.26012462,-0.2233095,-0.13036285,0.02040011,0.035757706,0.0830382,0.10174767,0.027315477,-0.046169,0.007293933,0.037469458,-0.054902196,0.0066365455,0.14139634,0.061306406,0.01797911,0.21296658,0.3032603,0.1756502,0.19439241,0.34753913,0.36748704,0.25678048,0.25126487,-0.16932172,-0.38158917,-0.3352985,-0.28784302
20,0.20537145,0.3093243,0.29816583,0.35666102,0.39068446,0.42875436,0.48197284,0.4874353,0.47608155,0.5854155,0.6344437,0.6363652,0.75164354,0.8107991,0.86312157,1.0,0.85296464,0.7519336,0.7322149,0.71932197,0.54989123,0.3477896,0.35137036,0.4168738,0.32687533,0.30084357,0.28997725,0.16624479,0.153198,-0.00312388,-0.04111953,0.07505918,-0.12534355,-0.16701382,-0.03964723,-0.05550294,-0.18786933,-0.25884455,-0.2182592,-0.0675981,0.027506787,0.039327886,0.10011981,0.09647385,0.06847182,0.19185403,0.20969446,0.36667782,0.30564198,0.26829693,0.18534203,0.111779906,0.11162558,0.14408578,0.035798084,0.042950638,0.19049467,0.31943077,0.26584232,0.23611315,0.40781516,0.51769805,0.36896482,0.38594747,0.5194991,0.46435404,0.34852126,0.4099757,0.47219458,0.3440023,0.2516514,0.1362332,0.11851872,0.12505145,0.18811823,0.2746697,0.28174827,0.3624245,0.36658022,0.28330737,0.19450007,0.18310858,0.15084359,0.24374104,0.13680051,0.20908114,0.057813644,0.05132831,0.004681242,-0.08627826,-0.17225514,-0.14225008,-0.16098695,-0.1980996,-0.22573674,-0.2322395,-0.35859373,-0.31450233,-0.23638718,-0.24477278,-0.18551297,-0.0053503388,0.20856877,0.13660191,0.21455811,0.16102378,0.20625518,0.0835299,0.05297713,0.104939714,0.08530418,-0.019767724,-0.0033538952,0.08606406,0.0113476245,-0.054799087,-0.12172005,-0.118717596,-0.123895094,0.0012582248,-0.17260411,-0.24809739,-0.27595347,-0.34966183,-0.40954816,-0.37781355,-0.3510659,-0.34095564,-0.35567564,-0.29507798,-0.28785336,-0.32029566,-0.24225311,-0.1372326,-0.20031224,-0.23413768,-0.06205667,0.049941584,0.11145433,0.19313541,0.30210924,0.29533625,0.23060262,0.11216167,0.017075807,-0.023404984,-0.15921731,-0.1471886,-0.05502989,0.06559462,-0.1478254,-0.23904641,-0.26170734,-0.24218789,-0.23584,-0.20080991,-0.29562783,-0.28125784,-0.2683882,-0.28140295,-0.33761665,-0.27828202,-0.24646124,-0.27827454,-0.2899243,-0.20886074,-0.18771388,-0.26261932,-0.34122133,-0.083335124,-0.112031475,-0.21171959,-0.29024613,-0.3628646,-0.35773298,-0.38306567,-0.38719115,-0.22925691,-0.1497075,-0.19462404,-0.2540984,-0.18101637,-0.15525262,-0.25711998,-0.2912763,-0.18852259,-0.17177048,-0.29126924,-0.24445954,-0.011993594,-0.10886942,-0.121809535,0.040165637,0.025138922,-0.08667733,-0.093564965,-0.19029543,-0.26067197,-0.27830786,-0.29346868,-0.2974901,-0.2502285,-0.19302264,-0.18592022,-0.14828697,-0.06359799,0.009547673,0.085201874,0.17026256,0.23137362,0.2885652,0.33179757,0.36680302,0.3433458,0.30913207,0.28389958,0.24719422,0.20426522,0.12698188,0.091662824,0.067470364,-0.009851138,-0.10299307,-0.15393342,-0.155157,-0.18664865,-0.24402718,-0.24652861,-0.23662935,-0.19802818,-0.1363897,-0.09145385,-0.0093964115,0.10896111,0.10712202,0.11963329,0.13711527,0.09593656,0.038481288,0.08397362,0.11580837,0.044149343,0.07723856,0.17383607,0.1148192,0.057419408,0.1908697,0.24837738,0.13573359,0.14224826,0.25239894,0.24021694,0.14559676,0.1361356,-0.1790826,-0.3160577,-0.2616409,-0.23691115
21,0.113382675,0.22447178,0.23597856,0.30230477,0.3298182,0.3913053,0.41275516,0.3790305,0.4080505,0.54497373,0.54928553,0.50244844,0.7055432,0.8147606,0.73866904,0.85296464,1.0,0.8723755,0.74369794,0.7355855,0.61377996,0.45786878,0.45093662,0.5162577,0.43554848,0.39618146,0.34899855,0.20056146,0.16150834,-0.013253141,-0.0788519,0.017510457,-0.20233308,-0.15670441,-0.053072177,-0.07993447,-0.21141614,-0.301746,-0.23176228,-0.09947205,-0.019964367,-0.030521026,-0.0051061693,0.021585409,-0.039269533,0.12395956,0.17070116,0.38288456,0.3666682,0.36600432,0.31972933,0.21103975,0.14905421,0.14896457,-0.0020008243,-0.05182382,0.106711246,0.27667394,0.1418774,0.08091093,0.30392316,0.4097329,0.1852643,0.20547734,0.35786784,0.2916641,0.16457449,0.25017607,0.31993297,0.16928999,0.08261339,-0.020265736,-0.008772378,0.005777626,0.052092712,0.14076008,0.16812223,0.24994689,0.23060434,0.1468439,0.04544043,0.0591385,-0.01124389,0.10479083,0.012478565,0.14701769,0.0539569,0.12097926,0.118692555,0.001206894,-0.11242559,-0.06384143,-0.04372897,-0.09392788,-0.14679511,-0.19697419,-0.39585438,-0.38502425,-0.22187999,-0.27910843,-0.26510996,-0.078954436,0.06440718,-0.039752543,0.035219826,-0.02565582,0.027407516,-0.08146044,-0.11875052,-0.07684294,-0.06859025,-0.19662721,-0.17087066,-0.033945996,-0.13207467,-0.19852534,-0.2888123,-0.29136539,-0.27714837,-0.13574715,-0.29908404,-0.39172584,-0.4060777,-0.44347653,-0.44508308,-0.43162134,-0.35265172,-0.36710176,-0.3967488,-0.31420276,-0.2738868,-0.33317375,-0.2613576,-0.113397054,-0.17711098,-0.23597424,-0.05920778,0.076103404,0.15579844,0.26802522,0.36441806,0.37438425,0.3406033,0.23089553,0.121730275,0.06696346,-0.06776636,-0.059949394,0.037428293,0.13117477,-0.07572386,-0.1998951,-0.2595939,-0.22521219,-0.21049353,-0.18261397,-0.30843395,-0.30072016,-0.27476573,-0.30186448,-0.3790084,-0.31575626,-0.2731561,-0.31295797,-0.3268386,-0.22480766,-0.19824372,-0.2788798,-0.28909507,-0.0006017838,-0.00865618,-0.09975121,-0.18668097,-0.2748522,-0.27486297,-0.3017925,-0.29830948,-0.089848965,-0.019211188,-0.059209444,-0.12000302,-0.032389365,-0.018729303,-0.14039026,-0.16675867,-0.06323661,-0.102298096,-0.23643893,-0.1826123,-0.028035374,-0.16573098,-0.18481663,-0.040619824,-0.098170415,-0.20898388,-0.19444723,-0.26781806,-0.28833264,-0.2879944,-0.25183943,-0.23157094,-0.20212175,-0.18689074,-0.18066296,-0.12043287,-0.08234222,-0.050063152,0.03215045,0.12674019,0.16026248,0.21016209,0.28623438,0.32760727,0.31997412,0.31094605,0.29195496,0.23998024,0.2241201,0.18442741,0.14683793,0.098529845,0.07976995,0.020494463,-0.06491806,-0.06535322,-0.061754897,-0.12408216,-0.14337602,-0.120544754,-0.09934536,-0.028955942,0.027238261,0.10486422,0.20232984,0.20324244,0.22570302,0.22873487,0.19869627,0.1531229,0.17212863,0.2068479,0.15803449,0.17056255,0.23809202,0.18300983,0.124474876,0.21543707,0.23793526,0.14207006,0.14725097,0.23359609,0.19159405,0.10849416,0.11621064,-0.14670928,-0.28722844,-0.24157631,-0.23143157
22,0.04260353,0.13037859,0.13865793,0.20075479,0.22559413,0.2905081,0.31518945,0.27988386,0.2916267,0.4364167,0.48491725,0.38247964,0.5282897,0.7214106,0.7257791,0.7519336,0.8723755,1.0,0.8382543,0.72109735,0.62739265,0.44218263,0.42293134,0.47415453,0.3813991,0.31201813,0.2572822,0.09117708,0.056805998,-0.08880011,-0.12702467,-0.055889025,-0.1774655,-0.12442161,-0.07039168,-0.098748185,-0.18014747,-0.24135496,-0.18310063,-0.10773146,-0.05612831,-0.080664165,-0.06908758,-0.042152975,-0.109148555,0.050273173,0.06847803,0.31016245,0.31141415,0.3503008,0.3341887,0.24953091,0.2073913,0.25009805,0.12591942,0.08621478,0.25627226,0.40406498,0.24543895,0.20301467,0.42411155,0.47377807,0.23990531,0.28074118,0.39136985,0.29546204,0.1756748,0.24116999,0.27616343,0.13320126,0.043858584,-0.04880441,-0.046756584,-0.039409805,0.010000123,0.076748244,0.08845499,0.16170996,0.1501663,0.07121672,-0.008872786,0.010377318,-0.039280232,0.083577216,-0.01937771,0.12874354,0.03732602,0.11617636,0.085775755,0.018481838,-0.08798073,-0.07114351,-0.05311126,-0.104539104,-0.16742237,-0.1851292,-0.3844266,-0.37194753,-0.20828669,-0.26154017,-0.23066144,-0.026329435,0.10304689,-0.030192204,0.032049917,-0.04182056,0.004024865,-0.08919682,-0.11044068,-0.058893643,-0.050746318,-0.15426339,-0.11443676,0.0025573892,-0.08094697,-0.13096367,-0.2201691,-0.2226905,-0.19432504,-0.070893556,-0.22106904,-0.33553532,-0.38298088,-0.4215192,-0.4395811,-0.42354813,-0.34091118,-0.38906726,-0.42730466,-0.33473098,-0.29756993,-0.37494513,-0.31606564,-0.17499828,-0.23324578,-0.29602614,-0.14186226,-0.016008444,0.05407059,0.16143994,0.26863545,0.27734783,0.25687242,0.13851,0.028050158,-0.007132764,-0.1139172,-0.1086795,-0.032144472,0.062571935,-0.1388388,-0.2505548,-0.29221275,-0.26689428,-0.25963777,-0.22169401,-0.34593755,-0.35353446,-0.32740778,-0.346136,-0.41559994,-0.36686787,-0.3236477,-0.3473094,-0.35465518,-0.25854972,-0.23069341,-0.2986623,-0.2661089,-0.008865893,0.0032945578,-0.06487858,-0.13561954,-0.21908663,-0.21938886,-0.23550129,-0.2309329,-0.055427965,0.0109388195,-0.02599102,-0.08575612,-0.007334773,0.015875591,-0.09536071,-0.13219677,-0.048204217,-0.08742869,-0.21651748,-0.19781344,-0.06980071,-0.18149674,-0.22988509,-0.10758848,-0.1390176,-0.23234119,-0.24226081,-0.2939544,-0.30511817,-0.27005747,-0.2180202,-0.19175252,-0.1628131,-0.1615134,-0.15923782,-0.08793542,-0.059107225,-0.043577634,0.029789701,0.13424,0.14852376,0.18216078,0.2614832,0.30140877,0.30812323,0.30466247,0.28443143,0.2472295,0.24890561,0.20524305,0.16611,0.13136429,0.12590006,0.06289053,-0.021878652,-0.019802338,-0.014378783,-0.08006913,-0.09910922,-0.07183777,-0.053789448,0.017131066,0.0682697,0.1367503,0.22076912,0.21549493,0.24316783,0.24434938,0.21061401,0.16271904,0.17344564,0.20412648,0.16024859,0.16762799,0.22562195,0.17508572,0.11317154,0.1826936,0.19374953,0.09478781,0.09573236,0.17608121,0.13158262,0.054807723,0.06758977,-0.11839873,-0.23670086,-0.19213916,-0.18284814
23,-0.049139787,0.04550069,0.051365748,0.12124127,0.13274767,0.20669869,0.24600562,0.20208025,0.21080664,0.3421001,0.37136975,0.3181212,0.46032637,0.5971755,0.63867456,0.7322149,0.74369794,0.8382543,1.0,0.82770604,0.6687854,0.5045816,0.5310432,0.5150379,0.41174746,0.2909906,0.19219883,0.004423643,-0.05825135,-0.20380107,-0.23368296,-0.15073428,-0.20411064,-0.18035002,-0.14378712,-0.17340645,-0.23096895,-0.24694791,-0.21830556,-0.16985111,-0.12985869,-0.17084679,-0.1649402,-0.14486821,-0.1854582,-0.03610408,0.008223954,0.2711569,0.32792568,0.40277869,0.35930708,0.2454197,0.2566882,0.2926927,0.18875048,0.15320984,0.2967083,0.40474242,0.28778675,0.2336307,0.41709074,0.447448,0.23700358,0.25800216,0.3477053,0.25402138,0.13578567,0.18417542,0.20380229,0.0524689,-0.03677458,-0.12642682,-0.122176856,-0.10971434,-0.05876248,0.0025193,0.008811646,0.08193689,0.06676285,-0.022371322,-0.099091075,-0.084675096,-0.11010261,0.026928997,-0.0058549065,0.16179045,0.08317774,0.16126415,0.098897934,0.046528,-0.05937807,-0.05404046,-0.040826734,-0.10618671,-0.16951694,-0.13375446,-0.3295681,-0.3272913,-0.20642756,-0.19086772,-0.17043824,0.09771921,0.17978568,0.008811355,0.02737884,-0.07504744,-0.034171786,-0.13182823,-0.14821813,-0.09679701,-0.07813435,-0.15784629,-0.103009604,-0.0026132944,-0.07106684,-0.09877494,-0.19139987,-0.18860665,-0.1324576,-0.043872338,-0.14221197,-0.23629934,-0.2743664,-0.3276185,-0.3670389,-0.39006698,-0.3435202,-0.40664217,-0.44412872,-0.38123286,-0.34119824,-0.39849928,-0.3770758,-0.26332507,-0.28457084,-0.33331922,-0.2009636,-0.114961624,-0.06277125,0.051210076,0.15753125,0.22531697,0.21986066,0.105581,-0.020469045,-0.06735733,-0.17021325,-0.1309578,-0.050523717,0.049919188,-0.15093964,-0.27520624,-0.31734124,-0.29169905,-0.27952272,-0.2525799,-0.37354508,-0.37888926,-0.35863256,-0.38588157,-0.42950103,-0.36653614,-0.3440491,-0.3560219,-0.3195434,-0.2241531,-0.23238938,-0.26978964,-0.1907794,0.03312062,0.043507524,-0.0146662695,-0.08213181,-0.15918374,-0.1605962,-0.18023069,-0.16796896,0.0026205773,0.088004574,0.060040254,-0.015537216,0.053842142,0.09058345,-0.03147075,-0.073704176,0.024774833,-0.032975424,-0.1869557,-0.1771178,-0.08200043,-0.20417613,-0.26624706,-0.15778993,-0.17765595,-0.25841716,-0.2821542,-0.32326284,-0.3183774,-0.26740155,-0.20090239,-0.15596072,-0.122249804,-0.14730985,-0.15159826,-0.053540055,-0.051295076,-0.06194511,0.030251916,0.127108,0.10493426,0.1342011,0.23587108,0.27197054,0.29530692,0.30229315,0.27798223,0.2481771,0.26460657,0.23028222,0.18651783,0.16276914,0.18878353,0.13542613,0.03646227,0.040517204,0.0658562,-0.0074889185,-0.042725626,-0.00061877666,0.017545678,0.10344546,0.15749481,0.2214791,0.28277105,0.2485594,0.2422702,0.25414088,0.2572925,0.21753228,0.23088273,0.26765382,0.22699146,0.22265562,0.2693332,0.2431406,0.16851148,0.20318092,0.20378496,0.106001586,0.08889469,0.14345545,0.079522066,0.0039160848,0.007013486,-0.12629038,-0.19479893,-0.14006534,-0.15281072
24,-0.047641017,0.044613086,0.04054672,0.10339481,0.104714885,0.17002405,0.20780903,0.1555007,0.16694188,0.3005855,0.3163394,0.2776213,0.45897862,0.5591831,0.5711652,0.71932197,0.7355855,0.72109735,0.82770604,1.0,0.7922761,0.65569365,0.70159644,0.6576366,0.55058545,0.40756586,0.2550446,0.05191668,-0.03145852,-0.20585541,-0.21298642,-0.12520425,-0.28038642,-0.20807832,-0.13100484,-0.17828788,-0.28991416,-0.35249978,-0.31114468,-0.24838138,-0.20489053,-0.23810168,-0.22396941,-0.19980763,-0.242961,-0.061859973,0.049272943,0.35385877,0.4581987,0.5458067,0.4755248,0.35771555,0.34543216,0.2759432,0.13821708,0.07192721,0.18963982,0.31083342,0.22259213,0.12897806,0.29860938,0.3527791,0.14420122,0.14986233,0.24133274,0.16367412,0.043072652,0.089195155,0.13182226,-0.020883385,-0.08922911,-0.16999584,-0.1430915,-0.1339003,-0.09957064,-0.037158124,-0.015609619,0.054330003,0.027673328,-0.06109668,-0.14989854,-0.14913599,-0.1797945,-0.005048201,0.027357796,0.23585118,0.19365491,0.2970701,0.2416895,0.15937565,0.05747425,0.053113382,0.04782113,-0.03460092,-0.09030786,-0.12788144,-0.36099145,-0.35214412,-0.21558315,-0.14877187,-0.14585337,0.110196546,0.15900272,-0.016819365,-0.014470694,-0.12302932,-0.06430546,-0.15618585,-0.18165919,-0.15088148,-0.13202383,-0.21129628,-0.16823569,-0.06529188,-0.13699313,-0.16046879,-0.2429983,-0.23985597,-0.18719655,-0.08883422,-0.1776444,-0.26843753,-0.26770937,-0.33870754,-0.3491339,-0.42255077,-0.35841274,-0.40715265,-0.4519208,-0.39227426,-0.33204252,-0.38910365,-0.3708032,-0.23145622,-0.24799159,-0.30104056,-0.19213955,-0.1056349,-0.035058033,0.10641332,0.187994,0.30344746,0.31785756,0.21766746,0.06847432,0.0040830187,-0.11909284,-0.062253565,0.041579615,0.109650426,-0.13002448,-0.27503988,-0.3368282,-0.31634378,-0.30488622,-0.27858534,-0.38336304,-0.39023915,-0.3753004,-0.3988626,-0.44597983,-0.36445728,-0.3447529,-0.35256723,-0.32197872,-0.23225932,-0.22668043,-0.25639105,-0.20902836,0.02547967,0.04235712,-0.036103256,-0.088950835,-0.17622896,-0.21293394,-0.20198514,-0.16947265,0.055160183,0.15155484,0.12962343,0.04470636,0.11985451,0.14880037,0.024346923,-0.020159788,0.07292924,0.013895409,-0.1550456,-0.14724147,-0.069830135,-0.21176961,-0.27282888,-0.16530818,-0.20178784,-0.27985182,-0.295925,-0.32679915,-0.30358973,-0.26061156,-0.1830125,-0.12634821,-0.09295169,-0.12859118,-0.13066433,-0.017594283,-0.03130709,-0.058909412,0.043871988,0.14145651,0.112689175,0.13551395,0.23987277,0.28013846,0.31539872,0.31971502,0.29872897,0.26943618,0.2945403,0.27401638,0.23448443,0.20757344,0.25932732,0.2121421,0.098411284,0.10400614,0.13854843,0.054053467,0.008543261,0.06005423,0.07643771,0.17821826,0.24360879,0.30637804,0.35206282,0.30130857,0.3009098,0.31439552,0.31578708,0.26692036,0.2647353,0.30819258,0.2659527,0.24670564,0.28997928,0.2644312,0.17726249,0.20578285,0.21220687,0.112778425,0.07422012,0.13893583,0.072202384,-0.017086454,-0.021445764,-0.17785889,-0.2414846,-0.18609206,-0.20073137
25,-0.05262427,0.02094267,0.040376693,0.103240795,0.097641826,0.15323456,0.17010057,0.12516753,0.14218785,0.26690024,0.28455192,0.20712711,0.3644023,0.4959442,0.4780078,0.54989123,0.61377996,0.62739265,0.6687854,0.7922761,1.0,0.8410105,0.7651828,0.7540025,0.65830934,0.51795,0.352129,0.14765154,0.029498065,-0.14261702,-0.27032635,-0.1366279,-0.21309812,-0.25290492,-0.21931112,-0.24501012,-0.30376396,-0.28436488,-0.2869985,-0.2186941,-0.14546028,-0.19094086,-0.20418395,-0.15767254,-0.2207615,-0.01692061,0.06321203,0.38169125,0.49625334,0.5739939,0.47521144,0.3546111,0.27078322,0.2036923,0.07157882,-0.011970915,0.09788398,0.21383086,0.10658269,0.049751267,0.22417264,0.2671569,0.07102824,0.10322991,0.20564993,0.12656501,0.007690793,0.072984524,0.10604898,-0.039980046,-0.10954129,-0.17927645,-0.15866733,-0.15613714,-0.13060051,-0.068710975,-0.041536145,0.021222668,0.002104744,-0.06793458,-0.14479391,-0.12622504,-0.19142005,-0.012510246,-0.0152796,0.18428488,0.15078634,0.24965267,0.22817977,0.14516997,0.023994636,0.046360325,0.051736075,-0.030987497,-0.05978389,-0.019840442,-0.3499594,-0.39218834,-0.16517016,-0.15972026,-0.13892655,0.049611144,0.048422676,-0.10211788,-0.08456387,-0.18533891,-0.120906174,-0.2045266,-0.23351963,-0.20195131,-0.1857962,-0.27498123,-0.23137009,-0.12129364,-0.20044127,-0.22647417,-0.30436742,-0.30099636,-0.25733414,-0.16485786,-0.22032185,-0.34100163,-0.3945986,-0.4507268,-0.40780693,-0.4517761,-0.35044897,-0.43381864,-0.48593968,-0.39530328,-0.33896056,-0.43001956,-0.39183334,-0.20786801,-0.25948521,-0.3335689,-0.17871852,-0.045116164,0.064903475,0.23036984,0.28430164,0.41092572,0.4485983,0.3544493,0.19114627,0.07012542,-0.02772368,0.04453227,0.10960349,0.122767,-0.07532663,-0.24847014,-0.34140185,-0.30745468,-0.29807714,-0.29996154,-0.41719663,-0.4226114,-0.40856248,-0.4288006,-0.45266017,-0.35314348,-0.32512957,-0.32503948,-0.2604745,-0.16226177,-0.16763094,-0.19824634,-0.12385272,0.040712547,0.057391316,0.0075170696,-0.03480678,-0.09595633,-0.11704268,-0.13684976,-0.13458407,0.06807657,0.1573164,0.12089121,0.021318672,0.11952426,0.13720192,-0.01764291,-0.045182228,0.06774212,-0.055626195,-0.23915413,-0.1958636,-0.1292076,-0.3101995,-0.3510347,-0.20925845,-0.26479426,-0.3639971,-0.36286223,-0.41659692,-0.3965229,-0.36032954,-0.27194694,-0.20052798,-0.17530878,-0.23336984,-0.24067122,-0.116689205,-0.1414423,-0.16618305,-0.046199773,0.076294206,0.055911444,0.098536745,0.23695898,0.29692,0.32297954,0.3552914,0.3359215,0.27772754,0.30396417,0.32154885,0.24387415,0.15137397,0.24417838,0.2136267,0.037134003,0.033781927,0.109727494,0.015434051,-0.050605852,0.023616385,0.023390189,0.14473674,0.24154356,0.3259911,0.4049201,0.36663842,0.36288655,0.3632472,0.3756472,0.34278288,0.36311054,0.39316288,0.34746727,0.34473562,0.38678095,0.3453316,0.26950336,0.2962281,0.26499262,0.16393882,0.13735558,0.1754764,0.06419001,-0.01901736,-0.008793115,-0.16367903,-0.19082566,-0.11008843,-0.12555656
26,-0.13892184,-0.08267309,-0.05636945,0.0033403982,-0.009663515,0.053614225,0.057897255,-0.0003487922,0.03204096,0.14435323,0.14429413,0.061976466,0.20993589,0.33126152,0.29290545,0.3477896,0.45786878,0.44218263,0.5045816,0.65569365,0.8410105,1.0,0.89433044,0.7991702,0.69035506,0.5523116,0.37572312,0.16755362,0.009317729,-0.16037588,-0.28762314,-0.18640205,-0.26207408,-0.24720244,-0.23183227,-0.26032376,-0.313903,-0.29379112,-0.3071471,-0.28088102,-0.22080262,-0.28716186,-0.30978793,-0.213354,-0.28006944,-0.056551214,0.051374607,0.39016578,0.54594463,0.6605271,0.5387254,0.4261116,0.3318933,0.2096659,0.08003114,-0.035871584,0.04232741,0.14345759,0.054309428,-0.02571032,0.105783924,0.13739647,-0.044969108,-0.029490339,0.050955933,-0.013684464,-0.12280327,-0.056799076,-0.027320424,-0.16814603,-0.2246059,-0.2707068,-0.23536305,-0.23290677,-0.22570126,-0.18340619,-0.15233915,-0.103914164,-0.12709531,-0.18529326,-0.24300747,-0.19600014,-0.27529883,-0.08096186,-0.014543116,0.21573964,0.22997199,0.34279987,0.3169647,0.23749945,0.12153214,0.13691081,0.13640836,0.052006472,0.021729384,0.035530046,-0.33765894,-0.39420027,-0.07472335,-0.019139979,-0.039259795,0.12582114,0.037513703,-0.13179322,-0.15552008,-0.26086405,-0.19689105,-0.2529195,-0.27928433,-0.2714436,-0.24481985,-0.3136564,-0.26896086,-0.17569482,-0.2403904,-0.24581905,-0.31161872,-0.30597553,-0.24860923,-0.18270168,-0.16057228,-0.27424267,-0.34658468,-0.40600526,-0.32890233,-0.42566246,-0.32461435,-0.43771812,-0.47421336,-0.36995268,-0.33002952,-0.4267899,-0.38323748,-0.2029876,-0.27332515,-0.3287512,-0.18584335,-0.058889333,0.056687836,0.23243508,0.26313373,0.4394653,0.4837838,0.39851803,0.2228679,0.09395747,0.010737662,0.10712411,0.1743468,0.14808154,-0.03603424,-0.25078306,-0.3616016,-0.30025318,-0.29582065,-0.30342484,-0.41311702,-0.42751548,-0.40982234,-0.43067497,-0.44413343,-0.34331986,-0.3204058,-0.30755147,-0.22669545,-0.1427905,-0.1537642,-0.17030339,-0.07414811,0.03482147,0.061880648,0.041598167,0.019364841,-0.024455117,-0.03568597,-0.048241697,-0.04696201,0.15481181,0.23727284,0.22210987,0.12753665,0.21193089,0.22922048,0.084213376,0.06011538,0.15881386,0.022397546,-0.15905675,-0.12737837,-0.11853771,-0.30283582,-0.35606566,-0.24499424,-0.3112885,-0.40386406,-0.39762148,-0.41812038,-0.35998106,-0.31226027,-0.19717842,-0.111699454,-0.094264336,-0.17562076,-0.18151748,-0.049134,-0.1065837,-0.16695026,-0.058538616,0.042714972,0.005730761,0.03325002,0.18361537,0.2485555,0.29617265,0.34152022,0.3122638,0.25317338,0.29755837,0.33690968,0.26966426,0.1845182,0.31655505,0.3081698,0.12711604,0.12966554,0.22004512,0.13102582,0.05754469,0.12997271,0.120873064,0.23681478,0.3212707,0.38788566,0.4354051,0.38465032,0.376503,0.37575856,0.413859,0.39047512,0.39702824,0.43113554,0.40204892,0.377646,0.3985619,0.37691802,0.29797643,0.2786826,0.22938202,0.1478512,0.11173166,0.12690239,0.0078602685,-0.06503668,-0.05229624,-0.14763476,-0.15674122,-0.092596546,-0.11560246
27,-0.18663932,-0.13625422,-0.11117328,-0.056896497,-0.07634117,-0.017058935,-0.008980539,-0.07266027,-0.045930173,0.074509025,0.07405447,0.009579836,0.17533757,0.2803422,0.2599389,0.35137036,0.45093662,0.42293134,0.5310432,0.70159644,0.7651828,0.89433044,1.0,0.88266015,0.75698495,0.58508873,0.37719253,0.14843743,-0.017566228,-0.19967815,-0.31193173,-0.22469568,-0.31329617,-0.25229686,-0.24453263,-0.28399912,-0.34083706,-0.3297554,-0.32505134,-0.3076503,-0.24905743,-0.32530746,-0.3488519,-0.26364413,-0.3311414,-0.08269883,0.0673537,0.4436826,0.6381615,0.784274,0.65734947,0.52185017,0.43743908,0.28357786,0.13522278,0.011439081,0.06271483,0.16262713,0.08984645,-0.0206108,0.08358259,0.115090676,-0.067286015,-0.07182113,-0.004824772,-0.068759784,-0.17531516,-0.12180008,-0.092854954,-0.22887145,-0.28007984,-0.3130592,-0.2718774,-0.2687212,-0.27145228,-0.23836459,-0.20842355,-0.16460034,-0.19055828,-0.24210761,-0.28966054,-0.24146834,-0.3178959,-0.097675726,0.036435295,0.30473107,0.34651238,0.47229367,0.43357515,0.33123383,0.22002345,0.22277245,0.19213687,0.08566883,0.06583146,0.07751823,-0.3104536,-0.36918926,-0.037634082,0.057955977,0.03022304,0.20442688,0.09400204,-0.097762026,-0.16267338,-0.28147393,-0.21592481,-0.25534248,-0.2788778,-0.28917205,-0.25856543,-0.30807954,-0.27266404,-0.19468226,-0.24442837,-0.23404935,-0.2900138,-0.28484446,-0.2200218,-0.15466714,-0.11702847,-0.21940379,-0.28027797,-0.35012785,-0.27363965,-0.39906088,-0.29379135,-0.43094623,-0.48205322,-0.3671268,-0.31518108,-0.42720625,-0.39967054,-0.2111036,-0.27082157,-0.33199745,-0.211825,-0.08902075,0.019745916,0.20744161,0.23408176,0.4399128,0.4976172,0.4180283,0.23406759,0.109497145,0.017165517,0.11553336,0.19196829,0.15445895,-0.032137007,-0.25320455,-0.36549398,-0.29574022,-0.3024153,-0.3107448,-0.4157171,-0.44709766,-0.4319816,-0.45731607,-0.46494594,-0.3673703,-0.35079175,-0.33063918,-0.24408099,-0.16940792,-0.18328707,-0.18659265,-0.06877193,0.036061794,0.07228815,0.05877815,0.03929042,-0.0063907607,-0.017707983,-0.021503478,-0.0068771383,0.19457074,0.2800054,0.28026423,0.18165995,0.25700936,0.27660862,0.13653019,0.10665387,0.19338702,0.052874878,-0.1276818,-0.11638379,-0.14174616,-0.31904528,-0.38300112,-0.28797755,-0.35444242,-0.43718964,-0.43577883,-0.43751132,-0.35694435,-0.29385367,-0.16342916,-0.070574984,-0.056015998,-0.15088764,-0.15879758,-0.018558059,-0.093918845,-0.17658193,-0.067062214,0.032585125,-0.025060982,-0.008971248,0.14871536,0.21396756,0.27417222,0.31741202,0.28598416,0.23606922,0.2901365,0.33950278,0.27927983,0.20070063,0.35163295,0.35512486,0.17237142,0.18068829,0.27774346,0.18896614,0.11487409,0.18892449,0.17674871,0.291502,0.37066582,0.4302431,0.4604701,0.3985239,0.36666077,0.3712977,0.42031902,0.39667392,0.3952509,0.43126342,0.41234407,0.37778446,0.38594195,0.38012475,0.29315025,0.25260806,0.19926567,0.114545986,0.06906691,0.08363505,-0.042771757,-0.11692009,-0.11058344,-0.16074379,-0.15043926,-0.08750103,-0.11600444
28,-0.056617804,-0.007161849,0.026303353,0.06333207,0.05890814,0.08959951,0.09023485,0.04322462,0.0634002,0.17884155,0.1823482,0.114625975,0.2795126,0.38168278,0.34615868,0.4168738,0.5162577,0.47415453,0.5150379,0.6576366,0.7540025,0.7991702,0.88266015,1.0,0.86461,0.70794857,0.5228017,0.30403656,0.14955734,-0.05252844,-0.2507979,-0.12479985,-0.2631249,-0.26185688,-0.23262,-0.26167434,-0.35274282,-0.3509355,-0.33020946,-0.24440104,-0.14956602,-0.18742888,-0.1913035,-0.12774627,-0.19560088,0.06716491,0.21313204,0.5854057,0.7240158,0.78222126,0.61033815,0.45703706,0.33256203,0.20360549,0.0385248,-0.07398068,-0.019458374,0.09939031,0.0340993,-0.05707502,0.060458444,0.12445372,-0.041212134,-0.04453476,0.05304432,0.0130104665,-0.09320181,-0.031983398,0.019944934,-0.09934537,-0.15387517,-0.19201586,-0.15823463,-0.16017424,-0.16682637,-0.11998437,-0.085909985,-0.040762052,-0.056084108,-0.08717558,-0.14106286,-0.104967676,-0.19076215,0.026765184,0.12258351,0.34823096,0.35697824,0.43445572,0.41852263,0.27749702,0.17315067,0.2193397,0.15399334,0.060090527,0.076797135,0.06977231,-0.35306743,-0.4029578,-0.03252455,0.018334998,0.02218837,0.13246629,0.07762651,-0.05089384,-0.087939635,-0.19061501,-0.12509723,-0.17326668,-0.20992441,-0.2277231,-0.21386556,-0.28550482,-0.26443437,-0.18101555,-0.23652565,-0.24924792,-0.29349115,-0.28822476,-0.26392186,-0.16522215,-0.17085007,-0.2758497,-0.35300553,-0.42517728,-0.3384445,-0.3942213,-0.26291388,-0.39043823,-0.44008014,-0.30794066,-0.25558546,-0.38306454,-0.32944617,-0.105014205,-0.19451457,-0.27970824,-0.1110637,0.05610191,0.17361397,0.37605998,0.40552855,0.5592188,0.60280055,0.5032317,0.31808302,0.18048333,0.071277365,0.15664,0.22967029,0.18448336,0.012467042,-0.19319277,-0.31599244,-0.24333963,-0.25351998,-0.26991096,-0.38302484,-0.39824578,-0.3891288,-0.4204506,-0.43647984,-0.33740965,-0.31245878,-0.30776942,-0.24395014,-0.17270088,-0.17913003,-0.20599729,-0.13800347,0.002052241,0.030231278,-0.0067006126,-0.03356434,-0.08644493,-0.10676893,-0.12755498,-0.109605804,0.103894636,0.1825987,0.1565894,0.058422294,0.15755309,0.16357514,0.007212234,-0.014378863,0.09352587,-0.057257745,-0.22804166,-0.17911245,-0.14873625,-0.33936837,-0.36895254,-0.23117344,-0.30827308,-0.41517273,-0.3947561,-0.42953682,-0.38142252,-0.35745177,-0.2559124,-0.18353978,-0.16824187,-0.23323576,-0.24288942,-0.122785755,-0.16216683,-0.2060232,-0.101401985,0.014595325,-0.0008864883,0.042934068,0.19081376,0.2567353,0.2890757,0.32720956,0.30167878,0.23470318,0.26534864,0.30335453,0.22876024,0.13375346,0.24877001,0.23627974,0.051893093,0.05177697,0.13804136,0.050280504,-0.018537778,0.052965466,0.044045947,0.15615207,0.24449418,0.32269374,0.3984238,0.35277405,0.3349517,0.35133693,0.37729275,0.35149035,0.3665671,0.39196798,0.35933223,0.34940052,0.37684476,0.3416198,0.27801406,0.28756332,0.23987147,0.14826915,0.12645791,0.16560046,0.039073277,-0.040850475,-0.023898095,-0.1766374,-0.20586713,-0.12591505,-0.13564052
29,-0.06851887,-0.016551865,0.035352174,0.062108107,0.05125708,0.07451334,0.06815996,0.015247185,0.04078727,0.1514094,0.124697715,0.060428597,0.23711987,0.30829665,0.24073519,0.32687533,0.43554848,0.3813991,0.41174746,0.55058545,0.65830934,0.69035506,0.75698495,0.86461,1.0,0.84902763,0.5976608,0.4000881,0.21548018,-0.014862673,-0.23542503,-0.11712189,-0.22861212,-0.24775474,-0.22234757,-0.24363351,-0.32331946,-0.315472,-0.3017487,-0.22423664,-0.123139046,-0.16020726,-0.17223822,-0.108855106,-0.1802848,0.08552786,0.24671587,0.5743615,0.7507547,0.736842,0.56851715,0.39378783,0.24993372,0.105154514,-0.048267774,-0.16299155,-0.1321697,-0.03222712,-0.09672881,-0.17632067,-0.0821522,-0.009902026,-0.15465015,-0.17207973,-0.05516615,-0.06737338,-0.17577748,-0.112396404,-0.046351336,-0.14680822,-0.19352305,-0.21459751,-0.1760145,-0.1749444,-0.19712144,-0.15358892,-0.105194,-0.07260994,-0.09137411,-0.10591642,-0.15297142,-0.117259644,-0.21240921,-0.012304126,0.09790294,0.31440064,0.37476012,0.42833593,0.48768744,0.34669948,0.24113157,0.29986537,0.20824525,0.11689785,0.15542689,0.15243699,-0.27041233,-0.33240074,0.02858915,0.039492972,0.04234045,0.07539074,-0.018636927,-0.11166571,-0.15552351,-0.23473853,-0.166589,-0.18632059,-0.23212917,-0.27188027,-0.25465518,-0.32398784,-0.31888705,-0.23855692,-0.29421225,-0.306078,-0.3351553,-0.32299045,-0.3122135,-0.21346474,-0.20453621,-0.27699235,-0.33190963,-0.40942276,-0.28685346,-0.34471017,-0.2191812,-0.33691916,-0.38239,-0.2547032,-0.2028539,-0.32168624,-0.26858452,-0.045898978,-0.11756821,-0.21214493,-0.049151484,0.11917793,0.2583198,0.47543016,0.4910163,0.6670706,0.73883665,0.63761073,0.43787858,0.28002247,0.16283172,0.2594133,0.31656945,0.24381283,0.108779944,-0.10820182,-0.24650593,-0.16424638,-0.19074811,-0.23219965,-0.33282706,-0.35309473,-0.35954452,-0.36989003,-0.3799138,-0.3003511,-0.2685194,-0.24493894,-0.18634222,-0.1290307,-0.13351147,-0.14994752,-0.09313817,0.00044004704,0.03993373,0.012173081,0.010126397,-0.02618657,-0.06292071,-0.08357973,-0.05416651,0.14716221,0.21096008,0.18257922,0.09412827,0.19517499,0.1842667,0.022462485,0.023968088,0.12600571,-0.06268775,-0.21627393,-0.1546472,-0.16748935,-0.36799413,-0.37715444,-0.2496012,-0.34201232,-0.44000873,-0.40690452,-0.43345037,-0.36367634,-0.35448733,-0.25098106,-0.17070727,-0.1685476,-0.24776174,-0.26106712,-0.14565769,-0.20059526,-0.25121653,-0.15472694,-0.043756884,-0.067148425,-0.01797382,0.13658115,0.19988753,0.22310616,0.27384406,0.25392097,0.17834556,0.21669078,0.27936953,0.20140374,0.089043975,0.22024274,0.23098533,0.0344092,0.032804262,0.13997488,0.06257478,-0.013687636,0.05976716,0.038780443,0.14404845,0.23849866,0.3110131,0.38175508,0.342367,0.328054,0.35245118,0.37958735,0.36239684,0.37077716,0.38469994,0.36726096,0.35778385,0.3725983,0.33729604,0.29605046,0.27987006,0.21307793,0.14232326,0.13019657,0.13979694,-0.0008013853,-0.057225037,-0.03611359,-0.18967539,-0.1823493,-0.107761,-0.118584156
30,0.093459636,0.15000491,0.20664135,0.22767068,0.24291472,0.25438574,0.23100583,0.19436076,0.21674371,0.29755273,0.25868475,0.19967104,0.3363513,0.37961844,0.26695707,0.30084357,0.39618146,0.31201813,0.2909906,0.40756586,0.51795,0.5523116,0.58508873,0.70794857,0.84902763,1.0,0.8333715,0.65469766,0.4677414,0.20582445,-0.06028797,0.04376945,-0.1419243,-0.17161871,-0.09336452,-0.10819837,-0.23154587,-0.27770904,-0.24156305,-0.111976385,0.0009817774,0.007594079,0.031375885,0.13607818,0.06028165,0.31552863,0.44527143,0.6584753,0.70926476,0.56814164,0.37646908,0.21192317,0.06367171,-0.03459895,-0.16790047,-0.24731638,-0.23171292,-0.13525976,-0.16616336,-0.21075258,-0.123456314,-0.023053266,-0.115974285,-0.13322748,-0.0037469133,0.014351076,-0.08063042,-0.012490215,0.083874844,0.02208108,-0.01897178,-0.03532659,-0.00649849,-0.020847363,-0.040627897,0.012863682,0.06257719,0.09614346,0.08991277,0.09808184,0.055828355,0.10518363,-0.019379549,0.11977092,0.17173311,0.29190174,0.30775362,0.28429198,0.34417552,0.18279885,0.08180146,0.17202337,0.090891406,0.03367407,0.083428934,0.05050315,-0.30912566,-0.34399378,0.046997733,0.01064959,0.031326573,0.00554043,-0.024499135,-0.05150418,-0.05716356,-0.09461182,-0.028722914,-0.048120566,-0.110806525,-0.15756732,-0.16078508,-0.2510563,-0.25354725,-0.17599197,-0.2450643,-0.28134194,-0.29595757,-0.27498725,-0.29062164,-0.20865414,-0.22770858,-0.27128705,-0.34483662,-0.42584634,-0.31512856,-0.30383202,-0.18987685,-0.26874,-0.27806795,-0.13508974,-0.1200289,-0.22735213,-0.112879254,0.11889372,-0.003059207,-0.099216014,0.13040222,0.3352349,0.4799528,0.6879901,0.70280325,0.8280366,0.86262476,0.731492,0.54558134,0.3804882,0.2499506,0.3437151,0.38983163,0.3160387,0.19809878,-0.023708556,-0.17545956,-0.09819731,-0.11684304,-0.1709254,-0.27672064,-0.2549366,-0.27343044,-0.27499712,-0.29375583,-0.22156689,-0.18424454,-0.18282253,-0.14939375,-0.09381736,-0.09043432,-0.1378608,-0.18326621,-0.06930594,-0.062235374,-0.111072,-0.1303535,-0.15721571,-0.17325819,-0.2189845,-0.21174598,-0.023991968,0.029098166,-0.015015311,-0.090024784,0.023359498,-0.0029261522,-0.15494092,-0.13662481,-0.02037064,-0.18300207,-0.3030156,-0.19176126,-0.11855206,-0.3175048,-0.2825214,-0.1118796,-0.21519859,-0.33782032,-0.28073943,-0.35131854,-0.33866984,-0.38122985,-0.33351663,-0.28645232,-0.2800046,-0.30631942,-0.312652,-0.24802868,-0.24774246,-0.23408063,-0.15199366,-0.05088491,-0.008175429,0.07164668,0.1881775,0.24466482,0.23470618,0.26291656,0.24465142,0.16016418,0.1523095,0.18666866,0.10233632,-0.024575664,0.04279376,0.032915514,-0.13778627,-0.142513,-0.067328155,-0.12875104,-0.18036114,-0.12811385,-0.1391403,-0.054486845,0.033618543,0.12158321,0.24059352,0.24037518,0.24692826,0.25426823,0.25753415,0.24485652,0.27574742,0.28105316,0.24721861,0.27310422,0.314508,0.25250995,0.24735917,0.29568642,0.2506054,0.176944,0.19725771,0.24349111,0.12908046,0.06994288,0.10040178,-0.19642618,-0.25171557,-0.18893898,-0.17418309
31,0.24740127,0.30128804,0.36100543,0.38967606,0.43342045,0.44327217,0.41029993,0.4011496,0.41103888,0.45887634,0.42131647,0.36440217,0.44826156,0.46376976,0.32730624,0.28997725,0.34899855,0.2572822,0.19219883,0.2550446,0.352129,0.37572312,0.37719253,0.5228017,0.5976608,0.8333715,1.0,0.85622704,0.7069013,0.4528226,0.14169915,0.22589965,-0.011825284,-0.053058535,0.05067594,0.054965973,-0.10707822,-0.19943608,-0.13971333,0.052033775,0.15931933,0.22581731,0.27727246,0.42888457,0.34666616,0.564628,0.6302911,0.68120867,0.5777418,0.37113535,0.16227472,0.031234393,-0.097849116,-0.12989616,-0.2275824,-0.26000005,-0.24989597,-0.16460082,-0.14509687,-0.14256628,-0.0711161,0.04287471,0.008312299,-0.010690644,0.119323894,0.16832648,0.09152455,0.15342456,0.26884905,0.23800354,0.18726566,0.15945977,0.1669288,0.1416888,0.1334115,0.19089527,0.22495323,0.2638291,0.28392893,0.31418103,0.29151255,0.37472564,0.22659312,0.2866482,0.25711983,0.28154477,0.22609557,0.1141668,0.15107736,-0.022325773,-0.106706254,-0.011276725,-0.052152447,-0.06857376,-0.043726567,-0.0911048,-0.3041568,-0.30049065,0.10612146,0.0052813822,0.052217618,0.011308508,0.054990355,0.067203045,0.098336145,0.113030575,0.14147969,0.10475938,0.045835685,0.0022580484,-0.022050865,-0.120882824,-0.13197528,-0.073546745,-0.14076085,-0.20204282,-0.1985723,-0.17466427,-0.20783338,-0.12263581,-0.18123142,-0.21327604,-0.31795797,-0.38809982,-0.3299484,-0.23917721,-0.1717223,-0.21462049,-0.1676601,-0.009227453,-0.067996986,-0.15003479,0.052428897,0.25208375,0.053415786,0.013633089,0.31485963,0.5320562,0.6560721,0.79654956,0.8275617,0.7969604,0.7414923,0.6194515,0.50632155,0.34794492,0.21888275,0.2892001,0.32577676,0.27493346,0.18101317,-0.0067311954,-0.13038647,-0.06141845,-0.06268967,-0.08940897,-0.18140176,-0.14073662,-0.15691938,-0.14941725,-0.17893167,-0.12341858,-0.08303488,-0.10675807,-0.109197535,-0.063429125,-0.055759985,-0.14314254,-0.28844544,-0.1479775,-0.18424901,-0.24532996,-0.29692093,-0.31342202,-0.27881098,-0.34682703,-0.3791734,-0.24037786,-0.19763735,-0.25986424,-0.3115909,-0.20566529,-0.23453817,-0.3449626,-0.32256076,-0.2112271,-0.28628758,-0.35759518,-0.22506392,-0.04009842,-0.18496834,-0.11001031,0.0817137,-0.013530761,-0.15331627,-0.088866614,-0.18800515,-0.24694537,-0.33518302,-0.3665164,-0.37409595,-0.35891995,-0.3062284,-0.3008173,-0.30445588,-0.22271408,-0.13313048,-0.089206085,-0.022284744,0.100873455,0.20511398,0.25053626,0.28950718,0.23910382,0.23390995,0.2127624,0.12526609,0.07929024,0.053611152,-0.025076702,-0.117331795,-0.15873888,-0.20783566,-0.30125657,-0.3099908,-0.30564478,-0.3361411,-0.34473366,-0.33245057,-0.32137847,-0.28096718,-0.22439146,-0.13643453,0.021544851,0.059034918,0.09048887,0.087381035,0.061908133,0.041873932,0.09974355,0.100636855,0.043447405,0.108474314,0.18623382,0.10162091,0.11809515,0.24359842,0.25112453,0.18035758,0.23459113,0.3295712,0.2755244,0.22073548,0.25615117,-0.16800049,-0.3067705,-0.26806027,-0.22411351
32,0.31346342,0.35387397,0.41731775,0.43038905,0.47834626,0.46058032,0.41020507,0.42736405,0.44607967,0.43474787,0.38222808,0.3665706,0.39769432,0.35846314,0.20976867,0.16624479,0.20056146,0.09117708,0.004423643,0.05191668,0.14765154,0.16755362,0.14843743,0.30403656,0.4000881,0.65469766,0.85622704,1.0,0.8499175,0.61094314,0.25274953,0.32561022,0.080649026,0.010138168,0.10867161,0.12296736,-0.042350795,-0.1430524,-0.068983555,0.17395124,0.28286397,0.37447694,0.4322512,0.56522554,0.51199937,0.69603324,0.74520683,0.60399985,0.44235718,0.17112133,-0.01472729,-0.12756476,-0.2475562,-0.25338456,-0.3193074,-0.3344417,-0.34757137,-0.2850803,-0.22927791,-0.20462286,-0.1716346,-0.055571888,-0.032112647,-0.059971746,0.061752338,0.15630563,0.1090151,0.15484719,0.29048213,0.29657885,0.26417226,0.2457574,0.24362504,0.21381842,0.20138241,0.2572673,0.29204285,0.315099,0.34361178,0.4022087,0.39851797,0.47052377,0.33794245,0.32411978,0.2675753,0.20459789,0.14820558,-0.008069914,0.06257922,-0.120650694,-0.17314883,-0.047465947,-0.07413133,-0.06319891,-0.03092219,-0.09320296,-0.19681333,-0.1861385,0.14254043,0.0012850766,0.049941406,-0.05924862,-0.002146651,0.07915644,0.12327673,0.19615467,0.19863562,0.17396031,0.1158155,0.057102457,0.021984147,-0.060571454,-0.105238415,-0.07164203,-0.12048867,-0.18823266,-0.15389042,-0.12915426,-0.20123063,-0.119422235,-0.18442756,-0.17351143,-0.2436945,-0.27305898,-0.2103362,-0.076896966,-0.04839122,-0.04229519,0.03439056,0.16705452,0.09977309,0.058805782,0.26635414,0.41817808,0.23052281,0.2188195,0.48546118,0.6794193,0.7671085,0.82480687,0.78582406,0.68171626,0.6195231,0.58419913,0.5670286,0.45143917,0.33640057,0.34733438,0.35007784,0.28849375,0.251992,0.13097967,0.023068806,0.07329985,0.091441005,0.059059523,-0.0037499724,0.05559196,0.035951443,0.033691097,0.0050541395,0.034227826,0.062702276,0.025540978,-0.0038910015,0.019893397,0.03447873,-0.05878432,-0.2444118,-0.12705022,-0.18570092,-0.2504294,-0.3086615,-0.31045184,-0.2674443,-0.34251598,-0.37746117,-0.2942847,-0.28026357,-0.34857792,-0.37235475,-0.28466016,-0.331518,-0.39989933,-0.35319912,-0.2671663,-0.31520724,-0.3196097,-0.16415642,0.006735554,-0.10085643,0.020750394,0.1908228,0.091986835,-0.024443096,0.057207067,-0.04644458,-0.12033812,-0.25330815,-0.325956,-0.3685986,-0.36723837,-0.28636947,-0.27673033,-0.3331817,-0.2381125,-0.12062524,-0.11317061,-0.08982617,0.059543047,0.16936514,0.16037777,0.18558413,0.11634627,0.09699884,0.078275844,-0.0045232717,-0.07280904,-0.10290989,-0.17228714,-0.24681638,-0.31877714,-0.34864193,-0.39320436,-0.40384668,-0.41135764,-0.4048006,-0.3959628,-0.40335223,-0.40273184,-0.40221786,-0.35884595,-0.28792962,-0.1294301,-0.06983246,-0.030155942,-0.04395581,-0.0698209,-0.07028876,-0.008982892,-0.025312962,-0.07212402,0.007683742,0.07784727,-0.0082228305,0.03804549,0.17491484,0.18481226,0.15092225,0.22431985,0.30901772,0.28644544,0.2661112,0.2976827,-0.115636446,-0.2694161,-0.24840368,-0.19332224
33,0.40522072,0.42595702,0.47016752,0.46686932,0.5336155,0.49261063,0.43508855,0.47686502,0.4877913,0.44275108,0.40120035,0.39941627,0.38836768,0.33988383,0.22000049,0.153198,0.16150834,0.056805998,-0.05825135,-0.03145852,0.029498065,0.009317729,-0.017566228,0.14955734,0.21548018,0.4677414,0.7069013,0.8499175,1.0,0.8224577,0.4430712,0.48702863,0.23112719,0.16353852,0.24356383,0.25041232,0.07581442,-0.055153232,0.02883888,0.24037345,0.33506727,0.45480624,0.53433156,0.64995056,0.6008044,0.7420778,0.70266956,0.517696,0.3025623,0.008228626,-0.16426308,-0.21897078,-0.33370948,-0.31161773,-0.35623705,-0.33216214,-0.34728622,-0.29594037,-0.20730126,-0.14844733,-0.12582538,-0.00766096,0.052589923,0.027268454,0.13039453,0.23623383,0.20900102,0.23636428,0.3609284,0.4062874,0.38867107,0.37433556,0.3481629,0.31255227,0.30792463,0.35684514,0.37844846,0.3958213,0.43751717,0.5108663,0.51969695,0.56759995,0.4485661,0.40344828,0.3085648,0.18059474,0.08485899,-0.12547612,-0.074664935,-0.26130134,-0.2726361,-0.14502844,-0.16609782,-0.13479201,-0.091685876,-0.13574395,-0.15616229,-0.13764666,0.1535275,-0.0029356407,0.06338744,-0.086242095,0.044601493,0.1812473,0.23775855,0.33070433,0.3242454,0.31634185,0.26869595,0.20786707,0.16631648,0.09289067,0.007372272,0.018209964,-0.008440201,-0.10501392,-0.043494377,-0.021221982,-0.12194499,-0.022787109,-0.13452281,-0.10908509,-0.18926032,-0.21243992,-0.18312433,-9.529028e-05,-1.6532358e-05,0.039279368,0.137259,0.26122224,0.16713516,0.15348198,0.38677388,0.5097906,0.3013144,0.31282723,0.60731494,0.7789008,0.81861913,0.74989897,0.7391925,0.55870944,0.4556905,0.4139346,0.44831097,0.35727876,0.25596452,0.22174118,0.23872317,0.21089873,0.19288158,0.15806079,0.093149,0.13086896,0.14210348,0.14151017,0.10483555,0.16458155,0.14308499,0.14295208,0.10958162,0.1125071,0.13108042,0.08389803,0.028271273,0.031679973,0.04640323,-0.057067294,-0.29900417,-0.18461044,-0.2618188,-0.33378035,-0.3979891,-0.3913466,-0.33088878,-0.4145033,-0.45877,-0.41683868,-0.41515705,-0.4923365,-0.49384013,-0.4165749,-0.45950896,-0.4998769,-0.4515055,-0.37660778,-0.36202884,-0.32902357,-0.1706052,0.07122618,0.008085943,0.14312898,0.31566104,0.23944163,0.12172168,0.20573458,0.08755748,-0.033855826,-0.19635442,-0.32712123,-0.40876147,-0.40554497,-0.26941648,-0.2511616,-0.3512876,-0.20840046,-0.03961323,-0.06014272,-0.060483303,0.13561213,0.24243087,0.18145585,0.18990184,0.101168275,0.054526143,0.03552976,-0.024276398,-0.114644505,-0.18838033,-0.25299844,-0.29696414,-0.43469366,-0.49360716,-0.47981432,-0.49329808,-0.5489909,-0.52204895,-0.4821379,-0.518243,-0.5021807,-0.53269726,-0.5111552,-0.43841958,-0.26696858,-0.18401805,-0.13317502,-0.1540874,-0.20507576,-0.21756051,-0.14566255,-0.15709561,-0.21970719,-0.12417855,-0.031784866,-0.12505093,-0.06610604,0.1166494,0.16964017,0.13663726,0.21734071,0.3306847,0.3592905,0.3414449,0.35831738,-0.09342336,-0.27673745,-0.2597552,-0.19242579
34,0.41221565,0.383057,0.40626302,0.3753392,0.43460393,0.36461332,0.29097545,0.35774276,0.3673038,0.28732938,0.25456318,0.2760387,0.22136338,0.15607753,0.075894296,-0.00312388,-0.013253141,-0.08880011,-0.20380107,-0.20585541,-0.14261702,-0.16037588,-0.19967815,-0.05252844,-0.014862673,0.20582445,0.4528226,0.61094314,0.8224577,1.0,0.6371483,0.64523643,0.38712287,0.2947102,0.36040682,0.38021806,0.2352485,0.12029864,0.15449852,0.28809133,0.34766933,0.47480488,0.53877825,0.6113552,0.58390385,0.6358522,0.5601182,0.3378945,0.12299339,-0.15412107,-0.27827573,-0.26294604,-0.35845274,-0.3088195,-0.29828483,-0.2510072,-0.29104826,-0.28541163,-0.17820136,-0.10976374,-0.14477949,-0.0670904,0.039879747,0.021093652,0.07159583,0.17247777,0.18614574,0.18439338,0.28282642,0.375291,0.39012602,0.40032178,0.36122876,0.3292671,0.32471374,0.34907207,0.3566346,0.35074064,0.39703578,0.48820683,0.5108654,0.5282556,0.46363166,0.38247493,0.25720128,0.092853434,-0.008776532,-0.20450167,-0.16749929,-0.30331165,-0.28686905,-0.17067663,-0.16894023,-0.115216725,-0.050334558,-0.0938287,-0.034032695,-0.014902623,0.1551736,0.0049388646,0.08264643,-0.12927005,0.017402045,0.19460735,0.25228357,0.35267556,0.32817665,0.35126656,0.31725278,0.2595766,0.21186346,0.17806433,0.07028515,0.03799835,0.047000594,-0.029978093,0.052687287,0.06935311,-0.03733546,0.041763686,-0.053501736,-0.009279583,-0.0714589,-0.09519118,-0.08618425,0.12445741,0.12007595,0.20683472,0.29216138,0.38476297,0.29500487,0.29200968,0.49516678,0.57854784,0.40270948,0.40316516,0.64204806,0.760536,0.6808838,0.53198373,0.5095887,0.3017446,0.20057592,0.19669348,0.3035993,0.2894601,0.24236342,0.1652079,0.14872739,0.1312457,0.18743654,0.24372117,0.22228508,0.1804288,0.16982867,0.19803828,0.19952786,0.26228136,0.22095524,0.22529829,0.24077779,0.22820693,0.20892656,0.18034898,0.13253523,0.10106778,0.104369044,0.023560906,-0.2461779,-0.18642709,-0.2754981,-0.34082296,-0.3967858,-0.37622252,-0.31647426,-0.39827543,-0.44999242,-0.43620768,-0.45081204,-0.51647204,-0.4941576,-0.44343656,-0.49073565,-0.4840278,-0.4315309,-0.3816353,-0.32741702,-0.2511528,-0.11192184,0.11491716,0.106817916,0.25844115,0.38384354,0.32360432,0.24325405,0.33339626,0.21495382,0.080376476,-0.09062982,-0.2501978,-0.34831554,-0.34895852,-0.20266345,-0.17987156,-0.3024268,-0.16040912,0.0122722145,-0.029460747,-0.049959227,0.13756548,0.22904795,0.13079064,0.12547594,0.035195787,-0.015412934,-0.031188909,-0.06428283,-0.16057208,-0.24369419,-0.28024304,-0.31851643,-0.47888085,-0.5247247,-0.47192627,-0.4890185,-0.5646801,-0.520358,-0.46194547,-0.5119792,-0.4952743,-0.54888284,-0.5460554,-0.49018,-0.3413546,-0.2407466,-0.18550442,-0.2212488,-0.29116732,-0.29892898,-0.23994504,-0.25144324,-0.29938868,-0.21162574,-0.12433902,-0.19997384,-0.1336038,0.042887777,0.10979976,0.101525925,0.17452542,0.27241024,0.3316648,0.33056793,0.32314813,-0.13740747,-0.28354517,-0.2452981,-0.16536842
35,0.35609332,0.28516474,0.23577169,0.19725604,0.24434324,0.19893281,0.16096866,0.2196508,0.21141553,0.13358653,0.14706263,0.1980825,0.107176706,0.04410662,0.02302123,-0.04111953,-0.0788519,-0.12702467,-0.23368296,-0.21298642,-0.27032635,-0.28762314,-0.31193173,-0.2507979,-0.23542503,-0.06028797,0.14169915,0.25274953,0.4430712,0.6371483,1.0,0.77357227,0.45715827,0.622103,0.81102264,0.7866926,0.63341933,0.32452154,0.32135704,0.14892922,0.08713524,0.2433337,0.37479198,0.4837352,0.4495601,0.3356275,0.2634795,0.074587606,-0.088402845,-0.2288942,-0.27623734,-0.15925632,-0.19717543,-0.14034872,-0.14323553,-0.06661856,-0.10683453,-0.11627135,-0.041362565,-0.008473304,-0.04251436,0.010305536,0.10066504,0.09646251,0.06752736,0.09573477,0.1429396,0.12562917,0.15373765,0.32268086,0.3926185,0.43067527,0.39854753,0.37687922,0.37867227,0.36007136,0.333591,0.29370454,0.32747248,0.39994633,0.44076172,0.43123037,0.41452643,0.29525542,0.13694341,0.036766347,-0.029491032,-0.14442328,-0.1450868,-0.2423351,-0.14855243,-0.10825596,-0.164103,-0.1092121,-0.09530861,-0.33918175,-0.038867097,0.08781676,0.09710939,0.034065954,0.080245934,-0.15185343,0.07584169,0.22595192,0.26344433,0.3573708,0.37060976,0.44303685,0.43855444,0.41177547,0.35301948,0.3582068,0.25458166,0.17613196,0.1877778,0.13103747,0.2074435,0.24671818,0.16382608,0.25151765,0.09307349,0.12655763,0.07714657,0.03128687,-0.024044469,0.07701914,0.12306979,0.3107041,0.37885055,0.41098133,0.28628063,0.32101628,0.47187144,0.42103446,0.2710829,0.3004877,0.4033658,0.4442561,0.37699208,0.1908588,0.1944083,0.022585701,-0.0914822,-0.094595805,0.012977994,0.05308965,0.030071229,-0.051172737,-0.03266221,-0.07583127,-0.0048177172,0.17455855,0.19470805,0.128328,0.066406436,0.16060074,0.22539978,0.21799348,0.20994315,0.35924023,0.35517454,0.21301743,0.2441817,0.31366134,0.16555817,0.013214991,0.11945729,0.080725186,-0.37576112,-0.35791826,-0.4478324,-0.5330736,-0.5209711,-0.4746605,-0.4635107,-0.4745231,-0.42819273,-0.49924776,-0.54255474,-0.49556282,-0.41711766,-0.47641042,-0.46674132,-0.32036874,-0.3322261,-0.40559095,-0.123675376,0.02219279,-0.0027417184,0.22083773,0.40689674,0.45567122,0.4178336,0.47426844,0.49112582,0.5163604,0.48971066,0.36347327,0.2702841,0.083357275,-0.05157719,-0.018180626,0.1820031,0.20163736,0.036196906,0.22426032,0.36900735,0.24680331,0.1622613,0.31696084,0.30110732,0.10370108,0.050447393,-0.001696185,-0.08209086,-0.07207078,-0.015517373,-0.10134897,-0.22807834,-0.1851561,-0.0455086,-0.31132743,-0.43922606,-0.20903203,-0.20442763,-0.41435292,-0.3627131,-0.23197123,-0.33312982,-0.24513686,-0.36044,-0.507645,-0.53931993,-0.52202415,-0.4730269,-0.4101925,-0.39367038,-0.5105258,-0.55473363,-0.5331345,-0.531111,-0.5733268,-0.5299605,-0.44749126,-0.4648571,-0.42534557,-0.2725308,-0.12966129,-0.10655246,-0.06377513,0.04342993,0.2370014,0.24780886,0.23422962,-0.1802964,-0.29758927,-0.38353735,-0.26937392
36,0.4766175,0.45445675,0.41788757,0.3962654,0.44305733,0.36248657,0.31471503,0.3857987,0.36311185,0.28201333,0.28940213,0.3278735,0.24037443,0.17592402,0.14600064,0.07505918,0.017510457,-0.055889025,-0.15073428,-0.12520425,-0.1366279,-0.18640205,-0.22469568,-0.12479985,-0.11712189,0.04376945,0.22589965,0.32561022,0.48702863,0.64523643,0.77357227,1.0,0.54979885,0.23843966,0.52788097,0.55654997,0.31414756,0.1381824,0.057053026,0.10404867,0.20833112,0.3718182,0.4854477,0.5405082,0.48315632,0.4308957,0.35598856,0.19426641,0.06356549,-0.2036432,-0.3083848,-0.21440628,-0.2721665,-0.2148646,-0.21445325,-0.1340186,-0.15336457,-0.14907956,-0.03367892,0.021675711,-0.020805208,0.05961349,0.17337926,0.17504375,0.18861744,0.23478068,0.25819626,0.25582552,0.32313022,0.44496563,0.48825344,0.48483163,0.45762834,0.4476722,0.4567681,0.4771001,0.46436274,0.44401315,0.4828036,0.53701127,0.53355885,0.49496016,0.44349453,0.35766226,0.24999186,0.09223271,-0.03874779,-0.21060303,-0.19020692,-0.30252823,-0.25859457,-0.17247972,-0.23166533,-0.1939974,-0.110236,-0.20400399,-0.08551252,0.006280413,0.06118942,-0.0058114245,0.0736287,-0.12874049,0.11062386,0.28238216,0.3222725,0.4168778,0.45299923,0.4616517,0.42605078,0.39115477,0.32442728,0.30256593,0.21734183,0.15707478,0.16309772,0.10242613,0.18823229,0.21962196,0.108158134,0.1760715,0.03971291,0.06097925,-0.007566742,-0.1171508,-0.18188721,-0.04173753,-0.048005614,0.13554034,0.20757973,0.24782781,0.12581898,0.15602122,0.31837544,0.3289647,0.19374363,0.18644127,0.36130384,0.44328296,0.39797053,0.2728499,0.29261398,0.1408161,0.021835286,-0.00684856,0.05674286,0.040142223,0.006795444,-0.02157401,0.007919765,0.011587505,0.04048054,0.0982951,0.09467808,0.06649095,0.016367413,0.09209733,0.13979839,0.17591798,0.11171183,0.18777242,0.24849948,0.23117128,0.20129885,0.23023476,0.19347881,0.11382249,0.13580555,0.09616911,-0.35183546,-0.35598692,-0.46388867,-0.56034374,-0.5662566,-0.5138915,-0.49330795,-0.54970896,-0.5818549,-0.54800737,-0.53291315,-0.55959266,-0.5408453,-0.51287764,-0.5089323,-0.46100587,-0.45908606,-0.4040186,-0.2221579,-0.16947058,-0.0868654,0.23764917,0.27589595,0.36516076,0.47595942,0.48157838,0.41544604,0.45950747,0.33904916,0.16265391,0.008697067,-0.19097361,-0.29662448,-0.25734156,-0.06948367,-0.030336805,-0.14634104,0.04030982,0.22643572,0.20382194,0.17106968,0.33879513,0.4031283,0.28194916,0.25140193,0.1721445,0.10585475,0.10933,0.11277225,-0.0017792869,-0.11569676,-0.117980234,-0.10280263,-0.34722674,-0.46554387,-0.36031976,-0.37739417,-0.5292863,-0.51235294,-0.43054688,-0.5012125,-0.43111348,-0.47803065,-0.5256361,-0.45003864,-0.31791276,-0.2506352,-0.23121427,-0.22316843,-0.33940834,-0.3826566,-0.31271115,-0.30572066,-0.37318683,-0.29659513,-0.17092575,-0.2108412,-0.18297379,0.01349376,0.14551072,0.12918395,0.1539976,0.2730873,0.3960423,0.35567516,0.301226,-0.35214427,-0.44227275,-0.36909267,-0.24151751
37,0.27145806,0.21630006,0.17688204,0.14322394,0.15343955,0.08708104,0.09655698,0.14583719,0.08320513,0.018159438,0.05287202,0.06004001,-0.055431522,-0.07814073,-0.049465753,-0.12534355,-0.20233308,-0.1774655,-0.20411064,-0.28038642,-0.21309812,-0.26207408,-0.31329617,-0.2631249,-0.22861212,-0.1419243,-0.011825284,0.080649026,0.23112719,0.38712287,0.45715827,0.54979885,1.0,0.49329302,0.38470095,0.44550768,0.56193584,0.6862511,0.48907012,0.21819383,0.1594702,0.21244079,0.27291358,0.271714,0.27850404,0.19994682,0.07960391,-0.07632627,-0.16796282,-0.30669636,-0.367973,-0.23944329,-0.27790996,-0.21425006,-0.17907119,-0.09083847,-0.124962986,-0.17061946,-0.05920798,0.06781475,0.0016154685,0.0023790565,0.12965082,0.16204995,0.14169201,0.1473772,0.18674813,0.15683274,0.10307113,0.2728721,0.32772532,0.36046496,0.32003295,0.31185475,0.30674317,0.27826527,0.25283656,0.20501935,0.24133992,0.3018339,0.34965312,0.29885846,0.29875377,0.2097664,0.16433111,0.0062541733,-0.13056016,-0.299274,-0.32233074,-0.33567283,-0.22937815,-0.19461493,-0.27665132,-0.24953824,-0.16628689,-0.036886014,0.11129944,0.124362744,0.0463723,0.054727606,0.13326062,-0.06297595,0.041252036,0.1937953,0.23886682,0.31222677,0.31417626,0.36488098,0.33617356,0.34848025,0.28777522,0.34627214,0.26663962,0.14514984,0.20545913,0.19013087,0.29271,0.2978264,0.20459959,0.1728461,0.15658402,0.16697823,0.10739455,0.0521011,0.024415944,0.107093565,0.06514375,0.1570589,0.23046207,0.22213331,0.07610312,0.123030804,0.21420503,0.12051761,0.061992574,0.12272943,0.21451923,0.2020728,0.17934543,0.03510979,0.041225683,-0.08372541,-0.16178736,-0.16281718,-0.11374963,-0.16278222,-0.109099895,-0.13587852,-0.16456585,-0.19861363,-0.052304845,0.061616328,0.1344562,0.0986706,0.031024974,0.0066466597,0.076496564,0.10296564,0.050587256,0.15912105,0.2692657,0.19200021,0.20123123,0.30957642,0.3031467,0.17433889,0.21498506,0.27760735,-0.017178532,-0.28707352,-0.36080164,-0.34099478,-0.2779451,-0.15566258,-0.112300225,-0.14797729,-0.18960512,-0.46167752,-0.47081348,-0.47265598,-0.4413532,-0.49536648,-0.48797798,-0.4004219,-0.38118988,-0.439221,-0.30462542,-0.18391305,-0.19092923,-0.019518862,0.13404992,0.18695524,0.22989894,0.33458763,0.3377695,0.33074573,0.2673825,0.1381924,0.051526662,-0.12168162,-0.20602754,-0.19035369,-0.05982253,-0.061884504,-0.18070778,-0.025704758,0.10161532,0.029173754,-0.005481377,0.11996988,0.1247794,0.004915871,-0.0047609634,-0.052418087,-0.09441185,-0.11314924,-0.066528164,-0.13731144,-0.21731317,-0.25750843,-0.20235333,-0.3739651,-0.46892932,-0.35532743,-0.3506528,-0.4577955,-0.42141205,-0.34801415,-0.40750673,-0.36124218,-0.4245464,-0.48345062,-0.45594534,-0.37407348,-0.3268273,-0.34236896,-0.33206403,-0.37521046,-0.3857431,-0.31730133,-0.33434847,-0.3882661,-0.32380906,-0.25992694,-0.297416,-0.25933677,-0.14494714,-0.08001249,-0.08115928,-0.03862299,-0.009188228,0.07587565,0.08482513,0.094478585,-0.047453564,0.076658815,0.103652656,0.16822419
38,0.038082015,-0.05692151,-0.09265147,-0.12284049,-0.10165023,-0.094045706,-0.09576841,-0.08549805,-0.09724686,-0.11746232,-0.099356316,-0.084653854,-0.13690004,-0.13494438,-0.12586641,-0.16701382,-0.15670441,-0.12442161,-0.18035002,-0.20807832,-0.25290492,-0.24720244,-0.25229686,-0.26185688,-0.24775474,-0.17161871,-0.053058535,0.010138168,0.16353852,0.2947102,0.622103,0.23843966,0.49329302,1.0,0.83093774,0.7668416,0.8515097,0.6317052,0.6745116,0.23250438,-0.083802536,-0.044256397,0.020920273,0.14671199,0.10194517,0.026011324,-0.027698148,-0.13376217,-0.24373798,-0.19043419,-0.17655376,-0.078303285,-0.09132962,-0.061923258,-0.042626783,-0.0062349653,-0.041587263,-0.06746066,-0.047191266,-0.008906124,-0.028948452,-0.045583453,-0.0073625008,-0.005170152,-0.07155377,-0.08685826,-0.03793154,-0.06524059,-0.11910236,0.026198972,0.08155045,0.13536759,0.11924638,0.108331695,0.09809937,0.034609836,0.0032115374,-0.04456718,-0.029033553,0.028126393,0.09854395,0.11762496,0.1262007,0.046861395,-0.056213163,-0.08102673,-0.08038316,-0.123785555,-0.13854404,-0.18470697,-0.07250243,-0.0708733,-0.09385305,-0.06707873,-0.13830766,-0.30964452,0.011731234,0.086395994,0.076453514,0.062046576,0.049830515,-0.07955232,-0.029867643,0.022528518,0.055617493,0.12689394,0.10143082,0.22411385,0.23218101,0.24320789,0.21576744,0.279047,0.18865113,0.10035055,0.13540548,0.11992055,0.16119106,0.1783485,0.15055984,0.19595712,0.096199095,0.12541021,0.12474718,0.16640067,0.16250512,0.15673056,0.20061304,0.27176422,0.33792305,0.36186665,0.2542918,0.2705477,0.36728647,0.26497698,0.14543548,0.24295978,0.24306427,0.21911559,0.17042936,-0.0092410715,-0.017831204,-0.13559684,-0.18540141,-0.17410684,-0.09098029,-0.051919535,-0.024146467,-0.110701896,-0.117234945,-0.18543698,-0.08398273,0.12985831,0.21459128,0.14200948,0.09781534,0.15993308,0.19444509,0.15164284,0.20236911,0.3406532,0.29612505,0.10181598,0.18293387,0.26329285,0.08393209,-0.07124898,0.07086513,0.065275885,-0.15040366,-0.15493253,-0.1990625,-0.2280225,-0.21167661,-0.17987557,-0.17563316,-0.14283782,-0.034573127,-0.24792469,-0.31694853,-0.23559734,-0.14295807,-0.26211655,-0.25665984,-0.083270095,-0.08348421,-0.26661912,-0.030265847,0.15748039,0.05264617,0.07161014,0.31748307,0.3063182,0.16221093,0.24992578,0.324426,0.3167944,0.39127192,0.36452034,0.37376902,0.27502838,0.16819938,0.17364685,0.29174033,0.28333494,0.13276598,0.24694042,0.2944904,0.12051243,0.0098038325,0.10060531,0.0234454,-0.16022728,-0.20847476,-0.21713145,-0.26112193,-0.2706111,-0.19830467,-0.20665945,-0.29178262,-0.23668817,-0.04010757,-0.20595858,-0.27735147,-0.024229664,0.0019010976,-0.16649947,-0.086905785,0.03474037,-0.058260795,0.0038462267,-0.13973022,-0.32213998,-0.43855178,-0.52493465,-0.5110788,-0.43323028,-0.4138609,-0.45069864,-0.46660256,-0.49178162,-0.5015199,-0.511412,-0.5154235,-0.50894845,-0.50987285,-0.47229508,-0.42589635,-0.34970644,-0.30367616,-0.2461961,-0.20638347,-0.035226557,0.021896062,0.05622718,0.15604644,0.093565285,-0.10955082,-0.06503818
39,0.18657784,0.12625384,0.08030643,0.060945697,0.098234,0.10193692,0.07687985,0.10355502,0.09948222,0.066406205,0.08176834,0.11443044,0.048896667,0.021986904,0.012038926,-0.03964723,-0.053072177,-0.07039168,-0.14378712,-0.13100484,-0.21931112,-0.23183227,-0.24453263,-0.23262,-0.22234757,-0.09336452,0.05067594,0.10867161,0.24356383,0.36040682,0.81102264,0.52788097,0.38470095,0.83093774,1.0,0.94025254,0.80682564,0.42261294,0.43058318,0.105426125,-0.09000061,0.039616138,0.16954763,0.31900784,0.24246994,0.14516622,0.09877345,-0.027967297,-0.13948056,-0.20575096,-0.22469987,-0.12235068,-0.13267867,-0.08328021,-0.071678944,-0.015804296,-0.039568912,-0.045094434,-0.00640736,0.0045557446,-0.001902538,0.02833625,0.06936729,0.07113107,0.025267214,0.008843369,0.051111687,0.04119589,0.035817083,0.18045206,0.23959605,0.27181694,0.25933576,0.2526525,0.25090963,0.21445246,0.18596175,0.15051666,0.16784884,0.21335915,0.2529191,0.25896814,0.2498409,0.1486443,0.024900883,-0.030848932,-0.066186875,-0.14865667,-0.14748552,-0.2269867,-0.12592864,-0.11175476,-0.1457312,-0.11305323,-0.16225578,-0.43680614,-0.082045406,0.054540355,0.046201456,0.010876972,0.019476082,-0.09418403,0.058336526,0.13429148,0.16323493,0.25318342,0.26235074,0.33716992,0.3308743,0.3265646,0.29526836,0.30676547,0.22793204,0.17015065,0.17187469,0.13231379,0.17145477,0.20565823,0.16679771,0.23716654,0.08574161,0.10900906,0.091361724,0.0554147,-0.003380444,0.025995081,0.053147525,0.23204786,0.3181109,0.33491087,0.19981967,0.24465501,0.39231047,0.30099258,0.1553549,0.23572505,0.2955781,0.2988876,0.23954542,0.07425501,0.08847602,-0.033090945,-0.115904346,-0.13620278,-0.063363545,-0.01850824,-0.028772268,-0.094371215,-0.073787935,-0.10110109,-0.06413526,0.1033202,0.15056384,0.09327597,0.035195217,0.14454116,0.1908622,0.16146015,0.1809588,0.3422814,0.31392968,0.16187379,0.21418285,0.28357524,0.11648667,-0.036243223,0.08739755,0.058856625,-0.35170025,-0.3091009,-0.389129,-0.4771548,-0.46084672,-0.4251768,-0.4297675,-0.41463146,-0.32540053,-0.3924338,-0.43029207,-0.3616384,-0.27691552,-0.35483485,-0.33205575,-0.17454427,-0.19479987,-0.30319312,0.004270766,0.13867456,0.08776608,0.25282568,0.44707844,0.45429823,0.37138513,0.43346128,0.46666205,0.46557662,0.48719868,0.3955953,0.35635236,0.20007993,0.07760088,0.11135988,0.28374767,0.30521896,0.15311392,0.31263182,0.42165372,0.29222327,0.18720515,0.30649862,0.2632083,0.065999545,0.0010654366,-0.031688247,-0.09956587,-0.08916288,-0.025099352,-0.07268418,-0.18727079,-0.12747407,0.05855461,-0.18727994,-0.31314972,-0.06177375,-0.048267078,-0.2641218,-0.21270065,-0.079045996,-0.18220294,-0.08781965,-0.20977868,-0.39000186,-0.45529085,-0.48915085,-0.47540998,-0.40411127,-0.36363903,-0.4539617,-0.50686353,-0.51114625,-0.50634223,-0.538327,-0.52352464,-0.45977256,-0.4615624,-0.43223566,-0.31685835,-0.17931934,-0.1418022,-0.10413613,-0.015951788,0.19124049,0.2077845,0.19490583,-0.124320015,-0.257033,-0.4103103,-0.30938673
40,0.24452876,0.18911435,0.15723693,0.14448977,0.16932546,0.15885071,0.12832814,0.15025039,0.13200189,0.09053809,0.099391006,0.12782362,0.053101636,0.021173928,0.003517418,-0.05550294,-0.07993447,-0.098748185,-0.17340645,-0.17828788,-0.24501012,-0.26032376,-0.28399912,-0.26167434,-0.24363351,-0.10819837,0.054965973,0.12296736,0.25041232,0.38021806,0.7866926,0.55654997,0.44550768,0.7668416,0.94025254,1.0,0.8546313,0.5202958,0.5031163,0.22020358,-0.0023794642,0.12795366,0.23722428,0.3733966,0.28628743,0.1790244,0.105766766,-0.04142645,-0.14629786,-0.25746647,-0.2814835,-0.17407505,-0.19412787,-0.12726474,-0.0992148,-0.036578678,-0.06286952,-0.076462135,-0.03325126,0.0055214628,-0.004785315,0.015954114,0.07790544,0.09003403,0.047329955,0.0375304,0.07889604,0.069965936,0.06835087,0.21858707,0.27380309,0.30705827,0.29654902,0.28623635,0.28052762,0.25232536,0.23027804,0.19718522,0.21595491,0.27040935,0.30005392,0.30093932,0.28027582,0.16449103,0.047963046,-0.049505778,-0.106320664,-0.20631184,-0.19807842,-0.25496978,-0.1686982,-0.16775893,-0.1871998,-0.14800717,-0.17721592,-0.39603254,-0.050987035,0.07660208,0.05968978,0.0055512544,0.025303967,-0.103155285,0.040080752,0.13911742,0.1697125,0.2683546,0.2642142,0.32923675,0.31151158,0.31091526,0.2677046,0.2852491,0.23397093,0.16783565,0.16604427,0.13778487,0.17688318,0.20528583,0.1735248,0.20167623,0.08263866,0.11115894,0.091034316,0.037620246,-0.030030807,0.043286778,0.050525382,0.23216297,0.31623024,0.33897772,0.18251587,0.21934073,0.376916,0.29081962,0.1452765,0.21799575,0.29490846,0.3058629,0.24731629,0.08529248,0.10208988,-0.035476968,-0.120291434,-0.14362408,-0.06349966,-0.036602862,-0.03285308,-0.08638265,-0.0799541,-0.100465514,-0.03643461,0.11079954,0.16517656,0.08769205,0.028578006,0.12452268,0.16750492,0.15730196,0.15293935,0.3087565,0.32318175,0.18839611,0.22179808,0.29704928,0.16434215,0.01293823,0.11779224,0.095947765,-0.3193084,-0.32650894,-0.4116451,-0.48564857,-0.4659435,-0.41598487,-0.40588975,-0.41093826,-0.36233038,-0.4465942,-0.4855426,-0.44256702,-0.3613136,-0.42876217,-0.41563588,-0.27031234,-0.27653706,-0.36995167,-0.08730695,0.047281228,0.020190237,0.2156427,0.39722764,0.42733413,0.38488096,0.44365728,0.4642929,0.47093326,0.4600388,0.34307966,0.2853916,0.10597239,-0.019528095,0.015480263,0.1932686,0.212949,0.058883578,0.23461965,0.36771786,0.25547558,0.17780897,0.3111337,0.29041645,0.10005926,0.046181537,0.004279842,-0.0644931,-0.046790205,0.009510897,-0.060605705,-0.17770235,-0.14280155,0.012319549,-0.24111693,-0.37917155,-0.15540029,-0.14572948,-0.35450664,-0.30921996,-0.18155715,-0.28186917,-0.1887929,-0.29873517,-0.45642596,-0.49197912,-0.48245934,-0.44630477,-0.37858617,-0.3376584,-0.4508826,-0.512328,-0.49584565,-0.49164763,-0.5351059,-0.4982362,-0.41833988,-0.43533435,-0.40311328,-0.26695698,-0.13535643,-0.11090665,-0.06403108,0.021952203,0.20824638,0.22055304,0.21082078,-0.15261936,-0.24813503,-0.3458448,-0.23606189
41,0.12444636,0.033835948,0.0015139963,-0.026532661,-0.020647688,-0.030077828,-0.030651696,-0.020633917,-0.058715757,-0.09217454,-0.07089781,-0.05468067,-0.1369499,-0.14802328,-0.13570821,-0.18786933,-0.21141614,-0.18014747,-0.23096895,-0.28991416,-0.30376396,-0.313903,-0.34083706,-0.35274282,-0.32331946,-0.23154587,-0.10707822,-0.042350795,0.07581442,0.2352485,0.63341933,0.31414756,0.56193584,0.8515097,0.80682564,0.8546313,1.0,0.82915306,0.7651566,0.309873,0.0143766785,0.066537246,0.121253334,0.21291159,0.16650921,0.02056302,-0.07991039,-0.22085035,-0.3132045,-0.2982946,-0.2677646,-0.1440791,-0.16984844,-0.09906748,-0.057827737,-0.0012044857,-0.036406696,-0.08219019,-0.07270847,0.0028682137,-0.022679111,-0.05396572,0.010639455,0.043648057,-0.023259887,-0.052472208,0.007429169,-0.010821507,-0.079842575,0.0973039,0.1600524,0.21317098,0.19011898,0.18573256,0.1785985,0.12139932,0.08992086,0.039374664,0.057540603,0.12135678,0.17425926,0.16768242,0.17180514,0.042607572,-0.08910219,-0.15637241,-0.1848904,-0.22861426,-0.23962371,-0.2311433,-0.13021684,-0.16349532,-0.1712043,-0.114600964,-0.15185356,-0.26140788,0.08257321,0.15848817,0.056497835,0.0052660443,0.017216185,-0.1421769,-0.07374742,0.015820125,0.054867305,0.14313294,0.1077978,0.21891858,0.23282185,0.25936952,0.22068796,0.28021723,0.21088825,0.12046232,0.14920542,0.1407235,0.1874549,0.19758908,0.17532198,0.17068733,0.109989464,0.1292557,0.11939479,0.13496122,0.1026362,0.15703708,0.19161475,0.29534957,0.33006465,0.33355507,0.21465503,0.22250037,0.29634935,0.17278929,0.0780715,0.1411512,0.14648166,0.13711992,0.10671279,-0.062395126,-0.053190812,-0.17753862,-0.23596284,-0.2309384,-0.14880644,-0.13408846,-0.08171781,-0.15274148,-0.17990741,-0.2447625,-0.083668485,0.13559724,0.22363,0.118214324,0.051516037,0.09233806,0.14463775,0.121823825,0.14370985,0.3071326,0.3212357,0.13160944,0.19844441,0.31134862,0.17595889,0.0047601303,0.13108915,0.15723115,-0.109383985,-0.21480927,-0.27280766,-0.28082716,-0.24211042,-0.17424667,-0.15406172,-0.14783286,-0.08488158,-0.3456296,-0.40985167,-0.34012505,-0.2596564,-0.37621295,-0.36960074,-0.20694043,-0.21102886,-0.36623588,-0.13294752,0.046602685,-0.045682307,0.031403672,0.27592367,0.28198743,0.18621919,0.29475823,0.36450368,0.35107607,0.37676567,0.30698138,0.2984941,0.15776242,0.048472077,0.06597601,0.19586506,0.1895406,0.0422507,0.18317568,0.26233348,0.11772124,0.04290743,0.14434107,0.08931307,-0.08807159,-0.123770945,-0.1435252,-0.18756232,-0.18572676,-0.11358138,-0.15815149,-0.23574702,-0.20293027,-0.050895203,-0.2419318,-0.3391337,-0.11607351,-0.09360056,-0.2632344,-0.20447405,-0.086167715,-0.17210144,-0.09796301,-0.218391,-0.38443607,-0.46597543,-0.50852054,-0.48321274,-0.4313809,-0.39879602,-0.45633537,-0.48453152,-0.48018402,-0.49071467,-0.51978797,-0.4987093,-0.469129,-0.48189265,-0.44981137,-0.37519944,-0.2946815,-0.27050892,-0.21052685,-0.1763026,-0.020884456,0.027223647,0.05698351,0.07852126,0.100784905,-0.04805887,0.010099469
42,0.11708246,0.026397396,-0.0011311874,-0.04289402,-0.066855304,-0.108042866,-0.084677935,-0.07182946,-0.14567168,-0.18402919,-0.14877585,-0.14962912,-0.24841921,-0.2439699,-0.20533603,-0.25884455,-0.301746,-0.24135496,-0.24694791,-0.35249978,-0.28436488,-0.29379112,-0.3297554,-0.3509355,-0.315472,-0.27770904,-0.19943608,-0.1430524,-0.055153232,0.12029864,0.32452154,0.1381824,0.6862511,0.6317052,0.42261294,0.5202958,0.82915306,1.0,0.8562534,0.40324125,0.13009214,0.08763216,0.0823943,0.088149875,0.09622188,-0.03988713,-0.16855305,-0.2869265,-0.34404492,-0.30304262,-0.27882197,-0.1408334,-0.17145449,-0.11278373,-0.059277218,0.0024259842,-0.04149344,-0.11102834,-0.07748129,0.041184697,-0.021303339,-0.083309226,0.013575677,0.056084737,-0.0044692764,-0.031485673,0.03188185,0.0067218645,-0.10168081,0.0763935,0.13640752,0.19795269,0.16989769,0.16146748,0.14771537,0.09174918,0.06716458,0.010154326,0.027625956,0.089856684,0.14268236,0.11040976,0.12927245,0.02587614,-0.053014185,-0.14544871,-0.20747738,-0.24491355,-0.2890503,-0.20961538,-0.111205555,-0.15374473,-0.19175066,-0.15177259,-0.12757394,-0.023398854,0.17193285,0.16931602,0.0262997,0.042169068,0.06790719,-0.11666465,-0.10242417,0.0021140003,0.04954499,0.10711361,0.0702033,0.17230119,0.176066,0.22085589,0.17157155,0.2632354,0.2128674,0.08947269,0.1497156,0.16858439,0.23126863,0.22235067,0.18778835,0.11005695,0.15059552,0.15918519,0.13932616,0.16456807,0.16077834,0.20133032,0.21355674,0.23229876,0.23507516,0.21568891,0.11672844,0.112122305,0.11992125,-0.0059706396,-0.034264382,0.0057361606,-0.00991165,-0.030909067,-0.030167492,-0.16165896,-0.16514798,-0.24883448,-0.28049156,-0.26170835,-0.20686741,-0.23523536,-0.14467226,-0.18375295,-0.22926441,-0.308331,-0.09888414,0.08267376,0.1907808,0.09238913,0.031293575,0.0030053991,0.050376885,0.045581266,0.057065524,0.17427325,0.24145979,0.0934289,0.1424319,0.27404147,0.22244601,0.0723697,0.16073136,0.2353525,0.10319965,-0.14808531,-0.18753028,-0.12669468,-0.07095844,0.03030195,0.07754134,0.06978924,0.07845916,-0.29676053,-0.34802976,-0.29703456,-0.24684094,-0.3610781,-0.36321923,-0.24570104,-0.23238124,-0.37291008,-0.25715053,-0.09100655,-0.18231781,-0.15597047,0.0665374,0.07564348,0.023923961,0.1558267,0.22276264,0.19588551,0.20031227,0.13811421,0.14031349,0.027856704,-0.045327734,-0.040255122,0.0379578,0.012097067,-0.09941548,0.006475885,0.060285002,-0.04760095,-0.0836444,-0.012919984,-0.054284353,-0.17143814,-0.17272712,-0.18511465,-0.20470704,-0.21605664,-0.1517225,-0.18941016,-0.22227412,-0.24242428,-0.16564375,-0.26982754,-0.328337,-0.19464985,-0.17092092,-0.2593468,-0.21217151,-0.1373258,-0.18715325,-0.14748372,-0.23206438,-0.33954436,-0.39650795,-0.4086924,-0.37762555,-0.3787588,-0.3638041,-0.37656718,-0.37349147,-0.34627715,-0.36695877,-0.39623243,-0.3628886,-0.35131466,-0.37029904,-0.33922794,-0.2976224,-0.2756161,-0.27360383,-0.21150544,-0.22388346,-0.14966701,-0.10051986,-0.048186146,0.19708675,0.36395076,0.28757328,0.30162776
43,0.11741001,0.03958922,0.048689287,-0.007242065,-0.014356731,-0.056080166,-0.07082925,-0.059071533,-0.07943975,-0.13485503,-0.12779735,-0.1124777,-0.18865909,-0.19167781,-0.17314245,-0.2182592,-0.23176228,-0.18310063,-0.21830556,-0.31114468,-0.2869985,-0.3071471,-0.32505134,-0.33020946,-0.3017487,-0.24156305,-0.13971333,-0.068983555,0.02883888,0.15449852,0.32135704,0.057053026,0.48907012,0.6745116,0.43058318,0.5031163,0.7651566,0.8562534,1.0,0.6791225,0.33345938,0.25664154,0.21498154,0.16364983,0.16194263,0.02999356,-0.077562794,-0.2253535,-0.3462518,-0.27159908,-0.2305684,-0.1214306,-0.15229881,-0.10106698,-0.0696906,-0.012517035,-0.056276854,-0.10272108,-0.094693445,-0.005165037,-0.031740602,-0.08008265,-0.011622474,0.006510249,-0.04590109,-0.044583246,0.0065463004,-0.020524727,-0.0814254,0.06813833,0.11156402,0.16434896,0.14449155,0.1341037,0.10946268,0.06912827,0.061897077,0.0139689855,0.030303063,0.11309513,0.15902957,0.14257468,0.17698775,0.06497482,-0.07757501,-0.17347772,-0.21052006,-0.20035177,-0.23142385,-0.17881964,-0.10922837,-0.13959618,-0.13322271,-0.08059225,-0.11152757,-0.10026427,0.107015565,0.11881374,0.011464288,-0.019733522,-0.018438233,-0.17420255,-0.118389584,-0.011702471,0.045985017,0.09914641,0.03628019,0.15404458,0.14823245,0.16515169,0.12625965,0.19872451,0.16228636,0.078719586,0.105579495,0.11199987,0.13328004,0.12592275,0.110192165,0.08461974,0.043778256,0.07411187,0.08400905,0.16787736,0.19061258,0.24546176,0.29481608,0.2856523,0.26104704,0.2671989,0.22724324,0.18962449,0.1802314,0.1014668,0.057767678,0.0747566,0.045077525,0.046179324,0.033861224,-0.09514941,-0.10006875,-0.21522172,-0.23565456,-0.21492773,-0.13781056,-0.11598972,-0.049508028,-0.12361621,-0.15858178,-0.22018112,-0.060301468,0.14608903,0.24929182,0.12095358,0.11510489,0.11044357,0.10725174,0.10453971,0.16016008,0.22113468,0.1986487,0.034378104,0.10287684,0.16434649,0.04449548,-0.06421787,0.052593485,0.066301525,0.051376864,0.0039262907,-0.028581437,-0.0059014526,-0.021545315,0.00054939475,0.038968038,0.051917538,0.08187841,-0.2502843,-0.31762525,-0.27187088,-0.21832745,-0.3248253,-0.350133,-0.24079925,-0.211472,-0.37181723,-0.28608468,-0.09374418,-0.18609321,-0.19778982,0.025383124,0.05063487,-0.020518562,0.076785706,0.1505078,0.14142501,0.16062155,0.12347671,0.13338153,0.050020427,-0.039547957,-0.04553612,0.031221988,-0.0039209654,-0.1321475,-0.032513224,0.009861129,-0.12961099,-0.17355049,-0.08461041,-0.1244137,-0.2466181,-0.24586342,-0.26244336,-0.2857516,-0.2941083,-0.2531361,-0.2844344,-0.31889746,-0.31849778,-0.23038116,-0.32186428,-0.35269874,-0.2010688,-0.16944101,-0.24794224,-0.18078835,-0.09841855,-0.1487156,-0.120991655,-0.22340031,-0.32864732,-0.41400293,-0.4550644,-0.40836564,-0.36269477,-0.3821677,-0.37918726,-0.3616538,-0.35813147,-0.38247922,-0.4026797,-0.374205,-0.3841358,-0.42025474,-0.38173684,-0.33722287,-0.33183533,-0.32874185,-0.24080066,-0.23397142,-0.15834829,-0.09329365,-0.023643512,0.3299789,0.384988,0.24346302,0.22344619
44,0.3089067,0.29758146,0.3562279,0.32435834,0.34112513,0.2735235,0.21294431,0.24084279,0.24983531,0.1540335,0.11445964,0.1392566,0.06937722,0.025017569,-0.0053980644,-0.0675981,-0.09947205,-0.10773146,-0.16985111,-0.24838138,-0.2186941,-0.28088102,-0.3076503,-0.24440104,-0.22423664,-0.111976385,0.052033775,0.17395124,0.24037345,0.28809133,0.14892922,0.10404867,0.21819383,0.23250438,0.105426125,0.22020358,0.309873,0.40324125,0.6791225,1.0,0.7827208,0.69991314,0.5907596,0.44990417,0.43172696,0.31217238,0.1867945,-0.041811626,-0.21945034,-0.2814677,-0.28967875,-0.25647253,-0.28500378,-0.20963646,-0.16678071,-0.105266355,-0.1333762,-0.15253595,-0.118390985,-0.031210393,-0.038694985,-0.034084488,0.052954562,0.050797172,0.06669876,0.14517596,0.18117175,0.1770346,0.21901256,0.2861556,0.28085926,0.27611995,0.25337,0.23884492,0.22516297,0.25791284,0.27983588,0.27259013,0.2977956,0.37648165,0.37256867,0.37013382,0.36724868,0.22658348,0.031950764,-0.1368121,-0.2164681,-0.26798755,-0.25895464,-0.2340392,-0.2534277,-0.2427523,-0.16351801,-0.097132444,-0.13060895,-0.10295915,0.05121808,0.0696292,-0.012310442,-0.12845743,-0.09236857,-0.18631113,-0.0733917,0.057887044,0.15296662,0.21882613,0.13998146,0.17024037,0.13532926,0.1222252,0.08063615,0.08735985,0.08572585,0.06229447,0.0554271,0.026885353,0.033761874,0.021848429,-0.0003766897,-0.0068244594,-0.09082136,-0.04080814,-0.016646108,0.062390592,0.066380575,0.20789307,0.21180724,0.21463376,0.1887511,0.21061863,0.21693043,0.17859879,0.19323437,0.19067349,0.14484479,0.13638322,0.17401393,0.22425155,0.20125356,0.11045644,0.10733036,-0.050721228,-0.08313528,-0.07102287,0.024175813,0.042566217,0.066946335,0.008224169,-0.02580878,-0.017151685,0.060843892,0.17452338,0.24720594,0.11909073,0.18462653,0.18022408,0.13302834,0.1813873,0.20028181,0.1592885,0.120234884,0.0529044,0.07677191,0.03055867,-0.053940643,-0.060752954,-0.013732815,-0.07616466,-0.02998607,0.08577895,0.043198474,0.028873432,-0.063868165,-0.10292122,-0.045702245,-0.0669501,-0.12375894,-0.29705673,-0.34013364,-0.38268048,-0.3638084,-0.38263738,-0.43611538,-0.41155225,-0.3490374,-0.3970028,-0.40457737,-0.2675808,-0.23560354,-0.15647602,-0.06770653,0.02770356,0.085217156,0.1008362,0.094705984,0.12798685,0.061979607,-0.023684911,-0.08346216,-0.1820539,-0.27494633,-0.2857063,-0.1975671,-0.21744029,-0.33496913,-0.22786331,-0.12526128,-0.20555128,-0.21260595,-0.0838066,-0.035379313,-0.108153544,-0.09868239,-0.1629864,-0.19100098,-0.19838956,-0.22773492,-0.29756373,-0.33937344,-0.36081892,-0.3756188,-0.47092542,-0.47219193,-0.40243968,-0.3915138,-0.42027587,-0.3591728,-0.3078639,-0.3377513,-0.33923277,-0.40076977,-0.40404347,-0.41516712,-0.35727924,-0.26654598,-0.2107906,-0.27168036,-0.27555555,-0.25455394,-0.21894781,-0.24268322,-0.28239542,-0.21034457,-0.1855418,-0.26524973,-0.21687293,-0.1040382,-0.105565846,-0.12591065,-0.027859973,0.016355615,0.04101585,0.075274915,0.12664075,0.24836987,0.18726648,0.14742945,0.13762239
45,0.41176122,0.41324624,0.461363,0.41309327,0.4372606,0.3534418,0.28582844,0.33286375,0.33417925,0.23571339,0.20028798,0.23200941,0.17112961,0.11764969,0.0834068,0.027506787,-0.019964367,-0.05612831,-0.12985869,-0.20489053,-0.14546028,-0.22080262,-0.24905743,-0.14956602,-0.123139046,0.0009817774,0.15931933,0.28286397,0.33506727,0.34766933,0.08713524,0.20833112,0.1594702,-0.083802536,-0.09000061,-0.0023794642,0.0143766785,0.13009214,0.33345938,0.7827208,1.0,0.85805756,0.74537444,0.510933,0.51805305,0.4374812,0.33486184,0.113891274,-0.07037375,-0.20255867,-0.24430197,-0.22990155,-0.27620184,-0.20695436,-0.20102522,-0.14908503,-0.16665381,-0.15722664,-0.11091621,-0.031330653,-0.038274024,0.00062921824,0.094918735,0.09054793,0.14311366,0.24062693,0.267497,0.2531992,0.32128575,0.38308668,0.37915403,0.36071646,0.3333217,0.32526633,0.30804393,0.35772303,0.38459143,0.37641862,0.41111252,0.4930798,0.48889044,0.46399108,0.4488376,0.33152896,0.16436975,-0.0033714492,-0.11739135,-0.20736565,-0.19898333,-0.18078631,-0.2215198,-0.19413918,-0.13838589,-0.08353954,-0.070554055,-0.022075938,0.04325087,0.04782767,-0.0006474783,-0.12848131,-0.064226314,-0.16750033,0.012192921,0.16202763,0.24428473,0.30224848,0.24029587,0.23060878,0.19610207,0.16135068,0.12692504,0.087858416,0.05446904,0.063135356,0.054230765,-0.010969471,0.02348185,0.009771554,-0.042864613,-0.0049447636,-0.10435791,-0.06900493,-0.06355102,-0.014421963,-0.02133786,0.13089316,0.11248647,0.14126492,0.11952226,0.14733228,0.1710662,0.14391467,0.17373407,0.20896149,0.16484967,0.12643054,0.21114945,0.28744838,0.27228177,0.22607984,0.22699884,0.05701813,0.010287586,0.012982418,0.09219582,0.10633378,0.10714919,0.0646185,0.05495964,0.07373918,0.115119465,0.15013085,0.18996648,0.10374109,0.16627929,0.15300828,0.11486526,0.17749676,0.16364035,0.10531248,0.08611947,0.06902801,0.06254606,0.0014648648,-0.03550612,-0.019143308,-0.016651008,-0.0761207,-0.08398183,0.009263315,-0.038876697,-0.053284097,-0.13585483,-0.15701997,-0.08562382,-0.1341547,-0.23615582,-0.32630542,-0.35049948,-0.41811165,-0.41791156,-0.39402372,-0.44895428,-0.45628822,-0.39677924,-0.37475243,-0.4029224,-0.31166878,-0.23480673,-0.10088935,-0.070069954,0.049278934,0.15075293,0.14052959,0.10748724,0.1574293,0.04460995,-0.062129103,-0.16452502,-0.2707582,-0.354079,-0.36105135,-0.26266193,-0.27155536,-0.37121153,-0.2577652,-0.13426498,-0.17805381,-0.15840976,-0.025837218,0.05164934,0.0016628219,0.016019482,-0.057767756,-0.09489417,-0.09638283,-0.13053478,-0.21230987,-0.25260454,-0.28640148,-0.35418725,-0.45491037,-0.46069312,-0.44328785,-0.4473128,-0.461464,-0.41982394,-0.3900251,-0.41367286,-0.42136925,-0.44819167,-0.40842897,-0.359813,-0.24552485,-0.14631519,-0.112331435,-0.17217423,-0.20897691,-0.20066221,-0.15039,-0.17273621,-0.21725582,-0.13490213,-0.0903929,-0.17494695,-0.13381405,-0.0041026934,0.008762804,-0.024405414,0.059142895,0.122319564,0.12963419,0.13658053,0.15406692,0.079762384,0.006498863,0.025613705,0.038489345
46,0.44657442,0.44833192,0.505588,0.46172303,0.5230037,0.4413457,0.3450678,0.42434084,0.45598665,0.32502437,0.29067758,0.33998346,0.24755214,0.1600222,0.11794597,0.039327886,-0.030521026,-0.080664165,-0.17084679,-0.23810168,-0.19094086,-0.28716186,-0.32530746,-0.18742888,-0.16020726,0.007594079,0.22581731,0.37447694,0.45480624,0.47480488,0.2433337,0.3718182,0.21244079,-0.044256397,0.039616138,0.12795366,0.066537246,0.08763216,0.25664154,0.69991314,0.85805756,1.0,0.9213253,0.7257049,0.6828843,0.5563379,0.42155007,0.14206408,-0.08558179,-0.28561002,-0.35084763,-0.32433861,-0.3744782,-0.2721055,-0.23183106,-0.15041095,-0.17242302,-0.18020442,-0.11156112,-0.02085953,-0.035258304,0.013610187,0.13823207,0.13443136,0.18188961,0.28909057,0.3182902,0.29994383,0.39038405,0.47145417,0.4657715,0.4452958,0.3945266,0.3737071,0.36196277,0.40860546,0.42358536,0.42390785,0.48100385,0.5869775,0.5962056,0.5867623,0.5667534,0.39383048,0.19026895,-0.015110613,-0.14605184,-0.2875361,-0.27631778,-0.29058495,-0.30390596,-0.27427796,-0.20239376,-0.09128506,-0.074453354,-0.06973878,0.06203518,0.10015201,0.08224711,-0.12792146,-0.04391929,-0.17205887,0.018375138,0.20547502,0.28259116,0.3808733,0.29765776,0.2835677,0.27024227,0.22447431,0.17351566,0.1346918,0.096225955,0.08699664,0.07856104,0.013553088,0.06341738,0.066062845,0.0019066362,0.03917541,-0.09591456,-0.053120725,-0.06430777,-0.035967465,-0.06361537,0.15882568,0.14108053,0.20220445,0.20313759,0.2430408,0.2220316,0.18940473,0.2669276,0.30140615,0.21147397,0.17708457,0.29269922,0.38272175,0.36565763,0.29192415,0.31475154,0.11011744,0.021792756,0.009055376,0.09598894,0.10916413,0.110878274,0.054171316,0.02507746,0.036824528,0.10496498,0.18658978,0.2234233,0.14715175,0.18717827,0.18117909,0.17174828,0.24942856,0.22102757,0.18551105,0.17031746,0.13605243,0.12805131,0.066566,0.011157542,0.013325111,0.016328927,-0.056827646,-0.1333832,0.004549039,-0.07691929,-0.12425716,-0.23352565,-0.2601604,-0.18647432,-0.24763729,-0.33281603,-0.41590273,-0.43045953,-0.4981079,-0.49671936,-0.4701851,-0.5198156,-0.51420134,-0.47219542,-0.4330258,-0.40791404,-0.31049886,-0.21374227,-0.021500561,0.011199496,0.14821742,0.26472473,0.24144378,0.19505255,0.25979322,0.13511616,-0.005758262,-0.13216348,-0.27442235,-0.37366745,-0.3669485,-0.23766603,-0.23969077,-0.362784,-0.21457122,-0.058421526,-0.11535113,-0.116303675,0.054505643,0.14025728,0.058615938,0.05830717,-0.03266266,-0.08507607,-0.08914271,-0.12745541,-0.23306929,-0.2992301,-0.32059368,-0.36276993,-0.5108518,-0.53644365,-0.478824,-0.48639607,-0.5393521,-0.48893148,-0.44104585,-0.48193717,-0.47043806,-0.5165982,-0.5004486,-0.46074763,-0.3386469,-0.2510925,-0.20652284,-0.25866652,-0.29142073,-0.280389,-0.21438827,-0.23385428,-0.2972397,-0.20137616,-0.13424441,-0.2246968,-0.18231235,-0.012637021,0.03067164,0.009909154,0.094312966,0.17913665,0.22232938,0.23326282,0.23363984,0.002451444,-0.10513524,-0.079541124,-0.03880061
47,0.55586,0.5626554,0.59171486,0.54005194,0.6079729,0.50696594,0.43819267,0.5476649,0.54255015,0.41053215,0.4076114,0.4657519,0.32431024,0.23598754,0.21402812,0.10011981,-0.0051061693,-0.06908758,-0.1649402,-0.22396941,-0.20418395,-0.30978793,-0.3488519,-0.1913035,-0.17223822,0.031375885,0.27727246,0.4322512,0.53433156,0.53877825,0.37479198,0.4854477,0.27291358,0.020920273,0.16954763,0.23722428,0.121253334,0.0823943,0.21498154,0.5907596,0.74537444,0.9213253,1.0,0.827605,0.79753053,0.6697551,0.51703453,0.21424624,-0.051008172,-0.30711433,-0.41791877,-0.36333382,-0.40537718,-0.3078737,-0.28641215,-0.17248058,-0.18704659,-0.18687108,-0.073981404,0.03244179,0.020476745,0.10437215,0.25830448,0.25211927,0.3002608,0.41224137,0.44816864,0.43021116,0.5215034,0.6317318,0.6372306,0.6094369,0.54497755,0.5182456,0.51723844,0.56201136,0.5608553,0.56315285,0.63088775,0.73646164,0.7627641,0.7349894,0.71790206,0.5410251,0.29743838,0.060435865,-0.11569634,-0.30879796,-0.3022163,-0.34362927,-0.32737646,-0.28309777,-0.2684079,-0.15278137,-0.11456586,-0.16218762,0.0010291927,0.07380768,0.055551298,-0.117403105,-0.011653111,-0.16587082,0.121218905,0.34355325,0.4442767,0.5558209,0.4990754,0.46468216,0.43662658,0.39627266,0.32688013,0.27363905,0.21690165,0.19436924,0.1827204,0.08942912,0.156621,0.17347014,0.073794015,0.13543096,-0.047136284,-0.0038457236,-0.042288307,-0.054902755,-0.10933551,0.11348314,0.09437832,0.20441672,0.23239027,0.26522887,0.20187832,0.20086567,0.3169597,0.33166495,0.21625702,0.20156482,0.35483614,0.4397332,0.41238123,0.32670712,0.3572114,0.14011323,0.02333623,-0.007314712,0.06964166,0.091488555,0.06768625,0.00898843,-0.001402359,0.021019123,0.064609885,0.16723172,0.19916162,0.13682033,0.16105604,0.17414118,0.17509389,0.25279337,0.22609235,0.22459967,0.203182,0.16595459,0.1645124,0.117776394,0.040067296,0.012361951,0.028761515,-0.050388172,-0.2727176,-0.13612589,-0.2342058,-0.31096342,-0.3992575,-0.41281128,-0.35200655,-0.40703538,-0.47574273,-0.5454842,-0.55389005,-0.6197537,-0.6083051,-0.5843459,-0.6196253,-0.593819,-0.56310886,-0.5223111,-0.4255244,-0.32464322,-0.22442557,0.051128868,0.107003376,0.24596915,0.37450927,0.3720874,0.31237462,0.36956477,0.22951837,0.046528324,-0.10413935,-0.28611833,-0.41125974,-0.38964003,-0.2105969,-0.20422758,-0.35209507,-0.15742706,0.039691836,-0.027575208,-0.037598196,0.17026655,0.25515452,0.13406031,0.124227636,0.023559641,-0.049585436,-0.06046135,-0.08680075,-0.2162988,-0.32435587,-0.3478249,-0.34334102,-0.55582577,-0.6341578,-0.53372914,-0.5383154,-0.6431235,-0.5924374,-0.51725674,-0.5775316,-0.54080445,-0.6013622,-0.61370546,-0.57052165,-0.4302494,-0.34593502,-0.2906744,-0.31661126,-0.3797799,-0.39279097,-0.31217015,-0.3331446,-0.4115592,-0.29950675,-0.20025454,-0.29535,-0.2435019,-0.029473115,0.057891965,0.029878035,0.116344966,0.23796584,0.32200196,0.3125911,0.307294,-0.07062004,-0.21858774,-0.20551163,-0.13430844
48,0.51485366,0.51805973,0.559795,0.5627721,0.6437802,0.6015987,0.5380033,0.61194056,0.59939426,0.5020088,0.4859613,0.5048336,0.36263156,0.29921737,0.24210416,0.09647385,0.021585409,-0.042152975,-0.14486821,-0.19980763,-0.15767254,-0.213354,-0.26364413,-0.12774627,-0.108855106,0.13607818,0.42888457,0.56522554,0.64995056,0.6113552,0.4837352,0.5405082,0.271714,0.14671199,0.31900784,0.3733966,0.21291159,0.088149875,0.16364983,0.44990417,0.510933,0.7257049,0.827605,1.0,0.8600959,0.7507268,0.54157215,0.25592253,0.0019222924,-0.2668209,-0.40907598,-0.386218,-0.43118358,-0.31969294,-0.27593538,-0.17805338,-0.19129102,-0.19939478,-0.07523505,0.034391865,0.015751334,0.10445971,0.24149989,0.23295227,0.28977862,0.39085314,0.4072062,0.42141378,0.53328943,0.62157035,0.599773,0.5709338,0.5157497,0.48013902,0.48511225,0.5249391,0.51808834,0.5316656,0.6046176,0.6965381,0.7365052,0.8250998,0.6893506,0.5028634,0.2597593,0.048089202,-0.08556622,-0.32574216,-0.30578682,-0.39837337,-0.37663424,-0.3278481,-0.30580348,-0.20239393,-0.19667909,-0.2623243,-0.07136658,0.015298189,0.18439569,-0.015218531,0.07083837,-0.06354558,0.11817548,0.2835815,0.3705671,0.51047486,0.47379544,0.44556326,0.41770095,0.38103208,0.30265763,0.25426993,0.21584839,0.17663781,0.15548688,0.08378303,0.14844301,0.18645099,0.093462855,0.12896919,-0.022614306,0.0009325547,-0.08713965,-0.118181214,-0.1676049,0.035246436,-0.0060690693,0.08058407,0.18934979,0.27050513,0.09491649,0.10023453,0.33587885,0.34353763,0.13348702,0.18599682,0.4218196,0.52962756,0.53145885,0.4481913,0.48452237,0.27701166,0.14002518,0.09161523,0.1624638,0.100737356,0.06884007,0.031616975,0.003572519,0.0024669725,0.036694046,0.07547222,0.094837174,0.10599643,0.12630199,0.16864447,0.15847102,0.20889431,0.19558474,0.23131143,0.19464645,0.15594389,0.18641154,0.14715171,0.053466324,0.024770193,0.050860986,-0.0554904,-0.34220785,-0.22571915,-0.33214533,-0.40211412,-0.48292702,-0.47126207,-0.38053766,-0.44871196,-0.52106035,-0.57141703,-0.57012314,-0.6260426,-0.606697,-0.58236986,-0.60284257,-0.5717259,-0.55071634,-0.5091921,-0.36924267,-0.28375918,-0.17909428,0.12829989,0.16805512,0.2847866,0.42193282,0.39730027,0.3039901,0.360065,0.24417746,0.06406575,-0.06932101,-0.2504247,-0.37961212,-0.35184008,-0.1587431,-0.14333862,-0.29519796,-0.085160315,0.1183933,0.048752613,0.02078247,0.24482252,0.33241436,0.20795186,0.18639657,0.082400545,0.013643774,-0.0012431189,-0.038885325,-0.15895349,-0.2813632,-0.30187252,-0.2796806,-0.5113376,-0.6108638,-0.49427274,-0.50052243,-0.6376631,-0.5897906,-0.5017836,-0.5759658,-0.5255055,-0.6018042,-0.64316374,-0.60444504,-0.45825753,-0.3746792,-0.31621587,-0.33909717,-0.4086873,-0.4278094,-0.34446362,-0.3502658,-0.4291963,-0.32062182,-0.20253547,-0.2833877,-0.23176458,-0.007823862,0.10106599,0.073148705,0.1571513,0.29507172,0.39284995,0.38077635,0.38609043,-0.08326801,-0.28099856,-0.296621,-0.2144379
49,0.53627867,0.5496759,0.56531566,0.5463742,0.6056838,0.54115975,0.4816861,0.5786702,0.570407,0.43645045,0.4344819,0.48787004,0.3195571,0.22468087,0.20768993,0.06847182,-0.039269533,-0.109148555,-0.1854582,-0.242961,-0.2207615,-0.28006944,-0.3311414,-0.19560088,-0.1802848,0.06028165,0.34666616,0.51199937,0.6008044,0.58390385,0.4495601,0.48315632,0.27850404,0.10194517,0.24246994,0.28628743,0.16650921,0.09622188,0.16194263,0.43172696,0.51805305,0.6828843,0.79753053,0.8600959,1.0,0.8156157,0.5958793,0.25435162,-0.03405691,-0.29013452,-0.42008635,-0.37836576,-0.39852184,-0.3185515,-0.3060137,-0.19657841,-0.21582612,-0.21328223,-0.07780133,0.016891899,0.0065365746,0.108575016,0.262068,0.24447939,0.28869814,0.41090542,0.43290484,0.4293641,0.5294915,0.6370367,0.62996995,0.6066077,0.5525331,0.50509953,0.5041838,0.54615813,0.5417319,0.5525979,0.62236166,0.7114404,0.7486296,0.7938835,0.818606,0.63928396,0.32916874,0.103338614,-0.056777064,-0.2892061,-0.3031219,-0.36907446,-0.3374228,-0.28071287,-0.26739302,-0.16414575,-0.1678681,-0.26068664,-0.042282354,0.042826973,0.0733553,-0.051917113,0.039966058,-0.08663484,0.19405104,0.38585863,0.5067185,0.6084884,0.54938996,0.49953997,0.46056905,0.42835218,0.35554615,0.30191705,0.25078633,0.21725975,0.19825712,0.10883361,0.17258175,0.20419006,0.10820156,0.17399181,0.014162318,0.049139228,-0.0024167341,-0.01956984,-0.081125215,0.08615775,0.05085498,0.17011777,0.26008672,0.2955665,0.1731162,0.21538211,0.38697785,0.35662445,0.20465064,0.26086324,0.43486363,0.49551618,0.46721014,0.3803045,0.40203983,0.18213663,0.045545887,0.021784548,0.12861025,0.13415885,0.08044373,0.020222869,0.010360723,0.01964425,0.019887814,0.112004295,0.16121952,0.14969659,0.16789323,0.20287356,0.21004187,0.25292927,0.23546791,0.2632149,0.216804,0.1571591,0.18194951,0.14189808,0.030724958,-0.013432013,0.02573161,-0.06935271,-0.34957922,-0.19891678,-0.28676295,-0.36821535,-0.43674037,-0.4452705,-0.3924651,-0.42880127,-0.4635636,-0.5111615,-0.52395976,-0.5788452,-0.545385,-0.5394189,-0.577693,-0.5215711,-0.48890212,-0.48225233,-0.35097232,-0.23709197,-0.15672797,0.08683965,0.16623689,0.28489202,0.37213156,0.37133116,0.3202734,0.36337468,0.2650704,0.11399034,-0.020385657,-0.18750598,-0.3152896,-0.29989833,-0.120780654,-0.111172386,-0.2701115,-0.07956719,0.10026636,0.0069901594,-0.036996104,0.17119385,0.24399783,0.10817235,0.08702647,-0.004513808,-0.0719944,-0.09388983,-0.12465029,-0.24251461,-0.36454284,-0.36825094,-0.31577513,-0.53523344,-0.611696,-0.46718076,-0.4747959,-0.60052663,-0.53624785,-0.44922438,-0.5228014,-0.48697728,-0.5733256,-0.6156076,-0.6002983,-0.49007842,-0.40978515,-0.32792738,-0.34197837,-0.41491622,-0.42571917,-0.37302858,-0.3933418,-0.4505321,-0.35471562,-0.26747337,-0.3500514,-0.2885501,-0.08410843,0.005687775,-0.013508805,0.07547764,0.20222114,0.30773357,0.30595192,0.3159831,-0.054732583,-0.23885722,-0.28244177,-0.21396664
50,0.4983393,0.52246064,0.54624206,0.53683573,0.6007156,0.5356528,0.49467283,0.5770381,0.5496591,0.47685626,0.48664743,0.5013954,0.39307192,0.35228536,0.3214434,0.19185403,0.12395956,0.050273173,-0.03610408,-0.061859973,-0.01692061,-0.056551214,-0.08269883,0.06716491,0.08552786,0.31552863,0.564628,0.69603324,0.7420778,0.6358522,0.3356275,0.4308957,0.19994682,0.026011324,0.14516622,0.1790244,0.02056302,-0.03988713,0.02999356,0.31217238,0.4374812,0.5563379,0.6697551,0.7507268,0.8156157,1.0,0.7871384,0.528168,0.2528808,-0.044621088,-0.22923179,-0.23851034,-0.2963918,-0.2566449,-0.30210736,-0.2371893,-0.24304542,-0.19799925,-0.06851051,0.004767865,0.017809715,0.14524002,0.2411155,0.21705315,0.30382448,0.4103783,0.3950402,0.41309994,0.5275931,0.5829242,0.55508935,0.5203951,0.47201338,0.418732,0.42372775,0.4805463,0.48996198,0.5158307,0.5742271,0.6515576,0.67716354,0.72866297,0.70891994,0.6763447,0.42955056,0.26429313,0.11280837,-0.12707126,-0.1435394,-0.25390688,-0.26226687,-0.18183061,-0.21742398,-0.16850868,-0.13640285,-0.1743481,-0.15723857,-0.108515695,0.10058177,-6.139911e-08,0.09892729,-0.00062856736,0.23854174,0.37850362,0.48697355,0.5553102,0.5182764,0.4607379,0.40702605,0.3564425,0.29533133,0.22153167,0.1622266,0.15405338,0.12645194,0.028366318,0.08350831,0.11219525,0.011945596,0.11965975,-0.028924571,-0.01603667,-0.11356629,-0.16206159,-0.1828368,-0.025420928,-0.047782082,0.0044551166,0.09144153,0.18270004,0.08076398,0.0834339,0.28868973,0.35260567,0.15775007,0.19202195,0.452725,0.5786887,0.5808405,0.55325115,0.57114464,0.39273772,0.27577496,0.2151174,0.25861123,0.2204005,0.12691975,0.093905926,0.11660762,0.1287859,0.06642527,0.050693,0.04369478,0.07448785,0.097940624,0.123823166,0.078218974,0.12546942,0.10269513,0.10609948,0.06440329,0.06522288,0.080636315,0.035521816,-0.025284084,-0.028593723,-0.0100981705,-0.117362924,-0.38273656,-0.23027474,-0.30564225,-0.3889341,-0.45088685,-0.46141902,-0.40989074,-0.46555072,-0.5141321,-0.4686969,-0.45509106,-0.53370106,-0.5329424,-0.47807607,-0.5151367,-0.5319693,-0.49616003,-0.43336338,-0.3790444,-0.3364486,-0.20740372,0.061612654,0.04103489,0.16335146,0.32579893,0.28365853,0.17592387,0.232023,0.109569795,-0.033695538,-0.18029623,-0.31879506,-0.4149458,-0.39580026,-0.24247056,-0.23371077,-0.3462198,-0.1738118,0.0014445948,-0.039113805,-0.03580557,0.16851334,0.27054933,0.19046804,0.19903348,0.10991881,0.057763174,0.03295428,-0.022108061,-0.12829185,-0.23009524,-0.27658796,-0.28295848,-0.4558205,-0.5359456,-0.48438913,-0.49342054,-0.5779749,-0.546347,-0.49138522,-0.5378729,-0.5130697,-0.5501386,-0.5403612,-0.477137,-0.31355378,-0.23920058,-0.17618053,-0.18082167,-0.25355902,-0.277713,-0.20480737,-0.21812283,-0.28994578,-0.1905229,-0.08560028,-0.18382119,-0.13962583,0.065157264,0.1297185,0.08323533,0.16207898,0.3058871,0.35488838,0.31522697,0.32544073,-0.13231136,-0.32052115,-0.30605116,-0.24010073
51,0.3953403,0.42269927,0.451167,0.4356973,0.475871,0.41392538,0.3604938,0.42652544,0.4351393,0.37258178,0.36167467,0.3875447,0.37068632,0.30748212,0.25480372,0.20969446,0.17070116,0.06847803,0.008223954,0.049272943,0.06321203,0.051374607,0.0673537,0.21313204,0.24671587,0.44527143,0.6302911,0.74520683,0.70266956,0.5601182,0.2634795,0.35598856,0.07960391,-0.027698148,0.09877345,0.105766766,-0.07991039,-0.16855305,-0.077562794,0.1867945,0.33486184,0.42155007,0.51703453,0.54157215,0.5958793,0.7871384,1.0,0.7306991,0.45708373,0.16414559,-0.030636318,-0.08713672,-0.15486136,-0.16860545,-0.25319678,-0.2229656,-0.2403971,-0.18202539,-0.06701194,-0.056857824,-0.054312576,0.06725601,0.13428262,0.09070874,0.1643061,0.26967686,0.24332498,0.24376217,0.36182716,0.40661675,0.39461732,0.37560427,0.36157754,0.32462972,0.30899528,0.3565567,0.37923327,0.3880126,0.42991933,0.5023275,0.5145493,0.5302214,0.5150895,0.5387135,0.5076382,0.40808612,0.28722516,0.08307851,0.05913096,-0.08124982,-0.09036999,-0.012431224,-0.08055482,-0.07002169,-0.020314232,-0.08833567,-0.13383245,-0.09658102,0.08921728,0.050509106,0.13007419,0.052727744,0.25366518,0.3590841,0.39266515,0.4205635,0.3999119,0.35471654,0.29254845,0.22393152,0.18008584,0.1126694,0.05335505,0.057056554,0.033864014,-0.040095247,0.013985951,0.041294888,-0.033137713,0.088421576,-0.023259517,-0.0071164225,-0.07511219,-0.12413547,-0.11824271,-0.010186864,0.0044047115,0.050606344,0.102672115,0.18623877,0.14556791,0.13137245,0.28511858,0.37948695,0.22674188,0.22465593,0.4150274,0.5359058,0.5324243,0.55966157,0.548699,0.4380839,0.3637641,0.3105596,0.33028033,0.30515417,0.18173721,0.15330589,0.1928979,0.19377643,0.117474794,0.08243922,0.041311353,0.054630805,0.07350348,0.07934508,0.036372423,0.085731514,0.05544833,0.045478113,0.025088618,0.040582716,0.032833826,-0.005278476,-0.04648481,-0.046378504,-0.02125894,-0.107575014,-0.32177913,-0.169615,-0.22721368,-0.3161051,-0.3667174,-0.38754568,-0.3747775,-0.4060367,-0.4310648,-0.34739405,-0.32919583,-0.39045808,-0.4035238,-0.34253466,-0.3834073,-0.41469547,-0.38297212,-0.3192984,-0.30922112,-0.28500465,-0.16953135,0.021896636,-0.01770702,0.096931584,0.2247165,0.1733111,0.08887465,0.14426537,0.045233015,-0.04520499,-0.1795668,-0.27625465,-0.3421815,-0.33110672,-0.22316846,-0.22176166,-0.29926568,-0.17829141,-0.054381307,-0.07526485,-0.062378228,0.08945205,0.17621139,0.12570612,0.14093955,0.082622424,0.041221283,0.018702839,-0.029341504,-0.10896833,-0.17535418,-0.22396116,-0.2501045,-0.35852084,-0.40463006,-0.39505818,-0.39855292,-0.43711853,-0.41754946,-0.38855064,-0.41206932,-0.40638295,-0.4204306,-0.38736352,-0.32950875,-0.19288898,-0.14379796,-0.099916436,-0.11183242,-0.15135655,-0.16124849,-0.10457249,-0.121195756,-0.17639561,-0.10016714,-0.030018615,-0.11181531,-0.077880256,0.07510345,0.11525747,0.07718068,0.136804,0.25241438,0.26978385,0.23354264,0.24152687,-0.16832742,-0.3273541,-0.31056482,-0.25168765
52,0.2697305,0.30000043,0.31886238,0.311643,0.33337063,0.28598198,0.2624959,0.29448062,0.28979963,0.31459785,0.33246467,0.3058111,0.3719352,0.4088356,0.37569913,0.36667782,0.38288456,0.31016245,0.2711569,0.35385877,0.38169125,0.39016578,0.4436826,0.5854057,0.5743615,0.6584753,0.68120867,0.60399985,0.517696,0.3378945,0.074587606,0.19426641,-0.07632627,-0.13376217,-0.027967297,-0.04142645,-0.22085035,-0.2869265,-0.2253535,-0.041811626,0.113891274,0.14206408,0.21424624,0.25592253,0.25435162,0.528168,0.7306991,1.0,0.8008865,0.5523824,0.3097912,0.21149361,0.102728456,0.02582157,-0.12329879,-0.14487012,-0.12941325,-0.028045224,0.028936349,-0.0141797075,0.040268764,0.16364427,0.12477797,0.08646073,0.17186046,0.21949716,0.15440272,0.17869912,0.264989,0.25127265,0.22318512,0.19548576,0.20537443,0.18183772,0.17438963,0.21781062,0.23649359,0.2560021,0.27649704,0.3089751,0.29232004,0.30735028,0.2622709,0.4502297,0.48969895,0.581894,0.4805061,0.35003725,0.30634606,0.15664622,0.09368256,0.1596258,0.041670967,-0.004457778,0.05613501,-0.0076642334,-0.2927751,-0.28086478,0.064394385,0.09333976,0.16878232,0.1569909,0.30074736,0.29358444,0.29509002,0.2315927,0.26217094,0.21611147,0.15507251,0.09723407,0.06943831,-0.003232293,-0.04010595,-0.008574787,-0.04963506,-0.10796296,-0.09091501,-0.06769419,-0.114191815,0.022416517,-0.04913744,-0.09502526,-0.2101732,-0.3023625,-0.25943667,-0.21714874,-0.12762782,-0.17503706,-0.18207334,-0.034355376,-0.04065955,-0.13313325,-0.004351881,0.18692036,0.031503964,-0.03220438,0.18952005,0.36144772,0.42079973,0.5463841,0.5647589,0.573995,0.5373349,0.42322442,0.32672384,0.25887588,0.12117587,0.15507454,0.23997788,0.21048792,0.07044073,-0.058374867,-0.14558809,-0.09971927,-0.11400439,-0.1150956,-0.20447448,-0.17813683,-0.20625778,-0.21744569,-0.2307066,-0.17385292,-0.17048045,-0.17748213,-0.17029339,-0.15117203,-0.14068396,-0.2075045,-0.35029355,-0.18252683,-0.19790584,-0.2784983,-0.3084381,-0.34710997,-0.35958442,-0.38660812,-0.38481867,-0.20878707,-0.15672542,-0.20652018,-0.2624665,-0.17099209,-0.18981554,-0.29227963,-0.28632468,-0.1899067,-0.2452255,-0.31938493,-0.22610778,-0.052891985,-0.17094627,-0.12396863,0.037846494,-0.024652194,-0.14522545,-0.098117225,-0.19623221,-0.24446376,-0.31501633,-0.3333844,-0.34096798,-0.31999242,-0.27219048,-0.27237478,-0.26262125,-0.1849498,-0.11690282,-0.07530025,0.0067441,0.10545555,0.18672219,0.22458076,0.26910275,0.24778727,0.23551038,0.20524475,0.15001824,0.10951558,0.07577623,0.0024358905,-0.06173171,-0.092770554,-0.14807276,-0.23783715,-0.23850827,-0.23510651,-0.2760958,-0.28221127,-0.26518103,-0.25103918,-0.20439307,-0.14429888,-0.05810649,0.07775537,0.08648087,0.10798277,0.11871799,0.08937026,0.052445307,0.10293837,0.10746594,0.04511706,0.092086785,0.16461521,0.091082565,0.08143772,0.19568434,0.20636943,0.12122698,0.15253328,0.26042905,0.21641883,0.14218211,0.14701535,-0.25204462,-0.36720735,-0.31192693,-0.27437544
53,0.061648875,0.106513456,0.12977168,0.13775697,0.12923503,0.11110556,0.09083825,0.07582086,0.083100185,0.15413514,0.1484504,0.10646778,0.23858719,0.29427555,0.24890794,0.30564198,0.3666682,0.31141415,0.32792568,0.4581987,0.49625334,0.54594463,0.6381615,0.7240158,0.7507547,0.70926476,0.5777418,0.44235718,0.3025623,0.12299339,-0.088402845,0.06356549,-0.16796282,-0.24373798,-0.13948056,-0.14629786,-0.3132045,-0.34404492,-0.3462518,-0.21945034,-0.07037375,-0.08558179,-0.051008172,0.0019222924,-0.03405691,0.2528808,0.45708373,0.8008865,1.0,0.7868677,0.54897624,0.4027339,0.28292644,0.14577052,-0.016588649,-0.096075974,-0.09200604,0.003331949,0.017424965,-0.07834099,-0.037545636,0.056256708,-0.03596337,-0.0706081,0.0076005943,0.017475868,-0.06536053,-0.03431623,0.03653172,-0.014587921,-0.039244037,-0.052987646,-0.018717041,-0.021577183,-0.043275483,-0.009609955,0.020186614,0.041241437,0.034694653,0.04000045,0.010130264,0.031863,-0.039858818,0.1793299,0.3615861,0.5432218,0.5835688,0.55438834,0.52157724,0.36801127,0.2947771,0.3452526,0.20582396,0.09321078,0.1805812,0.14784068,-0.22951753,-0.2569125,0.08019518,0.1639506,0.20717998,0.2334034,0.224756,0.15062416,0.069664106,-0.01885374,0.045476813,0.01871914,-0.039319392,-0.1004941,-0.10528808,-0.15879823,-0.17241392,-0.13605393,-0.17316672,-0.1896475,-0.17760041,-0.15425806,-0.15905659,-0.07449471,-0.042809147,-0.085592814,-0.17932372,-0.31175187,-0.24025133,-0.27198076,-0.18702804,-0.25347504,-0.27819788,-0.15389702,-0.13839442,-0.22847158,-0.15206072,0.044358872,-0.04495766,-0.12180787,0.051123463,0.1932628,0.2659712,0.44061518,0.43278837,0.5555804,0.58333266,0.48754135,0.3324874,0.23444466,0.12608834,0.21855897,0.3029073,0.25697285,0.128332,-0.06698955,-0.19215444,-0.13533017,-0.17639966,-0.2009445,-0.28410077,-0.28061676,-0.3402745,-0.35470238,-0.30124938,-0.20984939,-0.24088395,-0.20927793,-0.11642889,-0.09234648,-0.123095036,-0.13285087,-0.21444319,-0.18274876,-0.16173658,-0.18730654,-0.1648743,-0.17338726,-0.18365777,-0.21648805,-0.23255953,-0.017716806,0.03342465,0.00423635,-0.06557004,0.033977695,0.023903552,-0.10530319,-0.101849034,0.008268507,-0.11410916,-0.24288733,-0.16580261,-0.084750034,-0.25819325,-0.24686195,-0.09827222,-0.1699855,-0.27613467,-0.2455903,-0.3144495,-0.2996067,-0.33635953,-0.29770207,-0.24846017,-0.23467438,-0.26217276,-0.26324993,-0.17962225,-0.18308286,-0.18526112,-0.083274156,0.02998864,0.034943577,0.09589374,0.21140303,0.2651634,0.27978218,0.30164182,0.28697023,0.23011455,0.23291452,0.26272866,0.16869545,0.060228486,0.13104765,0.10457248,-0.07354117,-0.07332988,-0.00720401,-0.08396996,-0.13515514,-0.08128865,-0.08592825,0.0076685655,0.09585756,0.19991247,0.31436706,0.30576625,0.26862073,0.27571648,0.26856685,0.23737188,0.27810955,0.29217538,0.2555642,0.26692712,0.31440413,0.2796639,0.23839721,0.26737383,0.24057326,0.16775382,0.15072338,0.19381332,0.09150568,0.01734438,0.0013236994,-0.3656436,-0.35473692,-0.23419955,-0.21164557
54,-0.20402709,-0.1849539,-0.16357692,-0.15148692,-0.17251115,-0.14414157,-0.14638777,-0.18814568,-0.15221354,-0.056523357,-0.05371037,-0.096891835,0.07776524,0.16269088,0.15376626,0.26829693,0.36600432,0.3503008,0.40277869,0.5458067,0.5739939,0.6605271,0.784274,0.78222126,0.736842,0.56814164,0.37113535,0.17112133,0.008228626,-0.15412107,-0.2288942,-0.2036432,-0.30669636,-0.19043419,-0.20575096,-0.25746647,-0.2982946,-0.30304262,-0.27159908,-0.2814677,-0.20255867,-0.28561002,-0.30711433,-0.2668209,-0.29013452,-0.044621088,0.16414559,0.5523824,0.7868677,1.0,0.8282342,0.6928439,0.57120556,0.4111458,0.22783408,0.10401458,0.1072093,0.2034185,0.13389632,-0.00777991,0.039825615,0.0668457,-0.0933452,-0.124106705,-0.08937676,-0.13726433,-0.22848536,-0.20099388,-0.18426937,-0.266012,-0.29828605,-0.29639128,-0.2578669,-0.25609678,-0.27978146,-0.27206984,-0.2506305,-0.23126799,-0.24838972,-0.2576405,-0.27217203,-0.2332582,-0.26709425,-0.030662589,0.14797047,0.47499368,0.57402843,0.711361,0.63613224,0.5091215,0.43712234,0.41953552,0.32018265,0.19918665,0.20446324,0.15650792,-0.21682994,-0.2630857,0.048574913,0.18138696,0.16919792,0.26905322,0.17407468,-0.0034128947,-0.11031014,-0.2442764,-0.20116095,-0.18703347,-0.19780129,-0.24396181,-0.22990038,-0.24149458,-0.2376124,-0.20464817,-0.22952671,-0.20620047,-0.22478653,-0.20907475,-0.15376246,-0.057630166,-0.014935542,-0.10059544,-0.17307492,-0.2402136,-0.15059783,-0.277725,-0.12652226,-0.28215435,-0.35806975,-0.2267451,-0.15546745,-0.2954492,-0.29744905,-0.12259375,-0.1765053,-0.24662045,-0.19888856,-0.0799986,0.025857985,0.21710119,0.21451904,0.3898505,0.45138252,0.38687935,0.23717852,0.14394295,0.059333116,0.1363117,0.21153417,0.12216138,-0.0051500443,-0.15673134,-0.2693586,-0.21211398,-0.24648279,-0.27089715,-0.35176992,-0.4095651,-0.4076218,-0.40006828,-0.39909428,-0.3664518,-0.34348792,-0.2890256,-0.23084101,-0.20935397,-0.20450285,-0.18296063,-0.07640865,-0.009652598,0.051280983,0.06151904,0.07594202,0.04162838,0.022117976,0.033188246,0.080131955,0.21887103,0.25386846,0.2895788,0.22152282,0.25410256,0.2598349,0.16887774,0.13867456,0.16237848,0.035772912,-0.07265531,-0.12668693,-0.21812938,-0.30827045,-0.37893462,-0.35513255,-0.39146763,-0.42544115,-0.42870003,-0.38985613,-0.2785471,-0.19912699,-0.06516531,0.013246599,0.026069956,-0.06834365,-0.1004621,0.016146028,-0.056019835,-0.1687428,-0.112760864,-0.017625809,-0.08571438,-0.10512946,0.019988287,0.083406575,0.15008676,0.19331728,0.16817296,0.14156595,0.2045055,0.26296082,0.2176294,0.17470331,0.32461962,0.3383169,0.2018415,0.22079593,0.30242312,0.23728277,0.18315165,0.24259964,0.22940983,0.30236185,0.3398449,0.35889247,0.3455371,0.2890439,0.25632095,0.2696492,0.31294578,0.2953327,0.28232256,0.30643213,0.30536088,0.2557548,0.23763801,0.23970297,0.15799569,0.08813221,0.0286411,-0.038541947,-0.076595895,-0.07528141,-0.18230382,-0.23341998,-0.22468589,-0.16684556,-0.105679594,-0.08583556,-0.11833624
55,-0.38049054,-0.36386126,-0.331079,-0.31007197,-0.33486435,-0.2753667,-0.28386936,-0.3456268,-0.27873126,-0.1791018,-0.18937379,-0.23763013,-0.045178585,0.050533462,0.04258001,0.18534203,0.31972933,0.3341887,0.35930708,0.4755248,0.47521144,0.5387254,0.65734947,0.61033815,0.56851715,0.37646908,0.16227472,-0.01472729,-0.16426308,-0.27827573,-0.27623734,-0.3083848,-0.367973,-0.17655376,-0.22469987,-0.2814835,-0.2677646,-0.27882197,-0.2305684,-0.28967875,-0.24430197,-0.35084763,-0.41791877,-0.40907598,-0.42008635,-0.22923179,-0.030636318,0.3097912,0.54897624,0.8282342,1.0,0.82046485,0.71365213,0.5726292,0.38177824,0.21671434,0.21684913,0.3213513,0.15089452,-0.0414263,0.015352582,0.004836028,-0.20097856,-0.21829717,-0.20318766,-0.2805432,-0.3624477,-0.3335499,-0.34170827,-0.44066545,-0.4750216,-0.4637938,-0.41867763,-0.41021553,-0.43515205,-0.43790075,-0.41527113,-0.39498395,-0.4255412,-0.4450635,-0.46532533,-0.41574076,-0.40557316,-0.21848923,-0.06497036,0.28928074,0.45832828,0.7194476,0.66697586,0.5750854,0.50329304,0.448138,0.40878087,0.3059009,0.26321438,0.20087868,-0.12623055,-0.18649496,0.021962227,0.10969002,0.06288441,0.21784745,0.059098225,-0.15177342,-0.27265173,-0.40373018,-0.39326826,-0.36521554,-0.3482247,-0.3811746,-0.34203643,-0.34167126,-0.32603014,-0.27137256,-0.29865527,-0.24959889,-0.3000307,-0.29896218,-0.19643757,-0.10133426,-0.06134789,-0.14890283,-0.1599457,-0.17738293,-0.09432065,-0.23167646,-0.07737027,-0.23700841,-0.34786496,-0.24374539,-0.11823015,-0.25971898,-0.32504895,-0.17179796,-0.16559042,-0.24253154,-0.2870034,-0.19745627,-0.1094702,0.049266126,0.04503276,0.20958957,0.29187384,0.2674039,0.14960836,0.1049978,0.05869019,0.10480578,0.15740988,0.086519085,-0.0063279564,-0.12797222,-0.22620688,-0.19773197,-0.22968599,-0.24691841,-0.3187301,-0.39965317,-0.38661534,-0.37896332,-0.3934256,-0.3950631,-0.3642261,-0.30708334,-0.26298383,-0.23772024,-0.22000875,-0.18242505,0.027700722,0.097526446,0.19335273,0.23070598,0.2555957,0.2044898,0.16814007,0.19927815,0.26421434,0.40260708,0.41207364,0.4643154,0.4088539,0.4156445,0.4195274,0.34703112,0.30832803,0.2963659,0.15560135,0.05594654,-0.04288928,-0.24770044,-0.3183427,-0.41548377,-0.464736,-0.50078547,-0.48407277,-0.4965514,-0.40276256,-0.2336688,-0.111820094,0.071261525,0.16853699,0.17216474,0.027472971,-0.011080442,0.124829635,-0.0005487062,-0.17314273,-0.12484245,-0.03670929,-0.16583483,-0.21966293,-0.08824879,-0.03469436,0.047650333,0.103215806,0.09659867,0.08739498,0.18424097,0.27566987,0.27364385,0.23373516,0.42512786,0.48329058,0.3585364,0.37791845,0.48146996,0.42263648,0.36004966,0.42517665,0.3962429,0.46583763,0.49624822,0.48289555,0.401104,0.33319408,0.29929122,0.3128327,0.3685367,0.3635422,0.30818287,0.32652038,0.36363035,0.28120443,0.21367665,0.24056254,0.1546335,0.019080384,-0.06875151,-0.107805684,-0.16134198,-0.2054606,-0.31809738,-0.34707743,-0.3362926,-0.09710932,-0.004368824,-0.018381119,-0.07516836
56,-0.26517394,-0.29095864,-0.30381766,-0.30746388,-0.33629587,-0.31656075,-0.3041067,-0.33597204,-0.30414933,-0.23475173,-0.20920207,-0.24387215,-0.11967498,-0.027889714,0.007955011,0.111779906,0.21103975,0.24953091,0.2454197,0.35771555,0.3546111,0.4261116,0.52185017,0.45703706,0.39378783,0.21192317,0.031234393,-0.12756476,-0.21897078,-0.26294604,-0.15925632,-0.21440628,-0.23944329,-0.078303285,-0.12235068,-0.17407505,-0.1440791,-0.1408334,-0.1214306,-0.25647253,-0.22990155,-0.32433861,-0.36333382,-0.386218,-0.37836576,-0.23851034,-0.08713672,0.21149361,0.4027339,0.6928439,0.82046485,1.0,0.8177604,0.64689666,0.44785857,0.34536383,0.32259604,0.39091223,0.29138857,0.13229407,0.12648407,0.08901421,-0.06459571,-0.08745196,-0.11557121,-0.19319822,-0.25708243,-0.2503893,-0.28973097,-0.33219197,-0.33431178,-0.3040134,-0.26985538,-0.26870498,-0.29300871,-0.3149174,-0.31225824,-0.316578,-0.33670524,-0.33860585,-0.33795664,-0.32042003,-0.2879347,-0.1325912,-0.008719169,0.31206512,0.4363228,0.69775766,0.5622433,0.50394464,0.5096266,0.40922803,0.31608364,0.24198106,0.23928516,0.16270317,-0.098099746,-0.11831463,0.040371932,0.19622365,0.17752391,0.23203927,0.15152419,-0.025660738,-0.1375636,-0.27460617,-0.24923818,-0.18616495,-0.16561227,-0.19574448,-0.18092018,-0.14952622,-0.15428624,-0.1586891,-0.1578286,-0.11219308,-0.12211071,-0.1122353,-0.03736981,0.05910372,0.0964579,-0.002295425,-0.057062794,-0.113089606,-0.057966214,-0.19382422,-0.023782767,-0.16532867,-0.28064996,-0.18374994,-0.09886725,-0.2381733,-0.30545276,-0.19668388,-0.21407011,-0.29143357,-0.34442642,-0.26608443,-0.19142057,-0.06275686,-0.058958523,0.077795565,0.13222636,0.106926225,-0.021285646,-0.033081226,-0.088520184,-0.06332607,0.030626455,-0.03777063,-0.11900838,-0.16938473,-0.23028918,-0.22028196,-0.27865207,-0.26172343,-0.2964841,-0.39183724,-0.37460768,-0.3242356,-0.3219714,-0.354575,-0.3135832,-0.22122063,-0.19735828,-0.21619262,-0.1854772,-0.1408567,-0.03230744,-0.01406168,0.058425017,0.103907794,0.13745238,0.11670075,0.11201578,0.1395679,0.19330542,0.24802972,0.24198562,0.32946295,0.30062726,0.26220354,0.28637782,0.27592272,0.2232355,0.168444,0.12964603,0.07357422,-0.07597573,-0.2088164,-0.18729846,-0.30405402,-0.3780829,-0.35577562,-0.31924468,-0.35299224,-0.2575852,-0.13596179,-0.013322402,0.11660746,0.17779553,0.20050171,0.111024976,0.07342621,0.16921228,0.10281085,-0.03771992,-0.028481107,0.039994866,-0.060556058,-0.13976283,-0.07087804,-0.019492503,0.065820485,0.087375656,0.07907711,0.11817385,0.19155708,0.23938082,0.24427319,0.2553127,0.38361758,0.3910731,0.3286935,0.35557765,0.39500245,0.3490085,0.32472637,0.3579621,0.35700253,0.3945102,0.37368038,0.34476432,0.25712714,0.19683129,0.17198949,0.17915732,0.19741032,0.17849128,0.13286588,0.16279875,0.18146889,0.10639535,0.068839826,0.09844436,0.0048538432,-0.095399365,-0.13818431,-0.17908168,-0.23044139,-0.24290392,-0.2956799,-0.33260235,-0.32505134,-0.10482986,-0.010486736,-0.047346927,-0.079621196
57,-0.346126,-0.36895972,-0.396306,-0.388787,-0.41737044,-0.38638157,-0.34705922,-0.3705688,-0.3509893,-0.28425705,-0.2467598,-0.25108606,-0.15662973,-0.08396475,-0.0015506641,0.11162558,0.14905421,0.2073913,0.2566882,0.34543216,0.27078322,0.3318933,0.43743908,0.33256203,0.24993372,0.06367171,-0.097849116,-0.2475562,-0.33370948,-0.35845274,-0.19717543,-0.2721665,-0.27790996,-0.09132962,-0.13267867,-0.19412787,-0.16984844,-0.17145449,-0.15229881,-0.28500378,-0.27620184,-0.3744782,-0.40537718,-0.43118358,-0.39852184,-0.2963918,-0.15486136,0.102728456,0.28292644,0.57120556,0.71365213,0.8177604,1.0,0.8504398,0.640933,0.49179393,0.48387313,0.57379955,0.4549422,0.2537305,0.24660242,0.20136946,0.036213394,0.004768186,-0.07090732,-0.1513054,-0.20089728,-0.22437891,-0.27359235,-0.3310741,-0.34567088,-0.32478747,-0.307938,-0.30197415,-0.3087638,-0.3446162,-0.3574343,-0.36090457,-0.3752183,-0.399821,-0.3777258,-0.35274193,-0.27581814,-0.12025902,0.029441288,0.32150382,0.4413212,0.6728556,0.5042318,0.48656133,0.49863067,0.35909188,0.28102115,0.19764818,0.15555523,0.12038242,-0.037970357,-0.04904893,0.028005978,0.24997668,0.24135031,0.40490994,0.3106108,0.0843947,-0.053698853,-0.2023086,-0.2106882,-0.16520165,-0.117942125,-0.1348802,-0.11996906,-0.056558546,-0.04364211,-0.07291955,-0.049475748,0.020607112,0.0033701712,0.008719522,0.11822975,0.18933801,0.23821174,0.17103519,0.12953393,0.049418624,0.02621075,-0.14997545,-0.06090465,-0.1889899,-0.27934495,-0.2122201,-0.14347422,-0.24007331,-0.31589434,-0.26073635,-0.24199244,-0.27448317,-0.38292688,-0.36091444,-0.32866088,-0.2235813,-0.20774674,-0.0681911,-0.013403079,-0.02432673,-0.13457838,-0.11459166,-0.15367639,-0.11928776,-0.054612692,-0.09053866,-0.19072384,-0.2423059,-0.25933,-0.2586307,-0.308584,-0.27511385,-0.27694884,-0.39074206,-0.37767783,-0.33896792,-0.32552004,-0.3651746,-0.35209015,-0.25931114,-0.23096125,-0.24977247,-0.23031694,-0.17234512,-0.04472952,-0.030778736,0.045517787,0.09569624,0.13717127,0.11638089,0.11215913,0.16555008,0.21041715,0.25390866,0.2576091,0.35817537,0.33406815,0.27320665,0.31013364,0.32939485,0.26272336,0.18976136,0.18953644,0.1393477,-0.043618597,-0.18723941,-0.12853993,-0.26897615,-0.3757103,-0.3263636,-0.26432192,-0.3291826,-0.2025989,-0.07704013,0.0666452,0.19346093,0.24962005,0.2839183,0.20041883,0.1591481,0.2521706,0.18184923,0.031146523,0.036035664,0.08385162,-0.038910467,-0.13211913,-0.07974326,-0.04407854,0.053496197,0.06132404,0.05202939,0.111906946,0.19053212,0.21549334,0.2473951,0.29436004,0.41154438,0.4222326,0.38676497,0.4124155,0.44186896,0.39627287,0.37757403,0.40769753,0.41066092,0.4441746,0.41744706,0.37928325,0.27016595,0.1975598,0.15784802,0.14971991,0.17187902,0.15529393,0.10205034,0.1325536,0.15335305,0.064118214,0.022155415,0.07171664,-0.038460735,-0.15322617,-0.17651397,-0.2181485,-0.29118487,-0.30312353,-0.33588988,-0.36707315,-0.3751689,-0.11197218,-0.008013732,-0.05008724,-0.09378664
58,-0.34640548,-0.3715113,-0.39463228,-0.3730772,-0.37682235,-0.3329591,-0.3005514,-0.3100353,-0.28779826,-0.22784548,-0.18283561,-0.1840465,-0.11685716,-0.042061653,0.057076097,0.14408578,0.14896457,0.25009805,0.2926927,0.2759432,0.2036923,0.2096659,0.28357786,0.20360549,0.105154514,-0.03459895,-0.12989616,-0.25338456,-0.31161773,-0.3088195,-0.14034872,-0.2148646,-0.21425006,-0.061923258,-0.08328021,-0.12726474,-0.09906748,-0.11278373,-0.10106698,-0.20963646,-0.20695436,-0.2721055,-0.3078737,-0.31969294,-0.3185515,-0.2566449,-0.16860545,0.02582157,0.14577052,0.4111458,0.5726292,0.64689666,0.8504398,1.0,0.84949636,0.6783187,0.64981985,0.740294,0.601312,0.38046297,0.3634007,0.31376967,0.14346465,0.111260705,0.03055835,-0.06326959,-0.10696101,-0.13247253,-0.19561306,-0.24681543,-0.27614218,-0.2698327,-0.27577123,-0.27258024,-0.26223537,-0.3024213,-0.33415624,-0.3335924,-0.3291668,-0.35104537,-0.3151014,-0.27567118,-0.21127161,-0.105790876,0.0078003746,0.24388313,0.29489943,0.48207864,0.31582245,0.31889734,0.3116969,0.17418794,0.1537471,0.098473854,0.034350034,0.057208493,-0.009158316,0.0025194527,0.062837005,0.21656516,0.25405103,0.45278195,0.3485639,0.119191825,-0.025695186,-0.14545609,-0.19157004,-0.14646225,-0.06537736,-0.07180501,-0.056287225,0.021841008,0.057524618,0.017130159,0.04656062,0.12986745,0.1000834,0.11292661,0.23709686,0.27813876,0.3242404,0.24284804,0.14903994,0.07900023,-0.007477626,-0.09774914,-0.046926547,-0.17967121,-0.25194,-0.17151016,-0.14336848,-0.24366991,-0.2912026,-0.25672197,-0.2522668,-0.27800494,-0.37474358,-0.34013358,-0.3190571,-0.25316438,-0.21202451,-0.12001531,-0.09120325,-0.10876962,-0.18442391,-0.16692603,-0.18984622,-0.17331646,-0.14421831,-0.15711646,-0.21450096,-0.2447587,-0.24715896,-0.2748853,-0.3113279,-0.28113234,-0.2770447,-0.37289637,-0.35848284,-0.31422108,-0.28792682,-0.341465,-0.32465494,-0.23861144,-0.21149682,-0.22862291,-0.21976143,-0.17684557,-0.046657536,-0.03856502,0.017129794,0.07349624,0.0929872,0.081736125,0.1110805,0.13953826,0.15484302,0.15114902,0.15056008,0.24411689,0.22067983,0.15048352,0.20148076,0.23555595,0.15733697,0.08924653,0.131664,0.08833496,-0.09864882,-0.18048488,-0.093552575,-0.23408195,-0.3242039,-0.25335968,-0.19714181,-0.26888114,-0.15847957,-0.06936094,0.06880864,0.15781206,0.19149348,0.23801908,0.18606983,0.14601514,0.22336194,0.19101797,0.07740381,0.06969919,0.12530455,0.02368305,-0.06505357,-0.030882388,-0.0039687455,0.07209534,0.06603644,0.06355846,0.1261072,0.18841682,0.18938152,0.22416374,0.26573655,0.3314416,0.3219241,0.30921537,0.3298078,0.33537677,0.29457164,0.29301742,0.31077507,0.3265525,0.34675002,0.30306086,0.2759943,0.1936145,0.13608532,0.079568736,0.06685382,0.0930946,0.07754294,0.042562824,0.073301114,0.08043544,0.0059472313,-0.017646972,0.025834702,-0.084471904,-0.16609488,-0.1659459,-0.21522455,-0.28213403,-0.28036585,-0.29987496,-0.33625,-0.34106815,-0.092668325,0.008745377,-0.025139486,-0.05900918
59,-0.37637225,-0.42234972,-0.44514424,-0.41861638,-0.41630182,-0.3621965,-0.3460664,-0.35218766,-0.32801872,-0.28914195,-0.25113168,-0.24799582,-0.21665817,-0.15956442,-0.037136946,0.035798084,-0.0020008243,0.12591942,0.18875048,0.13821708,0.07157882,0.08003114,0.13522278,0.0385248,-0.048267774,-0.16790047,-0.2275824,-0.3193074,-0.35623705,-0.29828483,-0.14323553,-0.21445325,-0.17907119,-0.042626783,-0.071678944,-0.0992148,-0.057827737,-0.059277218,-0.0696906,-0.16678071,-0.20102522,-0.23183106,-0.28641215,-0.27593538,-0.3060137,-0.30210736,-0.25319678,-0.12329879,-0.016588649,0.22783408,0.38177824,0.44785857,0.640933,0.84949636,1.0,0.8762799,0.78784114,0.7514957,0.67252845,0.4741946,0.36738923,0.275139,0.16003014,0.1142987,0.01340052,-0.07855499,-0.087675296,-0.1315832,-0.21477592,-0.2527031,-0.27697188,-0.26529792,-0.2838701,-0.27922165,-0.26294088,-0.31991845,-0.3625846,-0.37318498,-0.36265665,-0.3806733,-0.32046267,-0.271733,-0.22642557,-0.16996408,-0.020960754,0.14705683,0.17045924,0.30267918,0.15600587,0.21417302,0.21670432,0.06374964,0.0730773,0.053011347,-0.010304092,0.05421443,0.06796498,0.09166592,0.11137902,0.2374635,0.26844046,0.46122995,0.3023863,0.10182666,-0.062327575,-0.14736639,-0.21870574,-0.159977,-0.05547767,-0.061687246,-0.062298488,0.06303447,0.11729517,0.02661892,0.08105643,0.20725855,0.19550686,0.21419479,0.34474286,0.29473367,0.3782125,0.31366256,0.22559981,0.17158581,0.057239525,0.008294465,0.0013274255,-0.121375635,-0.16419458,-0.10369759,-0.11604034,-0.19540884,-0.2340128,-0.2463996,-0.2523601,-0.2511682,-0.37543914,-0.35845038,-0.3560451,-0.33250937,-0.29644272,-0.21463522,-0.19406895,-0.18320592,-0.22731516,-0.21298318,-0.20006928,-0.1848983,-0.19843045,-0.20359926,-0.22347248,-0.23458183,-0.18833736,-0.2306555,-0.2578574,-0.23256525,-0.20168546,-0.2812694,-0.27601686,-0.2437537,-0.19793837,-0.24111414,-0.2407547,-0.168756,-0.13454182,-0.15036798,-0.159551,-0.10644831,0.037205476,-0.011359391,0.03775063,0.10793212,0.13242798,0.13501029,0.16785763,0.1974836,0.19356853,0.13936709,0.13877594,0.22232737,0.20351689,0.122972615,0.17518333,0.21856049,0.14996855,0.0830307,0.1334034,0.10588243,-0.06172291,-0.13771293,-0.045866355,-0.1671318,-0.25474378,-0.1860487,-0.12719421,-0.19658841,-0.0941813,-0.024383022,0.10187496,0.16753405,0.19338866,0.23299934,0.18134429,0.14788243,0.21371625,0.1803014,0.08364229,0.06712019,0.10831275,0.012448924,-0.070713446,-0.043150555,-0.031804044,0.03239202,0.029159993,0.030197686,0.08895875,0.14898376,0.15712588,0.19259697,0.22149761,0.28163284,0.28192076,0.27673724,0.2932707,0.2991454,0.270073,0.27408525,0.28993383,0.29934052,0.3091843,0.2665799,0.23158444,0.1506322,0.09965756,0.036210958,0.021732887,0.055527102,0.04888785,0.021347372,0.044925146,0.052230205,-0.013702814,-0.04003187,0.0133218635,-0.0845799,-0.16496599,-0.15844776,-0.19533591,-0.26412526,-0.27398884,-0.2843954,-0.30956015,-0.32315856,-0.050644506,0.064712316,0.047021046,0.013117655
60,-0.2609525,-0.32042587,-0.3607416,-0.3494211,-0.3454638,-0.31941047,-0.29692733,-0.2701537,-0.26678875,-0.25829893,-0.19436911,-0.17364559,-0.19813718,-0.15337975,0.0027169548,0.042950638,-0.05182382,0.08621478,0.15320984,0.07192721,-0.011970915,-0.035871584,0.011439081,-0.07398068,-0.16299155,-0.24731638,-0.26000005,-0.3344417,-0.33216214,-0.2510072,-0.06661856,-0.1340186,-0.09083847,-0.0062349653,-0.015804296,-0.036578678,-0.0012044857,0.0024259842,-0.012517035,-0.105266355,-0.14908503,-0.15041095,-0.17248058,-0.17805338,-0.19657841,-0.2371893,-0.2229656,-0.14487012,-0.096075974,0.10401458,0.21671434,0.34536383,0.49179393,0.6783187,0.8762799,1.0,0.88115716,0.72514564,0.7606379,0.6492707,0.50052655,0.37190524,0.32052338,0.28087536,0.15074621,0.0566352,0.061905764,-0.008586455,-0.105635166,-0.10601061,-0.116681084,-0.10120204,-0.13631748,-0.14044078,-0.11917121,-0.18399867,-0.24322356,-0.25875443,-0.23666403,-0.24127634,-0.16480595,-0.1316987,-0.07625986,-0.052877333,0.05514874,0.16101064,0.13479681,0.19612369,0.023130381,0.109422356,0.14836045,-0.0064455452,-0.038907625,-0.03647198,-0.073704556,-0.00053582405,0.06414983,0.115966335,0.09931021,0.24822323,0.29450142,0.42413947,0.3672642,0.22293504,0.09162394,0.006709126,-0.057508018,0.0047203763,0.10195992,0.09624102,0.07325033,0.21068697,0.27117002,0.1477743,0.21140306,0.33441493,0.3374495,0.36856183,0.4828776,0.41378656,0.44287714,0.38222042,0.27214786,0.20560734,0.074770376,0.03725505,0.01803723,-0.08252704,-0.11180668,-0.06356549,-0.109434806,-0.17161357,-0.1982038,-0.24643406,-0.26192892,-0.2493693,-0.36821252,-0.36376706,-0.37030974,-0.37329558,-0.32834044,-0.26855797,-0.27441716,-0.27448255,-0.3100483,-0.2865629,-0.27013505,-0.26236242,-0.27506313,-0.26875275,-0.2852993,-0.25271186,-0.18509628,-0.23139334,-0.2638281,-0.22261569,-0.17499167,-0.24719132,-0.23996869,-0.19116937,-0.14263494,-0.1931862,-0.18971223,-0.11372076,-0.09434489,-0.12688692,-0.13131014,-0.07562881,0.008258765,-0.055257518,-0.026569687,0.035350654,0.056791898,0.06939649,0.11372161,0.13921607,0.12194438,0.021586908,0.021505637,0.08970288,0.08403387,-0.001730041,0.048702765,0.10942874,0.04585974,-0.035522804,0.05798189,0.06084444,-0.10870213,-0.12504138,0.009699752,-0.099935904,-0.17685911,-0.07483724,-0.014462569,-0.09431063,-0.011270001,0.010485419,0.1177376,0.13803212,0.13638566,0.1768419,0.16700119,0.13597034,0.1645417,0.17847402,0.12350761,0.08292341,0.11077614,0.05670733,-0.021983223,-0.03327996,-0.027007744,0.021812845,-0.0049138092,-0.011422349,0.06178741,0.09663857,0.074856095,0.10364653,0.16380332,0.16738607,0.13789706,0.17416205,0.19681689,0.16590834,0.14982854,0.17878754,0.1748544,0.19946985,0.1898016,0.13300213,0.09330838,0.027146777,-0.01813236,-0.06299714,-0.063374594,-0.059200503,-0.08101611,-0.09288283,-0.06936264,-0.08035793,-0.11891408,-0.1230797,-0.08455184,-0.16471192,-0.19937716,-0.16930829,-0.20969981,-0.25513312,-0.2452229,-0.22598824,-0.25077182,-0.26537442,-0.051636554,0.051331438,0.02905042,0.0044725183
61,-0.23301084,-0.26958725,-0.31481802,-0.2843307,-0.2736492,-0.22963785,-0.19322142,-0.17556095,-0.18071875,-0.13977106,-0.064287595,-0.060790665,-0.07001963,0.005421209,0.16164273,0.19049467,0.106711246,0.25627226,0.2967083,0.18963982,0.09788398,0.04232741,0.06271483,-0.019458374,-0.1321697,-0.23171292,-0.24989597,-0.34757137,-0.34728622,-0.29104826,-0.10683453,-0.15336457,-0.124962986,-0.041587263,-0.039568912,-0.06286952,-0.036406696,-0.04149344,-0.056276854,-0.1333762,-0.16665381,-0.17242302,-0.18704659,-0.19129102,-0.21582612,-0.24304542,-0.2403971,-0.12941325,-0.09200604,0.1072093,0.21684913,0.32259604,0.48387313,0.64981985,0.78784114,0.88115716,1.0,0.8871132,0.79181635,0.71210563,0.67152727,0.524398,0.40739605,0.39943966,0.27389437,0.15776718,0.13735333,0.08021901,-0.0073313564,-0.047237184,-0.079484634,-0.09732802,-0.1364435,-0.13480687,-0.09306517,-0.1381949,-0.19533968,-0.19158632,-0.17184462,-0.20773405,-0.16161114,-0.13214289,-0.08019283,-0.045912877,0.0042876815,0.1265843,0.06761245,0.1485015,-0.023595907,0.061513737,0.073986344,-0.058454465,-0.061634213,-0.07303884,-0.14039715,-0.083684616,-0.040187787,0.017487902,-0.00224073,0.1264547,0.15961789,0.3544594,0.35989672,0.18379919,0.09808734,0.0015352296,-0.04593133,-0.02898295,0.056133594,0.08640096,0.05662638,0.16038048,0.23147017,0.14317626,0.18366042,0.28543395,0.25967595,0.2767284,0.3893177,0.33275998,0.3351699,0.2666107,0.17480768,0.10167778,-0.03965152,-0.08119,-0.09908672,-0.18541956,-0.20873326,-0.16477606,-0.20318662,-0.2527127,-0.26956108,-0.30737752,-0.3083026,-0.290838,-0.3849827,-0.37858108,-0.3815805,-0.36880735,-0.29721287,-0.2394407,-0.25546592,-0.2852532,-0.33111444,-0.30531812,-0.30148458,-0.29214582,-0.3017034,-0.26097244,-0.33444,-0.32426018,-0.25980717,-0.28694445,-0.3074681,-0.2636746,-0.24423578,-0.30385897,-0.29165512,-0.25891876,-0.22702451,-0.2599587,-0.25685823,-0.19033873,-0.1698972,-0.17536107,-0.17567246,-0.14011922,-0.042155307,-0.046268694,-0.017928572,0.025500063,0.02786408,0.021168418,0.064966574,0.08940497,0.07522365,0.005611909,0.0194856,0.07296655,0.05874788,-0.0024690977,0.04923081,0.089131474,0.018285291,-0.04106436,0.049040455,0.02448854,-0.13557118,-0.11615271,-0.010267784,-0.1253067,-0.17403783,-0.079412766,-0.042120386,-0.12560812,-0.055222284,-0.0436196,0.07003603,0.09698296,0.098642856,0.14744505,0.14031383,0.11271509,0.15582988,0.17520608,0.1288418,0.11612026,0.15872762,0.10191016,0.038514685,0.041741237,0.0540238,0.10201116,0.076297276,0.06300863,0.13006228,0.16377942,0.12259822,0.14280856,0.19557132,0.19426091,0.14885953,0.16439757,0.18346533,0.15545999,0.12346565,0.14131263,0.1429473,0.17072135,0.18121888,0.15092945,0.13312422,0.08792402,0.050986882,0.024547923,0.015981631,-0.0017315323,-0.036868773,-0.047529098,-0.019585082,-0.043952156,-0.077532195,-0.06504774,-0.038750935,-0.13204119,-0.14256957,-0.1087734,-0.16966464,-0.21323128,-0.18601121,-0.16908734,-0.20827878,-0.22314267,-0.053465657,0.009292448,-0.003222546,-0.023701437
62,-0.20243898,-0.20839189,-0.25187737,-0.20904694,-0.19463715,-0.14085041,-0.10227504,-0.09350159,-0.08452848,-0.020054685,0.051915303,0.04174299,0.06286437,0.15980893,0.29024258,0.31943077,0.27667394,0.40406498,0.40474242,0.31083342,0.21383086,0.14345759,0.16262713,0.09939031,-0.03222712,-0.13525976,-0.16460082,-0.2850803,-0.29594037,-0.28541163,-0.11627135,-0.14907956,-0.17061946,-0.06746066,-0.045094434,-0.076462135,-0.08219019,-0.11102834,-0.10272108,-0.15253595,-0.15722664,-0.18020442,-0.18687108,-0.19939478,-0.21328223,-0.19799925,-0.18202539,-0.028045224,0.003331949,0.2034185,0.3213513,0.39091223,0.57379955,0.740294,0.7514957,0.72514564,0.8871132,1.0,0.80375355,0.639693,0.716416,0.6208685,0.41647756,0.41769552,0.32496712,0.20609286,0.15452251,0.12134852,0.056790534,-0.016219886,-0.06634286,-0.10933216,-0.14403309,-0.13371657,-0.08494827,-0.10447611,-0.1492247,-0.12788385,-0.11543064,-0.17117886,-0.15745588,-0.13486317,-0.078632735,-0.00864136,-0.0026424513,0.15797481,0.097929426,0.21758977,0.053261388,0.09283671,0.068445675,-0.035079006,-0.021278339,-0.05639538,-0.14364263,-0.12755357,-0.13222721,-0.08200322,-0.06400635,0.04437191,0.06885881,0.33047125,0.37763464,0.17113481,0.10211264,-0.00819055,-0.042607818,-0.06427484,0.0028547284,0.0500619,0.0194447,0.07891427,0.14823179,0.101914085,0.111682095,0.18616657,0.13394563,0.14364333,0.2570888,0.25406313,0.2280336,0.15020816,0.07366297,-0.0037157678,-0.14236948,-0.18788722,-0.17962791,-0.2577137,-0.29254285,-0.22898199,-0.238688,-0.2945,-0.30701885,-0.30270374,-0.30986574,-0.3071091,-0.36278558,-0.33139908,-0.3241647,-0.2845112,-0.19475788,-0.14039774,-0.16950856,-0.22307685,-0.28637776,-0.25501314,-0.28563696,-0.27758357,-0.25927767,-0.19855243,-0.31058332,-0.32898682,-0.2902976,-0.3141061,-0.32918957,-0.27771974,-0.29766113,-0.35638463,-0.338837,-0.31360456,-0.30657518,-0.3298675,-0.3203799,-0.26770985,-0.2533651,-0.2406573,-0.2319657,-0.21946442,-0.12755452,-0.040528715,-0.016569646,-0.0013727959,-0.025228119,-0.057157196,-0.015035606,0.0022446418,0.0029916824,-0.0015289584,0.024173591,0.07474717,0.04923162,0.009990101,0.066216156,0.082814634,0.005285974,-0.025178833,0.055537827,0.0011056876,-0.1440208,-0.10508149,-0.03652118,-0.15521789,-0.18196772,-0.109057136,-0.09202606,-0.16809693,-0.110139705,-0.09206033,0.021246767,0.06334946,0.06999471,0.12596408,0.12308227,0.09975901,0.1573263,0.17229854,0.1265776,0.13977396,0.19354843,0.13630931,0.08232993,0.09658837,0.1148751,0.1662712,0.13864948,0.122132026,0.1807194,0.2143705,0.15884577,0.18044008,0.22900303,0.22582139,0.17301987,0.17085826,0.18693532,0.16060823,0.11525696,0.12558636,0.13205059,0.1643167,0.19122529,0.17172208,0.1740566,0.14457157,0.10847973,0.08655358,0.0728066,0.05685043,0.014482842,0.0042456207,0.03783866,0.0036537903,-0.03362994,-0.008606719,0.010226427,-0.09864037,-0.095580675,-0.06076884,-0.1402727,-0.18441305,-0.13733433,-0.12506242,-0.18261245,-0.1924103,-0.082971804,-0.06585381,-0.08198575,-0.09470452
63,-0.049271517,-0.087620646,-0.15697905,-0.1326205,-0.11989677,-0.114220455,-0.051497325,-0.003405597,-0.048676185,-0.01749498,0.080735184,0.09881626,0.0487393,0.104279436,0.26925397,0.26584232,0.1418774,0.24543895,0.28778675,0.22259213,0.10658269,0.054309428,0.08984645,0.0340993,-0.09672881,-0.16616336,-0.14509687,-0.22927791,-0.20730126,-0.17820136,-0.041362565,-0.03367892,-0.05920798,-0.047191266,-0.00640736,-0.03325126,-0.07270847,-0.07748129,-0.094693445,-0.118390985,-0.11091621,-0.11156112,-0.073981404,-0.07523505,-0.07780133,-0.06851051,-0.06701194,0.028936349,0.017424965,0.13389632,0.15089452,0.29138857,0.4549422,0.601312,0.67252845,0.7606379,0.79181635,0.80375355,1.0,0.8572105,0.7286957,0.68000484,0.6237521,0.55233145,0.43630418,0.3516929,0.32685843,0.25389516,0.18106338,0.14939737,0.11974234,0.08205599,0.034327187,0.043221973,0.08582923,0.054728486,-0.006700979,-0.0028666905,0.028309014,-0.004441411,0.042017937,0.05318889,0.10663158,0.16076335,0.19803165,0.28947946,0.18553944,0.16427308,-0.016601354,0.020154785,0.04666914,-0.045200367,-0.11034314,-0.14122589,-0.17313462,-0.13179183,-0.08886858,-0.014132035,0.014332074,0.20723182,0.2769393,0.45777497,0.5472396,0.37748796,0.3006814,0.22093643,0.19591087,0.18632667,0.24027054,0.26268467,0.19747901,0.29431954,0.33231267,0.21047391,0.2593556,0.33840716,0.34917772,0.37770355,0.44175783,0.42228654,0.42264375,0.35547042,0.2356809,0.11223303,-0.05150664,-0.108809054,-0.16074568,-0.2138862,-0.19060044,-0.14646569,-0.22992845,-0.24040274,-0.20389464,-0.25766933,-0.300269,-0.24509446,-0.27576792,-0.27657968,-0.28984603,-0.2822852,-0.20456263,-0.16885376,-0.21686946,-0.26639497,-0.31637067,-0.30716178,-0.33906758,-0.3217707,-0.28960043,-0.23955545,-0.35274783,-0.35666543,-0.2776982,-0.28442782,-0.3183144,-0.23425345,-0.20128271,-0.27448976,-0.2771885,-0.23271294,-0.1931473,-0.21876802,-0.22704029,-0.16292901,-0.1458738,-0.1658683,-0.16979425,-0.15224464,-0.18145089,-0.16321443,-0.17293178,-0.15871899,-0.17213292,-0.16747405,-0.098429024,-0.07804384,-0.10469868,-0.15485649,-0.115542985,-0.0714792,-0.088877186,-0.14622839,-0.07889695,-0.0331046,-0.10717003,-0.14583461,0.0047633173,-0.017313004,-0.15721641,-0.03846116,0.07322826,-0.027435116,-0.045361415,0.055927224,0.06553994,-0.012626292,0.033373453,0.003162393,0.07179626,0.047898095,0.016697448,0.08029852,0.13071208,0.1173998,0.12882759,0.19461524,0.1973628,0.18164277,0.19451669,0.19220154,0.1435593,0.10339924,0.10702571,0.14965157,0.09168847,0.0598671,0.13026358,0.13540076,0.043925043,0.047264364,0.14347108,0.084828414,0.0028384547,0.05379848,0.077523865,0.0039735204,-0.017128654,0.027757138,0.0047538606,0.053389058,0.04423815,-0.006387698,-0.012753953,-0.023255194,-0.07102631,-0.10803686,-0.088194355,-0.10096843,-0.15355074,-0.13658543,-0.10604162,-0.15889606,-0.170554,-0.11446493,-0.088690095,-0.1823789,-0.14279975,-0.06470292,-0.1303984,-0.17423868,-0.10279557,-0.053681176,-0.11766609,-0.14175732,-0.14753693,-0.13316122,-0.12603614,-0.114757374
64,0.05795024,0.009043045,-0.06708739,-0.051509574,-0.030824998,-0.050681204,0.02659061,0.09296978,0.010715024,0.02297963,0.14790522,0.16320129,0.061430577,0.11867982,0.2899435,0.23611315,0.08091093,0.20301467,0.2336307,0.12897806,0.049751267,-0.02571032,-0.0206108,-0.05707502,-0.17632067,-0.21075258,-0.14256628,-0.20462286,-0.14844733,-0.10976374,-0.008473304,0.021675711,0.06781475,-0.008906124,0.0045557446,0.0055214628,0.0028682137,0.041184697,-0.005165037,-0.031210393,-0.031330653,-0.02085953,0.03244179,0.034391865,0.016891899,0.004767865,-0.056857824,-0.0141797075,-0.07834099,-0.00777991,-0.0414263,0.13229407,0.2537305,0.38046297,0.4741946,0.6492707,0.71210563,0.639693,0.8572105,1.0,0.8332752,0.7066475,0.752776,0.712619,0.5682484,0.4834132,0.47562727,0.39311993,0.3009002,0.29448107,0.26596984,0.22551195,0.16123271,0.16540156,0.21554619,0.17365071,0.0970929,0.09763632,0.14887017,0.12889172,0.18994154,0.19917537,0.21500261,0.22496326,0.21266809,0.22681455,0.08472415,-0.007489873,-0.19938056,-0.13065685,-0.08993673,-0.17892192,-0.25429612,-0.2530141,-0.26625577,-0.15747933,-0.080279574,-0.0066189757,0.023182217,0.18870662,0.278165,0.38195643,0.5049143,0.39753723,0.38166544,0.33755335,0.3111288,0.3064387,0.366662,0.39922926,0.3334423,0.42801094,0.4490055,0.31826466,0.38413337,0.4312174,0.4634452,0.4774785,0.4968654,0.45488158,0.4267725,0.36559337,0.21977364,0.10120495,-0.07464156,-0.07894779,-0.15256795,-0.21212329,-0.16289814,-0.12083953,-0.2505884,-0.25652206,-0.18225683,-0.25421453,-0.3309416,-0.26031047,-0.24457562,-0.24245597,-0.24905658,-0.27112845,-0.18245909,-0.18791288,-0.2530143,-0.31435534,-0.35308945,-0.3722043,-0.3760215,-0.36289242,-0.3501286,-0.30215082,-0.35874605,-0.33977818,-0.24375907,-0.24095543,-0.27270976,-0.19755203,-0.16799377,-0.22974038,-0.23094182,-0.18720265,-0.14628185,-0.17006859,-0.17960106,-0.12380208,-0.101654485,-0.1304017,-0.13644916,-0.115884036,-0.17621253,-0.20005238,-0.22461693,-0.2043169,-0.21897046,-0.1940054,-0.10787953,-0.11168759,-0.15178458,-0.26349932,-0.22473715,-0.2108087,-0.21985456,-0.2767707,-0.22082451,-0.16410404,-0.23048273,-0.28266832,-0.11718612,-0.105147496,-0.23234063,-0.057053726,0.08987222,0.010963482,0.022251258,0.14730398,0.14579214,0.06538853,0.07725799,-0.0032436042,0.050999105,-0.018148819,-0.07156652,-0.007606857,0.07660699,0.059223443,0.037187073,0.15301576,0.19741167,0.15980646,0.1701046,0.21937345,0.1928406,0.12695265,0.1297248,0.14602321,0.09320925,0.057541627,0.11768615,0.10730968,-0.008624097,-0.024482496,0.08266763,-0.026502594,-0.14484692,-0.06437882,-0.040702272,-0.14764683,-0.15682645,-0.09166032,-0.13243975,-0.07301383,-0.10024239,-0.16352248,-0.16415977,-0.14169766,-0.1683576,-0.17620884,-0.14585498,-0.18949148,-0.25052342,-0.21216333,-0.18987402,-0.25763112,-0.23905131,-0.16427201,-0.17126307,-0.23746029,-0.15217426,-0.06494781,-0.14011064,-0.14886546,-0.063946396,0.0017984619,-0.057673186,-0.0739903,-0.08863435,-0.07328852,-0.06045356,-0.042250287
65,0.06629837,0.06398841,-0.0049569085,0.035966888,0.062697224,0.07418182,0.14750008,0.1965724,0.14429972,0.19032596,0.30845538,0.29813614,0.23617904,0.33254558,0.47771385,0.40781516,0.30392316,0.42411155,0.41709074,0.29860938,0.22417264,0.105783924,0.08358259,0.060458444,-0.0821522,-0.123456314,-0.0711161,-0.1716346,-0.12582538,-0.14477949,-0.04251436,-0.020805208,0.0016154685,-0.028948452,-0.001902538,-0.004785315,-0.022679111,-0.021303339,-0.031740602,-0.038694985,-0.038274024,-0.035258304,0.020476745,0.015751334,0.0065365746,0.017809715,-0.054312576,0.040268764,-0.037545636,0.039825615,0.015352582,0.12648407,0.24660242,0.3634007,0.36738923,0.50052655,0.67152727,0.716416,0.7286957,0.8332752,1.0,0.86677766,0.7244124,0.76748335,0.66603386,0.55008864,0.49372843,0.45102638,0.376125,0.32321018,0.26773563,0.19546852,0.12660432,0.12918757,0.20190442,0.19143331,0.12844333,0.15698135,0.19720422,0.14681868,0.16540705,0.17168742,0.19241473,0.22877347,0.11731215,0.16065764,0.0075145643,-0.02147838,-0.19857496,-0.14672473,-0.15416081,-0.22122593,-0.24933682,-0.25747544,-0.31029612,-0.24498558,-0.21221432,-0.1470123,-0.1061335,-0.013964899,0.06378693,0.2596732,0.4503833,0.3196397,0.35842288,0.28205228,0.2712346,0.21280088,0.25608906,0.32957587,0.27781498,0.2992978,0.35384363,0.3073688,0.3103318,0.31659433,0.27788597,0.28387776,0.3250659,0.33097622,0.22998707,0.1488068,0.023957117,-0.07806504,-0.24241585,-0.21391828,-0.24049878,-0.28964493,-0.27230194,-0.22310589,-0.2980571,-0.32262146,-0.2645792,-0.28407988,-0.34386125,-0.31167734,-0.2611844,-0.22619553,-0.21457252,-0.20503233,-0.0796394,-0.08432726,-0.16020301,-0.25971016,-0.31695485,-0.32199407,-0.36129937,-0.35193753,-0.31873077,-0.22915736,-0.3420424,-0.34088305,-0.28095013,-0.29801545,-0.30850703,-0.23522219,-0.2638632,-0.29555258,-0.27806702,-0.25369877,-0.25829124,-0.2605779,-0.25574172,-0.22621034,-0.21287867,-0.20766142,-0.20437397,-0.20844285,-0.23826489,-0.1381628,-0.16094163,-0.18137814,-0.23308404,-0.25140536,-0.18636763,-0.20259723,-0.22363308,-0.2588096,-0.20688927,-0.21366501,-0.23471111,-0.25076723,-0.1984322,-0.18219429,-0.25288105,-0.26981,-0.13445593,-0.16416584,-0.26021037,-0.05879016,0.025512388,-0.0534335,-0.0012356152,0.09863768,0.06942261,-0.0041998927,-0.025626216,-0.107764475,-0.04468505,-0.09103043,-0.13022292,-0.0631086,0.013861634,0.002459448,0.008187837,0.11968642,0.16919371,0.16505641,0.20684025,0.2548094,0.2487526,0.21625185,0.23139982,0.24475165,0.19373706,0.1595892,0.2039032,0.19357468,0.060495798,0.042110827,0.13784328,0.025518877,-0.11317045,-0.066998355,-0.04647805,-0.14168833,-0.1795028,-0.13074902,-0.15254663,-0.08891962,-0.08015581,-0.10900312,-0.083577365,-0.037821084,-0.053039283,-0.03217115,-0.020303972,-0.08672767,-0.15809174,-0.12810408,-0.10087623,-0.17708322,-0.15423353,-0.0716508,-0.10127832,-0.17533503,-0.064047,0.014042633,-0.0834815,-0.083656244,0.012994223,0.06589117,-0.010498701,-0.022448264,-0.08271594,-0.11503877,-0.11054018,-0.09897769
66,0.18543197,0.19957517,0.12613346,0.17041036,0.20508212,0.20619063,0.28847864,0.35773492,0.29210475,0.33992186,0.4638433,0.46053943,0.38341737,0.47299415,0.6071239,0.51769805,0.4097329,0.47377807,0.447448,0.3527791,0.2671569,0.13739647,0.115090676,0.12445372,-0.009902026,-0.023053266,0.04287471,-0.055571888,-0.00766096,-0.0670904,0.010305536,0.05961349,0.0023790565,-0.045583453,0.02833625,0.015954114,-0.05396572,-0.083309226,-0.08008265,-0.034084488,0.00062921824,0.013610187,0.10437215,0.10445971,0.108575016,0.14524002,0.06725601,0.16364427,0.056256708,0.0668457,0.004836028,0.08901421,0.20136946,0.31376967,0.275139,0.37190524,0.524398,0.6208685,0.68000484,0.7066475,0.86677766,1.0,0.82709324,0.7903793,0.7736097,0.6996186,0.6116375,0.57728815,0.52893174,0.46535775,0.39605796,0.30070287,0.23021491,0.23138179,0.3077104,0.3204725,0.26404148,0.30221745,0.34661645,0.29006624,0.29178888,0.28850338,0.3034179,0.3587712,0.20667076,0.23127532,0.05061506,-0.014695023,-0.16171908,-0.15157092,-0.16623412,-0.20643978,-0.26429847,-0.28044105,-0.31471387,-0.2817916,-0.26673365,-0.18941793,-0.1336201,-0.04083365,0.06335327,0.24041896,0.5095121,0.40274546,0.4526324,0.38248622,0.39832744,0.3095718,0.32767895,0.40551186,0.34217495,0.32422212,0.36108923,0.33756587,0.3181837,0.28520623,0.24481657,0.26106077,0.27548438,0.32695368,0.18850492,0.11475248,-0.007158918,-0.1232149,-0.28196532,-0.25508735,-0.27988023,-0.29560584,-0.26898032,-0.21726725,-0.29957077,-0.3077167,-0.22561294,-0.23262982,-0.30716458,-0.26980338,-0.17257228,-0.12660453,-0.1062463,-0.09298975,0.035821505,0.014882001,-0.07533964,-0.19304292,-0.25729915,-0.2695731,-0.33879417,-0.33060974,-0.27672625,-0.17756493,-0.3190698,-0.32873276,-0.28566313,-0.2864247,-0.29713804,-0.21462779,-0.24654758,-0.2706102,-0.25276962,-0.23046026,-0.2557233,-0.25207996,-0.2406282,-0.22287636,-0.23200217,-0.2282373,-0.21293287,-0.24400043,-0.35239363,-0.20838758,-0.24175252,-0.2895185,-0.34603477,-0.37038192,-0.31271446,-0.32747644,-0.34515473,-0.34794056,-0.28843206,-0.29785296,-0.32447824,-0.31959203,-0.26734656,-0.26917696,-0.33601502,-0.32327676,-0.17741641,-0.21943855,-0.27560788,-0.01675729,0.041296072,-0.01983054,0.067543305,0.15361694,0.098269075,0.03845528,-0.013696228,-0.11934357,-0.094583906,-0.15892504,-0.20909233,-0.13894247,-0.034151018,-0.0359725,-0.043763146,0.09115506,0.17695342,0.1817955,0.21913032,0.3029866,0.31652912,0.2744632,0.29011166,0.29117045,0.22624259,0.188704,0.21950714,0.18300536,0.039748937,0.0066909622,0.09062077,-0.043203305,-0.19340219,-0.15048543,-0.1314242,-0.23432663,-0.27222553,-0.22209632,-0.2462353,-0.17674139,-0.16830468,-0.19610149,-0.15664347,-0.07650312,-0.08818447,-0.07225209,-0.056060594,-0.11946097,-0.19287053,-0.14701436,-0.11976109,-0.20761272,-0.17075296,-0.06229056,-0.10037509,-0.17078117,-0.024929507,0.07307064,-0.034967415,-0.0269773,0.10058342,0.16178507,0.06939259,0.058430664,-0.13159052,-0.2189604,-0.20689696,-0.17877103
67,0.3340353,0.31421483,0.22442372,0.2328911,0.26541945,0.21347103,0.30440122,0.4134606,0.3063089,0.2966077,0.44283095,0.46516088,0.29858428,0.34899837,0.5022898,0.36896482,0.1852643,0.23990531,0.23700358,0.14420122,0.07102824,-0.044969108,-0.067286015,-0.041212134,-0.15465015,-0.115974285,0.008312299,-0.032112647,0.052589923,0.039879747,0.10066504,0.17337926,0.12965082,-0.0073625008,0.06936729,0.07790544,0.010639455,0.013575677,-0.011622474,0.052954562,0.094918735,0.13823207,0.25830448,0.24149989,0.262068,0.2411155,0.13428262,0.12477797,-0.03596337,-0.0933452,-0.20097856,-0.06459571,0.036213394,0.14346465,0.16003014,0.32052338,0.40739605,0.41647756,0.6237521,0.752776,0.7244124,0.82709324,1.0,0.9096711,0.8154593,0.81106627,0.7819055,0.6876956,0.62309855,0.6208133,0.5736738,0.48980668,0.4087025,0.4094791,0.47910252,0.4739445,0.40436593,0.42250288,0.48198685,0.45463783,0.48592448,0.46269584,0.48120582,0.47210804,0.30272236,0.23379093,0.02494247,-0.13265914,-0.27470303,-0.23871179,-0.2179093,-0.25216156,-0.34252518,-0.32321426,-0.3161204,-0.2626646,-0.17420243,-0.08187809,-0.074406005,0.031840935,0.15308106,0.22272174,0.52684635,0.5113941,0.5819726,0.56631577,0.5766506,0.50421715,0.519247,0.5873416,0.4921216,0.50383276,0.5079781,0.42224362,0.44419786,0.40208066,0.4246637,0.44363946,0.41068092,0.42340067,0.29008433,0.25114942,0.12330033,-0.0066604074,-0.1784186,-0.14008647,-0.20120074,-0.192425,-0.13309494,-0.10198852,-0.22955577,-0.20650083,-0.101705916,-0.1533486,-0.2430332,-0.1804817,-0.087008394,-0.06813932,-0.06970931,-0.10921984,-0.0055233543,-0.066341616,-0.16274664,-0.2577233,-0.28993747,-0.29770112,-0.34150976,-0.34065875,-0.29532266,-0.2077059,-0.30360568,-0.27404323,-0.1991651,-0.19837847,-0.21466698,-0.12882178,-0.12313252,-0.14586,-0.13275605,-0.11200979,-0.12369902,-0.13050343,-0.13283221,-0.1206628,-0.13934368,-0.1681046,-0.15808433,-0.19158863,-0.36770627,-0.28542864,-0.33245957,-0.3706682,-0.41254205,-0.4149756,-0.34580618,-0.35679814,-0.39049688,-0.4601651,-0.4032411,-0.42700553,-0.4454024,-0.4555626,-0.40648013,-0.37559748,-0.43051147,-0.42660758,-0.24377689,-0.23618464,-0.28315553,0.019403052,0.12439905,0.09022961,0.17984022,0.29103604,0.24024041,0.18754892,0.11870203,-0.033329997,-0.049625862,-0.17088008,-0.25775948,-0.19100137,-0.039195195,-0.036484983,-0.09826692,0.07934208,0.20788656,0.18151626,0.18929692,0.31576964,0.3401585,0.24350783,0.2413272,0.21198384,0.12489139,0.08596441,0.12885949,0.05658374,-0.108445,-0.13746302,-0.027655821,-0.21109258,-0.3704885,-0.2720384,-0.24938162,-0.38513526,-0.38912326,-0.3116612,-0.36151195,-0.2860979,-0.31752816,-0.3691476,-0.34375468,-0.25714943,-0.26549226,-0.2365949,-0.19889422,-0.27166334,-0.34045154,-0.2838598,-0.2669115,-0.35763037,-0.29132712,-0.16770588,-0.20806459,-0.24396671,-0.06470253,0.054310635,-0.03987382,-0.014606975,0.12959689,0.22059382,0.1347277,0.12270341,-0.103330106,-0.2032653,-0.18202777,-0.13657275
68,0.34139794,0.32902104,0.2363024,0.25478876,0.2885061,0.24355061,0.33219245,0.43468255,0.3352056,0.3325997,0.4859067,0.48691195,0.3186202,0.39243454,0.54236585,0.38594747,0.20547734,0.28074118,0.25800216,0.14986233,0.10322991,-0.029490339,-0.07182113,-0.04453476,-0.17207973,-0.13322748,-0.010690644,-0.059971746,0.027268454,0.021093652,0.09646251,0.17504375,0.16204995,-0.005170152,0.07113107,0.09003403,0.043648057,0.056084737,0.006510249,0.050797172,0.09054793,0.13443136,0.25211927,0.23295227,0.24447939,0.21705315,0.09070874,0.08646073,-0.0706081,-0.124106705,-0.21829717,-0.08745196,0.004768186,0.111260705,0.1142987,0.28087536,0.39943966,0.41769552,0.55233145,0.712619,0.76748335,0.7903793,0.9096711,1.0,0.86773056,0.7999572,0.79127616,0.7164636,0.63905334,0.6384421,0.5944531,0.50571907,0.41814214,0.41504267,0.4919122,0.48867542,0.41586918,0.4387686,0.49841893,0.46242636,0.48759916,0.45590767,0.46498278,0.45161408,0.2506228,0.16996768,-0.049127843,-0.18515629,-0.33425316,-0.28962168,-0.2738591,-0.2987349,-0.36411855,-0.34493703,-0.3514671,-0.29061317,-0.20485932,-0.118612625,-0.12841336,-0.059032083,0.06269633,0.15893863,0.46350735,0.45933238,0.56454307,0.5476879,0.56421304,0.47393316,0.48915356,0.5825977,0.4884052,0.47990087,0.495297,0.42992005,0.4391661,0.387051,0.39383876,0.40359896,0.3682027,0.3762495,0.23603629,0.18072434,0.05026192,-0.06672064,-0.24221677,-0.17861846,-0.22995456,-0.21125133,-0.16312645,-0.13427171,-0.25322655,-0.23409136,-0.13456069,-0.18101962,-0.26167953,-0.20958264,-0.10778863,-0.08886771,-0.089488305,-0.124288864,-0.00995215,-0.06686007,-0.17813312,-0.28462833,-0.31048107,-0.31745702,-0.35425133,-0.35133094,-0.31042182,-0.20698301,-0.30187893,-0.27457026,-0.20337863,-0.21901882,-0.2351091,-0.16035381,-0.15744476,-0.16802947,-0.16103294,-0.13637373,-0.13927148,-0.1379889,-0.14334615,-0.12870866,-0.1350037,-0.15785494,-0.14923115,-0.17445438,-0.3545886,-0.28598547,-0.33467487,-0.37454838,-0.40985045,-0.409843,-0.34533212,-0.36237246,-0.4054736,-0.47280028,-0.41318572,-0.45208374,-0.4721355,-0.47016516,-0.41846818,-0.39563859,-0.45173794,-0.4378321,-0.25926784,-0.26441872,-0.3058084,0.012596801,0.10988876,0.07713022,0.18167883,0.30015862,0.24460077,0.18425454,0.10253106,-0.06045664,-0.07589449,-0.1996711,-0.28443685,-0.21501891,-0.062104616,-0.055154216,-0.110631324,0.07087052,0.20394051,0.18827462,0.20910314,0.3369664,0.36584273,0.27864602,0.28312287,0.24800922,0.15670459,0.11797599,0.16203499,0.08788361,-0.08453154,-0.11168455,-0.007136143,-0.20434979,-0.375711,-0.2852054,-0.26788464,-0.4029332,-0.41599417,-0.34415713,-0.389201,-0.31454512,-0.3309935,-0.3673348,-0.32425636,-0.22113642,-0.2169562,-0.17527038,-0.14685574,-0.23866588,-0.3154456,-0.2555925,-0.23949488,-0.3400214,-0.26596633,-0.13716222,-0.18746659,-0.22311312,-0.03256182,0.08230218,-0.018298896,0.0137874605,0.15228337,0.23792571,0.15313296,0.13882418,-0.09797126,-0.18736584,-0.16330919,-0.1200091
69,0.4005604,0.4238405,0.35081166,0.38760594,0.43026933,0.3968452,0.48250628,0.5859917,0.49531454,0.51339316,0.64694625,0.63050693,0.49521098,0.56945693,0.6768547,0.5194991,0.35786784,0.39136985,0.3477053,0.24133274,0.20564993,0.050955933,-0.004824772,0.05304432,-0.05516615,-0.0037469133,0.119323894,0.061752338,0.13039453,0.07159583,0.06752736,0.18861744,0.14169201,-0.07155377,0.025267214,0.047329955,-0.023259887,-0.0044692764,-0.04590109,0.06669876,0.14311366,0.18188961,0.3002608,0.28977862,0.28869814,0.30382448,0.1643061,0.17186046,0.0076005943,-0.08937676,-0.20318766,-0.11557121,-0.07090732,0.03055835,0.01340052,0.15074621,0.27389437,0.32496712,0.43630418,0.5682484,0.66603386,0.7736097,0.8154593,0.86773056,1.0,0.9037803,0.8220111,0.8165691,0.75702745,0.70651144,0.62662816,0.5064458,0.42348257,0.4157159,0.49625602,0.53404874,0.48714805,0.53384835,0.58765286,0.5365406,0.5290965,0.503958,0.46601775,0.4626469,0.23315595,0.14085734,-0.09224333,-0.22015259,-0.31902847,-0.30978158,-0.3206021,-0.31423563,-0.3735435,-0.36344838,-0.3642071,-0.2868084,-0.26181307,-0.19384697,-0.17292929,-0.15964279,-0.033508617,0.05978681,0.36946005,0.3777423,0.51577973,0.50870436,0.55175614,0.42296398,0.4162474,0.5180938,0.4589056,0.3810867,0.40364054,0.42088646,0.38732496,0.2887961,0.2544669,0.25432917,0.20547284,0.26315737,0.097071774,0.020068584,-0.094354674,-0.19441655,-0.3404464,-0.2540056,-0.29751536,-0.2730567,-0.2331239,-0.1993019,-0.29865894,-0.28656918,-0.17026663,-0.17697284,-0.26656553,-0.2278651,-0.06766977,-0.0128312465,0.021966273,0.012297443,0.1354491,0.07016439,-0.05119428,-0.17443216,-0.22014473,-0.24520007,-0.3161165,-0.30634633,-0.2480609,-0.12746605,-0.24999349,-0.26987016,-0.2277672,-0.22864747,-0.23171756,-0.1720168,-0.19386247,-0.18844323,-0.17487282,-0.16048396,-0.19246262,-0.16357853,-0.143347,-0.15649344,-0.16913477,-0.15492551,-0.14098227,-0.1925646,-0.37983385,-0.26624766,-0.32037812,-0.37808168,-0.43301564,-0.44450527,-0.3812958,-0.41725662,-0.47079363,-0.48727816,-0.41440392,-0.4766941,-0.50910443,-0.47424957,-0.43048882,-0.45473704,-0.5007429,-0.4412079,-0.30272433,-0.34507582,-0.33194146,0.016149068,0.050070144,0.035361547,0.19469403,0.27690154,0.18191601,0.14331628,0.024536734,-0.14354055,-0.17921124,-0.29858714,-0.37036192,-0.31018856,-0.16229934,-0.1505342,-0.19411087,-0.011382629,0.14124838,0.1449651,0.18931967,0.33842066,0.39559487,0.33695853,0.351491,0.29776907,0.21884361,0.18327016,0.19814038,0.11582305,-0.040835872,-0.08994868,-0.034921978,-0.22333595,-0.39091027,-0.34666395,-0.33873805,-0.45318887,-0.4763906,-0.4204977,-0.45353952,-0.38620585,-0.3829657,-0.39136904,-0.32357854,-0.18346843,-0.17138655,-0.1418976,-0.10854317,-0.18121915,-0.2562127,-0.18150698,-0.16366151,-0.26226422,-0.18116924,-0.041328687,-0.107030325,-0.13592482,0.07198782,0.1790619,0.06824963,0.105595335,0.24706958,0.31122735,0.2165352,0.21340944,-0.09862314,-0.22253822,-0.18316945,-0.13362643
70,0.5077829,0.5261982,0.45784298,0.47651023,0.5187132,0.45411932,0.53777766,0.65446246,0.54974335,0.5366999,0.65922976,0.66324544,0.4975455,0.53486806,0.629758,0.46435404,0.2916641,0.29546204,0.25402138,0.16367412,0.12656501,-0.013684464,-0.068759784,0.0130104665,-0.06737338,0.014351076,0.16832648,0.15630563,0.23623383,0.17247777,0.09573477,0.23478068,0.1473772,-0.08685826,0.008843369,0.0375304,-0.052472208,-0.031485673,-0.044583246,0.14517596,0.24062693,0.28909057,0.41224137,0.39085314,0.41090542,0.4103783,0.26967686,0.21949716,0.017475868,-0.13726433,-0.2805432,-0.19319822,-0.1513054,-0.06326959,-0.07855499,0.0566352,0.15776718,0.20609286,0.3516929,0.4834132,0.55008864,0.6996186,0.81106627,0.7999572,0.9037803,1.0,0.9165727,0.86044,0.83683175,0.79872626,0.7207741,0.59905046,0.51339495,0.49932063,0.5806371,0.626112,0.58487093,0.6222921,0.68356055,0.64636123,0.6406037,0.60616803,0.5697187,0.5482226,0.30611163,0.16466591,-0.06848095,-0.24468663,-0.3140504,-0.3187249,-0.32705396,-0.30390832,-0.3721876,-0.3473512,-0.3256881,-0.26039684,-0.23662938,-0.1709413,-0.13856158,-0.13196711,-5.5330074e-05,0.036397945,0.37476078,0.43368796,0.5809961,0.6004496,0.64162856,0.51363707,0.4957575,0.5768671,0.50472647,0.42641395,0.41782138,0.4187548,0.3987573,0.2824885,0.28410232,0.28481683,0.19519578,0.25549316,0.08601613,0.042083118,-0.06834839,-0.17177938,-0.3008603,-0.20194766,-0.25263453,-0.21721587,-0.1617043,-0.12812257,-0.23771925,-0.20944169,-0.080670625,-0.08372319,-0.1742121,-0.13940458,0.04509333,0.09616362,0.11218036,0.0843639,0.18843597,0.09531358,-0.01964369,-0.12737021,-0.15587187,-0.18545978,-0.2662896,-0.25529906,-0.19095263,-0.088060945,-0.19396581,-0.19927035,-0.15874697,-0.14796211,-0.13748613,-0.087017775,-0.11576519,-0.09671047,-0.08511761,-0.098637626,-0.14450875,-0.10932224,-0.09957782,-0.13563591,-0.16420844,-0.1532815,-0.14631696,-0.21876766,-0.42282915,-0.28746194,-0.34449482,-0.40567273,-0.4726708,-0.49156997,-0.4209623,-0.45756724,-0.521483,-0.5428895,-0.4727918,-0.5402401,-0.5753981,-0.534283,-0.5038628,-0.5262204,-0.5550588,-0.4889289,-0.3591062,-0.3746721,-0.3294913,0.034565236,0.062166806,0.07746428,0.25339475,0.32130075,0.21691857,0.19671701,0.059695333,-0.12706916,-0.19809821,-0.3390083,-0.4268694,-0.37043098,-0.20179482,-0.18612324,-0.25162482,-0.054032225,0.125539,0.122541465,0.15654863,0.32829633,0.40375176,0.33119306,0.33718485,0.27010715,0.18476203,0.14394261,0.14710079,0.046009976,-0.12029176,-0.16854623,-0.121109426,-0.32428926,-0.4770085,-0.4234731,-0.4199385,-0.5343227,-0.5429424,-0.4852045,-0.52259755,-0.45976916,-0.4680106,-0.46904537,-0.39946198,-0.24418545,-0.21813862,-0.18051046,-0.15954682,-0.2326829,-0.29461387,-0.21230832,-0.20403188,-0.31008026,-0.2113371,-0.06550409,-0.14385302,-0.15324104,0.076489754,0.18686907,0.0807912,0.12928963,0.2892665,0.35970885,0.2667558,0.26664418,-0.08130355,-0.23959969,-0.19661614,-0.14502773
71,0.55371535,0.54880196,0.46036902,0.45584905,0.49484155,0.40480688,0.49356362,0.6138349,0.48567674,0.4475357,0.5806845,0.59743744,0.3981699,0.41884562,0.52570987,0.34852126,0.16457449,0.1756748,0.13578567,0.043072652,0.007690793,-0.12280327,-0.17531516,-0.09320181,-0.17577748,-0.08063042,0.09152455,0.1090151,0.20900102,0.18614574,0.1429396,0.25819626,0.18674813,-0.03793154,0.051111687,0.07889604,0.007429169,0.03188185,0.0065463004,0.18117175,0.267497,0.3182902,0.44816864,0.4072062,0.43290484,0.3950402,0.24332498,0.15440272,-0.06536053,-0.22848536,-0.3624477,-0.25708243,-0.20089728,-0.10696101,-0.087675296,0.061905764,0.13735333,0.15452251,0.32685843,0.47562727,0.49372843,0.6116375,0.7819055,0.79127616,0.8220111,0.9165727,1.0,0.91044194,0.8298256,0.83954966,0.79187137,0.6843898,0.5958148,0.5854422,0.6672709,0.69011724,0.63186914,0.6471929,0.71136475,0.6857411,0.6996461,0.64152277,0.6140284,0.569085,0.33067164,0.14251478,-0.09401722,-0.2869664,-0.35482472,-0.34500656,-0.33152363,-0.3126599,-0.38669884,-0.34857237,-0.31521794,-0.25670692,-0.17979886,-0.10239804,-0.12476598,-0.10250481,0.03771822,0.035083063,0.37832898,0.48610732,0.64011365,0.67580694,0.710463,0.5987938,0.58820057,0.67158854,0.5915628,0.53371924,0.49849704,0.46543884,0.4768743,0.35833064,0.39279866,0.3849548,0.26579845,0.30192742,0.1421824,0.11993922,0.01157094,-0.09072971,-0.23707978,-0.12931545,-0.1880296,-0.13525206,-0.07744424,-0.060574163,-0.17644927,-0.13580455,-0.019970816,-0.050594725,-0.13588536,-0.09719342,0.06012476,0.08465197,0.07971963,0.0256347,0.11673571,0.012169751,-0.112195395,-0.20568678,-0.20224817,-0.20995371,-0.26923028,-0.26894855,-0.2071747,-0.11412043,-0.19311744,-0.15650149,-0.095533445,-0.09521876,-0.09656415,-0.0437191,-0.051908106,-0.026178362,-0.01951922,-0.03371585,-0.072131984,-0.05346545,-0.057107713,-0.08692518,-0.122665495,-0.13878559,-0.12821215,-0.1915748,-0.42320314,-0.3228614,-0.38296795,-0.43922603,-0.49060816,-0.49696255,-0.429039,-0.46122548,-0.5226322,-0.58407384,-0.5268222,-0.5861839,-0.6086339,-0.58810544,-0.5587232,-0.54848146,-0.57399046,-0.52697146,-0.36665273,-0.35033527,-0.31206912,0.059154626,0.123721264,0.14749976,0.3051597,0.39314267,0.30521756,0.283283,0.14896974,-0.06249284,-0.14295387,-0.306839,-0.41301146,-0.3560069,-0.16932333,-0.15304081,-0.24021146,-0.03028917,0.15888926,0.13895318,0.15704311,0.33741027,0.40266597,0.3013771,0.29918018,0.22897017,0.1365794,0.09864036,0.11551458,0.0043931473,-0.16738728,-0.20782818,-0.14756152,-0.37291354,-0.52592045,-0.4449248,-0.44295958,-0.5699194,-0.565567,-0.49805894,-0.5438885,-0.48138025,-0.5054096,-0.5211287,-0.46314833,-0.3129746,-0.27707618,-0.24176003,-0.2285156,-0.31174496,-0.36571917,-0.2796892,-0.28023466,-0.39011857,-0.2887993,-0.13991323,-0.21603705,-0.21377565,0.019006979,0.14522916,0.051519517,0.10499792,0.26595965,0.36072856,0.2733673,0.27024344,-0.059755065,-0.21285829,-0.17699632,-0.11453745
72,0.57262814,0.5978162,0.5173063,0.53274256,0.5816266,0.51124424,0.6026755,0.7153114,0.5912859,0.5707061,0.6904603,0.6902722,0.5063446,0.5227653,0.59320897,0.4099757,0.25017607,0.24116999,0.18417542,0.089195155,0.072984524,-0.056799076,-0.12180008,-0.031983398,-0.112396404,-0.012490215,0.15342456,0.15484719,0.23636428,0.18439338,0.12562917,0.25582552,0.15683274,-0.06524059,0.04119589,0.069965936,-0.010821507,0.0067218645,-0.020524727,0.1770346,0.2531992,0.29994383,0.43021116,0.42141378,0.4293641,0.41309994,0.24376217,0.17869912,-0.03431623,-0.20099388,-0.3335499,-0.2503893,-0.22437891,-0.13247253,-0.1315832,-0.008586455,0.08021901,0.12134852,0.25389516,0.39311993,0.45102638,0.57728815,0.6876956,0.7164636,0.8165691,0.86044,0.91044194,1.0,0.91648024,0.8635387,0.79010445,0.65985715,0.5739425,0.5635374,0.65472585,0.70823663,0.6641105,0.70631295,0.7628112,0.7122298,0.69240123,0.64484,0.58045256,0.5383328,0.2648982,0.09465368,-0.13452947,-0.30581,-0.33889624,-0.3552208,-0.36856392,-0.3251832,-0.38064975,-0.3522961,-0.32884386,-0.27516606,-0.23779653,-0.16880977,-0.16439457,-0.18345433,-0.051939003,-0.04090768,0.29456258,0.39132187,0.57263917,0.6037864,0.6626867,0.5250246,0.4994529,0.60288197,0.5413145,0.4379617,0.4204458,0.44366974,0.42156592,0.2856892,0.28321373,0.26682174,0.15531667,0.2170664,0.043938965,-0.0030652287,-0.109419785,-0.19892715,-0.32230955,-0.20334023,-0.24271478,-0.19116098,-0.13833013,-0.11569541,-0.22237447,-0.18991075,-0.055971522,-0.064356364,-0.16514172,-0.13231112,0.06113409,0.111626685,0.12471768,0.096519835,0.19556928,0.1027561,-0.03099594,-0.13952099,-0.15102291,-0.17564294,-0.25039673,-0.25207275,-0.18720144,-0.07221912,-0.17606753,-0.15999506,-0.1181513,-0.10187229,-0.09613779,-0.04059817,-0.07457636,-0.047808997,-0.036039494,-0.05513451,-0.117295936,-0.08160468,-0.06501266,-0.11918176,-0.16063683,-0.15145727,-0.13730158,-0.21390821,-0.4428583,-0.307958,-0.36760378,-0.4340322,-0.49541274,-0.5095734,-0.4432173,-0.48665848,-0.55501914,-0.57303566,-0.51372683,-0.5809775,-0.6077125,-0.56866074,-0.5391897,-0.55375296,-0.5761356,-0.50608087,-0.36772108,-0.37511325,-0.3155817,0.068583675,0.092582054,0.117840916,0.30356002,0.37053826,0.25748688,0.24051431,0.090528965,-0.11325585,-0.19080575,-0.34213585,-0.43740723,-0.3837009,-0.20493753,-0.18822667,-0.2635259,-0.057267122,0.13254648,0.13007149,0.15939608,0.3427318,0.41916892,0.33838546,0.34339702,0.26591066,0.18674092,0.15131015,0.15147337,0.043639176,-0.12272976,-0.17012663,-0.13265197,-0.35244355,-0.5058834,-0.4495247,-0.4505052,-0.568968,-0.571862,-0.51145095,-0.55269057,-0.49524072,-0.5068377,-0.5105627,-0.4391467,-0.27354845,-0.23079035,-0.19692811,-0.18721385,-0.2680051,-0.31939533,-0.22871076,-0.2255812,-0.32988116,-0.2274123,-0.07350664,-0.15828148,-0.15482447,0.088626385,0.20701174,0.104089364,0.16156523,0.32209978,0.40626517,0.31705377,0.31073865,-0.055630825,-0.23515326,-0.1970401,-0.13039756
73,0.6429786,0.69496673,0.64107764,0.6615515,0.7178254,0.6519309,0.72902197,0.84298116,0.7289654,0.70610774,0.8016642,0.803973,0.62444955,0.6200573,0.6584401,0.47219458,0.31993297,0.27616343,0.20380229,0.13182226,0.10604898,-0.027320424,-0.092854954,0.019944934,-0.046351336,0.083874844,0.26884905,0.29048213,0.3609284,0.28282642,0.15373765,0.32313022,0.10307113,-0.11910236,0.035817083,0.06835087,-0.079842575,-0.10168081,-0.0814254,0.21901256,0.32128575,0.39038405,0.5215034,0.53328943,0.5294915,0.5275931,0.36182716,0.264989,0.03653172,-0.18426937,-0.34170827,-0.28973097,-0.27359235,-0.19561306,-0.21477592,-0.105635166,-0.0073313564,0.056790534,0.18106338,0.3009002,0.376125,0.52893174,0.62309855,0.63905334,0.75702745,0.83683175,0.8298256,0.91648024,1.0,0.913629,0.8163378,0.662769,0.5827074,0.57808715,0.66781396,0.7549208,0.73252124,0.7932854,0.84746844,0.79743177,0.74711144,0.71367943,0.63687277,0.58865225,0.288296,0.11127435,-0.12264835,-0.31051725,-0.31303453,-0.36667106,-0.39910433,-0.3209476,-0.36616728,-0.32944468,-0.30468553,-0.30120102,-0.28860185,-0.2116318,-0.16092548,-0.2210472,-0.09758371,-0.09656453,0.25848624,0.36631623,0.55521625,0.60775197,0.6653802,0.50676477,0.4527931,0.5355206,0.45725834,0.3342748,0.31924778,0.35251555,0.30534768,0.16956094,0.17161693,0.16991374,0.053241182,0.13927105,-0.050712388,-0.08408087,-0.17134967,-0.26765695,-0.3717099,-0.2374962,-0.27151397,-0.19770338,-0.13372584,-0.09417653,-0.19612998,-0.16073434,-0.0012847476,0.024635162,-0.09811775,-0.07230858,0.16470338,0.24898733,0.26090246,0.24112166,0.32974967,0.21429889,0.0791161,-0.031360682,-0.04249642,-0.074833035,-0.1632267,-0.16800389,-0.10516373,0.016721478,-0.11650595,-0.12740764,-0.10401085,-0.0790237,-0.056587163,0.010027985,-0.04126738,0.00052092044,0.005927401,-0.029136064,-0.10840427,-0.051746335,-0.033807818,-0.120742895,-0.17782433,-0.14009437,-0.13117586,-0.24689856,-0.5031027,-0.29474053,-0.36185497,-0.45836747,-0.54229695,-0.5790439,-0.5180518,-0.56804407,-0.6416458,-0.5840772,-0.5175502,-0.60472584,-0.63763064,-0.5653561,-0.5491933,-0.5932668,-0.6000821,-0.49211097,-0.37529492,-0.40001902,-0.28509593,0.123578005,0.08614231,0.1401737,0.36342674,0.3799396,0.23729214,0.24385397,0.070943944,-0.13738553,-0.24846241,-0.3998197,-0.496176,-0.44365403,-0.25823954,-0.230653,-0.3085247,-0.101511106,0.108170636,0.12340764,0.15353596,0.35524994,0.45923492,0.3906011,0.39481676,0.3047076,0.2224828,0.19033594,0.16191547,0.041629035,-0.13091736,-0.18050216,-0.16762243,-0.3859039,-0.5306848,-0.4932553,-0.49811783,-0.6100819,-0.61475194,-0.5593246,-0.59720355,-0.54520565,-0.54915285,-0.5306116,-0.44145435,-0.2501886,-0.19374877,-0.13800442,-0.13711907,-0.22901608,-0.28228712,-0.19208339,-0.18586735,-0.29122967,-0.17978619,-0.015349629,-0.11392688,-0.10053625,0.16519783,0.28395167,0.1830652,0.24352366,0.42421186,0.49996614,0.41006398,0.40017322,-0.098040484,-0.3486763,-0.30137715,-0.2258016
74,0.7397055,0.7441907,0.6705901,0.646846,0.6967563,0.58440566,0.6541128,0.7861988,0.65000767,0.58495235,0.69697124,0.71785045,0.49945536,0.48191935,0.5419407,0.3440023,0.16928999,0.13320126,0.0524689,-0.020883385,-0.039980046,-0.16814603,-0.22887145,-0.09934537,-0.14680822,0.02208108,0.23800354,0.29657885,0.4062874,0.375291,0.32268086,0.44496563,0.2728721,0.026198972,0.18045206,0.21858707,0.0973039,0.0763935,0.06813833,0.2861556,0.38308668,0.47145417,0.6317318,0.62157035,0.6370367,0.5829242,0.40661675,0.25127265,-0.014587921,-0.266012,-0.44066545,-0.33219197,-0.3310741,-0.24681543,-0.2527031,-0.10601061,-0.047237184,-0.016219886,0.14939737,0.29448107,0.32321018,0.46535775,0.6208133,0.6384421,0.70651144,0.79872626,0.83954966,0.8635387,0.913629,1.0,0.9486538,0.8391288,0.7459539,0.724515,0.7979631,0.84629786,0.8027113,0.82030874,0.8929837,0.89730984,0.8931951,0.8302406,0.76551497,0.68665934,0.38775983,0.15697767,-0.09170117,-0.3277311,-0.35249582,-0.38962236,-0.37183407,-0.31151435,-0.40728498,-0.34744313,-0.28263375,-0.29270494,-0.21279952,-0.11596621,-0.09648668,-0.12670821,0.01917297,-0.091738746,0.30444556,0.49011987,0.6755316,0.75548536,0.80740225,0.7025281,0.654719,0.7138577,0.6086233,0.5242783,0.45840758,0.42422524,0.41818717,0.2757715,0.33861548,0.34426117,0.18748805,0.25935623,0.06082816,0.053528357,-0.05626702,-0.1634704,-0.2752654,-0.12282916,-0.15411688,-0.055272117,0.015978074,0.04630231,-0.09057131,-0.050862867,0.11379223,0.09864885,-0.03740729,-0.003567254,0.21605055,0.285195,0.28252324,0.22071476,0.2973893,0.14715357,-0.001304939,-0.10197578,-0.089153506,-0.11195282,-0.1777646,-0.19509031,-0.13690524,-0.066818275,-0.12462061,-0.06633792,-0.022660917,-0.01620469,-0.022131754,0.035074595,0.025421077,0.07070052,0.06209211,0.077418,0.032887973,0.0385758,0.05159415,0.018794341,-0.055969846,-0.09300052,-0.059554223,-0.15041594,-0.51480657,-0.4010844,-0.48552406,-0.5742265,-0.6251479,-0.6201076,-0.5562582,-0.60273725,-0.66509306,-0.71121526,-0.6736071,-0.73626035,-0.74168855,-0.7081483,-0.69835836,-0.6838444,-0.68365353,-0.6220541,-0.44522747,-0.4004102,-0.31554046,0.11245791,0.16701092,0.23849949,0.42778212,0.48769712,0.37492454,0.38203934,0.2114499,-0.029338425,-0.15909958,-0.3624125,-0.49697572,-0.44301474,-0.21506397,-0.19379455,-0.32670984,-0.075433455,0.16354844,0.13085161,0.13601209,0.37391934,0.4649109,0.34054264,0.33722082,0.24248627,0.14176208,0.10897732,0.108766876,-0.034964655,-0.22158785,-0.270795,-0.22416796,-0.49553013,-0.6636999,-0.5649019,-0.5656127,-0.72074634,-0.7037248,-0.61528754,-0.6795206,-0.6118076,-0.6526681,-0.6760426,-0.60231555,-0.414882,-0.34314483,-0.2877337,-0.283799,-0.3978367,-0.4502562,-0.34833056,-0.35255843,-0.46967465,-0.34372184,-0.17571078,-0.27782968,-0.2465916,0.038444113,0.18006751,0.09230862,0.16666207,0.35406908,0.47220132,0.39730507,0.38950238,-0.11253576,-0.31482318,-0.2890311,-0.19524153
75,0.7828488,0.7581189,0.66475564,0.6146154,0.65082806,0.5140176,0.5793066,0.7080042,0.5663304,0.4822612,0.5972166,0.6275473,0.40777776,0.38087294,0.44251224,0.2516514,0.08261339,0.043858584,-0.03677458,-0.08922911,-0.10954129,-0.2246059,-0.28007984,-0.15387517,-0.19352305,-0.01897178,0.18726566,0.26417226,0.38867107,0.39012602,0.3926185,0.48825344,0.32772532,0.08155045,0.23959605,0.27380309,0.1600524,0.13640752,0.11156402,0.28085926,0.37915403,0.4657715,0.6372306,0.599773,0.62996995,0.55508935,0.39461732,0.22318512,-0.039244037,-0.29828605,-0.4750216,-0.33431178,-0.34567088,-0.27614218,-0.27697188,-0.116681084,-0.079484634,-0.06634286,0.11974234,0.26596984,0.26773563,0.39605796,0.5736738,0.5944531,0.62662816,0.7207741,0.79187137,0.79010445,0.8163378,0.9486538,1.0,0.92754066,0.83603764,0.81138915,0.87673986,0.8969575,0.83753574,0.82827073,0.8958011,0.90889454,0.9162505,0.8197567,0.77499735,0.6817842,0.41388077,0.16536078,-0.081948765,-0.32159954,-0.35465512,-0.38291168,-0.33706343,-0.27469346,-0.39479077,-0.33159697,-0.24171689,-0.2842448,-0.17253672,-0.0686374,-0.08421482,-0.086701185,0.055698182,-0.11109799,0.30112728,0.5218238,0.69683003,0.78393215,0.84691477,0.76388425,0.71699166,0.7686849,0.65295124,0.5867222,0.50222874,0.43859917,0.4503452,0.30546197,0.397318,0.4047414,0.227514,0.27977684,0.1029857,0.10612292,-0.00064638694,-0.10485164,-0.21567345,-0.07014796,-0.09541125,0.022772405,0.093345605,0.108838595,-0.037432745,0.015449862,0.16560575,0.12795763,-0.0016371846,0.026193254,0.22446309,0.2747802,0.25972143,0.18227285,0.24596584,0.096163526,-0.053772394,-0.13569734,-0.11525002,-0.12337798,-0.18006502,-0.19613138,-0.13005051,-0.08162645,-0.11289898,-0.02788326,0.025148844,0.020291181,0.0023754707,0.05968313,0.07146273,0.12469388,0.1080776,0.13659547,0.10980354,0.10094204,0.10626137,0.08996463,0.0096505275,-0.05783125,-0.01818367,-0.09548967,-0.5070337,-0.44688055,-0.53631765,-0.6199967,-0.6491675,-0.62333816,-0.56228715,-0.6040498,-0.6663863,-0.74465364,-0.7189508,-0.76456535,-0.75681746,-0.73943657,-0.7266519,-0.6858966,-0.6819022,-0.6373504,-0.43293896,-0.36613408,-0.29438093,0.1360206,0.22203451,0.30119577,0.46638593,0.5409513,0.44638667,0.45480132,0.28885278,0.038226888,-0.1014871,-0.32402575,-0.46963465,-0.41881537,-0.17542756,-0.1525134,-0.30336797,-0.044371,0.20091464,0.15269803,0.14364983,0.38057458,0.45921925,0.31306747,0.30076465,0.20571613,0.10095807,0.07325514,0.085900486,-0.06345248,-0.2472457,-0.2905497,-0.22893375,-0.5159903,-0.6883439,-0.56359345,-0.5635975,-0.7347402,-0.709286,-0.6104325,-0.68489945,-0.6112893,-0.66557354,-0.70574385,-0.6399586,-0.4637913,-0.38816765,-0.3386725,-0.34067765,-0.45665768,-0.5052595,-0.4057369,-0.41229305,-0.52927595,-0.40305883,-0.23515205,-0.32854933,-0.2887114,-0.0067008445,0.14472578,0.07032729,0.14375016,0.328547,0.46516553,0.39923778,0.38945264,-0.11897742,-0.30081543,-0.28454515,-0.18292242
76,0.7387994,0.687925,0.6057631,0.5321248,0.56194,0.41559651,0.4622652,0.5806464,0.45062807,0.35410136,0.46091768,0.49796733,0.2843771,0.2512822,0.31631413,0.1362332,-0.020265736,-0.04880441,-0.12642682,-0.16999584,-0.17927645,-0.2707068,-0.3130592,-0.19201586,-0.21459751,-0.03532659,0.15945977,0.2457574,0.37433556,0.40032178,0.43067527,0.48483163,0.36046496,0.13536759,0.27181694,0.30705827,0.21317098,0.19795269,0.16434896,0.27611995,0.36071646,0.4452958,0.6094369,0.5709338,0.6066077,0.5203951,0.37560427,0.19548576,-0.052987646,-0.29639128,-0.4637938,-0.3040134,-0.32478747,-0.2698327,-0.26529792,-0.10120204,-0.09732802,-0.10933216,0.08205599,0.22551195,0.19546852,0.30070287,0.48980668,0.50571907,0.5064458,0.59905046,0.6843898,0.65985715,0.662769,0.8391288,0.92754066,1.0,0.92295617,0.8315084,0.8512544,0.8287779,0.7626073,0.7244538,0.7923603,0.8500734,0.8799084,0.7776912,0.7475027,0.6533402,0.426353,0.17567591,-0.04719009,-0.27175933,-0.31733885,-0.33284768,-0.26190355,-0.21928681,-0.36369532,-0.29762807,-0.1876207,-0.23501788,-0.11099515,-0.013900285,-0.030095153,-0.010901038,0.12654364,-0.09554004,0.28492248,0.5293305,0.6752684,0.7682991,0.82475746,0.78417987,0.7411065,0.7698177,0.64783114,0.6103142,0.51493734,0.41868585,0.44900766,0.31856522,0.433009,0.44799423,0.27012894,0.30379304,0.151525,0.15967034,0.0509158,-0.040372048,-0.13177176,0.0036441658,-0.017194444,0.09666042,0.1633235,0.17262101,0.018424042,0.066487744,0.20422806,0.15619,0.02670044,0.05066166,0.22283402,0.26201257,0.24375933,0.15812328,0.20891005,0.06443573,-0.07871401,-0.14421111,-0.12250749,-0.13249926,-0.17584202,-0.19161521,-0.1323293,-0.12134912,-0.11260502,0.003341439,0.05852766,0.053272855,0.02338695,0.069404274,0.09842488,0.14937983,0.13116738,0.18279758,0.17726295,0.14591323,0.15214172,0.16274767,0.08196829,-0.017154813,0.027165646,-0.0274097,-0.44377372,-0.4567772,-0.5414157,-0.6044566,-0.6048237,-0.5547001,-0.4982201,-0.5346319,-0.5914807,-0.71080774,-0.7124004,-0.7374186,-0.70932585,-0.7133697,-0.7047862,-0.64056957,-0.6300197,-0.6112105,-0.4092607,-0.31338522,-0.26211765,0.12443371,0.2373959,0.31506836,0.4442375,0.5253604,0.4536552,0.46270293,0.32013977,0.09284074,-0.0432636,-0.26187125,-0.40585682,-0.3618902,-0.13051601,-0.115015596,-0.27418554,-0.028414296,0.20149256,0.13131216,0.112471096,0.33342868,0.39477846,0.23642853,0.22080435,0.13235836,0.032670733,0.011116042,0.036141314,-0.10328372,-0.26789692,-0.3110725,-0.24072877,-0.51532865,-0.67462456,-0.5311094,-0.5299481,-0.7038905,-0.6665805,-0.56283665,-0.6436086,-0.57363963,-0.64395785,-0.703653,-0.6557291,-0.50520986,-0.42491835,-0.37743968,-0.37792185,-0.4952464,-0.5367231,-0.4471917,-0.4566166,-0.55867434,-0.4420186,-0.29294887,-0.3718726,-0.3211446,-0.07093589,0.07197226,0.020684013,0.09339446,0.25706926,0.3961831,0.34867907,0.34652948,-0.10569012,-0.24334519,-0.23832485,-0.13976637
77,0.73203236,0.6969216,0.6239248,0.55141085,0.5637137,0.420743,0.4507722,0.53978467,0.4176678,0.33150306,0.4113993,0.43656233,0.25717282,0.23017861,0.27666005,0.11851872,-0.008772378,-0.046756584,-0.122176856,-0.1430915,-0.15866733,-0.23536305,-0.2718774,-0.15823463,-0.1760145,-0.00649849,0.1669288,0.24362504,0.3481629,0.36122876,0.39854753,0.45762834,0.32003295,0.11924638,0.25933576,0.29654902,0.19011898,0.16989769,0.14449155,0.25337,0.3333217,0.3945266,0.54497755,0.5157497,0.5525331,0.47201338,0.36157754,0.20537443,-0.018717041,-0.2578669,-0.41867763,-0.26985538,-0.307938,-0.27577123,-0.2838701,-0.13631748,-0.1364435,-0.14403309,0.034327187,0.16123271,0.12660432,0.23021491,0.4087025,0.41814214,0.42348257,0.51339495,0.5958148,0.5739425,0.5827074,0.7459539,0.83603764,0.92295617,1.0,0.8976779,0.84285027,0.810358,0.75474083,0.7065699,0.7477261,0.8006168,0.80658716,0.7048219,0.6698269,0.58947015,0.4037817,0.17260873,-0.037085187,-0.2394322,-0.27509117,-0.29625094,-0.23167953,-0.17859071,-0.31666672,-0.2734062,-0.16892196,-0.24350643,-0.13298263,-0.041098848,-0.04630878,-0.014367982,0.10031355,-0.10493108,0.2449107,0.4734197,0.6066202,0.6923727,0.7539976,0.70877165,0.6525528,0.675495,0.5665317,0.5223942,0.44888353,0.37138972,0.38350007,0.26647583,0.36711338,0.38235596,0.21891229,0.24587965,0.11738464,0.11952942,0.0303465,-0.05261288,-0.13172929,-0.01622665,-0.035399467,0.080727436,0.15159442,0.15160176,0.006037241,0.059777677,0.18825701,0.14417185,0.02535535,0.051663604,0.22224173,0.25257584,0.23008887,0.16575834,0.20440954,0.08176673,-0.048479103,-0.10806208,-0.10134249,-0.109691866,-0.15658064,-0.16900608,-0.107512206,-0.08944488,-0.09752184,0.0013666202,0.04457482,0.045020282,0.022871252,0.06955175,0.09516584,0.14962305,0.13477185,0.1821753,0.1698695,0.15499522,0.16528621,0.16447565,0.08577326,0.0028542054,0.04696804,-0.01325158,-0.4123087,-0.4223624,-0.50158685,-0.5692555,-0.5669479,-0.52155036,-0.47768053,-0.5098833,-0.5657567,-0.6541427,-0.65077084,-0.6809569,-0.6556069,-0.6509753,-0.64531046,-0.59615254,-0.5781397,-0.5522218,-0.38080412,-0.29611823,-0.22823453,0.12886985,0.21686897,0.3031214,0.43357605,0.4925467,0.414375,0.4313817,0.29034176,0.07781118,-0.05683909,-0.25675124,-0.38905764,-0.3557433,-0.14346667,-0.12324705,-0.27272487,-0.053316083,0.1666373,0.1082386,0.08912256,0.29824066,0.36457485,0.21990243,0.20517455,0.1183353,0.030918747,0.018263126,0.032620113,-0.100977495,-0.24453987,-0.28683206,-0.2342319,-0.48723373,-0.6273636,-0.50284165,-0.5046686,-0.65752083,-0.6219124,-0.53113204,-0.6041834,-0.5464614,-0.6084698,-0.65440464,-0.6070188,-0.4609361,-0.3797223,-0.33384904,-0.33303583,-0.44654664,-0.4831497,-0.39815295,-0.40995124,-0.49968255,-0.3883156,-0.25393865,-0.33150798,-0.27306828,-0.041893154,0.08974568,0.045746807,0.117682375,0.26830322,0.39188024,0.3474794,0.34498793,-0.103923425,-0.2391669,-0.23157564,-0.1393465
78,0.73841125,0.7069154,0.6200366,0.5518048,0.5556005,0.40975544,0.45309913,0.530009,0.39174378,0.32236597,0.3974079,0.42351928,0.25759962,0.22769237,0.26748964,0.12505145,0.005777626,-0.039409805,-0.10971434,-0.1339003,-0.15613714,-0.23290677,-0.2687212,-0.16017424,-0.1749444,-0.020847363,0.1416888,0.21381842,0.31255227,0.3292671,0.37687922,0.4476722,0.31185475,0.108331695,0.2526525,0.28623635,0.18573256,0.16146748,0.1341037,0.23884492,0.32526633,0.3737071,0.5182456,0.48013902,0.50509953,0.418732,0.32462972,0.18183772,-0.021577183,-0.25609678,-0.41021553,-0.26870498,-0.30197415,-0.27258024,-0.27922165,-0.14044078,-0.13480687,-0.13371657,0.043221973,0.16540156,0.12918757,0.23138179,0.4094791,0.41504267,0.4157159,0.49932063,0.5854422,0.5635374,0.57808715,0.724515,0.81138915,0.8315084,0.8976779,1.0,0.92890924,0.8752433,0.8053579,0.73610085,0.7581327,0.7820154,0.7715824,0.66319066,0.6189768,0.5382581,0.36650723,0.14821787,-0.044799693,-0.24209182,-0.26859835,-0.2883329,-0.23456441,-0.17334276,-0.29223514,-0.25335777,-0.16004358,-0.23987842,-0.12971558,-0.03740343,-0.053954404,-0.034057137,0.07057829,-0.116908915,0.22795331,0.43901315,0.56726253,0.6593707,0.71956533,0.67096853,0.6155111,0.6426033,0.5357238,0.49252698,0.41982743,0.34721094,0.3581202,0.24707782,0.34873727,0.3590032,0.19784044,0.20941669,0.092263125,0.10463077,0.035745103,-0.050817102,-0.12838934,-0.030697592,-0.051548995,0.0647847,0.13191558,0.12929153,-0.002721104,0.054922532,0.16970475,0.13244246,0.023042155,0.04504613,0.20879208,0.23612304,0.21139763,0.14985754,0.17696206,0.06675157,-0.049591184,-0.11227561,-0.10923685,-0.10574525,-0.15004684,-0.15987855,-0.096446075,-0.05905995,-0.07351467,0.008881964,0.04268117,0.048021916,0.029151686,0.078878015,0.09866795,0.14656782,0.13114661,0.16791049,0.15337375,0.14205836,0.14849283,0.1435929,0.067459896,-0.008954309,0.022774873,-0.03892234,-0.42730173,-0.43504366,-0.5107623,-0.5720635,-0.57274395,-0.5304377,-0.47587156,-0.5066821,-0.56896883,-0.65421695,-0.6403776,-0.66748446,-0.65069723,-0.64464027,-0.6359012,-0.5878067,-0.5786402,-0.5454671,-0.36045238,-0.28804114,-0.22114314,0.14578925,0.2265088,0.3073359,0.44136932,0.50369775,0.41559008,0.4310336,0.28953597,0.07188171,-0.054539114,-0.25106725,-0.38242003,-0.34777606,-0.12989542,-0.10565508,-0.2530698,-0.03268026,0.1841387,0.13212126,0.11091907,0.31990707,0.38298345,0.24405284,0.23108016,0.14836058,0.053318046,0.029442104,0.049392097,-0.089441456,-0.23656164,-0.26969746,-0.21828221,-0.46485144,-0.6048836,-0.4876014,-0.48633778,-0.63555086,-0.6056852,-0.5173233,-0.58618504,-0.5264834,-0.5826721,-0.6265204,-0.58122903,-0.4364389,-0.36016625,-0.32411885,-0.3336805,-0.43010277,-0.46695057,-0.3804206,-0.38692045,-0.4822907,-0.37366265,-0.23231581,-0.30773368,-0.2579125,-0.023440238,0.11739174,0.06662799,0.1271121,0.2834643,0.41202876,0.3582214,0.34962636,-0.10962273,-0.24888262,-0.2347692,-0.14066415
79,0.75343746,0.7186108,0.6088051,0.5523268,0.56718874,0.42566252,0.49941185,0.5915695,0.4389795,0.37550765,0.46930555,0.50154626,0.31952882,0.29141387,0.3405904,0.18811823,0.052092712,0.010000123,-0.05876248,-0.09957064,-0.13060051,-0.22570126,-0.27145228,-0.16682637,-0.19712144,-0.040627897,0.1334115,0.20138241,0.30792463,0.32471374,0.37867227,0.4567681,0.30674317,0.09809937,0.25090963,0.28052762,0.1785985,0.14771537,0.10946268,0.22516297,0.30804393,0.36196277,0.51723844,0.48511225,0.5041838,0.42372775,0.30899528,0.17438963,-0.043275483,-0.27978146,-0.43515205,-0.29300871,-0.3087638,-0.26223537,-0.26294088,-0.11917121,-0.09306517,-0.08494827,0.08582923,0.21554619,0.20190442,0.3077104,0.47910252,0.4919122,0.49625602,0.5806371,0.6672709,0.65472585,0.66781396,0.7979631,0.87673986,0.8512544,0.84285027,0.92890924,1.0,0.9460292,0.8473129,0.7941838,0.825082,0.81301355,0.7997183,0.694846,0.6439421,0.55867964,0.358242,0.1315651,-0.08004159,-0.28151155,-0.30483028,-0.33028105,-0.2830372,-0.21804678,-0.33859563,-0.29474255,-0.20236894,-0.2713092,-0.15713947,-0.058967546,-0.079327725,-0.06373364,0.05181407,-0.123374894,0.24401313,0.44885445,0.59891623,0.6857126,0.75415134,0.68976235,0.6458097,0.6958192,0.5861096,0.53588086,0.46056798,0.39186856,0.40749994,0.2847923,0.37998328,0.37954012,0.2077621,0.21866272,0.089640155,0.10316447,0.027010685,-0.0692369,-0.17376065,-0.05543969,-0.08047268,0.03686354,0.101094365,0.104265936,-0.028999142,0.027764209,0.1546153,0.111718655,-0.000986165,0.021048985,0.19113716,0.22922519,0.21062382,0.14215766,0.1835088,0.057511646,-0.06842773,-0.13169776,-0.121209994,-0.11604081,-0.16586748,-0.17838301,-0.110946774,-0.05736193,-0.079280585,-0.0010877113,0.03528523,0.028964229,0.005264374,0.061659325,0.0826816,0.13069579,0.11454594,0.14620042,0.12844303,0.12006553,0.12076192,0.11511076,0.042466734,-0.03111644,-0.003490825,-0.066614464,-0.45854485,-0.44002286,-0.52231103,-0.5906046,-0.6068293,-0.5685575,-0.505269,-0.54856545,-0.6105899,-0.6951884,-0.6711091,-0.705111,-0.6934939,-0.685072,-0.66863793,-0.62052673,-0.6194256,-0.5797753,-0.37494817,-0.3089202,-0.24596687,0.15362205,0.23735493,0.31053567,0.4580259,0.5294398,0.43531543,0.4462982,0.29733664,0.06332521,-0.063600875,-0.27278754,-0.41178793,-0.36291957,-0.13194926,-0.10816512,-0.25215217,-0.013984571,0.21400516,0.1672055,0.15486598,0.36593863,0.4299675,0.2870863,0.27284494,0.18640444,0.08888562,0.0681539,0.090820365,-0.051727153,-0.2174361,-0.24889381,-0.19193402,-0.46192443,-0.618853,-0.49865606,-0.49990785,-0.66393363,-0.641387,-0.5478491,-0.619716,-0.54790705,-0.59991115,-0.64696956,-0.5918354,-0.4351638,-0.3627319,-0.3293293,-0.33627382,-0.44328701,-0.48804542,-0.39237058,-0.39305025,-0.50139445,-0.38793856,-0.23116127,-0.30927607,-0.27078325,-0.016799029,0.13573232,0.074146174,0.13189892,0.2999267,0.43732297,0.37575337,0.36195964,-0.11463385,-0.2694825,-0.25112572,-0.1548316
80,0.83570224,0.83377856,0.7299171,0.6820981,0.6884285,0.55759233,0.61674386,0.7073723,0.56515115,0.5039096,0.58321285,0.6031656,0.43047982,0.4019631,0.42933217,0.2746697,0.14076008,0.076748244,0.0025193,-0.037158124,-0.068710975,-0.18340619,-0.23836459,-0.11998437,-0.15358892,0.012863682,0.19089527,0.2572673,0.35684514,0.34907207,0.36007136,0.4771001,0.27826527,0.034609836,0.21445246,0.25232536,0.12139932,0.09174918,0.06912827,0.25791284,0.35772303,0.40860546,0.56201136,0.5249391,0.54615813,0.4805463,0.3565567,0.21781062,-0.009609955,-0.27206984,-0.43790075,-0.3149174,-0.3446162,-0.3024213,-0.31991845,-0.18399867,-0.1381949,-0.10447611,0.054728486,0.17365071,0.19143331,0.3204725,0.4739445,0.48867542,0.53404874,0.626112,0.69011724,0.70823663,0.7549208,0.84629786,0.8969575,0.8287779,0.810358,0.8752433,0.9460292,1.0,0.9498066,0.9159796,0.91891813,0.88191295,0.83011526,0.722778,0.66859275,0.5850022,0.34886187,0.1224434,-0.10682979,-0.30839214,-0.31377718,-0.35655198,-0.3331209,-0.24309711,-0.3432991,-0.30350178,-0.21688163,-0.2919517,-0.20599222,-0.11090345,-0.13033168,-0.14244655,-0.029456919,-0.18146054,0.21416035,0.41588682,0.5908355,0.6718076,0.7480564,0.648512,0.58224505,0.6377253,0.5286096,0.44720137,0.38769928,0.35059714,0.33927616,0.20768604,0.28512007,0.28956103,0.1210592,0.1611359,0.008907743,0.012142096,-0.055588573,-0.15034327,-0.24635181,-0.11737164,-0.13389775,-0.0035653566,0.057703737,0.060859323,-0.055514812,0.0038846317,0.1355299,0.111700684,0.0023365158,0.013938863,0.22069868,0.27502817,0.25816378,0.20434034,0.2555431,0.12200204,-0.013958188,-0.091777965,-0.080613464,-0.082519695,-0.14975469,-0.15597257,-0.07859711,-0.0036950277,-0.06105246,-0.009473801,0.023036133,0.021209987,0.009511537,0.06750865,0.067336895,0.12667722,0.11287219,0.12687431,0.08588883,0.101021394,0.11138338,0.07609333,-0.0011990084,-0.040497497,-0.010486356,-0.09982393,-0.49663666,-0.41631794,-0.50093275,-0.5918224,-0.62707305,-0.6082458,-0.5537621,-0.6032476,-0.6743817,-0.7007944,-0.6636076,-0.7177998,-0.71786034,-0.6816952,-0.6694583,-0.65499115,-0.645407,-0.57336694,-0.39596936,-0.35616466,-0.25634247,0.16862307,0.20274703,0.29149973,0.47895402,0.5262688,0.4080247,0.4271425,0.25050816,0.0100939255,-0.13393718,-0.341767,-0.47199398,-0.4256852,-0.1976632,-0.16546147,-0.29752383,-0.06307936,0.17707579,0.15937907,0.15897937,0.37547457,0.45978367,0.33367765,0.3238619,0.22859864,0.1293212,0.10838604,0.11358163,-0.037035294,-0.20181781,-0.2437348,-0.21431603,-0.47867846,-0.63303685,-0.54036224,-0.5453297,-0.69366044,-0.6785299,-0.59598756,-0.658438,-0.5933818,-0.62929916,-0.65011865,-0.57612026,-0.39544716,-0.31660625,-0.2738457,-0.2829341,-0.39139554,-0.43669203,-0.3387677,-0.33950442,-0.4482607,-0.32837027,-0.1644742,-0.2546837,-0.21111208,0.060788658,0.20910831,0.13613401,0.19861215,0.3783431,0.5037086,0.433353,0.42095605,-0.12768383,-0.3274452,-0.29476038,-0.18989575
81,0.8742861,0.88808465,0.7954862,0.744768,0.7325942,0.60387105,0.64119595,0.7196605,0.5916518,0.53424454,0.59158367,0.59927356,0.45109347,0.42022657,0.4247987,0.28174827,0.16812223,0.08845499,0.008811646,-0.015609619,-0.041536145,-0.15233915,-0.20842355,-0.085909985,-0.105194,0.06257719,0.22495323,0.29204285,0.37844846,0.3566346,0.333591,0.46436274,0.25283656,0.0032115374,0.18596175,0.23027804,0.08992086,0.06716458,0.061897077,0.27983588,0.38459143,0.42358536,0.5608553,0.51808834,0.5417319,0.48996198,0.37923327,0.23649359,0.020186614,-0.2506305,-0.41527113,-0.31225824,-0.3574343,-0.33415624,-0.3625846,-0.24322356,-0.19533968,-0.1492247,-0.006700979,0.0970929,0.12844333,0.26404148,0.40436593,0.41586918,0.48714805,0.58487093,0.63186914,0.6641105,0.73252124,0.8027113,0.83753574,0.7626073,0.75474083,0.8053579,0.8473129,0.9498066,1.0,0.93909544,0.9095974,0.8704205,0.7987631,0.69069815,0.63856596,0.5606486,0.32331678,0.10382933,-0.11735581,-0.30367324,-0.2898524,-0.34087217,-0.3278509,-0.22172503,-0.31449625,-0.28028938,-0.18869556,-0.26661968,-0.21600148,-0.13284163,-0.14707375,-0.17731123,-0.07352908,-0.2161333,0.16656774,0.36672089,0.5425301,0.61463684,0.69055796,0.58322066,0.5002587,0.5463435,0.44831023,0.35321912,0.3110164,0.29610392,0.2642317,0.13809279,0.1998948,0.20765576,0.050875507,0.10392403,-0.048088122,-0.0477712,-0.10274333,-0.19625445,-0.26587692,-0.1400608,-0.14559978,-0.012629779,0.044591147,0.04719986,-0.052870933,0.0050085494,0.12969315,0.122667335,0.021433558,0.025927607,0.24376695,0.30392042,0.28871572,0.24914664,0.29538226,0.1686575,0.041009467,-0.041242547,-0.032266196,-0.039413527,-0.11735428,-0.115885094,-0.03978818,0.03903895,-0.030899836,-0.0010131539,0.023121351,0.02734624,0.031481616,0.0792257,0.064508,0.13485813,0.12170983,0.12216762,0.07168108,0.10002082,0.11339783,0.0651593,-0.011273993,-0.03407653,-0.0011422252,-0.10082102,-0.48565787,-0.380868,-0.4584328,-0.5585692,-0.596674,-0.59075576,-0.5527234,-0.600614,-0.6710568,-0.6590221,-0.6186808,-0.68530005,-0.6909678,-0.63632125,-0.6351659,-0.645076,-0.62280756,-0.5316577,-0.39420366,-0.3686183,-0.24366602,0.16805789,0.1629186,0.2649647,0.4689886,0.49213275,0.36524487,0.39592627,0.20773585,-0.020655781,-0.17710571,-0.3713499,-0.48830783,-0.45092475,-0.2433704,-0.20633323,-0.32568663,-0.111460194,0.1227557,0.12164032,0.125062,0.3371891,0.43576875,0.3288073,0.32682088,0.23302886,0.14065939,0.11806116,0.111415505,-0.038165994,-0.18627615,-0.23513073,-0.23654436,-0.4741887,-0.61026263,-0.5473639,-0.55592257,-0.67616415,-0.6648619,-0.59873927,-0.64781696,-0.5965763,-0.6170522,-0.6142819,-0.5309381,-0.34388724,-0.26074383,-0.21520537,-0.23119596,-0.33483076,-0.37245572,-0.28062198,-0.28284994,-0.38148066,-0.26046538,-0.10532601,-0.20157675,-0.15106547,0.11180669,0.24286903,0.17021671,0.23640563,0.40974256,0.5150511,0.4489086,0.44109282,-0.12823197,-0.33890483,-0.29905826,-0.19238047
82,0.8350648,0.89300597,0.8230004,0.7982143,0.795453,0.69096094,0.722528,0.8029656,0.6895543,0.635468,0.68524677,0.68213457,0.54339933,0.51756316,0.50777453,0.3624245,0.24994689,0.16170996,0.08193689,0.054330003,0.021222668,-0.103914164,-0.16460034,-0.040762052,-0.07260994,0.09614346,0.2638291,0.315099,0.3958213,0.35074064,0.29370454,0.44401315,0.20501935,-0.04456718,0.15051666,0.19718522,0.039374664,0.010154326,0.0139689855,0.27259013,0.37641862,0.42390785,0.56315285,0.5316656,0.5525979,0.5158307,0.3880126,0.2560021,0.041241437,-0.23126799,-0.39498395,-0.316578,-0.36090457,-0.3335924,-0.37318498,-0.25875443,-0.19158632,-0.12788385,-0.0028666905,0.09763632,0.15698135,0.30221745,0.42250288,0.4387686,0.53384835,0.6222921,0.6471929,0.70631295,0.7932854,0.82030874,0.82827073,0.7244538,0.7065699,0.73610085,0.7941838,0.9159796,0.93909544,1.0,0.95752615,0.8867519,0.78936666,0.69228584,0.63782376,0.56695443,0.30257878,0.09834228,-0.1330907,-0.31783983,-0.3019879,-0.3598875,-0.36825866,-0.25873613,-0.32520786,-0.29299578,-0.2235356,-0.30235213,-0.26117444,-0.1791413,-0.18084225,-0.23116429,-0.13533114,-0.23814476,0.1533264,0.32931983,0.51763284,0.5804221,0.6597571,0.52344567,0.43048018,0.488081,0.39362904,0.2740318,0.25333506,0.2687009,0.21511069,0.088010445,0.12243681,0.13084657,-0.006754399,0.05925928,-0.10638895,-0.11788317,-0.16676049,-0.24416974,-0.314348,-0.18813589,-0.20345226,-0.07229089,-0.011972325,-0.004973193,-0.096991636,-0.038324337,0.100573055,0.10744551,0.0020879642,0.002988052,0.23877928,0.31457114,0.30831903,0.28288782,0.3425012,0.21453078,0.08066254,-0.0140558425,-0.010694087,-0.021571115,-0.11439075,-0.114874735,-0.033895817,0.07176054,-0.03287982,-0.0318033,-0.0062379404,0.0069330577,0.021476889,0.07670133,0.044872265,0.11300814,0.10821741,0.10117378,0.03263835,0.07651451,0.10250555,0.03224727,-0.04890892,-0.0393973,-0.0031311007,-0.12022572,-0.48975733,-0.3370186,-0.41759646,-0.53137285,-0.5879703,-0.5987582,-0.5634435,-0.6154102,-0.686964,-0.6295906,-0.5773891,-0.6606629,-0.6764949,-0.6023934,-0.5996454,-0.63403046,-0.6109732,-0.49918976,-0.37758574,-0.3788514,-0.2363239,0.17947751,0.13866274,0.2385858,0.4609514,0.46442616,0.32496816,0.35475802,0.15892671,-0.069162324,-0.22149433,-0.40045914,-0.50693214,-0.47180685,-0.26995406,-0.22838323,-0.3359327,-0.1278781,0.1054564,0.12277784,0.13342302,0.3428157,0.45470896,0.36211535,0.35837352,0.2549076,0.16446982,0.14192152,0.119092405,-0.028272824,-0.17676619,-0.22794044,-0.23200384,-0.46327016,-0.599287,-0.5461639,-0.5531692,-0.6691656,-0.66183764,-0.598642,-0.64610016,-0.5971404,-0.61133516,-0.59999704,-0.51090074,-0.31778806,-0.23686111,-0.17655905,-0.1784511,-0.27846453,-0.32337454,-0.23873338,-0.23660621,-0.3335181,-0.21659018,-0.056789454,-0.15559554,-0.105115205,0.16595288,0.29110175,0.21332061,0.28593484,0.45937023,0.5525984,0.48214284,0.47151265,-0.12265221,-0.36643067,-0.32231656,-0.22074601
83,0.82798225,0.8709467,0.8052992,0.7824684,0.80852437,0.69636416,0.73684263,0.8377835,0.7166979,0.6512849,0.7150463,0.7208335,0.55561954,0.52615774,0.5294944,0.36658022,0.23060434,0.1501663,0.06676285,0.027673328,0.002104744,-0.12709531,-0.19055828,-0.056084108,-0.09137411,0.08991277,0.28392893,0.34361178,0.43751717,0.39703578,0.32747248,0.4828036,0.24133992,-0.029033553,0.16784884,0.21595491,0.057540603,0.027625956,0.030303063,0.2977956,0.41111252,0.48100385,0.63088775,0.6046176,0.62236166,0.5742271,0.42991933,0.27649704,0.034694653,-0.24838972,-0.4255412,-0.33670524,-0.3752183,-0.3291668,-0.36265665,-0.23666403,-0.17184462,-0.11543064,0.028309014,0.14887017,0.19720422,0.34661645,0.48198685,0.49841893,0.58765286,0.68356055,0.71136475,0.7628112,0.84746844,0.8929837,0.8958011,0.7923603,0.7477261,0.7581327,0.825082,0.91891813,0.9095974,0.95752615,1.0,0.9471664,0.8662079,0.77558416,0.71454585,0.63098776,0.35231432,0.12790132,-0.116670944,-0.33038998,-0.32916,-0.3827216,-0.38621828,-0.28857717,-0.36177257,-0.31299755,-0.24139184,-0.30904847,-0.25449362,-0.16406603,-0.15242805,-0.20571436,-0.08892087,-0.20526503,0.20205681,0.39460534,0.58587116,0.66002905,0.72894377,0.5993597,0.51673055,0.56945604,0.46792054,0.35491943,0.3112165,0.3118492,0.27181074,0.13168962,0.18382847,0.19146553,0.040453665,0.11275953,-0.06894735,-0.07437337,-0.13973765,-0.22775665,-0.3132848,-0.16208167,-0.18422243,-0.056977678,0.009453461,0.025632372,-0.08279155,-0.030575374,0.12275726,0.12923297,0.0062140375,0.013413589,0.2579426,0.3373346,0.3301801,0.29278442,0.35601574,0.21323653,0.067594886,-0.027663093,-0.017385513,-0.035958473,-0.12490445,-0.13057907,-0.05561674,0.038876027,-0.054770943,-0.033844743,-0.0035662437,0.0065569836,0.0142855495,0.07184106,0.046814613,0.11483229,0.100415654,0.10017311,0.045727156,0.078131646,0.09338909,0.034011886,-0.044649202,-0.049059127,-0.01425798,-0.12927255,-0.51470137,-0.36859322,-0.45641926,-0.56696427,-0.6261288,-0.6314921,-0.58289933,-0.6375634,-0.71119934,-0.68334895,-0.6339088,-0.7144946,-0.727635,-0.66311795,-0.6615442,-0.68124616,-0.661937,-0.55844927,-0.41892198,-0.40490997,-0.27074742,0.16635294,0.14960736,0.25041562,0.47406334,0.487851,0.34858117,0.37700734,0.18271291,-0.060606204,-0.21541244,-0.4083933,-0.5278864,-0.48655105,-0.2672321,-0.23231621,-0.35223472,-0.12252705,0.123136334,0.12565388,0.13772185,0.3635501,0.4742623,0.37212205,0.36855125,0.26101124,0.16827196,0.14445096,0.12043321,-0.032496564,-0.19559103,-0.25004867,-0.241223,-0.4938961,-0.6441666,-0.5776977,-0.58376956,-0.71693873,-0.70538366,-0.6324922,-0.6875667,-0.630746,-0.653936,-0.65245473,-0.5616772,-0.35880554,-0.27631745,-0.21668638,-0.22007728,-0.32542792,-0.3759482,-0.27918035,-0.27774864,-0.38472065,-0.25727484,-0.08869173,-0.1934023,-0.14818944,0.1353124,0.27077973,0.1885879,0.26443043,0.44669312,0.54839736,0.4768596,0.46544108,-0.13464853,-0.3733643,-0.33061686,-0.22813907
84,0.8367474,0.8565584,0.8175348,0.7646917,0.80274135,0.6646018,0.68675375,0.80098855,0.6849991,0.5925096,0.653632,0.676901,0.4940794,0.4477075,0.45543316,0.28330737,0.1468439,0.07121672,-0.022371322,-0.06109668,-0.06793458,-0.18529326,-0.24210761,-0.08717558,-0.10591642,0.09808184,0.31418103,0.4022087,0.5108663,0.48820683,0.39994633,0.53701127,0.3018339,0.028126393,0.21335915,0.27040935,0.12135678,0.089856684,0.11309513,0.37648165,0.4930798,0.5869775,0.73646164,0.6965381,0.7114404,0.6515576,0.5023275,0.3089751,0.04000045,-0.2576405,-0.4450635,-0.33860585,-0.399821,-0.35104537,-0.3806733,-0.24127634,-0.20773405,-0.17117886,-0.004441411,0.12889172,0.14681868,0.29006624,0.45463783,0.46242636,0.5365406,0.64636123,0.6857411,0.7122298,0.79743177,0.89730984,0.90889454,0.8500734,0.8006168,0.7820154,0.81301355,0.88191295,0.8704205,0.8867519,0.9471664,1.0,0.94777936,0.8549918,0.7886345,0.68941486,0.4111366,0.16918178,-0.07151865,-0.30953944,-0.3172171,-0.37531105,-0.3548993,-0.26956323,-0.36914945,-0.3008115,-0.20712496,-0.2742341,-0.20429736,-0.11021848,-0.08079078,-0.13814983,-0.005106415,-0.19346507,0.21336229,0.44730404,0.6246866,0.7100329,0.75933456,0.67069405,0.59162295,0.61212766,0.50450104,0.40965244,0.34662387,0.3214986,0.29543352,0.15816402,0.23138455,0.24779326,0.08935008,0.16576563,-0.019212438,-0.014869046,-0.0997664,-0.18478307,-0.25642335,-0.08285646,-0.09100176,0.030801829,0.09244682,0.12305329,0.0031483367,0.03673702,0.19538599,0.20770082,0.061136805,0.06257982,0.3072534,0.39647874,0.38796073,0.3350627,0.38891333,0.2220246,0.07485777,-0.011206571,0.009774234,-0.010781518,-0.0848852,-0.10385552,-0.044677608,0.01274903,-0.036925834,0.020325938,0.05137909,0.051549017,0.050516956,0.10071171,0.081911236,0.15475933,0.13882071,0.15725398,0.11223872,0.11679699,0.13627431,0.09238901,0.0039603594,-0.029313935,0.012846155,-0.096749716,-0.49855027,-0.38153198,-0.47516346,-0.57909334,-0.63025135,-0.62477165,-0.574133,-0.6292798,-0.69549876,-0.71403396,-0.6864974,-0.7591204,-0.7613134,-0.7124227,-0.71955174,-0.7210571,-0.6962187,-0.6139611,-0.46980104,-0.41685352,-0.29457727,0.13362116,0.15461239,0.27053273,0.47776675,0.49921298,0.3740075,0.41408783,0.22001399,-0.025690831,-0.19170922,-0.39980432,-0.534599,-0.49571082,-0.2658511,-0.2392407,-0.3853454,-0.1391076,0.11308216,0.085267596,0.086375155,0.3328847,0.4418988,0.31897122,0.31863755,0.20960619,0.11491203,0.08807888,0.06727896,-0.09279465,-0.25257993,-0.31080753,-0.2943173,-0.55646384,-0.70675385,-0.61922556,-0.6211116,-0.76365644,-0.73774594,-0.6521977,-0.7157981,-0.6575133,-0.70155364,-0.7164702,-0.6376141,-0.43916443,-0.34886667,-0.28707975,-0.28692052,-0.39513126,-0.4434483,-0.3409411,-0.34586972,-0.45672947,-0.32125396,-0.15802205,-0.2683567,-0.21437074,0.0716012,0.20535442,0.13411878,0.22298841,0.4050475,0.5153685,0.45774463,0.45330366,-0.12703091,-0.3451678,-0.31502858,-0.2118121
85,0.77658224,0.7580097,0.710485,0.6503866,0.69551027,0.5515578,0.58091134,0.7125121,0.59245753,0.486173,0.5674567,0.60715204,0.39511448,0.34530085,0.3780865,0.19450007,0.04544043,-0.008872786,-0.099091075,-0.14989854,-0.14479391,-0.24300747,-0.28966054,-0.14106286,-0.15297142,0.055828355,0.29151255,0.39851797,0.51969695,0.5108654,0.44076172,0.53355885,0.34965312,0.09854395,0.2529191,0.30005392,0.17425926,0.14268236,0.15902957,0.37256867,0.48889044,0.5962056,0.7627641,0.7365052,0.7486296,0.67716354,0.5145493,0.29232004,0.010130264,-0.27217203,-0.46532533,-0.33795664,-0.3777258,-0.3151014,-0.32046267,-0.16480595,-0.16161114,-0.15745588,0.042017937,0.18994154,0.16540705,0.29178888,0.48592448,0.48759916,0.5290965,0.6406037,0.6996461,0.69240123,0.74711144,0.8931951,0.9162505,0.8799084,0.80658716,0.7715824,0.7997183,0.83011526,0.7987631,0.78936666,0.8662079,0.94777936,1.0,0.92270184,0.8397618,0.725431,0.46518233,0.20669593,-0.02943345,-0.28994,-0.31739786,-0.36967868,-0.3147981,-0.25495413,-0.37906468,-0.30275965,-0.2059529,-0.25286737,-0.14480898,-0.046496056,-0.008206125,-0.036378015,0.11207083,-0.1064053,0.27967831,0.52639073,0.683633,0.77929354,0.81061935,0.7593222,0.7058331,0.7102239,0.602355,0.5417257,0.45511836,0.38959357,0.39424533,0.25953212,0.35675037,0.3777719,0.20953217,0.27215436,0.09552398,0.10958208,-0.0042127147,-0.08820566,-0.1729485,-0.0059804544,-0.027367402,0.074145816,0.15141985,0.18959285,0.037687257,0.07231631,0.24581859,0.23188883,0.070504986,0.09470319,0.3154816,0.38791594,0.3780769,0.30074474,0.35078824,0.17092483,0.020814382,-0.050214738,-0.014003776,-0.033269044,-0.090975806,-0.115738295,-0.06792892,-0.0452033,-0.06106609,0.016423427,0.06274206,0.06513622,0.051992208,0.09451808,0.103394635,0.16018401,0.141891,0.18059124,0.15367922,0.12810482,0.14144485,0.12648633,0.03641767,-0.036986306,0.0076027247,-0.07539409,-0.48294666,-0.42344797,-0.51484215,-0.59560823,-0.62629265,-0.599559,-0.5384752,-0.5838739,-0.6448892,-0.73218393,-0.7246115,-0.7761989,-0.75975364,-0.74453664,-0.7484771,-0.7076611,-0.6916711,-0.656423,-0.47559232,-0.38173413,-0.30314437,0.10321112,0.19182743,0.29565236,0.46055982,0.5129353,0.41712475,0.44573188,0.28287205,0.04557955,-0.108496994,-0.33018506,-0.481273,-0.43696505,-0.19636326,-0.18271786,-0.3491572,-0.08879368,0.15633349,0.0864902,0.07467695,0.32673937,0.41111708,0.26092243,0.25634953,0.15654966,0.054419313,0.02447297,0.026743768,-0.12391386,-0.29058176,-0.34045842,-0.28954652,-0.5677245,-0.7262272,-0.6002029,-0.59719205,-0.76149404,-0.7240974,-0.6219792,-0.69982266,-0.6330224,-0.6998356,-0.74378735,-0.6859979,-0.5096084,-0.42407325,-0.36656952,-0.3656505,-0.4813947,-0.5258295,-0.42544755,-0.43670782,-0.5450733,-0.41372415,-0.26062092,-0.36092404,-0.3074498,-0.03469248,0.10754034,0.044759426,0.12885135,0.30734557,0.438726,0.3909086,0.38894057,-0.11398216,-0.29491574,-0.28657097,-0.18531266
86,0.67148775,0.6578186,0.6409247,0.6138966,0.6742104,0.57227534,0.58601016,0.70067686,0.6055539,0.5178252,0.58311766,0.6089514,0.41030538,0.3661037,0.37444398,0.18310858,0.0591385,0.010377318,-0.084675096,-0.14913599,-0.12622504,-0.19600014,-0.24146834,-0.104967676,-0.117259644,0.10518363,0.37472564,0.47052377,0.56759995,0.5282556,0.43123037,0.49496016,0.29885846,0.11762496,0.25896814,0.30093932,0.16768242,0.11040976,0.14257468,0.37013382,0.46399108,0.5867623,0.7349894,0.8250998,0.7938835,0.72866297,0.5302214,0.30735028,0.031863,-0.2332582,-0.41574076,-0.32042003,-0.35274193,-0.27567118,-0.271733,-0.1316987,-0.13214289,-0.13486317,0.05318889,0.19917537,0.17168742,0.28850338,0.46269584,0.45590767,0.503958,0.60616803,0.64152277,0.64484,0.71367943,0.8302406,0.8197567,0.7776912,0.7048219,0.66319066,0.694846,0.722778,0.69069815,0.69228584,0.77558416,0.8549918,0.92270184,1.0,0.8443681,0.7033399,0.44249597,0.19924372,-0.003594959,-0.26695663,-0.2933601,-0.36480814,-0.31424126,-0.27172464,-0.36919427,-0.2924216,-0.23198871,-0.27507043,-0.15057608,-0.055115335,0.089129016,0.026292358,0.15850802,-0.02318997,0.28197923,0.48812544,0.6245184,0.7247168,0.722563,0.6766811,0.63808626,0.6292947,0.52491635,0.47407836,0.41804808,0.34985617,0.34413645,0.23630774,0.3210025,0.35351703,0.21415381,0.2615883,0.097101964,0.104202315,-0.028893435,-0.10221352,-0.18065424,-0.014405118,-0.049088355,0.015862182,0.12668484,0.19841743,0.005906544,0.025378225,0.25325906,0.24737634,0.03805298,0.092904426,0.3398446,0.42908472,0.43534708,0.36035898,0.41464424,0.23213533,0.080286056,0.0067076795,0.049994268,-0.0049776654,-0.05755299,-0.07619458,-0.05311539,-0.049437102,-0.05664623,-0.01716293,0.024013352,0.053495053,0.04990676,0.096110664,0.09220637,0.12962718,0.11809606,0.15959717,0.12443435,0.093837164,0.12067761,0.105646305,0.015735231,-0.04452675,-0.0044028834,-0.0988015,-0.4665202,-0.3942571,-0.48627493,-0.55137056,-0.5945866,-0.5670854,-0.4792243,-0.53156674,-0.601607,-0.6820449,-0.67854804,-0.7289508,-0.7091169,-0.7002647,-0.704836,-0.65804815,-0.64785635,-0.6253629,-0.44666368,-0.35001808,-0.28077483,0.09809963,0.18664764,0.27878228,0.42862454,0.4661168,0.36604786,0.39678124,0.26079574,0.044052456,-0.08723197,-0.290301,-0.4380894,-0.3929954,-0.1663185,-0.15472935,-0.31951216,-0.06626118,0.16139305,0.07914167,0.060150176,0.31007972,0.39321914,0.2492079,0.24147399,0.14514919,0.057405975,0.025698395,0.00819744,-0.12051379,-0.27735385,-0.3219482,-0.26360378,-0.5306072,-0.6800309,-0.54917866,-0.54636943,-0.7126034,-0.6733516,-0.56993484,-0.6517458,-0.5830476,-0.659343,-0.71566296,-0.67081434,-0.50635093,-0.42463043,-0.36193922,-0.3603963,-0.46873975,-0.5123472,-0.42079502,-0.4261795,-0.5241141,-0.40255624,-0.2601706,-0.35283124,-0.3037901,-0.04849961,0.08708689,0.027574766,0.110715866,0.28849334,0.4111099,0.36407718,0.36973962,-0.10162888,-0.29095238,-0.30195394,-0.21270359
87,0.62018704,0.6092493,0.5712942,0.5217798,0.56650573,0.45345834,0.45277292,0.59314895,0.5285079,0.40486395,0.48403347,0.5381626,0.3234528,0.26333132,0.33048567,0.15084359,-0.01124389,-0.039280232,-0.11010261,-0.1797945,-0.19142005,-0.27529883,-0.3178959,-0.19076215,-0.21240921,-0.019379549,0.22659312,0.33794245,0.4485661,0.46363166,0.41452643,0.44349453,0.29875377,0.1262007,0.2498409,0.28027582,0.17180514,0.12927245,0.17698775,0.36724868,0.4488376,0.5667534,0.71790206,0.6893506,0.818606,0.70891994,0.5150895,0.2622709,-0.039858818,-0.26709425,-0.40557316,-0.2879347,-0.27581814,-0.21127161,-0.22642557,-0.07625986,-0.08019283,-0.078632735,0.10663158,0.21500261,0.19241473,0.3034179,0.48120582,0.46498278,0.46601775,0.5697187,0.6140284,0.58045256,0.63687277,0.76551497,0.77499735,0.7475027,0.6698269,0.6189768,0.6439421,0.66859275,0.63856596,0.63782376,0.71454585,0.7886345,0.8397618,0.8443681,1.0,0.8541361,0.453557,0.22790807,0.0149757285,-0.22247915,-0.28813878,-0.31892112,-0.25771287,-0.21992904,-0.3048792,-0.21466999,-0.18513171,-0.28837186,-0.1252831,-0.013311884,0.00054951746,-0.008504865,0.114433974,-0.025427204,0.38530076,0.5999166,0.755864,0.8190049,0.76660234,0.7074161,0.65985125,0.64273804,0.5409864,0.5074132,0.43923938,0.35708502,0.35496825,0.25386432,0.33596727,0.37738237,0.25300795,0.35653695,0.1404078,0.1653067,0.08303194,0.009553981,-0.08521369,0.03192472,0.002408297,0.118085526,0.198831,0.23154002,0.10600522,0.15215053,0.30508062,0.26143613,0.11708024,0.16977604,0.32983184,0.37019157,0.31578144,0.22160533,0.26556757,0.080653995,-0.06378331,-0.12352961,-0.05146651,-0.0020591954,-0.06630756,-0.116445415,-0.07983233,-0.042712435,-0.10698597,0.0020785148,0.08684197,0.072142236,0.07340056,0.1442834,0.15058407,0.17174004,0.16004574,0.19585826,0.14930068,0.088939056,0.09815646,0.08594121,-0.027051331,-0.10323006,-0.04704947,-0.12725013,-0.4776673,-0.3326981,-0.40855417,-0.50169927,-0.5413739,-0.5469769,-0.51139987,-0.51746815,-0.53791195,-0.58363855,-0.58681977,-0.626539,-0.59627396,-0.61292803,-0.627626,-0.5411778,-0.53053796,-0.5488521,-0.35413444,-0.2339873,-0.20179652,0.09478517,0.22859181,0.30972737,0.37385228,0.43180075,0.38694602,0.40355197,0.315611,0.13374244,0.013661339,-0.16841167,-0.31200343,-0.27330315,-0.06520154,-0.058511045,-0.22071905,0.002584965,0.19532353,0.08752968,0.047257267,0.26001108,0.31350717,0.1515211,0.13133104,0.050964437,-0.041416947,-0.0703317,-0.06562643,-0.18293673,-0.3512358,-0.3555549,-0.24210991,-0.5021307,-0.6353322,-0.452609,-0.44628346,-0.61311406,-0.55987275,-0.45064068,-0.5330138,-0.47181812,-0.5611153,-0.6256185,-0.61708707,-0.51249677,-0.45528075,-0.3557688,-0.3465131,-0.45834276,-0.5017731,-0.4514647,-0.45926046,-0.53804153,-0.44492316,-0.3312699,-0.41346875,-0.37198126,-0.14591995,-0.020610765,-0.06672248,0.008350798,0.1734017,0.31819734,0.2811274,0.27216315,-0.12677707,-0.31395507,-0.3561679,-0.27456477
88,0.56631637,0.5553062,0.51152104,0.46003363,0.49204528,0.3773882,0.3944394,0.5233294,0.44946826,0.37035248,0.46500605,0.49858156,0.32746437,0.31461594,0.40196604,0.24374104,0.10479083,0.083577216,0.026928997,-0.005048201,-0.012510246,-0.08096186,-0.097675726,0.026765184,-0.012304126,0.11977092,0.2866482,0.32411978,0.40344828,0.38247493,0.29525542,0.35766226,0.2097664,0.046861395,0.1486443,0.16449103,0.042607572,0.02587614,0.06497482,0.22658348,0.33152896,0.39383048,0.5410251,0.5028634,0.63928396,0.6763447,0.5387135,0.4502297,0.1793299,-0.030662589,-0.21848923,-0.1325912,-0.12025902,-0.105790876,-0.16996408,-0.052877333,-0.045912877,-0.00864136,0.16076335,0.22496326,0.22877347,0.3587712,0.47210804,0.45161408,0.4626469,0.5482226,0.569085,0.5383328,0.58865225,0.68665934,0.6817842,0.6533402,0.58947015,0.5382581,0.55867964,0.5850022,0.5606486,0.56695443,0.63098776,0.68941486,0.725431,0.7033399,0.8541361,1.0,0.6130548,0.4257903,0.21068889,-0.02367448,-0.12669575,-0.15751421,-0.12362858,-0.09378324,-0.24102753,-0.19205087,-0.13601671,-0.23201133,-0.2214629,-0.12695631,-0.0239244,0.056045517,0.1957177,0.07779775,0.48869064,0.6519787,0.7928899,0.76170534,0.73195434,0.66587275,0.6045694,0.5795788,0.4821829,0.44436008,0.39219433,0.31985238,0.30659255,0.2221187,0.28768027,0.33268034,0.22776498,0.35803416,0.1596961,0.16135375,0.04520073,-0.051857457,-0.1274411,-0.053807344,-0.047975976,0.016563658,0.06472459,0.12720034,0.028318848,0.038049467,0.17082067,0.19064651,0.042707548,0.06817528,0.24981877,0.3153715,0.27937368,0.24696474,0.28947344,0.16443038,0.048159923,-0.030910045,-0.026702428,0.0024339948,-0.09116788,-0.1116654,-0.03702618,-0.009230724,-0.13406113,-0.07045682,-0.007852815,-0.0051961057,-0.020282399,0.045999732,0.024605146,0.041080594,0.035985325,0.076452315,0.03399528,0.00015804775,0.0132605,0.016365942,-0.07363767,-0.1387149,-0.08765278,-0.16608216,-0.5076732,-0.34707022,-0.40248913,-0.5131121,-0.5340012,-0.55258465,-0.554827,-0.5491299,-0.539443,-0.49984464,-0.4840036,-0.52689457,-0.5204339,-0.5121899,-0.5169794,-0.48287255,-0.47764874,-0.46739095,-0.32755736,-0.26789364,-0.22574474,0.058292318,0.13658597,0.19881754,0.2888473,0.33048624,0.2633567,0.27789837,0.18151414,0.022264317,-0.0822283,-0.2164419,-0.3265806,-0.2872563,-0.11032383,-0.10706301,-0.21958955,-0.024855286,0.14228965,0.07073777,0.06825707,0.25705302,0.313982,0.19856043,0.19860907,0.14039932,0.06287852,0.029638901,0.028706877,-0.06763334,-0.21896905,-0.2431214,-0.15718402,-0.37043256,-0.5051752,-0.38889912,-0.38394392,-0.5173123,-0.49564862,-0.41668797,-0.47007775,-0.41656098,-0.46178752,-0.4954012,-0.4629286,-0.34709892,-0.3156176,-0.22278659,-0.18584949,-0.3052981,-0.36730468,-0.32037258,-0.32164338,-0.40764752,-0.32935038,-0.2141422,-0.29520032,-0.27034923,-0.060334045,0.046866827,-0.02240117,0.041957803,0.20491119,0.30802712,0.24900636,0.23440118,-0.18395911,-0.36091194,-0.37521726,-0.30015153
89,0.35154822,0.32201204,0.27749145,0.22521709,0.24100795,0.14044577,0.16123874,0.24652244,0.17091899,0.11457084,0.17982085,0.22166637,0.13506112,0.10889801,0.18062274,0.13680051,0.012478565,-0.01937771,-0.0058549065,0.027357796,-0.0152796,-0.014543116,0.036435295,0.12258351,0.09790294,0.17173311,0.25711983,0.2675753,0.3085648,0.25720128,0.13694341,0.24999186,0.16433111,-0.056213163,0.024900883,0.047963046,-0.08910219,-0.053014185,-0.07757501,0.031950764,0.16436975,0.19026895,0.29743838,0.2597593,0.32916874,0.42955056,0.5076382,0.48969895,0.3615861,0.14797047,-0.06497036,-0.008719169,0.029441288,0.0078003746,-0.020960754,0.05514874,0.0042876815,-0.0026424513,0.19803165,0.21266809,0.11731215,0.20667076,0.30272236,0.2506228,0.23315595,0.30611163,0.33067164,0.2648982,0.288296,0.38775983,0.41388077,0.426353,0.4037817,0.36650723,0.358242,0.34886187,0.32331678,0.30257878,0.35231432,0.4111366,0.46518233,0.44249597,0.453557,0.6130548,1.0,0.77218217,0.46556625,0.19953336,0.06612587,0.019519337,0.09596469,0.07241783,-0.14773399,-0.18219206,-0.05511344,-0.01385353,-0.056182615,0.0009839768,0.10891275,0.33857763,0.47779688,0.36831805,0.5509088,0.68389046,0.6022405,0.5257576,0.5159866,0.50433517,0.46379375,0.4047417,0.32656363,0.3645869,0.3412564,0.2186004,0.2583238,0.26661727,0.36581808,0.40467006,0.3459014,0.3486212,0.3366342,0.36273012,0.24005958,0.11464008,0.04458468,0.079907596,0.027819982,0.029996617,0.087498456,0.1325799,0.0048812507,0.015618575,0.12076898,0.12696986,0.01750402,0.04581779,0.1470793,0.17793278,0.16454655,0.16539817,0.17033266,0.13266209,0.077560276,0.029834153,-0.0050905463,-0.025262624,-0.09019681,-0.060927577,0.0007250752,-0.016369412,-0.060458537,-0.08857129,-0.060141522,-0.03434273,-0.068419404,-0.0656745,-0.028321847,-0.011843952,-0.06582292,-0.023769703,0.056626286,0.06847297,0.022865497,0.072941944,0.09701796,0.017577913,0.003665064,0.015609149,-0.2538282,-0.3522657,-0.3962871,-0.42207354,-0.37669367,-0.31737602,-0.29642183,-0.30620375,-0.35013798,-0.39218152,-0.38115442,-0.40393248,-0.40187794,-0.3925483,-0.39186198,-0.37801063,-0.37057278,-0.34555277,-0.27249894,-0.2377184,-0.19741122,0.010859869,0.059657764,0.11689326,0.21887545,0.26386437,0.20502645,0.20284477,0.11523045,-0.004304362,-0.09265684,-0.21943036,-0.28756404,-0.25320458,-0.13528422,-0.13932426,-0.20394866,-0.07192435,0.045378994,0.033236053,0.040966425,0.15448363,0.19874932,0.12793499,0.13659264,0.11566401,0.054808334,0.027932195,0.046816453,-0.019154483,-0.08664253,-0.17202938,-0.1576256,-0.26111212,-0.35557568,-0.33944005,-0.3275279,-0.3906167,-0.3920633,-0.35179847,-0.37714925,-0.34788284,-0.3604219,-0.36057657,-0.30273262,-0.1814302,-0.15228747,-0.1674224,-0.1485747,-0.20418002,-0.2381069,-0.1594881,-0.17590804,-0.24756838,-0.18165606,-0.105453946,-0.144407,-0.13794728,-0.015224658,0.06304174,0.010695189,0.025182031,0.11893153,0.15919915,0.10874562,0.08000926,-0.23251931,-0.22536987,-0.15831457,-0.100156106
90,0.15266202,0.12936042,0.09182542,0.058701437,0.061016142,0.009614612,0.02752483,0.079754606,0.040326573,0.036338612,0.092083454,0.10754324,0.11757907,0.12868604,0.1901991,0.20908114,0.14701769,0.12874354,0.16179045,0.23585118,0.18428488,0.21573964,0.30473107,0.34823096,0.31440064,0.29190174,0.28154477,0.20459789,0.18059474,0.092853434,0.036766347,0.09223271,0.0062541733,-0.08102673,-0.030848932,-0.049505778,-0.15637241,-0.14544871,-0.17347772,-0.1368121,-0.0033714492,-0.015110613,0.060435865,0.048089202,0.103338614,0.26429313,0.40808612,0.581894,0.5432218,0.47499368,0.28928074,0.31206512,0.32150382,0.24388313,0.14705683,0.16101064,0.1265843,0.15797481,0.28947946,0.22681455,0.16065764,0.23127532,0.23379093,0.16996768,0.14085734,0.16466591,0.14251478,0.09465368,0.11127435,0.15697767,0.16536078,0.17567591,0.17260873,0.14821787,0.1315651,0.1224434,0.10382933,0.09834228,0.12790132,0.16918178,0.20669593,0.19924372,0.22790807,0.4257903,0.77218217,1.0,0.7499147,0.5030603,0.32498798,0.2559439,0.3083004,0.24379948,0.03595473,-0.028545924,0.043774363,0.01748045,-0.11897987,-0.063442975,0.1289713,0.40331328,0.51123995,0.48012584,0.58446676,0.5291369,0.41793555,0.28668216,0.2914454,0.2925312,0.2664901,0.21198662,0.15425,0.19527873,0.18571207,0.091549054,0.113802545,0.14601105,0.20419058,0.24902543,0.2581005,0.3046297,0.32097656,0.30441672,0.1842481,0.052777503,0.019267501,-0.03008987,-0.018033579,-0.07763267,-0.068068124,0.01847103,-0.060711958,-0.10868486,-0.033997633,0.021549718,-0.08930371,-0.07979064,-0.004175871,0.050366756,0.08135434,0.1524016,0.16188896,0.20216887,0.1781175,0.11447102,0.029216819,-0.01381161,-0.1064293,-0.062056713,0.020911178,-0.02389724,-0.11642083,-0.17054708,-0.17507298,-0.13512735,-0.17801192,-0.1722005,-0.16259237,-0.19576137,-0.2233817,-0.15409493,-0.102195315,-0.11086291,-0.116151795,-0.036386207,-0.018514466,-0.082585,-0.06735765,-0.05137442,-0.23800012,-0.28076565,-0.28052858,-0.29925486,-0.24630979,-0.21489221,-0.2222899,-0.20640741,-0.19335563,-0.18283279,-0.15709576,-0.15366735,-0.17289063,-0.17214294,-0.16082121,-0.1712867,-0.1888945,-0.18115857,-0.14392576,-0.15569624,-0.18100084,-0.06839734,-0.03526008,-0.048824426,0.004244236,0.046217546,0.008990819,-0.010987285,-0.036709193,-0.080141224,-0.0927462,-0.13150239,-0.15327975,-0.116444565,-0.06238207,-0.07779654,-0.08429519,-0.014061629,0.02021304,0.02046993,0.05287296,0.103753746,0.11082839,0.08847563,0.11137878,0.1334597,0.09816475,0.064389944,0.08336861,0.0643055,0.03023442,-0.037970155,-0.01609101,-0.041509558,-0.11322262,-0.124049194,-0.10456742,-0.13747,-0.15838537,-0.13722657,-0.13990472,-0.11687124,-0.11272907,-0.119139574,-0.0919275,-0.03139742,-0.047871277,-0.059170775,-0.02019187,-0.044159155,-0.0856393,-0.04548911,-0.046898447,-0.09919962,-0.07994213,-0.035685904,-0.057676144,-0.09188159,-0.0335557,0.010221129,-0.049500316,-0.05101424,0.019984592,0.026000652,-0.027758537,-0.038629483,-0.2362265,-0.21642235,-0.19536299,-0.16009124
91,-0.054081,-0.09255319,-0.100409925,-0.12603839,-0.13572367,-0.16105908,-0.15956216,-0.14259632,-0.13833581,-0.13506457,-0.11653113,-0.09863042,-0.04051631,-0.041253716,-0.01198454,0.057813644,0.0539569,0.03732602,0.08317774,0.19365491,0.15078634,0.22997199,0.34651238,0.35697824,0.37476012,0.30775362,0.22609557,0.14820558,0.08485899,-0.008776532,-0.029491032,-0.03874779,-0.13056016,-0.08038316,-0.066186875,-0.106320664,-0.1848904,-0.20747738,-0.21052006,-0.2164681,-0.11739135,-0.14605184,-0.11569634,-0.08556622,-0.056777064,0.11280837,0.28722516,0.4805061,0.5835688,0.57402843,0.45832828,0.4363228,0.4413212,0.29489943,0.17045924,0.13479681,0.06761245,0.097929426,0.18553944,0.08472415,0.0075145643,0.05061506,0.02494247,-0.049127843,-0.09224333,-0.06848095,-0.09401722,-0.13452947,-0.12264835,-0.09170117,-0.081948765,-0.04719009,-0.037085187,-0.044799693,-0.08004159,-0.10682979,-0.11735581,-0.1330907,-0.116670944,-0.07151865,-0.02943345,-0.003594959,0.0149757285,0.21068889,0.46556625,0.7499147,1.0,0.7637842,0.55919045,0.4655858,0.5444783,0.45288584,0.2282666,0.14740518,0.21424967,0.15369652,-0.021409584,0.0025849945,0.2704674,0.5159297,0.55580896,0.5073238,0.44019067,0.34201914,0.19107778,0.07961219,0.0818958,0.13060819,0.122721165,0.042552922,0.017658163,0.066067524,0.045725934,-0.021229489,0.0009982627,0.042899676,0.08340496,0.12331707,0.15724051,0.22265139,0.285734,0.29714686,0.20626979,0.09442837,0.13364235,0.0108694695,0.04376361,-0.05620516,-0.061813876,0.021437276,-0.020648066,-0.077532254,-0.04786962,-0.0031208862,-0.07277547,-0.058232486,-0.038909767,-0.0033191976,0.023204785,0.10935544,0.09235524,0.19164914,0.20387812,0.16209905,0.078866765,0.033936277,-0.035685502,0.016606761,0.08137263,0.0003418604,-0.059213277,-0.13179268,-0.16535501,-0.0813785,-0.1275196,-0.11632657,-0.11425986,-0.19555,-0.21518493,-0.14341936,-0.10955822,-0.14160264,-0.14409716,-0.052756093,-0.03217289,-0.10501099,-0.09141087,-0.06713497,-0.14808938,-0.20502493,-0.15653859,-0.14166605,-0.06167413,-0.041599035,-0.07070499,-0.031141952,0.01411779,0.06904458,0.06886977,0.102196895,0.09492915,0.074482776,0.070931256,0.073454686,0.06081175,0.028396582,0.009251457,0.0047791214,-0.061948422,-0.110121995,-0.07766219,-0.1188745,-0.15965003,-0.1445615,-0.13871256,-0.15251356,-0.095522225,-0.03957904,-0.0060269483,0.033396643,0.04742633,0.06839529,0.048526205,0.016413689,0.042256888,0.03718193,-0.02006083,-0.034712683,-0.010893092,-0.029178929,-0.057400115,-0.044120643,-0.025803385,0.021749856,0.023267256,0.0008071034,0.014529719,0.05102916,0.06811721,0.035159398,0.06639874,0.12061029,0.10867591,0.089937806,0.110408075,0.11715929,0.10155508,0.10281526,0.1137443,0.113146245,0.11429309,0.09399263,0.07555886,0.058143254,0.020441255,0.0055807065,0.05016326,0.049703892,0.028147336,0.0216666,0.023615668,0.014192343,-0.010475124,-0.020847213,-0.0056417165,-0.04604081,-0.08653832,-0.092777506,-0.115824856,-0.13576746,-0.12118851,-0.14311303,-0.16219647,-0.17417158,-0.22245508,-0.16403788,-0.18059784,-0.17867519
92,-0.24311034,-0.26828006,-0.26620886,-0.2853027,-0.31334737,-0.3103616,-0.31744272,-0.33838946,-0.2973178,-0.25708112,-0.25295806,-0.24734025,-0.12442281,-0.092484206,-0.07100559,0.05132831,0.12097926,0.11617636,0.16126415,0.2970701,0.24965267,0.34279987,0.47229367,0.43445572,0.42833593,0.28429198,0.1141668,-0.008069914,-0.12547612,-0.20450167,-0.14442328,-0.21060303,-0.299274,-0.123785555,-0.14865667,-0.20631184,-0.22861426,-0.24491355,-0.20035177,-0.26798755,-0.20736565,-0.2875361,-0.30879796,-0.32574216,-0.2892061,-0.12707126,0.08307851,0.35003725,0.55438834,0.711361,0.7194476,0.69775766,0.6728556,0.48207864,0.30267918,0.19612369,0.1485015,0.21758977,0.16427308,-0.007489873,-0.02147838,-0.014695023,-0.13265914,-0.18515629,-0.22015259,-0.24468663,-0.2869664,-0.30581,-0.31051725,-0.3277311,-0.32159954,-0.27175933,-0.2394322,-0.24209182,-0.28151155,-0.30839214,-0.30367324,-0.31783983,-0.33038998,-0.30953944,-0.28994,-0.26695663,-0.22247915,-0.02367448,0.19953336,0.5030603,0.7637842,1.0,0.78720033,0.6882422,0.7112355,0.6087982,0.4348255,0.3333785,0.35500902,0.23892537,-0.019186005,-0.039299384,0.1518812,0.35444573,0.3361535,0.3732853,0.26059434,0.11001759,-0.04466896,-0.18434201,-0.17665516,-0.112280235,-0.10319886,-0.16476798,-0.15857394,-0.123697154,-0.13378209,-0.15188783,-0.14724481,-0.0988153,-0.09004951,-0.06782645,0.0015480962,0.07596958,0.1413382,0.1181452,0.09031738,0.020191118,0.095783785,-0.070173115,0.0578067,-0.07042275,-0.1712638,-0.09531184,-0.014329963,-0.12212741,-0.18990697,-0.10018721,-0.10407672,-0.15910651,-0.21567704,-0.17165923,-0.13007647,0.0061597014,-0.024309235,0.12706509,0.18834408,0.17256138,0.06412574,0.048222937,-0.017314037,0.039276566,0.118161395,0.02953948,-0.03801121,-0.08618079,-0.14738889,-0.11274867,-0.17130062,-0.17290941,-0.19664924,-0.2968561,-0.30331278,-0.26348788,-0.2532773,-0.29054305,-0.28826055,-0.2000152,-0.16616747,-0.20243102,-0.1856157,-0.14319749,-0.056113828,-0.0483023,0.03536866,0.07518417,0.1342424,0.11579554,0.0827183,0.12637827,0.19134171,0.28380919,0.26995155,0.34348103,0.32995844,0.3014551,0.29425737,0.28524303,0.25797155,0.20697658,0.1224447,0.09377179,-0.027233953,-0.21292971,-0.19330205,-0.27752325,-0.37361848,-0.37381262,-0.32675043,-0.34008107,-0.2364127,-0.10015043,-0.0049444223,0.12942864,0.19092609,0.20511395,0.10622387,0.057130754,0.1393389,0.05779653,-0.088582724,-0.08999215,-0.04234705,-0.13889925,-0.20444903,-0.13574809,-0.09427757,-0.012719334,0.017513376,0.015087299,0.029930115,0.10706911,0.17620483,0.17396955,0.185382,0.3324884,0.36099505,0.29735675,0.3258008,0.38355583,0.3456047,0.31683812,0.35452402,0.33916205,0.3699781,0.36155185,0.32196024,0.2343455,0.18077078,0.15946847,0.17137901,0.19609621,0.1930027,0.13971916,0.15118386,0.17906244,0.10532147,0.04307166,0.080141395,0.010573688,-0.10819685,-0.16410765,-0.1926833,-0.2380178,-0.25712094,-0.31929216,-0.33785006,-0.3358345,-0.16836824,-0.06897423,-0.094518825,-0.12475732
93,-0.24219975,-0.2494309,-0.22120118,-0.23860386,-0.27210283,-0.26986003,-0.26188466,-0.30211744,-0.27470195,-0.21460448,-0.23140936,-0.22964263,-0.106611624,-0.08112608,-0.11359666,0.004681242,0.118692555,0.085775755,0.098897934,0.2416895,0.22817977,0.3169647,0.43357515,0.41852263,0.48768744,0.34417552,0.15107736,0.06257922,-0.074664935,-0.16749929,-0.1450868,-0.19020692,-0.32233074,-0.13854404,-0.14748552,-0.19807842,-0.23962371,-0.2890503,-0.23142385,-0.25895464,-0.19898333,-0.27631778,-0.3022163,-0.30578682,-0.3031219,-0.1435394,0.05913096,0.30634606,0.52157724,0.63613224,0.66697586,0.5622433,0.5042318,0.31582245,0.15600587,0.023130381,-0.023595907,0.053261388,-0.016601354,-0.19938056,-0.19857496,-0.16171908,-0.27470303,-0.33425316,-0.31902847,-0.3140504,-0.35482472,-0.33889624,-0.31303453,-0.35249582,-0.35465512,-0.31733885,-0.27509117,-0.26859835,-0.30483028,-0.31377718,-0.2898524,-0.3019879,-0.32916,-0.3172171,-0.31739786,-0.2933601,-0.28813878,-0.12669575,0.06612587,0.32498798,0.55919045,0.78720033,1.0,0.785849,0.722521,0.7305864,0.61514044,0.4799047,0.4878001,0.3107369,0.002088659,-0.057133947,0.13423021,0.22499259,0.18035844,0.16626522,0.038054243,-0.06272534,-0.18372455,-0.27388906,-0.24829666,-0.1960952,-0.2035124,-0.26660833,-0.24788114,-0.24081022,-0.2623892,-0.24298383,-0.25196883,-0.21971065,-0.21827804,-0.20527564,-0.15762085,-0.086104184,-0.021552574,-0.02615447,-0.028859202,-0.08377503,0.059162494,-0.10535593,0.034678858,-0.059267662,-0.15493988,-0.09191491,0.025298737,-0.06897621,-0.1350597,-0.018548127,0.010412701,-0.056126207,-0.11185954,-0.069898516,-0.028759882,0.104751594,0.04866808,0.19313775,0.29227665,0.30191964,0.22338943,0.19350427,0.16098763,0.21743838,0.2536851,0.14362742,0.119699456,0.02209469,-0.09425025,-0.053988192,-0.10677952,-0.11439305,-0.13730308,-0.22322755,-0.23758565,-0.21688432,-0.22406073,-0.23693778,-0.2305907,-0.17572328,-0.15785207,-0.17550026,-0.16181126,-0.13297725,-0.021717127,-0.011530238,0.094270475,0.1272419,0.20211418,0.17397055,0.10071528,0.1548375,0.23415653,0.3571228,0.32983404,0.3779452,0.36465335,0.36538455,0.3474106,0.3053941,0.29853955,0.27873144,0.14527345,0.106813155,0.03929959,-0.1840682,-0.22263533,-0.27038968,-0.35372096,-0.39658955,-0.36068377,-0.3481468,-0.25784388,-0.09873218,-0.033827618,0.11201298,0.18127322,0.17679836,0.05295971,0.0149591,0.10865177,-0.0029709644,-0.15131728,-0.13258941,-0.0877034,-0.20125711,-0.24560875,-0.15500219,-0.1229942,-0.052173328,-0.007839155,-0.00396011,-0.014338135,0.06829962,0.16878204,0.16531958,0.14501807,0.30355683,0.36644158,0.27854374,0.29766613,0.38548917,0.35392871,0.30480358,0.35413292,0.3209552,0.35705653,0.37052175,0.34082,0.25737596,0.20619267,0.17596018,0.22235517,0.25122666,0.2451589,0.19391839,0.19407532,0.24126773,0.17099178,0.10464288,0.14598633,0.110081576,-0.029686665,-0.111392274,-0.108146116,-0.15555857,-0.20524016,-0.29664722,-0.30083078,-0.29155883,-0.15037261,-0.068958074,-0.06957492,-0.09632886
94,-0.28767133,-0.3039711,-0.2847118,-0.31578526,-0.3585515,-0.35503423,-0.34757495,-0.3821433,-0.36810997,-0.32061046,-0.3235501,-0.33310565,-0.23837,-0.19419278,-0.1852999,-0.08627826,0.001206894,0.018481838,0.046528,0.15937565,0.14516997,0.23749945,0.33123383,0.27749702,0.34669948,0.18279885,-0.022325773,-0.120650694,-0.26130134,-0.30331165,-0.2423351,-0.30252823,-0.33567283,-0.18470697,-0.2269867,-0.25496978,-0.2311433,-0.20961538,-0.17881964,-0.2340392,-0.18078631,-0.29058495,-0.34362927,-0.39837337,-0.36907446,-0.25390688,-0.08124982,0.15664622,0.36801127,0.5091215,0.5750854,0.50394464,0.48656133,0.31889734,0.21417302,0.109422356,0.061513737,0.09283671,0.020154785,-0.13065685,-0.14672473,-0.15157092,-0.23871179,-0.28962168,-0.30978158,-0.3187249,-0.34500656,-0.3552208,-0.36667106,-0.38962236,-0.38291168,-0.33284768,-0.29625094,-0.2883329,-0.33028105,-0.35655198,-0.34087217,-0.3598875,-0.3827216,-0.37531105,-0.36967868,-0.36480814,-0.31892112,-0.15751421,0.019519337,0.2559439,0.4655858,0.6882422,0.785849,1.0,0.8271826,0.6788718,0.62061465,0.55134916,0.5247007,0.39081585,0.11154892,0.0408526,0.12204985,0.20679186,0.17410482,0.19111377,0.048488002,-0.059953474,-0.18172276,-0.27654043,-0.26974997,-0.21292375,-0.20106274,-0.25112396,-0.22355203,-0.19719787,-0.2020091,-0.19516228,-0.19024488,-0.1425273,-0.15083714,-0.14580669,-0.07946504,-0.04705475,0.037766133,0.027350705,0.035409268,-0.007830694,0.13291673,-0.073184274,0.030722346,-0.06469558,-0.17384341,-0.13234043,-0.0063376185,-0.09531713,-0.2144464,-0.13451692,-0.0697296,-0.13306041,-0.24972977,-0.2410096,-0.20214593,-0.075024016,-0.12161007,0.028879642,0.14266895,0.16404295,0.07508389,0.098154485,0.08945195,0.16465797,0.21233262,0.106364354,0.08272304,-0.0054638097,-0.08253108,-0.075986594,-0.13633838,-0.16293575,-0.17111713,-0.26053044,-0.27116004,-0.24868609,-0.23784521,-0.2566065,-0.25816178,-0.18351293,-0.14782897,-0.16468154,-0.15591714,-0.10053557,0.06486272,0.015721342,0.1386077,0.2002411,0.29534194,0.274851,0.19888192,0.27406,0.33746144,0.42042518,0.38788047,0.4335374,0.42311522,0.40775007,0.38273257,0.35589033,0.35367003,0.29697785,0.15410712,0.13684739,0.026752265,-0.24380085,-0.24289455,-0.30870408,-0.41524678,-0.4334968,-0.36807194,-0.3786704,-0.26906198,-0.09313146,0.005716822,0.16232485,0.23722394,0.23119976,0.08684293,0.033620216,0.13390005,0.008852267,-0.1621618,-0.15832375,-0.095880695,-0.23777944,-0.30286756,-0.20807429,-0.16937147,-0.08960357,-0.03301941,-0.02968392,-0.03192759,0.06508215,0.17575249,0.18163706,0.16513082,0.33750072,0.4057729,0.32249945,0.349561,0.44448245,0.4137509,0.36514366,0.41692188,0.3771485,0.41351047,0.4270561,0.3835332,0.2752133,0.2185964,0.2007306,0.24840346,0.25886342,0.2536431,0.18652092,0.18137592,0.24594031,0.17388012,0.081296414,0.11968166,0.08485609,-0.079545386,-0.17677361,-0.17602405,-0.22318687,-0.29669762,-0.39215028,-0.3886238,-0.38384482,-0.115732186,0.020620864,0.020435028,-0.019915378
95,-0.26283792,-0.31764036,-0.32085684,-0.37014145,-0.410209,-0.42439133,-0.4143458,-0.43111825,-0.4210022,-0.3995597,-0.3844554,-0.3768644,-0.31890488,-0.2993039,-0.26279444,-0.17225514,-0.11242559,-0.08798073,-0.05937807,0.05747425,0.023994636,0.12153214,0.22002345,0.17315067,0.24113157,0.08180146,-0.106706254,-0.17314883,-0.2726361,-0.28686905,-0.14855243,-0.25859457,-0.22937815,-0.07250243,-0.12592864,-0.1686982,-0.13021684,-0.111205555,-0.10922837,-0.2534277,-0.2215198,-0.30390596,-0.32737646,-0.37663424,-0.3374228,-0.26226687,-0.09036999,0.09368256,0.2947771,0.43712234,0.50329304,0.5096266,0.49863067,0.3116969,0.21670432,0.14836045,0.073986344,0.068445675,0.04666914,-0.08993673,-0.15416081,-0.16623412,-0.2179093,-0.2738591,-0.3206021,-0.32705396,-0.33152363,-0.36856392,-0.39910433,-0.37183407,-0.33706343,-0.26190355,-0.23167953,-0.23456441,-0.2830372,-0.3331209,-0.3278509,-0.36825866,-0.38621828,-0.3548993,-0.3147981,-0.31424126,-0.25771287,-0.12362858,0.09596469,0.3083004,0.5444783,0.7112355,0.722521,0.8271826,1.0,0.81383336,0.5851814,0.5115959,0.5668838,0.41040263,0.2021716,0.1465786,0.21440925,0.34738714,0.31423336,0.24391858,0.10325236,0.040565725,-0.101141304,-0.20155561,-0.19346206,-0.10382821,-0.08875037,-0.15128493,-0.13971747,-0.07804196,-0.09283762,-0.1418395,-0.10877937,-0.045223467,-0.0190638,-0.0037734723,0.04843676,0.07109777,0.15261424,0.160351,0.15555696,0.11224042,0.25836137,0.055427376,0.15249795,0.057085935,-0.03140209,-0.01473241,0.05563711,-0.013978038,-0.1278217,-0.11130926,-0.06709635,-0.103702694,-0.24661039,-0.27245396,-0.24747156,-0.15660273,-0.21497646,-0.07125564,0.024192732,0.054239422,-0.01799072,0.008372196,0.022502845,0.07179577,0.1044943,-0.006159219,0.003643089,-0.023952933,-0.05178151,-0.008662068,-0.07784724,-0.090392426,-0.05346295,-0.16088131,-0.18066129,-0.12275896,-0.10066884,-0.16212025,-0.16306323,-0.0579384,-0.046941575,-0.12767601,-0.09841253,-0.023330564,0.069460705,-0.05314257,0.05884963,0.12967396,0.25328466,0.26506096,0.19258873,0.27751556,0.3563922,0.3516224,0.30271712,0.37495473,0.39266285,0.33856875,0.31944272,0.3445415,0.33333737,0.23695616,0.16032559,0.18789531,0.047860805,-0.214978,-0.14306004,-0.21805505,-0.36987358,-0.34402725,-0.25527218,-0.27309176,-0.14392905,0.010480722,0.110332906,0.23723836,0.2858241,0.2818648,0.17133257,0.11721426,0.17691618,0.07901688,-0.078698635,-0.11448599,-0.08914873,-0.21329704,-0.30863973,-0.27125236,-0.24097309,-0.15185358,-0.121129714,-0.11821974,-0.071998104,0.021334112,0.10910725,0.12023412,0.15635316,0.30032396,0.34620652,0.3175034,0.34968218,0.40882722,0.39444563,0.36827388,0.40093273,0.37526006,0.38235456,0.35620108,0.28190094,0.15176848,0.085349545,0.07033882,0.12325967,0.13329329,0.1295947,0.057162892,0.048791815,0.10466931,0.032058068,-0.06362327,-0.019205144,-0.041794285,-0.19749051,-0.27064884,-0.24808674,-0.2877842,-0.3568537,-0.40698007,-0.386614,-0.3790665,-0.08923737,0.0668593,0.02195813,-0.016767757
96,-0.17200609,-0.20644636,-0.20660497,-0.25712907,-0.30332017,-0.33272293,-0.31913418,-0.33585352,-0.33925197,-0.31151348,-0.30123484,-0.29257116,-0.22515729,-0.2214316,-0.21893448,-0.14225008,-0.06384143,-0.07114351,-0.05404046,0.053113382,0.046360325,0.13691081,0.22277245,0.2193397,0.29986537,0.17202337,-0.011276725,-0.047465947,-0.14502844,-0.17067663,-0.10825596,-0.17247972,-0.19461493,-0.0708733,-0.11175476,-0.16775893,-0.16349532,-0.15374473,-0.13959618,-0.2427523,-0.19413918,-0.27427796,-0.28309777,-0.3278481,-0.28071287,-0.18183061,-0.012431224,0.1596258,0.3452526,0.41953552,0.448138,0.40922803,0.35909188,0.17418794,0.06374964,-0.0064455452,-0.058454465,-0.035079006,-0.045200367,-0.17892192,-0.22122593,-0.20643978,-0.25216156,-0.2987349,-0.31423563,-0.30390832,-0.3126599,-0.3251832,-0.3209476,-0.31151435,-0.27469346,-0.21928681,-0.17859071,-0.17334276,-0.21804678,-0.24309711,-0.22172503,-0.25873613,-0.28857717,-0.26956323,-0.25495413,-0.27172464,-0.21992904,-0.09378324,0.07241783,0.24379948,0.45288584,0.6087982,0.7305864,0.6788718,0.81383336,1.0,0.7279991,0.56651604,0.6539161,0.39119828,0.0841423,0.0068088644,0.1418561,0.26244155,0.19778058,0.09183387,0.0062409304,-0.011292364,-0.09886219,-0.1830696,-0.13890868,-0.0684919,-0.08800581,-0.15569457,-0.14419197,-0.122672856,-0.16548285,-0.18785347,-0.1745627,-0.14629577,-0.113541044,-0.09701274,-0.09262579,-0.04234876,0.030778226,0.06086201,0.077909686,0.030420233,0.19217928,0.02364173,0.13181974,0.063302316,-0.013557313,-0.007612462,0.09292712,0.043944456,-0.058902543,-0.01616172,0.041478332,-0.0055879853,-0.10851004,-0.11932801,-0.11380561,-0.02766462,-0.10301422,0.037472084,0.12783596,0.15996087,0.10113954,0.13710412,0.16005348,0.19688465,0.2325276,0.14579098,0.1298102,0.06962409,0.008676121,0.07221879,0.006407447,-0.0050677396,0.011313093,-0.075435646,-0.09415208,-0.07784078,-0.08002788,-0.106472164,-0.1203536,-0.059523042,-0.051834892,-0.114310935,-0.08569755,-0.03837155,0.024791002,-0.037934173,0.064109206,0.10021724,0.20498317,0.19884181,0.112175025,0.17732474,0.26727104,0.31593063,0.28189406,0.33962375,0.34457052,0.32701066,0.29578462,0.28851044,0.2977879,0.24369194,0.12990549,0.14331977,0.07967445,-0.16419211,-0.16284016,-0.19442263,-0.30194402,-0.31961817,-0.2642315,-0.25073847,-0.15669504,-0.009332706,0.029405246,0.1545335,0.20424399,0.18777074,0.078151,0.040359024,0.099130094,-0.0046280576,-0.14030895,-0.15210083,-0.1298967,-0.23858187,-0.29705226,-0.24357632,-0.21794549,-0.14978051,-0.10748876,-0.10184382,-0.09010829,-0.011183309,0.07987369,0.076803625,0.08134051,0.23459607,0.30306104,0.24132504,0.26419887,0.34743872,0.3356719,0.29296204,0.33442575,0.2933578,0.3090232,0.31000593,0.25800943,0.15924805,0.10644265,0.087451525,0.12307228,0.14647923,0.16346884,0.10437849,0.09343558,0.14893664,0.085777774,0.0064889407,0.04499954,0.0485463,-0.088662,-0.17692377,-0.14833128,-0.1755557,-0.24218293,-0.30347422,-0.2846662,-0.27600226,-0.111123756,-0.01179926,-0.03127181,-0.05429572
97,-0.28600582,-0.28299183,-0.2607723,-0.27314073,-0.3034214,-0.27675563,-0.3120455,-0.35918784,-0.29924992,-0.2806131,-0.31489727,-0.32089007,-0.20870973,-0.21093848,-0.24889046,-0.16098695,-0.04372897,-0.05311126,-0.040826734,0.04782113,0.051736075,0.13640836,0.19213687,0.15399334,0.20824525,0.090891406,-0.052152447,-0.07413133,-0.16609782,-0.16894023,-0.164103,-0.23166533,-0.27665132,-0.09385305,-0.1457312,-0.1871998,-0.1712043,-0.19175066,-0.13322271,-0.16351801,-0.13838589,-0.20239376,-0.2684079,-0.30580348,-0.26739302,-0.21742398,-0.08055482,0.041670967,0.20582396,0.32018265,0.40878087,0.31608364,0.28102115,0.1537471,0.0730773,-0.038907625,-0.061634213,-0.021278339,-0.11034314,-0.25429612,-0.24933682,-0.26429847,-0.34252518,-0.36411855,-0.3735435,-0.3721876,-0.38669884,-0.38064975,-0.36616728,-0.40728498,-0.39479077,-0.36369532,-0.31666672,-0.29223514,-0.33859563,-0.3432991,-0.31449625,-0.32520786,-0.36177257,-0.36914945,-0.37906468,-0.36919427,-0.3048792,-0.24102753,-0.14773399,0.03595473,0.2282666,0.4348255,0.61514044,0.62061465,0.5851814,0.7279991,1.0,0.8686362,0.7153764,0.38865906,0.1590931,0.027992444,0.10566763,0.08117688,-0.028605554,0.03134608,-0.11343122,-0.18555102,-0.2661102,-0.30954245,-0.3112166,-0.27680987,-0.27569193,-0.32339868,-0.27178657,-0.2796267,-0.28971812,-0.23842888,-0.25665447,-0.22514206,-0.25494713,-0.25180078,-0.20295273,-0.16381468,-0.10488788,-0.0821622,0.0020853754,0.01604831,0.14488068,-0.019821513,0.060357865,0.021123165,-0.062145445,-0.05634256,0.10768705,0.07274431,-0.038151447,0.0077132597,0.10027215,0.06646988,-0.061478764,-0.08587911,-0.11096921,-0.043819577,-0.11189907,-0.005132326,0.073007636,0.11815877,0.15097278,0.2404297,0.28240827,0.2781167,0.27426574,0.24764116,0.20605381,0.12644336,0.06031267,0.07092227,0.023135157,0.017089602,0.037116174,-0.051466174,-0.07177605,-0.10413356,-0.13383274,-0.16679658,-0.18624711,-0.16776018,-0.15582424,-0.1656705,-0.1557322,-0.1162324,0.10509093,0.15080458,0.24233755,0.2880008,0.3127475,0.26607317,0.22913149,0.27624255,0.3312061,0.41996282,0.39219624,0.43001902,0.4272792,0.41464597,0.36704448,0.3600902,0.36904785,0.30821958,0.16391207,0.1731353,0.10270086,-0.21065828,-0.21737552,-0.24769337,-0.37014613,-0.41594094,-0.34039858,-0.33070585,-0.22123961,-0.0348368,0.03421345,0.19180842,0.25518882,0.23179717,0.09119783,0.05124519,0.13347238,-0.010538088,-0.17871293,-0.18165499,-0.15732099,-0.28747672,-0.3487202,-0.27011314,-0.24068426,-0.16887966,-0.1199957,-0.118269384,-0.11972985,-0.035176136,0.050342504,0.07163824,0.063048,0.25527304,0.35913208,0.28991893,0.3159546,0.4310908,0.42360523,0.372992,0.42135203,0.36130866,0.37779546,0.4068233,0.34757274,0.2268807,0.19101767,0.19267963,0.16367652,0.2141845,0.2551723,0.17580326,0.17131227,0.24043453,0.16177018,0.06314515,0.0962013,0.07055544,-0.08513463,-0.18848169,-0.17566693,-0.2048224,-0.28010386,-0.35982525,-0.33264977,-0.3187797,-0.051940925,0.026430476,0.008236051,-0.04462423
98,-0.24895877,-0.25971228,-0.22615242,-0.25373423,-0.26753405,-0.2468029,-0.3020898,-0.31684777,-0.23248589,-0.24922195,-0.2844925,-0.2785133,-0.19901921,-0.22627741,-0.25960872,-0.1980996,-0.09392788,-0.104539104,-0.10618671,-0.03460092,-0.030987497,0.052006472,0.08566883,0.060090527,0.11689785,0.03367407,-0.06857376,-0.06319891,-0.13479201,-0.115216725,-0.1092121,-0.1939974,-0.24953824,-0.06707873,-0.11305323,-0.14800717,-0.114600964,-0.15177259,-0.08059225,-0.097132444,-0.08353954,-0.09128506,-0.15278137,-0.20239393,-0.16414575,-0.16850868,-0.07002169,-0.004457778,0.09321078,0.19918665,0.3059009,0.24198106,0.19764818,0.098473854,0.053011347,-0.03647198,-0.07303884,-0.05639538,-0.14122589,-0.2530141,-0.25747544,-0.28044105,-0.32321426,-0.34493703,-0.36344838,-0.3473512,-0.34857237,-0.3522961,-0.32944468,-0.34744313,-0.33159697,-0.29762807,-0.2734062,-0.25335777,-0.29474255,-0.30350178,-0.28028938,-0.29299578,-0.31299755,-0.3008115,-0.30275965,-0.2924216,-0.21466999,-0.19205087,-0.18219206,-0.028545924,0.14740518,0.3333785,0.4799047,0.55134916,0.5115959,0.56651604,0.8686362,1.0,0.83135957,0.45465472,0.24134691,0.1216545,0.21463473,0.09145558,-0.033473827,-0.025557842,-0.15493585,-0.17741989,-0.25145882,-0.27546653,-0.30542415,-0.2609281,-0.23931676,-0.28741264,-0.24991329,-0.2518579,-0.27469516,-0.23863155,-0.25261685,-0.22294801,-0.24277192,-0.235138,-0.19057138,-0.14004515,-0.13230385,-0.09737343,-0.005259146,0.020016568,0.16144018,0.047459293,0.15012097,0.10791048,0.005441505,0.031840224,0.18634328,0.11455373,0.005915635,0.058767356,0.11069578,0.06231242,-0.056533802,-0.057967514,-0.071856506,-0.026427198,-0.08241148,-0.010228769,0.036849674,0.07963756,0.121483505,0.2109173,0.2604869,0.2355646,0.22060491,0.16564889,0.17641205,0.17835198,0.14351092,0.15854615,0.09049712,0.08191457,0.103994355,0.023113862,0.009578817,-0.018118778,-0.071908884,-0.14384416,-0.15226692,-0.1370417,-0.16097578,-0.18036862,-0.16468199,-0.13838726,0.086416654,0.18869632,0.27137175,0.3037349,0.29914322,0.23466484,0.20081793,0.23735581,0.3198046,0.4071437,0.37197632,0.41217673,0.4084806,0.385171,0.33664095,0.3430115,0.3505463,0.2749869,0.1558981,0.19035922,0.11044645,-0.20149684,-0.18114528,-0.20302957,-0.33956882,-0.39702633,-0.31973594,-0.28704566,-0.17511107,-0.0012758218,0.06716049,0.21896322,0.2689372,0.24407895,0.11820819,0.076724224,0.13515869,0.011867983,-0.14646806,-0.18630297,-0.17242382,-0.26970702,-0.33588853,-0.28616863,-0.26669228,-0.20585161,-0.1602696,-0.15945184,-0.16932984,-0.09457498,-0.025902592,0.016645363,0.041861653,0.20831592,0.3071843,0.2840841,0.3151916,0.40173414,0.4117756,0.38153526,0.4170393,0.37111455,0.36303782,0.36134905,0.2753105,0.13864471,0.08716672,0.13021798,0.11713104,0.17418641,0.21120894,0.1124529,0.10821906,0.17343421,0.0985205,-0.0028969864,0.02090184,0.0014622728,-0.13471287,-0.22708496,-0.20982595,-0.23031545,-0.2918883,-0.34803912,-0.31276727,-0.30250573,-0.030862277,0.013063057,-0.046251744,-0.09643703
99,-0.13137758,-0.17036793,-0.14562958,-0.21214095,-0.23875062,-0.274215,-0.31230012,-0.3006985,-0.25759396,-0.2835533,-0.29486427,-0.27837738,-0.22048794,-0.25418562,-0.28336588,-0.22573674,-0.14679511,-0.16742237,-0.16951694,-0.09030786,-0.05978389,0.021729384,0.06583146,0.076797135,0.15542689,0.083428934,-0.043726567,-0.03092219,-0.091685876,-0.050334558,-0.09530861,-0.110236,-0.16628689,-0.13830766,-0.16225578,-0.17721592,-0.15185356,-0.12757394,-0.11152757,-0.13060895,-0.070554055,-0.074453354,-0.11456586,-0.19667909,-0.1678681,-0.13640285,-0.020314232,0.05613501,0.1805812,0.20446324,0.26321438,0.23928516,0.15555523,0.034350034,-0.010304092,-0.073704556,-0.14039715,-0.14364263,-0.17313462,-0.26625577,-0.31029612,-0.31471387,-0.3161204,-0.3514671,-0.3642071,-0.3256881,-0.31521794,-0.32884386,-0.30468553,-0.28263375,-0.24171689,-0.1876207,-0.16892196,-0.16004358,-0.20236894,-0.21688163,-0.18869556,-0.2235356,-0.24139184,-0.20712496,-0.2059529,-0.23198871,-0.18513171,-0.13601671,-0.05511344,0.043774363,0.21424967,0.35500902,0.4878001,0.5247007,0.5668838,0.6539161,0.7153764,0.83135957,1.0,0.67074543,0.32922706,0.19736208,0.27959737,0.19069022,0.094771996,-0.06545931,-0.16699617,-0.10195402,-0.18807673,-0.2260613,-0.2215025,-0.15180601,-0.14190124,-0.20390975,-0.20205218,-0.1895566,-0.23942474,-0.24939655,-0.23952417,-0.21115896,-0.17597215,-0.16431265,-0.16897847,-0.14060777,-0.088552825,-0.030808302,0.029645143,0.0031893917,0.18957321,0.14398508,0.27955964,0.21708469,0.08189038,0.103312396,0.24879728,0.13650529,0.0028066377,0.08568517,0.14030066,0.033354416,-0.06391613,-0.044663504,-0.046287984,0.008541823,-0.06291417,0.01962034,0.08064018,0.122953065,0.11661612,0.17915311,0.22399688,0.21787798,0.21183737,0.14028785,0.22693416,0.24901225,0.2006803,0.25517574,0.14076848,0.10039374,0.14110678,0.08552883,0.03568808,0.00014242626,0.005187203,-0.026606614,-0.07111356,-0.039072726,-0.021647083,-0.059206005,-0.06594094,-0.03117468,0.11042194,0.10918014,0.18004185,0.21023165,0.23901796,0.20730439,0.15508401,0.16303031,0.24018049,0.30907813,0.26543102,0.30386394,0.29743442,0.30162972,0.24759607,0.21735935,0.24585569,0.22423108,0.06793558,0.08710226,0.068817504,-0.18349725,-0.2185736,-0.19381261,-0.26892966,-0.34035823,-0.29012164,-0.2202118,-0.17432235,-0.04870245,-0.042919297,0.07207277,0.12756206,0.10169501,-0.017137762,-0.051377345,0.008118939,-0.09911561,-0.22296046,-0.22290562,-0.18285728,-0.2681966,-0.30215117,-0.23490873,-0.20273733,-0.15640955,-0.10971921,-0.1008158,-0.11329691,-0.063913815,0.032317832,0.030704545,-0.015856622,0.15232989,0.24776328,0.16157416,0.17947656,0.2838872,0.27951124,0.23272222,0.27946073,0.23431015,0.25376955,0.275741,0.23683478,0.16401069,0.1339849,0.13198823,0.12472114,0.16689989,0.21148875,0.149164,0.13408779,0.18731941,0.14170137,0.064332776,0.07992782,0.07404842,-0.036958255,-0.1304636,-0.111121975,-0.13455723,-0.19710052,-0.27555272,-0.2464676,-0.25006026,-0.107489996,-0.019851172,-0.007048398,-0.028906055
100,-0.20870666,-0.24505763,-0.20948808,-0.25754258,-0.28972182,-0.3403217,-0.3462382,-0.334847,-0.32563838,-0.33915967,-0.34896603,-0.33926883,-0.28566685,-0.31092745,-0.3185221,-0.2322395,-0.19697419,-0.1851292,-0.13375446,-0.12788144,-0.019840442,0.035530046,0.07751823,0.06977231,0.15243699,0.05050315,-0.0911048,-0.09320296,-0.13574395,-0.0938287,-0.33918175,-0.20400399,-0.036886014,-0.30964452,-0.43680614,-0.39603254,-0.26140788,-0.023398854,-0.10026427,-0.10295915,-0.022075938,-0.06973878,-0.16218762,-0.2623243,-0.26068664,-0.1743481,-0.08833567,-0.0076642334,0.14784068,0.15650792,0.20087868,0.16270317,0.12038242,0.057208493,0.05421443,-0.00053582405,-0.083684616,-0.12755357,-0.13179183,-0.15747933,-0.24498558,-0.2817916,-0.2626646,-0.29061317,-0.2868084,-0.26039684,-0.25670692,-0.27516606,-0.30120102,-0.29270494,-0.2842448,-0.23501788,-0.24350643,-0.23987842,-0.2713092,-0.2919517,-0.26661968,-0.30235213,-0.30904847,-0.2742341,-0.25286737,-0.27507043,-0.28837186,-0.23201133,-0.01385353,0.01748045,0.15369652,0.23892537,0.3107369,0.39081585,0.41040263,0.39119828,0.38865906,0.45465472,0.67074543,1.0,0.5899825,0.35995173,0.33881325,0.26138783,0.21002428,0.092592195,-0.1307709,-0.09814611,-0.22021736,-0.2562366,-0.2758112,-0.20566784,-0.16959205,-0.21335287,-0.19725981,-0.14453197,-0.18209513,-0.22104178,-0.16413066,-0.10944799,-0.059207812,-0.06720414,-0.070892304,-0.11637084,0.023896923,0.07094318,0.09322303,0.053533357,0.24721621,0.21307254,0.24103023,0.08381677,-0.03991548,-0.034216948,0.07328422,-0.028052356,-0.17813174,-0.101271175,0.0060489755,-0.10161067,-0.18296905,-0.16304839,-0.12946437,-0.07197444,-0.1291863,-0.031020004,0.05788148,0.10769192,0.072073065,0.030873364,0.099271916,0.124541625,0.08142578,0.003072797,0.16084321,0.12404874,0.088043556,0.14405008,0.062734224,-0.046183057,-0.008427385,-0.04179519,-0.11442089,-0.19036649,-0.07691695,-0.034853563,-0.12102806,-0.0734299,0.07699648,0.08430769,-0.001322553,0.08325509,0.35784212,0.1383646,0.20815206,0.3274995,0.38079846,0.406505,0.41049662,0.37731236,0.33259115,0.2722761,0.25007004,0.2664914,0.225528,0.24036446,0.19195078,0.11231858,0.1477377,0.16704306,-0.081684574,-0.09988387,-0.09681578,-0.31763175,-0.39514637,-0.3669991,-0.34485334,-0.39010298,-0.36667994,-0.32860848,-0.33007967,-0.2322397,-0.21885587,-0.119820885,-0.034457587,-0.061354533,-0.21502674,-0.25969422,-0.16304778,-0.28651124,-0.40220913,-0.34196907,-0.25395533,-0.35885996,-0.35161945,-0.21724215,-0.15866266,-0.11741774,-0.056235984,-0.0574273,-0.072732136,-0.029259328,0.11418581,0.050042685,-0.12032569,0.1044345,0.2299818,0.02898952,0.03326332,0.21552639,0.18603282,0.09538056,0.17659272,0.10525965,0.17780022,0.2817722,0.3093586,0.31272453,0.30211312,0.1918249,0.14230509,0.22210518,0.30330265,0.3057134,0.27701336,0.31707057,0.3055613,0.2242707,0.2371836,0.21757501,0.09026254,-0.038074106,-0.04751684,-0.07642755,-0.1827469,-0.34342095,-0.32232568,-0.3237326,-0.029647479,0.21958974,0.35462466,0.29968336
101,-0.19609576,-0.24626711,-0.22858505,-0.26500943,-0.27568972,-0.29858172,-0.3193141,-0.30784506,-0.28075197,-0.3535517,-0.39116016,-0.3291182,-0.35963437,-0.44104803,-0.4284319,-0.35859373,-0.39585438,-0.3844266,-0.3295681,-0.36099145,-0.3499594,-0.33765894,-0.3104536,-0.35306743,-0.27041233,-0.30912566,-0.3041568,-0.19681333,-0.15616229,-0.034032695,-0.038867097,-0.08551252,0.11129944,0.011731234,-0.082045406,-0.050987035,0.08257321,0.17193285,0.107015565,0.05121808,0.04325087,0.06203518,0.0010291927,-0.07136658,-0.042282354,-0.15723857,-0.13383245,-0.2927751,-0.22951753,-0.21682994,-0.12623055,-0.098099746,-0.037970357,-0.009158316,0.06796498,0.06414983,-0.040187787,-0.13222721,-0.08886858,-0.080279574,-0.21221432,-0.26673365,-0.17420243,-0.20485932,-0.26181307,-0.23662938,-0.17979886,-0.23779653,-0.28860185,-0.21279952,-0.17253672,-0.11099515,-0.13298263,-0.12971558,-0.15713947,-0.20599222,-0.21600148,-0.26117444,-0.25449362,-0.20429736,-0.14480898,-0.15057608,-0.1252831,-0.2214629,-0.056182615,-0.11897987,-0.021409584,-0.019186005,0.002088659,0.11154892,0.2021716,0.0841423,0.1590931,0.24134691,0.32922706,0.5899825,1.0,0.8840695,0.41090915,0.22774729,0.19465598,0.13202968,-0.029183459,-0.022548163,-0.14689815,-0.08624117,-0.1716929,-0.11041736,-0.04082529,-0.061677046,-0.049606048,0.038660273,-0.006035343,-0.08187887,-0.0009114761,0.05795817,0.12894155,0.124637105,0.1509677,0.0812502,0.17916894,0.2833335,0.41840184,0.42858636,0.4610952,0.4499927,0.34665152,0.38285753,0.34364435,0.24860196,0.27029696,0.30379152,0.18593067,0.06794257,0.18050347,0.20926227,0.022588085,-0.098169155,-0.14840552,-0.23205717,-0.30986246,-0.36325732,-0.29968104,-0.18779877,-0.09962352,-0.06511846,0.034110665,-0.014016357,-0.09515895,-0.14002734,0.08633302,0.23098546,0.31714764,0.2661906,0.18833426,0.14270218,0.31703097,0.25909078,0.16441466,0.20606366,0.32529622,0.22772655,0.16113225,0.23253398,0.27125236,0.2124181,0.16146055,0.25107086,0.3442854,0.09407422,0.09017687,0.18907587,0.23297456,0.30462238,0.34258622,0.3400323,0.29029652,0.11177343,0.051463004,0.0865144,0.12539633,0.039684784,0.014066584,0.09933486,0.11389991,0.02100468,0.004711519,0.12071581,0.04714947,-0.14284778,-0.014463201,0.009211904,-0.103500046,-0.06612476,0.062106486,0.04874832,0.10585491,0.16426927,0.18332198,0.1669019,0.16881377,0.14276679,0.092563145,0.057916317,0.036623396,-0.013034226,-0.07866831,-0.13408542,-0.15841293,-0.22510405,-0.27509192,-0.31398588,-0.32336685,-0.30187032,-0.2923407,-0.26982382,-0.21980195,-0.2054941,-0.1408471,-0.11830876,-0.11932434,-0.066964164,0.006020936,0.040844288,0.05094886,0.08416171,0.12222406,0.12700935,0.123242214,0.09803757,0.060893126,0.040267564,-0.020241436,-0.09670958,-0.100239836,-0.1780591,-0.19340238,-0.13960847,-0.08687294,-0.09358123,-0.121687435,-0.08821131,-0.1002901,-0.181119,-0.1368049,-0.123752266,-0.22597198,-0.26041046,-0.20809363,-0.22307742,-0.32132676,-0.33492482,-0.25178564,-0.2631414,0.0363963,0.25452688,0.28445697,0.26270857
102,-0.123639196,-0.1825294,-0.17692038,-0.21788514,-0.21788992,-0.24249294,-0.25660866,-0.23226808,-0.21217066,-0.2944745,-0.32317084,-0.24608178,-0.30282757,-0.39746836,-0.36797562,-0.31450233,-0.38502425,-0.37194753,-0.3272913,-0.35214412,-0.39218834,-0.39420027,-0.36918926,-0.4029578,-0.33240074,-0.34399378,-0.30049065,-0.1861385,-0.13764666,-0.014902623,0.08781676,0.006280413,0.124362744,0.086395994,0.054540355,0.07660208,0.15848817,0.16931602,0.11881374,0.0696292,0.04782767,0.10015201,0.07380768,0.015298189,0.042826973,-0.108515695,-0.09658102,-0.28086478,-0.2569125,-0.2630857,-0.18649496,-0.11831463,-0.04904893,0.0025194527,0.09166592,0.115966335,0.017487902,-0.08200322,-0.014132035,-0.0066189757,-0.1470123,-0.18941793,-0.08187809,-0.118612625,-0.19384697,-0.1709413,-0.10239804,-0.16880977,-0.2116318,-0.11596621,-0.0686374,-0.013900285,-0.041098848,-0.03740343,-0.058967546,-0.11090345,-0.13284163,-0.1791413,-0.16406603,-0.11021848,-0.046496056,-0.055115335,-0.013311884,-0.12695631,0.0009839768,-0.063442975,0.0025849945,-0.039299384,-0.057133947,0.0408526,0.1465786,0.0068088644,0.027992444,0.1216545,0.19736208,0.35995173,0.8840695,1.0,0.48030216,0.28085688,0.2391947,0.15091132,0.065111846,0.07593517,-0.046384268,0.019138258,-0.062437586,-0.0029676429,0.059385862,0.03580205,0.024685444,0.11841308,0.07523032,-0.022291368,0.057303827,0.11258695,0.19461782,0.2057051,0.22955179,0.16975263,0.23360103,0.3603972,0.5068471,0.48351258,0.46860576,0.46052232,0.3528006,0.42762053,0.4059883,0.31117654,0.29556504,0.3393201,0.24966961,0.10485518,0.18100415,0.22895218,0.05586446,-0.07456559,-0.13932753,-0.24134332,-0.302753,-0.38085786,-0.3419299,-0.24664146,-0.16216925,-0.10606892,-0.026445787,-0.08766944,-0.16160819,-0.18924558,0.01088517,0.19814847,0.29035416,0.22807267,0.15040484,0.15717563,0.3403243,0.28805158,0.20794062,0.29771113,0.4038358,0.27778333,0.2246908,0.3008083,0.2909643,0.20814104,0.18624012,0.2503619,0.23175935,0.02549773,0.0062049152,0.066911995,0.114534914,0.1824178,0.1975449,0.2106778,0.18488626,0.024071245,-0.040001754,-0.004337353,0.050433863,-0.044835955,-0.057593796,0.057068363,0.06064154,-0.040436905,0.021445373,0.1491973,0.07012729,-0.053347807,0.109502934,0.12998448,0.0051293233,0.060582895,0.18981291,0.16542374,0.21954066,0.24397898,0.2537489,0.20190005,0.17469679,0.16120544,0.16081628,0.1368647,0.08304567,0.07977892,0.04748197,-0.029412927,-0.07641907,-0.11097269,-0.16592745,-0.25289312,-0.2778146,-0.26456827,-0.27870402,-0.25507447,-0.19315724,-0.19342533,-0.1703027,-0.13124296,-0.07692391,-0.09587089,-0.06660731,0.03293129,0.040832583,0.014434283,0.062143262,0.0968121,0.067463756,0.06584233,0.0057287416,-0.054126345,-0.122861326,-0.20026578,-0.20493299,-0.2556563,-0.2505287,-0.22636896,-0.20183825,-0.20719352,-0.22772735,-0.20777248,-0.21472241,-0.2724375,-0.2306294,-0.21122216,-0.27355856,-0.2634331,-0.20598015,-0.21724397,-0.2814915,-0.2437678,-0.16888146,-0.18780294,-0.014263696,0.13663027,0.13227971,0.14041747
103,-0.09441406,-0.17504336,-0.1449745,-0.16243695,-0.12864454,-0.13312377,-0.17116748,-0.15131001,-0.13194679,-0.16983058,-0.18813308,-0.1765198,-0.18781002,-0.22525658,-0.2438284,-0.23638718,-0.22187999,-0.20828669,-0.20642756,-0.21558315,-0.16517016,-0.07472335,-0.037634082,-0.03252455,0.02858915,0.046997733,0.10612146,0.14254043,0.1535275,0.1551736,0.09710939,0.06118942,0.0463723,0.076453514,0.046201456,0.05968978,0.056497835,0.0262997,0.011464288,-0.012310442,-0.0006474783,0.08224711,0.055551298,0.18439569,0.0733553,0.10058177,0.08921728,0.064394385,0.08019518,0.048574913,0.021962227,0.040371932,0.028005978,0.062837005,0.11137902,0.09931021,-0.00224073,-0.06400635,0.014332074,0.023182217,-0.1061335,-0.1336201,-0.074406005,-0.12841336,-0.17292929,-0.13856158,-0.12476598,-0.16439457,-0.16092548,-0.09648668,-0.08421482,-0.030095153,-0.04630878,-0.053954404,-0.079327725,-0.13033168,-0.14707375,-0.18084225,-0.15242805,-0.08079078,-0.008206125,0.089129016,0.00054951746,-0.0239244,0.10891275,0.1289713,0.2704674,0.1518812,0.13423021,0.12204985,0.21440925,0.1418561,0.10566763,0.21463473,0.27959737,0.33881325,0.41090915,0.48030216,1.0,0.7115962,0.555415,0.3676275,0.12886569,0.10174106,-0.06532181,-0.012950269,-0.08465971,0.016983626,0.08399151,0.010950654,-0.017164689,0.06658462,0.046197794,-0.06330039,-0.0076863216,0.054431643,0.13059539,0.17646834,0.19387063,0.16287273,0.206565,0.29661584,0.24046522,0.16102251,0.21686493,0.2290833,0.21726987,0.087053426,0.123778865,0.24072856,0.09279074,0.0031011642,0.12127038,0.12747358,-0.028447792,0.02779337,0.07904948,0.114926636,0.1420826,0.120261304,0.09152533,0.071390726,0.058560256,0.07309929,0.077338785,-0.010037091,0.06411339,0.059645783,-0.03788084,-0.15134534,0.03304297,0.01387409,0.012396763,0.12844373,0.055220887,0.09064348,0.14636603,0.059362277,0.03342264,0.11637598,0.16191699,0.079364344,0.08119462,0.14967279,0.14501965,0.07545474,0.045129105,0.034279652,0.021868883,-0.08582949,-0.10217035,-0.03882322,-0.03196829,0.025224227,0.114414416,0.057670694,0.06919401,0.023332592,-0.016255787,0.015381128,0.03291837,-0.02369726,-0.040129226,0.011364084,0.015768388,-0.04106462,-0.021842517,0.049039274,0.0052668606,-0.06094759,0.012246949,0.024016056,-0.030946711,-0.059771802,-0.05812479,-0.016492471,0.03534601,0.053795736,0.08047279,0.080572166,0.06323022,0.06509044,0.06664077,0.04468427,0.008531482,0.029321523,0.013142839,-0.06035147,-0.07530866,-0.03773572,-0.049357437,-0.08895803,-0.09875854,-0.09419244,-0.09478406,-0.09107918,-0.09587255,-0.06297089,-0.03708635,-0.03899381,-0.021840397,-0.0057437336,0.0056275083,0.039463796,0.046314064,0.024682773,0.04586115,0.067758985,0.04485974,0.05472626,0.0064628236,-0.06043245,-0.09139961,-0.11007485,-0.115671396,-0.1162831,-0.09378086,-0.095441744,-0.097788855,-0.118905656,-0.11479809,-0.11567509,-0.12597919,-0.13937949,-0.122053,-0.120675646,-0.14068788,-0.13887285,-0.10805285,-0.11230255,-0.115772754,-0.11693742,-0.08218024,-0.08346318,-0.08081413,-0.034333445,-0.047888335,-0.03704187
104,-0.108662486,-0.21258298,-0.2332396,-0.2672434,-0.26755837,-0.29683542,-0.28327113,-0.257882,-0.28649324,-0.321588,-0.30158007,-0.25918272,-0.28388903,-0.33096248,-0.28444454,-0.24477278,-0.27910843,-0.26154017,-0.19086772,-0.14877187,-0.15972026,-0.019139979,0.057955977,0.018334998,0.039492972,0.01064959,0.0052813822,0.0012850766,-0.0029356407,0.0049388646,0.034065954,-0.0058114245,0.054727606,0.062046576,0.010876972,0.0055512544,0.0052660443,0.042169068,-0.019733522,-0.12845743,-0.12848131,-0.12792146,-0.117403105,-0.015218531,-0.051917113,-6.139911e-08,0.050509106,0.09333976,0.1639506,0.18138696,0.10969002,0.19622365,0.24997668,0.21656516,0.2374635,0.24822323,0.1264547,0.04437191,0.20723182,0.18870662,-0.013964899,-0.04083365,0.031840935,-0.059032083,-0.15964279,-0.13196711,-0.10250481,-0.18345433,-0.2210472,-0.12670821,-0.086701185,-0.010901038,-0.014367982,-0.034057137,-0.06373364,-0.14244655,-0.17731123,-0.23116429,-0.20571436,-0.13814983,-0.036378015,0.026292358,-0.008504865,0.056045517,0.33857763,0.40331328,0.5159297,0.35444573,0.22499259,0.20679186,0.34738714,0.26244155,0.08117688,0.09145558,0.19069022,0.26138783,0.22774729,0.28085688,0.7115962,1.0,0.8352026,0.5865978,0.36237288,0.31526145,0.1090573,0.07633613,0.045641698,0.166721,0.21432099,0.12955911,0.08739052,0.23051511,0.2208321,0.043758184,0.13982996,0.2365108,0.3291456,0.38141736,0.41420305,0.3719253,0.51770127,0.6080172,0.5114296,0.37352768,0.35452753,0.2202761,0.1543596,0.008594686,0.0746179,0.1563587,-0.02556549,-0.064076275,0.025287572,-0.028062176,-0.14653961,-0.056498054,-0.05522024,-0.071737476,-0.05804791,-0.059350595,-0.094000645,-0.027752621,-0.026088567,-0.011783128,-0.046266902,-0.13510862,-0.094129466,-0.04505835,-0.07291512,-0.20529208,-0.087536015,-0.12656026,-0.103750184,0.037085146,-0.040675033,-0.01650733,0.056669354,-0.058848485,-0.07681655,0.02562906,0.103094265,0.033815037,0.027531236,0.15265034,0.18484902,0.059787046,0.043078694,0.09815176,0.0071510905,-0.24072093,-0.229835,-0.13826437,-0.04436645,0.053246833,0.11387977,0.11184315,0.12086716,0.004084274,-0.029725002,0.038145177,0.06763333,-0.019652193,-0.013338878,0.072137736,0.06085661,-0.036752023,0.026856529,0.09769652,-0.006230671,-0.076202944,0.05662579,0.014193434,-0.068303004,-0.013885435,0.01411217,-0.005385039,0.07834336,0.09891617,0.14931385,0.1493935,0.13209815,0.14796962,0.15337585,0.12538572,0.09465397,0.11391086,0.07601763,0.002616982,-0.031038743,-0.027961688,-0.076165006,-0.12311611,-0.13527936,-0.094559796,-0.09618004,-0.10355,-0.06966689,-0.023477668,-0.004495579,-0.02986114,0.03789223,0.06759533,0.05422259,0.102140166,0.12254304,0.089932136,0.10330947,0.13242134,0.10989732,0.12656757,0.074918285,-0.01265232,-0.05623757,-0.09281104,-0.12922598,-0.1709775,-0.13104467,-0.13642228,-0.1503946,-0.1593184,-0.15621215,-0.15390621,-0.17906468,-0.18757418,-0.14460176,-0.16531241,-0.21703121,-0.20149735,-0.17301038,-0.19623834,-0.2021758,-0.18759762,-0.17927256,-0.18579726,-0.12380441,0.0026508872,-0.015067874,-0.012547854
105,-0.0011710464,-0.112711,-0.13988696,-0.18141522,-0.17660132,-0.23511049,-0.20758466,-0.16175935,-0.22003074,-0.2583803,-0.2120813,-0.1726261,-0.2382988,-0.26768687,-0.19212201,-0.18551297,-0.26510996,-0.23066144,-0.17043824,-0.14585337,-0.13892655,-0.039259795,0.03022304,0.02218837,0.04234045,0.031326573,0.052217618,0.049941406,0.06338744,0.08264643,0.080245934,0.0736287,0.13326062,0.049830515,0.019476082,0.025303967,0.017216185,0.06790719,-0.018438233,-0.09236857,-0.064226314,-0.04391929,-0.011653111,0.07083837,0.039966058,0.09892729,0.13007419,0.16878232,0.20717998,0.16919792,0.06288441,0.17752391,0.24135031,0.25405103,0.26844046,0.29450142,0.15961789,0.06885881,0.2769393,0.278165,0.06378693,0.06335327,0.15308106,0.06269633,-0.033508617,-5.5330074e-05,0.03771822,-0.051939003,-0.09758371,0.01917297,0.055698182,0.12654364,0.10031355,0.07057829,0.05181407,-0.029456919,-0.07352908,-0.13533114,-0.08892087,-0.005106415,0.11207083,0.15850802,0.114433974,0.1957177,0.47779688,0.51123995,0.55580896,0.3361535,0.18035844,0.17410482,0.31423336,0.19778058,-0.028605554,-0.033473827,0.094771996,0.21002428,0.19465598,0.2391947,0.555415,0.8352026,1.0,0.6939096,0.4907909,0.45320937,0.2539808,0.2168577,0.17536056,0.29192472,0.35005358,0.2653336,0.2207089,0.35890839,0.33479413,0.15267253,0.25438833,0.3315736,0.43462655,0.4872713,0.5035463,0.4707048,0.6532962,0.6923169,0.4734482,0.32526484,0.27521262,0.27485374,0.22082111,0.062206447,0.12337564,0.21284439,0.004502198,-0.054743472,0.045448788,-0.0019269374,-0.12983613,-0.061377063,-0.04239922,-0.041562624,-0.02095977,-0.024060763,-0.044322185,-0.017788759,-0.019739462,-0.018104205,-0.060217172,-0.16746058,-0.13215859,-0.0800301,-0.10137732,-0.23274164,-0.099113114,-0.11028291,-0.0814317,-0.014134891,-0.09146329,-0.09661517,-0.011167122,-0.07268378,-0.11026121,-0.0036157088,0.11571956,0.06405775,0.04736067,0.17947659,0.23019879,0.098694876,0.079095006,0.12891415,-0.038595136,-0.3274125,-0.33172485,-0.2494385,-0.14388475,-0.0276646,0.029204238,0.010435498,-0.0077825715,-0.14532286,-0.17435963,-0.1270186,-0.10622552,-0.18118982,-0.16754004,-0.0950364,-0.10875167,-0.17963274,-0.09924568,-0.03067271,-0.10774958,-0.07295394,0.056117978,0.036118284,0.008091281,0.085074216,0.09152419,0.07224906,0.107978806,0.08051373,0.08707906,0.029419605,-0.008852145,0.02238742,0.063317634,0.033857938,-0.009794543,0.060905386,0.076731,0.011693427,0.001455487,0.03806942,0.015099252,-0.042227123,-0.044442877,-0.026480358,-0.0439752,-0.05854887,-0.01844007,-0.007611766,-0.009752549,-0.05645012,-0.015907798,-0.039253376,-0.08791084,-0.048311055,-0.033649582,-0.082798384,-0.07606485,-0.037979916,-0.061959084,-0.03697037,-0.08055781,-0.15323853,-0.17037436,-0.15684061,-0.17270589,-0.21874954,-0.17237166,-0.19874793,-0.21994399,-0.19156761,-0.19746995,-0.22240487,-0.21451783,-0.18976633,-0.16945066,-0.17946371,-0.17746218,-0.13808152,-0.13361013,-0.14901681,-0.13126738,-0.11038056,-0.11988882,-0.12515336,-0.14757556,-0.014941441,-0.0011411923,0.018772967
106,-0.21758501,-0.24793185,-0.2654343,-0.22950764,-0.22304547,-0.19626833,-0.17916796,-0.18010186,-0.19196923,-0.18018954,-0.15795115,-0.14940746,-0.15377165,-0.13706315,-0.038711354,-0.0053503388,-0.078954436,-0.026329435,0.09771921,0.110196546,0.049611144,0.12582114,0.20442688,0.13246629,0.07539074,0.00554043,0.011308508,-0.05924862,-0.086242095,-0.12927005,-0.15185343,-0.12874049,-0.06297595,-0.07955232,-0.09418403,-0.103155285,-0.1421769,-0.11666465,-0.17420255,-0.18631113,-0.16750033,-0.17205887,-0.16587082,-0.06354558,-0.08663484,-0.00062856736,0.052727744,0.1569909,0.2334034,0.26905322,0.21784745,0.23203927,0.40490994,0.45278195,0.46122995,0.42413947,0.3544594,0.33047125,0.45777497,0.38195643,0.2596732,0.24041896,0.22272174,0.15893863,0.05978681,0.036397945,0.035083063,-0.04090768,-0.09656453,-0.091738746,-0.11109799,-0.09554004,-0.10493108,-0.116908915,-0.123374894,-0.18146054,-0.2161333,-0.23814476,-0.20526503,-0.19346507,-0.1064053,-0.02318997,-0.025427204,0.07779775,0.36831805,0.48012584,0.5073238,0.3732853,0.16626522,0.19111377,0.24391858,0.09183387,0.03134608,-0.025557842,-0.06545931,0.092592195,0.13202968,0.15091132,0.3676275,0.5865978,0.6939096,1.0,0.70879686,0.44450748,0.21859297,0.14723843,0.06925017,0.08137956,0.14143912,0.09851225,0.10464047,0.20443013,0.2687575,0.17177473,0.22163182,0.31991193,0.3310515,0.37373796,0.4728521,0.42265067,0.57002914,0.53914106,0.3892279,0.26740426,0.15933952,0.08665323,-0.073754676,-0.2104424,-0.12058094,-0.061010573,-0.21988468,-0.22211827,-0.13104518,-0.18439217,-0.2442212,-0.12828027,-0.12829362,-0.16880937,-0.17372559,-0.13757336,-0.12369456,-0.055927888,-0.048080288,-0.072261065,-0.10925253,-0.18706673,-0.18661307,-0.112339675,-0.11204144,-0.13236628,-0.1659392,-0.28815576,-0.24463962,-0.18533023,-0.19397172,-0.17167258,-0.123011604,-0.20648584,-0.24940202,-0.20514502,-0.11537145,-0.10787125,-0.15389723,-0.08004491,0.0154022025,-0.0288683,-0.09806095,-0.042218577,-0.029165154,-0.16212904,-0.15811384,-0.091645494,-0.05002118,0.0024176836,0.071952924,0.07812129,0.023750668,-0.0031695522,0.03382287,0.05625637,0.03600208,-0.016521774,0.01199103,0.049146928,0.00994601,-0.036933888,0.014625627,0.008503277,-0.084923804,-0.09172355,-0.011701864,-0.082511656,-0.11156156,-0.05160497,-0.04330396,-0.107017726,-0.04094707,-0.026278673,0.0464478,0.053233866,0.05333749,0.09192642,0.079675056,0.05545902,0.08016815,0.09102912,0.05754766,0.035405457,0.036780305,0.022938004,-0.0011016143,-0.003701064,0.0014492722,0.049987603,0.03697122,0.011589591,0.04716967,0.09051872,0.06655132,0.04224466,0.097712375,0.11458602,0.082056805,0.083924845,0.102294154,0.092626154,0.07201893,0.08001322,0.08196416,0.097159855,0.10087912,0.08101599,0.076962404,0.069817685,0.022389207,-0.029532101,-0.012601895,0.0031737273,-0.01908382,-0.010908008,0.002015429,-0.0173907,-0.034550656,-0.030252136,-0.0064165066,-0.07105954,-0.10069026,-0.074435905,-0.10715014,-0.15057112,-0.13943884,-0.15295996,-0.1817942,-0.20013486,-0.15033717,-0.03993032,-0.009424022,-0.03147848
107,0.13911371,0.123101264,0.052293096,0.05444677,0.06480373,0.027961291,0.06612624,0.12927008,0.08052664,0.05789913,0.13976647,0.17642882,0.08960093,0.1023084,0.25150844,0.20856877,0.06440718,0.10304689,0.17978568,0.15900272,0.048422676,0.037513703,0.09400204,0.07762651,-0.018636927,-0.024499135,0.054990355,-0.002146651,0.044601493,0.017402045,0.07584169,0.11062386,0.041252036,-0.029867643,0.058336526,0.040080752,-0.07374742,-0.10242417,-0.118389584,-0.0733917,0.012192921,0.018375138,0.121218905,0.11817548,0.19405104,0.23854174,0.25366518,0.30074736,0.224756,0.17407468,0.059098225,0.15152419,0.3106108,0.3485639,0.3023863,0.3672642,0.35989672,0.37763464,0.5472396,0.5049143,0.4503833,0.5095121,0.52684635,0.46350735,0.36946005,0.37476078,0.37832898,0.29456258,0.25848624,0.30444556,0.30112728,0.28492248,0.2449107,0.22795331,0.24401313,0.21416035,0.16656774,0.1533264,0.20205681,0.21336229,0.27967831,0.28197923,0.38530076,0.48869064,0.5509088,0.58446676,0.44019067,0.26059434,0.038054243,0.048488002,0.10325236,0.0062409304,-0.11343122,-0.15493585,-0.16699617,-0.1307709,-0.029183459,0.065111846,0.12886569,0.36237288,0.4907909,0.70879686,1.0,0.8015365,0.6556227,0.536019,0.49643365,0.4547107,0.46475086,0.4396766,0.4038585,0.4446399,0.46296048,0.37224796,0.400976,0.4108182,0.4365244,0.49097133,0.5320191,0.59139574,0.5133495,0.48190072,0.3502565,0.18880351,0.027556023,-0.026247343,-0.1339817,-0.13524893,-0.06583753,-0.031416688,-0.1574062,-0.12055742,-0.03281861,-0.090418145,-0.15652518,-0.069598876,-0.026546936,-0.056124378,-0.10495573,-0.104736455,-0.05046387,-0.055212103,-0.120707795,-0.19622642,-0.21887502,-0.20242651,-0.27072513,-0.23877402,-0.16631442,-0.11086239,-0.25599518,-0.28470185,-0.2114159,-0.20162503,-0.21902795,-0.12551804,-0.089256085,-0.14899375,-0.18838663,-0.13650128,-0.089009725,-0.09712212,-0.14010723,-0.081246756,-0.06242836,-0.13066962,-0.14878598,-0.1414708,-0.336118,-0.32427245,-0.35699588,-0.37624198,-0.3646178,-0.34149444,-0.28662375,-0.2679332,-0.3083259,-0.3061836,-0.26445574,-0.24817908,-0.2538737,-0.2912292,-0.25607386,-0.19329648,-0.23721388,-0.26846674,-0.11027439,-0.09322495,-0.16673903,0.00091358187,0.12282552,0.082525425,0.092176996,0.1863122,0.17632924,0.11204781,0.111017175,0.029850263,0.03895824,-0.035557337,-0.09387947,-0.034467682,0.0632097,0.05297491,0.015873853,0.12870923,0.18937789,0.14934428,0.14488691,0.21396679,0.20890284,0.1320078,0.13027072,0.1467055,0.07867905,0.048106782,0.1054199,0.07299354,-0.052725296,-0.06041475,0.052109953,-0.07186035,-0.18097533,-0.10144901,-0.08090769,-0.17929792,-0.18871525,-0.13259818,-0.16535425,-0.11514604,-0.13421291,-0.17644927,-0.15974076,-0.11663784,-0.13464437,-0.14466472,-0.13711695,-0.18917714,-0.24120346,-0.20795073,-0.18659788,-0.2524674,-0.2367051,-0.16582808,-0.1774451,-0.23194799,-0.14215289,-0.040172108,-0.104262665,-0.11550247,-0.013719669,0.05725065,-0.008532558,-0.04575479,-0.2524126,-0.26391497,-0.25360876,-0.22749873
108,0.3527647,0.31071737,0.23319152,0.18567958,0.20412904,0.10117012,0.12935849,0.23943736,0.17366768,0.09572385,0.19044791,0.2567167,0.110999025,0.075852156,0.21968101,0.13660191,-0.039752543,-0.030192204,0.008811355,-0.016819365,-0.10211788,-0.13179322,-0.097762026,-0.05089384,-0.11166571,-0.05150418,0.067203045,0.07915644,0.1812473,0.19460735,0.22595192,0.28238216,0.1937953,0.022528518,0.13429148,0.13911742,0.015820125,0.0021140003,-0.011702471,0.057887044,0.16202763,0.20547502,0.34355325,0.2835815,0.38585863,0.37850362,0.3590841,0.29358444,0.15062416,-0.0034128947,-0.15177342,-0.025660738,0.0843947,0.119191825,0.10182666,0.22293504,0.18379919,0.17113481,0.37748796,0.39753723,0.3196397,0.40274546,0.5113941,0.45933238,0.3777423,0.43368796,0.48610732,0.39132187,0.36631623,0.49011987,0.5218238,0.5293305,0.4734197,0.43901315,0.44885445,0.41588682,0.36672089,0.32931983,0.39460534,0.44730404,0.52639073,0.48812544,0.5999166,0.6519787,0.68389046,0.5291369,0.34201914,0.11001759,-0.06272534,-0.059953474,0.040565725,-0.011292364,-0.18555102,-0.17741989,-0.10195402,-0.09814611,-0.022548163,0.07593517,0.10174106,0.31526145,0.45320937,0.44450748,0.8015365,1.0,0.8573645,0.7229093,0.68141925,0.65831757,0.64770424,0.59979045,0.52638066,0.57128674,0.55584764,0.42440832,0.46455243,0.4474201,0.5257311,0.5871923,0.5418002,0.5970862,0.45919654,0.4764824,0.34207222,0.19038795,0.07093615,0.08410102,0.003976153,0.037655488,0.10277816,0.12619768,-0.012330703,0.024336062,0.11031224,0.046901632,-0.035181396,0.025852961,0.089894295,0.06882916,-0.0029429656,-0.04510053,-0.00038406253,-0.051634073,-0.14355698,-0.20604853,-0.20479356,-0.16928802,-0.226082,-0.22252806,-0.15452738,-0.113786645,-0.20463607,-0.16030057,-0.08575524,-0.08228296,-0.0993744,-0.029038718,0.013710856,-0.00031177435,-0.037535246,0.0068419822,0.05133716,0.026928402,-0.020464676,0.024317902,0.010898621,-0.08892985,-0.09009587,-0.097366944,-0.36422446,-0.3796908,-0.42327848,-0.45675915,-0.43372205,-0.40001586,-0.36110243,-0.3544225,-0.38916844,-0.44906515,-0.43801317,-0.43405318,-0.41599673,-0.4446842,-0.43114233,-0.36117664,-0.3771059,-0.40327716,-0.242173,-0.17548874,-0.20171666,0.022124529,0.1561621,0.17836887,0.21606743,0.31344947,0.29127878,0.2607521,0.21487415,0.08678184,0.023691785,-0.11391568,-0.20627043,-0.15901348,-0.013594856,-0.018507376,-0.10847737,0.050797377,0.16916256,0.111426145,0.09503944,0.21595262,0.22953837,0.1152466,0.10859053,0.088974945,6.8348614e-05,-0.027475864,0.02875619,-0.046329897,-0.17678285,-0.2064479,-0.103831664,-0.26987702,-0.38980168,-0.29189768,-0.2717771,-0.38423306,-0.37041444,-0.30034518,-0.3476038,-0.2992031,-0.33976156,-0.38223606,-0.3549917,-0.27025095,-0.25597367,-0.25616673,-0.25024214,-0.32231793,-0.36272252,-0.30780345,-0.30422506,-0.3820787,-0.3313521,-0.24358314,-0.28044647,-0.2952536,-0.15372379,-0.037099477,-0.08712702,-0.0689883,0.049811263,0.14552559,0.08553801,0.050644524,-0.23966926,-0.27349576,-0.26022208,-0.20961402
109,0.51313573,0.48987588,0.39687866,0.35113913,0.37116548,0.2526459,0.29645336,0.42385808,0.33149064,0.24919654,0.36660102,0.42231315,0.23403428,0.21448317,0.35642472,0.21455811,0.035219826,0.032049917,0.02737884,-0.014470694,-0.08456387,-0.15552008,-0.16267338,-0.087939635,-0.15552351,-0.05716356,0.098336145,0.12327673,0.23775855,0.25228357,0.26344433,0.3222725,0.23886682,0.055617493,0.16323493,0.1697125,0.054867305,0.04954499,0.045985017,0.15296662,0.24428473,0.28259116,0.4442767,0.3705671,0.5067185,0.48697355,0.39266515,0.29509002,0.069664106,-0.11031014,-0.27265173,-0.1375636,-0.053698853,-0.025695186,-0.062327575,0.09162394,0.09808734,0.10211264,0.3006814,0.38166544,0.35842288,0.4526324,0.5819726,0.56454307,0.51577973,0.5809961,0.64011365,0.57263917,0.55521625,0.6755316,0.69683003,0.6752684,0.6066202,0.56726253,0.59891623,0.5908355,0.5425301,0.51763284,0.58587116,0.6246866,0.683633,0.6245184,0.755864,0.7928899,0.6022405,0.41793555,0.19107778,-0.04466896,-0.18372455,-0.18172276,-0.101141304,-0.09886219,-0.2661102,-0.25145882,-0.18807673,-0.22021736,-0.14689815,-0.046384268,-0.06532181,0.1090573,0.2539808,0.21859297,0.6556227,0.8573645,1.0,0.85933113,0.83779114,0.7705088,0.7312668,0.7179933,0.6491254,0.6381919,0.60216564,0.5160515,0.5351321,0.44373503,0.5028962,0.53769904,0.43102655,0.5193207,0.32445568,0.32446173,0.20213164,0.072919644,-0.0467196,-0.013109445,-0.07035906,0.008060933,0.07370654,0.08340376,-0.039244674,0.022783881,0.12297572,0.064962216,-0.021287175,0.037021678,0.15069352,0.13972276,0.062918946,0.00951539,0.06833053,-0.025054375,-0.13929985,-0.22389731,-0.20989193,-0.14917281,-0.2340461,-0.24259742,-0.14929876,-0.07614958,-0.22283252,-0.15720819,-0.07076082,-0.061704557,-0.07057709,0.006815728,0.021190217,0.028675206,0.011928531,0.039397847,0.031248901,0.0086321365,-0.017740611,-0.006240976,-0.06224945,-0.14634156,-0.1184096,-0.15742901,-0.4776497,-0.40080398,-0.4483618,-0.5236124,-0.5210492,-0.51679206,-0.4997536,-0.48517296,-0.5081534,-0.5407722,-0.52077085,-0.53978,-0.51928884,-0.5358738,-0.5235128,-0.4565067,-0.46520743,-0.47994876,-0.29614708,-0.22935285,-0.22722623,0.06598602,0.19168635,0.22532184,0.29396668,0.39235747,0.3486894,0.32725543,0.24613632,0.073957615,-0.009126376,-0.16567785,-0.27772066,-0.23179719,-0.050720528,-0.048832204,-0.16133423,0.03389583,0.1955166,0.13052197,0.11297343,0.27490324,0.30788916,0.18056117,0.1716757,0.12916511,0.03148033,0.0021883163,0.043652024,-0.056893017,-0.22302714,-0.24357422,-0.13329233,-0.35483998,-0.49782434,-0.37245554,-0.35901567,-0.49829876,-0.47732404,-0.39285624,-0.450395,-0.3967049,-0.4435314,-0.4831049,-0.451015,-0.34269854,-0.3112689,-0.26985958,-0.26099896,-0.3634746,-0.41362572,-0.35459325,-0.35416275,-0.443184,-0.37208825,-0.26068336,-0.3249319,-0.31584898,-0.12491718,0.0073709004,-0.053422317,-0.011459735,0.14040034,0.26380697,0.19468252,0.1638016,-0.19406675,-0.3080768,-0.30997518,-0.2451597
110,0.57012314,0.5465648,0.46204865,0.41151428,0.44343656,0.32090178,0.36404824,0.49515876,0.389228,0.29316005,0.4065221,0.46671075,0.24577245,0.20637369,0.32324153,0.16102378,-0.02565582,-0.04182056,-0.07504744,-0.12302932,-0.18533891,-0.26086405,-0.28147393,-0.19061501,-0.23473853,-0.09461182,0.113030575,0.19615467,0.33070433,0.35267556,0.3573708,0.4168778,0.31222677,0.12689394,0.25318342,0.2683546,0.14313294,0.10711361,0.09914641,0.21882613,0.30224848,0.3808733,0.5558209,0.51047486,0.6084884,0.5553102,0.4205635,0.2315927,-0.01885374,-0.2442764,-0.40373018,-0.27460617,-0.2023086,-0.14545609,-0.14736639,0.006709126,0.0015352296,-0.00819055,0.22093643,0.33755335,0.28205228,0.38248622,0.56631577,0.5476879,0.50870436,0.6004496,0.67580694,0.6037864,0.60775197,0.75548536,0.78393215,0.7682991,0.6923727,0.6593707,0.6857126,0.6718076,0.61463684,0.5804221,0.66002905,0.7100329,0.77929354,0.7247168,0.8190049,0.76170534,0.5257576,0.28668216,0.07961219,-0.18434201,-0.27388906,-0.27654043,-0.20155561,-0.1830696,-0.30954245,-0.27546653,-0.2260613,-0.2562366,-0.08624117,0.019138258,-0.012950269,0.07633613,0.2168577,0.14723843,0.536019,0.7229093,0.85933113,1.0,0.91225755,0.8455551,0.82415944,0.8012838,0.7150298,0.70279837,0.5893959,0.48109826,0.5274601,0.41036832,0.5278476,0.5609595,0.40416858,0.4911694,0.28663403,0.31086928,0.21134202,0.09040053,-0.04902037,0.02089443,-0.077035815,0.048786595,0.16012263,0.1531771,0.0071343854,0.103221856,0.24346955,0.15513152,0.049022935,0.14016546,0.26794502,0.24835002,0.16850787,0.060888592,0.112742305,-0.028192868,-0.1605817,-0.2292935,-0.17392063,-0.12029327,-0.17431094,-0.20457865,-0.14114463,-0.07525155,-0.16413136,-0.082435615,0.018568654,0.029591754,0.011497606,0.09422618,0.13048463,0.13376008,0.10111717,0.13516292,0.13135597,0.09654289,0.06591234,0.070684135,0.00990311,-0.086039476,-0.062846944,-0.10029741,-0.48584098,-0.44182083,-0.51204747,-0.58758616,-0.58387923,-0.5575797,-0.52054703,-0.5123903,-0.55324,-0.60863715,-0.59576285,-0.6291215,-0.593018,-0.6190763,-0.6108837,-0.51337117,-0.51466864,-0.5422062,-0.31420812,-0.21241464,-0.19338682,0.12505989,0.27967626,0.3388806,0.40585363,0.49777803,0.45543236,0.44397524,0.36027882,0.16663975,0.05529067,-0.14402063,-0.2868279,-0.23933116,-0.027417785,-0.015550266,-0.16680518,0.05376551,0.24736089,0.15637437,0.10663948,0.30666587,0.34754103,0.17779647,0.1570341,0.09528003,-0.007516702,-0.036934823,-0.0045320643,-0.115724616,-0.2958581,-0.30822438,-0.18344967,-0.44751984,-0.59796745,-0.42565972,-0.41872993,-0.591976,-0.54978746,-0.4426625,-0.52431804,-0.45988017,-0.53624004,-0.59892184,-0.57025075,-0.45732686,-0.4073823,-0.35543448,-0.3395192,-0.45883825,-0.5116368,-0.44243705,-0.4463123,-0.53758204,-0.4559739,-0.3308305,-0.39234346,-0.36542276,-0.15604736,-0.0072210105,-0.05382546,-0.0051409635,0.15621448,0.30874074,0.2474696,0.21472324,-0.19619238,-0.32084826,-0.32048377,-0.2424134
111,0.6439659,0.6187175,0.5111731,0.4624787,0.48711511,0.35764965,0.4213789,0.54519176,0.41563645,0.33450508,0.45898098,0.5032825,0.28761104,0.26714382,0.3766254,0.20625518,0.027407516,0.004024865,-0.034171786,-0.06430546,-0.120906174,-0.19689105,-0.21592481,-0.12509723,-0.166589,-0.028722914,0.14147969,0.19863562,0.3242454,0.32817665,0.37060976,0.45299923,0.31417626,0.10143082,0.26235074,0.2642142,0.1077978,0.0702033,0.03628019,0.13998146,0.24029587,0.29765776,0.4990754,0.47379544,0.54938996,0.5182764,0.3999119,0.26217094,0.045476813,-0.20116095,-0.39326826,-0.24923818,-0.2106882,-0.19157004,-0.21870574,-0.057508018,-0.04593133,-0.042607818,0.19591087,0.3111288,0.2712346,0.39832744,0.5766506,0.56421304,0.55175614,0.64162856,0.710463,0.6626867,0.6653802,0.80740225,0.84691477,0.82475746,0.7539976,0.71956533,0.75415134,0.7480564,0.69055796,0.6597571,0.72894377,0.75933456,0.81061935,0.722563,0.76660234,0.73195434,0.5159866,0.2914454,0.0818958,-0.17665516,-0.24829666,-0.26974997,-0.19346206,-0.13890868,-0.3112166,-0.30542415,-0.2215025,-0.2758112,-0.1716929,-0.062437586,-0.08465971,0.045641698,0.17536056,0.06925017,0.49643365,0.68141925,0.83779114,0.91225755,1.0,0.92112017,0.8479601,0.8501444,0.7634479,0.71816874,0.60223526,0.5189368,0.55546635,0.4060343,0.51619947,0.5371985,0.34734988,0.42961735,0.24310292,0.2565381,0.14558148,0.0029837037,-0.11284478,-0.07886345,-0.1537505,-0.009411875,0.10196964,0.08796857,-0.06638744,0.049704235,0.19517218,0.11529394,0.015925469,0.09100458,0.2481299,0.23211999,0.16458136,0.080921456,0.12918504,0.023393253,-0.107402444,-0.18331468,-0.16767062,-0.1271322,-0.20121494,-0.20403679,-0.103091,-0.032635625,-0.15833057,-0.103074364,-0.03250356,0.0061887647,-0.022624118,0.062407717,0.08772471,0.098683804,0.06864157,0.0984897,0.09422192,0.09367689,0.06449953,0.06793299,0.013538151,-0.07969346,-0.054021228,-0.100496575,-0.5375503,-0.5133354,-0.58753675,-0.6659074,-0.6538172,-0.61593634,-0.57514215,-0.5770014,-0.62176645,-0.66098315,-0.6331601,-0.6507401,-0.6239015,-0.6360959,-0.6143274,-0.53322524,-0.536463,-0.5399173,-0.30576968,-0.23174466,-0.19855237,0.1706873,0.2939131,0.3429713,0.44005194,0.5384108,0.47358397,0.4551031,0.34933916,0.14110604,0.019885099,-0.1829294,-0.31944677,-0.26719564,-0.04133036,-0.021710351,-0.16276734,0.06608581,0.2705334,0.20656057,0.16565934,0.36031047,0.403372,0.2527845,0.22920933,0.16588627,0.060613383,0.031705532,0.06899946,-0.04922944,-0.23749325,-0.26487622,-0.14162266,-0.4079821,-0.58018684,-0.42694253,-0.42093292,-0.5982644,-0.5704614,-0.4684103,-0.54667795,-0.47737148,-0.5388026,-0.5952692,-0.5481546,-0.42003104,-0.37227637,-0.34260643,-0.33803135,-0.45148596,-0.5028734,-0.4189297,-0.41751713,-0.516647,-0.4276419,-0.28282923,-0.34365207,-0.31789973,-0.090957046,0.067574255,0.01536495,0.06122976,0.2311207,0.38493598,0.30991325,0.27405667,-0.22531748,-0.36765733,-0.35479307,-0.26232243
112,0.5788546,0.5054374,0.4020202,0.3318677,0.3563427,0.21416165,0.2665462,0.3880637,0.26802415,0.17365095,0.2961107,0.36093113,0.14757024,0.11729326,0.23372126,0.0835299,-0.08146044,-0.08919682,-0.13182823,-0.15618585,-0.2045266,-0.2529195,-0.25534248,-0.17326668,-0.18632059,-0.048120566,0.10475938,0.17396031,0.31634185,0.35126656,0.44303685,0.4616517,0.36488098,0.22411385,0.33716992,0.32923675,0.21891858,0.17230119,0.15404458,0.17024037,0.23060878,0.2835677,0.46468216,0.44556326,0.49953997,0.4607379,0.35471654,0.21611147,0.01871914,-0.18703347,-0.36521554,-0.18616495,-0.16520165,-0.14646225,-0.159977,0.0047203763,-0.02898295,-0.06427484,0.18632667,0.3064387,0.21280088,0.3095718,0.50421715,0.47393316,0.42296398,0.51363707,0.5987938,0.5250246,0.50676477,0.7025281,0.76388425,0.78417987,0.70877165,0.67096853,0.68976235,0.648512,0.58322066,0.52344567,0.5993597,0.67069405,0.7593222,0.6766811,0.7074161,0.66587275,0.50433517,0.2925312,0.13060819,-0.112280235,-0.1960952,-0.21292375,-0.10382821,-0.0684919,-0.27680987,-0.2609281,-0.15180601,-0.20566784,-0.11041736,-0.0029676429,0.016983626,0.166721,0.29192472,0.08137956,0.4547107,0.65831757,0.7705088,0.8455551,0.92112017,1.0,0.9431629,0.88408756,0.799901,0.80595076,0.6467675,0.507427,0.5750514,0.44161654,0.5910949,0.6249295,0.42033434,0.49295348,0.3153954,0.35228282,0.2163785,0.075534634,-0.020981187,0.018420199,-0.021383906,0.08621612,0.17604874,0.18077749,0.022559859,0.09962105,0.23516545,0.15424575,0.04016667,0.102675766,0.2258968,0.21630065,0.15557958,0.05294128,0.08796736,-0.015087006,-0.12660465,-0.18269797,-0.17244099,-0.13964593,-0.19106643,-0.2045917,-0.11164898,-0.101298995,-0.15161899,-0.051075067,0.019511024,0.05411633,-0.0031557614,0.07590027,0.11486315,0.10498047,0.0722302,0.13247594,0.15093762,0.10542822,0.07218908,0.11963638,0.064519204,-0.074189015,-0.04008206,-0.058126174,-0.48440734,-0.52313167,-0.5913769,-0.6409339,-0.60986805,-0.5512848,-0.5013295,-0.49963036,-0.52329165,-0.633682,-0.64100623,-0.62297744,-0.5782354,-0.6240402,-0.61023283,-0.49335054,-0.49512228,-0.5493532,-0.30880162,-0.18641955,-0.19814605,0.11943082,0.29908207,0.33943573,0.38821208,0.50351894,0.47263455,0.4548925,0.3824446,0.19864483,0.091912255,-0.10684812,-0.2490394,-0.20281574,0.01742579,0.022483671,-0.1372727,0.089301996,0.27213436,0.17089789,0.120912135,0.3106143,0.32811493,0.1679255,0.1395274,0.086806625,-0.009967241,-0.03704384,0.0115326885,-0.09084728,-0.25624475,-0.2789496,-0.14921252,-0.3997816,-0.55708396,-0.38423038,-0.37391758,-0.5537744,-0.5128471,-0.39970943,-0.48527735,-0.41568866,-0.5005188,-0.59088975,-0.5691758,-0.47170913,-0.41899812,-0.3910386,-0.3955366,-0.5119783,-0.55179554,-0.47917292,-0.48403734,-0.57240844,-0.4960417,-0.37664074,-0.42512658,-0.3984278,-0.20373309,-0.054377638,-0.086185075,-0.042874504,0.10958029,0.27362663,0.21502435,0.18679053,-0.19963376,-0.28507218,-0.29453453,-0.2080774
113,0.49411285,0.4011875,0.29457802,0.2212989,0.25714666,0.122047745,0.17532007,0.30368233,0.19557202,0.09764989,0.23046808,0.30644128,0.08998643,0.057273522,0.19199018,0.05297713,-0.11875052,-0.11044068,-0.14821813,-0.18165919,-0.23351963,-0.27928433,-0.2788778,-0.20992441,-0.23212917,-0.110806525,0.045835685,0.1158155,0.26869595,0.31725278,0.43855444,0.42605078,0.33617356,0.23218101,0.3308743,0.31151158,0.23282185,0.176066,0.14823245,0.13532926,0.19610207,0.27024227,0.43662658,0.41770095,0.46056905,0.40702605,0.29254845,0.15507251,-0.039319392,-0.19780129,-0.3482247,-0.16561227,-0.117942125,-0.06537736,-0.05547767,0.10195992,0.056133594,0.0028547284,0.24027054,0.366662,0.25608906,0.32767895,0.519247,0.48915356,0.4162474,0.4957575,0.58820057,0.4994529,0.4527931,0.654719,0.71699166,0.7411065,0.6525528,0.6155111,0.6458097,0.58224505,0.5002587,0.43048018,0.51673055,0.59162295,0.7058331,0.63808626,0.65985125,0.6045694,0.46379375,0.2664901,0.122721165,-0.10319886,-0.2035124,-0.20106274,-0.08875037,-0.08800581,-0.27569193,-0.23931676,-0.14190124,-0.16959205,-0.04082529,0.059385862,0.08399151,0.21432099,0.35005358,0.14143912,0.46475086,0.64770424,0.7312668,0.82415944,0.8479601,0.9431629,1.0,0.9400492,0.86873245,0.89304423,0.7155148,0.56468874,0.65363026,0.51820225,0.67262405,0.7012606,0.5015234,0.57112104,0.38895875,0.4211193,0.26834783,0.13416421,0.011625801,0.07186279,0.032327082,0.106919125,0.18132217,0.1938137,0.035882387,0.08642835,0.21370003,0.12656893,0.0066339723,0.06745679,0.16169754,0.15237157,0.1027639,-0.012014024,0.033897284,-0.07402504,-0.18350339,-0.23226216,-0.21357542,-0.18543588,-0.217557,-0.24044374,-0.17042013,-0.18532842,-0.18297292,-0.051795974,0.022367725,0.04453065,-0.01892145,0.057608657,0.11344616,0.0898904,0.06043817,0.12843299,0.14854422,0.07628405,0.04253964,0.10797767,0.05442973,-0.09894307,-0.061180297,-0.06280313,-0.4489675,-0.5041647,-0.56722105,-0.59848595,-0.565635,-0.5035867,-0.44546503,-0.44265217,-0.45420104,-0.603249,-0.6243769,-0.5921154,-0.54420185,-0.6148049,-0.59418136,-0.4554057,-0.4761979,-0.55692786,-0.29311287,-0.15739785,-0.21097527,0.08155629,0.30597955,0.32756585,0.34063175,0.47582182,0.46980473,0.44443733,0.3951611,0.22328188,0.14471057,-0.050582215,-0.19531044,-0.14033864,0.07451398,0.06909696,-0.08821695,0.13785292,0.3019112,0.17932695,0.12967673,0.30970404,0.3085001,0.13772254,0.106672205,0.060765058,-0.032703094,-0.0537006,0.005259131,-0.08429458,-0.24693426,-0.251457,-0.110354885,-0.36403692,-0.51815355,-0.32511646,-0.3177234,-0.50701356,-0.46323115,-0.3455156,-0.43567866,-0.35816845,-0.4520795,-0.5635526,-0.5595688,-0.48593548,-0.44223672,-0.4184724,-0.41974416,-0.53179884,-0.5704795,-0.5039411,-0.51242036,-0.60222256,-0.5386547,-0.42668396,-0.46439013,-0.4506686,-0.27365276,-0.12363765,-0.15690796,-0.123557806,0.025214722,0.19584894,0.1422194,0.1121957,-0.17211835,-0.22513929,-0.24710612,-0.17428136
114,0.5201374,0.43411726,0.3055209,0.24286744,0.27873775,0.15262441,0.23519403,0.36207604,0.2326405,0.14993234,0.29873344,0.36321357,0.13825613,0.11867169,0.2590587,0.104939714,-0.07684294,-0.058893643,-0.09679701,-0.15088148,-0.20195131,-0.2714436,-0.28917205,-0.2277231,-0.27188027,-0.15756732,0.0022580484,0.057102457,0.20786707,0.2595766,0.41177547,0.39115477,0.34848025,0.24320789,0.3265646,0.31091526,0.25936952,0.22085589,0.16515169,0.1222252,0.16135068,0.22447431,0.39627266,0.38103208,0.42835218,0.3564425,0.22393152,0.09723407,-0.1004941,-0.24396181,-0.3811746,-0.19574448,-0.1348802,-0.07180501,-0.061687246,0.09624102,0.08640096,0.0500619,0.26268467,0.39922926,0.32957587,0.40551186,0.5873416,0.5825977,0.5180938,0.5768671,0.67158854,0.60288197,0.5355206,0.7138577,0.7686849,0.7698177,0.675495,0.6426033,0.6958192,0.6377253,0.5463435,0.488081,0.56945604,0.61212766,0.7102239,0.6292947,0.64273804,0.5795788,0.4047417,0.21198662,0.042552922,-0.16476798,-0.26660833,-0.25112396,-0.15128493,-0.15569457,-0.32339868,-0.28741264,-0.20390975,-0.21335287,-0.061677046,0.03580205,0.010950654,0.12955911,0.2653336,0.09851225,0.4396766,0.59979045,0.7179933,0.8012838,0.8501444,0.88408756,0.9400492,1.0,0.90934527,0.89980745,0.7510893,0.62620074,0.7023295,0.5476247,0.6692189,0.67597216,0.47964808,0.523312,0.35546175,0.376883,0.2414336,0.102871165,-0.0375197,0.024724342,-0.016529804,0.065206744,0.13473122,0.13679032,-0.019038742,0.0357907,0.1558251,0.05969255,-0.04908364,0.012550929,0.10594355,0.09078462,0.052191827,-0.059620023,0.0023219674,-0.108481556,-0.2247583,-0.28327838,-0.2607513,-0.23635583,-0.27296352,-0.29090202,-0.21985002,-0.21294223,-0.21565643,-0.08154926,0.0015194326,0.0073458026,-0.055686574,0.022386108,0.0797247,0.058544267,0.03904343,0.10124569,0.10738312,0.03952335,0.018486584,0.07767055,0.020210024,-0.122592576,-0.077471144,-0.08165807,-0.46107942,-0.50824535,-0.5719102,-0.6034135,-0.5783985,-0.52004373,-0.4556249,-0.46024013,-0.47645056,-0.64206046,-0.6501987,-0.62024385,-0.5790235,-0.64679414,-0.61252093,-0.47964945,-0.51180565,-0.58143276,-0.29993674,-0.18190919,-0.23975626,0.086211875,0.30932444,0.31531915,0.34469333,0.49349523,0.48001564,0.44426107,0.38208795,0.1928546,0.12488621,-0.07684829,-0.22195368,-0.1567121,0.06612814,0.06327363,-0.085508175,0.15208878,0.32599527,0.2206784,0.17924356,0.35459572,0.35495764,0.18418235,0.15427563,0.107679,0.0058668884,-0.01635828,0.048901323,-0.04821589,-0.22682467,-0.23219661,-0.08419477,-0.3540601,-0.52770495,-0.33313698,-0.32516348,-0.5242345,-0.48820397,-0.3688788,-0.45790792,-0.37240788,-0.45889416,-0.56944084,-0.563798,-0.48368683,-0.4410908,-0.4194203,-0.42196307,-0.5331149,-0.5753653,-0.5028595,-0.50792235,-0.6099858,-0.53958344,-0.40905237,-0.45054597,-0.44777974,-0.25150838,-0.09261545,-0.1447177,-0.11121379,0.047458712,0.221907,0.1625611,0.13224539,-0.13648753,-0.20195545,-0.22119534,-0.14511567
115,0.40253562,0.34116498,0.22618568,0.17686947,0.21100098,0.10514637,0.17830543,0.2903672,0.1858643,0.11366859,0.2435751,0.3047331,0.11084963,0.092599176,0.22088939,0.08530418,-0.06859025,-0.050746318,-0.07813435,-0.13202383,-0.1857962,-0.24481985,-0.25856543,-0.21386556,-0.25465518,-0.16078508,-0.022050865,0.021984147,0.16631648,0.21186346,0.35301948,0.32442728,0.28777522,0.21576744,0.29526836,0.2677046,0.22068796,0.17157155,0.12625965,0.08063615,0.12692504,0.17351566,0.32688013,0.30265763,0.35554615,0.29533133,0.18008584,0.06943831,-0.10528808,-0.22990038,-0.34203643,-0.18092018,-0.11996906,-0.056287225,-0.062298488,0.07325033,0.05662638,0.0194447,0.19747901,0.3334423,0.27781498,0.34217495,0.4921216,0.4884052,0.4589056,0.50472647,0.5915628,0.5413145,0.45725834,0.6086233,0.65295124,0.64783114,0.5665317,0.5357238,0.5861096,0.5286096,0.44831023,0.39362904,0.46792054,0.50450104,0.602355,0.52491635,0.5409864,0.4821829,0.32656363,0.15425,0.017658163,-0.15857394,-0.24788114,-0.22355203,-0.13971747,-0.14419197,-0.27178657,-0.24991329,-0.20205218,-0.19725981,-0.049606048,0.024685444,-0.017164689,0.08739052,0.2207089,0.10464047,0.4038585,0.52638066,0.6491254,0.7150298,0.7634479,0.799901,0.86873245,0.90934527,1.0,0.9177848,0.76346576,0.7688193,0.8294054,0.60379434,0.6477642,0.61689717,0.4380128,0.51803404,0.35555515,0.35227528,0.22179198,0.104306884,-0.044142812,0.0043464326,-0.046686955,0.029520616,0.092978045,0.08415292,-0.04060158,0.021348238,0.13082603,0.04317049,-0.03776923,0.024567675,0.09849654,0.064288646,0.013188305,-0.09133129,-0.027912222,-0.12529112,-0.22687946,-0.27719077,-0.24249616,-0.2044812,-0.24709287,-0.26901376,-0.19585392,-0.1699626,-0.19341864,-0.084062934,-0.027238296,-0.009605941,-0.057996288,0.01941519,0.06165469,0.041605923,0.022397682,0.07088477,0.06798904,0.012432311,-0.012664569,0.032022003,-0.013445387,-0.13712485,-0.102057196,-0.10322232,-0.4170286,-0.4472859,-0.49958134,-0.5239617,-0.50529337,-0.45785996,-0.3966734,-0.40007812,-0.4190805,-0.553185,-0.55737454,-0.5358658,-0.4976257,-0.563599,-0.5291957,-0.4060035,-0.439828,-0.5113913,-0.25346878,-0.14742543,-0.21068542,0.074140295,0.2828573,0.28132084,0.2984418,0.43558764,0.42408457,0.38832742,0.34098065,0.18239911,0.13239378,-0.047863346,-0.1750201,-0.11546818,0.07955905,0.07419045,-0.055813007,0.15569289,0.3035661,0.20137903,0.16255659,0.31765956,0.31125394,0.16127855,0.13006757,0.08688422,0.0015135935,-0.011041058,0.05444786,-0.025081992,-0.18637086,-0.17644888,-0.04169289,-0.28934076,-0.44444874,-0.26610062,-0.2626989,-0.4408474,-0.40971506,-0.30170393,-0.3828077,-0.3074825,-0.38409677,-0.4839849,-0.48096824,-0.41831064,-0.38502342,-0.37100336,-0.37962312,-0.47235078,-0.5075432,-0.44547096,-0.44885308,-0.52719516,-0.4745581,-0.36845565,-0.40200946,-0.39748782,-0.23727031,-0.10111919,-0.14701344,-0.11490744,0.01798168,0.17562829,0.1205275,0.09203005,-0.12120105,-0.16461442,-0.19214213,-0.14130448
116,0.3309368,0.23183112,0.10856539,0.047818903,0.07083404,-0.043452222,0.03379307,0.15200369,0.039881434,-0.045538716,0.09594761,0.17724454,-0.033477053,-0.06585307,0.096764386,-0.019767724,-0.19662721,-0.15426339,-0.15784629,-0.21129628,-0.27498123,-0.3136564,-0.30807954,-0.28550482,-0.32398784,-0.2510563,-0.120882824,-0.060571454,0.09289067,0.17806433,0.3582068,0.30256593,0.34627214,0.279047,0.30676547,0.2852491,0.28021723,0.2632354,0.19872451,0.08735985,0.087858416,0.1346918,0.27363905,0.25426993,0.30191705,0.22153167,0.1126694,-0.003232293,-0.15879823,-0.24149458,-0.34167126,-0.14952622,-0.056558546,0.021841008,0.06303447,0.21068697,0.16038048,0.07891427,0.29431954,0.42801094,0.2992978,0.32422212,0.50383276,0.47990087,0.3810867,0.42641395,0.53371924,0.4379617,0.3342748,0.5242783,0.5867222,0.6103142,0.5223942,0.49252698,0.53588086,0.44720137,0.35321912,0.2740318,0.35491943,0.40965244,0.5417257,0.47407836,0.5074132,0.44436008,0.3645869,0.19527873,0.066067524,-0.123697154,-0.24081022,-0.19719787,-0.07804196,-0.122672856,-0.2796267,-0.2518579,-0.1895566,-0.14453197,0.038660273,0.11841308,0.06658462,0.23051511,0.35890839,0.20443013,0.4446399,0.57128674,0.6381919,0.70279837,0.71816874,0.80595076,0.89304423,0.89980745,0.9177848,1.0,0.83794665,0.6926663,0.82581156,0.7092951,0.82173043,0.795908,0.62124634,0.62124956,0.48895353,0.5047118,0.36387208,0.23400107,0.07944111,0.10776299,0.038089704,0.08947526,0.15650572,0.14657775,-0.0028280509,0.050777204,0.14233038,0.020197162,-0.05667919,0.025666002,0.050015688,-0.0020198175,-0.056455098,-0.18678857,-0.14216837,-0.2285685,-0.319362,-0.3450875,-0.30311605,-0.2692966,-0.281819,-0.30573055,-0.2566882,-0.26814085,-0.23361954,-0.09159806,-0.004739593,0.0043427623,-0.061254073,0.011414648,0.088621534,0.046011318,0.020593064,0.09067918,0.12895475,0.03889394,0.005688995,0.091914445,0.04997781,-0.11013521,-0.07707261,-0.040492896,-0.33578438,-0.45667124,-0.50402594,-0.49527624,-0.4476743,-0.37173092,-0.30486494,-0.29634362,-0.30858678,-0.53043354,-0.5498318,-0.5027704,-0.4515143,-0.5571993,-0.5192093,-0.35485214,-0.3963435,-0.5146456,-0.23498194,-0.0903568,-0.20342703,0.033202987,0.3038053,0.2873165,0.25887394,0.42597902,0.4487889,0.3968922,0.3879077,0.24111573,0.21426138,0.035461295,-0.0968297,-0.03638323,0.15149026,0.13394833,-0.004507353,0.20012824,0.3262973,0.19388232,0.13767628,0.27594492,0.24459015,0.07434563,0.03746808,0.008626506,-0.07440625,-0.089378126,-0.00869394,-0.07462855,-0.22484343,-0.21042329,-0.050701298,-0.2842358,-0.42904225,-0.22289802,-0.21226285,-0.3968333,-0.35338092,-0.23562288,-0.32465878,-0.24725609,-0.34537587,-0.473441,-0.49543214,-0.46173343,-0.43750805,-0.43818855,-0.44266447,-0.5272664,-0.5567739,-0.4978698,-0.50680935,-0.58438474,-0.538895,-0.45095855,-0.46892273,-0.4706054,-0.33876362,-0.20337915,-0.2355297,-0.2136677,-0.0945025,0.07038058,0.02768444,0.0013366408,-0.096952364,-0.08008674,-0.11345308,-0.06663846
117,0.27483708,0.20216022,0.100448065,0.056731984,0.0739794,-0.013552657,0.055949856,0.1503273,0.053884305,-0.019382635,0.10388321,0.16141877,-0.023846619,-0.042983335,0.10655204,-0.0033538952,-0.17087066,-0.11443676,-0.103009604,-0.16823569,-0.23137009,-0.26896086,-0.27266404,-0.26443437,-0.31888705,-0.25354725,-0.13197528,-0.105238415,0.007372272,0.07028515,0.25458166,0.21734183,0.26663962,0.18865113,0.22793204,0.23397093,0.21088825,0.2128674,0.16228636,0.08572585,0.05446904,0.096225955,0.21690165,0.21584839,0.25078633,0.1622266,0.05335505,-0.04010595,-0.17241392,-0.2376124,-0.32603014,-0.15428624,-0.04364211,0.057524618,0.11729517,0.27117002,0.23147017,0.14823179,0.33231267,0.4490055,0.35384363,0.36108923,0.5079781,0.495297,0.40364054,0.41782138,0.49849704,0.4204458,0.31924778,0.45840758,0.50222874,0.51493734,0.44888353,0.41982743,0.46056798,0.38769928,0.3110164,0.25333506,0.3112165,0.34662387,0.45511836,0.41804808,0.43923938,0.39219433,0.3412564,0.18571207,0.045725934,-0.13378209,-0.2623892,-0.2020091,-0.09283762,-0.16548285,-0.28971812,-0.27469516,-0.23942474,-0.18209513,-0.006035343,0.07523032,0.046197794,0.2208321,0.33479413,0.2687575,0.46296048,0.55584764,0.60216564,0.5893959,0.60223526,0.6467675,0.7155148,0.7510893,0.76346576,0.83794665,1.0,0.86890376,0.86815894,0.86778325,0.79675746,0.80908144,0.7230241,0.6252044,0.49393785,0.48687595,0.3420784,0.22011937,0.06033826,0.06847076,-0.017971372,0.0010707815,0.07464894,0.06948351,-0.09452381,-0.04959183,0.038360618,-0.073271446,-0.14226393,-0.05074237,-0.025826594,-0.08723271,-0.13257979,-0.21902141,-0.15907018,-0.21986327,-0.30635595,-0.3426028,-0.29771543,-0.30245447,-0.31554276,-0.3123769,-0.2825511,-0.268484,-0.26048708,-0.16589314,-0.096258625,-0.07073148,-0.10517477,-0.046520498,0.0085160285,-0.023410141,-0.02806756,0.04080089,0.06731299,0.0073155593,-0.009077959,0.05900995,0.028543567,-0.10016361,-0.07964671,-0.054382216,-0.27483943,-0.3864341,-0.4231801,-0.4026761,-0.36831918,-0.30691966,-0.23318684,-0.23195294,-0.26817426,-0.4774907,-0.48351496,-0.45424777,-0.40926445,-0.4955166,-0.45457435,-0.32279587,-0.3637791,-0.4555265,-0.22116208,-0.1148728,-0.2186924,0.004315776,0.23133542,0.20534907,0.19369991,0.35102385,0.362919,0.29872468,0.28307068,0.14191471,0.14090197,-0.007994417,-0.113951966,-0.0567971,0.100506976,0.08971284,-0.01954738,0.15633301,0.26937723,0.16788083,0.13008863,0.24775392,0.22421497,0.079059765,0.052473396,0.030340254,-0.050963826,-0.06475829,0.005437059,-0.053688847,-0.19117329,-0.19579926,-0.049618956,-0.25241175,-0.39619777,-0.22571602,-0.20452869,-0.36056802,-0.33135396,-0.22970378,-0.30244234,-0.23267359,-0.3104523,-0.41574755,-0.4329192,-0.39437053,-0.3780035,-0.38512555,-0.38553825,-0.45963272,-0.4806786,-0.42501608,-0.4351331,-0.49961767,-0.4422791,-0.36196038,-0.38288334,-0.38483176,-0.26666445,-0.15047128,-0.18416598,-0.16236985,-0.061039504,0.069637224,0.030231357,0.017687405,-0.05516001,-0.03320022,-0.0638359,-0.029751992
118,0.22920386,0.21308644,0.13496536,0.11622451,0.13975018,0.079498075,0.13649563,0.20649046,0.14050388,0.091408685,0.1859541,0.22130273,0.086899735,0.082297675,0.18999682,0.08606406,-0.033945996,0.0025573892,-0.0026132944,-0.06529188,-0.12129364,-0.17569482,-0.19468226,-0.18101555,-0.23855692,-0.17599197,-0.073546745,-0.07164203,0.018209964,0.03799835,0.17613196,0.15707478,0.14514984,0.10035055,0.17015065,0.16783565,0.12046232,0.08947269,0.078719586,0.06229447,0.063135356,0.08699664,0.19436924,0.17663781,0.21725975,0.15405338,0.057056554,-0.008574787,-0.13605393,-0.20464817,-0.27137256,-0.1586891,-0.07291955,0.017130159,0.02661892,0.1477743,0.14317626,0.101914085,0.21047391,0.31826466,0.3073688,0.33756587,0.42224362,0.42992005,0.42088646,0.4187548,0.46543884,0.44366974,0.35251555,0.42422524,0.43859917,0.41868585,0.37138972,0.34721094,0.39186856,0.35059714,0.29610392,0.2687009,0.3118492,0.3214986,0.38959357,0.34985617,0.35708502,0.31985238,0.2186004,0.091549054,-0.021229489,-0.15188783,-0.24298383,-0.19516228,-0.1418395,-0.18785347,-0.23842888,-0.23863155,-0.24939655,-0.22104178,-0.08187887,-0.022291368,-0.06330039,0.043758184,0.15267253,0.17177473,0.37224796,0.42440832,0.5160515,0.48109826,0.5189368,0.507427,0.56468874,0.62620074,0.7688193,0.6926663,0.86890376,1.0,0.9125583,0.8038736,0.5814845,0.5471963,0.4975351,0.48495975,0.34691435,0.3038056,0.1822234,0.09711218,-0.044608716,-0.034256455,-0.10534835,-0.07370395,-0.019974193,-0.03284628,-0.13790116,-0.090118475,-0.008825336,-0.07891931,-0.12224257,-0.05577635,-0.011265156,-0.06286512,-0.10731615,-0.15821663,-0.085534215,-0.13734052,-0.2168157,-0.2740229,-0.22788283,-0.21806689,-0.26098257,-0.26611632,-0.21943724,-0.15316774,-0.2099807,-0.15748042,-0.12965217,-0.10086675,-0.10508642,-0.048124164,-0.03915163,-0.049560353,-0.04004311,-0.0070032957,-0.024303244,-0.047046833,-0.050456777,-0.034396254,-0.068297744,-0.13851681,-0.120547794,-0.12914261,-0.2825751,-0.28655824,-0.3159509,-0.32016525,-0.32291,-0.30397388,-0.24289528,-0.24819148,-0.28821173,-0.3983895,-0.38883576,-0.38620377,-0.3600014,-0.4076273,-0.37170553,-0.2880366,-0.32399672,-0.37472102,-0.19418679,-0.13623281,-0.20184234,0.014355867,0.16810803,0.14483948,0.16269083,0.28210297,0.2686889,0.2167364,0.18214177,0.06258376,0.06343036,-0.053817283,-0.13557759,-0.08734844,0.045440886,0.04254144,-0.038778644,0.109510675,0.21152262,0.14095028,0.12671414,0.23339674,0.22564968,0.121143475,0.104720056,0.07723276,0.008747894,0.0035889435,0.0549496,-7.157919e-05,-0.126318,-0.12576768,-0.01596968,-0.19676422,-0.32601982,-0.20328112,-0.18892257,-0.31127694,-0.29799283,-0.21991435,-0.2711311,-0.2157868,-0.2638053,-0.32956994,-0.33060512,-0.28623837,-0.2711452,-0.26944056,-0.2794571,-0.33745998,-0.35601592,-0.30911067,-0.31136087,-0.35943723,-0.3110927,-0.2408235,-0.27015632,-0.2669759,-0.15980858,-0.06641963,-0.10636041,-0.0784,0.011579143,0.11344427,0.0703004,0.058985967,-0.03637965,-0.053343,-0.08908514,-0.07703128
119,0.2100287,0.1612151,0.06519702,0.033492476,0.05309549,-0.024380818,0.041809883,0.12640278,0.041071784,-0.02230791,0.0936009,0.14562196,-0.014007433,-0.024531635,0.11333775,0.0113476245,-0.13207467,-0.08094697,-0.07106684,-0.13699313,-0.20044127,-0.2403904,-0.24442837,-0.23652565,-0.29421225,-0.2450643,-0.14076085,-0.12048867,-0.008440201,0.047000594,0.1877778,0.16309772,0.20545913,0.13540548,0.17187469,0.16604427,0.14920542,0.1497156,0.105579495,0.0554271,0.054230765,0.07856104,0.1827204,0.15548688,0.19825712,0.12645194,0.033864014,-0.04963506,-0.17316672,-0.22952671,-0.29865527,-0.1578286,-0.049475748,0.04656062,0.08105643,0.21140306,0.18366042,0.111682095,0.2593556,0.38413337,0.3103318,0.3181837,0.44419786,0.4391661,0.38732496,0.3987573,0.4768743,0.42156592,0.30534768,0.41818717,0.4503452,0.44900766,0.38350007,0.3581202,0.40749994,0.33927616,0.2642317,0.21511069,0.27181074,0.29543352,0.39424533,0.34413645,0.35496825,0.30659255,0.2583238,0.113802545,0.0009982627,-0.14724481,-0.25196883,-0.19024488,-0.10877937,-0.1745627,-0.25665447,-0.25261685,-0.23952417,-0.16413066,-0.0009114761,0.057303827,-0.0076863216,0.13982996,0.25438833,0.22163182,0.400976,0.46455243,0.5351321,0.5274601,0.55546635,0.5750514,0.65363026,0.7023295,0.8294054,0.82581156,0.86815894,0.9125583,1.0,0.88205695,0.77455777,0.68226343,0.58711106,0.55124366,0.45566413,0.4180503,0.2796589,0.18295635,0.028340379,0.041174892,-0.04594466,-0.017276147,0.040913396,0.018786062,-0.10000583,-0.04583089,0.028107926,-0.07402115,-0.109790035,-0.03485896,-0.024911342,-0.09217387,-0.14353907,-0.22433312,-0.16543218,-0.22296065,-0.29649717,-0.331385,-0.27794972,-0.2566953,-0.28453875,-0.29482046,-0.25726393,-0.21879576,-0.22364874,-0.14705367,-0.10171352,-0.08297494,-0.101241305,-0.049473554,-0.0062007443,-0.0230103,-0.032059193,0.0043513873,0.02692362,-0.015480501,-0.041855574,0.0013084686,-0.017899003,-0.12002687,-0.10843107,-0.083377056,-0.24644244,-0.32846263,-0.3603705,-0.34096143,-0.320232,-0.27203327,-0.20224714,-0.20390475,-0.24698092,-0.42388466,-0.42433405,-0.40437028,-0.37072873,-0.44681326,-0.4054261,-0.28738523,-0.32921872,-0.4074795,-0.19479172,-0.10706319,-0.20297627,0.0039360356,0.20952997,0.17815843,0.17217019,0.32002,0.3282913,0.26800188,0.2514545,0.12621227,0.13055828,-0.0073380703,-0.102643795,-0.048129585,0.09416191,0.08171148,-0.014111856,0.14509174,0.24610612,0.15291648,0.12619275,0.23124816,0.20828709,0.0841348,0.06096552,0.036558878,-0.032062184,-0.03929608,0.029397007,-0.022237672,-0.1497076,-0.14038281,-0.021356966,-0.20933995,-0.3340909,-0.18962455,-0.17847806,-0.31487313,-0.29186252,-0.20534137,-0.26682332,-0.20862392,-0.27133462,-0.3558867,-0.36433348,-0.32878125,-0.3138515,-0.32882234,-0.34037682,-0.39690125,-0.4141353,-0.36091885,-0.3650069,-0.41823855,-0.3757527,-0.306526,-0.32501695,-0.32926777,-0.22718215,-0.12628564,-0.1633941,-0.14129855,-0.051843796,0.062379472,0.021765767,0.007724253,-0.032463953,-0.009603963,-0.032775532,-0.015304052
120,0.10070562,0.04246706,-0.040569533,-0.06822628,-0.060436677,-0.12369662,-0.06278041,0.0071743918,-0.06818512,-0.1299332,-0.023553794,0.029521726,-0.11764269,-0.13060693,0.01764881,-0.054799087,-0.19852534,-0.13096367,-0.09877494,-0.16046879,-0.22647417,-0.24581905,-0.23404935,-0.24924792,-0.306078,-0.28134194,-0.20204282,-0.18823266,-0.10501392,-0.029978093,0.13103747,0.10242613,0.19013087,0.11992055,0.13231379,0.13778487,0.1407235,0.16858439,0.11199987,0.026885353,-0.010969471,0.013553088,0.08942912,0.08378303,0.10883361,0.028366318,-0.040095247,-0.10796296,-0.1896475,-0.20620047,-0.24959889,-0.11219308,0.020607112,0.12986745,0.20725855,0.33441493,0.28543395,0.18616657,0.33840716,0.4312174,0.31659433,0.28520623,0.40208066,0.387051,0.2887961,0.2824885,0.35833064,0.2856892,0.16956094,0.2757715,0.30546197,0.31856522,0.26647583,0.24707782,0.2847923,0.20768604,0.13809279,0.088010445,0.13168962,0.15816402,0.25953212,0.23630774,0.25386432,0.2221187,0.26661727,0.14601105,0.042899676,-0.0988153,-0.21971065,-0.1425273,-0.045223467,-0.14629577,-0.22514206,-0.22294801,-0.21115896,-0.10944799,0.05795817,0.11258695,0.054431643,0.2365108,0.3315736,0.31991193,0.4108182,0.4474201,0.44373503,0.41036832,0.4060343,0.44161654,0.51820225,0.5476247,0.60379434,0.7092951,0.86778325,0.8038736,0.88205695,1.0,0.8419096,0.77760863,0.73481756,0.5978158,0.52597606,0.49383068,0.3518098,0.26058528,0.11437396,0.09634591,-0.003086283,-0.00766352,0.051771596,0.032946244,-0.09452512,-0.059415836,-0.00977569,-0.12570353,-0.14699994,-0.066761486,-0.10014308,-0.17497088,-0.22094649,-0.2902473,-0.24293695,-0.27270457,-0.326464,-0.3453125,-0.29514533,-0.29559913,-0.2936849,-0.2953978,-0.29001576,-0.27165803,-0.24519941,-0.17373227,-0.11542838,-0.093739405,-0.113612674,-0.07645091,-0.015343704,-0.04407994,-0.053225853,-0.0022835983,0.046206173,-0.0004968339,-0.02631287,0.03602813,0.03271934,-0.07277179,-0.07164115,-0.024757288,-0.13312152,-0.27086836,-0.29528847,-0.25041205,-0.21609122,-0.15689187,-0.0879435,-0.08317795,-0.12553817,-0.3348588,-0.33684903,-0.30850887,-0.27253193,-0.3621601,-0.31859338,-0.19777079,-0.2458224,-0.33545497,-0.14926936,-0.062252387,-0.17698944,-0.033914026,0.17554364,0.1304943,0.10130217,0.2499128,0.27696958,0.20408554,0.21683788,0.116565675,0.1469436,0.037770927,-0.03975393,0.00883171,0.11634088,0.096837886,0.022096727,0.14760403,0.21330823,0.123829156,0.09812362,0.16636516,0.13200556,0.016924527,-0.005312787,-0.013174469,-0.06964886,-0.0746393,-0.006063823,-0.037904233,-0.13369745,-0.13039325,-0.01602,-0.15959531,-0.2626175,-0.13202135,-0.11418017,-0.22762175,-0.20835972,-0.13309644,-0.1834524,-0.1322077,-0.19193076,-0.27632916,-0.297832,-0.28510824,-0.283815,-0.3130109,-0.31167966,-0.3538702,-0.36330944,-0.3227234,-0.3335497,-0.37217182,-0.33653176,-0.29328558,-0.29941294,-0.30801305,-0.24264243,-0.15941413,-0.1824176,-0.17737338,-0.11838358,-0.026731838,-0.054433957,-0.06417244,-0.017014313,0.056234416,0.03602466,0.041968893
121,0.18453744,0.0902266,-0.010397068,-0.06278172,-0.05827652,-0.14857769,-0.08232639,0.0025878714,-0.10388641,-0.18118782,-0.05779751,0.006310452,-0.17609109,-0.20067926,-0.034349915,-0.12172005,-0.2888123,-0.2201691,-0.19139987,-0.2429983,-0.30436742,-0.31161872,-0.2900138,-0.29349115,-0.3351553,-0.29595757,-0.1985723,-0.15389042,-0.043494377,0.052687287,0.2074435,0.18823229,0.29271,0.16119106,0.17145477,0.17688318,0.1874549,0.23126863,0.13328004,0.033761874,0.02348185,0.06341738,0.156621,0.14844301,0.17258175,0.08350831,0.013985951,-0.09091501,-0.17760041,-0.22478653,-0.3000307,-0.12211071,0.0033701712,0.1000834,0.19550686,0.3374495,0.25967595,0.13394563,0.34917772,0.4634452,0.27788597,0.24481657,0.4246637,0.39383876,0.2544669,0.28410232,0.39279866,0.28321373,0.17161693,0.33861548,0.397318,0.433009,0.36711338,0.34873727,0.37998328,0.28512007,0.1998948,0.12243681,0.18382847,0.23138455,0.35675037,0.3210025,0.33596727,0.28768027,0.36581808,0.20419058,0.08340496,-0.09004951,-0.21827804,-0.15083714,-0.0190638,-0.113541044,-0.25494713,-0.24277192,-0.17597215,-0.059207812,0.12894155,0.19461782,0.13059539,0.3291456,0.43462655,0.3310515,0.4365244,0.5257311,0.5028962,0.5278476,0.51619947,0.5910949,0.67262405,0.6692189,0.6477642,0.82173043,0.79675746,0.5814845,0.77455777,0.8419096,1.0,0.92689955,0.7946146,0.63216066,0.58120304,0.5738305,0.42664266,0.31615394,0.16757073,0.17390099,0.07222046,0.083498694,0.15202409,0.13010803,-0.029001938,0.018940138,0.075759105,-0.06519457,-0.10923112,-0.01883061,-0.045554712,-0.12092131,-0.17118672,-0.27742678,-0.24701609,-0.29709285,-0.3529391,-0.35423732,-0.30949444,-0.3027907,-0.28381923,-0.2909703,-0.28622532,-0.29871798,-0.22120443,-0.12915798,-0.045701887,-0.0339896,-0.082536414,-0.046635818,0.04985951,0.020278491,-0.012356533,0.049474265,0.13569257,0.07486535,0.030403059,0.11742493,0.117770195,-0.016197849,-0.018564546,0.043553337,-0.14802895,-0.36391777,-0.40154153,-0.34848055,-0.28623387,-0.19241045,-0.11699935,-0.11135789,-0.15706171,-0.41132364,-0.42623731,-0.38538876,-0.34073663,-0.44662282,-0.40971488,-0.25931168,-0.3003486,-0.4040476,-0.18289942,-0.061241575,-0.17967634,-0.012874631,0.2380482,0.20840998,0.1714155,0.33361384,0.37219456,0.3030815,0.3171033,0.19316022,0.1951445,0.04680835,-0.05492084,-0.0019143493,0.13527656,0.11218924,0.007952429,0.16096772,0.24828213,0.13788848,0.09566552,0.18565953,0.14954643,0.0085698785,-0.0184564,-0.029553283,-0.09134374,-0.10559913,-0.034875274,-0.07672228,-0.17842326,-0.18444511,-0.060678456,-0.2211803,-0.32940447,-0.17633116,-0.16111444,-0.2960012,-0.26287383,-0.17249228,-0.24041465,-0.184237,-0.2630349,-0.36589772,-0.3869209,-0.36293402,-0.3493663,-0.38643593,-0.38855684,-0.43878394,-0.4519205,-0.3955213,-0.40890115,-0.4622289,-0.42037937,-0.36293754,-0.37096733,-0.3760469,-0.2936859,-0.1893104,-0.20491856,-0.20234998,-0.13153377,-0.015525343,-0.041745175,-0.055496655,-0.05493299,0.030068683,0.03511815,0.07018435
122,0.20348051,0.10354814,0.005123396,-0.05065493,-0.04447817,-0.13376777,-0.070590585,0.018689666,-0.08371317,-0.16518623,-0.047371432,0.020700907,-0.17038977,-0.1990026,-0.030954365,-0.118717596,-0.29136539,-0.2226905,-0.18860665,-0.23985597,-0.30099636,-0.30597553,-0.28484446,-0.28822476,-0.32299045,-0.27498725,-0.17466427,-0.12915426,-0.021221982,0.06935311,0.24671818,0.21962196,0.2978264,0.1783485,0.20565823,0.20528583,0.19758908,0.22235067,0.12592275,0.021848429,0.009771554,0.066062845,0.17347014,0.18645099,0.20419006,0.11219525,0.041294888,-0.06769419,-0.15425806,-0.20907475,-0.29896218,-0.1122353,0.008719522,0.11292661,0.21419479,0.36856183,0.2767284,0.14364333,0.37770355,0.4774785,0.28387776,0.26106077,0.44363946,0.40359896,0.25432917,0.28481683,0.3849548,0.26682174,0.16991374,0.34426117,0.4047414,0.44799423,0.38235596,0.3590032,0.37954012,0.28956103,0.20765576,0.13084657,0.19146553,0.24779326,0.3777719,0.35351703,0.37738237,0.33268034,0.40467006,0.24902543,0.12331707,-0.06782645,-0.20527564,-0.14580669,-0.0037734723,-0.09701274,-0.25180078,-0.235138,-0.16431265,-0.06720414,0.124637105,0.2057051,0.17646834,0.38141736,0.4872713,0.37373796,0.49097133,0.5871923,0.53769904,0.5609595,0.5371985,0.6249295,0.7012606,0.67597216,0.61689717,0.795908,0.80908144,0.5471963,0.68226343,0.77760863,0.92689955,1.0,0.87599266,0.7177856,0.6118047,0.61717767,0.454303,0.33016723,0.18093619,0.18074004,0.080671765,0.08684326,0.16458984,0.15378089,-0.02670699,0.01696904,0.08646734,-0.056657653,-0.11936558,-0.022222634,-0.037548535,-0.104260154,-0.15168405,-0.25580692,-0.22649916,-0.27149162,-0.33394432,-0.34109834,-0.30213058,-0.30075786,-0.29208282,-0.2943882,-0.28914747,-0.309968,-0.24565277,-0.14527938,-0.04882637,-0.029966757,-0.08150729,-0.038830597,0.06076048,0.022756089,-0.008607499,0.0717096,0.15047817,0.08266186,0.049126428,0.14056802,0.13525006,-0.0054277345,-0.005232908,0.04671696,-0.17856862,-0.38843206,-0.42868873,-0.38403994,-0.31878597,-0.22430718,-0.15200521,-0.14220037,-0.1784754,-0.41659328,-0.43293834,-0.38809615,-0.33825338,-0.44383568,-0.40787196,-0.25511906,-0.29540664,-0.40080646,-0.17238055,-0.049357608,-0.16660054,0.0039393473,0.24981329,0.22320656,0.1812358,0.34108964,0.37711355,0.30816802,0.32730708,0.20587835,0.20210607,0.05507557,-0.047994893,0.0048443666,0.1451338,0.12538812,0.018257974,0.17252979,0.26278034,0.14999607,0.100562714,0.1980547,0.1622864,0.015055361,-0.012677979,-0.020535748,-0.09186153,-0.11034723,-0.031189576,-0.07681393,-0.18484524,-0.19359925,-0.058534313,-0.22421029,-0.33985317,-0.17798157,-0.16024648,-0.30117604,-0.26838186,-0.17591366,-0.24672414,-0.1848949,-0.26762494,-0.3776911,-0.40047523,-0.3778089,-0.36592117,-0.39958024,-0.39482534,-0.45056373,-0.47018313,-0.4144482,-0.4262901,-0.4828752,-0.4401592,-0.37985492,-0.38641316,-0.3894646,-0.3057414,-0.19353834,-0.20679449,-0.20664197,-0.13037261,-0.0065139243,-0.031836722,-0.04782566,-0.085486546,-0.009613392,-0.014199285,0.025989654
123,0.042662222,-0.03705054,-0.108698435,-0.14729202,-0.14473751,-0.19307737,-0.14501664,-0.08206702,-0.15158886,-0.21524185,-0.12310289,-0.06516807,-0.21213731,-0.23358041,-0.07282528,-0.123895094,-0.27714837,-0.19432504,-0.1324576,-0.18719655,-0.25733414,-0.24860923,-0.2200218,-0.26392186,-0.3122135,-0.29062164,-0.20783338,-0.20123063,-0.12194499,-0.03733546,0.16382608,0.108158134,0.20459959,0.15055984,0.16679771,0.1735248,0.17532198,0.18778835,0.110192165,-0.0003766897,-0.042864613,0.0019066362,0.073794015,0.093462855,0.10820156,0.011945596,-0.033137713,-0.114191815,-0.15905659,-0.15376246,-0.19643757,-0.03736981,0.11822975,0.23709686,0.34474286,0.4828776,0.3893177,0.2570888,0.44175783,0.4968654,0.3250659,0.27548438,0.41068092,0.3682027,0.20547284,0.19519578,0.26579845,0.15531667,0.053241182,0.18748805,0.227514,0.27012894,0.21891229,0.19784044,0.2077621,0.1210592,0.050875507,-0.006754399,0.040453665,0.08935008,0.20953217,0.21415381,0.25300795,0.22776498,0.3459014,0.2581005,0.15724051,0.0015480962,-0.15762085,-0.07946504,0.04843676,-0.09262579,-0.20295273,-0.19057138,-0.16897847,-0.070892304,0.1509677,0.22955179,0.19387063,0.41420305,0.5035463,0.4728521,0.5320191,0.5418002,0.43102655,0.40416858,0.34734988,0.42033434,0.5015234,0.47964808,0.4380128,0.62124634,0.7230241,0.4975351,0.58711106,0.73481756,0.7946146,0.87599266,1.0,0.7962495,0.68755585,0.6635884,0.49653447,0.36952418,0.21071658,0.18585712,0.080011286,0.06049262,0.12892544,0.12632649,-0.049190335,-0.023774823,0.02885099,-0.110258706,-0.1586838,-0.05387207,-0.108812734,-0.1848916,-0.22516978,-0.3091419,-0.27981743,-0.2967866,-0.3415501,-0.3482953,-0.31111535,-0.321386,-0.2979513,-0.2859814,-0.2965166,-0.3140774,-0.25835752,-0.1754035,-0.08960457,-0.083918296,-0.118126124,-0.078348406,0.020961126,-0.031998992,-0.06287273,0.04306412,0.12421573,0.03989615,0.02448433,0.12682588,0.123400815,-0.0029706666,0.00055188703,0.05789972,-0.093632445,-0.29721057,-0.32409477,-0.2660806,-0.2033475,-0.11667234,-0.04973938,-0.033711355,-0.06890544,-0.29026395,-0.30317172,-0.26164898,-0.21942581,-0.32314858,-0.28369075,-0.14786835,-0.19429976,-0.30100116,-0.10677189,-0.010231245,-0.14621206,-0.04203845,0.19102915,0.14058359,0.076294154,0.22816326,0.27617165,0.20095323,0.23989825,0.16112773,0.1945427,0.089660436,0.013768036,0.062183272,0.16255091,0.13727736,0.05979332,0.17258762,0.22384222,0.12526418,0.08023952,0.13918838,0.0940469,-0.028137231,-0.049306024,-0.040600855,-0.09975816,-0.11731415,-0.035720263,-0.054851186,-0.13698882,-0.14254919,-0.0131395515,-0.1338861,-0.23150675,-0.094361156,-0.06579342,-0.18217616,-0.16105668,-0.081534676,-0.13800372,-0.08227067,-0.1516219,-0.25327173,-0.2884707,-0.29436728,-0.30364516,-0.341212,-0.32240942,-0.36246738,-0.3822015,-0.34698606,-0.35258147,-0.3886076,-0.36096585,-0.32809776,-0.32269737,-0.33634,-0.29102474,-0.20659852,-0.21352392,-0.21878381,-0.17385647,-0.081166476,-0.0978776,-0.1066618,-0.06498805,0.03570257,0.01843953,0.043147393
124,0.09820534,0.025658084,-0.049734436,-0.093775064,-0.07353161,-0.1284971,-0.0986524,-0.0063267676,-0.037088435,-0.10312857,-0.00820791,0.053165514,-0.088866435,-0.1017192,0.064190015,0.0012582248,-0.13574715,-0.070893556,-0.043872338,-0.08883422,-0.16485786,-0.18270168,-0.15466714,-0.16522215,-0.21346474,-0.20865414,-0.12263581,-0.119422235,-0.022787109,0.041763686,0.25151765,0.1760715,0.1728461,0.19595712,0.23716654,0.20167623,0.17068733,0.11005695,0.08461974,-0.0068244594,-0.0049447636,0.03917541,0.13543096,0.12896919,0.17399181,0.11965975,0.088421576,0.022416517,-0.07449471,-0.057630166,-0.10133426,0.05910372,0.18933801,0.27813876,0.29473367,0.41378656,0.33275998,0.25406313,0.42228654,0.45488158,0.33097622,0.32695368,0.42340067,0.3762495,0.26315737,0.25549316,0.30192742,0.2170664,0.13927105,0.25935623,0.27977684,0.30379304,0.24587965,0.20941669,0.21866272,0.1611359,0.10392403,0.05925928,0.11275953,0.16576563,0.27215436,0.2615883,0.35653695,0.35803416,0.3486212,0.3046297,0.22265139,0.07596958,-0.086104184,-0.04705475,0.07109777,-0.04234876,-0.16381468,-0.14004515,-0.14060777,-0.11637084,0.0812502,0.16975263,0.16287273,0.3719253,0.4707048,0.42265067,0.59139574,0.5970862,0.5193207,0.4911694,0.42961735,0.49295348,0.57112104,0.523312,0.51803404,0.62124956,0.6252044,0.48495975,0.55124366,0.5978158,0.63216066,0.7177856,0.7962495,1.0,0.69079274,0.6041965,0.40467927,0.28148043,0.13603127,0.091771565,0.037714772,0.04129215,0.095194116,0.11978576,-0.0107226465,0.013402082,0.07189909,-0.044652455,-0.10787269,-0.0131151145,-0.050481576,-0.09384366,-0.13455428,-0.2299682,-0.1906497,-0.22210202,-0.28216547,-0.3111646,-0.27197775,-0.252556,-0.26722893,-0.2729547,-0.2480811,-0.2802921,-0.2989428,-0.18660149,-0.087680556,-0.07660021,-0.10985969,-0.0336777,0.045754008,-0.040779907,-0.05531607,0.056975756,0.07687807,-0.038626235,-0.02492104,0.06792509,0.010216948,-0.120097764,-0.07059464,-0.04469936,-0.2518053,-0.31028143,-0.32822764,-0.32728875,-0.2783607,-0.23390605,-0.21060352,-0.16796969,-0.14860427,-0.28105333,-0.29941675,-0.2460561,-0.20251454,-0.30882886,-0.27568802,-0.1305548,-0.18779121,-0.3157531,-0.09086258,0.0130360285,-0.13907067,-0.031861994,0.21835805,0.15900424,0.073260166,0.2184914,0.27388883,0.2017723,0.2592792,0.19913882,0.22919825,0.13753974,0.053835392,0.104897834,0.21592711,0.18760727,0.10000268,0.2317726,0.27778143,0.15071775,0.1024459,0.1745028,0.11888033,-0.021863006,-0.0469465,-0.036283225,-0.10502486,-0.12732886,-0.035248946,-0.05063789,-0.16102397,-0.13516067,0.03334839,-0.11774483,-0.22546095,-0.047517855,-0.024480244,-0.1636497,-0.13740845,-0.0475095,-0.10918346,-0.050330017,-0.12986118,-0.24422067,-0.29367542,-0.32038394,-0.33953804,-0.33679366,-0.30559462,-0.36525312,-0.40154326,-0.39090002,-0.3903927,-0.4261332,-0.4235137,-0.3874831,-0.38710988,-0.40963227,-0.3457845,-0.24764857,-0.26755208,-0.26506138,-0.19082841,-0.06997542,-0.09545449,-0.110683024,-0.1188899,-0.08463633,-0.14884506,-0.12662162
125,-0.028371817,-0.11871504,-0.18186878,-0.21891157,-0.22433053,-0.26651958,-0.22042602,-0.17156576,-0.22965366,-0.27470142,-0.19409464,-0.153337,-0.2743279,-0.2820894,-0.13626559,-0.17260411,-0.29908404,-0.22106904,-0.14221197,-0.1776444,-0.22032185,-0.16057228,-0.11702847,-0.17085007,-0.20453621,-0.22770858,-0.18123142,-0.18442756,-0.13452281,-0.053501736,0.09307349,0.03971291,0.15658402,0.096199095,0.08574161,0.08263866,0.109989464,0.15059552,0.043778256,-0.09082136,-0.10435791,-0.09591456,-0.047136284,-0.022614306,0.014162318,-0.028924571,-0.023259517,-0.04913744,-0.042809147,-0.014935542,-0.06134789,0.0964579,0.23821174,0.3242404,0.3782125,0.44287714,0.3351699,0.2280336,0.42264375,0.4267725,0.22998707,0.18850492,0.29008433,0.23603629,0.097071774,0.08601613,0.1421824,0.043938965,-0.050712388,0.06082816,0.1029857,0.151525,0.11738464,0.092263125,0.089640155,0.008907743,-0.048088122,-0.10638895,-0.06894735,-0.019212438,0.09552398,0.097101964,0.1404078,0.1596961,0.3366342,0.32097656,0.285734,0.1413382,-0.021552574,0.037766133,0.15261424,0.030778226,-0.10488788,-0.13230385,-0.088552825,0.023896923,0.17916894,0.23360103,0.206565,0.51770127,0.6532962,0.57002914,0.5133495,0.45919654,0.32445568,0.28663403,0.24310292,0.3153954,0.38895875,0.35546175,0.35555515,0.48895353,0.49393785,0.34691435,0.45566413,0.52597606,0.58120304,0.6118047,0.68755585,0.69079274,1.0,0.8422564,0.541019,0.39936134,0.2482123,0.19233616,0.09914503,0.051595893,0.113709815,0.118551634,-0.036717247,-0.011667289,0.01310857,-0.10783995,-0.1300845,-0.04111796,-0.12070791,-0.20158115,-0.22607797,-0.2828616,-0.27736402,-0.26793355,-0.28397268,-0.28083542,-0.2653154,-0.27725533,-0.24991117,-0.2156502,-0.22161016,-0.28033197,-0.21313855,-0.15015191,-0.081029244,-0.096933246,-0.14474699,-0.13468486,-0.0111138215,-0.06918668,-0.11885894,-0.0036759742,0.10834623,0.034496572,0.01142909,0.1393257,0.17469467,0.04304471,0.031415414,0.11851599,-0.028170815,-0.31241304,-0.3185248,-0.23409551,-0.13069753,-0.021319738,0.03440265,0.045688674,0.0047448073,-0.20256776,-0.22014038,-0.15947482,-0.13001461,-0.23443969,-0.19852987,-0.07445285,-0.12169828,-0.21965612,-0.059356418,0.015401604,-0.12174067,-0.061593164,0.14493303,0.08285278,0.015832609,0.1726056,0.22443771,0.14254539,0.19173239,0.15082692,0.19027223,0.112789065,0.061036587,0.10404211,0.16469276,0.14130573,0.090656936,0.17430297,0.1910669,0.12280738,0.09707769,0.10298045,0.045617316,-0.044124734,-0.060950115,-0.03405433,-0.07853228,-0.090892844,0.0010541849,0.00015008857,-0.051073294,-0.06679193,0.03719074,-0.031533528,-0.112769976,-0.017795216,0.006071203,-0.07677545,-0.07022468,-0.013212134,-0.046368938,-0.005778443,-0.052895978,-0.13157511,-0.16410278,-0.1879566,-0.21235432,-0.2720271,-0.2502921,-0.2786861,-0.2970304,-0.26927155,-0.27516383,-0.29892746,-0.29307994,-0.273086,-0.24198338,-0.26773858,-0.25894508,-0.19316208,-0.20256165,-0.22644477,-0.20626904,-0.1384878,-0.15492807,-0.16943803,-0.09474291,0.044542834,0.044857252,0.05922091
126,-0.032336295,-0.12511896,-0.18653336,-0.23506525,-0.23824361,-0.29538864,-0.2544867,-0.19217224,-0.24685931,-0.32228556,-0.25475973,-0.17393203,-0.3082027,-0.37006727,-0.23699187,-0.24809739,-0.39172584,-0.33553532,-0.23629934,-0.26843753,-0.34100163,-0.27424267,-0.21940379,-0.2758497,-0.27699235,-0.27128705,-0.21327604,-0.17351143,-0.10908509,-0.009279583,0.12655763,0.06097925,0.16697823,0.12541021,0.10900906,0.11115894,0.1292557,0.15918519,0.07411187,-0.04080814,-0.06900493,-0.053120725,-0.0038457236,0.0009325547,0.049139228,-0.01603667,-0.0071164225,-0.09502526,-0.085592814,-0.10059544,-0.14890283,-0.002295425,0.17103519,0.24284804,0.31366256,0.38222042,0.2666107,0.15020816,0.35547042,0.36559337,0.1488068,0.11475248,0.25114942,0.18072434,0.020068584,0.042083118,0.11993922,-0.0030652287,-0.08408087,0.053528357,0.10612292,0.15967034,0.11952942,0.10463077,0.10316447,0.012142096,-0.0477712,-0.11788317,-0.07437337,-0.014869046,0.10958208,0.104202315,0.1653067,0.16135375,0.36273012,0.30441672,0.29714686,0.1181452,-0.02615447,0.027350705,0.160351,0.06086201,-0.0821622,-0.09737343,-0.030808302,0.07094318,0.2833335,0.3603972,0.29661584,0.6080172,0.6923169,0.53914106,0.48190072,0.4764824,0.32446173,0.31086928,0.2565381,0.35228282,0.4211193,0.376883,0.35227528,0.5047118,0.48687595,0.3038056,0.4180503,0.49383068,0.5738305,0.61717767,0.6635884,0.6041965,0.8422564,1.0,0.7976413,0.601709,0.4140078,0.3664935,0.20829031,0.17305726,0.24765085,0.24028632,0.07677293,0.117741205,0.13782799,-0.014122835,-0.033134956,0.0675848,-0.03570003,-0.14254846,-0.20080043,-0.2868406,-0.30762747,-0.30965096,-0.319759,-0.29054573,-0.24860641,-0.23843278,-0.19208136,-0.17843845,-0.20099391,-0.24714455,-0.1568739,-0.06912553,0.019131944,-0.0049146935,-0.06371889,-0.03388719,0.11693201,0.058485933,-0.0034560475,0.110554434,0.24367039,0.15657856,0.09974236,0.22863571,0.262641,0.1114373,0.08446272,0.16679883,0.0009166176,-0.30532652,-0.31361425,-0.22979859,-0.12137298,-0.0047327243,0.04576581,0.057996728,0.030268488,-0.18587011,-0.22510603,-0.17077063,-0.11850623,-0.22841854,-0.20556979,-0.06251906,-0.08766138,-0.197957,-0.04353904,0.07597611,-0.043805614,-0.024148222,0.19400428,0.1612144,0.07244292,0.21241038,0.28095293,0.21772109,0.26864567,0.23819427,0.25383985,0.15697104,0.09725952,0.12917261,0.19549738,0.17183182,0.095881365,0.16871487,0.18658936,0.103536054,0.046749342,0.054789554,0.0019256063,-0.10933379,-0.14054021,-0.11965239,-0.16328682,-0.17072716,-0.077761926,-0.08530565,-0.13021293,-0.13855213,-0.031419475,-0.09825036,-0.15070806,-0.03306194,-0.012818958,-0.09412034,-0.062277287,0.00046423243,-0.045185156,-0.010835465,-0.08429915,-0.17856993,-0.22422752,-0.25623423,-0.2677742,-0.32575873,-0.30781788,-0.335396,-0.34676266,-0.3205457,-0.32826978,-0.3496148,-0.34446365,-0.32966956,-0.28659016,-0.28830484,-0.297312,-0.23439464,-0.20957273,-0.23030184,-0.22730806,-0.14851207,-0.137582,-0.16661888,-0.10580482,0.046009608,0.042418085,0.06223877
127,-0.10502311,-0.1696706,-0.2200253,-0.26559824,-0.28304145,-0.3277971,-0.29217544,-0.25006154,-0.2847785,-0.36093017,-0.33507755,-0.22635043,-0.31831974,-0.4273731,-0.32304364,-0.27595347,-0.4060777,-0.38298088,-0.2743664,-0.26770937,-0.3945986,-0.34658468,-0.28027797,-0.35300553,-0.33190963,-0.34483662,-0.31795797,-0.2436945,-0.18926032,-0.0714589,0.07714657,-0.007566742,0.10739455,0.12474718,0.091361724,0.091034316,0.11939479,0.13932616,0.08400905,-0.016646108,-0.06355102,-0.06430777,-0.042288307,-0.08713965,-0.0024167341,-0.11356629,-0.07511219,-0.2101732,-0.17932372,-0.17307492,-0.1599457,-0.057062794,0.12953393,0.14903994,0.22559981,0.27214786,0.17480768,0.07366297,0.2356809,0.21977364,0.023957117,-0.007158918,0.12330033,0.05026192,-0.094354674,-0.06834839,0.01157094,-0.109419785,-0.17134967,-0.05626702,-0.00064638694,0.0509158,0.0303465,0.035745103,0.027010685,-0.055588573,-0.10274333,-0.16676049,-0.13973765,-0.0997664,-0.0042127147,-0.028893435,0.08303194,0.04520073,0.24005958,0.1842481,0.20626979,0.09031738,-0.028859202,0.035409268,0.15555696,0.077909686,0.0020853754,-0.005259146,0.029645143,0.09322303,0.41840184,0.5068471,0.24046522,0.5114296,0.4734482,0.3892279,0.3502565,0.34207222,0.20213164,0.21134202,0.14558148,0.2163785,0.26834783,0.2414336,0.22179198,0.36387208,0.3420784,0.1822234,0.2796589,0.3518098,0.42664266,0.454303,0.49653447,0.40467927,0.541019,0.7976413,1.0,0.7904832,0.56885123,0.45845884,0.24141422,0.2669681,0.31737784,0.23843035,0.15988405,0.24429008,0.19510196,0.017645655,0.06974665,0.17104593,0.00040573312,-0.1530825,-0.2460442,-0.3456659,-0.38724154,-0.39782226,-0.38378543,-0.3182281,-0.23678623,-0.16252019,-0.11969013,-0.1392052,-0.1582848,-0.1634502,-0.103436805,0.018891344,0.12863941,0.07153607,0.018454483,0.07211125,0.24534269,0.18079188,0.12181704,0.20184,0.31356853,0.22075564,0.14782418,0.24038917,0.2544222,0.13398337,0.10794821,0.18686219,0.08206152,-0.16061217,-0.16429894,-0.09971349,-0.0119977305,0.07440005,0.09503119,0.13381061,0.12892084,-0.05415118,-0.09572827,-0.04754655,0.016080068,-0.09400903,-0.0865303,0.06276315,0.052627888,-0.06733252,0.062546246,0.18988658,0.08251138,0.005194891,0.20833984,0.18877923,0.05658301,0.1658777,0.27252096,0.21292524,0.28608802,0.29651088,0.315644,0.24968837,0.20404737,0.21802565,0.2509309,0.22858846,0.16366377,0.18078436,0.16180709,0.08144609,1.8518122e-05,-0.032008205,-0.095901534,-0.20638663,-0.24885501,-0.21920975,-0.2509489,-0.24296297,-0.15705608,-0.15278697,-0.17953248,-0.15684672,-0.045380555,-0.07609299,-0.07732851,0.04547164,0.06278227,0.008417982,0.05778332,0.10820999,0.06588484,0.08097345,-0.0010468304,-0.086541444,-0.15910801,-0.23046903,-0.24641633,-0.28903335,-0.2854709,-0.29557413,-0.29313564,-0.29345536,-0.30189332,-0.2960164,-0.31063366,-0.32710674,-0.2671677,-0.2609505,-0.3126285,-0.26940075,-0.21781835,-0.24343514,-0.2711236,-0.19368398,-0.15336901,-0.18785392,-0.061562046,0.077528305,0.05844317,0.06408586
128,-0.18198188,-0.24859595,-0.2827253,-0.32132286,-0.33555964,-0.35353807,-0.34963357,-0.33112478,-0.3224249,-0.41009492,-0.41911387,-0.32109603,-0.38254154,-0.48566943,-0.40787843,-0.34966183,-0.44347653,-0.4215192,-0.3276185,-0.33870754,-0.4507268,-0.40600526,-0.35012785,-0.42517728,-0.40942276,-0.42584634,-0.38809982,-0.27305898,-0.21243992,-0.09519118,0.03128687,-0.1171508,0.0521011,0.16640067,0.0554147,0.037620246,0.13496122,0.16456807,0.16787736,0.062390592,-0.014421963,-0.035967465,-0.054902755,-0.118181214,-0.01956984,-0.16206159,-0.12413547,-0.3023625,-0.31175187,-0.2402136,-0.17738293,-0.113089606,0.049418624,0.07900023,0.17158581,0.20560734,0.10167778,-0.0037157678,0.11223303,0.10120495,-0.07806504,-0.1232149,-0.0066604074,-0.06672064,-0.19441655,-0.17177938,-0.09072971,-0.19892715,-0.26765695,-0.1634704,-0.10485164,-0.040372048,-0.05261288,-0.050817102,-0.0692369,-0.15034327,-0.19625445,-0.24416974,-0.22775665,-0.18478307,-0.08820566,-0.10221352,0.009553981,-0.051857457,0.11464008,0.052777503,0.09442837,0.020191118,-0.08377503,-0.007830694,0.11224042,0.030420233,0.01604831,0.020016568,0.0031893917,0.053533357,0.42858636,0.48351258,0.16102251,0.37352768,0.32526484,0.26740426,0.18880351,0.19038795,0.072919644,0.09040053,0.0029837037,0.075534634,0.13416421,0.102871165,0.104306884,0.23400107,0.22011937,0.09711218,0.18295635,0.26058528,0.31615394,0.33016723,0.36952418,0.28148043,0.39936134,0.601709,0.7904832,1.0,0.8016004,0.6829813,0.43777743,0.398815,0.4275913,0.3313995,0.2931722,0.35595632,0.26351175,0.06515476,0.16072415,0.26099744,0.01657177,-0.16115956,-0.2576058,-0.37823159,-0.43028003,-0.46663833,-0.44697937,-0.34554628,-0.22674297,-0.13095154,-0.05824151,-0.10824704,-0.1453481,-0.17568228,-0.070213765,0.10574478,0.22953843,0.16624856,0.15960485,0.18661669,0.337851,0.28773633,0.27779326,0.33533448,0.38757226,0.26996237,0.23727858,0.28642604,0.24622068,0.14702968,0.15338202,0.21008506,0.24305126,0.056553286,0.052239057,0.11708386,0.170376,0.23370287,0.24215998,0.29694605,0.30269754,0.06892539,0.010318248,0.06000834,0.13297836,0.010019793,-0.00071233965,0.14849976,0.15866348,0.007383143,0.08642659,0.25332096,0.14536062,-0.050093997,0.16133574,0.16365696,-0.018965479,0.06480999,0.20858791,0.15656915,0.26570472,0.31956053,0.35446477,0.32683194,0.28686622,0.26586056,0.2599937,0.229831,0.15452713,0.123297796,0.06878542,-0.050166413,-0.16109921,-0.20445086,-0.28201884,-0.38518783,-0.43046758,-0.4057589,-0.4091656,-0.4022695,-0.33206478,-0.3140385,-0.29759717,-0.2484441,-0.13037606,-0.122883946,-0.060816612,0.08808267,0.1099032,0.086282544,0.16779658,0.20721498,0.16418569,0.1535059,0.047033582,-0.042534675,-0.16414128,-0.2923101,-0.31688413,-0.34515437,-0.34528452,-0.2927044,-0.24745189,-0.27285364,-0.306899,-0.26337,-0.2859103,-0.36559492,-0.30530977,-0.270653,-0.3698873,-0.37177593,-0.28118584,-0.28226444,-0.3507078,-0.29346102,-0.18818995,-0.19354121,0.16292857,0.29030344,0.20286925,0.1674912
129,-0.21770963,-0.2868393,-0.28887007,-0.33567223,-0.36178973,-0.37628672,-0.39307174,-0.39456767,-0.36871126,-0.44994,-0.4843643,-0.40441233,-0.42403352,-0.5228404,-0.48796842,-0.40954816,-0.44508308,-0.4395811,-0.3670389,-0.3491339,-0.40780693,-0.32890233,-0.27363965,-0.3384445,-0.28685346,-0.31512856,-0.3299484,-0.2103362,-0.18312433,-0.08618425,-0.024044469,-0.18188721,0.024415944,0.16250512,-0.003380444,-0.030030807,0.1026362,0.16077834,0.19061258,0.066380575,-0.02133786,-0.06361537,-0.10933551,-0.1676049,-0.081125215,-0.1828368,-0.11824271,-0.25943667,-0.24025133,-0.15059783,-0.09432065,-0.057966214,0.02621075,-0.007477626,0.057239525,0.074770376,-0.03965152,-0.14236948,-0.05150664,-0.07464156,-0.24241585,-0.28196532,-0.1784186,-0.24221677,-0.3404464,-0.3008603,-0.23707978,-0.32230955,-0.3717099,-0.2752654,-0.21567345,-0.13177176,-0.13172929,-0.12838934,-0.17376065,-0.24635181,-0.26587692,-0.314348,-0.3132848,-0.25642335,-0.1729485,-0.18065424,-0.08521369,-0.1274411,0.04458468,0.019267501,0.13364235,0.095783785,0.059162494,0.13291673,0.25836137,0.19217928,0.14488068,0.16144018,0.18957321,0.24721621,0.4610952,0.46860576,0.21686493,0.35452753,0.27521262,0.15933952,0.027556023,0.07093615,-0.0467196,-0.04902037,-0.11284478,-0.020981187,0.011625801,-0.0375197,-0.044142812,0.07944111,0.06033826,-0.044608716,0.028340379,0.11437396,0.16757073,0.18093619,0.21071658,0.13603127,0.2482123,0.4140078,0.56885123,0.8016004,1.0,0.7686358,0.56646824,0.44498757,0.4456212,0.3769432,0.36668473,0.3741874,0.26256934,0.109849654,0.18999153,0.26351732,0.021145243,-0.1207203,-0.19484982,-0.28786796,-0.36783636,-0.36308634,-0.3204373,-0.21822304,-0.11103486,-0.0314721,0.040956974,-0.018945191,-0.060269825,-0.13466781,-0.010924412,0.14457601,0.24106272,0.23173271,0.23923276,0.2369239,0.35249287,0.29210174,0.31664014,0.34941724,0.36770266,0.26127073,0.2489402,0.28128844,0.20887,0.12712799,0.155214,0.18475166,0.3210763,0.14752325,0.18126485,0.2582511,0.3243825,0.36500573,0.33997422,0.4149938,0.43888617,0.20472647,0.13303915,0.18904601,0.25541884,0.14853705,0.10704895,0.22350346,0.2622538,0.113070145,0.09516065,0.26582077,0.18028769,-0.11765234,0.04814553,0.06356831,-0.13409294,-0.09412683,0.043303426,0.017978378,0.14361398,0.25603402,0.2904406,0.3264341,0.31249094,0.26439804,0.2105035,0.17159808,0.11048377,0.029964337,-0.06582672,-0.1910197,-0.29689512,-0.34973547,-0.42581055,-0.49264184,-0.5152371,-0.48120522,-0.46797964,-0.477889,-0.4264406,-0.39096203,-0.33203778,-0.28840438,-0.19791813,-0.11429508,-0.0055788956,0.10530938,0.13745888,0.16966692,0.25702378,0.27221006,0.25080058,0.20862593,0.10810939,0.03794383,-0.103135504,-0.25526145,-0.2851491,-0.31280306,-0.3188274,-0.2205264,-0.14142753,-0.18111368,-0.22479723,-0.1577479,-0.1846271,-0.30391628,-0.246197,-0.19674969,-0.334475,-0.38704357,-0.27884755,-0.26889765,-0.37074688,-0.3583464,-0.22918628,-0.22060442,0.23919226,0.36203188,0.25449216,0.19685999
130,-0.09106975,-0.16351123,-0.15186986,-0.20905408,-0.20284685,-0.24752045,-0.28313556,-0.25344816,-0.2213163,-0.32737604,-0.35840732,-0.2765646,-0.33134687,-0.4354227,-0.41458026,-0.37781355,-0.43162134,-0.42354813,-0.39006698,-0.42255077,-0.4517761,-0.42566246,-0.39906088,-0.3942213,-0.34471017,-0.30383202,-0.23917721,-0.076896966,-9.529028e-05,0.12445741,0.07701914,-0.04173753,0.107093565,0.15673056,0.025995081,0.043286778,0.15703708,0.20133032,0.24546176,0.20789307,0.13089316,0.15882568,0.11348314,0.035246436,0.08615775,-0.025420928,-0.010186864,-0.21714874,-0.27198076,-0.277725,-0.23167646,-0.19382422,-0.14997545,-0.09774914,0.008294465,0.03725505,-0.08119,-0.18788722,-0.108809054,-0.07894779,-0.21391828,-0.25508735,-0.14008647,-0.17861846,-0.2540056,-0.20194766,-0.12931545,-0.20334023,-0.2374962,-0.12282916,-0.07014796,0.0036441658,-0.01622665,-0.030697592,-0.05543969,-0.11737164,-0.1400608,-0.18813589,-0.16208167,-0.08285646,-0.0059804544,-0.014405118,0.03192472,-0.053807344,0.079907596,-0.03008987,0.0108694695,-0.070173115,-0.10535593,-0.073184274,0.055427376,0.02364173,-0.019821513,0.047459293,0.14398508,0.21307254,0.4499927,0.46052232,0.2290833,0.2202761,0.27485374,0.08665323,-0.026247343,0.08410102,-0.013109445,0.02089443,-0.07886345,0.018420199,0.07186279,0.024724342,0.0043464326,0.10776299,0.06847076,-0.034256455,0.041174892,0.09634591,0.17390099,0.18074004,0.18585712,0.091771565,0.19233616,0.3664935,0.45845884,0.6829813,0.7686358,1.0,0.8153786,0.6719922,0.6449897,0.6005574,0.5757545,0.5131146,0.41903612,0.32267198,0.34823415,0.34635282,0.14461805,0.05483054,-0.02377604,-0.15380864,-0.21790932,-0.3097574,-0.29484457,-0.19159229,-0.056296546,0.029424395,0.11594164,0.02657429,-0.05118917,-0.109149985,0.12646359,0.33512318,0.42560768,0.3135609,0.3299722,0.2909671,0.3902812,0.44440153,0.4392758,0.4296568,0.49230638,0.4165285,0.3666258,0.35522246,0.32583264,0.26913247,0.25896573,0.253441,0.32830375,0.19519526,0.17008881,0.20054157,0.20414294,0.24326138,0.23010503,0.22160053,0.23746786,0.023839554,-0.056427497,-0.050043773,0.007626728,-0.053054016,-0.104783885,-0.033088528,0.029385233,-0.040427625,-0.07852011,0.08744305,0.112251304,-0.05834688,0.036318783,0.14063106,0.041356977,0.040933296,0.12713195,0.17236021,0.1882085,0.2124334,0.15460218,0.10752641,0.0678146,0.017565155,0.009705677,-0.012125304,-0.10516178,-0.12934808,-0.13008279,-0.21986495,-0.2965729,-0.28558356,-0.3008372,-0.37563384,-0.38889584,-0.40785715,-0.4029716,-0.4020469,-0.38046467,-0.39821085,-0.34742066,-0.33061367,-0.32619894,-0.3032046,-0.20617634,-0.1332577,-0.1302997,-0.103149705,-0.016139504,-0.0025600991,-0.025725998,-0.059349332,-0.14664923,-0.1870516,-0.2710611,-0.3279592,-0.2927316,-0.30499947,-0.32483697,-0.2554454,-0.17852008,-0.17140938,-0.22680496,-0.19151509,-0.16847658,-0.24156955,-0.2220175,-0.1456242,-0.19935443,-0.23564598,-0.13834283,-0.10157642,-0.18366136,-0.17407584,-0.04163691,-0.034098722,0.25164562,0.32778338,0.2675114,0.23782939
131,-0.076564826,-0.16706647,-0.15064628,-0.23304726,-0.23287855,-0.29333445,-0.33436567,-0.29200268,-0.25038373,-0.3479821,-0.36052293,-0.29075417,-0.31930956,-0.39198205,-0.39076823,-0.3510659,-0.35265172,-0.34091118,-0.3435202,-0.35841274,-0.35044897,-0.32461435,-0.29379135,-0.26291388,-0.2191812,-0.18987685,-0.1717223,-0.04839122,-1.6532358e-05,0.12007595,0.12306979,-0.048005614,0.06514375,0.20061304,0.053147525,0.050525382,0.19161475,0.21355674,0.29481608,0.21180724,0.11248647,0.14108053,0.09437832,-0.0060690693,0.05085498,-0.047782082,0.0044047115,-0.12762782,-0.18702804,-0.12652226,-0.07737027,-0.023782767,-0.06090465,-0.046926547,0.0013274255,0.01803723,-0.09908672,-0.17962791,-0.16074568,-0.15256795,-0.24049878,-0.27988023,-0.20120074,-0.22995456,-0.29751536,-0.25263453,-0.1880296,-0.24271478,-0.27151397,-0.15411688,-0.09541125,-0.017194444,-0.035399467,-0.051548995,-0.08047268,-0.13389775,-0.14559978,-0.20345226,-0.18422243,-0.09100176,-0.027367402,-0.049088355,0.002408297,-0.047975976,0.027819982,-0.018033579,0.04376361,0.0578067,0.034678858,0.030722346,0.15249795,0.13181974,0.060357865,0.15012097,0.27955964,0.24103023,0.34665152,0.3528006,0.21726987,0.1543596,0.22082111,-0.073754676,-0.1339817,0.003976153,-0.07035906,-0.077035815,-0.1537505,-0.021383906,0.032327082,-0.016529804,-0.046686955,0.038089704,-0.017971372,-0.10534835,-0.04594466,-0.003086283,0.07222046,0.080671765,0.080011286,0.037714772,0.09914503,0.20829031,0.24141422,0.43777743,0.56646824,0.8153786,1.0,0.81377375,0.66285795,0.68911767,0.7261074,0.5537443,0.40263605,0.38800257,0.3771107,0.27987972,0.07266723,0.045268096,0.0038409017,-0.07998518,-0.14195012,-0.21931066,-0.19085734,-0.09689058,-0.005317474,0.0905357,0.16994454,0.064807236,0.006005716,-0.110965334,0.15203491,0.4302318,0.47559124,0.31142762,0.29310477,0.21836066,0.2861455,0.3620089,0.36513615,0.37228632,0.41635215,0.31209207,0.28046486,0.3000964,0.23976104,0.15740423,0.19026174,0.18070921,0.27807763,0.24208629,0.2315527,0.22943352,0.21656846,0.21514346,0.15912798,0.14786935,0.24735469,0.05755319,-0.03308332,0.0019985077,0.04318365,-0.01276212,-0.06625376,-0.018842667,0.03184745,-0.035916157,-0.10195284,0.049580913,0.050912626,-0.13532269,-0.047862496,0.04894681,-0.060799863,-0.07107723,0.020737601,0.09683826,0.108275846,0.15617143,0.10494621,0.0860435,0.058416795,0.0142791895,-0.010079113,-0.04169238,-0.11562493,-0.14312576,-0.16701181,-0.24613053,-0.2808201,-0.28193238,-0.31058645,-0.36191323,-0.3575198,-0.36421013,-0.35304815,-0.34571472,-0.32590002,-0.34033307,-0.27188843,-0.25063676,-0.2665612,-0.22384736,-0.12954608,-0.08092368,-0.08136926,-0.046924032,0.020469116,0.026808476,0.018708445,-0.0043922486,-0.0733864,-0.12108666,-0.21209154,-0.28691435,-0.26504502,-0.25992262,-0.27276585,-0.2044676,-0.12756251,-0.12995273,-0.18644351,-0.15196292,-0.1400749,-0.22121714,-0.2124296,-0.1480811,-0.20027398,-0.2588722,-0.19112721,-0.14645372,-0.21978539,-0.22465266,-0.109784104,-0.08069973,0.2596769,0.32503602,0.22975658,0.20359257
132,0.029740673,-0.044051625,-0.04297685,-0.12357164,-0.1238796,-0.19007455,-0.23728582,-0.18548697,-0.14498691,-0.26399216,-0.28759024,-0.19605432,-0.25732964,-0.3593666,-0.36201358,-0.34095564,-0.36710176,-0.38906726,-0.40664217,-0.40715265,-0.43381864,-0.43771812,-0.43094623,-0.39043823,-0.33691916,-0.26874,-0.21462049,-0.04229519,0.039279368,0.20683472,0.3107041,0.13554034,0.1570589,0.27176422,0.23204786,0.23216297,0.29534957,0.23229876,0.2856523,0.21463376,0.14126492,0.20220445,0.20441672,0.08058407,0.17011777,0.0044551166,0.050606344,-0.17503706,-0.25347504,-0.28215435,-0.23700841,-0.16532867,-0.1889899,-0.17967121,-0.121375635,-0.08252704,-0.18541956,-0.2577137,-0.2138862,-0.21212329,-0.28964493,-0.29560584,-0.192425,-0.21125133,-0.2730567,-0.21721587,-0.13525206,-0.19116098,-0.19770338,-0.055272117,0.022772405,0.09666042,0.080727436,0.0647847,0.03686354,-0.0035653566,-0.012629779,-0.07229089,-0.056977678,0.030801829,0.074145816,0.015862182,0.118085526,0.016563658,0.029996617,-0.07763267,-0.05620516,-0.07042275,-0.059267662,-0.06469558,0.057085935,0.063302316,0.021123165,0.10791048,0.21708469,0.08381677,0.38285753,0.42762053,0.087053426,0.008594686,0.062206447,-0.2104424,-0.13524893,0.037655488,0.008060933,0.048786595,-0.009411875,0.08621612,0.106919125,0.065206744,0.029520616,0.08947526,0.0010707815,-0.07370395,-0.017276147,-0.00766352,0.083498694,0.08684326,0.06049262,0.04129215,0.051595893,0.17305726,0.2669681,0.398815,0.44498757,0.6719922,0.81377375,1.0,0.8561287,0.7511972,0.81172514,0.77363664,0.60779566,0.51196295,0.5407026,0.4726939,0.2539018,0.16686353,0.04698778,-0.094360195,-0.16784203,-0.2992718,-0.27826515,-0.16936575,-0.03487619,0.12602487,0.19092731,0.07039109,0.024598967,-0.037546523,0.20838204,0.53952736,0.6037143,0.3655876,0.3481965,0.3016086,0.40779105,0.5154703,0.46810135,0.5189214,0.6173036,0.4976189,0.42297846,0.4555633,0.38316026,0.27065226,0.29489526,0.3032418,0.19164753,0.13837269,0.08180598,0.03048769,0.032648817,0.056663357,-0.018039932,-0.020144187,0.069717266,-0.062014807,-0.15680522,-0.122531295,-0.051718295,-0.1099067,-0.14985356,-0.060540136,-0.008973944,-0.07308937,-0.040175725,0.12376137,0.15095738,0.037648182,0.14923263,0.2689222,0.14522949,0.15058501,0.26766336,0.33921972,0.33505428,0.3385471,0.23347323,0.13701566,0.076478235,0.036925387,0.06522551,0.058830597,-0.049394067,-0.04130391,-0.016413879,-0.09585247,-0.15678419,-0.15077563,-0.18017478,-0.29107925,-0.31833178,-0.33847234,-0.35304058,-0.32409686,-0.2833294,-0.32388657,-0.29730082,-0.25877267,-0.22046924,-0.2698566,-0.22291858,-0.1086818,-0.11565621,-0.14722984,-0.07339887,-0.036034185,-0.07047017,-0.07165281,-0.15235665,-0.21199521,-0.2907472,-0.36049476,-0.32935533,-0.31682318,-0.30947506,-0.29122275,-0.24762592,-0.24138553,-0.28819096,-0.2660733,-0.25027135,-0.3001067,-0.2799077,-0.20105234,-0.22025105,-0.2293066,-0.13270418,-0.09856327,-0.1670303,-0.11286655,-0.009358196,-0.009840071,0.092372075,0.13736822,0.05436018,0.07327033
133,0.07950591,0.010041905,0.0044051395,-0.060629606,-0.050006438,-0.10202007,-0.14514084,-0.10042538,-0.075076565,-0.18934721,-0.22268324,-0.14156856,-0.23084782,-0.3444398,-0.35365897,-0.35567564,-0.3967488,-0.42730466,-0.44412872,-0.4519208,-0.48593968,-0.47421336,-0.48205322,-0.44008014,-0.38239,-0.27806795,-0.1676601,0.03439056,0.137259,0.29216138,0.37885055,0.20757973,0.23046207,0.33792305,0.3181109,0.31623024,0.33006465,0.23507516,0.26104704,0.1887511,0.11952226,0.20313759,0.23239027,0.18934979,0.26008672,0.09144153,0.102672115,-0.18207334,-0.27819788,-0.35806975,-0.34786496,-0.28064996,-0.27934495,-0.25194,-0.16419458,-0.11180668,-0.20873326,-0.29254285,-0.19060044,-0.16289814,-0.27230194,-0.26898032,-0.13309494,-0.16312645,-0.2331239,-0.1617043,-0.07744424,-0.13833013,-0.13372584,0.015978074,0.093345605,0.1633235,0.15159442,0.13191558,0.101094365,0.057703737,0.044591147,-0.011972325,0.009453461,0.09244682,0.15141985,0.12668484,0.198831,0.06472459,0.087498456,-0.068068124,-0.061813876,-0.1712638,-0.15493988,-0.17384341,-0.03140209,-0.013557313,-0.062145445,0.005441505,0.08189038,-0.03991548,0.34364435,0.4059883,0.123778865,0.0746179,0.12337564,-0.12058094,-0.06583753,0.10277816,0.07370654,0.16012263,0.10196964,0.17604874,0.18132217,0.13473122,0.092978045,0.15650572,0.07464894,-0.019974193,0.040913396,0.051771596,0.15202409,0.16458984,0.12892544,0.095194116,0.113709815,0.24765085,0.31737784,0.4275913,0.4456212,0.6449897,0.66285795,0.8561287,1.0,0.8707247,0.75632775,0.8250457,0.78651315,0.60576576,0.57963705,0.6066868,0.412065,0.2812518,0.1326712,-0.04367526,-0.12496119,-0.27676573,-0.28073427,-0.16809586,-0.002742681,0.12903765,0.19276665,0.07304817,0.00625088,-0.041637518,0.16367032,0.4553548,0.5536832,0.40248677,0.41224515,0.39450815,0.53317016,0.63061154,0.57779866,0.64760244,0.74376667,0.63537,0.5636947,0.58219945,0.49252266,0.36871192,0.37857074,0.37094864,0.14922018,0.028116265,-0.044152267,-0.08379153,-0.055970687,0.0086371275,-0.036862276,-0.033136107,0.014558034,-0.13574223,-0.23441042,-0.21309996,-0.110282525,-0.17779346,-0.22039893,-0.08534732,-0.012979945,-0.09451472,-0.0068052514,0.1984605,0.24706435,0.15826125,0.29299638,0.4326846,0.30157176,0.30149397,0.40407112,0.4716669,0.49042442,0.472923,0.33636945,0.19983132,0.11113662,0.061860207,0.1287251,0.13963376,-0.018374695,0.010144158,0.0689959,-0.042118248,-0.16432177,-0.1175973,-0.13807899,-0.3018156,-0.353428,-0.39128447,-0.42282814,-0.40260962,-0.3613266,-0.41086307,-0.41641375,-0.37666294,-0.28817213,-0.38466272,-0.3487236,-0.1734746,-0.17578425,-0.24371639,-0.13982633,-0.07626371,-0.14503647,-0.14928581,-0.27183953,-0.35110772,-0.4326882,-0.4864382,-0.4398826,-0.4149589,-0.40591618,-0.40205702,-0.35386315,-0.34530845,-0.40361112,-0.37530977,-0.34345034,-0.38350853,-0.35906267,-0.24704906,-0.25395998,-0.23108026,-0.094852924,-0.047939327,-0.1124704,-0.018851984,0.10159902,0.09463281,0.084688134,0.08794702,-0.00092687993,0.03738128
134,0.098281294,0.020347435,0.025787186,-0.03949922,-0.010609775,-0.059883233,-0.11522952,-0.06399292,-0.029733475,-0.13387522,-0.15746331,-0.09725291,-0.16994472,-0.258248,-0.27790686,-0.29507798,-0.31420276,-0.33473098,-0.38123286,-0.39227426,-0.39530328,-0.36995268,-0.3671268,-0.30794066,-0.2547032,-0.13508974,-0.009227453,0.16705452,0.26122224,0.38476297,0.41098133,0.24782781,0.22213331,0.36186665,0.33491087,0.33897772,0.33355507,0.21568891,0.2671989,0.21061863,0.14733228,0.2430408,0.26522887,0.27050513,0.2955665,0.18270004,0.18623877,-0.034355376,-0.15389702,-0.2267451,-0.24374539,-0.18374994,-0.2122201,-0.17151016,-0.10369759,-0.06356549,-0.16477606,-0.22898199,-0.14646569,-0.12083953,-0.22310589,-0.21726725,-0.10198852,-0.13427171,-0.1993019,-0.12812257,-0.060574163,-0.11569541,-0.09417653,0.04630231,0.108838595,0.17262101,0.15160176,0.12929153,0.104265936,0.060859323,0.04719986,-0.004973193,0.025632372,0.12305329,0.18959285,0.19841743,0.23154002,0.12720034,0.1325799,0.01847103,0.021437276,-0.09531184,-0.09191491,-0.13234043,-0.01473241,-0.007612462,-0.05634256,0.031840224,0.103312396,-0.034216948,0.24860196,0.31117654,0.24072856,0.1563587,0.21284439,-0.061010573,-0.031416688,0.12619768,0.08340376,0.1531771,0.08796857,0.18077749,0.1938137,0.13679032,0.08415292,0.14657775,0.06948351,-0.03284628,0.018786062,0.032946244,0.13010803,0.15378089,0.12632649,0.11978576,0.118551634,0.24028632,0.23843035,0.3313995,0.3769432,0.6005574,0.68911767,0.7511972,0.8707247,1.0,0.81150717,0.7311031,0.78121597,0.69839835,0.55166686,0.54392993,0.40591517,0.36477602,0.2659847,0.112160005,0.04466182,-0.10798951,-0.13860102,-0.043743115,0.102057144,0.19260783,0.23696989,0.116745844,0.053618256,-0.044225384,0.15173092,0.41061962,0.49170372,0.36979088,0.3527,0.33413014,0.44234106,0.5238797,0.47886252,0.55339277,0.62174326,0.5007752,0.46387416,0.48953846,0.3802533,0.26174927,0.2946193,0.25130618,0.050359525,-0.0006815606,-0.06760201,-0.10964977,-0.10542637,-0.059529327,-0.07936673,-0.094309874,-0.036393095,-0.1697659,-0.26251668,-0.24830483,-0.16350842,-0.21605967,-0.26588905,-0.15066302,-0.08582596,-0.15817258,-0.08275922,0.10912956,0.1521162,0.10226023,0.22426872,0.35677496,0.2582001,0.23812546,0.30441502,0.38475206,0.39783385,0.37905854,0.25194144,0.127833,0.038858,0.0026537054,0.079061225,0.08256281,-0.070580356,-0.017868303,0.05071992,-0.06412076,-0.16152787,-0.08269729,-0.09224706,-0.23878124,-0.27249128,-0.3159645,-0.34892264,-0.33811402,-0.30815053,-0.3551572,-0.37195122,-0.3497997,-0.2831418,-0.380357,-0.36039212,-0.20698151,-0.20813139,-0.28081343,-0.1847752,-0.11956362,-0.18903376,-0.18181962,-0.30063224,-0.3895195,-0.45795396,-0.47912756,-0.43070897,-0.3830162,-0.37283894,-0.3756863,-0.34251255,-0.3328442,-0.3839711,-0.37542728,-0.3354834,-0.35664126,-0.35622668,-0.25972956,-0.23298705,-0.21045737,-0.111757405,-0.049155563,-0.074176386,0.0115458,0.110937156,0.11299906,0.07163646,0.032512207,-0.06349027,-0.016634919
135,-0.008251345,-0.059118222,-0.03808029,-0.112001434,-0.09642026,-0.14691766,-0.21238391,-0.17209451,-0.10797492,-0.20648134,-0.24477695,-0.17562701,-0.19391236,-0.28262,-0.31031764,-0.28785336,-0.2738868,-0.29756993,-0.34119824,-0.33204252,-0.33896056,-0.33002952,-0.31518108,-0.25558546,-0.2028539,-0.1200289,-0.067996986,0.09977309,0.16713516,0.29500487,0.28628063,0.12581898,0.07610312,0.2542918,0.19981967,0.18251587,0.21465503,0.11672844,0.22724324,0.21693043,0.1710662,0.2220316,0.20187832,0.09491649,0.1731162,0.08076398,0.14556791,-0.04065955,-0.13839442,-0.15546745,-0.11823015,-0.09886725,-0.14347422,-0.14336848,-0.11604034,-0.109434806,-0.20318662,-0.238688,-0.22992845,-0.2505884,-0.2980571,-0.29957077,-0.22955577,-0.25322655,-0.29865894,-0.23771925,-0.17644927,-0.22237447,-0.19612998,-0.09057131,-0.037432745,0.018424042,0.006037241,-0.002721104,-0.028999142,-0.055514812,-0.052870933,-0.096991636,-0.08279155,0.0031483367,0.037687257,0.005906544,0.10600522,0.028318848,0.0048812507,-0.060711958,-0.020648066,-0.014329963,0.025298737,-0.0063376185,0.05563711,0.09292712,0.10768705,0.18634328,0.24879728,0.07328422,0.27029696,0.29556504,0.09279074,-0.02556549,0.004502198,-0.21988468,-0.1574062,-0.012330703,-0.039244674,0.0071343854,-0.06638744,0.022559859,0.035882387,-0.019038742,-0.04060158,-0.0028280509,-0.09452381,-0.13790116,-0.10000583,-0.09452512,-0.029001938,-0.02670699,-0.049190335,-0.0107226465,-0.036717247,0.07677293,0.15988405,0.2931722,0.36668473,0.5757545,0.7261074,0.81172514,0.75632775,0.81150717,1.0,0.8454345,0.7013302,0.7078339,0.67647976,0.57145876,0.3479725,0.3069039,0.19115226,0.07510986,-0.008849665,-0.13406298,-0.11616706,-0.0070042256,0.1446689,0.31876802,0.35577187,0.21012868,0.16252646,0.09043243,0.2756908,0.5435725,0.5726293,0.36960584,0.3581203,0.31624442,0.38761613,0.4735184,0.4262845,0.43657932,0.4800533,0.36904985,0.3130083,0.3159355,0.23052742,0.15807699,0.18808123,0.16361481,0.12652099,0.19381405,0.15637386,0.098403245,0.06701872,0.047926378,-0.017288286,-0.014661766,0.077635266,0.019614482,-0.07244683,-0.058201075,-9.577945e-05,-0.03186923,-0.09970168,-0.026978543,0.032280125,-0.029706758,-0.047789857,0.11130546,0.14680894,-0.007838343,0.066214,0.19907495,0.08199962,0.04224234,0.13781784,0.22671878,0.2455685,0.29229507,0.18369725,0.13041621,0.07888613,0.032208625,0.0401217,0.028985128,-0.07161266,-0.082716644,-0.077276275,-0.16715097,-0.22770512,-0.20684926,-0.2270387,-0.31578523,-0.32643956,-0.34360844,-0.35466564,-0.33577374,-0.31230587,-0.33660048,-0.3111042,-0.2744958,-0.2510396,-0.2650464,-0.1894011,-0.09837199,-0.10279988,-0.10519581,-0.027656712,-0.004787197,-0.030041631,-0.047246616,-0.12191765,-0.16115849,-0.23734829,-0.29845324,-0.26631254,-0.22026904,-0.2370267,-0.21494044,-0.1621301,-0.17625299,-0.22416699,-0.19515347,-0.18806428,-0.25374463,-0.25275987,-0.17871551,-0.19997805,-0.23089,-0.15010779,-0.10542198,-0.15671247,-0.121760726,-0.02582466,-0.019599965,0.08660006,0.07614254,-0.010711321,-5.920362e-06
136,0.02564092,-0.012148739,-0.007926066,-0.070771575,-0.06356648,-0.10757508,-0.16411673,-0.12638263,-0.0739098,-0.18419304,-0.23291753,-0.15459773,-0.20066385,-0.31754217,-0.3378334,-0.32029566,-0.33317375,-0.37494513,-0.39849928,-0.38910365,-0.43001956,-0.4267899,-0.42720625,-0.38306454,-0.32168624,-0.22735213,-0.15003479,0.058805782,0.15348198,0.29200968,0.32101628,0.15602122,0.123030804,0.2705477,0.24465501,0.21934073,0.22250037,0.112122305,0.18962449,0.17859879,0.14391467,0.18940473,0.20086567,0.10023453,0.21538211,0.0834339,0.13137245,-0.13313325,-0.22847158,-0.2954492,-0.25971898,-0.2381733,-0.24007331,-0.24366991,-0.19540884,-0.17161357,-0.2527127,-0.2945,-0.24040274,-0.25652206,-0.32262146,-0.3077167,-0.20650083,-0.23409136,-0.28656918,-0.20944169,-0.13580455,-0.18991075,-0.16073434,-0.050862867,0.015449862,0.066487744,0.059777677,0.054922532,0.027764209,0.0038846317,0.0050085494,-0.038324337,-0.030575374,0.03673702,0.07231631,0.025378225,0.15215053,0.038049467,0.015618575,-0.10868486,-0.077532254,-0.12212741,-0.06897621,-0.09531713,-0.013978038,0.043944456,0.07274431,0.11455373,0.13650529,-0.028052356,0.30379152,0.3393201,0.0031011642,-0.064076275,-0.054743472,-0.22211827,-0.12055742,0.024336062,0.022783881,0.103221856,0.049704235,0.09962105,0.08642835,0.0357907,0.021348238,0.050777204,-0.04959183,-0.090118475,-0.04583089,-0.059415836,0.018940138,0.01696904,-0.023774823,0.013402082,-0.011667289,0.117741205,0.24429008,0.35595632,0.3741874,0.5131146,0.5537443,0.77363664,0.8250457,0.7311031,0.8454345,1.0,0.844373,0.70014954,0.7526199,0.73651326,0.4771398,0.3321042,0.1594965,-0.0025570092,-0.102833,-0.24074718,-0.2197862,-0.089710854,0.105046116,0.3017587,0.33708802,0.19734518,0.15751828,0.12954381,0.26166782,0.5316986,0.5889727,0.4062313,0.42124236,0.3954884,0.502968,0.58749294,0.5182081,0.5341303,0.5827785,0.4821506,0.4074723,0.39621428,0.31184456,0.23363693,0.2440143,0.23968065,0.11770924,0.120128006,0.07364054,0.020418799,0.0205336,0.03246177,-0.029697323,-0.0031574352,0.051093023,-0.009736992,-0.1036758,-0.08840791,0.0010776195,-0.047369797,-0.1084479,0.01075298,0.078816794,-0.0064447313,0.038043704,0.22235787,0.25989735,0.100304164,0.21460494,0.34953314,0.19571029,0.18128674,0.30510202,0.36829633,0.4151547,0.45844302,0.32547715,0.23327589,0.16195078,0.11251107,0.14576651,0.14302923,0.017985316,0.006243712,0.019969791,-0.08331871,-0.18762217,-0.17732988,-0.20787133,-0.3323184,-0.37468755,-0.39492345,-0.42278582,-0.39907688,-0.35788795,-0.3865758,-0.38758457,-0.3359632,-0.2588377,-0.30724496,-0.24255252,-0.09875956,-0.10074373,-0.128049,-0.03298015,0.0069889603,-0.036710184,-0.061849955,-0.1574788,-0.19742523,-0.27847925,-0.3533894,-0.3171848,-0.27695927,-0.29478273,-0.28633448,-0.23410106,-0.25069442,-0.30135214,-0.26105446,-0.25735104,-0.3228645,-0.30388883,-0.22049236,-0.24926154,-0.25289887,-0.13377368,-0.1012791,-0.16613951,-0.091918826,0.012601292,0.0048623,0.05620263,0.046760313,-0.043130748,-0.029707026
137,0.15147707,0.11407284,0.117474355,0.07836475,0.11031002,0.07517901,0.014774607,0.059175074,0.09748251,-0.0077170124,-0.051533345,0.007812985,-0.0659676,-0.17394918,-0.21223846,-0.24225311,-0.2613576,-0.31606564,-0.3770758,-0.3708032,-0.39183334,-0.38323748,-0.39967054,-0.32944617,-0.26858452,-0.112879254,0.052428897,0.26635414,0.38677388,0.49516678,0.47187144,0.31837544,0.21420503,0.36728647,0.39231047,0.376916,0.29634935,0.11992125,0.1802314,0.19323437,0.17373407,0.2669276,0.3169597,0.33587885,0.38697785,0.28868973,0.28511858,-0.004351881,-0.15206072,-0.29744905,-0.32504895,-0.30545276,-0.31589434,-0.2912026,-0.2340128,-0.1982038,-0.26956108,-0.30701885,-0.20389464,-0.18225683,-0.2645792,-0.22561294,-0.101705916,-0.13456069,-0.17026663,-0.080670625,-0.019970816,-0.055971522,-0.0012847476,0.11379223,0.16560575,0.20422806,0.18825701,0.16970475,0.1546153,0.1355299,0.12969315,0.100573055,0.12275726,0.19538599,0.24581859,0.25325906,0.30508062,0.17082067,0.12076898,-0.033997633,-0.04786962,-0.18990697,-0.1350597,-0.2144464,-0.1278217,-0.058902543,-0.038151447,0.005915635,0.0028066377,-0.17813174,0.18593067,0.24966961,0.12127038,0.025287572,0.045448788,-0.13104518,-0.03281861,0.11031224,0.12297572,0.24346955,0.19517218,0.23516545,0.21370003,0.1558251,0.13082603,0.14233038,0.038360618,-0.008825336,0.028107926,-0.00977569,0.075759105,0.08646734,0.02885099,0.07189909,0.01310857,0.13782799,0.19510196,0.26351175,0.26256934,0.41903612,0.40263605,0.60779566,0.78651315,0.78121597,0.7013302,0.844373,1.0,0.83441085,0.7197144,0.7862116,0.66101557,0.5478578,0.38222042,0.19725005,0.11346454,-0.0686513,-0.10114077,-0.00094488147,0.19636892,0.32337964,0.33236054,0.19933994,0.15690978,0.117528774,0.21556862,0.4242382,0.49942967,0.39973214,0.4118559,0.42513818,0.5274241,0.5914019,0.5200223,0.5578875,0.5940532,0.49724552,0.4372434,0.42396107,0.31440404,0.21986002,0.23382059,0.19226806,-0.07002155,-0.06438098,-0.13889535,-0.19511189,-0.20101877,-0.16213034,-0.16424803,-0.16284618,-0.14121005,-0.18878949,-0.2725871,-0.27520546,-0.1719337,-0.2166354,-0.26758942,-0.12032171,-0.053909354,-0.13912185,-0.0046452503,0.19786902,0.25714213,0.22351173,0.3554639,0.49689642,0.37235612,0.3496798,0.4223216,0.49451447,0.53563535,0.52042836,0.35790944,0.20654328,0.096095845,0.06262421,0.16756554,0.17913161,0.008300411,0.071806975,0.15375146,0.021778498,-0.10604793,-0.015082796,-0.022415524,-0.19456032,-0.25529248,-0.3048876,-0.35606927,-0.33925062,-0.30718556,-0.35903966,-0.41706356,-0.36824676,-0.25767115,-0.40039557,-0.39210233,-0.19089468,-0.19798934,-0.29772374,-0.18939243,-0.110257015,-0.1946917,-0.19282392,-0.32090968,-0.4006046,-0.46019337,-0.48005798,-0.42243516,-0.3536529,-0.3599604,-0.40284666,-0.38129553,-0.38703582,-0.42566603,-0.4092082,-0.38402188,-0.3936834,-0.39125884,-0.29641828,-0.25701284,-0.20231481,-0.09230143,-0.04706239,-0.04717788,0.077884525,0.16130058,0.14959009,-0.014658012,-0.10903712,-0.20339291,-0.15094897
138,0.16105738,0.14025848,0.16705512,0.12532352,0.16990502,0.13273929,0.06691857,0.10025794,0.1471077,0.07625688,0.023410942,0.054947823,0.03441163,-0.038875204,-0.1125105,-0.1372326,-0.113397054,-0.17499828,-0.26332507,-0.23145622,-0.20786801,-0.2029876,-0.2111036,-0.105014205,-0.045898978,0.11889372,0.25208375,0.41817808,0.5097906,0.57854784,0.42103446,0.3289647,0.12051761,0.26497698,0.30099258,0.29081962,0.17278929,-0.0059706396,0.1014668,0.19067349,0.20896149,0.30140615,0.33166495,0.34353763,0.35662445,0.35260567,0.37948695,0.18692036,0.044358872,-0.12259375,-0.17179796,-0.19668388,-0.26073635,-0.25672197,-0.2463996,-0.24643406,-0.30737752,-0.30270374,-0.25766933,-0.25421453,-0.28407988,-0.23262982,-0.1533486,-0.18101962,-0.17697284,-0.08372319,-0.050594725,-0.064356364,0.024635162,0.09864885,0.12795763,0.15619,0.14417185,0.13244246,0.111718655,0.111700684,0.122667335,0.10744551,0.12923297,0.20770082,0.23188883,0.24737634,0.26143613,0.19064651,0.12696986,0.021549718,-0.0031208862,-0.10018721,-0.018548127,-0.13451692,-0.11130926,-0.01616172,0.0077132597,0.058767356,0.08568517,-0.101271175,0.06794257,0.10485518,0.12747358,-0.028062176,-0.0019269374,-0.18439217,-0.090418145,0.046901632,0.064962216,0.15513152,0.11529394,0.15424575,0.12656893,0.05969255,0.04317049,0.020197162,-0.073271446,-0.07891931,-0.07402115,-0.12570353,-0.06519457,-0.056657653,-0.110258706,-0.044652455,-0.10783995,-0.014122835,0.017645655,0.06515476,0.109849654,0.32267198,0.38800257,0.51196295,0.60576576,0.69839835,0.7078339,0.70014954,0.83441085,1.0,0.79727423,0.7131729,0.6597578,0.6594132,0.5363038,0.40494147,0.32442626,0.16496114,0.13591473,0.20996639,0.3558147,0.48925975,0.4507878,0.33399972,0.3084423,0.2672513,0.34472322,0.48067704,0.45984513,0.3448995,0.34514022,0.33576775,0.3717052,0.45736617,0.38391775,0.382538,0.41000697,0.35257256,0.29798236,0.26973864,0.18800707,0.14819987,0.15520775,0.07825756,-0.112732366,0.0060844948,-0.060811836,-0.14577748,-0.19607483,-0.2052933,-0.21823391,-0.2518507,-0.21834467,-0.15967417,-0.2192867,-0.2552987,-0.19816853,-0.17811841,-0.2431042,-0.18686561,-0.118674435,-0.13023376,-0.09961486,0.021458248,0.13829312,0.14873834,0.16175789,0.31570983,0.28411314,0.20172034,0.20255768,0.3123923,0.29771125,0.27426407,0.110887274,0.004086263,-0.06856903,-0.09620939,-0.021503739,-0.009843831,-0.12948783,-0.07591498,0.009596395,-0.06490278,-0.123325065,-0.020182272,0.014719556,-0.08618239,-0.10766782,-0.166842,-0.199477,-0.1842881,-0.19593368,-0.25018027,-0.28372458,-0.2655732,-0.24879433,-0.34384286,-0.32614696,-0.23280992,-0.24806978,-0.29742295,-0.22613192,-0.18191317,-0.23150845,-0.2354273,-0.309179,-0.33522093,-0.34750015,-0.30963746,-0.24355835,-0.16407569,-0.18534382,-0.2320925,-0.21712789,-0.20945153,-0.24063297,-0.23644544,-0.20139028,-0.19543648,-0.23022018,-0.14815725,-0.082500234,-0.059345808,0.0062293536,0.05954939,0.079310015,0.13874368,0.19339003,0.18700412,-0.06787832,-0.20305097,-0.24694668,-0.18861668
139,0.03283202,0.030744012,0.052267846,0.008595723,0.02985604,-0.006463307,-0.06743884,-0.047076773,0.019468341,-0.05626293,-0.122956514,-0.06831151,-0.072460845,-0.16542369,-0.22973448,-0.20031224,-0.17711098,-0.23324578,-0.28457084,-0.24799159,-0.25948521,-0.27332515,-0.27082157,-0.19451457,-0.11756821,-0.003059207,0.053415786,0.23052281,0.3013144,0.40270948,0.2710829,0.19374363,0.061992574,0.14543548,0.1553549,0.1452765,0.0780715,-0.034264382,0.057767678,0.14484479,0.16484967,0.21147397,0.21625702,0.13348702,0.20465064,0.15775007,0.22674188,0.031503964,-0.04495766,-0.1765053,-0.16559042,-0.21407011,-0.24199244,-0.2522668,-0.2523601,-0.26192892,-0.3083026,-0.30986574,-0.300269,-0.3309416,-0.34386125,-0.30716458,-0.2430332,-0.26167953,-0.26656553,-0.1742121,-0.13588536,-0.16514172,-0.09811775,-0.03740729,-0.0016371846,0.02670044,0.02535535,0.023042155,-0.000986165,0.0023365158,0.021433558,0.0020879642,0.0062140375,0.061136805,0.070504986,0.03805298,0.11708024,0.042707548,0.01750402,-0.08930371,-0.07277547,-0.10407672,0.010412701,-0.0697296,-0.06709635,0.041478332,0.10027215,0.11069578,0.14030066,0.0060489755,0.18050347,0.18100415,-0.028447792,-0.14653961,-0.12983613,-0.2442212,-0.15652518,-0.035181396,-0.021287175,0.049022935,0.015925469,0.04016667,0.0066339723,-0.04908364,-0.03776923,-0.05667919,-0.14226393,-0.12224257,-0.109790035,-0.14699994,-0.10923112,-0.11936558,-0.1586838,-0.10787269,-0.1300845,-0.033134956,0.06974665,0.16072415,0.18999153,0.34823415,0.3771107,0.5407026,0.57963705,0.55166686,0.67647976,0.7526199,0.7197144,0.79727423,1.0,0.8489424,0.6192029,0.50964355,0.33749095,0.2126118,0.109504476,-0.007217142,0.025739146,0.13183196,0.29909307,0.49442303,0.48205373,0.37099457,0.34282458,0.31251028,0.41331753,0.5582951,0.5022815,0.34668866,0.3597756,0.31247976,0.36065257,0.45067814,0.3631944,0.32809767,0.37537843,0.34052777,0.25312784,0.22189233,0.184085,0.17181039,0.15656184,0.12696867,0.055750765,0.12845992,0.090337254,0.028358148,-0.008237475,-0.026917124,-0.068208165,-0.07457567,-0.05707305,-0.009895622,-0.06406656,-0.09600369,-0.051416185,-0.030530004,-0.10010646,-0.06264597,0.0063624475,-0.009967708,-0.051739607,0.05126849,0.1552351,0.05958841,0.058188587,0.20609125,0.15122241,0.07681517,0.12845755,0.21556981,0.21751851,0.23761983,0.092245355,0.029050266,-0.0050687348,-0.046824045,-0.042024456,-0.03849559,-0.106694765,-0.12671623,-0.10088439,-0.14241311,-0.17975,-0.15980381,-0.13708176,-0.18200529,-0.1960868,-0.2271978,-0.24200338,-0.22559854,-0.22357342,-0.26099074,-0.25856102,-0.2376034,-0.25424543,-0.27170163,-0.20134261,-0.15841316,-0.17041938,-0.14971775,-0.09303784,-0.08807353,-0.09950574,-0.13384143,-0.17208056,-0.14487118,-0.15684715,-0.15563644,-0.10481942,-0.07126147,-0.11155159,-0.11508256,-0.0721538,-0.07397137,-0.114450596,-0.08677246,-0.071362704,-0.115552396,-0.13086614,-0.05562861,-0.054116283,-0.07749259,-0.0018634036,0.026998028,-0.015909491,-0.00036131253,0.06421948,0.05660033,-0.025628028,-0.068883754,-0.08290347,-0.061585397
140,0.019054819,0.019157909,0.033343,0.01638902,0.033917066,0.019857854,-0.030878464,-0.015556139,0.040331412,-0.042597722,-0.10825078,-0.048813175,-0.0793126,-0.18608318,-0.2410424,-0.23413768,-0.23597424,-0.29602614,-0.33331922,-0.30104056,-0.3335689,-0.3287512,-0.33199745,-0.27970824,-0.21214493,-0.099216014,0.013633089,0.2188195,0.31282723,0.40316516,0.3004877,0.18644127,0.12272943,0.24295978,0.23572505,0.21799575,0.1411512,0.0057361606,0.0747566,0.13638322,0.12643054,0.17708457,0.20156482,0.18599682,0.26086324,0.19202195,0.22465593,-0.03220438,-0.12180787,-0.24662045,-0.24253154,-0.29143357,-0.27448317,-0.27800494,-0.2511682,-0.2493693,-0.290838,-0.3071091,-0.24509446,-0.26031047,-0.31167734,-0.26980338,-0.1804817,-0.20958264,-0.2278651,-0.13940458,-0.09719342,-0.13231112,-0.07230858,-0.003567254,0.026193254,0.05066166,0.051663604,0.04504613,0.021048985,0.013938863,0.025927607,0.002988052,0.013413589,0.06257982,0.09470319,0.092904426,0.16977604,0.06817528,0.04581779,-0.07979064,-0.058232486,-0.15910651,-0.056126207,-0.13306041,-0.103702694,-0.0055879853,0.06646988,0.06231242,0.033354416,-0.10161067,0.20926227,0.22895218,0.02779337,-0.056498054,-0.061377063,-0.12828027,-0.069598876,0.025852961,0.037021678,0.14016546,0.09100458,0.102675766,0.06745679,0.012550929,0.024567675,0.025666002,-0.05074237,-0.05577635,-0.03485896,-0.066761486,-0.01883061,-0.022222634,-0.05387207,-0.0131151145,-0.04111796,0.0675848,0.17104593,0.26099744,0.26351732,0.34635282,0.27987972,0.4726939,0.6066868,0.54392993,0.57145876,0.73651326,0.7862116,0.7131729,0.8489424,1.0,0.7614006,0.54344475,0.33373943,0.16835232,0.058930904,-0.08637865,-0.08098757,0.0337723,0.24627739,0.40377164,0.41670987,0.30131543,0.24238947,0.2252173,0.29470137,0.43900132,0.43426564,0.34361485,0.36439046,0.35048774,0.43689197,0.48790738,0.40647146,0.41097018,0.45180893,0.3923559,0.32035512,0.29757655,0.23456015,0.18962686,0.18183528,0.16746749,0.039622255,0.053985227,0.013085838,-0.027349018,-0.036594715,-0.022356361,-0.040248957,-0.025814893,-0.023530215,-0.019074783,-0.08339685,-0.11321174,-0.03140889,-0.04449341,-0.10951395,-0.009442412,0.06538784,-0.0030658161,0.02867223,0.18396126,0.2566311,0.13275185,0.2051823,0.34026775,0.22795309,0.17522918,0.25219524,0.32103297,0.37539703,0.41095176,0.2648967,0.17672583,0.115957536,0.06742568,0.097243115,0.10344013,-0.005398372,-0.016808063,0.010353109,-0.08274536,-0.18777743,-0.14631118,-0.14178911,-0.24634649,-0.2887993,-0.31762633,-0.34516928,-0.33758548,-0.3214747,-0.35076132,-0.37416407,-0.3332155,-0.27184722,-0.32672915,-0.2615266,-0.13709158,-0.14551593,-0.16411139,-0.07170107,-0.041375097,-0.08854105,-0.12266224,-0.20931664,-0.22095296,-0.26077682,-0.28553277,-0.23371303,-0.18590419,-0.21129614,-0.22486277,-0.18553297,-0.2044153,-0.24525823,-0.19976439,-0.18740779,-0.2381786,-0.23939437,-0.15486391,-0.16693534,-0.16559611,-0.05789298,-0.023805356,-0.069927536,-0.0094978595,0.0697194,0.0590665,-0.016794857,-0.06705886,-0.11659111,-0.09302928
141,0.24395157,0.2612617,0.2893415,0.2885861,0.32637167,0.30872706,0.25165683,0.2664014,0.2933993,0.23191541,0.16732405,0.19422089,0.16007818,0.080823645,-0.01767695,-0.06205667,-0.05920778,-0.14186226,-0.2009636,-0.19213955,-0.17871852,-0.18584335,-0.211825,-0.1110637,-0.049151484,0.13040222,0.31485963,0.48546118,0.60731494,0.64204806,0.4033658,0.36130384,0.21451923,0.24306427,0.2955781,0.29490846,0.14648166,-0.00991165,0.045077525,0.17401393,0.21114945,0.29269922,0.35483614,0.4218196,0.43486363,0.452725,0.4150274,0.18952005,0.051123463,-0.19888856,-0.2870034,-0.34442642,-0.38292688,-0.37474358,-0.37543914,-0.36821252,-0.3849827,-0.36278558,-0.27576792,-0.24457562,-0.2611844,-0.17257228,-0.087008394,-0.10778863,-0.06766977,0.04509333,0.06012476,0.06113409,0.16470338,0.21605055,0.22446309,0.22283402,0.22224173,0.20879208,0.19113716,0.22069868,0.24376695,0.23877928,0.2579426,0.3072534,0.3154816,0.3398446,0.32983184,0.24981877,0.1470793,-0.004175871,-0.038909767,-0.21567704,-0.11185954,-0.24972977,-0.24661039,-0.10851004,-0.061478764,-0.056533802,-0.06391613,-0.18296905,0.022588085,0.05586446,0.07904948,-0.05522024,-0.04239922,-0.12829362,-0.026546936,0.089894295,0.15069352,0.26794502,0.2481299,0.2258968,0.16169754,0.10594355,0.09849654,0.050015688,-0.025826594,-0.011265156,-0.024911342,-0.10014308,-0.045554712,-0.037548535,-0.108812734,-0.050481576,-0.12070791,-0.03570003,0.00040573312,0.01657177,0.021145243,0.14461805,0.07266723,0.2539018,0.412065,0.40591517,0.3479725,0.4771398,0.66101557,0.6597578,0.6192029,0.7614006,1.0,0.8478346,0.6133543,0.4674297,0.393175,0.20896235,0.15283123,0.19799338,0.3454842,0.39797556,0.34777045,0.27601084,0.2532152,0.2656174,0.27269208,0.33243138,0.29793906,0.26743805,0.2909818,0.30985734,0.33641148,0.40642527,0.34053484,0.33842954,0.34793484,0.34403175,0.29895607,0.24423908,0.1851895,0.16404523,0.14858727,0.078083664,-0.16880035,-0.11687712,-0.18112892,-0.2470857,-0.27035925,-0.25254896,-0.23445772,-0.27122194,-0.31224993,-0.23806985,-0.27072984,-0.34055823,-0.28488246,-0.24281622,-0.29411772,-0.25553852,-0.1808275,-0.16370551,-0.117446706,-0.024110314,0.12994157,0.2101338,0.19188704,0.3463439,0.38414332,0.30043444,0.26718515,0.3510147,0.30145252,0.233806,0.063256174,-0.0601458,-0.13953109,-0.16999827,-0.0712882,-0.042118236,-0.15899584,-0.089125894,0.0296044,-0.027934663,-0.093242526,0.040959727,0.11074859,0.012983902,-0.024095647,-0.09619332,-0.13436015,-0.12861668,-0.15549543,-0.21698911,-0.2772257,-0.28095847,-0.26930672,-0.39463958,-0.39895767,-0.3193846,-0.3393419,-0.39219815,-0.3304572,-0.289972,-0.3408036,-0.34647822,-0.4072532,-0.40040588,-0.36872897,-0.28321445,-0.20068313,-0.13315931,-0.15193494,-0.2091676,-0.20955805,-0.19125088,-0.21855061,-0.21892138,-0.16225787,-0.13527817,-0.17846926,-0.08107387,0.013245158,0.062139787,0.12075385,0.17801565,0.20882119,0.2713605,0.30401844,0.29447776,-0.10754073,-0.26648107,-0.26898307,-0.20720175
142,0.3221863,0.33861437,0.38186586,0.38078904,0.4353639,0.411459,0.34579796,0.36974236,0.39370865,0.3525297,0.29131404,0.29649487,0.28377604,0.22930093,0.10380091,0.049941584,0.076103404,-0.016008444,-0.114961624,-0.1056349,-0.045116164,-0.058889333,-0.08902075,0.05610191,0.11917793,0.3352349,0.5320562,0.6794193,0.7789008,0.760536,0.4442561,0.44328296,0.2020728,0.21911559,0.2988876,0.3058629,0.13711992,-0.030909067,0.046179324,0.22425155,0.28744838,0.38272175,0.4397332,0.52962756,0.49551618,0.5786887,0.5359058,0.36144772,0.1932628,-0.0799986,-0.19745627,-0.26608443,-0.36091444,-0.34013358,-0.35845038,-0.36376706,-0.37858108,-0.33139908,-0.27657968,-0.24245597,-0.22619553,-0.12660453,-0.06813932,-0.08886771,-0.0128312465,0.09616362,0.08465197,0.111626685,0.24898733,0.285195,0.2747802,0.26201257,0.25257584,0.23612304,0.22922519,0.27502817,0.30392042,0.31457114,0.3373346,0.39647874,0.38791594,0.42908472,0.37019157,0.3153715,0.17793278,0.050366756,-0.0033191976,-0.17165923,-0.069898516,-0.2410096,-0.27245396,-0.11932801,-0.08587911,-0.057967514,-0.044663504,-0.16304839,-0.098169155,-0.07456559,0.114926636,-0.071737476,-0.041562624,-0.16880937,-0.056124378,0.06882916,0.13972276,0.24835002,0.23211999,0.21630065,0.15237157,0.09078462,0.064288646,-0.0020198175,-0.08723271,-0.06286512,-0.09217387,-0.17497088,-0.12092131,-0.104260154,-0.1848916,-0.09384366,-0.20158115,-0.14254846,-0.1530825,-0.16115956,-0.1207203,0.05483054,0.045268096,0.16686353,0.2812518,0.36477602,0.3069039,0.3321042,0.5478578,0.6594132,0.50964355,0.54344475,0.8478346,1.0,0.8431192,0.69589704,0.62789446,0.4338854,0.36424702,0.37113798,0.46385762,0.48096055,0.38364413,0.31712735,0.31591162,0.31915268,0.30359265,0.29261848,0.239184,0.21679965,0.22999857,0.25053585,0.22419602,0.2938202,0.25626054,0.24812676,0.23178661,0.2372531,0.2302017,0.1674805,0.10182931,0.10438166,0.10716336,-0.0036037965,-0.2546233,-0.12262361,-0.19443138,-0.28574052,-0.34286088,-0.34770283,-0.3235949,-0.39077225,-0.41997325,-0.30216584,-0.31629857,-0.402012,-0.38246226,-0.30249423,-0.35038802,-0.37380886,-0.30924731,-0.23791505,-0.23107974,-0.18633614,0.0064789993,0.1682832,0.084106945,0.24294834,0.36485186,0.24604107,0.15867081,0.26402986,0.16739339,0.07340016,-0.1059168,-0.22259346,-0.2970186,-0.31472784,-0.20592734,-0.17482671,-0.2737695,-0.18088898,-0.03404614,-0.05660696,-0.084080525,0.08507105,0.18848099,0.124600776,0.11335975,0.025300035,-0.007338202,-0.0092680575,-0.07201257,-0.14900859,-0.20174113,-0.23883222,-0.2802395,-0.40256804,-0.427417,-0.4030429,-0.42168957,-0.4675574,-0.4304083,-0.39267385,-0.4302561,-0.4245772,-0.463672,-0.4441463,-0.38434353,-0.24459203,-0.16257551,-0.090070456,-0.09577692,-0.14970635,-0.16379966,-0.12071377,-0.1400175,-0.16964634,-0.097108945,-0.034719665,-0.103076935,-0.019476265,0.121537134,0.16613206,0.18331522,0.25498694,0.3265452,0.35942292,0.36742064,0.36660847,-0.12661242,-0.33774135,-0.32632416,-0.24844787
143,0.3097708,0.335175,0.3881595,0.39248118,0.4519271,0.43642908,0.38670415,0.4042806,0.42031816,0.4044665,0.34489205,0.3324843,0.34837168,0.3090804,0.1559135,0.11145433,0.15579844,0.05407059,-0.06277125,-0.035058033,0.064903475,0.056687836,0.019745916,0.17361397,0.2583198,0.4799528,0.6560721,0.7671085,0.81861913,0.6808838,0.37699208,0.39797053,0.17934543,0.17042936,0.23954542,0.24731629,0.10671279,-0.030167492,0.033861224,0.20125356,0.27228177,0.36565763,0.41238123,0.53145885,0.46721014,0.5808405,0.5324243,0.42079973,0.2659712,0.025857985,-0.1094702,-0.19142057,-0.32866088,-0.3190571,-0.3560451,-0.37030974,-0.3815805,-0.3241647,-0.28984603,-0.24905658,-0.21457252,-0.1062463,-0.06970931,-0.089488305,0.021966273,0.11218036,0.07971963,0.12471768,0.26090246,0.28252324,0.25972143,0.24375933,0.23008887,0.21139763,0.21062382,0.25816378,0.28871572,0.30831903,0.3301801,0.38796073,0.3780769,0.43534708,0.31578144,0.27937368,0.16454655,0.08135434,0.023204785,-0.13007647,-0.028759882,-0.20214593,-0.24747156,-0.11380561,-0.11096921,-0.071856506,-0.046287984,-0.12946437,-0.14840552,-0.13932753,0.1420826,-0.05804791,-0.02095977,-0.17372559,-0.10495573,-0.0029429656,0.062918946,0.16850787,0.16458136,0.15557958,0.1027639,0.052191827,0.013188305,-0.056455098,-0.13257979,-0.10731615,-0.14353907,-0.22094649,-0.17118672,-0.15168405,-0.22516978,-0.13455428,-0.22607797,-0.20080043,-0.2460442,-0.2576058,-0.19484982,-0.02377604,0.0038409017,0.04698778,0.1326712,0.2659847,0.19115226,0.1594965,0.38222042,0.5363038,0.33749095,0.33373943,0.6133543,0.8431192,1.0,0.8470208,0.76252854,0.59110206,0.52112186,0.51310533,0.52579004,0.43920174,0.34523317,0.32334435,0.33280903,0.27195853,0.2660755,0.20322758,0.1275297,0.15169026,0.15725274,0.15934019,0.11672336,0.17101946,0.15644376,0.177052,0.1398839,0.13534616,0.17802945,0.13481034,0.064926475,0.07919389,0.10247251,-0.0042430405,-0.2275276,-0.10605572,-0.17613724,-0.25735423,-0.3162815,-0.31547686,-0.28300783,-0.36413556,-0.37923002,-0.29765177,-0.2989811,-0.37961623,-0.38405654,-0.29700488,-0.3411821,-0.39928126,-0.34530398,-0.25917774,-0.2858868,-0.26867688,-0.08541283,0.09274717,-0.012969147,0.11798111,0.27777326,0.16592064,0.053710233,0.15458246,0.047595732,-0.041321322,-0.19957995,-0.29523724,-0.3482082,-0.35620192,-0.25998503,-0.2357574,-0.3141707,-0.21711221,-0.0775761,-0.07847099,-0.085233495,0.07880044,0.18428254,0.14898135,0.1597963,0.07393819,0.05432223,0.041866157,-0.037760623,-0.11176323,-0.14337586,-0.20314616,-0.26950788,-0.36797565,-0.39679876,-0.40603334,-0.42092013,-0.4523798,-0.43121243,-0.40096328,-0.42602214,-0.41724423,-0.44259915,-0.42263922,-0.36162007,-0.2095615,-0.14093857,-0.07718924,-0.06273228,-0.09433976,-0.11516505,-0.058193114,-0.07438664,-0.12180361,-0.043309662,0.024473332,-0.05410861,0.01869241,0.16330254,0.18998858,0.18133073,0.26583827,0.3375481,0.34283325,0.34557274,0.36979058,-0.0689716,-0.2618224,-0.25666875,-0.1854016
144,0.2760866,0.32269338,0.39049938,0.4028863,0.4529677,0.4486977,0.4064405,0.39946058,0.4139347,0.4386816,0.374078,0.3310857,0.39907935,0.39017138,0.21959876,0.19313541,0.26802522,0.16143994,0.051210076,0.10641332,0.23036984,0.23243508,0.20744161,0.37605998,0.47543016,0.6879901,0.79654956,0.82480687,0.74989897,0.53198373,0.1908588,0.2728499,0.03510979,-0.0092410715,0.07425501,0.08529248,-0.062395126,-0.16165896,-0.09514941,0.11045644,0.22607984,0.29192415,0.32670712,0.4481913,0.3803045,0.55325115,0.55966157,0.5463841,0.44061518,0.21710119,0.049266126,-0.06275686,-0.2235813,-0.25316438,-0.33250937,-0.37329558,-0.36880735,-0.2845112,-0.2822852,-0.27112845,-0.20503233,-0.09298975,-0.10921984,-0.124288864,0.012297443,0.0843639,0.0256347,0.096519835,0.24112166,0.22071476,0.18227285,0.15812328,0.16575834,0.14985754,0.14215766,0.20434034,0.24914664,0.28288782,0.29278442,0.3350627,0.30074474,0.36035898,0.22160533,0.24696474,0.16539817,0.1524016,0.10935544,0.0061597014,0.104751594,-0.075024016,-0.15660273,-0.02766462,-0.043819577,-0.026427198,0.008541823,-0.07197444,-0.23205717,-0.24134332,0.120261304,-0.059350595,-0.024060763,-0.13757336,-0.104736455,-0.04510053,0.00951539,0.060888592,0.080921456,0.05294128,-0.012014024,-0.059620023,-0.09133129,-0.18678857,-0.21902141,-0.15821663,-0.22433312,-0.2902473,-0.27742678,-0.25580692,-0.3091419,-0.2299682,-0.2828616,-0.2868406,-0.3456659,-0.37823159,-0.28786796,-0.15380864,-0.07998518,-0.094360195,-0.04367526,0.112160005,0.07510986,-0.0025570092,0.19725005,0.40494147,0.2126118,0.16835232,0.4674297,0.69589704,0.8470208,1.0,0.893092,0.7751819,0.7330603,0.6943326,0.63262534,0.48826098,0.3654454,0.3866803,0.39741448,0.3285357,0.28389147,0.14192191,0.02244575,0.082510866,0.07829819,0.047428414,-0.02945478,0.028643077,0.0059164036,0.0065242946,-0.036120392,-0.0039466536,0.045420233,0.004479146,-0.031462435,0.016562065,0.035628825,-0.07187881,-0.22815469,-0.07662967,-0.121836774,-0.19714357,-0.2571549,-0.275348,-0.2548138,-0.33709967,-0.3456055,-0.2076008,-0.18628512,-0.2627552,-0.3002915,-0.18622144,-0.22847654,-0.34092793,-0.29237428,-0.17331524,-0.27454576,-0.31566986,-0.13617635,0.011128635,-0.15908241,-0.04341679,0.13949686,0.0086602075,-0.1210877,-0.020722823,-0.1296788,-0.1860619,-0.31404832,-0.35386944,-0.36786833,-0.37290508,-0.32391316,-0.30917406,-0.3324963,-0.27217472,-0.173299,-0.13943872,-0.08891235,0.039857693,0.15385525,0.18909024,0.2245178,0.15691209,0.1592066,0.14196785,0.0418156,-0.015119717,-0.014845311,-0.09111714,-0.20440678,-0.23657049,-0.25468382,-0.34369278,-0.3579206,-0.339776,-0.34962854,-0.3563881,-0.34720597,-0.35317606,-0.33109817,-0.2755644,-0.19517343,-0.037087414,0.017928291,0.0708744,0.07695318,0.054688454,0.040886186,0.091930196,0.08185661,0.038151816,0.1094092,0.17410432,0.088682,0.13220315,0.2517507,0.24428487,0.20780155,0.2778635,0.34569204,0.29675025,0.28036028,0.31492853,-0.10497183,-0.2790528,-0.25206774,-0.19761574
145,0.3139401,0.36721778,0.43218565,0.45523992,0.513757,0.5214192,0.47903958,0.47904024,0.4943924,0.52939266,0.48302972,0.43262064,0.4986327,0.50056946,0.35119185,0.30210924,0.36441806,0.26863545,0.15753125,0.187994,0.28430164,0.26313373,0.23408176,0.40552855,0.4910163,0.70280325,0.8275617,0.78582406,0.7391925,0.5095887,0.1944083,0.29261398,0.041225683,-0.017831204,0.08847602,0.10208988,-0.053190812,-0.16514798,-0.10006875,0.10733036,0.22699884,0.31475154,0.3572114,0.48452237,0.40203983,0.57114464,0.548699,0.5647589,0.43278837,0.21451904,0.04503276,-0.058958523,-0.20774674,-0.21202451,-0.29644272,-0.32834044,-0.29721287,-0.19475788,-0.20456263,-0.18245909,-0.0796394,0.035821505,-0.0055233543,-0.00995215,0.1354491,0.18843597,0.11673571,0.19556928,0.32974967,0.2973893,0.24596584,0.20891005,0.20440954,0.17696206,0.1835088,0.2555431,0.29538226,0.3425012,0.35601574,0.38891333,0.35078824,0.41464424,0.26556757,0.28947344,0.17033266,0.16188896,0.09235524,-0.024309235,0.04866808,-0.12161007,-0.21497646,-0.10301422,-0.11189907,-0.08241148,-0.06291417,-0.1291863,-0.30986246,-0.302753,0.09152533,-0.094000645,-0.044322185,-0.12369456,-0.05046387,-0.00038406253,0.06833053,0.112742305,0.12918504,0.08796736,0.033897284,0.0023219674,-0.027912222,-0.14216837,-0.15907018,-0.085534215,-0.16543218,-0.24293695,-0.24701609,-0.22649916,-0.27981743,-0.1906497,-0.27736402,-0.30762747,-0.38724154,-0.43028003,-0.36783636,-0.21790932,-0.14195012,-0.16784203,-0.12496119,0.04466182,-0.008849665,-0.102833,0.11346454,0.32442626,0.109504476,0.058930904,0.393175,0.62789446,0.76252854,0.893092,1.0,0.8562219,0.7249615,0.5956822,0.51144874,0.371684,0.24745171,0.27407277,0.2938014,0.2629283,0.20144843,0.056417447,-0.054573443,0.009032552,0.0072528087,-0.008334274,-0.09913995,-0.0400201,-0.050832383,-0.04799993,-0.104971215,-0.06573902,-0.006948509,-0.055354334,-0.093145944,-0.033499263,-0.012519307,-0.1331238,-0.2909762,-0.09563542,-0.14786442,-0.23305191,-0.31472737,-0.34703878,-0.31321597,-0.4015276,-0.41543874,-0.27497253,-0.23912632,-0.32084107,-0.36645144,-0.24734117,-0.27892512,-0.3988761,-0.36595225,-0.23141247,-0.30320853,-0.3698347,-0.1963472,0.022734556,-0.1505052,-0.054079622,0.15843238,0.038905356,-0.11787075,-0.028087167,-0.15230869,-0.23554343,-0.3522443,-0.40037844,-0.42049855,-0.40915582,-0.3395641,-0.32387522,-0.34148785,-0.25009698,-0.13186623,-0.09054872,-0.023708904,0.12501016,0.24643087,0.2803372,0.31536677,0.24000973,0.22940992,0.21161251,0.11144516,0.045313504,0.017066212,-0.054726757,-0.16466115,-0.23138866,-0.27866408,-0.3616662,-0.3786076,-0.38388008,-0.40454182,-0.40573382,-0.40126315,-0.38919282,-0.35984948,-0.30625406,-0.21255146,-0.03740571,0.015994523,0.07336572,0.07977006,0.050257042,0.024826664,0.08315854,0.0832259,0.022065623,0.09892428,0.1908756,0.093453705,0.11876952,0.27701142,0.2918868,0.230445,0.29971385,0.4004966,0.36361793,0.3222013,0.35331044,-0.115191944,-0.31401598,-0.28606197,-0.23162338
146,0.18704954,0.24768798,0.3108233,0.3421645,0.3764493,0.39536658,0.36190873,0.3419619,0.366464,0.42452553,0.38403285,0.32995796,0.44145194,0.44434512,0.30566886,0.29533625,0.37438425,0.27734783,0.22531697,0.30344746,0.41092572,0.4394653,0.4399128,0.5592188,0.6670706,0.8280366,0.7969604,0.68171626,0.55870944,0.3017446,0.022585701,0.1408161,-0.08372541,-0.13559684,-0.033090945,-0.035476968,-0.17753862,-0.24883448,-0.21522172,-0.050721228,0.05701813,0.11011744,0.14011323,0.27701166,0.18213663,0.39273772,0.4380839,0.573995,0.5555804,0.3898505,0.20958957,0.077795565,-0.0681911,-0.12001531,-0.21463522,-0.26855797,-0.2394407,-0.14039774,-0.16885376,-0.18791288,-0.08432726,0.014882001,-0.066341616,-0.06686007,0.07016439,0.09531358,0.012169751,0.1027561,0.21429889,0.14715357,0.096163526,0.06443573,0.08176673,0.06675157,0.057511646,0.12200204,0.1686575,0.21453078,0.21323653,0.2220246,0.17092483,0.23213533,0.080653995,0.16443038,0.13266209,0.20216887,0.19164914,0.12706509,0.19313775,0.028879642,-0.07125564,0.037472084,-0.005132326,-0.010228769,0.01962034,-0.031020004,-0.36325732,-0.38085786,0.071390726,-0.027752621,-0.017788759,-0.055927888,-0.055212103,-0.051634073,-0.025054375,-0.028192868,0.023393253,-0.015087006,-0.07402504,-0.108481556,-0.12529112,-0.2285685,-0.21986327,-0.13734052,-0.22296065,-0.27270457,-0.29709285,-0.27149162,-0.2967866,-0.22210202,-0.26793355,-0.30965096,-0.39782226,-0.46663833,-0.36308634,-0.3097574,-0.21931066,-0.2992718,-0.27676573,-0.10798951,-0.13406298,-0.24074718,-0.0686513,0.16496114,-0.007217142,-0.08637865,0.20896235,0.4338854,0.59110206,0.7751819,0.8562219,1.0,0.86970466,0.6777154,0.5208506,0.34126776,0.21971118,0.30243504,0.32436836,0.2782017,0.17719994,-0.030207817,-0.16773501,-0.054349154,-0.061599657,-0.08982825,-0.21121792,-0.1790886,-0.18161733,-0.19706911,-0.25333628,-0.17843997,-0.1219916,-0.1582317,-0.15823013,-0.08689114,-0.07927315,-0.16904664,-0.23967159,-0.077344306,-0.085975505,-0.14475976,-0.19345808,-0.22910632,-0.21897674,-0.28464144,-0.29175752,-0.10655887,-0.052752476,-0.11655154,-0.18884872,-0.06336078,-0.089967415,-0.24202019,-0.21815862,-0.080748975,-0.21702863,-0.33094564,-0.18438673,-0.04391788,-0.25750518,-0.20267175,0.0023452449,-0.118832745,-0.27533478,-0.20602268,-0.30330023,-0.33554795,-0.4012442,-0.37396255,-0.3448962,-0.33641967,-0.33308426,-0.3224385,-0.28078523,-0.2531706,-0.19802995,-0.12331455,-0.041559875,0.049139205,0.15424274,0.25217298,0.29936096,0.25711027,0.27247074,0.24858049,0.14351027,0.11767638,0.12798992,0.042485394,-0.08011388,-0.05405104,-0.0764335,-0.22435805,-0.23128584,-0.17973176,-0.22682679,-0.2637866,-0.22672752,-0.23225404,-0.1654939,-0.0858214,0.0066976645,0.1526765,0.17190897,0.20549107,0.20412727,0.20504968,0.19024879,0.23127809,0.24112673,0.19575332,0.24189213,0.3082871,0.22939688,0.23100941,0.32686555,0.3051251,0.2360426,0.2773474,0.34910515,0.265678,0.21477531,0.24150628,-0.16491249,-0.2947676,-0.24744886,-0.22225206
147,0.066111006,0.1288082,0.20626411,0.23180069,0.24838924,0.26420647,0.24471593,0.20219803,0.2173982,0.29696757,0.24319786,0.18585998,0.31210506,0.33972833,0.2002539,0.23060262,0.3406033,0.25687242,0.21986066,0.31785756,0.4485983,0.4837838,0.4976172,0.60280055,0.73883665,0.86262476,0.7414923,0.6195231,0.4556905,0.20057592,-0.0914822,0.021835286,-0.16178736,-0.18540141,-0.115904346,-0.120291434,-0.23596284,-0.28049156,-0.23565456,-0.08313528,0.010287586,0.021792756,0.02333623,0.14002518,0.045545887,0.27577496,0.3637641,0.5373349,0.58333266,0.45138252,0.29187384,0.13222636,-0.013403079,-0.09120325,-0.19406895,-0.27441716,-0.25546592,-0.16950856,-0.21686946,-0.2530143,-0.16020301,-0.07533964,-0.16274664,-0.17813312,-0.05119428,-0.01964369,-0.112195395,-0.03099594,0.0791161,-0.001304939,-0.053772394,-0.07871401,-0.048479103,-0.049591184,-0.06842773,-0.013958188,0.041009467,0.08066254,0.067594886,0.07485777,0.020814382,0.080286056,-0.06378331,0.048159923,0.077560276,0.1781175,0.20387812,0.18834408,0.29227665,0.14266895,0.024192732,0.12783596,0.073007636,0.036849674,0.08064018,0.05788148,-0.29968104,-0.3419299,0.058560256,-0.026088567,-0.019739462,-0.048080288,-0.120707795,-0.14355698,-0.13929985,-0.1605817,-0.107402444,-0.12660465,-0.18350339,-0.2247583,-0.22687946,-0.319362,-0.30635595,-0.2168157,-0.29649717,-0.326464,-0.3529391,-0.33394432,-0.3415501,-0.28216547,-0.28397268,-0.319759,-0.38378543,-0.44697937,-0.3204373,-0.29484457,-0.19085734,-0.27826515,-0.28073427,-0.13860102,-0.11616706,-0.2197862,-0.10114077,0.13591473,0.025739146,-0.08098757,0.15283123,0.36424702,0.52112186,0.7330603,0.7249615,0.86970466,1.0,0.84904206,0.6490644,0.42836183,0.31277508,0.4198666,0.4265789,0.33601865,0.24530752,0.010309869,-0.15085402,-0.062173735,-0.07236133,-0.13158412,-0.23809834,-0.20364437,-0.21992886,-0.24308866,-0.2694068,-0.19212057,-0.15212378,-0.16947219,-0.13512908,-0.058466315,-0.065919645,-0.1236221,-0.12772936,-0.008063156,2.1058824e-05,-0.040352847,-0.07299539,-0.10459406,-0.11343562,-0.16881746,-0.16864377,0.02459451,0.073330075,0.015972614,-0.06387697,0.06437821,0.033039197,-0.1341557,-0.10815605,0.018890284,-0.17416479,-0.2956977,-0.15866207,-0.10872601,-0.33616388,-0.29183257,-0.118574336,-0.24241956,-0.3674331,-0.301222,-0.37598333,-0.35813576,-0.40604132,-0.34438792,-0.28944725,-0.29330748,-0.33395892,-0.3342746,-0.2641618,-0.2808255,-0.27052724,-0.18226038,-0.08311284,-0.043292563,0.05103663,0.18148975,0.23930314,0.22269458,0.26423812,0.24657075,0.14513503,0.14168346,0.1939865,0.104433596,-0.044073246,0.041643173,0.047148913,-0.14308581,-0.14964299,-0.055467688,-0.11337612,-0.17555545,-0.11942312,-0.13954498,-0.0512344,0.048866976,0.14072601,0.26409543,0.27127826,0.28181174,0.2877749,0.29595917,0.2861132,0.31438798,0.3168838,0.29223415,0.31902108,0.35466328,0.29125088,0.29285428,0.33002302,0.26778582,0.20673354,0.23508862,0.26636782,0.13913469,0.09254283,0.1251547,-0.15603392,-0.22414777,-0.15241084,-0.14184493
148,-0.014806595,0.03484292,0.11037033,0.13066626,0.1402612,0.15137365,0.13419843,0.0903028,0.110818766,0.17765069,0.10212117,0.07384818,0.20126751,0.19922403,0.045803133,0.11216167,0.23089553,0.13851,0.105581,0.21766746,0.3544493,0.39851803,0.4180283,0.5032317,0.63761073,0.731492,0.6194515,0.58419913,0.4139346,0.19669348,-0.094595805,-0.00684856,-0.16281718,-0.17410684,-0.13620278,-0.14362408,-0.2309384,-0.26170835,-0.21492773,-0.07102287,0.012982418,0.009055376,-0.007314712,0.09161523,0.021784548,0.2151174,0.3105596,0.42322442,0.48754135,0.38687935,0.2674039,0.106926225,-0.02432673,-0.10876962,-0.18320592,-0.27448255,-0.2852532,-0.22307685,-0.26639497,-0.31435534,-0.25971016,-0.19304292,-0.2577233,-0.28462833,-0.17443216,-0.12737021,-0.20568678,-0.13952099,-0.031360682,-0.10197578,-0.13569734,-0.14421111,-0.10806208,-0.11227561,-0.13169776,-0.091777965,-0.041242547,-0.0140558425,-0.027663093,-0.011206571,-0.050214738,0.0067076795,-0.12352961,-0.030910045,0.029834153,0.11447102,0.16209905,0.17256138,0.30191964,0.16404295,0.054239422,0.15996087,0.11815877,0.07963756,0.122953065,0.10769192,-0.18779877,-0.24664146,0.07309929,-0.011783128,-0.018104205,-0.072261065,-0.19622642,-0.20604853,-0.22389731,-0.2292935,-0.18331468,-0.18269797,-0.23226216,-0.28327838,-0.27719077,-0.3450875,-0.3426028,-0.2740229,-0.331385,-0.3453125,-0.35423732,-0.34109834,-0.3482953,-0.3111646,-0.28083542,-0.29054573,-0.3182281,-0.34554628,-0.21822304,-0.19159229,-0.09689058,-0.16936575,-0.16809586,-0.043743115,-0.0070042256,-0.089710854,-0.00094488147,0.20996639,0.13183196,0.0337723,0.19799338,0.37113798,0.51310533,0.6943326,0.5956822,0.6777154,0.84904206,1.0,0.8332497,0.58262616,0.4437278,0.53877455,0.52604073,0.36994016,0.31771132,0.108127035,-0.051851988,0.004769954,0.008059029,-0.07673162,-0.15547547,-0.11944613,-0.15210097,-0.16774069,-0.17192054,-0.111192815,-0.08682015,-0.09292365,-0.056034934,0.011762738,-0.0026919022,-0.039977163,-0.014766987,0.055953853,0.063921645,0.036265653,0.012791298,-0.004826568,-0.018567266,-0.07004969,-0.06553154,0.09184324,0.11949277,0.074385375,0.010304083,0.11743633,0.0795068,-0.06579528,-0.025519611,0.07306978,-0.1308225,-0.22237244,-0.09745714,-0.119420774,-0.32371813,-0.27283654,-0.140644,-0.26372176,-0.35033512,-0.2817071,-0.33362368,-0.2859336,-0.33754086,-0.27046946,-0.21615657,-0.23180714,-0.28986594,-0.29592037,-0.23555401,-0.28050768,-0.29184067,-0.22086921,-0.14091352,-0.1294025,-0.04647862,0.07345855,0.12520944,0.1130272,0.1696563,0.16564542,0.072288506,0.08111654,0.16476654,0.082613826,-0.06951478,0.04122565,0.07855296,-0.103870474,-0.11111529,-0.002079982,-0.04662898,-0.11067031,-0.05362644,-0.08529977,-0.01253633,0.08103978,0.15341128,0.24708189,0.25238696,0.24722059,0.26077324,0.28113315,0.28585267,0.30267057,0.29036725,0.28993285,0.30869952,0.3080476,0.26373363,0.27836174,0.27556783,0.19510786,0.15461127,0.18073991,0.17652081,0.04557156,0.03425088,0.07047491,-0.10372178,-0.13398997,-0.07091943,-0.069911495
149,-0.012705536,0.03017751,0.10137725,0.12368772,0.1378744,0.1488872,0.112678975,0.07472145,0.111907504,0.14364702,0.054174248,0.04295355,0.15143408,0.10897636,-0.04389599,0.017075807,0.121730275,0.028050158,-0.020469045,0.06847432,0.19114627,0.2228679,0.23406759,0.31808302,0.43787858,0.54558134,0.50632155,0.5670286,0.44831097,0.3035993,0.012977994,0.05674286,-0.11374963,-0.09098029,-0.063363545,-0.06349966,-0.14880644,-0.20686741,-0.13781056,0.024175813,0.09219582,0.09598894,0.06964166,0.1624638,0.12861025,0.25861123,0.33028033,0.32672384,0.3324874,0.23717852,0.14960836,-0.021285646,-0.13457838,-0.18442391,-0.22731516,-0.3100483,-0.33111444,-0.28637776,-0.31637067,-0.35308945,-0.31695485,-0.25729915,-0.28993747,-0.31048107,-0.22014473,-0.15587187,-0.20224817,-0.15102291,-0.04249642,-0.089153506,-0.11525002,-0.12250749,-0.10134249,-0.10923685,-0.121209994,-0.080613464,-0.032266196,-0.010694087,-0.017385513,0.009774234,-0.014003776,0.049994268,-0.05146651,-0.026702428,-0.0050905463,0.029216819,0.078866765,0.06412574,0.22338943,0.07508389,-0.01799072,0.10113954,0.15097278,0.121483505,0.11661612,0.072073065,-0.09962352,-0.16216925,0.077338785,-0.046266902,-0.060217172,-0.10925253,-0.21887502,-0.20479356,-0.20989193,-0.17392063,-0.16767062,-0.17244099,-0.21357542,-0.2607513,-0.24249616,-0.30311605,-0.29771543,-0.22788283,-0.27794972,-0.29514533,-0.30949444,-0.30213058,-0.31111535,-0.27197775,-0.2653154,-0.24860641,-0.23678623,-0.22674297,-0.11103486,-0.056296546,-0.005317474,-0.03487619,-0.002742681,0.102057144,0.1446689,0.105046116,0.19636892,0.3558147,0.29909307,0.24627739,0.3454842,0.46385762,0.52579004,0.63262534,0.51144874,0.5208506,0.6490644,0.8332497,1.0,0.7710035,0.620826,0.63108003,0.5518471,0.3927676,0.36375663,0.21138912,0.07534444,0.093580484,0.122288935,0.0367212,-0.010751293,0.040275313,0.010537705,-0.032271717,-0.047007345,-0.0038755543,0.008573437,-0.030502435,-0.025840947,0.040189642,0.032809824,-0.023707377,0.017373057,0.11511638,0.10832476,0.07691359,0.03052442,0.0077937134,0.00490704,-0.040871218,-0.0419401,0.08343833,0.09048946,0.032938026,-0.0002261102,0.08528016,0.030321214,-0.06716604,-0.010339904,0.05421392,-0.11712497,-0.14879905,-0.024338504,-0.08487962,-0.23755099,-0.15507908,-0.07084746,-0.19644646,-0.24916,-0.1741603,-0.2064625,-0.1572577,-0.22732191,-0.18214664,-0.15740718,-0.18677124,-0.23163919,-0.23504923,-0.21571349,-0.259956,-0.2615691,-0.23047578,-0.1948511,-0.1700098,-0.09429811,-0.021299232,0.012106893,-0.012793784,0.031374045,0.032057755,-0.0535746,-0.05885165,0.011960924,-0.04472004,-0.17089836,-0.08677295,-0.020545473,-0.14359449,-0.15598087,-0.059196215,-0.06836236,-0.11005748,-0.071535155,-0.11425981,-0.08437702,-0.0064354297,0.037583984,0.11131185,0.13796723,0.14946634,0.14124921,0.16282582,0.18169285,0.19104859,0.17206022,0.1893457,0.20977515,0.19187543,0.14923437,0.18444052,0.17918317,0.10800396,0.10328377,0.14052851,0.1214141,0.02272017,0.04140504,0.08249918,-0.023521718,-0.07914296,-0.045961723,-0.051608436
150,-0.025803763,0.015848823,0.064731196,0.06312562,0.07388882,0.077657446,0.024089593,0.005874296,0.06696833,0.07462557,-0.0020710914,0.00030316098,0.08149386,0.042269498,-0.07352785,-0.023404984,0.06696346,-0.007132764,-0.06735733,0.0040830187,0.07012542,0.09395747,0.109497145,0.18048333,0.28002247,0.3804882,0.34794492,0.45143917,0.35727876,0.2894601,0.05308965,0.040142223,-0.16278222,-0.051919535,-0.01850824,-0.036602862,-0.13408846,-0.23523536,-0.11598972,0.042566217,0.10633378,0.10916413,0.091488555,0.100737356,0.13415885,0.2204005,0.30515417,0.25887588,0.23444466,0.14394295,0.1049978,-0.033081226,-0.11459166,-0.16692603,-0.21298318,-0.2865629,-0.30531812,-0.25501314,-0.30716178,-0.3722043,-0.32199407,-0.2695731,-0.29770112,-0.31745702,-0.24520007,-0.18545978,-0.20995371,-0.17564294,-0.074833035,-0.11195282,-0.12337798,-0.13249926,-0.109691866,-0.10574525,-0.11604081,-0.082519695,-0.039413527,-0.021571115,-0.035958473,-0.010781518,-0.033269044,-0.0049776654,-0.0020591954,0.0024339948,-0.025262624,-0.01381161,0.033936277,0.048222937,0.19350427,0.098154485,0.008372196,0.13710412,0.2404297,0.2109173,0.17915311,0.030873364,-0.06511846,-0.10606892,-0.010037091,-0.13510862,-0.16746058,-0.18706673,-0.20242651,-0.16928802,-0.14917281,-0.12029327,-0.1271322,-0.13964593,-0.18543588,-0.23635583,-0.2044812,-0.2692966,-0.30245447,-0.21806689,-0.2566953,-0.29559913,-0.3027907,-0.30075786,-0.321386,-0.252556,-0.27725533,-0.23843278,-0.16252019,-0.13095154,-0.0314721,0.029424395,0.0905357,0.12602487,0.12903765,0.19260783,0.31876802,0.3017587,0.32337964,0.48925975,0.49442303,0.40377164,0.39797556,0.48096055,0.43920174,0.48826098,0.371684,0.34126776,0.42836183,0.58262616,0.7710035,1.0,0.77771163,0.6287869,0.61380047,0.5999896,0.49050805,0.345738,0.22481143,0.16602398,0.19418082,0.14635149,0.09592213,0.14637032,0.13218509,0.059324697,0.020508641,0.040557925,0.036389403,-0.030604009,-0.061919983,-0.0020668511,-0.011472031,-0.07784774,-0.018655973,0.17884053,0.17672871,0.103568286,0.03892114,-0.024318632,-0.07141507,-0.08136369,-0.04863995,0.11793379,0.111283444,0.05912457,0.048474986,0.124264546,0.061306,-0.00640851,0.053902708,0.098910764,-0.04348728,-0.04879733,0.07619321,-0.02142203,-0.15208171,-0.057493176,-0.02476076,-0.15045795,-0.17317241,-0.0940484,-0.116347045,-0.05148221,-0.1360143,-0.08930225,-0.0751361,-0.11079405,-0.1538249,-0.1520781,-0.14779696,-0.20503552,-0.2151683,-0.19813807,-0.17785436,-0.17437147,-0.119769655,-0.07001876,-0.048302487,-0.074740134,-0.049668398,-0.03479229,-0.089521654,-0.09839165,-0.051142335,-0.059522517,-0.15536903,-0.08772173,-0.008873853,-0.09052992,-0.1028176,-0.017903652,-0.011969545,-0.044805545,-0.012298455,-0.059292078,-0.04433513,0.026141752,0.0441429,0.07586931,0.10428039,0.14468677,0.12271134,0.12987505,0.1538376,0.14833958,0.12635165,0.15938099,0.160338,0.12417944,0.092885636,0.13470457,0.1218763,0.06057605,0.07224766,0.09760601,0.07584884,0.013907406,0.04330858,0.05998112,-0.025640631,-0.12566322,-0.11828334,-0.123094976
151,-0.10250737,-0.07960797,-0.01943808,-0.03017627,-0.022585055,-0.022118278,-0.0751706,-0.08972848,-0.025526045,-0.03648345,-0.11482232,-0.10938799,-0.05030059,-0.08661138,-0.20179945,-0.15921731,-0.06776636,-0.1139172,-0.17021325,-0.11909284,-0.02772368,0.010737662,0.017165517,0.071277365,0.16283172,0.2499506,0.21888275,0.33640057,0.25596452,0.24236342,0.030071229,0.006795444,-0.109099895,-0.024146467,-0.028772268,-0.03285308,-0.08171781,-0.14467226,-0.049508028,0.066946335,0.10714919,0.110878274,0.06768625,0.06884007,0.08044373,0.12691975,0.18173721,0.12117587,0.12608834,0.059333116,0.05869019,-0.088520184,-0.15367639,-0.18984622,-0.20006928,-0.27013505,-0.30148458,-0.28563696,-0.33906758,-0.3760215,-0.36129937,-0.33879417,-0.34150976,-0.35425133,-0.3161165,-0.2662896,-0.26923028,-0.25039673,-0.1632267,-0.1777646,-0.18006502,-0.17584202,-0.15658064,-0.15004684,-0.16586748,-0.14975469,-0.11735428,-0.11439075,-0.12490445,-0.0848852,-0.090975806,-0.05755299,-0.06630756,-0.09116788,-0.09019681,-0.1064293,-0.035685502,-0.017314037,0.16098763,0.08945195,0.022502845,0.16005348,0.28240827,0.2604869,0.22399688,0.099271916,0.034110665,-0.026445787,0.06411339,-0.094129466,-0.13215859,-0.18661307,-0.27072513,-0.226082,-0.2340461,-0.17431094,-0.20121494,-0.19106643,-0.217557,-0.27296352,-0.24709287,-0.281819,-0.31554276,-0.26098257,-0.28453875,-0.2936849,-0.28381923,-0.29208282,-0.2979513,-0.26722893,-0.24991117,-0.19208136,-0.11969013,-0.05824151,0.040956974,0.11594164,0.16994454,0.19092731,0.19276665,0.23696989,0.35577187,0.33708802,0.33236054,0.4507878,0.48205373,0.41670987,0.34777045,0.38364413,0.34523317,0.3654454,0.24745171,0.21971118,0.31277508,0.4437278,0.620826,0.77771163,1.0,0.81332314,0.6063831,0.5186824,0.54496837,0.418846,0.29831856,0.22016813,0.2410773,0.16660546,0.14164507,0.19545896,0.16025239,0.09889087,0.0935433,0.09844389,0.08402963,0.041179463,0.025486125,0.06533913,0.05229327,0.016393356,0.113263346,0.20853525,0.20705378,0.1762953,0.12730458,0.09419531,0.06964295,0.04634832,0.07355797,0.16916096,0.14580141,0.10516495,0.09903546,0.1526531,0.08487917,0.036794692,0.100072645,0.12010799,-0.035556465,-0.008219107,0.097987205,-0.0615113,-0.15670945,-0.058313888,-0.054106787,-0.16799033,-0.16170512,-0.08453126,-0.08867293,-0.011285821,-0.08672907,-0.041754905,-0.02175247,-0.06982628,-0.13007295,-0.13459876,-0.13641487,-0.20668934,-0.23559096,-0.23451026,-0.22528069,-0.23239882,-0.19176106,-0.14719984,-0.13246307,-0.1557465,-0.12495726,-0.10776972,-0.16285214,-0.1592635,-0.07699415,-0.07553866,-0.1810416,-0.08881836,0.016967058,-0.058629893,-0.06976927,0.028920917,0.046518825,0.008396737,0.039635643,-0.013377587,-0.00936252,0.054403614,0.051980898,0.05808445,0.08415725,0.10333101,0.07685033,0.105987675,0.14909665,0.14086874,0.11080076,0.15041465,0.14745463,0.090743184,0.07212625,0.11826052,0.075370245,-0.00041203026,0.037811488,0.06091322,-0.0011281496,-0.06655825,-0.017716918,0.004010371,0.014503641,-0.01387362,-0.0070201154,-0.026477965
152,-0.1013108,-0.07750506,-0.019414946,-0.016443554,-0.017082237,-0.012256087,-0.060915064,-0.08795795,-0.03225116,-0.025668336,-0.10608988,-0.11181533,-0.04904152,-0.07210703,-0.18717006,-0.1471886,-0.059949394,-0.1086795,-0.1309578,-0.062253565,0.04453227,0.10712411,0.11553336,0.15664,0.2594133,0.3437151,0.2892001,0.34733438,0.22174118,0.1652079,-0.051172737,-0.02157401,-0.13587852,-0.110701896,-0.094371215,-0.08638265,-0.15274148,-0.18375295,-0.12361621,0.008224169,0.0646185,0.054171316,0.00898843,0.031616975,0.020222869,0.093905926,0.15330589,0.15507454,0.21855897,0.1363117,0.10480578,-0.06332607,-0.11928776,-0.17331646,-0.1848983,-0.26236242,-0.29214582,-0.27758357,-0.3217707,-0.36289242,-0.35193753,-0.33060974,-0.34065875,-0.35133094,-0.30634633,-0.25529906,-0.26894855,-0.25207275,-0.16800389,-0.19509031,-0.19613138,-0.19161521,-0.16900608,-0.15987855,-0.17838301,-0.15597257,-0.115885094,-0.114874735,-0.13057907,-0.10385552,-0.115738295,-0.07619458,-0.116445415,-0.1116654,-0.060927577,-0.062056713,0.016606761,0.039276566,0.21743838,0.16465797,0.07179577,0.19688465,0.2781167,0.2355646,0.21787798,0.124541625,-0.014016357,-0.08766944,0.059645783,-0.04505835,-0.0800301,-0.112339675,-0.23877402,-0.22252806,-0.24259742,-0.20457865,-0.20403679,-0.2045917,-0.24044374,-0.29090202,-0.26901376,-0.30573055,-0.3123769,-0.26611632,-0.29482046,-0.2953978,-0.2909703,-0.2943882,-0.2859814,-0.2729547,-0.2156502,-0.17843845,-0.1392052,-0.10824704,-0.018945191,0.02657429,0.064807236,0.07039109,0.07304817,0.116745844,0.21012868,0.19734518,0.19933994,0.33399972,0.37099457,0.30131543,0.27601084,0.31712735,0.32334435,0.3866803,0.27407277,0.30243504,0.4198666,0.53877455,0.63108003,0.6287869,0.81332314,1.0,0.7962433,0.5720735,0.5856621,0.35609117,0.20054844,0.13867666,0.1689672,0.07511883,0.040008973,0.097530566,0.04117404,-0.010695788,0.012257683,0.046977192,0.023812093,0.000209025,0.028901832,0.07307908,0.03952663,0.03158337,0.101347245,0.13611269,0.13835059,0.12947196,0.10181606,0.08948262,0.08296089,0.04789492,0.047959995,0.16605224,0.1599119,0.124912776,0.1017285,0.16338764,0.10769906,0.03891847,0.090595774,0.12929922,-0.038969334,-0.054942247,0.042614557,-0.086649224,-0.21054414,-0.1289541,-0.09149491,-0.20457026,-0.21927056,-0.15206476,-0.16305318,-0.08966385,-0.1470622,-0.09651074,-0.054148722,-0.08529078,-0.16225033,-0.17097409,-0.13847424,-0.21126582,-0.24596934,-0.21018757,-0.1744265,-0.20610023,-0.16079,-0.07835359,-0.06454409,-0.07763884,-0.02942525,-0.006746133,-0.07251139,-0.048822995,0.048000753,0.0093431715,-0.11358907,0.0041353586,0.09086571,-0.033829518,-0.040683925,0.0679153,0.054542806,0.00355119,0.045843318,0.0035050008,0.040299073,0.11955094,0.14466141,0.16653393,0.18515621,0.1797574,0.16013232,0.18454964,0.20895463,0.20860268,0.1840354,0.20884456,0.20869555,0.16904551,0.15699133,0.18744475,0.14231801,0.0657554,0.08188597,0.0906993,0.031338427,-0.06016117,-0.03172446,-0.0144505575,-0.05900154,-0.048094567,-0.0064878403,-0.019117123
153,-0.02039829,0.011941033,0.04798435,0.044459246,0.03686298,0.030133681,-0.007684224,-0.03487263,0.0055780397,0.018854195,-0.050112516,-0.05926736,0.019955993,0.008545463,-0.099134505,-0.05502989,0.037428293,-0.032144472,-0.050523717,0.041579615,0.10960349,0.1743468,0.19196829,0.22967029,0.31656945,0.38983163,0.32577676,0.35007784,0.23872317,0.14872739,-0.03266221,0.007919765,-0.16456585,-0.117234945,-0.073787935,-0.0799541,-0.17990741,-0.22926441,-0.15858178,-0.02580878,0.05495964,0.02507746,-0.001402359,0.003572519,0.010360723,0.11660762,0.1928979,0.23997788,0.3029073,0.21153417,0.15740988,0.030626455,-0.054612692,-0.14421831,-0.19843045,-0.27506313,-0.3017034,-0.25927767,-0.28960043,-0.3501286,-0.31873077,-0.27672625,-0.29532266,-0.31042182,-0.2480609,-0.19095263,-0.2071747,-0.18720144,-0.10516373,-0.13690524,-0.13005051,-0.1323293,-0.107512206,-0.096446075,-0.110946774,-0.07859711,-0.03978818,-0.033895817,-0.05561674,-0.044677608,-0.06792892,-0.05311539,-0.07983233,-0.03702618,0.0007250752,0.020911178,0.08137263,0.118161395,0.2536851,0.21233262,0.1044943,0.2325276,0.27426574,0.22060491,0.21183737,0.08142578,-0.09515895,-0.16160819,-0.03788084,-0.07291512,-0.10137732,-0.11204144,-0.16631442,-0.15452738,-0.14929876,-0.14114463,-0.103091,-0.11164898,-0.17042013,-0.21985002,-0.19585392,-0.2566882,-0.2825511,-0.21943724,-0.25726393,-0.29001576,-0.28622532,-0.28914747,-0.2965166,-0.2480811,-0.22161016,-0.20099391,-0.1582848,-0.1453481,-0.060269825,-0.05118917,0.006005716,0.024598967,0.00625088,0.053618256,0.16252646,0.15751828,0.15690978,0.3084423,0.34282458,0.24238947,0.2532152,0.31591162,0.33280903,0.39741448,0.2938014,0.32436836,0.4265789,0.52604073,0.5518471,0.61380047,0.6063831,0.7962433,1.0,0.7660863,0.6334688,0.357216,0.2082196,0.1488662,0.16365081,0.08626567,0.02767912,0.06211827,0.008281007,-0.051683597,-0.057736147,-0.02113982,-0.04691678,-0.073628545,-0.048222784,-0.01115675,-0.047371097,-0.056320887,-0.03417053,0.054337777,0.06252912,0.031402506,0.008595461,-0.0203127,-0.037708957,-0.052040104,-0.045295704,0.125659,0.1295169,0.103057735,0.07817738,0.13695863,0.09100083,0.02664751,0.06779222,0.10425591,-0.035256576,-0.057167027,0.028453538,-0.057822928,-0.18140717,-0.11686207,-0.07100685,-0.17420517,-0.19549417,-0.12977313,-0.1505739,-0.08522719,-0.1436379,-0.09615762,-0.061245646,-0.08073416,-0.14180645,-0.14789242,-0.11470064,-0.17088285,-0.19819616,-0.16446126,-0.11843635,-0.15292893,-0.11695953,-0.027339963,-0.013335132,-0.020700732,0.024135407,0.05122154,-0.0035552906,0.018740699,0.08763373,0.047006972,-0.04342138,0.048563734,0.10081639,-0.016666796,-0.015437789,0.07069544,0.046392687,0.004284604,0.04697751,0.018545799,0.06349373,0.13246533,0.16101772,0.18354104,0.18959695,0.19243972,0.18126938,0.18502659,0.19130526,0.18502152,0.17182818,0.18518578,0.17937386,0.148029,0.1306114,0.15768689,0.12708731,0.06587639,0.06135672,0.07159794,0.045630056,-0.02444615,-0.0125617,-0.0066953446,-0.11751647,-0.13966034,-0.10027988,-0.09904378
154,0.0146378325,0.09416662,0.12312597,0.14238416,0.13333647,0.1391648,0.1049209,0.08044386,0.11339288,0.13889892,0.07804794,0.056789234,0.12932774,0.12931508,0.036250558,0.06559462,0.13117477,0.062571935,0.049919188,0.109650426,0.122767,0.14808154,0.15445895,0.18448336,0.24381283,0.3160387,0.27493346,0.28849375,0.21089873,0.1312457,-0.07583127,0.011587505,-0.19861363,-0.18543698,-0.10110109,-0.100465514,-0.2447625,-0.308331,-0.22018112,-0.017151685,0.07373918,0.036824528,0.021019123,0.0024669725,0.01964425,0.1287859,0.19377643,0.21048792,0.25697285,0.12216138,0.086519085,-0.03777063,-0.09053866,-0.15711646,-0.20359926,-0.26875275,-0.26097244,-0.19855243,-0.23955545,-0.30215082,-0.22915736,-0.17756493,-0.2077059,-0.20698301,-0.12746605,-0.088060945,-0.11412043,-0.07221912,0.016721478,-0.066818275,-0.08162645,-0.12134912,-0.08944488,-0.05905995,-0.05736193,-0.0036950277,0.03903895,0.07176054,0.038876027,0.01274903,-0.0452033,-0.049437102,-0.042712435,-0.009230724,-0.016369412,-0.02389724,0.0003418604,0.02953948,0.14362742,0.106364354,-0.006159219,0.14579098,0.24764116,0.16564889,0.14028785,0.003072797,-0.14002734,-0.18924558,-0.15134534,-0.20529208,-0.23274164,-0.13236628,-0.11086239,-0.113786645,-0.07614958,-0.07525155,-0.032635625,-0.101298995,-0.18532842,-0.21294223,-0.1699626,-0.26814085,-0.268484,-0.15316774,-0.21879576,-0.27165803,-0.29871798,-0.309968,-0.3140774,-0.2802921,-0.28033197,-0.24714455,-0.1634502,-0.17568228,-0.13466781,-0.109149985,-0.110965334,-0.037546523,-0.041637518,-0.044225384,0.09043243,0.12954381,0.117528774,0.2672513,0.31251028,0.2252173,0.2656174,0.31915268,0.27195853,0.3285357,0.2629283,0.2782017,0.33601865,0.36994016,0.3927676,0.5999896,0.5186824,0.5720735,0.7660863,1.0,0.7144054,0.34268978,0.21562119,0.1330967,0.1579853,0.13646096,0.033366147,0.07875981,0.042944606,-0.0711754,-0.09826108,-0.004190602,-0.04175136,-0.13116688,-0.09371496,-0.008629866,-0.06449291,-0.117743336,-0.08968702,0.08471674,0.08156003,0.011647848,-0.04225213,-0.10312831,-0.13302742,-0.14454204,-0.16621771,0.09495246,0.124286905,0.060538553,0.026776046,0.12350844,0.07914669,-0.014707852,0.0317113,0.11973568,-0.01724913,-0.09284878,0.05347773,0.03439743,-0.15238431,-0.06844406,0.025838815,-0.09813174,-0.1448384,-0.09432517,-0.15002845,-0.11292665,-0.20176452,-0.1654461,-0.13268642,-0.1507977,-0.19579054,-0.1826512,-0.13777287,-0.19483681,-0.19302042,-0.119055375,-0.06909812,-0.08961238,-0.030614698,0.05900527,0.07711643,0.052377123,0.08508987,0.11395614,0.056148488,0.05741809,0.09369592,0.06677455,-0.04764219,0.02328321,0.068272814,-0.068924,-0.07469419,0.015716173,-0.015422769,-0.061250936,-0.014965979,-0.054176547,0.0073235803,0.113226734,0.16819169,0.22871137,0.2561989,0.27960524,0.24026074,0.23158333,0.2374712,0.23644714,0.24056719,0.25504118,0.25189793,0.25040844,0.2158276,0.24474892,0.24868113,0.20583937,0.18724148,0.19362003,0.18807659,0.11505919,0.10175095,0.095966965,-0.15033625,-0.23798107,-0.15487117,-0.15479168
155,-0.03201692,-0.0049618655,0.036220346,0.026547706,0.02515312,0.0053373873,-0.031200053,-0.045596726,-0.0098851,-0.02100658,-0.089964844,-0.08480878,-0.039077256,-0.06695858,-0.17931229,-0.1478254,-0.07572386,-0.1388388,-0.15093964,-0.13002448,-0.07532663,-0.03603424,-0.032137007,0.012467042,0.108779944,0.19809878,0.18101317,0.251992,0.19288158,0.18743654,-0.0048177172,0.04048054,-0.052304845,-0.08398273,-0.06413526,-0.03643461,-0.083668485,-0.09888414,-0.060301468,0.060843892,0.115119465,0.10496498,0.064609885,0.036694046,0.019887814,0.06642527,0.117474794,0.07044073,0.128332,-0.0051500443,-0.0063279564,-0.11900838,-0.19072384,-0.21450096,-0.22347248,-0.2852993,-0.33444,-0.31058332,-0.35274783,-0.35874605,-0.3420424,-0.3190698,-0.30360568,-0.30187893,-0.24999349,-0.19396581,-0.19311744,-0.17606753,-0.11650595,-0.12462061,-0.11289898,-0.11260502,-0.09752184,-0.07351467,-0.079280585,-0.06105246,-0.030899836,-0.03287982,-0.054770943,-0.036925834,-0.06106609,-0.05664623,-0.10698597,-0.13406113,-0.060458537,-0.11642083,-0.059213277,-0.03801121,0.119699456,0.08272304,0.003643089,0.1298102,0.20605381,0.17641205,0.22693416,0.16084321,0.08633302,0.01088517,0.03304297,-0.087536015,-0.099113114,-0.1659392,-0.25599518,-0.20463607,-0.22283252,-0.16413136,-0.15833057,-0.15161899,-0.18297292,-0.21565643,-0.19341864,-0.23361954,-0.26048708,-0.2099807,-0.22364874,-0.24519941,-0.22120443,-0.24565277,-0.25835752,-0.2989428,-0.21313855,-0.1568739,-0.103436805,-0.070213765,-0.010924412,0.12646359,0.15203491,0.20838204,0.16367032,0.15173092,0.2756908,0.26166782,0.21556862,0.34472322,0.41331753,0.29470137,0.27269208,0.30359265,0.2660755,0.28389147,0.20144843,0.17719994,0.24530752,0.31771132,0.36375663,0.49050805,0.54496837,0.5856621,0.6334688,0.7144054,1.0,0.70860964,0.48770925,0.301557,0.28435645,0.17326553,0.10884701,0.18925133,0.13652283,0.054040283,0.095444866,0.1387202,0.0922238,0.05743978,0.11504591,0.14837477,0.07871605,0.0755832,0.112061016,0.11498379,0.08704311,0.070673116,0.030682137,0.03200726,0.03755061,-0.029181805,-0.04322681,0.06152065,0.04669635,0.00547446,-0.01488745,0.041986406,-0.0021258695,-0.066216856,-0.020457923,0.040399823,-0.094311304,-0.10872797,0.01633483,-0.03586934,-0.15263332,-0.045238294,0.011939822,-0.08261424,-0.09008401,-0.016229864,-0.074224606,-0.04546831,-0.14594185,-0.15539014,-0.14050502,-0.16429168,-0.20625341,-0.20199656,-0.18517265,-0.22773075,-0.22066337,-0.17280087,-0.12192819,-0.1414994,-0.098153956,-0.035490595,-0.02243745,-0.056405872,-0.02061025,0.021647366,-0.019202126,-0.030116903,0.03131647,-0.0015921633,-0.1260486,-0.059996553,0.0012154412,-0.11605838,-0.122909464,-0.040541157,-0.055430908,-0.093885705,-0.05473542,-0.08329574,-0.046107713,0.02033925,0.060030464,0.1150359,0.14847243,0.1271841,0.10946691,0.12694071,0.15320244,0.18136401,0.15863629,0.17124625,0.18366177,0.16296355,0.14238885,0.18527108,0.17140663,0.11095,0.11743251,0.13453607,0.08501895,0.00958108,0.03619794,0.04326114,-0.066944145,-0.041597053,0.040877443,0.045322813
156,0.022076719,-0.0025831896,0.015923172,-0.037295166,-0.01926283,-0.070309214,-0.11471816,-0.0923763,-0.047501337,-0.11597178,-0.16510932,-0.11681355,-0.123044,-0.18971872,-0.2622591,-0.23904641,-0.1998951,-0.2505548,-0.27520624,-0.27503988,-0.24847014,-0.25078306,-0.25320455,-0.19319277,-0.10820182,-0.023708556,-0.0067311954,0.13097967,0.15806079,0.24372117,0.17455855,0.0982951,0.061616328,0.12985831,0.1033202,0.11079954,0.13559724,0.08267376,0.14608903,0.17452338,0.15013085,0.18658978,0.16723172,0.07547222,0.112004295,0.050693,0.08243922,-0.058374867,-0.06698955,-0.15673134,-0.12797222,-0.16938473,-0.2423059,-0.2447587,-0.23458183,-0.25271186,-0.32426018,-0.32898682,-0.35666543,-0.33977818,-0.34088305,-0.32873276,-0.27404323,-0.27457026,-0.26987016,-0.19927035,-0.15650149,-0.15999506,-0.12740764,-0.06633792,-0.02788326,0.003341439,0.0013666202,0.008881964,-0.0010877113,-0.009473801,-0.0010131539,-0.0318033,-0.033844743,0.020325938,0.016423427,-0.01716293,0.0020785148,-0.07045682,-0.08857129,-0.17054708,-0.13179268,-0.08618079,0.02209469,-0.0054638097,-0.023952933,0.06962409,0.12644336,0.17835198,0.24901225,0.12404874,0.23098546,0.19814847,0.01387409,-0.12656026,-0.11028291,-0.28815576,-0.28470185,-0.16030057,-0.15720819,-0.082435615,-0.103074364,-0.051075067,-0.051795974,-0.08154926,-0.084062934,-0.09159806,-0.16589314,-0.15748042,-0.14705367,-0.17373227,-0.12915798,-0.14527938,-0.1754035,-0.18660149,-0.15015191,-0.06912553,0.018891344,0.10574478,0.14457601,0.33512318,0.4302318,0.53952736,0.4553548,0.41061962,0.5435725,0.5316986,0.4242382,0.48067704,0.5582951,0.43900132,0.33243138,0.29261848,0.20322758,0.14192191,0.056417447,-0.030207817,0.010309869,0.108127035,0.21138912,0.345738,0.418846,0.35609117,0.357216,0.34268978,0.70860964,1.0,0.80748826,0.5136508,0.44369042,0.31244397,0.288363,0.38254914,0.3330948,0.27824214,0.29935855,0.25127968,0.20473528,0.18294351,0.16413063,0.13694869,0.11510373,0.11514049,0.1112088,0.13947406,0.102610864,0.07321909,0.029156955,0.022996273,0.0073792217,-0.0474349,0.0019317208,-0.00670107,-0.0644669,-0.06734008,-0.049089763,-0.048701786,-0.09255788,-0.079103746,-0.039934475,-0.049154185,-0.09505626,-0.017628968,0.053185176,-0.017857471,-0.015217611,0.09731889,0.06305577,0.018857883,0.08535981,0.15932557,0.11748828,0.13536617,0.030682478,-0.015124346,-0.046477377,-0.07294705,-0.07338182,-0.075178616,-0.11933719,-0.12589112,-0.10843339,-0.13798106,-0.13405752,-0.13132589,-0.12803201,-0.14769028,-0.15780942,-0.19255227,-0.17522301,-0.13379997,-0.14275177,-0.16917104,-0.1332187,-0.12716575,-0.16477145,-0.16308458,-0.11153087,-0.109717906,-0.117492266,-0.09702147,-0.0726623,-0.067116454,-0.06025998,-0.067458615,-0.09045234,-0.093430735,-0.11868675,-0.1211976,-0.09589935,-0.08526977,-0.10276791,-0.09439623,-0.05519663,-0.037157383,-0.07916955,-0.059895676,-0.048040897,-0.07953806,-0.09455996,-0.041402593,-0.046207204,-0.07723837,-0.038832635,-0.0073105167,-0.04633713,-0.04945901,0.0112903835,0.015427309,0.03449544,0.0510466,0.045794792,0.05476205
157,0.05601612,0.021890013,0.027078247,-0.025000568,-0.014021399,-0.061391905,-0.11425218,-0.07905372,-0.03497947,-0.13068558,-0.16949552,-0.11633778,-0.16250183,-0.23347646,-0.26279232,-0.26170734,-0.2595939,-0.29221275,-0.31734124,-0.3368282,-0.34140185,-0.3616016,-0.36549398,-0.31599244,-0.24650593,-0.17545956,-0.13038647,0.023068806,0.093149,0.22228508,0.19470805,0.09467808,0.1344562,0.21459128,0.15056384,0.16517656,0.22363,0.1907808,0.24929182,0.24720594,0.18996648,0.2234233,0.19916162,0.094837174,0.16121952,0.04369478,0.041311353,-0.14558809,-0.19215444,-0.2693586,-0.22620688,-0.23028918,-0.25933,-0.24715896,-0.18833736,-0.18509628,-0.25980717,-0.2902976,-0.2776982,-0.24375907,-0.28095013,-0.28566313,-0.1991651,-0.20337863,-0.2277672,-0.15874697,-0.095533445,-0.1181513,-0.10401085,-0.022660917,0.025148844,0.05852766,0.04457482,0.04268117,0.03528523,0.023036133,0.023121351,-0.0062379404,-0.0035662437,0.05137909,0.06274206,0.024013352,0.08684197,-0.007852815,-0.060141522,-0.17507298,-0.16535501,-0.14738889,-0.09425025,-0.08253108,-0.05178151,0.008676121,0.06031267,0.14351092,0.2006803,0.088043556,0.31714764,0.29035416,0.012396763,-0.103750184,-0.0814317,-0.24463962,-0.2114159,-0.08575524,-0.07076082,0.018568654,-0.03250356,0.019511024,0.022367725,0.0015194326,-0.027238296,-0.004739593,-0.096258625,-0.12965217,-0.10171352,-0.11542838,-0.045701887,-0.04882637,-0.08960457,-0.087680556,-0.081029244,0.019131944,0.12863941,0.22953843,0.24106272,0.42560768,0.47559124,0.6037143,0.5536832,0.49170372,0.5726293,0.5889727,0.49942967,0.45984513,0.5022815,0.43426564,0.29793906,0.239184,0.1275297,0.02244575,-0.054573443,-0.16773501,-0.15085402,-0.051851988,0.07534444,0.22481143,0.29831856,0.20054844,0.2082196,0.21562119,0.48770925,0.80748826,1.0,0.72538,0.60686296,0.47624582,0.48636794,0.5405553,0.45141748,0.3913809,0.40475342,0.3125585,0.2501892,0.22530036,0.18256952,0.12489053,0.109150596,0.11286259,0.08319417,0.11118564,0.064201124,0.035062883,-0.004601294,-0.0040232562,-0.013190646,-0.04387509,0.0087944465,-0.04083461,-0.10754685,-0.09039949,-0.046398554,-0.089885004,-0.14434294,-0.06711391,-0.01772083,-0.08441991,-0.06648126,0.076728106,0.11587639,0.021383772,0.098139,0.21068648,0.12333163,0.10429643,0.19830903,0.26006678,0.24432188,0.25169373,0.15631603,0.097455285,0.04092413,0.010148854,0.032319207,0.029175902,-0.057218228,-0.049386088,-0.024508355,-0.10053013,-0.14283581,-0.12767358,-0.14271417,-0.21067934,-0.23965119,-0.27642006,-0.26973966,-0.23229443,-0.22754134,-0.25304848,-0.24136557,-0.2057374,-0.18623872,-0.2197229,-0.16972038,-0.0866077,-0.09105867,-0.11064344,-0.056239128,-0.022704184,-0.044671714,-0.048114534,-0.11186893,-0.15670119,-0.21868205,-0.25467876,-0.22460692,-0.1948745,-0.21801601,-0.21451396,-0.17486258,-0.17592612,-0.21154942,-0.19462602,-0.19223943,-0.22970821,-0.23629808,-0.17434762,-0.17850415,-0.18820992,-0.1261797,-0.088322625,-0.124540344,-0.07880434,0.0067370012,-0.0043897377,0.066663,0.08338478,0.046331782,0.055287696
158,0.05211772,0.029043946,0.04210669,7.624734e-05,0.01564253,-0.016438626,-0.055557072,-0.031473525,-0.0049329633,-0.08372419,-0.121796146,-0.08442265,-0.11319178,-0.19187285,-0.24230018,-0.24218789,-0.22521219,-0.26689428,-0.29169905,-0.31634378,-0.30745468,-0.30025318,-0.29574022,-0.24333963,-0.16424638,-0.09819731,-0.06141845,0.07329985,0.13086896,0.1804288,0.128328,0.06649095,0.0986706,0.14200948,0.09327597,0.08769205,0.118214324,0.09238913,0.12095358,0.11909073,0.10374109,0.14715175,0.13682033,0.10599643,0.14969659,0.07448785,0.054630805,-0.09971927,-0.13533017,-0.21211398,-0.19773197,-0.22028196,-0.2586307,-0.2748853,-0.2306555,-0.23139334,-0.28694445,-0.3141061,-0.28442782,-0.24095543,-0.29801545,-0.2864247,-0.19837847,-0.21901882,-0.22864747,-0.14796211,-0.09521876,-0.10187229,-0.0790237,-0.01620469,0.020291181,0.053272855,0.045020282,0.048021916,0.028964229,0.021209987,0.02734624,0.0069330577,0.0065569836,0.051549017,0.06513622,0.053495053,0.072142236,-0.0051961057,-0.03434273,-0.13512735,-0.0813785,-0.11274867,-0.053988192,-0.075986594,-0.008662068,0.07221879,0.07092227,0.15854615,0.25517574,0.14405008,0.2661906,0.22807267,0.12844373,0.037085146,-0.014134891,-0.18533023,-0.20162503,-0.08228296,-0.061704557,0.029591754,0.0061887647,0.05411633,0.04453065,0.0073458026,-0.009605941,0.0043427623,-0.07073148,-0.10086675,-0.08297494,-0.093739405,-0.0339896,-0.029966757,-0.083918296,-0.07660021,-0.096933246,-0.0049146935,0.07153607,0.16624856,0.23173271,0.3135609,0.31142762,0.3655876,0.40248677,0.36979088,0.36960584,0.4062313,0.39973214,0.3448995,0.34668866,0.34361485,0.26743805,0.21679965,0.15169026,0.082510866,0.009032552,-0.054349154,-0.062173735,0.004769954,0.093580484,0.16602398,0.22016813,0.13867666,0.1488662,0.1330967,0.301557,0.5136508,0.72538,1.0,0.8175979,0.66148543,0.6380422,0.599518,0.5192931,0.4363777,0.37687823,0.29289734,0.25347584,0.20863411,0.14540046,0.08141378,0.060332686,0.06279536,0.048143204,0.040411565,0.024828944,0.033830173,0.027369257,0.041703902,0.05357973,0.037069693,0.0853726,0.033769596,-0.030548893,-0.008337938,0.047122415,0.0030216447,-0.057542328,0.029097566,0.087326646,0.012883992,0.0123320855,0.15916513,0.2015841,0.042420506,0.10831119,0.21360607,0.10892394,0.06170193,0.13361956,0.19410983,0.21011494,0.23533519,0.16761327,0.16583538,0.12609231,0.08079076,0.083147444,0.07381217,-0.016259344,-0.037877254,-0.03674542,-0.12940197,-0.21101388,-0.18820763,-0.20532714,-0.2716313,-0.30041492,-0.32934558,-0.31076464,-0.29645765,-0.31064802,-0.31714374,-0.295859,-0.26470897,-0.21905312,-0.21524926,-0.13600315,-0.042126723,-0.03726964,-0.03783297,0.033588786,0.061164968,0.034797806,0.008066418,-0.07985286,-0.13675983,-0.21462177,-0.26091844,-0.24484077,-0.21775204,-0.2342999,-0.20472196,-0.14452371,-0.17134699,-0.20541841,-0.1569916,-0.16700585,-0.22718248,-0.22502649,-0.14570463,-0.1834863,-0.20594709,-0.11748799,-0.07473973,-0.11120105,-0.065851346,0.03017903,0.013635428,0.07379055,0.07471753,0.012384041,0.0076432363
159,0.035023607,0.033990875,0.063027166,0.028405385,0.04586692,0.02625927,-0.023624122,-0.007109519,0.030396046,-0.047227725,-0.104892045,-0.0706458,-0.09087212,-0.1732621,-0.23471358,-0.23584,-0.21049353,-0.25963777,-0.27952272,-0.30488622,-0.29807714,-0.29582065,-0.3024153,-0.25351998,-0.19074811,-0.11684304,-0.06268967,0.091441005,0.14210348,0.16982867,0.066406436,0.016367413,0.031024974,0.09781534,0.035195217,0.028578006,0.051516037,0.031293575,0.11510489,0.18462653,0.16627929,0.18717827,0.16105604,0.12630199,0.16789323,0.097940624,0.07350348,-0.11400439,-0.17639966,-0.24648279,-0.22968599,-0.27865207,-0.308584,-0.3113279,-0.2578574,-0.2638281,-0.3074681,-0.32918957,-0.3183144,-0.27270976,-0.30850703,-0.29713804,-0.21466698,-0.2351091,-0.23171756,-0.13748613,-0.09656415,-0.09613779,-0.056587163,-0.022131754,0.0023754707,0.02338695,0.022871252,0.029151686,0.005264374,0.009511537,0.031481616,0.021476889,0.0142855495,0.050516956,0.051992208,0.04990676,0.07340056,-0.020282399,-0.068419404,-0.17801192,-0.1275196,-0.17130062,-0.10677952,-0.13633838,-0.07784724,0.006407447,0.023135157,0.09049712,0.14076848,0.062734224,0.18833426,0.15040484,0.055220887,-0.040675033,-0.09146329,-0.19397172,-0.21902795,-0.0993744,-0.07057709,0.011497606,-0.022624118,-0.0031557614,-0.01892145,-0.055686574,-0.057996288,-0.061254073,-0.10517477,-0.10508642,-0.101241305,-0.113612674,-0.082536414,-0.08150729,-0.118126124,-0.10985969,-0.14474699,-0.06371889,0.018454483,0.15960485,0.23923276,0.3299722,0.29310477,0.3481965,0.41224515,0.3527,0.3581203,0.42124236,0.4118559,0.34514022,0.3597756,0.36439046,0.2909818,0.22999857,0.15725274,0.07829819,0.0072528087,-0.061599657,-0.07236133,0.008059029,0.122288935,0.19418082,0.2410773,0.1689672,0.16365081,0.1579853,0.28435645,0.44369042,0.60686296,0.8175979,1.0,0.792818,0.678355,0.7067641,0.6631175,0.5173771,0.41085872,0.36399665,0.32618067,0.20226178,0.11555463,0.10385825,0.06560121,0.03110454,0.082765415,0.13826223,0.12027177,0.11677043,0.07744814,0.06728804,0.0790927,0.070332155,0.09383398,0.047015436,-0.007231689,-0.0056245066,0.047057834,0.022463871,-0.03834042,0.022923527,0.093090475,0.044179875,0.012181079,0.14613631,0.22943185,0.080068715,0.09520388,0.22198737,0.14456493,0.06586197,0.10888688,0.17576449,0.17404495,0.19436899,0.12845553,0.13191974,0.09565704,0.03674444,0.030237451,0.032311536,-0.05454841,-0.09163272,-0.08163963,-0.16068695,-0.25076634,-0.22402492,-0.22271869,-0.27752364,-0.3086179,-0.34415722,-0.33533287,-0.3238264,-0.3517807,-0.36327827,-0.34043187,-0.30660596,-0.27778193,-0.26473203,-0.1645844,-0.08346596,-0.07837096,-0.057913665,0.019366657,0.037911005,0.017373359,-0.02131749,-0.104516745,-0.13185701,-0.2063213,-0.24666865,-0.21991728,-0.18814449,-0.22703885,-0.17537096,-0.095798805,-0.12582499,-0.16963308,-0.11685368,-0.116183735,-0.18468237,-0.18709871,-0.08696134,-0.11778174,-0.14790031,-0.04410474,0.008557913,-0.03066273,0.007495239,0.116953984,0.10221932,0.20256339,0.14286768,0.055590525,0.032023918
160,0.07983445,0.07978081,0.09431033,0.0663615,0.08592284,0.07259427,0.022059921,0.04179606,0.079379715,0.0013927518,-0.04756748,-0.008691093,-0.04605424,-0.13051677,-0.17084381,-0.20080991,-0.18261397,-0.22169401,-0.2525799,-0.27858534,-0.29996154,-0.30342484,-0.3107448,-0.26991096,-0.23219965,-0.1709254,-0.08940897,0.059059523,0.14151017,0.19803828,0.16060074,0.09209733,0.0066466597,0.15993308,0.14454116,0.12452268,0.09233806,0.0030053991,0.11044357,0.18022408,0.15300828,0.18117909,0.17414118,0.16864447,0.20287356,0.123823166,0.07934508,-0.1150956,-0.2009445,-0.27089715,-0.24691841,-0.26172343,-0.27511385,-0.28113234,-0.23256525,-0.22261569,-0.2636746,-0.27771974,-0.23425345,-0.19755203,-0.23522219,-0.21462779,-0.12882178,-0.16035381,-0.1720168,-0.087017775,-0.0437191,-0.04059817,0.010027985,0.035074595,0.05968313,0.069404274,0.06955175,0.078878015,0.061659325,0.06750865,0.0792257,0.07670133,0.07184106,0.10071171,0.09451808,0.096110664,0.1442834,0.045999732,-0.0656745,-0.1722005,-0.11632657,-0.17290941,-0.11439305,-0.16293575,-0.090392426,-0.0050677396,0.017089602,0.08191457,0.10039374,-0.046183057,0.14270218,0.15717563,0.09064348,-0.01650733,-0.09661517,-0.17167258,-0.12551804,-0.029038718,0.006815728,0.09422618,0.062407717,0.07590027,0.057608657,0.022386108,0.01941519,0.011414648,-0.046520498,-0.048124164,-0.049473554,-0.07645091,-0.046635818,-0.038830597,-0.078348406,-0.0336777,-0.13468486,-0.03388719,0.07211125,0.18661669,0.2369239,0.2909671,0.21836066,0.3016086,0.39450815,0.33413014,0.31624442,0.3954884,0.42513818,0.33576775,0.31247976,0.35048774,0.30985734,0.25053585,0.15934019,0.047428414,-0.008334274,-0.08982825,-0.13158412,-0.07673162,0.0367212,0.14635149,0.16660546,0.07511883,0.08626567,0.13646096,0.17326553,0.31244397,0.47624582,0.66148543,0.792818,1.0,0.83734334,0.72532815,0.72218716,0.62070394,0.46023574,0.3903599,0.3697204,0.23510116,0.08363923,0.066951126,0.0627156,-0.015934102,-0.039357126,0.08852222,0.06671357,0.030426778,-0.009745725,-0.034390893,-0.037432007,-0.023011044,0.009066291,0.025925105,-0.022219116,-0.028489951,0.03604126,0.011665004,-0.047879115,0.035830773,0.10366038,0.05094209,0.07216028,0.21562196,0.3004436,0.1786864,0.20620866,0.31944448,0.215919,0.12775609,0.16472441,0.23026507,0.23715207,0.24869719,0.19127361,0.18842603,0.13747291,0.07911029,0.10335291,0.112305924,0.00496927,-0.014609913,0.011724616,-0.082176134,-0.2061176,-0.15176031,-0.14952707,-0.24001896,-0.28711057,-0.33180565,-0.34148106,-0.33111796,-0.35732564,-0.3677671,-0.38419738,-0.32019904,-0.24430692,-0.27360854,-0.18988128,-0.059613105,-0.055229697,-0.072275974,0.017943643,0.056641053,0.014828699,-0.01730572,-0.12088886,-0.16466346,-0.24756548,-0.29583213,-0.2647156,-0.19240472,-0.22544713,-0.20223606,-0.14200267,-0.19416893,-0.22457941,-0.17473134,-0.17971666,-0.23211595,-0.22668208,-0.13014463,-0.1377682,-0.14002189,-0.021035803,0.03219857,0.015683718,0.09565912,0.21483375,0.18449295,0.14597575,-0.0068922313,-0.12213344,-0.13381344
161,0.07158698,0.044422876,0.045109224,0.0023918436,0.01766438,-0.0041975896,-0.044845663,-0.018595764,0.006722796,-0.09043811,-0.13620171,-0.074541345,-0.14400887,-0.25122303,-0.2772684,-0.29562783,-0.30843395,-0.34593755,-0.37354508,-0.38336304,-0.41719663,-0.41311702,-0.4157171,-0.38302484,-0.33282706,-0.27672064,-0.18140176,-0.0037499724,0.10483555,0.19952786,0.22539978,0.13979839,0.076496564,0.19444509,0.1908622,0.16750492,0.14463775,0.050376885,0.10725174,0.13302834,0.11486526,0.17174828,0.17509389,0.15847102,0.21004187,0.078218974,0.036372423,-0.20447448,-0.28410077,-0.35176992,-0.3187301,-0.2964841,-0.27694884,-0.2770447,-0.20168546,-0.17499167,-0.24423578,-0.29766113,-0.20128271,-0.16799377,-0.2638632,-0.24654758,-0.12313252,-0.15744476,-0.19386247,-0.11576519,-0.051908106,-0.07457636,-0.04126738,0.025421077,0.07146273,0.09842488,0.09516584,0.09866795,0.0826816,0.067336895,0.064508,0.044872265,0.046814613,0.081911236,0.103394635,0.09220637,0.15058407,0.024605146,-0.028321847,-0.16259237,-0.11425986,-0.19664924,-0.13730308,-0.17111713,-0.05346295,0.011313093,0.037116174,0.103994355,0.14110678,-0.008427385,0.31703097,0.3403243,0.14636603,0.056669354,-0.011167122,-0.123011604,-0.089256085,0.013710856,0.021190217,0.13048463,0.08772471,0.11486315,0.11344616,0.0797247,0.06165469,0.088621534,0.0085160285,-0.03915163,-0.0062007443,-0.015343704,0.04985951,0.06076048,0.020961126,0.045754008,-0.0111138215,0.11693201,0.24534269,0.337851,0.35249287,0.3902812,0.2861455,0.40779105,0.53317016,0.44234106,0.38761613,0.502968,0.5274241,0.3717052,0.36065257,0.43689197,0.33641148,0.22419602,0.11672336,-0.02945478,-0.09913995,-0.21121792,-0.23809834,-0.15547547,-0.010751293,0.09592213,0.14164507,0.040008973,0.02767912,0.033366147,0.10884701,0.288363,0.48636794,0.6380422,0.678355,0.83734334,1.0,0.84614813,0.75431746,0.7406637,0.6495767,0.5257806,0.48916894,0.4130623,0.26231733,0.1997011,0.19589232,0.14977735,0.043899123,0.045284785,0.0067550093,-0.011868778,-0.014137374,0.010642426,0.009323287,0.031077445,0.049507476,-0.0026277434,-0.07152536,-0.065931536,0.023380043,-0.029315494,-0.08755318,0.047662072,0.11467934,0.032468166,0.098957025,0.28630224,0.34390908,0.20316629,0.29500106,0.40064758,0.26028147,0.20954493,0.28088635,0.34202254,0.3679244,0.3749858,0.31520796,0.26953486,0.202066,0.14453615,0.18504627,0.19365615,0.06245869,0.05082941,0.07775191,-0.038809992,-0.19108702,-0.1490371,-0.1646876,-0.29745966,-0.35945892,-0.40018624,-0.41575256,-0.40102705,-0.39716068,-0.4121157,-0.4346297,-0.36234754,-0.25367317,-0.30945694,-0.23401047,-0.05751381,-0.052764244,-0.095310725,0.01012119,0.06713419,0.005488784,-0.020575209,-0.14648944,-0.21507843,-0.31330767,-0.38112098,-0.34764057,-0.29155174,-0.31628087,-0.2978936,-0.24019623,-0.28388372,-0.32185715,-0.27235982,-0.27184626,-0.33160496,-0.30947566,-0.20723344,-0.22988495,-0.2143785,-0.079386495,-0.031800058,-0.072982,0.035916366,0.17297861,0.13061465,0.10293829,0.0136209475,-0.09079114,-0.08533937
162,0.13986394,0.12077851,0.1303091,0.08506299,0.10186144,0.0643308,0.014403574,0.044412903,0.066618614,-0.037572194,-0.09302364,-0.035232477,-0.10363429,-0.213384,-0.260252,-0.28125784,-0.30072016,-0.35353446,-0.37888926,-0.39023915,-0.4226114,-0.42751548,-0.44709766,-0.39824578,-0.35309473,-0.2549366,-0.14073662,0.05559196,0.16458155,0.26228136,0.21799348,0.17591798,0.10296564,0.15164284,0.16146015,0.15730196,0.121823825,0.045581266,0.10453971,0.1813873,0.17749676,0.24942856,0.25279337,0.20889431,0.25292927,0.12546942,0.085731514,-0.17813683,-0.28061676,-0.4095651,-0.39965317,-0.39183724,-0.39074206,-0.37289637,-0.2812694,-0.24719132,-0.30385897,-0.35638463,-0.27448976,-0.22974038,-0.29555258,-0.2706102,-0.14586,-0.16802947,-0.18844323,-0.09671047,-0.026178362,-0.047808997,0.00052092044,0.07070052,0.12469388,0.14937983,0.14962305,0.14656782,0.13069579,0.12667722,0.13485813,0.11300814,0.11483229,0.15475933,0.16018401,0.12962718,0.17174004,0.041080594,-0.011843952,-0.19576137,-0.19555,-0.2968561,-0.22322755,-0.26053044,-0.16088131,-0.075435646,-0.051466174,0.023113862,0.08552883,-0.04179519,0.25909078,0.28805158,0.059362277,-0.058848485,-0.07268378,-0.20648584,-0.14899375,-0.00031177435,0.028675206,0.13376008,0.098683804,0.10498047,0.0898904,0.058544267,0.041605923,0.046011318,-0.023410141,-0.049560353,-0.0230103,-0.04407994,0.020278491,0.022756089,-0.031998992,-0.040779907,-0.06918668,0.058485933,0.18079188,0.28773633,0.29210174,0.44440153,0.3620089,0.5154703,0.63061154,0.5238797,0.4735184,0.58749294,0.5914019,0.45736617,0.45067814,0.48790738,0.40642527,0.2938202,0.17101946,0.028643077,-0.0400201,-0.1790886,-0.20364437,-0.11944613,0.040275313,0.14637032,0.19545896,0.097530566,0.06211827,0.07875981,0.18925133,0.38254914,0.5405553,0.599518,0.7067641,0.72532815,0.84614813,1.0,0.8585551,0.7514959,0.7186452,0.6798687,0.58249974,0.45382872,0.345988,0.3205278,0.27203244,0.21029976,0.08142898,0.09501043,0.023782369,-0.025870917,-0.059960704,-0.03882157,-0.04480253,-0.05816229,-0.053037647,-0.085792325,-0.15131918,-0.17046162,-0.091767006,-0.102508835,-0.15761496,-0.069226176,0.0172282,0.0043908767,0.045011368,0.2015402,0.3477403,0.28181866,0.29308584,0.46341604,0.39098316,0.30942187,0.3431508,0.43539363,0.399578,0.35834876,0.22314167,0.13156156,0.06228938,-0.0026115156,0.05431155,0.08589959,-0.048781194,-0.04870777,0.025840592,-0.04394583,-0.17356898,-0.11533306,-0.09032574,-0.21167967,-0.2705689,-0.33514577,-0.36068642,-0.3374864,-0.34235072,-0.3899694,-0.40619883,-0.35779694,-0.31376985,-0.3840308,-0.31468353,-0.18634214,-0.19804803,-0.22591162,-0.12982836,-0.09265172,-0.14460804,-0.16908623,-0.26733854,-0.29746786,-0.34790117,-0.36113855,-0.30213425,-0.2565126,-0.2897945,-0.2794501,-0.21572405,-0.22796528,-0.27705115,-0.23967649,-0.21044412,-0.24504274,-0.23590687,-0.11132909,-0.095143795,-0.07485644,0.06382407,0.115889125,0.07435526,0.16743001,0.29653692,0.24703749,0.13083808,0.01885189,-0.04845428,-0.033878468
163,0.12354258,0.104026906,0.1186556,0.073954545,0.09027959,0.06280906,0.02010876,0.04505279,0.068510115,-0.021652507,-0.07688695,-0.023681136,-0.08107267,-0.18941438,-0.24139117,-0.2683882,-0.27476573,-0.32740778,-0.35863256,-0.3753004,-0.40856248,-0.40982234,-0.4319816,-0.3891288,-0.35954452,-0.27343044,-0.15691938,0.035951443,0.14308499,0.22095524,0.20994315,0.11171183,0.050587256,0.20236911,0.1809588,0.15293935,0.14370985,0.057065524,0.16016008,0.20028181,0.16364035,0.22102757,0.22609235,0.19558474,0.23546791,0.10269513,0.05544833,-0.20625778,-0.3402745,-0.4076218,-0.38661534,-0.37460768,-0.37767783,-0.35848284,-0.27601686,-0.23996869,-0.29165512,-0.338837,-0.2771885,-0.23094182,-0.27806702,-0.25276962,-0.13275605,-0.16103294,-0.17487282,-0.08511761,-0.01951922,-0.036039494,0.005927401,0.06209211,0.1080776,0.13116738,0.13477185,0.13114661,0.11454594,0.11287219,0.12170983,0.10821741,0.100415654,0.13882071,0.141891,0.11809606,0.16004574,0.035985325,-0.06582292,-0.2233817,-0.21518493,-0.30331278,-0.23758565,-0.27116004,-0.18066129,-0.09415208,-0.07177605,0.009578817,0.03568808,-0.11442089,0.16441466,0.20794062,0.03342264,-0.07681655,-0.11026121,-0.24940202,-0.18838663,-0.037535246,0.011928531,0.10111717,0.06864157,0.0722302,0.06043817,0.03904343,0.022397682,0.020593064,-0.02806756,-0.04004311,-0.032059193,-0.053225853,-0.012356533,-0.008607499,-0.06287273,-0.05531607,-0.11885894,-0.0034560475,0.12181704,0.27779326,0.31664014,0.4392758,0.36513615,0.46810135,0.57779866,0.47886252,0.4262845,0.5182081,0.5200223,0.38391775,0.3631944,0.40647146,0.34053484,0.25626054,0.15644376,0.0059164036,-0.050832383,-0.18161733,-0.21992886,-0.15210097,0.010537705,0.13218509,0.16025239,0.04117404,0.008281007,0.042944606,0.13652283,0.3330948,0.45141748,0.5192931,0.6631175,0.72218716,0.75431746,0.8585551,1.0,0.85111755,0.6732321,0.6499362,0.6595892,0.4582747,0.26594377,0.27837768,0.27646416,0.15610111,0.0836664,0.17684071,0.11423978,0.049972333,-0.008761957,-0.017861282,-0.036491577,-0.032124843,0.0035085178,-0.0542281,-0.117669284,-0.12597643,-0.04440044,-0.061677147,-0.10704052,-0.020174364,0.0609391,0.041307054,0.08548024,0.23955299,0.37910867,0.3060487,0.31453252,0.46340626,0.38337606,0.2995089,0.32074293,0.40139952,0.38585785,0.3527232,0.24061412,0.17803013,0.10938104,0.04038336,0.09516362,0.12930991,-0.011727326,-0.016602822,0.05138633,-0.038637135,-0.19345157,-0.12645295,-0.11542635,-0.25348663,-0.31716934,-0.38148847,-0.41261956,-0.40118435,-0.41011718,-0.44824234,-0.46573117,-0.4030252,-0.33071035,-0.39505276,-0.31883112,-0.15969115,-0.16164838,-0.19490087,-0.08315684,-0.035335,-0.09572333,-0.12421314,-0.24390563,-0.29793423,-0.3850908,-0.43246463,-0.38353214,-0.31590572,-0.3438452,-0.30733234,-0.2300317,-0.258667,-0.3048435,-0.2533698,-0.23023419,-0.27004632,-0.25600275,-0.11632629,-0.10229554,-0.07499237,0.084210396,0.14274915,0.1079117,0.21318766,0.36100465,0.3348354,0.3060676,0.10488169,-0.031955555,-0.037177064
164,0.13208583,0.09253182,0.09702671,0.043050393,0.06122475,0.037902657,0.008771095,0.040383197,0.050669894,-0.041072417,-0.08367126,-0.025025394,-0.09999775,-0.2054889,-0.25099924,-0.28140295,-0.30186448,-0.346136,-0.38588157,-0.3988626,-0.4288006,-0.43067497,-0.45731607,-0.4204506,-0.36989003,-0.27499712,-0.14941725,0.033691097,0.14295208,0.22529829,0.35924023,0.18777242,0.15912105,0.3406532,0.3422814,0.3087565,0.3071326,0.17427325,0.22113468,0.1592885,0.10531248,0.18551105,0.22459967,0.23131143,0.2632149,0.10609948,0.045478113,-0.21744569,-0.35470238,-0.40006828,-0.37896332,-0.3242356,-0.33896792,-0.31422108,-0.2437537,-0.19116937,-0.25891876,-0.31360456,-0.23271294,-0.18720265,-0.25369877,-0.23046026,-0.11200979,-0.13637373,-0.16048396,-0.098637626,-0.03371585,-0.05513451,-0.029136064,0.077418,0.13659547,0.18279758,0.1821753,0.16791049,0.14620042,0.12687431,0.12216762,0.10117378,0.10017311,0.15725398,0.18059124,0.15959717,0.19585826,0.076452315,-0.023769703,-0.15409493,-0.14341936,-0.26348788,-0.21688432,-0.24868609,-0.12275896,-0.07784078,-0.10413356,-0.018118778,0.00014242626,-0.19036649,0.20606366,0.29771113,0.11637598,0.02562906,-0.0036157088,-0.20514502,-0.13650128,0.0068419822,0.039397847,0.13516292,0.0984897,0.13247594,0.12843299,0.10124569,0.07088477,0.09067918,0.04080089,-0.0070032957,0.0043513873,-0.0022835983,0.049474265,0.0717096,0.04306412,0.056975756,-0.0036759742,0.110554434,0.20184,0.33533448,0.34941724,0.4296568,0.37228632,0.5189214,0.64760244,0.55339277,0.43657932,0.5341303,0.5578875,0.382538,0.32809767,0.41097018,0.33842954,0.24812676,0.177052,0.0065242946,-0.04799993,-0.19706911,-0.24308866,-0.16774069,-0.032271717,0.059324697,0.09889087,-0.010695788,-0.051683597,-0.0711754,0.054040283,0.27824214,0.3913809,0.4363777,0.5173771,0.62070394,0.7406637,0.7514959,0.85111755,1.0,0.8485205,0.68850106,0.77942306,0.7023051,0.44962916,0.37089998,0.4302466,0.33222547,0.091503605,0.06663718,-0.009997364,-0.077290714,-0.071976095,-0.02418704,-0.06925207,-0.055680893,0.014439638,-0.105413444,-0.19040021,-0.18326254,-0.071849644,-0.12331332,-0.1595552,-0.0334642,0.037426848,-0.025855884,0.07982999,0.2667717,0.3501898,0.2870147,0.37498233,0.48799562,0.37584078,0.3319183,0.3793223,0.44354248,0.45493624,0.4158176,0.33503175,0.2445417,0.15961094,0.10071916,0.18270877,0.20756795,0.03643484,0.06797325,0.14303224,0.009465179,-0.16311148,-0.07699038,-0.090325125,-0.2798187,-0.35093066,-0.41024825,-0.44287303,-0.4295809,-0.41439807,-0.44500622,-0.4748228,-0.41014823,-0.27436513,-0.39335927,-0.36352462,-0.1353936,-0.13054015,-0.22481951,-0.10522037,-0.02244199,-0.10900796,-0.111840166,-0.2619626,-0.37291327,-0.4812244,-0.5545247,-0.5196227,-0.44739443,-0.41124558,-0.40187594,-0.36410537,-0.39240736,-0.4350544,-0.3867135,-0.36325452,-0.39808828,-0.3715551,-0.22345017,-0.21215542,-0.1648678,0.0031616895,0.072423324,0.023413958,0.15774016,0.31278083,0.30457473,0.22717288,0.07276403,-0.10126978,-0.06851884
165,0.09257397,0.036588974,0.03764103,-0.020191338,-0.009154699,-0.051684286,-0.075517125,-0.039939962,-0.04438508,-0.14196795,-0.1812404,-0.10827393,-0.18999077,-0.3011859,-0.33253813,-0.33761665,-0.3790084,-0.41559994,-0.42950103,-0.44597983,-0.45266017,-0.44413343,-0.46494594,-0.43647984,-0.3799138,-0.29375583,-0.17893167,0.0050541395,0.10958162,0.24077779,0.35517454,0.24849948,0.2692657,0.29612505,0.31392968,0.32318175,0.3212357,0.24145979,0.1986487,0.120234884,0.08611947,0.17031746,0.203182,0.19464645,0.216804,0.06440329,0.025088618,-0.2307066,-0.30124938,-0.39909428,-0.3934256,-0.3219714,-0.32552004,-0.28792682,-0.19793837,-0.14263494,-0.22702451,-0.30657518,-0.1931473,-0.14628185,-0.25829124,-0.2557233,-0.12369902,-0.13927148,-0.19246262,-0.14450875,-0.072131984,-0.117295936,-0.10840427,0.032887973,0.10980354,0.17726295,0.1698695,0.15337375,0.12844303,0.08588883,0.07168108,0.03263835,0.045727156,0.11223872,0.15367922,0.12443435,0.14930068,0.03399528,0.056626286,-0.102195315,-0.10955822,-0.2532773,-0.22406073,-0.23784521,-0.10066884,-0.08002788,-0.13383274,-0.071908884,0.005187203,-0.07691695,0.32529622,0.4038358,0.16191699,0.103094265,0.11571956,-0.11537145,-0.089009725,0.05133716,0.031248901,0.13135597,0.09422192,0.15093762,0.14854422,0.10738312,0.06798904,0.12895475,0.06731299,-0.024303244,0.02692362,0.046206173,0.13569257,0.15047817,0.12421573,0.07687807,0.10834623,0.24367039,0.31356853,0.38757226,0.36770266,0.49230638,0.41635215,0.6173036,0.74376667,0.62174326,0.4800533,0.5827785,0.5940532,0.41000697,0.37537843,0.45180893,0.34793484,0.23178661,0.1398839,-0.036120392,-0.104971215,-0.25333628,-0.2694068,-0.17192054,-0.047007345,0.020508641,0.0935433,0.012257683,-0.057736147,-0.09826108,0.095444866,0.29935855,0.40475342,0.37687823,0.41085872,0.46023574,0.6495767,0.7186452,0.6732321,0.8485205,1.0,0.84935033,0.7918484,0.8306695,0.71673346,0.58184236,0.57076424,0.5486013,0.21522151,-0.016261889,-0.11882676,-0.15377556,-0.09786328,0.019861022,-0.013492247,-0.030872254,-0.008793058,-0.15546548,-0.24760766,-0.24924831,-0.13578005,-0.18123601,-0.21245256,-0.08951221,-0.010181804,-0.051533338,0.042412862,0.22327408,0.32557756,0.27554145,0.36134613,0.4944446,0.4046881,0.37555608,0.43279293,0.50131047,0.48826256,0.43132567,0.31710434,0.17653838,0.09752454,0.0426184,0.12404406,0.1520765,-0.007403246,0.026355289,0.11368681,0.021532381,-0.12494744,-0.06472481,-0.062148012,-0.2337625,-0.2965121,-0.3564975,-0.38286218,-0.35391688,-0.3269033,-0.37301728,-0.3817179,-0.35289475,-0.26673147,-0.38675448,-0.36771798,-0.18974909,-0.19978301,-0.28533927,-0.1835569,-0.11734699,-0.19406824,-0.19391021,-0.3158068,-0.39941332,-0.45332724,-0.48106903,-0.42708027,-0.41152257,-0.3668061,-0.37639302,-0.35374165,-0.33600008,-0.3827916,-0.3542841,-0.31112513,-0.33137596,-0.2917847,-0.15595701,-0.16157831,-0.12820843,0.037561048,0.09283904,-0.004302922,0.09634079,0.24007134,0.20891723,0.039599385,0.039613716,-0.031620964,0.024838878
166,0.11195001,0.088460065,0.09860803,0.06149705,0.06419762,0.023082081,-0.001684755,0.018057473,0.0025539196,-0.066047065,-0.11880668,-0.068358615,-0.12885311,-0.22659753,-0.269176,-0.27828202,-0.31575626,-0.36686787,-0.36653614,-0.36445728,-0.35314348,-0.34331986,-0.3673703,-0.33740965,-0.3003511,-0.22156689,-0.12341858,0.034227826,0.1125071,0.22820693,0.21301743,0.23117128,0.19200021,0.10181598,0.16187379,0.18839611,0.13160944,0.0934289,0.034378104,0.0529044,0.06902801,0.13605243,0.16595459,0.15594389,0.1571591,0.06522288,0.040582716,-0.17385292,-0.20984939,-0.3664518,-0.3950631,-0.354575,-0.3651746,-0.341465,-0.24111414,-0.1931862,-0.2599587,-0.3298675,-0.21876802,-0.17006859,-0.2605779,-0.25207996,-0.13050343,-0.1379889,-0.16357853,-0.10932224,-0.05346545,-0.08160468,-0.051746335,0.0385758,0.10094204,0.14591323,0.15499522,0.14205836,0.12006553,0.101021394,0.10002082,0.07651451,0.078131646,0.11679699,0.12810482,0.093837164,0.088939056,0.00015804775,0.06847297,-0.11086291,-0.14160264,-0.29054305,-0.23693778,-0.2566065,-0.16212025,-0.106472164,-0.16679658,-0.14384416,-0.026606614,-0.034853563,0.22772655,0.27778333,0.079364344,0.033815037,0.06405775,-0.10787125,-0.09712212,0.026928402,0.0086321365,0.09654289,0.09367689,0.10542822,0.07628405,0.03952335,0.012432311,0.03889394,0.0073155593,-0.047046833,-0.015480501,-0.0004968339,0.07486535,0.08266186,0.03989615,-0.038626235,0.034496572,0.15657856,0.22075564,0.26996237,0.26127073,0.4165285,0.31209207,0.4976189,0.63537,0.5007752,0.36904985,0.4821506,0.49724552,0.35257256,0.34052777,0.3923559,0.34403175,0.2372531,0.13534616,-0.0039466536,-0.06573902,-0.17843997,-0.19212057,-0.111192815,-0.0038755543,0.040557925,0.09844389,0.046977192,-0.02113982,-0.004190602,0.1387202,0.25127968,0.3125585,0.29289734,0.36399665,0.3903599,0.5257806,0.6798687,0.6499362,0.68850106,0.84935033,1.0,0.85997707,0.7714155,0.761015,0.7348107,0.6340472,0.5775975,0.26175907,0.019066755,-0.09185655,-0.1342713,-0.093165606,0.018231986,-0.009845078,-0.058293533,-0.09599614,-0.14490214,-0.20919071,-0.25465158,-0.16512465,-0.13288867,-0.16909656,-0.12725273,-0.015566528,0.0503132,0.058264855,0.1588227,0.38199425,0.38513002,0.31562272,0.49925417,0.5093463,0.4153103,0.40127856,0.48839054,0.40911162,0.32436648,0.15466365,0.013689992,-0.035036568,-0.106863864,-0.045270372,0.013209692,-0.112695925,-0.11094833,0.0046106065,0.0018627075,-0.11680673,-0.061399702,0.001890985,-0.11180627,-0.1639033,-0.24093652,-0.25962123,-0.2344646,-0.24106698,-0.30260456,-0.29038063,-0.30050743,-0.31875,-0.39863276,-0.35419926,-0.28613192,-0.31742465,-0.33838996,-0.25907382,-0.24214603,-0.28740677,-0.31537104,-0.3797311,-0.3748268,-0.3551552,-0.30480042,-0.22178935,-0.22829524,-0.21681358,-0.23597807,-0.19340377,-0.1510443,-0.20376088,-0.16589646,-0.096819095,-0.09972435,-0.06329128,0.09439621,0.10163145,0.12157486,0.29724318,0.33808184,0.2245533,0.2697463,0.39383757,0.33495826,-0.0037166465,-0.03702913,-0.015276832,0.03842354
167,0.13004327,0.10619863,0.11999579,0.08224907,0.09065143,0.066298805,0.048222657,0.05972666,0.044529222,-0.010431696,-0.065816045,-0.031499177,-0.08240225,-0.172683,-0.22767378,-0.24646124,-0.2731561,-0.3236477,-0.3440491,-0.3447529,-0.32512957,-0.3204058,-0.35079175,-0.31245878,-0.2685194,-0.18424454,-0.08303488,0.062702276,0.13108042,0.20892656,0.2441817,0.20129885,0.20123123,0.18293387,0.21418285,0.22179808,0.19844441,0.1424319,0.10287684,0.07677191,0.06254606,0.12805131,0.1645124,0.18641154,0.18194951,0.080636315,0.032833826,-0.17048045,-0.24088395,-0.34348792,-0.3642261,-0.3135832,-0.35209015,-0.32465494,-0.2407547,-0.18971223,-0.25685823,-0.3203799,-0.22704029,-0.17960106,-0.25574172,-0.2406282,-0.13283221,-0.14334615,-0.143347,-0.09957782,-0.057107713,-0.06501266,-0.033807818,0.05159415,0.10626137,0.15214172,0.16528621,0.14849283,0.12076192,0.11138338,0.11339783,0.10250555,0.09338909,0.13627431,0.14144485,0.12067761,0.09815646,0.0132605,0.022865497,-0.116151795,-0.14409716,-0.28826055,-0.2305907,-0.25816178,-0.16306323,-0.1203536,-0.18624711,-0.15226692,-0.07111356,-0.12102806,0.16113225,0.2246908,0.08119462,0.027531236,0.04736067,-0.15389723,-0.14010723,-0.020464676,-0.017740611,0.06591234,0.06449953,0.07218908,0.04253964,0.018486584,-0.012664569,0.005688995,-0.009077959,-0.050456777,-0.041855574,-0.02631287,0.030403059,0.049126428,0.02448433,-0.02492104,0.01142909,0.09974236,0.14782418,0.23727858,0.2489402,0.3666258,0.28046486,0.42297846,0.5636947,0.46387416,0.3130083,0.4074723,0.4372434,0.29798236,0.25312784,0.32035512,0.29895607,0.2302017,0.17802945,0.045420233,-0.006948509,-0.1219916,-0.15212378,-0.08682015,0.008573437,0.036389403,0.08402963,0.023812093,-0.04691678,-0.04175136,0.0922238,0.20473528,0.2501892,0.25347584,0.32618067,0.3697204,0.48916894,0.58249974,0.6595892,0.77942306,0.7918484,0.85997707,1.0,0.8677473,0.7049734,0.71437055,0.71435577,0.58303016,0.2611394,0.06689759,-0.04022526,-0.101015046,-0.06557908,0.035874784,-0.012560702,-0.04506816,-0.047597956,-0.13769278,-0.2035749,-0.24353375,-0.15378906,-0.13306534,-0.16491553,-0.1303694,-0.023389557,0.02586999,0.035263315,0.13538156,0.3308487,0.34461764,0.28426456,0.44101742,0.45482165,0.36940187,0.3421988,0.41851002,0.3535275,0.27521324,0.13811865,0.021994524,-0.028016843,-0.10265768,-0.03526426,0.02002269,-0.11975927,-0.10372608,0.010192976,-0.023762122,-0.15293412,-0.07093417,-0.019843126,-0.15438119,-0.20533757,-0.28390113,-0.29902372,-0.2876744,-0.30272716,-0.35556063,-0.34793928,-0.34464636,-0.3272149,-0.4167123,-0.38191685,-0.27449957,-0.29176742,-0.33061534,-0.24141632,-0.20458122,-0.25957295,-0.28376782,-0.37235376,-0.40165687,-0.41876844,-0.3985265,-0.3330264,-0.31258884,-0.27352205,-0.26755425,-0.2314855,-0.2020372,-0.25113755,-0.2127341,-0.14637029,-0.15183885,-0.11868624,0.052855287,0.0700554,0.09991004,0.27748922,0.34237152,0.24247605,0.29904014,0.44069618,0.4136719,0.13965425,0.039475463,-0.013586616,0.03684017
168,0.09987837,0.04197377,0.03547058,-0.013702291,-0.011560424,-0.047860105,-0.042552404,-0.024948636,-0.05881093,-0.116932385,-0.1457332,-0.10130364,-0.16672671,-0.24262418,-0.27470407,-0.27827454,-0.31295797,-0.3473094,-0.3560219,-0.35256723,-0.32503948,-0.30755147,-0.33063918,-0.30776942,-0.24493894,-0.18282253,-0.10675807,0.025540978,0.08389803,0.18034898,0.31366134,0.23023476,0.30957642,0.26329285,0.28357524,0.29704928,0.31134862,0.27404147,0.16434649,0.03055867,0.0014648648,0.066566,0.117776394,0.14715171,0.14189808,0.035521816,-0.005278476,-0.17748213,-0.20927793,-0.2890256,-0.30708334,-0.22122063,-0.25931114,-0.23861144,-0.168756,-0.11372076,-0.19033873,-0.26770985,-0.16292901,-0.12380208,-0.22621034,-0.22287636,-0.1206628,-0.12870866,-0.15649344,-0.13563591,-0.08692518,-0.11918176,-0.120742895,0.018794341,0.08996463,0.16274767,0.16447565,0.1435929,0.11511076,0.07609333,0.0651593,0.03224727,0.034011886,0.09238901,0.12648633,0.105646305,0.08594121,0.016365942,0.072941944,-0.036386207,-0.052756093,-0.2000152,-0.17572328,-0.18351293,-0.0579384,-0.059523042,-0.16776018,-0.1370417,-0.039072726,-0.0734299,0.23253398,0.3008083,0.14967279,0.15265034,0.17947659,-0.08004491,-0.081246756,0.024317902,-0.006240976,0.070684135,0.06793299,0.11963638,0.10797767,0.07767055,0.032022003,0.091914445,0.05900995,-0.034396254,0.0013084686,0.03602813,0.11742493,0.14056802,0.12682588,0.06792509,0.1393257,0.22863571,0.24038917,0.28642604,0.28128844,0.35522246,0.3000964,0.4555633,0.58219945,0.48953846,0.3159355,0.39621428,0.42396107,0.26973864,0.22189233,0.29757655,0.24423908,0.1674805,0.13481034,0.004479146,-0.055354334,-0.1582317,-0.16947219,-0.09292365,-0.030502435,-0.030604009,0.041179463,0.000209025,-0.073628545,-0.13116688,0.05743978,0.18294351,0.22530036,0.20863411,0.20226178,0.23510116,0.4130623,0.45382872,0.4582747,0.7023051,0.8306695,0.7714155,0.8677473,1.0,0.86188143,0.725789,0.7734818,0.7270709,0.2915229,-0.06345802,-0.17101504,-0.20264627,-0.09621356,0.06508847,0.009088523,-0.017025923,0.00021887987,-0.15981904,-0.24605404,-0.25543964,-0.15214954,-0.17584677,-0.1967387,-0.117765106,-0.03173227,-0.03745167,0.017832529,0.1464258,0.25990513,0.2508622,0.2812197,0.39252573,0.36562285,0.34278265,0.36272097,0.41387376,0.38549486,0.31841913,0.2100985,0.08129485,0.02632768,-0.029678643,0.04349367,0.078551926,-0.06252324,-0.02599299,0.06890709,0.011818879,-0.10596088,-0.042138495,-0.02570867,-0.17501484,-0.22302644,-0.28471625,-0.2926706,-0.27394527,-0.25220925,-0.29177138,-0.2831188,-0.288422,-0.23444125,-0.34188256,-0.34608507,-0.2103049,-0.22372118,-0.297129,-0.21658736,-0.16440588,-0.22837043,-0.2284015,-0.3264174,-0.39785135,-0.42262468,-0.41990227,-0.37000266,-0.37244505,-0.29401988,-0.31448206,-0.30643702,-0.27369735,-0.31884146,-0.2912667,-0.23719054,-0.23575447,-0.19155784,-0.047270957,-0.05259258,-0.024996975,0.12685202,0.18887624,0.07539974,0.13607082,0.26088518,0.24720314,0.01099467,0.040815376,-0.0038750395,0.06781062
169,0.0192138,-0.0295047,-0.031371273,-0.06535434,-0.07012437,-0.11295989,-0.10123876,-0.09282674,-0.13488868,-0.17610468,-0.20397061,-0.16479701,-0.21539281,-0.28109536,-0.30928734,-0.2899243,-0.3268386,-0.35465518,-0.3195434,-0.32197872,-0.2604745,-0.22669545,-0.24408099,-0.24395014,-0.18634222,-0.14939375,-0.109197535,-0.0038910015,0.028271273,0.13253523,0.16555817,0.19347881,0.3031467,0.08393209,0.11648667,0.16434215,0.17595889,0.22244601,0.04449548,-0.053940643,-0.03550612,0.011157542,0.040067296,0.053466324,0.030724958,-0.025284084,-0.04648481,-0.17029339,-0.11642889,-0.23084101,-0.26298383,-0.19735828,-0.23096125,-0.21149682,-0.13454182,-0.09434489,-0.1698972,-0.2533651,-0.1458738,-0.101654485,-0.21287867,-0.23200217,-0.13934368,-0.1350037,-0.16913477,-0.16420844,-0.122665495,-0.16063683,-0.17782433,-0.055969846,0.0096505275,0.08196829,0.08577326,0.067459896,0.042466734,-0.0011990084,-0.011273993,-0.04890892,-0.044649202,0.0039603594,0.03641767,0.015735231,-0.027051331,-0.07363767,0.09701796,-0.018514466,-0.03217289,-0.16616747,-0.15785207,-0.14782897,-0.046941575,-0.051834892,-0.15582424,-0.16097578,-0.021647083,0.07699648,0.27125236,0.2909643,0.14501965,0.18484902,0.23019879,0.0154022025,-0.06242836,0.010898621,-0.06224945,0.00990311,0.013538151,0.064519204,0.05442973,0.020210024,-0.013445387,0.04997781,0.028543567,-0.068297744,-0.017899003,0.03271934,0.117770195,0.13525006,0.123400815,0.010216948,0.17469467,0.262641,0.2544222,0.24622068,0.20887,0.32583264,0.23976104,0.38316026,0.49252266,0.3802533,0.23052742,0.31184456,0.31440404,0.18800707,0.184085,0.23456015,0.1851895,0.10182931,0.064926475,-0.031462435,-0.093145944,-0.15823013,-0.13512908,-0.056034934,-0.025840947,-0.061919983,0.025486125,0.028901832,-0.048222784,-0.09371496,0.11504591,0.16413063,0.18256952,0.14540046,0.11555463,0.08363923,0.26231733,0.345988,0.26594377,0.44962916,0.71673346,0.761015,0.7049734,0.86188143,1.0,0.86982393,0.77607626,0.8324414,0.43443432,-0.066547744,-0.18369003,-0.17019983,-0.04978099,0.15024157,0.13147625,0.05496091,0.0053993426,-0.12795684,-0.19516788,-0.21945298,-0.14199354,-0.13051252,-0.14827304,-0.118850015,-0.029460955,0.020814303,0.0068984423,0.077801295,0.22423841,0.21412134,0.17854494,0.29405162,0.31921875,0.29355386,0.3064354,0.3543579,0.2910333,0.21963194,0.09741177,-0.031976648,-0.050361335,-0.104008846,-0.07000403,-0.028559882,-0.11382457,-0.1121006,-0.031027397,-0.00907503,-0.08106747,-0.063715965,-0.022385232,-0.10029963,-0.13098064,-0.18329515,-0.17205219,-0.14760534,-0.13805342,-0.17776303,-0.12541476,-0.17834371,-0.22136721,-0.2705028,-0.25714463,-0.23444043,-0.2614062,-0.27419767,-0.22785355,-0.2202815,-0.24960372,-0.26490647,-0.30375183,-0.3085205,-0.26795694,-0.21089838,-0.14799434,-0.2123709,-0.15382698,-0.17800063,-0.16781686,-0.10212612,-0.14352809,-0.11739657,-0.052207157,-0.045512803,0.001653146,0.120719805,0.09106753,0.08195096,0.21504894,0.2573969,0.10066152,0.085985094,0.1810833,0.15813711,-0.122548304,0.032668553,0.107053936,0.17297834
170,-0.019720359,-0.025704239,-0.0027662069,-0.009452088,-0.008681522,-0.022541367,-0.029603487,-0.044801854,-0.064006805,-0.07960529,-0.13508137,-0.12059838,-0.13030486,-0.17881955,-0.23236835,-0.20886074,-0.22480766,-0.25854972,-0.2241531,-0.23225932,-0.16226177,-0.1427905,-0.16940792,-0.17270088,-0.1290307,-0.09381736,-0.063429125,0.019893397,0.031679973,0.10106778,0.013214991,0.11382249,0.17433889,-0.07124898,-0.036243223,0.01293823,0.0047601303,0.0723697,-0.06421787,-0.060752954,-0.019143308,0.013325111,0.012361951,0.024770193,-0.013432013,-0.028593723,-0.046378504,-0.15117203,-0.09234648,-0.20935397,-0.23772024,-0.21619262,-0.24977247,-0.22862291,-0.15036798,-0.12688692,-0.17536107,-0.2406573,-0.1658683,-0.1304017,-0.20766142,-0.2282373,-0.1681046,-0.15785494,-0.15492551,-0.1532815,-0.13878559,-0.15145727,-0.14009437,-0.09300052,-0.05783125,-0.017154813,0.0028542054,-0.008954309,-0.03111644,-0.040497497,-0.03407653,-0.0393973,-0.049059127,-0.029313935,-0.036986306,-0.04452675,-0.10323006,-0.1387149,0.017577913,-0.082585,-0.10501099,-0.20243102,-0.17550026,-0.16468154,-0.12767601,-0.114310935,-0.1656705,-0.18036862,-0.059206005,0.08430769,0.2124181,0.20814104,0.07545474,0.059787046,0.098694876,-0.0288683,-0.13066962,-0.08892985,-0.14634156,-0.086039476,-0.07969346,-0.074189015,-0.09894307,-0.122592576,-0.13712485,-0.11013521,-0.10016361,-0.13851681,-0.12002687,-0.07277179,-0.016197849,-0.0054277345,-0.0029706666,-0.120097764,0.04304471,0.1114373,0.13398337,0.14702968,0.12712799,0.26913247,0.15740423,0.27065226,0.36871192,0.26174927,0.15807699,0.23363693,0.21986002,0.14819987,0.17181039,0.18962686,0.16404523,0.10438166,0.07919389,0.016562065,-0.033499263,-0.08689114,-0.058466315,0.011762738,0.040189642,-0.0020668511,0.06533913,0.07307908,-0.01115675,-0.008629866,0.14837477,0.13694869,0.12489053,0.08141378,0.10385825,0.066951126,0.1997011,0.3205278,0.27837768,0.37089998,0.58184236,0.7348107,0.71437055,0.725789,0.86982393,1.0,0.8569002,0.78828245,0.5153307,0.13533841,0.002557726,-0.010940751,0.031333122,0.18698487,0.18242551,0.081449084,-0.011082826,-0.051923085,-0.08653486,-0.1526746,-0.10896113,-0.031756498,-0.057289366,-0.11667533,-0.01081899,0.12443985,0.0061772633,-0.0023559139,0.2268571,0.22907767,0.05710651,0.19530922,0.2927374,0.19924352,0.16304901,0.2312143,0.1280047,0.058813337,-0.078251764,-0.16905002,-0.14792183,-0.21736647,-0.22310798,-0.16761239,-0.21302752,-0.25464353,-0.17352684,-0.08904185,-0.13610123,-0.12489852,-0.03711058,-0.051589627,-0.06462107,-0.12415459,-0.099442385,-0.088045724,-0.12292746,-0.17003033,-0.09615208,-0.16010992,-0.28907654,-0.2800994,-0.2210965,-0.2906262,-0.3235771,-0.26515037,-0.23620297,-0.26953036,-0.26610753,-0.311567,-0.3058976,-0.23387763,-0.16026647,-0.068566315,0.006092912,-0.055435218,-0.030861834,-0.020513635,0.012874898,0.08677463,0.04907779,0.08084628,0.1585816,0.16418767,0.19568738,0.3260599,0.3009347,0.27000657,0.40427047,0.43949443,0.27374554,0.19816756,0.2866769,0.27065265,-0.042787384,0.032099556,0.14074269,0.1857523
171,0.02947023,0.0066482103,0.020658016,0.0016673498,0.0022976766,-0.007286801,-0.0062957853,-0.020679755,-0.038439382,-0.055859808,-0.10477581,-0.094037026,-0.10627088,-0.14819767,-0.20297678,-0.18771388,-0.19824372,-0.23069341,-0.23238938,-0.22668043,-0.16763094,-0.1537642,-0.18328707,-0.17913003,-0.13351147,-0.09043432,-0.055759985,0.03447873,0.04640323,0.104369044,0.11945729,0.13580555,0.21498506,0.07086513,0.08739755,0.11779224,0.13108915,0.16073136,0.052593485,-0.013732815,-0.016651008,0.016328927,0.028761515,0.050860986,0.02573161,-0.0100981705,-0.02125894,-0.14068396,-0.123095036,-0.20450285,-0.22000875,-0.1854772,-0.23031694,-0.21976143,-0.159551,-0.13131014,-0.17567246,-0.2319657,-0.16979425,-0.13644916,-0.20437397,-0.21293287,-0.15808433,-0.14923115,-0.14098227,-0.14631696,-0.12821215,-0.13730158,-0.13117586,-0.059554223,-0.01818367,0.027165646,0.04696804,0.022774873,-0.003490825,-0.010486356,-0.0011422252,-0.0031311007,-0.01425798,0.012846155,0.0076027247,-0.0044028834,-0.04704947,-0.08765278,0.003665064,-0.06735765,-0.09141087,-0.1856157,-0.16181126,-0.15591714,-0.09841253,-0.08569755,-0.1557322,-0.16468199,-0.06594094,-0.001322553,0.16146055,0.18624012,0.045129105,0.043078694,0.079095006,-0.09806095,-0.14878598,-0.09009587,-0.1184096,-0.062846944,-0.054021228,-0.04008206,-0.061180297,-0.077471144,-0.102057196,-0.07707261,-0.07964671,-0.120547794,-0.10843107,-0.07164115,-0.018564546,-0.005232908,0.00055188703,-0.07059464,0.031415414,0.08446272,0.10794821,0.15338202,0.155214,0.25896573,0.19026174,0.29489526,0.37857074,0.2946193,0.18808123,0.2440143,0.23382059,0.15520775,0.15656184,0.18183528,0.14858727,0.10716336,0.10247251,0.035628825,-0.012519307,-0.07927315,-0.065919645,-0.0026919022,0.032809824,-0.011472031,0.05229327,0.03952663,-0.047371097,-0.06449291,0.07871605,0.11510373,0.109150596,0.060332686,0.06560121,0.0627156,0.19589232,0.27203244,0.27646416,0.4302466,0.57076424,0.6340472,0.71435577,0.7734818,0.77607626,0.8569002,1.0,0.86218166,0.49922746,0.15239672,0.026874341,-0.023492606,0.039883092,0.18832384,0.12436646,0.06366886,0.020563692,-0.06832826,-0.11415148,-0.1723275,-0.11812039,-0.06500039,-0.09888591,-0.13706557,-0.03206679,0.054374125,-0.048357006,-0.020200258,0.17049825,0.1573053,0.04226329,0.16927859,0.23594247,0.1714917,0.15994963,0.22139066,0.14349474,0.078862324,-0.050656907,-0.13286614,-0.12705645,-0.19737807,-0.19089612,-0.15209092,-0.2224026,-0.23932657,-0.16129325,-0.12329161,-0.17635766,-0.13977103,-0.07197557,-0.11345152,-0.12042958,-0.18166868,-0.15048537,-0.14596877,-0.18630604,-0.22988053,-0.16238475,-0.21214771,-0.2881983,-0.30443805,-0.26263863,-0.2789565,-0.3023203,-0.27055737,-0.22902392,-0.24347241,-0.25137776,-0.28931132,-0.31011653,-0.27509317,-0.23740594,-0.17427121,-0.11169385,-0.14406489,-0.0972095,-0.0803458,-0.04776253,0.010439782,-0.031179981,-0.00608979,0.067169696,0.069232605,0.08703151,0.21830525,0.20552832,0.17711945,0.30129367,0.357138,0.21126054,0.16220109,0.26534668,0.2765248,0.01737924,0.055011023,0.09287996,0.14783195
172,-0.06531967,-0.10028015,-0.10022128,-0.12156126,-0.13640647,-0.15139422,-0.1396334,-0.15158917,-0.17247967,-0.19841714,-0.23676623,-0.21018308,-0.2265188,-0.27300146,-0.30446857,-0.26261932,-0.2788798,-0.2986623,-0.26978964,-0.25639105,-0.19824634,-0.17030339,-0.18659265,-0.20599729,-0.14994752,-0.1378608,-0.14314254,-0.05878432,-0.057067294,0.023560906,0.080725186,0.09616911,0.27760735,0.065275885,0.058856625,0.095947765,0.15723115,0.2353525,0.066301525,-0.07616466,-0.0761207,-0.056827646,-0.050388172,-0.0554904,-0.06935271,-0.117362924,-0.107575014,-0.2075045,-0.13285087,-0.18296063,-0.18242505,-0.1408567,-0.17234512,-0.17684557,-0.10644831,-0.07562881,-0.14011922,-0.21946442,-0.15224464,-0.115884036,-0.20844285,-0.24400043,-0.19158863,-0.17445438,-0.1925646,-0.21876766,-0.1915748,-0.21390821,-0.24689856,-0.15041594,-0.09548967,-0.0274097,-0.01325158,-0.03892234,-0.066614464,-0.09982393,-0.10082102,-0.12022572,-0.12927255,-0.096749716,-0.07539409,-0.0988015,-0.12725013,-0.16608216,0.015609149,-0.05137442,-0.06713497,-0.14319749,-0.13297725,-0.10053557,-0.023330564,-0.03837155,-0.1162324,-0.13838726,-0.03117468,0.08325509,0.25107086,0.2503619,0.034279652,0.09815176,0.12891415,-0.042218577,-0.1414708,-0.097366944,-0.15742901,-0.10029741,-0.100496575,-0.058126174,-0.06280313,-0.08165807,-0.10322232,-0.040492896,-0.054382216,-0.12914261,-0.083377056,-0.024757288,0.043553337,0.04671696,0.05789972,-0.04469936,0.11851599,0.16679883,0.18686219,0.21008506,0.18475166,0.253441,0.18070921,0.3032418,0.37094864,0.25130618,0.16361481,0.23968065,0.19226806,0.07825756,0.12696867,0.16746749,0.078083664,-0.0036037965,-0.0042430405,-0.07187881,-0.1331238,-0.16904664,-0.1236221,-0.039977163,-0.023707377,-0.07784774,0.016393356,0.03158337,-0.056320887,-0.117743336,0.0755832,0.11514049,0.11286259,0.06279536,0.03110454,-0.015934102,0.14977735,0.21029976,0.15610111,0.33222547,0.5486013,0.5775975,0.58303016,0.7270709,0.8324414,0.78828245,0.86218166,1.0,0.63059473,0.1094864,-0.0029404208,-0.004780019,0.11938066,0.31701794,0.24823062,0.19586958,0.1413221,-0.015747797,-0.06777134,-0.101612926,-0.041968975,-0.023840914,-0.051644653,-0.061338473,0.02987573,0.06436676,-0.02933026,0.0275815,0.15050715,0.06939875,0.03177632,0.13325502,0.15155488,0.13911495,0.18443389,0.2112722,0.16439974,0.119134076,0.025311697,-0.053187914,-0.04305456,-0.10721405,-0.12238675,-0.09688788,-0.15243301,-0.1862204,-0.14712943,-0.11832912,-0.16686551,-0.17371133,-0.14189397,-0.18517198,-0.18994571,-0.22634573,-0.18888217,-0.16799796,-0.17594078,-0.1897188,-0.09504873,-0.15158118,-0.21866335,-0.21396235,-0.17319497,-0.19331744,-0.21380275,-0.17831287,-0.14384294,-0.1626173,-0.1652387,-0.2015492,-0.21470833,-0.18904512,-0.15234476,-0.11284517,-0.06776589,-0.1342309,-0.07777622,-0.07431983,-0.046202093,0.00463948,-0.045113463,-0.0072670835,0.043691278,0.01345906,0.048544418,0.1580566,0.09555342,0.044590827,0.16215037,0.20967488,0.029891988,-0.022460679,0.07906828,0.0802988,-0.060397927,0.13035825,0.19578676,0.24284048
173,-0.45717156,-0.45998546,-0.3986082,-0.3983112,-0.42311522,-0.3825389,-0.40807346,-0.4645017,-0.40333512,-0.408999,-0.48490843,-0.46976244,-0.3838223,-0.41598192,-0.46378028,-0.34122133,-0.28909507,-0.2661089,-0.1907794,-0.20902836,-0.12385272,-0.07414811,-0.06877193,-0.13800347,-0.09313817,-0.18326621,-0.28844544,-0.2444118,-0.29900417,-0.2461779,-0.37576112,-0.35183546,-0.017178532,-0.15040366,-0.35170025,-0.3193084,-0.109383985,0.10319965,0.051376864,-0.02998607,-0.08398183,-0.1333832,-0.2727176,-0.34220785,-0.34957922,-0.38273656,-0.32177913,-0.35029355,-0.21444319,-0.07640865,0.027700722,-0.03230744,-0.04472952,-0.046657536,0.037205476,0.008258765,-0.042155307,-0.12755452,-0.18145089,-0.17621253,-0.23826489,-0.35239363,-0.36770627,-0.3545886,-0.37983385,-0.42282915,-0.42320314,-0.4428583,-0.5031027,-0.51480657,-0.5070337,-0.44377372,-0.4123087,-0.42730173,-0.45854485,-0.49663666,-0.48565787,-0.48975733,-0.51470137,-0.49855027,-0.48294666,-0.4665202,-0.4776673,-0.5076732,-0.2538282,-0.23800012,-0.14808938,-0.056113828,-0.021717127,0.06486272,0.069460705,0.024791002,0.10509093,0.086416654,0.11042194,0.35784212,0.3442854,0.23175935,0.021868883,0.0071510905,-0.038595136,-0.029165154,-0.336118,-0.36422446,-0.4776497,-0.48584098,-0.5375503,-0.48440734,-0.4489675,-0.46107942,-0.4170286,-0.33578438,-0.27483943,-0.2825751,-0.24644244,-0.13312152,-0.14802895,-0.17856862,-0.093632445,-0.2518053,-0.028170815,0.0009166176,0.08206152,0.24305126,0.3210763,0.32830375,0.27807763,0.19164753,0.14922018,0.050359525,0.12652099,0.11770924,-0.07002155,-0.112732366,0.055750765,0.039622255,-0.16880035,-0.2546233,-0.2275276,-0.22815469,-0.2909762,-0.23967159,-0.12772936,-0.014766987,0.017373057,-0.018655973,0.113263346,0.101347245,-0.03417053,-0.08968702,0.112061016,0.1112088,0.08319417,0.048143204,0.082765415,-0.039357126,0.043899123,0.08142898,0.0836664,0.091503605,0.21522151,0.26175907,0.2611394,0.2915229,0.43443432,0.5153307,0.49922746,0.63059473,1.0,0.65243495,0.62563664,0.6976285,0.7139521,0.79840726,0.744512,0.6945131,0.63540435,0.43121302,0.39284605,0.35276264,0.35966653,0.38177595,0.31547722,0.23365712,0.32078272,0.3316175,0.012370221,0.04417161,0.10620976,-0.26081687,-0.3389005,-0.27662143,-0.31526312,-0.35958833,-0.27736735,-0.2597703,-0.23173714,-0.12981962,-0.10392252,0.002473754,0.09629299,0.0037671088,-0.18668406,-0.20833877,-0.16628775,-0.35789466,-0.48017994,-0.44156888,-0.4598723,-0.58005995,-0.5689183,-0.4821981,-0.44126126,-0.42330164,-0.32956365,-0.33282092,-0.36987072,-0.31618747,-0.12256093,-0.15905637,-0.31162548,-0.076954536,0.13085835,-0.0036786457,-0.0060108183,0.20258959,0.24028116,0.14237161,0.20835166,0.093254864,0.11242268,0.2182991,0.19837128,0.1456754,0.15788814,0.06972814,0.046549615,0.19375136,0.31706494,0.317292,0.25954142,0.3574386,0.35760018,0.19821614,0.23168702,0.29401207,0.09118237,-0.10148179,0.0019093968,0.047084216,-0.20567988,-0.38567734,-0.24446057,-0.19953191,0.27935326,0.54229575,0.5982339,0.5101757
174,-0.388815,-0.333951,-0.2538945,-0.23102884,-0.22739324,-0.15020813,-0.23049136,-0.272061,-0.1350259,-0.14019515,-0.22550002,-0.22189283,-0.10000423,-0.11992456,-0.18053389,-0.083335124,-0.0006017838,-0.008865893,0.03312062,0.02547967,0.040712547,0.03482147,0.036061794,0.002052241,0.00044004704,-0.06930594,-0.1479775,-0.12705022,-0.18461044,-0.18642709,-0.35791826,-0.35598692,-0.28707352,-0.15493253,-0.3091009,-0.32650894,-0.21480927,-0.14808531,0.0039262907,0.08577895,0.009263315,0.004549039,-0.13612589,-0.22571915,-0.19891678,-0.23027474,-0.169615,-0.18252683,-0.18274876,-0.009652598,0.097526446,-0.01406168,-0.030778736,-0.03856502,-0.011359391,-0.055257518,-0.046268694,-0.040528715,-0.16321443,-0.20005238,-0.1381628,-0.20838758,-0.28542864,-0.28598547,-0.26624766,-0.28746194,-0.3228614,-0.307958,-0.29474053,-0.4010844,-0.44688055,-0.4567772,-0.4223624,-0.43504366,-0.44002286,-0.41631794,-0.380868,-0.3370186,-0.36859322,-0.38153198,-0.42344797,-0.3942571,-0.3326981,-0.34707022,-0.3522657,-0.28076565,-0.20502493,-0.0483023,-0.011530238,0.015721342,-0.05314257,-0.037934173,0.15080458,0.18869632,0.10918014,0.1383646,0.09407422,0.02549773,-0.08582949,-0.24072093,-0.3274125,-0.16212904,-0.32427245,-0.3796908,-0.40080398,-0.44182083,-0.5133354,-0.52313167,-0.5041647,-0.50824535,-0.4472859,-0.45667124,-0.3864341,-0.28655824,-0.32846263,-0.27086836,-0.36391777,-0.38843206,-0.29721057,-0.31028143,-0.31241304,-0.30532652,-0.16061217,0.056553286,0.14752325,0.19519526,0.24208629,0.13837269,0.028116265,-0.0006815606,0.19381405,0.120128006,-0.06438098,0.0060844948,0.12845992,0.053985227,-0.11687712,-0.12262361,-0.10605572,-0.07662967,-0.09563542,-0.077344306,-0.008063156,0.055953853,0.11511638,0.17884053,0.20853525,0.13611269,0.054337777,0.08471674,0.11498379,0.13947406,0.11118564,0.040411565,0.13826223,0.08852222,0.045284785,0.09501043,0.17684071,0.06663718,-0.016261889,0.019066755,0.06689759,-0.06345802,-0.066547744,0.13533841,0.15239672,0.1094864,0.65243495,1.0,0.9386141,0.82125336,0.5982348,0.46055236,0.36518085,0.34635857,0.43146485,0.4811328,0.5063439,0.4459247,0.3981476,0.45903042,0.3855461,0.25971326,0.31780267,0.36160684,0.049565457,0.03921533,0.12955469,-0.20224962,-0.35073248,-0.2864635,-0.33121473,-0.45778784,-0.41594192,-0.35134158,-0.32360572,-0.2036454,-0.17326014,-0.004419393,0.089228876,0.007632679,-0.17869477,-0.193301,-0.13667203,-0.32304877,-0.44628188,-0.4309443,-0.44558388,-0.514541,-0.48551324,-0.3843544,-0.3436634,-0.33131078,-0.25326863,-0.28099287,-0.36122316,-0.3158332,-0.18510953,-0.13964318,-0.2598478,-0.048629403,0.17948775,0.07899655,0.0721059,0.2671618,0.3064951,0.21689385,0.28522205,0.18147354,0.20002349,0.30223295,0.2416344,0.15590121,0.1373761,0.17254122,0.13438606,0.30454147,0.418804,0.36815202,0.33824974,0.41473472,0.3869569,0.24097727,0.2258651,0.25073674,0.123712644,-0.043055333,0.008648721,0.060968675,-0.09106292,-0.2310155,-0.11844973,-0.078049794,0.38322362,0.35724533,0.31831935,0.21552694
175,-0.45986742,-0.40418407,-0.31665656,-0.29816175,-0.3073029,-0.22691382,-0.29956487,-0.35134596,-0.21297175,-0.20509404,-0.28871644,-0.29323727,-0.15397683,-0.16409354,-0.2185753,-0.112031475,-0.00865618,0.0032945578,0.043507524,0.04235712,0.057391316,0.061880648,0.07228815,0.030231278,0.03993373,-0.062235374,-0.18424901,-0.18570092,-0.2618188,-0.2754981,-0.4478324,-0.46388867,-0.36080164,-0.1990625,-0.389129,-0.4116451,-0.27280766,-0.18753028,-0.028581437,0.043198474,-0.038876697,-0.07691929,-0.2342058,-0.33214533,-0.28676295,-0.30564225,-0.22721368,-0.19790584,-0.16173658,0.051280983,0.19335273,0.058425017,0.045517787,0.017129794,0.03775063,-0.026569687,-0.017928572,-0.016569646,-0.17293178,-0.22461693,-0.16094163,-0.24175252,-0.33245957,-0.33467487,-0.32037812,-0.34449482,-0.38296795,-0.36760378,-0.36185497,-0.48552406,-0.53631765,-0.5414157,-0.50158685,-0.5107623,-0.52231103,-0.50093275,-0.4584328,-0.41759646,-0.45641926,-0.47516346,-0.51484215,-0.48627493,-0.40855417,-0.40248913,-0.3962871,-0.28052858,-0.15653859,0.03536866,0.094270475,0.1386077,0.05884963,0.064109206,0.24233755,0.27137175,0.18004185,0.20815206,0.09017687,0.0062049152,-0.10217035,-0.229835,-0.33172485,-0.15811384,-0.35699588,-0.42327848,-0.4483618,-0.51204747,-0.58753675,-0.5913769,-0.56722105,-0.5719102,-0.49958134,-0.50402594,-0.4231801,-0.3159509,-0.3603705,-0.29528847,-0.40154153,-0.42868873,-0.32409477,-0.32822764,-0.3185248,-0.31361425,-0.16429894,0.052239057,0.18126485,0.17008881,0.2315527,0.08180598,-0.044152267,-0.06760201,0.15637386,0.07364054,-0.13889535,-0.060811836,0.090337254,0.013085838,-0.18112892,-0.19443138,-0.17613724,-0.121836774,-0.14786442,-0.085975505,2.1058824e-05,0.063921645,0.10832476,0.17672871,0.20705378,0.13835059,0.06252912,0.08156003,0.08704311,0.102610864,0.064201124,0.024828944,0.12027177,0.06671357,0.0067550093,0.023782369,0.11423978,-0.009997364,-0.11882676,-0.09185655,-0.04022526,-0.17101504,-0.18369003,0.002557726,0.026874341,-0.0029404208,0.62563664,0.9386141,1.0,0.9303323,0.7836222,0.618879,0.4637507,0.4921267,0.5845078,0.63350195,0.642543,0.57503533,0.53177243,0.5915112,0.5053875,0.37252328,0.4336427,0.4499913,0.09345234,0.08096083,0.1352392,-0.27900255,-0.42088756,-0.3824619,-0.45684725,-0.5771821,-0.5197639,-0.46991107,-0.40601793,-0.23765785,-0.17274019,0.051647507,0.16536908,0.07770654,-0.1514495,-0.18070307,-0.096724905,-0.3219097,-0.4933253,-0.48202366,-0.48244372,-0.5918581,-0.5808548,-0.45067832,-0.40420666,-0.3763657,-0.28241134,-0.30762407,-0.38670537,-0.309264,-0.16004136,-0.11150176,-0.22371262,0.033592056,0.27964193,0.16489215,0.16273451,0.3860654,0.42323464,0.31791294,0.3996471,0.27646205,0.30211747,0.4141556,0.34188238,0.2263509,0.19716166,0.24484144,0.219721,0.38407725,0.5003959,0.4168919,0.3779855,0.48237348,0.43521097,0.2554023,0.24711946,0.2731475,0.09815033,-0.10830156,-0.0572227,-0.011859168,-0.1761077,-0.33955863,-0.22839527,-0.17926861,0.39863247,0.40088034,0.34607303,0.21762611
176,-0.5514074,-0.510481,-0.41841903,-0.39943552,-0.41685215,-0.33469132,-0.39420635,-0.46117318,-0.33763286,-0.323516,-0.40854347,-0.41650584,-0.27236345,-0.28231063,-0.33332792,-0.21171959,-0.09975121,-0.06487858,-0.0146662695,-0.036103256,0.0075170696,0.041598167,0.05877815,-0.0067006126,0.012173081,-0.111072,-0.24532996,-0.2504294,-0.33378035,-0.34082296,-0.5330736,-0.56034374,-0.34099478,-0.2280225,-0.4771548,-0.48564857,-0.28082716,-0.12669468,-0.0059014526,0.028873432,-0.053284097,-0.12425716,-0.31096342,-0.40211412,-0.36821535,-0.3889341,-0.3161051,-0.2784983,-0.18730654,0.06151904,0.23070598,0.103907794,0.09569624,0.07349624,0.10793212,0.035350654,0.025500063,-0.0013727959,-0.15871899,-0.2043169,-0.18137814,-0.2895185,-0.3706682,-0.37454838,-0.37808168,-0.40567273,-0.43922603,-0.4340322,-0.45836747,-0.5742265,-0.6199967,-0.6044566,-0.5692555,-0.5720635,-0.5906046,-0.5918224,-0.5585692,-0.53137285,-0.56696427,-0.57909334,-0.59560823,-0.55137056,-0.50169927,-0.5131121,-0.42207354,-0.29925486,-0.14166605,0.07518417,0.1272419,0.2002411,0.12967396,0.10021724,0.2880008,0.3037349,0.21023165,0.3274995,0.18907587,0.066911995,-0.03882322,-0.13826437,-0.2494385,-0.091645494,-0.37624198,-0.45675915,-0.5236124,-0.58758616,-0.6659074,-0.6409339,-0.59848595,-0.6034135,-0.5239617,-0.49527624,-0.4026761,-0.32016525,-0.34096143,-0.25041205,-0.34848055,-0.38403994,-0.2660806,-0.32728875,-0.23409551,-0.22979859,-0.09971349,0.11708386,0.2582511,0.20054157,0.22943352,0.03048769,-0.08379153,-0.10964977,0.098403245,0.020418799,-0.19511189,-0.14577748,0.028358148,-0.027349018,-0.2470857,-0.28574052,-0.25735423,-0.19714357,-0.23305191,-0.14475976,-0.040352847,0.036265653,0.07691359,0.103568286,0.1762953,0.12947196,0.031402506,0.011647848,0.070673116,0.07321909,0.035062883,0.033830173,0.11677043,0.030426778,-0.011868778,-0.025870917,0.049972333,-0.077290714,-0.15377556,-0.1342713,-0.101015046,-0.20264627,-0.17019983,-0.010940751,-0.023492606,-0.004780019,0.6976285,0.82125336,0.9303323,1.0,0.9070904,0.7907324,0.7235531,0.7343334,0.751009,0.68533385,0.6646851,0.62241805,0.59767693,0.62337756,0.53684676,0.4368853,0.49400392,0.46848872,0.105246395,0.11038894,0.105677195,-0.366773,-0.45936316,-0.4514993,-0.5485662,-0.63589126,-0.5568146,-0.535098,-0.43768647,-0.23644577,-0.12813045,0.11229297,0.2334397,0.14596224,-0.106833674,-0.15302198,-0.05704279,-0.30350944,-0.5127659,-0.5068315,-0.5005929,-0.6504518,-0.6682824,-0.5260322,-0.474658,-0.42757052,-0.32825676,-0.3486259,-0.40374786,-0.3084173,-0.13384262,-0.10235558,-0.22208923,0.082415,0.3401555,0.20671289,0.2171931,0.46097752,0.4963415,0.38444102,0.46899527,0.33704397,0.36144087,0.47291288,0.39338183,0.2621477,0.23675647,0.2385856,0.18055126,0.35595664,0.49133238,0.40556553,0.36533663,0.48828822,0.4345282,0.22930701,0.24034452,0.2558212,0.030541863,-0.19409356,-0.13666685,-0.10310679,-0.29155594,-0.47554865,-0.36207893,-0.30241066,0.4283721,0.53338385,0.4942963,0.3414913
177,-0.57153463,-0.5517065,-0.4701939,-0.46464682,-0.5011484,-0.43490997,-0.46726352,-0.5388684,-0.44660413,-0.42553517,-0.49611598,-0.50423944,-0.37208068,-0.3816104,-0.41899785,-0.29024613,-0.18668097,-0.13561954,-0.08213181,-0.088950835,-0.03480678,0.019364841,0.03929042,-0.03356434,0.010126397,-0.1303535,-0.29692093,-0.3086615,-0.3979891,-0.3967858,-0.5209711,-0.5662566,-0.2779451,-0.21167661,-0.46084672,-0.4659435,-0.24211042,-0.07095844,-0.021545315,-0.063868165,-0.13585483,-0.23352565,-0.3992575,-0.48292702,-0.43674037,-0.45088685,-0.3667174,-0.3084381,-0.1648743,0.07594202,0.2555957,0.13745238,0.13717127,0.0929872,0.13242798,0.056791898,0.02786408,-0.025228119,-0.17213292,-0.21897046,-0.23308404,-0.34603477,-0.41254205,-0.40985045,-0.43301564,-0.4726708,-0.49060816,-0.49541274,-0.54229695,-0.6251479,-0.6491675,-0.6048237,-0.5669479,-0.57274395,-0.6068293,-0.62707305,-0.596674,-0.5879703,-0.6261288,-0.63025135,-0.62629265,-0.5945866,-0.5413739,-0.5340012,-0.37669367,-0.24630979,-0.06167413,0.1342424,0.20211418,0.29534194,0.25328466,0.20498317,0.3127475,0.29914322,0.23901796,0.38079846,0.23297456,0.114534914,-0.03196829,-0.04436645,-0.14388475,-0.05002118,-0.3646178,-0.43372205,-0.5210492,-0.58387923,-0.6538172,-0.60986805,-0.565635,-0.5783985,-0.50529337,-0.4476743,-0.36831918,-0.32291,-0.320232,-0.21609122,-0.28623387,-0.31878597,-0.2033475,-0.2783607,-0.13069753,-0.12137298,-0.0119977305,0.170376,0.3243825,0.20414294,0.21656846,0.032648817,-0.055970687,-0.10542637,0.06701872,0.0205336,-0.20101877,-0.19607483,-0.008237475,-0.036594715,-0.27035925,-0.34286088,-0.3162815,-0.2571549,-0.31472737,-0.19345808,-0.07299539,0.012791298,0.03052442,0.03892114,0.12730458,0.10181606,0.008595461,-0.04225213,0.030682137,0.029156955,-0.004601294,0.027369257,0.07744814,-0.009745725,-0.014137374,-0.059960704,-0.008761957,-0.071976095,-0.09786328,-0.093165606,-0.06557908,-0.09621356,-0.04978099,0.031333122,0.039883092,0.11938066,0.7139521,0.5982348,0.7836222,0.9070904,1.0,0.9453877,0.7884319,0.85214674,0.8560749,0.7438079,0.6882939,0.6458186,0.6504503,0.6625709,0.568826,0.4921028,0.56192017,0.5025137,0.14045335,0.16472104,0.13109006,-0.3850182,-0.44100776,-0.45034546,-0.5720197,-0.6234812,-0.5179267,-0.52265096,-0.39957717,-0.18045802,-0.06597979,0.1747216,0.29982442,0.20733166,-0.05677869,-0.11068242,-0.0146574555,-0.27186477,-0.4976477,-0.4970553,-0.4931421,-0.673731,-0.71097374,-0.57450056,-0.52888006,-0.4783293,-0.36448714,-0.3664012,-0.40825796,-0.29199857,-0.10042316,-0.08486982,-0.17765409,0.1276241,0.36741665,0.24695438,0.2577124,0.49345964,0.5300004,0.4184551,0.4990091,0.36077556,0.3810107,0.48138762,0.40875933,0.2690103,0.24331278,0.23479906,0.2191749,0.35360843,0.47475496,0.37928385,0.32291138,0.4675935,0.40727848,0.186219,0.21822444,0.25867483,-0.012261183,-0.25734836,-0.1755271,-0.14693633,-0.36637866,-0.5554109,-0.43638876,-0.3763718,0.34298417,0.5368218,0.50406444,0.36045057
178,-0.5580915,-0.5613811,-0.4928958,-0.49335328,-0.5327463,-0.47847724,-0.49272627,-0.56405467,-0.50056976,-0.48244402,-0.5481653,-0.55192727,-0.4418369,-0.45794833,-0.49196243,-0.3628646,-0.2748522,-0.21908663,-0.15918374,-0.17622896,-0.09595633,-0.024455117,-0.0063907607,-0.08644493,-0.02618657,-0.15721571,-0.31342202,-0.31045184,-0.3913466,-0.37622252,-0.4746605,-0.5138915,-0.15566258,-0.17987557,-0.4251768,-0.41598487,-0.17424667,0.03030195,0.00054939475,-0.10292122,-0.15701997,-0.2601604,-0.41281128,-0.47126207,-0.4452705,-0.46141902,-0.38754568,-0.34710997,-0.17338726,0.04162838,0.2044898,0.11670075,0.11638089,0.081736125,0.13501029,0.06939649,0.021168418,-0.057157196,-0.16747405,-0.1940054,-0.25140536,-0.37038192,-0.4149756,-0.409843,-0.44450527,-0.49156997,-0.49696255,-0.5095734,-0.5790439,-0.6201076,-0.62333816,-0.5547001,-0.52155036,-0.5304377,-0.5685575,-0.6082458,-0.59075576,-0.5987582,-0.6314921,-0.62477165,-0.599559,-0.5670854,-0.5469769,-0.55258465,-0.31737602,-0.21489221,-0.041599035,0.11579554,0.17397055,0.274851,0.26506096,0.19884181,0.26607317,0.23466484,0.20730439,0.406505,0.30462238,0.1824178,0.025224227,0.053246833,-0.0276646,0.0024176836,-0.34149444,-0.40001586,-0.51679206,-0.5575797,-0.61593634,-0.5512848,-0.5035867,-0.52004373,-0.45785996,-0.37173092,-0.30691966,-0.30397388,-0.27203327,-0.15689187,-0.19241045,-0.22430718,-0.11667234,-0.23390605,-0.021319738,-0.0047327243,0.07440005,0.23370287,0.36500573,0.24326138,0.21514346,0.056663357,0.0086371275,-0.059529327,0.047926378,0.03246177,-0.16213034,-0.2052933,-0.026917124,-0.022356361,-0.25254896,-0.34770283,-0.31547686,-0.275348,-0.34703878,-0.22910632,-0.10459406,-0.004826568,0.0077937134,-0.024318632,0.09419531,0.08948262,-0.0203127,-0.10312831,0.03200726,0.022996273,-0.0040232562,0.041703902,0.06728804,-0.034390893,0.010642426,-0.03882157,-0.017861282,-0.02418704,0.019861022,0.018231986,0.035874784,0.06508847,0.15024157,0.18698487,0.18832384,0.31701794,0.79840726,0.46055236,0.618879,0.7907324,0.9453877,1.0,0.88552177,0.91299677,0.8642804,0.6664956,0.59212774,0.56272495,0.5926767,0.58640623,0.49892354,0.45167908,0.5281978,0.45550513,0.12289018,0.1714475,0.12946963,-0.3682227,-0.3883913,-0.39466757,-0.51299745,-0.5356343,-0.42011943,-0.43860886,-0.31794262,-0.12211953,-0.016944572,0.18175197,0.29528838,0.20281592,-0.040951956,-0.09247341,-0.016546508,-0.25633034,-0.46524402,-0.46631107,-0.47553158,-0.6563062,-0.6984373,-0.58651984,-0.5486,-0.50095725,-0.38987985,-0.38252696,-0.4043365,-0.29172766,-0.09138027,-0.100305095,-0.19146106,0.09583053,0.31544355,0.20307544,0.21446007,0.43228385,0.4712298,0.3689307,0.4374467,0.30542707,0.3147289,0.39988095,0.34072995,0.2194491,0.20764032,0.15808429,0.14909534,0.26598275,0.38539344,0.31100312,0.24903274,0.39284083,0.34496355,0.13163194,0.18025349,0.23624404,-0.042176154,-0.2751109,-0.17352045,-0.14316007,-0.38567042,-0.56812406,-0.43871284,-0.38067907,0.28593603,0.56238943,0.55669415,0.43294683
179,-0.52867085,-0.5379213,-0.47344208,-0.46365008,-0.48794225,-0.42936894,-0.44384715,-0.51663756,-0.46598354,-0.4471987,-0.51548654,-0.52207917,-0.42245853,-0.43849292,-0.4751316,-0.35773298,-0.27486297,-0.21938886,-0.1605962,-0.21293394,-0.11704268,-0.03568597,-0.017707983,-0.10676893,-0.06292071,-0.17325819,-0.27881098,-0.2674443,-0.33088878,-0.31647426,-0.4635107,-0.49330795,-0.112300225,-0.17563316,-0.4297675,-0.40588975,-0.15406172,0.07754134,0.038968038,-0.045702245,-0.08562382,-0.18647432,-0.35200655,-0.38053766,-0.3924651,-0.40989074,-0.3747775,-0.35958442,-0.18365777,0.022117976,0.16814007,0.11201578,0.11215913,0.1110805,0.16785763,0.11372161,0.064966574,-0.015035606,-0.098429024,-0.10787953,-0.18636763,-0.31271446,-0.34580618,-0.34533212,-0.3812958,-0.4209623,-0.429039,-0.4432173,-0.5180518,-0.5562582,-0.56228715,-0.4982201,-0.47768053,-0.47587156,-0.505269,-0.5537621,-0.5527234,-0.5634435,-0.58289933,-0.574133,-0.5384752,-0.4792243,-0.51139987,-0.554827,-0.29642183,-0.2222899,-0.07070499,0.0827183,0.10071528,0.19888192,0.19258873,0.112175025,0.22913149,0.20081793,0.15508401,0.41049662,0.34258622,0.1975449,0.114414416,0.11387977,0.029204238,0.071952924,-0.28662375,-0.36110243,-0.4997536,-0.52054703,-0.57514215,-0.5013295,-0.44546503,-0.4556249,-0.3966734,-0.30486494,-0.23318684,-0.24289528,-0.20224714,-0.0879435,-0.11699935,-0.15200521,-0.04973938,-0.21060352,0.03440265,0.04576581,0.09503119,0.24215998,0.33997422,0.23010503,0.15912798,-0.018039932,-0.036862276,-0.07936673,-0.017288286,-0.029697323,-0.16424803,-0.21823391,-0.068208165,-0.040248957,-0.23445772,-0.3235949,-0.28300783,-0.2548138,-0.31321597,-0.21897674,-0.11343562,-0.018567266,0.00490704,-0.07141507,0.06964295,0.08296089,-0.037708957,-0.13302742,0.03755061,0.0073792217,-0.013190646,0.05357973,0.0790927,-0.037432007,0.009323287,-0.04480253,-0.036491577,-0.06925207,-0.013492247,-0.009845078,-0.012560702,0.009088523,0.13147625,0.18242551,0.12436646,0.24823062,0.744512,0.36518085,0.4637507,0.7235531,0.7884319,0.88552177,1.0,0.93807554,0.79073346,0.51428527,0.44166413,0.4500967,0.48500273,0.44755334,0.38261768,0.37517616,0.42924356,0.34677655,0.0832217,0.13709147,0.063632146,-0.3616166,-0.3432089,-0.36257002,-0.46136245,-0.4654836,-0.367079,-0.39783266,-0.28317168,-0.11300797,0.006923076,0.1681874,0.25898194,0.18702209,-0.017469812,-0.067510396,-0.0031693086,-0.20683798,-0.39475542,-0.39648926,-0.40138212,-0.5651706,-0.6181578,-0.5225383,-0.4859801,-0.43233764,-0.3506858,-0.3490868,-0.34400207,-0.24977386,-0.07126441,-0.096975386,-0.19939235,0.07871124,0.2753786,0.15526547,0.17995965,0.3776265,0.4075295,0.32187578,0.37828493,0.26882493,0.2728977,0.34562048,0.29052565,0.19411524,0.19681564,0.10056301,0.022701755,0.1495702,0.2769558,0.22813942,0.18926555,0.3087664,0.27339995,0.08994773,0.13957119,0.16180208,-0.083550654,-0.27029306,-0.18948366,-0.16828659,-0.37432155,-0.53735304,-0.42842558,-0.37159583,0.30054775,0.5893514,0.6058669,0.48124915
180,-0.5649942,-0.5798702,-0.51785475,-0.51402456,-0.5545154,-0.4931211,-0.5009531,-0.5752921,-0.5237879,-0.5047215,-0.56423074,-0.5676681,-0.47351098,-0.487547,-0.5048294,-0.38306567,-0.3017925,-0.23550129,-0.18023069,-0.20198514,-0.13684976,-0.048241697,-0.021503478,-0.12755498,-0.08357973,-0.2189845,-0.34682703,-0.34251598,-0.4145033,-0.39827543,-0.4745231,-0.54970896,-0.14797729,-0.14283782,-0.41463146,-0.41093826,-0.14783286,0.06978924,0.051917538,-0.0669501,-0.1341547,-0.24763729,-0.40703538,-0.44871196,-0.42880127,-0.46555072,-0.4060367,-0.38660812,-0.21648805,0.033188246,0.19927815,0.1395679,0.16555008,0.13953826,0.1974836,0.13921607,0.08940497,0.0022446418,-0.07804384,-0.11168759,-0.20259723,-0.32747644,-0.35679814,-0.36237246,-0.41725662,-0.45756724,-0.46122548,-0.48665848,-0.56804407,-0.60273725,-0.6040498,-0.5346319,-0.5098833,-0.5066821,-0.54856545,-0.6032476,-0.600614,-0.6154102,-0.6375634,-0.6292798,-0.5838739,-0.53156674,-0.51746815,-0.5491299,-0.30620375,-0.20640741,-0.031141952,0.12637827,0.1548375,0.27406,0.27751556,0.17732474,0.27624255,0.23735581,0.16303031,0.37731236,0.3400323,0.2106778,0.057670694,0.11184315,0.010435498,0.07812129,-0.2679332,-0.3544225,-0.48517296,-0.5123903,-0.5770014,-0.49963036,-0.44265217,-0.46024013,-0.40007812,-0.29634362,-0.23195294,-0.24819148,-0.20390475,-0.08317795,-0.11135789,-0.14220037,-0.033711355,-0.16796969,0.045688674,0.057996728,0.13381061,0.29694605,0.4149938,0.22160053,0.14786935,-0.020144187,-0.033136107,-0.094309874,-0.014661766,-0.0031574352,-0.16284618,-0.2518507,-0.07457567,-0.025814893,-0.27122194,-0.39077225,-0.36413556,-0.33709967,-0.4015276,-0.28464144,-0.16881746,-0.07004969,-0.040871218,-0.08136369,0.04634832,0.04789492,-0.052040104,-0.14454204,-0.029181805,-0.0474349,-0.04387509,0.037069693,0.070332155,-0.023011044,0.031077445,-0.05816229,-0.032124843,-0.055680893,-0.030872254,-0.058293533,-0.04506816,-0.017025923,0.05496091,0.081449084,0.06366886,0.19586958,0.6945131,0.34635857,0.4921267,0.7343334,0.85214674,0.91299677,0.93807554,1.0,0.8905122,0.6169767,0.53603905,0.5540536,0.590873,0.5295897,0.46476358,0.48756662,0.5324993,0.39950845,0.15825444,0.23425356,0.11140228,-0.37454525,-0.30636784,-0.3562789,-0.5182369,-0.49924144,-0.36264247,-0.4177885,-0.25080952,-0.042309098,0.102771476,0.29115084,0.38295782,0.3082294,0.09174164,0.032561056,0.0952007,-0.12544589,-0.34515142,-0.3844966,-0.41345954,-0.592223,-0.67621964,-0.59349746,-0.5646452,-0.49539417,-0.40905437,-0.4117626,-0.4008479,-0.28663462,-0.11537375,-0.10406484,-0.1462439,0.128036,0.33217096,0.26612553,0.29632172,0.4812182,0.5246514,0.44879058,0.4992943,0.3864355,0.3718007,0.42068118,0.32773456,0.17381808,0.1491222,0.081730254,0.03171558,0.16558085,0.28322884,0.20630138,0.16307507,0.29255423,0.23066169,0.020370537,0.07899907,0.09999947,-0.17637183,-0.3689811,-0.2789767,-0.27364504,-0.47999173,-0.62002856,-0.5075895,-0.45224765,0.3268186,0.61729,0.5887949,0.44915196
181,-0.62594557,-0.6541317,-0.59835625,-0.61103153,-0.65142715,-0.5882555,-0.58772385,-0.65263945,-0.58831257,-0.57004255,-0.6166528,-0.60575426,-0.50281835,-0.5191679,-0.52373576,-0.38719115,-0.29830948,-0.2309329,-0.16796896,-0.16947265,-0.13458407,-0.04696201,-0.0068771383,-0.109605804,-0.05416651,-0.21174598,-0.3791734,-0.37746117,-0.45877,-0.44999242,-0.42819273,-0.5818549,-0.18960512,-0.034573127,-0.32540053,-0.36233038,-0.08488158,0.07845916,0.08187841,-0.12375894,-0.23615582,-0.33281603,-0.47574273,-0.52106035,-0.4635636,-0.5141321,-0.4310648,-0.38481867,-0.23255953,0.080131955,0.26421434,0.19330542,0.21041715,0.15484302,0.19356853,0.12194438,0.07522365,0.0029916824,-0.10469868,-0.15178458,-0.22363308,-0.34515473,-0.39049688,-0.4054736,-0.47079363,-0.521483,-0.5226322,-0.55501914,-0.6416458,-0.66509306,-0.6663863,-0.5914807,-0.5657567,-0.56896883,-0.6105899,-0.6743817,-0.6710568,-0.686964,-0.71119934,-0.69549876,-0.6448892,-0.601607,-0.53791195,-0.539443,-0.35013798,-0.19335563,0.01411779,0.19134171,0.23415653,0.33746144,0.3563922,0.26727104,0.3312061,0.3198046,0.24018049,0.33259115,0.29029652,0.18488626,0.06919401,0.12086716,-0.0077825715,0.023750668,-0.3083259,-0.38916844,-0.5081534,-0.55324,-0.62176645,-0.52329165,-0.45420104,-0.47645056,-0.4190805,-0.30858678,-0.26817426,-0.28821173,-0.24698092,-0.12553817,-0.15706171,-0.1784754,-0.06890544,-0.14860427,0.0047448073,0.030268488,0.12892084,0.30269754,0.43888617,0.23746786,0.24735469,0.069717266,0.014558034,-0.036393095,0.077635266,0.051093023,-0.14121005,-0.21834467,-0.05707305,-0.023530215,-0.31224993,-0.41997325,-0.37923002,-0.3456055,-0.41543874,-0.29175752,-0.16864377,-0.06553154,-0.0419401,-0.04863995,0.07355797,0.047959995,-0.045295704,-0.16621771,-0.04322681,0.0019317208,0.0087944465,0.0853726,0.09383398,0.009066291,0.049507476,-0.053037647,0.0035085178,0.014439638,-0.008793058,-0.09599614,-0.047597956,0.00021887987,0.0053993426,-0.011082826,0.020563692,0.1413221,0.63540435,0.43146485,0.5845078,0.751009,0.8560749,0.8642804,0.79073346,0.8905122,1.0,0.75995755,0.6574575,0.69408673,0.73945075,0.6529761,0.58929634,0.62717927,0.6567012,0.49360967,0.27091914,0.3613601,0.2079037,-0.34733692,-0.25943378,-0.33115503,-0.56849176,-0.5525911,-0.38719487,-0.42700887,-0.21743733,0.031717144,0.19741993,0.42558745,0.52711964,0.44849086,0.21495563,0.14893904,0.2109737,-0.029757505,-0.28366172,-0.36090556,-0.41709876,-0.61238724,-0.72500587,-0.6579391,-0.64629364,-0.563246,-0.45927504,-0.46808076,-0.46521404,-0.3247542,-0.14604598,-0.09581192,-0.07398574,0.20343232,0.41834906,0.41364285,0.44121727,0.60235375,0.6629825,0.5971811,0.6376219,0.53527,0.48935398,0.47666347,0.3283096,0.103791125,0.042821385,0.021996401,0.046291206,0.18171655,0.28294906,0.16179433,0.11501249,0.26481652,0.16444735,-0.063989416,0.016360346,0.045915365,-0.26078215,-0.46051273,-0.35412157,-0.3528595,-0.5661963,-0.67470974,-0.5451588,-0.48890698,0.37727484,0.63512725,0.524072,0.38666767
182,-0.6242714,-0.59590733,-0.52087975,-0.500989,-0.54214317,-0.45117363,-0.48723778,-0.56264055,-0.45307425,-0.4008364,-0.47202352,-0.4895493,-0.3383052,-0.32751253,-0.36174121,-0.22925691,-0.089848965,-0.055427965,0.0026205773,0.055160183,0.06807657,0.15481181,0.19457074,0.103894636,0.14716221,-0.023991968,-0.24037786,-0.2942847,-0.41683868,-0.43620768,-0.49924776,-0.54800737,-0.46167752,-0.24792469,-0.3924338,-0.4465942,-0.3456296,-0.29676053,-0.2502843,-0.29705673,-0.32630542,-0.41590273,-0.5454842,-0.57141703,-0.5111615,-0.4686969,-0.34739405,-0.20878707,-0.017716806,0.21887103,0.40260708,0.24802972,0.25390866,0.15114902,0.13936709,0.021586908,0.005611909,-0.0015289584,-0.15485649,-0.26349932,-0.2588096,-0.34794056,-0.4601651,-0.47280028,-0.48727816,-0.5428895,-0.58407384,-0.57303566,-0.5840772,-0.71121526,-0.74465364,-0.71080774,-0.6541427,-0.65421695,-0.6951884,-0.7007944,-0.6590221,-0.6295906,-0.68334895,-0.71403396,-0.73218393,-0.6820449,-0.58363855,-0.49984464,-0.39218152,-0.18283279,0.06904458,0.28380919,0.3571228,0.42042518,0.3516224,0.31593063,0.41996282,0.4071437,0.30907813,0.2722761,0.11177343,0.024071245,0.023332592,0.004084274,-0.14532286,-0.0031695522,-0.3061836,-0.44906515,-0.5407722,-0.60863715,-0.66098315,-0.633682,-0.603249,-0.64206046,-0.553185,-0.53043354,-0.4774907,-0.3983895,-0.42388466,-0.3348588,-0.41132364,-0.41659328,-0.29026395,-0.28105333,-0.20256776,-0.18587011,-0.05415118,0.06892539,0.20472647,0.023839554,0.05755319,-0.062014807,-0.13574223,-0.1697659,0.019614482,-0.009736992,-0.18878949,-0.15967417,-0.009895622,-0.019074783,-0.23806985,-0.30216584,-0.29765177,-0.2076008,-0.27497253,-0.10655887,0.02459451,0.09184324,0.08343833,0.11793379,0.16916096,0.16605224,0.125659,0.09495246,0.06152065,-0.00670107,-0.04083461,0.033769596,0.047015436,0.025925105,-0.0026277434,-0.085792325,-0.0542281,-0.105413444,-0.15546548,-0.14490214,-0.13769278,-0.15981904,-0.12795684,-0.051923085,-0.06832826,-0.015747797,0.43121302,0.4811328,0.63350195,0.68533385,0.7438079,0.6664956,0.51428527,0.6169767,0.75995755,1.0,0.9360474,0.8978994,0.90154785,0.9075963,0.8285548,0.76815337,0.81001294,0.74543405,0.4490135,0.4182728,0.36811474,-0.17626643,-0.26831314,-0.31895268,-0.51554036,-0.6251139,-0.5141769,-0.50289655,-0.31840694,-0.044344615,0.08405503,0.3743854,0.5265804,0.4313913,0.15782726,0.12661204,0.25516424,-0.041028135,-0.30723697,-0.31083924,-0.33530205,-0.5450989,-0.6050891,-0.47240698,-0.46193755,-0.3890615,-0.2634731,-0.24853674,-0.30462825,-0.13812514,0.050817944,0.12334435,0.09651812,0.40060037,0.63512415,0.5504284,0.5470541,0.7464876,0.7718122,0.66188383,0.72959733,0.6090327,0.62924135,0.6807474,0.58982897,0.38519272,0.30948046,0.36786628,0.4402373,0.5227576,0.56288654,0.3926716,0.38120008,0.54234546,0.40515015,0.1892896,0.2568575,0.27566162,-0.022325886,-0.22950247,-0.13698143,-0.1707166,-0.35769224,-0.49703723,-0.41666073,-0.40806302,0.119597115,0.227954,0.17961706,0.07243297
183,-0.6045721,-0.55312306,-0.48526534,-0.4469147,-0.48565036,-0.38845593,-0.41979736,-0.49663627,-0.3873102,-0.32599026,-0.39429292,-0.42270252,-0.26824567,-0.24355395,-0.2751256,-0.1497075,-0.019211188,0.0109388195,0.088004574,0.15155484,0.1573164,0.23727284,0.2800054,0.1825987,0.21096008,0.029098166,-0.19763735,-0.28026357,-0.41515705,-0.45081204,-0.54255474,-0.53291315,-0.47081348,-0.31694853,-0.43029207,-0.4855426,-0.40985167,-0.34802976,-0.31762525,-0.34013364,-0.35049948,-0.43045953,-0.55389005,-0.57012314,-0.52395976,-0.45509106,-0.32919583,-0.15672542,0.03342465,0.25386846,0.41207364,0.24198562,0.2576091,0.15056008,0.13877594,0.021505637,0.0194856,0.024173591,-0.115542985,-0.22473715,-0.20688927,-0.28843206,-0.4032411,-0.41318572,-0.41440392,-0.4727918,-0.5268222,-0.51372683,-0.5175502,-0.6736071,-0.7189508,-0.7124004,-0.65077084,-0.6403776,-0.6711091,-0.6636076,-0.6186808,-0.5773891,-0.6339088,-0.6864974,-0.7246115,-0.67854804,-0.58681977,-0.4840036,-0.38115442,-0.15709576,0.06886977,0.26995155,0.32983404,0.38788047,0.30271712,0.28189406,0.39219624,0.37197632,0.26543102,0.25007004,0.051463004,-0.040001754,-0.016255787,-0.029725002,-0.17435963,0.03382287,-0.26445574,-0.43801317,-0.52077085,-0.59576285,-0.6331601,-0.64100623,-0.6243769,-0.6501987,-0.55737454,-0.5498318,-0.48351496,-0.38883576,-0.42433405,-0.33684903,-0.42623731,-0.43293834,-0.30317172,-0.29941675,-0.22014038,-0.22510603,-0.09572827,0.010318248,0.13303915,-0.056427497,-0.03308332,-0.15680522,-0.23441042,-0.26251668,-0.07244683,-0.1036758,-0.2725871,-0.2192867,-0.06406656,-0.08339685,-0.27072984,-0.31629857,-0.2989811,-0.18628512,-0.23912632,-0.052752476,0.073330075,0.11949277,0.09048946,0.111283444,0.14580141,0.1599119,0.1295169,0.124286905,0.04669635,-0.0644669,-0.10754685,-0.030548893,-0.007231689,-0.022219116,-0.07152536,-0.15131918,-0.117669284,-0.19040021,-0.24760766,-0.20919071,-0.2035749,-0.24605404,-0.19516788,-0.08653486,-0.11415148,-0.06777134,0.39284605,0.5063439,0.642543,0.6646851,0.6882939,0.59212774,0.44166413,0.53603905,0.6574575,0.9360474,1.0,0.9278831,0.863458,0.90157324,0.84435946,0.7289177,0.750111,0.73379284,0.42600328,0.33456653,0.30648205,-0.17628339,-0.31552535,-0.3718213,-0.51687217,-0.63501745,-0.55721515,-0.55171645,-0.3993027,-0.14873104,-0.020685425,0.26891574,0.4372015,0.35579982,0.08101804,0.06077235,0.22204694,-0.0703968,-0.32477722,-0.286683,-0.29524606,-0.4961154,-0.53007936,-0.37099668,-0.350312,-0.2801937,-0.1628627,-0.15937655,-0.22887796,-0.07608027,0.099131055,0.16309239,0.1207903,0.429374,0.6506562,0.52844894,0.5275848,0.7389089,0.7398528,0.61809427,0.7036485,0.5905276,0.6440293,0.72503847,0.65567297,0.4764435,0.3618614,0.4099551,0.49396038,0.6203236,0.646401,0.4891189,0.49047,0.6191694,0.48813793,0.30139366,0.35533908,0.34555042,0.08022373,-0.11961584,-0.067050174,-0.10718247,-0.2691752,-0.42473075,-0.36972886,-0.36586973,0.090629585,0.17724949,0.14985135,0.036501028
184,-0.66474926,-0.63961273,-0.5875545,-0.5557828,-0.5961681,-0.49235895,-0.5181359,-0.59670174,-0.48402423,-0.42556924,-0.4865356,-0.5017808,-0.34455523,-0.3233509,-0.33905926,-0.19462404,-0.059209444,-0.02599102,0.060040254,0.12962343,0.12089121,0.22210987,0.28026423,0.1565894,0.18257922,-0.015015311,-0.25986424,-0.34857792,-0.4923365,-0.51647204,-0.49556282,-0.55959266,-0.47265598,-0.23559734,-0.3616384,-0.44256702,-0.34012505,-0.29703456,-0.27187088,-0.38268048,-0.41811165,-0.4981079,-0.6197537,-0.6260426,-0.5788452,-0.53370106,-0.39045808,-0.20652018,0.00423635,0.2895788,0.4643154,0.32946295,0.35817537,0.24411689,0.22232737,0.08970288,0.07296655,0.07474717,-0.0714792,-0.2108087,-0.21366501,-0.29785296,-0.42700553,-0.45208374,-0.4766941,-0.5402401,-0.5861839,-0.5809775,-0.60472584,-0.73626035,-0.76456535,-0.7374186,-0.6809569,-0.66748446,-0.705111,-0.7177998,-0.68530005,-0.6606629,-0.7144946,-0.7591204,-0.7761989,-0.7289508,-0.626539,-0.52689457,-0.40393248,-0.15366735,0.102196895,0.34348103,0.3779452,0.4335374,0.37495473,0.33962375,0.43001902,0.41217673,0.30386394,0.2664914,0.0865144,-0.004337353,0.015381128,0.038145177,-0.1270186,0.05625637,-0.24817908,-0.43405318,-0.53978,-0.6291215,-0.6507401,-0.62297744,-0.5921154,-0.62024385,-0.5358658,-0.5027704,-0.45424777,-0.38620377,-0.40437028,-0.30850887,-0.38538876,-0.38809615,-0.26164898,-0.2460561,-0.15947482,-0.17077063,-0.04754655,0.06000834,0.18904601,-0.050043773,0.0019985077,-0.122531295,-0.21309996,-0.24830483,-0.058201075,-0.08840791,-0.27520546,-0.2552987,-0.09600369,-0.11321174,-0.34055823,-0.402012,-0.37961623,-0.2627552,-0.32084107,-0.11655154,0.015972614,0.074385375,0.032938026,0.05912457,0.10516495,0.124912776,0.103057735,0.060538553,0.00547446,-0.06734008,-0.09039949,-0.008337938,-0.0056245066,-0.028489951,-0.065931536,-0.17046162,-0.12597643,-0.18326254,-0.24924831,-0.25465158,-0.24353375,-0.25543964,-0.21945298,-0.1526746,-0.1723275,-0.101612926,0.35276264,0.4459247,0.57503533,0.62241805,0.6458186,0.56272495,0.4500967,0.5540536,0.69408673,0.8978994,0.9278831,1.0,0.9484604,0.9126969,0.88690394,0.84018934,0.8285045,0.7509685,0.5283033,0.4639049,0.3511923,-0.15916027,-0.22121017,-0.32511315,-0.546385,-0.62488544,-0.5098908,-0.52786267,-0.31921527,-0.038175087,0.13352183,0.42965966,0.59134525,0.52592546,0.25775176,0.22961998,0.38680092,0.096045434,-0.19275251,-0.18683235,-0.2181312,-0.44947535,-0.54157615,-0.4048039,-0.4012167,-0.2976593,-0.19136915,-0.18558146,-0.20933716,-0.044423714,0.12503831,0.22116081,0.23632315,0.54841524,0.7595548,0.687853,0.6977299,0.8748791,0.8778277,0.77627736,0.8476088,0.7554996,0.78535885,0.80496657,0.68891335,0.441049,0.30549932,0.31256846,0.35445598,0.49643567,0.54647136,0.377866,0.3934701,0.5236577,0.36163473,0.17099151,0.26217586,0.22154613,-0.069308035,-0.23993857,-0.17493711,-0.24652155,-0.40123916,-0.51466864,-0.46069422,-0.45935044,0.10329068,0.22392972,0.15649895,0.040996455
185,-0.66345274,-0.65398484,-0.60715985,-0.58463514,-0.6274261,-0.5242523,-0.5481318,-0.62615985,-0.51617897,-0.4665026,-0.52804524,-0.5340591,-0.39036036,-0.38335636,-0.39538687,-0.2540984,-0.12000302,-0.08575612,-0.015537216,0.04470636,0.021318672,0.12753665,0.18165995,0.058422294,0.09412827,-0.090024784,-0.3115909,-0.37235475,-0.49384013,-0.4941576,-0.41711766,-0.5408453,-0.4413532,-0.14295807,-0.27691552,-0.3613136,-0.2596564,-0.24684094,-0.21832745,-0.3638084,-0.41791156,-0.49671936,-0.6083051,-0.606697,-0.545385,-0.5329424,-0.4035238,-0.2624665,-0.06557004,0.22152282,0.4088539,0.30062726,0.33406815,0.22067983,0.20351689,0.08403387,0.05874788,0.04923162,-0.088877186,-0.21985456,-0.23471111,-0.32447824,-0.4454024,-0.4721355,-0.50910443,-0.5753981,-0.6086339,-0.6077125,-0.63763064,-0.74168855,-0.75681746,-0.70932585,-0.6556069,-0.65069723,-0.6934939,-0.71786034,-0.6909678,-0.6764949,-0.727635,-0.7613134,-0.75975364,-0.7091169,-0.59627396,-0.5204339,-0.40187794,-0.17289063,0.09492915,0.32995844,0.36465335,0.42311522,0.39266285,0.34457052,0.4272792,0.4084806,0.29743442,0.225528,0.12539633,0.050433863,0.03291837,0.06763333,-0.10622552,0.03600208,-0.2538737,-0.41599673,-0.51928884,-0.593018,-0.6239015,-0.5782354,-0.54420185,-0.5790235,-0.4976257,-0.4515143,-0.40926445,-0.3600014,-0.37072873,-0.27253193,-0.34073663,-0.33825338,-0.21942581,-0.20251454,-0.13001461,-0.11850623,0.016080068,0.13297836,0.25541884,0.007626728,0.04318365,-0.051718295,-0.110282525,-0.16350842,-9.577945e-05,0.0010776195,-0.1719337,-0.19816853,-0.051416185,-0.03140889,-0.28488246,-0.38246226,-0.38405654,-0.3002915,-0.36645144,-0.18884872,-0.06387697,0.010304083,-0.0002261102,0.048474986,0.09903546,0.1017285,0.07817738,0.026776046,-0.01488745,-0.049089763,-0.046398554,0.047122415,0.047057834,0.03604126,0.023380043,-0.091767006,-0.04440044,-0.071849644,-0.13578005,-0.16512465,-0.15378906,-0.15214954,-0.14199354,-0.10896113,-0.11812039,-0.041968975,0.35966653,0.3981476,0.53177243,0.59767693,0.6504503,0.5926767,0.48500273,0.590873,0.73945075,0.90154785,0.863458,0.9484604,1.0,0.9339997,0.8916708,0.9116596,0.91829747,0.7920311,0.61666137,0.60812646,0.4746126,-0.08105138,-0.09267427,-0.20193106,-0.4817108,-0.5523762,-0.4096476,-0.42691338,-0.1817262,0.11648029,0.2910236,0.5773476,0.7223591,0.64314586,0.3876652,0.35952535,0.47796595,0.18550763,-0.10813642,-0.14439364,-0.21538302,-0.45096102,-0.56899226,-0.48451084,-0.50748616,-0.40773007,-0.3131775,-0.295631,-0.29346764,-0.123996176,0.036969647,0.15647946,0.21569261,0.49428305,0.7081064,0.70371425,0.70901525,0.8539047,0.8896388,0.80990845,0.8501937,0.7552845,0.7414576,0.72282916,0.5802734,0.31045905,0.2069991,0.23031119,0.26858035,0.35709402,0.41461745,0.22713314,0.23240198,0.40052384,0.23565345,0.029596098,0.14575884,0.13930924,-0.17871672,-0.3380383,-0.21920341,-0.28701648,-0.46265852,-0.53657496,-0.45912206,-0.4627024,0.11016738,0.2330444,0.13800567,0.03460575
186,-0.6142393,-0.5743656,-0.51003236,-0.47805387,-0.517183,-0.41302356,-0.45052084,-0.5350542,-0.4206634,-0.3549344,-0.42759407,-0.45683232,-0.29376903,-0.26955763,-0.3076633,-0.18101637,-0.032389365,-0.007334773,0.053842142,0.11985451,0.11952426,0.21193089,0.25700936,0.15755309,0.19517499,0.023359498,-0.20566529,-0.28466016,-0.4165749,-0.44343656,-0.47641042,-0.51287764,-0.49536648,-0.26211655,-0.35483485,-0.42876217,-0.37621295,-0.3610781,-0.3248253,-0.38263738,-0.39402372,-0.4701851,-0.5843459,-0.58236986,-0.5394189,-0.47807607,-0.34253466,-0.17099209,0.033977695,0.25410256,0.4156445,0.26220354,0.27320665,0.15048352,0.122972615,-0.001730041,-0.0024690977,0.009990101,-0.14622839,-0.2767707,-0.25076723,-0.31959203,-0.4555626,-0.47016516,-0.47424957,-0.534283,-0.58810544,-0.56866074,-0.5653561,-0.7081483,-0.73943657,-0.7133697,-0.6509753,-0.64464027,-0.685072,-0.6816952,-0.63632125,-0.6023934,-0.66311795,-0.7124227,-0.74453664,-0.7002647,-0.61292803,-0.5121899,-0.3925483,-0.17214294,0.074482776,0.3014551,0.36538455,0.40775007,0.33856875,0.32701066,0.41464597,0.385171,0.30162972,0.24036446,0.039684784,-0.044835955,-0.02369726,-0.019652193,-0.18118982,-0.016521774,-0.2912292,-0.4446842,-0.5358738,-0.6190763,-0.6360959,-0.6240402,-0.6148049,-0.64679414,-0.563599,-0.5571993,-0.4955166,-0.4076273,-0.44681326,-0.3621601,-0.44662282,-0.44383568,-0.32314858,-0.30882886,-0.23443969,-0.22841854,-0.09400903,0.010019793,0.14853705,-0.053054016,-0.01276212,-0.1099067,-0.17779346,-0.21605967,-0.03186923,-0.047369797,-0.2166354,-0.17811841,-0.030530004,-0.04449341,-0.24281622,-0.30249423,-0.29700488,-0.18622144,-0.24734117,-0.06336078,0.06437821,0.11743633,0.08528016,0.124264546,0.1526531,0.16338764,0.13695863,0.12350844,0.041986406,-0.048701786,-0.089885004,0.0030216447,0.022463871,0.011665004,-0.029315494,-0.102508835,-0.061677147,-0.12331332,-0.18123601,-0.13288867,-0.13306534,-0.17584677,-0.13051252,-0.031756498,-0.06500039,-0.023840914,0.38177595,0.45903042,0.5915112,0.62337756,0.6625709,0.58640623,0.44755334,0.5295897,0.6529761,0.9075963,0.90157324,0.9126969,0.9339997,1.0,0.93542,0.8367996,0.87805384,0.86781794,0.5743721,0.4861008,0.4694183,-0.047083516,-0.20684068,-0.27010432,-0.44839224,-0.5856709,-0.50440395,-0.4870438,-0.3104764,-0.038611334,0.08209673,0.37614307,0.54958254,0.45329675,0.17685422,0.16987614,0.3212994,0.0046270527,-0.26058298,-0.21836004,-0.2537448,-0.4769009,-0.52681875,-0.38469198,-0.385337,-0.31270376,-0.20605579,-0.19306602,-0.23867972,-0.08457574,0.0976231,0.17451099,0.12934309,0.43562242,0.66840804,0.5594866,0.5483269,0.75347286,0.7690753,0.64746815,0.7192951,0.59683657,0.63470834,0.6996418,0.62676126,0.4377093,0.3619057,0.3968958,0.43150803,0.52031076,0.5825068,0.41406807,0.40769765,0.5742127,0.44526955,0.25347257,0.34394446,0.35637555,0.061687104,-0.12806606,-0.021984246,-0.07272945,-0.25789177,-0.39208466,-0.32613388,-0.33372208,0.066380315,0.13693027,0.09471863,-0.0032393734
187,-0.62105477,-0.5905096,-0.53896475,-0.50284946,-0.53890973,-0.432058,-0.44987473,-0.5320506,-0.43336767,-0.3559013,-0.41309938,-0.44150683,-0.28731102,-0.25249472,-0.2765924,-0.15525262,-0.018729303,0.015875591,0.09058345,0.14880037,0.13720192,0.22922048,0.27660862,0.16357514,0.1842667,-0.0029261522,-0.23453817,-0.331518,-0.45950896,-0.49073565,-0.46674132,-0.5089323,-0.48797798,-0.25665984,-0.33205575,-0.41563588,-0.36960074,-0.36321923,-0.350133,-0.43611538,-0.44895428,-0.5198156,-0.6196253,-0.60284257,-0.577693,-0.5151367,-0.3834073,-0.18981554,0.023903552,0.2598349,0.4195274,0.28637782,0.31013364,0.20148076,0.17518333,0.048702765,0.04923081,0.066216156,-0.07889695,-0.22082451,-0.1984322,-0.26734656,-0.40648013,-0.41846818,-0.43048882,-0.5038628,-0.5587232,-0.5391897,-0.5491933,-0.69835836,-0.7266519,-0.7047862,-0.64531046,-0.6359012,-0.66863793,-0.6694583,-0.6351659,-0.5996454,-0.6615442,-0.71955174,-0.7484771,-0.704836,-0.627626,-0.5169794,-0.39186198,-0.16082121,0.070931256,0.29425737,0.3474106,0.38273257,0.31944272,0.29578462,0.36704448,0.33664095,0.24759607,0.19195078,0.014066584,-0.057593796,-0.040129226,-0.013338878,-0.16754004,0.01199103,-0.25607386,-0.43114233,-0.5235128,-0.6108837,-0.6143274,-0.61023283,-0.59418136,-0.61252093,-0.5291957,-0.5192093,-0.45457435,-0.37170553,-0.4054261,-0.31859338,-0.40971488,-0.40787196,-0.28369075,-0.27568802,-0.19852987,-0.20556979,-0.0865303,-0.00071233965,0.10704895,-0.104783885,-0.06625376,-0.14985356,-0.22039893,-0.26588905,-0.09970168,-0.1084479,-0.26758942,-0.2431042,-0.10010646,-0.10951395,-0.29411772,-0.35038802,-0.3411821,-0.22847654,-0.27892512,-0.089967415,0.033039197,0.0795068,0.030321214,0.061306,0.08487917,0.10769906,0.09100083,0.07914669,-0.0021258695,-0.09255788,-0.14434294,-0.057542328,-0.03834042,-0.047879115,-0.08755318,-0.15761496,-0.10704052,-0.1595552,-0.21245256,-0.16909656,-0.16491553,-0.1967387,-0.14827304,-0.057289366,-0.09888591,-0.051644653,0.31547722,0.3855461,0.5053875,0.53684676,0.568826,0.49892354,0.38261768,0.46476358,0.58929634,0.8285548,0.84435946,0.88690394,0.8916708,0.93542,1.0,0.8817187,0.8469592,0.8628696,0.67465866,0.5231486,0.46871018,0.04421406,-0.10213766,-0.21805537,-0.40286967,-0.5038976,-0.43420714,-0.44233158,-0.26410156,-0.011625611,0.1311195,0.40504858,0.5767261,0.51006573,0.26508623,0.27400985,0.44886413,0.15352735,-0.10328484,-0.03637562,-0.08021037,-0.31448308,-0.3849033,-0.2582812,-0.27779454,-0.19428425,-0.11420349,-0.104158185,-0.11778119,0.025804976,0.18172088,0.2704594,0.25780004,0.5228737,0.7056969,0.6163838,0.60913175,0.77034163,0.76608795,0.66104805,0.7249137,0.63913053,0.6819018,0.7159028,0.6381911,0.43963858,0.32892606,0.32246426,0.38075602,0.4910907,0.533305,0.38589954,0.39465,0.53900445,0.4008563,0.24998604,0.3703263,0.3456602,0.065047726,-0.075872175,0.013901415,-0.07645639,-0.2355058,-0.3395949,-0.30455858,-0.32689035,0.045379333,0.11355519,0.06542206,-0.026191851
188,-0.62821263,-0.6315736,-0.6061679,-0.578233,-0.61587024,-0.5145791,-0.52368134,-0.59339446,-0.5034401,-0.45452374,-0.49807408,-0.50211763,-0.38668042,-0.37602192,-0.37244478,-0.25711998,-0.14039026,-0.09536071,-0.03147075,0.024346923,-0.01764291,0.084213376,0.13653019,0.007212234,0.022462485,-0.15494092,-0.3449626,-0.39989933,-0.4998769,-0.4840278,-0.32036874,-0.46100587,-0.4004219,-0.083270095,-0.17454427,-0.27031234,-0.20694043,-0.24570104,-0.24079925,-0.41155225,-0.45628822,-0.51420134,-0.593819,-0.5717259,-0.5215711,-0.5319693,-0.41469547,-0.29227963,-0.10530319,0.16887774,0.34703112,0.27592272,0.32939485,0.23555595,0.21856049,0.10942874,0.089131474,0.082814634,-0.0331046,-0.16410404,-0.18219429,-0.26917696,-0.37559748,-0.39563859,-0.45473704,-0.5262204,-0.54848146,-0.55375296,-0.5932668,-0.6838444,-0.6858966,-0.64056957,-0.59615254,-0.5878067,-0.62052673,-0.65499115,-0.645076,-0.63403046,-0.68124616,-0.7210571,-0.7076611,-0.65804815,-0.5411778,-0.48287255,-0.37801063,-0.1712867,0.073454686,0.28524303,0.3053941,0.35589033,0.3445415,0.28851044,0.3600902,0.3430115,0.21735935,0.11231858,0.09933486,0.057068363,0.011364084,0.072137736,-0.0950364,0.049146928,-0.19329648,-0.36117664,-0.4565067,-0.51337117,-0.53322524,-0.49335054,-0.4554057,-0.47964945,-0.4060035,-0.35485214,-0.32279587,-0.2880366,-0.28738523,-0.19777079,-0.25931168,-0.25511906,-0.14786835,-0.1305548,-0.07445285,-0.06251906,0.06276315,0.14849976,0.22350346,-0.033088528,-0.018842667,-0.060540136,-0.08534732,-0.15066302,-0.026978543,0.01075298,-0.12032171,-0.18686561,-0.06264597,-0.009442412,-0.25553852,-0.37380886,-0.39928126,-0.34092793,-0.3988761,-0.24202019,-0.1341557,-0.06579528,-0.06716604,-0.00640851,0.036794692,0.03891847,0.02664751,-0.014707852,-0.066216856,-0.079103746,-0.06711391,0.029097566,0.022923527,0.035830773,0.047662072,-0.069226176,-0.020174364,-0.0334642,-0.08951221,-0.12725273,-0.1303694,-0.117765106,-0.118850015,-0.11667533,-0.13706557,-0.061338473,0.23365712,0.25971326,0.37252328,0.4368853,0.4921028,0.45167908,0.37517616,0.48756662,0.62717927,0.76815337,0.7289177,0.84018934,0.9116596,0.8367996,0.8817187,1.0,0.936133,0.7951361,0.79627556,0.7654496,0.58359224,0.120311186,0.15672241,-0.010047275,-0.33223525,-0.364909,-0.21698447,-0.25607052,0.011770811,0.28660548,0.47366086,0.7157265,0.8381115,0.7839588,0.5899482,0.5851158,0.6910141,0.43008202,0.16003837,0.11862528,0.0034941356,-0.23418412,-0.38326728,-0.3574519,-0.41860595,-0.3160299,-0.27279845,-0.25616312,-0.20484771,-0.054000814,0.046853967,0.20155217,0.3304189,0.5178176,0.6705518,0.74796283,0.7503739,0.81435406,0.8530177,0.80895823,0.81438357,0.7595598,0.72014123,0.64959043,0.49795473,0.21868825,0.10869788,0.12080551,0.15500584,0.21708596,0.26041684,0.08722453,0.101087175,0.25950658,0.09267962,-0.07007076,0.08473774,0.055851504,-0.24234821,-0.32462037,-0.19533087,-0.30357975,-0.44526598,-0.44268894,-0.3899084,-0.42926604,0.046345998,0.14652649,0.032710083,-0.05130125
189,-0.5990731,-0.5940617,-0.55691445,-0.5306946,-0.573797,-0.4803133,-0.50289434,-0.57905215,-0.483882,-0.4464238,-0.50929415,-0.51663494,-0.39558476,-0.39281666,-0.40822986,-0.2912763,-0.16675867,-0.13219677,-0.073704176,-0.020159788,-0.045182228,0.06011538,0.10665387,-0.014378863,0.023968088,-0.13662481,-0.32256076,-0.35319912,-0.4515055,-0.4315309,-0.3322261,-0.45908606,-0.38118988,-0.08348421,-0.19479987,-0.27653706,-0.21102886,-0.23238124,-0.211472,-0.3490374,-0.39677924,-0.47219542,-0.56310886,-0.55071634,-0.48890212,-0.49616003,-0.38297212,-0.28632468,-0.101849034,0.13867456,0.30832803,0.2232355,0.26272336,0.15733697,0.14996855,0.04585974,0.018285291,0.005285974,-0.10717003,-0.23048273,-0.25288105,-0.33601502,-0.43051147,-0.45173794,-0.5007429,-0.5550588,-0.57399046,-0.5761356,-0.6000821,-0.68365353,-0.6819022,-0.6300197,-0.5781397,-0.5786402,-0.6194256,-0.645407,-0.62280756,-0.6109732,-0.661937,-0.6962187,-0.6916711,-0.64785635,-0.53053796,-0.47764874,-0.37057278,-0.1888945,0.06081175,0.25797155,0.29853955,0.35367003,0.33333737,0.2977879,0.36904785,0.3505463,0.24585569,0.1477377,0.11389991,0.06064154,0.015768388,0.06085661,-0.10875167,0.00994601,-0.23721388,-0.3771059,-0.46520743,-0.51466864,-0.536463,-0.49512228,-0.4761979,-0.51180565,-0.439828,-0.3963435,-0.3637791,-0.32399672,-0.32921872,-0.2458224,-0.3003486,-0.29540664,-0.19429976,-0.18779121,-0.12169828,-0.08766138,0.052627888,0.15866348,0.2622538,0.029385233,0.03184745,-0.008973944,-0.012979945,-0.08582596,0.032280125,0.078816794,-0.053909354,-0.118674435,0.0063624475,0.06538784,-0.1808275,-0.30924731,-0.34530398,-0.29237428,-0.36595225,-0.21815862,-0.10815605,-0.025519611,-0.010339904,0.053902708,0.100072645,0.090595774,0.06779222,0.0317113,-0.020457923,-0.039934475,-0.01772083,0.087326646,0.093090475,0.10366038,0.11467934,0.0172282,0.0609391,0.037426848,-0.010181804,-0.015566528,-0.023389557,-0.03173227,-0.029460955,-0.01081899,-0.03206679,0.02987573,0.32078272,0.31780267,0.4336427,0.49400392,0.56192017,0.5281978,0.42924356,0.5324993,0.6567012,0.81001294,0.750111,0.8285045,0.91829747,0.87805384,0.8469592,0.936133,1.0,0.87387997,0.7533023,0.76509553,0.66639256,0.13054872,0.1061364,0.0046750056,-0.29590687,-0.3827902,-0.24658492,-0.24594507,0.0005787637,0.27908075,0.41806373,0.66380376,0.78912294,0.6913144,0.4747348,0.47733387,0.5515974,0.25929773,0.0033720946,-0.03656395,-0.16307274,-0.38418332,-0.49552852,-0.4582329,-0.5089608,-0.43225503,-0.36783266,-0.34641054,-0.3258549,-0.18420145,-0.051330086,0.08589771,0.1656998,0.38316733,0.590993,0.6368002,0.6279467,0.74095196,0.8048806,0.7409028,0.7524202,0.6544128,0.61229175,0.5832038,0.45476857,0.20306891,0.1362564,0.17301525,0.18943657,0.24377085,0.3121376,0.13089666,0.12399831,0.30687279,0.16187078,-0.030909665,0.10995621,0.13570751,-0.17700043,-0.3054094,-0.13662924,-0.20806754,-0.39397702,-0.42351764,-0.33972368,-0.37164104,0.07015284,0.15936989,0.058593255,-0.025075419
190,-0.5247271,-0.48495567,-0.43240035,-0.39424393,-0.42933515,-0.3385016,-0.3665149,-0.44805712,-0.36247787,-0.3021153,-0.37597302,-0.40481645,-0.26181132,-0.24504632,-0.29164767,-0.18852259,-0.06323661,-0.048204217,0.024774833,0.07292924,0.06774212,0.15881386,0.19338702,0.09352587,0.12600571,-0.02037064,-0.2112271,-0.2671663,-0.37660778,-0.3816353,-0.40559095,-0.4040186,-0.439221,-0.26661912,-0.30319312,-0.36995167,-0.36623588,-0.37291008,-0.37181723,-0.3970028,-0.37475243,-0.4330258,-0.5223111,-0.5091921,-0.48225233,-0.43336338,-0.3192984,-0.1899067,0.008268507,0.16237848,0.2963659,0.168444,0.18976136,0.08924653,0.0830307,-0.035522804,-0.04106436,-0.025178833,-0.14583461,-0.28266832,-0.26981,-0.32327676,-0.42660758,-0.4378321,-0.4412079,-0.4889289,-0.52697146,-0.50608087,-0.49211097,-0.6220541,-0.6373504,-0.6112105,-0.5522218,-0.5454671,-0.5797753,-0.57336694,-0.5316577,-0.49918976,-0.55844927,-0.6139611,-0.656423,-0.6253629,-0.5488521,-0.46739095,-0.34555277,-0.18115857,0.028396582,0.20697658,0.27873144,0.29697785,0.23695616,0.24369194,0.30821958,0.2749869,0.22423108,0.16704306,0.02100468,-0.040436905,-0.04106462,-0.036752023,-0.17963274,-0.036933888,-0.26846674,-0.40327716,-0.47994876,-0.5422062,-0.5399173,-0.5493532,-0.55692786,-0.58143276,-0.5113913,-0.5146456,-0.4555265,-0.37472102,-0.4074795,-0.33545497,-0.4040476,-0.40080646,-0.30100116,-0.3157531,-0.21965612,-0.197957,-0.06733252,0.007383143,0.113070145,-0.040427625,-0.035916157,-0.07308937,-0.09451472,-0.15817258,-0.029706758,-0.0064447313,-0.13912185,-0.13023376,-0.009967708,-0.0030658161,-0.16370551,-0.23791505,-0.25917774,-0.17331524,-0.23141247,-0.080748975,0.018890284,0.07306978,0.05421392,0.098910764,0.12010799,0.12929922,0.10425591,0.11973568,0.040399823,-0.049154185,-0.08441991,0.012883992,0.044179875,0.05094209,0.032468166,0.0043908767,0.041307054,-0.025855884,-0.051533338,0.0503132,0.02586999,-0.03745167,0.020814303,0.12443985,0.054374125,0.06436676,0.3316175,0.36160684,0.4499913,0.46848872,0.5025137,0.45550513,0.34677655,0.39950845,0.49360967,0.74543405,0.73379284,0.7509685,0.7920311,0.86781794,0.8628696,0.7951361,0.87387997,1.0,0.76436776,0.6205089,0.687314,0.27631515,0.034882996,-0.026487093,-0.1833814,-0.34279343,-0.3093495,-0.2720484,-0.14271,0.07468441,0.14373657,0.37639964,0.5384285,0.43269584,0.21194579,0.26313537,0.39055833,0.07912851,-0.11926502,-0.024301976,-0.112897776,-0.32237923,-0.34396175,-0.23516336,-0.27179626,-0.23015052,-0.16526628,-0.15020312,-0.17854774,-0.0847153,0.06871831,0.14960058,0.09350827,0.32978213,0.5444601,0.45702493,0.42474613,0.5970637,0.62616235,0.5135633,0.56135166,0.4466086,0.47478062,0.53845215,0.5001657,0.35369533,0.31133333,0.3128836,0.33157817,0.41968495,0.48997974,0.36817643,0.36363533,0.5244434,0.43055317,0.29366884,0.42771944,0.46016204,0.19050267,0.05206768,0.20334776,0.12537536,-0.06802857,-0.16548981,-0.11437381,-0.16768612,0.009554507,0.03298251,0.010546994,-0.05967221
191,-0.39991635,-0.39944872,-0.40051165,-0.3654141,-0.39065686,-0.31285748,-0.30770183,-0.35516727,-0.3126474,-0.268775,-0.29850116,-0.30199435,-0.23595484,-0.23461446,-0.23091069,-0.17177048,-0.102298096,-0.08742869,-0.032975424,0.013895409,-0.055626195,0.022397546,0.052874878,-0.057257745,-0.06268775,-0.18300207,-0.28628758,-0.31520724,-0.36202884,-0.32741702,-0.123675376,-0.2221579,-0.30462542,-0.030265847,0.004270766,-0.08730695,-0.13294752,-0.25715053,-0.28608468,-0.40457737,-0.4029224,-0.40791404,-0.4255244,-0.36924267,-0.35097232,-0.3790444,-0.30922112,-0.2452255,-0.11410916,0.035772912,0.15560135,0.12964603,0.18953644,0.131664,0.1334034,0.05798189,0.049040455,0.055537827,0.0047633173,-0.11718612,-0.13445593,-0.17741641,-0.24377689,-0.25926784,-0.30272433,-0.3591062,-0.36665273,-0.36772108,-0.37529492,-0.44522747,-0.43293896,-0.4092607,-0.38080412,-0.36045238,-0.37494817,-0.39596936,-0.39420366,-0.37758574,-0.41892198,-0.46980104,-0.47559232,-0.44666368,-0.35413444,-0.32755736,-0.27249894,-0.14392576,0.009251457,0.1224447,0.14527345,0.15410712,0.16032559,0.12990549,0.16391207,0.1558981,0.06793558,-0.081684574,0.004711519,0.021445373,-0.021842517,0.026856529,-0.09924568,0.014625627,-0.11027439,-0.242173,-0.29614708,-0.31420812,-0.30576968,-0.30880162,-0.29311287,-0.29993674,-0.25346878,-0.23498194,-0.22116208,-0.19418679,-0.19479172,-0.14926936,-0.18289942,-0.17238055,-0.10677189,-0.09086258,-0.059356418,-0.04353904,0.062546246,0.08642659,0.09516065,-0.07852011,-0.10195284,-0.040175725,-0.0068052514,-0.08275922,-0.047789857,0.038043704,-0.0046452503,-0.09961486,-0.051739607,0.02867223,-0.117446706,-0.23107974,-0.2858868,-0.27454576,-0.30320853,-0.21702863,-0.17416479,-0.1308225,-0.11712497,-0.04348728,-0.035556465,-0.038969334,-0.035256576,-0.01724913,-0.094311304,-0.09505626,-0.06648126,0.0123320855,0.012181079,0.07216028,0.098957025,0.045011368,0.08548024,0.07982999,0.042412862,0.058264855,0.035263315,0.017832529,0.0068984423,0.0061772633,-0.048357006,-0.02933026,0.012370221,0.049565457,0.09345234,0.105246395,0.14045335,0.12289018,0.0832217,0.15825444,0.27091914,0.4490135,0.42600328,0.5283033,0.61666137,0.5743721,0.67465866,0.79627556,0.7533023,0.76436776,1.0,0.8673415,0.7673162,0.56470865,0.5274989,0.35711235,0.08479615,0.039444923,0.11166093,0.086151615,0.2730325,0.43006507,0.5423573,0.6628631,0.7334475,0.70357066,0.64001817,0.711252,0.7728919,0.5897278,0.44701478,0.4631507,0.2926207,0.116812564,0.0061652362,-0.0371818,-0.14943941,-0.09765324,-0.1260367,-0.10702172,-0.029781189,0.03800441,0.051042873,0.21098611,0.35052326,0.38555348,0.45621818,0.586728,0.56307465,0.52813476,0.5703711,0.5653313,0.5259171,0.51452243,0.46241796,0.36669257,0.26778662,0.06831541,-0.0062146625,-0.00044596338,0.04012019,0.052864257,0.058025025,-0.055314545,-0.020871364,0.09591249,-0.023010736,-0.06926186,0.11643633,0.090082094,-0.10707749,-0.071117654,0.07938496,-0.0655053,-0.1513415,-0.057777148,-0.05404249,-0.16062199,-0.08354335,-0.100632705,-0.20216213,-0.23175266
192,-0.35603786,-0.3896356,-0.39893052,-0.39147,-0.41697428,-0.36421087,-0.36097494,-0.3895916,-0.3505274,-0.35141107,-0.3757475,-0.34955812,-0.3256885,-0.3625041,-0.34565863,-0.29126924,-0.23643893,-0.21651748,-0.1869557,-0.1550456,-0.23915413,-0.15905675,-0.1276818,-0.22804166,-0.21627393,-0.3030156,-0.35759518,-0.3196097,-0.32902357,-0.2511528,0.02219279,-0.16947058,-0.18391305,0.15748039,0.13867456,0.047281228,0.046602685,-0.09100655,-0.09374418,-0.2675808,-0.31166878,-0.31049886,-0.32464322,-0.28375918,-0.23709197,-0.3364486,-0.28500465,-0.31938493,-0.24288733,-0.07265531,0.05594654,0.07357422,0.1393477,0.08833496,0.10588243,0.06084444,0.02448854,0.0011056876,-0.017313004,-0.105147496,-0.16416584,-0.21943855,-0.23618464,-0.26441872,-0.34507582,-0.3746721,-0.35033527,-0.37511325,-0.40001902,-0.4004102,-0.36613408,-0.31338522,-0.29611823,-0.28804114,-0.3089202,-0.35616466,-0.3686183,-0.3788514,-0.40490997,-0.41685352,-0.38173413,-0.35001808,-0.2339873,-0.26789364,-0.2377184,-0.15569624,0.0047791214,0.09377179,0.106813155,0.13684739,0.18789531,0.14331977,0.1731353,0.19035922,0.08710226,-0.09988387,0.12071581,0.1491973,0.049039274,0.09769652,-0.03067271,0.008503277,-0.09322495,-0.17548874,-0.22935285,-0.21241464,-0.23174466,-0.18641955,-0.15739785,-0.18190919,-0.14742543,-0.0903568,-0.1148728,-0.13623281,-0.10706319,-0.062252387,-0.061241575,-0.049357608,-0.010231245,0.0130360285,0.015401604,0.07597611,0.18988658,0.25332096,0.26582077,0.08744305,0.049580913,0.12376137,0.1984605,0.10912956,0.11130546,0.22235787,0.19786902,0.021458248,0.05126849,0.18396126,-0.024110314,-0.18633614,-0.26867688,-0.31566986,-0.3698347,-0.33094564,-0.2956977,-0.22237244,-0.14879905,-0.04879733,-0.008219107,-0.054942247,-0.057167027,-0.09284878,-0.10872797,-0.017628968,0.076728106,0.15916513,0.14613631,0.21562196,0.28630224,0.2015402,0.23955299,0.2667717,0.22327408,0.1588227,0.13538156,0.1464258,0.077801295,-0.0023559139,-0.020200258,0.0275815,0.04417161,0.03921533,0.08096083,0.11038894,0.16472104,0.1714475,0.13709147,0.23425356,0.3613601,0.4182728,0.33456653,0.4639049,0.60812646,0.4861008,0.5231486,0.7654496,0.76509553,0.6205089,0.8673415,1.0,0.82534534,0.49020532,0.6219075,0.48670134,0.11080399,0.0969859,0.23965763,0.22509675,0.4742942,0.6505513,0.76405567,0.8591317,0.86698765,0.8161451,0.7766748,0.8147765,0.7727234,0.6204096,0.4763788,0.35377905,0.12606701,-0.015618349,-0.16319166,-0.29059368,-0.41152555,-0.36042786,-0.38837937,-0.36121884,-0.25954726,-0.18559597,-0.18756089,0.009024479,0.2400319,0.23316275,0.32119787,0.576506,0.5678681,0.4888743,0.5900148,0.6326779,0.55265534,0.53875536,0.40460634,0.24415112,0.079638176,-0.17804143,-0.2296862,-0.18359463,-0.15854815,-0.17609733,-0.14461091,-0.2941451,-0.28680298,-0.1488834,-0.27218616,-0.37450385,-0.2041252,-0.19043025,-0.4018469,-0.3686015,-0.17325683,-0.27200136,-0.3695331,-0.21293864,-0.1488064,-0.23838061,-0.0076696705,0.006450679,-0.1567153,-0.18316333
193,-0.24493256,-0.24331969,-0.23004149,-0.21290849,-0.23021887,-0.18395312,-0.19866571,-0.23222104,-0.19717136,-0.19433472,-0.2472459,-0.23275673,-0.20163444,-0.24488509,-0.27959433,-0.24445954,-0.1826123,-0.19781344,-0.1771178,-0.14724147,-0.1958636,-0.12737837,-0.11638379,-0.17911245,-0.1546472,-0.19176126,-0.22506392,-0.16415642,-0.1706052,-0.11192184,-0.0027417184,-0.0868654,-0.19092923,0.05264617,0.08776608,0.020190237,-0.045682307,-0.18231781,-0.18609321,-0.23560354,-0.23480673,-0.21374227,-0.22442557,-0.17909428,-0.15672797,-0.20740372,-0.16953135,-0.22610778,-0.16580261,-0.12668693,-0.04288928,-0.07597573,-0.043618597,-0.09864882,-0.06172291,-0.10870213,-0.13557118,-0.1440208,-0.15721641,-0.23234063,-0.26021037,-0.27560788,-0.28315553,-0.3058084,-0.33194146,-0.3294913,-0.31206912,-0.3155817,-0.28509593,-0.31554046,-0.29438093,-0.26211765,-0.22823453,-0.22114314,-0.24596687,-0.25634247,-0.24366602,-0.2363239,-0.27074742,-0.29457727,-0.30314437,-0.28077483,-0.20179652,-0.22574474,-0.19741122,-0.18100084,-0.061948422,-0.027233953,0.03929959,0.026752265,0.047860805,0.07967445,0.10270086,0.11044645,0.068817504,-0.09681578,0.04714947,0.07012729,0.0052668606,-0.006230671,-0.10774958,-0.084923804,-0.16673903,-0.20171666,-0.22722623,-0.19338682,-0.19855237,-0.19814605,-0.21097527,-0.23975626,-0.21068542,-0.20342703,-0.2186924,-0.20184234,-0.20297627,-0.17698944,-0.17967634,-0.16660054,-0.14621206,-0.13907067,-0.12174067,-0.043805614,0.08251138,0.14536062,0.18028769,0.112251304,0.050912626,0.15095738,0.24706435,0.1521162,0.14680894,0.25989735,0.25714213,0.13829312,0.1552351,0.2566311,0.12994157,0.0064789993,-0.08541283,-0.13617635,-0.1963472,-0.18438673,-0.15866207,-0.09745714,-0.024338504,0.07619321,0.097987205,0.042614557,0.028453538,0.05347773,0.01633483,0.053185176,0.11587639,0.2015841,0.22943185,0.3004436,0.34390908,0.3477403,0.37910867,0.3501898,0.32557756,0.38199425,0.3308487,0.25990513,0.22423841,0.2268571,0.17049825,0.15050715,0.10620976,0.12955469,0.1352392,0.105677195,0.13109006,0.12946963,0.063632146,0.11140228,0.2079037,0.36811474,0.30648205,0.3511923,0.4746126,0.4694183,0.46871018,0.58359224,0.66639256,0.687314,0.7673162,0.82534534,1.0,0.69455826,0.5624032,0.55145776,0.3300352,0.18600005,0.22116417,0.28726265,0.40702936,0.5174918,0.49445906,0.55991507,0.5920733,0.4898787,0.43706214,0.5248566,0.4827921,0.29810965,0.24004519,0.21890065,0.0010017443,-0.09295985,-0.124179035,-0.19982205,-0.3074045,-0.3159774,-0.31864318,-0.28535265,-0.26903388,-0.24130489,-0.20195512,-0.06574629,0.022466255,0.03816771,0.16956668,0.30517223,0.2720273,0.26838592,0.36461127,0.3618094,0.31260112,0.25826883,0.16964392,0.10952536,0.029491054,-0.110005826,-0.110400476,-0.06288808,-0.040339354,-0.038660854,0.015571341,-0.08913653,-0.10404884,0.032222856,-0.030695414,-0.109802045,0.031661212,0.12003841,-0.047367238,-0.053064924,0.17828812,0.112837605,-0.020212391,0.07626012,0.15274407,0.041484334,-0.028993014,-0.11327495,-0.20502415,-0.20668916
194,0.13705485,0.14235276,0.119557105,0.139,0.14799061,0.14726652,0.15450412,0.1661032,0.13354114,0.13599968,0.12860498,0.13455181,0.088583454,0.059967756,0.04451139,-0.011993594,-0.028035374,-0.06980071,-0.08200043,-0.069830135,-0.1292076,-0.11853771,-0.14174616,-0.14873625,-0.16748935,-0.11855206,-0.04009842,0.006735554,0.07122618,0.11491716,0.22083773,0.23764917,-0.019518862,0.07161014,0.25282568,0.2156427,0.031403672,-0.15597047,-0.19778982,-0.15647602,-0.10088935,-0.021500561,0.051128868,0.12829989,0.08683965,0.061612654,0.021896636,-0.052891985,-0.084750034,-0.21812938,-0.24770044,-0.2088164,-0.18723941,-0.18048488,-0.13771293,-0.12504138,-0.11615271,-0.10508149,-0.03846116,-0.057053726,-0.05879016,-0.01675729,0.019403052,0.012596801,0.016149068,0.034565236,0.059154626,0.068583675,0.123578005,0.11245791,0.1360206,0.12443371,0.12886985,0.14578925,0.15362205,0.16862307,0.16805789,0.17947751,0.16635294,0.13362116,0.10321112,0.09809963,0.09478517,0.058292318,0.010859869,-0.06839734,-0.110121995,-0.21292971,-0.1840682,-0.24380085,-0.214978,-0.16419211,-0.21065828,-0.20149684,-0.18349725,-0.31763175,-0.14284778,-0.053347807,-0.06094759,-0.076202944,-0.07295394,-0.09172355,0.00091358187,0.022124529,0.06598602,0.12505989,0.1706873,0.11943082,0.08155629,0.086211875,0.074140295,0.033202987,0.004315776,0.014355867,0.0039360356,-0.033914026,-0.012874631,0.0039393473,-0.04203845,-0.031861994,-0.061593164,-0.024148222,0.005194891,-0.050093997,-0.11765234,-0.05834688,-0.13532269,0.037648182,0.15826125,0.10226023,-0.007838343,0.100304164,0.22351173,0.14873834,0.05958841,0.13275185,0.2101338,0.1682832,0.09274717,0.011128635,0.022734556,-0.04391788,-0.10872601,-0.119420774,-0.08487962,-0.02142203,-0.0615113,-0.086649224,-0.057822928,0.03439743,-0.03586934,-0.017857471,0.021383772,0.042420506,0.080068715,0.1786864,0.20316629,0.28181866,0.3060487,0.2870147,0.27554145,0.38513002,0.34461764,0.2508622,0.21412134,0.22907767,0.1573053,0.06939875,-0.26081687,-0.20224962,-0.27900255,-0.366773,-0.3850182,-0.3682227,-0.3616166,-0.37454525,-0.34733692,-0.17626643,-0.17628339,-0.15916027,-0.08105138,-0.047083516,0.04421406,0.120311186,0.13054872,0.27631515,0.56470865,0.49020532,0.69455826,1.0,0.7850275,0.73795635,0.71895427,0.63364667,0.52988756,0.56914836,0.5229961,0.4232483,0.33176285,0.21382618,0.17832623,0.16008537,0.2962256,0.4324409,0.36459342,0.3823307,0.5249677,0.59154385,0.4170469,0.44141695,0.47470278,0.35535717,0.22486605,0.16123167,0.08061828,0.10376863,0.1307159,0.06030725,-0.020454189,0.063989215,0.12356281,-0.05694194,-0.10689025,0.020032814,-0.030583506,-0.16040707,-0.1227839,-0.07760189,-0.1526565,-0.116866395,-0.16866179,-0.23548532,-0.21186587,-0.19184752,-0.16481689,-0.14355409,-0.11432188,-0.18235292,-0.2127465,-0.20013596,-0.17843902,-0.16004957,-0.14815313,-0.047147445,0.05945133,0.11125653,0.1638066,0.33493364,0.4798747,0.3805268,0.4040181,0.5848162,0.5337906,0.37962043,-0.17814824,-0.3918888,-0.4230973,-0.3557909
195,0.14674011,0.09749378,0.035287697,0.028510798,0.0370088,0.01624798,0.04479599,0.084518515,0.037708625,-0.0009877896,0.024796331,0.06988967,-0.03491677,-0.09005649,-0.04936535,-0.10886942,-0.16573098,-0.18149674,-0.20417613,-0.21176961,-0.3101995,-0.30283582,-0.31904528,-0.33936837,-0.36799413,-0.3175048,-0.18496834,-0.10085643,0.008085943,0.106817916,0.40689674,0.27589595,0.13404992,0.31748307,0.44707844,0.39722764,0.27592367,0.0665374,0.025383124,-0.06770653,-0.070069954,0.011199496,0.107003376,0.16805512,0.16623689,0.04103489,-0.01770702,-0.17094627,-0.25819325,-0.30827045,-0.3183427,-0.18729846,-0.12853993,-0.093552575,-0.045866355,0.009699752,-0.010267784,-0.03652118,0.07322826,0.08987222,0.025512388,0.041296072,0.12439905,0.10988876,0.050070144,0.062166806,0.123721264,0.092582054,0.08614231,0.16701092,0.22203451,0.2373959,0.21686897,0.2265088,0.23735493,0.20274703,0.1629186,0.13866274,0.14960736,0.15461239,0.19182743,0.18664764,0.22859181,0.13658597,0.059657764,-0.03526008,-0.07766219,-0.19330205,-0.22263533,-0.24289455,-0.14306004,-0.16284016,-0.21737552,-0.18114528,-0.2185736,-0.39514637,-0.014463201,0.109502934,0.012246949,0.05662579,0.056117978,-0.011701864,0.12282552,0.1561621,0.19168635,0.27967626,0.2939131,0.29908207,0.30597955,0.30932444,0.2828573,0.3038053,0.23133542,0.16810803,0.20952997,0.17554364,0.2380482,0.24981329,0.19102915,0.21835805,0.14493303,0.19400428,0.20833984,0.16133574,0.04814553,0.036318783,-0.047862496,0.14923263,0.29299638,0.22426872,0.066214,0.21460494,0.3554639,0.16175789,0.058188587,0.2051823,0.19188704,0.084106945,-0.012969147,-0.15908241,-0.1505052,-0.25750518,-0.33616388,-0.32371813,-0.23755099,-0.15208171,-0.15670945,-0.21054414,-0.18140717,-0.15238431,-0.15263332,-0.015217611,0.098139,0.10831119,0.09520388,0.20620866,0.29500106,0.29308584,0.31453252,0.37498233,0.36134613,0.31562272,0.28426456,0.2812197,0.17854494,0.05710651,0.04226329,0.03177632,-0.3389005,-0.35073248,-0.42088756,-0.45936316,-0.44100776,-0.3883913,-0.3432089,-0.30636784,-0.25943378,-0.26831314,-0.31552535,-0.22121017,-0.09267427,-0.20684068,-0.10213766,0.15672241,0.1061364,0.034882996,0.5274989,0.6219075,0.5624032,0.7850275,1.0,0.8788601,0.64872277,0.72344524,0.75565386,0.72316206,0.7979864,0.7126071,0.70228577,0.5397086,0.42234525,0.44413564,0.6490291,0.73256165,0.5829721,0.68693477,0.8007226,0.696494,0.4696606,0.5097144,0.4259686,0.17996384,0.028449962,0.0023690886,-0.119687006,-0.09581744,0.025518594,-0.023572573,-0.17474712,-0.027791636,0.22266082,-0.05419174,-0.16509844,0.16581073,0.14443395,-0.11184514,-0.03190774,0.09877182,-0.039347764,0.046799015,-0.09929682,-0.30374727,-0.3853087,-0.47289813,-0.4739803,-0.43197453,-0.3958788,-0.50670815,-0.5565866,-0.5773432,-0.5499719,-0.54145324,-0.56619924,-0.4876936,-0.3760699,-0.35840836,-0.31279054,-0.091677815,0.042330116,-0.05191329,0.013598641,0.30423248,0.27329934,0.1439511,-0.14538385,-0.26215798,-0.3862261,-0.32156253
196,0.25729313,0.2144393,0.16805151,0.14990306,0.16296265,0.12554339,0.13105184,0.17671244,0.13288337,0.074635886,0.07829585,0.12722501,0.017264804,-0.05948246,-0.050775964,-0.121809535,-0.18481663,-0.22988509,-0.26624706,-0.27282888,-0.3510347,-0.35606566,-0.38300112,-0.36895254,-0.37715444,-0.2825214,-0.11001031,0.020750394,0.14312898,0.25844115,0.45567122,0.36516076,0.18695524,0.3063182,0.45429823,0.42733413,0.28198743,0.07564348,0.05063487,0.02770356,0.049278934,0.14821742,0.24596915,0.2847866,0.28489202,0.16335146,0.096931584,-0.12396863,-0.24686195,-0.37893462,-0.41548377,-0.30405402,-0.26897615,-0.23408195,-0.1671318,-0.099935904,-0.1253067,-0.15521789,-0.027435116,0.010963482,-0.0534335,-0.01983054,0.09022961,0.07713022,0.035361547,0.07746428,0.14749976,0.117840916,0.1401737,0.23849949,0.30119577,0.31506836,0.3031214,0.3073359,0.31053567,0.29149973,0.2649647,0.2385858,0.25041562,0.27053273,0.29565236,0.27878228,0.30972737,0.19881754,0.11689326,-0.048824426,-0.1188745,-0.27752325,-0.27038968,-0.30870408,-0.21805505,-0.19442263,-0.24769337,-0.20302957,-0.19381261,-0.3669991,0.009211904,0.12998448,0.024016056,0.014193434,0.036118284,-0.082511656,0.082525425,0.17836887,0.22532184,0.3388806,0.3429713,0.33943573,0.32756585,0.31531915,0.28132084,0.2873165,0.20534907,0.14483948,0.17815843,0.1304943,0.20840998,0.22320656,0.14058359,0.15900424,0.08285278,0.1612144,0.18877923,0.16365696,0.06356831,0.14063106,0.04894681,0.2689222,0.4326846,0.35677496,0.19907495,0.34953314,0.49689642,0.31570983,0.20609125,0.34026775,0.3463439,0.24294834,0.11798111,-0.04341679,-0.054079622,-0.20267175,-0.29183257,-0.27283654,-0.15507908,-0.057493176,-0.058313888,-0.1289541,-0.11686207,-0.06844406,-0.045238294,0.09731889,0.21068648,0.21360607,0.22198737,0.31944448,0.40064758,0.46341604,0.46340626,0.48799562,0.4944446,0.49925417,0.44101742,0.39252573,0.29405162,0.19530922,0.16927859,0.13325502,-0.27662143,-0.2864635,-0.3824619,-0.4514993,-0.45034546,-0.39466757,-0.36257002,-0.3562789,-0.33115503,-0.31895268,-0.3718213,-0.32511315,-0.20193106,-0.27010432,-0.21805537,-0.010047275,0.0046750056,-0.026487093,0.35711235,0.48670134,0.55145776,0.73795635,0.8788601,1.0,0.8109438,0.7853411,0.7895855,0.8379478,0.8402257,0.71386355,0.57928085,0.37961835,0.24804896,0.2389847,0.4365889,0.52371186,0.34243456,0.4432101,0.59395,0.49722764,0.28570023,0.37981498,0.35439906,0.112900265,-0.01460041,-0.07451199,-0.17990375,-0.1550876,-0.07658156,-0.15106791,-0.2777678,-0.17278229,0.014656517,-0.24849707,-0.32333356,-0.039382216,-0.0655185,-0.2745511,-0.17892282,-0.06653964,-0.19108978,-0.13603348,-0.2747238,-0.42523053,-0.47500587,-0.5036801,-0.4649644,-0.40878648,-0.39049852,-0.49726272,-0.52265257,-0.5258571,-0.52394676,-0.5189487,-0.5069531,-0.4385976,-0.36698243,-0.2963617,-0.21904707,-0.030872533,0.12026814,0.07940574,0.12711756,0.3831585,0.39258134,0.26592612,-0.1484167,-0.2926549,-0.38014877,-0.29912663
197,0.44496796,0.43421277,0.39500916,0.3888502,0.41699782,0.36214858,0.3681024,0.4168747,0.34495804,0.30656275,0.3091148,0.33340672,0.22129586,0.16369742,0.1447601,0.040165637,-0.040619824,-0.10758848,-0.15778993,-0.16530818,-0.20925845,-0.24499424,-0.28797755,-0.23117344,-0.2496012,-0.1118796,0.0817137,0.1908228,0.31566104,0.38384354,0.4178336,0.47595942,0.22989894,0.16221093,0.37138513,0.38488096,0.18621919,0.023923961,-0.020518562,0.085217156,0.15075293,0.26472473,0.37450927,0.42193282,0.37213156,0.32579893,0.2247165,0.037846494,-0.09827222,-0.35513255,-0.464736,-0.3780829,-0.3757103,-0.3242039,-0.25474378,-0.17685911,-0.17403783,-0.18196772,-0.045361415,0.022251258,-0.0012356152,0.067543305,0.17984022,0.18167883,0.19469403,0.25339475,0.3051597,0.30356002,0.36342674,0.42778212,0.46638593,0.4442375,0.43357605,0.44136932,0.4580259,0.47895402,0.4689886,0.4609514,0.47406334,0.47776675,0.46055982,0.42862454,0.37385228,0.2888473,0.21887545,0.004244236,-0.15965003,-0.37361848,-0.35372096,-0.41524678,-0.36987358,-0.30194402,-0.37014613,-0.33956882,-0.26892966,-0.34485334,-0.103500046,0.0051293233,-0.030946711,-0.068303004,0.008091281,-0.11156156,0.092176996,0.21606743,0.29396668,0.40585363,0.44005194,0.38821208,0.34063175,0.34469333,0.2984418,0.25887394,0.19369991,0.16269083,0.17217019,0.10130217,0.1714155,0.1812358,0.076294154,0.073260166,0.015832609,0.07244292,0.05658301,-0.018965479,-0.13409294,0.041356977,-0.060799863,0.14522949,0.30157176,0.2582001,0.08199962,0.19571029,0.37235612,0.28411314,0.15122241,0.22795309,0.38414332,0.36485186,0.27777326,0.13949686,0.15843238,0.0023452449,-0.118574336,-0.140644,-0.07084746,-0.02476076,-0.054106787,-0.09149491,-0.07100685,0.025838815,0.011939822,0.06305577,0.12333163,0.10892394,0.14456493,0.215919,0.26028147,0.39098316,0.38337606,0.37584078,0.4046881,0.5093463,0.45482165,0.36562285,0.31921875,0.2927374,0.23594247,0.15155488,-0.31526312,-0.33121473,-0.45684725,-0.5485662,-0.5720197,-0.51299745,-0.46136245,-0.5182369,-0.56849176,-0.51554036,-0.51687217,-0.546385,-0.4817108,-0.44839224,-0.40286967,-0.33223525,-0.29590687,-0.1833814,0.08479615,0.11080399,0.3300352,0.71895427,0.64872277,0.8109438,1.0,0.8781304,0.7138667,0.78494245,0.60613185,0.3829807,0.19130982,-0.055775024,-0.16915838,-0.17111051,0.04517046,0.15619211,0.007976787,0.14889024,0.39271632,0.41414708,0.28683972,0.43504515,0.5167182,0.34701687,0.2576284,0.14887992,0.051325638,0.071958214,0.09030956,-0.03310157,-0.1538058,-0.14100964,-0.10253356,-0.36517477,-0.46713793,-0.33517575,-0.3744392,-0.53516334,-0.48791158,-0.40708426,-0.4959232,-0.44527918,-0.50955975,-0.5583723,-0.49523455,-0.36983126,-0.28679886,-0.2658635,-0.26319408,-0.36901104,-0.40096238,-0.32282564,-0.32341164,-0.36748207,-0.28864336,-0.1537461,-0.1368245,-0.04342015,0.14232382,0.3283048,0.40597406,0.4120984,0.49508554,0.67858636,0.6365945,0.5170284,-0.19240946,-0.4010068,-0.38140067,-0.27184588
198,0.4631656,0.42669746,0.3545115,0.33777347,0.358575,0.28671178,0.32141724,0.38795915,0.29099634,0.23890685,0.2778634,0.31917146,0.16408104,0.107101455,0.13698314,0.025138922,-0.098170415,-0.1390176,-0.17765595,-0.20178784,-0.26479426,-0.3112885,-0.35444242,-0.30827308,-0.34201232,-0.21519859,-0.013530761,0.091986835,0.23944163,0.32360432,0.47426844,0.48157838,0.33458763,0.24992578,0.43346128,0.44365728,0.29475823,0.1558267,0.076785706,0.1008362,0.14052959,0.24144378,0.3720874,0.39730027,0.37133116,0.28365853,0.1733111,-0.024652194,-0.1699855,-0.39146763,-0.50078547,-0.35577562,-0.3263636,-0.25335968,-0.1860487,-0.07483724,-0.079412766,-0.109057136,0.055927224,0.14730398,0.09863768,0.15361694,0.29103604,0.30015862,0.27690154,0.32130075,0.39314267,0.37053826,0.3799396,0.48769712,0.5409513,0.5253604,0.4925467,0.50369775,0.5294398,0.5262688,0.49213275,0.46442616,0.487851,0.49921298,0.5129353,0.4661168,0.43180075,0.33048624,0.26386437,0.046217546,-0.1445615,-0.37381262,-0.39658955,-0.4334968,-0.34402725,-0.31961817,-0.41594094,-0.39702633,-0.34035823,-0.39010298,-0.06612476,0.060582895,-0.059771802,-0.013885435,0.085074216,-0.05160497,0.1863122,0.31344947,0.39235747,0.49777803,0.5384108,0.50351894,0.47582182,0.49349523,0.43558764,0.42597902,0.35102385,0.28210297,0.32002,0.2499128,0.33361384,0.34108964,0.22816326,0.2184914,0.1726056,0.21241038,0.1658777,0.06480999,-0.09412683,0.040933296,-0.07107723,0.15058501,0.30149397,0.23812546,0.04224234,0.18128674,0.3496798,0.20172034,0.07681517,0.17522918,0.30043444,0.24604107,0.16592064,0.0086602075,0.038905356,-0.118832745,-0.24241956,-0.26372176,-0.19644646,-0.15045795,-0.16799033,-0.20457026,-0.17420517,-0.09813174,-0.08261424,0.018857883,0.10429643,0.06170193,0.06586197,0.12775609,0.20954493,0.30942187,0.2995089,0.3319183,0.37555608,0.4153103,0.36940187,0.34278265,0.29355386,0.19924352,0.1714917,0.13911495,-0.35958833,-0.45778784,-0.5771821,-0.63589126,-0.6234812,-0.5356343,-0.4654836,-0.49924144,-0.5525911,-0.6251139,-0.63501745,-0.62488544,-0.5523762,-0.5856709,-0.5038976,-0.364909,-0.3827902,-0.34279343,0.039444923,0.0969859,0.18600005,0.63364667,0.72344524,0.7853411,0.8781304,1.0,0.890242,0.8482537,0.70187765,0.4509609,0.31212536,0.023070263,-0.1228107,-0.08453427,0.18295988,0.27696317,0.11519451,0.32124513,0.567577,0.55151963,0.41673926,0.5535199,0.577028,0.35964426,0.2580146,0.17360994,0.045847982,0.0576935,0.13189489,0.007870926,-0.15081538,-0.1275184,-0.015130357,-0.33474824,-0.4976018,-0.29231787,-0.31812966,-0.5419902,-0.4981719,-0.38343698,-0.49160627,-0.40398893,-0.48941943,-0.5926829,-0.5582741,-0.46342808,-0.4011248,-0.40203172,-0.39102918,-0.508016,-0.559629,-0.46774364,-0.4643244,-0.5349313,-0.46153635,-0.31002575,-0.2852614,-0.23286638,-0.03238162,0.1996232,0.25430283,0.23903604,0.35495436,0.59258515,0.5290732,0.4186656,-0.17458981,-0.31229326,-0.32209393,-0.21842907
199,0.35074285,0.29095322,0.20934366,0.18246682,0.19260247,0.12502192,0.15030533,0.22120441,0.14958566,0.07149517,0.110340156,0.1759382,0.01665565,-0.050639577,-0.0029451577,-0.08667733,-0.20898388,-0.23234119,-0.25841716,-0.27985182,-0.3639971,-0.40386406,-0.43718964,-0.41517273,-0.44000873,-0.33782032,-0.15331627,-0.024443096,0.12172168,0.24325405,0.49112582,0.41544604,0.3377695,0.324426,0.46666205,0.4642929,0.36450368,0.22276264,0.1505078,0.094705984,0.10748724,0.19505255,0.31237462,0.3039901,0.3202734,0.17592387,0.08887465,-0.14522545,-0.27613467,-0.42544115,-0.48407277,-0.31924468,-0.26432192,-0.19714181,-0.12719421,-0.014462569,-0.042120386,-0.09202606,0.06553994,0.14579214,0.06942261,0.098269075,0.24024041,0.24460077,0.18191601,0.21691857,0.30521756,0.25748688,0.23729214,0.37492454,0.44638667,0.4536552,0.414375,0.41559008,0.43531543,0.4080247,0.36524487,0.32496816,0.34858117,0.3740075,0.41712475,0.36604786,0.38694602,0.2633567,0.20502645,0.008990819,-0.13871256,-0.32675043,-0.36068377,-0.36807194,-0.25527218,-0.2642315,-0.34039858,-0.31973594,-0.29012164,-0.36667994,0.062106486,0.18981291,-0.05812479,0.01411217,0.09152419,-0.04330396,0.17632924,0.29127878,0.3486894,0.45543236,0.47358397,0.47263455,0.46980473,0.48001564,0.42408457,0.4487889,0.362919,0.2686889,0.3282913,0.27696958,0.37219456,0.37711355,0.27617165,0.27388883,0.22443771,0.28095293,0.27252096,0.20858791,0.043303426,0.12713195,0.020737601,0.26766336,0.40407112,0.30441502,0.13781784,0.30510202,0.4223216,0.20255768,0.12845755,0.25219524,0.26718515,0.15867081,0.053710233,-0.1210877,-0.11787075,-0.27533478,-0.3674331,-0.35033512,-0.24916,-0.17317241,-0.16170512,-0.21927056,-0.19549417,-0.1448384,-0.09008401,0.08535981,0.19830903,0.13361956,0.10888688,0.16472441,0.28088635,0.3431508,0.32074293,0.3793223,0.43279293,0.40127856,0.3421988,0.36272097,0.3064354,0.16304901,0.15994963,0.18443389,-0.27736735,-0.41594192,-0.5197639,-0.5568146,-0.5179267,-0.42011943,-0.367079,-0.36264247,-0.38719487,-0.5141769,-0.55721515,-0.5098908,-0.4096476,-0.50440395,-0.43420714,-0.21698447,-0.24658492,-0.3093495,0.11166093,0.23965763,0.22116417,0.52988756,0.75565386,0.7895855,0.7138667,0.890242,1.0,0.89278215,0.82901305,0.62526315,0.50801873,0.23673292,0.0808876,0.114584796,0.35698286,0.42433494,0.248641,0.42921847,0.61090726,0.52821887,0.37386364,0.46815467,0.4287257,0.18489645,0.075103186,0.022782458,-0.099504255,-0.076323025,0.034414228,-0.059485067,-0.20895872,-0.14471531,0.037528265,-0.27186206,-0.41887766,-0.14355257,-0.15963383,-0.39888346,-0.3332049,-0.20570196,-0.32487816,-0.23714943,-0.3554522,-0.5055516,-0.53048855,-0.51987684,-0.48239693,-0.47479072,-0.45725116,-0.56980735,-0.6150183,-0.56090856,-0.5663485,-0.6089526,-0.57037795,-0.46359488,-0.42426908,-0.39139628,-0.25811067,-0.04139614,0.031490404,0.0027054716,0.08870442,0.35073817,0.32166928,0.225112,-0.15286282,-0.20851722,-0.25952578,-0.17307614
200,0.38887087,0.3314189,0.26689166,0.22901128,0.24458629,0.16713643,0.18456656,0.25770193,0.19015859,0.10879985,0.13404311,0.19613282,0.05325026,-0.02444065,-0.0099280905,-0.093564965,-0.19444723,-0.24226081,-0.2821542,-0.295925,-0.36286223,-0.39762148,-0.43577883,-0.3947561,-0.40690452,-0.28073943,-0.088866614,0.057207067,0.20573458,0.33339626,0.5163604,0.45950747,0.33074573,0.3167944,0.46557662,0.47093326,0.35107607,0.19588551,0.14142501,0.12798685,0.1574293,0.25979322,0.36956477,0.360065,0.36337468,0.232023,0.14426537,-0.098117225,-0.2455903,-0.42870003,-0.4965514,-0.35299224,-0.3291826,-0.26888114,-0.19658841,-0.09431063,-0.12560812,-0.16809693,-0.012626292,0.06538853,-0.0041998927,0.03845528,0.18754892,0.18425454,0.14331628,0.19671701,0.283283,0.24051431,0.24385397,0.38203934,0.45480132,0.46270293,0.4313817,0.4310336,0.4462982,0.4271425,0.39592627,0.35475802,0.37700734,0.41408783,0.44573188,0.39678124,0.40355197,0.27789837,0.20284477,-0.010987285,-0.15251356,-0.34008107,-0.3481468,-0.3786704,-0.27309176,-0.25073847,-0.33070585,-0.28704566,-0.2202118,-0.32860848,0.04874832,0.16542374,-0.016492471,-0.005385039,0.07224906,-0.107017726,0.11204781,0.2607521,0.32725543,0.44397524,0.4551031,0.4548925,0.44443733,0.44426107,0.38832742,0.3968922,0.29872468,0.2167364,0.26800188,0.20408554,0.3030815,0.30816802,0.20095323,0.2017723,0.14254539,0.21772109,0.21292524,0.15656915,0.017978378,0.17236021,0.09683826,0.33921972,0.4716669,0.38475206,0.22671878,0.36829633,0.49451447,0.3123923,0.21556981,0.32103297,0.3510147,0.26402986,0.15458246,-0.020722823,-0.028087167,-0.20602268,-0.301222,-0.2817071,-0.1741603,-0.0940484,-0.08453126,-0.15206476,-0.12977313,-0.09432517,-0.016229864,0.15932557,0.26006678,0.19410983,0.17576449,0.23026507,0.34202254,0.43539363,0.40139952,0.44354248,0.50131047,0.48839054,0.41851002,0.41387376,0.3543579,0.2312143,0.22139066,0.2112722,-0.2597703,-0.35134158,-0.46991107,-0.535098,-0.52265096,-0.43860886,-0.39783266,-0.4177885,-0.42700887,-0.50289655,-0.55171645,-0.52786267,-0.42691338,-0.4870438,-0.44233158,-0.25607052,-0.24594507,-0.2720484,0.086151615,0.22509675,0.28726265,0.56914836,0.72316206,0.8379478,0.78494245,0.8482537,0.89278215,1.0,0.869649,0.64589584,0.45253336,0.17787418,0.025937729,0.036221713,0.26923156,0.34099385,0.14388247,0.3108944,0.50763994,0.4290119,0.27882266,0.39742526,0.39570972,0.16269565,0.06484414,-0.005588009,-0.11320778,-0.08776731,-0.008066591,-0.11154393,-0.2394971,-0.18901725,-0.05160335,-0.34760264,-0.46266204,-0.21970695,-0.24444687,-0.45617944,-0.38445795,-0.2707738,-0.3814947,-0.30876604,-0.42218876,-0.5482365,-0.55779934,-0.5213562,-0.4656998,-0.44203275,-0.42177427,-0.53260225,-0.5683289,-0.5121025,-0.5247183,-0.563325,-0.5100342,-0.41108623,-0.38500753,-0.3310071,-0.19128697,0.005915197,0.09647915,0.07975737,0.15517157,0.40001994,0.38999957,0.28791276,-0.16368625,-0.2544772,-0.29307222,-0.19601794
201,0.21354704,0.13571446,0.0717231,0.03907185,0.046027552,-0.001470314,0.019245181,0.07403036,0.027587285,-0.049779523,-0.028938685,0.03646521,-0.08986888,-0.16955666,-0.13323708,-0.19029543,-0.26781806,-0.2939544,-0.32326284,-0.32679915,-0.41659692,-0.41812038,-0.43751132,-0.42953682,-0.43345037,-0.35131854,-0.18800515,-0.04644458,0.08755748,0.21495382,0.48971066,0.33904916,0.2673825,0.39127192,0.48719868,0.4600388,0.37676567,0.20031227,0.16062155,0.061979607,0.04460995,0.13511616,0.22951837,0.24417746,0.2650704,0.109569795,0.045233015,-0.19623221,-0.3144495,-0.38985613,-0.40276256,-0.2575852,-0.2025989,-0.15847957,-0.0941813,-0.011270001,-0.055222284,-0.110139705,0.033373453,0.07725799,-0.025626216,-0.013696228,0.11870203,0.10253106,0.024536734,0.059695333,0.14896974,0.090528965,0.070943944,0.2114499,0.28885278,0.32013977,0.29034176,0.28953597,0.29733664,0.25050816,0.20773585,0.15892671,0.18271291,0.22001399,0.28287205,0.26079574,0.315611,0.18151414,0.11523045,-0.036709193,-0.095522225,-0.2364127,-0.25784388,-0.26906198,-0.14392905,-0.15669504,-0.22123961,-0.17511107,-0.17432235,-0.33007967,0.10585491,0.21954066,0.03534601,0.07834336,0.107978806,-0.04094707,0.111017175,0.21487415,0.24613632,0.36027882,0.34933916,0.3824446,0.3951611,0.38208795,0.34098065,0.3879077,0.28307068,0.18214177,0.2514545,0.21683788,0.3171033,0.32730708,0.23989825,0.2592792,0.19173239,0.26864567,0.28608802,0.26570472,0.14361398,0.1882085,0.108275846,0.33505428,0.49042442,0.39783385,0.2455685,0.4151547,0.53563535,0.29771125,0.21751851,0.37539703,0.30145252,0.16739339,0.047595732,-0.1296788,-0.15230869,-0.30330023,-0.37598333,-0.33362368,-0.2064625,-0.116347045,-0.08867293,-0.16305318,-0.1505739,-0.15002845,-0.074224606,0.11748828,0.24432188,0.21011494,0.17404495,0.23715207,0.3679244,0.399578,0.38585785,0.45493624,0.48826256,0.40911162,0.3535275,0.38549486,0.2910333,0.1280047,0.14349474,0.16439974,-0.23173714,-0.32360572,-0.40601793,-0.43768647,-0.39957717,-0.31794262,-0.28317168,-0.25080952,-0.21743733,-0.31840694,-0.3993027,-0.31921527,-0.1817262,-0.3104764,-0.26410156,0.011770811,0.0005787637,-0.14271,0.2730325,0.4742942,0.40702936,0.5229961,0.7979864,0.8402257,0.60613185,0.70187765,0.82901305,0.869649,1.0,0.8677891,0.72589654,0.49352542,0.33955073,0.3488866,0.5491189,0.592997,0.39295986,0.5177569,0.62496877,0.46105945,0.26485816,0.33306682,0.2485053,-0.012354461,-0.13168207,-0.16069733,-0.26413268,-0.2354346,-0.11926995,-0.16958477,-0.2944447,-0.181973,0.05835224,-0.21234165,-0.30378816,0.03165499,0.016883846,-0.21819688,-0.11829914,0.011954858,-0.1213704,-0.050469138,-0.20976594,-0.40043712,-0.48718816,-0.56172913,-0.54229206,-0.5028055,-0.4736752,-0.58192927,-0.6092871,-0.6172708,-0.62269914,-0.6191134,-0.628779,-0.58476496,-0.51582026,-0.48383775,-0.43372288,-0.24847953,-0.12114097,-0.16357636,-0.11206679,0.1612334,0.1800463,0.09431902,-0.12098703,-0.1708169,-0.28303057,-0.20833375
202,-0.003049938,-0.075364225,-0.11919143,-0.14356981,-0.15052417,-0.16296872,-0.15218039,-0.12647793,-0.13607226,-0.19396803,-0.19655441,-0.13249284,-0.20117827,-0.2791081,-0.25556043,-0.26067197,-0.28833264,-0.30511817,-0.3183774,-0.30358973,-0.3965229,-0.35998106,-0.35694435,-0.38142252,-0.36367634,-0.33866984,-0.24694537,-0.12033812,-0.033855826,0.080376476,0.36347327,0.16265391,0.1381924,0.36452034,0.3955953,0.34307966,0.30698138,0.13811421,0.12347671,-0.023684911,-0.062129103,-0.005758262,0.046528324,0.06406575,0.11399034,-0.033695538,-0.04520499,-0.24446376,-0.2996067,-0.2785471,-0.2336688,-0.13596179,-0.07704013,-0.06936094,-0.024383022,0.010485419,-0.0436196,-0.09206033,0.003162393,-0.0032436042,-0.107764475,-0.11934357,-0.033329997,-0.06045664,-0.14354055,-0.12706916,-0.06249284,-0.11325585,-0.13738553,-0.029338425,0.038226888,0.09284074,0.07781118,0.07188171,0.06332521,0.0100939255,-0.020655781,-0.069162324,-0.060606204,-0.025690831,0.04557955,0.044052456,0.13374244,0.022264317,-0.004304362,-0.080141224,-0.03957904,-0.10015043,-0.09873218,-0.09313146,0.010480722,-0.009332706,-0.0348368,-0.0012758218,-0.04870245,-0.2322397,0.16426927,0.24397898,0.053795736,0.09891617,0.08051373,-0.026278673,0.029850263,0.08678184,0.073957615,0.16663975,0.14110604,0.19864483,0.22328188,0.1928546,0.18239911,0.24111573,0.14191471,0.06258376,0.12621227,0.116565675,0.19316022,0.20587835,0.16112773,0.19913882,0.15082692,0.23819427,0.29651088,0.31956053,0.25603402,0.2124334,0.15617143,0.3385471,0.472923,0.37905854,0.29229507,0.45844302,0.52042836,0.27426407,0.23761983,0.41095176,0.233806,0.07340016,-0.041321322,-0.1860619,-0.23554343,-0.33554795,-0.35813576,-0.2859336,-0.1572577,-0.05148221,-0.011285821,-0.08966385,-0.08522719,-0.11292665,-0.04546831,0.13536617,0.25169373,0.23533519,0.19436899,0.24869719,0.3749858,0.35834876,0.3527232,0.4158176,0.43132567,0.32436648,0.27521324,0.31841913,0.21963194,0.058813337,0.078862324,0.119134076,-0.12981962,-0.2036454,-0.23765785,-0.23644577,-0.18045802,-0.12211953,-0.11300797,-0.042309098,0.031717144,-0.044344615,-0.14873104,-0.038175087,0.11648029,-0.038611334,-0.011625611,0.28660548,0.27908075,0.07468441,0.43006507,0.6505513,0.5174918,0.4232483,0.7126071,0.71386355,0.3829807,0.4509609,0.62526315,0.64589584,0.8677891,1.0,0.87232786,0.7057798,0.58179647,0.56894654,0.6835605,0.7019095,0.5320562,0.56724995,0.5671593,0.37525117,0.17003682,0.1549582,0.020651853,-0.20367363,-0.32032463,-0.3105209,-0.38240686,-0.34822476,-0.22316821,-0.22304176,-0.30212313,-0.14958508,0.11729561,-0.065321274,-0.09145474,0.24892515,0.2391526,0.050159402,0.16337267,0.27422097,0.14996982,0.19134912,0.021544633,-0.1785327,-0.3149777,-0.47978708,-0.4876432,-0.4425841,-0.41928253,-0.49514008,-0.49766403,-0.5591204,-0.56391734,-0.5114248,-0.57190686,-0.5959826,-0.49662152,-0.4734376,-0.5370759,-0.41341034,-0.25658947,-0.31761646,-0.32426232,-0.08464104,-0.032611888,-0.10412161,-0.06958591,-0.068641,-0.2133018,-0.17337966
203,-0.16451223,-0.23991807,-0.28513557,-0.298906,-0.30757463,-0.2913664,-0.2754026,-0.2647706,-0.25893742,-0.30148104,-0.2941778,-0.23506986,-0.28554213,-0.34340164,-0.29559204,-0.27830786,-0.2879944,-0.27005747,-0.26740155,-0.26061156,-0.36032954,-0.31226027,-0.29385367,-0.35745177,-0.35448733,-0.38122985,-0.33518302,-0.25330815,-0.19635442,-0.09062982,0.2702841,0.008697067,0.051526662,0.37376902,0.35635236,0.2853916,0.2984941,0.14031349,0.13338153,-0.08346216,-0.16452502,-0.13216348,-0.10413935,-0.06932101,-0.020385657,-0.18029623,-0.1795668,-0.31501633,-0.33635953,-0.19912699,-0.111820094,-0.013322402,0.0666452,0.06880864,0.10187496,0.1177376,0.07003603,0.021246767,0.07179626,0.050999105,-0.04468505,-0.094583906,-0.049625862,-0.07589449,-0.17921124,-0.19809821,-0.14295387,-0.19080575,-0.24846241,-0.15909958,-0.1014871,-0.0432636,-0.05683909,-0.054539114,-0.063600875,-0.13393718,-0.17710571,-0.22149433,-0.21541244,-0.19170922,-0.108496994,-0.08723197,0.013661339,-0.0822283,-0.09265684,-0.0927462,-0.0060269483,-0.0049444223,-0.033827618,0.005716822,0.110332906,0.029405246,0.03421345,0.06716049,-0.042919297,-0.21885587,0.18332198,0.2537489,0.08047279,0.14931385,0.08707906,0.0464478,0.03895824,0.023691785,-0.009126376,0.05529067,0.019885099,0.091912255,0.14471057,0.12488621,0.13239378,0.21426138,0.14090197,0.06343036,0.13055828,0.1469436,0.1951445,0.20210607,0.1945427,0.22919825,0.19027223,0.25383985,0.315644,0.35446477,0.2904406,0.15460218,0.10494621,0.23347323,0.33636945,0.25194144,0.18369725,0.32547715,0.35790944,0.110887274,0.092245355,0.2648967,0.063256174,-0.1059168,-0.19957995,-0.31404832,-0.3522443,-0.4012442,-0.40604132,-0.33754086,-0.22732191,-0.1360143,-0.08672907,-0.1470622,-0.1436379,-0.20176452,-0.14594185,0.030682478,0.15631603,0.16761327,0.12845553,0.19127361,0.31520796,0.22314167,0.24061412,0.33503175,0.31710434,0.15466365,0.13811865,0.2100985,0.09741177,-0.078251764,-0.050656907,0.025311697,-0.10392252,-0.17326014,-0.17274019,-0.12813045,-0.06597979,-0.016944572,0.006923076,0.102771476,0.19741993,0.08405503,-0.020685425,0.13352183,0.2910236,0.08209673,0.1311195,0.47366086,0.41806373,0.14373657,0.5423573,0.76405567,0.49445906,0.33176285,0.70228577,0.57928085,0.19130982,0.31212536,0.50801873,0.45253336,0.72589654,0.87232786,1.0,0.8908382,0.78222346,0.7873807,0.87255406,0.86472774,0.7310013,0.7372998,0.6629407,0.4379404,0.22312331,0.15434265,-0.040271036,-0.2645497,-0.38925162,-0.34110734,-0.4085823,-0.377957,-0.22201996,-0.17709357,-0.25860795,-0.0642415,0.26218593,0.10927065,0.08549676,0.46428052,0.46933427,0.26672336,0.37615964,0.49728402,0.36875618,0.4213053,0.23801771,-0.005171874,-0.1963498,-0.44232118,-0.48796228,-0.44516826,-0.42185244,-0.48351502,-0.49026385,-0.59207135,-0.578309,-0.5064159,-0.60957474,-0.6667452,-0.5387825,-0.5444243,-0.6592481,-0.5408432,-0.39690357,-0.4729488,-0.48567715,-0.24271312,-0.19571988,-0.25399366,-0.004900375,0.03955036,-0.14998066,-0.14284863
204,-0.352039,-0.41045392,-0.42987671,-0.43486717,-0.45460472,-0.40790433,-0.3994397,-0.41886345,-0.375829,-0.3884516,-0.3988298,-0.35983998,-0.35207558,-0.39001372,-0.34907502,-0.29346868,-0.25183943,-0.2180202,-0.20090239,-0.1830125,-0.27194694,-0.19717842,-0.16342916,-0.2559124,-0.25098106,-0.33351663,-0.3665164,-0.325956,-0.32712123,-0.2501978,0.083357275,-0.19097361,-0.12168162,0.27502838,0.20007993,0.10597239,0.15776242,0.027856704,0.050020427,-0.1820539,-0.2707582,-0.27442235,-0.28611833,-0.2504247,-0.18750598,-0.31879506,-0.27625465,-0.3333844,-0.29770207,-0.06516531,0.071261525,0.11660746,0.19346093,0.15781206,0.16753405,0.13803212,0.09698296,0.06334946,0.047898095,-0.018148819,-0.09103043,-0.15892504,-0.17088008,-0.1996711,-0.29858714,-0.3390083,-0.306839,-0.34213585,-0.3998197,-0.3624125,-0.32402575,-0.26187125,-0.25675124,-0.25106725,-0.27278754,-0.341767,-0.3713499,-0.40045914,-0.4083933,-0.39980432,-0.33018506,-0.290301,-0.16841167,-0.2164419,-0.21943036,-0.13150239,0.033396643,0.12942864,0.11201298,0.16232485,0.23723836,0.1545335,0.19180842,0.21896322,0.07207277,-0.119820885,0.1669019,0.20190005,0.080572166,0.1493935,0.029419605,0.053233866,-0.035557337,-0.11391568,-0.16567785,-0.14402063,-0.1829294,-0.10684812,-0.050582215,-0.07684829,-0.047863346,0.035461295,-0.007994417,-0.053817283,-0.0073380703,0.037770927,0.04680835,0.05507557,0.089660436,0.13753974,0.112789065,0.15697104,0.24968837,0.32683194,0.3264341,0.10752641,0.0860435,0.13701566,0.19983132,0.127833,0.13041621,0.23327589,0.20654328,0.004086263,0.029050266,0.17672583,-0.0601458,-0.22259346,-0.29523724,-0.35386944,-0.40037844,-0.37396255,-0.34438792,-0.27046946,-0.18214664,-0.08930225,-0.041754905,-0.09651074,-0.09615762,-0.1654461,-0.15539014,-0.015124346,0.097455285,0.16583538,0.13191974,0.18842603,0.26953486,0.13156156,0.17803013,0.2445417,0.17653838,0.013689992,0.021994524,0.08129485,-0.031976648,-0.16905002,-0.13286614,-0.053187914,0.002473754,-0.004419393,0.051647507,0.11229297,0.1747216,0.18175197,0.1681874,0.29115084,0.42558745,0.3743854,0.26891574,0.42965966,0.5773476,0.37614307,0.40504858,0.7157265,0.66380376,0.37639964,0.6628631,0.8591317,0.55991507,0.21382618,0.5397086,0.37961835,-0.055775024,0.023070263,0.23673292,0.17787418,0.49352542,0.7057798,0.8908382,1.0,0.9474328,0.9208913,0.9014767,0.8734576,0.7939355,0.7017109,0.5249784,0.29999116,0.09181431,-0.035687156,-0.24736066,-0.40989512,-0.5149646,-0.43512923,-0.46326342,-0.43830505,-0.3041901,-0.20735377,-0.23416324,-0.01807291,0.29398942,0.25660154,0.30869287,0.6417978,0.6551674,0.52701396,0.63488746,0.71664554,0.61822116,0.6323928,0.46451306,0.24307436,0.021050796,-0.28782198,-0.36122656,-0.30234438,-0.2818453,-0.30663916,-0.28673518,-0.4481507,-0.43536323,-0.31645244,-0.45922646,-0.58116764,-0.4388798,-0.4484284,-0.65392053,-0.6081804,-0.4501569,-0.53043646,-0.5870069,-0.40522653,-0.33452326,-0.37573063,0.068698145,0.12674004,-0.08210028,-0.11607767
205,-0.46803507,-0.50968903,-0.51646656,-0.5095921,-0.5376219,-0.468611,-0.4698723,-0.50786155,-0.4439031,-0.43518817,-0.45798507,-0.43544286,-0.3881886,-0.41101155,-0.3813036,-0.2974901,-0.23157094,-0.19175252,-0.15596072,-0.12634821,-0.20052798,-0.111699454,-0.070574984,-0.18353978,-0.17070727,-0.28645232,-0.37409595,-0.3685986,-0.40876147,-0.34831554,-0.05157719,-0.29662448,-0.20602754,0.16819938,0.07760088,-0.019528095,0.048472077,-0.045327734,-0.039547957,-0.27494633,-0.354079,-0.37366745,-0.41125974,-0.37961212,-0.3152896,-0.4149458,-0.3421815,-0.34096798,-0.24846017,0.013246599,0.16853699,0.17779553,0.24962005,0.19149348,0.19338866,0.13638566,0.098642856,0.06999471,0.016697448,-0.07156652,-0.13022292,-0.20909233,-0.25775948,-0.28443685,-0.37036192,-0.4268694,-0.41301146,-0.43740723,-0.496176,-0.49697572,-0.46963465,-0.40585682,-0.38905764,-0.38242003,-0.41178793,-0.47199398,-0.48830783,-0.50693214,-0.5278864,-0.534599,-0.481273,-0.4380894,-0.31200343,-0.3265806,-0.28756404,-0.15327975,0.04742633,0.19092609,0.18127322,0.23722394,0.2858241,0.20424399,0.25518882,0.2689372,0.12756206,-0.034457587,0.16881377,0.17469679,0.06323022,0.13209815,-0.008852145,0.05333749,-0.09387947,-0.20627043,-0.27772066,-0.2868279,-0.31944677,-0.2490394,-0.19531044,-0.22195368,-0.1750201,-0.0968297,-0.113951966,-0.13557759,-0.102643795,-0.03975393,-0.05492084,-0.047994893,0.013768036,0.053835392,0.061036587,0.09725952,0.20404737,0.28686622,0.31249094,0.0678146,0.058416795,0.076478235,0.11113662,0.038858,0.07888613,0.16195078,0.096095845,-0.06856903,-0.0050687348,0.115957536,-0.13953109,-0.2970186,-0.3482082,-0.36786833,-0.42049855,-0.3448962,-0.28944725,-0.21615657,-0.15740718,-0.0751361,-0.02175247,-0.054148722,-0.061245646,-0.13268642,-0.14050502,-0.046477377,0.04092413,0.12609231,0.09565704,0.13747291,0.202066,0.06228938,0.10938104,0.15961094,0.09752454,-0.035036568,-0.028016843,0.02632768,-0.050361335,-0.14792183,-0.12705645,-0.04305456,0.09629299,0.089228876,0.16536908,0.2334397,0.29982442,0.29528838,0.25898194,0.38295782,0.52711964,0.5265804,0.4372015,0.59134525,0.7223591,0.54958254,0.5767261,0.8381115,0.78912294,0.5384285,0.7334475,0.86698765,0.5920733,0.17832623,0.42234525,0.24804896,-0.16915838,-0.1228107,0.0808876,0.025937729,0.33955073,0.58179647,0.78222346,0.9474328,1.0,0.9515327,0.8469955,0.82293737,0.81198794,0.64505416,0.41893643,0.24803513,0.0631025,-0.113747135,-0.3161959,-0.41873053,-0.51642954,-0.42546874,-0.42908928,-0.40644503,-0.29318732,-0.17403947,-0.15715094,0.0502001,0.31279248,0.35369927,0.44615147,0.709333,0.7193441,0.6535263,0.74322486,0.7847606,0.7181612,0.7067811,0.5748466,0.396445,0.18649763,-0.12816195,-0.21501856,-0.17167197,-0.14805406,-0.14293899,-0.11309856,-0.28593817,-0.26943693,-0.13023977,-0.28910428,-0.43334147,-0.28031623,-0.29538843,-0.54500544,-0.5460492,-0.38909444,-0.48307303,-0.57761925,-0.4521665,-0.38035786,-0.42256877,0.06366815,0.15451415,-0.032660518,-0.086157985
206,-0.43933642,-0.48372418,-0.50173867,-0.4942144,-0.51862115,-0.4520396,-0.44066864,-0.4675085,-0.413642,-0.4054956,-0.41074368,-0.3825889,-0.34880528,-0.37038985,-0.32594576,-0.2502285,-0.20212175,-0.1628131,-0.122249804,-0.09295169,-0.17530878,-0.094264336,-0.056015998,-0.16824187,-0.1685476,-0.2800046,-0.35891995,-0.36723837,-0.40554497,-0.34895852,-0.018180626,-0.25734156,-0.19035369,0.17364685,0.11135988,0.015480263,0.06597601,-0.040255122,-0.04553612,-0.2857063,-0.36105135,-0.3669485,-0.38964003,-0.35184008,-0.29989833,-0.39580026,-0.33110672,-0.31999242,-0.23467438,0.026069956,0.17216474,0.20050171,0.2839183,0.23801908,0.23299934,0.1768419,0.14744505,0.12596408,0.08029852,-0.007606857,-0.0631086,-0.13894247,-0.19100137,-0.21501891,-0.31018856,-0.37043098,-0.3560069,-0.3837009,-0.44365403,-0.44301474,-0.41881537,-0.3618902,-0.3557433,-0.34777606,-0.36291957,-0.4256852,-0.45092475,-0.47180685,-0.48655105,-0.49571082,-0.43696505,-0.3929954,-0.27330315,-0.2872563,-0.25320458,-0.116444565,0.06839529,0.20511395,0.17679836,0.23119976,0.2818648,0.18777074,0.23179717,0.24407895,0.10169501,-0.061354533,0.14276679,0.16120544,0.06509044,0.14796962,0.02238742,0.09192642,-0.034467682,-0.15901348,-0.23179719,-0.23933116,-0.26719564,-0.20281574,-0.14033864,-0.1567121,-0.11546818,-0.03638323,-0.0567971,-0.08734844,-0.048129585,0.00883171,-0.0019143493,0.0048443666,0.062183272,0.104897834,0.10404211,0.12917261,0.21802565,0.26586056,0.26439804,0.017565155,0.0142791895,0.036925387,0.061860207,0.0026537054,0.032208625,0.11251107,0.06262421,-0.09620939,-0.046824045,0.06742568,-0.16999827,-0.31472784,-0.35620192,-0.37290508,-0.40915582,-0.33641967,-0.29330748,-0.23180714,-0.18677124,-0.11079405,-0.06982628,-0.08529078,-0.08073416,-0.1507977,-0.16429168,-0.07294705,0.010148854,0.08079076,0.03674444,0.07911029,0.14453615,-0.0026115156,0.04038336,0.10071916,0.0426184,-0.106863864,-0.10265768,-0.029678643,-0.104008846,-0.21736647,-0.19737807,-0.10721405,0.0037671088,0.007632679,0.07770654,0.14596224,0.20733166,0.20281592,0.18702209,0.3082294,0.44849086,0.4313913,0.35579982,0.52592546,0.64314586,0.45329675,0.51006573,0.7839588,0.6913144,0.43269584,0.70357066,0.8161451,0.4898787,0.16008537,0.44413564,0.2389847,-0.17111051,-0.08453427,0.114584796,0.036221713,0.3488866,0.56894654,0.7873807,0.9208913,0.9515327,1.0,0.91366065,0.86057913,0.87469435,0.7555159,0.5314162,0.3616939,0.19787477,0.0226201,-0.19933943,-0.31153542,-0.41157958,-0.31428042,-0.33150035,-0.31105366,-0.17827298,-0.05905109,-0.07600102,0.12886374,0.41553304,0.4197244,0.46000984,0.73421425,0.7473721,0.64090043,0.7057251,0.76459706,0.69319034,0.7165848,0.59331393,0.39203307,0.1838954,-0.12477637,-0.23092254,-0.20189962,-0.17365575,-0.18291502,-0.17645785,-0.33250463,-0.3000624,-0.18950213,-0.3500423,-0.4586653,-0.3076706,-0.36111638,-0.57697105,-0.53983897,-0.42236793,-0.5339235,-0.5848073,-0.43974838,-0.39828396,-0.4410894,0.020349383,0.11113021,-0.0718204,-0.11824521
207,-0.24005906,-0.29923034,-0.34316215,-0.34494606,-0.35427815,-0.31749406,-0.28839356,-0.2876178,-0.27207753,-0.28297147,-0.26799598,-0.2230252,-0.24572389,-0.28146318,-0.22491284,-0.19302264,-0.18689074,-0.1615134,-0.14730985,-0.12859118,-0.23336984,-0.17562076,-0.15088764,-0.23323576,-0.24776174,-0.30631942,-0.3062284,-0.28636947,-0.26941648,-0.20266345,0.1820031,-0.06948367,-0.05982253,0.29174033,0.28374767,0.1932686,0.19586506,0.0379578,0.031221988,-0.1975671,-0.26266193,-0.23766603,-0.2105969,-0.1587431,-0.120780654,-0.24247056,-0.22316846,-0.27219048,-0.26217276,-0.06834365,0.027472971,0.111024976,0.20041883,0.18606983,0.18134429,0.16700119,0.14031383,0.12308227,0.13071208,0.07660699,0.013861634,-0.034151018,-0.039195195,-0.062104616,-0.16229934,-0.20179482,-0.16932333,-0.20493753,-0.25823954,-0.21506397,-0.17542756,-0.13051601,-0.14346667,-0.12989542,-0.13194926,-0.1976632,-0.2433704,-0.26995406,-0.2672321,-0.2658511,-0.19636326,-0.1663185,-0.06520154,-0.11032383,-0.13528422,-0.06238207,0.048526205,0.10622387,0.05295971,0.08684293,0.17133257,0.078151,0.09119783,0.11820819,-0.017137762,-0.21502674,0.092563145,0.16081628,0.06664077,0.15337585,0.063317634,0.079675056,0.0632097,-0.013594856,-0.050720528,-0.027417785,-0.04133036,0.01742579,0.07451398,0.06612814,0.07955905,0.15149026,0.100506976,0.045440886,0.09416191,0.11634088,0.13527656,0.1451338,0.16255091,0.21592711,0.16469276,0.19549738,0.2509309,0.2599937,0.2105035,0.009705677,-0.010079113,0.06522551,0.1287251,0.079061225,0.0401217,0.14576651,0.16756554,-0.021503739,-0.042024456,0.097243115,-0.0712882,-0.20592734,-0.25998503,-0.32391316,-0.3395641,-0.33308426,-0.33395892,-0.28986594,-0.23163919,-0.1538249,-0.13007295,-0.16225033,-0.14180645,-0.19579054,-0.20625341,-0.07338182,0.032319207,0.083147444,0.030237451,0.10335291,0.18504627,0.05431155,0.09516362,0.18270877,0.12404406,-0.045270372,-0.03526426,0.04349367,-0.07000403,-0.22310798,-0.19089612,-0.12238675,-0.18668406,-0.17869477,-0.1514495,-0.106833674,-0.05677869,-0.040951956,-0.017469812,0.09174164,0.21495563,0.15782726,0.08101804,0.25775176,0.3876652,0.17685422,0.26508623,0.5899482,0.4747348,0.21194579,0.64001817,0.7766748,0.43706214,0.2962256,0.6490291,0.4365889,0.04517046,0.18295988,0.35698286,0.26923156,0.5491189,0.6835605,0.87255406,0.9014767,0.8469955,0.91366065,1.0,0.95710826,0.88639826,0.88601094,0.7534136,0.5513467,0.36158532,0.2575959,0.03368407,-0.15754668,-0.28051248,-0.20799686,-0.2806593,-0.2615533,-0.091058664,-0.021014104,-0.1192322,0.09193125,0.43594384,0.3075838,0.26190388,0.6171463,0.6286098,0.42185786,0.494709,0.6063396,0.4913453,0.56395817,0.40861213,0.15648213,-0.041385274,-0.31061772,-0.39868087,-0.3600771,-0.33104292,-0.38916498,-0.41531858,-0.5355626,-0.4949201,-0.4272425,-0.5598744,-0.5997371,-0.45702085,-0.5163147,-0.64069796,-0.51338243,-0.4089018,-0.5211025,-0.5013001,-0.26828364,-0.25676227,-0.3185462,-0.03286558,0.0011181443,-0.197701,-0.20719224
208,-0.2085245,-0.2643532,-0.3097043,-0.30743638,-0.31520408,-0.27763078,-0.25161472,-0.25090784,-0.24001865,-0.24663725,-0.23355408,-0.19419089,-0.22144255,-0.25336948,-0.20359081,-0.18592022,-0.18066296,-0.15923782,-0.15159826,-0.13066433,-0.24067122,-0.18151748,-0.15879758,-0.24288942,-0.26106712,-0.312652,-0.3008173,-0.27673033,-0.2511616,-0.17987156,0.20163736,-0.030336805,-0.061884504,0.28333494,0.30521896,0.212949,0.1895406,0.012097067,-0.0039209654,-0.21744029,-0.27155536,-0.23969077,-0.20422758,-0.14333862,-0.111172386,-0.23371077,-0.22176166,-0.27237478,-0.26324993,-0.1004621,-0.011080442,0.07342621,0.1591481,0.14601514,0.14788243,0.13597034,0.11271509,0.09975901,0.1173998,0.059223443,0.002459448,-0.0359725,-0.036484983,-0.055154216,-0.1505342,-0.18612324,-0.15304081,-0.18822667,-0.230653,-0.19379455,-0.1525134,-0.115015596,-0.12324705,-0.10565508,-0.10816512,-0.16546147,-0.20633323,-0.22838323,-0.23231621,-0.2392407,-0.18271786,-0.15472935,-0.058511045,-0.10706301,-0.13932426,-0.07779654,0.016413689,0.057130754,0.0149591,0.033620216,0.11721426,0.040359024,0.05124519,0.076724224,-0.051377345,-0.25969422,0.057916317,0.1368647,0.04468427,0.12538572,0.033857938,0.05545902,0.05297491,-0.018507376,-0.048832204,-0.015550266,-0.021710351,0.022483671,0.06909696,0.06327363,0.07419045,0.13394833,0.08971284,0.04254144,0.08171148,0.096837886,0.11218924,0.12538812,0.13727736,0.18760727,0.14130573,0.17183182,0.22858846,0.229831,0.17159808,-0.012125304,-0.04169238,0.058830597,0.13963376,0.08256281,0.028985128,0.14302923,0.17913161,-0.009843831,-0.03849559,0.10344013,-0.042118236,-0.17482671,-0.2357574,-0.30917406,-0.32387522,-0.3224385,-0.3342746,-0.29592037,-0.23504923,-0.1520781,-0.13459876,-0.17097409,-0.14789242,-0.1826512,-0.20199656,-0.075178616,0.029175902,0.07381217,0.032311536,0.112305924,0.19365615,0.08589959,0.12930991,0.20756795,0.1520765,0.013209692,0.02002269,0.078551926,-0.028559882,-0.16761239,-0.15209092,-0.09688788,-0.20833877,-0.193301,-0.18070307,-0.15302198,-0.11068242,-0.09247341,-0.067510396,0.032561056,0.14893904,0.12661204,0.06077235,0.22961998,0.35952535,0.16987614,0.27400985,0.5851158,0.47733387,0.26313537,0.711252,0.8147765,0.5248566,0.4324409,0.73256165,0.52371186,0.15619211,0.27696317,0.42433494,0.34099385,0.592997,0.7019095,0.86472774,0.8734576,0.82293737,0.86057913,0.95710826,1.0,0.91907144,0.8977915,0.79885244,0.6371275,0.41649172,0.31577018,0.115353405,-0.080984704,-0.21825211,-0.15581194,-0.24039672,-0.22298022,-0.0580694,-0.0066998485,-0.110730246,0.10033527,0.43034118,0.2851697,0.23674323,0.5889731,0.59058595,0.379718,0.45490128,0.5629793,0.44382778,0.5160123,0.36382592,0.120305724,-0.060315825,-0.31135124,-0.39010677,-0.3550049,-0.32167807,-0.37963343,-0.4112783,-0.5206766,-0.47705933,-0.411107,-0.5324608,-0.55227065,-0.39649346,-0.44996697,-0.5611276,-0.41435727,-0.29786077,-0.41832724,-0.39819816,-0.15762702,-0.15626034,-0.2379844,-0.0639129,-0.06319231,-0.25429848,-0.25395915
209,-0.33210614,-0.37354803,-0.4081083,-0.38933358,-0.4043014,-0.34261122,-0.31688222,-0.33609098,-0.307108,-0.28367096,-0.27432743,-0.25415462,-0.23822685,-0.24381255,-0.19415522,-0.14828697,-0.12043287,-0.08793542,-0.053540055,-0.017594283,-0.116689205,-0.049134,-0.018558059,-0.122785755,-0.14565769,-0.24802868,-0.30445588,-0.3331817,-0.3512876,-0.3024268,0.036196906,-0.14634104,-0.18070778,0.13276598,0.15311392,0.058883578,0.0422507,-0.09941548,-0.1321475,-0.33496913,-0.37121153,-0.362784,-0.35209507,-0.29519796,-0.2701115,-0.3462198,-0.29926568,-0.26262125,-0.17962225,0.016146028,0.124829635,0.16921228,0.2521706,0.22336194,0.21371625,0.1645417,0.15582988,0.1573263,0.12882759,0.037187073,0.008187837,-0.043763146,-0.09826692,-0.110631324,-0.19411087,-0.25162482,-0.24021146,-0.2635259,-0.3085247,-0.32670984,-0.30336797,-0.27418554,-0.27272487,-0.2530698,-0.25215217,-0.29752383,-0.32568663,-0.3359327,-0.35223472,-0.3853454,-0.3491572,-0.31951216,-0.22071905,-0.21958955,-0.20394866,-0.08429519,0.042256888,0.1393389,0.10865177,0.13390005,0.17691618,0.099130094,0.13347238,0.13515869,0.008118939,-0.16304778,0.036623396,0.08304567,0.008531482,0.09465397,-0.009794543,0.08016815,0.015873853,-0.10847737,-0.16133423,-0.16680518,-0.16276734,-0.1372727,-0.08821695,-0.085508175,-0.055813007,-0.004507353,-0.01954738,-0.038778644,-0.014111856,0.022096727,0.007952429,0.018257974,0.05979332,0.10000268,0.090656936,0.095881365,0.16366377,0.15452713,0.11048377,-0.10516178,-0.11562493,-0.049394067,-0.018374695,-0.070580356,-0.07161266,0.017985316,0.008300411,-0.12948783,-0.106694765,-0.005398372,-0.15899584,-0.2737695,-0.3141707,-0.3324963,-0.34148785,-0.28078523,-0.2641618,-0.23555401,-0.21571349,-0.14779696,-0.13641487,-0.13847424,-0.11470064,-0.13777287,-0.18517265,-0.11933719,-0.057218228,-0.016259344,-0.05454841,0.00496927,0.06245869,-0.048781194,-0.011727326,0.03643484,-0.007403246,-0.112695925,-0.11975927,-0.06252324,-0.11382457,-0.21302752,-0.2224026,-0.15243301,-0.16628775,-0.13667203,-0.096724905,-0.05704279,-0.0146574555,-0.016546508,-0.0031693086,0.0952007,0.2109737,0.25516424,0.22204694,0.38680092,0.47796595,0.3212994,0.44886413,0.6910141,0.5515974,0.39055833,0.7728919,0.7727234,0.4827921,0.36459342,0.5829721,0.34243456,0.007976787,0.11519451,0.248641,0.14388247,0.39295986,0.5320562,0.7310013,0.7939355,0.81198794,0.87469435,0.88639826,0.91907144,1.0,0.9029376,0.735021,0.6617491,0.5001548,0.32422715,0.12590395,0.009761766,-0.11925428,-0.03945104,-0.10361492,-0.08443495,0.062483534,0.14198948,0.07380187,0.26578093,0.53615963,0.46616194,0.4327706,0.6893541,0.68413764,0.5295992,0.5600612,0.623119,0.5462482,0.6084721,0.51648283,0.32232293,0.17014839,-0.07734913,-0.18047862,-0.1793663,-0.14452843,-0.17566855,-0.21252383,-0.32000113,-0.26550338,-0.19957414,-0.33678755,-0.35697982,-0.19139566,-0.28410858,-0.4288167,-0.31272742,-0.23509036,-0.3862117,-0.37893426,-0.20298986,-0.22805537,-0.30758703,-0.09926939,-0.06526986,-0.2172646,-0.24071689
210,-0.12513895,-0.17906888,-0.23957454,-0.23034854,-0.22886387,-0.1997431,-0.15433213,-0.1401179,-0.14998615,-0.14527577,-0.10342177,-0.07099471,-0.11654134,-0.12815903,-0.059925903,-0.06359799,-0.08234222,-0.059107225,-0.051295076,-0.03130709,-0.1414423,-0.1065837,-0.093918845,-0.16216683,-0.20059526,-0.24774246,-0.22271408,-0.2381125,-0.20840046,-0.16040912,0.22426032,0.04030982,-0.025704758,0.24694042,0.31263182,0.23461965,0.18317568,0.006475885,-0.032513224,-0.22786331,-0.2577652,-0.21457122,-0.15742706,-0.085160315,-0.07956719,-0.1738118,-0.17829141,-0.1849498,-0.18308286,-0.056019835,-0.0005487062,0.10281085,0.18184923,0.19101797,0.1803014,0.17847402,0.17520608,0.17229854,0.19461524,0.15301576,0.11968642,0.09115506,0.07934208,0.07087052,-0.011382629,-0.054032225,-0.03028917,-0.057267122,-0.101511106,-0.075433455,-0.044371,-0.028414296,-0.053316083,-0.03268026,-0.013984571,-0.06307936,-0.111460194,-0.1278781,-0.12252705,-0.1391076,-0.08879368,-0.06626118,0.002584965,-0.024855286,-0.07192435,-0.014061629,0.03718193,0.05779653,-0.0029709644,0.008852267,0.07901688,-0.0046280576,-0.010538088,0.011867983,-0.09911561,-0.28651124,-0.013034226,0.07977892,0.029321523,0.11391086,0.060905386,0.09102912,0.12870923,0.050797377,0.03389583,0.05376551,0.06608581,0.089301996,0.13785292,0.15208878,0.15569289,0.20012824,0.15633301,0.109510675,0.14509174,0.14760403,0.16096772,0.17252979,0.17258762,0.2317726,0.17430297,0.16871487,0.18078436,0.123297796,0.029964337,-0.12934808,-0.14312576,-0.04130391,0.010144158,-0.017868303,-0.082716644,0.006243712,0.071806975,-0.07591498,-0.12671623,-0.016808063,-0.089125894,-0.18088898,-0.21711221,-0.27217472,-0.25009698,-0.2531706,-0.2808255,-0.28050768,-0.259956,-0.20503552,-0.20668934,-0.21126582,-0.17088285,-0.19483681,-0.22773075,-0.12589112,-0.049386088,-0.037877254,-0.09163272,-0.014609913,0.05082941,-0.04870777,-0.016602822,0.06797325,0.026355289,-0.11094833,-0.10372608,-0.02599299,-0.1121006,-0.25464353,-0.23932657,-0.1862204,-0.35789466,-0.32304877,-0.3219097,-0.30350944,-0.27186477,-0.25633034,-0.20683798,-0.12544589,-0.029757505,-0.041028135,-0.0703968,0.096045434,0.18550763,0.0046270527,0.15352735,0.43008202,0.25929773,0.07912851,0.5897278,0.6204096,0.29810965,0.3823307,0.68693477,0.4432101,0.14889024,0.32124513,0.42921847,0.3108944,0.5177569,0.56724995,0.7372998,0.7017109,0.64505416,0.7555159,0.88601094,0.8977915,0.9029376,1.0,0.9171693,0.78370726,0.6436278,0.5569581,0.35680848,0.17600138,0.038205,0.09339587,-0.0077373344,0.013375528,0.18094419,0.2221549,0.07694667,0.26141655,0.582383,0.37932,0.241385,0.56552607,0.56120604,0.30323303,0.32489443,0.4427769,0.33060154,0.45303893,0.34208933,0.09583115,-0.04099516,-0.23896804,-0.3310192,-0.3175922,-0.27051944,-0.36042508,-0.44395176,-0.51075274,-0.44480017,-0.43825358,-0.54541,-0.49287745,-0.36078805,-0.4671548,-0.4999858,-0.29913256,-0.26336372,-0.406547,-0.31645232,-0.071897045,-0.13415101,-0.21234661,-0.15057018,-0.15753789,-0.3131935,-0.296374
211,0.10076839,0.048465822,-0.02814101,-0.022393694,-0.0077810576,-0.008781248,0.039938457,0.07708802,0.031479064,0.021908348,0.075465344,0.10893486,0.014375966,0.00032665711,0.06625623,0.009547673,-0.050063152,-0.043577634,-0.06194511,-0.058909412,-0.16618305,-0.16695026,-0.17658193,-0.2060232,-0.25121653,-0.23408063,-0.13313048,-0.12062524,-0.03961323,0.0122722145,0.36900735,0.22643572,0.10161532,0.2944904,0.42165372,0.36771786,0.26233348,0.060285002,0.009861129,-0.12526128,-0.13426498,-0.058421526,0.039691836,0.1183933,0.10026636,0.0014445948,-0.054381307,-0.11690282,-0.18526112,-0.1687428,-0.17314273,-0.03771992,0.031146523,0.07740381,0.08364229,0.12350761,0.1288418,0.1265776,0.1973628,0.19741167,0.16919371,0.17695342,0.20788656,0.20394051,0.14124838,0.125539,0.15888926,0.13254648,0.108170636,0.16354844,0.20091464,0.20149256,0.1666373,0.1841387,0.21400516,0.17707579,0.1227557,0.1054564,0.123136334,0.11308216,0.15633349,0.16139305,0.19532353,0.14228965,0.045378994,0.02021304,-0.02006083,-0.088582724,-0.15131728,-0.1621618,-0.078698635,-0.14030895,-0.17871293,-0.14646806,-0.22296046,-0.40220913,-0.07866831,0.04748197,0.013142839,0.07601763,0.076731,0.05754766,0.18937789,0.16916256,0.1955166,0.24736089,0.2705334,0.27213436,0.3019112,0.32599527,0.3035661,0.3262973,0.26937723,0.21152262,0.24610612,0.21330823,0.24828213,0.26278034,0.22384222,0.27778143,0.1910669,0.18658936,0.16180709,0.06878542,-0.06582672,-0.13008279,-0.16701181,-0.016413879,0.0689959,0.05071992,-0.077276275,0.019969791,0.15375146,0.009596395,-0.10088439,0.010353109,0.0296044,-0.03404614,-0.0775761,-0.173299,-0.13186623,-0.19802995,-0.27052724,-0.29184067,-0.2615691,-0.2151683,-0.23559096,-0.24596934,-0.19819616,-0.19302042,-0.22066337,-0.10843339,-0.024508355,-0.03674542,-0.08163963,0.011724616,0.07775191,0.025840592,0.05138633,0.14303224,0.11368681,0.0046106065,0.010192976,0.06890709,-0.031027397,-0.17352684,-0.16129325,-0.14712943,-0.48017994,-0.44628188,-0.4933253,-0.5127659,-0.4976477,-0.46524402,-0.39475542,-0.34515142,-0.28366172,-0.30723697,-0.32477722,-0.19275251,-0.10813642,-0.26058298,-0.10328484,0.16003837,0.0033720946,-0.11926502,0.44701478,0.4763788,0.24004519,0.5249677,0.8007226,0.59395,0.39271632,0.567577,0.61090726,0.50763994,0.62496877,0.5671593,0.6629407,0.5249784,0.41893643,0.5314162,0.7534136,0.79885244,0.735021,0.9171693,1.0,0.8801165,0.72586274,0.7282934,0.57710123,0.35659295,0.20958297,0.221804,0.089334704,0.110150084,0.26723966,0.24581125,0.04922225,0.20494021,0.5052629,0.20085604,0.0032848613,0.33786407,0.32380757,0.014700932,0.036144763,0.1794604,0.04722796,0.19409086,0.0810085,-0.15935656,-0.24663582,-0.3559336,-0.40929922,-0.38765678,-0.33866784,-0.4695235,-0.5779157,-0.5908389,-0.52299553,-0.563727,-0.61798865,-0.4967048,-0.39525023,-0.4769474,-0.40248755,-0.14341263,-0.12282336,-0.24746609,-0.10623375,0.17623422,0.08836154,-0.0061289454,-0.19463517,-0.27431813,-0.40483937,-0.3487605
212,0.09025941,0.06048456,-0.0072414493,0.018509973,0.027810877,0.034401685,0.08175253,0.10512645,0.053036723,0.074974954,0.12141542,0.13342512,0.07447565,0.0811978,0.12778711,0.085201874,0.03215045,0.029789701,0.030251916,0.043871988,-0.046199773,-0.058538616,-0.067062214,-0.101401985,-0.15472694,-0.15199366,-0.089206085,-0.11317061,-0.06014272,-0.029460747,0.24680331,0.20382194,0.029173754,0.12051243,0.29222327,0.25547558,0.11772124,-0.04760095,-0.12961099,-0.20555128,-0.17805381,-0.11535113,-0.027575208,0.048752613,0.0069901594,-0.039113805,-0.07526485,-0.07530025,-0.083274156,-0.112760864,-0.12484245,-0.028481107,0.036035664,0.06969919,0.06712019,0.08292341,0.11612026,0.13977396,0.18164277,0.15980646,0.16505641,0.1817955,0.18151626,0.18827462,0.1449651,0.122541465,0.13895318,0.13007149,0.12340764,0.13085161,0.15269803,0.13131216,0.1082386,0.13212126,0.1672055,0.15937907,0.12164032,0.12277784,0.12565388,0.085267596,0.0864902,0.07914167,0.08752968,0.07073777,0.033236053,0.02046993,-0.034712683,-0.08999215,-0.13258941,-0.15832375,-0.11448599,-0.15210083,-0.18165499,-0.18630297,-0.22290562,-0.34196907,-0.13408542,-0.029412927,-0.06035147,0.002616982,0.011693427,0.035405457,0.14934428,0.111426145,0.13052197,0.15637437,0.20656057,0.17089789,0.17932695,0.2206784,0.20137903,0.19388232,0.16788083,0.14095028,0.15291648,0.123829156,0.13788848,0.14999607,0.12526418,0.15071775,0.12280738,0.103536054,0.08144609,-0.050166413,-0.1910197,-0.21986495,-0.24613053,-0.09585247,-0.042118248,-0.06412076,-0.16715097,-0.08331871,0.021778498,-0.06490278,-0.14241311,-0.08274536,-0.027934663,-0.05660696,-0.07847099,-0.13943872,-0.09054872,-0.12331455,-0.18226038,-0.22086921,-0.23047578,-0.19813807,-0.23451026,-0.21018757,-0.16446126,-0.119055375,-0.17280087,-0.13798106,-0.10053013,-0.12940197,-0.16068695,-0.082176134,-0.038809992,-0.04394583,-0.038637135,0.009465179,0.021532381,0.0018627075,-0.023762122,0.011818879,-0.00907503,-0.08904185,-0.12329161,-0.11832912,-0.44156888,-0.4309443,-0.48202366,-0.5068315,-0.4970553,-0.46631107,-0.39648926,-0.3844966,-0.36090556,-0.31083924,-0.286683,-0.18683235,-0.14439364,-0.21836004,-0.03637562,0.11862528,-0.03656395,-0.024301976,0.4631507,0.35377905,0.21890065,0.59154385,0.696494,0.49722764,0.41414708,0.55151963,0.52821887,0.4290119,0.46105945,0.37525117,0.4379404,0.29999116,0.24803513,0.3616939,0.5513467,0.6371275,0.6617491,0.78370726,0.8801165,1.0,0.8848257,0.8048688,0.70782006,0.5619877,0.4179548,0.42019278,0.2812543,0.30592585,0.4477944,0.4029777,0.23546682,0.33810878,0.5155426,0.2594897,0.06664668,0.25702515,0.22593573,-0.016122246,-0.04685868,0.04229877,-0.04466567,0.08600722,0.05504484,-0.09341382,-0.09754126,-0.12832488,-0.17022507,-0.20864992,-0.16250944,-0.27090046,-0.3836648,-0.34787753,-0.27756238,-0.33865985,-0.36677307,-0.2077897,-0.094183676,-0.19084908,-0.10293679,0.14007922,0.12334738,-0.019916242,0.1094324,0.31979668,0.19241002,0.08177333,-0.26394036,-0.34151208,-0.3918389,-0.3381591
213,0.097814076,0.07786628,0.0146473935,0.046150044,0.052485663,0.06097293,0.111632936,0.12437258,0.068359256,0.11463091,0.1678401,0.15496105,0.1214782,0.16301583,0.20958455,0.17026256,0.12674019,0.13424,0.127108,0.14145651,0.076294206,0.042714972,0.032585125,0.014595325,-0.043756884,-0.05088491,-0.022284744,-0.08982617,-0.060483303,-0.049959227,0.1622613,0.17106968,-0.005481377,0.0098038325,0.18720515,0.17780897,0.04290743,-0.0836444,-0.17355049,-0.21260595,-0.15840976,-0.116303675,-0.037598196,0.02078247,-0.036996104,-0.03580557,-0.062378228,0.0067441,0.02998864,-0.017625809,-0.03670929,0.039994866,0.08385162,0.12530455,0.10831275,0.11077614,0.15872762,0.19354843,0.19451669,0.1701046,0.20684025,0.21913032,0.18929692,0.20910314,0.18931967,0.15654863,0.15704311,0.15939608,0.15353596,0.13601209,0.14364983,0.112471096,0.08912256,0.11091907,0.15486598,0.15897937,0.125062,0.13342302,0.13772185,0.086375155,0.07467695,0.060150176,0.047257267,0.06825707,0.040966425,0.05287296,-0.010893092,-0.04234705,-0.0877034,-0.095880695,-0.08914873,-0.1298967,-0.15732099,-0.17242382,-0.18285728,-0.25395533,-0.15841293,-0.07641907,-0.07530866,-0.031038743,0.001455487,0.036780305,0.14488691,0.09503944,0.11297343,0.10663948,0.16565934,0.120912135,0.12967673,0.17924356,0.16255659,0.13767628,0.13008863,0.12671414,0.12619275,0.09812362,0.09566552,0.100562714,0.08023952,0.1024459,0.09707769,0.046749342,1.8518122e-05,-0.16109921,-0.29689512,-0.2965729,-0.2808201,-0.15678419,-0.16432177,-0.16152787,-0.22770512,-0.18762217,-0.10604793,-0.123325065,-0.17975,-0.18777743,-0.093242526,-0.084080525,-0.085233495,-0.08891235,-0.023708904,-0.041559875,-0.08311284,-0.14091352,-0.1948511,-0.17785436,-0.22528069,-0.1744265,-0.11843635,-0.06909812,-0.12192819,-0.13405752,-0.14283581,-0.21101388,-0.25076634,-0.2061176,-0.19108702,-0.17356898,-0.19345157,-0.16311148,-0.12494744,-0.11680673,-0.15293412,-0.10596088,-0.08106747,-0.13610123,-0.17635766,-0.16686551,-0.4598723,-0.44558388,-0.48244372,-0.5005929,-0.4931421,-0.47553158,-0.40138212,-0.41345954,-0.41709876,-0.33530205,-0.29524606,-0.2181312,-0.21538302,-0.2537448,-0.08021037,0.0034941356,-0.16307274,-0.112897776,0.2926207,0.12606701,0.0010017443,0.4170469,0.4696606,0.28570023,0.28683972,0.41673926,0.37386364,0.27882266,0.26485816,0.17003682,0.22312331,0.09181431,0.0631025,0.19787477,0.36158532,0.41649172,0.5001548,0.6436278,0.72586274,0.8848257,1.0,0.88475484,0.7726861,0.7006975,0.58435255,0.5825382,0.45873454,0.5072782,0.64190096,0.6005141,0.45222846,0.51830226,0.5972052,0.36985165,0.14815956,0.22088416,0.17881861,-0.024967937,-0.11711015,-0.062033672,-0.10949666,0.030128976,0.07216648,-0.017372353,0.040410083,0.073140554,0.035515275,-0.025424905,0.013834311,-0.12006073,-0.25828424,-0.19542268,-0.119670585,-0.21335486,-0.2320935,-0.052035194,0.023929887,-0.10563193,0.010693432,0.23519424,0.14793831,-0.0034759252,0.14730404,0.297684,0.13762632,0.041656695,-0.325921,-0.37075025,-0.3579114,-0.30270228
214,0.30639905,0.28935763,0.21761058,0.23891896,0.26331964,0.24331914,0.28812405,0.32853568,0.25585395,0.2756484,0.3425121,0.33023584,0.24641278,0.28244063,0.32985288,0.23137362,0.16026248,0.14852376,0.10493426,0.112689175,0.055911444,0.005730761,-0.025060982,-0.0008864883,-0.067148425,-0.008175429,0.100873455,0.059543047,0.13561213,0.13756548,0.31696084,0.33879513,0.11996988,0.10060531,0.30649862,0.3111337,0.14434107,-0.012919984,-0.08461041,-0.0838066,-0.025837218,0.054505643,0.17026655,0.24482252,0.17119385,0.16851334,0.08945205,0.10545555,0.034943577,-0.08571438,-0.16583483,-0.060556058,-0.038910467,0.02368305,0.012448924,0.05670733,0.10191016,0.13630931,0.19220154,0.21937345,0.2548094,0.3029866,0.31576964,0.3369664,0.33842066,0.32829633,0.33741027,0.3427318,0.35524994,0.37391934,0.38057458,0.33342868,0.29824066,0.31990707,0.36593863,0.37547457,0.3371891,0.3428157,0.3635501,0.3328847,0.32673937,0.31007972,0.26001108,0.25705302,0.15448363,0.103753746,-0.029178929,-0.13889925,-0.20125711,-0.23777944,-0.21329704,-0.23858187,-0.28747672,-0.26970702,-0.2681966,-0.35885996,-0.22510405,-0.11097269,-0.03773572,-0.027961688,0.03806942,0.022938004,0.21396679,0.21595262,0.27490324,0.30666587,0.36031047,0.3106143,0.30970404,0.35459572,0.31765956,0.27594492,0.24775392,0.23339674,0.23124816,0.16636516,0.18565953,0.1980547,0.13918838,0.1745028,0.10298045,0.054789554,-0.032008205,-0.20445086,-0.34973547,-0.28558356,-0.28193238,-0.15077563,-0.1175973,-0.08269729,-0.20684926,-0.17732988,-0.015082796,-0.020182272,-0.15980381,-0.14631118,0.040959727,0.08507105,0.07880044,0.039857693,0.12501016,0.049139205,-0.043292563,-0.1294025,-0.1700098,-0.17437147,-0.23239882,-0.20610023,-0.15292893,-0.08961238,-0.1414994,-0.13132589,-0.12767358,-0.18820763,-0.22402492,-0.15176031,-0.1490371,-0.11533306,-0.12645295,-0.07699038,-0.06472481,-0.061399702,-0.07093417,-0.042138495,-0.063715965,-0.12489852,-0.13977103,-0.17371133,-0.58005995,-0.514541,-0.5918581,-0.6504518,-0.673731,-0.6563062,-0.5651706,-0.592223,-0.61238724,-0.5450989,-0.4961154,-0.44947535,-0.45096102,-0.4769009,-0.31448308,-0.23418412,-0.38418332,-0.32237923,0.116812564,-0.015618349,-0.09295985,0.44141695,0.5097144,0.37981498,0.43504515,0.5535199,0.46815467,0.39742526,0.33306682,0.1549582,0.15434265,-0.035687156,-0.113747135,0.0226201,0.2575959,0.31577018,0.32422715,0.5569581,0.7282934,0.8048688,0.88475484,1.0,0.9195532,0.7788165,0.6804273,0.64163965,0.4874279,0.50940365,0.62086207,0.52863497,0.32792884,0.38317236,0.47203225,0.16422465,-0.0939219,0.018439919,-0.017993586,-0.26603958,-0.33605635,-0.24477027,-0.3179603,-0.16441259,-0.15149413,-0.25684476,-0.1865428,-0.0952394,-0.10453229,-0.11921664,-0.08596866,-0.24287033,-0.39353633,-0.30897725,-0.2308544,-0.35868105,-0.33907646,-0.11333345,-0.08988757,-0.1979818,0.014927883,0.27973768,0.1778573,0.06722087,0.26684013,0.4516674,0.29082054,0.20291428,-0.3221312,-0.45013332,-0.4441342,-0.35796008
215,0.40131536,0.409598,0.35037175,0.37840366,0.40753016,0.37620515,0.40861183,0.45170346,0.37367636,0.39219183,0.45310697,0.43049994,0.34173295,0.37962735,0.40741637,0.2885652,0.21016209,0.18216078,0.1342011,0.13551395,0.098536745,0.03325002,-0.008971248,0.042934068,-0.01797382,0.07164668,0.20511398,0.16936514,0.24243087,0.22904795,0.30110732,0.4031283,0.1247794,0.0234454,0.2632083,0.29041645,0.08931307,-0.054284353,-0.1244137,-0.035379313,0.05164934,0.14025728,0.25515452,0.33241436,0.24399783,0.27054933,0.17621139,0.18672219,0.09589374,-0.10512946,-0.21966293,-0.13976283,-0.13211913,-0.06505357,-0.070713446,-0.021983223,0.038514685,0.08232993,0.1435593,0.1928406,0.2487526,0.31652912,0.3401585,0.36584273,0.39559487,0.40375176,0.40266597,0.41916892,0.45923492,0.4649109,0.45921925,0.39477846,0.36457485,0.38298345,0.4299675,0.45978367,0.43576875,0.45470896,0.4742623,0.4418988,0.41111708,0.39321914,0.31350717,0.313982,0.19874932,0.11082839,-0.057400115,-0.20444903,-0.24560875,-0.30286756,-0.30863973,-0.29705226,-0.3487202,-0.33588853,-0.30215117,-0.35161945,-0.27509192,-0.16592745,-0.049357437,-0.076165006,0.015099252,-0.0011016143,0.20890284,0.22953837,0.30788916,0.34754103,0.403372,0.32811493,0.3085001,0.35495764,0.31125394,0.24459015,0.22421497,0.22564968,0.20828709,0.13200556,0.14954643,0.1622864,0.0940469,0.11888033,0.045617316,0.0019256063,-0.095901534,-0.28201884,-0.42581055,-0.3008372,-0.31058645,-0.18017478,-0.13807899,-0.09224706,-0.2270387,-0.20787133,-0.022415524,0.014719556,-0.13708176,-0.14178911,0.11074859,0.18848099,0.18428254,0.15385525,0.24643087,0.15424274,0.05103663,-0.04647862,-0.09429811,-0.119769655,-0.19176106,-0.16079,-0.11695953,-0.030614698,-0.098153956,-0.12803201,-0.14271417,-0.20532714,-0.22271869,-0.14952707,-0.1646876,-0.09032574,-0.11542635,-0.090325125,-0.062148012,0.001890985,-0.019843126,-0.02570867,-0.022385232,-0.03711058,-0.07197557,-0.14189397,-0.5689183,-0.48551324,-0.5808548,-0.6682824,-0.71097374,-0.6984373,-0.6181578,-0.67621964,-0.72500587,-0.6050891,-0.53007936,-0.54157615,-0.56899226,-0.52681875,-0.3849033,-0.38326728,-0.49552852,-0.34396175,0.0061652362,-0.16319166,-0.124179035,0.47470278,0.4259686,0.35439906,0.5167182,0.577028,0.4287257,0.39570972,0.2485053,0.020651853,-0.040271036,-0.24736066,-0.3161959,-0.19933943,0.03368407,0.115353405,0.12590395,0.35680848,0.57710123,0.70782006,0.7726861,0.9195532,1.0,0.89656776,0.8076875,0.7247472,0.58634734,0.5996586,0.6376936,0.5081037,0.32970905,0.34102142,0.34259665,0.03790425,-0.20665896,-0.16317253,-0.21017456,-0.42123255,-0.49647716,-0.42972997,-0.48565447,-0.35041958,-0.3099842,-0.35534373,-0.22871417,-0.060992345,-0.039313942,-0.052138343,-0.014276595,-0.16477883,-0.3062526,-0.18917066,-0.12160769,-0.2598214,-0.19621229,0.052028123,0.048331473,-0.034986895,0.22223888,0.47308996,0.35389015,0.26590604,0.46741852,0.6110636,0.44275907,0.3464395,-0.34494057,-0.5163383,-0.4582225,-0.36117786
216,0.29602593,0.33234116,0.29338077,0.3414651,0.36564285,0.3572219,0.37731636,0.3907003,0.33549556,0.3869383,0.42811543,0.3751558,0.3474279,0.41436368,0.42133754,0.33179757,0.28623438,0.2614832,0.23587108,0.23987277,0.23695898,0.18361537,0.14871536,0.19081376,0.13658115,0.1881775,0.25053626,0.16037777,0.18145585,0.13079064,0.10370108,0.28194916,0.004915871,-0.16022728,0.065999545,0.10005926,-0.08807159,-0.17143814,-0.2466181,-0.108153544,0.0016628219,0.058615938,0.13406031,0.20795186,0.10817235,0.19046804,0.12570612,0.22458076,0.21140303,0.019988287,-0.08824879,-0.07087804,-0.07974326,-0.030882388,-0.043150555,-0.03327996,0.041741237,0.09658837,0.10339924,0.12695265,0.21625185,0.2744632,0.24350783,0.27864602,0.33695853,0.33119306,0.3013771,0.33838546,0.3906011,0.34054264,0.31306747,0.23642853,0.21990243,0.24405284,0.2870863,0.33367765,0.3288073,0.36211535,0.37212205,0.31897122,0.26092243,0.2492079,0.1515211,0.19856043,0.12793499,0.08847563,-0.044120643,-0.13574809,-0.15500219,-0.20807429,-0.27125236,-0.24357632,-0.27011314,-0.28616863,-0.23490873,-0.21724215,-0.31398588,-0.25289312,-0.08895803,-0.12311611,-0.042227123,-0.003701064,0.1320078,0.1152466,0.18056117,0.17779647,0.2527845,0.1679255,0.13772254,0.18418235,0.16127855,0.07434563,0.079059765,0.121143475,0.0841348,0.016924527,0.0085698785,0.015055361,-0.028137231,-0.021863006,-0.044124734,-0.10933379,-0.20638663,-0.38518783,-0.49264184,-0.37563384,-0.36191323,-0.29107925,-0.3018156,-0.23878124,-0.31578523,-0.3323184,-0.19456032,-0.08618239,-0.18200529,-0.24634649,0.012983902,0.124600776,0.14898135,0.18909024,0.2803372,0.25217298,0.18148975,0.07345855,-0.021299232,-0.07001876,-0.14719984,-0.07835359,-0.027339963,0.05900527,-0.035490595,-0.14769028,-0.21067934,-0.2716313,-0.27752364,-0.24001896,-0.29745966,-0.21167967,-0.25348663,-0.2798187,-0.2337625,-0.11180627,-0.15438119,-0.17501484,-0.10029963,-0.051589627,-0.11345152,-0.18517198,-0.4821981,-0.3843544,-0.45067832,-0.5260322,-0.57450056,-0.58651984,-0.5225383,-0.59349746,-0.6579391,-0.47240698,-0.37099668,-0.4048039,-0.48451084,-0.38469198,-0.2582812,-0.3574519,-0.4582329,-0.23516336,-0.0371818,-0.29059368,-0.19982205,0.35535717,0.17996384,0.112900265,0.34701687,0.35964426,0.18489645,0.16269565,-0.012354461,-0.20367363,-0.2645497,-0.40989512,-0.41873053,-0.31153542,-0.15754668,-0.080984704,0.009761766,0.17600138,0.35659295,0.5619877,0.7006975,0.7788165,0.89656776,1.0,0.94202554,0.8560704,0.77956617,0.7885797,0.7447728,0.6258887,0.5134607,0.47733116,0.3652476,0.16859275,-0.03687263,-0.13885587,-0.19415447,-0.31118917,-0.43349266,-0.42805108,-0.42919865,-0.3234298,-0.2070494,-0.16776235,0.010409304,0.211796,0.23046295,0.18058422,0.19542661,0.08908739,-0.031915747,0.10079651,0.17002061,0.03553248,0.10187934,0.33590844,0.31639275,0.19783361,0.4190009,0.6099139,0.45160234,0.34795308,0.5248881,0.5733389,0.38556135,0.29500204,-0.3640755,-0.49871466,-0.3785404,-0.30896968
217,0.29865333,0.3431269,0.313047,0.3555582,0.37739792,0.3672184,0.38980582,0.3959546,0.33840042,0.39895388,0.44265077,0.38004237,0.3663178,0.44495875,0.44729444,0.36680302,0.32760727,0.30140877,0.27197054,0.28013846,0.29692,0.2485555,0.21396756,0.2567353,0.19988753,0.24466482,0.28950718,0.18558413,0.18990184,0.12547594,0.050447393,0.25140193,-0.0047609634,-0.20847476,0.0010654366,0.046181537,-0.123770945,-0.17272712,-0.24586342,-0.09868239,0.016019482,0.05830717,0.124227636,0.18639657,0.08702647,0.19903348,0.14093955,0.26910275,0.2651634,0.083406575,-0.03469436,-0.019492503,-0.04407854,-0.0039687455,-0.031804044,-0.027007744,0.0540238,0.1148751,0.10702571,0.1297248,0.23139982,0.29011166,0.2413272,0.28312287,0.351491,0.33718485,0.29918018,0.34339702,0.39481676,0.33722082,0.30076465,0.22080435,0.20517455,0.23108016,0.27284494,0.3238619,0.32682088,0.35837352,0.36855125,0.31863755,0.25634953,0.24147399,0.13133104,0.19860907,0.13659264,0.11137878,-0.025803385,-0.09427757,-0.1229942,-0.16937147,-0.24097309,-0.21794549,-0.24068426,-0.26669228,-0.20273733,-0.15866266,-0.32336685,-0.2778146,-0.09875854,-0.13527936,-0.044442877,0.0014492722,0.13027072,0.10859053,0.1716757,0.1570341,0.22920933,0.1395274,0.106672205,0.15427563,0.13006757,0.03746808,0.052473396,0.104720056,0.06096552,-0.005312787,-0.0184564,-0.012677979,-0.049306024,-0.0469465,-0.060950115,-0.14054021,-0.24885501,-0.43046758,-0.5152371,-0.38889584,-0.3575198,-0.31833178,-0.353428,-0.27249128,-0.32643956,-0.37468755,-0.25529248,-0.10766782,-0.1960868,-0.2887993,-0.024095647,0.11335975,0.1597963,0.2245178,0.31536677,0.29936096,0.23930314,0.12520944,0.012106893,-0.048302487,-0.13246307,-0.06454409,-0.013335132,0.07711643,-0.02243745,-0.15780942,-0.23965119,-0.30041492,-0.3086179,-0.28711057,-0.35945892,-0.2705689,-0.31716934,-0.35093066,-0.2965121,-0.1639033,-0.20533757,-0.22302644,-0.13098064,-0.06462107,-0.12042958,-0.18994571,-0.44126126,-0.3436634,-0.40420666,-0.474658,-0.52888006,-0.5486,-0.4859801,-0.5646452,-0.64629364,-0.46193755,-0.350312,-0.4012167,-0.50748616,-0.385337,-0.27779454,-0.41860595,-0.5089608,-0.27179626,-0.14943941,-0.41152555,-0.3074045,0.22486605,0.028449962,-0.01460041,0.2576284,0.2580146,0.075103186,0.06484414,-0.13168207,-0.32032463,-0.38925162,-0.5149646,-0.51642954,-0.41157958,-0.28051248,-0.21825211,-0.11925428,0.038205,0.20958297,0.4179548,0.58435255,0.6804273,0.8076875,0.94202554,1.0,0.9380785,0.8640696,0.8401744,0.7882601,0.65814734,0.54801595,0.47065967,0.31479126,0.16341609,-0.035704125,-0.20337203,-0.24979669,-0.3228452,-0.46193397,-0.47794774,-0.45584074,-0.3640671,-0.21715641,-0.13715605,0.06482634,0.2955403,0.32237974,0.26411375,0.26432565,0.17374001,0.05642855,0.19887716,0.26621976,0.11982843,0.19845235,0.42934746,0.37668696,0.2439869,0.4665916,0.62132865,0.43398973,0.35104153,0.5227547,0.5264194,0.34135714,0.27399704,-0.35396045,-0.4716335,-0.32358238,-0.25900206
218,0.21310526,0.24607801,0.21316546,0.25620806,0.27143952,0.27540526,0.30458847,0.2956031,0.24376678,0.3163713,0.3619418,0.29708493,0.29985604,0.3890702,0.40341586,0.3433458,0.31997412,0.30812323,0.29530692,0.31539872,0.32297954,0.29617265,0.27417222,0.2890757,0.22310616,0.23470618,0.23910382,0.11634627,0.101168275,0.035195787,-0.001696185,0.1721445,-0.052418087,-0.21713145,-0.031688247,0.004279842,-0.1435252,-0.18511465,-0.26244336,-0.1629864,-0.057767756,-0.03266266,0.023559641,0.082400545,-0.004513808,0.10991881,0.082622424,0.24778727,0.27978218,0.15008676,0.047650333,0.065820485,0.053496197,0.07209534,0.03239202,0.021812845,0.10201116,0.1662712,0.14965157,0.14602321,0.24475165,0.29117045,0.21198384,0.24800922,0.29776907,0.27010715,0.22897017,0.26591066,0.3047076,0.24248627,0.20571613,0.13235836,0.1183353,0.14836058,0.18640444,0.22859864,0.23302886,0.2549076,0.26101124,0.20960619,0.15654966,0.14514919,0.050964437,0.14039932,0.11566401,0.1334597,0.021749856,-0.012719334,-0.052173328,-0.08960357,-0.15185358,-0.14978051,-0.16887966,-0.20585161,-0.15640955,-0.11741774,-0.30187032,-0.26456827,-0.09419244,-0.094559796,-0.026480358,0.049987603,0.1467055,0.088974945,0.12916511,0.09528003,0.16588627,0.086806625,0.060765058,0.107679,0.08688422,0.008626506,0.030340254,0.07723276,0.036558878,-0.013174469,-0.029553283,-0.020535748,-0.040600855,-0.036283225,-0.03405433,-0.11965239,-0.21920975,-0.4057589,-0.48120522,-0.40785715,-0.36421013,-0.33847234,-0.39128447,-0.3159645,-0.34360844,-0.39492345,-0.3048876,-0.166842,-0.2271978,-0.31762633,-0.09619332,0.025300035,0.07393819,0.15691209,0.24000973,0.25711027,0.22269458,0.1130272,-0.012793784,-0.074740134,-0.1557465,-0.07763884,-0.020700732,0.052377123,-0.056405872,-0.19255227,-0.27642006,-0.32934558,-0.34415722,-0.33180565,-0.40018624,-0.33514577,-0.38148847,-0.41024825,-0.3564975,-0.24093652,-0.28390113,-0.28471625,-0.18329515,-0.12415459,-0.18166868,-0.22634573,-0.42330164,-0.33131078,-0.3763657,-0.42757052,-0.4783293,-0.50095725,-0.43233764,-0.49539417,-0.563246,-0.3890615,-0.2801937,-0.2976593,-0.40773007,-0.31270376,-0.19428425,-0.3160299,-0.43225503,-0.23015052,-0.09765324,-0.36042786,-0.3159774,0.16123167,0.0023690886,-0.07451199,0.14887992,0.17360994,0.022782458,-0.005588009,-0.16069733,-0.3105209,-0.34110734,-0.43512923,-0.42546874,-0.31428042,-0.20799686,-0.15581194,-0.03945104,0.09339587,0.221804,0.42019278,0.5825382,0.64163965,0.7247472,0.8560704,0.9380785,1.0,0.9121738,0.8423011,0.825988,0.7178619,0.598334,0.5126996,0.39326948,0.2866641,0.08262568,-0.08839986,-0.11877386,-0.18341973,-0.3361248,-0.35765278,-0.3255704,-0.22888868,-0.07276758,-0.0020652115,0.17818902,0.36932257,0.37290034,0.2970566,0.2842003,0.19743957,0.07930197,0.20637965,0.2855238,0.14154421,0.19479245,0.4097875,0.37038094,0.20323557,0.38946795,0.5386481,0.3469228,0.24282894,0.4123456,0.4125792,0.22813873,0.16693275,-0.3540243,-0.4310383,-0.28788975,-0.23459637
219,0.12765077,0.1722479,0.15603606,0.20108259,0.21178359,0.2296126,0.2528897,0.22997993,0.18636455,0.2715979,0.30084306,0.22860985,0.25951478,0.35266924,0.35159895,0.30913207,0.31094605,0.30466247,0.30229315,0.31971502,0.3552914,0.34152022,0.31741202,0.32720956,0.27384406,0.26291656,0.23390995,0.09699884,0.054526143,-0.015412934,-0.08209086,0.10585475,-0.09441185,-0.26112193,-0.09956587,-0.0644931,-0.18756232,-0.20470704,-0.2857516,-0.19100098,-0.09489417,-0.08507607,-0.049585436,0.013643774,-0.0719944,0.057763174,0.041221283,0.23551038,0.30164182,0.19331728,0.103215806,0.087375656,0.06132404,0.06603644,0.029159993,-0.0049138092,0.076297276,0.13864948,0.09168847,0.09320925,0.19373706,0.22624259,0.12489139,0.15670459,0.21884361,0.18476203,0.1365794,0.18674092,0.2224828,0.14176208,0.10095807,0.032670733,0.030918747,0.053318046,0.08888562,0.1293212,0.14065939,0.16446982,0.16827196,0.11491203,0.054419313,0.057405975,-0.041416947,0.06287852,0.054808334,0.09816475,0.023267256,0.017513376,-0.007839155,-0.03301941,-0.121129714,-0.10748876,-0.1199957,-0.1602696,-0.10971921,-0.056235984,-0.2923407,-0.27870402,-0.09478406,-0.09618004,-0.0439752,0.03697122,0.07867905,6.8348614e-05,0.03148033,-0.007516702,0.060613383,-0.009967241,-0.032703094,0.0058668884,0.0015135935,-0.07440625,-0.050963826,0.008747894,-0.032062184,-0.06964886,-0.09134374,-0.09186153,-0.09975816,-0.10502486,-0.07853228,-0.16328682,-0.2509489,-0.4091656,-0.46797964,-0.4029716,-0.35304815,-0.35304058,-0.42282814,-0.34892264,-0.35466564,-0.42278582,-0.35606927,-0.199477,-0.24200338,-0.34516928,-0.13436015,-0.007338202,0.05432223,0.1592066,0.22940992,0.27247074,0.26423812,0.1696563,0.031374045,-0.049668398,-0.12495726,-0.02942525,0.024135407,0.08508987,-0.02061025,-0.17522301,-0.26973966,-0.31076464,-0.33533287,-0.34148106,-0.41575256,-0.36068642,-0.41261956,-0.44287303,-0.38286218,-0.25962123,-0.29902372,-0.2926706,-0.17205219,-0.099442385,-0.15048537,-0.18888217,-0.32956365,-0.25326863,-0.28241134,-0.32825676,-0.36448714,-0.38987985,-0.3506858,-0.40905437,-0.45927504,-0.2634731,-0.1628627,-0.19136915,-0.3131775,-0.20605579,-0.11420349,-0.27279845,-0.36783266,-0.16526628,-0.1260367,-0.38837937,-0.31864318,0.08061828,-0.119687006,-0.17990375,0.051325638,0.045847982,-0.099504255,-0.11320778,-0.26413268,-0.38240686,-0.4085823,-0.46326342,-0.42908928,-0.33150035,-0.2806593,-0.24039672,-0.10361492,-0.0077373344,0.089334704,0.2812543,0.45873454,0.4874279,0.58634734,0.77956617,0.8640696,0.9121738,1.0,0.92928356,0.804881,0.7321827,0.6765305,0.5667113,0.41003484,0.36567864,0.18825535,-0.03133728,-0.06360984,-0.091795385,-0.25167722,-0.29506585,-0.24517986,-0.16532093,0.0035295915,0.08592893,0.26769343,0.445465,0.44102165,0.36186412,0.36829558,0.3034015,0.19654918,0.31726527,0.38891113,0.26725796,0.31436056,0.49744153,0.4442036,0.2909211,0.43437827,0.52983665,0.34003833,0.24960698,0.38140988,0.3350072,0.16546045,0.12005473,-0.34017628,-0.38366297,-0.22680633,-0.18374954
220,0.10541093,0.14868379,0.12859629,0.17805654,0.18600814,0.2058399,0.22225975,0.19852254,0.16135842,0.24921136,0.27190527,0.20626225,0.23617454,0.3241174,0.31808794,0.28389958,0.29195496,0.28443143,0.27798223,0.29872897,0.3359215,0.3122638,0.28598416,0.30167878,0.25392097,0.24465142,0.2127624,0.078275844,0.03552976,-0.031188909,-0.07207078,0.10933,-0.11314924,-0.2706111,-0.08916288,-0.046790205,-0.18572676,-0.21605664,-0.2941083,-0.19838956,-0.09638283,-0.08914271,-0.06046135,-0.0012431189,-0.09388983,0.03295428,0.018702839,0.20524475,0.28697023,0.16817296,0.09659867,0.07907711,0.05202939,0.06355846,0.030197686,-0.011422349,0.06300863,0.122132026,0.0598671,0.057541627,0.1595892,0.188704,0.08596441,0.11797599,0.18327016,0.14394261,0.09864036,0.15131015,0.19033594,0.10897732,0.07325514,0.011116042,0.018263126,0.029442104,0.0681539,0.10838604,0.11806116,0.14192152,0.14445096,0.08807888,0.02447297,0.025698395,-0.0703317,0.029638901,0.027932195,0.064389944,0.0008071034,0.015087299,-0.00396011,-0.02968392,-0.11821974,-0.10184382,-0.118269384,-0.15945184,-0.1008158,-0.0574273,-0.26982382,-0.25507447,-0.09107918,-0.10355,-0.05854887,0.011589591,0.048106782,-0.027475864,0.0021883163,-0.036934823,0.031705532,-0.03704384,-0.0537006,-0.01635828,-0.011041058,-0.089378126,-0.06475829,0.0035889435,-0.03929608,-0.0746393,-0.10559913,-0.11034723,-0.11731415,-0.12732886,-0.090892844,-0.17072716,-0.24296297,-0.4022695,-0.477889,-0.4020469,-0.34571472,-0.32409686,-0.40260962,-0.33811402,-0.33577374,-0.39907688,-0.33925062,-0.1842881,-0.22559854,-0.33758548,-0.12861668,-0.0092680575,0.041866157,0.14196785,0.21161251,0.24858049,0.24657075,0.16564542,0.032057755,-0.03479229,-0.10776972,-0.006746133,0.05122154,0.11395614,0.021647366,-0.13379997,-0.23229443,-0.29645765,-0.3238264,-0.33111796,-0.40102705,-0.3374864,-0.40118435,-0.4295809,-0.35391688,-0.2344646,-0.2876744,-0.27394527,-0.14760534,-0.088045724,-0.14596877,-0.16799796,-0.33282092,-0.28099287,-0.30762407,-0.3486259,-0.3664012,-0.38252696,-0.3490868,-0.4117626,-0.46808076,-0.24853674,-0.15937655,-0.18558146,-0.295631,-0.19306602,-0.104158185,-0.25616312,-0.34641054,-0.15020312,-0.10702172,-0.36121884,-0.28535265,0.10376863,-0.09581744,-0.1550876,0.071958214,0.0576935,-0.076323025,-0.08776731,-0.2354346,-0.34822476,-0.377957,-0.43830505,-0.40644503,-0.31105366,-0.2615533,-0.22298022,-0.08443495,0.013375528,0.110150084,0.30592585,0.5072782,0.50940365,0.5996586,0.7885797,0.8401744,0.8423011,0.92928356,1.0,0.88312435,0.81150544,0.7765577,0.68504995,0.51198554,0.44632328,0.2569446,0.03307495,-0.017174762,-0.061941836,-0.2343557,-0.2782611,-0.2324038,-0.13887897,0.039618913,0.11422473,0.30700004,0.48386893,0.47815877,0.39131626,0.4074175,0.3153728,0.19209154,0.31069493,0.38530308,0.26613906,0.299001,0.47085652,0.42491284,0.2953384,0.430197,0.520507,0.34300599,0.2503467,0.37562934,0.33060107,0.15866384,0.1084377,-0.37337035,-0.41067022,-0.24152,-0.19032048
221,0.093676314,0.10840181,0.06698989,0.107226305,0.107377656,0.119071275,0.14793329,0.13662769,0.09017422,0.1679347,0.21192172,0.1597457,0.16960332,0.25664613,0.28091812,0.24719422,0.23998024,0.2472295,0.2481771,0.26943618,0.27772754,0.25317338,0.23606922,0.23470318,0.17834556,0.16016418,0.12526609,-0.0045232717,-0.024276398,-0.06428283,-0.015517373,0.11277225,-0.066528164,-0.19830467,-0.025099352,0.009510897,-0.11358138,-0.1517225,-0.2531361,-0.22773492,-0.13053478,-0.12745541,-0.08680075,-0.038885325,-0.12465029,-0.022108061,-0.029341504,0.15001824,0.23011455,0.14156595,0.08739498,0.11817385,0.111906946,0.1261072,0.08895875,0.06178741,0.13006228,0.1807194,0.13026358,0.11768615,0.2039032,0.21950714,0.12885949,0.16203499,0.19814038,0.14710079,0.11551458,0.15147337,0.16191547,0.108766876,0.085900486,0.036141314,0.032620113,0.049392097,0.090820365,0.11358163,0.111415505,0.119092405,0.12043321,0.06727896,0.026743768,0.00819744,-0.06562643,0.028706877,0.046816453,0.08336861,0.014529719,0.029930115,-0.014338135,-0.03192759,-0.071998104,-0.09010829,-0.11972985,-0.16932984,-0.11329691,-0.072732136,-0.21980195,-0.19315724,-0.09587255,-0.06966689,-0.01844007,0.04716967,0.1054199,0.02875619,0.043652024,-0.0045320643,0.06899946,0.0115326885,0.005259131,0.048901323,0.05444786,-0.00869394,0.005437059,0.0549496,0.029397007,-0.006063823,-0.034875274,-0.031189576,-0.035720263,-0.035248946,0.0010541849,-0.077761926,-0.15705608,-0.33206478,-0.4264406,-0.38046467,-0.32590002,-0.2833294,-0.3613266,-0.30815053,-0.31230587,-0.35788795,-0.30718556,-0.19593368,-0.22357342,-0.3214747,-0.15549543,-0.07201257,-0.037760623,0.0418156,0.11144516,0.14351027,0.14513503,0.072288506,-0.0535746,-0.089521654,-0.16285214,-0.07251139,-0.0035552906,0.056148488,-0.019202126,-0.14275177,-0.22754134,-0.31064802,-0.3517807,-0.35732564,-0.39716068,-0.34235072,-0.41011718,-0.41439807,-0.3269033,-0.24106698,-0.30272716,-0.25220925,-0.13805342,-0.12292746,-0.18630604,-0.17594078,-0.36987072,-0.36122316,-0.38670537,-0.40374786,-0.40825796,-0.4043365,-0.34400207,-0.4008479,-0.46521404,-0.30462825,-0.22887796,-0.20933716,-0.29346764,-0.23867972,-0.11778119,-0.20484771,-0.3258549,-0.17854774,-0.029781189,-0.25954726,-0.26903388,0.1307159,0.025518594,-0.07658156,0.09030956,0.13189489,0.034414228,-0.008066591,-0.11926995,-0.22316821,-0.22201996,-0.3041901,-0.29318732,-0.17827298,-0.091058664,-0.0580694,0.062483534,0.18094419,0.26723966,0.4477944,0.64190096,0.62086207,0.6376936,0.7447728,0.7882601,0.825988,0.804881,0.88312435,1.0,0.92114055,0.79514265,0.7370303,0.62152916,0.50762814,0.27790332,0.104391545,0.056356426,-0.034071967,-0.20937212,-0.23161979,-0.20281154,-0.08387782,0.085070804,0.12347497,0.29378048,0.44355196,0.4247898,0.31986895,0.31728888,0.1944329,0.0575071,0.16356076,0.24607867,0.11617297,0.13049623,0.3092372,0.29434854,0.14944738,0.28271598,0.41270885,0.24141951,0.12669866,0.26531297,0.26934636,0.09669193,0.03909693,-0.386044,-0.39115024,-0.24379611,-0.1902199
222,-0.04769851,-0.0373804,-0.0686932,-0.022248605,-0.027755214,0.008518028,0.036090426,0.012059518,-0.017295599,0.0738822,0.1158442,0.059737965,0.09293647,0.1899516,0.21840408,0.20426522,0.2241201,0.24890561,0.26460657,0.2945403,0.30396417,0.29755837,0.2901365,0.26534864,0.21669078,0.1523095,0.07929024,-0.07280904,-0.114644505,-0.16057208,-0.10134897,-0.0017792869,-0.13731144,-0.20665945,-0.07268418,-0.060605705,-0.15815149,-0.18941016,-0.2844344,-0.29756373,-0.21230987,-0.23306929,-0.2162988,-0.15895349,-0.24251461,-0.12829185,-0.10896833,0.10951558,0.23291452,0.2045055,0.18424097,0.19155708,0.19053212,0.18841682,0.14898376,0.09663857,0.16377942,0.2143705,0.13540076,0.10730968,0.19357468,0.18300536,0.05658374,0.08788361,0.11582305,0.046009976,0.0043931473,0.043639176,0.041629035,-0.034964655,-0.06345248,-0.10328372,-0.100977495,-0.089441456,-0.051727153,-0.037035294,-0.038165994,-0.028272824,-0.032496564,-0.09279465,-0.12391386,-0.12051379,-0.18293673,-0.06763334,-0.019154483,0.0643055,0.05102916,0.10706911,0.06829962,0.06508215,0.021334112,-0.011183309,-0.035176136,-0.09457498,-0.063913815,-0.029259328,-0.2054941,-0.19342533,-0.06297089,-0.023477668,-0.007611766,0.09051872,0.07299354,-0.046329897,-0.056893017,-0.115724616,-0.04922944,-0.09084728,-0.08429458,-0.04821589,-0.025081992,-0.07462855,-0.053688847,-7.157919e-05,-0.022237672,-0.037904233,-0.07672228,-0.07681393,-0.054851186,-0.05063789,0.00015008857,-0.08530565,-0.15278697,-0.3140385,-0.39096203,-0.39821085,-0.34033307,-0.32388657,-0.41086307,-0.3551572,-0.33660048,-0.3865758,-0.35903966,-0.25018027,-0.26099074,-0.35076132,-0.21698911,-0.14900859,-0.11176323,-0.015119717,0.045313504,0.11767638,0.14168346,0.08111654,-0.05885165,-0.09839165,-0.1592635,-0.048822995,0.018740699,0.05741809,-0.030116903,-0.16917104,-0.25304848,-0.31714374,-0.36327827,-0.3677671,-0.4121157,-0.3899694,-0.44824234,-0.44500622,-0.37301728,-0.30260456,-0.35556063,-0.29177138,-0.17776303,-0.17003033,-0.22988053,-0.1897188,-0.31618747,-0.3158332,-0.309264,-0.3084173,-0.29199857,-0.29172766,-0.24977386,-0.28663462,-0.3247542,-0.13812514,-0.07608027,-0.044423714,-0.123996176,-0.08457574,0.025804976,-0.054000814,-0.18420145,-0.0847153,0.03800441,-0.18559597,-0.24130489,0.06030725,-0.023572573,-0.15106791,-0.03310157,0.007870926,-0.059485067,-0.11154393,-0.16958477,-0.22304176,-0.17709357,-0.20735377,-0.17403947,-0.05905109,-0.021014104,-0.0066998485,0.14198948,0.2221549,0.24581125,0.4029777,0.6005141,0.52863497,0.5081037,0.6258887,0.65814734,0.7178619,0.7321827,0.81150544,0.92114055,1.0,0.89784825,0.82338494,0.74755996,0.6851325,0.45703182,0.27858907,0.23630452,0.15343738,-0.034017287,-0.0640155,-0.026627941,0.09223531,0.26950032,0.29211697,0.43880016,0.5347011,0.48679534,0.39705858,0.4133316,0.2764308,0.12700233,0.1863511,0.27048302,0.17117727,0.14671507,0.2823514,0.27985093,0.13941805,0.21696667,0.31585532,0.16136482,0.043621186,0.15655826,0.14682499,-0.014888007,-0.061424576,-0.36791593,-0.34563357,-0.21854386,-0.18157426
223,-0.18420218,-0.16778083,-0.17193745,-0.1273239,-0.14212225,-0.09360401,-0.08718051,-0.13220622,-0.13769475,-0.034168124,-0.019338313,-0.07643053,0.0018174199,0.09428505,0.095775604,0.12698188,0.18442741,0.20524305,0.23028222,0.27401638,0.32154885,0.33690968,0.33950278,0.30335453,0.27936953,0.18666866,0.053611152,-0.10290989,-0.18838033,-0.24369419,-0.22807834,-0.11569676,-0.21731317,-0.29178262,-0.18727079,-0.17770235,-0.23574702,-0.22227412,-0.31889746,-0.33937344,-0.25260454,-0.2992301,-0.32435587,-0.2813632,-0.36454284,-0.23009524,-0.17535418,0.07577623,0.26272866,0.26296082,0.27566987,0.23938082,0.21549334,0.18938152,0.15712588,0.074856095,0.12259822,0.15884577,0.043925043,-0.008624097,0.060495798,0.039748937,-0.108445,-0.08453154,-0.040835872,-0.12029176,-0.16738728,-0.12272976,-0.13091736,-0.22158785,-0.2472457,-0.26789692,-0.24453987,-0.23656164,-0.2174361,-0.20181781,-0.18627615,-0.17676619,-0.19559103,-0.25257993,-0.29058176,-0.27735385,-0.3512358,-0.21896905,-0.08664253,0.03023442,0.06811721,0.17620483,0.16878204,0.17575249,0.10910725,0.07987369,0.050342504,-0.025902592,0.032317832,0.11418581,-0.1408471,-0.1703027,-0.03708635,-0.004495579,-0.009752549,0.06655132,-0.052725296,-0.17678285,-0.22302714,-0.2958581,-0.23749325,-0.25624475,-0.24693426,-0.22682467,-0.18637086,-0.22484343,-0.19117329,-0.126318,-0.1497076,-0.13369745,-0.17842326,-0.18484524,-0.13698882,-0.16102397,-0.051073294,-0.13021293,-0.17953248,-0.29759717,-0.33203778,-0.34742066,-0.27188843,-0.29730082,-0.41641375,-0.37195122,-0.3111042,-0.38758457,-0.41706356,-0.28372458,-0.25856102,-0.37416407,-0.2772257,-0.20174113,-0.14337586,-0.014845311,0.017066212,0.12798992,0.1939865,0.16476654,0.011960924,-0.051142335,-0.07699415,0.048000753,0.08763373,0.09369592,0.03131647,-0.1332187,-0.24136557,-0.295859,-0.34043187,-0.38419738,-0.4346297,-0.40619883,-0.46573117,-0.4748228,-0.3817179,-0.29038063,-0.34793928,-0.2831188,-0.12541476,-0.09615208,-0.16238475,-0.09504873,-0.12256093,-0.18510953,-0.16004136,-0.13384262,-0.10042316,-0.09138027,-0.07126441,-0.11537375,-0.14604598,0.050817944,0.099131055,0.12503831,0.036969647,0.0976231,0.18172088,0.046853967,-0.051330086,0.06871831,0.051042873,-0.18756089,-0.20195512,-0.020454189,-0.17474712,-0.2777678,-0.1538058,-0.15081538,-0.20895872,-0.2394971,-0.2944447,-0.30212313,-0.25860795,-0.23416324,-0.15715094,-0.07600102,-0.1192322,-0.110730246,0.07380187,0.07694667,0.04922225,0.23546682,0.45222846,0.32792884,0.32970905,0.5134607,0.54801595,0.598334,0.6765305,0.7765577,0.79514265,0.89784825,1.0,0.8973322,0.6786924,0.7411503,0.61046565,0.32679692,0.26791167,0.28200024,0.089522265,0.0068630585,0.0822279,0.15805434,0.3620779,0.42993817,0.581172,0.6618462,0.60834044,0.47318718,0.50104856,0.42104745,0.3067842,0.36307004,0.42157,0.36370954,0.32981965,0.40297815,0.40832654,0.28889897,0.29397082,0.32537493,0.19126071,0.08015357,0.12720127,0.04849799,-0.08881507,-0.124005,-0.3257637,-0.23762916,-0.084133215,-0.06494976
224,-0.24283898,-0.22708337,-0.24037884,-0.19730417,-0.21232364,-0.15977469,-0.15208386,-0.19670142,-0.19059388,-0.088682435,-0.07662264,-0.11962066,-0.045921788,0.034374855,0.048698258,0.091662824,0.14683793,0.16611,0.18651783,0.23448443,0.24387415,0.26966426,0.27927983,0.22876024,0.20140374,0.10233632,-0.025076702,-0.17228714,-0.25299844,-0.28024304,-0.1851561,-0.117980234,-0.25750843,-0.23668817,-0.12747407,-0.14280155,-0.20293027,-0.24242428,-0.31849778,-0.36081892,-0.28640148,-0.32059368,-0.3478249,-0.30187252,-0.36825094,-0.27658796,-0.22396116,0.0024358905,0.16869545,0.2176294,0.27364385,0.24427319,0.2473951,0.22416374,0.19259697,0.10364653,0.14280856,0.18044008,0.047264364,-0.024482496,0.042110827,0.0066909622,-0.13746302,-0.11168455,-0.08994868,-0.16854623,-0.20782818,-0.17012663,-0.18050216,-0.270795,-0.2905497,-0.3110725,-0.28683206,-0.26969746,-0.24889381,-0.2437348,-0.23513073,-0.22794044,-0.25004867,-0.31080753,-0.34045842,-0.3219482,-0.3555549,-0.2431214,-0.17202938,-0.037970155,0.035159398,0.17396955,0.16531958,0.18163706,0.12023412,0.076803625,0.07163824,0.016645363,0.030704545,0.050042685,-0.11830876,-0.13124296,-0.03899381,-0.02986114,-0.05645012,0.04224466,-0.06041475,-0.2064479,-0.24357422,-0.30822438,-0.26487622,-0.2789496,-0.251457,-0.23219661,-0.17644888,-0.21042329,-0.19579926,-0.12576768,-0.14038281,-0.13039325,-0.18444511,-0.19359925,-0.14254919,-0.13516067,-0.06679193,-0.13855213,-0.15684672,-0.2484441,-0.28840438,-0.33061367,-0.25063676,-0.25877267,-0.37666294,-0.3497997,-0.2744958,-0.3359632,-0.36824676,-0.2655732,-0.2376034,-0.3332155,-0.28095847,-0.23883222,-0.20314616,-0.09111714,-0.054726757,0.042485394,0.104433596,0.082613826,-0.04472004,-0.059522517,-0.07553866,0.0093431715,0.047006972,0.06677455,-0.0015921633,-0.12716575,-0.2057374,-0.26470897,-0.30660596,-0.32019904,-0.36234754,-0.35779694,-0.4030252,-0.41014823,-0.35289475,-0.30050743,-0.34464636,-0.288422,-0.17834371,-0.16010992,-0.21214771,-0.15158118,-0.15905637,-0.13964318,-0.11150176,-0.10235558,-0.08486982,-0.100305095,-0.096975386,-0.10406484,-0.09581192,0.12334435,0.16309239,0.22116081,0.15647946,0.17451099,0.2704594,0.20155217,0.08589771,0.14960058,0.21098611,0.009024479,-0.06574629,0.063989215,-0.027791636,-0.17278229,-0.14100964,-0.1275184,-0.14471531,-0.18901725,-0.181973,-0.14958508,-0.0642415,-0.01807291,0.0502001,0.12886374,0.09193125,0.10033527,0.26578093,0.26141655,0.20494021,0.33810878,0.51830226,0.38317236,0.34102142,0.47733116,0.47065967,0.5126996,0.5667113,0.68504995,0.7370303,0.82338494,0.8973322,1.0,0.82119006,0.7772742,0.69570875,0.53511816,0.44017375,0.39774773,0.24319337,0.18260497,0.21759756,0.302565,0.4588068,0.4667315,0.5675383,0.5709309,0.50078934,0.3948138,0.420792,0.342787,0.23250231,0.25500968,0.3255522,0.28419223,0.21103737,0.2664518,0.30189452,0.17885691,0.1595444,0.21019544,0.10568766,-0.029391365,0.01865928,-0.005728166,-0.1375169,-0.19899204,-0.32230923,-0.24763918,-0.15641758,-0.15246306
225,-0.24087368,-0.25167176,-0.29391032,-0.257463,-0.2695542,-0.21301094,-0.16765884,-0.19855951,-0.20545554,-0.12128494,-0.08396332,-0.102352895,-0.071955174,-0.0071034823,0.043251127,0.067470364,0.098529845,0.13136429,0.16276914,0.20757344,0.15137397,0.1845182,0.20070063,0.13375346,0.089043975,-0.024575664,-0.117331795,-0.24681638,-0.29696414,-0.31851643,-0.0455086,-0.10280263,-0.20235333,-0.04010757,0.05855461,0.012319549,-0.050895203,-0.16564375,-0.23038116,-0.3756188,-0.35418725,-0.36276993,-0.34334102,-0.2796806,-0.31577513,-0.28295848,-0.2501045,-0.06173171,0.060228486,0.17470331,0.23373516,0.2553127,0.29436004,0.26573655,0.22149761,0.16380332,0.19557132,0.22900303,0.14347108,0.08266763,0.13784328,0.09062077,-0.027655821,-0.007136143,-0.034921978,-0.121109426,-0.14756152,-0.13265197,-0.16762243,-0.22416796,-0.22893375,-0.24072877,-0.2342319,-0.21828221,-0.19193402,-0.21431603,-0.23654436,-0.23200384,-0.241223,-0.2943173,-0.28954652,-0.26360378,-0.24210991,-0.15718402,-0.1576256,-0.01609101,0.06639874,0.185382,0.14501807,0.16513082,0.15635316,0.08134051,0.063048,0.041861653,-0.015856622,-0.12032569,-0.11932434,-0.07692391,-0.021840397,0.03789223,-0.015907798,0.097712375,0.052109953,-0.103831664,-0.13329233,-0.18344967,-0.14162266,-0.14921252,-0.110354885,-0.08419477,-0.04169289,-0.050701298,-0.049618956,-0.01596968,-0.021356966,-0.01602,-0.060678456,-0.058534313,-0.0131395515,0.03334839,0.03719074,-0.031419475,-0.045380555,-0.13037606,-0.19791813,-0.32619894,-0.2665612,-0.22046924,-0.28817213,-0.2831418,-0.2510396,-0.2588377,-0.25767115,-0.24879433,-0.25424543,-0.27184722,-0.26930672,-0.2802395,-0.26950788,-0.20440678,-0.16466115,-0.08011388,-0.044073246,-0.06951478,-0.17089836,-0.15536903,-0.1810416,-0.11358907,-0.04342138,-0.04764219,-0.1260486,-0.16477145,-0.18623872,-0.21905312,-0.27778193,-0.24430692,-0.25367317,-0.31376985,-0.33071035,-0.27436513,-0.26673147,-0.31875,-0.3272149,-0.23444125,-0.22136721,-0.28907654,-0.2881983,-0.21866335,-0.31162548,-0.2598478,-0.22371262,-0.22208923,-0.17765409,-0.19146106,-0.19939235,-0.1462439,-0.07398574,0.09651812,0.1207903,0.23632315,0.21569261,0.12934309,0.25780004,0.3304189,0.1656998,0.09350827,0.35052326,0.2400319,0.022466255,0.12356281,0.22266082,0.014656517,-0.10253356,-0.015130357,0.037528265,-0.05160335,0.05835224,0.11729561,0.26218593,0.29398942,0.31279248,0.41553304,0.43594384,0.43034118,0.53615963,0.582383,0.5052629,0.5155426,0.5972052,0.47203225,0.34259665,0.3652476,0.31479126,0.39326948,0.41003484,0.51198554,0.62152916,0.74755996,0.6786924,0.82119006,1.0,0.8494539,0.6544505,0.7282763,0.68687356,0.49829492,0.37793985,0.41014087,0.3778057,0.5239855,0.58775854,0.44964895,0.44217324,0.32715756,0.1921495,0.15114222,0.2351329,0.12022109,-0.029089043,-0.06440424,0.025529614,-0.014446901,-0.12986064,-0.07150374,0.0015638169,-0.12752374,-0.15483457,-0.052586697,-0.12278698,-0.26793343,-0.18606259,-0.09762471,-0.21639203,-0.27486554,-0.29919484,-0.25534132,-0.27509928,-0.26357928
226,-0.46331373,-0.46199635,-0.47165462,-0.42490605,-0.4536097,-0.36258143,-0.34763852,-0.4100028,-0.3668874,-0.26857468,-0.26104704,-0.29806077,-0.19072443,-0.11603846,-0.089064345,-0.009851138,0.07976995,0.12590006,0.18878353,0.25932732,0.24417838,0.31655505,0.35163295,0.24877001,0.22024274,0.04279376,-0.15873888,-0.31877714,-0.43469366,-0.47888085,-0.31132743,-0.34722674,-0.3739651,-0.20595858,-0.18727994,-0.24111693,-0.2419318,-0.26982754,-0.32186428,-0.47092542,-0.45491037,-0.5108518,-0.55582577,-0.5113376,-0.53523344,-0.4558205,-0.35852084,-0.092770554,0.13104765,0.32461962,0.42512786,0.38361758,0.41154438,0.3314416,0.28163284,0.16738607,0.19426091,0.22582139,0.084828414,-0.026502594,0.025518877,-0.043203305,-0.21109258,-0.20434979,-0.22333595,-0.32428926,-0.37291354,-0.35244355,-0.3859039,-0.49553013,-0.5159903,-0.51532865,-0.48723373,-0.46485144,-0.46192443,-0.47867846,-0.4741887,-0.46327016,-0.4938961,-0.55646384,-0.5677245,-0.5306072,-0.5021307,-0.37043256,-0.26111212,-0.041509558,0.12061029,0.3324884,0.30355683,0.33750072,0.30032396,0.23459607,0.25527304,0.20831592,0.15232989,0.1044345,-0.066964164,-0.09587089,-0.0057437336,0.06759533,-0.039253376,0.11458602,-0.07186035,-0.26987702,-0.35483998,-0.44751984,-0.4079821,-0.3997816,-0.36403692,-0.3540601,-0.28934076,-0.2842358,-0.25241175,-0.19676422,-0.20933995,-0.15959531,-0.2211803,-0.22421029,-0.1338861,-0.11774483,-0.031533528,-0.09825036,-0.07609299,-0.122883946,-0.11429508,-0.3032046,-0.22384736,-0.2698566,-0.38466272,-0.380357,-0.2650464,-0.30724496,-0.40039557,-0.34384286,-0.27170163,-0.32672915,-0.39463958,-0.40256804,-0.36797565,-0.23657049,-0.23138866,-0.05405104,0.041643173,0.04122565,-0.08677295,-0.08772173,-0.08881836,0.0041353586,0.048563734,0.02328321,-0.059996553,-0.16308458,-0.2197229,-0.21524926,-0.26473203,-0.27360854,-0.30945694,-0.3840308,-0.39505276,-0.39335927,-0.38675448,-0.39863276,-0.4167123,-0.34188256,-0.2705028,-0.2800994,-0.30443805,-0.21396235,-0.076954536,-0.048629403,0.033592056,0.082415,0.1276241,0.09583053,0.07871124,0.128036,0.20343232,0.40060037,0.429374,0.54841524,0.49428305,0.43562242,0.5228737,0.5178176,0.38316733,0.32978213,0.38555348,0.23316275,0.03816771,-0.05694194,-0.05419174,-0.24849707,-0.36517477,-0.33474824,-0.27186206,-0.34760264,-0.21234165,-0.065321274,0.10927065,0.25660154,0.35369927,0.4197244,0.3075838,0.2851697,0.46616194,0.37932,0.20085604,0.2594897,0.36985165,0.16422465,0.03790425,0.16859275,0.16341609,0.2866641,0.36567864,0.44632328,0.50762814,0.6851325,0.7411503,0.7772742,0.8494539,1.0,0.89943206,0.79291105,0.7884082,0.7647829,0.61759573,0.5755569,0.6213201,0.69934314,0.81575483,0.75953424,0.73959917,0.59388685,0.43562227,0.36245808,0.40686995,0.37646058,0.28749013,0.21257146,0.29253474,0.3010726,0.15792347,0.13637885,0.21308175,0.07289109,-0.05825468,-0.057840787,-0.119365714,-0.26529884,-0.2605987,-0.28282237,-0.36755547,-0.40029514,-0.20451476,-0.09424755,-0.08298719,-0.12097386
227,-0.5954263,-0.5827666,-0.5625863,-0.5191611,-0.5541083,-0.4503313,-0.46534136,-0.5457082,-0.46330333,-0.37087753,-0.39976293,-0.4330081,-0.28475067,-0.22825949,-0.22410654,-0.10299307,0.020494463,0.06289053,0.13542613,0.2121421,0.2136267,0.3081698,0.35512486,0.23627974,0.23098533,0.032915514,-0.20783566,-0.34864193,-0.49360716,-0.5247247,-0.43922606,-0.46554387,-0.46892932,-0.27735147,-0.31314972,-0.37917155,-0.3391337,-0.328337,-0.35269874,-0.47219193,-0.46069312,-0.53644365,-0.6341578,-0.6108638,-0.611696,-0.5359456,-0.40463006,-0.14807276,0.10457248,0.3383169,0.48329058,0.3910731,0.4222326,0.3219241,0.28192076,0.13789706,0.14885953,0.17301987,0.0028384547,-0.14484692,-0.11317045,-0.19340219,-0.3704885,-0.375711,-0.39091027,-0.4770085,-0.52592045,-0.5058834,-0.5306848,-0.6636999,-0.6883439,-0.67462456,-0.6273636,-0.6048836,-0.618853,-0.63303685,-0.61026263,-0.599287,-0.6441666,-0.70675385,-0.7262272,-0.6800309,-0.6353322,-0.5051752,-0.35557568,-0.11322262,0.10867591,0.36099505,0.36644158,0.4057729,0.34620652,0.30306104,0.35913208,0.3071843,0.24776328,0.2299818,0.006020936,-0.06660731,0.0056275083,0.05422259,-0.08791084,0.082056805,-0.18097533,-0.38980168,-0.49782434,-0.59796745,-0.58018684,-0.55708396,-0.51815355,-0.52770495,-0.44444874,-0.42904225,-0.39619777,-0.32601982,-0.3340909,-0.2626175,-0.32940447,-0.33985317,-0.23150675,-0.22546095,-0.112769976,-0.15070806,-0.07732851,-0.060816612,-0.0055788956,-0.20617634,-0.12954608,-0.22291858,-0.3487236,-0.36039212,-0.1894011,-0.24255252,-0.39210233,-0.32614696,-0.20134261,-0.2615266,-0.39895767,-0.427417,-0.39679876,-0.25468382,-0.27866408,-0.0764335,0.047148913,0.07855296,-0.020545473,-0.008873853,0.016967058,0.09086571,0.10081639,0.068272814,0.0012154412,-0.11153087,-0.16972038,-0.13600315,-0.1645844,-0.18988128,-0.23401047,-0.31468353,-0.31883112,-0.36352462,-0.36771798,-0.35419926,-0.38191685,-0.34608507,-0.25714463,-0.2210965,-0.26263863,-0.17319497,0.13085835,0.17948775,0.27964193,0.3401555,0.36741665,0.31544355,0.2753786,0.33217096,0.41834906,0.63512415,0.6506562,0.7595548,0.7081064,0.66840804,0.7056969,0.6705518,0.590993,0.5444601,0.45621818,0.32119787,0.16956668,-0.10689025,-0.16509844,-0.32333356,-0.46713793,-0.4976018,-0.41887766,-0.46266204,-0.30378816,-0.09145474,0.08549676,0.30869287,0.44615147,0.46000984,0.26190388,0.23674323,0.4327706,0.241385,0.0032848613,0.06664668,0.14815956,-0.0939219,-0.20665896,-0.03687263,-0.035704125,0.08262568,0.18825535,0.2569446,0.27790332,0.45703182,0.61046565,0.69570875,0.6544505,0.89943206,1.0,0.83974946,0.7965506,0.8884059,0.7900919,0.69114935,0.7584741,0.75494194,0.86178416,0.86134964,0.82264555,0.64168745,0.5064556,0.43117633,0.43269742,0.47550136,0.45698398,0.35204074,0.4086958,0.47241426,0.31502074,0.21484108,0.3009143,0.18988092,-0.021161204,-0.100148246,-0.11384973,-0.24105176,-0.31252432,-0.39212722,-0.42870808,-0.4533145,-0.106786676,0.032288615,0.039135702,-0.036615696
228,-0.5290988,-0.5505558,-0.5578855,-0.5309271,-0.5560246,-0.46529123,-0.46107763,-0.5121446,-0.44353402,-0.38760835,-0.39481688,-0.39231694,-0.30966574,-0.28515694,-0.25048107,-0.15393342,-0.06491806,-0.021878652,0.03646227,0.098411284,0.037134003,0.12711604,0.17237142,0.051893093,0.0344092,-0.13778627,-0.30125657,-0.39320436,-0.47981432,-0.47192627,-0.20903203,-0.36031976,-0.35532743,-0.024229664,-0.06177375,-0.15540029,-0.11607351,-0.19464985,-0.2010688,-0.40243968,-0.44328785,-0.478824,-0.53372914,-0.49427274,-0.46718076,-0.48438913,-0.39505818,-0.23783715,-0.07354117,0.2018415,0.3585364,0.3286935,0.38676497,0.30921537,0.27673724,0.17416205,0.16439757,0.17085826,0.05379848,-0.06437882,-0.066998355,-0.15048543,-0.2720384,-0.2852054,-0.34666395,-0.4234731,-0.4449248,-0.4495247,-0.4932553,-0.5649019,-0.56359345,-0.5311094,-0.50284165,-0.4876014,-0.49865606,-0.54036224,-0.5473639,-0.5461639,-0.5776977,-0.61922556,-0.6002029,-0.54917866,-0.452609,-0.38889912,-0.33944005,-0.124049194,0.089937806,0.29735675,0.27854374,0.32249945,0.3175034,0.24132504,0.28991893,0.2840841,0.16157416,0.02898952,0.040844288,0.03293129,0.039463796,0.102140166,-0.048311055,0.083924845,-0.10144901,-0.29189768,-0.37245554,-0.42565972,-0.42694253,-0.38423038,-0.32511646,-0.33313698,-0.26610062,-0.22289802,-0.22571602,-0.20328112,-0.18962455,-0.13202135,-0.17633116,-0.17798157,-0.094361156,-0.047517855,-0.017795216,-0.03306194,0.04547164,0.08808267,0.10530938,-0.1332577,-0.08092368,-0.1086818,-0.1734746,-0.20698151,-0.09837199,-0.09875956,-0.19089468,-0.23280992,-0.15841316,-0.13709158,-0.3193846,-0.4030429,-0.40603334,-0.34369278,-0.3616662,-0.22435805,-0.14308581,-0.103870474,-0.14359449,-0.09052992,-0.058629893,-0.033829518,-0.016666796,-0.068924,-0.11605838,-0.109717906,-0.0866077,-0.042126723,-0.08346596,-0.059613105,-0.05751381,-0.18634214,-0.15969115,-0.1353936,-0.18974909,-0.28613192,-0.27449957,-0.2103049,-0.23444043,-0.2906262,-0.2789565,-0.19331744,-0.0036786457,0.07899655,0.16489215,0.20671289,0.24695438,0.20307544,0.15526547,0.26612553,0.41364285,0.5504284,0.52844894,0.687853,0.70371425,0.5594866,0.6163838,0.74796283,0.6368002,0.45702493,0.586728,0.576506,0.30517223,0.020032814,0.16581073,-0.039382216,-0.33517575,-0.29231787,-0.14355257,-0.21970695,0.03165499,0.24892515,0.46428052,0.6417978,0.709333,0.73421425,0.6171463,0.5889731,0.6893541,0.56552607,0.33786407,0.25702515,0.22088416,0.018439919,-0.16317253,-0.13885587,-0.20337203,-0.08839986,-0.03133728,0.03307495,0.104391545,0.27858907,0.32679692,0.53511816,0.7282763,0.79291105,0.83974946,1.0,0.9585285,0.8760118,0.8597428,0.8649289,0.8341709,0.88324803,0.8563662,0.69156116,0.54278857,0.24661548,0.09237599,0.08508266,0.12918937,0.14089927,0.10305939,-0.036759168,0.027709287,0.099006705,-0.08750195,-0.18347198,-0.060121637,-0.1527462,-0.35449743,-0.35964948,-0.32016486,-0.4481301,-0.48615992,-0.43076196,-0.44099167,-0.47663817,-0.06458021,0.03604808,-0.08114031,-0.14330544
229,-0.5352043,-0.5587564,-0.5670926,-0.54327625,-0.5696308,-0.47826007,-0.4703512,-0.52021074,-0.4510861,-0.39897332,-0.4030235,-0.39926767,-0.31516117,-0.2892038,-0.25154707,-0.155157,-0.06535322,-0.019802338,0.040517204,0.10400614,0.033781927,0.12966554,0.18068829,0.05177697,0.032804262,-0.142513,-0.3099908,-0.40384668,-0.49329808,-0.4890185,-0.20442763,-0.37739417,-0.3506528,0.0019010976,-0.048267078,-0.14572948,-0.09360056,-0.17092092,-0.16944101,-0.3915138,-0.4473128,-0.48639607,-0.5383154,-0.50052243,-0.4747959,-0.49342054,-0.39855292,-0.23850827,-0.07332988,0.22079593,0.37791845,0.35557765,0.4124155,0.3298078,0.2932707,0.19681689,0.18346533,0.18693532,0.077523865,-0.040702272,-0.04647805,-0.1314242,-0.24938162,-0.26788464,-0.33873805,-0.4199385,-0.44295958,-0.4505052,-0.49811783,-0.5656127,-0.5635975,-0.5299481,-0.5046686,-0.48633778,-0.49990785,-0.5453297,-0.55592257,-0.5531692,-0.58376956,-0.6211116,-0.59719205,-0.54636943,-0.44628346,-0.38394392,-0.3275279,-0.10456742,0.110408075,0.3258008,0.29766613,0.349561,0.34968218,0.26419887,0.3159546,0.3151916,0.17947656,0.03326332,0.05094886,0.040832583,0.046314064,0.12254304,-0.033649582,0.102294154,-0.08090769,-0.2717771,-0.35901567,-0.41872993,-0.42093292,-0.37391758,-0.3177234,-0.32516348,-0.2626989,-0.21226285,-0.20452869,-0.18892257,-0.17847806,-0.11418017,-0.16111444,-0.16024648,-0.06579342,-0.024480244,0.006071203,-0.012818958,0.06278227,0.1099032,0.13745888,-0.1302997,-0.08136926,-0.11565621,-0.17578425,-0.20813139,-0.10279988,-0.10074373,-0.19798934,-0.24806978,-0.17041938,-0.14551593,-0.3393419,-0.42168957,-0.42092013,-0.3579206,-0.3786076,-0.23128584,-0.14964299,-0.11111529,-0.15598087,-0.1028176,-0.06976927,-0.040683925,-0.015437789,-0.07469419,-0.122909464,-0.117492266,-0.09105867,-0.03726964,-0.07837096,-0.055229697,-0.052764244,-0.19804803,-0.16164838,-0.13054015,-0.19978301,-0.31742465,-0.29176742,-0.22372118,-0.2614062,-0.3235771,-0.3023203,-0.21380275,-0.0060108183,0.0721059,0.16273451,0.2171931,0.2577124,0.21446007,0.17995965,0.29632172,0.44121727,0.5470541,0.5275848,0.6977299,0.70901525,0.5483269,0.60913175,0.7503739,0.6279467,0.42474613,0.56307465,0.5678681,0.2720273,-0.030583506,0.14443395,-0.0655185,-0.3744392,-0.31812966,-0.15963383,-0.24444687,0.016883846,0.2391526,0.46933427,0.6551674,0.7193441,0.7473721,0.6286098,0.59058595,0.68413764,0.56120604,0.32380757,0.22593573,0.17881861,-0.017993586,-0.21017456,-0.19415447,-0.24979669,-0.11877386,-0.06360984,-0.017174762,0.056356426,0.23630452,0.26791167,0.44017375,0.68687356,0.7884082,0.7965506,0.9585285,1.0,0.9066003,0.88004273,0.9154329,0.8878666,0.9493823,0.90904963,0.7233939,0.5417538,0.22386591,0.049482893,0.048826147,0.09618868,0.118865535,0.08388699,-0.066745885,0.0010774214,0.07172158,-0.11977796,-0.2212301,-0.09761089,-0.19425693,-0.39900255,-0.40843856,-0.37292257,-0.4942022,-0.528065,-0.47012702,-0.46999276,-0.49494234,-0.026628442,0.074202895,-0.05694734,-0.123651624
230,-0.65538204,-0.65482765,-0.6323698,-0.60139865,-0.64089274,-0.5334083,-0.54743904,-0.62480557,-0.52687865,-0.46144113,-0.49859935,-0.51040566,-0.36691025,-0.33603132,-0.3250733,-0.18664865,-0.061754897,-0.014378783,0.0658562,0.13854843,0.109727494,0.22004512,0.27774346,0.13804136,0.13997488,-0.067328155,-0.30564478,-0.41135764,-0.5489909,-0.5646801,-0.41435292,-0.5292863,-0.4577955,-0.16649947,-0.2641218,-0.35450664,-0.2632344,-0.2593468,-0.24794224,-0.42027587,-0.461464,-0.5393521,-0.6431235,-0.6376631,-0.60052663,-0.5779749,-0.43711853,-0.23510651,-0.00720401,0.30242312,0.48146996,0.39500245,0.44186896,0.33537677,0.2991454,0.16590834,0.15545999,0.16060823,0.0039735204,-0.14764683,-0.14168833,-0.23432663,-0.38513526,-0.4029332,-0.45318887,-0.5343227,-0.5699194,-0.568968,-0.6100819,-0.72074634,-0.7347402,-0.7038905,-0.65752083,-0.63555086,-0.66393363,-0.69366044,-0.67616415,-0.6691656,-0.71693873,-0.76365644,-0.76149404,-0.7126034,-0.61311406,-0.5173123,-0.3906167,-0.13747,0.11715929,0.38355583,0.38548917,0.44448245,0.40882722,0.34743872,0.4310908,0.40173414,0.2838872,0.21552639,0.08416171,0.014434283,0.024682773,0.089932136,-0.082798384,0.092626154,-0.17929792,-0.38423306,-0.49829876,-0.591976,-0.5982644,-0.5537744,-0.50701356,-0.5242345,-0.4408474,-0.3968333,-0.36056802,-0.31127694,-0.31487313,-0.22762175,-0.2960012,-0.30117604,-0.18217616,-0.1636497,-0.07677545,-0.09412034,0.008417982,0.086282544,0.16966692,-0.103149705,-0.046924032,-0.14722984,-0.24371639,-0.28081343,-0.10519581,-0.128049,-0.29772374,-0.29742295,-0.14971775,-0.16411139,-0.39219815,-0.4675574,-0.4523798,-0.339776,-0.38388008,-0.17973176,-0.055467688,-0.002079982,-0.059196215,-0.017903652,0.028920917,0.0679153,0.07069544,0.015716173,-0.040541157,-0.09702147,-0.11064344,-0.03783297,-0.057913665,-0.072275974,-0.095310725,-0.22591162,-0.19490087,-0.22481951,-0.28533927,-0.33838996,-0.33061534,-0.297129,-0.27419767,-0.26515037,-0.27055737,-0.17831287,0.20258959,0.2671618,0.3860654,0.46097752,0.49345964,0.43228385,0.3776265,0.4812182,0.60235375,0.7464876,0.7389089,0.8748791,0.8539047,0.75347286,0.77034163,0.81435406,0.74095196,0.5970637,0.52813476,0.4888743,0.26838592,-0.16040707,-0.11184514,-0.2745511,-0.53516334,-0.5419902,-0.39888346,-0.45617944,-0.21819688,0.050159402,0.26672336,0.52701396,0.6535263,0.64090043,0.42185786,0.379718,0.5295992,0.30323303,0.014700932,-0.016122246,-0.024967937,-0.26603958,-0.42123255,-0.31118917,-0.3228452,-0.18341973,-0.091795385,-0.061941836,-0.034071967,0.15343738,0.28200024,0.39774773,0.49829492,0.7647829,0.8884059,0.8760118,0.9066003,1.0,0.95958537,0.90202224,0.951541,0.925848,0.94793093,0.88792235,0.7402087,0.45252916,0.29343057,0.2670004,0.2675872,0.35467374,0.3754291,0.21605824,0.2620221,0.36543334,0.17965616,0.020104587,0.12689996,0.03784501,-0.22744417,-0.330605,-0.29346496,-0.39973336,-0.49908432,-0.5487445,-0.52461547,-0.5318313,0.0334346,0.17788225,0.10189443,0.0012351257
231,-0.6386245,-0.6457543,-0.61988777,-0.6012195,-0.6376623,-0.53842956,-0.5587176,-0.62588525,-0.52334267,-0.48133436,-0.5254303,-0.52190673,-0.3974483,-0.3884306,-0.37801668,-0.24402718,-0.12408216,-0.08006913,-0.0074889185,0.054053467,0.015434051,0.13102582,0.18896614,0.050280504,0.06257478,-0.12875104,-0.3361411,-0.4048006,-0.52204895,-0.520358,-0.3627131,-0.51235294,-0.42141205,-0.086905785,-0.21270065,-0.30921996,-0.20447405,-0.21217151,-0.18078835,-0.3591728,-0.41982394,-0.48893148,-0.5924374,-0.5897906,-0.53624785,-0.546347,-0.41754946,-0.2760958,-0.08396996,0.23728277,0.42263648,0.3490085,0.39627287,0.29457164,0.270073,0.14982854,0.12346565,0.11525696,-0.017128654,-0.15682645,-0.1795028,-0.27222553,-0.38912326,-0.41599417,-0.4763906,-0.5429424,-0.565567,-0.571862,-0.61475194,-0.7037248,-0.709286,-0.6665805,-0.6219124,-0.6056852,-0.641387,-0.6785299,-0.6648619,-0.66183764,-0.70538366,-0.73774594,-0.7240974,-0.6733516,-0.55987275,-0.49564862,-0.3920633,-0.15838537,0.10155508,0.3456047,0.35392871,0.4137509,0.39444563,0.3356719,0.42360523,0.4117756,0.27951124,0.18603282,0.12222406,0.062143262,0.04586115,0.10330947,-0.07606485,0.07201893,-0.18871525,-0.37041444,-0.47732404,-0.54978746,-0.5704614,-0.5128471,-0.46323115,-0.48820397,-0.40971506,-0.35338092,-0.33135396,-0.29799283,-0.29186252,-0.20835972,-0.26287383,-0.26838186,-0.16105668,-0.13740845,-0.07022468,-0.062277287,0.05778332,0.16779658,0.25702378,-0.016139504,0.020469116,-0.07339887,-0.13982633,-0.1847752,-0.027656712,-0.03298015,-0.18939243,-0.22613192,-0.09303784,-0.07170107,-0.3304572,-0.4304083,-0.43121243,-0.34962854,-0.40454182,-0.22682679,-0.11337612,-0.04662898,-0.06836236,-0.011969545,0.046518825,0.054542806,0.046392687,-0.015422769,-0.055430908,-0.0726623,-0.056239128,0.033588786,0.019366657,0.017943643,0.01012119,-0.12982836,-0.08315684,-0.10522037,-0.1835569,-0.25907382,-0.24141632,-0.21658736,-0.22785355,-0.23620297,-0.22902392,-0.14384294,0.24028116,0.3064951,0.42323464,0.4963415,0.5300004,0.4712298,0.4075295,0.5246514,0.6629825,0.7718122,0.7398528,0.8778277,0.8896388,0.7690753,0.76608795,0.8530177,0.8048806,0.62616235,0.5703711,0.5900148,0.36461127,-0.1227839,-0.03190774,-0.17892282,-0.48791158,-0.4981719,-0.3332049,-0.38445795,-0.11829914,0.16337267,0.37615964,0.63488746,0.74322486,0.7057251,0.494709,0.45490128,0.5600612,0.32489443,0.036144763,-0.04685868,-0.11711015,-0.33605635,-0.49647716,-0.43349266,-0.46193397,-0.3361248,-0.25167722,-0.2343557,-0.20937212,-0.034017287,0.089522265,0.24319337,0.37793985,0.61759573,0.7900919,0.8597428,0.88004273,0.95958537,1.0,0.9561273,0.96685195,0.91153425,0.87042695,0.779916,0.59805775,0.27765265,0.14011921,0.14476697,0.14587744,0.2451037,0.29038095,0.11520049,0.14738041,0.27565056,0.09027126,-0.091034725,0.024121515,-0.03205665,-0.315971,-0.42270485,-0.3412766,-0.4280323,-0.54718375,-0.5699966,-0.51281756,-0.5173448,0.1024676,0.23083666,0.11170797,0.007982447
232,-0.5712542,-0.59438,-0.5832021,-0.5710504,-0.59978163,-0.5124268,-0.527322,-0.5756123,-0.4844448,-0.4598816,-0.4870142,-0.4698849,-0.38028693,-0.38066247,-0.3574743,-0.24652861,-0.14337602,-0.09910922,-0.042725626,0.008543261,-0.050605852,0.05754469,0.11487409,-0.018537778,-0.013687636,-0.18036114,-0.34473366,-0.3959628,-0.4821379,-0.46194547,-0.23197123,-0.43054688,-0.34801415,0.03474037,-0.079045996,-0.18155715,-0.086167715,-0.1373258,-0.09841855,-0.3078639,-0.3900251,-0.44104585,-0.51725674,-0.5017836,-0.44922438,-0.49138522,-0.38855064,-0.28221127,-0.13515514,0.18315165,0.36004966,0.32472637,0.37757403,0.29301742,0.27408525,0.17878754,0.14131263,0.12558636,0.027757138,-0.09166032,-0.13074902,-0.22209632,-0.3116612,-0.34415713,-0.4204977,-0.4852045,-0.49805894,-0.51145095,-0.5593246,-0.61528754,-0.6104325,-0.56283665,-0.53113204,-0.5173233,-0.5478491,-0.59598756,-0.59873927,-0.598642,-0.6324922,-0.6521977,-0.6219792,-0.56993484,-0.45064068,-0.41668797,-0.35179847,-0.13722657,0.10281526,0.31683812,0.30480358,0.36514366,0.36827388,0.29296204,0.372992,0.38153526,0.23272222,0.09538056,0.12700935,0.0968121,0.067758985,0.13242134,-0.037979916,0.08001322,-0.13259818,-0.30034518,-0.39285624,-0.4426625,-0.4684103,-0.39970943,-0.3455156,-0.3688788,-0.30170393,-0.23562288,-0.22970378,-0.21991435,-0.20534137,-0.13309644,-0.17249228,-0.17591366,-0.081534676,-0.0475095,-0.013212134,0.00046423243,0.10820999,0.20721498,0.27221006,-0.0025600991,0.026808476,-0.036034185,-0.07626371,-0.11956362,-0.004787197,0.0069889603,-0.110257015,-0.18191317,-0.08807353,-0.041375097,-0.289972,-0.39267385,-0.40096328,-0.3563881,-0.40573382,-0.2637866,-0.17555545,-0.11067031,-0.11005748,-0.044805545,0.008396737,0.00355119,0.004284604,-0.061250936,-0.093885705,-0.067116454,-0.022704184,0.061164968,0.037911005,0.056641053,0.06713419,-0.09265172,-0.035335,-0.02244199,-0.11734699,-0.24214603,-0.20458122,-0.16440588,-0.2202815,-0.26953036,-0.24347241,-0.1626173,0.14237161,0.21689385,0.31791294,0.38444102,0.4184551,0.3689307,0.32187578,0.44879058,0.5971811,0.66188383,0.61809427,0.77627736,0.80990845,0.64746815,0.66104805,0.80895823,0.7409028,0.5135633,0.5653313,0.6326779,0.3618094,-0.07760189,0.09877182,-0.06653964,-0.40708426,-0.38343698,-0.20570196,-0.2707738,0.011954858,0.27422097,0.49728402,0.71664554,0.7847606,0.76459706,0.6063396,0.5629793,0.623119,0.4427769,0.1794604,0.04229877,-0.062033672,-0.24477027,-0.42972997,-0.42805108,-0.47794774,-0.35765278,-0.29506585,-0.2782611,-0.23161979,-0.0640155,0.0068630585,0.18260497,0.41014087,0.5755569,0.69114935,0.8649289,0.9154329,0.90202224,0.9561273,1.0,0.9623059,0.94465953,0.8463575,0.6774626,0.45293134,0.104069434,-0.039590057,-0.010448152,0.0070641916,0.083908804,0.11004234,-0.066534266,-0.024670264,0.09102022,-0.09883334,-0.25875115,-0.13567069,-0.18710998,-0.44123995,-0.5029465,-0.41578984,-0.4977031,-0.58553743,-0.54764736,-0.4906055,-0.4964931,0.10639368,0.20861906,0.04737902,-0.040216543
233,-0.62126863,-0.6331723,-0.61195755,-0.59540904,-0.63082623,-0.53743106,-0.55623806,-0.6151396,-0.5130391,-0.47654864,-0.51273453,-0.5070227,-0.3889215,-0.3798817,-0.36408085,-0.23662935,-0.120544754,-0.07183777,-0.00061877666,0.06005423,0.023616385,0.12997271,0.18892449,0.052965466,0.05976716,-0.12811385,-0.33245057,-0.40335223,-0.518243,-0.5119792,-0.33312982,-0.5012125,-0.40750673,-0.058260795,-0.18220294,-0.28186917,-0.17210144,-0.18715325,-0.1487156,-0.3377513,-0.41367286,-0.48193717,-0.5775316,-0.5759658,-0.5228014,-0.5378729,-0.41206932,-0.26518103,-0.08128865,0.24259964,0.42517665,0.3579621,0.40769753,0.31077507,0.28993383,0.1748544,0.1429473,0.13205059,0.0047538606,-0.13243975,-0.15254663,-0.2462353,-0.36151195,-0.389201,-0.45353952,-0.52259755,-0.5438885,-0.55269057,-0.59720355,-0.6795206,-0.68489945,-0.6436086,-0.6041834,-0.58618504,-0.619716,-0.658438,-0.64781696,-0.64610016,-0.6875667,-0.7157981,-0.69982266,-0.6517458,-0.5330138,-0.47007775,-0.37714925,-0.13990472,0.1137443,0.35452402,0.35413292,0.41692188,0.40093273,0.33442575,0.42135203,0.4170393,0.27946073,0.17659272,0.123242214,0.067463756,0.04485974,0.10989732,-0.061959084,0.08196416,-0.16535425,-0.3476038,-0.450395,-0.52431804,-0.54667795,-0.48527735,-0.43567866,-0.45790792,-0.3828077,-0.32465878,-0.30244234,-0.2711311,-0.26682332,-0.1834524,-0.24041465,-0.24672414,-0.13800372,-0.10918346,-0.046368938,-0.045185156,0.06588484,0.16418569,0.25080058,-0.025725998,0.018708445,-0.07047017,-0.14503647,-0.18903376,-0.030041631,-0.036710184,-0.1946917,-0.23150845,-0.09950574,-0.08854105,-0.3408036,-0.4302561,-0.42602214,-0.34720597,-0.40126315,-0.22672752,-0.11942312,-0.05362644,-0.071535155,-0.012298455,0.039635643,0.045843318,0.04697751,-0.014965979,-0.05473542,-0.06025998,-0.044671714,0.034797806,0.017373359,0.014828699,0.005488784,-0.14460804,-0.09572333,-0.10900796,-0.19406824,-0.28740677,-0.25957295,-0.22837043,-0.24960372,-0.26610753,-0.25137776,-0.1652387,0.20835166,0.28522205,0.3996471,0.46899527,0.4990091,0.4374467,0.37828493,0.4992943,0.6376219,0.72959733,0.7036485,0.8476088,0.8501937,0.7192951,0.7249137,0.81438357,0.7524202,0.56135166,0.5259171,0.55265534,0.31260112,-0.1526565,-0.039347764,-0.19108978,-0.4959232,-0.49160627,-0.32487816,-0.3814947,-0.1213704,0.14996982,0.36875618,0.61822116,0.7181612,0.69319034,0.4913453,0.44382778,0.5462482,0.33060154,0.04722796,-0.04466567,-0.10949666,-0.3179603,-0.48565447,-0.42919865,-0.45584074,-0.3255704,-0.24517986,-0.2324038,-0.20281154,-0.026627941,0.0822279,0.21759756,0.3778057,0.6213201,0.7584741,0.8341709,0.8878666,0.951541,0.96685195,0.9623059,1.0,0.9553026,0.9103581,0.8014338,0.59515643,0.26626727,0.10791582,0.116658874,0.12348416,0.22775853,0.26248103,0.088946074,0.1285837,0.24383828,0.056286037,-0.11918966,-0.0094687585,-0.07284358,-0.3415359,-0.4396568,-0.3713766,-0.4549716,-0.55946344,-0.5749581,-0.5208867,-0.52055275,0.10839621,0.23407683,0.10412175,0.0015581489
234,-0.576109,-0.59904516,-0.5939122,-0.576065,-0.604861,-0.5171754,-0.52117366,-0.56797105,-0.4815132,-0.44290754,-0.45844418,-0.44511226,-0.3495066,-0.33932164,-0.31106067,-0.19802818,-0.09934536,-0.053789448,0.017545678,0.07643771,0.023390189,0.120873064,0.17674871,0.044045947,0.038780443,-0.1391403,-0.32137847,-0.40273184,-0.5021807,-0.4952743,-0.24513686,-0.43111348,-0.36124218,0.0038462267,-0.08781965,-0.1887929,-0.09796301,-0.14748372,-0.120991655,-0.33923277,-0.42136925,-0.47043806,-0.54080445,-0.5255055,-0.48697728,-0.5130697,-0.40638295,-0.25103918,-0.08592825,0.22940983,0.3962429,0.35700253,0.41066092,0.3265525,0.29934052,0.19946985,0.17072135,0.1643167,0.053389058,-0.07301383,-0.08891962,-0.17674139,-0.2860979,-0.31454512,-0.38620585,-0.45976916,-0.48138025,-0.49524072,-0.54520565,-0.6118076,-0.6112893,-0.57363963,-0.5464614,-0.5264834,-0.54790705,-0.5933818,-0.5965763,-0.5971404,-0.630746,-0.6575133,-0.6330224,-0.5830476,-0.47181812,-0.41656098,-0.34788284,-0.11687124,0.113146245,0.33916205,0.3209552,0.3771485,0.37526006,0.2933578,0.36130866,0.37111455,0.23431015,0.10525965,0.09803757,0.06584233,0.05472626,0.12656757,-0.03697037,0.097159855,-0.11514604,-0.2992031,-0.3967049,-0.45988017,-0.47737148,-0.41568866,-0.35816845,-0.37240788,-0.3074825,-0.24725609,-0.23267359,-0.2157868,-0.20862392,-0.1322077,-0.184237,-0.1848949,-0.08227067,-0.050330017,-0.005778443,-0.010835465,0.08097345,0.1535059,0.20862593,-0.059349332,-0.0043922486,-0.07165281,-0.14928581,-0.18181962,-0.047246616,-0.061849955,-0.19282392,-0.2354273,-0.13384143,-0.12266224,-0.34647822,-0.4245772,-0.41724423,-0.35317606,-0.38919282,-0.23225404,-0.13954498,-0.08529977,-0.11425981,-0.059292078,-0.013377587,0.0035050008,0.018545799,-0.054176547,-0.08329574,-0.067458615,-0.048114534,0.008066418,-0.02131749,-0.01730572,-0.020575209,-0.16908623,-0.12421314,-0.111840166,-0.19391021,-0.31537104,-0.28376782,-0.2284015,-0.26490647,-0.311567,-0.28931132,-0.2015492,0.093254864,0.18147354,0.27646205,0.33704397,0.36077556,0.30542707,0.26882493,0.3864355,0.53527,0.6090327,0.5905276,0.7554996,0.7552845,0.59683657,0.63913053,0.7595598,0.6544128,0.4466086,0.51452243,0.53875536,0.25826883,-0.116866395,0.046799015,-0.13603348,-0.44527918,-0.40398893,-0.23714943,-0.30876604,-0.050469138,0.19134912,0.4213053,0.6323928,0.7067811,0.7165848,0.56395817,0.5160123,0.6084721,0.45303893,0.19409086,0.08600722,0.030128976,-0.16441259,-0.35041958,-0.3234298,-0.3640671,-0.22888868,-0.16532093,-0.13887897,-0.08387782,0.09223531,0.15805434,0.302565,0.5239855,0.69934314,0.75494194,0.88324803,0.9493823,0.925848,0.91153425,0.94465953,0.9553026,1.0,0.94631153,0.77414745,0.5576103,0.22279081,0.03542244,0.03435072,0.06875486,0.14742993,0.14296119,-0.0156131135,0.0426778,0.12561546,-0.06540032,-0.2008681,-0.08558728,-0.17316812,-0.40043986,-0.4479895,-0.40392172,-0.50299966,-0.56386954,-0.53569424,-0.5081706,-0.5145816,0.05684871,0.17284697,0.032477763,-0.053056244
235,-0.6050018,-0.60806286,-0.5979768,-0.56646293,-0.60109335,-0.50509125,-0.5086958,-0.57172143,-0.48210156,-0.41671127,-0.4361442,-0.44456154,-0.31702405,-0.28239983,-0.26012462,-0.1363897,-0.028955942,0.017131066,0.10344546,0.17821826,0.14473674,0.23681478,0.291502,0.15615207,0.14404845,-0.054486845,-0.28096718,-0.40221786,-0.53269726,-0.54888284,-0.36044,-0.47803065,-0.4245464,-0.13973022,-0.20977868,-0.29873517,-0.218391,-0.23206438,-0.22340031,-0.40076977,-0.44819167,-0.5165982,-0.6013622,-0.6018042,-0.5733256,-0.5501386,-0.4204306,-0.20439307,0.0076685655,0.30236185,0.46583763,0.3945102,0.4441746,0.34675002,0.3091843,0.1898016,0.18121888,0.19122529,0.04423815,-0.10024239,-0.08015581,-0.16830468,-0.31752816,-0.3309935,-0.3829657,-0.4680106,-0.5054096,-0.5068377,-0.54915285,-0.6526681,-0.66557354,-0.64395785,-0.6084698,-0.5826721,-0.59991115,-0.62929916,-0.6170522,-0.61133516,-0.653936,-0.70155364,-0.6998356,-0.659343,-0.5611153,-0.46178752,-0.3604219,-0.11272907,0.11429309,0.3699781,0.35705653,0.41351047,0.38235456,0.3090232,0.37779546,0.36303782,0.25376955,0.17780022,0.060893126,0.0057287416,0.0064628236,0.074918285,-0.08055781,0.10087912,-0.13421291,-0.33976156,-0.4435314,-0.53624004,-0.5388026,-0.5005188,-0.4520795,-0.45889416,-0.38409677,-0.34537587,-0.3104523,-0.2638053,-0.27133462,-0.19193076,-0.2630349,-0.26762494,-0.1516219,-0.12986118,-0.052895978,-0.08429915,-0.0010468304,0.047033582,0.10810939,-0.14664923,-0.0733864,-0.15235665,-0.27183953,-0.30063224,-0.12191765,-0.1574788,-0.32090968,-0.309179,-0.17208056,-0.20931664,-0.4072532,-0.463672,-0.44259915,-0.33109817,-0.35984948,-0.1654939,-0.0512344,-0.01253633,-0.08437702,-0.04433513,-0.00936252,0.040299073,0.06349373,0.0073235803,-0.046107713,-0.09045234,-0.11186893,-0.07985286,-0.104516745,-0.12088886,-0.14648944,-0.26733854,-0.24390563,-0.2619626,-0.3158068,-0.3797311,-0.37235376,-0.3264174,-0.30375183,-0.3058976,-0.31011653,-0.21470833,0.11242268,0.20002349,0.30211747,0.36144087,0.3810107,0.3147289,0.2728977,0.3718007,0.48935398,0.62924135,0.6440293,0.78535885,0.7414576,0.63470834,0.6819018,0.72014123,0.61229175,0.47478062,0.46241796,0.40460634,0.16964392,-0.16866179,-0.09929682,-0.2747238,-0.50955975,-0.48941943,-0.3554522,-0.42218876,-0.20976594,0.021544633,0.23801771,0.46451306,0.5748466,0.59331393,0.40861213,0.36382592,0.51648283,0.34208933,0.0810085,0.05504484,0.07216648,-0.15149413,-0.3099842,-0.2070494,-0.21715641,-0.07276758,0.0035295915,0.039618913,0.085070804,0.26950032,0.3620779,0.4588068,0.58775854,0.81575483,0.86178416,0.8563662,0.90904963,0.94793093,0.87042695,0.8463575,0.9103581,0.94631153,1.0,0.91266406,0.7609446,0.4820891,0.28363663,0.24649087,0.26819414,0.34235358,0.32517642,0.18340558,0.24739972,0.31328118,0.13208504,0.0048060985,0.09908314,-0.01335842,-0.23175341,-0.30118337,-0.2975667,-0.41137642,-0.472342,-0.5047307,-0.5065519,-0.5163239,-0.010955061,0.12381124,0.050420087,-0.038187712
236,-0.61050254,-0.5823196,-0.55252486,-0.50809586,-0.54999363,-0.447022,-0.46680543,-0.5485068,-0.44508207,-0.36619928,-0.4057726,-0.43817052,-0.27459854,-0.22579052,-0.2233095,-0.09145385,0.027238261,0.0682697,0.15749481,0.24360879,0.24154356,0.3212707,0.37066582,0.24449418,0.23849866,0.033618543,-0.22439146,-0.35884595,-0.5111552,-0.5460554,-0.507645,-0.5256361,-0.48345062,-0.32213998,-0.39000186,-0.45642596,-0.38443607,-0.33954436,-0.32864732,-0.40404347,-0.40842897,-0.5004486,-0.61370546,-0.64316374,-0.6156076,-0.5403612,-0.38736352,-0.14429888,0.09585756,0.3398449,0.49624822,0.37368038,0.41744706,0.30306086,0.2665799,0.13300213,0.15092945,0.17172208,-0.006387698,-0.16352248,-0.10900312,-0.19610149,-0.3691476,-0.3673348,-0.39136904,-0.46904537,-0.5211287,-0.5105627,-0.5306116,-0.6760426,-0.70574385,-0.703653,-0.65440464,-0.6265204,-0.64696956,-0.65011865,-0.6142819,-0.59999704,-0.65245473,-0.7164702,-0.74378735,-0.71566296,-0.6256185,-0.4954012,-0.36057657,-0.119139574,0.09399263,0.36155185,0.37052175,0.4270561,0.35620108,0.31000593,0.4068233,0.36134905,0.275741,0.2817722,0.040267564,-0.054126345,-0.06043245,-0.01265232,-0.15323853,0.08101599,-0.17644927,-0.38223606,-0.4831049,-0.59892184,-0.5952692,-0.59088975,-0.5635526,-0.56944084,-0.4839849,-0.473441,-0.41574755,-0.32956994,-0.3558867,-0.27632916,-0.36589772,-0.3776911,-0.25327173,-0.24422067,-0.13157511,-0.17856993,-0.086541444,-0.042534675,0.03794383,-0.1870516,-0.12108666,-0.21199521,-0.35110772,-0.3895195,-0.16115849,-0.19742523,-0.4006046,-0.33522093,-0.14487118,-0.22095296,-0.40040588,-0.4441463,-0.42263922,-0.2755644,-0.30625406,-0.0858214,0.048866976,0.08103978,-0.0064354297,0.026141752,0.054403614,0.11955094,0.13246533,0.113226734,0.02033925,-0.093430735,-0.15670119,-0.13675983,-0.13185701,-0.16466346,-0.21507843,-0.29746786,-0.29793423,-0.37291327,-0.39941332,-0.3748268,-0.40165687,-0.39785135,-0.3085205,-0.23387763,-0.27509317,-0.18904512,0.2182991,0.30223295,0.4141556,0.47291288,0.48138762,0.39988095,0.34562048,0.42068118,0.47666347,0.6807474,0.72503847,0.80496657,0.72282916,0.6996418,0.7159028,0.64959043,0.5832038,0.53845215,0.36669257,0.24415112,0.10952536,-0.23548532,-0.30374727,-0.42523053,-0.5583723,-0.5926829,-0.5055516,-0.5482365,-0.40043712,-0.1785327,-0.005171874,0.24307436,0.396445,0.39203307,0.15648213,0.120305724,0.32232293,0.09583115,-0.15935656,-0.09341382,-0.017372353,-0.25684476,-0.35534373,-0.16776235,-0.13715605,-0.0020652115,0.08592893,0.11422473,0.12347497,0.29211697,0.42993817,0.4667315,0.44964895,0.75953424,0.86134964,0.69156116,0.7233939,0.88792235,0.779916,0.6774626,0.8014338,0.77414745,0.91266406,1.0,0.9304478,0.7311293,0.56446147,0.5119326,0.47951928,0.5621632,0.57039213,0.44672155,0.49179035,0.5563325,0.4083261,0.26891935,0.32678053,0.21555747,-7.486431e-05,-0.12530686,-0.14400785,-0.24623023,-0.3314461,-0.45372182,-0.46137118,-0.46585354,-0.029459903,0.109656975,0.11786483,0.014173328
237,-0.53511804,-0.48641276,-0.45528635,-0.39728346,-0.43868816,-0.34226763,-0.36099753,-0.45042774,-0.36418244,-0.26917055,-0.30952528,-0.35956517,-0.1885818,-0.121172644,-0.13036285,-0.0093964115,0.10486422,0.1367503,0.2214791,0.30637804,0.3259911,0.38788566,0.4302431,0.32269374,0.3110131,0.12158321,-0.13643453,-0.28792962,-0.43841958,-0.49018,-0.53931993,-0.45003864,-0.45594534,-0.43855178,-0.45529085,-0.49197912,-0.46597543,-0.39650795,-0.41400293,-0.41516712,-0.359813,-0.46074763,-0.57052165,-0.60444504,-0.6002983,-0.477137,-0.32950875,-0.05810649,0.19991247,0.35889247,0.48289555,0.34476432,0.37928325,0.2759943,0.23158444,0.09330838,0.13312422,0.1740566,-0.012753953,-0.16415977,-0.083577365,-0.15664347,-0.34375468,-0.32425636,-0.32357854,-0.39946198,-0.46314833,-0.4391467,-0.44145435,-0.60231555,-0.6399586,-0.6557291,-0.6070188,-0.58122903,-0.5918354,-0.57612026,-0.5309381,-0.51090074,-0.5616772,-0.6376141,-0.6859979,-0.67081434,-0.61708707,-0.4629286,-0.30273262,-0.0919275,0.07555886,0.32196024,0.34082,0.3835332,0.28190094,0.25800943,0.34757274,0.2753105,0.23683478,0.3093586,-0.020241436,-0.122861326,-0.09139961,-0.05623757,-0.17037436,0.076962404,-0.15974076,-0.3549917,-0.451015,-0.57025075,-0.5481546,-0.5691758,-0.5595688,-0.563798,-0.48096824,-0.49543214,-0.4329192,-0.33060512,-0.36433348,-0.297832,-0.3869209,-0.40047523,-0.2884707,-0.29367542,-0.16410278,-0.22422752,-0.15910801,-0.16414128,-0.103135504,-0.2710611,-0.21209154,-0.2907472,-0.4326882,-0.45795396,-0.23734829,-0.27847925,-0.46019337,-0.34750015,-0.15684715,-0.26077682,-0.36872897,-0.38434353,-0.36162007,-0.19517343,-0.21255146,0.0066976645,0.14072601,0.15341128,0.037583984,0.0441429,0.051980898,0.14466141,0.16101772,0.16819169,0.060030464,-0.11868675,-0.21868205,-0.21462177,-0.2063213,-0.24756548,-0.31330767,-0.34790117,-0.3850908,-0.4812244,-0.45332724,-0.3551552,-0.41876844,-0.42262468,-0.26795694,-0.16026647,-0.23740594,-0.15234476,0.19837128,0.2416344,0.34188238,0.39338183,0.40875933,0.34072995,0.29052565,0.32773456,0.3283096,0.58982897,0.65567297,0.68891335,0.5802734,0.62676126,0.6381911,0.49795473,0.45476857,0.5001657,0.26778662,0.079638176,0.029491054,-0.21186587,-0.3853087,-0.47500587,-0.49523455,-0.5582741,-0.53048855,-0.55779934,-0.48718816,-0.3149777,-0.1963498,0.021050796,0.18649763,0.1838954,-0.041385274,-0.060315825,0.17014839,-0.04099516,-0.24663582,-0.09754126,0.040410083,-0.1865428,-0.22871417,0.010409304,0.06482634,0.17818902,0.26769343,0.30700004,0.29378048,0.43880016,0.581172,0.5675383,0.44217324,0.73959917,0.82264555,0.54278857,0.5417538,0.7402087,0.59805775,0.45293134,0.59515643,0.5576103,0.7609446,0.9304478,1.0,0.90799916,0.78592116,0.69956523,0.64549446,0.68571144,0.6768133,0.59269947,0.63626784,0.6772735,0.5637699,0.4611702,0.4919192,0.37316054,0.2019544,0.07748002,0.026857376,-0.08144531,-0.15391833,-0.31870952,-0.36355576,-0.37965965,-0.14623387,-0.00890382,0.08918436,0.004050941
238,-0.36134052,-0.29164365,-0.259416,-0.19418877,-0.22657779,-0.1519629,-0.16649604,-0.25133333,-0.19615468,-0.09168902,-0.1277147,-0.19748947,-0.03746235,0.045170438,0.02040011,0.10896111,0.20232984,0.22076912,0.28277105,0.35206282,0.4049201,0.4354051,0.4604701,0.3984238,0.38175508,0.24059352,0.021544851,-0.1294301,-0.26696858,-0.3413546,-0.52202415,-0.31791276,-0.37407348,-0.52493465,-0.48915085,-0.48245934,-0.50852054,-0.4086924,-0.4550644,-0.35727924,-0.24552485,-0.3386469,-0.4302494,-0.45825753,-0.49007842,-0.31355378,-0.19288898,0.07775537,0.31436706,0.3455371,0.401104,0.25712714,0.27016595,0.1936145,0.1506322,0.027146777,0.08792402,0.14457157,-0.023255194,-0.14169766,-0.037821084,-0.07650312,-0.25714943,-0.22113642,-0.18346843,-0.24418545,-0.3129746,-0.27354845,-0.2501886,-0.414882,-0.4637913,-0.50520986,-0.4609361,-0.4364389,-0.4351638,-0.39544716,-0.34388724,-0.31778806,-0.35880554,-0.43916443,-0.5096084,-0.50635093,-0.51249677,-0.34709892,-0.1814302,-0.03139742,0.058143254,0.2343455,0.25737596,0.2752133,0.15176848,0.15924805,0.2268807,0.13864471,0.16401069,0.31272453,-0.09670958,-0.20026578,-0.11007485,-0.09281104,-0.15684061,0.069817685,-0.11663784,-0.27025095,-0.34269854,-0.45732686,-0.42003104,-0.47170913,-0.48593548,-0.48368683,-0.41831064,-0.46173343,-0.39437053,-0.28623837,-0.32878125,-0.28510824,-0.36293402,-0.3778089,-0.29436728,-0.32038394,-0.1879566,-0.25623423,-0.23046903,-0.2923101,-0.25526145,-0.3279592,-0.28691435,-0.36049476,-0.4864382,-0.47912756,-0.29845324,-0.3533894,-0.48005798,-0.30963746,-0.15563644,-0.28553277,-0.28321445,-0.24459203,-0.2095615,-0.037087414,-0.03740571,0.1526765,0.26409543,0.24708189,0.11131185,0.07586931,0.05808445,0.16653393,0.18354104,0.22871137,0.1150359,-0.1211976,-0.25467876,-0.26091844,-0.24666865,-0.29583213,-0.38112098,-0.36113855,-0.43246463,-0.5545247,-0.48106903,-0.30480042,-0.3985265,-0.41990227,-0.21089838,-0.068566315,-0.17427121,-0.11284517,0.1456754,0.15590121,0.2263509,0.2621477,0.2690103,0.2194491,0.19411524,0.17381808,0.103791125,0.38519272,0.4764435,0.441049,0.31045905,0.4377093,0.43963858,0.21868825,0.20306891,0.35369533,0.06831541,-0.17804143,-0.110005826,-0.19184752,-0.47289813,-0.5036801,-0.36983126,-0.46342808,-0.51987684,-0.5213562,-0.56172913,-0.47978708,-0.44232118,-0.28782198,-0.12816195,-0.12477637,-0.31061772,-0.31135124,-0.07734913,-0.23896804,-0.3559336,-0.12832488,0.073140554,-0.0952394,-0.060992345,0.211796,0.2955403,0.36932257,0.445465,0.48386893,0.44355196,0.5347011,0.6618462,0.5709309,0.32715756,0.59388685,0.64168745,0.24661548,0.22386591,0.45252916,0.27765265,0.104069434,0.26626727,0.22279081,0.4820891,0.7311293,0.90799916,1.0,0.93466717,0.82314575,0.7475094,0.74502707,0.72273105,0.7030248,0.735827,0.7351099,0.685864,0.6444562,0.6256304,0.5148651,0.4296299,0.31555218,0.22391778,0.13943458,0.09805975,-0.105900906,-0.18516615,-0.20466018,-0.23386753,-0.12849052,0.06391729,0.012157562
239,-0.27293947,-0.2007368,-0.16270906,-0.101467036,-0.13212727,-0.06729908,-0.09451217,-0.18756934,-0.14286691,-0.04534735,-0.08948218,-0.16495222,-0.012379257,0.072613016,0.035757706,0.10712202,0.20324244,0.21549493,0.2485594,0.30130857,0.36663842,0.38465032,0.3985239,0.35277405,0.342367,0.24037518,0.059034918,-0.06983246,-0.18401805,-0.2407466,-0.4730269,-0.2506352,-0.3268273,-0.5110788,-0.47540998,-0.44630477,-0.48321274,-0.37762555,-0.40836564,-0.26654598,-0.14631519,-0.2510925,-0.34593502,-0.3746792,-0.40978515,-0.23920058,-0.14379796,0.08648087,0.30576625,0.2890439,0.33319408,0.19683129,0.1975598,0.13608532,0.09965756,-0.01813236,0.050986882,0.10847973,-0.07102631,-0.1683576,-0.053039283,-0.08818447,-0.26549226,-0.2169562,-0.17138655,-0.21813862,-0.27707618,-0.23079035,-0.19374877,-0.34314483,-0.38816765,-0.42491835,-0.3797223,-0.36016625,-0.3627319,-0.31660625,-0.26074383,-0.23686111,-0.27631745,-0.34886667,-0.42407325,-0.42463043,-0.45528075,-0.3156176,-0.15228747,-0.047871277,0.020441255,0.18077078,0.20619267,0.2185964,0.085349545,0.10644265,0.19101767,0.08716672,0.1339849,0.30211312,-0.100239836,-0.20493299,-0.115671396,-0.12922598,-0.17270589,0.022389207,-0.13464437,-0.25597367,-0.3112689,-0.4073823,-0.37227637,-0.41899812,-0.44223672,-0.4410908,-0.38502342,-0.43750805,-0.3780035,-0.2711452,-0.3138515,-0.283815,-0.3493663,-0.36592117,-0.30364516,-0.33953804,-0.21235432,-0.2677742,-0.24641633,-0.31688413,-0.2851491,-0.2927316,-0.26504502,-0.32935533,-0.4398826,-0.43070897,-0.26631254,-0.3171848,-0.42243516,-0.24355835,-0.10481942,-0.23371303,-0.20068313,-0.16257551,-0.14093857,0.017928291,0.015994523,0.17190897,0.27127826,0.25238696,0.13796723,0.10428039,0.08415725,0.18515621,0.18959695,0.2561989,0.14847243,-0.09589935,-0.22460692,-0.24484077,-0.21991728,-0.2647156,-0.34764057,-0.30213425,-0.38353214,-0.5196227,-0.42708027,-0.22178935,-0.3330264,-0.37000266,-0.14799434,0.006092912,-0.11169385,-0.06776589,0.15788814,0.1373761,0.19716166,0.23675647,0.24331278,0.20764032,0.19681564,0.1491222,0.042821385,0.30948046,0.3618614,0.30549932,0.2069991,0.3619057,0.32892606,0.10869788,0.1362564,0.31133333,-0.0062146625,-0.2296862,-0.110400476,-0.16481689,-0.4739803,-0.4649644,-0.28679886,-0.4011248,-0.48239693,-0.4656998,-0.54229206,-0.4876432,-0.48796228,-0.36122656,-0.21501856,-0.23092254,-0.39868087,-0.39010677,-0.18047862,-0.3310192,-0.40929922,-0.17022507,0.035515275,-0.10453229,-0.039313942,0.23046295,0.32237974,0.37290034,0.44102165,0.47815877,0.4247898,0.48679534,0.60834044,0.50078934,0.1921495,0.43562227,0.5064556,0.09237599,0.049482893,0.29343057,0.14011921,-0.039590057,0.10791582,0.03542244,0.28363663,0.56446147,0.78592116,0.93466717,1.0,0.90352476,0.75232977,0.6993382,0.7023046,0.70171285,0.7226748,0.721587,0.70123225,0.6734476,0.6358117,0.54776424,0.48441947,0.36989284,0.28802973,0.22209615,0.17815885,-0.030911483,-0.10521035,-0.12126571,-0.2279321,-0.1370615,0.08755128,0.046776515
240,-0.21887256,-0.14139704,-0.09784172,-0.039411653,-0.06750083,0.0003623514,-0.048121046,-0.1285947,-0.06381169,0.018839864,-0.019854954,-0.10862951,0.022684665,0.11788007,0.0830382,0.11963329,0.22570302,0.24316783,0.2422702,0.3009098,0.36288655,0.376503,0.36666077,0.3349517,0.328054,0.24692826,0.09048887,-0.030155942,-0.13317502,-0.18550442,-0.4101925,-0.23121427,-0.34236896,-0.43323028,-0.40411127,-0.37858617,-0.4313809,-0.3787588,-0.36269477,-0.2107906,-0.112331435,-0.20652284,-0.2906744,-0.31621587,-0.32792738,-0.17618053,-0.099916436,0.10798277,0.26862073,0.25632095,0.29929122,0.17198949,0.15784802,0.079568736,0.036210958,-0.06299714,0.024547923,0.08655358,-0.10803686,-0.17620884,-0.03217115,-0.07225209,-0.2365949,-0.17527038,-0.1418976,-0.18051046,-0.24176003,-0.19692811,-0.13800442,-0.2877337,-0.3386725,-0.37743968,-0.33384904,-0.32411885,-0.3293293,-0.2738457,-0.21520537,-0.17655905,-0.21668638,-0.28707975,-0.36656952,-0.36193922,-0.3557688,-0.22278659,-0.1674224,-0.059170775,0.0055807065,0.15946847,0.17596018,0.2007306,0.07033882,0.087451525,0.19267963,0.13021798,0.13198823,0.1918249,-0.1780591,-0.2556563,-0.1162831,-0.1709775,-0.21874954,-0.029532101,-0.14466472,-0.25616673,-0.26985958,-0.35543448,-0.34260643,-0.3910386,-0.4184724,-0.4194203,-0.37100336,-0.43818855,-0.38512555,-0.26944056,-0.32882234,-0.3130109,-0.38643593,-0.39958024,-0.341212,-0.33679366,-0.2720271,-0.32575873,-0.28903335,-0.34515437,-0.31280306,-0.30499947,-0.25992262,-0.31682318,-0.4149589,-0.3830162,-0.22026904,-0.27695927,-0.3536529,-0.16407569,-0.07126147,-0.18590419,-0.13315931,-0.090070456,-0.07718924,0.0708744,0.07336572,0.20549107,0.28181174,0.24722059,0.14946634,0.14468677,0.10333101,0.1797574,0.19243972,0.27960524,0.1271841,-0.08526977,-0.1948745,-0.21775204,-0.18814449,-0.19240472,-0.29155174,-0.2565126,-0.31590572,-0.44739443,-0.41152257,-0.22829524,-0.31258884,-0.37244505,-0.2123709,-0.055435218,-0.14406489,-0.1342309,0.06972814,0.17254122,0.24484144,0.2385856,0.23479906,0.15808429,0.10056301,0.081730254,0.021996401,0.36786628,0.4099551,0.31256846,0.23031119,0.3968958,0.32246426,0.12080551,0.17301525,0.3128836,-0.00044596338,-0.18359463,-0.06288808,-0.14355409,-0.43197453,-0.40878648,-0.2658635,-0.40203172,-0.47479072,-0.44203275,-0.5028055,-0.4425841,-0.44516826,-0.30234438,-0.17167197,-0.20189962,-0.3600771,-0.3550049,-0.1793663,-0.3175922,-0.38765678,-0.20864992,-0.025424905,-0.11921664,-0.052138343,0.18058422,0.26411375,0.2970566,0.36186412,0.39131626,0.31986895,0.39705858,0.47318718,0.3948138,0.15114222,0.36245808,0.43117633,0.08508266,0.048826147,0.2670004,0.14476697,-0.010448152,0.116658874,0.03435072,0.24649087,0.5119326,0.69956523,0.82314575,0.90352476,1.0,0.8693451,0.730867,0.7067365,0.62722653,0.6386145,0.65743935,0.6355526,0.5977998,0.52682257,0.46952972,0.42653474,0.3062726,0.23574089,0.19831935,0.17285767,-0.0061886054,-0.06711563,-0.08021095,-0.20579423,-0.20093992,-0.03231297,-0.07183019
241,-0.21842562,-0.14952996,-0.102909796,-0.05338602,-0.08744701,-0.03215416,-0.052657496,-0.113880254,-0.066444635,0.028465217,0.0044333786,-0.073841006,0.035318606,0.13041204,0.10174767,0.13711527,0.22873487,0.24434938,0.25414088,0.31439552,0.3632472,0.37575856,0.3712977,0.35133693,0.35245118,0.25426823,0.087381035,-0.04395581,-0.1540874,-0.2212488,-0.39367038,-0.22316843,-0.33206403,-0.4138609,-0.36363903,-0.3376584,-0.39879602,-0.3638041,-0.3821677,-0.27168036,-0.17217423,-0.25866652,-0.31661126,-0.33909717,-0.34197837,-0.18082167,-0.11183242,0.11871799,0.27571648,0.2696492,0.3128327,0.17915732,0.14971991,0.06685382,0.021732887,-0.063374594,0.015981631,0.0728066,-0.088194355,-0.14585498,-0.020303972,-0.056060594,-0.19889422,-0.14685574,-0.10854317,-0.15954682,-0.2285156,-0.18721385,-0.13711907,-0.283799,-0.34067765,-0.37792185,-0.33303583,-0.3336805,-0.33627382,-0.2829341,-0.23119596,-0.1784511,-0.22007728,-0.28692052,-0.3656505,-0.3603963,-0.3465131,-0.18584949,-0.1485747,-0.02019187,0.05016326,0.17137901,0.22235517,0.24840346,0.12325967,0.12307228,0.16367652,0.11713104,0.12472114,0.14230509,-0.19340238,-0.2505287,-0.09378086,-0.13104467,-0.17237166,-0.012601895,-0.13711695,-0.25024214,-0.26099896,-0.3395192,-0.33803135,-0.3955366,-0.41974416,-0.42196307,-0.37962312,-0.44266447,-0.38553825,-0.2794571,-0.34037682,-0.31167966,-0.38855684,-0.39482534,-0.32240942,-0.30559462,-0.2502921,-0.30781788,-0.2854709,-0.34528452,-0.3188274,-0.32483697,-0.27276585,-0.30947506,-0.40591618,-0.37283894,-0.2370267,-0.29478273,-0.3599604,-0.18534382,-0.11155159,-0.21129614,-0.15193494,-0.09577692,-0.06273228,0.07695318,0.07977006,0.20412727,0.2877749,0.26077324,0.14124921,0.12271134,0.07685033,0.16013232,0.18126938,0.24026074,0.10946691,-0.10276791,-0.21801601,-0.2342999,-0.22703885,-0.22544713,-0.31628087,-0.2897945,-0.3438452,-0.41124558,-0.3668061,-0.21681358,-0.27352205,-0.29401988,-0.15382698,-0.030861834,-0.0972095,-0.07777622,0.046549615,0.13438606,0.219721,0.18055126,0.2191749,0.14909534,0.022701755,0.03171558,0.046291206,0.4402373,0.49396038,0.35445598,0.26858035,0.43150803,0.38075602,0.15500584,0.18943657,0.33157817,0.04012019,-0.15854815,-0.040339354,-0.11432188,-0.3958788,-0.39049852,-0.26319408,-0.39102918,-0.45725116,-0.42177427,-0.4736752,-0.41928253,-0.42185244,-0.2818453,-0.14805406,-0.17365575,-0.33104292,-0.32167807,-0.14452843,-0.27051944,-0.33866784,-0.16250944,0.013834311,-0.08596866,-0.014276595,0.19542661,0.26432565,0.2842003,0.36829558,0.4074175,0.31728888,0.4133316,0.50104856,0.420792,0.2351329,0.40686995,0.43269742,0.12918937,0.09618868,0.2675872,0.14587744,0.0070641916,0.12348416,0.06875486,0.26819414,0.47951928,0.64549446,0.7475094,0.75232977,0.8693451,1.0,0.84246516,0.71903473,0.6221703,0.6259892,0.6364196,0.60049176,0.57010084,0.51496214,0.4774563,0.42814705,0.30813646,0.24034922,0.20604567,0.172469,-0.003497259,-0.06701698,-0.08422392,-0.24461392,-0.24287298,-0.09795883,-0.11693642
242,-0.33220983,-0.25691727,-0.19350588,-0.14537722,-0.17511415,-0.105948664,-0.13345477,-0.199192,-0.12512684,-0.035261713,-0.077196926,-0.14773376,-0.0044626566,0.07312779,0.027315477,0.09593656,0.19869627,0.21061401,0.2572925,0.31578708,0.3756472,0.413859,0.42031902,0.37729275,0.37958735,0.25753415,0.061908133,-0.0698209,-0.20507576,-0.29116732,-0.5105258,-0.33940834,-0.37521046,-0.45069864,-0.4539617,-0.4508826,-0.45633537,-0.37656718,-0.37918726,-0.27555555,-0.20897691,-0.29142073,-0.3797799,-0.4086873,-0.41491622,-0.25355902,-0.15135655,0.08937026,0.26856685,0.31294578,0.3685367,0.19741032,0.17187902,0.0930946,0.055527102,-0.059200503,-0.0017315323,0.05685043,-0.10096843,-0.18949148,-0.08672767,-0.11946097,-0.27166334,-0.23866588,-0.18121915,-0.2326829,-0.31174496,-0.2680051,-0.22901608,-0.3978367,-0.45665768,-0.4952464,-0.44654664,-0.43010277,-0.44328701,-0.39139554,-0.33483076,-0.27846453,-0.32542792,-0.39513126,-0.4813947,-0.46873975,-0.45834276,-0.3052981,-0.20418002,-0.044159155,0.049703892,0.19609621,0.25122666,0.25886342,0.13329329,0.14647923,0.2141845,0.17418641,0.16689989,0.22210518,-0.13960847,-0.22636896,-0.095441744,-0.13642228,-0.19874793,0.0031737273,-0.18917714,-0.32231793,-0.3634746,-0.45883825,-0.45148596,-0.5119783,-0.53179884,-0.5331149,-0.47235078,-0.5272664,-0.45963272,-0.33745998,-0.39690125,-0.3538702,-0.43878394,-0.45056373,-0.36246738,-0.36525312,-0.2786861,-0.335396,-0.29557413,-0.2927044,-0.2205264,-0.2554454,-0.2044676,-0.29122275,-0.40205702,-0.3756863,-0.21494044,-0.28633448,-0.40284666,-0.2320925,-0.11508256,-0.22486277,-0.2091676,-0.14970635,-0.09433976,0.054688454,0.050257042,0.20504968,0.29595917,0.28113315,0.16282582,0.12987505,0.105987675,0.18454964,0.18502659,0.23158333,0.12694071,-0.09439623,-0.21451396,-0.20472196,-0.17537096,-0.20223606,-0.2978936,-0.2794501,-0.30733234,-0.40187594,-0.37639302,-0.23597807,-0.26755425,-0.31448206,-0.17800063,-0.020513635,-0.0803458,-0.07431983,0.19375136,0.30454147,0.38407725,0.35595664,0.35360843,0.26598275,0.1495702,0.16558085,0.18171655,0.5227576,0.6203236,0.49643567,0.35709402,0.52031076,0.4910907,0.21708596,0.24377085,0.41968495,0.052864257,-0.17609733,-0.038660854,-0.18235292,-0.50670815,-0.49726272,-0.36901104,-0.508016,-0.56980735,-0.53260225,-0.58192927,-0.49514008,-0.48351502,-0.30663916,-0.14293899,-0.18291502,-0.38916498,-0.37963343,-0.17566855,-0.36042508,-0.4695235,-0.27090046,-0.12006073,-0.24287033,-0.16477883,0.08908739,0.17374001,0.19743957,0.3034015,0.3153728,0.1944329,0.2764308,0.42104745,0.342787,0.12022109,0.37646058,0.47550136,0.14089927,0.118865535,0.35467374,0.2451037,0.083908804,0.22775853,0.14742993,0.34235358,0.5621632,0.68571144,0.74502707,0.6993382,0.730867,0.84246516,1.0,0.9157427,0.8476404,0.8465689,0.82147473,0.76515543,0.6997891,0.6478866,0.5798275,0.4824958,0.32281876,0.2574705,0.22694047,0.1501549,-0.07048848,-0.10756687,-0.105472624,-0.102657735,-0.07805447,0.040636387,-0.016163016
243,-0.37215284,-0.29760233,-0.22982942,-0.18145247,-0.20746146,-0.13182163,-0.17602763,-0.25201723,-0.158233,-0.083370425,-0.14500366,-0.21287727,-0.048023924,0.013819967,-0.046169,0.038481288,0.1531229,0.16271904,0.21753228,0.26692036,0.34278288,0.39047512,0.39667392,0.35149035,0.36239684,0.24485652,0.041873932,-0.07028876,-0.21756051,-0.29892898,-0.55473363,-0.3826566,-0.3857431,-0.46660256,-0.50686353,-0.512328,-0.48453152,-0.37349147,-0.3616538,-0.25455394,-0.20066221,-0.280389,-0.39279097,-0.4278094,-0.42571917,-0.277713,-0.16124849,0.052445307,0.23737188,0.2953327,0.3635422,0.17849128,0.15529393,0.07754294,0.04888785,-0.08101611,-0.036868773,0.014482842,-0.15355074,-0.25052342,-0.15809174,-0.19287053,-0.34045154,-0.3154456,-0.2562127,-0.29461387,-0.36571917,-0.31939533,-0.28228712,-0.4502562,-0.5052595,-0.5367231,-0.4831497,-0.46695057,-0.48804542,-0.43669203,-0.37245572,-0.32337454,-0.3759482,-0.4434483,-0.5258295,-0.5123472,-0.5017731,-0.36730468,-0.2381069,-0.0856393,0.028147336,0.1930027,0.2451589,0.2536431,0.1295947,0.16346884,0.2551723,0.21120894,0.21148875,0.30330265,-0.08687294,-0.20183825,-0.097788855,-0.1503946,-0.21994399,-0.01908382,-0.24120346,-0.36272252,-0.41362572,-0.5116368,-0.5028734,-0.55179554,-0.5704795,-0.5753653,-0.5075432,-0.5567739,-0.4806786,-0.35601592,-0.4141353,-0.36330944,-0.4519205,-0.47018313,-0.3822015,-0.40154326,-0.2970304,-0.34676266,-0.29313564,-0.24745189,-0.14142753,-0.17852008,-0.12756251,-0.24762592,-0.35386315,-0.34251255,-0.1621301,-0.23410106,-0.38129553,-0.21712789,-0.0721538,-0.18553297,-0.20955805,-0.16379966,-0.11516505,0.040886186,0.024826664,0.19024879,0.2861132,0.28585267,0.18169285,0.1538376,0.14909665,0.20895463,0.19130526,0.2374712,0.15320244,-0.05519663,-0.17486258,-0.14452371,-0.095798805,-0.14200267,-0.24019623,-0.21572405,-0.2300317,-0.36410537,-0.35374165,-0.19340377,-0.2314855,-0.30643702,-0.16781686,0.012874898,-0.04776253,-0.046202093,0.31706494,0.418804,0.5003959,0.49133238,0.47475496,0.38539344,0.2769558,0.28322884,0.28294906,0.56288654,0.646401,0.54647136,0.41461745,0.5825068,0.533305,0.26041684,0.3121376,0.48997974,0.058025025,-0.14461091,0.015571341,-0.2127465,-0.5565866,-0.52265257,-0.40096238,-0.559629,-0.6150183,-0.5683289,-0.6092871,-0.49766403,-0.49026385,-0.28673518,-0.11309856,-0.17645785,-0.41531858,-0.4112783,-0.21252383,-0.44395176,-0.5779157,-0.3836648,-0.25828424,-0.39353633,-0.3062526,-0.031915747,0.05642855,0.07930197,0.19654918,0.19209154,0.0575071,0.12700233,0.3067842,0.23250231,-0.029089043,0.28749013,0.45698398,0.10305939,0.08388699,0.3754291,0.29038095,0.11004234,0.26248103,0.14296119,0.32517642,0.57039213,0.6768133,0.72273105,0.7023046,0.7067365,0.71903473,0.9157427,1.0,0.91143674,0.8471086,0.88413084,0.8407975,0.72590995,0.6827689,0.63198835,0.4964972,0.3032332,0.25834867,0.23707536,0.12754053,-0.11618252,-0.122871496,-0.11336033,-0.013391219,0.029771905,0.14379905,0.06499939
244,-0.28646576,-0.21233317,-0.15096863,-0.105731204,-0.12017122,-0.061882053,-0.096668735,-0.16549955,-0.0999199,-0.020862808,-0.0762581,-0.14539008,0.0076854173,0.069523595,0.007293933,0.08397362,0.17212863,0.17344564,0.23088273,0.2647353,0.36311054,0.39702824,0.3952509,0.3665671,0.37077716,0.27574742,0.09974355,-0.008982892,-0.14566255,-0.23994504,-0.5331345,-0.31271115,-0.31730133,-0.49178162,-0.51114625,-0.49584565,-0.48018402,-0.34627715,-0.35813147,-0.21894781,-0.15039,-0.21438827,-0.31217015,-0.34446362,-0.37302858,-0.20480737,-0.10457249,0.10293837,0.27810955,0.28232256,0.30818287,0.13286588,0.10205034,0.042562824,0.021347372,-0.09288283,-0.047529098,0.0042456207,-0.13658543,-0.21216333,-0.12810408,-0.14701436,-0.2838598,-0.2555925,-0.18150698,-0.21230832,-0.2796892,-0.22871076,-0.19208339,-0.34833056,-0.4057369,-0.4471917,-0.39815295,-0.3804206,-0.39237058,-0.3387677,-0.28062198,-0.23873338,-0.27918035,-0.3409411,-0.42544755,-0.42079502,-0.4514647,-0.32037258,-0.1594881,-0.04548911,0.0216666,0.13971916,0.19391839,0.18652092,0.057162892,0.10437849,0.17580326,0.1124529,0.149164,0.3057134,-0.09358123,-0.20719352,-0.118905656,-0.1593184,-0.19156761,-0.010908008,-0.20795073,-0.30780345,-0.35459325,-0.44243705,-0.4189297,-0.47917292,-0.5039411,-0.5028595,-0.44547096,-0.4978698,-0.42501608,-0.30911067,-0.36091885,-0.3227234,-0.3955213,-0.4144482,-0.34698606,-0.39090002,-0.26927155,-0.3205457,-0.29345536,-0.27285364,-0.18111368,-0.17140938,-0.12995273,-0.24138553,-0.34530845,-0.3328442,-0.17625299,-0.25069442,-0.38703582,-0.20945153,-0.07397137,-0.2044153,-0.19125088,-0.12071377,-0.058193114,0.091930196,0.08315854,0.23127809,0.31438798,0.30267057,0.19104859,0.14833958,0.14086874,0.20860268,0.18502152,0.23644714,0.18136401,-0.037157383,-0.17592612,-0.17134699,-0.12582499,-0.19416893,-0.28388372,-0.22796528,-0.258667,-0.39240736,-0.33600008,-0.1510443,-0.2020372,-0.27369735,-0.10212612,0.08677463,0.010439782,0.00463948,0.317292,0.36815202,0.4168919,0.40556553,0.37928385,0.31100312,0.22813942,0.20630138,0.16179433,0.3926716,0.4891189,0.377866,0.22713314,0.41406807,0.38589954,0.08722453,0.13089666,0.36817643,-0.055314545,-0.2941451,-0.08913653,-0.20013596,-0.5773432,-0.5258571,-0.32282564,-0.46774364,-0.56090856,-0.5121025,-0.6172708,-0.5591204,-0.59207135,-0.4481507,-0.28593817,-0.33250463,-0.5355626,-0.5206766,-0.32000113,-0.51075274,-0.5908389,-0.34787753,-0.19542268,-0.30897725,-0.18917066,0.10079651,0.19887716,0.20637965,0.31726527,0.31069493,0.16356076,0.1863511,0.36307004,0.25500968,-0.06440424,0.21257146,0.35204074,-0.036759168,-0.066745885,0.21605824,0.11520049,-0.066534266,0.088946074,-0.0156131135,0.18340558,0.44672155,0.59269947,0.7030248,0.70171285,0.62722653,0.6221703,0.8476404,0.91143674,1.0,0.93635756,0.89681816,0.8943062,0.82351416,0.7726778,0.70791936,0.6148849,0.444615,0.3725294,0.35072175,0.24766064,-0.0085792905,-0.034379777,-0.032365922,-0.037363395,0.015453253,0.17443588,0.1118261
245,-0.29510698,-0.2139893,-0.15282834,-0.10039726,-0.1150467,-0.049438097,-0.0828414,-0.15603599,-0.091289505,-0.0059029143,-0.05748946,-0.12968682,0.02768277,0.09870188,0.037469458,0.11580837,0.2068479,0.20412648,0.26765382,0.30819258,0.39316288,0.43113554,0.43126342,0.39196798,0.38469994,0.28105316,0.100636855,-0.025312962,-0.15709561,-0.25144324,-0.531111,-0.30572066,-0.33434847,-0.5015199,-0.50634223,-0.49164763,-0.49071467,-0.36695877,-0.38247922,-0.24268322,-0.17273621,-0.23385428,-0.3331446,-0.3502658,-0.3933418,-0.21812283,-0.121195756,0.10746594,0.29217538,0.30643213,0.32652038,0.16279875,0.1325536,0.073301114,0.044925146,-0.06936264,-0.019585082,0.03783866,-0.10604162,-0.18987402,-0.10087623,-0.11976109,-0.2669115,-0.23949488,-0.16366151,-0.20403188,-0.28023466,-0.2255812,-0.18586735,-0.35255843,-0.41229305,-0.4566166,-0.40995124,-0.38692045,-0.39305025,-0.33950442,-0.28284994,-0.23660621,-0.27774864,-0.34586972,-0.43670782,-0.4261795,-0.45926046,-0.32164338,-0.17590804,-0.046898447,0.023615668,0.15118386,0.19407532,0.18137592,0.048791815,0.09343558,0.17131227,0.10821906,0.13408779,0.27701336,-0.121687435,-0.22772735,-0.11479809,-0.15621215,-0.19746995,0.002015429,-0.18659788,-0.30422506,-0.35416275,-0.4463123,-0.41751713,-0.48403734,-0.51242036,-0.50792235,-0.44885308,-0.50680935,-0.4351331,-0.31136087,-0.3650069,-0.3335497,-0.40890115,-0.4262901,-0.35258147,-0.3903927,-0.27516383,-0.32826978,-0.30189332,-0.306899,-0.22479723,-0.22680496,-0.18644351,-0.28819096,-0.40361112,-0.3839711,-0.22416699,-0.30135214,-0.42566603,-0.24063297,-0.114450596,-0.24525823,-0.21855061,-0.1400175,-0.07438664,0.08185661,0.0832259,0.24112673,0.3168838,0.29036725,0.17206022,0.12635165,0.11080076,0.1840354,0.17182818,0.24056719,0.15863629,-0.07916955,-0.21154942,-0.20541841,-0.16963308,-0.22457941,-0.32185715,-0.27705115,-0.3048435,-0.4350544,-0.3827916,-0.20376088,-0.25113755,-0.31884146,-0.14352809,0.04907779,-0.031179981,-0.045113463,0.25954142,0.33824974,0.3779855,0.36533663,0.32291138,0.24903274,0.18926555,0.16307507,0.11501249,0.38120008,0.49047,0.3934701,0.23240198,0.40769765,0.39465,0.101087175,0.12399831,0.36363533,-0.020871364,-0.28680298,-0.10404884,-0.17843902,-0.5499719,-0.52394676,-0.32341164,-0.4643244,-0.5663485,-0.5247183,-0.62269914,-0.56391734,-0.578309,-0.43536323,-0.26943693,-0.3000624,-0.4949201,-0.47705933,-0.26550338,-0.44480017,-0.52299553,-0.27756238,-0.119670585,-0.2308544,-0.12160769,0.17002061,0.26621976,0.2855238,0.38891113,0.38530308,0.24607867,0.27048302,0.42157,0.3255522,0.025529614,0.29253474,0.4086958,0.027709287,0.0010774214,0.2620221,0.14738041,-0.024670264,0.1285837,0.0426778,0.24739972,0.49179035,0.63626784,0.735827,0.7226748,0.6386145,0.6259892,0.8465689,0.8471086,0.93635756,1.0,0.9208652,0.88161457,0.85324544,0.8038583,0.7006108,0.62228006,0.47000763,0.38525677,0.34384042,0.26163444,0.013468927,-0.032635514,-0.034151755,-0.069091834,-0.028786536,0.12895434,0.066862956
246,-0.3914751,-0.30151623,-0.22921401,-0.1733364,-0.19782579,-0.11695837,-0.15777624,-0.2463188,-0.16898184,-0.08159409,-0.1525994,-0.2233702,-0.046506647,0.015522739,-0.054902196,0.044149343,0.15803449,0.16024859,0.22699146,0.2659527,0.34746727,0.40204892,0.41234407,0.35933223,0.36726096,0.24721861,0.043447405,-0.07212402,-0.21970719,-0.29938868,-0.5733268,-0.37318683,-0.3882661,-0.511412,-0.538327,-0.5351059,-0.51978797,-0.39623243,-0.4026797,-0.28239542,-0.21725582,-0.2972397,-0.4115592,-0.4291963,-0.4505321,-0.28994578,-0.17639561,0.04511706,0.2555642,0.30536088,0.36363035,0.18146889,0.15335305,0.08043544,0.052230205,-0.08035793,-0.043952156,0.0036537903,-0.15889606,-0.25763112,-0.17708322,-0.20761272,-0.35763037,-0.3400214,-0.26226422,-0.31008026,-0.39011857,-0.32988116,-0.29122967,-0.46967465,-0.52927595,-0.55867434,-0.49968255,-0.4822907,-0.50139445,-0.4482607,-0.38148066,-0.3335181,-0.38472065,-0.45672947,-0.5450733,-0.5241141,-0.53804153,-0.40764752,-0.24756838,-0.09919962,0.014192343,0.17906244,0.24126773,0.24594031,0.10466931,0.14893664,0.24043453,0.17343421,0.18731941,0.31707057,-0.08821131,-0.20777248,-0.11567509,-0.15390621,-0.22240487,-0.0173907,-0.2524674,-0.3820787,-0.443184,-0.53758204,-0.516647,-0.57240844,-0.60222256,-0.6099858,-0.52719516,-0.58438474,-0.49961767,-0.35943723,-0.41823855,-0.37217182,-0.4622289,-0.4828752,-0.3886076,-0.4261332,-0.29892746,-0.3496148,-0.2960164,-0.26337,-0.1577479,-0.19151509,-0.15196292,-0.2660733,-0.37530977,-0.37542728,-0.19515347,-0.26105446,-0.4092082,-0.23644544,-0.08677246,-0.19976439,-0.21892138,-0.16964634,-0.12180361,0.038151816,0.022065623,0.19575332,0.29223415,0.28993285,0.1893457,0.15938099,0.15041465,0.20884456,0.18518578,0.25504118,0.17124625,-0.059895676,-0.19462602,-0.1569916,-0.11685368,-0.17473134,-0.27235982,-0.23967649,-0.2533698,-0.3867135,-0.3542841,-0.16589646,-0.2127341,-0.2912667,-0.11739657,0.08084628,-0.00608979,-0.0072670835,0.3574386,0.41473472,0.48237348,0.48828822,0.4675935,0.39284083,0.3087664,0.29255423,0.26481652,0.54234546,0.6191694,0.5236577,0.40052384,0.5742127,0.53900445,0.25950658,0.30687279,0.5244434,0.09591249,-0.1488834,0.032222856,-0.16004957,-0.54145324,-0.5189487,-0.36748207,-0.5349313,-0.6089526,-0.563325,-0.6191134,-0.5114248,-0.5064159,-0.31645244,-0.13023977,-0.18950213,-0.4272425,-0.411107,-0.19957414,-0.43825358,-0.563727,-0.33865985,-0.21335486,-0.35868105,-0.2598214,0.03553248,0.11982843,0.14154421,0.26725796,0.26613906,0.11617297,0.17117727,0.36370954,0.28419223,-0.014446901,0.3010726,0.47241426,0.099006705,0.07172158,0.36543334,0.27565056,0.09102022,0.24383828,0.12561546,0.31328118,0.5563325,0.6772735,0.7351099,0.721587,0.65743935,0.6364196,0.82147473,0.88413084,0.89681816,0.9208652,1.0,0.94456667,0.8359621,0.8178093,0.75484043,0.6000615,0.4132186,0.37224555,0.33234546,0.19857532,-0.06535718,-0.08172257,-0.08152892,-0.036695752,0.023614625,0.16308661,0.08948311
247,-0.2765468,-0.18338309,-0.10993692,-0.056368377,-0.0760575,-0.014381106,-0.051343128,-0.1308794,-0.075391024,0.004642009,-0.060572147,-0.13623466,0.019606931,0.08228838,0.0066365455,0.07723856,0.17056255,0.16762799,0.22265562,0.24670564,0.34473562,0.377646,0.37778446,0.34940052,0.35778385,0.27310422,0.108474314,0.007683742,-0.12417855,-0.21162574,-0.5299605,-0.29659513,-0.32380906,-0.5154235,-0.52352464,-0.4982362,-0.4987093,-0.3628886,-0.374205,-0.21034457,-0.13490213,-0.20137616,-0.29950675,-0.32062182,-0.35471562,-0.1905229,-0.10016714,0.092086785,0.26692712,0.2557548,0.28120443,0.10639535,0.064118214,0.0059472313,-0.013702814,-0.11891408,-0.077532195,-0.03362994,-0.170554,-0.23905131,-0.15423353,-0.17075296,-0.29132712,-0.26596633,-0.18116924,-0.2113371,-0.2887993,-0.2274123,-0.17978619,-0.34372184,-0.40305883,-0.4420186,-0.3883156,-0.37366265,-0.38793856,-0.32837027,-0.26046538,-0.21659018,-0.25727484,-0.32125396,-0.41372415,-0.40255624,-0.44492316,-0.32935038,-0.18165606,-0.07994213,-0.010475124,0.10532147,0.17099178,0.17388012,0.032058068,0.085777774,0.16177018,0.0985205,0.14170137,0.3055613,-0.1002901,-0.21472241,-0.12597919,-0.17906468,-0.21451783,-0.034550656,-0.2367051,-0.3313521,-0.37208825,-0.4559739,-0.4276419,-0.4960417,-0.5386547,-0.53958344,-0.4745581,-0.538895,-0.4422791,-0.3110927,-0.3757527,-0.33653176,-0.42037937,-0.4401592,-0.36096585,-0.4235137,-0.29307994,-0.34446365,-0.31063366,-0.2859103,-0.1846271,-0.16847658,-0.1400749,-0.25027135,-0.34345034,-0.3354834,-0.18806428,-0.25735104,-0.38402188,-0.20139028,-0.071362704,-0.18740779,-0.16225787,-0.097108945,-0.043309662,0.1094092,0.09892428,0.24189213,0.31902108,0.30869952,0.20977515,0.160338,0.14745463,0.20869555,0.17937386,0.25189793,0.18366177,-0.048040897,-0.19223943,-0.16700585,-0.116183735,-0.17971666,-0.27184626,-0.21044412,-0.23023419,-0.36325452,-0.31112513,-0.096819095,-0.14637029,-0.23719054,-0.052207157,0.1585816,0.067169696,0.043691278,0.35760018,0.3869569,0.43521097,0.4345282,0.40727848,0.34496355,0.27339995,0.23066169,0.16444735,0.40515015,0.48813793,0.36163473,0.23565345,0.44526955,0.4008563,0.09267962,0.16187078,0.43055317,-0.023010736,-0.27218616,-0.030695414,-0.14815313,-0.56619924,-0.5069531,-0.28864336,-0.46153635,-0.57037795,-0.5100342,-0.628779,-0.57190686,-0.60957474,-0.45922646,-0.28910428,-0.3500423,-0.5598744,-0.5324608,-0.33678755,-0.54541,-0.61798865,-0.36677307,-0.2320935,-0.33907646,-0.19621229,0.10187934,0.19845235,0.19479245,0.31436056,0.299001,0.13049623,0.14671507,0.32981965,0.21103737,-0.12986064,0.15792347,0.31502074,-0.08750195,-0.11977796,0.17965616,0.09027126,-0.09883334,0.056286037,-0.06540032,0.13208504,0.4083261,0.5637699,0.685864,0.70123225,0.6355526,0.60049176,0.76515543,0.8407975,0.8943062,0.88161457,0.94456667,1.0,0.9147881,0.8615674,0.8150486,0.7040445,0.5199472,0.46511593,0.44710496,0.31932876,0.04116263,0.02145249,0.024725992,-0.037647042,0.003668819,0.16898894,0.10821348
248,-0.13133374,-0.03854375,0.018486088,0.0737073,0.06476372,0.10746102,0.09024104,0.02664749,0.046705265,0.13240024,0.09038733,0.009545049,0.13521245,0.2091693,0.14139634,0.17383607,0.23809202,0.22562195,0.2693332,0.28997928,0.38678095,0.3985619,0.38594195,0.37684476,0.3725983,0.314508,0.18623382,0.07784727,-0.031784866,-0.12433902,-0.44749126,-0.17092575,-0.25992694,-0.50894845,-0.45977256,-0.41833988,-0.469129,-0.35131466,-0.3841358,-0.1855418,-0.0903929,-0.13424441,-0.20025454,-0.20253547,-0.26747337,-0.08560028,-0.030018615,0.16461521,0.31440413,0.23763801,0.21367665,0.068839826,0.022155415,-0.017646972,-0.04003187,-0.1230797,-0.06504774,-0.008606719,-0.11446493,-0.16427201,-0.0716508,-0.06229056,-0.16770588,-0.13716222,-0.041328687,-0.06550409,-0.13991323,-0.07350664,-0.015349629,-0.17571078,-0.23515205,-0.29294887,-0.25393865,-0.23231581,-0.23116127,-0.1644742,-0.10532601,-0.056789454,-0.08869173,-0.15802205,-0.26062092,-0.2601706,-0.3312699,-0.2141422,-0.105453946,-0.035685904,-0.020847213,0.04307166,0.10464288,0.081296414,-0.06362327,0.0064889407,0.06314515,-0.0028969864,0.064332776,0.2242707,-0.181119,-0.2724375,-0.13937949,-0.18757418,-0.18976633,-0.030252136,-0.16582808,-0.24358314,-0.26068336,-0.3308305,-0.28282923,-0.37664074,-0.42668396,-0.40905237,-0.36845565,-0.45095855,-0.36196038,-0.2408235,-0.306526,-0.29328558,-0.36293754,-0.37985492,-0.32809776,-0.3874831,-0.273086,-0.32966956,-0.32710674,-0.36559492,-0.30391628,-0.24156955,-0.22121714,-0.3001067,-0.38350853,-0.35664126,-0.25374463,-0.3228645,-0.3936834,-0.19543648,-0.115552396,-0.2381786,-0.13527817,-0.034719665,0.024473332,0.17410432,0.1908756,0.3082871,0.35466328,0.3080476,0.19187543,0.12417944,0.090743184,0.16904551,0.148029,0.25040844,0.16296355,-0.07953806,-0.22970821,-0.22718248,-0.18468237,-0.23211595,-0.33160496,-0.24504274,-0.27004632,-0.39808828,-0.33137596,-0.09972435,-0.15183885,-0.23575447,-0.045512803,0.16418767,0.069232605,0.01345906,0.19821614,0.24097727,0.2554023,0.22930701,0.186219,0.13163194,0.08994773,0.020370537,-0.063989416,0.1892896,0.30139366,0.17099151,0.029596098,0.25347257,0.24998604,-0.07007076,-0.030909665,0.29366884,-0.06926186,-0.37450385,-0.109802045,-0.047147445,-0.4876936,-0.4385976,-0.1537461,-0.31002575,-0.46359488,-0.41108623,-0.58476496,-0.5959826,-0.6667452,-0.58116764,-0.43334147,-0.4586653,-0.5997371,-0.55227065,-0.35697982,-0.49287745,-0.4967048,-0.2077897,-0.052035194,-0.11333345,0.052028123,0.33590844,0.42934746,0.4097875,0.49744153,0.47085652,0.3092372,0.2823514,0.40297815,0.2664518,-0.07150374,0.13637885,0.21484108,-0.18347198,-0.2212301,0.020104587,-0.091034725,-0.25875115,-0.11918966,-0.2008681,0.0048060985,0.26891935,0.4611702,0.6444562,0.6734476,0.5977998,0.57010084,0.6997891,0.72590995,0.82351416,0.85324544,0.8359621,0.9147881,1.0,0.9327819,0.83295345,0.8124082,0.6779982,0.5817521,0.54735136,0.4784954,0.2267167,0.16117363,0.1511961,-0.113573246,-0.12176471,0.06967024,0.0400214
249,-0.22216415,-0.14131582,-0.08782841,-0.029530764,-0.042371873,0.008410635,-0.0015223904,-0.07393112,-0.05311345,0.03984685,-0.0068674106,-0.07883225,0.055924304,0.1214583,0.061306406,0.1148192,0.18300983,0.17508572,0.2431406,0.2644312,0.3453316,0.37691802,0.38012475,0.3416198,0.33729604,0.25250995,0.10162091,-0.0082228305,-0.12505093,-0.19997384,-0.4648571,-0.2108412,-0.297416,-0.50987285,-0.4615624,-0.43533435,-0.48189265,-0.37029904,-0.42025474,-0.26524973,-0.17494695,-0.2246968,-0.29535,-0.2833877,-0.3500514,-0.18382119,-0.11181531,0.091082565,0.2796639,0.23970297,0.24056254,0.09844436,0.07171664,0.025834702,0.0133218635,-0.08455184,-0.038750935,0.010226427,-0.088690095,-0.17126307,-0.10127832,-0.10037509,-0.20806459,-0.18746659,-0.107030325,-0.14385302,-0.21603705,-0.15828148,-0.11392688,-0.27782968,-0.32854933,-0.3718726,-0.33150798,-0.30773368,-0.30927607,-0.2546837,-0.20157675,-0.15559554,-0.1934023,-0.2683567,-0.36092404,-0.35283124,-0.41346875,-0.29520032,-0.144407,-0.057676144,-0.0056417165,0.080141395,0.14598633,0.11968166,-0.019205144,0.04499954,0.0962013,0.02090184,0.07992782,0.2371836,-0.1368049,-0.2306294,-0.122053,-0.14460176,-0.16945066,-0.0064165066,-0.1774451,-0.28044647,-0.3249319,-0.39234346,-0.34365207,-0.42512658,-0.46439013,-0.45054597,-0.40200946,-0.46892273,-0.38288334,-0.27015632,-0.32501695,-0.29941294,-0.37096733,-0.38641316,-0.32269737,-0.38710988,-0.24198338,-0.28659016,-0.2671677,-0.30530977,-0.246197,-0.2220175,-0.2124296,-0.2799077,-0.35906267,-0.35622668,-0.25275987,-0.30388883,-0.39125884,-0.23022018,-0.13086614,-0.23939437,-0.17846926,-0.103076935,-0.05410861,0.088682,0.093453705,0.22939688,0.29125088,0.26373363,0.14923437,0.092885636,0.07212625,0.15699133,0.1306114,0.2158276,0.14238885,-0.09455996,-0.23629808,-0.22502649,-0.18709871,-0.22668208,-0.30947566,-0.23590687,-0.25600275,-0.3715551,-0.2917847,-0.06329128,-0.11868624,-0.19155784,0.001653146,0.19568738,0.08703151,0.048544418,0.23168702,0.2258651,0.24711946,0.24034452,0.21822444,0.18025349,0.13957119,0.07899907,0.016360346,0.2568575,0.35533908,0.26217586,0.14575884,0.34394446,0.3703263,0.08473774,0.10995621,0.42771944,0.11643633,-0.2041252,0.031661212,0.05945133,-0.3760699,-0.36698243,-0.1368245,-0.2852614,-0.42426908,-0.38500753,-0.51582026,-0.49662152,-0.5387825,-0.4388798,-0.28031623,-0.3076706,-0.45702085,-0.39649346,-0.19139566,-0.36078805,-0.39525023,-0.094183676,0.023929887,-0.08988757,0.048331473,0.31639275,0.37668696,0.37038094,0.4442036,0.42491284,0.29434854,0.27985093,0.40832654,0.30189452,0.0015638169,0.21308175,0.3009143,-0.060121637,-0.09761089,0.12689996,0.024121515,-0.13567069,-0.0094687585,-0.08558728,0.09908314,0.32678053,0.4919192,0.6256304,0.6358117,0.52682257,0.51496214,0.6478866,0.6827689,0.7726778,0.8038583,0.8178093,0.8615674,0.9327819,1.0,0.8959286,0.8078604,0.68529445,0.62276137,0.5460839,0.4448009,0.2054885,0.14427744,0.11401446,-0.11832934,-0.097339205,0.080743685,0.04382765
250,-0.1685076,-0.08368916,-0.019226773,0.0248691,0.007944472,0.044958893,0.031928398,-0.038831145,-0.027877025,0.055682097,-0.0030718173,-0.071764916,0.047741473,0.09540095,0.01797911,0.057419408,0.124474876,0.11317154,0.16851148,0.17726249,0.26950336,0.29797643,0.29315025,0.27801406,0.29605046,0.24735917,0.11809515,0.03804549,-0.06610604,-0.1336038,-0.42534557,-0.18297379,-0.25933677,-0.47229508,-0.43223566,-0.40311328,-0.44981137,-0.33922794,-0.38173684,-0.21687293,-0.13381405,-0.18231235,-0.2435019,-0.23176458,-0.2885501,-0.13962583,-0.077880256,0.08143772,0.23839721,0.15799569,0.1546335,0.0048538432,-0.038460735,-0.084471904,-0.0845799,-0.16471192,-0.13204119,-0.09864037,-0.1823789,-0.23746029,-0.17533503,-0.17078117,-0.24396671,-0.22311312,-0.13592482,-0.15324104,-0.21377565,-0.15482447,-0.10053625,-0.2465916,-0.2887114,-0.3211446,-0.27306828,-0.2579125,-0.27078325,-0.21111208,-0.15106547,-0.105115205,-0.14818944,-0.21437074,-0.3074498,-0.3037901,-0.37198126,-0.27034923,-0.13794728,-0.09188159,-0.04604081,0.010573688,0.110081576,0.08485609,-0.041794285,0.0485463,0.07055544,0.0014622728,0.07404842,0.21757501,-0.123752266,-0.21122216,-0.120675646,-0.16531241,-0.17946371,-0.07105954,-0.23194799,-0.2952536,-0.31584898,-0.36542276,-0.31789973,-0.3984278,-0.4506686,-0.44777974,-0.39748782,-0.4706054,-0.38483176,-0.2669759,-0.32926777,-0.30801305,-0.3760469,-0.3894646,-0.33634,-0.40963227,-0.26773858,-0.28830484,-0.2609505,-0.270653,-0.19674969,-0.1456242,-0.1480811,-0.20105234,-0.24704906,-0.25972956,-0.17871551,-0.22049236,-0.29641828,-0.14815725,-0.05562861,-0.15486391,-0.08107387,-0.019476265,0.01869241,0.13220315,0.11876952,0.23100941,0.29285428,0.27836174,0.18444052,0.13470457,0.11826052,0.18744475,0.15768689,0.24474892,0.18527108,-0.041402593,-0.17434762,-0.14570463,-0.08696134,-0.13014463,-0.20723344,-0.11132909,-0.11632629,-0.22345017,-0.15595701,0.09439621,0.052855287,-0.047270957,0.120719805,0.3260599,0.21830525,0.1580566,0.29401207,0.25073674,0.2731475,0.2558212,0.25867483,0.23624404,0.16180208,0.09999947,0.045915365,0.27566162,0.34555042,0.22154613,0.13930924,0.35637555,0.3456602,0.055851504,0.13570751,0.46016204,0.090082094,-0.19043025,0.12003841,0.11125653,-0.35840836,-0.2963617,-0.04342015,-0.23286638,-0.39139628,-0.3310071,-0.48383775,-0.4734376,-0.5444243,-0.4484284,-0.29538843,-0.36111638,-0.5163147,-0.44996697,-0.28410858,-0.4671548,-0.4769474,-0.19084908,-0.10563193,-0.1979818,-0.034986895,0.19783361,0.2439869,0.20323557,0.2909211,0.2953384,0.14944738,0.13941805,0.28889897,0.17885691,-0.12752374,0.07289109,0.18988092,-0.1527462,-0.19425693,0.03784501,-0.03205665,-0.18710998,-0.07284358,-0.17316812,-0.01335842,0.21555747,0.37316054,0.5148651,0.54776424,0.46952972,0.4774563,0.5798275,0.63198835,0.70791936,0.7006108,0.75484043,0.8150486,0.83295345,0.8959286,1.0,0.8904288,0.7207023,0.71772933,0.6973299,0.5450001,0.291225,0.27319318,0.2576726,-0.037999228,-0.057515804,0.10965362,0.084416375
251,0.08483202,0.17120996,0.21631247,0.258768,0.26034945,0.26960728,0.25612578,0.21927658,0.20579372,0.2706372,0.23634101,0.1681075,0.2360838,0.2881389,0.21296658,0.1908697,0.21543707,0.1826936,0.20318092,0.20578285,0.2962281,0.2786826,0.25260806,0.28756332,0.27987006,0.29568642,0.24359842,0.17491484,0.1166494,0.042887777,-0.2725308,0.01349376,-0.14494714,-0.42589635,-0.31685835,-0.26695698,-0.37519944,-0.2976224,-0.33722287,-0.1040382,-0.0041026934,-0.012637021,-0.029473115,-0.007823862,-0.08410843,0.065157264,0.07510345,0.19568434,0.26737383,0.08813221,0.019080384,-0.095399365,-0.15322617,-0.16609488,-0.16496599,-0.19937716,-0.14256957,-0.095580675,-0.14279975,-0.15217426,-0.064047,-0.024929507,-0.06470253,-0.03256182,0.07198782,0.076489754,0.019006979,0.088626385,0.16519783,0.038444113,-0.0067008445,-0.07093589,-0.041893154,-0.023440238,-0.016799029,0.060788658,0.11180669,0.16595288,0.1353124,0.0716012,-0.03469248,-0.04849961,-0.14591995,-0.060334045,-0.015224658,-0.0335557,-0.08653832,-0.10819685,-0.029686665,-0.079545386,-0.19749051,-0.088662,-0.08513463,-0.13471287,-0.036958255,0.09026254,-0.22597198,-0.27355856,-0.14068788,-0.21703121,-0.17746218,-0.10069026,-0.14215289,-0.15372379,-0.12491718,-0.15604736,-0.090957046,-0.20373309,-0.27365276,-0.25150838,-0.23727031,-0.33876362,-0.26666445,-0.15980858,-0.22718215,-0.24264243,-0.2936859,-0.3057414,-0.29102474,-0.3457845,-0.25894508,-0.297312,-0.3126285,-0.3698873,-0.334475,-0.19935443,-0.20027398,-0.22025105,-0.25395998,-0.23298705,-0.19997805,-0.24926154,-0.25701284,-0.082500234,-0.054116283,-0.16693534,0.013245158,0.121537134,0.16330254,0.2517507,0.27701142,0.32686555,0.33002302,0.27556783,0.17918317,0.1218763,0.075370245,0.14231801,0.12708731,0.24868113,0.17140663,-0.046207204,-0.17850415,-0.1834863,-0.11778174,-0.1377682,-0.22988495,-0.095143795,-0.10229554,-0.21215542,-0.16157831,0.10163145,0.0700554,-0.05259258,0.09106753,0.3009347,0.20552832,0.09555342,0.09118237,0.123712644,0.09815033,0.030541863,-0.012261183,-0.042176154,-0.083550654,-0.17637183,-0.26078215,-0.022325886,0.08022373,-0.069308035,-0.17871672,0.061687104,0.065047726,-0.24234821,-0.17700043,0.19050267,-0.10707749,-0.4018469,-0.047367238,0.1638066,-0.31279054,-0.21904707,0.14232382,-0.03238162,-0.25811067,-0.19128697,-0.43372288,-0.5370759,-0.6592481,-0.65392053,-0.54500544,-0.57697105,-0.64069796,-0.5611276,-0.4288167,-0.4999858,-0.40248755,-0.10293679,0.010693432,0.014927883,0.22223888,0.4190009,0.4665916,0.38946795,0.43437827,0.430197,0.28271598,0.21696667,0.29397082,0.1595444,-0.15483457,-0.05825468,-0.021161204,-0.35449743,-0.39900255,-0.22744417,-0.315971,-0.44123995,-0.3415359,-0.40043986,-0.23175341,-7.486431e-05,0.2019544,0.4296299,0.48441947,0.42653474,0.42814705,0.4824958,0.4964972,0.6148849,0.62228006,0.6000615,0.7040445,0.8124082,0.8078604,0.8904288,1.0,0.8908573,0.80698234,0.8153517,0.7663381,0.5459696,0.47927484,0.4642229,-0.07089335,-0.19704644,-0.015933912,-0.0054870746
252,0.20972379,0.28193295,0.2978488,0.34244812,0.35117108,0.35047317,0.34819803,0.32920864,0.2933503,0.35360116,0.34145623,0.277116,0.303773,0.35590428,0.3032603,0.24837738,0.23793526,0.19374953,0.20378496,0.21220687,0.26499262,0.22938202,0.19926567,0.23987147,0.21307793,0.2506054,0.25112453,0.18481226,0.16964017,0.10979976,-0.12966129,0.14551072,-0.08001249,-0.34970644,-0.17931934,-0.13535643,-0.2946815,-0.2756161,-0.33183533,-0.105565846,0.008762804,0.03067164,0.057891965,0.10106599,0.005687775,0.1297185,0.11525747,0.20636943,0.24057326,0.0286411,-0.06875151,-0.13818431,-0.17651397,-0.1659459,-0.15844776,-0.16930829,-0.1087734,-0.06076884,-0.06470292,-0.06494781,0.014042633,0.07307064,0.054310635,0.08230218,0.1790619,0.18686907,0.14522916,0.20701174,0.28395167,0.18006751,0.14472578,0.07197226,0.08974568,0.11739174,0.13573232,0.20910831,0.24286903,0.29110175,0.27077973,0.20535442,0.10754034,0.08708689,-0.020610765,0.046866827,0.06304174,0.010221129,-0.092777506,-0.16410765,-0.111392274,-0.17677361,-0.27064884,-0.17692377,-0.18848169,-0.22708496,-0.1304636,-0.038074106,-0.26041046,-0.2634331,-0.13887285,-0.20149735,-0.13808152,-0.074435905,-0.040172108,-0.037099477,0.0073709004,-0.0072210105,0.067574255,-0.054377638,-0.12363765,-0.09261545,-0.10111919,-0.20337915,-0.15047128,-0.06641963,-0.12628564,-0.15941413,-0.1893104,-0.19353834,-0.20659852,-0.24764857,-0.19316208,-0.23439464,-0.26940075,-0.37177593,-0.38704357,-0.23564598,-0.2588722,-0.2293066,-0.23108026,-0.21045737,-0.23089,-0.25289887,-0.20231481,-0.059345808,-0.07749259,-0.16559611,0.062139787,0.16613206,0.18998858,0.24428487,0.2918868,0.3051251,0.26778582,0.19510786,0.10800396,0.06057605,-0.00041203026,0.0657554,0.06587639,0.20583937,0.11095,-0.07723837,-0.18820992,-0.20594709,-0.14790031,-0.14002189,-0.2143785,-0.07485644,-0.07499237,-0.1648678,-0.12820843,0.12157486,0.09991004,-0.024996975,0.08195096,0.27000657,0.17711945,0.044590827,-0.10148179,-0.043055333,-0.10830156,-0.19409356,-0.25734836,-0.2751109,-0.27029306,-0.3689811,-0.46051273,-0.22950247,-0.11961584,-0.23993857,-0.3380383,-0.12806606,-0.075872175,-0.32462037,-0.3054094,0.05206768,-0.071117654,-0.3686015,-0.053064924,0.33493364,-0.091677815,-0.030872533,0.3283048,0.1996232,-0.04139614,0.005915197,-0.24847953,-0.41341034,-0.5408432,-0.6081804,-0.5460492,-0.53983897,-0.51338243,-0.41435727,-0.31272742,-0.29913256,-0.14341263,0.14007922,0.23519424,0.27973768,0.47308996,0.6099139,0.62132865,0.5386481,0.52983665,0.520507,0.41270885,0.31585532,0.32537493,0.21019544,-0.052586697,-0.057840787,-0.100148246,-0.35964948,-0.40843856,-0.330605,-0.42270485,-0.5029465,-0.4396568,-0.4479895,-0.30118337,-0.12530686,0.07748002,0.31555218,0.36989284,0.3062726,0.30813646,0.32281876,0.3032332,0.444615,0.47000763,0.4132186,0.5199472,0.6779982,0.68529445,0.7207023,0.8908573,1.0,0.8829624,0.80683804,0.8457998,0.7195351,0.59785277,0.5420037,-0.14346196,-0.3227089,-0.1539014,-0.11485926
253,0.14086467,0.20822191,0.23877834,0.27635843,0.28150707,0.28420553,0.27698845,0.25089222,0.22784977,0.27800158,0.24528928,0.19334966,0.22449891,0.24509911,0.1756502,0.13573359,0.14207006,0.09478781,0.106001586,0.112778425,0.16393882,0.1478512,0.114545986,0.14826915,0.14232326,0.176944,0.18035758,0.15092225,0.13663726,0.101525925,-0.10655246,0.12918395,-0.08115928,-0.30367616,-0.1418022,-0.11090665,-0.27050892,-0.27360383,-0.32874185,-0.12591065,-0.024405414,0.009909154,0.029878035,0.073148705,-0.013508805,0.08323533,0.07718068,0.12122698,0.16775382,-0.038541947,-0.107805684,-0.17908168,-0.2181485,-0.21522455,-0.19533591,-0.20969981,-0.16966464,-0.1402727,-0.1303984,-0.14011064,-0.0834815,-0.034967415,-0.03987382,-0.018298896,0.06824963,0.0807912,0.051519517,0.104089364,0.1830652,0.09230862,0.07032729,0.020684013,0.045746807,0.06662799,0.074146174,0.13613401,0.17021671,0.21332061,0.1885879,0.13411878,0.044759426,0.027574766,-0.06672248,-0.02240117,0.010695189,-0.049500316,-0.115824856,-0.1926833,-0.108146116,-0.17602405,-0.24808674,-0.14833128,-0.17566693,-0.20982595,-0.111121975,-0.04751684,-0.20809363,-0.20598015,-0.10805285,-0.17301038,-0.13361013,-0.10715014,-0.104262665,-0.08712702,-0.053422317,-0.05382546,0.01536495,-0.086185075,-0.15690796,-0.1447177,-0.14701344,-0.2355297,-0.18416598,-0.10636041,-0.1633941,-0.1824176,-0.20491856,-0.20679449,-0.21352392,-0.26755208,-0.20256165,-0.20957273,-0.21781835,-0.28118584,-0.27884755,-0.13834283,-0.19112721,-0.13270418,-0.094852924,-0.111757405,-0.15010779,-0.13377368,-0.09230143,0.0062293536,-0.0018634036,-0.05789298,0.12075385,0.18331522,0.18133073,0.20780155,0.230445,0.2360426,0.20673354,0.15461127,0.10328377,0.07224766,0.037811488,0.08188597,0.06135672,0.18724148,0.11743251,-0.038832635,-0.1261797,-0.11748799,-0.04410474,-0.021035803,-0.079386495,0.06382407,0.084210396,0.0031616895,0.037561048,0.29724318,0.27748922,0.12685202,0.21504894,0.40427047,0.30129367,0.16215037,0.0019093968,0.008648721,-0.0572227,-0.13666685,-0.1755271,-0.17352045,-0.18948366,-0.2789767,-0.35412157,-0.13698143,-0.067050174,-0.17493711,-0.21920341,-0.021984246,0.013901415,-0.19533087,-0.13662924,0.20334776,0.07938496,-0.17325683,0.17828812,0.4798747,0.042330116,0.12026814,0.40597406,0.25430283,0.031490404,0.09647915,-0.12114097,-0.25658947,-0.39690357,-0.4501569,-0.38909444,-0.42236793,-0.4089018,-0.29786077,-0.23509036,-0.26336372,-0.12282336,0.12334738,0.14793831,0.1778573,0.35389015,0.45160234,0.43398973,0.3469228,0.34003833,0.34300599,0.24141951,0.16136482,0.19126071,0.10568766,-0.12278698,-0.119365714,-0.11384973,-0.32016486,-0.37292257,-0.29346496,-0.3412766,-0.41578984,-0.3713766,-0.40392172,-0.2975667,-0.14400785,0.026857376,0.22391778,0.28802973,0.23574089,0.24034922,0.2574705,0.25834867,0.3725294,0.38525677,0.37224555,0.46511593,0.5817521,0.62276137,0.71772933,0.80698234,0.8829624,1.0,0.89934677,0.83142567,0.7298594,0.6714724,0.59215647,-0.10056607,-0.2839099,-0.14198008,-0.102222145
254,0.20739143,0.2797964,0.31991434,0.3477888,0.35983452,0.35774595,0.34012464,0.32268363,0.2986206,0.3361425,0.29733685,0.2461513,0.26975027,0.28100482,0.19439241,0.14224826,0.14725097,0.09573236,0.08889469,0.07422012,0.13735558,0.11173166,0.06906691,0.12645791,0.13019657,0.19725771,0.23459113,0.22431985,0.21734071,0.17452542,-0.06377513,0.1539976,-0.03862299,-0.2461961,-0.10413613,-0.06403108,-0.21052685,-0.21150544,-0.24080066,-0.027859973,0.059142895,0.094312966,0.116344966,0.1571513,0.07547764,0.16207898,0.136804,0.15253328,0.15072338,-0.076595895,-0.16134198,-0.23044139,-0.29118487,-0.28213403,-0.26412526,-0.25513312,-0.21323128,-0.18441305,-0.17423868,-0.14886546,-0.083656244,-0.0269773,-0.014606975,0.0137874605,0.105595335,0.12928963,0.10499792,0.16156523,0.24352366,0.16666207,0.14375016,0.09339446,0.117682375,0.1271121,0.13189892,0.19861215,0.23640563,0.28593484,0.26443043,0.22298841,0.12885135,0.110715866,0.008350798,0.041957803,0.025182031,-0.05101424,-0.13576746,-0.2380178,-0.15555857,-0.22318687,-0.2877842,-0.1755557,-0.2048224,-0.23031545,-0.13455723,-0.07642755,-0.22307742,-0.21724397,-0.11230255,-0.19623834,-0.14901681,-0.15057112,-0.11550247,-0.0689883,-0.011459735,-0.0051409635,0.06122976,-0.042874504,-0.123557806,-0.11121379,-0.11490744,-0.2136677,-0.16236985,-0.0784,-0.14129855,-0.17737338,-0.20234998,-0.20664197,-0.21878381,-0.26506138,-0.22644477,-0.23030184,-0.24343514,-0.28226444,-0.26889765,-0.10157642,-0.14645372,-0.09856327,-0.047939327,-0.049155563,-0.10542198,-0.1012791,-0.04706239,0.05954939,0.026998028,-0.023805356,0.17801565,0.25498694,0.26583827,0.2778635,0.29971385,0.2773474,0.23508862,0.18073991,0.14052851,0.09760601,0.06091322,0.0906993,0.07159794,0.19362003,0.13453607,-0.0073105167,-0.088322625,-0.07473973,0.008557913,0.03219857,-0.031800058,0.115889125,0.14274915,0.072423324,0.09283904,0.33808184,0.34237152,0.18887624,0.2573969,0.43949443,0.357138,0.20967488,0.047084216,0.060968675,-0.011859168,-0.10310679,-0.14693633,-0.14316007,-0.16828659,-0.27364504,-0.3528595,-0.1707166,-0.10718247,-0.24652155,-0.28701648,-0.07272945,-0.07645639,-0.30357975,-0.20806754,0.12537536,-0.0655053,-0.27200136,0.112837605,0.3805268,-0.05191329,0.07940574,0.4120984,0.23903604,0.0027054716,0.07975737,-0.16357636,-0.31761646,-0.4729488,-0.53043646,-0.48307303,-0.5339235,-0.5211025,-0.41832724,-0.3862117,-0.406547,-0.24746609,-0.019916242,-0.0034759252,0.06722087,0.26590604,0.34795308,0.35104153,0.24282894,0.24960698,0.2503467,0.12669866,0.043621186,0.08015357,-0.029391365,-0.26793343,-0.26529884,-0.24105176,-0.4481301,-0.4942022,-0.39973336,-0.4280323,-0.4977031,-0.4549716,-0.50299966,-0.41137642,-0.24623023,-0.08144531,0.13943458,0.22209615,0.19831935,0.20604567,0.22694047,0.23707536,0.35072175,0.34384042,0.33234546,0.44710496,0.54735136,0.5460839,0.6973299,0.8153517,0.80683804,0.89934677,1.0,0.89296246,0.753612,0.7450745,0.71462584,-0.0093995575,-0.2337966,-0.109187275,-0.063719004
255,0.3758405,0.44501513,0.46375397,0.49159765,0.5144886,0.4968023,0.48329264,0.4862173,0.44050685,0.47378868,0.46290523,0.4054887,0.39201623,0.41736335,0.34753913,0.25239894,0.23359609,0.17608121,0.14345545,0.13893583,0.1754764,0.12690239,0.08363505,0.16560046,0.13979694,0.24349111,0.3295712,0.30901772,0.3306847,0.27241024,0.04342993,0.2730873,-0.009188228,-0.20638347,-0.015951788,0.021952203,-0.1763026,-0.22388346,-0.23397142,0.016355615,0.122319564,0.17913665,0.23796584,0.29507172,0.20222114,0.3058871,0.25241438,0.26042905,0.19381332,-0.07528141,-0.2054606,-0.24290392,-0.30312353,-0.28036585,-0.27398884,-0.2452229,-0.18601121,-0.13733433,-0.10279557,-0.063946396,0.012994223,0.10058342,0.12959689,0.15228337,0.24706958,0.2892665,0.26595965,0.32209978,0.42421186,0.35406908,0.328547,0.25706926,0.26830322,0.2834643,0.2999267,0.3783431,0.40974256,0.45937023,0.44669312,0.4050475,0.30734557,0.28849334,0.1734017,0.20491119,0.11893153,0.019984592,-0.12118851,-0.25712094,-0.20524016,-0.29669762,-0.3568537,-0.24218293,-0.28010386,-0.2918883,-0.19710052,-0.1827469,-0.32132676,-0.2814915,-0.115772754,-0.2021758,-0.13126738,-0.13943884,-0.013719669,0.049811263,0.14040034,0.15621448,0.2311207,0.10958029,0.025214722,0.047458712,0.01798168,-0.0945025,-0.061039504,0.011579143,-0.051843796,-0.11838358,-0.13153377,-0.13037261,-0.17385647,-0.19082841,-0.20626904,-0.22730806,-0.2711236,-0.3507078,-0.37074688,-0.18366136,-0.21978539,-0.1670303,-0.1124704,-0.074176386,-0.15671247,-0.16613951,-0.04717788,0.079310015,-0.015909491,-0.069927536,0.20882119,0.3265452,0.3375481,0.34569204,0.4004966,0.34910515,0.26636782,0.17652081,0.1214141,0.07584884,-0.0011281496,0.031338427,0.045630056,0.18807659,0.08501895,-0.04633713,-0.124540344,-0.11120105,-0.03066273,0.015683718,-0.072982,0.07435526,0.1079117,0.023413958,-0.004302922,0.2245533,0.24247605,0.07539974,0.10066152,0.27374554,0.21126054,0.029891988,-0.20567988,-0.09106292,-0.1761077,-0.29155594,-0.36637866,-0.38567042,-0.37432155,-0.47999173,-0.5661963,-0.35769224,-0.2691752,-0.40123916,-0.46265852,-0.25789177,-0.2355058,-0.44526598,-0.39397702,-0.06802857,-0.1513415,-0.3695331,-0.020212391,0.4040181,0.013598641,0.12711756,0.49508554,0.35495436,0.08870442,0.15517157,-0.11206679,-0.32426232,-0.48567715,-0.5870069,-0.57761925,-0.5848073,-0.5013001,-0.39819816,-0.37893426,-0.31645232,-0.10623375,0.1094324,0.14730404,0.26684013,0.46741852,0.5248881,0.5227547,0.4123456,0.38140988,0.37562934,0.26531297,0.15655826,0.12720127,0.01865928,-0.18606259,-0.2605987,-0.31252432,-0.48615992,-0.528065,-0.49908432,-0.54718375,-0.58553743,-0.55946344,-0.56386954,-0.472342,-0.3314461,-0.15391833,0.09805975,0.17815885,0.17285767,0.172469,0.1501549,0.12754053,0.24766064,0.26163444,0.19857532,0.31932876,0.4784954,0.4448009,0.5450001,0.7663381,0.8457998,0.83142567,0.89296246,1.0,0.90063345,0.8045835,0.78734225,-0.034312792,-0.36238798,-0.2428931,-0.17252044
256,0.47352,0.52117634,0.5072552,0.5229038,0.551757,0.52310497,0.5194548,0.54556924,0.48440158,0.49501473,0.5046223,0.4704078,0.40308878,0.4099719,0.36748704,0.24021694,0.19159405,0.13158262,0.079522066,0.072202384,0.06419001,0.0078602685,-0.042771757,0.039073277,-0.0008013853,0.12908046,0.2755244,0.28644544,0.3592905,0.3316648,0.2370014,0.3960423,0.07587565,-0.035226557,0.19124049,0.20824638,-0.020884456,-0.14966701,-0.15834829,0.04101585,0.12963419,0.22232938,0.32200196,0.39284995,0.30773357,0.35488838,0.26978385,0.21641883,0.09150568,-0.18230382,-0.31809738,-0.2956799,-0.33588988,-0.29987496,-0.2843954,-0.22598824,-0.16908734,-0.12506242,-0.053681176,0.0017984619,0.06589117,0.16178507,0.22059382,0.23792571,0.31122735,0.35970885,0.36072856,0.40626517,0.49996614,0.47220132,0.46516553,0.3961831,0.39188024,0.41202876,0.43732297,0.5037086,0.5150511,0.5525984,0.54839736,0.5153685,0.438726,0.4111099,0.31819734,0.30802712,0.15919915,0.026000652,-0.14311303,-0.31929216,-0.29664722,-0.39215028,-0.40698007,-0.30347422,-0.35982525,-0.34803912,-0.27555272,-0.34342095,-0.33492482,-0.2437678,-0.11693742,-0.18759762,-0.11038056,-0.15295996,0.05725065,0.14552559,0.26380697,0.30874074,0.38493598,0.27362663,0.19584894,0.221907,0.17562829,0.07038058,0.069637224,0.11344427,0.062379472,-0.026731838,-0.015525343,-0.0065139243,-0.081166476,-0.06997542,-0.1384878,-0.14851207,-0.19368398,-0.29346102,-0.3583464,-0.17407584,-0.22465266,-0.11286655,-0.018851984,0.0115458,-0.121760726,-0.091918826,0.077884525,0.13874368,-0.00036131253,-0.0094978595,0.2713605,0.35942292,0.34283325,0.29675025,0.36361793,0.265678,0.13913469,0.04557156,0.02272017,0.013907406,-0.06655825,-0.06016117,-0.02444615,0.11505919,0.00958108,-0.04945901,-0.07880434,-0.065851346,0.007495239,0.09565912,0.035916366,0.16743001,0.21318766,0.15774016,0.09634079,0.2697463,0.29904014,0.13607082,0.085985094,0.19816756,0.16220109,-0.022460679,-0.38567734,-0.2310155,-0.33955863,-0.47554865,-0.5554109,-0.56812406,-0.53735304,-0.62002856,-0.67470974,-0.49703723,-0.42473075,-0.51466864,-0.53657496,-0.39208466,-0.3395949,-0.44268894,-0.42351764,-0.16548981,-0.057777148,-0.21293864,0.07626012,0.5848162,0.30423248,0.3831585,0.67858636,0.59258515,0.35073817,0.40001994,0.1612334,-0.08464104,-0.24271312,-0.40522653,-0.4521665,-0.43974838,-0.26828364,-0.15762702,-0.20298986,-0.071897045,0.17623422,0.31979668,0.297684,0.4516674,0.6110636,0.5733389,0.5264194,0.4125792,0.3350072,0.33060107,0.26934636,0.14682499,0.04849799,-0.005728166,-0.09762471,-0.28282237,-0.39212722,-0.43076196,-0.47012702,-0.5487445,-0.5699966,-0.54764736,-0.5749581,-0.53569424,-0.5047307,-0.45372182,-0.31870952,-0.105900906,-0.030911483,-0.0061886054,-0.003497259,-0.07048848,-0.11618252,-0.0085792905,0.013468927,-0.06535718,0.04116263,0.2267167,0.2054885,0.291225,0.5459696,0.7195351,0.7298594,0.753612,0.90063345,1.0,0.89665484,0.8109594,-0.06144281,-0.44102585,-0.39107987,-0.29666534
257,0.41658694,0.4574483,0.45940307,0.46204668,0.4908162,0.47102603,0.45095387,0.46861932,0.4284064,0.42276758,0.41229358,0.38661423,0.32783377,0.31457135,0.25678048,0.14559676,0.10849416,0.054807723,0.0039160848,-0.017086454,-0.01901736,-0.06503668,-0.11692009,-0.040850475,-0.057225037,0.06994288,0.22073548,0.2661112,0.3414449,0.33056793,0.24780886,0.35567516,0.08482513,0.021896062,0.2077845,0.22055304,0.027223647,-0.10051986,-0.09329365,0.075274915,0.13658053,0.23326282,0.3125911,0.38077635,0.30595192,0.31522697,0.23354264,0.14218211,0.01734438,-0.23341998,-0.34707743,-0.33260235,-0.36707315,-0.33625,-0.30956015,-0.25077182,-0.20827878,-0.18261245,-0.11766609,-0.057673186,-0.010498701,0.06939259,0.1347277,0.15313296,0.2165352,0.2667558,0.2733673,0.31705377,0.41006398,0.39730507,0.39923778,0.34867907,0.3474794,0.3582214,0.37575337,0.433353,0.4489086,0.48214284,0.4768596,0.45774463,0.3909086,0.36407718,0.2811274,0.24900636,0.10874562,-0.027758537,-0.16219647,-0.33785006,-0.30083078,-0.3886238,-0.386614,-0.2846662,-0.33264977,-0.31276727,-0.2464676,-0.32232568,-0.25178564,-0.16888146,-0.08218024,-0.17927256,-0.11988882,-0.1817942,-0.008532558,0.08553801,0.19468252,0.2474696,0.30991325,0.21502435,0.1422194,0.1625611,0.1205275,0.02768444,0.030231357,0.0703004,0.021765767,-0.054433957,-0.041745175,-0.031836722,-0.0978776,-0.09545449,-0.15492807,-0.137582,-0.15336901,-0.18818995,-0.22918628,-0.04163691,-0.109784104,-0.009358196,0.10159902,0.110937156,-0.02582466,0.012601292,0.16130058,0.19339003,0.06421948,0.0697194,0.30401844,0.36742064,0.34557274,0.28036028,0.3222013,0.21477531,0.09254283,0.03425088,0.04140504,0.04330858,-0.017716918,-0.03172446,-0.0125617,0.10175095,0.03619794,0.0112903835,0.0067370012,0.03017903,0.116953984,0.21483375,0.17297861,0.29653692,0.36100465,0.31278083,0.24007134,0.39383757,0.44069618,0.26088518,0.1810833,0.2866769,0.26534668,0.07906828,-0.24446057,-0.11844973,-0.22839527,-0.36207893,-0.43638876,-0.43871284,-0.42842558,-0.5075895,-0.5451588,-0.41666073,-0.36972886,-0.46069422,-0.45912206,-0.32613388,-0.30455858,-0.3899084,-0.33972368,-0.11437381,-0.05404249,-0.1488064,0.15274407,0.5337906,0.27329934,0.39258134,0.6365945,0.5290732,0.32166928,0.38999957,0.1800463,-0.032611888,-0.19571988,-0.33452326,-0.38035786,-0.39828396,-0.25676227,-0.15626034,-0.22805537,-0.13415101,0.08836154,0.19241002,0.13762632,0.29082054,0.44275907,0.38556135,0.34135714,0.22813873,0.16546045,0.15866384,0.09669193,-0.014888007,-0.08881507,-0.1375169,-0.21639203,-0.36755547,-0.42870808,-0.44099167,-0.46999276,-0.52461547,-0.51281756,-0.4906055,-0.5208867,-0.5081706,-0.5065519,-0.46137118,-0.36355576,-0.18516615,-0.10521035,-0.06711563,-0.06701698,-0.10756687,-0.122871496,-0.034379777,-0.032635514,-0.08172257,0.02145249,0.16117363,0.14427744,0.27319318,0.47927484,0.59785277,0.6714724,0.7450745,0.8045835,0.89665484,1.0,0.89367026,0.05827698,-0.3198101,-0.30864662,-0.22675404
258,0.41035736,0.44570607,0.4561436,0.45622173,0.48579162,0.47554365,0.46597454,0.47259912,0.4302201,0.4322191,0.41816515,0.3816047,0.32876125,0.32611915,0.25126487,0.1361356,0.11621064,0.06758977,0.007013486,-0.021445764,-0.008793115,-0.05229624,-0.11058344,-0.023898095,-0.03611359,0.10040178,0.25615117,0.2976827,0.35831738,0.32314813,0.23422962,0.301226,0.094478585,0.05622718,0.19490583,0.21082078,0.05698351,-0.048186146,-0.023643512,0.12664075,0.15406692,0.23363984,0.307294,0.38609043,0.3159831,0.32544073,0.24152687,0.14701535,0.0013236994,-0.22468589,-0.3362926,-0.32505134,-0.3751689,-0.34106815,-0.32315856,-0.26537442,-0.22314267,-0.1924103,-0.14175732,-0.0739903,-0.022448264,0.058430664,0.12270341,0.13882418,0.21340944,0.26664418,0.27024344,0.31073865,0.40017322,0.38950238,0.38945264,0.34652948,0.34498793,0.34962636,0.36195964,0.42095605,0.44109282,0.47151265,0.46544108,0.45330366,0.38894057,0.36973962,0.27216315,0.23440118,0.08000926,-0.038629483,-0.17417158,-0.3358345,-0.29155883,-0.38384482,-0.3790665,-0.27600226,-0.3187797,-0.30250573,-0.25006026,-0.3237326,-0.2631414,-0.18780294,-0.08346318,-0.18579726,-0.12515336,-0.20013486,-0.04575479,0.050644524,0.1638016,0.21472324,0.27405667,0.18679053,0.1121957,0.13224539,0.09203005,0.0013366408,0.017687405,0.058985967,0.007724253,-0.06417244,-0.055496655,-0.04782566,-0.1066618,-0.110683024,-0.16943803,-0.16661888,-0.18785392,-0.19354121,-0.22060442,-0.034098722,-0.08069973,-0.009840071,0.09463281,0.11299906,-0.019599965,0.0048623,0.14959009,0.18700412,0.05660033,0.0590665,0.29447776,0.36660847,0.36979058,0.31492853,0.35331044,0.24150628,0.1251547,0.07047491,0.08249918,0.05998112,0.004010371,-0.0144505575,-0.0066953446,0.095966965,0.04326114,0.015427309,-0.0043897377,0.013635428,0.10221932,0.18449295,0.13061465,0.24703749,0.3348354,0.30457473,0.20891723,0.33495826,0.4136719,0.24720314,0.15813711,0.27065265,0.2765248,0.0802988,-0.19953191,-0.078049794,-0.17926861,-0.30241066,-0.3763718,-0.38067907,-0.37159583,-0.45224765,-0.48890698,-0.40806302,-0.36586973,-0.45935044,-0.4627024,-0.33372208,-0.32689035,-0.42926604,-0.37164104,-0.16768612,-0.16062199,-0.23838061,0.041484334,0.37962043,0.1439511,0.26592612,0.5170284,0.4186656,0.225112,0.28791276,0.09431902,-0.10412161,-0.25399366,-0.37573063,-0.42256877,-0.4410894,-0.3185462,-0.2379844,-0.30758703,-0.21234661,-0.0061289454,0.08177333,0.041656695,0.20291428,0.3464395,0.29500204,0.27399704,0.16693275,0.12005473,0.1084377,0.03909693,-0.061424576,-0.124005,-0.19899204,-0.27486554,-0.40029514,-0.4533145,-0.47663817,-0.49494234,-0.5318313,-0.5173448,-0.4964931,-0.52055275,-0.5145816,-0.5163239,-0.46585354,-0.37965965,-0.20466018,-0.12126571,-0.08021095,-0.08422392,-0.105472624,-0.11336033,-0.032365922,-0.034151755,-0.08152892,0.024725992,0.1511961,0.11401446,0.2576726,0.4642229,0.5420037,0.59215647,0.71462584,0.78734225,0.8109594,0.89367026,1.0,0.25928512,-0.17667772,-0.1780007,-0.0876441
259,-0.12826823,-0.14562605,-0.116305605,-0.13603897,-0.13646683,-0.10834411,-0.087281056,-0.11380805,-0.10607882,-0.11293639,-0.13123888,-0.15274663,-0.16183296,-0.14294724,-0.16932172,-0.1790826,-0.14670928,-0.11839873,-0.12629038,-0.17785889,-0.16367903,-0.14763476,-0.16074379,-0.1766374,-0.18967539,-0.19642618,-0.16800049,-0.115636446,-0.09342336,-0.13740747,-0.1802964,-0.35214427,-0.047453564,0.15604644,-0.124320015,-0.15261936,0.07852126,0.19708675,0.3299789,0.24836987,0.079762384,0.002451444,-0.07062004,-0.08326801,-0.054732583,-0.13231136,-0.16832742,-0.25204462,-0.3656436,-0.16684556,-0.09710932,-0.10482986,-0.11197218,-0.092668325,-0.050644506,-0.051636554,-0.053465657,-0.082971804,-0.14753693,-0.08863435,-0.08271594,-0.13159052,-0.103330106,-0.09797126,-0.09862314,-0.08130355,-0.059755065,-0.055630825,-0.098040484,-0.11253576,-0.11897742,-0.10569012,-0.103923425,-0.10962273,-0.11463385,-0.12768383,-0.12823197,-0.12265221,-0.13464853,-0.12703091,-0.11398216,-0.10162888,-0.12677707,-0.18395911,-0.23251931,-0.2362265,-0.22245508,-0.16836824,-0.15037261,-0.115732186,-0.08923737,-0.111123756,-0.051940925,-0.030862277,-0.107489996,-0.029647479,0.0363963,-0.014263696,-0.08081413,-0.12380441,-0.14757556,-0.15033717,-0.2524126,-0.23966926,-0.19406675,-0.19619238,-0.22531748,-0.19963376,-0.17211835,-0.13648753,-0.12120105,-0.096952364,-0.05516001,-0.03637965,-0.032463953,-0.017014313,-0.05493299,-0.085486546,-0.06498805,-0.1188899,-0.09474291,-0.10580482,-0.061562046,0.16292857,0.23919226,0.25164562,0.2596769,0.092372075,0.084688134,0.07163646,0.08660006,0.05620263,-0.014658012,-0.06787832,-0.025628028,-0.016794857,-0.10754073,-0.12661242,-0.0689716,-0.10497183,-0.115191944,-0.16491249,-0.15603392,-0.10372178,-0.023521718,-0.025640631,0.014503641,-0.05900154,-0.11751647,-0.15033625,-0.066944145,0.03449544,0.066663,0.07379055,0.20256339,0.14597575,0.10293829,0.13083808,0.3060676,0.22717288,0.039599385,-0.0037166465,0.13965425,0.01099467,-0.122548304,-0.042787384,0.01737924,-0.060397927,0.27935326,0.38322362,0.39863247,0.4283721,0.34298417,0.28593603,0.30054775,0.3268186,0.37727484,0.119597115,0.090629585,0.10329068,0.11016738,0.066380315,0.045379333,0.046345998,0.07015284,0.009554507,-0.08354335,-0.0076696705,-0.028993014,-0.17814824,-0.14538385,-0.1484167,-0.19240946,-0.17458981,-0.15286282,-0.16368625,-0.12098703,-0.06958591,-0.004900375,0.068698145,0.06366815,0.020349383,-0.03286558,-0.0639129,-0.09926939,-0.15057018,-0.19463517,-0.26394036,-0.325921,-0.3221312,-0.34494057,-0.3640755,-0.35396045,-0.3540243,-0.34017628,-0.37337035,-0.386044,-0.36791593,-0.3257637,-0.32230923,-0.29919484,-0.20451476,-0.106786676,-0.06458021,-0.026628442,0.0334346,0.1024676,0.10639368,0.10839621,0.05684871,-0.010955061,-0.029459903,-0.14623387,-0.23386753,-0.2279321,-0.20579423,-0.24461392,-0.102657735,-0.013391219,-0.037363395,-0.069091834,-0.036695752,-0.037647042,-0.113573246,-0.11832934,-0.037999228,-0.07089335,-0.14346196,-0.10056607,-0.0093995575,-0.034312792,-0.06144281,0.05827698,0.25928512,1.0,0.7764645,0.581152,0.495469
260,-0.31570724,-0.3551996,-0.3290161,-0.35699582,-0.38161764,-0.37066394,-0.33216536,-0.37428713,-0.37586895,-0.38837552,-0.40468553,-0.40236703,-0.3815393,-0.3810608,-0.38158917,-0.3160577,-0.28722844,-0.23670086,-0.19479893,-0.2414846,-0.19082566,-0.15674122,-0.15043926,-0.20586713,-0.1823493,-0.25171557,-0.3067705,-0.2694161,-0.27673745,-0.28354517,-0.29758927,-0.44227275,0.076658815,0.093565285,-0.257033,-0.24813503,0.100784905,0.36395076,0.384988,0.18726648,0.006498863,-0.10513524,-0.21858774,-0.28099856,-0.23885722,-0.32052115,-0.3273541,-0.36720735,-0.35473692,-0.105679594,-0.004368824,-0.010486736,-0.008013732,0.008745377,0.064712316,0.051331438,0.009292448,-0.06585381,-0.13316122,-0.07328852,-0.11503877,-0.2189604,-0.2032653,-0.18736584,-0.22253822,-0.23959969,-0.21285829,-0.23515326,-0.3486763,-0.31482318,-0.30081543,-0.24334519,-0.2391669,-0.24888262,-0.2694825,-0.3274452,-0.33890483,-0.36643067,-0.3733643,-0.3451678,-0.29491574,-0.29095238,-0.31395507,-0.36091194,-0.22536987,-0.21642235,-0.16403788,-0.06897423,-0.068958074,0.020620864,0.0668593,-0.01179926,0.026430476,0.013063057,-0.019851172,0.21958974,0.25452688,0.13663027,-0.034333445,0.0026508872,-0.014941441,-0.03993032,-0.26391497,-0.27349576,-0.3080768,-0.32084826,-0.36765733,-0.28507218,-0.22513929,-0.20195545,-0.16461442,-0.08008674,-0.03320022,-0.053343,-0.009603963,0.056234416,0.030068683,-0.009613392,0.03570257,-0.08463633,0.044542834,0.046009608,0.077528305,0.29030344,0.36203188,0.32778338,0.32503602,0.13736822,0.08794702,0.032512207,0.07614254,0.046760313,-0.10903712,-0.20305097,-0.068883754,-0.06705886,-0.26648107,-0.33774135,-0.2618224,-0.2790528,-0.31401598,-0.2947676,-0.22414777,-0.13398997,-0.07914296,-0.12566322,-0.01387362,-0.048094567,-0.13966034,-0.23798107,-0.041597053,0.0510466,0.08338478,0.07471753,0.14286768,-0.0068922313,0.0136209475,0.01885189,0.10488169,0.07276403,0.039613716,-0.03702913,0.039475463,0.040815376,0.032668553,0.032099556,0.055011023,0.13035825,0.54229575,0.35724533,0.40088034,0.53338385,0.5368218,0.56238943,0.5893514,0.61729,0.63512725,0.227954,0.17724949,0.22392972,0.2330444,0.13693027,0.11355519,0.14652649,0.15936989,0.03298251,-0.100632705,0.006450679,-0.11327495,-0.3918888,-0.26215798,-0.2926549,-0.4010068,-0.31229326,-0.20851722,-0.2544772,-0.1708169,-0.068641,0.03955036,0.12674004,0.15451415,0.11113021,0.0011181443,-0.06319231,-0.06526986,-0.15753789,-0.27431813,-0.34151208,-0.37075025,-0.45013332,-0.5163383,-0.49871466,-0.4716335,-0.4310383,-0.38366297,-0.41067022,-0.39115024,-0.34563357,-0.23762916,-0.24763918,-0.25534132,-0.09424755,0.032288615,0.03604808,0.074202895,0.17788225,0.23083666,0.20861906,0.23407683,0.17284697,0.12381124,0.109656975,-0.00890382,-0.12849052,-0.1370615,-0.20093992,-0.24287298,-0.07805447,0.029771905,0.015453253,-0.028786536,0.023614625,0.003668819,-0.12176471,-0.097339205,-0.057515804,-0.19704644,-0.3227089,-0.2839099,-0.2337966,-0.36238798,-0.44102585,-0.3198101,-0.17667772,0.7764645,1.0,0.86861503,0.7271535
261,-0.2745208,-0.29128158,-0.2628544,-0.28102985,-0.30818453,-0.3180632,-0.27957368,-0.32880428,-0.3555444,-0.3510876,-0.36536434,-0.37052518,-0.34743562,-0.33718085,-0.3352985,-0.2616409,-0.24157631,-0.19213916,-0.14006534,-0.18609206,-0.11008843,-0.092596546,-0.08750103,-0.12591505,-0.107761,-0.18893898,-0.26806027,-0.24840368,-0.2597552,-0.2452981,-0.38353735,-0.36909267,0.103652656,-0.10955082,-0.4103103,-0.3458448,-0.04805887,0.28757328,0.24346302,0.14742945,0.025613705,-0.079541124,-0.20551163,-0.296621,-0.28244177,-0.30605116,-0.31056482,-0.31192693,-0.23419955,-0.08583556,-0.018381119,-0.047346927,-0.05008724,-0.025139486,0.047021046,0.02905042,-0.003222546,-0.08198575,-0.12603614,-0.06045356,-0.11054018,-0.20689696,-0.18202777,-0.16330919,-0.18316945,-0.19661614,-0.17699632,-0.1970401,-0.30137715,-0.2890311,-0.28454515,-0.23832485,-0.23157564,-0.2347692,-0.25112572,-0.29476038,-0.29905826,-0.32231656,-0.33061686,-0.31502858,-0.28657097,-0.30195394,-0.3561679,-0.37521726,-0.15831457,-0.19536299,-0.18059784,-0.094518825,-0.06957492,0.020435028,0.02195813,-0.03127181,0.008236051,-0.046251744,-0.007048398,0.35462466,0.28445697,0.13227971,-0.047888335,-0.015067874,-0.0011411923,-0.009424022,-0.25360876,-0.26022208,-0.30997518,-0.32048377,-0.35479307,-0.29453453,-0.24710612,-0.22119534,-0.19214213,-0.11345308,-0.0638359,-0.08908514,-0.032775532,0.03602466,0.03511815,-0.014199285,0.01843953,-0.14884506,0.044857252,0.042418085,0.05844317,0.20286925,0.25449216,0.2675114,0.22975658,0.05436018,-0.00092687993,-0.06349027,-0.010711321,-0.043130748,-0.20339291,-0.24694668,-0.08290347,-0.11659111,-0.26898307,-0.32632416,-0.25666875,-0.25206774,-0.28606197,-0.24744886,-0.15241084,-0.07091943,-0.045961723,-0.11828334,-0.0070201154,-0.0064878403,-0.10027988,-0.15487117,0.040877443,0.045794792,0.046331782,0.012384041,0.055590525,-0.12213344,-0.09079114,-0.04845428,-0.031955555,-0.10126978,-0.031620964,-0.015276832,-0.013586616,-0.0038750395,0.107053936,0.14074269,0.09287996,0.19578676,0.5982339,0.31831935,0.34607303,0.4942963,0.50406444,0.55669415,0.6058669,0.5887949,0.524072,0.17961706,0.14985135,0.15649895,0.13800567,0.09471863,0.06542206,0.032710083,0.058593255,0.010546994,-0.20216213,-0.1567153,-0.20502415,-0.4230973,-0.3862261,-0.38014877,-0.38140067,-0.32209393,-0.25952578,-0.29307222,-0.28303057,-0.2133018,-0.14998066,-0.08210028,-0.032660518,-0.0718204,-0.197701,-0.25429848,-0.2172646,-0.3131935,-0.40483937,-0.3918389,-0.3579114,-0.4441342,-0.4582225,-0.3785404,-0.32358238,-0.28788975,-0.22680633,-0.24152,-0.24379611,-0.21854386,-0.084133215,-0.15641758,-0.27509928,-0.08298719,0.039135702,-0.08114031,-0.05694734,0.10189443,0.11170797,0.04737902,0.10412175,0.032477763,0.050420087,0.11786483,0.08918436,0.06391729,0.08755128,-0.03231297,-0.09795883,0.040636387,0.14379905,0.17443588,0.12895434,0.16308661,0.16898894,0.06967024,0.080743685,0.10965362,-0.015933912,-0.1539014,-0.14198008,-0.109187275,-0.2428931,-0.39107987,-0.30864662,-0.1780007,0.581152,0.86861503,1.0,0.91076946
262,-0.16433051,-0.19450746,-0.1861807,-0.2134566,-0.23656932,-0.2543012,-0.2086257,-0.24167022,-0.29224846,-0.28499937,-0.28891328,-0.29692584,-0.29774758,-0.28431916,-0.28784302,-0.23691115,-0.23143157,-0.18284814,-0.15281072,-0.20073137,-0.12555656,-0.11560246,-0.11600444,-0.13564052,-0.118584156,-0.17418309,-0.22411351,-0.19332224,-0.19242579,-0.16536842,-0.26937392,-0.24151751,0.16822419,-0.06503818,-0.30938673,-0.23606189,0.010099469,0.30162776,0.22344619,0.13762239,0.038489345,-0.03880061,-0.13430844,-0.2144379,-0.21396664,-0.24010073,-0.25168765,-0.27437544,-0.21164557,-0.11833624,-0.07516836,-0.079621196,-0.09378664,-0.05900918,0.013117655,0.0044725183,-0.023701437,-0.09470452,-0.114757374,-0.042250287,-0.09897769,-0.17877103,-0.13657275,-0.1200091,-0.13362643,-0.14502773,-0.11453745,-0.13039756,-0.2258016,-0.19524153,-0.18292242,-0.13976637,-0.1393465,-0.14066415,-0.1548316,-0.18989575,-0.19238047,-0.22074601,-0.22813907,-0.2118121,-0.18531266,-0.21270359,-0.27456477,-0.30015153,-0.100156106,-0.16009124,-0.17867519,-0.12475732,-0.09632886,-0.019915378,-0.016767757,-0.05429572,-0.04462423,-0.09643703,-0.028906055,0.29968336,0.26270857,0.14041747,-0.03704187,-0.012547854,0.018772967,-0.03147848,-0.22749873,-0.20961402,-0.2451597,-0.2424134,-0.26232243,-0.2080774,-0.17428136,-0.14511567,-0.14130448,-0.06663846,-0.029751992,-0.07703128,-0.015304052,0.041968893,0.07018435,0.025989654,0.043147393,-0.12662162,0.05922091,0.06223877,0.06408586,0.1674912,0.19685999,0.23782939,0.20359257,0.07327033,0.03738128,-0.016634919,-5.920362e-06,-0.029707026,-0.15094897,-0.18861668,-0.061585397,-0.09302928,-0.20720175,-0.24844787,-0.1854016,-0.19761574,-0.23162338,-0.22225206,-0.14184493,-0.069911495,-0.051608436,-0.123094976,-0.026477965,-0.019117123,-0.09904378,-0.15479168,0.045322813,0.05476205,0.055287696,0.0076432363,0.032023918,-0.13381344,-0.08533937,-0.033878468,-0.037177064,-0.06851884,0.024838878,0.03842354,0.03684017,0.06781062,0.17297834,0.1857523,0.14783195,0.24284048,0.5101757,0.21552694,0.21762611,0.3414913,0.36045057,0.43294683,0.48124915,0.44915196,0.38666767,0.07243297,0.036501028,0.040996455,0.03460575,-0.0032393734,-0.026191851,-0.05130125,-0.025075419,-0.05967221,-0.23175266,-0.18316333,-0.20668916,-0.3557909,-0.32156253,-0.29912663,-0.27184588,-0.21842907,-0.17307614,-0.19601794,-0.20833375,-0.17337966,-0.14284863,-0.11607767,-0.086157985,-0.11824521,-0.20719224,-0.25395915,-0.24071689,-0.296374,-0.3487605,-0.3381591,-0.30270228,-0.35796008,-0.36117786,-0.30896968,-0.25900206,-0.23459637,-0.18374954,-0.19032048,-0.1902199,-0.18157426,-0.06494976,-0.15246306,-0.26357928,-0.12097386,-0.036615696,-0.14330544,-0.123651624,0.0012351257,0.007982447,-0.040216543,0.0015581489,-0.053056244,-0.038187712,0.014173328,0.004050941,0.012157562,0.046776515,-0.07183019,-0.11693642,-0.016163016,0.06499939,0.1118261,0.066862956,0.08948311,0.10821348,0.0400214,0.04382765,0.084416375,-0.0054870746,-0.11485926,-0.102222145,-0.063719004,-0.17252044,-0.29666534,-0.22675404,-0.0876441,0.495469,0.7271535,0.91076946,1.0
