PC1,PC2,PC3,PC4,PC5,PC6,PC7,PC8,PC9,PC10
-14.415217789677172,8.377925076857757,-11.17003089375086,-3.7865745247107956,7.26510311791952,-1.6722986167375682,2.0258641911547137,3.5544569028113657,-2.294992969819009,-1.2370628430376427
-14.049461389206538,5.996948124902051,-9.658793480771308,-4.618026081511025,5.130962569232587,2.2045045601579556,2.1308836036759096,0.8754069145127543,-0.9292075066814811,-2.4870047969802047
-14.123176843147368,7.5523423463212636,-9.853015070998982,-5.510045946157849,5.393762862446936,-0.550234919797484,2.429255040122174,0.3486864626775011,0.49784483748037595,0.6523166361557098
-14.067579988295746,7.144212938215059,-10.109712050844085,-6.00329304598086,5.551825761508957,0.6873487565715561,4.270988798621021,2.809253703966099,0.9592525859533776,-1.046033844752744
-14.26514023449146,6.363123081950711,-10.085060912333592,-4.615668922638797,5.722830311433438,-1.1486797751183475,3.6777519020136835,0.45563740594325935,-1.9788142803773405,-2.3536964778451073
-15.95532179833943,6.119451560868407,-8.769785211422505,-4.383316945752024,5.060486205650473,-1.2599883513629933,4.664035235667862,0.01708612492494909,-0.8084904644335799,-1.5282461489926298
-12.51702862302919,6.2276737401353515,-10.314015125990831,-5.446731992223078,5.4425651614491395,-1.941396974432904,1.9018138542096237,0.7153723143293325,-1.5103082944127153,-2.7283076885821513
-17.1518461402482,7.5296389324065185,-12.00185810293418,-5.752960926678469,5.05017319632291,-1.4674151529794623,4.084298512278637,1.2563315436225175,-1.1676602174400361,-0.9207163136188515
-15.476203126047634,11.04663590108847,-10.989747297850963,-3.8989391688158492,5.763411608616215,-1.7547600359175979,3.3006460932347936,0.14215370005421965,-1.6982562395031797,-0.4089157797615136
-14.231907805621839,11.174079769845395,-9.22866453328292,-5.8645374798519185,5.2822330300188804,-2.583278544268788,5.035517623599484,0.6108396763802325,0.7539518813036705,0.5105740583831275
-15.58956099118896,9.912211659940382,-9.207290169120869,-4.668471257745429,6.334049876644131,-1.8990045445329187,4.354096501268903,1.3580350697604373,-2.773647274571018,1.1557787659688379
-15.194887121863752,10.703948229259032,-10.85936202795257,-3.702626791812436,3.7333047624086375,-0.026293570306244476,4.149019392971772,1.9434663934934369,-0.7384183270908378,-0.27467923707998393
-14.320092480695685,10.260762649047614,-11.038674389863672,-3.7644856706212972,5.644183016530408,-1.4200211519739825,5.525464902818363,1.6905478423698286,0.42888664541096105,0.6325056788493093
-15.365145303551818,10.786684937892755,-8.662852032401076,-4.830679710313727,5.4837873472447685,-2.022115959499056,3.1022032500664096,1.0798424172591266,0.8431672628066403,0.16755400419406022
-14.855202814668614,10.38597507762586,-8.947996819760375,-5.6161206142987705,4.281937562306121,-1.9746737764432738,1.1219989212084764,1.6957376198926224,-1.083737182910765,-0.6097081590860861
-17.90064003273711,13.665578808768272,-11.3112850113059,-7.232390782907136,2.7239545629845923,-2.4511692570810095,6.582080388331682,0.046482927836993,0.8861255777598176,-1.8452359892413654
-15.865383815405869,12.183843528721681,-9.907553410091332,-7.316777152359712,5.496446511184179,-3.4672029386658085,5.591013910425964,0.7772841732427714,0.7162953014066202,-3.946854125071217
-18.445393003352777,9.6420681308417,-9.94915268009431,-6.251667786446064,3.9856551928132937,-5.611410733489539,5.656287116251212,2.7099218892010857,0.2392268229730106,-4.2829921214148206
-15.991657690267608,8.413592836282913,-8.365182851740311,-5.779267017359957,4.704320351808416,-4.181361938042001,6.1072966235354125,-1.272825406789304,-1.108522867346981,0.6137251619039076
-16.09455761076154,11.236439149132703,-9.304972258929222,-4.392733437318209,4.181412310739765,-2.3346402869270135,4.9859802281316705,3.009856854338799,1.0723840848296466,-1.1652186978556456
-16.63132504873214,10.483332440116643,-8.526931303954377,-5.742085563641728,4.068856437743785,-4.697162040748026,5.250385459163708,0.5894235495690427,0.4998945969095574,-1.8755047374150258
-16.34303295399241,10.684797551284147,-10.154966153260553,-6.650531866394073,4.205832093256639,-2.524640085412163,6.530489107856971,1.126912977843898,0.45483182821114854,-0.4723601437735473
-16.825303947007633,12.211345769259404,-9.53751387139008,-4.996013106359423,3.5491201679702353,-3.4731638632704067,5.166121071992238,0.5587392304311396,0.1762003630447674,0.1923776261532144
-17.068950534092554,12.786665228856558,-9.602932311017803,-6.264201450440838,2.827607110514444,-4.113220994711438,3.2161105735086175,-0.4798476076749151,2.9373032674196784,-1.0152808292564266
-16.61785535351516,9.350520013461914,-7.998602196294528,-4.836210347850916,4.384392211586104,-4.982483202344105,3.847732667747809,1.3227565696196906,0.056642097046121456,-4.435649524655523
-14.497072733797458,9.253131628023835,-9.240249951222001,-5.366999857463659,4.499566144477517,-3.276333708507189,5.748965336781188,0.7519841459372794,4.261644909848761,0.7664870444922848
-18.798020029356604,10.952422582804548,-9.073872037640706,-5.629264466301093,4.276665995738416,-5.104433285000672,6.3632692691195,0.4719569269368819,2.9558178202244525,1.896235844850734
-16.937091728312467,12.490492463826056,-10.949984128580363,-5.544253787364221,2.7040181933244005,-4.505044405552507,4.314091901902144,-0.8527512191551975,3.2088562894618358,-0.36615461073215577
-16.347921228640345,12.220346473685206,-10.736611451867605,-7.302139807621797,3.4701735066868364,-4.898806800983972,6.020312477810346,0.38763969385201297,0.975824089911167,-1.477579445505378
-16.458884208750398,11.762000791419483,-9.322784168916234,-5.391040598460465,2.7511413157213895,-4.429214032466562,5.122144861297705,-1.254789355897935,2.6687593743652145,-3.7887610951219077
-15.087381777427757,12.366680473756418,-10.72218371606663,-5.141247449232084,4.7974635092585265,-2.274097395829231,3.6511602886046495,-0.1932185512633966,2.9301296282157794,1.248123555206878
-15.508953138022667,12.602876548007647,-9.432358460441561,-5.908026510248342,3.5660074508792508,-4.001100824076689,5.240482643318513,-2.692913665168381,2.3447327497645833,-0.9141138049824584
-16.419689997747167,12.80525698934548,-9.102433353198586,-5.56833588869373,3.883573566301054,-3.1461180041560084,3.9976516666549666,0.057203891803566366,2.7807255945781466,-0.5704941338336215
-15.660574250852704,13.15685796060992,-11.454485047280174,-5.58701093613967,3.725489601190366,-4.55016802766733,6.014440367716803,-0.280098353672437,3.335036187126095,-0.5580318368404125
-16.454510764096057,12.330071201223278,-9.967225646642346,-7.390577185245756,2.582474738941561,-5.4358295010338065,5.8389675463574475,0.4570504162550712,3.0837146103347592,0.9427674165600195
-13.475770270090614,13.88709765054494,-10.05088437641355,-7.895109782287105,1.0678227104854376,-2.1712474907806056,2.6570241775318397,0.7758194979597796,0.9637332889125585,1.2953186195644268
-15.561019117727241,12.784137773054882,-10.745918004907933,-7.854231288891574,2.8868286369300318,-4.641116615066289,3.1785910805666484,1.6819897567644826,2.835102628571813,2.457860234207196
-16.35550703734608,10.237962816822886,-6.724744376048662,-4.061568173683543,2.7015736561209303,-5.48164353802545,0.2081964139835236,3.356722726424428,3.104771661185486,2.7170694013630037
-14.679440868449431,12.590646837436653,-9.057837897216785,-6.800802091817838,2.814028318318508,-4.611236715392731,-2.5856724421619695,1.3155416930711086,2.4905605223070144,1.1729824300283915
-13.899584996805155,13.229733393494161,-8.744969375762876,-8.43921307860178,2.5280235748075808,-4.238256445145754,-0.6445517607098123,-0.5170950145843021,3.4262601216661057,4.685651069380539
-14.120881244431942,11.413506476614302,-9.09260677777725,-7.951918940298425,3.8935924413998224,-4.209462324088702,0.5111813544734353,1.7225818458147677,3.8296220641664003,1.0794951491422642
-14.317625770510238,10.427016035718955,-8.243356609677651,-6.763930034058979,4.57006546658243,-4.137155417817003,1.6492371268845685,2.2776594819623286,3.304694880474654,2.542408383038604
-14.168291554986213,12.155253492736955,-9.977055059881838,-7.018448724075976,5.542438720572621,-4.625092548852227,-1.2579334937364388,0.6985683188374379,-0.15752384596432142,1.4904240469006287
-15.678059811935215,13.040651690769886,-9.046066128414958,-4.875034970722382,4.342357812992064,-4.14013262835403,0.16208652290892406,2.1316264467781787,-0.9965358606468753,1.8195479770442278
-13.989119553684548,10.906928248754618,-10.113941395988185,-6.365753780139433,4.587055309097406,-4.933153001138732,-0.2513368560476501,2.796406993585075,-1.3633262297667692,1.3375760035481195
-15.839342078273408,10.2462262947222,-7.7791093604795165,-7.660818526877521,4.1456791116753156,-7.553983972782784,0.9665548137511423,2.2477629698670993,-4.704921885418408,3.0614455953239754
-15.917954322253085,10.55580309473686,-6.964437152049302,-4.257414650911805,3.279818415490956,-3.442429485162561,1.8980911741842883,0.06575680392902203,-2.6595116245060653,-0.23997558738599845
-12.28028099300406,8.175050086811835,-7.948190262916639,-7.0713263045716666,4.323331348357009,-3.1791621956289315,0.5353644818064835,0.5215468636334168,-2.692638147526399,-0.5020698116915001
-13.22076394891431,7.744927999034271,-9.338960007863237,-7.78783507308378,3.1054660244013594,-4.885583283178803,0.9375343198400303,-1.7984285968925329,-3.5470848272540185,0.7162395673626354
-13.804025949556529,9.17142248729405,-8.942252427634077,-6.7408863681490105,3.6654410653324145,-1.2383392389375245,0.3808017320414776,-2.3490783366700807,-2.7947718722166557,0.8715699951533891
-14.397081067563043,9.560401926797718,-9.541259608219704,-5.513922410223935,4.271564220049813,-1.2346445711805567,0.7308314053594158,1.392567747752642,-3.983419490332797,0.20571317562331723
-16.455984586486476,8.41861100330296,-8.925951699672405,-4.699439533076072,2.927928360553378,-3.1085510447621623,2.1044784518793893,0.7425583849975644,-4.469651700584166,0.7129629464422587
-16.671870354152546,8.115959651465447,-11.08469268431701,-5.831661082938066,5.03065170216065,-2.0899917066915115,0.3412819839295368,-1.8307686707835562,-3.5720509182935105,-2.5701925281247084
-13.756041450405924,7.6601164425453705,-9.029313513794472,-6.666156794219881,3.4425576825397854,-4.509403258942275,-0.8801110310196162,0.00011868252250632884,-2.378928941792234,-2.393935390512677
-15.959427789992539,9.293196206537283,-8.331708731699022,-3.4416141068736024,4.563079147809719,-2.015511985419799,0.4642009310050287,1.0037422569164622,-0.5703917604210326,-0.4722907277042892
-13.118741071282077,7.30077346940731,-7.278325724764971,-5.431608791375461,3.3390749657609167,-1.7879062307275375,0.1089671015860035,0.2735530561519041,-1.8918022429930919,-0.2535296624753799
-13.906280134045666,8.131572851959344,-8.405065129235071,-2.6774431727415973,3.1358287385868473,-1.5728185674370119,-1.304558929432918,1.1776504250553776,-2.7928667094272766,-1.1234151160278827
-12.361622998313383,8.202835959113864,-4.907874695434933,-2.094283368216295,0.42246283260986095,-1.3220366659182303,-3.1321819844251704,-1.1755391540277762,-4.257525498993517,2.451207423023704
-12.621226595262755,9.496373145348175,-6.094469284445323,-4.35694723936479,1.8157320078982127,-1.7476422499772581,-0.7393805447850642,-2.8755018975536153,-5.197462064136661,1.4648119783414195
-12.33706236215216,8.221588863202177,-6.379540373960395,-2.0367708961173805,0.8378192524958051,2.0395927513900585,-1.0214376167804404,1.5701915459759128,-4.79717423041291,0.3914216612101613
-12.829054799059445,9.09874612182218,-4.879257229949938,-3.3421510087079156,-0.06091173037422773,3.0842313192996147,-3.601953742627414,0.5283843219930875,-5.914591583879552,2.53371172932975
-14.412204673157822,6.940908139416395,-5.770103507540714,-2.0860570990414247,0.9133835751377346,-0.1634486931853239,-3.002188557489113,-0.13279475773306132,-8.645131861929036,3.5761560945950728
-11.872864018318856,8.09468155911796,-4.909822548298982,-2.113391730524997,1.7310575250908318,-1.7829214614750593,-6.499058079177291,0.2826400281173335,-7.98560762487269,3.973861394467817
-12.388376965985636,8.044055680164426,-3.8041930663254404,-0.0893708288220912,0.29994725773833253,3.61783876361687,-4.35861962209337,-1.6244710297952298,-6.057934129527963,5.409730717654657
-14.762761118429463,5.50377013589377,-4.570996130799155,1.9095539925759366,0.7670657739369353,0.5422972765486589,-5.864425512643476,1.5465383555833272,-4.361541768042641,5.827535864617131
-12.607832094516251,6.994991567095382,-2.0003546324965473,1.8185066242916381,0.707685354253303,-0.7787281264362044,-6.415528620133626,-2.2663466257942653,-4.342167975067115,3.672459524711108
-14.020475751474336,6.02791081953883,-3.5383622301226514,-0.030916371351291775,-0.42196887297530994,-1.2463945163629717,-1.9332796060598796,-3.035899703749785,-2.8566081053809373,3.976512578285275
-14.39764272219545,5.816403915263858,-0.14494268165414356,1.801396113288856,-1.5657112184605173,1.361845575822178,-4.416867275655713,-0.810774345190633,-1.6992372542244372,2.745871619634271
-14.530471982392331,5.028722127635515,1.207084838347443,-0.07589802161455761,-0.6921362511391561,2.0598321785358746,-6.560546346885099,0.6579245921750134,-3.0426158346921226,5.8782105607061546
-14.48060587120997,4.520113344749763,-0.7400082103163537,1.4301469431594527,-0.036190208102785504,1.2557315834136957,-5.184960686495106,-0.05524827859162528,-4.574267706308589,2.9739497182287784
-13.535963691131169,5.055232608484518,-0.2675071535984842,1.1143824089757783,-0.4738943877280819,0.3378773325176357,-6.675391116135881,-0.43998452148424755,-4.336968654136351,3.9627388962839944
-13.90423908530361,5.479441063397127,-0.48231002577417287,1.6745420935452737,-0.02366259622099961,-0.9795978039307182,-3.438683885563329,-1.584225029306645,-1.5369499039924661,2.414708132285501
-12.597961489599415,4.196909092423445,-1.8849826438406643,1.6797551234479056,1.229237358621086,0.21739073538886985,-4.382562210535184,-1.2973748654757138,-0.12151739719387292,1.942718083380171
-14.275884163124616,1.7852001789421774,-1.4659692510066649,-0.4229583799305217,0.11335792499608482,-0.9366128444604892,-3.0564507589085084,-3.114182984290989,-2.7247777583749544,1.8862045722203138
-13.058520368839016,4.306381238292125,-2.3465726633323696,1.2978226102854415,0.3273650135993817,-0.8396279012554978,-4.231032233477456,-4.91367711397984,-2.92186740367607,5.131358688979455
-12.930607986762107,4.964815094737621,-2.7674101180995145,0.9942600377542766,0.4516630410475416,1.1839933589356855,-5.27994949631415,-3.56188756071568,-3.1156565690112124,1.3276567099727667
-14.558867653769607,7.0323652068667855,-1.691448756004441,1.1712132997951312,0.8795038389544722,0.7151795864005392,-4.141256076484632,-3.219222234682694,-0.6845056910667379,0.1297538246987015
-12.241915949368066,4.606818442445076,-4.543399239548491,-1.0469567521208063,1.5861990972528472,1.3798683851826314,-5.294850158737641,-2.3276831440490398,-1.003568241953775,0.8657741871986777
-12.743563160490675,2.2096839865914997,-0.7218064387710212,2.0199919537664153,-0.16905955287718646,3.116815798895899,-7.972869734561618,-2.9203354302300237,-2.0201455938436075,1.153890463416475
-10.8648310814856,3.740633507158148,-3.4492696061059926,0.9241792757609263,-0.07214814698047053,2.5197607204703343,-7.097731665794284,-2.7039812940551133,-1.6428586500056417,2.429987747311355
-10.518449097652246,2.856018180570658,-2.675386353790065,0.7065459118170869,-1.0385822147103765,2.742072429099165,-7.584793365816456,-4.811385997260093,-4.892096156793052,1.64913855232089
-13.305854779800192,2.458774070509846,-2.454800893802056,-1.2896639028500152,1.6328004815187174,3.203256276798112,-5.796859446481925,-2.0306174194517617,-2.0029978695864967,1.5979568948150644
-11.589835259531256,3.223601155512163,-2.370404993901584,2.0529095884696633,0.2615335104443744,2.995519763943956,-5.746546805752811,-3.0804941490721247,-1.2542621220323713,0.9884898572378522
-11.288544734529681,1.9590311524372144,-1.0116275409744482,2.109126602145708,-0.2973028949892553,2.070608222429359,-6.180429627051348,-2.252358243017781,-0.9262541272901091,4.873761281052544
-10.625873051973423,1.1512821809896312,-0.96057607776477,1.3693995487019455,-0.7028609375644248,2.1355379201096443,-7.150583375984771,-0.7424058036513989,-0.986286865064789,0.20493441691318784
-12.714669505159547,1.3462206839505388,-0.4783421534874818,-0.0956186421700934,-1.1258606153079638,4.293699621899652,-6.891118373246976,2.041925823037715,-1.2492445897467235,2.511465192593285
-10.724413312015466,1.2246469755220555,-0.02269776672946353,-0.4773049750786685,-1.093471591181314,3.9351533470068483,-7.03409812289488,0.8996678601096232,-0.7323392501817403,2.8706088423645504
-10.978441140097013,2.4169898911193366,1.073986551054615,3.6309636084232073,-2.4015986787141084,2.425142074805082,-3.9521680497894893,-3.7662355307334607,0.022414978705490557,2.2025436049153035
-10.797290445711663,3.1657792661988435,1.3080649261742663,0.12740033051883118,-1.5951642100389616,3.942854678565153,-6.748348840694373,-1.895465194407503,1.1329795721683988,1.334783902142715
-12.250661007166027,3.729454336479423,1.8437853876571355,0.364590627919082,-1.7968585743350824,4.337764417381508,-6.514833260334626,-1.886247297253948,2.495565725031011,2.7786222123086453
-12.162505970787599,0.1401142505783393,2.3242454999518216,1.8695518468436185,-0.9082149984405671,4.473680789604474,-4.5371184903733015,-1.4352307607742594,3.579619236684638,0.8316711803970344
-12.511521367328342,0.5486557670043499,2.835726914847434,0.8544874577430347,-1.2195589113358432,4.9562445932985,-6.646966283319011,1.3041454281761957,-1.2390208610269342,0.05658755836678759
-13.260569348138286,0.31307376710955154,2.3896251649768785,-0.35066359698027233,-0.728336415727602,3.8798575082076048,-7.3163976350486415,-0.7959643671539517,-2.7799882064272508,2.4173892014673877
-12.191115716493487,1.0435073029868416,2.5347075672114823,-0.5589369843078589,-0.6875995053971757,3.8093825046101895,-7.582052318583312,-1.4695079967305893,-3.6139433604748197,3.7570036626769774
-12.591058351147426,1.5618705580882137,3.7575713779601303,2.027641711935694,-0.13119707322334095,2.47258477133306,-8.184901167347702,-1.4859310817503755,0.6061065652535019,2.9370374373040598
-12.8592768399542,2.6940557026176295,3.164067324959327,0.7311762269131483,-0.28689492941795613,4.524216067152935,-8.009419657917745,0.3484606258809338,-3.6202224121487965,4.429118770331049
-13.337114525317464,0.5598527771982014,1.460129328028347,-0.3496164150668324,-0.0004235390529674649,5.99114336020765,-7.434512349442318,-1.1709911379375781,0.43012187448829275,5.397556576368411
-12.488840697237576,2.029927031155247,3.01060322435463,1.190461190019431,-0.22203927736264978,3.66182938642808,-7.2082745683293705,-0.42500863639286196,-0.45744456914885495,4.1418898084072415
-14.098897716084164,2.1283739726908775,1.9634517010089576,5.410341255329128,-0.47917571938084214,3.5700308406499155,-6.847415128037654,0.7618289616533162,0.9630907911298323,2.6782622752791596
-10.604525290939756,0.9956811594924744,3.40127169754974,2.246589967661601,0.1496453872708961,3.149364977706667,-8.492857049426055,0.6674276134069922,-1.2563030440673284,2.5096948390374223
-13.05429783740963,1.7529133546991957,4.809675308979809,5.2599045019148,-0.32643510394489655,2.2529770847167145,-7.441159118622405,0.9364857621181529,1.8918524017056044,-0.10962340569748279
-11.660813322652393,1.0860264958601262,0.6521778399065469,3.6315548992613245,0.4822691872399828,3.90395524801909,-9.175938448361878,2.963988483599342,-1.7538006810403612,2.1321515992616678
-15.251179062748095,1.1718052336731744,4.364573605049007,4.966173583405418,0.35896848012909455,3.312866718276576,-5.413070758234056,1.1811648577598388,0.4002800021980184,2.1636847851109993
-13.149275810875167,0.40247968252655736,4.742003950091367,2.3284967843824993,-0.18270774970823617,3.3367523607083758,-6.574678829497002,3.160590884138848,-0.6578157802187989,2.4056167049692148
-15.243590977103658,0.32472981956693486,5.823611601797992,3.043542625186902,-1.2040291803799406,2.8363353207286743,-5.713730473081896,1.6127225588189151,1.1354979679288555,1.2271301999680686
-13.832394489737721,2.0727356012720457,2.6675258864390012,2.359796320133107,-1.6127435914675914,1.6382704436751818,-6.556376778387739,2.9791789057812195,2.1497403774828823,0.004664393423791328
-13.566362097327389,-0.09426464623914442,4.882788238654983,3.8768591506769177,-2.278426055784634,2.0611216562796586,-8.382692223988506,2.608652801736273,1.800843219790331,2.106137678481405
-13.243493104913243,-0.617384946304072,2.54621940746502,2.714958868069986,-1.75340189573778,4.489343477396772,-7.855424953274389,0.9752271993848365,2.6275452949359592,3.3660834033172917
-15.029961846894073,1.3539716872020984,3.5904957635602406,3.4711924572382964,-2.061635873865726,4.327796225448568,-8.163575716634764,2.237458217277062,3.407204250056055,3.5689298403858016
-13.016844740380176,0.675885361734188,3.3397353864091097,4.193726351937522,-1.3297613684599072,2.71870875438075,-7.166536581795622,3.16634330057004,3.8423292449341613,0.6426140749836377
-14.597134028949071,2.027272641261465,3.962160425015807,3.372914200942155,-1.3427705562505392,4.468880071522125,-5.610104537219794,2.815957429655181,4.011324228654135,0.9007240672358291
-15.045103723630794,1.5603632021903386,2.973397176490462,4.439775433583522,-0.30961823089018026,2.7272491921056097,-5.699487895570107,1.1879662009554175,3.7780921883212017,-2.4074547275716958
-16.241534169976163,-1.4359978397679354,5.297981567949964,5.6505658869425135,-0.8949231752720316,3.6456841324055804,-4.995094018318619,1.6673224783806269,2.3612353482663164,2.3824648507792245
-16.039729436373115,-0.21585184523067272,6.276206273371414,6.818806055334929,0.8316478497644991,-0.8352375785919057,-3.3368203338455036,2.4981466252964464,0.28007354507857435,-0.8247134581989415
-16.34255732787018,-0.4239852928930397,7.316692179031988,8.37512603371525,-0.9672725216472221,0.14422384263055554,-5.270147400145523,1.717899440327997,-0.5848748474183691,2.850889753312602
-15.144079326239986,-0.03277162433150834,8.493681436503067,8.60925132220357,-1.1588360523262913,0.5335881344155082,-3.8208689427122913,2.071960451598761,1.1023736409301437,3.8248304788353495
-15.166213190025122,1.4086987880704078,6.8652527718124166,8.843087009830043,-2.1600295761148423,-0.12359542720222785,-5.4650941022567014,2.5190160317519315,-0.7216136460045595,2.58119165965994
-14.305099817141086,-0.7128860073864434,6.2827476140315115,5.258511697890968,-0.10554883911014215,0.5152512286143348,-4.470353384828258,2.4903590061952356,-2.0948718460200677,2.26392619302058
-14.05719628074101,-0.4185121754084755,4.075273056448915,5.106983968367226,-1.4219572149532704,2.223414681332527,-7.987264704086639,1.246571764007595,0.33130558967345564,0.20751330477477206
-14.056107457499092,-1.6492204927887018,5.0575379209120275,4.8890478500567465,-1.3579408160459399,2.1863250893672497,-6.696064646883976,2.2981931431338936,-0.07958084591825126,1.345362008140609
-13.069682238209163,1.397411727263032,5.6632726842611225,5.524767385434783,-1.3917068349365378,0.2763611230118759,-4.753807457929806,-1.7944201424554198,-1.2136388205905453,0.711340375511474
-14.745143571449757,0.8941564132856401,5.634646361340248,1.8970987959319021,-0.6361109886833654,1.7524327691403778,-6.290026159256154,0.2961793329747752,1.7743755124690204,1.7774074398660682
-14.256170475666943,0.8310825266929792,4.755570150245596,2.9500672659908456,-0.660446598423047,1.3613610680742259,-8.290615495106584,0.6464883771082833,1.9233930210036954,-0.4673626409816715
-12.598337941499143,1.6431006670213106,6.417630442823484,4.894443905121252,-1.5867012891239056,2.280952249836973,-5.6307992980283155,0.5621964694848076,0.39541405547446085,0.37769901970902753
-11.884671346631038,2.4481266690127756,5.474238791139287,5.531335739647792,-1.5411866386560371,2.3787860246213484,-7.365089837956202,0.9593089499081947,-2.754337385584775,-2.0685689264941836
-14.17398988991112,1.359210013750457,5.377012116303135,7.6734412950342605,0.5978311381931023,3.97100395636562,-7.1656759313807,-0.6708647878895365,-0.16024050957477728,2.9276650761163525
-13.138188246430452,1.6664305073771755,4.824320367783382,4.328447014856055,-1.8213914622408298,2.194438808495954,-7.047353361116009,0.5067715137529284,-0.6167919301563856,2.637780613808397
-12.388547106460175,2.1369189417007783,4.939681152743206,2.567028918944698,-3.6958363359158937,1.3376910042378145,-5.771469768716032,0.8040957229135918,1.2476887335535547,-0.26590137390981006
-15.214030206851339,1.7234131330477254,5.968321679212344,3.707493095767546,-3.459227512903049,1.736647705834651,-6.856868750516637,0.25415257783197903,2.7277446406279506,1.349554408411804
-16.272757907919274,4.911202165111996,2.658415057970421,7.541565825946807,-3.4779812332923017,3.0191003365334566,-5.044278809995175,2.35377092121722,1.2542380007685268,2.150352815093967
-14.301430479901633,3.4848814120601936,4.842727552896463,6.721338745649685,-3.114028396379575,2.3260153731017703,-5.885361262027359,3.634977573327494,4.078816594319104,-3.3249596704323583
-14.963601379267814,1.5751278832758424,4.812351225377104,7.609422706620086,-2.3215365453844083,2.510744829634755,-5.792616885369784,1.4015040896212294,2.2849048725644585,-0.17698971976381103
-13.77049897621683,3.517781753236939,6.994801436009252,4.508896247512771,-2.230300790157085,3.4917099542599015,-4.5935230249459025,-0.08176666655770813,1.3365540398959166,0.11290889154488187
-12.845969665640245,3.054673718487213,6.747863398730173,5.609049390697755,-2.304199467274151,0.5246881469275613,-5.016243694738737,-0.681338699396797,0.7216227109322523,0.8734410564319618
-11.553145581768833,3.881440296237114,5.448773815264411,6.187141366370784,-2.383736795416652,0.026221511722444812,-5.847861606687977,0.5624829828097103,2.158572232025232,-1.8908627940566345
-13.611065109659878,2.551827784134523,4.632574414122121,5.971375972143019,-3.0545728250599917,1.9262662202015397,-4.362479117903094,1.8033706159818983,1.831907786721547,-2.3696551151628427
-14.133832377099152,3.639052014402632,5.586257978071945,6.729650139730646,-2.4379695525197325,3.1501958307458153,-5.253865618267395,0.5111941411211222,3.160949627107836,-0.8363334808587206
-14.617500955895405,3.539605148188597,2.900801203116319,7.079937381187666,-1.0375057344931133,3.285495008527924,-2.7241770948330566,1.7654298917197127,3.208065981913808,-0.30217684799548883
-16.32992835429093,2.6301254183869927,6.284900447259938,7.339453283231802,-3.4818858955728236,4.037002667627248,-2.5507698172064392,-0.20736192933180406,3.4640853152969293,-2.534227538508451
-13.54756559730802,4.558469858430513,4.253500288222315,5.844368261571233,-2.5208554882928,1.655003691003533,-3.6277144740323966,0.5634903389171174,3.450875656683942,-1.7847845868013714
-14.833202100977315,4.541249679880319,4.045743355381943,4.749700735177088,-1.992423505947375,3.1439840790657185,-4.04137847596783,0.8361844042328799,3.6273574151131904,-0.6654326500493949
-13.82475529620037,2.8284987540497704,1.8735324929244999,4.916628533175544,-3.118313101989577,1.608231143155583,-2.4685454470520485,0.8909688691857603,1.9602410388625793,-4.852972521531525
-13.833478601093065,3.927561355488866,4.698737761934516,7.314042440555588,-1.8980395806896422,-1.666853193508175,-2.3157842087303164,3.2267091499933227,2.4161616489623667,-4.227281596433799
-15.91916599412179,4.6746839344301945,3.8521313543824287,6.981277295596645,-3.1259119370552333,3.4146512003758356,-2.159782801916652,1.8473439512332874,2.770883683303267,-1.7485326758813444
-13.356161281159244,5.257677292213186,4.063603150688514,4.941962278494941,-2.3010512239960863,1.199929325503783,-3.4137418708091607,0.2770161955918433,1.5889634803166008,-1.3000844747189146
-13.750484790457813,2.692880330085495,5.916290626073477,4.885647651965726,-2.065565950218775,2.548415858632993,-3.3785705914700412,1.8547281937748294,-0.8276626792225711,-1.1705891088966272
-13.481286311183387,3.6551103055529834,5.395429854258877,6.6543026514622365,-1.8632348535484538,1.7627010921518391,-3.4326322942085454,2.128822763349484,3.159054305314476,-2.39626770269892
-12.951033994920923,2.930653933583652,5.756186590970762,4.475653291513344,-0.4336727838838417,-0.10008537792118827,-5.148849586808008,3.3077496535099127,-0.1285125107383763,-3.6814788047486977
-12.93114607227733,3.80087664256872,5.850669267666149,5.7532099791498155,0.017202442625308664,0.6681706694359442,-3.0812332682403216,1.9306712132963535,1.88813626469007,-1.3732021724202699
-12.631816601665907,2.736999802852171,5.258497312475231,5.389061020374684,-2.418329610618161,0.4642759310545423,-1.9758262032593599,2.8268938063116273,1.5216803314790366,-0.6458381026219893
-12.69609669157198,4.333528559248741,4.046050133184446,5.465070733601907,-1.6940892542173418,1.8888262944975676,-4.95887442116385,1.9647758367855226,3.6887468825990544,-2.409818877735813
-13.263678818121914,2.3922888243184564,2.7254511821953176,6.033055573761421,-1.3179171894060542,1.8530800406055157,-5.448294242326043,3.4366104312916868,2.364951727607927,-1.394565319610687
-14.027152415173044,2.6769435056567032,6.199929485468289,5.609798353534004,-0.04177908877755327,2.446384123418297,-2.842132423792731,1.879662578672725,2.1130744292250907,-3.816777731462208
-10.642549970277644,0.5155801713972927,5.0616775693351,6.542635049852203,-0.7166258806870598,0.4364800948771805,-4.469480276016265,0.7749805333061951,3.7109895205442442,-1.067322757413629
-13.534918940425968,0.7636050031662165,5.308686159817785,6.972162617297671,-1.7480752039349585,0.024341996386322284,-4.583952731505331,2.064000117040098,3.336012973735967,1.5250226803264526
-12.974502005036591,1.922695724788781,5.481280173519917,6.895016103958811,-0.9585470268067543,0.5673445994684689,-5.375965769013419,1.9164691178886373,3.3429211675421007,-1.376216222022899
-11.773959158387623,1.8205208391198524,3.0685468903868127,6.74038765175843,-2.1887613956525414,1.0215889395164013,-5.628902643646999,2.373945752720954,1.400850938196054,-1.9294692516998153
-9.731830684251918,4.601609672344314,5.72266569806197,5.676573782833131,-1.711970073263845,1.194044517422116,-4.620914100494772,1.8016175754152384,3.5503415699954592,-6.705307396149022
-9.813587501213275,1.6672291087715465,3.9916641410075044,4.329976741105352,-1.376265952524438,-0.08240917812780794,-4.674043883003079,2.2424830532159223,3.8473182136785233,-4.9275319352309
-13.199732814715043,0.6267172464827413,6.896789137224137,5.772286847509466,-3.3404178572400256,0.808709678725505,-2.36178161636715,0.7690815316631682,0.5645259931496817,-5.6450778647829765
-12.063955122261032,2.8503149278701323,4.815655760597034,5.783468945874699,-1.410163789982349,1.8417956156662927,-4.520569947571796,1.4206257752004883,0.1387494690012823,-5.169346886478925
-9.342199542239612,2.129150063548564,3.854333112237271,6.193694926887408,-1.6046053310640063,0.09015494300731698,-3.9102834700993654,3.0170243295796144,0.8774594060855924,-5.350772407653399
-12.341274300747704,0.06812266841234561,6.048247000177956,3.2009153869532114,-1.917980630399675,2.675856955900264,-3.3236737078665164,0.47701453288377704,-0.40833265240088135,-5.5309445614092105
-15.293000105508392,1.6187850877968355,5.288204370036898,4.133577194189671,-2.658727422961466,2.114633961568148,0.11826815422476036,-0.03568686795063596,4.222869402359541,-4.8928845473549645
-13.132415749199783,3.528363343677082,4.630575332834074,4.301638825980662,-2.3694730360563376,3.4001176690656454,-0.20248121402381103,-0.9954715709310519,3.3179337366031088,-4.986988297608187
-12.632738389479636,3.344865619095469,5.99516932584397,5.100375196046398,-3.5658553593105218,2.4241856097310617,2.389690803667047,0.006910617693400015,3.351386727010415,-2.0817207112868243
-14.328916221918524,2.6427532816341217,6.485281347805417,5.670782016722885,-4.672538363121379,2.54641169674595,-2.55902580259108,-2.789376411548912,2.8373346605838043,-5.154841659386225
-12.083071164005244,2.057253504197254,6.315248512362984,7.054485767097795,-3.2496959313736298,3.3585710995880382,-0.5749833373137511,-0.7501570515560898,-0.49962677484071427,-5.960626065873599
-13.170162412567441,2.990841384142002,4.926608530310243,4.547121477316515,-2.012479375147158,1.6129090375008865,0.8792303633782718,-2.0764039891199824,0.49589272387665434,-8.657246518625826
-13.852045544880474,2.1922386901096047,4.724730082812045,5.353563934027582,1.161688689768047,1.5636572094653436,-3.7313208822837707,-0.3443087694833984,0.7505925948062301,-0.44291828376494363
-14.15957826601782,1.3494459378888797,6.025081779972913,7.603770162195134,-0.5955800027133518,0.31753627368760157,0.5723472059795682,-2.0582461063089137,2.20700302155292,-3.464673366230689
-12.461637159503233,2.1341263235625823,5.019964004004773,8.737195833659934,-0.9536651294513513,0.9789788457745846,-1.7162272895415418,-1.8778372270194816,1.4776171004644378,-3.837925087947423
-13.832043697076873,0.48502963035520874,5.344103417937768,7.812539279188391,-0.30654542146089103,1.1027048424967083,0.48866581245703117,0.7325640949298874,0.6914438177201121,-4.708606497793961
-12.228260390640703,-0.4096069052052495,5.575803070464461,7.48109058110168,-0.6826301467780947,2.717821560252828,0.8701411573099463,-2.4669509793705515,1.3439893994393055,-0.1927250987987244
-13.552252949868834,1.9276630790828442,5.777540773199034,6.9291859424464395,-0.7572995010644751,-0.5237846105800984,-0.9910281301929564,1.0731424096490476,0.10748301376851142,-6.0669231740588
-11.565247710937152,-0.4970807817139019,4.863008050150808,5.96988033628738,-1.4203353214713759,-0.1804633842940859,0.6270319070101636,-0.470337287454776,0.6064140525548455,-5.652144296471115
-12.397609689755669,1.185918557274564,4.55891158565231,6.352135561276986,-1.5979540247107014,0.4571768720449198,2.071489687981735,-0.5461425628344153,1.3500614264148232,-3.0493516178205344
-13.933317720809907,1.2348357379188653,4.966152928939979,7.342834670740706,-2.2514532464732406,1.0396896893267387,0.986456590788482,-3.098627726592734,1.3137311827860005,-0.8852246534455512
-14.031020249835708,3.215946396572063,3.9390445463417683,5.219154502263661,-3.9494066375787145,4.969915102843061,-0.16297386730099034,-3.1068539724705517,0.039205565912627256,-5.791571698976335
-11.433553038922676,0.4261961028070188,5.203450559795181,5.477097498664173,-1.2173963243064128,1.4596895785891433,2.294458044514376,-5.26592626019158,2.3390444363418212,-1.100850972348213
-13.281168262751539,1.5202514406244303,5.366667982116427,2.306039459251283,-2.224739558164575,1.930743516101539,-1.6959045860507376,-4.249509066690065,0.08489369960794395,-1.5303059498445741
-13.778800045034433,2.717362112657817,5.617305859557013,4.743977485380394,-3.385749550732853,0.0161206590991276,-0.562825383354765,-2.7774896716693305,-0.2607929020118696,-0.26137989326390176
-13.295615067198508,1.5522266069271933,5.929721411930393,4.910774004812108,-3.5912492091767754,2.7142380972888143,-0.23578378640328643,-2.809012377797754,-0.011626786981042808,-0.4578268529562846
-11.431235842243712,-1.8283910764943454,5.929888234689271,6.221062968752313,-2.0895851888101182,1.224110131173891,3.1152452512748625,-2.8852318359900524,-2.7418322765015337,-2.2540673566504728
-13.049718530025629,-1.695196663400462,6.0292146853464565,5.153056946185385,-1.5566513332516856,1.7616232263084133,3.269504660607414,-2.8544599727846913,-0.06578390837595546,1.0508475303805476
-12.386943551939162,-1.6123165248256288,5.11902618908848,3.5773691200270745,0.14483851765593292,1.320392922657253,2.88162166802785,-1.6574829540940985,0.3256471169149299,2.5698943582348677
-10.62952548583557,-0.4622575602457244,6.714172775232546,6.514605343476489,-1.0583594505796787,1.4998986597104227,1.8429209585128707,-3.56390464621585,1.5784787631769868,0.493753036325546
-11.443605937576331,-0.8649982838389034,7.342628422208781,7.278140149452412,-1.7244864656014904,1.7189325924914478,5.1790850324507325,-3.4826746505599298,1.0278016190189385,2.7675122119550584
-11.979053640055854,-1.0152729143808814,6.53364563227148,5.07054252386728,-1.2497867568043206,-1.5007324286465846,6.036488255399281,-2.8421996900367907,-0.6317722107271567,0.9057362584858704
-13.515768950271942,-1.8918791501731205,7.926944016838275,5.201475608837167,-2.6711154061458036,0.25321090043081224,6.3155101758982,-4.4140610516861,-1.825506756118076,2.9202204077354845
-10.64254601953806,-1.9786135969989997,6.414043871468289,4.3882242048955735,-0.913966337229366,-0.949529014360536,5.238247051794863,-3.8976028419382693,-1.3655219703770596,0.20600911330238386
-12.676974424612096,-3.0060199393518685,6.191726829215655,3.4946360038646,-1.576276291351246,-0.5147600800927877,3.6315770274977375,-4.302736533921455,-0.7907253524582627,-1.2523181504534133
-11.705683433551247,-1.6144179410488673,6.845737997153919,6.384048255338549,-0.7482133383419357,0.0361391101868403,5.135774860162445,-3.7013199064862516,-0.45296788278600425,2.080707731369158
-11.896380467624407,-3.409235363539689,7.1823814656391,4.178201520662126,-1.471230571606003,-0.0876988547847429,5.232860331112789,-2.4048674545100517,0.8433461232696126,1.852428332307402
-11.535381037800231,-1.9008060112127192,7.249037522733179,4.837318954791471,-2.325540977713749,1.0686480957630973,4.518507510806418,-3.855416043110215,0.2575125698387495,1.717013925472172
-11.35958024392866,-2.1882047249770595,6.676367226560229,3.7009053143636526,-0.6068609344830137,2.0435747799584885,2.7482964198327484,-2.699597628869021,-0.5280399595719595,3.0840610466494773
-11.538155503821391,-4.332418127988258,3.74770860749815,2.849773945760785,0.8364673683350335,1.183489179299333,4.755669582165285,-4.794235214482607,1.561876080138636,1.4133881022920816
-10.149713082089164,-2.4034944997329313,3.9975924427113196,3.5414175232328766,-0.47473458154408166,-0.38366973197353943,5.462513162372358,-5.2209873366382284,1.0077141046318272,-0.9636404146193389
-9.945346326681106,-2.1512814793639707,4.491198703887533,3.9915805430716462,-1.1586154631881496,-1.6270388279489392,6.7824461850562745,-3.419576300954285,0.6066001608759164,-2.39892582949978
-10.119608715782652,-1.9381026025534922,4.620042453732822,4.034242737001362,-1.1511938689967636,1.216749943096557,8.273298926821022,-5.349091730502756,-0.8794640642116581,0.2508473383023919
-10.337104420390823,-3.3062020164731543,4.0960957735327765,5.201845450724517,-0.8183989931096285,-1.8038800039439362,7.056116490687801,-5.719673519125765,1.503660485272905,-0.4958328251722848
-9.523791623082971,-2.903584767992496,6.4348746357007585,6.714779133948999,1.391954505485216,-5.883972235859433,7.110548704766954,-3.169942772857737,-0.789920217310239,-2.3039389684538936
-8.58084906175265,-2.984192598977529,6.303967699296484,6.438311532363732,0.8020243272818216,-5.34116137160886,8.57057426673289,-4.975336618720898,-1.0737006522923391,3.1990914501155734
-9.276425306435739,-3.614142383776696,8.040133244270127,4.466653279947833,0.434181866984192,-5.558013385559594,8.853914355984257,-6.280174800247941,-3.142479289808371,3.016564805017953
-9.869515873244405,-3.521621987726473,5.62962585816675,6.017521872851372,-0.3577109079286601,-4.240075473479328,9.538392406171306,-4.899017665351861,-3.583710339778218,1.720000495967186
-9.8376877011427,-2.695000816117644,7.449077040156543,6.710009616993303,1.2226947781368223,-4.7391106192639265,9.655383181583058,-4.540677307590681,-2.2510287618849705,2.1258482405612122
-10.985062112882677,-3.9918077058078785,6.74814044416722,7.4268354267297845,1.080014749661209,-6.532057261909962,10.688842953848473,-3.6519593929538074,-4.838991931466746,1.4481428050956666
-9.177804149780775,-4.837188195478076,9.117331227604943,6.409544149692607,3.2209776597308117,-6.629001851102795,12.505311246853832,-5.456004840499958,-6.06166496314549,4.450883044191165
-6.633213140397411,-3.4549185726351,8.489066635786022,6.644385462431044,1.3387744347972903,-4.90812870680369,9.379417015547823,-6.816370197890177,-3.243808399778632,4.987611829419679
-5.574183982387184,-5.654623685361846,8.064989654129747,6.5060612199028265,0.9078548890521977,-5.775440949631773,8.974128195070602,-4.527791445372066,-1.8647696706745298,3.5522645665937875
-6.674603772049686,-4.637262433473794,7.0864442886900125,7.262894557864277,1.9852969498673576,-6.285088847202372,7.102484481923569,-3.995094950646067,0.6987803025377664,1.3259837210620187
-7.837686283500075,-4.2832020297272955,6.053321217332141,3.949197732387034,1.3706626740847487,-5.017221616525149,7.556762889084155,-2.1912354914386483,-2.077406243498493,1.4657873418621894
-6.8096664747018085,-4.188662130248553,7.128447286559089,6.969437577262081,0.8633050396267098,-5.091917350347439,7.319971302409867,-0.8426680405058802,-3.465507113433829,0.05020953334324545
-7.060610857933179,-3.346750997681613,8.622896186476103,7.0001732934830185,0.7657584374781026,-4.61997405309641,9.735449091565966,-1.1702295881161002,-0.06831588746011695,3.3222990732057602
-7.441374561403342,-3.509859352002162,6.980539226305527,6.447140735703172,1.00964554167673,-5.002060957550143,6.947468320606823,-3.424872688740273,-0.23090699063867015,0.883022647462965
-5.906809126528257,-5.416728655632266,5.909917022613749,3.835258256143669,2.2545214052210514,-6.294951898939827,8.435343310038652,-0.6448280071758378,-1.6458919066599516,3.1470768413098944
-6.582610152316112,-6.0219435508280705,6.549058156153631,3.7065723963940616,3.2787595567783243,-5.979887817515526,8.081340912263283,-2.2708824344482013,-0.13649578669510232,3.1914565427451924
-6.296139409403048,-3.7117715872577413,8.290092108761586,1.9263364180759017,2.2946598360630044,-5.009005641202088,6.781520250782489,-1.0356376947104304,-1.4821896255184925,0.6342039449529059
-6.644750731258199,-2.763280386846853,6.875232906377795,6.379219244681567,1.4668024843678114,-2.9565460805222523,8.932548942980619,-3.2594320591929753,1.2519384368318698,0.2941808758830154
-6.569326539287209,-4.840017058633436,6.509334666563598,6.395047498064087,1.6451560488053854,-4.609926228496865,7.024042921445641,-1.7992686724956368,1.6931620767405333,-0.20793744135316133
-8.628359208221777,-6.480876349459301,8.251210502685094,4.5659578719539455,1.5791563279972762,-3.4460761451643895,9.334623504037264,-2.4705543134515597,-0.35617846603038233,0.6205662505269077
-8.10221780091111,-5.39345579102443,7.357165103677926,4.993057864666241,1.6649233956172163,-6.810658034919322,8.714408418251363,-0.9785173514028295,-2.82554703991985,0.4556166892262912
-8.280870032134233,-4.193193294128641,9.739843674713098,4.650479969880046,1.0079606474344645,-3.5391610578080823,8.677971329683363,-1.868512269185069,-3.1462666975900526,1.3273390602621629
-8.774001344503478,-4.540887937214445,7.662028254993997,6.188874438285188,3.0533106510159054,-3.260640951117018,8.979885749829,-2.152439450632477,-2.1651778022106467,1.6758486675025077
-7.7618917278862,-6.5725917328727235,9.13230957233388,4.430839336169183,3.2390479202710023,-6.346953769287708,7.748006165754767,-2.7288216458563928,-1.174244232300366,2.2191197686893545
-8.717006175135477,-8.174666062013877,7.788162077441709,4.325508421752635,1.3823810776402705,-3.8163763336176992,7.59644410654352,-3.814882623607386,-2.437012172101063,1.6558847427243757
-9.72433055199335,-6.319805617711826,8.331224466637673,3.362054818036876,-0.3356293065745087,-2.086029850816819,6.941736129500388,-3.629189768991006,-0.7760948774365543,1.6745096368936379
-6.589109331974185,-5.947199510456559,10.065667690472456,5.062441868913564,1.2810183079445092,-5.195830008107802,9.470169338687763,1.0131571854749466,-1.1175744844335709,1.0455487457990584
-5.252095061052778,-5.175701268678946,9.090736719030833,2.8898854662059983,2.8711552648059486,-4.629237392457658,10.065486625515222,-0.5347552928691933,-2.7235925407855515,2.1888147772723254
-7.97038060932006,-6.220838156341543,8.107174387527056,4.666517996187904,2.9657201795093573,-5.982668149306031,9.65549871610866,-0.5436959193462231,-2.5220382701145447,0.45638084545731317
-7.521403345650571,-7.01423281815158,7.625686166629752,2.7368962424368615,3.0411233170067664,-5.034363653181087,7.879777747302671,-0.17844930016109908,-1.87738902231828,-1.1137171753738444
-6.70720595768105,-6.111257767701585,7.730788446065909,4.154739843942015,1.369677852959578,-2.8170788467225374,5.619715014077365,2.4508602182351176,-2.686088736638384,1.7397599419162006
-7.0168312744389825,-5.534515421923049,10.456908846645119,5.757351102318407,4.062539042021355,-4.736726562752674,5.585157806180791,1.5560116748516362,-1.8970489505433321,-1.1430709005512667
-5.972954781323925,-6.859148141172368,8.647738476539061,3.4701722762286042,3.126463706544273,-5.694080878704769,5.460783671387407,4.57816831834843,-1.023547587483797,1.9386380276352042
-6.253328416715873,-8.328886818265879,7.163220533543981,2.4201781868375494,1.4011761388595543,-4.330715690126265,7.84034040116673,1.1232383208331682,-0.7643172286393024,-1.5338825712012538
-7.352915657147085,-8.59569714309753,9.359176829659145,2.3056743553431476,1.1911879454880177,-4.673840152014388,9.104347849547588,1.800926507874641,-1.3670452799649906,1.4198850284412108
-5.451026064412936,-4.860339741444341,8.036125909185342,4.31017274043186,2.1868650128353844,-2.622180884978545,6.336812053116599,1.0385229503086189,-1.7357927381586757,-1.2957621032881055
-6.233483781235619,-5.999189283533871,7.938662089959917,2.3198836084469256,-1.2676282485115318,-3.6930422082505303,5.938450230087512,4.083567343649075,-3.775139244424553,1.087310487144948
-5.344855154593219,-5.892794489262212,6.780104584328864,-1.9387517937500913,0.9326101041323002,-3.75588154589753,6.574735040891058,3.3271878584450234,-0.2861346496491501,-1.5885256310153029
-6.941570425592232,-6.581141149256644,5.8393259430623345,-0.6623275251048832,0.15056527298103475,-2.2973428140483083,7.324832268839264,2.174434001702756,1.8614071264851844,0.2751935148770433
-7.779064770794631,-6.3778989463217295,5.836031582620127,2.4355883061162924,0.7129447099550361,-1.3116968539566383,7.199240497436167,1.1358414530347747,2.802673023612485,-0.056658281898083626
-6.9025342363179565,-6.423373163490033,7.22006318239042,2.0652502093275027,0.5053503587244502,-1.4856722783313168,4.462073705086399,3.110864926164813,1.0227574001228836,-3.6436516185786263
-7.31489986432005,-6.275399854586932,10.125486588239887,3.122307595328941,1.0047337410907284,-2.686394100055794,6.006698155355916,1.9428588107050493,0.8288228000448202,-3.4000762193619414
-6.64788323535411,-6.976742087993214,9.665800239659056,-0.017473547844739205,0.1483639810874255,-3.635206505882585,6.542390272702163,4.686342998944974,1.0018909031250507,-1.0249721702896812
-8.11739764574613,-4.8464574939929,6.909614380492625,0.5231716393918305,2.663256717037713,-3.325306279978698,8.010241265499417,1.6297728904912452,1.7777622712832308,0.540967651778482
-6.112327123618767,-6.810070128971674,6.8588191407536065,0.9717532706869586,1.8926715637855471,-1.5917444198784247,7.227784619525217,3.3365553031766164,-0.7037827299829402,-0.6790552127914611
-6.3636242708046415,-6.62325230335233,7.656211028116278,2.5748752200335594,-0.5922544356417778,-2.285780549551246,7.044675665669313,2.698000886777837,2.4416666507838047,-1.4302889728940866
-6.803363103649072,-7.377191034232978,8.455013201519218,2.3846151130421562,-1.609366658054459,-0.09618876079934487,9.062311242894546,2.4612669566044105,0.8084065363784461,1.5715401424844273
-4.489587479114271,-4.7313817789941055,8.550965513696536,-0.45920684078536617,0.9177837667191635,-1.286781995690307,5.17523878272183,4.772451376231212,1.106792705870887,0.6947365287011735
-6.651381478844966,-7.942152289361777,8.292548875355054,0.42049064356577576,1.269112771660254,-1.2486537159949007,7.371880515106017,1.6235697909257631,-0.6272738583570424,-1.2281403210294042
-6.209788195249381,-7.848819537132394,7.948376160508259,-1.0358321946845157,-0.11242432305898077,-1.8946279618543034,6.184350381693072,1.2319267060098962,-0.964277047587745,-0.7942821914036223
-5.51727006548314,-9.314714782077862,6.7589719512367115,-1.613854701684444,1.5453878778705554,-1.3682189129736424,5.227112442235348,2.2231660108095186,-1.3066370469429307,-1.5316282996519748
-4.783107935295382,-7.558643004503805,8.027125283259895,-0.06469087357320716,-0.6495253360412103,0.33733135037069367,7.127031425579455,2.8004238828794206,-1.88380967315518,-1.493866052397088
-6.482463494273637,-7.7569886300857105,6.352890404461137,0.21904703228617256,2.0458354953531876,-0.1562000437951783,3.7891909226484906,2.0313834975757525,-0.13144229072366714,-1.4463396480511603
-6.146518444012027,-7.009251595552862,8.219092757082223,0.11223591787650863,2.3000903606426784,0.18480249962637546,7.143193580510889,2.814526872201876,-1.98399829704746,-0.6769806159687418
-4.377343180270187,-8.270261688531674,9.22662126004246,-0.6740549091500245,0.27913165502045195,-2.2963403118817745,6.156770894341732,3.587889649606738,-2.6893950204549184,-1.1454883368256317
-4.7030232296485055,-7.6929791427735115,4.470247835318885,-0.11680743716922373,-0.49859082393844084,0.29356896208626765,2.827924603016251,2.7968778649899853,-0.36585244545506235,-2.1185805010589993
-6.3749097341459935,-6.193833831945556,3.884228471256585,-3.9213387164663795,0.464893077688461,-2.2349748204131643,5.786487930274162,3.4306300958737834,-1.3251349642142156,-3.9173287776259023
-5.313069351119985,-8.754371449093487,4.459230187118492,1.4846842814141588,2.427379731618394,-1.9873927109590792,4.340728039180642,4.985960322098782,0.35002263713228726,-5.150476163876118
-3.77708018878045,-8.055481033049073,5.79751372778461,-0.08861211661026099,1.7572756537252299,-1.5177167265411673,2.7884976593795483,5.513427000833636,1.6115305952045038,-4.703072166745839
-3.954028148607936,-7.0387227235445735,6.747968365820076,-2.2688237307239016,2.5565310807262214,-0.46761079375910286,1.0645743848275193,5.901760285253307,-2.2212886461723294,0.8771128792282922
-3.0895807451369013,-8.345075193422957,6.573067869930513,-2.062645083269952,2.0824450881004846,-1.05703275766504,2.6328046108942806,6.294323772878751,-2.5450248992307323,-2.689811530442022
-3.7994416094809047,-6.921377414978301,5.9536173656846945,-1.7256623626538947,0.6848853457803206,-1.6713271542039227,2.569900731681438,6.2697728821189465,-0.63899607315221,-4.23210750707958
-2.6117826406244067,-3.2416853752184687,2.1603393746167683,-5.735804555822368,1.28066726054435,-1.6641957051918486,5.390897290158559,4.474304370797766,-4.919269226026994,-0.014549027515645548
-2.968764371656478,-4.772946568282296,5.171050790773999,-4.643288592741782,0.20675618894708053,-1.968295590081187,4.075157905397437,5.359985291592408,-0.7552102607396262,-5.404496400910073
-2.854928520842052,-5.451156316092859,5.2227504454471445,-4.649188093118268,0.7584631001835289,-0.030582962301906515,4.187101740686815,5.836999217086241,-3.229514357314615,-1.8760313830112414
-3.034277674935719,-5.240767117674548,4.266286983695527,-3.4139787043071,2.6233902481406797,1.5778325099979782,0.9538361086906428,3.6404148050680236,-2.3750176374364265,-2.861907148191731
-1.7060205948247855,-8.760847980610018,3.726306744379606,-5.718690246247408,3.576852790003313,-1.4296771779798532,1.3905756021655447,6.130280888110931,-2.6027642765391104,-2.4826865994343685
-3.0946799720231026,-7.411153861125228,5.548977976578577,-5.864019599854291,0.44143332427047977,-0.04565407816758487,1.9548685879930146,3.1014978421882176,-3.8101838075092553,-3.2202210521011354
-1.5167603896685378,-4.089035561736735,2.096773745140803,-5.440947202168375,4.161191796876664,0.6177621801328644,0.4615596557221104,4.311388865849231,-3.8282710045612527,-2.573629945942008
-2.5821961657665637,-6.981376291832399,3.8193231408564134,-6.086789355388129,2.4253134671496084,-1.3355415272501188,-0.11429799282876703,3.448367269197448,-7.035688547351284,-0.9829685711668918
-2.32004057074881,-8.220807285135598,4.044030888630437,-7.720127861196799,3.6958690114822677,-1.3803889050180547,-0.06619780181525572,2.9113062073644937,-5.402486472309036,-0.2841986703613231
-2.106139082932532,-6.293322513924871,3.9846819251455097,-7.122510760085055,2.0187750118853502,1.7369620489158446,-0.9315934674253598,-0.367625022004236,-4.4134265531941175,-5.670746035697357
-2.1957249805109504,-8.384589565745184,3.2005130412661034,-8.366902109653795,3.039001180514553,1.7079297961825768,0.2401178139665383,0.6665024041067559,-2.6822023750210735,-1.7436389105942862
-2.278786321796418,-7.36281392437428,3.6671568437000883,-6.288972096323527,2.0940887566870594,-0.17543252997430553,1.3742928793064206,1.1994334629202255,-2.4435043404483925,-1.9072562143907839
-1.7426879678921883,-7.842994346037402,1.7044045908317265,-7.176565780343503,1.96635987042036,0.5827069306033569,1.3521080204120033,-0.5676165467491713,-2.592884647532218,-1.6256143586568754
-1.3125045672352094,-7.91559793385525,4.107100419378476,-8.278523821096453,5.644358916320219,1.8249802471316368,-0.2940403137931977,0.7635748068889343,-4.614946413763984,-3.177182647558523
-0.8009018949965078,-7.707576909190966,3.609519070712873,-8.43259497545295,2.647671472957643,2.573292511821236,0.669371927311375,2.338539615875961,-3.1791229589353036,-4.400848769072943
-2.6504386911810456,-6.723328110397501,0.8498677593543397,-7.601195751206953,4.6579992632375635,3.3633864461554146,-0.03819128667841477,4.154223830654663,-4.045536198516212,-5.097179560885975
-0.9948165664797463,-7.650086746743341,3.2889197482384342,-9.550727221867803,3.28362885981673,1.106649644944239,-2.735371484561298,3.6313879182259536,-6.025768491854734,-4.14399644297653
-2.357129595034249,-7.311886787325124,3.808327894589246,-7.528771480435625,2.9601550321928327,3.0782502982235203,-0.26681660331467916,2.0225494546345137,-3.596348272887709,-0.7426325332463807
-2.8543198854779526,-6.4861782770616,1.924567543180717,-9.742381058361074,2.42011909249581,2.8778049962618946,-1.6073883671864866,4.8682606448209755,-5.962121771678973,-3.9066926583057593
-0.20871816119125422,-6.705067272626154,1.6565194084810329,-8.183559988254354,1.751948461227246,1.1841273743223428,0.4745322849448024,4.351093502058518,-5.7650025775207006,-5.567396163335051
-2.2539902344455496,-6.292076420234582,2.208586974190239,-5.986558872367752,0.3581369957461264,-0.5733063860389638,-0.8656026881789657,3.8386295535591692,-7.404178604549683,-4.4569355697100885
-3.606064508550033,-8.044790270864038,4.551686310614355,-6.088117047558194,-0.27083682682702215,0.5196298637547548,0.8162537553766805,2.556963666947394,-3.8399136575067825,-0.2800741888947444
-3.0055933809239685,-7.170881831560722,3.3862155580651323,-5.764494888621913,4.78950753421071,0.725098181903473,-0.1768917985367673,3.7592522909715664,-6.60951192808532,-0.29991243751980445
-3.5686889975231355,-4.556599399818764,3.695509123315218,-7.761494612367152,0.6577905143174196,-0.5044272487065634,-0.6777641771947928,3.834701638292916,-7.440683817348614,-3.978872370476309
-2.455192200028908,-8.072283493516338,4.360715418810024,-7.1575005346434954,2.0638641688855057,1.1715088534696156,0.6600733896094806,4.6950555107893175,-4.346029588559508,-2.2595008098079443
-3.207888293451754,-6.9003410253303175,6.095798931748167,-8.846182755072908,0.36794373821684123,0.5208678919198618,-2.081082464213819,3.9392745909459963,-5.882855036573424,-3.7965679792739695
-3.7016703426971826,-9.497001535335558,4.157137110808331,-7.762257881036584,-1.659997802941335,0.5478246129834767,-1.240082086063556,4.155558778146694,-5.146589520692983,-2.3645046907136122
-3.6719605395814834,-10.96242742315267,3.0534316532182535,-7.912384075604369,0.9199908198086989,0.045042285462757875,-2.862729177662751,3.934997666928206,-4.482499651020796,-3.6867599485836613
-5.530340404926455,-11.360321167728943,3.0319983572328324,-8.675863095747282,0.48677974780970823,2.2052633010523306,-2.0696905171707574,1.7157632487193515,-2.008992959638878,-2.514321747323055
-5.207983858663921,-10.166805061126006,3.635002877310848,-8.201462767643017,-0.41305300142088713,1.1012538756517134,-2.078359565652059,2.8186066056898333,-2.659452736198106,-1.0872282701572282
-3.625680066473201,-10.290956163104017,3.5742077401549435,-9.885387949855053,3.0590358407781255,2.565979146255781,-1.5742546506438944,1.4989459256294768,-1.9505183683220886,-0.34139048397117977
-4.0183580691699134,-9.802389529212947,2.546072010721681,-7.997085489288929,1.7799448044006214,0.19359201072641205,-1.5934086099952651,1.2418546857975086,-2.1503360379057876,-2.549780966823064
-2.804154322629687,-7.779718001464655,0.5718048922066991,-8.176640203746786,2.367910228849693,-1.1822380816195446,-0.9194877626045874,1.2098389076076173,-3.3300455971190566,-1.4831229237471562
-4.2013142670183345,-11.826762834362013,0.9202385054619374,-9.728357859196434,0.6948001398024857,2.022420086688152,-1.041040155176734,1.2273931346794755,-6.067728857477569,0.05070295579027105
-1.7397173584609238,-9.522326576830004,2.019050290672716,-13.201443198212365,-0.32784756833909884,1.9170290744280112,-1.6847159834552068,2.2825528625440588,-4.914099373282155,-2.159435747491296
-1.6686038150767635,-8.324604665956103,4.36859247976581,-9.431270318806597,0.5904303070567511,0.892303369975835,-2.1844580277979517,2.48433549187058,-2.832614973120605,-1.445499421710748
-3.493231223171039,-8.413872720305278,4.360519171586459,-9.180098394783636,0.6477517413088716,-1.3483118165484835,-2.42736155894792,4.5587331473683745,-1.3942095654118358,-2.362778313408813
-4.21466709422122,-10.526616543311267,2.976301006390941,-7.37106223767499,0.8372554233468039,-0.7683632321966738,-1.7831806476045429,4.177675082164154,-1.822546537929374,-0.9933963702689967
-2.336036748315564,-10.321474231245668,1.5051919267713516,-9.832961794424376,1.6741688776712929,0.26036164438078013,-3.30466433076185,4.080500314168549,-1.845904224477157,-4.830741367474497
-3.4294384755472485,-11.387030971655095,2.49123544804556,-10.061764565897587,1.4661557660934634,1.2571608006270447,-3.7594117640620475,3.4759247271275315,-1.8672116523220492,-1.0184656769543536
-2.5135101297406943,-10.084127795088305,2.5993678638175224,-10.497393606854319,0.22209805188702963,2.1188276547086433,-1.812001867803223,5.155336447356147,-4.08643216128401,-1.4410023140299997
-3.6713175634072197,-9.682325850576792,0.5241853582490822,-9.29046927875375,-0.020666830020757886,0.1334693185714469,-2.701868448476533,-0.021299034317643076,0.36554541016325537,-2.9509926851768977
-2.2697145903024794,-7.10374858244123,2.0853389314838804,-8.177794477535489,2.7247359584815567,0.5036379614108094,-2.6889357655614754,0.28419161435756946,-0.21184944112151793,-1.412811462155207
-2.7910115402949214,-9.020535381584732,1.305289830174676,-8.066660863560044,2.255931772952152,0.6292593154076668,-2.3889514385865835,-0.5422655635880829,-2.4064455388937422,-1.7988791570153397
-1.7723150905298302,-9.360104777697256,3.0561666893083537,-8.864813254112121,3.1865180280963,2.891714596473209,-1.0380736447046912,-1.9970246920839763,-1.9752140379415726,-1.369554289919438
-2.8657578522351863,-8.902531390294877,3.1152057950309606,-8.132908666198094,4.889780167848083,1.7458752044383627,-3.429443197577274,0.43265698476509706,-3.855192376281534,-4.416336526782594
-5.179120103667948,-9.949512498059004,3.781782850591902,-10.470810578051726,-0.5727526173310027,1.5506146228186877,-3.5558838589413146,0.8111334043899506,-3.196961831500493,-1.2369151491255619
-1.8376021365042237,-9.755527455451338,1.975180229486529,-9.628883413550193,1.6335057203586028,1.8820851186641376,-2.661702632397151,1.329444578662561,-3.565695016515944,-0.8264956345442668
-3.36192715978295,-10.766584703581339,0.23747891934784343,-11.089534638731914,0.7080941419966325,-0.06151277507574503,-2.726569912440892,-1.3412815347287752,-3.3379416302795173,-0.3899262023361211
-2.050086064261454,-10.81294813955423,1.9357075204685357,-10.286103670394791,0.7936426662671157,-0.19650956071081213,-2.9823615420764646,-2.331316311546714,-1.6099248560458614,-0.7427110571569642
-2.9741080808953977,-10.359414384857194,1.5501146439585178,-9.197868416156833,-0.007008043509168583,0.9212383213885228,-4.050979152309196,-2.3427023410835837,-3.382058762810043,0.4343814899777397
-3.2756746696934345,-12.301770030277583,1.2265394342442026,-10.266649554411899,2.034523713756206,-0.9185232552184985,-3.687079497487111,-0.2037281904598565,-3.6591148169975787,1.8614209338461445
-1.9266676498554824,-12.291459257776173,-0.003573495045714265,-11.629311323422554,-1.2468725678522754,1.646841781390204,-2.853711694374838,-1.403466128090574,-2.7404629832893495,2.8556616155348626
-4.074715202989697,-11.111413729346944,-0.5218889544208543,-9.79387108583342,-1.1836904779519806,2.109617036303462,-2.8050969077299044,-3.0987202574565957,-2.426374544038706,0.4316217739552594
-4.020496364583094,-11.031911702506097,2.2904507874386653,-9.584672152676287,-1.8942632803412593,2.2733634229678223,-1.9551714468795856,-3.8606323832421583,-3.3859844806763433,1.9907520908008038
-3.7374268801907453,-11.233773573812941,1.818350896983793,-10.750531833501743,-0.134699272013369,-0.13460364196808916,-3.4173529370279256,-2.3311178509672392,-0.32178006279250415,1.3800254816649853
-3.6690540222321713,-10.860485233605763,1.0316815129025303,-8.966904673562563,-1.7425231929885183,3.224822527985843,-2.8335989322347324,-1.695540521385207,-1.599586000118093,1.6692232299276653
-2.861892247466767,-9.990193144772356,1.1814497104601094,-10.063748741416763,-1.564453274561614,1.0199217406532866,-4.128543821051494,2.268167809881268,0.8475800385796538,-2.222367550623148
-4.721485178854911,-12.09771191793566,2.675728636060001,-9.35408186471394,-1.1825152854322136,1.0461089478493157,-2.142562436412367,0.9873251293821261,-2.289659277956817,-2.4085856511382167
-1.140040595989402,-9.790050323551895,1.2925752096513943,-13.074089133381548,1.3553073979550765,0.909131116086654,-3.5259170954902608,-1.483261073347312,-3.4984348000082535,-1.7244000644907498
-2.888371087902056,-11.26376394685646,2.046198964145295,-11.279892357212963,-1.4011311103412347,-0.6341999256196887,-3.3755654640310158,-0.7505758189545556,-2.125231284361228,-2.760055056763777
-3.4084941942351925,-10.60413198818614,2.145340947857858,-9.786053217454306,-0.2695038143672583,-0.05110575178710805,-0.5618869975874701,-3.478788298782179,-2.4370773328610493,-0.44961765653061203
-2.5250047502232853,-11.016426618026815,2.1057491457189053,-12.1471467732937,-0.4085580189514288,1.2503623722779034,-0.3979540890643494,-0.8433446346789633,-3.4992340918403504,-1.4233774860512125
-2.91244421106311,-9.143851788116832,1.2454773903032572,-10.474440541219417,-0.8690619308639852,0.8250283304106895,-1.600005487652616,-3.442687877698103,1.3521623574438957,-1.0113243041372941
-2.744695970776582,-10.325275006070681,-0.3449163891458256,-10.059732518528381,-0.906827986138614,1.0055848405890186,-0.30615642057255854,-1.5723282880250724,3.393196420629673,0.3327800888064733
-2.403051476944075,-10.43194810222199,1.376682927545682,-9.948067187800959,-2.5459824585825754,0.26202276549457576,0.042479840122816435,-1.7534497182292423,1.1168809787453484,-0.9128480684366184
-1.9846507197924879,-9.515834651726738,1.262992889760402,-8.708885979908775,-1.3793418139262459,-0.8389547793691267,-1.7120741560801178,-2.4273744710343808,-1.9556218003174644,-0.6377616493035305
-2.039841629055468,-10.39220716328651,-0.12258570270180495,-9.869374816597967,-1.6872203783276793,0.12030823929353326,-3.163352094986377,-3.679036906011767,-2.483683227926511,1.110045886696033
-1.4214776910612017,-10.301467492654044,-1.4708336318187278,-10.108335300791367,0.9731570491028595,2.1075132122603413,-3.6323668211493434,-4.897767588091767,-1.634455835127079,-1.0836946640889182
-2.0070193129649714,-11.58407185123115,1.3462529985912535,-9.015928052677792,0.46065500206552096,-0.6835427957599376,-3.975949887531317,-0.9775962067250549,-3.351454369674773,-1.5919934927778001
-2.1503314870642134,-10.022115171424687,1.6274057929254133,-7.003935709577617,-0.02102222092580082,2.5565302237089047,-4.396916476879345,0.4384474319056645,0.02613465477531543,2.1092984612336876
-0.6054661867314398,-11.038199712182225,0.5789984709412416,-9.569635716415238,0.7253393460640696,2.0248261704792307,-3.442898783908018,1.5549002879612985,-0.08215758862000354,3.08201913063974
-1.5743414047342816,-10.306175481775831,0.2673415977032073,-8.007596336810067,0.1266884101620904,-1.0820333733996774,-4.427318145482686,0.18680678126222397,-1.6370949826202026,0.05338634574071129
-0.7414094719272363,-11.244195997137547,1.220369554612625,-9.433835722007554,-0.09880316453100164,0.5726734764021065,-3.765775455347196,-0.2848985519270408,-1.2435249488093678,0.3798034088471472
-2.417524267586788,-12.268133008958747,1.2035336037895294,-11.377326910944262,-0.23723084911296619,0.6541161626509232,-4.481794764887488,1.1942578376066841,0.7779414664792883,1.405555966740754
-2.157792408471213,-13.15325059467055,1.6069575657791992,-10.429424515189872,-0.9031125968213568,-0.31335156085465293,-2.532611948616951,1.688108576156971,2.1911851639030866,1.3235324895398197
-2.784375494528387,-11.231000656102628,2.0298079873123234,-10.519726502231052,-1.1666608162990646,-0.35608412475261564,-1.5963637522169358,-0.2744936939394863,3.465648164135286,1.3827371731635976
-2.1285394869075582,-9.530385213560606,0.17147893471099057,-9.930277288360879,-1.0997370483577824,-3.2118885719722483,-1.8779988279632298,0.0649100788260766,2.94334430233048,2.430753852058114
-2.2620205723540696,-8.75438714873951,0.9132577318748398,-9.471943095077867,0.2624800640176862,-0.9789900929112082,-2.2819874666941136,-0.45706401465059987,2.0579872279436766,0.9375402902328592
-2.7037693060240926,-9.108298601726393,1.1645326351923666,-6.302355998361949,-3.3938280745616005,-4.2610792645284485,-2.192492229028076,0.2484204746160546,2.8125448304380387,2.2463840366920196
-3.4424943864921307,-7.520225681974124,0.06251241198488654,-6.856251780886162,-3.667488950538671,-2.0497319611368874,-0.9316632603881636,-1.030308239619699,5.069443728989288,4.695046804857274
-0.7941590603517074,-9.747274966570805,-0.5423995179582407,-7.994843621487648,-3.2086629214817592,-2.6522584370779203,-2.6042420685669843,0.49830945155078815,3.8354611794804385,2.2371234224498644
-0.39205955095373674,-8.151416544251672,1.1927647588161303,-7.189403919653247,-2.333101992153435,-2.1735568235061717,-1.8605608929743787,1.46238436139929,0.8223143165282419,4.1599160613523845
-0.21633706010887008,-7.681018518732399,-0.12374754281477196,-8.968774715386658,-1.765853185286274,0.3503556872623858,-1.8327971819216775,0.012385592724368209,2.506730884401389,5.25962617058536
-0.32540889014426444,-6.940922506352667,-0.7546810638989094,-7.899625066675553,-2.0695275809068074,-0.4538252836476813,-0.3211925067893822,-0.7876247660759584,3.0347157172974373,2.887815571778368
-3.0144852361752603,-10.458921561230342,-2.799175441628574,-6.044535840312661,-3.3079788984888796,-2.6635959644462357,-3.2592651054617963,-0.98187611521252,7.054472001294823,2.2518900402968764
-0.852725502593574,-6.672350972785202,-0.7557465842257625,-6.078238829966264,-0.000781698011926712,-2.432203148586918,-0.30709147359771427,-3.719073107126531,6.273268095541242,1.2373712767864566
-0.9532286185163836,-7.935733309850483,-2.4357940766146404,-7.6735816358841165,-1.2288135611215598,-2.70742169594698,0.38921054625561835,-3.7098079929080585,7.730319875743329,-0.19239571152995447
-1.531725587683028,-7.018444328116235,-2.535172459394797,-8.535281315122852,-1.0740936656745177,-3.514937091850656,-0.047538156774705645,-1.9192120708237972,6.019489081010305,-0.5860123351236686
-1.276370269049232,-8.648216898235686,0.259538522337877,-7.203393998004339,-1.014707911920496,-1.7497925054103705,-1.7904076469328356,-2.835097615386358,5.390688914821774,1.5455009318814155
-2.264298377615589,-8.78631192300732,1.1829082200290926,-7.213382406057998,-1.788599397179999,2.3839237085576253,-1.5232456860062182,-0.6723398155628123,2.3945926882226702,5.449660919325364
-1.446556300040371,-8.116184956269569,2.1187692859170633,-4.993766940430808,1.004299482339025,0.19087691288065195,-0.10360606818042788,0.607495979461945,4.505464662608661,0.7750088636176317
-0.633960043465404,-10.239427236722584,-2.1210666661175885,-5.727715790299711,0.357865194571517,1.7836747082162374,-0.685306157786093,-3.775388272656145,5.536400659821108,0.25862538938036256
-2.9607914454444955,-9.920999714391122,0.9636961283544172,-4.708427326269667,-2.982593580615182,2.4392181479056667,-0.28577567775850593,-0.2768628897404822,6.885735492960011,1.369129065258562
-0.16020149444003656,-7.453990408360031,-0.4361828186248112,-6.5174141810357415,-0.9475043191112227,1.1758405059264323,1.4012268397477938,-1.293394409466512,5.346454456535999,-1.2373093247280853
-1.130078308851881,-7.310737092939581,-0.29113110024483924,-5.9793960108023425,0.4518866402488476,1.5960008973713447,0.5256101167077322,-1.6147172797088376,6.41950320644371,-1.466362859993709
-1.0113316116507,-7.893522347640732,-3.214771856824287,-5.2827991605792795,-0.9119611359603306,-1.7771959170611957,-0.426512811062967,-2.166060210975857,8.974800495094568,2.1892953227446763
-2.178046145959761,-8.180390216014253,-1.3762336587994826,-4.667993208286686,0.20849879675741867,-0.17839615745001494,-0.4255235524268863,-2.426304909332229,7.621732312325762,0.10549455746409277
-1.1691654547712862,-7.711964875122439,-2.2932055366027084,-5.709360090203305,-1.3832478988508234,-1.267545229978682,-1.4972085413843923,-2.8706833691888196,4.003967163868321,-0.612369684129121
-0.8116802931215552,-8.514965338862082,-1.3752734667707605,-6.400843183866879,-1.4217300710644953,-1.2093222259479648,-2.846365091998453,-3.3468747662953144,4.561919901823848,1.6717070705171861
0.36461639988850547,-7.609183692233058,-1.3014569275102874,-4.549773258919514,-0.20850709252368838,-1.6456971910566083,-1.6413331432624214,-4.2526400295131594,2.872354239636792,0.7189078787689356
0.3401540705316305,-6.624032039677977,-0.1440900155583163,-3.737697681598991,-0.10517470393838986,0.0349300206772805,-2.7664881510917634,-4.515992980907484,2.7655784141685364,1.9776947712744732
1.1675986073630518,-9.475175524561465,-1.0282522268309398,-3.172099738932558,1.1257713565406298,0.13579011649398903,-3.611399075347082,-4.367011551092277,2.315123580236683,2.855256006763092
0.28471328908735105,-8.458133329669907,-1.3200317602536489,-4.46565653375561,-1.0227678771677642,-0.49781877251615597,-1.111466463630006,-4.1116208005238315,3.403825150891302,-3.1774324708749506
1.0520700776637684,-6.74347823555954,-0.5288048839376619,-4.59340121592941,1.0819413059117475,0.8881718300327831,0.1003506322414823,-6.689718952632848,2.6882511978347337,-0.08728678265479103
-1.3870304890202099,-7.9395636360025055,-1.547398167889944,-4.895725527884445,-0.33191880090102943,-0.7741928282978697,-0.35979029438378013,-6.855388430745557,2.0764621404008814,-0.6916669457421049
0.5438300033496393,-8.526062705496184,-3.617204665848202,-6.504728664665703,-1.7761989020372382,-0.21853561828875934,-1.3723970417552627,-5.578638561052123,1.822218337363066,-0.11111973969138174
0.41124007841309645,-8.452714174338654,-0.6211946655476679,-7.714279069938965,1.3529945690399674,0.8105631746099191,-0.3218649033009985,-5.091869027399482,1.6381770264964541,-2.6326121116354244
0.5174748361314614,-7.9739030691168535,-0.4209434466541945,-5.0382241658648,-0.8526225647476484,-1.5988651904360913,-2.45752612529455,-3.645440753414882,-0.1582779419032439,0.07871412972018883
1.1055475317793766,-9.91919711248992,1.485104140706164,-5.206103742053813,0.5028134912565181,0.23821397718644302,-2.7717178239454396,-3.3269621867258428,0.27696713506821863,1.1198093093101995
1.100514835518976,-8.813449569845996,-0.2300021217711466,-4.482184294894487,0.34013088854813933,0.0908968433958783,-1.4108777583796857,-3.09427796429512,0.5618467849088149,2.5492026636983622
0.21748537280432256,-8.642121508482013,0.608509704429326,-4.402288544790961,0.18785106615221117,0.9485301793812618,-1.6151694566922807,-4.921074974420931,0.6952580323538833,3.930318072968968
-1.066836694149646,-6.869355769694666,0.0363860336102115,-5.429029685301837,1.789347402999509,0.19063969658111096,-1.913389957153054,-5.549403774789065,-2.1005876322721275,1.7003809249216997
0.6143525610243434,-5.9875435243194515,2.726302637348069,-2.5039975130259218,1.793023848406786,1.4940189899212963,-0.45552611256103426,-4.663942456635174,-0.513304575727516,5.148654209497733
-0.8391428447937233,-6.776778278747554,2.8999740403113323,-4.322469312999771,0.6975058566714185,0.22293387184547817,-2.0605889058228635,-4.350012651888744,0.19346427627196372,5.582178124511692
-1.693549478052928,-8.753699572415469,-0.3263300914895711,-2.5973534774220126,-0.11235990406651956,3.1964059783647483,-1.5710965145958837,-4.1142126543930235,0.9002470964486846,6.729843361712886
-0.08044535094637885,-7.443188842379173,0.003918642743933667,-1.8516846536787783,-1.4817696961549607,4.711375963482814,-0.7105071643407387,-5.449593142535444,3.5162067084498774,4.098888543726996
0.0918950192604584,-6.612751028437559,0.46472416182437165,-3.345138852098703,0.4435415563563948,3.099741028677256,1.9001764426748355,-5.551629130628851,1.569298517305304,5.330754741802485
-1.540838052312192,-6.559354858937532,-2.8297266280771463,-3.1345960130908286,1.7449770572900718,4.001405415055909,0.2565851604891675,-6.281922000794771,1.256768406940284,4.560598219431301
-1.2774124064723371,-7.234212315162439,-1.4113180368768556,-3.9891213408102724,-0.6258683247311999,3.94710053114604,-0.4071422962461053,-3.639194760493548,0.6622221258234818,3.1144468247961923
1.0026732515059502,-6.604683140506258,-1.0884737018472095,-4.729657908473665,-0.2627326226863311,1.4838916173104164,0.9116045080172291,-10.407853150229903,0.6879393405481652,6.025411044112823
0.5622930487998076,-4.985756718323595,-1.4641370622669565,-2.176267146157636,1.0128938024953857,1.4582886508432082,0.22294817626093102,-9.194886729760555,0.7477827975361118,6.457589667252826
-0.08175816637139638,-4.403311088571312,-1.9576658317151385,-3.660393233393795,-0.8606002350616712,1.5738222775707342,1.8911302642548298,-7.233472937669737,-0.3984971993318372,5.276481175316544
0.6510702859081218,-5.597475612762334,-0.6384279070235455,-5.28105513914363,1.267590358868921,2.0692053641401924,-0.9397491641881853,-6.2830777516816,0.8738216993722617,3.537875860470281
-1.8100966108588754,-5.735277197228852,-2.888784727314171,-3.6311921871163935,-1.6712047740928708,0.712879935521011,1.081295610250586,-8.138686310744403,2.3995260998885395,3.4147947311823783
-0.16447413521748996,-5.304125046517136,-0.49668450360407324,-3.6661948078349744,-0.07427045188708702,1.103953839842446,1.4347652090124028,-8.30480069522265,2.6304666563654813,1.9256732034393975
0.6305836251708341,-8.231045556550859,-3.431640453663829,-3.3456653478503418,-0.21427210953688045,1.793200958073952,1.240902751292429,-7.778250400850517,1.8625774208653825,5.96071679642517
1.4511334468083597,-6.7170953038560395,-2.9480120843179076,-0.38593897670886734,-1.2985731417197977,1.1192846013782813,0.9139260604267698,-7.2441646524999666,0.47403032921776994,4.88314127097518
0.7996223558658535,-7.304078147711037,-2.5258187793432083,-1.7792101270296892,-2.20734888912243,3.467736123766309,1.279748210234747,-5.859909969922046,1.8351790945306345,3.03040592157492
-0.9353796227721749,-8.762671377641995,-4.83587414685287,-3.8951926598072575,-2.02010122882702,1.6593279772084744,-2.116739670146183,-8.860758390214706,-0.077945009132992,4.904116280327455
0.7818347346527519,-7.100657269919079,-1.9430660853154316,-0.849520296266224,-1.9471262377392984,-0.21432233985875654,-0.45125368266288707,-6.6316593753563975,2.713440697197024,6.10732022715965
-0.46939964349777097,-6.682358832617546,-1.890719730904901,-0.08951421056925267,-1.3685243037331092,1.4038382158533438,-0.9640853711223554,-6.164917430857411,1.5248367119035173,3.653475833636664
-0.4322743174639886,-9.20877991716937,-5.896719678260526,-0.6948227218284201,-0.551598792417877,2.276964596520959,-0.07457824660691588,-4.836823261671314,1.3930892459836524,2.5582546261019554
-0.7488500170992527,-7.928386172118136,-6.18067565431404,-0.1306138082552566,0.5128446225362111,3.5017220693276543,1.0823431909892784,-5.236409975013175,1.683242149777084,1.4608387386951867
-2.176699425726497,-9.344229282903761,-4.948706991190881,1.2460351466775084,-3.133257467318742,4.200658006122624,1.9161778972505854,-4.924944103270816,3.3019334467762578,2.2377688922161667
-1.4249678116474689,-7.794617323758511,-5.94632559951484,-2.1081747849728703,-2.1934009749821093,1.8243118642103704,1.43291658704565,-4.01874239576933,3.848520415065983,-0.21258977181055044
-1.6764311721757947,-8.004092294299651,-6.341514296462359,-0.1245204313834478,-2.8915926900167728,2.626426526133531,0.6237255351707359,-3.69918942433335,3.9419368527473764,1.2756199159481527
-1.2033052475453392,-6.7501960567175185,-5.01645140692139,-1.7985215710172566,-3.4027393490710205,-0.7292244474069299,-0.2181330177881235,-4.493959836160331,1.5264324262256048,2.644816114205916
-0.6510106841301103,-5.547345900637495,-2.9735559638721574,-1.3402259170857536,-1.1472394488075854,0.2589357086212745,0.33637125169013454,-3.9839221133876404,0.3971149593711656,3.595872856239367
-0.005177980797603604,-5.7728945719605695,-5.1843351114077,-1.0013015251502617,-1.821496429673008,1.9966928426370776,-1.1892500566569115,-3.9820456426220407,2.012766561139205,1.6838212902592737
-1.3937491746243957,-4.985499393205489,-1.4860434781625882,-2.423284020583366,-3.995290423900769,0.999902365255657,0.3729061668128541,-4.6502362873340335,3.771125341269145,1.9686542748162577
-0.30532230944077127,-6.147837794298007,-3.405231284480547,-3.523409897850663,-5.505025713160719,1.6635288925472567,-0.44337056084757376,-6.108797247033026,2.426029067218219,-0.6767752586278118
0.8427021488788192,-4.5171049423708,-3.395473109414449,-1.9213454087701909,-4.169768252078817,-0.4635997963011257,-0.9256714575983539,-4.684443113576754,1.3140434403650134,0.4780931817533866
-3.0265258644328923,-6.662861786121727,-4.90913540804521,-4.714566440872161,-5.344675688143993,2.0338299179132355,2.0721240631666986,-2.535734132277592,1.945908034517128,-0.8628892765564108
-2.969656694180674,-4.439005758212132,-4.024922012072653,-1.6085391339987587,-3.958125147222333,-2.0290234709859662,2.2345377873807646,-0.3164231730107698,2.6839320504507977,-1.0665552037243557
-2.333861537458888,-5.438056744831805,-1.8128063171598685,-1.902544408813585,-5.387371266116165,0.2433352366347197,-0.2921161438615999,-2.651955302618763,3.4598088262614977,-3.1670903251949567
-0.8092151912431885,-4.530924626981266,-5.311135043893583,-3.9179171254749363,-4.250033978944513,1.2054324021146983,-0.16110627129466737,-0.6529104200783756,1.933438796338855,0.8957561161137335
-1.1556917783779754,-3.438769927357782,-3.9449616016601916,-2.3936342765343794,-2.335455482359071,-0.648991259570291,1.8861209479043977,-0.8057542642911314,2.1469424861600017,-1.7994384399197703
0.30967800586331556,-4.9063708881331705,-4.337258504106417,-0.8259107240289953,-4.252996142407223,1.6336781769297715,1.5452128975110049,3.4706335212132675,2.05221836935116,-1.1065312637054023
-1.3109210457733063,-5.638852108835759,-3.6540862656283712,-2.325803878034376,-4.3345947351365774,1.243829473050223,0.3332822232320225,-0.6433719443584982,4.465623670538832,1.7809204706798036
-2.425250436484159,-4.964095904198079,-5.0121095551811985,-0.44408539790147405,-4.833697655129362,0.7177929253637175,0.03392438113995627,1.3489234063756999,5.982946596291249,-0.4485250998329957
-0.7089554442354702,-5.314489272653946,-3.616438764393166,0.34690675492107326,-5.56000509784439,1.8708929925197868,0.15385040538196773,0.7767004244641263,2.56797845438629,-2.0563119866819584
-2.2511302513827984,-5.8210104885154905,-5.467557862168565,-0.6193297538593006,-4.782023198424064,2.345007635131144,0.1191177304153444,0.30671641931091637,3.5784651433217536,-1.4576269517729168
-2.4469248458685318,-6.796528050562028,-3.8400465792819776,-0.15336854818663073,-5.036415639183455,2.164446144628712,1.355468031914266,0.5634197259103647,5.16410783211461,1.4355220376622706
1.2782918649662556,-8.339948005663938,-8.20972304537677,-0.6029481615434439,-5.141779339247594,1.4338078448407872,-0.8655796336107683,1.21264078085853,3.0219854416629337,0.12199987646083385
0.7456849223473229,-7.104427098656004,-5.68811588356621,-1.025233519409451,-6.255670240692837,2.515962128739936,-0.3095107358092236,0.6948639575792149,7.0244909009180185,2.81507295807389
-0.12643123929461422,-7.26991027429307,-3.7005657552981353,-0.7899746471678034,-5.237318489801027,2.6732882285492767,-0.2378472408689415,1.4831273586615266,6.604754363407919,2.489014705081066
-1.3992453512875738,-8.284855394177459,-1.6376346374605841,-2.0810105316204193,-5.545917802626028,1.9923042506145383,1.5299923669036457,2.8435778349036047,5.459447115755532,-0.1943921803369286
-1.9310025907331414,-9.744577432780664,-3.784296186593289,-1.8266725147734035,-3.100737136370907,2.9253535899769223,0.058100472622428456,2.900379407367418,6.884218764533349,-0.07707610838069023
-0.1781863775467317,-7.295882423782485,-3.085180772375128,-0.30032483895978085,-4.577228275296668,0.8644514269403817,-0.8042273694235733,1.528690388531892,7.304586518044833,-3.5305758523175292
-0.560397494960365,-8.154376799584968,-4.069950318572351,-1.2063227710419862,-5.145771466979582,1.140105158032858,1.491184258392484,2.2644777038280086,6.190213791080859,-1.8464246446924104
-0.8876237912042638,-6.467800135388257,-4.287417648995525,-1.3228747977744566,-3.1572583238238785,0.2010060094121178,-0.5442502944425004,3.9353258538631324,6.69124004915296,-3.3812082766339007
0.07601207060622826,-6.346841696109503,-6.418129185014334,-2.403582415306295,-4.060287679662421,2.605912115343749,1.8739942172556452,2.3935193356820257,4.714226113070109,-0.6399364596946095
0.47302276632411777,-7.096207837888452,-4.846557055861593,-2.6479925829132713,-2.447054207413448,2.253927712349433,-1.5532348581388837,3.7160021601854756,4.719459909672212,-4.047077558170753
-2.2285061396410457,-6.566434607356552,-3.2648022514402606,0.18318529298647465,-1.4092947689049204,0.7133798991701767,0.3499682873907166,3.7427247834259396,8.44595434884435,-0.9806537802990666
-1.2430071553680988,-9.406585119368374,-4.121770954698882,0.3055364651572918,-2.773660384914043,0.8589052849617111,1.3488835939292751,4.550674960304641,4.399461989988552,-3.632411019367894
-1.349019658033572,-7.589250793903918,-4.8487455633662835,0.4284596433659116,-1.996056571578943,0.37242263694207733,1.2736530161198014,4.454497912816327,8.080633834153168,-2.465312937247556
-1.0245577395585703,-6.965816732203454,-4.2591633118077885,0.09786497121513815,-4.148676312133448,0.21655795592015709,1.3082153694285437,2.7657725600266385,9.727196674411276,-2.5651941336367727
-0.16546995177226806,-5.556361168745697,-5.981769458074397,2.432750159152859,-4.948728957020979,-0.46688161766253505,1.2214675004170186,2.3141415395283205,8.311048670942618,-2.224539994197587
-0.23423421333179933,-8.471233524637046,-5.225563155335444,1.8132577841860784,-4.838814887782307,0.28816974926962224,2.232386102929648,3.544323292264806,5.253156885082844,-0.3805598133314534
-0.1824412783659146,-7.798678922746533,-5.249282772362495,2.5045579462516723,-6.067756711646202,1.0835772318237598,3.2492476608963057,6.698160115860658,7.663893160079921,0.8682816289799294
0.8408264456197813,-5.654086799008164,-8.292717748595798,1.989234348861709,-4.27224505834028,-0.878761296279092,0.39771154799442193,6.235372398092392,7.489612811532937,-4.041736884615371
1.0121239407920972,-6.819154267267697,-6.7412088192035045,1.9783156197618736,-3.2207482801241447,0.5532455204347192,1.1778277133005206,5.813372137880028,6.419704166822656,-0.19678173218493655
1.5364308463605831,-4.484761729506097,-8.758525907899969,2.0884920452182807,-5.993290909301709,0.9733822211110138,1.2318606017600402,5.307770086480701,9.384709303788018,2.272282614401439
2.579576989883585,-5.904778727123842,-7.528931572118341,1.068255902597191,-5.957984997219212,-0.5196110599360947,3.707078477312027,7.830830698517,4.709566874660569,1.0769115503277105
0.94436282645131,-6.321905107360407,-5.5226130866064835,3.25949146872103,-5.857941514515055,-0.35282989710155443,3.447030506470392,3.635412479354405,5.378805048645763,0.09522218786569178
2.4248340196570335,-4.302955301185515,-8.258442004995361,3.33061049831732,-2.3038919661562383,-2.2754017649124085,3.1148088645640364,4.798838169765954,5.442372116620424,-0.11040694825227779
-0.6360936046176732,-6.994330669534533,-6.116272381231657,1.0213392894798243,-0.5736462595409374,-3.6359342719292758,3.272241787917094,3.0478956706755485,8.501475536419525,1.0221344963338306
3.2139039853413234,-5.164192967908848,-7.459415511491913,4.099271478624096,-0.5773103005557454,-0.8557982640407116,2.498617395421867,3.9345278398071746,6.826141701099233,-2.286878495408322
2.2970595497333575,-5.180574299937836,-7.175645654502362,2.795091885109566,-2.868811807017544,-0.13138180003918554,2.3760137476424137,4.508673029638795,4.3089814931648265,1.2826165180254472
2.357206671430958,-4.201142214645669,-6.171355188298616,3.133540960667385,-1.4512534205922414,-4.667647903610637,0.5645530620906354,5.745394369657776,5.75519760649174,0.0039955441585509555
2.129309301784177,-4.999486690008726,-6.846227123773749,3.107980121635261,-2.4390228845425566,-1.3162738812706818,2.268066807199409,5.963826654496181,7.162378030821108,0.593521138376339
3.202412444406779,-4.558278019017728,-8.747685786128644,2.1471655271986863,-4.326517376619915,-3.4292558108860023,0.9761843296800586,3.5540105397849815,6.672216556288667,1.7911907395472464
3.765258894819469,-4.002555091886356,-8.367351962054741,2.5882307006250933,-4.8663614068866705,-5.194037034488324,2.888759859089426,4.954957848459642,8.03428115115432,0.32090889305526515
2.6149453591649867,-4.975799539063938,-7.835262717910096,1.3415628360560976,-2.524191471728974,-3.0612819268945306,2.2522311442058127,2.5892396404871314,7.444397225502729,1.1354761773107243
2.046483037117788,-4.926692353004932,-8.573908879572842,3.2442756669976727,-1.9609026528172724,-4.282617161200735,2.8522707925690116,6.460728927757461,8.605435484725218,1.0785046128648805
1.7854443440763417,-7.327158859575735,-8.583945496916678,4.379665314799551,-3.395963014002842,-3.6092018772812087,2.517209600632133,4.3806959756637225,8.241094507443103,0.8417261591948411
2.8680474718591404,-6.550891185005928,-9.393060462599264,2.997460972488379,-2.5017298762266558,-1.7496189425990518,-1.8329886257110435,3.6823272958873567,3.1407616478980267,0.9262496825764643
2.7057731686295265,-5.959649837622744,-7.539673483398798,3.566991685050731,-0.44454065764280115,-3.3339325593376516,-0.5891717403095107,4.247133490543381,3.3664510224874054,-2.182014405428418
2.032275039628198,-6.111817859207409,-7.092260118057087,3.442913506524689,0.15304740116553042,-2.5424130787194903,1.2480192738309894,3.939119587995395,2.94037971529377,1.0316758067743497
4.358437666923475,-3.639909028649618,-7.779961044580346,4.974605129790187,-1.58799977400199,-1.6213136963896722,0.8480794106215703,4.003216703679968,3.266086760569117,1.7021853256801427
2.1061503112004565,-5.601998324503395,-7.969922466552614,4.904479055576604,-1.0409245079231486,-2.186494212051506,2.084272884067935,1.538002435584518,4.895452294994063,6.2878304566022525
0.9610995567161115,-6.953363449282472,-7.463281319907841,4.105750565324901,-2.6101138844594067,-2.215553098645582,1.3391879357829977,3.5522292185518967,3.833940502763248,5.087946078847538
3.1279983124565764,-4.952795238806383,-6.878686638739826,4.6778040971857,-1.9018335740108787,-0.28497661125359197,1.9114106810468554,1.5979012542969329,1.5704702628778828,3.829086971232576
1.2598827503479566,-6.0190522027526905,-10.25177987235788,3.2958915935171254,-0.3957938212395086,0.14964299170184592,0.44944982707002434,3.4434591780770187,2.185416772799546,0.8083038890862781
0.7952091184006986,-5.691977961087732,-5.634405949850238,4.3834798612394374,-2.6183270914358188,-1.948189344170222,2.831902239652387,0.8204040224860943,2.7657517972057475,2.2984342789216847
1.3560728096094792,-5.672037424952779,-6.682697818060782,4.054385105108726,-3.1050356965186956,-0.707091690816874,3.0878870450505715,0.5144471357672279,2.465908380763163,2.7748292835568753
4.012103831599112,-5.93313467939883,-7.269867790224151,3.576350116611952,-1.0139640380312307,-0.8703260302403211,0.41309054595015215,3.5021237737616113,2.1700213404621196,-0.049645889150587263
3.017892737920592,-6.628939947784381,-7.890599800164976,4.59902322108228,-1.4456911017212737,-0.8168571766903439,0.9645731765007712,3.230038044223118,-1.713108346209373,2.0737431772760524
2.960860915046504,-6.135029702949469,-8.131678409916214,6.399454473706429,-2.3927655428412002,-2.4812081712060436,1.9479337198655549,2.7705912249760494,2.0275889293931195,3.953945468665973
1.6036230418599218,-7.375439698164385,-10.876007226233105,2.834137523375057,-2.49297827840401,-2.861682355202137,0.6703538167254816,1.435414863886564,1.1604701988810784,0.11716164036485144
3.118021638174048,-6.537704925322961,-10.834597747035735,5.273836394235272,-2.223921168470679,-3.5535905422754848,-0.12553542179608826,3.3052627409551745,4.147371875402975,-0.04159176408480347
2.037079076120201,-7.068897375767898,-9.665471433893172,5.192664209238549,-2.227360968841931,-1.8738508817340325,0.6655432164266465,0.9091631850008791,1.542936627447207,1.29860524973359
1.7299474266032175,-7.055333759162256,-10.408108691572602,4.168064351343807,-3.5487054407746466,-4.5084004150664025,0.3141438499856584,2.458733489321826,2.422558893150178,2.341853040666307
2.013317065575362,-7.242014254254449,-8.748826371865604,4.289679783492955,-1.9611144300204817,-3.065312863868526,1.7665869674471646,1.5248059841504222,1.1852055396738501,-0.7893420644360707
1.3393288310385585,-6.814743170861787,-9.874618427495404,6.5912766827453435,-1.2801351397888976,-2.7855639672126293,1.1700562876625389,1.798811601791513,1.1188384339093862,0.12438740618297378
1.3438056025959428,-7.0453554820612565,-8.482646183902364,4.6216367760529335,-0.9097432995630098,-2.8357391564578815,-0.10696458648292863,-0.030442676297120205,-0.267014811114163,0.25537870643375205
3.0250792247715785,-4.8294052976951125,-7.666677995406179,5.129569431188426,-2.428200654038873,-2.510800746774505,1.446746949811701,0.5000561729268536,-1.393040479537922,0.647626201884961
3.738086731160519,-5.449338782397091,-7.987479722434,5.151684698395571,-3.1956990195044335,-1.6707411352206398,0.9571891397464851,0.182007828207077,-2.516947346564709,-2.748015289147127
4.712898981700355,-2.341743238834617,-9.488969599542777,6.8008512264557535,-1.328659241916848,-2.5345288932872743,1.2683626448235135,1.3064027789161041,-0.4002083572347315,0.14461494227258398
5.253734462764188,-4.756460539389199,-9.183803472650732,4.9480422221998,-1.9284241696500062,-2.3428369554451125,-1.655693501267258,1.1985823194704601,-1.4837172672095809,-1.1765075882122573
4.02721710811058,-3.916472145244396,-5.675707140284362,7.6315780430633,-0.9546376451882616,-4.852315620796793,-0.7026086951519042,1.7369167743953768,-2.4104348749986477,-3.228943405954966
2.963488844190708,-6.176515809102107,-6.920121152326302,7.164508445827684,-2.620273138033443,-2.0426869608159257,-0.6589038374156416,1.4207536079822976,-2.5631923252932474,-0.18559647608347266
2.4912756095765753,-5.155226553927192,-7.731089901936247,7.404947257872064,-0.9189711697874778,-2.0096974271641934,-1.8727931521770367,0.5910054818143814,-0.2757415728877078,2.822162890193625
3.1559485203513424,-5.878611376723943,-9.579347424827628,6.83645074232998,-2.3049169430750944,-1.8380797724592004,-0.7426066018141081,-0.8473260771441701,-1.5971138669413585,1.8890887489019672
4.4524104220469205,-3.7823815942312082,-8.290382557009682,5.101445223486169,-2.8273544189024604,-1.518663111804564,-1.994624296201718,0.7232025683493891,-2.7818319502363016,3.1339770699762206
2.825335065284108,-5.618359533451193,-8.180689932988507,6.115100355049489,-4.187676715969497,-3.2280147142317515,-0.47767594817940023,2.0391259849146217,-3.8678528267374914,0.5694708247211571
3.6323029647466174,-5.622808487430566,-9.146118027692387,5.975880400535638,-3.7287135554536803,-3.4022830330554434,-1.034615927339621,-0.6161438579119191,-2.3086302737664073,-1.9948910883474602
4.627496674171046,-4.767827281242483,-8.229722536053252,6.580969174516568,-3.690206308204011,-2.845552105489412,-0.6896917481420066,2.0993030759708295,0.4594416114566483,-0.03060495955573212
3.61885323111635,-5.681499232385933,-10.580781393118386,4.92119043923002,-2.4830819669412336,-2.5867014602637024,-2.5948653225312834,2.0461437097645816,-2.5224660534881944,-2.0733853343330093
4.765466186457811,-6.207309047657612,-8.539456284830518,5.788201107911565,-2.675532693641016,-3.1612863175626518,-0.5111470569551416,1.30534985456333,-2.2589588199308848,0.38524178127951464
4.676339899017948,-3.284296120629296,-5.6856984877109555,6.27435828570608,1.34484910811785,-3.7473607849227606,-0.03841161179206555,2.3599473434261893,-2.8341038671561045,-1.8430253569324129
4.083055186713933,-4.700333205704087,-8.890761630662638,4.82288835975825,0.17121616997023292,-1.9643943544311913,-1.7333326330635432,0.9947403016158918,-2.4244694613218267,-0.6602881136802731
5.553475901657882,-5.422289006378898,-6.66243011941915,5.326463158541796,-0.3306647990639722,-2.095626077886963,0.36575695094113253,1.1543019320435317,-2.6109241895525415,0.2950310913516022
3.1253484497304393,-2.5247903351072885,-7.563211549157351,6.717912302904703,0.791632352353975,-4.286331837648751,-0.003796118160814766,0.2427937056814214,-4.259100004059102,-2.483708285424039
4.203120410428962,-2.3829073439410533,-7.9287628051034025,5.242134442480744,-0.5612157508491162,-1.96537716590228,-1.444605669005591,0.017184346156840637,-4.798633340501765,-5.003684072505922
4.3338151543884855,-1.8210832707179356,-7.0311367422223565,6.071519687309613,-0.045992335738711726,-2.0017713885948685,-1.338356840570499,0.8449715815605813,-0.9591583593913582,-5.998158532870672
2.9531169199985783,-2.8715927571482194,-8.464806556225225,6.107417116165594,-2.2907656457805743,-2.5550473975946293,-2.013951412695619,-1.5255717570023928,-3.171663100583731,-6.914072548918917
3.133916007708825,-4.153442132046139,-8.300976414929844,6.1315925126570265,-2.151917767946978,-2.4881443528351457,-2.349131442885634,-3.704799716589286,-3.164468164855391,-1.7308824053751102
5.024425110602208,-4.93779306606763,-7.20281716682063,7.417960239658387,-1.3621956164296,-4.1188286050639356,-2.025474667272129,-2.472744998202375,-0.3691944736757559,0.4874803407037671
3.3021884562090955,-5.2714021992927895,-7.649391616947169,7.732758594521011,-1.7313068936359846,-4.404800502506479,0.04798318206086353,-2.8494623261405727,-0.9577211197735926,1.3036646471279147
3.7714263260697933,-4.4499994026022645,-7.212078712732968,7.026419194236625,-2.84714950597357,-1.8637279049360689,0.4264938178725388,0.6701128071126586,-2.8950205589056415,0.8478446441221864
4.918500340991103,-3.8249037173238203,-7.10145034367644,6.7761619022238335,0.251999397790089,-4.928223699729906,-0.719312585955349,-0.8065643493198161,-2.600065425047962,-1.3135948104825492
5.334467197903123,-5.905204543386495,-8.723253687907485,5.979254195080622,-0.08124980205983275,-2.977849799934377,0.7667652214185952,-0.3554640388462985,0.3562866474106746,1.4068990480139754
5.937110946266492,-3.4054709825914418,-7.3673250722104635,5.793309614269369,-0.781018603725096,-4.8362104094491665,0.12653719877393693,-1.6819858464942612,-3.337389414736865,-1.66298567115317
5.504277311141499,-4.076965849924906,-8.304397608943349,6.599083357816567,-0.7934613792710388,-3.497112812720301,-1.404278553963996,0.4163885317379508,-7.423566175471773,-2.957461057791329
5.044028682160305,-3.023328778368794,-10.01853347478562,5.824353428689433,-0.28704923250783476,-3.4756522009576867,-1.0057264755585769,0.24811761442734998,-3.1775018852060857,0.6649684742961633
4.357052456972472,-5.572023934765808,-7.645260868188927,3.4315827089031825,-1.3191092260452828,-2.0505781246433057,-1.6066752430426168,2.0896202853462245,-3.061853151766553,-2.8350325415808335
5.818117202081749,-3.8761456808363106,-8.294483369653138,5.111656444436888,-1.0966101902653274,-2.5260830820109748,-1.9797747199017088,1.2113772790976054,-2.5713524238936727,-0.3066818239762089
3.7141168022838835,-4.850288039857641,-8.815382909094541,4.999277868021565,-3.131478097239886,-3.735842404779189,-1.9014465000550929,0.5320126350648161,-2.5658274189758368,2.3411227564342076
6.81085185901937,-4.913219916817227,-7.8660858083060265,5.9959159020614985,-2.940103391185682,-1.991921165216758,-2.0068569395650995,4.690817881226545,-2.198388918092092,-0.9295831689671938
5.109301860300529,-4.715202309493265,-8.065610306678717,6.4714180991358035,1.4155984578599772,-2.384619760293558,-0.28984722134533775,-0.2348729731955465,-2.307287206491109,-0.43676185490761354
5.329415810996507,-4.866615221859127,-7.3636858652886055,5.345367658509922,1.6137959110032698,-3.763612225374762,-0.961287539261783,2.642091617733307,-3.1117449227595064,0.44246074200551205
4.211953373516648,-4.16047704776424,-6.569078555494413,4.460332586314626,-1.1333990116323018,-2.317435754203557,1.1819130568016851,-1.3337871859625319,-2.479887887332976,0.373491469378574
4.6595815408840915,-5.780884951685543,-6.697915678267755,5.03635325313599,0.7757100106280196,-2.929430603431985,-1.4576910861502144,-0.6795534544306863,-2.518823336120043,-5.781365500049593
4.061720348646065,-3.3750666771289786,-8.267809155818542,6.354170024582294,0.16724903539199212,-4.003435770663677,0.43881882750941426,0.12012251216478971,-2.9056703385626053,-1.8771814570939596
5.501604576891722,-4.045036323258987,-9.033734649854331,5.554645173708983,-0.0010842416565950686,-3.042186403394511,0.7998428111149525,-0.6023177308328118,-0.8591165437135265,-1.2357480851303293
4.1846100454296735,-6.508411060570373,-7.316960775114963,6.586014570310461,-1.0135288749240157,-5.23700269086295,-1.6206216681311507,-0.4366740649004357,-1.6115996121296383,-2.2474356491657512
3.45498043856859,-6.974385527080406,-8.68283373464842,7.79793347908445,0.16655727251577096,-5.836156549467443,-1.9960341680380338,1.8026521320899649,-6.014143835560786,-2.8869323544558765
3.7201821188229016,-5.9424466156180396,-6.423247380901637,7.660073978830266,0.5588924204889065,-3.5268544130319777,-3.630278056111399,0.6363957544130421,-4.291604619520877,-0.7306683109924608
5.135264655199107,-7.789058383589562,-8.722624078735214,6.874996430442233,0.635167157622142,-2.8861647206506627,-2.42517824950154,1.5729013949279391,-6.780881760003189,-0.5295101064542441
4.035409465604912,-4.117962280195983,-4.708276186586314,8.134306561838406,0.9395475068195843,-3.4650595462619456,-2.813720474489505,5.310033662848825,-6.617710151868594,-0.42544772863607944
6.14888311598596,-6.2892394405923575,-8.384314101325678,9.277743966983675,-1.36419750208439,-3.2175309402542593,-0.8699441568896331,0.9502554534986863,-6.757162573484246,-1.3999722222291828
6.481212097220799,-3.615037053809132,-6.732240105298858,6.892077303684137,1.1695999361103178,-3.9043446483203614,-2.4563163327150472,2.8960016561923125,-8.361327539478703,0.9120325331012606
5.576765565642523,-6.9776946544462515,-7.643112173281785,6.66885332470272,0.6024186994405932,-5.384868715906033,-2.0200102826612443,2.9991908570636494,-6.903920747321061,-2.538155688191175
6.3222943673975465,-5.670718659085428,-7.244758581131454,5.229059938408259,0.4107494061692576,-4.003000025440977,-3.382052866214528,5.274369982565801,-8.576837905693134,-2.799511874253228
5.142521377240516,-6.640584684448556,-8.676254446996582,6.815051028170203,-0.14186096400244252,-6.21052786976359,-0.09003782783659464,1.7696990907610723,-5.791228249582058,-3.0196121492520107
5.873208062702554,-6.115869854600756,-7.168585898557039,6.641809914548864,-0.4444283412067667,-4.905283621059947,-2.446181095088785,0.983644237599741,-5.186130433929099,-4.115580139960894
5.717959998290327,-4.085262411696682,-7.617452759219279,7.18718902703577,-1.5956121582137266,-2.8349747942147157,-3.8718495763322833,0.6920858336210965,-5.615862244098307,-1.1971892324801854
4.998233822545392,-5.941781813931453,-8.069198980941756,7.054481408435198,-2.5016157127071494,-3.4490349562643905,-3.388050310365817,1.9763010901857707,-3.1126484563448837,-0.5099127924047913
4.834531216187062,-6.307900301415214,-7.665309359384939,7.925954736381205,-2.807667437839175,-1.5375709446015222,-3.0963254110267227,1.614312224228822,-7.411105202170912,-1.3021514259424487
4.724503649881747,-6.244123556505914,-9.252300052641207,9.829866311367077,-1.9971957187196991,-1.2106712634519166,-5.985093209060521,2.63989759128156,-3.684710764991286,-0.5744596588257596
4.874305301484037,-6.36613803254711,-7.877494790166941,4.279808375938847,-3.7463580181525087,-1.0825348720997923,-2.168511283904464,1.5783614298145476,-2.7582936786626138,-0.3705444763783563
3.2975793833817812,-4.374283068379312,-6.45376538306502,5.879515397282991,-2.830781251745496,-3.930993627021869,-0.796794600325051,-1.657084527193413,-0.9140619115072438,0.7281680029706038
6.0237309651675295,-7.297782505604505,-9.316811919148243,4.239054807322411,-1.6407726354684407,-2.965971230436498,-3.0139054541436683,-1.8600825840627797,-2.1741926850577142,-0.9674073049038098
3.8325876899119264,-6.907485817332179,-10.396895449633035,4.873755948353579,-0.8184261233048383,-2.2539375273612428,-2.7448987466910504,0.33310491596547415,-2.8264877536745967,-0.40594511508980646
3.915210939317774,-5.389548645399286,-7.321391167656879,7.189608731164669,-2.146990240981477,-4.286016467942363,-1.2017973981297236,0.03823032546127057,0.1491094909393089,1.4978641750443253
4.364257095801342,-6.261308937018263,-7.70586355144132,3.901078355694236,-3.89787507029171,-3.167761200729017,-1.9080116200243722,-1.087256665826942,-0.42484065415987166,-1.6161878560922927
5.191590938330806,-6.819635715495851,-8.509385437551822,6.640924762773308,-1.7494044333513916,-2.0451660347339025,-2.382933766224056,0.8301362607566334,-0.48625463633814275,-1.683790765942924
5.712051958394413,-5.275420407292139,-8.453614106787198,6.989536128622146,-4.637023759337357,-0.43935309651383303,-2.816163518450229,-0.723545879904668,-2.697482965244174,-0.39235194886188623
5.23519029872263,-3.818834784931009,-7.095590755582946,6.354515684695915,-1.4519838238421725,-0.09623552492451595,-4.880311508156424,2.355920601211793,-4.857206978608806,-1.4117675611336797
5.544469471249882,-6.161889712166346,-6.088818184789142,5.660467829059311,-2.9829556986447754,-1.6828547548788475,-2.350970250911713,0.990010953307437,-5.936546873293372,-0.8598634458489218
3.8897333630249404,-5.913290275624454,-8.229599502376962,6.158303582295095,0.5353648249317247,-0.36156954095420285,-2.8417062636800954,0.45327018183672174,-3.3048210201245274,-1.9483381934920871
4.364850478017274,-4.848248904738973,-7.3619840146478595,5.922071391179901,-1.918028477631748,-0.2250312682043107,-4.863054986078285,-0.644905427119067,-3.2415800580948444,0.44355442590945887
2.6803755991166214,-6.767020624847765,-6.608062545089065,8.510584548768868,-3.098896873415018,-2.2102766969224805,-2.6909374510723207,1.7845395734877205,-2.6500050455372124,0.2705531101564135
3.775974786938296,-6.633574698325236,-8.244568778341078,7.0342270679981596,-1.4954461111334736,-2.682708771543548,-2.068265021665349,1.0855888562540335,-0.9218568858374618,-0.4248110124844968
2.937452298661352,-6.317969726289723,-9.612340252227314,3.9530615398026225,-1.0470777187264442,-3.1414815449003175,-0.9310240593211977,1.7344753068415286,-0.8060866577826176,0.5208796722333113
3.351076478642198,-5.499468559093923,-7.910419174420795,7.322989498986378,-0.38784042123194007,-1.1263581393204893,-1.515163749798485,1.1435091047007913,-1.8415927708808457,1.406448502992064
3.549834940415212,-2.8678954109812818,-8.351082488105803,8.897408060973355,-2.615593129403149,-2.269719786516464,-0.7259181505962307,1.150407916205062,-1.7470760742199287,-0.3330468492306095
3.0865467994030436,-5.205588097815601,-8.89279879245784,5.359307723855442,-2.1070396305668826,-2.8320754102684,-0.2387640622480093,-0.6751490680473027,-0.22058377735882095,0.9180337288742827
3.726393388068114,-4.641843760893272,-7.012984667464563,7.774080821974361,-1.1511085986989895,-4.388525268081168,0.017752739957770363,0.14350949948294137,1.033122990062842,2.2397883904791263
1.6360768827956373,-4.561067942840326,-4.774367246798193,6.388431583211405,-3.256230953816715,-3.3101759124968817,-3.463229391733158,-0.8411811074660631,-3.0334987835000375,0.4862015077679879
3.8417902013833114,-4.107740661411484,-6.7468297145911,8.69273345879202,-1.3395322773776883,-2.930822249809888,-1.6712772031951648,1.7883582531033368,-0.28855515247204794,2.0036997589869348
3.4410790606463606,-4.012476505928561,-6.650173931297457,4.117257613040039,-2.2075667903544,-2.3103335458206344,-1.6061209528189222,3.2834924970346875,-6.26515008566615,-0.3001679210527231
4.464963360229714,-2.958574000877001,-6.218623870873422,5.27223772541627,-0.4248381804084082,-1.1174225882982574,-1.517119125366801,-1.4198740567251866,-2.2478224933250934,4.514158382155296
5.386488390841851,-1.0603134515043808,-5.02293407341362,3.9344476904218992,-0.023299470415123626,-1.4492492172236897,-1.616975121981717,-0.2275890407034869,-0.6877886293976899,4.401194604460443
4.997150371686919,-1.2160851974825553,-6.756588762441834,3.291064028457,-1.4673652116868972,-0.32597718541592363,0.18612591917056626,-1.8685409321995714,-1.157133119791808,-0.9291511973741958
5.992816630517095,-3.5207948057850955,-5.998630361807334,5.542369533668297,2.750070532962686,-0.7174588205251675,-0.24990200985894684,-4.482028720974922,-2.911652483220287,-3.922814981248981
5.546030525156471,-3.3322379168952656,-6.847062031033195,4.183336845713277,-0.24261351262421169,-0.22600468268933002,-1.9782984564844375,-2.6226836634452035,-2.261141279973522,-2.5053617662671654
3.47813646577109,-4.011131110817936,-6.433864091738833,3.9576492941474797,-0.44909557527912475,-0.35768088448209007,-1.8095796519947804,-4.250655346313488,-3.472061638538077,-1.446296694773098
5.203644909922649,-2.687090652214164,-6.28038218852042,5.481952523322686,0.3870435715220887,0.4752234909324614,-0.8967626606028254,-5.180913409375246,-1.6560421607432536,-1.8269473159914882
4.17121362713441,-2.290720504661684,-5.5474485044337385,3.6262776126311063,-0.18064134665547663,-2.6881530899960175,-3.0746599047597787,-3.4648120788884773,-3.6075574765435396,-2.3930409369061647
6.156735493965567,-2.045327076912029,-3.663957480848194,4.780930912155481,2.6419263001251925,-0.8818330980145974,-1.205112333522618,-1.2570103331596394,-3.7711383761173596,0.6519364064802373
7.006888788882799,-0.577312554898122,-4.710077470060175,4.1401243036564805,1.640029535876721,1.8796277855789216,0.23607837139617513,0.02824298775523556,-2.791746509530061,0.8355857381873086
5.355495976668067,0.26377574243471325,-1.233113448088494,3.56231691970767,1.1711055551419802,0.13016621220598562,0.18288787126850237,-0.364399792512995,-4.805281210579777,1.3170431169603727
6.885175980764072,-1.6868438167897517,-5.383551484559618,4.18574785267349,2.14721441447722,3.758790579263789,-1.1704038923375524,-2.0569203011113584,1.6659593034160602,-0.09752981799333135
5.516882900337425,-2.2379167578558232,-3.654477990160273,4.091786905181048,1.3681073426809272,1.7888103804191866,-0.4566293916278686,1.8871020476757443,-3.473285712669551,-0.7475955967297039
6.21104141494675,0.60496358501158,-3.343582365525208,5.0055147423670485,1.5823617837269908,1.2502755000887584,-2.3242491923721245,-0.6222495197085672,-2.806021221464386,-2.23538373489445
6.11823132985293,-3.446042571470662,-4.321976230186501,2.7266937982803077,0.9952542136645793,5.268245055151257,-0.6955690631056086,1.546046723715276,-3.3260387967638074,-1.693626798134716
4.998287208291054,-2.9429026842942783,-3.140521041750164,5.3446010519450535,2.3783972181360933,2.340933064216833,-0.5932471266991012,2.6668152397939777,0.061912405816793754,0.9647182477101663
5.5518404463775735,1.4688662171758342,-2.552407112950294,3.7962716655783395,0.5027437357518721,3.5501730148850674,0.08220005403276717,1.315529026461613,-2.3890532008738146,0.06696199649274312
6.53526836691267,-0.8672336285304115,-1.7003506328764377,3.992990472157509,0.2992151714500728,0.050784364688421554,0.8664815055671442,2.932803076967719,-0.8468816278583469,-1.3597579536378008
6.436593216132085,-1.4913510924352789,-2.7072714876691517,2.324780260715716,0.4281946019361118,0.6196545991388442,-0.42842748820952636,-1.0529314092042197,0.3559492420229364,2.887705124899003
4.640550160285912,1.7618925382929518,-3.619199382271786,2.888043703666931,-1.1855241860568746,3.0534471944610946,0.6890179076011048,-1.0630930758647752,-0.9018909165729856,2.5767875270123834
5.098482012831306,-0.37601620884664727,-5.23818898331457,1.5797438445483412,0.2195868872511741,3.6679780907211326,2.7142688872802947,0.21339157104925102,-3.1410768670549003,0.3123777217165967
5.787158664647492,0.3898835861928888,-2.930234491054623,3.937472736720357,-0.05392551509272524,2.8712072361425562,3.255050289071727,-0.28915784402265293,-2.9152202127876206,3.2298360539904505
4.779154557570927,-1.3953729702132942,-1.7645382233174038,4.141891178798983,1.3114857245899698,4.405137376574403,0.6496697747480529,0.5300859844720058,-0.2775132864030478,4.207871040976124
4.932384030205398,-1.9365162536997236,-3.507425854910647,3.0338540195709296,-1.4998514312258608,4.316485675322569,-0.5007213998527207,2.3412756453965256,-2.662354969874677,3.256251428163001
3.285634362018839,-0.8002744957744369,-0.888514716977047,2.76765898191101,1.5220656292668822,2.9947191876125334,-1.411994159338531,1.180320341097795,-2.659223045835174,1.3354683788939543
4.704225477711803,-0.4638864245955515,-3.3765409589271127,3.466522847290249,0.451991647092261,2.0439607426651762,0.6843058469823937,1.4233694658922575,-2.675520181896579,1.9259658852036525
6.004068681353008,-0.16009487038898423,-3.5612748072036404,1.7082546764686903,2.0995228897114635,1.4908528442320264,1.1625550230137716,0.1976648640234734,-0.533023985115592,2.2309208879324385
5.36360253167541,-0.7254177819347604,-2.9158489932065974,5.1273404108391505,3.3903866557006612,1.5521337410456773,0.5499145407830769,0.8527560396694192,-1.9495149908220561,2.9880179592415543
5.965231447009185,0.013216181761746914,-1.2406308208419534,1.8976268806525498,1.8876658575070655,0.9534677516944565,-0.49320563428985614,-0.183072213402011,-0.29677144807893663,4.92166784901989
6.1209846063712785,-1.3703386762233831,-1.497173974682922,2.914563693024563,0.4363808285897455,1.398158757708562,-0.16464755497074285,1.1359291831250966,-2.3528554554899705,2.19520942929989
4.540131302023878,-0.2753186763287015,-2.8755473177762356,4.193868820446032,3.0185329266397205,0.8671042445364437,0.7122549020050116,0.19347168268184275,-0.35127237484875923,2.286787486246556
4.520016573108182,-0.8325171314025936,-2.175982012952942,3.0757617802766735,1.8187526143575021,2.1619838929975765,1.3111726230943193,-0.7499614311090351,-1.4008129022879268,3.232148239903331
4.530665190693766,0.6236656004111355,-2.3956822862675677,2.2622832603344913,2.3421161861062627,1.9854726255743569,-0.031069185693465097,-0.914465406712376,-3.464960373410231,0.8272638766428586
3.8526629445554144,-1.8357435231488806,-1.3092942061524153,4.224218113939823,2.6061857839993374,1.6272626297746717,-0.8558149464219648,-0.49531881409156775,-2.957527961385558,2.291665412523655
4.588267428228775,0.29098641613587894,-0.5992528318045541,5.0158529349091285,1.9718639616181628,-0.05310418531340611,1.6256120685198492,1.2384537220362486,-1.2865891637606006,2.340910705485464
5.01586639279723,-2.1947206045859895,-2.377120156827396,3.6898914125847875,3.5702081416317966,4.018255600413955,-0.3910908656620211,3.8296846368064186,-3.579651828517924,6.381406377599816
4.317625832387937,-1.6063052210454454,-2.0353261618689698,3.8659074429904767,1.426353938355114,2.1552903880575105,1.2155947272745244,2.5509467763328075,-4.16840167360143,5.747535777928349
4.689142536178809,-2.1260638475828135,-4.131197032790926,2.379388979193196,2.0539934120085093,3.7516405851541235,-0.2445168502254247,-0.6389728975018609,-0.6560942938683733,5.035767749509349
3.199734663753476,-2.8291693372471127,-4.308244403184554,3.4777084117165504,1.8100593111927457,0.8831539792699176,2.0798480440885965,-1.3227102283956997,-2.480782711004293,5.091145415929477
4.7806089677950085,-1.4232835256579126,-5.090382814453697,3.4155951426177915,2.976048862124552,3.2166771686884013,-1.1705606608259758,-0.6335918802095234,-1.0346627318177082,4.680636491693499
2.7492956331670717,-1.840026246209024,-3.5946975864936874,3.7828781102209055,1.0042508490202728,0.5701691221333455,-1.0027300182446313,-1.6797154739583282,-3.1204198745438134,3.9007787152003353
5.676175898509412,-1.2949574274274434,-2.144427627797385,3.058431511397113,1.8255403897915508,1.0001967362261297,0.46592279953955645,1.8545386281414529,-2.080480507371501,0.22599125184723165
4.5715641992436,-1.6099178948411996,-3.0021475663212756,2.4363439346900937,4.1574516811109365,3.8495587043342487,2.6120985330835396,-0.17565744739398567,-2.694928235404618,1.8159704221184103
4.072027548449123,0.010924176072090423,-2.932635702712022,5.4353718276074545,5.06290866071423,2.648518014340218,0.42938604822167914,2.37219293934749,-1.8538438217520714,-0.12380021140271392
3.9903393052866125,0.34502175109846034,-3.070036917810835,3.4622850473095417,4.701981580419778,3.233200173587249,0.19930162348059705,-0.9224565570812109,-3.107169336046477,1.0110538883220168
5.612200944279979,-0.6050618596148909,-0.40391859776364014,3.8420108569305373,4.476350473953968,3.8763348312897676,1.2133432111308002,-0.9067149774502974,-2.1111961790884832,2.835796720326502
5.906094504645967,-0.975001977725035,-1.9339414940961317,4.2413207539695605,4.382113272747039,3.2661167747331175,1.8648368107595072,-0.21201069641489975,-1.1841595398959681,1.6869755775173092
5.7351332037062885,-0.19085415446990933,-1.3906653610352453,2.3621407303232655,3.863327559291527,2.2352199189143387,-0.60043173936048,1.1924287567152934,-3.64312764246127,5.734775751491657
6.704016483904213,0.9539386209118436,-2.6674201543351677,3.012113587036447,5.605619754405718,4.188966598736601,0.4564341639620913,-0.32593767261096923,-1.529899151367619,1.4173897451512876
6.447907111292543,1.5481028907625487,-0.04118406826214642,2.223329530998592,5.5411105559165685,6.3427691745893675,-0.696230642512666,1.252140501118426,-2.9758372065048464,-1.0544653759453189
5.567981841410429,2.1027413569587425,-1.7225252936547817,3.166998082406157,6.223300416194529,5.455601842060309,1.1835087405611553,-1.747774104680048,1.6272070830428669,1.4347676984944764
5.084876771272548,-0.43215910782681954,-2.5160910810651846,2.5761002237480763,5.368684830446886,6.125044348076198,1.452039307951272,-3.478629209235072,-0.746185726447013,4.647444299584537
5.680427195523501,-0.38061221265523487,-2.2823635798635116,1.4745481728126881,7.213266913177669,6.742299698678972,-0.844866450040804,-2.6206796391419442,-0.24130694262224608,2.7094021083080344
6.822314587126044,-2.2994591471124655,-3.7582118434883083,2.5805491153782367,5.742883969715963,5.58220779340499,-1.9828895044548873,-1.9336017477001664,-1.1769384171712705,2.683756071199613
5.527871581195108,-1.3898951035271196,-4.267635272475398,2.093942035717947,5.704693656967461,3.9177519773648726,-1.91876469263169,0.753853242660573,-0.2701110487410224,-4.0784278517662855
7.214102951874185,-2.1461602562969957,-2.3414452129265144,1.6477460218481408,7.440301952709568,4.250805232627688,-1.190421455641469,0.4454411431122187,3.03870002792112,-2.0671305569024674
6.576763014836933,-2.2081230772849008,-1.0465929796535842,1.67565950345243,7.961438551230214,5.954806489637528,0.9179434694276547,-2.0424275265612333,2.3030797554547635,-0.1544217760410457
7.713773439910593,0.02944138204853654,-2.314889443681508,1.441591426058595,8.990736917325476,5.748918132148138,-1.535812155728854,0.2636331244763518,2.067249312230035,-4.083860577295386
5.674417469455255,-2.009816697204839,-0.9544473062530835,1.3361196209098956,8.110818586241157,7.2785332078509635,0.9938431033037749,0.05311487665200684,3.2416336207637952,-2.543315751592508
6.500902934085986,-1.8768203446811718,-1.4309367698759554,2.2965199867907833,8.529423924450798,4.711612852458906,-0.19287924019515365,-1.9618785291573306,3.5792141137644182,-4.708872298433373
5.10336312193689,-0.4395231970675285,-0.5139179931974718,2.994889969563417,7.220106563787951,4.7822172950638215,3.144986838951336,1.0218654473428364,1.712445278262074,-4.3888902943009365
4.758876291726072,-0.7686866127021738,-0.9638385844028424,1.0324420436113733,9.439950127832207,4.1575401777195875,1.1726467122474473,1.1848198661294884,1.454079353690491,-4.699174761239419
5.221189407060924,-1.0553008210245398,-1.451355262065672,2.3966188679284293,7.822266786870075,5.396886760212489,-0.8081703220873443,-0.24556908693755233,2.885652306173547,-6.575876504334362
5.835342003055378,0.09167839507878721,-1.1196284558387262,0.6530525059448902,7.816842515301925,3.787406491472934,1.6296695776627237,-0.4269272250609032,2.669048565580367,-5.776296275330043
4.768689465704959,-0.44676678403433406,-1.8955607499845197,3.917217671402567,7.930233952254955,5.615525261439798,-1.3547150910559784,-1.2156003448987338,2.9226298592091755,-1.3997452723863457
4.519040851206734,1.5858916399014857,0.4365984024297541,1.747152272316879,8.366583356656202,6.992209423673571,-1.1360718672088892,0.4309955038952744,1.9180117200417874,-3.6553423843497104
5.620466540303687,1.102409331291376,-0.6136838165634324,2.1731399808860337,9.006555710358546,7.481039989702176,-0.6228245669591145,-0.3847040676448691,0.49874213715255034,-1.4208046737788858
4.266871047638743,-0.8508468452274249,-1.6174902962495274,1.5190796848581707,7.798292213959933,3.794692300598075,0.9564639636322835,0.5891510698200136,2.149221463759265,-2.796383886408851
5.467076824472603,0.3037671490981151,-2.785358593599492,0.9628621516284666,7.769559203114754,7.460651329447703,0.9032466773544313,-0.46325433511581343,2.2408399844445674,-3.8273544128737824
6.967720003638907,1.1761718640071883,0.6543672715499069,3.221402044280134,8.548486348412597,5.040589116435383,3.059451250004985,-0.23422708187203203,1.5053763053960543,-2.959777648676937
8.045373457512506,1.3517859484497365,-1.3564055746941264,2.716732650960512,9.479487099148159,7.502158209277887,1.9168024639000136,-2.4729081808028077,-0.3754991873929902,-1.4742538585213665
6.448076649267629,-1.7364994162209826,-0.6033775061781067,3.323489515424056,6.686145894651471,3.9344822680958833,3.2594307098079085,-3.973542711529518,-1.5702545148558287,-1.8207552904349422
5.608271063416547,-0.47905912665144934,0.46127168977591293,2.416282934912676,8.209063227237545,6.237074012646342,1.829585349403695,0.6424242300012633,1.0559467765795514,-1.0595261386571782
5.636519484190784,-0.63047573940377,-0.5138700626949595,1.6736203814953958,8.027097934020047,4.128041599128826,2.9837382038225084,-0.8735772059284903,1.378091151744084,-3.22676093808673
6.715654001069049,0.5343362017398835,-0.613980997311769,2.367331385958376,9.556094795377987,6.874135312919416,2.7429170139855223,-1.6825253753834082,2.1618346292672737,-1.5360263132207914
6.713100559193629,0.06757337241581722,-1.0800457085693582,2.9551401661814674,8.393691181497683,5.139756043754701,3.438517964499634,0.5440720589455201,3.1299513112903163,-0.8582499468958283
6.448559123785081,-2.0201867821830346,-1.8787063988897388,0.8916627992616938,8.969358317312897,6.880973741942967,-0.727519296742186,-1.8528622714554075,2.794235957059611,-2.3082705784261104
7.029943475161359,0.5118196981628913,-0.45180249019561647,3.3526942730631717,10.312174235629437,6.557455570607976,1.1852286284035576,-1.4162950113116177,2.384928782834017,-1.8785316703230412
6.577831709121209,-0.3037935393561817,-0.8005405165991947,-0.22607147752247345,10.053613806305401,6.02162469787018,-1.1663099161416588,-1.1836379885011574,1.9734036195863691,-6.577670168490865
7.076922736113094,-0.42760060682785606,-3.089517715119672,2.0074262739580813,10.354560071817176,5.734620254521631,-0.04275808922044607,-2.194150146914174,2.874019705891524,-3.829596463967482
5.476271707608163,1.629032494066913,-0.6658537299764334,3.141272984450274,9.238495663137995,4.712408087115059,0.1721860158027274,-2.004391629484997,3.581334747146982,-2.7845827647969346
5.9592839640294635,-0.43593365352816804,0.38802956599097804,2.493022850226996,9.418787882192248,10.074916669132763,1.8172797433907413,-2.8995140272020405,0.9284757216648049,-0.14006159552709052
6.490784927922917,-1.0799308039062636,0.5396287435466885,2.1198254773918856,8.695294941021725,6.937553251126143,2.1879378703444403,-0.7845136142230987,2.280038920487527,-1.2098823186145002
6.381885642773053,0.3905536241812883,1.3689981720271576,1.2714029039731123,9.152592358752909,6.347035800378289,0.15772680935992198,-0.9976070777737152,-0.10723934487847277,-1.538761428207515
5.927433332785057,1.0546531142607085,0.028185985229600283,2.4318283544191783,7.788167019614599,4.226915965851763,0.5668874680325547,0.10099257373958351,0.7202331402766062,1.1049447865888664
7.759512285842192,0.1883265949967952,-1.498529114545274,3.704308314529991,6.230105003309053,3.8179884825031,1.1870125092371746,-2.348688671521924,0.6242561383453551,1.3105629776748682
7.778215457467632,1.1557403203151175,2.159184208921326,2.048411085231051,9.095729215266772,4.177055497125084,0.10567588054466096,-0.5623093851017159,0.39543943750547583,0.1184250351115685
7.784503526322202,0.5307202203691173,-0.19271475100179583,1.9852860733541364,7.573426166442239,2.897397991918673,-0.33061231460669044,-1.8603292749945834,-0.15427058273641528,1.1230359656879954
7.306390342082115,1.2719814995587069,1.154788826687001,2.1281365085730197,7.218025350614948,5.579273639799693,0.3795575672367822,-1.120872106210977,-0.1477026110397188,0.32302134686142114
7.18604041252154,2.8062968329681914,0.3738320524267657,-0.22625872334442246,8.181570524263966,7.169661126385129,0.02848304580376004,-2.6267382819201233,3.000793875186572,0.6894493792824086
6.699263241943455,1.324333967140135,1.1250128952042155,1.7040117614077868,8.290208531516699,5.80442347213038,0.6801305700577335,-2.2487905861390045,0.7234541190764401,-0.22712852968710948
7.950608656154817,2.5970341283637493,2.633643805454974,2.813226122486702,10.989228382710152,4.429431634795673,1.1916883842832418,1.2998035467350966,0.21612173945012605,1.6816574087690914
7.258549812211981,0.7836806921346142,1.328590143505353,1.3525016709053452,8.844487639714014,6.073515223579791,0.342706127839565,0.07923746446289102,0.7499238118608086,-1.2775656459856073
6.696712411817848,0.6740581704884532,1.7364927730838922,1.777962388116112,9.97906395301645,6.164784827213359,0.530978682669659,-0.5022768106978708,0.5591223052873863,-3.1191830097761564
8.440344441488318,1.0897428973624956,-1.2759867086450498,-0.11278218977695759,8.347034551990705,5.292769688617006,0.7166251391192641,-1.9533365861761436,-0.0027951903861252146,-2.20520346904461
6.716319635043965,-1.7244114110520605,-1.1436133760346812,3.268833548405262,10.840238879271537,5.242607935485371,0.6904063271520972,0.9499672871536523,-1.7910134469262067,-3.813782727458414
6.030764990836517,-0.039347617243274124,0.3014194327513083,2.5328088013514676,7.553450999224955,5.6281018446635,-0.11266544971329316,0.7972235926111875,0.37227929583927544,-0.0819752805183487
8.338346026834463,0.9507074931558195,-0.32210236909314593,0.42908828676489136,10.995796690369364,6.8603948531188035,-0.3907854610311971,0.5154741862321014,-0.8398222183775944,-1.317091959897022
6.318515551865565,-1.384622611867449,-1.4473772786864947,-1.0195109924362633,10.241229724327239,7.908614860719192,-0.8633179200881916,-2.288196448310328,0.5942614204645904,-1.7038308088193819
8.09228262097383,-0.15443149595358,-0.5899978118473044,3.6853133601597987,9.120443229793965,6.540281434086397,0.3519901556021867,-1.2939217391649658,0.0973370739243288,-2.0270969467927373
5.53075639307243,0.9086464993763506,0.4020017598132909,1.8075622362356607,8.316921095721149,5.138850967488014,-0.20016322860904492,-2.0521252226168305,1.4504867310137797,-2.731446329566854
4.979970328212491,1.9342649675135974,-1.5942441170803712,2.1871966578463513,10.495186146460428,5.64096702987474,-1.5656575275129898,-2.4616170308024095,1.4502265143567736,-0.6014272244706254
4.786228974872724,0.6456847625191231,-1.0108195669045261,1.9974473753655213,5.781821461288126,7.053072200338814,3.128638102782488,-1.7619762305554496,-0.7909313113639203,3.5062254861930975
5.959161991977588,2.459301599353111,-0.980649417990754,1.7030892236518322,7.047636087241601,4.477089259712296,-0.42210572384777384,-0.8224896014864708,3.6912893996665135,-0.1824220215513267
7.188400363763859,1.1286508046529748,-0.8462967625570946,1.2429814432579003,8.066656883940112,6.833684511683804,1.3296719686415384,-1.0413346517596038,3.0333149120216483,-2.5195255279606292
6.432032411256363,1.9094036781263632,-0.5935346447525814,2.603748530898931,11.708361037651494,5.384560794061174,1.258499308886189,-3.2165031832923803,4.049823676519,-0.7570736421081734
7.012119897781227,2.862473462823423,-0.22548500407656202,1.1309113066833862,7.145904357363461,4.501649087347039,2.4429688464992902,-1.712066854122603,1.5248471173924065,0.6783800843439659
4.56891345369132,1.2545281877193493,-1.0193015447256129,3.501705898385587,7.865333512419518,5.722680268919253,0.17864596208114625,-2.777941527851497,3.9629746824962,0.5213682548358399
6.8062818791113715,2.717001823796071,-0.4324554968849581,1.5593112994872849,5.741391230371119,3.6362024313306036,0.4582021841974455,-4.293057014929381,1.7927219277204545,1.698215540289525
6.074838479465037,1.232555938919826,-0.0956479019060631,1.8084213435810206,4.784365241543642,3.3165795208717768,1.9262888613345839,-4.977603727155082,3.9149136907664186,-0.47064652278432945
6.211433894685194,2.5336448902690125,-1.0788522051870166,1.9240493638820795,5.817086747721872,4.876582350381542,0.7926599024656897,-2.909025866272079,5.148056716013464,2.3765064144756582
7.4139471300156465,2.4980769791737187,-1.5198741160125377,1.8017194054780128,6.982364521323088,4.863015891672728,1.2824934794381828,-3.0940013274199742,3.4918279766084352,1.7837398173664798
5.9950054080961515,0.8613611177597975,1.0920661162896945,-0.2903839354810805,7.682017171121764,2.8713504278151776,0.5448865755630131,-0.9952818997013784,1.5553931623935147,-2.4701953958073313
6.261551682741628,1.2544743715824715,0.1161234300542439,0.9631508860813995,6.9053854438367885,4.25406969614876,1.1004048734793137,-1.4078838435317078,1.4540879978062726,-0.899223293670514
6.454962263323463,2.5059188521114906,2.0021863418536268,1.3662118803380958,8.648778356536024,2.5877128074090154,1.4568695946115773,-4.972669909138377,2.2745128398228256,2.89534319928166
8.448224617991656,3.7385465822776873,-0.7161945770432436,2.158195372774875,6.139943732952424,3.29701058734064,0.5029716650048662,-4.0006601290962385,0.814045458734177,3.0897282621383666
7.499923742067154,4.196225842033985,-0.3123575821050179,1.3487642605235477,6.566107858884969,4.260577343499869,0.7439586429875081,-2.403269942161588,3.1959995849551306,2.2886851418018184
7.585111500752552,2.10192084874994,0.31771248719564255,0.2828003239797543,7.119450555750192,3.6924799857926973,1.9069619417751822,-4.016687797663913,4.3580079554167295,-0.7252601058712705
7.25138698530388,2.7274822712454996,0.6651855762803648,0.5152603020398482,5.724224427205237,5.040581187523511,1.595477308190335,-4.035991392962158,3.000805903243382,1.0853711913747912
7.736588817942692,1.6604198817317775,0.8108799754372474,-0.30988714157211183,4.888214495252683,2.398184965882798,-0.3160190554934037,-2.748912872040152,3.850934414633485,-1.7678668770907429
6.548536885109694,3.702596742907259,-0.19584216747209948,0.46453273204880446,4.983248503837687,4.790425439989519,0.20172503914229947,-3.7414539976766106,0.20110067234651963,-5.1732343300834085
8.366317436617518,1.721782429307584,-0.7408606030247405,1.5580537169321544,6.701296890517679,3.841524649518853,-1.6413588980040346,-2.181521503327638,2.4779062959069034,-4.019558774093119
8.273596171741138,2.1619153593798504,1.3218122622273563,1.0602503660757516,7.156938756768916,4.0382548061023735,-0.01168534544399352,-0.20644882089630737,2.745663218135349,-3.8513588508674177
7.780873815871762,1.1486589080984995,1.4225527677982912,0.4087400932378325,8.532597133472464,3.7414914104573667,-2.4664612242010384,0.5641091774112804,0.2862719208904601,0.005744155288944858
6.647288735139408,1.2157403550911934,0.7566740742801739,1.6922254786532989,8.971708415458554,2.8096982832541193,-2.366139662450051,-1.277954488890533,-0.157249403951075,-2.766060076119715
7.291034764193029,1.7017871845866357,-0.4297176723056211,0.3705553178118969,7.775945469839822,3.624658395519294,-0.5329081563430392,-1.3810727620886085,-1.5123976905168992,-1.541264736435163
7.15073601353927,0.14382837321333225,2.450488618439611,1.7048211829456148,8.622399773537827,3.2341631622894047,0.07591233794243506,-0.3220544203290848,-0.27415684288772013,-2.6942463892325925
5.611065165305781,3.0496357012789783,0.06840939117467776,1.965196256510523,6.99411970536929,3.7622259895142576,-1.106233418007442,-0.43170760784325635,0.4853941828780903,-2.667437077423743
7.187260460623068,1.9309940554844873,-0.9956956405582764,0.7786262685793629,5.708823947289729,4.671905114954182,-0.35686761761462865,-3.2432990114100324,2.738168689027662,-2.646711323165595
8.071949904307536,1.684205858220572,1.8187536856369217,2.3893489858523713,8.73792968199638,5.375133579624082,0.26111667536932726,-1.2807086737842557,1.2968484618349216,-0.8536828896910612
6.810247416219188,3.107649728807078,0.8462506379886093,2.38347625860163,7.191181943369626,5.622598130137137,0.6628249035243166,-2.9427794028212597,2.155016566926616,-2.179495062829178
8.360924056320645,1.6009556764937192,0.7436836687843001,2.665180257851868,7.959197231314259,2.178120615685736,-1.9202677596245037,-2.61714895482526,-0.20253809303088594,0.006214287871993844
8.392915017338657,1.4367188604551753,-2.1637639503166435,1.5225866569536433,7.743514720267127,4.019772962595684,-0.15167840775007896,-4.860368750442563,5.201196298425547,-1.0584164382187158
8.929739427550873,2.337919323648289,1.7462862955820244,2.7450890888790553,9.916518977342266,4.08258822685494,0.3349112213384828,0.7587255394034119,2.7511471882365175,-1.1925028867884846
8.45457096873521,3.502282442983496,1.5422819135385095,0.7648268108140315,8.040460901108904,1.5689059459831558,0.1624084305959877,2.890880153704938,0.6197218312660839,-1.855169170397958
7.843755250265698,2.354293083080838,1.5047904837740962,1.2038319160153264,10.064474630636994,3.130553162290116,-0.050038986754507055,0.1772673289112019,-0.6720025626654026,2.198356587319891
6.836479528000235,2.8115068305366675,2.357055875351981,4.619124838070075,8.066214734486596,2.4722825550598624,1.7799314510427224,-1.7574053104791438,-0.9643649345297499,2.4729644665296733
8.83047158538863,2.3425858539873303,1.0245437890009714,1.601184781961146,6.812923666894361,0.5090798532716508,-0.3542750328342451,-1.4139994228908288,-0.5025928005248648,-1.2313064729598757
6.261390891858703,0.3761941681283342,1.9639128074887446,2.95407812284358,6.824328224768802,1.5119448220350113,0.40814536290364856,1.9504192923791428,-0.9095105821163857,-1.2614174774843985
7.182183450830703,2.064326287552631,2.252455634237749,2.9575908761591494,6.8785968734268845,4.273210355884551,-0.44765626959467575,0.11895447803439953,0.9759389943592435,1.7307962208985075
6.620824643833745,1.279069954836741,1.5899573757441827,0.2673846101770974,6.724883237090976,1.7969124461251733,0.9856094786507539,-1.3325148924975905,-0.6527108316845748,-0.21619397688397485
7.261277798269712,1.9631649507713524,1.1760911219381522,0.6263712107975133,6.878049529824728,3.881096019202204,1.6901139906419969,1.0511305207536392,-2.10753376995094,1.224407987502743
8.279237907606872,2.5740824594162732,-0.1088649207652671,2.0064641006331696,8.347787768263988,4.510152851429612,-0.09611369981961256,-0.13161812137817439,-0.2919761178727904,-3.425022130386013
8.579164886096109,4.2531666218225075,1.8920445886904873,1.6983892326766008,9.156776160605668,3.511846581655114,-0.9104316365144351,-1.4511092529979581,0.13743001430517793,-2.7664960942364796
8.241764777287072,3.578775617547581,0.36413417306887946,-0.0975781240385481,7.254505946786288,1.9977776719035267,1.5111243819262865,-3.8268126537433367,-0.6693000981102418,-0.6535350297598927
8.603288281721948,2.9292852605615636,2.4177025315548444,-1.300069385145055,4.40136965163027,1.4306296725526935,1.5136624942054928,0.8661149315089048,-0.0841072097081834,-0.8332839822355377
5.969557426109763,2.9670614420448107,2.1133982199391763,0.9541698859119606,5.380706913432111,4.921388037436437,1.693315905944571,1.1992146898344507,1.8598759075580569,-2.4669671180715267
8.717741878642066,1.9863635678833431,2.3106090121991256,0.7152067485391007,7.167829731951056,3.249576428568466,0.09329753813401681,1.5188059917930057,0.006754473145036329,0.1587849618890487
6.6569587524021285,2.4846912769269625,2.6531616308485444,1.4006053306205177,5.3386362693030245,2.461112769864429,2.2869477677049876,3.127741643325871,-2.345728143786383,-1.3425929031671107
8.7966762724649,2.5418888276784144,0.015819711010703206,1.329945784353315,6.026576431893811,1.789913431004344,1.2423494450726769,0.47677832901177974,-1.592485906262855,1.278029063518626
7.445926890521272,2.8119415956603486,-0.5687041218653842,-0.7701250205687853,7.1569439998222135,1.4658936973373493,2.6779637803486276,0.10664084552477374,-0.459979471356318,-0.22761447389064907
7.752430452071019,3.5969157201014963,1.9642471056302802,-1.3521550927955943,3.4305945062621785,3.1090808948140505,3.022361485111537,-1.29999057754138,-1.6949666024030923,3.731292275980688
9.028222463473979,2.88727847769661,0.8163904269740837,-0.11469165854352655,4.1541047821341115,0.9859837527004998,0.46621193009733564,1.1874851045713608,-4.033735660766228,0.3056229341571235
7.606070427554924,2.872210085101911,2.4200644547303725,0.4223755211876518,5.20337793315992,0.5531901455631921,2.8037190592508225,-0.9773305581957182,-0.8805641779337134,0.8858551316099526
6.328177234870567,4.320333059332273,2.4178985733147895,1.7371543052492804,3.204016101996486,0.4469557930501251,0.43038610835575114,3.013408648670276,-3.3023450894576176,0.05615223814078858
8.842481430728975,3.734332466576465,0.5958007860337163,1.3675329290098024,5.092982026530482,0.360347153695435,1.1967995397322295,0.1196516022008082,-1.770312192536188,1.8552904995554105
7.666440135627321,3.047591973821433,-0.4510350580347943,-0.3278188572021912,5.21786509319254,1.6141691422001174,2.1663297523543337,1.1022885692700346,-0.6240127418300114,4.047740594564056
6.64249285634509,3.0374754367017625,0.18559406115421198,0.20334873454193195,6.527778863294336,0.011454513858260885,0.05524317031743799,1.2264288136576322,0.5600869539962655,-1.9496520700625122
7.671938036478885,2.096490951563303,-0.6983209612300406,0.566192937103183,6.3062132304336815,1.7641672512727358,0.17743263953253496,3.617045963854759,-1.5183593883068711,-2.607501998253161
6.116392934648243,0.1999356937626114,1.084785904220532,0.7974985606676382,6.338580404229846,0.23643955133380917,-1.0637894487657813,4.488981691759167,-1.9262070209950375,-1.7432493446864443
5.47038150935425,3.100248366747336,0.7727962087824177,0.17940371761542317,6.171936062169798,0.9172698909839929,-0.6020849797280895,1.8429774880696272,-1.0002853073280744,0.43529646831437935
6.943347857684945,2.281283987600054,2.9095393089218455,-0.750804113381585,3.7567933314111746,4.542329206522971,-0.17510267747007666,2.634482901777369,-1.4089340453885688,1.9479148513112008
7.047703198151947,1.4949161471050403,2.5850450780247076,-2.329183678041883,3.664560660499456,-0.7027544194773644,0.32000192477718176,1.8615832794375702,-0.7177369015591364,2.4210888735266467
8.183423339051345,5.877556711995866,3.5239429443684447,-1.0201658241640084,4.732637298265204,0.666520028708304,1.727455253300424,1.2275855244425162,-0.4786710785813579,2.412716602483499
8.217522941519986,3.937698102068789,3.7877224468405113,-0.6229224206533872,2.915853249271912,0.8411698860844689,0.3403884117932313,2.0837417078257996,-0.6110380872849559,0.8347929297739339
7.968362931550196,4.475115762018281,1.8630381926351482,-1.4205438728727244,0.9209398381383006,0.8875634526869025,1.7906781457805783,1.977230577506378,-0.20150707731938985,3.0203539297213267
8.74793677805841,3.3326974977736854,2.711161748895381,-1.7072201398976479,3.268719347579954,0.7998551642695789,-0.6313985541184919,1.8470281766241534,1.325062154924652,2.90522044601813
7.684060328501156,3.4954799145246604,5.501237299514367,-2.9284201708302757,2.0398813072754605,1.7076166927139425,0.8005826464611115,3.0784281471614094,0.5531913463705049,1.3144739952439175
9.222767920721003,4.338582308570223,1.6592397333799214,-1.4210335755104986,2.6476427366860578,0.19111659247054563,2.402618493017482,-0.5947151499531929,1.0051258618742205,4.9258086818602065
9.087015643488861,3.5317177549195287,3.29393094114452,-1.4145084478958603,0.8825940052045377,-0.24341238459411516,-0.18474373497597574,0.8536468203165105,-1.6138253335232424,2.694711635273253
8.00658270624065,3.298380907699805,3.6672989480066898,-1.2947632640300037,1.1572247171514092,1.1988211226130552,-0.5847545092897948,2.407366862728532,-1.3703975332914198,5.191022883600306
6.681407146607938,1.5770615669824888,1.937816513923319,0.4411967590424455,2.129683939941366,-0.09555876948129784,-0.3097617079642783,2.4698766334441937,-1.0639027367262466,-0.5015877757087266
7.908207112469099,3.138929147882788,1.569523124489484,-1.0877362793878569,3.1973145433330052,0.7117685501441595,-2.2876405698918076,2.5059864038765127,0.1889384180476277,0.19705632003480772
8.281403499704778,2.4460878318608508,3.036295999824448,-2.2452726688427793,2.0994373127280235,-0.37883428624929383,-0.48182415031460707,3.6794653578274343,0.4297201023775017,1.5703815982359655
7.401472691006762,3.8122904234460324,5.064436075361442,-1.6379516775515939,1.5171453605122758,2.5968016122694038,-0.2522494362606357,2.3280487207162093,1.6251153907825335,1.473678566592601
7.63322757851574,4.141249393273784,4.235761035305632,-3.076352017265532,2.763483593707173,3.04055429446385,-2.4742362119426016,5.666299811690826,-0.940698639759423,3.7009243711311552
7.134843516869462,3.398867606355498,4.702453036130239,0.17811168951996983,2.164259589541872,1.6827960365177204,-1.3933658459751577,5.310804937556824,-0.8860120188171112,0.024086404442015895
8.246554315552915,3.355833052600712,2.218334686002571,-0.5049857305432024,4.0418216295563205,1.5016071162782094,-2.9874136380783427,-0.3477873883001774,-0.9871426007201425,2.2279610908640732
6.457754888425895,3.4804820242326606,5.893906855990753,-0.39364814442303026,2.776419139369456,-0.33311135212638515,-0.5442302700207027,1.8607212706885965,-1.6398515250137367,2.2886424716691085
8.091412526426549,2.3259146639449617,4.532935770913835,-1.1579284080885766,2.532086547694924,0.15392350792402046,-1.4528331417174387,1.1615559269607838,0.9748301586701994,1.007224379924816
8.302103256836027,3.389968702186324,3.296936816232496,-2.176155935645154,1.983282070113681,1.0948286849638627,0.38684184169816344,5.079253215852629,-1.6674111078392244,4.2849883904966255
7.744427915442189,3.5321809855102564,4.989866536103369,-0.08355934690706406,1.713181578966118,1.2589638083191481,1.1642621952078647,1.3885297092888431,0.05753625128814528,3.245126535131113
8.26105349864472,4.284708525218026,4.213907120898455,-0.2471031526090586,0.8576911315335576,0.3312403443162142,0.7720981038525068,-0.49749886422054956,-0.7684967248673155,7.47761333107764
9.077085577143716,5.092927196501198,3.877465083753488,-3.329034226290155,-0.4989661584189236,-0.2577374941814048,0.15067048042310954,1.2766216869678149,-1.3548124193722229,4.539494201501544
8.825045299727677,4.0578080319443295,3.602334622224805,-2.448570989980735,2.038123494276278,0.6467343599063395,1.1045387387585552,4.28012684204261,-1.479051654117776,1.158252320341064
8.105593820523533,4.907474498994374,2.9157706411726587,-2.9673940072902845,0.29013580399671246,0.217597514187844,0.6405407207176489,-0.6170971072718511,1.915722827494335,3.8074167593199206
6.43215227043448,1.913317307663786,4.395242727543902,-0.5900467989915668,2.181802172852363,-2.0089262066930145,0.38452830414954914,0.8323519996150393,1.253319379453283,2.73847108397117
6.471131192495192,3.564981506710478,5.750187949236863,-0.9165629778714331,1.5697257030678402,-1.9255250795960397,-2.0538654103949647,4.181986766939816,-2.7649811056523586,-0.4909869024607875
6.5158206028012415,4.146971349113028,6.212496846334442,-1.3591379359084137,1.5699167238130074,0.6986988181213344,-0.8960006508085484,4.594206723144926,-1.1186622557484822,1.2944320299422545
7.720707300724462,3.183161213454329,4.5672629926793435,-0.5145723459194541,0.07966583254097577,0.20351082686120286,-0.230567352421249,1.700412255280698,-2.799930069095763,1.5870224929498937
9.138225351739319,3.6874635464963763,3.2462024479301217,-0.11544056081407367,3.0801339476042937,1.0151609747699855,-1.8607230416053786,4.628857886247467,0.4875008322619738,-1.6238666635175294
8.884563036356392,3.3891695185357684,4.2355689144298,-0.8455064749006347,1.0725891362281916,-0.2548572375872612,1.2319989758563108,-0.3312797156697316,2.0756559231001126,0.2257389004096757
6.714146934791969,5.415616832099098,1.971858213380226,-1.1363610255872607,2.68406271602338,1.5331912596031774,-0.034153851103411424,0.0968158870646178,0.10953273239660696,1.065972131499415
8.092727875991821,4.716876933993434,3.9568818608836995,-0.9186357128775655,4.447543396550957,-0.4680785288225599,0.29857630445475947,1.8099096041388099,4.314796482900587,1.5471369325983129
6.625425816570792,4.683383088242719,3.518716252819614,-1.0426756498691359,1.6522883229711336,-1.3897453563735704,0.1323632977918017,2.0262368405001983,2.7360901876757837,-1.5450374353887877
7.603593987743324,4.965889562808704,5.599049600599663,-1.0869703572879905,3.166451021276901,-1.982801808881995,1.2076036960182948,0.5941668905512258,2.905163892333582,-0.14260059012748916
8.231019577498465,6.070211088387089,1.5347347882500477,-1.509713120311662,2.0413667962314603,-0.32579961684872094,1.5955830877253672,2.2076278387847537,3.27510712972094,3.7092514292059007
9.222856136465067,4.309784123661511,1.0310088046481545,-0.8187797558716678,1.6423119062338576,0.856078085749152,2.4960584500615597,1.81944846019511,3.7321165906889853,0.26726828847600237
9.150421500447683,5.037226034075861,0.7553210667456308,-1.3782213475485998,1.5414418041008051,-1.6295990478611782,-0.12281046543044609,2.0544044240039487,4.279148227092315,0.7747483075704251
6.886693101550381,4.837041087938592,2.8551278086325333,-2.46628853271808,1.2825795371135107,-0.8710093554623162,-2.4722024195240917,4.263398147128757,3.785986823995918,-0.36958446541412726
8.302333791391899,4.400176639543861,3.8122805165395124,-0.1352496287876898,1.9366873267197127,-1.7117333786194602,1.5619071117478425,1.3158792600342188,5.94532734595508,2.8906636481876578
7.784888383288549,4.509287431468213,2.9324714887958567,-1.0438405869310114,0.5025325734622653,-1.6472518050766978,0.1300772392213709,2.007862249499397,4.275536537279061,4.638068589919512
6.723366733275613,5.155034374695229,2.2343802987557577,-3.063274717058758,-0.21533297207510904,-7.245926908279695,-0.8049487745271666,3.610205399586853,6.159450201095488,5.214757654593548
8.004127275785514,5.2862060633494306,5.3503742782129775,-3.0479914005624873,-0.5953878699971039,-3.622042359033576,0.6405476578657349,5.342581599740432,2.3664867119626787,5.7578609432166195
7.555045112415792,6.107285436536528,4.059339396739901,-3.354288666822299,-0.5614095833643664,-2.358470618354816,-0.4197310395321924,1.3706007922609091,0.6239556522520142,5.516888290488527
6.407419643423978,4.8623249350543025,4.9491837097281,-4.577758058268709,-1.125568992054621,-1.8999176884317555,0.5786068980970578,-0.7153302697833707,3.7433647603705777,3.294632969793981
7.5482477625517514,6.577594006703939,5.15644234229166,-3.9540301934958304,-0.7431744203655681,-4.64291770196414,-0.2021081627500762,0.8818419089964904,0.9030693632813298,2.9174701397998866
7.307124589693804,5.600469051199542,6.131679651686423,-0.6532055762920937,1.3480260977848506,-2.6601589535113432,-0.674009203317875,0.16978336707569042,1.7642153695494425,4.414971266726519
6.501625413551166,6.7441400467381625,7.173358220986891,-1.9953011922689734,-1.6279921840012985,-1.4110787620094836,-2.0369226363734607,3.8657252914261075,-0.2206641489664606,0.7920505068731152
6.646852750782204,5.796485033547146,6.4099549785536025,-1.9953328204443657,0.42408272786801193,-3.812882952217139,-0.08684894400877946,3.845285937035021,1.8122438429203902,3.3799220110170896
7.382675830006779,6.036015333135434,5.728087088616446,-0.9041777375070845,-0.23438761233101663,-3.3220914740638805,-1.4613179443306843,3.5663174040795127,-0.14190309342343121,2.8359456272878854
7.450410637200873,5.826957347632334,4.9617219023223536,-0.44787457977197076,-0.22802895978324952,-6.408601627145553,-2.3074094478436558,2.344133736692105,-0.9384695513933413,1.1826114917242656
7.393722307993482,4.6710619658334345,4.4231118100977715,-0.9945899444879643,1.487774127445139,-2.7637040894037144,0.25999588597533735,3.348264840818062,3.1967667256464463,4.004315682081467
8.434156021775287,5.847629632884386,4.821603526867851,-0.5499344310078332,-1.1852569289358923,-4.267738146261589,-2.508715003520411,3.4863792028115124,-0.1209203434449172,1.8868808493102591
7.58897919483308,3.0187806721262147,5.288700693062723,0.27852884329481037,-0.27936952891116057,-2.4761513777726134,-0.497141690129173,4.183279789135472,-0.9864044141877438,3.135503178882575
8.443840087290535,5.181235202612657,3.189910395824819,-1.8526829462173766,0.7871094151376988,-0.3173751998066455,0.10233512181969585,2.487780509167756,-0.22094400167911843,-0.21111851572041027
8.652165394365253,5.259187171040768,2.789580619784999,-1.094756139543346,1.9200107277550265,-2.2657556526979006,-0.5151324849500517,3.0412123988289292,-2.4467795036691493,2.293188196204735
10.41703507106406,3.582909158097188,3.645662268915508,-0.5355371204587717,0.534163834190644,-3.1444106378873804,-1.5471815384798062,2.7170518036821107,-1.6874071977263698,3.6564868275766784
8.451951705542337,4.062675923580757,2.4114410691056585,-0.34276928968751685,0.4940894208668156,-1.7577536338680777,-2.2274422012581896,0.8333362771225858,-1.9948431036981114,2.0235319841749333
8.744250397530642,3.3710453657976442,2.5324577355478444,-0.7784164984484565,0.10836073218590658,-3.3840401840835224,-1.0918882292249834,2.9363101179299775,-0.869774160617335,1.249334506458292
7.917660793900081,5.98497423661325,3.9143485046483364,-1.7667871841597833,1.2946289219830858,-1.0431961501489861,-2.060343454353325,2.67426286009084,-1.6488942337206776,1.038476017015701
9.279664556272051,6.224773893294353,4.142242102063355,-1.268113589794993,-0.08329810087950855,-1.5395463400995588,0.5910189564233974,1.1535250071154384,-4.314996664856403,-0.331320927252688
6.441724911677146,4.608658847780815,4.189951148124276,-0.05503814853044122,1.1026599614935966,-2.8597711215083805,2.8149928212137048,2.5935669800507393,0.8249176268149769,4.555206178780447
9.590603821513485,4.430612692967883,3.514475874907923,-2.0732587603722297,-0.7441340729555631,-2.2476068846381367,-1.9477958412738592,0.9450800200588862,-1.0199906466082926,1.5162205744218922
6.586987761974849,4.373517311856188,5.24920483580326,-0.5939165378207116,-1.3933657435070508,-3.6547077876605267,-1.1930485733006784,-0.301374553064365,0.7765594491086535,1.3503781780119208
9.045064870868547,5.234418175701655,5.096625708201776,-2.199548078084976,-0.34847450752992626,-4.46714377704406,0.04859849976795669,1.4367616772890957,0.1316604904380473,3.850897697871684
8.11983346419685,6.544220680590107,4.365298200533302,-1.9194386409716455,-1.518760926106503,-3.710702124689291,-2.124563048663677,0.5877893724004785,-1.0517296440635355,1.6604367164204266
8.828518957411742,4.812137175914073,6.2776109223850085,-3.4876482939812568,-1.4902538362168505,-4.612633619021944,-1.683417562995317,4.778667040712781,0.6515751423241477,2.481920595743706
9.649806422047112,4.451087767509555,5.452317953867165,-2.1270563991690454,-0.2461853898978541,-4.496756522202939,-0.2821615106416,0.5454415636342861,-0.8880113540080269,2.12909635619901
8.640906649219856,5.050857704198489,5.219377762897617,-1.9736805440209095,0.5406619799741204,-4.554027811504135,0.7404635426572533,1.762552601031816,-1.612946808241677,1.8248621249897758
8.534001408731458,4.249209243456685,4.541628756574245,-0.780745536088772,0.4590229520075187,-5.287795088874254,0.1641907706017973,2.837151060041926,-0.30121849308932325,0.6815758590264174
8.4664657568218,5.1842043582017565,7.200528627468896,-0.9815497978566871,-0.1508688869891353,-3.656317337388721,-1.576567189939172,4.317497294819597,2.192419851278023,2.7542506700485654
8.531013470382534,4.609385437952687,5.3601216184043885,-1.397045316540075,0.34373318987983037,-2.143733427280518,-0.2540340268302608,2.131396508162857,1.767866064358751,3.2014902592625196
9.219499593417474,6.247072262785754,3.2856571515259314,-2.3034748436043655,-0.29331380283703173,-1.4534292545306084,-1.1784693304843379,3.062018941634998,0.021606354109577064,-0.3803787165845067
8.469424630716958,3.337647590228314,5.729230825802173,-1.1860225021380915,-0.46011298309385584,-4.357800537919161,0.9319091822854387,4.2833046793959255,0.31339025743673987,3.8413439706780323
7.541620044962235,4.5925367634549605,3.673614141977253,-0.4967171265424197,-0.2588170182270739,-2.983701814831024,0.7638667298105405,3.65231590323862,2.5937202969318256,0.9940925804539458
8.664152326427832,5.0718591181172865,3.8000783555798154,0.46546841628091234,1.221527976684264,-3.2291495948771165,-0.1808470985814785,1.8512669398173047,-0.3592646173002994,2.2091440658980965
9.918415339886163,3.666452454296063,3.3085814108798184,-0.7287115641793962,-0.22440828817095193,-1.9302264064535244,-0.09133209883603613,1.1403173138067337,-1.064004171449489,0.7425139530265723
7.789567403909245,4.503320438986526,5.245511216250222,-1.7294664764622925,0.7758834706117855,-1.8769892635209666,-0.2530205444766168,3.62087417758244,-0.135212339414645,2.4682424126435167
7.790617079111133,3.3121555296065526,3.8604919494481535,-0.28693388271086046,1.0648833643516034,-2.357095645377264,-0.7819775370462834,3.6719737101492655,-1.1290573202544942,3.8824839309997414
8.740841438234598,3.59484236090708,4.163296852664646,-1.5314579003005762,0.6756993219211959,-5.413190434998148,-2.3516480373823123,2.745327786121052,-1.2405431205765056,2.486662478886609
6.497188889505467,3.7633426140740434,4.4004371892324405,0.723666509736584,-0.33344439025229217,-1.755690976758177,-1.527692923188187,2.0732859483743016,-4.322369209334884,-0.4072743810396643
8.148585559824797,6.141328883642972,3.613526889450899,-0.025682043458479995,-0.7719433231992017,-2.5572689143432292,-2.344792767766192,1.9299656445881783,-0.5675064246091798,0.8833012918446598
7.605470336015691,5.945952172228287,5.415600991126666,-0.07213575958664556,-0.5582151517198133,-1.7653585089381216,0.26968151248420613,3.5204654386434524,-2.11467545662788,2.124677571765975
8.392458073689744,4.594435768249061,3.094855967758233,-0.8021579611121334,-1.758414165063836,-2.4277167015125376,-0.4970971207609705,3.481659441288885,-2.669344855118701,5.397135716965086
7.569864797316405,5.075946597807731,3.007021214183056,-0.7889943626640282,-0.02690939713727538,-3.013455673533338,-1.0507845592418263,0.5287183591396493,-0.5692622144643059,6.7239893291880914
8.589029218871586,3.826357631234474,0.9571513791335529,-1.0074301203975946,2.166104006136064,-1.833227534591292,0.20440296762088442,1.4941270940027225,-2.412570460885709,6.491921826687323
8.217348585453035,7.0135664359224394,4.1775104310666755,-2.621612456223405,-0.9338941384763081,-3.3379263371951353,-0.9899805222757363,3.180514272529534,-0.08381541745581275,7.325288149362952
8.775126034715719,5.227941407750402,3.4328687555078607,-4.152729128785455,-1.0024909375309845,-2.4070903296329598,-0.8113697009242601,2.688754356369709,-0.16620095259920606,6.330026140730132
7.172520702559521,4.542521875883259,2.188440761307116,-1.934871122629249,0.8233900521664929,-2.5718063089338505,0.8934871140593976,3.280362194175512,-1.559585396374045,4.493457216915876
7.583307040277688,5.014862011914019,1.342205146224349,-2.566478004322779,-1.0555456995970447,-0.4731942004036317,0.22182880447618913,1.1409592662128678,-0.8953487198857182,7.805007235071209
8.559950841905653,8.094140953420846,4.974551329917009,-0.17863649135114418,0.06996738550804642,-2.915195585000859,1.11233581447375,0.8772720595005294,-2.2414255389162774,3.0683567279179442
6.947846579495783,5.436637110469742,4.654221145934657,-0.5918953232824006,-1.0095298020523624,-1.6470975677238182,-1.1204778884544304,1.4183733570493355,-3.5605551227044896,2.1283432677967857
6.690266210870405,5.037701607646137,4.274318592529482,-0.5275982697956968,0.7910183434457302,-3.9818033247945386,-2.6433647596324175,2.9610584183561457,-2.9597440934477652,3.6949782087844443
7.35798060414718,4.278638764649028,4.066513579564743,-1.9427574468433684,1.1745463995693481,-1.4370556956983538,0.963080354138477,3.6292087325209685,-1.6403689735778841,0.6640956897358972
9.165427074439346,4.337041789409042,4.196946602826453,-0.7473334889634816,-0.5486984778402577,-5.7197543040299825,-1.5239380302629504,4.341209058801075,0.4586344632279335,1.2882839534393367
8.164520401373036,5.26602382563797,3.4936301668799974,-1.0743371572541733,1.318684421547566,-5.833372041136908,-2.8690791939789153,3.4729183009232427,-1.1154759215315313,-0.4227849976534847
7.483217338208771,4.686614415215175,4.11393181700861,-1.0337865399311452,0.13406962928308552,-4.17958897501684,1.5337525765705313,3.572112244231047,0.6261757071026791,1.763285126563812
7.586055288629756,4.157729113180715,4.9332735442823425,-2.84536606123338,-0.3914902021371781,-3.706373846765804,0.3914771866091715,3.2086131099724065,2.467971904670247,2.4115539605052767
6.70406677626105,4.436595192946232,3.210353765846995,-2.479369537624361,-0.707555279839716,-2.959743382190423,-1.788837628740512,3.746246793926065,3.7192984668821305,1.7184586484929403
7.997775450821037,5.40712523142213,3.5831239084227553,-1.2839150544846896,1.108403256700637,-3.7004543930172242,-1.7678909890255199,4.822556592800234,3.4988912904054543,0.8338342563394588
7.415663299121742,5.362058974985743,4.187523244370436,-2.5347422767465373,-0.45659498452830094,-2.578918607599831,-2.3730919013780607,5.12992581615131,3.0231257210844285,-0.08025334363956052
7.425911586529421,5.820945973144367,6.010316989181183,-0.7423398482927713,-0.30118250051143314,-4.4270595198754625,-0.07704425493302801,3.1846270126181913,2.0483994947015014,-0.4049786153047559
8.093933407543645,6.188272513044132,5.35039079577637,-0.3636882473999262,-0.7612135553971733,-2.791680886006269,-0.6071895990066707,3.7263969789094014,2.3890920489198355,-2.6114007575480964
6.904669515738253,6.437665050250668,4.800897600166329,-1.8870375737025542,-1.8220222821244973,-3.4065801196943357,-2.2219960362845272,4.050486259137559,1.3654399220846651,-1.0649027716782242
8.815791143959276,5.541843326357941,5.199752979833093,-2.6978363045920264,-0.3033229311948302,-2.923148502640558,-2.7407242474943097,3.1250549296192687,1.7594813531465456,1.9255878593828633
8.777930522540366,5.278955656956396,3.286076792252504,-1.775307445898018,-0.2242306832727347,-5.361007722314381,-2.3662854508348463,4.058082628960183,1.9926357776649368,4.6370876643413865
7.913337152007501,6.237881245093146,4.60481480420508,0.12345130071631932,0.2718443381969522,-3.7216498409225003,-0.23665663037600632,5.080183357977572,1.064144249827241,4.026428841371942
7.909289157535154,5.428181999041351,5.257394281807468,-1.6854334361558039,0.09280439710587324,-3.656680452576562,-1.4776783594813838,4.270951455149573,-0.7432453042266072,5.417293914845157
5.8762555808203585,4.912628582836149,5.472860865279904,-1.0570651811691436,-1.3364222169475408,-2.5520968308492384,-2.2551159110542116,5.3352428954431135,1.1956405547742477,1.7012889809475242
8.206951165200515,5.411016191968398,4.9046008618688015,-0.15257553841070684,0.259398984642376,-2.7936726797379268,-2.4988620555218053,6.407889478977187,-0.9806444794665042,2.251675116044206
7.335255941323859,3.687756174733175,4.46408537397963,-0.5771841703028723,-1.0792766915285341,-2.4130195754937005,-3.550837285703547,6.84787430029806,-0.9890670132379652,2.1934082566904545
7.10118497368112,2.7684106098162515,5.270891894125381,-0.8994608047061363,-1.1848229150193668,-2.51596727559671,-2.3666608335345605,4.007366621529791,-0.7443536796937735,2.7633968715138435
8.024444225136344,5.1314051855428175,4.750419793658293,-1.3413447996574583,-1.2457310721507924,-4.494335169186548,-0.44226820087395563,5.814537768633265,2.1961375139050756,3.316873922947305
8.045278602358984,5.958649355226223,5.363333229514546,-2.08527316451472,-2.1488289020182023,-3.799809437490597,-2.483802381844434,3.5099797774669574,2.0548823819488637,3.9219841426516697
7.761813191169978,5.027317778469888,3.5374112544200798,-0.57911459650792,-1.9235982636615254,-2.5525945493394566,1.2664046353635598,2.8995472321982168,2.0985234065745613,2.166575977667548
8.542796127267902,4.1630138581294895,3.525031725946717,-0.8277078699540693,-1.7834990780361,-3.2088184856335182,0.04200121208326654,1.0573359041497725,3.328722313796589,3.4979946193054143
9.288453080508914,4.809143829093201,3.0553806986700307,-2.460901660689199,-1.5054698252829546,-3.6331701968967764,-0.6819914791790691,2.3335064099740284,0.86098697685741,2.2028381153085252
7.9798882953831685,6.187785028965126,3.247250904597096,0.5155937101446036,-2.1293881537995274,-2.4188564539016717,-0.21603884800654033,-2.6745773188290007,3.295214404994982,1.8537271754611058
8.240013649434731,8.107261035629007,-0.5333057262208633,-1.2499827605925364,-3.522988564191811,-3.209434360054852,-1.3271120239802048,1.3833563642535358,5.901651731668952,1.0053188830151087
7.791336549942701,4.0294154261065795,2.5674469883354183,-1.031689855929842,-0.7424564080853808,-4.3594804235632,-2.026412916194543,-0.16318946876894544,5.221659138852199,0.5884059928667561
6.820979596582743,4.39084695309488,2.1135582244405366,0.31777796137512604,-0.8558666665492143,-3.7778750177500133,-1.0429985664320636,0.9681830333799808,4.3736809729879,1.7457032383468136
7.534364746700774,6.281374692418013,0.2181598776794497,-0.6110104903683562,-3.331478251552739,-4.609284237394405,-3.149964503296857,2.6579232213831965,-0.48767579771536634,-0.7294539022749771
9.43958725073929,5.082776931088093,1.178015959807565,-0.052467547604258785,-1.9474758110929284,-3.898724357105905,-1.880879442615144,3.8568174085802855,0.14323665157787258,0.3407755674629515
8.478512917588809,4.074855626655897,1.2460193134445172,-2.568104198873897,-3.9382932362156846,-2.744116701317901,0.15990017095638748,2.0867281292985296,2.606369691254601,1.042446615680683
6.879964562872605,4.128431515666678,3.7851416833090035,-1.5086216657243896,-2.8639044249461234,-3.606964104211876,-0.8434191780964633,2.2234582283326043,2.561596775782052,1.5635557609529274
7.2564727406392056,4.481638718177081,2.3132034701249435,-2.589239822727255,-3.591419115257945,-3.358311745452217,1.9136534018844134,0.7688481807642716,4.020431703678352,4.212700836035837
7.446323261881724,4.161638980479298,2.4276218497191278,1.9718483348637206,-2.701866754551936,-2.944571233304039,-0.05492174444495615,4.738772677127915,4.8021852251194215,0.9187915580244576
7.908682074966645,6.1383848654879065,1.0320861728374264,-0.8254516323739332,-2.006593490962216,-2.048675857947734,-1.6515102687255157,1.6276589152351981,2.9094997585105147,0.20450684456765766
7.578539351238653,3.8980318868732464,3.980435079880737,-0.7400409197366615,0.5477983107615583,-4.5878513295248045,-2.0202014163327595,4.30424067682134,-0.8164023020093222,-0.9668515128396251
8.609486203563128,4.545094885557135,1.951963711292649,-0.24248588561883924,-2.575437793812945,-4.203179606481526,-1.1202138380709497,-0.01787838203937759,3.676414176959386,1.452696195050135
7.171646663551081,4.673102262811318,4.5816952193626355,0.7568770860098473,-2.928328594461407,-1.2506040516362247,-1.8666090083894347,2.889794144743143,5.308623042199743,-2.0752441198687355
4.595880092972592,3.2944304433978813,2.7008364056530896,-0.1421948957041675,-3.078915089942766,-2.156090626448909,-1.750008138365523,2.4347231848973694,1.3274930357820927,0.046818869686877165
6.976774118224353,4.566083804577878,6.075916458438171,-0.09560193638425889,-0.8297959503861636,-1.4844728258248945,-2.2962952162252,1.927432260256623,3.101800893579774,3.1234367104311844
8.636094362981863,5.946040878086051,2.6185545925380387,-2.0443427327201538,0.5622513026720228,-2.236331813833494,-1.4180295599968107,2.5800897641773015,2.339429114432301,-0.5777777828497518
6.6366420449113255,1.6199059556213524,3.031249502156717,-0.5551457357339752,-0.5681159352223857,-2.6581011393096086,0.5968079549326152,-0.685609209909967,2.9815679425853823,2.5252737504049128
7.15970233860765,3.794127904929986,5.197476760493175,-1.2761103199564423,-1.1722383439734565,-1.8141927486551763,-2.1690535979928507,2.4967950645259873,2.1965425111113874,1.1798523803073495
8.610179346347136,1.8267364038575444,3.544554224991626,-1.194768886897076,-2.0192369061899718,-1.3470520968490105,-2.195752958928361,1.722803965572501,-0.39552569050180525,2.65145642803697
8.094350515960162,3.339616408344276,5.213467061510019,-2.9087079631373225,-1.690197393099452,-0.923331774356538,-3.1346256456682355,2.141644238016503,1.639193548246772,2.620105242938545
9.226075676654984,2.8394974048601056,4.756359045533404,-2.139656545009647,-0.0872603499835034,-3.7000901039920904,-3.39865840251074,0.9510775040988622,3.133209328001819,0.98406216483163
7.217122793523215,2.333144568556406,4.972492221617303,0.023042377538388968,-0.3772344013439011,-1.069218569655926,-3.4296965006420987,0.42303308930989847,0.8967668136437521,1.3727547465263976
6.512267897667482,2.3674433695860024,6.08634019368139,-3.13622219889568,-0.8890819374703911,-1.8760470707301478,-2.7734989317209306,2.515632134903893,3.8322105353973983,0.7647074061355261
7.98049611158302,3.063773654113169,6.001437173774766,-2.9244010490571917,0.45366397429477107,-2.9069731513169037,-2.6407665152736506,2.5128281352005724,-0.4571044977789852,-2.43702922562995
8.574404884871761,5.215926265544694,5.474577622987134,-2.0418180091542477,0.17957560445969672,-2.5417855295623486,-1.695903384022213,1.0403719935858649,1.562228836399843,1.0576943421845435
7.3707150031506785,3.9975527018850494,3.632271881691549,-4.694620635958451,-1.6010035748334182,-5.551119812750705,-4.60035455607387,2.608438339411919,2.1684418229677243,-3.8043703921117205
6.426455495673285,3.9224998316501027,2.6025725648612714,-1.5809941538890615,1.4321506927459515,-3.7946563519482552,0.008064015459597573,1.8233652096135131,5.358920378237125,-1.2000385301027507
6.82034784885186,3.4340321503955598,2.0835500437364622,-2.917108261628167,0.6531676682021675,-4.050650640800381,-0.42150916787987175,3.2865573156690906,3.215046209225061,-3.2585979616443366
7.604691965828102,3.554936115728913,3.1471445597071517,-2.3473902219927223,-1.143879284133918,-3.0582105025941977,-0.25192007333289196,0.2182856391290127,2.6551491228316837,-1.445612293089382
7.398211674108646,6.591089143523093,3.7883017952335734,-2.0596088731406907,-0.05458039275565997,-6.165238567637279,-2.4182157796571624,3.042085956111913,2.87623327067549,-3.751931423934717
7.802662232063139,4.481368787281004,3.7782185404553723,-2.208244799829216,-0.782005442097409,-5.364463116183303,-1.8435542987146245,1.3063807450261715,1.2968863630586256,-2.4720607537468138
7.127712582582818,5.756469320059659,2.9292560721032377,-0.9890875628423664,-2.0579872060042224,-3.589057775582151,-1.7041794622195658,-0.9555438832352015,3.4492798746328335,-2.2863437488812632
7.183577235386726,4.777837740353318,2.0291789263123157,-2.1240098231644895,-0.5541140509561381,-3.4773907775097115,-2.1105690024310477,0.8583457195039972,0.1816601214527783,-5.697576643319075
6.287162059083908,4.759918701650542,3.1165871641637444,-0.6779793956685769,-0.32430891151254015,-2.3165669634444312,-0.3956332684100245,-0.8348756639834954,1.9652921662462952,-6.520428344191554
7.444527648834586,4.70302226433147,2.4253616063522063,-2.848350710648063,-1.3377074495204,-3.311613783905058,-2.4726719109013597,-0.33775624017025796,1.5818653902492186,-4.811514264079215
6.582028768266753,5.732127138233333,1.6111242160401344,-1.540456481750337,-1.5167046815113865,-2.912770298586789,-2.3875253223319066,-0.48529798796709067,2.662271098036933,-5.828323601173821
7.4959648800604,5.765446268382847,2.2919265420471437,-3.6795881968683095,-2.6935752766862477,-2.4564632645513838,-1.8128340157984157,-3.9084807464198996,0.030756942799595094,-7.520771861462503
6.909427938547932,2.9649207102940727,4.229072800368719,0.8697728346108536,-1.892286808080801,-2.2773008802593093,-1.0487536923082659,-0.3670941835144108,0.5806345029906228,-6.076841624225664
5.014569426713104,3.290252659056433,3.699391314225538,-1.331520747237121,-1.9615551392438655,-3.5428793934974303,-0.16442670467008205,-1.501723755403179,1.2892004340935,-5.397559638067096
6.30792214676984,5.920758019494526,3.13538117073104,-0.8893705270857634,-1.4930598490816258,-2.7020255750792965,-1.0359511897931815,-3.072848163423442,1.6874456315712056,-6.176840784165289
6.363404426150697,4.416934441021805,3.673709347212825,-1.192874128750604,-1.8702164263161927,-2.9516383203530285,-0.5469249522044238,-4.0875154434380345,2.553130034143422,-3.8760769650908515
7.062706955770628,4.78182282821015,4.325995606240767,-1.7316356803446904,-1.1592453245360543,-4.805178110783607,-1.8880505600905058,-1.7825963523201445,2.3420139242384637,-4.745227004414612
5.827198161656752,4.398225080619811,5.111495975703785,-2.4869060327634416,-4.116484687086867,-3.9935963179745815,-2.019511940660959,-1.0392802751318633,-0.05681010592084686,-8.497531529028382
6.7625306627326385,3.7830218681575323,3.0326937146177633,-2.260006582086714,-2.9079134513684295,-4.159839139464239,0.13748629598604978,-4.228533302237257,2.1212788129398907,-6.183970587036251
5.819462000881523,3.7698062317263146,2.2553014031145784,-2.7116249257718117,-2.490888870925914,-4.830109646756111,-3.079729078099123,-2.419507533932382,0.1351869688519298,-6.296701605225472
6.08549137698395,3.126681604251789,2.6454674273484313,-2.277054071963053,-1.5947692257641644,-3.9269918031440976,-2.4335076187692652,-1.6619160751554867,0.6106197015328363,-2.579453692539507
7.190912499413148,2.334405373818205,4.458142741753765,-1.6112027645071039,-0.8537129931643095,-6.169842809861537,-2.004985531744709,-2.198418535674096,-1.170193467860323,-1.9223375147547606
6.718324448355665,3.7341875597608647,3.420665869847702,-2.897829444401375,-3.139071464823499,-7.432189396328303,-2.453579144349212,-5.020720046659479,1.00862326584051,-3.7248063833412126
7.183341611150454,3.002349013057907,1.6268430836070389,-1.3885100275723672,-2.1554309347641065,-6.862625092632051,-0.18286128642036398,-4.008848586689386,1.7799197111913188,-4.407785464547208
6.4864298353529435,3.387504183775423,0.8120154966722594,-0.9284002154948072,-3.064643364532353,-4.989743589448981,-1.7138994303868984,-3.3517624780880326,1.0546082375447439,-5.564944591640422
6.271213067944632,3.866494934254866,1.513373965102963,-1.6646177518988445,-2.780245416591818,-4.502498529601949,0.8486055343116677,-2.6867576141048963,1.8596279916452323,-4.576224801182327
6.402254087912839,3.9875195507491683,1.8336908054570897,-1.282088561706877,-1.1179381432397169,-4.5979275536502975,-0.015313051819632318,-3.269533211234823,0.7155045608114017,-5.96875514588721
5.953869422150526,4.72130210999538,1.3493144378620032,-0.35829923984918244,-3.766905955978599,-4.7690322587683065,-0.4027206878910312,-3.3382709342065944,1.6430756005648774,-7.553026559703597
6.210517569501227,3.6455677750114126,1.0933857037516128,-1.0565288949982081,-1.9936446034990527,-6.7556511091074025,-2.9105803398642833,-2.920358435720213,2.2719918298323316,-5.620998678019652
6.758848087187049,5.2590236163615565,0.9452217770272915,-2.1050954297137836,-1.6784329884682831,-8.116597118951292,-1.0936989032923288,-6.013539664962235,0.10673556666085743,-7.257552740530291
6.565213136834124,7.2671185576753565,1.6671208080486424,-1.4967301724066555,-3.528818556067877,-2.6865751099384116,-2.475552728745948,-6.768000063392508,1.4614555258507083,-7.752070695476315
6.702825272903269,4.924836306398367,2.429110439568189,-2.1901455822582414,-4.5776767385671695,-3.709812953211683,-1.3739123064521936,-4.974845564342479,-0.5593114488963995,-3.7673960435383003
5.846667149894662,3.918766905009115,2.1444174417380273,-3.0759733419314452,-2.2930373911422777,-5.4381851510724495,-1.3846960522021943,-5.617474122394614,0.3661099013770432,-6.605060471813081
6.093991961857542,5.743799824936989,2.1025898290247933,-1.9860978323187026,-3.279859465532757,-7.624207490247187,-1.644210673562829,-5.542269844141418,-0.22623546799663724,-4.332519077051195
6.797390071185769,5.560465751816852,3.0988381083562673,-4.192635625526788,-2.2070518734775084,-4.983591655350313,-0.49917046997164255,-4.718573740119592,-1.0241859819264274,-6.316773609524777
5.8373545106643085,6.112438342046703,2.1107500180726437,-1.207621745084164,-3.30679011711069,-4.5099255527284585,-1.724359326372479,-4.640999428823689,-1.4427538534167232,-5.875160480317487
6.9408907338328785,5.257297626700289,1.4295914344273397,-0.34273787601665706,-2.7279003361839798,-7.42250554408415,0.01840154469586893,-2.801309866052695,-1.639472028102604,-3.9549745058292074
7.462520867657462,4.81925027612637,2.359774006028689,-0.6363428635099635,-3.0947368243565054,-7.729577393547564,-1.7718468548961221,-3.9260838694429996,-2.820611961673595,-4.381364803828839
6.645655746120734,3.107223479688493,2.227477959410093,-1.9581338559461208,-1.9042749350053265,-6.597819139089707,0.22268724424006717,-3.4835253777386668,-1.7652575638187133,-0.9630314991941875
6.2200133157352,4.136887454407272,3.5773648095346537,0.6854348174966245,-2.4869212527827673,-5.377564403693047,-2.637162608470126,-2.795603513514229,-2.587058896171254,-5.179698060265334
7.1265365240609695,4.209446192042593,2.448725141745893,-1.8312869372587899,-2.3549623516984366,-4.848591307017256,-2.1925179617688704,-3.8325526582037126,-3.0567066633892503,-2.7965550200965623
9.224805522767907,4.082281292674845,1.5301527245860627,-2.0822938630219237,-1.77538148384306,-4.086174593020198,-1.4345178192130414,-2.948533454090376,-0.411018236702118,-0.9756255515614366
7.089864267940084,4.665011417870015,0.18669136926353777,-0.9585525699994378,-2.6306563307115653,-3.7224938672692502,-2.4651035395201966,-3.173041448153065,-2.1389645473030585,-2.857894357010906
7.362591503576111,3.8173606569065397,-0.0804137400452086,-0.13689367993986895,-2.2193900791941914,-4.133061515801382,-1.493249075868624,-3.010369867672248,-1.4432766015647072,-3.018096141970227
7.50891385721123,2.3049740708454673,3.621127634397539,1.3192338083952955,-2.9685641504224427,-5.473831005923785,-0.735994006239126,-2.736948812445149,-0.6543845222368547,-5.3919508866474795
6.725307752520901,3.1104967908297025,1.6515556033012835,-2.495593767582446,-1.9381794847108673,-5.846875382890621,-1.588651171742074,-0.7479398346908259,1.2445064285277965,-5.247931524291556
7.7478289539861,3.407378743537325,2.6424658196470325,0.3636065418304886,-1.3438128772304794,-4.691165270535172,-0.674365433008202,-1.7659587186136343,-1.5220871248575722,-1.8461420579504977
8.048962627257687,4.063961233178975,0.4519890060364801,-0.7207943139271725,-1.123126555925327,-4.2684174012301686,-0.6180942383483256,-1.1986617857462147,0.6773060247438916,-1.406789043693225
8.072341987591429,5.3288646133243045,2.4291016302159973,-2.6850555924073856,-3.386570498944211,-2.911137994079058,0.35462667073473675,-2.6840008961010526,-1.681809772022814,-4.620365929648406
7.9025880006298275,5.26679597825445,1.1792668048457626,-0.9937504753975337,-2.3142408038511597,-2.247714334472468,-1.7431976701166472,-3.394621124549026,-1.6287667611350742,-4.005085977694081
9.838611319225068,3.2770581564425507,3.880118365559364,-1.4114057972366316,-1.2730194318181922,-1.7990826383655731,-1.0937809475472744,-3.7029581017580395,-1.3937765317920847,-1.2723857012715307
8.311430050888788,0.6238308711417251,3.8824345211843743,-1.4885502613667188,-1.5033519019179016,-2.142429114787555,-1.7939083163721778,-2.83553478926225,-0.1255621184029665,-0.9386490084608251
7.696671439650772,2.2063347158237847,2.9360865224887553,-2.112260185326816,-2.8501525548901423,-3.021689718015744,-3.2269274423792145,-4.076034909503278,1.2902090499287389,-2.2740230380542386
9.410724543836766,3.490284146354821,1.8330305944034628,-1.6568292553391837,-0.8474563187734107,-1.4942729099032055,-2.6339794897401045,-1.2063866640188388,2.9632870347753353,-1.4076882255756937
8.546953631363236,4.749624969474887,2.063318127368025,-1.421620528384285,-1.5674514799015806,-2.797416382076758,-1.1268582952926895,-2.252954136864683,1.7327365361240281,-3.731251447210478
7.930429842355937,4.369209424006034,2.5106878250002946,-1.0974210214110494,-1.1038185681099522,-1.9841714824747527,-2.425954987382735,-1.4948716078093627,0.35340206683756803,-0.3720702870705997
6.998433423239179,5.856146249848239,3.1786620669451646,-0.6939608609824471,-2.1143819991311954,-3.711257743851711,-3.697505515966071,-4.422371899028202,0.13417796658509143,-4.486573296803113
7.588454784752094,2.7130984528866984,3.652176384238868,-0.6045967851170966,-3.9472103673135295,-5.042570562412566,-3.5172288082166765,-3.301431455192225,-0.8102525291596518,-0.9170816956314425
6.294983325607437,2.2700922399895553,3.263637951976897,-0.22990499353731284,-2.585249764517474,-3.332902333134136,-0.9668671693462708,-6.741772900989147,-0.32218415859622607,2.081967812321777
7.407589864057265,3.035570365333555,1.2590581390081466,-1.7424140385680496,-3.498299906817632,-2.9853122630849183,-2.6131756033358124,-3.716340156044278,-1.4789633610208928,-1.6038691512710357
6.454849202122433,2.8657630260715115,2.2614028014124954,0.03346117148844319,-2.457252891149822,-4.596507117631289,-2.6692976825764525,-2.706310875673574,0.6332120401288989,-4.473763930860452
5.275727999022901,1.9615019126203397,1.1166499159249974,0.3602651363191262,-2.2015226984956247,-6.325657299197138,-4.494547101531326,-3.0459092163158035,1.753833094281992,-4.492364731797089
4.320141102295155,6.051134912224774,0.7029750573574083,-0.1513503652786654,-2.8177075082931613,-2.767080737949793,-3.808381383007452,-4.244044037941845,-1.7033304541885377,-4.851694047585296
5.561505409401538,6.410167938939841,-1.0721940667487886,0.13999977072684341,-5.512340113355276,-3.4378987648996087,-1.8431898287556012,-5.91309730416735,2.319966473323784,-3.8493797838366595
6.439911218369044,6.06991463141579,0.4154403092256791,-2.0300536220172734,-4.449099496011516,-3.3050576993603458,-1.8629509968515676,-6.566988298557975,1.0610047571633636,-5.194646010025731
6.8356987646654535,5.880807760329004,-0.46293694931370455,-1.1382707295250472,-4.83948393613373,-0.5549093197975723,-0.05627001757279085,-5.61451339229677,0.5359623901214681,-3.8901565603666817
5.834000641726679,5.331131913791369,-0.16435416470020572,-1.8141554810257363,-5.8785476321084325,-2.3618110273182684,-1.9044181490699996,-2.831859432440032,-1.5570496350156453,-1.8560381859616588
5.770244125836693,4.377154937459317,2.0167769044367314,0.4525857671690634,-3.7942094620596927,-4.185928841090801,-1.0386844322734978,-2.882708334716811,0.5840820319757107,-0.339590780493549
7.328964657560899,4.877717116734227,0.8592763225645528,-1.3850822230056512,-4.258151250559428,-1.1928176652608204,-0.3502927085616142,-4.70807661034806,-0.7804990061378982,-0.5939787817724277
5.80346827318802,4.505802378842891,0.2063747950566678,-0.34501881570031984,-3.595797621459477,0.9175131767898806,-0.3959323164298261,-4.003251210615504,1.0804889590915665,-1.973548418078489
6.088572328330445,4.162921834431398,2.167528535770267,0.7204341624095044,-5.26989519863529,-1.3475237545359662,0.467720417817838,-5.3454134578558055,-0.9421256887298499,-1.368891295619175
6.524449436208239,5.283754471085341,2.56378760226006,-0.5695296793385072,-3.3411391641934487,-3.3504003406602005,-0.5052634741557855,-3.862414031723484,-2.2250262542868704,-3.603970609433129
6.724605311340219,4.028289077376883,1.838530745758212,-0.6635363496533998,-3.183623422884865,-0.5742820941156943,-0.21823575917078958,-5.629421308355829,-0.1374978271753237,-1.209572871268793
6.152307726460783,6.736610957788658,1.306413062205959,1.3927950346490574,-5.73876793110897,-1.9859319219320928,-1.9354268074998353,-6.179617525688458,-0.6068734055877384,-3.2250438781415776
6.753818520918315,5.497147420164416,-1.1211762891871702,-0.9602511153814343,-3.738784374498096,-2.2765113154976424,1.2652274531364474,-8.355619522506508,-1.6250746872601007,1.4907687070565032
7.6210219483469315,5.619207373275013,1.9793643865712727,-0.9214977329324288,-6.238424603080689,-3.1152009099753597,-2.971241018274375,-7.809811384414112,-1.0530426969468802,-2.4415321983197007
8.047464953462596,4.004026600423535,1.5498296361825585,0.29697902009199206,-2.8353898082965467,-3.7036158054973103,0.895671799042554,-8.338110468782366,0.15329678728484847,1.0386864919797443
9.422175866953324,3.1947564395497103,2.404609481178836,-0.5843437080428014,-2.960865468500499,-3.553184564529498,-0.6934348460711935,-3.573682591272929,2.316347518334377,0.9444965688897309
8.575826661584744,2.0170837268923254,2.906401248206885,-2.458239568052994,-4.376715617139742,-3.1419308719791514,-2.6835632163258407,-5.348513247313563,0.18752441543449788,0.2865508444853508
6.5667001891968235,3.468541400933096,1.4583876045071913,-2.6020701777130717,-3.323745188633881,-2.888318390142378,-2.638332233492488,-3.8850126336147137,-3.3378544662533054,5.04138566749716
6.1043339457581975,4.587202679686989,0.3540919212367637,-1.1545546836892506,-4.031158238930895,-4.312942776821712,-1.1319305192819162,-3.598967218075616,-2.2816800963468875,2.6274588558052914
8.18143069752966,3.7543512098976035,2.632939656704107,1.5621258296986336,-5.1864504909446225,-5.8952400989753455,-0.018795485375687974,-2.616853620529345,-2.868655294407821,2.0588512684110323
7.573859792513049,2.506650507237347,2.23530254069382,-0.6530169824679225,-5.238817278055516,-4.3181427727756985,-0.6002103953231455,-3.0450947913028164,-2.7862084167757275,3.85875573209472
6.0105816036465995,5.454661639548212,2.7500919154746852,-1.0448970346880264,-2.9901945731633557,-1.90038431331485,-1.2307105427624276,-5.1126421941345646,-2.21028872780811,1.6119416383409928
7.736113672224478,4.536745246868523,1.7904787951300194,-2.270574416475533,-3.767960845846834,-2.3738838815972887,-2.0520081370153864,-5.009725326903604,-3.4569190283615225,3.344107052486421
7.797916466290143,6.31559661500998,1.3743542764653913,-0.11854725691745371,-7.146917615570497,-1.1822979637614166,0.3847009878305062,-6.232847445562265,-0.10078544747956857,-0.2053142240370551
6.894465585198186,5.917332476793757,-0.3430286244880173,-1.344064327263479,-6.164372720442013,-0.7551712233501788,-1.0476569141677559,-8.00877049065073,-1.5565115984979736,-2.81517630716735
8.84302893900972,6.263664180556577,0.6484373638345285,-1.4535422899704433,-7.855638233274666,-2.420563970045297,0.12553974593195558,-4.404667749609298,-0.8427873810847394,-2.4418601521133225
7.091045950232128,7.810754346530169,-0.038530447268225985,-2.7269297263874765,-6.889181144786967,0.26419156171415825,-1.251233391768954,-7.762037035646555,-1.049873387561919,-0.11271691579765597
6.9644875241627835,6.812933374203007,-0.48145316763164053,-1.1156375041751672,-7.257241311184685,-2.4252312870527613,-0.3825839418783072,-6.304380156995665,-0.01826898238207016,-0.9559338380536889
7.017726995471838,7.889534737884566,1.2841601465108052,0.045501394275550736,-6.187793386702297,-0.8158119963035488,0.16124667471049636,-5.677450809532054,-0.7538780746055539,-2.044302484584742
6.397793319582242,6.3811085286728595,0.024690463632750445,-2.2059764404808373,-7.239544243289789,0.13345290514494856,-1.2139782710661176,-7.995357170635094,-1.1568535933397857,-1.3714637635265172
6.338789630255708,7.194174147447954,1.0881500957842267,-2.1896687927861116,-6.734548562603392,0.2850356036185917,1.162792111729975,-7.2745946559858865,-2.7654012352234103,0.915192744489253
5.689396523941941,6.78013902420817,-1.404234150004829,-0.6973100363039824,-7.613912161833344,1.5980484204411642,-0.05726609340947392,-8.392679005935056,0.22384436733719917,0.497466458025881
6.468091008990077,6.119228945099883,0.7055336538311968,-1.980266812339059,-6.075518944639603,-2.9528156848810956,-1.4219493447526452,-7.3078882817208095,-2.462210136856125,-1.5556627356879351
7.894860019987283,5.180876423619718,0.516769138144944,-0.1802606200148381,-6.346529117006381,-1.1611399905729218,-0.3209892631683994,-7.022191869909161,-1.53675515089911,3.017831485253516
6.789482297359411,4.869190724226985,1.0500080669577498,-0.20111936789127377,-5.898959259855212,-3.6051210274156125,0.9593630858217278,-5.148512705894724,-2.7414979736576486,2.173237328776977
8.118865201207191,4.28995289644837,-0.05680623747013065,-2.0305733528005008,-4.815823036937038,-1.2996284372740323,-0.7182452973527048,-4.470664991603059,0.5477989296159071,2.1672338685520387
9.196841336080611,5.077008913843669,1.2900773888815162,-0.6994241552199489,-6.088870954190444,-1.740014529708919,0.889446403052372,-5.0060164050543285,-1.3891868058616639,3.466776962644077
9.272916620881878,5.289072866463054,0.1611770769761771,-0.7871102451848934,-3.9453343595469876,-0.8426826166576294,0.3695111887197621,-2.4683108550328297,-2.2538510709221278,0.3744645745997693
6.445818095667686,6.869692246642362,1.0367446237393945,-0.4943124665771277,-5.321644492774467,1.1983141549407381,0.5721494310527503,-1.6881505050532923,-3.650681193734208,0.6928815811122806
5.794448038138863,3.011882143682968,1.4897601246479548,0.17584688294180156,-4.375306367641062,-1.0347826740262058,-0.5393319100221685,1.0231568312913055,0.06783046299881014,3.782133308372064
6.535923832084389,5.151680161456633,4.366191689435082,0.15733087159565265,-4.537239876761486,0.4968444796636588,0.18816530728031516,1.3710116519755111,-0.827170532101728,1.916692015620123
5.685164996245809,3.3742566868678834,0.7356465835681844,-0.7771026445741696,-3.083915709520503,0.16771920634163792,1.0716184507812663,-1.403501193187362,-1.769701208740465,3.264092106553568
6.34460995758802,3.8485402193573246,2.306122220272387,-1.6070733558843255,-3.33160694936926,1.6494023939869613,-0.324914992904241,-1.5007991417906084,-0.43472534317765055,-0.5966966742266775
4.026786968801222,7.777400592105898,1.0935548183886772,-1.6242399935007699,-6.050520354264425,3.2290384101139993,-0.0405013723348869,-3.332720466537637,1.7911506030916433,-1.228192616888941
4.8959351608996515,6.62372519378246,0.9679407716698178,-1.1936049277680991,-6.99743881646213,3.8940460999688518,-1.9965167131144048,0.2898525753893484,-1.940960818788987,-2.4931133184663956
4.245625105489666,7.680405684412456,0.5310137090834193,-1.5282735031995107,-5.060270274771605,5.082890531836874,2.2932766246243013,-1.1548252847420744,-1.8155355130720723,-1.2691932070749412
5.5914593895430285,6.86898668594952,1.236575975960008,-2.3872767980829397,-6.518284175861265,5.289507633577715,4.01512065268519,1.126923318612873,-2.708479782429745,-1.0920785618845288
6.279587276616312,8.145037589671935,0.7294040591783103,-0.41589517480112415,-7.235752233310323,5.160573047718329,2.9737470343740844,-2.2569751644421783,-3.0456465159290365,-1.3637772643134818
3.5054199238734864,7.856567858335668,0.8363392878011928,-1.5314850945000953,-9.30928244254059,5.2203714267163095,4.447907458728555,-1.6932324027781573,-3.027980757238676,-1.9166701360663185
3.944527349254121,8.285115614417668,1.0882525097509916,-0.8661073135137788,-8.468423740567763,6.9621013295138345,2.2302833478909587,-4.649819714565791,-2.4335372595150786,-1.7625281094466245
5.281929588983707,7.254004819718975,-1.3387382608752556,-2.201925863694017,-11.200220728230551,9.087691708662723,5.766070272212365,-2.924740001965525,1.3688962206299218,-1.41178497829746
4.576356470847727,7.056048898853305,-2.2616462345065926,-2.332675634308304,-10.059840294906074,8.2614338326078,6.21518367590382,-3.1715776709740133,0.9818601119666337,-1.8783095555983587
3.4797019317866673,8.445675400553618,-1.6529143918323852,-1.3225944955712312,-9.775124843902075,7.061056078258433,6.326013207461946,-1.8385227661607837,-1.6712062704497537,-1.9158436275466482
5.181745886710017,8.18405052817976,-1.4991964601664605,-1.5263010327679596,-9.67729280341472,7.708666705398787,5.023274167164744,-2.678988061893367,-2.810976758067659,-1.7941734447579978
4.9149932954500715,8.284110935506225,-0.9136508784953551,-3.1597339118901417,-10.724827066887197,8.55791410096046,6.340111287288897,-3.077777632962006,-2.1427130388860887,-2.5143164525066473
4.630083766067688,7.306485783767164,-2.6955457756480277,-0.7082862778505452,-9.457344491972933,8.641075764603139,4.22991959862681,-0.1642410308630234,-2.2371011181818528,-1.9004984709265105
4.444033721600304,7.501079796599429,-3.8574757002316176,-3.1320785433214318,-9.432611965229121,9.398971137638974,8.027385030803522,-2.438994732757337,-1.4282593749182113,-1.3439808413035366
3.447235667328866,5.245489500435531,-4.314586542997898,-1.2911396779800717,-8.905001433748033,7.761878229438891,5.453169425930794,-2.8134158627856594,-0.028983502737046037,-2.6673893512122158
5.631653920424368,7.967457732705641,-1.2685172761079937,-0.04922316458245777,-9.923863761188652,8.546876399530646,6.34397529757043,-4.048555858315156,-3.117010396261369,-0.07630913715030024
1.558749609767688,6.5316996612222855,-2.5019011615875235,-0.37998641420975837,-11.447711299564684,8.861398575604072,3.976302152887564,-1.47215371892007,-0.948489994699987,0.8468026902532343
1.5014665973777583,6.469583837923162,-3.1726804473503,-1.5555759249638395,-10.393897696634442,8.999881622967164,4.225860485108409,0.4563681090482896,-1.5633481863550922,-0.951527018844015
1.020526382685056,7.644004270158491,-3.4392124349443556,-3.5314759311978894,-12.10373196693664,10.422862072932071,3.74194920342132,2.031429563061986,-2.360833852385286,1.2477549020382157
2.9055661177410514,6.040991451054191,-3.07412202108751,-2.165690184535995,-9.516574941135497,9.484670503560396,5.15658194063105,0.6828626181257532,-1.4222933428477875,-1.0892609948992262
2.626308492400288,5.010944260237235,-1.8783583300043538,-0.6065435448858391,-10.522234541005233,9.974102158468511,5.864655383966598,1.7339552439585548,-1.4072822403609166,0.14363584446958086
3.39758987935498,5.320568098192218,-2.2029914947801568,-2.167627033404003,-10.265870083755772,9.777933238829021,5.441558297364672,2.923374067303422,-3.0957380186980274,-0.4755944399300134
2.885977783510577,6.187498394299835,-1.084431679471644,-2.011090921629839,-10.897012529962907,9.998325250112423,6.761215010354122,1.8667078087170739,-3.1739453500263957,1.2576550031301756
1.3141886410694545,3.8530060493748435,-2.309051545609025,-1.5519104895678715,-11.333858742833865,10.754167254887419,7.464240172458546,3.0567782183196326,-4.88465113876759,-0.23029867360812178
2.8288246211496166,4.464594969441179,-1.3669225070850295,-2.7490398484807277,-12.213863703799875,10.024446225509433,5.687430078843917,3.2841391962102975,-2.8177746284537286,1.0565323965071336
4.49348447668591,4.39356823343309,-0.8563094691426563,-4.698674101647775,-11.891449257347606,8.613613754526726,3.4514575494694855,2.170821127518245,-2.143019752587821,-0.3706551347988629
2.4290562531888535,3.7213684277455568,-1.1356592562209618,-3.9856383003976523,-13.201768622374797,10.270266233395223,5.568935981289144,3.073898140897309,-0.5594017403901962,-1.7895389853422559
3.674549928929702,6.454557225177834,-2.6352971770339613,-1.7995250715417128,-12.488830454393621,10.00033134685088,7.374233660730289,4.053987441919311,-5.186565291006616,0.07823379021773379
1.9617320280541197,5.46763317518697,-2.4157688485591224,-1.243211814104031,-12.522915791014823,11.911385884927197,8.599619212200368,3.2250032279046086,-3.5426832986768613,0.2689585317292227
2.6293872560945184,3.4702102805913104,-0.4541209704191084,-1.6458844800904824,-11.716349871302063,8.834470713027564,5.058437128412874,2.7577938453856716,-1.672756327609015,-3.2648804258970916
2.7620156962484885,4.990452364493202,-1.7935879497947032,-1.368084002447816,-12.845194766032417,10.600560476485384,6.181952102682456,1.3388670032751446,-1.5798298013470993,1.105400184248429
3.2827270835175835,5.239662528172018,0.023443147426632376,-2.5102792707281436,-11.62135907011345,10.989310027692387,5.758079530616066,4.098067524233232,-3.9571751762091227,-0.088328215405178
5.006539077618615,4.433340209343392,-1.9748103789338316,-2.852853797887835,-11.280567130224487,9.881490771326085,6.096687867230435,3.3342934543009206,-3.5824695391261145,0.04677307278506177
3.821702346511893,4.077204624654373,-2.497542692941554,-4.3655628215710065,-11.269799374222371,11.27571850805072,6.939388379928724,4.1768839693555115,-2.2624724015933206,2.1083161778967456
2.2871180852606954,3.3839993806357627,-1.5241006980692666,-3.5650956332129167,-11.293787817556206,11.120873014584799,6.170461044488153,5.354435090425719,-3.6444532169092243,-2.2362322677849638
2.318395409685962,3.5925948797205987,-1.8337945963646864,-3.0387579693167126,-9.556752440148426,8.92047430031954,5.31562189058298,4.487860778323609,-2.1889071106031768,1.549217305082335
3.045000569031218,4.301774816704153,-0.8822538629366011,-2.517320742703674,-12.072560726314,10.19665293377451,6.790029029617922,6.1428903294648665,-0.27864592409658695,-1.9283862961773948
1.310589566676742,4.520165027861297,-2.0647152074162594,-2.4889402627169623,-12.255238105748386,10.148673723031248,6.726489693360583,5.990591144568866,-1.3045284881161776,0.4685034022720429
1.9920331003802487,3.4820958626027956,-0.503805714136836,-1.6522429428624303,-11.28852201820288,9.633312325972664,4.527707158223991,5.139530174324688,-0.4705886093977444,0.21625427174790987
2.0096094927588934,5.3506427184320104,-3.3950344952751093,-1.864651805609694,-11.128253870992895,9.533279979724943,5.234041604137765,4.398665054046241,-0.9011911943429485,-2.4358380742388954
3.613980348553446,3.7271451276475176,-2.6521730167795647,-2.1426969123126423,-11.659207709902054,10.502505288470445,4.883079046974824,4.772489784578147,0.3945235113840626,0.4838917796140318
2.0943894588112593,5.847535607226242,-0.5438419815379084,-1.1582026728009176,-9.618554020146469,9.3528797608222,5.1954310801505255,6.178161080582884,-3.196492602007777,-1.3855222060444616
3.714311245779274,7.268103381048036,1.0860832118260029,-1.7895104089589584,-9.608417120871106,8.8516235867813,6.203457437694923,5.987735384903305,-1.44511817049653,0.17903736424805206
3.6377336356936785,6.77712021005988,-1.616328289106198,-2.4096520326524833,-10.186241726002542,9.054401786166192,6.108761149463695,5.187483049767335,-4.499794385052451,0.32369376216442985
1.7389155608648363,4.7550284394026665,-0.28418173678523206,-2.0414942858738607,-11.945975106923715,8.250847384281743,6.452270417737559,5.618398843792293,-4.391892690687639,-1.3025773014071462
