PC1,PC2,PC3,PC4,PC5,PC6,PC7,PC8,PC9,PC10
4.76860197336637,-6.989334877048694,-6.5800410603911565,-6.052008712796656,-0.6702861069126339,-2.0759527141135012,0.5040401975403933,-4.958093664144127,-0.5929701296817717,1.452535739097827
5.366451961875644,-10.157370302368605,-7.4443118575402005,-11.139785901873847,-0.14728991045195805,-2.1667712315157566,-0.6753762885287908,-2.424981115306959,2.336567739973061,-2.3720612165169976
9.30461794949649,-8.566554784392087,-9.792932244899422,-11.009814587199847,-0.34603130545326527,-1.5071526844253478,1.6941185521097695,-2.7914666528910557,1.991648155791451,-2.938073948911406
10.373810201180177,-8.203240451224024,-9.68971936233282,-10.272975841490187,0.03821944633193719,-1.9146265708232075,-2.0360145953841067,-5.3424140864283505,3.6211015456466398,-3.872565274088124
8.145788607685216,-8.879598961782627,-9.103322858505097,-10.63350710771033,1.3336650286468614,0.13344950530270808,-1.2758551087497505,-1.861726069995173,0.6608609926121513,-4.467912297817789
11.286277834899995,-7.674335405394771,-10.605892113212166,-11.589401244386195,0.36628654254607346,2.9159263975043306,-2.1134655681779475,2.1819517521571985,0.4447753353570786,-5.360451250051848
11.145608094399407,-7.200351540343701,-8.673590663660029,-10.842829515705889,0.9475195975051892,-2.258481117815498,-1.4639981813119987,0.8598858106791429,1.5758740054782674,-2.7306996551602247
11.470649811496202,-6.080986895762334,-10.74930398273105,-14.10746012434449,-0.5251919635881626,-1.3949258626982175,1.0592599003574745,0.12171237808001595,2.131732675699541,-2.814720642260667
9.716580288303492,-7.466735428556138,-10.983403030942146,-13.433108086092465,2.662304834615151,1.6605309784226983,-1.7662101898019154,-1.8740902748573711,0.5565978552230079,-3.095327580773721
10.836557189104363,-6.748028268230587,-11.16390821331708,-12.888543949277562,2.2317440358713694,-0.282631911795027,1.0657359591535918,0.9239343968445501,0.7443576074865604,-2.600266365408916
11.8694798637441,-8.010072697699483,-12.443342608903562,-10.307715795613458,0.35433937074047067,0.049276780904069624,0.39924996979440003,-0.550607184661795,3.0150145980266854,-3.633476855078959
11.341473832305471,-6.980999452511606,-11.02630633363483,-11.414258213946564,1.1824140570792332,-1.1424210534643058,1.4354158442023128,1.6369478607086838,1.0331135190747536,-5.0588361184009925
11.039489732184613,-6.677701085440505,-11.080649809518592,-11.1210995413869,1.3208048659199823,0.3165627822107728,-0.7493962307179516,-0.8962817538862066,1.6425201353612826,-3.582193786565998
10.108523958904575,-6.558853570058222,-10.524433474847525,-11.913242838084916,2.114382433005174,-0.1599530050067668,-0.9949772144417891,-1.4912443980404817,0.4352742803047213,-2.2902701597433794
11.161927283309199,-7.577167948608997,-10.132901943590666,-11.012759051133983,-0.9997589543630837,-1.4211467832081284,1.1529186149441883,-0.3534449996314565,3.4610473721351895,-2.3484199232268255
11.503936342019138,-7.904526751050839,-11.02221171765328,-9.651985060891697,1.9288923845054666,0.3560383255480287,-0.8229854850295657,-1.5312077816665803,-0.21518802565220616,-2.2032216929082855
10.951119046761324,-6.424601283769206,-12.39962896906745,-10.734412267561494,1.2960544001960577,0.6119194578506457,-3.0869641634511447,0.6609419857688079,3.2195951407144014,-2.2461618998695507
11.964485160723582,-8.346806582712853,-12.897353368860255,-10.431565860633112,-0.09361341723758809,1.507413289767635,-1.8732741210754045,-2.1302306024059177,3.14952090941492,-2.5332183743857617
12.44107098489759,-5.561700146483945,-9.82455484658099,-11.50592802805646,0.4495962005655592,-2.0488034439688687,-0.6293989281796255,-1.4221781942499343,1.0087358104172681,0.3415678592417456
9.451122661962499,-5.847119590245485,-11.052332087906192,-10.430352366100943,0.5167704736969222,-0.4492926648319855,-2.4198737618749537,-2.8874302831747434,1.6623887277085352,-1.1778422639693589
12.922309077254813,-4.124855389397437,-11.088453265220345,-8.282095733848887,-0.5641105251607411,-1.4636528559500905,0.8831273488053017,-1.6825168015748568,-0.4918825026483205,-1.1605993891902597
11.525011611052681,-4.994075412144059,-10.534406430951996,-8.86788198701101,0.9336287332120504,-0.6529529056258586,0.42140991177894227,-1.0150409928831359,0.35002427437883626,-2.356427652597355
13.351412121560267,-6.644296858691146,-11.98755714093489,-11.26377639499992,-0.3799506282363738,-1.4264355973012603,-0.017880632366236354,-0.3164064572213718,0.5718563540791445,0.767182394057561
13.117419053628268,-6.895671461657634,-11.627924456518354,-8.617033491047941,1.3663558359492,1.642079143860079,1.4792776723906578,0.5120533652312835,-1.9478627878491575,-0.15149326091572055
14.654817306602672,-6.57348966745162,-11.940754685292662,-8.679714330411151,2.752580209610236,3.2094076417991833,0.1665010599506561,-0.6717147852498534,0.6774045159176295,-0.9517860302625033
12.784474735140382,-7.5212938363255075,-10.259791809517644,-8.154735580933286,1.6167096617517596,2.896801331578379,-2.964820200856945,-0.9465239031243662,-2.535051307202859,0.4182565353874862
12.693380855558496,-6.548314495127582,-10.639579723600287,-7.502783081940393,1.469206241923628,1.760832571513387,-1.263720651094481,-0.5767512503206689,-0.7458562328574027,-1.6690746084450232
12.938527910555274,-6.428695870278089,-10.915939197629564,-8.655672394464558,1.4863143241312715,2.841305396551878,-0.23528718289109163,-0.2767780764980133,-1.2325260241642322,1.503648559329044
12.827324202960387,-6.472952827565557,-13.29325042226047,-12.043200206290038,0.1530327525569145,0.1287726419677731,1.5279046877812164,1.1707809106576503,-0.40645698332699187,-0.7456684299683592
12.626036043353093,-6.037197876125369,-12.927215570438946,-9.342773732529627,-0.9764216255480197,0.29036431171700533,1.5475873203690929,1.5250415947645009,2.0446707580092154,-1.8660442147467662
13.857620280514766,-5.4964979116731545,-14.539993181489756,-10.074485500896621,1.9962083854972774,0.33052585876780094,-0.6982905961691286,2.805682494737169,1.5940387211044578,0.836411902672346
12.740627339038666,-5.961296179520845,-12.982663123343688,-10.447158340361183,2.2324143258207743,-0.2614117633067796,-3.101169744653973,2.092049506172119,-0.4117361769750671,2.3420884234297445
13.73069006686455,-3.8959113303544797,-12.405872137620557,-10.619895765493307,1.124267812055591,0.3229004423182236,-2.9427675172928867,1.8067995997578998,0.6733767605927884,2.355476976081283
13.22704152745021,-5.814378837290079,-13.120020067470977,-11.25262303034122,0.15214098770890927,-3.4556308500033897,-1.974111084486372,2.2198911984509,1.1428063217773397,1.827778047064494
12.049166122479667,-4.858922165512852,-13.752438565426555,-8.87436258533165,1.7271563915016834,-0.047127296506205126,-1.9862749638820894,1.9682665729962354,0.9174796962037778,3.4864125258464993
11.550516971686495,-3.6542773428967674,-12.728206070742003,-8.812859316751508,0.3909497080136941,-2.3920702489258385,-1.3051504589561278,1.9468188405516342,-1.1101652664270234,3.0746965331744005
11.143000367923694,-6.382677464411768,-10.09179419495178,-11.087791138544247,1.5224725548499964,-0.10204341491446745,-3.162122185952145,1.0795524535645469,-1.2194344786245324,-0.05515343911641217
12.252434690458523,-5.649586359868559,-10.303268675663379,-7.334830724066293,-0.47838400677125803,0.0827839864448291,-1.6509857063156703,0.5908631893241931,-2.088038376842265,1.1040430064731608
10.42342528918356,-3.3484914736047577,-9.946485260044051,-8.607693680286902,1.4273324274210408,-2.481937286851731,-0.8917278376478992,3.954983091331318,0.9073886446725609,-1.2223504164101706
11.195814214785676,-5.257731878186011,-11.71047154226882,-8.846749116608015,-2.0577785866858984,-0.8956508022207813,-0.9230363670798061,2.593952434442515,-0.35226336861940527,-0.4789879767189331
11.683677114891818,-6.670238799343076,-10.718982213147113,-9.856807195597739,-1.0721723046590377,-1.534480716817031,-1.323583510063157,2.9032667019178735,1.8989240235098968,1.3438872191400522
12.191959043122356,-4.685851070847553,-12.819937697390486,-10.593355382679066,0.24727030632270486,-0.8739675185684042,-3.0013280101052136,4.250469667613604,-0.3450817903285404,2.4124259215707196
11.287947598765612,-5.208735024204514,-12.683092269611642,-9.966372148823124,0.7393301118011895,1.1871426261907339,-0.7736493147717586,3.998632719396214,2.001852597595871,0.48607019519526906
11.748654844271828,-4.797782122296653,-11.560729904448168,-12.500072188058843,0.3976501557743495,-2.4287904309030197,-1.3419301138989923,2.1135756560808354,-0.5735729479281287,2.221921346424515
13.339127723408907,-5.355954961773802,-9.90353532597758,-11.952897189144418,0.578924270879109,2.3841894666475025,2.0641178254038888,0.08723920818802043,1.357607661571559,-0.2636373646828311
13.722854866529644,-4.985998171937823,-9.94659462811291,-11.977370153621301,1.0306772277182688,1.0962181928592019,0.015849689947869186,0.10834975645832158,-0.7200026046315137,-2.6867801722603994
12.321049763272534,-1.6308021190837614,-11.246872325285663,-9.583610538988188,-1.2087903139445324,0.33159646598238235,0.7324169978935622,-0.5857667755447123,-1.8366787715314754,-0.9951535629778623
11.297037473701936,-2.828866728888135,-10.642603242866736,-10.22138317862544,1.5709239532778612,1.4772515785841511,0.4420511476271612,-0.47132377133598674,-2.049291328907308,-2.032561322866543
10.759063395246724,-4.309548518267711,-11.044479721785937,-9.298250562592626,-1.2276087135309548,1.5236039564866786,1.610195246846492,1.0368375415305287,-3.3674136446130847,-4.425689401092152
13.079916911295088,-3.915139669229334,-8.789188992776433,-9.77365853320527,-0.4232304977100112,1.15452814306254,-0.028933634396530482,-0.5426458181393706,-4.612303544558689,-3.0184168899352284
12.775711598808233,-4.582205059521952,-8.746708388642482,-10.18967998296302,0.24648993582565135,0.629355752765559,0.11516373840270042,-1.3930695347748827,-3.3708791694122615,-1.494392414948637
12.296929806770201,-4.424249710361063,-9.579567332987379,-7.625964230546244,-0.6799106059812898,2.8825023000802417,1.348207392312175,0.6572717767765729,-0.4839401576555407,-2.136835626773761
12.146957854531367,-5.4484161707394705,-8.472685326099512,-7.358408537172981,1.3539357475091327,4.0283609276707715,2.0815258811689934,1.6277214156428692,-3.183658237103296,-1.4946920111574697
14.596081633357251,-4.775402380659735,-10.598680434197037,-9.564096980797796,1.0971686895561008,3.0413983211292717,2.5481253067351717,0.059360115849034875,-1.102327694057022,-1.7148801740753374
13.843365841330591,-4.456662036088566,-8.137689337330546,-6.940097831134049,1.0755484792858396,2.764146422518653,2.591359706274763,-0.17746165551229218,-3.7359818841482046,1.2766932054279017
13.16386432410211,-3.913615349905116,-8.616047814156676,-6.91078527834843,0.9500031450324719,2.783661989571872,2.278322320924752,-0.5761964279530568,-0.22495860498224923,2.0562899814445594
14.940836491449053,-4.634992513613878,-9.61988014919067,-4.526124608959378,-0.7404001133534155,-0.508753724380588,-0.059585300308451696,-1.203927007165515,-1.8803388668835928,1.4179731853705078
13.964802392688576,-6.2991761567587385,-10.353901276083937,-8.059760936641249,-0.673026354402894,-1.411811678989217,2.4245978641298973,0.7007249905226587,-1.8866675692108208,2.1695008452436206
13.811040334586055,-6.120846905854012,-7.195124989193777,-7.420731532430877,0.36445276600998966,-0.9004996493507594,2.290057955010077,-0.6398258746753813,-0.5852349220345174,2.0202445489974883
15.50066132545303,-7.203203784975135,-7.098078976009498,-4.636725850157511,-1.4513208838884122,1.1976029041029772,2.1526745832712857,0.07494072761179954,-3.025255021568695,2.427171115910174
15.161308636344552,-6.57489573909772,-8.839695285918065,-3.3045739750087737,0.1950114603873678,0.0009940200846525376,3.08294079793191,-1.6210256709700654,-0.44083219255928946,2.436641162502564
14.373585948852448,-5.875574760127951,-6.219095590946063,-4.797803140545987,0.6345344261905114,0.13826693997906245,1.8223693217138792,0.4112160335525686,-2.1283777416486434,1.3812538931286082
14.162919026189222,-4.09118665091941,-7.789756222054064,-4.9532442024691266,-1.4759676791495067,-0.7979050467145747,0.7612133910585663,1.5846338623911982,-0.13251123600035497,5.029170832873815
15.079293471095976,-3.6630595768450336,-5.17177899001335,-3.7195003404167903,-1.6948630626161392,-0.07227673710487512,1.6626491948964788,-1.7854790698089007,0.364623146196198,0.7858708356787557
11.482692677900394,-4.662955966445199,-4.163213117588835,-5.369188155522055,0.11439308176441826,0.43729996319036385,1.9085128623800267,-1.429146564809539,-1.8558759777218143,1.8326978791882467
13.275147945038707,-6.7289383305908474,-4.57707778280553,-3.3047810743758044,-2.4334114190635145,2.6762411328203832,1.5902493487697495,-1.555909836709756,-0.34379245763006244,2.4023713002023395
13.18246824853761,-7.792410771079424,-7.771274385917402,-6.402045324204149,-1.969248298098325,0.7963852979005169,1.5866234404352995,-1.4117580418325328,0.9144644631677653,-2.5770735902639275
13.120176967307842,-6.101713252559697,-6.507031522910093,-5.720092897511035,-1.8829459679924283,1.8436820000700849,-0.38545180446753124,-1.4275438027479792,0.14013525498711923,-0.6546299751188581
13.054630871367003,-3.910593325465858,-6.896103399357714,-5.623676443038274,-2.1733520283429697,1.532056628987044,2.139479754881764,-1.836477154370748,-0.4322710876856036,0.09595878830616442
14.709575495889318,-4.42348248294998,-7.2483993628707,-2.856258335797187,-0.49194056644493367,-1.5808328032157444,-0.21396155818940824,0.21142232270957229,1.4026155683591808,2.6634999156022015
13.753978035273745,-2.9979370623799975,-5.713156902836579,-1.720396264606583,-0.1727922175499162,-1.0393388294015613,0.3511498583736886,1.6499409410528767,-0.46406605386431027,4.906003679997261
15.736429685875152,-5.797174391465416,-8.419729643526411,-3.0973978842662295,-3.466798154331728,-1.7156712291149856,4.643582038355152,1.7259823824367448,0.8393564958640382,0.6454053202159592
16.015671891044278,-4.69671121150187,-6.34328216142437,-2.6204009523977603,0.9052537973088318,1.352583177086243,3.547737348673854,-2.439336725816908,-0.30528560345670985,2.883122844699947
17.421697385858607,-5.049809461192335,-7.3916090327621236,-1.662122057861722,0.8356372131600681,1.9992882410346153,1.343231688169638,0.10618440816062728,-1.4260875978704308,2.4572785816121074
17.39821082924693,-4.573947317347017,-7.105402457397425,-3.8108460443132715,1.6525654948142254,-0.2014861575077135,2.725150658666475,-0.42361616155435977,-2.403318338387797,2.7105933238129234
16.164414534687815,-5.485522951973745,-3.9169498104714537,0.6211035396306032,2.6839955308678647,3.3903604527291007,2.16992806712041,-0.40054279866626097,-3.7876416211001254,0.7570202965917324
14.693897010958324,-4.070224963278428,-2.482749038899475,-1.8285925425726302,-0.9844514548558054,3.280578549627725,2.120684338284702,-1.6033032367684361,1.6607586139830857,2.933208011070279
12.24338453598548,-3.5187526276746652,-2.477014817273976,1.3364802798127888,1.4644456674300106,2.804595258197159,1.4786121269472476,1.5412855733773643,1.1358617497815688,3.5026435268524097
14.50831522127226,-2.711418810737251,-2.7292425723660294,-1.4718860765214643,1.8232334468481992,1.4123143950320975,3.808172846162201,0.2577544679221353,0.9521528219067552,2.632966902380694
14.442145506503989,-4.545899653369136,-2.2337926263686576,-1.193404940300403,0.8562540127081337,1.8578068845473679,3.0802261919959353,-0.7421945174524833,2.571753715605425,2.7312932888400825
13.302605396215444,-2.21435075715427,-2.904191749663668,-0.85699136132035,0.4891157635287242,-0.694218923962965,1.3040831311625316,-2.6173383821784086,2.020169886044534,0.2912244886194572
14.892266709755905,-2.6997764448171013,-4.553639672682314,-0.9434157493518124,0.9579984073410271,1.6716905315773292,4.678651165523917,-1.8979128451426865,0.4722151844708633,6.069246740841673
12.74672833163495,-3.9465914924515655,-2.4427064712129307,-0.5702225367772232,-0.6074403945097013,0.5704099110536144,1.9454381930336035,0.5564133676911807,-1.5401006337504495,2.9759236915975644
13.898282647684336,-2.3846607624091436,-1.7349770897114565,0.027759631621402832,-0.7056548701350117,1.0003709044620792,2.5182801084633795,0.3503552238180161,-1.1895719153686577,3.196214865510277
14.8145362664158,-3.620034227102898,-2.1187237564639743,1.3089280796253109,-0.5382084085445566,1.205414318593733,3.184117814631352,-1.6084480617813377,1.1948206486557884,4.520743564718346
14.239797840364895,-3.9277512940193526,-1.5561450022346306,2.4079499945055396,-0.08158467433549678,0.9271084826725231,3.7415405634397354,-2.6089499468406125,-0.21378190643548375,3.04194243331477
13.634750251304295,-4.456243314627017,-3.3326003869192857,-0.6473858990349446,0.5257594650669377,-0.3065827503998363,3.256330948378103,-2.7217388024285736,0.7731025670066292,5.412607908954512
14.011630030700958,-2.4728280950589134,-3.7153503794352467,-0.07989993447914841,0.3338608322557929,1.831153244311606,4.421865900611238,-1.9496001465886064,1.826769888905606,-0.02845519440197344
15.126453918317253,-2.056312059451412,-2.3848183238272744,1.5322819077398804,0.9662825534512858,2.691518866632788,3.202961752757261,-3.536986444319957,1.0672561888181065,4.269355505529343
15.806108194572692,-3.3268594976395107,-3.41431371039556,2.9469291547974086,2.8329563898711054,1.120891651094309,2.9830878917911527,-3.3080043209526937,-0.04142867655202464,2.3224866347381123
15.479835839772683,-2.8273993232263033,-3.456433306897613,0.6891793520303323,-0.3100178174419215,-0.14349952876429242,3.6080130791481735,-2.115320970441723,3.6742982973480576,2.824994786020521
14.851390688249717,-4.610816178964931,-3.0750500679398165,1.459566428197776,-0.9627792104599278,2.6424158455343454,4.1566569463049525,-1.618556881928005,1.8145767773616277,3.6808412151117955
15.345289234262685,-3.791488734097369,-3.166737367487868,1.516829803241921,0.7226932635277943,2.3389946242756503,3.171558404901415,-2.2935739238732027,0.769668132316616,2.8479877388990276
15.183449281892871,-4.155993340888008,-4.059747588372179,1.0849959977153012,0.37700017289099513,-0.07341126895868597,6.300666661347261,-1.1571038061985603,1.7534308241640535,-0.6340955230003864
15.618608807980738,-4.2751087318768795,-3.2421164648241856,2.752876352082929,2.1715543080682997,1.363932245065461,5.233575610391333,-0.4586654523484903,1.9081298851432462,1.50705866476436
16.637307216128995,-4.5569277841586295,-3.841048202192926,3.36970713637663,0.7580037119698426,2.210688672635305,4.91007475765393,0.18557446929575883,4.099872133178464,1.4048337942233025
16.750022130629848,-4.304148291425186,-3.6804565421126627,4.406045265230045,0.491889900468839,1.4607183899529594,3.6977270992994167,-1.6140519454462936,3.9027131523804233,-0.12999359480166794
15.459864525060524,-5.007161364813415,-3.403765625520844,5.215815003147014,1.7872865251487848,2.4657887233256113,8.34719806812802,-0.27133640558863187,6.015256196527891,1.034581589509938
15.983246330181892,-3.606175386841521,-3.7839772409583903,2.336386302479604,0.7549817105850521,3.8284831741160876,4.2238103654270684,0.994783142162448,2.179405636863602,2.1133203879430726
16.081087315147908,-1.7111973903011648,-4.795984959737646,5.387138992843536,0.8886790109264204,2.359915125665868,2.3787989326080425,-1.2122625455195501,0.11838743368007569,2.1569310122879024
13.30797548142892,-2.9587311668938043,-3.9474394229488876,6.371433162963391,1.7550955392782785,1.6748601213010659,0.827976255174972,-3.5246556867209016,0.4946475494429183,0.28180926151373836
15.286053098529981,-3.6233075522983467,-1.4197083677322713,6.343501171061068,2.4619296381282507,3.720370729792354,1.8740342797663443,0.21988243894873455,-0.679587688809947,0.8750395598246941
15.713842769338735,-2.0572441267389836,-1.9205534947616711,6.11653867440173,2.2669335765124328,0.7769945480035464,-0.23831179562968913,-1.8972284441309992,0.25054317173086155,1.5335099269501626
14.367607417461015,-2.8784220169610943,-0.7423304278008814,7.0572299561658545,4.266616410333546,2.7036099460827647,1.1639804617397171,-1.4193376558893613,1.7310901616127334,1.3459794120446829
14.71165290392291,-2.2208304355982893,0.2624245494287931,6.966143246148054,3.046911977771261,2.80907889462957,-0.7504121150967422,-0.8475658765686456,-0.2370780750061283,0.47789404369706656
12.949593034762364,-1.394170600954888,0.19350734064348699,5.612119631032533,1.760096244370327,1.4698819741244387,0.9892356971849077,-3.5214051936635764,0.310448870006078,1.0979241649032772
13.821070892056031,-1.2217949841042783,0.5132906554907254,7.405470995598554,2.302070016960034,2.7438544399488944,-1.3516673000716712,-2.355622264245342,2.1799495265919377,-1.3136243422298501
11.766065492147293,0.3427425013630945,-0.1695164581556798,7.87509023936838,2.3984368934878737,1.2362729920171496,-2.644385730713016,-2.9956257489671914,-0.6435980465755566,-2.4917348941959947
11.81547603947098,-1.323289053608834,0.850545578927706,7.294443334359225,-1.3693239597382034,3.228456580330284,-3.1885284880600375,-5.196694402666573,-1.317584230788674,-5.750292790349139
11.542388496843973,-1.8671898972613639,1.1999967907648112,6.629464890587353,2.5284694679670867,2.448936718318976,-2.5081866933045065,-3.91207894635342,0.7070762644233131,-6.097636740780318
14.109420619518446,-1.1261987366339894,-0.46685502191003464,9.205029405390308,0.6262675642360755,1.2477687709283445,-2.3349414145336285,-4.322687012636502,-0.32559038671500157,-3.783871841091135
13.175074958975783,-1.3900461704190572,0.8616967006373785,5.58886607605364,1.0356231541397285,3.2184256026176232,-0.27442319907994944,1.3658970028972657e-05,2.974464897352524,-3.249798043606328
14.239478320301066,-1.9312918754692172,-0.5856825908308838,7.202385781284415,1.1984997565647562,4.136173076200398,-0.6067064900505674,-2.0853691533997525,0.8292513093948789,-1.1286118454721705
14.595383581365335,-1.0182400440501653,-0.857386143283893,7.311202710599974,1.1897990820281592,2.1746651170873372,-0.6367822495342409,-0.6303279942790168,3.454406870498249,-1.472810836800125
14.008652700891151,-1.5230671839119243,-1.6140817810519201,5.9863334639353605,1.998831332984794,2.9169324689017575,-1.3916642483876138,-3.500147589352078,0.7358481959365968,-0.8658713800966773
15.803296132980988,-2.896345479509171,-1.3745206596527,6.394943218271063,-0.7526369442451838,1.6945469069193884,-2.0141189443900935,1.284830970551111,3.866020794581133,-3.283914681326424
14.257272904069021,-2.64658842034276,-1.872809198120317,5.926883559517253,2.15998746293685,0.9388026965410425,-2.8604048329201994,-1.6588326890745877,2.012683116588231,-2.647371847754911
14.370784877732234,-0.4208673177647665,-2.92314975105077,8.04808629511832,-0.11216603232893821,0.7787093569712156,-0.9083195979239904,-3.353394775617208,2.4896387986412467,-4.725802389930955
13.414518964966756,-1.6468299015427241,0.33417718626133197,9.3710958610719,1.7620804503815963,3.1593703358621186,1.526969457001372,-0.19380028893446133,1.8830390482219665,-1.6616419704810879
14.713154227774195,-1.1905645039229678,1.4185374334019951,7.477158623084041,-1.3924457026776103,2.3648148228080594,0.6099729230960099,-0.8779835912614916,2.488765334462988,1.8411909339837447
12.46523009107794,-1.814957570234618,1.6019519410512557,8.23300598035097,-0.13427395093314476,2.6649240568452743,-1.3078499403925046,0.49480048769585994,-0.0016294401273539423,-0.717737553888655
10.163880486525942,-0.6388471424843442,0.7738070437557978,6.683987311472508,0.3867623928602824,3.2193532492501427,-0.3695485937015685,2.8579667616557294,0.9526665816471314,-1.132071173795868
11.874242422167578,-0.6740851844485413,2.12188039900728,7.94941836484518,-0.5939772638659685,2.3660833204025797,-3.0979630589982765,0.7143785161306598,1.696849444948314,-1.9856978609639138
13.313444209675207,-0.5583665985530444,-0.49656306656071303,8.208787653823743,2.56644669419519,4.560819097971119,-1.2913701009560576,-0.8383661570395959,-0.21953648039469675,-0.3763499017656084
12.268636067641268,-1.0602928035845613,2.302174307449745,7.876081808759998,0.22387482391669533,6.199357245436105,0.41397970221063335,-1.3536742096851557,4.633345459478,-0.7810827286469454
12.878506659337909,-2.0116430528428,0.7863896370260324,8.34657569370024,0.7908424070467778,5.894605958407036,1.387583059665719,-0.3877719315276023,1.902282810090586,-2.547199685325161
13.592621314905914,-1.0695947616093828,0.9798338914425192,5.927447424014522,0.9502847449743795,4.562880258900455,3.2732491073413224,0.8761574376852993,1.5346898118288392,-0.5708952006829515
14.613653745297277,-1.7298386339401985,2.0239073417698514,9.914941903333611,-1.5128898960009614,2.5981357213564236,-0.6941383007486724,-3.1847489202351205,3.016967898334616,-2.6717026442445606
12.783189346218407,-2.140252459442622,1.7295582628973716,7.97060264282118,-3.425985049823374,1.965055037783673,-0.4658816098723642,-4.2334944976685716,1.564451879789573,-2.8466938094319576
13.416610373400674,-0.9197084303251596,2.639050719428985,8.679331386637687,-1.8827917075425757,2.5830860075117585,-0.8145956664333602,-2.14420106175965,2.626651216872967,-5.332947305984694
14.92316119182584,-1.3521002712787344,2.3275749387627873,6.557478175978587,1.7793870542368855,4.399791287925694,-0.8190992364601185,1.1398149303091847,-1.4039726068706067,-3.6374769612454885
14.171596288163045,-2.081717246022159,3.175478603693408,5.948107973672954,0.47408702008040643,3.8881463926384816,-1.5907887192310044,0.7892917151428621,0.5495493394125341,-4.046506716821495
15.063421524561972,-2.532572823215893,0.895590235971969,6.854467203732033,0.47171413512185,3.815273198975209,-0.2561269625178892,1.7653927666384244,0.2861218292646967,-2.038421466609952
13.90430068702991,-2.74219113492114,2.1380210305318617,6.814895476987259,0.7391470063453052,1.9405731337846395,-1.14423812647645,1.2594359948969456,0.2632527768333887,-2.2761398667251127
16.333731575602233,-5.035041245501327,0.40244574642603564,5.838758192339767,-0.5070970338246272,0.4809743873930449,0.6478105465394608,1.6819968333046977,1.5692898990004072,-2.165170216004239
13.362732464914894,-3.1230934931677563,0.848584295030136,7.256322604622092,0.08127924364394856,3.6737074986516682,1.2208472038144618,0.5935038781034403,0.9557101144689119,-1.5778963434960755
13.822329914088852,-2.112980651196425,-0.1091870940513922,5.566913889937005,0.6350533842582695,1.6705181992699873,0.5523073690468231,-0.8943758446053299,-1.0110210574435836,-1.609786957192624
13.978168385071918,-3.309541257015452,-0.7808027485137412,5.5489017697124146,-1.0753079599529989,-0.3698722686375567,-0.22053118697128155,2.4427769431964292,2.0727571418001745,-3.9826269365503957
13.632643146554235,-3.4973980133506215,0.7555787867639193,5.509836662195747,-0.5698447901885083,2.5560567581192264,0.4948115772574391,1.6687078110035707,0.8095516175099825,-4.664648169581853
12.13233385490413,-2.6397996655127747,2.0803183299823966,6.016428143474308,-1.2539793749152859,1.5271589244245045,0.15620799137857633,-0.301450025813239,1.4465551247606414,-4.132995206648055
13.49961426231253,-2.406871419270956,1.6055431629282795,5.256967181024652,-3.826341301201746,2.7742560385684185,2.4829814854895784,-1.2555770235273898,3.673918032266453,-0.9343121754493701
11.499074327522639,-3.0456570743806517,1.4722694318144112,6.157208428722154,-0.740685149064593,3.193338876087864,0.44727816690154554,-1.0434687954629622,-0.03878650754495113,-1.4168109226352321
11.470408346896264,-2.0207346222521774,2.72649204763642,6.601893732026615,0.6361500536070677,2.703056729524222,1.2991311357103217,-0.5205229759524121,0.45118831672422277,-1.885578984835988
13.023552329797933,-1.6467742219869965,0.4062647921011633,8.083118965958345,-1.2631714848127087,3.1778690191791203,0.8976031888655162,1.6190764680916647,1.8393518574035768,-1.5464215627815423
12.891477791101886,-0.30257454771157716,0.8029077537386617,6.751754845334908,-3.4571146984123775,1.6129364638174732,3.608016364911505,4.240415293695786,2.474681272992269,-4.296617740845022
13.666495292935377,-2.4404761853776664,-0.7111651298267143,8.958189022511,-2.1620718849140443,0.7948775408084511,0.43491809420872135,0.49111870471700186,3.1811814133048237,-6.310970044723367
14.190486060840428,-3.009631798809913,2.2942185934764767,7.726320860686005,-1.6156458168297876,1.2490346028824646,1.3554468786890064,0.2158496934985458,1.5867690341010612,-1.9909604867974844
10.49166342327286,-2.3558315707773407,3.4790476763524625,6.393853954766561,-1.8103359161846917,2.433718363622412,2.161086619620185,1.3260623229280208,3.0524166174756133,-2.8732299859057635
11.347414138216724,-2.9164148526113305,2.6962831036374877,8.7632802358378,0.022790123650202023,0.7864274045773018,2.2273707976613233,2.3595514609274044,4.04199370088065,-4.555684002301935
11.742456952566213,-1.3513083109788078,1.8569142922155146,6.156320241555209,-0.6903939273139864,1.1728024833441668,1.4089577497120525,1.8830303981984233,1.4511046143753217,-3.235931156036863
11.933991725829683,-1.4074840110148283,1.6580712491217906,7.809621925376381,-1.7899712450672447,2.450052158568158,2.849938900950049,1.5279070718828187,0.8061569851985362,-5.046860056277574
11.418559387927655,-1.2351630428654072,1.786734058205938,7.452031398748078,0.7636298565088361,3.7910985876350454,1.7411700844347346,-0.248386859224577,1.1311245000527212,-3.7055665413555396
12.898809362219978,-4.979484823002935,0.20727080503881154,6.368196651263653,-0.5592912533232897,3.321948409470494,2.698815986767796,-0.18572648505828984,0.4933202589208344,-3.1553586520467185
11.916799146501686,-2.149219966972872,1.2342309620551044,4.4603134044154835,-2.6672294535709273,3.2750749846649976,4.310172765728623,2.1928621467649023,3.649440729248748,-4.775982528984678
13.314498187829432,-1.4924024846905277,2.8052867282319465,6.610109481440255,-1.3577274816533476,2.7067201940725507,3.651527257004672,0.5864220901291206,1.7116128373872355,-2.493570634662854
11.760037278213941,-2.929873965755252,1.6867861127465857,7.7178789180003,0.08280001213310595,1.4846459595742776,0.812358376048229,1.7835241407638431,3.1165934344309587,-5.640418475224709
13.621745777069933,-2.2077371940491433,2.108703219894446,7.927186359940397,-1.4708887256402092,3.4755440887367586,-0.6343260047053483,-0.18095340957954895,0.9481963372593757,-4.050393061973671
15.132327976811489,-2.54183640536811,0.24653166367381044,7.46063526780445,-0.3270234557999096,0.9795249038907853,1.3869270164313914,3.6604050091883504,0.8533594299742614,-2.2650943225256466
15.591332015422154,-2.2007957942238385,1.0644785678526618,9.216760281852522,-0.40225103089563335,3.004694684809658,-1.7982301292865686,4.399401467316957,1.849301983869958,-7.830886511940002
17.185264588569513,-3.210449199610721,1.98084784122305,12.46679923586162,-0.07320689504104748,4.60267913276505,-0.19896741513970884,1.6675621853889158,3.3374302736352726,-7.448459477867878
14.036986819658901,-3.7629536219562274,2.1468951386380475,9.829853790266114,1.4749302161251234,2.1369852860146454,1.092935978846749,0.9574075078910539,3.9434806175307306,-6.903858221172036
12.950141898821276,-2.9996495100556273,1.9991195581573646,9.849534899919492,-0.8454658860660146,3.1422531622287466,2.766451809155146,1.127972896552518,4.077983873383494,-6.270340895063215
12.839530886842425,-2.238961034698688,3.0433987091653756,9.164894424223,-0.19841889574503777,2.758786437147476,1.0243778920775575,3.070286049434518,4.286804548468801,-5.013477205138029
13.1510859551465,-2.0280486190048133,1.6255767572306392,9.481571950055786,-0.15029333578037257,2.0585032565150043,1.8679134510493125,3.579038144695407,4.7247538421789494,-4.033204897023377
13.363846122909022,-1.4686814198660518,1.7238686942708414,8.263405172851476,1.7178709147853688,2.3491195150530473,0.11671219090018028,0.7984466560408566,1.4229414757268208,-4.382350372136667
13.442829667065224,-2.5027862781488617,2.8135398562425573,6.535026807142064,-0.7587348722259747,0.08393498806365712,0.6297617704794205,2.5094868559059487,0.41302355322131173,-4.281168968102913
13.195905678451703,-4.671358432117651,4.134285387725873,6.331474448413364,-0.5754309624478829,2.018664982683211,0.9023496465060629,2.828936476479827,3.0365353403246846,-2.484479374473699
13.309503972389699,-2.8880923406963195,2.865006934643933,5.338016092638856,-0.5155603776097214,4.2726334791514295,0.42047244382810534,5.467820142877117,2.132319903675668,-7.000391833543647
15.252201291376373,-4.104039279047365,3.3321272244565954,7.530918758692536,-2.3206292896366496,3.3329063672971846,-0.14227700920866831,6.112494424442478,2.4325425224748973,-4.727883442684239
14.630907753183795,-3.910345921030245,2.708827064070824,7.098211157801693,0.4152686805000491,1.3574124365506954,1.730259774876822,0.4843075540707069,5.104941184230873,-6.97655988181049
11.818499479491368,-1.9965432263731546,3.9226304366632236,6.159424499434164,0.08134255965726392,0.7800053467189778,-1.4811787281866495,1.999240375585784,3.783033070145046,-4.7402890678095195
13.635220133290789,-2.3441292254819723,5.033492491302236,7.534250683439884,2.0123690906963874,3.1575225164342866,-1.2760465876734846,3.9910851601346833,1.7788778106431593,-7.12580102811968
13.780765690029204,-2.45568219645332,2.9411584515450597,4.868013422597361,0.09039077248709564,1.1528132569616776,0.8025062949475391,1.5174929075175834,2.619018363796676,-4.1648197095893105
14.056316169753334,-3.6465361989596254,2.507019866280895,8.922973425573469,0.19069089174302703,1.661223291418372,1.301970341155373,2.614684406756701,3.8179715668156726,-5.836218284504302
12.307835288490585,-2.0555887226277627,5.577025894591434,8.067886726943849,-2.4329876363950707,-2.2445101007660258,-0.7714366141839297,3.3724110423730758,1.2702212569982616,-5.190473109973855
13.871370173352263,-4.409179884417261,1.3293581604299365,8.07426230130873,-0.1383322285131184,-2.107107886073687,0.10322113328939547,2.02546384958902,0.18534087987257442,-4.439980020614279
9.476655452738807,-2.514060653875302,2.4717694386639835,5.052921501870671,-2.4742424537865615,-2.926157747196333,-1.6636292386519969,1.0113347323285227,3.684911898187101,-5.707407507560779
14.295935376638196,-2.309595276890196,0.3685296648991505,8.320041356800697,0.46412750511031786,-2.2034436097559653,-0.3404328605992337,0.26095046908254155,5.198443037425648,-5.515640011377884
12.97631526062003,-1.9937668887136288,0.6928089513403077,7.572976259348568,-0.29015873361753686,0.06588780210795511,-1.6839176114535488,-0.1953596080136086,0.793728750064358,-2.209578657106836
14.153109216325117,-3.7193460669242686,2.470142195939838,7.175298554563668,-1.07992391320606,-0.5414834276455028,0.34882934474645455,2.8867006198925274,4.085761152745649,-0.9992647542553867
13.271787405644204,-3.1111760528551846,2.8610002663306426,7.890977940899589,-0.833511506625673,-1.1391863441100243,0.9611520324774776,3.6933738787949943,2.149924569967924,-5.196428386647093
11.183797406096687,-2.0661736950253946,4.401245250002165,5.760639559995159,-2.4190335081289525,-1.7199431686451698,-1.5288434855003623,1.9618977116582026,1.4007741164824348,-3.4673266030430425
14.571360135022877,-3.9258352450334524,3.372574918880118,9.803778384252725,-2.11235830114362,-1.9393619387020862,1.2809701166697993,3.6309435739078784,2.159427149707458,-4.829356838996803
14.268523612657031,-2.553206271224024,2.642373843139722,6.99500934067755,-1.3860357837787523,0.8732078994236775,-0.7165286694691394,0.7027006270768634,1.404791432060003,-2.950094665777261
13.60093308707477,-3.066525830165295,2.296728234705661,6.9797766847047455,0.4154255283041632,-0.3008580428948037,-0.8693382078504861,1.9187268703884206,4.1895094653557905,-1.2975735060150337
13.557332764954118,-2.040780969281221,1.733096444107077,8.530134311748856,1.4584225239602764,0.468071281726028,1.2515163244227987,-0.36186964523413523,3.5744009499953635,-1.4164959347870414
13.05449464783248,-3.10928376537766,4.004188258873625,6.8126767547158895,-1.7176647817355581,-1.633551392569759,-0.2609068432897776,1.7966506166173428,2.0476518388639566,2.584405004215597
12.232800527480462,-3.718810302581333,4.886918621515366,4.764991028016082,-2.2094271718167056,-4.274777178957807,0.7481868751227303,-0.22547617373531237,3.674966122826871,-3.9574123651018045
15.151064667641348,-3.900089825782574,3.460484337837361,9.476179722127572,-0.26446776672675876,-1.3163938247885916,-1.7252217504932825,-0.3808943085626414,2.5309052259495273,-0.6332847870855445
15.273078475288028,-2.292227198204842,5.36099787449179,9.546598730490823,1.2078267040482218,-1.301659330019424,0.9382529853796551,-2.001615656210451,2.58230179080808,-1.2476921807605497
15.666267134158206,-2.4834882879506526,2.3721543547496253,7.340996576243513,1.3152585123186096,-0.345494438194301,1.5327535988579495,0.4856151506862549,1.4001519618410234,-1.559521486202922
14.26233374782747,-3.3663224657294974,3.0920674129490684,8.121576483340393,-0.0911924742826227,0.33732907653555727,1.2118049901984553,-0.967280469391993,0.16221595643787307,-0.039262147786585704
14.802486520046768,-1.4920281789192715,2.7072711043578632,7.499993793657156,1.6150685315879907,-0.11502161884900705,0.15295586707807327,-0.5165976089120168,0.6354532231226789,1.3799030524320364
14.90830716189579,-2.4319347134634275,1.6621726741735088,6.466838637507595,2.508329256131099,0.3538090896894918,-2.1777528426525232,-0.45167914575380225,0.25151660881879767,1.429890808447169
17.397074039245247,-2.0595946307948347,0.1980486142555816,6.240408145695974,1.2410765197318654,0.31288008649446036,-1.8933875373276732,1.1738888464299764,-1.5012904507188463,2.4768703853223175
16.31003519583197,-3.929779329015866,1.2006711720112082,6.917555694555028,0.8052762718213949,0.4915995629425135,-1.9421771599085138,2.892910023030385,-1.5212915380363419,2.428600091420463
14.24134354625232,-2.3378583697251965,3.679912241622703,4.833245385367541,0.5920481148020729,1.3758226683449846,-2.306224178824375,3.683320458225748,-2.209331823328984,1.169429134317742
14.929194883278772,-2.5420239809783234,2.383491908657154,5.594226765749098,0.009403748115488176,-1.3535112332842716,-3.5254100982923875,2.8877315234408254,-4.661183800043438,4.295236821988847
15.877594535528834,-1.1426836123806143,2.288379115399147,7.396873646972223,1.6867838484706277,0.6756259490470186,-3.656372994440067,0.4779371360109306,-2.938336234458534,4.7527916978279645
12.876169301821168,-0.030167755469928434,4.507816468597514,4.841998406928875,1.523584114404514,0.21225591396181898,-3.796774749688321,0.48814602737172624,-3.0028706849165903,2.785856051828848
14.371000571206725,-2.686317213685046,1.7120414785702105,7.946528263029463,-0.05036075574788766,-1.0394938517475836,-1.012457548923016,2.3358638140592967,-2.1970829285151545,3.3864838229335383
15.430180692584925,-1.166627312753969,2.583287334531354,6.675541604733479,1.152954245581766,-0.5101462382321682,-1.75165388914794,1.662116010628334,-3.2187098677992587,2.5482116248472715
17.771103999779452,-1.9282624344627326,0.5656629833822577,5.134119952684104,2.5846786707331573,1.3293877372041,-5.000802260670588,0.4515098604583245,-4.784120040074962,3.3933021022237835
15.48889187247224,-2.37940844163499,1.4093641841108202,4.825670529087687,1.3698124525588087,-1.8012058506712711,-2.789454740080037,0.6004709374823224,-2.55694685526534,3.584315839038338
15.362471822224412,-2.7328828972741896,3.361632101260209,7.667045675223666,0.6260938040072068,0.40030467885632376,-2.612960146188375,1.6633259633664836,-3.518689334210441,0.8488876920434063
15.898687394196292,-1.0994564538365974,-0.22085450682951738,6.6813977821970445,2.407780401907675,-0.8734127222973409,0.12210912580225834,-0.5258622616502996,-1.1491801661374594,3.3081645775309934
15.308086977958435,-3.0717901143688238,1.6184393818528033,5.575620258080554,1.6051126999825054,1.9846567563411344,-2.3626787560867037,-1.0321786295738244,-1.8026251159536733,5.202288910675602
14.190895912344184,-1.3322567557105218,2.318681215894146,4.943556308704804,0.4127437221395174,-2.2912647618336224,-2.441644657030606,0.2985035870591028,-0.505172591401921,8.148842187448903
13.798810773006277,-2.342966522173361,1.9799935903916015,3.857802335358437,0.07793611010566176,-3.3680892013294277,-1.1145525367497597,-2.557066626368301,-2.0649766652015358,4.768931877241447
15.352712289910109,-2.7537462005569657,2.366690239654313,5.66570763224654,1.2431669653610908,-3.549710694168478,0.602566387368927,-1.0668981447627313,-1.8684747162833182,5.028255012624775
15.385766670053421,-0.621188675103685,2.5185974118568955,5.789706067430489,0.4832894469110167,-2.3646111800237097,-0.18846740780729124,-0.8943152628633364,-0.25998403204224174,5.095120388823816
15.964459868536395,0.5605785877665198,1.6946420094303531,6.408085343346687,1.067522138346479,-0.507852366211661,-0.7572724324247341,-1.53542690723332,-3.677986132861238,4.70053800005486
15.765981351020228,-2.2378113720648556,1.202732972554891,4.132564921093353,-0.5391446320544314,-4.172104087878339,-0.9355936014675593,0.9830796314097079,-4.063978736653936,6.873749893472552
13.747402278504692,-1.6212501452478656,4.216768079407024,4.441146803510175,1.2419576579550116,-2.7047265220889964,-1.2112186269498029,-2.596082462710851,-2.966310305590326,5.578532064174125
14.389690038156683,-2.3051903170551986,3.672610069887222,4.461321459600139,0.2133410535100483,-3.516117974083078,-3.1131489866870474,1.156690023481683,-1.9974778245243547,5.1343852432619155
16.610686734944064,-1.3202565702452576,-0.05237452843755262,5.287048907767705,-0.17675661563645648,-2.2963434814670176,-0.5386949781951088,-0.4163928582178651,-1.6716241262540192,5.465041215900095
15.111011914155172,-0.20599229587403992,2.8196454587651627,5.1624472855735695,-0.46878486763185234,-0.37079044481926426,-2.35008152860594,-1.4980071412272864,-3.5549266822664345,5.968255465452839
14.626826269886335,-2.583610882920283,2.945799737168271,2.722984891564019,-0.6768068956131438,-2.7813701851413972,-0.8919379037722907,0.5333901203245914,-1.4275007037051297,6.769773026094471
16.8104698164698,-3.2510122725853967,-0.20609697579916494,5.444919316457887,0.44263500710920056,-0.9181318047271756,-0.5742102365686279,2.6856870877448826,-4.810692094521633,8.611525846147341
14.53463897553058,-0.6682329402858885,1.1687660653408924,2.232097426521493,1.9892836039587432,-3.2637866897482506,-6.395838480380324,2.162425918921701,-4.940453527635319,7.432140885885888
14.789111375227748,-0.37639730480665806,4.383044326751477,3.151883765440116,1.4413411129251994,-3.5083898979560093,-4.587843074128808,1.7357682665740515,-1.7985436876122665,11.782523342681174
13.381297760900638,-1.185689837414964,2.514788157688362,0.40640374658928397,-0.9949086129940141,-1.9994068040572515,-3.8627025158700925,-3.00173467085152,-3.4397869701870607,6.347816025998087
14.611717920578403,-0.19186902928339641,2.433108845422418,1.9347127957733221,0.7074698984750373,-3.6872166586468844,-4.288926448993893,-2.3546061854149967,-3.727950072243754,5.40531732152658
13.19935789845813,-0.6454403462711833,3.66687979279251,3.313081097938724,-0.27280425951264564,-2.509150275832352,-2.554687335764703,-1.9695571717886386,-4.152195169158224,4.631863015512409
10.38187676491246,-1.023966645347173,3.2143103583968613,3.3637794517825346,-1.045900467697455,-1.8324798069506616,-3.6538326532686387,-3.727812298977146,-3.828253290466612,1.3447189546644158
11.507529636601936,-1.9292489069422463,3.486050937675527,1.7077288952710015,-1.3100408836502044,-3.2052734338370352,-5.9632033839434735,-2.7672734385727202,-3.292588537287534,4.880792519250321
10.85416416225117,-0.7611815416614351,5.015257703440438,3.465389817901802,1.3986793295448214,-3.979592547812718,-1.1086247555053885,-1.5682461748660015,-2.7269922053870523,4.328451739910137
10.595851093776028,-1.7309862093848505,3.679246700116213,1.1612969280354555,-1.4493424643864068,-3.224347265738272,-1.7356084348181158,-1.7674531021938469,-3.427509796090427,3.907888279538076
12.738589524780757,-1.9180977033570117,4.497041653693286,2.7157819386671456,-1.3071626175186,-3.0305448490020592,-2.219921107222482,-0.17562287675366076,-4.272577262064259,2.0332589018721747
10.560579844612407,-1.8757035953876637,3.558482605143719,1.5722703749863476,-0.3181546244419713,-2.966075438194289,-5.707276245861828,1.4794603642480308,-5.531446839139832,4.400282941894712
12.349994943274776,-1.8782626959954098,3.089079067204495,1.3443977632127746,-2.6319815191477605,-3.215684378280768,-2.721682797395415,1.298841721990681,-1.2459753387532524,1.4071084754096557
11.984839337938336,-1.5539542872758665,3.8467712442512045,3.666715462078025,0.2723426428525303,-3.3954648064811015,-4.4321848389719305,0.8311711984490996,-3.883779542152847,3.9945571780326463
11.313745286796216,-1.1521379153181728,5.699333026222307,2.081124383262179,0.43685641062301184,-2.930153599103731,-4.003974608121466,-0.8766897282931656,-2.7944393638173177,3.6289399059989234
9.59894089554073,-2.4237726824432895,5.145671940061661,0.7488507990163634,2.024165338147167,-3.395840283293235,-4.877337003396806,-1.6510360902240975,-3.5690857253905057,5.578336934199232
9.66088669639715,0.3038070724017394,5.015531108827518,1.0597839706467378,1.2123631407550477,-1.9936047201062699,-4.526472552827302,-3.6516557149065147,-4.089566092226681,4.711388735424022
11.351626446657352,0.08337870130840119,6.413157187564957,2.229388608216073,-0.10427371459535624,-0.895006405456524,-2.335680689892293,-4.044428930383242,-0.7498578578178474,4.074375971277401
11.967100736807257,0.4127224540785921,5.2196278264353975,1.7127304578383966,1.416378008090865,-2.925660666549251,-3.3819069430707267,-3.619402780805906,-4.174943099449081,4.6821393850689335
11.745882498916513,-0.40781995716562447,6.082109836120371,2.272281136598997,0.2932231877618075,-1.950031640575334,-4.618345227699648,-4.930168530305927,-4.043384563449648,5.268502917968742
10.990925562140745,0.7941894588655771,5.448260309781431,3.2107556348494826,-0.10447452711313814,-2.126891459246613,-5.422540432746635,-4.500445374425654,-5.038164491417692,5.842143278506395
11.735619205677674,-1.0867389033044568,6.062513751373431,1.591565800142432,3.286984283271654,-3.6399029029485894,-1.9582406480100618,-2.7403657395844845,-5.384678988966237,6.133498163468933
12.821268282293337,-0.48035668610398286,5.801714952834109,3.848068640607007,1.5761502820661635,-1.0985940411091406,-4.977099770682655,-3.0402538376857295,-5.017215679452264,4.850847926073518
11.673638820479413,-1.5741095898122408,6.626031625333698,2.9741621879322904,0.8500208261308619,-2.376730966487544,-3.3247859330735103,-0.3350772993343714,-0.8311679642961882,4.956713787181162
11.474630388947336,1.9480746091259142,5.321113087099797,1.2004192936184686,1.4189764007069612,-3.591304960249481,-4.99900483109778,-3.4964382397314826,-5.1636726035934855,4.806051337829882
12.344272063023938,-0.10410636860063589,6.0099602490508435,3.4424521579500795,0.4516222382448493,-4.263638512012334,-2.0905435410232602,-2.959948245238114,-5.045049337967656,6.2696872898017375
10.051013624259989,-2.0147212496309383,5.989242384229665,1.5420159630306953,2.3338059956595543,-2.8736386880056646,-3.637439141162845,-3.6577623972760223,-5.143983251519258,7.0263676176019825
12.327457768521718,-0.7005445950152206,5.549992413488687,2.5761736049373622,-2.139093394077882,-5.119827034122298,-5.677302718665982,-5.968451403799084,-4.278816117648318,5.93209737451965
11.828350598909651,-1.3638659692317605,4.056618498855707,0.7828218527439612,0.38171983811253196,-6.852236337587277,-6.39114716298469,-2.696704200422193,-6.24149450583938,5.916780933492096
11.135633738649975,0.9344621267738435,4.193681900820422,1.9960615419494623,-0.34104530002150657,-2.816840894069185,-5.083172066803749,-4.961732733840143,-4.530866362588316,3.939481735828108
11.330392226089907,-0.7318767047273779,4.360620994683507,2.871225615361143,0.3453486282025228,-2.3356325374699476,-2.137114006813769,-2.860183077896223,-3.191527597831605,6.113135916612916
10.028006169120017,-1.3354094829920842,7.286996449655072,1.447523618742345,0.9699153422646173,-2.8167637884034917,-5.130132844173327,-4.579718105172068,-3.5668336650319237,4.844096857166934
8.933160398086843,0.834770511801196,5.161792064489894,0.8418590010009164,0.07589589410749849,-5.382194575390707,-4.569904053855992,-3.97669495946522,-2.8295983224164,4.58056987676079
10.214350326520918,0.14302407674350293,6.2009062794507335,1.7976826677891453,2.7957392398819625,-1.7119115235602886,-5.1746611214657525,-2.5771675816349986,-1.8176315173782356,3.317369273129205
9.322183680612508,1.6491145655050152,5.876045528393021,3.164987631049607,4.230164217800837,-1.8947350179048412,-4.0492597464498346,-0.4732297277692533,-4.325705054099242,-0.6712318873298071
8.970658967365702,0.9101979208069723,4.596883390591897,-0.043403861941820214,2.7081793871042596,-5.383566460547009,-2.7193400163782133,-0.5704802466451695,-5.380817901149485,2.4906387503478813
10.109235773788898,0.9088516203483046,7.019183951143069,0.3135512885294651,2.3958041760821502,-3.055316240137009,-4.929412853610125,1.5438607140855274,-7.008153821109295,1.874914413540824
10.662135001027341,1.127478711338388,8.361854775497811,0.03636089632330522,0.6720781450220862,-7.248558797587784,-5.651299519120845,0.2884781616390521,-5.044036715324483,1.3319892382159344
8.735473274303452,3.131806795392871,8.753249066606246,-0.5630579809900178,0.536990121541181,-5.391968669968258,-5.482762225252378,1.2974854345874878,-5.250605250052645,4.088299554531509
8.707539407585275,1.5270196766995183,6.880610806637217,-1.7530472696135067,-0.2784591418543524,-3.778729602546849,-4.347303129939319,0.3856547255769656,-6.584709233679693,1.4079346824818837
8.019655490106562,2.2258418045869033,7.229218530576898,-2.357658914961758,0.12640203696476748,-4.083847196047941,-5.927965906223499,1.5875289681930216,-3.6475738696440323,-0.6713835224926237
7.961847722020619,0.9571500355541822,6.652836102807846,-2.3921206708060185,-2.010422273603673,-5.2997992403769,-6.66046495930077,3.0591968904599183,-3.414264272946694,-1.9717456371202557
7.949299777992116,1.381703040864499,7.582324602546638,-3.310569463132898,-3.729294860576111,-3.8542761055172816,-9.20071586215931,2.3167490274452494,-3.526898875041949,-0.2779996567636483
5.5797092427762935,2.9018446116886847,8.217357343505451,-5.25355065759533,-1.5106680808301758,-4.254214297037739,-6.658664788566489,4.293791430644736,-4.333354309301696,-1.5656799006329922
6.496643822066862,1.1361626451870264,7.938033323773586,-4.40728720367034,-2.292567180339901,-3.167255577093676,-7.1170679925293685,3.369599445476656,-2.600426871537213,-1.3589334215959676
5.071574120402247,1.6734605249016017,6.85239094491232,-5.448600497927029,-0.4920202408309833,-2.01522868459045,-6.098488013473459,0.7886058515707548,-2.117924483232558,-2.3854550136852306
7.381042019763767,-0.029608633129213004,8.69807963730756,-4.8756797662148905,-0.6489993478670103,-3.890141645233624,-5.8856563905303245,2.692396457628488,-2.4265837066772953,-0.7751767734687142
6.132102169071081,0.36703626687391366,7.137295947566632,-5.209607579635775,-2.1784921780583972,-2.113276600196407,-8.445588124656664,2.013885424556411,-0.08834383582886082,-2.212485306372084
5.719932735252534,1.3348487314428927,8.049097013923557,-5.257584800074177,-1.5317481024962258,-3.7398254932331705,-7.196431750200508,2.1565269243498766,-3.437928457528497,-2.95446100517334
5.811761254327898,2.304503125644703,5.3788041922663705,-3.2571008975133715,-0.9594085261606431,-4.406698558778169,-5.779501267462271,1.233301181291246,-2.814341853449164,-1.9806563443372505
3.6653070480286756,2.124408278975329,7.139423814493329,-3.269640089510694,-1.6394459475565553,-3.1871854760584606,-6.991003742025651,2.546993918294793,-5.387421830743479,-4.106085230732689
4.938804253732017,1.0399436055511175,8.890108614449543,-3.106681634045931,0.9635985073941525,-3.4118553811531025,-8.566791250354779,3.2579483351534275,-2.494293793138546,-5.011570130756696
4.595486700155453,-1.4351275569007815,8.130851755880178,-4.105441570803472,-3.0187512989027123,-5.485912649223503,-5.407897162747341,5.151405921950326,-3.9304286231376437,-4.030994090974629
4.965669026659358,-0.846435955116076,7.506704590996536,-4.452662763854649,-1.9025041379151233,-4.605564064056361,-8.823766129837075,1.867550012756798,-4.118301513518158,-4.075994116718687
4.801943166817384,-0.10315117380027987,5.122485237590621,-6.92244224812982,-1.5371797543015842,-2.366172861072242,-3.9074792492290578,3.743534161894502,-2.732602962472825,-4.181494405319284
2.272791917665273,-1.1049823469983286,6.940378116457094,-8.23637069125668,-2.366879296842387,-0.7587640985033265,-6.064853546873545,1.100372192848972,-3.782469875288092,-1.742613025559673
2.0253035664197085,1.0525630092844032,7.338438779718594,-8.186783457432302,-2.173697140240691,-3.2267618328961607,-4.315146893734012,1.8069560034896601,0.22467936002672778,-2.0786961171451637
3.483777774319159,0.22817676048728927,6.821482009773574,-8.508058422134473,-0.8344720969680551,-0.4552616380531139,-5.413791266296209,0.9722111631820355,-2.4247193519191286,-3.9705709877466178
2.812527538262149,1.3656388171861213,9.492918803892564,-7.272611179410769,-0.31284736649081824,-2.0044567912747713,-4.865405883842331,1.3135636868598626,-1.6183134148821157,-3.0582084975433284
2.5859721708299155,1.0872570053698931,7.4969604189174746,-6.820270041988048,0.32933649257528086,-3.1614261873588254,-4.48368826219138,1.2752191946373022,-1.877581790464502,-0.9374804943179845
4.7360215210493015,-0.7493200860263264,7.083925336421086,-7.526194934380845,-2.2824186680515712,-3.72880639457147,-4.912729599509474,0.9963657169654132,-1.9827091854498244,-1.8280880310932042
2.9711135875361045,0.7173640111506896,7.659194213754728,-7.364192024277614,-0.07742446604086514,-2.9573367300177544,-3.1489576293983927,2.344492595242737,-0.5178327721663964,-1.1432757134279123
4.328412494936948,2.2583743010949737,4.851619782586459,-6.561122933444307,0.47440930122307806,-3.0883425995727465,-1.3451699362214649,0.2694983607588367,-1.8125991751795483,-0.9400031569227221
4.724642354459073,0.9798230314648508,6.768938903417995,-6.137279724094476,-1.2768500111814487,-5.15188049701543,-2.5397005504860988,2.7122342712944576,-3.301435945131964,-3.523568299437527
5.777175142462628,-0.4902787299979421,7.37013752205049,-4.686859561105517,-0.3373548180911128,-3.500561817276961,-3.6226918056309514,1.0933212358156685,-1.6114277845308838,-2.9218873865931063
2.499826253769296,-0.17514918379404304,8.31386501535072,-6.203910495883793,-1.3105729696392476,-2.4846544446191827,-3.749339455591611,2.698309959425318,-2.998243994780896,-6.625811868770421
3.0815085451539006,1.8009831845575701,9.317735180997047,-3.1308319122785697,-1.1437902145598229,-3.5562777198163458,-3.041680018529619,2.0450532662266343,-2.872757962384606,-3.4248208614429996
4.645345815022961,-1.0904313064331086,8.677249376796588,-3.5931715337983814,0.10022764560552525,-4.154398226256074,-1.527443322614631,3.466842858228575,-0.33741057886177916,-3.7004459860721646
3.589364167269347,0.9177171234257125,9.648688083728786,-2.8643638792069637,1.5795802767494473,-2.964578243754123,-4.272404083044434,1.637681414855835,-2.4814901042423463,-3.4799434759592893
3.5504649056100073,-0.3939602235409445,9.304927495522138,-4.948358376951468,1.4600549009497057,-3.9291536199622383,-4.588100283354516,3.4200143070013027,-1.3569916773805517,-2.724689134194364
2.2109886971318176,1.7886616887672362,6.797046910467279,-3.897717246360471,2.1008373442005643,-4.342835141385574,-3.5198168591198344,3.271763345633847,-4.567197569293226,-2.9913172073074605
1.4659441971789824,-0.4586716010038132,8.930243183507077,-7.058594131267663,1.441051185290886,-5.0159794531948485,-6.485991941677196,1.3592221889069083,-3.696835961003929,-4.910986614419639
3.8472210588082203,0.8379621753092782,9.30970201302991,-6.556864202035448,0.6953688512341512,-3.5549580375428085,-4.065472266156282,1.2395862062253393,-2.9069702632106855,-2.6583899716015544
3.8364228105230036,2.8859443613679288,8.049271750813935,-4.365466387690934,0.9041797635509639,-4.984245188350844,-3.516749844417419,1.8464252427638252,-3.406264451697167,-4.546953041169141
5.623210104388215,-1.0180667923271716,5.0285593140859755,-5.12681019806448,-0.8715403395991441,-3.5795719586659285,-1.7731575630568974,4.145961645535388,-1.5369264708004367,-1.6408334942891274
3.186825126748655,-0.8431473863922179,6.170400437416714,-5.58933837408516,-0.2067385212348083,-4.878948327981159,-0.14808677137250947,3.573607889765929,-1.924662773957673,-5.259310257122609
4.3616007686983895,1.496164529985191,8.845544070281504,-6.7192536147417385,0.6130419334042272,-1.1744631300966397,-0.09564931135848143,0.12881432225496908,-1.1258121251598292,-0.23185802377313247
3.2785694188513776,4.124207926155694,7.739263458967094,-3.8803898376944597,-1.3367642708264509,-4.124849653745839,-1.3120013041433076,-3.4463514998120734,-1.9642590873497396,-3.585796609899192
3.4424327836885245,1.7688512582739144,7.075510062766826,-2.8883761406507564,-2.34469859336107,-3.926141151938309,-2.4179143931676874,-4.477675564288954,-0.4808925129806889,-3.076135345795553
2.2215109836167315,3.6046111570749653,8.253184461294305,-2.8460991770191706,-3.133909663042124,-8.105311109785129,-0.1500796786548815,-2.7954289522904294,-0.43623315963019005,-2.240645958520998
3.368964835569026,3.78933639104603,9.439452434438378,-2.8963650298530963,-1.1415479016722365,-3.1910242280438155,-2.6741543258170815,-3.9935294171681046,-0.38316367431527937,-2.9820262026602133
2.9559441749965325,2.166811407696265,8.846735461167867,-2.2806578087029363,-3.151512493562736,-5.20214624972888,-0.2700670684571081,-1.6311910808001495,0.03722162812684054,-1.3485462212192816
2.348186216129669,5.322514735658306,8.948759196056153,-3.7469785196343324,0.4409228276685952,-4.007356062178995,-2.772507228098331,2.4907625149355703,1.1410878149889592,-3.400306225552146
2.94982582999058,1.1725899924755738,9.907184035985507,-4.888472247072356,1.286017450191444,-3.3768334851180617,0.06811175113690812,-1.3374871004750746,-0.5016392831005757,-2.997127357936155
1.8072710359604076,-0.3224036278758794,8.83670978535534,-2.976045808120078,1.4257565874657112,-3.761309854118991,-2.9206617312658607,0.1159269770382989,1.53877339897879,-2.339476912428683
3.3360680545440617,1.4233450799644598,7.997235422934099,-5.161952150110184,0.5866354094744232,-0.9478922493172857,-0.25313573531529154,3.991104227567492,1.3510915319586512,-5.010938495180574
2.7211551151664852,2.5099970847352866,9.580508563310422,-6.2042824668173155,-1.7449776654569826,-2.7006974156222134,-0.49844492921789746,2.965465724556747,1.121184973674962,-2.110143139960218
4.42815430775646,3.1232776868405105,7.967387643627134,-6.058920867845121,-0.9263945862470928,-2.006415666001917,1.1013257912004586,6.865430724782582,-0.12899568622482857,-6.17994482606246
0.04135735983257599,1.5173161340945793,9.227438258482739,-4.337181016482959,-1.1101782359236876,-1.7269034526940807,-1.082100150910698,3.761261576921337,-0.4499828113605402,-5.887763148727144
0.8469867154267959,1.646558146144847,6.566525691621508,-5.500676169734393,-2.0445115370810236,-4.237040838737507,1.9737283793501224,4.436076455656076,-1.425472862353548,-1.4281167044164509
2.626375002369992,1.5460380581734372,6.631272301808802,-5.297242551600301,-1.27577197980114,-4.52686038219908,-0.4658188563098099,4.981048383094126,-1.5914429158707528,-3.2608510452274704
-0.20304167677249396,2.5018401848628997,7.913641011884301,-4.456757483452122,-0.13583306101426879,-4.736679081312816,3.4787303144121684,2.111819855815499,-1.9125546348103553,-0.031340961073137795
0.275451490531825,2.064381802801982,8.880668301009786,-3.2089941583728723,0.989327555604649,-3.0803297439179613,1.1083438812334627,3.431012534024743,-0.6576698913572858,-3.098896048435031
1.6414557412048003,0.7376844614100211,9.7116519741027,-4.616284117544318,-1.5326859687033845,-2.762354512046018,0.6453227263930059,2.9439264040938204,-1.7298952647907166,-2.8478518068831744
1.0759268663975865,1.2336735730287454,8.533638927364533,-7.943639746293617,-1.0628587928789648,-2.333190382802589,-0.4731033850998653,3.5541850279319465,-1.9916696492824213,-2.5728330745769847
1.462228951572668,1.6699900947620743,7.015018129572348,-4.34852735580754,-2.843131637375921,-3.150482545405299,1.4619811258333906,2.6892297745666984,-1.623715657713131,-4.352696844457908
1.87235347089913,2.7895918788481495,10.383412485543813,-6.724340409454276,-0.29597274301288007,-2.650428184361703,-0.11875923261157971,2.2155459574758063,0.5156285021983608,-2.4998760491183596
2.6188552496954443,4.551767391959639,9.82130506572335,-8.091256263582045,-0.2376322154932357,-2.482441684331082,-1.1467599471528098,2.6632408774133296,-2.2617276324909814,-3.7119531811736617
1.0455338748515195,1.8706514641419967,10.731674922117373,-7.3233498312841,-0.5875597995127769,-1.8564550782362468,-0.7938633636250234,3.4260953427920877,-1.3693340110490089,-4.324134978871071
1.7725387533288763,2.814788951053823,10.828057364108181,-7.283856616834671,0.8985613983355881,-3.6052556351693514,-1.3793722026284092,3.807095602969467,-4.007388193470914,-3.483564871595176
0.631587640210451,1.167628881688687,9.896408645957088,-7.406867483564633,-0.48234558710678455,-2.777586979740807,0.19527484286100205,3.4352371515196625,-3.3122113432533355,-1.29055348925154
1.0832055834982681,3.680811889037285,8.767952080513533,-6.310507951329776,-1.9781432253562106,-5.003400250806618,-0.6701551862448252,3.2562487673303027,-2.0882687299383975,-2.611042731516462
2.3142721736359366,3.4227519364636576,8.404102809965154,-6.103177728995666,-1.6366202643902696,-4.143604689010188,-0.8220883444523569,0.06219028148481725,-1.2830150943401268,-4.697665331722587
2.126923500122955,3.765303781833965,8.01029337714037,-7.75066905424178,-1.70475825028539,-2.6547658634105313,0.07062179635569005,0.26137284042137937,-0.6273993334185652,-3.5196412508461172
2.1326952482891626,3.301597633145823,9.203108059380755,-5.773638514797735,0.34958453143542245,-2.4357023112989764,-1.3420205652672852,4.71825334921916,-0.030935489271482645,-3.7099391201719025
0.9844403305630987,4.038996393563155,8.238866306088813,-6.967671626593848,-0.6409243617983204,-2.1688407766777598,-1.1155980532617233,2.516103629239423,-1.1439510561099926,-1.4428369763980966
-0.7592923720968797,2.846748144422766,8.369228736836527,-5.86489729026757,0.38563466308041594,-1.2184680278968267,1.7946707548062928,2.8146323782728615,-1.2625741273214035,-4.800424301296555
-1.1468300738199435,1.3981741625480648,9.214553678384895,-5.732371779740585,-1.8161331008484733,-3.892211888904243,-0.6598010246495076,-0.47957331248118806,-1.6442433663338336,-1.4014970030470668
0.5379661961087642,2.747776230052464,5.254307065542128,-6.237673023985891,1.9140576552357638,-3.6279035182929755,-1.4782519274994956,1.2743350013695667,0.2829600998695792,-1.6569562587523152
-0.545896400735681,2.930270072190794,8.535467005269137,-6.495275293210576,0.04705648580506949,-2.510586658103019,0.32945704857224967,-0.3124363461101615,1.0308895650325252,-1.5907341477550396
-0.21310893778278941,1.961956203062163,8.675648392267103,-5.776840747927972,0.20749525558584977,-2.4112054348199563,1.3604892840801583,0.4732706372622307,1.0515435423596042,-2.1371704433528307
0.08440593601876925,3.71499321065369,6.305270758078986,-7.308950600207278,0.6613963756846358,-0.5602365100839095,1.2456866542305935,-1.2542908990919728,1.9037362347975324,1.5869842349348913
-0.5317283400243271,2.7682654704524357,6.264355536214795,-6.264330849778446,1.0681359002210125,-1.4681211208421112,0.851506057469437,0.6474392950250183,0.9850227163498961,-0.09790018089231374
-1.790230466296744,2.3351720522510493,6.906047963756862,-7.784263932084729,1.2651639403646837,-0.7094926362105004,1.7247588214352056,-1.101358154237932,2.7707587857856444,1.160421108823062
0.26577619682964093,2.879055119054644,6.137804252961522,-4.927282324443707,-0.3659764351922942,0.39153261948083784,2.992307497426725,-2.0281664621937607,1.3978301747163864,1.8257459323891705
0.983843323762101,4.140012509109366,6.245190133234333,-4.78391831178968,-1.067968938569496,-1.6730928634440965,0.2840435419884466,-0.43891352342483814,4.787230072367732,-1.6472871278361734
-1.396437913393,2.594499215673845,8.853379892093951,-5.311808373466621,-0.8803464781432652,-1.8931759869807896,2.6692366117821993,-0.16926291228608656,3.363670867733789,0.5375675193650199
-0.30388797646075466,2.667376605152147,7.487451908887598,-4.246559453171584,-0.34510768730201313,-5.0869297634184605,2.9897591623945403,1.484924016377152,2.477694664477061,-1.1765110276793418
0.44731559647926095,5.011075364919594,7.513227953916502,-4.351221669444583,-0.9171943110847002,-1.683454123047738,3.3743251263898197,-0.7159509917554719,4.019242848003251,1.0256134881028487
0.6603982615132019,3.2021478085572466,8.085629249092351,-4.314057965455982,0.019731420802848197,-4.386243670624175,2.906616612215285,1.2933180677678904,4.824436661953121,4.1658819535303175
1.2898990781685435,3.3081748272592812,6.601555170307593,-3.015685851910682,-0.5856304211941791,-3.301860481150497,3.8368869798003318,-2.138795748286425,4.8426088762380175,1.63214454215426
2.163076521802571,5.025192017524614,7.434031263182517,-4.761365269978576,-1.3685555899412645,-2.7665236610958286,6.776720691117079,-1.3791149266676925,5.6020897149122035,2.6024175302089025
2.1534326927892438,5.399868603223368,5.9862204460187565,-3.9293811897208157,-0.6700625622788948,-1.6407440599113128,3.9816061181610363,-0.4466813364163159,4.597651105893496,1.351362966357096
-0.7908844181744614,4.6758424996815995,6.740754222442534,-7.706907710180875,-0.5299325496677688,-4.859626559717648,3.5013606621365234,-3.1851534359540024,4.06896415802517,1.9660857072108318
0.2682986056494319,5.302275946048719,7.386314319036838,-4.186378568838793,0.9214614151008587,-0.4584800344107138,2.5636430582554475,-1.3937637656947408,2.977410595496759,0.7222813431746167
1.5728654854593296,4.778952025096812,8.401455069240534,-3.6459681019350874,-0.1939302310048753,-0.4804588329961479,3.928249673793314,-1.4106657872938317,2.232164477460017,2.0766409633214207
0.20474654800664643,4.33686228278313,7.44132150258033,-5.326951280484519,0.0404123432585913,-1.866958251378552,2.784003183575615,0.15920414176585745,1.178152576196951,0.9578393119393589
0.5478543924880122,3.571962723105087,7.346097261809897,-5.4531201755810566,-0.9311215960799576,-4.23645780362945,0.17311581778667817,1.8288538557229732,4.239450578118258,3.523443597171634
1.3833834977064603,4.395600447575751,7.131256132473632,-5.35208203982636,0.994933745392493,-2.242194986850627,1.1490552622071526,-1.4659893106016375,1.2652952456169737,-0.2557043532868402
1.089423454543468,3.278205411247266,8.153984876679681,-5.189228463958064,-0.26247958717935443,-1.8598927132341816,0.555669003831419,-0.3105638920922782,1.1821497143208424,0.2512506123071499
-1.30878557954453,4.994264063981942,7.921541786363187,-4.674388083485523,0.22974956345297415,-3.6189026230731343,2.1249345944861173,-2.150891360360523,0.9494545248567836,1.2773664060645316
1.4785736060908612,4.8116517815277415,8.249486047492514,-5.237050610477281,1.5519974347359522,-4.112886251439634,2.8862339327928264,-2.2015597667702766,1.4031617927398832,0.8431472871304759
0.9989040972064488,1.5092329111342195,6.5783207498184435,-6.59969809113947,-0.14521483040778138,-3.3861652862254816,3.540087755628053,-0.3544079164589826,-0.2385727809208139,1.9057083459734565
1.335277621757405,2.2623634806726614,7.961827796212708,-5.941365088219281,1.3028717855984437,-2.408279882673413,3.980264370866543,-1.7056196949227576,4.267801208807352,0.8109021784936404
2.436929413829851,2.2365109552760947,6.708785105628381,-4.806132274725645,-1.3213480884123652,-1.0913174162205794,6.311201018879053,0.28791915895521175,3.755869672459514,2.29548251037939
2.1981980127482905,3.1857840654066263,7.327988847602799,-7.16103990142217,-0.464668465307453,-3.3653295798380882,3.9761882943796887,-1.8967280961816584,3.5127415529997794,1.9978250239627853
2.317673475039525,5.213197314694732,8.193611356186718,-6.346622777284176,-0.05048155658440385,-3.527179249751287,4.746545633917176,-3.3700954949188673,1.58397232925775,1.1368604012626942
2.2402742358388914,4.547404741978322,7.43651518518829,-5.072921775188526,0.7903628383457788,-2.0787015784012617,3.601845206101419,-2.5360361928262636,1.5036567937654368,1.044728088978057
1.9020505304366595,2.268968752930237,7.081095716594378,-5.662428808978469,1.1038283806988531,-1.0814064275927846,4.809442088789124,-3.5114645019915236,0.7230371792107808,2.8797929551178707
2.9193821988222104,2.5536435023306225,7.273411164626967,-4.696434502140238,-0.34801923955381137,-0.018391610974237266,6.142031021197989,-2.203161048745497,3.5448444775795744,3.0688446095897066
1.6128638775456656,3.12928141669656,7.775499202185854,-4.883647364425798,0.8050565095116706,0.5518650564012738,4.364316589766923,-3.7247437048405785,1.4274851847317527,3.835624556129948
2.6470389472300373,2.416617475954182,7.0508464145162035,-5.327610835123057,-0.07590033887982665,-0.5332413410544409,4.255098236364903,-4.675324324073336,3.8109805577772033,2.8553810250399025
3.653429741030563,3.116982139640715,9.315813348712554,-1.7665954726531399,1.1116943028142408,0.6836263483392696,3.6773964421569065,-4.1203065296675945,1.8770835577455511,1.1594639906686859
2.8277306986925868,1.3318157936393904,7.372136206933761,-4.0331590678914395,0.960308803658381,-0.6142111056984069,3.88656637556738,-4.462592749557616,1.6386601291579144,2.216681857645927
2.365136569572392,1.5019342024725426,9.644243948773005,-3.0097407382886474,1.196877720333994,2.015198538365389,3.6701206609869774,-3.1971126850878497,2.1365369332295425,2.3800956883287627
1.4762190135311783,2.248586390380243,8.433546130745249,-6.338647361718025,-0.9391891141062726,-1.6920361975228484,3.8155704266399564,-2.007345473315326,4.199306723243745,2.6356749271208955
2.1948625179690553,1.4627913832538721,8.192999533166914,-5.728518954720671,-1.1343862976407062,-2.7626591915663856,2.0115877983424184,-4.104893099818439,3.9385885059245975,-1.4211697463537785
0.7304386366092402,1.7335195864937256,9.268335056080792,-6.4234919321486865,-2.5185568353446026,-2.5192065764256824,0.994953175057029,-1.7739093131433468,2.6021208616438933,-0.054130347950785314
0.8272896656910373,3.890682240617082,8.129678642151262,-5.754522496632496,-3.0496886129790757,-1.15702901815106,4.478761307029673,-1.5036584250706448,3.3953399169096734,-0.5835537147703973
-0.21927170331182128,3.334449629010059,9.173095763039232,-8.61541783758624,-1.5349399761872127,-4.898176989515901,3.8412918323156324,-0.13293304882980214,1.0690625315629982,0.5072470417709513
2.326652744068122,3.0582609963319123,9.172122876193637,-6.239230020042321,-0.5420402498002208,-0.9768624307674891,4.34568663921643,-2.124515064203928,1.1027815290761436,1.4060040033598007
2.0409320340954524,2.9177572054203122,6.165849590193352,-7.0336137072020435,0.03148280533398605,-3.156531765693546,4.797243157318233,-0.0160283201784066,2.1241670671836554,0.5695886570644138
0.7968086778314731,3.3169574563979833,8.828508757673049,-5.127018210593335,-2.091841569851928,-2.6003434275200004,0.14238945146657164,-0.6815383765214372,1.7183533905802395,-0.737391990247053
-0.025309308620952018,2.484994287349625,6.782458279926758,-5.1400574022859695,-1.7649024251195728,-0.6210164805850718,2.973193830191362,-0.19838866374469138,0.22755030031761905,-0.39591352339572433
-1.4543368304438367,2.3132400683061003,7.774511556163934,-5.028417298891363,1.0059854772529655,-1.4169467492645118,2.980350665735928,0.32212329086715913,1.513203751030985,1.1110065737231076
0.7197250464699879,2.364575483781948,6.767610342765981,-6.3854595283444056,-0.4639264005801734,-4.678618671039763,1.1547743452578227,-1.5179415792568014,2.4462446189580547,0.729666079650218
0.014447196311070533,4.846092847784873,8.495574418512048,-5.655543134467527,0.6654121137218538,-1.7732858904901216,1.2137407245741858,-2.5168796997650142,0.027772977600155225,-0.09060283812838213
0.5462415857797576,3.036372610384004,7.942985527856414,-5.235963331664224,0.2535252836802787,-3.2637629653397475,2.915678559250104,-3.9527979905358994,2.2244477432923406,-0.4387306997991042
0.4574375037719938,2.426089637938282,6.8498516956355955,-6.900983395073406,-1.7503277815560307,-4.2492076359573385,1.1973479221580048,-0.9207222163113891,4.276138331887851,-1.4661402353736166
-0.20820275297460716,2.2521401954943516,7.449588145496301,-7.467891645829435,-1.0953404429716043,-3.1090633327016017,3.263698375584077,-1.3030363135989966,-0.00237857854008906,-1.3990201531292117
1.542482104135119,3.9126597735757236,6.145505837117216,-5.5688522909107485,0.34536398475304647,-2.1706845240632324,2.197969796707609,-0.4092190042990847,3.837699377385324,-1.9649915943292866
1.3091920374775363,3.961150857394267,6.282141567052928,-5.799043033747312,-0.7069922670862869,-1.0805696963162084,4.651009937304363,-1.7394165640125847,3.4996560746579872,2.7392160685692626
1.8613872184498317,3.453850240472215,6.762570332086485,-6.234667271572206,-1.1516146776710736,-0.6629502142152948,5.104895108573806,-2.7326382264033486,3.2529395100899445,2.185862475353691
3.4387348687101005,2.5313824088474415,7.750251886576962,-4.9347653050845866,0.5459151490187402,-1.018588376145677,4.39649400093251,-4.132822991108291,2.9342641973321086,2.901277202699576
2.8170241684268538,2.9475611910883965,6.973069377408346,-4.859479356756375,-1.8337160533247328,-0.8148666325415946,5.206241624632592,-4.065987540227652,4.309677902584508,0.7065790635367576
1.3576060452163503,4.1705054783889395,8.734916839530753,-5.677310684121532,-1.5844170695014157,0.17456641811154697,6.210096245630444,-1.9397249462481334,4.402591463990131,2.815845773913248
2.734476475465793,3.005744486939179,9.19222561135163,-6.382706393798731,0.36844470678220304,-3.056020496165205,5.817776228852129,-3.787063582293003,4.178716923759408,0.4996473570381283
2.365363288078448,2.487453698674849,6.230539592672744,-3.818330677746627,-0.3356129554083059,-2.447806784422645,7.876602431208045,-1.118844883239732,4.628409613436323,1.790743197305533
1.7666616152076764,3.4304846964727025,6.799247510399334,-6.313755086779623,-1.7283193707880298,-2.662265141571739,4.689725884251414,-2.9841174793442424,1.7153129924282338,1.7282543458189943
0.9178996781364429,3.8927880474016168,7.965151793115577,-5.69037812846027,-3.9924254596996334,-1.919298426464684,5.220961048935497,0.7820647457927973,2.271673327234668,1.1373484785054906
0.5244888549062433,0.6709888802241141,7.097241891881416,-3.893358159836646,-2.868851088777688,-3.8956353563784565,7.232240351656424,-2.3190718999952864,2.767484530363927,0.17324881811524404
1.6805643059866155,0.6190550680817237,7.3721148860799595,-5.432781938002452,-1.7216253676487623,-4.573629808705428,5.649356666792817,-0.24580380443225047,2.043361856392524,-0.02500864781829924
1.2509015169722417,3.492641630992245,7.798815971480335,-1.6264912661727335,-2.1357903054255942,-1.5375192193289384,4.568838270697698,0.006946842546652539,1.1926854850311115,-1.628325545017967
2.6832725011313285,0.7815636597454395,7.602700151447788,-2.371283333917922,-0.9879624644784009,-1.1614039247945758,7.835582708055063,-1.1711244940558385,4.4385709100813004,-1.9387064464385704
0.8981092092112135,3.5343381742931217,6.127648685685091,-3.879682239069755,-0.1429354521019322,0.7283102271132109,4.492558613448199,-2.3566332315014473,3.931983176258548,0.8729651893469134
0.030013209739428268,4.0982279274476925,5.915674240048425,-2.6723327032038724,0.36005356237997843,0.2247257885350412,5.077019305470107,-2.6545819573750933,2.68998061612156,2.3092255069330996
-0.5550800885941907,3.5783169318145953,5.162934961119162,-3.018033798020599,-1.3392067774094516,-0.5559311859795038,4.122868642330764,0.6903633165716695,4.89111856423139,-0.9127565392242133
-1.6559769101861561,1.269047649573955,9.056863997312544,-2.304895138190753,0.05763180970203293,0.44563061684043664,4.986212491307955,-0.739995661345299,2.080877576432519,-1.9038173646945524
0.2458875132720773,2.228400586968697,7.17228941676224,-5.63016328626211,0.6276201641399174,1.1885525235327843,5.022573834700257,-0.2778307277338161,1.4514422893866221,1.5151975765428924
0.38327053282644474,2.956969329853479,7.856120586253523,-3.1241405905806676,0.8834265086777374,-0.2196759144661774,5.13845812967379,-0.3187442457459959,2.7038917783676957,0.4267288919167056
1.67423593028136,3.890584572784108,6.447857866930324,-2.8961933745656667,-0.1259948076144568,2.812391016518836,4.951655450850433,-2.3611257933078265,2.894275868502468,1.8144762875701417
-0.4246699151846964,3.5267479036154246,7.604681275890109,-2.6584401811005987,-2.402671582918254,0.4861734346195658,6.046202835973255,-0.7511541771788988,-0.8846664106500047,-0.593407676255736
-0.2518941034016057,2.0475301834702924,5.775293937789871,-5.747400307067806,-1.4351166540785079,-0.7279154006699875,5.795445696582375,-2.201256865033049,3.3930741993481113,2.4236576218099306
-1.666432855035106,2.758103050308605,6.661604549860189,-4.950223813231137,-0.016910435488023432,1.4692020777212438,6.110873863472812,-0.20453168009478903,3.371082656203309,0.1058444084871468
-0.4604720859468827,3.819350478389366,6.019224660973621,-3.821405614729227,-0.5983284133064399,-0.32608416431502846,5.283588136861184,-0.6903655783760051,-0.33578875135803965,3.6688056981384274
-0.6591508760998526,4.466619785782574,7.717905085617986,-5.6337518026306315,-1.567392830148418,-1.379988934446284,5.691427151313963,-2.83484435434951,2.335523489269834,1.8175649829961067
1.2892632184534303,2.208904382106837,6.935150245459127,-2.5499494568753946,0.02699207770159235,0.7475295730695571,4.6366208676535985,-3.938323763713752,1.315555419232171,0.8413164074626408
0.23207331654204608,3.057220756220192,7.533782833734553,-3.19017304272506,0.3272458754526728,1.0461119368094014,5.262227312478053,-1.5650356062322168,2.2172144421881215,0.0317880638218855
-0.5387139385217248,2.517431787834784,5.388812780304063,-2.970571468241169,-1.7594183351284558,-1.0174862913334115,5.032548618984127,-1.31766178277501,3.9886252660532002,2.514649845618931
0.4551466032877234,3.824492871689483,7.966275773147766,-4.858905542768841,1.4222990752152178,0.9607853542895365,3.1706043249990783,-2.5039660826092103,0.9015203297236176,1.014485122161648
1.3247008801171802,2.9019896571222774,5.642568801281392,-1.856160318286339,-1.6701493854766094,1.3541412273649693,6.758117000212306,-2.257357117237056,3.4874951489197032,3.2483737046240915
-0.16482959072871428,4.178912874743437,8.19465142605513,-0.9684209269418215,-0.31924108252851113,1.3274715392594163,5.486057727794971,-1.3387135203062352,3.3952120562122023,2.7055464142541603
2.5062281772024106,5.0264388458037565,6.30239794949999,-2.6046105823698253,0.28224114515535614,0.8781339493605526,7.231854156917492,0.5287397744503066,2.8072086691092295,3.1085793388778766
-0.16967917194078055,3.0478845567257524,4.840715694713598,-1.6854065881692901,-0.016346962343663663,2.9314277669069417,7.268417689738448,-0.777096465148639,2.8883043277223113,2.2951377885871653
1.6534748717055796,4.105438783001176,6.000782705025054,-1.0583237203204738,1.6190554194401967,2.2476858304962812,7.747784010815995,3.170829668685071,3.8469805241697577,1.3193148565048756
1.352789165359292,3.927419911499668,3.8834388875949695,0.058773029568706094,1.6389477771757137,1.6029966157060915,4.994947788512027,2.6565811093030702,1.5867149894351205,1.2634886320513208
1.9055043285406543,3.753774668021161,5.931952619804996,-2.129142483707589,1.2667163787120639,2.2577233768781446,6.017058261482436,2.8415967238351216,1.942429088826127,3.0778259390215252
1.6468525006027641,4.9211829114536805,4.426552640453118,-1.8274674276167726,1.9504083056102732,1.6046836704226721,4.948200227927554,1.5200546200269394,3.6056241483542424,4.262562729620792
0.4726841020445262,4.237724762364296,6.855395893748365,-1.2734619744988132,1.0423262852029553,1.9551532979911042,4.89246667011913,1.5601107502437621,3.0815700446696814,3.638242640978016
0.5900452956660286,5.147407494558758,4.802485695262497,-0.5185767253943169,1.4098300316389425,2.177300019297808,3.986728874291112,4.952336493490673,2.0566200989044203,2.516821500095088
1.5117429788581989,6.125366810387644,4.370508374248662,-3.1730987357843907,0.7154056429605508,3.946971462607174,4.077481563063757,3.6543055009758603,2.5622176567745574,0.904563112210384
-0.4850304095910098,6.579482289848868,6.437503926461415,-0.06050410167642591,1.9867436798804903,4.545405157941448,3.694845815245763,3.7219981965053646,3.279597191704737,-0.9188951107663101
0.10850708407940658,4.8671202540138525,3.637964531225676,-1.0052383940226233,2.3040312617485084,4.826186639891275,3.9872774409376075,4.202905167383327,3.585158367608357,-0.8920957932009577
0.9719688013009502,4.701356346439465,1.9427182583941598,-0.3960273762076232,2.4280599343292084,3.9064867783217796,3.46549686672232,-0.01821186770385185,4.779880164102399,-0.12607027530943896
1.036453098504583,5.310515975315755,5.109093571312132,-0.8609257952824426,2.0108113305599415,5.54012700960659,3.3845498238771117,0.7378709273590099,4.296976385307435,-0.7569740475135653
1.6266472761752564,6.403206091068085,2.7439230644645782,-2.4811796317016044,0.5392620706082192,3.781214981693523,6.8148291237893615,2.6496752423666066,4.6118163357061395,0.07303055805550497
0.39746522378076854,5.0888140193541815,3.8169370119082027,-0.8941553364432479,0.8597404908469346,5.0475623171914155,3.7545519786508037,-0.2031757803110893,4.747701714729197,-0.4490624174586867
0.1869794194058734,5.399477718853359,4.110840592718779,0.09185603733526362,1.6183107334526343,7.139985118671294,5.248024496062068,4.9320133150029,3.869171105142822,-0.011838783568468235
0.6089104197838835,7.083963023788592,2.3853466010398834,-0.8124884113772513,1.2257089065540863,4.186595153451913,1.5838120854145834,3.873378337251292,1.4587220687558118,0.7249831376941541
-0.9462108637992821,6.363858516096227,2.9821417481739427,-1.6744927603925261,0.9520140567711738,4.587955102384766,1.6808899122596703,1.1368714999087823,0.6678676470082497,2.6731148528212936
-0.01823471105070041,7.165269361882018,2.163329829617309,-0.1306661672190047,0.6883952477526935,3.8160574863944365,3.406038214506727,3.357275490746154,-0.6054631070310202,1.61320733822927
-0.46715662504615846,7.415194400360517,2.9903050066403813,-0.8395219743530082,2.423528456434643,7.715094462335221,2.79046427592524,1.832869374298245,-0.1426258895854213,2.620201341698226
-1.0647730710084309,6.884922626574385,3.2006811191874136,-1.5732567897739336,3.762876220869368,5.086574003121779,5.365412965304911,0.7311753958832049,1.010810023434995,1.2525961846548588
-0.0961788951290851,9.875264935341415,-0.6605429556507011,0.8386291687105358,2.4174950776768647,6.325391613090872,4.110425490840809,0.4314808985043717,0.14297442383078754,4.116813172581729
-3.2401273287786436,8.92694508937723,0.4925817113589838,-1.9261873728655499,1.995097325413403,4.591851568462946,2.9836414204453954,3.212330583372406,-0.055751598670567996,1.049337029789884
-4.162044782091665,9.534299536231584,0.0008296968704360173,-2.4649738644106143,3.0753442082213667,1.3034371104274376,-0.8720081081373536,1.8047876630670932,-1.6773460081422145,0.04271187048256765
-2.1284117880612405,9.531034852089322,1.6701163978483617,-0.003596908519436579,3.4164369284124017,6.831305521054905,4.193420519564745,1.4565330274455706,-0.2307047007955728,1.03158385682349
-3.537994165033882,8.733188853666787,1.1862688131582526,-1.1584041995123529,5.08308537822129,6.301550069711525,1.917685527621023,2.027615169717279,0.33909185714664897,-0.4759476795421317
-3.8652537154505744,6.87309856563204,2.7210243024207643,-1.051416985193605,1.743423759284449,7.063773495428165,3.5714293025979034,0.960647599132112,-3.0029857383003145,-2.0152256408663978
-2.4399877958788045,8.446209994814962,1.683008794544416,-0.324425914023592,3.347805415996951,6.267137840070791,0.32948746522572675,-1.3359250302693741,-0.457183835933495,1.3270967801817941
-1.784199752341354,8.241852163501456,-0.5151706492641421,-0.8705297570331243,3.7147631507202163,6.554077709235957,3.0236149907455765,0.6510142969117,0.2931881237536726,1.7748699018048049
-4.1860237772115365,9.482391229517505,0.13435446258905756,-2.48659570691991,2.210552852978276,3.792132430474982,4.192253321542418,-1.2877881013061616,-3.4475106204458283,2.456774708865075
-2.75594452497475,8.185984573775189,-0.5674768484405268,0.9579843675461338,2.847073456683103,4.282330685205411,3.4953481282880974,0.370851635760303,1.0183019935437192,2.0098223732896883
-2.4875694088481155,9.308473700412756,1.4603669027994797,1.0950814057393374,1.724232374279463,4.835995022011741,3.581559080422374,-1.1206676088411882,-0.37508152059494226,0.8392484221161277
-2.726473980926453,10.321728842638402,-0.5663944464242779,0.5755197377064244,3.834347505890441,5.344325995617224,2.752173720420784,0.972869371579259,-1.1194235459015107,1.6436391764653047
-3.306892953831958,9.057245849911167,0.579626070060411,-1.0653889628139475,1.5308888267159118,6.349553688479339,3.5070450169193905,-0.7303859077587824,-0.04387069388193238,1.385704778059993
-2.551473630540182,8.449936528711394,2.026263006715622,0.7464131565556066,4.184202783852092,6.280653824135231,3.932173940753218,-0.824878515385815,-0.5715294436982512,2.650411449391144
-2.7784832065072966,9.115056904043673,0.41208859562529376,-0.9407071003146572,1.811953330266944,4.666256337786777,4.796517529280534,1.2085442562438296,-2.218875065948983,2.2186834325883877
-2.476469193241901,9.372937427829823,0.8664205224848672,-0.48389957095202485,3.6090709576503968,7.303774012570005,4.7955851999092705,0.4882464125137747,0.250297824313803,4.060102870828215
-2.798227578377939,9.337477315941346,1.257886911356315,-1.023864774891995,2.2382047925686677,4.620105372675777,4.167239850547481,-1.2787915616053327,-0.3479818942433637,3.047240948660223
-3.7753408839149816,9.010431685006687,1.2724791788073504,0.7872063223219125,4.170828196862298,3.6463543238012255,3.1505588170274548,-0.17370763160855915,-1.6465638488890777,3.392486396464577
-3.446215112174614,9.200869014545622,1.1298965510905203,0.9339461320504602,4.942454677951299,5.4637088471046065,3.448656734589626,2.4093272377357065,-1.1498916257617955,1.2823650501467283
-3.1811771492287155,9.366720881746089,0.861446898810715,1.2010546169470986,3.8574481925112143,4.552187308512917,3.6351680969983136,0.012029734365218633,-1.6575821473097188,0.7251741176508489
-2.9863014829054033,9.96112520419957,-0.5801439508721405,1.3678133479810204,4.187207043197042,3.970148421186724,2.980349963897,1.8360183148626703,-0.11153140633230244,-0.49618005742089294
-2.9295358383237846,9.123584011101867,0.6274828289212641,0.12362970270504929,3.5996320151521988,3.6701897674872512,4.112266273304736,-1.4949443017457396,-3.001347579194912,-0.15857343143543437
-2.4023667634203787,8.37939269017626,-2.2296783452131166,2.428471900094817,2.8385454282408085,4.742406472345039,2.057615426260095,0.1910924410307369,-0.007576447547719843,1.270702685492562
-2.7127188547539887,9.06711014139369,-0.3734149175999145,2.1075890266886237,3.6885986077364383,5.244871295622528,0.059829314256551684,-0.23586525171216371,-1.2976385630594893,3.0606095931333517
-4.581579416244006,11.515047850173206,-0.3230071129986737,-1.249178080512565,2.1867730180972864,5.124717016952291,2.612925844394192,1.6928301482623598,0.03528556341304394,1.796948849911746
-3.0774058522460583,9.630966379332133,-0.30942052628404476,-0.6700118378751,3.7094143761935534,5.117512747912692,2.6787643934476146,1.4149179476417244,-1.1797768301760374,-0.5475729622568518
-3.2223535660027958,7.673878671019551,-1.5844363330079283,0.07312241584668658,3.5202156791476957,3.7753840913493977,4.003582288900095,1.0020003734081433,-1.3136170485998386,0.3032448287555486
-2.6193554719064287,10.513028015545302,-0.34227553978706393,-2.119484074944525,1.300042731563742,3.1891195094402245,1.6627043564938817,-0.8220520495613599,-0.42733585170172006,-1.5102193426799175
-3.453737658812497,10.175086912356907,-2.5070244094588845,0.3273186203312795,3.41507353464636,4.446858622258313,-0.07601862669603647,1.9138930970835315,-2.2178855064613723,1.4485163705774362
-2.4844212245720927,10.584426142849834,-1.243408071248407,-0.77429999812371,4.150304223087149,5.811691535381069,2.310647046284343,1.5163219386714528,-1.747060678257278,1.5029650999955009
-1.880025974088302,10.70908146341356,-0.5920034607619601,-0.8573120157232291,3.8708017725664234,6.708337167191155,2.079740417527867,2.0032263912386368,-2.601509147143526,-1.7057253438675777
-2.6554971184406018,9.078431998909853,-0.32835892000300965,-0.1941212140516958,0.9624544105341599,5.335195233652304,1.562097530742451,-0.2967230188509507,-1.2852881768305537,0.45512484161620537
-2.3855200276919186,12.067605614439403,0.8505085890165496,0.48616771257946934,3.7007229055780986,4.447422404186576,2.729255309798368,2.6813954753802816,-1.6589299626608724,0.48447659555859496
-2.77530074717312,8.927516893672237,0.6102849111937246,0.7193072586416451,3.439834805751538,7.592708610935024,2.8698847183504568,-0.24231702364705848,-2.7824409178495095,1.854131166512196
-3.0039995211607837,8.639419629378612,2.5349077733209,-0.2627543065596298,3.875136135307393,8.015381334102873,0.8493117542299575,0.9780954698155894,-1.4949583904039054,1.5924695551663517
-2.7933369748933217,10.26554344354307,-0.44030197716528335,-1.1867391843448123,2.6573399029886535,5.3134710016491455,1.3865942795906312,1.542331362877994,-1.6179145194248103,1.2378651775120018
-1.9682419907957032,9.611655748149746,0.1389350710999442,0.41996799514804,2.7722717547201907,7.640204685325842,2.6715673349850784,2.4053038960597375,-2.307895514763396,2.6959428341029206
-1.8902865198022152,8.285118281491044,-0.5257849318013247,0.6294092987950148,3.41776169258622,7.843439151461384,2.0318608332197328,-0.1653631031682841,-1.4160026449971674,1.3390261793356084
-1.4890671176990076,10.913629488885066,0.541275549652422,-1.0422679412038172,3.718866807645873,5.76442727632606,-1.1157116629813464,1.356572086102112,-2.775950150622786,0.3769066624450591
-2.0033638492305776,9.461004938936687,-0.6266988371443456,-1.2429445761268179,1.792526400819336,5.845129953352237,2.1501689010552245,0.8332425677541854,-0.0024128163043270374,2.320319271111446
-4.020496231018908,9.2201641246067,-1.3287246483397108,-0.00189623450366399,2.72185969657677,5.845914290942748,3.3277021520726806,-1.3376986983696715,-2.570972340575338,2.0013964042318206
-3.3577015612018704,9.809871936840448,1.4405371210593654,-0.9404830934358115,4.205557147976284,4.237328848894449,0.7140258842043721,-0.8074193999416083,-0.43771217575635024,1.4734191924440245
-1.4678015663976698,11.3698278627683,-1.813148203309646,-0.5603197766008919,2.8493705519667696,7.325846875766994,0.14960299852995454,-1.7678891878387661,-1.4915006686912615,1.1365812209855044
-2.99747106966413,8.760705354233423,0.6733166789135894,1.601672759119691,2.3811056582066152,5.42332063236248,-0.2851422415578132,-0.2715252499780452,-2.8186345274133098,2.6636490169449525
-3.420390357566308,7.673137260364213,-0.47381910721091997,-1.3354555062299096,1.3546266748314717,5.5216172490481235,0.5913564280294048,-0.3007972465121497,-2.377512496114948,1.8372184351322678
-2.3114686537199565,8.532533798480717,-0.7598561578309576,-1.196286938888515,0.2998208426940125,6.332504088429457,1.0612545864027518,0.5307106768335843,-0.4780105630470921,-0.956372766200529
-2.0547267429244833,9.647614880878189,0.15305199541073003,0.19928640818904428,2.0270898226736236,4.512917123983337,1.189390666847353,-0.5035301265139708,-1.9156391199363363,-0.18499592585734906
-2.181100693171367,8.277434491576308,-0.6099024253596669,1.058248378382584,2.162155990911718,4.618991939643224,0.7026436709102059,0.897500541650516,-1.5472031011710827,-0.39410980867226736
-1.8972556783608192,9.841540961941616,-1.5366622043220215,-0.8858090994284207,3.3112184000573737,6.908946859171757,-0.4654782093723917,0.196937705765961,-2.3733385449493456,1.602361354166214
-3.268526447449675,8.44594760339324,-3.750365321003545,0.2857282204216814,2.6033016869775363,5.65148923968352,-0.06575421447883577,2.977365753805802,-2.488758187556833,-0.059624941394321784
-3.296510563723113,10.328557250760642,-2.6046796756886437,-1.9989198607603846,2.7206019137102775,4.280351995827482,-0.672614580643471,2.3213210377046978,-5.669833243447602,1.2097149007329384
-1.6347868018395582,9.356376987359459,-2.3201677358262267,0.9352696277592367,3.5332739354782006,5.643596461497699,-0.9573058546786389,1.9468273111111605,-3.589131841134554,-0.9327587611981204
-2.921933561440952,8.300952624734533,-3.143305163024959,0.2632928754785194,1.962900515054111,3.8230349618919344,-1.6114298050220235,1.5116468674140207,-3.7201213705538065,1.66962407686712
-3.481715374723855,10.200868857967615,-2.05825786186365,-0.44357154355246936,3.224958003051445,6.231593019017579,-0.3868194520523226,1.0670327161372801,-4.203202306124233,0.003429755672674437
-3.3801656903295396,9.074539140536976,-2.8244486231234998,-1.7873878124607339,2.8885914829653543,8.060318587890848,-0.8716173878369428,1.5853752520860585,-2.548018256773805,0.251188593921182
-3.1801934884830416,10.077911064971598,-2.0742419499561553,-1.3322871495348736,1.696945440625412,4.3439576206263455,-4.2856520405081895,-0.23769615072748837,-0.9863469245937809,-0.7994643038870516
-3.3482561467892142,9.495684390475885,-2.9609029100534534,-0.8493097330273576,3.3752344001380954,6.434014397403627,-0.7236475089206724,0.22149879823648982,-3.6729532298744747,-0.5520739834909171
-3.4870137285046194,8.522810940520705,-0.701850309091381,0.4242557945490989,4.64905605396961,6.4259477604515665,-2.473368311850035,1.0869385859254548,-5.062754702165965,-0.5439736689081474
-3.4159278417866146,8.185495974720252,-2.3056509853793457,-1.36009023883373,2.8166855943384115,5.173715602003387,-0.366364164786865,-1.162391958205464,-2.2567346871925906,-0.2616448724739615
-2.939591662722963,9.822142936163214,-2.1492482661679917,0.7048571299011602,1.95120441708484,6.560390358592164,-0.6629422995042679,0.5195552818972393,-3.898907328021895,-0.7308947908324089
-3.7232773232413705,9.096240437774467,-0.5816923205355021,-1.3329248259689137,2.1820360248357553,3.9856546507586224,-0.48882461922902254,-4.3941866252494775,-2.7563168327215317,0.3952857997811536
-1.551343557079516,8.421980235512997,-2.0661450692745325,-0.40031591775462316,3.170175007613357,4.539488062097375,0.3587194692603395,-0.32348595150546655,-3.2813118533976167,0.28789998616971013
-2.546990705625714,8.185877470527238,-1.2608343682868954,-2.4006958881451945,1.7626915140140458,5.767123995734434,1.1835219935998165,-1.2825877307321842,-3.076731430382849,-1.3155951895587343
-2.3375943567390904,9.684630343391532,-2.762045672141082,-1.1520973967300774,3.5557419227634415,6.436632811554419,-0.16794131398748893,0.2733637912961646,-3.7599813367895294,0.620774852278217
-3.771494492145993,9.12583824255259,-1.939126410327175,-2.0605410994207856,2.7205622067604565,6.654327795785003,-1.8830818244622367,-0.6851535388031101,-4.757727942352686,0.13475474939594012
-3.5740244929336655,7.489836689188819,-2.034861437306793,-1.6433958131783828,3.5404714441103766,7.034627902324478,-1.4567957815590176,0.20201715005850285,-2.2891406393858977,-0.7573101886896055
-2.0169399965331034,10.330483256126287,-1.2107586335649385,-1.3427101819677705,2.0935990005437217,6.020664411312284,0.9610843895128379,2.218635312905504,-1.6802901682064306,-0.9384654782883575
-3.1644643409165982,9.123524025992259,-4.036017338273688,-2.8041721439656455,4.329860838338081,6.778233204123391,-0.27308916845048264,1.3094033451567062,-4.049762821262697,0.9073582907926779
-1.8753930551813704,9.562779350049977,-4.287638250220297,-2.9763671710777055,1.8096408187643684,7.026652748366275,-1.820624378302002,3.143203967433673,-4.932856878541537,-2.2023199783551686
-2.368457275462117,8.167057033684657,-3.7220663141338353,-1.8508740036041242,5.009938434748612,6.210444977303802,-0.6648162263244055,0.7616712031864682,-3.3391626836407915,-1.8192697845617825
-5.24248920598255,7.3510803626416505,-2.0375044653315237,-1.9051683938335537,3.605656204597166,5.937177651334196,-1.617890862393181,0.6498847818234011,-3.5073635863366066,-3.024982619769298
-4.246606419396507,7.567869552061979,-0.8769310345420367,-1.8836472625382488,3.0140095903570447,6.446053489555199,-0.006302168361573552,-1.4127356810374976,-2.7555174821167476,-2.038116841325619
-3.005091382366677,8.816103701254097,-0.4483619166306983,-1.3434620228599443,2.588442397515763,4.706169472107199,-2.416389053909704,-2.147416462197134,-3.344307630168111,-1.6886670947237492
-3.741774026950277,9.81477065173651,-0.9687304249818501,1.033663295204986,1.6872366625792463,3.934546170467636,-3.987942699665259,-4.131754217377183,-2.2174455317283877,0.0825697605369687
-3.2127826345200443,10.281066570459448,-3.170314439149401,-1.6483714574934643,3.29211944116255,4.872328954070799,-2.546872119446358,-0.8839351785326921,-2.743280838371241,-2.123887637666273
-3.131692104891058,9.309022412330615,-2.9004171699649173,0.5762667295432335,3.3699704290677817,5.0755291950312245,-1.519768138458273,0.5506065164096473,-2.4879412873452944,0.1745791460373925
-3.095710077647054,11.235591257098616,-1.4031857668271461,-2.2803340409155,2.3856820855437917,4.315107711823144,-2.623909651871468,-1.4617205672522813,-4.150280408353861,-2.1698269190952075
-3.5009938751126017,10.743747571142052,-1.4282922454991513,-2.001319312372929,5.264867438859228,3.70024000941103,-3.3563440084354825,-2.24457395746949,-4.600702037795065,-1.7404357452583084
-2.5282778759500224,10.291883458377743,-1.5500833553197626,0.3038066876743722,3.690034979054471,6.261530448679274,-2.366548907988315,0.03469617618269489,-4.780650065281008,0.9640435331160561
-2.801019136856799,8.947953065414513,-1.651061367784314,0.4298492696157142,4.154712105389884,5.58642205677351,-0.6842518059558405,-1.3659632531468155,-2.8952837836589023,1.5555341973056136
-1.9836041345140387,9.727592983188782,-2.4071241484410417,-1.0548884025689589,4.491907727034383,6.899657073299118,-1.082151158088481,0.011525658262512653,-2.2977676811605083,0.91693109080537
-2.293861228874438,8.513296997186595,-2.705267981228165,-0.6005906931705057,2.382552215413606,4.896458869459513,-0.7817648333633185,-2.4600156056841835,-3.6843637458620266,-0.6312363688962891
-3.223920013336768,8.927231203402668,-2.721619258775249,-0.44111913831502075,2.847880858332174,6.929920432361559,-0.972501185941983,-1.177630740084535,-3.020842528240986,-1.6004806363398667
-3.3360523694196744,7.817085564234365,-0.8919301489509731,-0.7807060098898762,4.338634447697346,8.607972485753704,-1.0933255329229645,-1.8024218365564793,-2.9809239781899417,-1.4403196547195463
-4.170458768686156,7.884083058267093,-2.4094232912878866,0.25245806568126067,1.4817190703986587,3.3415703350437647,-3.513832817736107,-2.4889202291869696,-3.792256543734521,-3.2007489625359278
-4.470247125804846,9.68184356418806,-2.4130613613176806,-0.07502757399067711,1.434722287504017,3.6579704952853787,-5.391353850905401,-0.9329753255110252,-1.3359946962463407,-1.4749754765093759
-1.9479390361486908,8.682076427384489,-1.7837220943219152,2.0734910742608235,3.9099243178832985,5.490482017201869,-1.7901414004712706,0.051060738800930344,-2.3206881444682557,-1.4418945475386944
-1.9798875722850626,9.352640525796039,-4.261451556201999,-0.4628830371242737,5.830862803865976,6.145424432276436,-2.9810655746611268,-1.0038883013477282,-3.707824512314908,0.17372843879164648
-3.1853452009180057,8.569434088743655,-2.920776374609209,-2.210813153665925,3.4106019759636887,4.306848318252367,-2.7627589437148794,1.4954813934194147,-3.8134672018551896,-0.6884370803616938
-2.4780038677119123,8.515785705261134,-2.3452284738473352,-0.49080972221597996,4.361157243283814,4.626785672631194,-1.4088101336643803,0.26140827230870406,-4.832387749192863,0.22477528813442285
-1.7739962056615834,9.54467590141561,-1.8385444864663476,0.306744749636077,3.242359856590528,5.29755564473676,-1.2395497014692194,1.1534302706591129,-2.066942095396317,0.05943185352116938
-2.2292077913092987,9.945971755956649,-2.8455798779719266,-0.6716518845425317,3.7194686165631876,6.484827575182967,-1.4156408706143333,0.11844602942697866,-1.2706946182130137,-1.7676250202885164
-5.48708626694,10.320148405172052,-1.51732694628672,-1.5492427279610639,3.352018591293888,6.179004517737378,-5.289769534985882,-0.49031330050650374,-2.849467272003167,-0.6630107706700228
-3.034720067111193,9.888406114820338,-1.7342234374276062,-0.4764411053005871,1.2488618757936896,5.473814818454846,-4.180233537368109,1.3436529469159602,-2.984034587581405,-0.9847992337720005
-3.305709819222158,9.127541531133405,-2.823691659787992,-0.7163007462733583,1.2730723826133177,3.92249582275626,-4.41283834811429,-0.7550782197318701,-3.896557109784755,0.7560622758433869
-3.68800716677866,10.743823805537197,-0.389005780434487,-1.7446322641383094,2.272586266814599,6.625479707741517,-3.577328680170602,-0.3393032121859033,-2.1642288812596586,2.1690148320289118
-4.041839941120143,9.939456225645015,-1.7292989777504093,-1.7487015669029873,0.7489463437405924,4.476507871108937,-6.665779975253514,-3.2800197414977306,-1.3657801706074275,-0.070480127526991
-3.152650845155199,9.023740479239297,-1.9954506203592366,-0.25946748217772275,0.26462380327659346,3.651770405625782,-2.0105976928879694,-0.13736115502196622,-1.0257120187317326,1.4609720608485413
-3.4161223789407833,8.900734108287464,-0.9950931329046864,0.39452908417032456,2.5401460590274416,3.3180291458224627,-3.496760541391362,-0.030857435671033325,-2.59115203516755,1.434247936144509
-2.1202606896936467,11.451252380693415,-2.1252743154010263,-2.176951325889956,4.290457439198966,3.9982321895818083,-1.6625712828042465,-2.0045465712403887,0.8180868004640126,0.49635891305434393
-3.960961185003346,10.506406296997154,-1.5718721446597945,-1.414981606414522,1.726490103980125,4.678942007785688,-2.932098589611838,-1.2177579135738452,-0.6092282361559527,-0.6830033625589395
-2.8544902907140526,10.630601941685857,-1.2951237629275443,0.26384613375726934,-0.0021004116541223426,3.4973816477857596,-0.7493652387269287,-0.10374534377367207,-0.13152302358063786,-0.11129138183365646
-2.7432127617660553,10.987960147110797,-1.6537600462334092,1.3112368700111636,1.8726881740888501,2.845204623774208,-2.5080935629518626,1.617499358184168,-2.0635706877420485,-0.8493226825514469
-3.345180106080351,10.606459122752907,-2.533183935679234,-0.5888359207169996,1.8284474036690481,2.782672942282103,-3.9570691478875997,-2.797919130210563,-2.458384134529215,1.0301558759979492
-3.520866019011726,9.986539478230934,-1.3426617619569403,-1.5120802139046337,1.9643301791583632,2.850373099361606,-4.930431278766404,-0.27724459865386686,-0.2725734640273338,-0.9805030881985207
-4.104211279859204,10.590915480481323,-2.300985106047952,-0.8676489670975078,1.6530513083253533,2.931264369897308,-3.98015602589208,-2.807977281171699,-2.2034316866515087,0.48727327130956566
-3.8191553936664286,9.718415072332013,-1.1330292342777017,-1.4583320196269225,1.095930055363454,2.732136446589712,-4.151039280044143,-2.4602766168214285,-2.095833182731048,0.6453670340767552
-3.691566068427747,9.776070176097814,-2.145654243424535,-2.5740409667658763,1.179460070986498,1.5246245810795755,-2.3040642750547624,-2.022375375850907,-1.7336723487063972,-0.16022809815188616
-3.876911768510089,10.364372315812107,-1.4052550506718855,-2.5398148665981353,0.8533783667910988,2.124548737456693,-1.8162320283550766,-3.9972354062416287,0.46463239273930146,1.1637929949304426
-3.9181306034927097,10.457240724024848,-1.6221926691619617,-0.3188726655208247,1.1056035190818714,2.3625364701245766,-1.7831042412207647,-1.3874058133752343,-1.216364023056887,1.9684170593097103
-4.0890510819967885,9.286198726652586,-3.931502608666386,-0.34459592592233196,2.1214940198056165,3.429050556208363,-2.599581581441541,-0.6246501730192596,-0.84192304595679,-2.0336149553498157
-3.7747262379063087,8.809212557630682,-1.7532752232687425,0.9380277074041753,2.9730435161149313,2.4514398255452106,-0.6514284515664424,-0.09500632562309845,-1.8313108616350517,-2.5082642640521353
-3.5215138558343484,8.770159706991524,-1.4404393175446673,-1.98774100010443,0.527054452059367,2.379786268331728,-3.4836231478588124,1.3575377017584136,-0.26418432350039,-3.0772941911304565
-4.934011458308421,6.832310301782247,-0.5655562681680055,0.4201472231318808,3.74169532864344,2.611197190066705,-1.956431637913855,1.5195579168931996,-0.778820839248841,-1.6130633171801303
-2.7175299455869775,8.144079266516249,-0.29960077094323573,-3.975985138052436,3.031903740308265,1.2737757278196595,-4.767079666376171,1.9871883532902035,0.5224964561070035,-0.47491731405871945
-3.532525093736322,9.898068322906438,0.41235179388293464,-3.1152156304161855,5.242012073617859,1.426615861637794,-2.537775345938272,0.5652850434611846,-2.238042806334099,-1.3102362528128775
-1.8925556056017816,8.708810974171396,1.0107167284984535,-2.765765184607184,2.299201643666219,2.148131748866321,-3.3771936374982663,-2.265012869281301,0.5161044001359245,-2.099719621246662
-2.4714856029708603,8.77325089607447,-1.136874521205696,-1.9587504328000538,3.7758158850286523,-0.8095130329485585,1.366389204038825,-1.3468926194245383,0.661973137348366,-0.3495555591648863
-2.5903158476363846,9.848142928392802,-1.340113229249752,-1.1933569062489313,1.2551607611591757,-0.6329762095044715,-2.2999895414557785,-1.8538690922229935,2.702950484742943,-1.8791705875430107
-4.505772871717005,8.575118047285404,-1.0056463391447386,1.7983900629975895,2.780490003780218,-0.20908336481568196,-4.086499602754915,-1.7667199534934626,1.0298553842388,0.48567558730958776
-4.08165636667826,8.596173148235332,1.076514826582228,-0.6163059435534155,2.639627181519321,0.7704055278989718,-2.6950158505536956,-3.349164000267954,-0.2008915040111628,-2.0330407394149623
-2.824078130220872,8.725948499270341,0.2847892963170368,-0.20174132704846937,1.9296507907734397,3.9215255248293346,-4.374179153043045,-3.513354136977734,0.7657712384668218,-1.947210999149038
-4.4700502736058,8.799607745723936,-0.5488566812500879,0.009169397512808028,1.7473381306212588,1.6414060287590968,-0.42598903266540317,-1.1716598568315482,0.34326276268584033,-1.2913492487671756
-5.0519854568268725,6.750939443078687,-0.8297714373920738,-0.4995209706532096,-0.26731817852748135,0.04920177399123359,-3.0158553061446094,0.020167807674282962,1.085066945630679,-1.070888294707036
-3.3348359779631673,7.619550358305063,-3.668778434277498,-2.6423550454864437,0.9100304502394913,-0.5250323251480421,-0.43293113647831993,-0.31056667973567254,0.7161292949965933,-0.37659500649377553
-4.300074691820095,8.210634773827307,-0.07009225238917202,-0.2373300399276793,2.1975181863437805,0.6035815083310454,-0.509356755600016,-1.3243500575764457,-1.6294074388304234,-0.44020612636034046
-3.6563785539899563,9.479627972399204,-1.3958687828120677,0.136827323111099,2.230693906139863,-0.5009226786545611,-2.2858747432087387,-1.314149070730963,-0.12416082107878233,-0.6303581608332671
-4.218240308195136,9.243614180285006,-0.0798210278539201,-0.16830591735111716,1.9506138995584548,0.7182467250422853,-2.4772101885510094,-1.1434331326363683,0.400014055458264,0.23056009641524025
-3.030882694492633,6.107882439195465,-0.02326571351595421,-2.3127931472026932,1.0585359322249566,1.929046573828002,-0.5714212319581299,-1.1100592530873867,2.314233703845678,-0.6370869233603691
-4.327462199178934,6.162922895640772,0.8430270997780471,-1.3425321497998552,0.2448014041078609,2.7325652886989658,-1.3736020608389636,-2.2826940159599594,2.5677577482504472,-1.1975651322483911
-4.822635876500235,9.651135060824894,-0.31006831690110015,-1.4745537941650015,0.07603333945929942,2.3463070944482713,-0.44057047144796385,-1.641964410512047,3.4726515622875453,-2.833077935538735
-4.68332621790542,9.17604671515382,-1.9899943984032544,0.43608997949049466,-2.979666525057276,1.4369356926708745,-2.6710018669111464,-5.9734414847891895,1.4335665325415425,-0.7251289827802415
-4.748208528805872,10.086779832820136,-1.8787514651589317,1.2516005085934025,-3.071131814059967,1.6656176286738478,-1.3539975728314222,-4.30731690666736,-0.16239251912211516,1.8727194253402928
-4.706291156238889,8.416937947977457,-1.5203547203364598,-0.26562300306641257,-1.3022853438797257,0.7968773139353429,-0.849751757442173,-5.44234910209786,2.067929282808801,0.36681616297318387
-3.799108605916687,9.00247739504984,-3.369678223782165,-1.281023485300308,-0.83314297609127,-0.414537085966988,-1.5512968932481936,-4.495868919592853,2.558843593662466,0.12231233834085273
-3.008242869314065,8.024614374187696,-3.2652502825188052,0.23529228111068112,-2.0059085545964566,0.30300324427348246,-2.283438005847679,-6.508267784956804,3.9772852119328252,0.17242844620974784
-4.337829049644056,9.024131685758418,-0.4892195459272031,0.11681522807163508,-2.336818716014975,-0.803932474703084,-3.81653663588845,-4.152364273930488,2.3824061842247666,-3.0773211679719097
-4.823650685010518,10.713898479870664,-3.4552107099504124,2.5196275595707913,-1.9080794010607331,0.021461259271793272,-3.1840028420210653,-5.416628914360421,3.073293815778022,-1.3789434756400034
-3.340778245547682,9.688337698355943,-1.1345851726782377,1.2483227613444638,-2.933007964105401,1.0055018444561985,-3.0338972230037795,-6.733731966864239,4.271025596858428,-2.6849666114657915
-3.763982025810031,9.67024344274541,-4.41978940860689,-0.01432281455579136,-1.9416360924693825,1.2956655344348649,-2.2158524496000385,-8.028267717892547,1.698654387843064,-0.07203073263573447
-4.113565546884329,9.783284015967208,-1.7145899941901825,1.9751118374434717,-1.7275227992278774,-1.4163213588695573,-3.208041751452899,-8.029669616701645,0.8278911575668945,0.5898164618071211
-3.135338859307711,9.928756796059002,-2.391989963996769,0.02501084697330427,-1.068402205174217,-0.7402874032405603,-3.235875050961933,-5.739699187767769,1.0346505015516632,-2.799513472994311
-4.172990598831511,11.357262144368073,-4.972859471242152,1.0748514114492207,-0.9690537987913205,-0.7790721060367249,-3.836092809987291,-5.550970449948961,0.6797891557417536,-1.1648178469379327
-3.332343291154135,11.063529427559805,-4.579147484110992,0.42032201673302366,-1.347858788206472,0.06067958984853438,-4.546420577339502,-6.261603444645505,1.4672783252589974,-3.1702379565266487
-4.150191179180765,8.882693244431131,-5.4124361314845055,0.499107531231653,-5.298278080725164,0.5868068674365156,-2.668885961213715,-6.724418928708498,1.7302825257869778,-0.30202135372069955
-3.400390034526502,11.107098393072965,-3.719708831491465,0.7840739390967414,-3.759849277983072,0.6018623335855104,-1.843995960192856,-5.875488037281712,0.2834192031426825,-1.6264732999022413
-3.570242609490247,10.573171952360987,-3.6930280794580144,1.9211031199696598,-1.45012332825752,-0.310285746125908,-2.6291440194865827,-5.874014310292404,1.4591505293619595,-0.887491570102222
-4.259149949397351,11.129606964640674,-4.858007792697102,2.8787770020927503,-3.2216772179085957,-1.204419779843224,-2.8915448333617935,-7.866209414344359,2.173128193947059,-1.7047065911742811
-2.297967716678528,10.755915334190348,-5.579253376912412,0.5714692689269067,-6.119679495838349,1.4142988710392896,-3.0998182806854038,-9.470089708996312,5.543427847590995,-2.7168455302160432
-3.6520796474132022,9.24610848324757,-4.45636108072002,0.2954277231340504,-3.448763350521525,0.7974333594130625,-2.863921786306419,-8.944725604744717,3.306151551586102,-0.6871599588663134
-2.2984538908546126,9.200670340155265,-5.5820318193242215,3.2406161305166097,-6.256199349966438,-3.2753268015828434,-4.796559083515962,-7.900004122816429,3.9772245553915093,-3.970871038368863
-3.1098338240566585,11.481553042082513,-3.450286109962633,0.22198097565422054,-5.658043668133415,-2.3727636511198185,-6.18417607151615,-7.508162306762031,4.2318457802912235,-1.9625345592150476
-3.828502974370299,9.684208963157738,-4.258006115092368,0.4198139038889599,-3.428652544200712,-2.1419935325328874,-4.75139818381889,-7.170742577144682,2.314473494324867,-2.5730820704484416
-2.789500806220129,8.552843840482897,-5.126385545143354,0.15449264613397123,-4.24541788628726,-2.784889684697974,-4.083212935043631,-6.3030376535418595,2.0993730792213707,-1.2871078655326844
-2.590050313551207,8.083591015429878,-4.2822055936436385,4.184551019415033,-5.049475890264814,-4.38323744151095,-4.962974977745652,-4.730662946391317,4.2171286158996635,0.4284022743280425
-3.2380755229320197,8.166285414053855,-4.696831030674332,1.5962875971128239,-4.3475346914525685,-1.2399092515701509,-4.249490874950079,-4.869953636584304,2.0689883309461146,1.60295955255983
-2.3029983447203617,6.746441617172522,-5.969935404510831,3.459635779565008,-3.8258907239548985,-4.173221465330517,-3.8063457701556676,-4.159003007169803,2.809665696359937,-1.9704777683746102
-3.1410426882482914,7.464602288685024,-5.19428059464319,2.1887562063007584,-4.5887705032742785,-2.2841089491868276,-2.954906213351369,-2.737232222392943,2.886412448497653,0.44521859454727736
-5.18252863681352,9.635169573291279,-3.418785468916709,0.6981913139003768,-3.827842354286014,-2.498015203759311,-5.262866431235239,-5.907872677626027,5.08596065645383,-0.8290996059439993
-3.0407930378194807,6.626173659187565,-4.569064758215657,0.7781404260048512,-3.560816321535195,-1.7830549763041765,-4.059750269906887,-6.944258618721414,4.115121111801491,-0.8826544101024376
-3.0750402317962293,7.341185092595162,-4.866176492276997,2.2485064493447626,-6.39880690372847,-0.8074492598065646,-4.162249815475402,-5.539569980187194,3.65730822227196,-2.319239430274101
-3.1951006804269095,8.755699584467155,-5.368022815018938,1.594410480918028,-6.62973938431009,-0.8741830344981718,-4.937733731145791,-5.816670278988472,2.903507586723486,-1.6723321893191294
-2.3164039962201506,7.471552313135156,-5.082246278830471,2.4117606128485156,-6.879521292463365,-0.18476660505524867,-3.6217117839464223,-6.203572310668887,5.182234346001521,-1.1519890230174838
-3.835965131209252,8.11124763108872,-5.045920521272876,0.848559600632003,-5.24700406104779,-1.541175635459537,-3.63828677435799,-7.641398646237526,4.329403170797789,-1.9801799692646216
-4.649163449298118,7.796424554477708,-2.98590353475668,0.95434991013397,-2.819088221825347,1.7030081534924872,-2.432888806443887,-6.9083611498738255,4.642855979026837,-0.42049065463384566
-3.8473747131346006,6.430377647471219,-2.964309518386802,3.161362538851411,-4.9763119267423415,-2.9907695660492455,-4.225611202061878,-9.493616521981595,6.22762967147864,-0.13105367545212335
-3.8252378335423267,6.196212695987814,-4.265052718113647,0.3527674840186162,-4.590744606064718,-0.8009134109306683,-3.5830713137869803,-6.152962295110698,6.026751378859847,-0.344922498900516
-4.297190107490113,7.789212264811831,-5.027184731269966,0.29267967005556245,-4.194381171156198,-2.3601733508773974,-4.171532347882388,-6.4645173564116645,5.97204272131544,-0.17198496312456032
-4.789118256709515,7.609885349859737,-4.6973338491838,-0.5479578155839933,-4.427659390753077,-1.3699207239032247,-2.9106598130317467,-1.6749704641976968,5.60620394430192,0.5848684487049284
-4.523984602450551,7.7548770071718645,-4.528008460407991,-0.6635141394026902,-6.235121027736306,-0.3455034497862683,-1.1557153525496648,-0.6694314440304222,3.9131005742882308,1.7714752751156302
-3.055740957630158,6.516144352458845,-6.118791537835796,1.6316866820415847,-6.538949704680866,0.522459560998544,2.8526381187237084,-0.2389739151042173,6.986648326265212,-0.07057838430383354
-4.536226126487179,6.937321966669508,-6.212708011887979,-0.39201388514815305,-4.174959221225799,0.3935832949910485,0.16136822894097325,-2.496807154155556,4.263909688889653,2.0871188896206445
-5.709159216135936,8.221430260039392,-5.729316082267329,1.780293185145816,-7.924763468458513,-1.4946992134571941,-0.4171552324474289,-4.245799111900244,3.2143755775002,0.8014678614658324
-2.71528858217035,7.377451193651633,-6.95923347840076,1.8379477033268912,-6.525467619086327,-3.5413382181617292,0.640404807069357,-3.2794103922238924,3.9701727929480497,-0.09499850241915116
-3.074796709310981,7.3406651086637815,-6.562613884028007,0.9991739449475909,-5.16252589894827,-0.8024837454318581,-1.3419890299002513,-2.4965657080013934,2.9263431705536216,2.2649089523097885
-3.739140218610024,7.084209365298841,-4.1412789785447846,0.39313992578897156,-4.964561457725957,-1.9894156029950822,-2.1001628559259475,-3.073223342477381,5.181358871910562,-1.7362835053996732
-3.8717471903073157,8.100126781356954,-7.754568049716804,1.9361415228699277,-7.945973729469515,-4.614462940893999,-0.35877404634148286,0.6029182876814183,4.297130477499178,-1.1695224165919536
-2.205988912887885,6.91654361722986,-5.163293384816495,2.5390056941295303,-9.953252476222902,-5.812079185782178,-2.063372037630488,2.2046158384747456,4.143077629023649,-1.2766974557867132
-3.0707832567552296,8.002418537379354,-6.839096920102092,1.1736275448475215,-8.791425841896995,-1.9872156255330657,-2.031885802628339,-1.1810797300597915,2.9123745217470747,-1.8236957793128483
-2.9934386793248855,8.322521587462752,-6.491716519106981,1.415779762802934,-6.6281794969359655,-0.6149508149994036,-1.349905418936849,-0.06522939951896002,4.619289467728317,0.6170285428974103
-3.4736840656314762,6.937485364343422,-7.06093959320441,4.9041156622667765,-5.968770102872907,-3.068036846337121,-3.057279091820145,-0.8399952352652552,1.8909934650393774,-1.196470999427274
-2.2192200515596463,10.655624891688863,-7.422038069192578,2.921192305455311,-5.749583592361705,-0.44116147859234106,-2.5646914455236365,2.990504057551093,3.740431964601197,-4.071761477718583
-2.3425881093667815,10.266145720485902,-9.392105706964719,1.2415809591069167,-5.962165090328248,-3.3419422384881203,-2.930126298353008,4.154178885135253,2.089273488766306,-1.5104422634840227
-3.90288190948591,8.73049976785386,-6.799708670259224,2.2767246021978846,-7.401564860899539,-3.718794629941922,-3.5482319594838247,-0.2843929310049367,2.208916982796689,-3.2691710240954337
-0.8546022209897998,9.199768488402412,-5.726987028148037,2.992161494554508,-6.889351717949215,-1.5723736726467934,-4.036827001796032,-0.7729874997095175,1.9920682794743376,-2.7576675366833845
-1.5734916092813331,9.237463826493105,-6.744280636751622,3.9516208494057348,-3.069298653196415,0.13676497333440266,-2.354129496452124,0.41484545471018436,1.4303013932096609,-4.996621871784967
-3.9055137040167054,9.798848328839295,-5.445134749704356,2.7670121182130223,-6.950728770062874,-3.659597786138315,-5.180833328801224,2.887621745950814,0.8043629542985397,0.48379897343587863
-3.4611901946736876,8.334663451230051,-3.467320105797244,0.27520550693912427,-6.432465863445799,-1.3660790023641938,-3.5459240001012002,5.893032698142708,2.67788087530116,-0.12713085143893066
-4.553645424815009,8.663396593202974,-3.7389531674788983,-0.4233703678405597,-3.1092435524543527,-0.14101639782959732,-2.807177636666071,6.426112389660131,-0.1032318657408464,-1.7779882670692035
-5.246620277921948,8.697373824810454,-4.130577562759063,0.9191140430154288,-4.441079843242624,-0.9479203321684836,-2.512449624464114,7.5100787492602255,0.27916593930848466,-0.29065684670845376
-4.911086634143046,8.156107953368402,-5.529134335198442,1.9945729683145859,-3.992688143599026,-4.224067881597483,-4.526776624040345,4.938483269164617,0.7507745166614374,-0.5107433304200399
-3.110693406979214,5.745840118885691,-4.292044759136978,0.7995020815382345,-4.1687124178175,-1.8559802940277224,-5.74049593391281,6.814128017878798,-0.811078855467989,-0.8018132477594582
-4.1294602866445675,8.570874325252783,-6.195292786995807,-1.0135128928430326,-3.2304277405055246,-2.6672980123470964,0.16792172409971967,5.475353033642291,0.9161960357195499,0.2995922219271334
-4.982988426191764,7.9873721185884605,-3.691647654357204,2.6015066914135305,-6.0156256543248485,-2.6136333462349635,-2.075650180738766,6.060423759201829,2.8768661474301442,0.9125657924734253
-4.192319131774776,7.941508089825354,-4.738736801160382,2.976267374093594,-4.314852853552635,-1.1440638599108792,-1.7590272971073242,6.627789179926853,1.6509260510640131,1.9415503693420482
-5.920136821635039,8.638866123463092,-4.146295412240862,2.0796157790207097,-4.231956474814863,-2.3081608451562787,-4.228969815991942,8.021139548199868,0.7050221068459592,2.013398519861074
-3.708879664286544,9.89481395188711,-4.21912889270712,2.0196525936750254,-3.195842892693776,0.17916691186996772,-2.007158938397419,9.812093194871025,1.2190001514444784,-1.5557078549201206
-3.3423649115095837,8.41268520957658,-5.000939596991311,1.1546857146649372,-3.891610818959523,-3.6476722889127062,-2.4341723767532684,9.74726368205514,1.6306605400216934,-1.4098620170816432
-4.306890631393967,8.690850998029328,-2.758811277051451,0.6223680519191049,-6.548384110936017,-2.052292202290924,-3.824226287339247,6.198632957003162,0.7638439312242608,0.27205191535188866
-3.105575564634903,7.760724588782292,-5.826247792631154,3.373997441370471,-2.8361875744522935,-1.9049508854143533,-2.748776354797481,9.909682517953899,0.15058045331182074,2.2097717761251063
-4.398217321555459,7.2124773527847195,-4.4922823834531895,0.3138637999316341,-4.681928544510517,-1.106346523452938,-3.8442666167652524,10.01368706048304,2.6226678567821153,6.639909825002674
-4.3938966342154275,9.395006018580894,-3.2205811821509234,3.0063088651727874,-3.2817939862153223,-1.7478182979361307,-3.7375909351179217,8.596191101107902,0.5289794874714335,2.5033385405005952
-4.2412700443287,8.140257331464083,-3.488263697381767,3.911728261349356,-3.18239561881058,-2.1592671940750066,-5.055349498225188,7.371057920280015,3.186928041149714,2.898632004482852
-3.552644441918029,9.811329481233606,-4.816078063880225,2.8554302865959396,-3.7093724902528726,-1.2128476907859849,-6.355514049405976,10.576573960551105,2.9646750171460954,5.665828938684428
-4.009279798699291,8.353065032057003,-5.1695306524856575,2.3246938116914504,-4.759229093220226,-0.9825065354014552,-3.871400152314135,8.018457978696137,3.026502637448516,0.7232602836331861
-3.6185036597342926,10.395300815779807,-5.638693246572419,1.747524369198995,-3.3715143945793504,-0.8981251035401701,-3.514560435667438,9.047030727425623,1.3335544438162799,1.5648423103482925
-3.633898737809937,8.6978098485379,-6.289375052799348,-0.3868182038115062,-3.708166264426215,-1.1107112212257324,-5.11872818708033,6.638724495532401,3.4044112392766164,2.7201571124222856
-2.9484290774873108,9.219909081793832,-4.987981873785879,2.5761296182707065,-4.2134792220020625,-2.749544793680819,-3.6255460345851915,9.117982191418387,4.07178832366721,4.374096665128598
-3.349927569660657,9.606653859666526,-2.2780397355592408,1.7484422397006132,-4.215471358483229,-1.1618024366234159,-4.192682084397036,9.681819900009616,4.135183032014759,4.304770867748165
-4.733523066643237,9.376718157307605,-4.432898701751144,1.0541091070740973,-4.508244107700719,-3.0202327187612226,-4.79076849169739,8.321129505432374,4.263330084837482,2.442131514434512
-4.20710035809078,7.432086124634343,-4.542651218501927,3.2099308113465095,-3.6060170613526132,-1.49430178072664,-5.694182662563857,9.363009655005774,4.236174837566871,2.1866296880722347
-4.2259870389708345,10.073069165123576,-2.4059348449243885,2.836194956409,-3.676199255153885,-0.33033909741066714,-3.3468014526699164,8.49571705129771,4.879584041113871,2.125209083459562
-5.164100114727186,9.06911299562266,-4.781412619170224,0.735620064114856,-3.209650346607387,-0.27749315297301547,-2.3798285891150566,8.197041674010016,4.8743746554818586,2.9105033253359704
-4.423249110564244,9.560677933475665,-5.192085288306059,2.390947090275236,-3.9021451796931492,-3.149640205012214,-4.719615392834463,7.593830716267012,2.904592742527972,0.4112937482331925
-5.346300991999084,5.778349664260604,-2.695960062920215,2.0642060077630373,-1.8136703223322364,-2.4707356092863972,-1.7690196727420977,6.538063135042836,1.1634266151195112,1.9496489194758675
-4.379335019916515,7.110207290744773,-5.344752012493906,0.41886301615137655,-3.7230708543547273,-1.599013469436326,-3.140509847896891,7.266029962868266,4.422279063222043,4.071940385532977
-5.542332062931676,8.368036447600025,-5.211512733504576,0.34830229886141373,-2.734377985540468,-1.3465183005819588,-4.4101285056565125,4.973739016269573,4.70623903395346,2.254569383165599
-4.448270726846136,9.101074733404195,-5.5309241905841615,2.6378099670266417,-7.18041675535112,-0.3834105632152889,-3.1309204486480646,7.710158625843411,5.0985574120870005,3.0492845480645303
-4.4620758173748625,9.506969827207342,-5.672478925185916,-1.1594652530074039,-5.264692158106744,-3.39059432778008,-3.507329667402315,2.979840111793337,4.269692822282785,1.6350547921389262
-4.170807976334145,8.79519950042008,-6.626892147423588,3.2142267956538624,-6.470770194747403,-2.176274485968082,-5.462522065706881,4.548014265424428,7.420931762355668,0.5971218349813657
-2.9356388294345748,8.391996129079557,-6.706212336718325,2.8828993708998687,-5.312931480308981,-2.634128817858497,-3.89073508982807,5.3163759460035935,3.717367476782916,3.174863791636017
-4.37754311778807,7.431867795233682,-5.68135130719907,4.0057672444006975,-5.362128211419405,-2.466362524336942,-3.852405298208109,4.767922201881996,5.681575547008675,0.4966719798542836
-4.103693840593608,6.602000029235716,-3.7755738688479514,1.849842934152583,-3.8995110668594624,-4.217607116902211,-0.5643386886258107,7.732236283708361,5.499427840108892,4.593441552214084
-4.789830092932645,5.582484898946792,-3.4221338071783034,1.262839030935572,-3.601982635622324,-3.5726228251854244,3.4580256938581733,7.785125632951956,2.430330877822234,-1.5005907650792587
-5.2828748875091645,7.1200681078478905,-2.7506470541210613,2.863254833137325,-1.2994502754050428,-4.3966095123178635,-1.1071503913043341,3.093155313409233,2.2905145036024988,-1.9304019275948874
-6.676486818173714,5.34792322313828,-3.3072972923578274,-1.9861021671787604,-1.5229616752352721,-4.080347661685635,-0.15646291003439547,1.841864801226888,4.845386889919735,-2.0360264682222207
-5.930200768291327,6.1641903088127386,-3.604647767603763,-0.3508337225096424,-0.5021392943359216,-2.654041002157443,2.6045189308515067,2.606366033852668,1.313236926925938,-2.915658878224781
-6.080285413818804,6.754502517249715,-4.423907122978896,0.26481733516230516,-0.2171960864709093,-5.404590218412771,2.479500177753041,2.9532545861707002,-1.134225772674762,-2.601029784176721
-6.116979951535257,5.1127701904172325,-3.100165608413147,1.7600993824772184,-1.050637314273814,-4.763083739659561,3.301965297861285,3.3399529734344493,-1.7540348202343732,-2.157848071633119
-6.238419313089113,3.5304924123503203,-5.441455476999721,2.145381753256964,0.8299924113417534,-6.403057862369946,1.9665678820068353,2.3420743024318473,0.5438093795748884,-1.4002884913238962
-5.692723717768897,5.254419303237004,-5.069761205651327,2.2976507060865736,-2.7396952316711163,-6.3714369020690365,2.221307505482118,2.478813799802292,0.3956903461600852,-2.5579812396860797
-5.609965399070845,4.271180688444314,-5.9738997856514615,2.5005384450393717,-2.9875500012758036,-8.62358317168593,3.653924102118194,-0.16790857294790024,-1.606559040699435,-1.7404222387021984
-6.4258014065397715,6.242437114203435,-6.060855797704345,0.43760863915188747,-5.342674790476051,-5.745003804430344,2.8496633573687227,-3.318518981826624,-1.1100372041912967,-0.28367590934453474
-5.234376349268572,6.21815243616747,-5.516234173911766,2.7906461845577177,-6.2715255654587905,-9.335798516871266,3.70206966646438,-4.351886780056374,-0.033618353456295685,-2.00686021903452
-4.721161929240322,6.341617447251295,-5.5133139877655015,1.4230450805929966,-4.16791844568282,-7.034059810828716,4.585078874360409,-4.465429775518997,-0.6182792872504487,-1.141502894825426
-4.405277207376053,8.956585355332672,-4.792310012737768,2.1390759374234016,-3.7667565700472885,-7.795609312537191,2.25200520590391,-3.1212617375213894,-1.677732927465676,-1.9145374057261264
-4.365615671031165,5.166993946126083,-6.053845151589427,3.1580784045624886,-5.627839815107379,-10.449963546399765,3.909071677219183,-6.478646644769636,-1.4552533351013432,-2.540785619375465
-3.323373186078014,4.515200668039411,-5.069524440363309,4.3902954073254925,-6.233169767440917,-9.355090283453638,6.4715060237868185,-3.542224038043942,-3.269347414853767,0.043168527509033175
-3.793926740386679,4.803983059136505,-4.711444236305516,1.4495121212165545,-6.469480115667216,-6.598983107074872,5.048173787889267,-5.0974050539224764,-1.0690558024647732,-3.9377591486940617
-4.52903292444759,5.17020724529491,-3.509519205972835,3.187202631535997,-4.370823604259333,-5.155824579930124,3.2485279889727035,-2.755600823275424,-0.8732825672389782,-2.855014210373578
-5.6817668479858705,6.491408428855422,-4.857944249703891,4.43160511731715,-5.799517207955801,-7.807652269895291,3.5596346097878646,-2.780862755781204,-1.325137288421642,-2.443260937252008
-4.652739319932852,5.211555364876418,-5.146244816420033,4.400203425991366,-3.8267307085446642,-7.977494068798243,3.597495738063856,-2.4718168111122476,-3.988866253325286,-1.3419581811666903
-5.409866213183693,6.884645316761167,-4.09806592640547,6.3686996558360285,-2.847182617591147,-6.15640384145401,5.25707597309674,-2.0090105045042743,-0.752450140699887,-3.9280282583496717
-3.1874418522362373,3.749582919967023,-5.771912559466302,6.44260878548474,-5.303945838473712,-7.486771569576529,6.996058229936359,-1.0904932618709071,-1.743455446199666,-0.7970699020066982
-4.368628625854323,4.257095819357224,-5.35083150107923,4.875038964624875,-2.065478573655295,-3.597164294011218,5.714906598172693,1.8921049493935718,-1.6352712714828712,-0.12889747788141503
-2.93923298112054,4.6662892089272505,-3.3776613332365835,4.282827895356748,-2.3173598249152207,-3.7707002679340103,6.28777152908539,-0.9479053093363821,-1.8441805555884683,1.193653372062663
-4.316585268839408,4.243824417622544,-6.00472622991286,4.458421798384905,-2.0785117271116618,-3.7086898582963364,6.818087579106012,2.947071190890681,-3.7013691530246673,6.658924595262703
-4.317227062747273,4.607506404076609,-5.131739011402968,3.3630894947875842,-4.077622926833198,-6.136310442146938,4.718169454554041,3.335569134759107,-2.656946328434741,4.15487758912944
-3.609968339311886,4.866342963361067,-5.228692151365079,4.587823655736188,-3.333379948882823,-7.766582221120708,4.88506161925466,1.923069846607971,-2.4344098216023387,3.8908442169457316
-4.479076245918587,4.034009737047495,-4.2011743805896575,5.604242595915008,-1.2372726497995594,-6.348204481593109,5.760128968754156,4.827524567372355,-2.003299051172685,3.9941335158109696
-4.911537634774289,4.924802989247639,-6.350634518083462,5.312612119284214,-1.1436584792427604,-9.196725733855647,3.756676753628868,-0.8641901994808252,1.6724586864856792,3.666827501383053
-6.032360476211797,5.242383962937872,-6.1702152090395135,6.009188776218304,-3.366424147757342,-7.434282316346908,2.5048389290652606,0.3328448142981563,-2.5335244975606077,4.245214230396246
-5.295074604875359,4.244302483125564,-7.889407641038184,7.488266770410069,-2.189119249662152,-8.807649363927537,4.535208909178341,0.828867980627998,-3.158086745019565,3.979639920888975
-5.069191235144047,4.356475247305005,-7.513621070603739,7.039588905940916,-0.3734847933550585,-6.0703038780804475,5.898579405802629,0.9882973083113307,-2.0483966881608096,1.380165806847028
-5.470970551954399,3.707884804599237,-6.90456195621066,5.474848109797415,-1.6132351330528023,-6.398467610654263,5.906320596229306,-3.472015741996756,-2.395050466794621,-2.7657361416011192
-4.934323806164638,5.831655325049885,-4.822184447498252,7.451941463507957,-3.2711557371282236,-7.646838943776321,6.007043772599389,-0.36930589706794653,-2.6964141526272467,0.34746915929110495
-4.840919160493671,5.597999018284341,-7.422968657055271,5.782592774922483,-0.9989438435610888,-5.248051662146823,4.0923834437970905,-2.4815417873834726,-3.675709813855593,-0.730153583044269
-4.0038094569173,5.953369370747746,-8.095649861405592,8.854856586836991,-1.6689115510777448,-5.110890388694796,6.243084141538873,-1.9533804954838025,-3.5731792599597973,-2.075555251999185
-4.028221998930577,5.454251069334215,-6.909186000270341,4.773911243501992,-1.5163049143372516,-5.300745081401369,6.807677800054027,-1.897032485287157,-5.885573913712169,-0.6534482310343537
-5.303455560497158,5.306984022934677,-8.940479842026976,6.578164850408402,-2.7952484873308916,-8.269918435901255,5.722167026519366,-1.3846987786647438,-4.323847444214054,1.3116493340035162
-3.95808674246436,4.407785928456283,-8.38507439553301,4.819564157033204,-1.2689275138957203,-5.476026553668125,3.8635062050079916,-2.867387731842194,-5.334634261517815,-1.5456075777831073
-5.335123228056619,4.586350887149985,-9.215192210880666,6.090244903539602,-1.8888320708341635,-8.260918060946182,5.404277753681545,-1.6285751134712123,-6.029036481218138,0.742856347432762
-6.176891890447878,3.0292290448878405,-8.099018387424794,5.457772753642057,-1.2996665511901666,-8.290762244754418,8.541970585874985,1.2225571755561382,-4.075618327831482,-0.7567051721312855
-6.323745873393313,2.1773899764777394,-6.401874275910863,3.595141042046903,0.8468213843469037,-7.93859673109589,6.433922706844292,-0.034174760634865,-5.520049369036537,3.2555913704017874
-5.965311356824127,3.051970903938155,-5.4190209327583405,2.8016574448243197,2.005942852420964,-7.491141199744451,6.6851158328133655,0.9848105709555927,-4.83257700198574,0.11315138958048555
-7.234871482725065,1.5191220916896082,-7.611893247239708,3.532508757618947,-1.1982072710494032,-9.091872327679901,4.059460822998319,-2.1292403899538974,-4.451516862362491,0.03256796004311669
-7.475686175449553,0.8923110284769064,-8.496104102694877,3.236340980796086,-2.5646080389507975,-6.025872699938138,5.9640500606360725,-2.5520958992158547,-3.1439098958487186,-1.6815813153448673
-5.287039452139759,3.0807575362254935,-5.639650696911778,7.194836670392368,-0.6705130267041255,-8.180050615705593,6.858184115595871,-1.7105207653849772,-4.858669416652749,0.08688100043893732
-5.7904671350912915,3.434443618329204,-4.784025298325707,4.644896229113782,1.3628796226202493,-7.4907093392566955,6.4418623327790785,1.0318102335262487,-3.5135201724455887,0.7188011364194872
-2.9819798866350227,2.0321328208818015,-7.14106264244968,1.368573323933344,2.3708188933914,-6.8743004160603745,7.104578377791419,3.2728381950592498,-3.232155688632742,3.1584553065699965
-4.55542674341525,1.5307286009311867,-7.660415782355778,3.420528918492216,2.874955299636773,-7.81647577359742,4.909225434772955,3.0880496430430706,-1.8425470113411773,3.534234233278847
-5.470513837013166,1.6809430681954554,-6.295442782864901,4.407746524883109,2.914044927262266,-5.6634930755497885,6.1241739102953305,5.79547915874446,-4.725417162576142,0.201719703704046
-5.06680294484259,2.6844465409876204,-7.1848116085122244,2.2843057335749832,4.587454111349026,-9.08616929772537,4.2686944354226535,5.18764007997829,-0.735181971437887,2.0299427793449074
-5.344052122735287,2.706848834040273,-7.203630477893678,4.504722021271162,3.308140078362542,-8.136600337453805,6.387955753549421,7.425468402998264,-2.993592154929622,2.8853384551161505
-4.735583732484924,3.1211019384695478,-4.98606043390826,5.669467478212736,3.4034721356595083,-5.350172656236656,7.068983213571861,2.5143173736684585,-4.557572542384486,0.4869773559274258
-6.535304733320009,0.13183297893825485,-4.2415100799198715,3.3999046181135064,2.9234134299615144,-5.933279015247638,6.055481656720756,2.759941851733379,-1.907212571669798,-1.1566769371893872
-5.135983106598937,-1.388931022355185,-6.60165449097043,3.041927031398136,3.4056814107304754,-6.320107557256661,5.723906825606518,2.1452629030451167,-3.3326320484718286,-1.9946561717985625
-5.20565020901684,0.9209313073651911,-5.23355537900148,3.51054940740246,2.799127653300648,-5.467359161907522,4.101474344301209,1.2746311583247858,-5.523669220883818,0.8059845237413544
-5.558635033481077,0.43805344718959655,-3.840212619479572,3.1806688125827205,4.474231533986221,-5.454171767837997,5.310076606154271,2.8111053414023823,-6.15495769315426,-0.44252616810695616
-6.388943467158084,1.9660839373011216,-4.614608920095859,1.555583031885592,3.891073786313379,-6.151366044072052,4.191607896558092,1.6784245416844257,-4.750874194961182,-2.9920805437387408
-6.608418904528748,2.1307109222369784,-1.190303085434559,2.3568807211080065,4.817032351961093,-5.766963183938273,4.4429986331907285,1.4278708700745255,-4.22256763350191,-1.7638961729705267
-6.818784204066571,1.477710215976598,-3.5026562197400803,3.282183034599628,3.6231617805110843,-4.509035540558347,5.254321337867986,1.3605239699645106,-2.8150844146670138,-0.699677686179654
-6.435375245490549,2.3895996954951007,-2.001485973346552,2.0719276320639337,4.583210340204162,-5.771217530054948,2.6337750464459604,0.5217771749275745,-4.994358567082249,-1.0317516656863017
-7.111545222829957,1.7281189628691456,-2.6862125528619156,3.4217712950868324,5.763453948889391,-3.9782006627674575,5.58240085256467,0.21221100055535852,-5.0279376244945055,-0.9448113243563077
-6.493933605578426,1.9415714231582972,-2.7610113935227827,2.0575786215969707,4.861351394579796,-3.835051226776543,5.821560558916882,-0.6728963479826783,-3.5750750642942153,-3.0670017784330783
-6.927015957921976,2.6565248855783965,-2.3711446602248754,1.837463495924641,4.158528042731667,-3.5318050022665464,4.2601629057457435,1.258943266105348,-2.326047883723933,-2.584307570695975
-4.9909700947715425,0.3299663702885466,-3.483310957695839,1.34404026866164,3.4629982546545746,-6.555166239194062,3.8416116934836784,1.1369099222226522,-5.87775337034846,-1.3193803961570592
-6.592309126387309,1.724872044713613,-2.6238563332589298,1.933687060215817,4.960706447261692,-4.571902836627627,3.836864956396308,-0.6312989703468602,-3.3920050957793015,-2.766211478759777
-6.6063253410569365,2.2198537717413473,-2.826490409934254,0.6509290831391698,4.434953665664049,-3.0557424878105772,2.3866302980952288,0.7257114395075945,-2.710787335582773,-2.143540970935347
-7.1810804671452555,1.271778059143202,-2.043308455890294,2.2031239822305384,5.756419997597666,-3.1063922437514546,2.530851532422061,1.646846603786303,-2.5286454529289655,-3.863798483146499
-7.455953789383246,-0.7986478720365529,-2.318199954129484,3.3619875167462347,7.263680361994788,-4.256406612621974,1.7519183097616566,1.8449375882636045,-1.4683045627535152,-4.130024535945755
-8.912856257626185,0.5083917620482784,-2.6422755847357573,0.8728966208835168,5.268404625372375,-3.951709470164717,1.4636331820169588,-1.0497351772328087,-2.319639081078689,-1.1764873973610213
-8.616790064567324,-2.732707817930932,-1.7731102766904607,-0.253402006868219,5.0438089120221345,-4.111945134748493,2.9124672306402366,1.1284012726529862,-1.5859175157441936,-3.3312857030895797
-7.641525876645828,-1.5906313402162233,-2.4610827467895446,2.3510384975787386,7.865512894416129,-5.513433132628475,1.6055663975090602,1.7025922797117046,-1.377621045653953,-2.7973019478284713
-7.529332418331814,-1.9756149326957877,-3.321910338591653,1.561965774907661,6.83014751963352,-4.632053607308532,1.8575579392240156,0.896712620667989,-0.3701439318985011,-3.8303892182798154
-7.999633717257864,-0.948260601019728,-2.1018963205284646,1.007423016306997,8.500534989110957,-4.767001254377372,1.8540572782610278,1.7370952178830372,-3.7977933387251994,-3.9275872376358683
-7.441644875763505,-1.7043241538996206,-1.4742836393279442,2.200050451407967,7.295930336375448,-3.9599433984879795,1.2791702444158366,0.5583496964417944,-2.652673352170553,-1.775906414824414
-7.686430335804604,-2.826273149339576,-3.8268991392225673,3.9136628655243197,4.425153072603222,-3.3828976394475125,1.0993878493301092,-3.1736141048747784,-2.5350173479400464,-5.068197302525603
-7.9904788416350065,-3.1351269175777694,-4.128502188067967,6.291622855773079,4.973264909875547,-4.216203117553753,1.5215533670073935,-3.7452798615722322,-2.940315118108232,-2.9605085060366108
-8.679734975724632,-4.472348665093362,-2.5502560124803475,2.384435450663469,3.569158089685445,-3.890467493343319,1.744492637548704,-3.755009701127977,-1.410860661566309,0.5385080701479563
-8.327546411591333,-3.0031810749538397,-1.832051163798773,4.397752671144098,3.539908213655988,-3.4839149365644584,1.2238789502501857,-2.431114420120753,-1.3143847939558784,-3.825514418942034
-9.66837195713485,-5.047763590470389,-0.34109301830691774,1.3467854819456737,4.837108390927401,-2.4450107260372764,3.65243375174125,1.2129754587249582,-0.9420856287158204,-0.17515070339521896
-9.330513064352896,-6.335213677431797,-2.012199727506335,1.7759548737644528,7.154052021088985,-2.8635391173915035,3.338618026042963,0.2976266854262266,-1.7028066781583626,-1.792613898431458
-8.949503799956611,-2.9806161284315738,-1.3587609992791667,4.970160429017187,6.73500485376146,-4.181185236405285,3.9133334676863427,2.9438837348920743,-4.456851425368392,-1.6946133259615492
-8.52106598752866,-6.07730253019569,-1.5005798800709127,0.6194863125755272,4.041805160692709,-1.2597849799794574,4.316692442379904,0.9860723469682707,-0.2986543991781415,0.03628902668339608
-9.151379767312775,-5.126449206908558,-2.06039994565413,0.563819078100506,5.469558917254394,-2.7551742384288835,2.8540211609874433,-0.7671521675567023,0.7264517167594223,-2.8196300407056927
-8.596695919901249,-4.485263495088176,-1.2602067931049226,2.096690217103646,4.892328972803587,-3.0098673792629267,2.6397979820340587,-0.30912157288637904,-1.8126206423874869,0.5189696999925423
-9.437960682948493,-2.473533325060069,-1.487772254349757,3.5600592194402068,7.968694620434802,-2.1979472947227485,3.3747615147158743,-1.402463570980342,-3.317902858993172,-2.0275894155606613
-9.248322881550823,-4.756611032059878,1.32975747129202,4.280877829412527,5.459649047981597,-2.5670741286441414,2.456411521237822,0.19023961166295775,-1.547295264653281,-1.5853333825416995
-10.379618349669155,-6.012423917022472,-0.5712968223714044,2.9182766489526317,6.390302746737572,-0.34580585675206105,1.7651237029822715,0.4477821825163065,-1.5815030820572227,-4.677584919211642
-7.772047505589513,-4.392652374503305,-1.4783584579112938,5.036943390827137,4.033575617062887,-4.516856283449566,2.4558291200894855,-0.8071147572180817,-0.9920309496298862,-2.7682145520313277
-7.909040532531545,-3.6840029662842064,-0.9506935484291523,3.433111749721167,6.216723316530735,-2.1337603227174418,2.205813525495137,1.2920753174768853,0.30915961237974365,-1.6464177525596908
-6.9136338998362685,-3.2516782922653165,-1.5907361881757518,2.6910770022047052,6.280973230714872,-5.415355292314852,3.936867016991142,1.0096249043146701,-1.7037670511435357,-2.5892605362160634
-9.702590986186257,-4.841409761982498,-2.649114268585027,2.6665672534655704,5.474752222098509,-2.758851141131788,2.6551607922844647,-0.2587190538914705,-1.3271246304808504,-2.385291270475388
-7.675221045843114,-5.327598783433869,-2.8819019096350194,5.221851790124073,4.972460968797412,-6.540438323690235,2.3300957495764023,-5.233633846017926,-2.1200662147346083,-4.749811370808341
-6.062226077328436,-1.7087632132044415,-3.244421446327399,2.965376299720714,3.8160198521390605,-5.470684653833983,1.7073615105711344,-3.2553268011856678,-1.1718033051034848,-2.2791726687031986
-7.5429869922353445,-5.071364671048584,-1.05526206674642,0.8820817632734601,4.532346887337624,-0.8616528805289495,1.5829807738626807,-0.666126794457475,-3.378099901570008,-4.703630824339707
-7.832492168776527,-4.906812318631075,-2.2918433978909514,1.9099128302551,4.612333210959679,-4.955757750021709,3.9213687566383966,0.7251795576882564,-1.3253889693476983,-2.482927948102992
-7.856804919604094,-6.030052927394892,-0.11587501954152447,0.7650282692104549,4.979098946935147,-4.081048778869449,1.618973899078696,2.4034124036376077,-2.4379593381429316,-3.5459618536647852
-7.545203303338791,-3.611592118419226,-0.2900361940117585,1.2544192501663456,3.6783233215733833,-4.1197759204012225,2.2715626120436783,-1.2134865551778096,-1.2857689879648633,0.03313690062367245
-8.410722924549118,-4.760347706168456,1.4993275939303161,0.1399846861919378,3.5065671601338693,-0.9713903855361984,1.2475114843887176,-0.9669037817959171,-1.9266809588435165,-1.3732054653929913
-8.070007171973977,-2.0148628719162187,-0.00788787859053559,1.642806029911377,6.00451022452347,-0.03756834701399848,0.8195573725198272,1.1848542417910806,-3.319104312537079,-5.742415698659984
-9.416309525929835,-3.724071559806305,-0.19012967484878995,2.881400317854365,6.468693569300139,-0.5051348875954326,1.935685667704954,0.47132841714461515,-2.820556464549201,-3.9016277701277127
-8.99693486600207,-4.471429169189934,1.2442974885700762,1.9772439245966633,5.594630082487778,-3.4786138055001397,-0.24701371187125873,1.3420050317031653,-3.1419706288813884,-1.2838478017757866
-9.874669682892,-7.419906906801495,-0.5891673891999714,0.6568521155825331,4.4636343308300095,-0.5361867252665832,-0.044900759524270424,3.2891918109894966,-2.0506095062076497,-2.8156606537071043
-9.977303190987456,-5.344622091094782,-0.05063848471898724,1.663413959743832,5.699099630923909,-0.8851921498062383,-0.6984140577952247,1.6016450001215208,-2.4289859859023193,-5.650947753508069
-10.988702119688993,-4.870119997182116,0.08912011122085642,0.31946668636950726,4.411977287083712,-0.6892030686005601,-2.990296464460401,-0.5834247328736158,-1.4357360630372757,-4.89244543042074
-7.884358542976614,-4.534396924265068,-0.07043965964698029,2.5511760785268947,5.324167027319486,-1.6065514426041547,1.7462862982325373,0.4175709602665051,-1.040881074267568,-2.8195733142824886
-7.94377072958539,-5.1399827932512325,0.5786516176663976,-1.875038316260398,4.254416879246919,-3.3489927481012134,-0.9169063046789416,0.04667360162825961,-2.165666802813356,-1.8347202691459612
-7.998298387330731,-5.453036129335214,-0.34179195352987424,-0.6058554156839776,7.892914365716087,-2.006478659275634,-0.27261063823312276,-2.8343660753853315,-2.450341021120408,-2.2129397656504293
-7.6555994409086505,-6.565475200678175,-2.855179554581055,1.5958430970202073,5.0025622523605,-2.0460922364394745,1.0557480960911259,-0.3114210541526691,-1.5615724084022702,-3.4828280094452997
-8.891392803319064,-5.023969796231515,0.4104763166827224,3.432935897727916,5.714316642940573,-3.487750301362512,-0.35196231816082646,1.4646055756732717,-3.932320149162393,-3.1878780324591354
-7.574557418387101,-6.2529440229806115,-0.839333829373044,1.4181081044913282,4.291844507815529,-4.714994472505627,2.189520051275851,0.5366252471248081,-0.5982026666956621,-1.000596095746424
-8.815010211786523,-6.56713370189687,-0.17316235497229512,2.0890950319246477,4.3175670040978735,-1.137586752329048,0.51379167132576,-1.252929125290915,-1.217807035030977,-2.335270103053797
-10.271276424418133,-5.909611304714081,1.047886775235713,1.3173338092991516,5.883338248251867,-0.17616570477788981,-0.9358996465597106,-0.536157709785736,-3.0757665627881616,-2.9621516800199945
-8.703721033180491,-5.230256151970434,-1.5204734631851904,2.6577825244939075,5.579317570423529,0.8267624846706174,-0.8510873942102067,3.6391893755375166,-2.2056703819546284,-2.9219225286445174
-10.57097076673881,-5.126717270636643,-1.4212012007994739,2.800823126717553,4.87158388181521,-0.8991295916697905,0.16628466801622405,2.221731084102369,-1.661199329236364,-4.146599496136605
-10.508306614963473,-5.121308740377783,-0.9484051268835253,3.7240362727231178,6.2276940077720315,-2.1281025184281694,3.068368499594996,0.7885353324019178,0.035340046936970924,-1.6576901544039142
-9.476945977197898,-5.779475426738251,0.05430256114324382,0.7768225828342503,4.146382008488579,0.6790461970004741,2.200273102174467,1.0931724228121134,-0.02254891035835916,-0.3927887808819325
-9.717084932020633,-7.7838171603295745,-1.7762786816083769,0.443763872640842,1.8932035156058633,-1.8657190280548752,2.0447435335755104,1.3976747958834466,-0.8544821242870334,-0.5854834315063082
-9.465865767270714,-9.058630292607466,0.056567791516934265,0.5910932148927162,2.66893239554177,1.1879080137236806,0.4653083034742816,3.6064837014953754,-1.4546614457721145,-2.98791166936964
-10.301777511406963,-6.990939011163568,0.21833927674302045,-0.5738956020547368,5.071728874086186,1.8404963571585768,0.20024722146923735,-0.3933209489341993,-0.7651463501500654,-2.544938472312379
-11.341023679008675,-7.1477271235640245,-0.4972444060775838,1.0976354204200607,3.304647250239146,-1.8398164303323328,0.7617821960930207,-1.8802809745893614,-2.1242792974249998,-1.9397487218149732
-9.137572869888812,-8.7444268736241,-0.3193606325707192,1.6453162499784468,2.476620585827059,-0.8331393063136486,-0.016616468700623152,-1.6564028525350043,-2.9431714161151676,-3.2842433723423547
-10.053234775169248,-9.116667712854886,1.2190883001051054,3.087593212782343,0.23668295760107544,0.47806506145819205,0.40385261515796506,-1.09482113387153,0.03930188584663129,-3.003557994941451
-10.08135602163121,-6.906849957245956,-0.45849287822520945,-0.15436333835865834,2.257750160503357,1.5382099468076167,-0.4195322816959511,-2.5098769375422787,-2.101303737495062,-2.895341709996118
-11.593458440688972,-6.060895849887134,-0.611344442004566,-0.36641822418173325,3.2895317508843185,3.72419866124585,0.07366039004494328,-1.5668149363977983,-2.3225520482221502,-3.872588525002281
-10.449435414414,-6.655591111257772,-0.01850421553292784,1.8784440481506863,0.691807122300511,0.10975177318452319,0.6958798567067599,-5.915606218226713,-1.0328761145464571,-1.46376291800621
-10.26628614921848,-7.649821963654347,-1.0577798686081603,2.0596963174171443,1.0978170863180456,-1.8200998891063702,-0.34881597290569455,-7.2455379777865145,1.149785470292702,-1.306554803254716
-11.133478290567929,-6.130249053252598,0.09185374557427554,2.2970582311699985,2.0686113278069262,-0.23340751805490628,-0.6212338747867661,-6.987235401485935,1.6236252109443006,-1.9805650875429845
-10.266297358680712,-5.26457617289487,-4.361067219848908,-0.1384367113127322,0.18612499020821263,-1.690566341722077,-0.8700689873094308,-5.334711219396436,1.770082463069175,-0.7256954348700478
-9.084211964039302,-4.7882942144218426,-0.8227389838109613,3.1047154465492053,0.7703876022217233,-1.5808580745808005,-1.8888739166473254,-4.374127807127494,0.8055857114246154,-0.01967991124088335
-11.818930157078585,-5.957665095269795,-0.001825061664192212,-0.12136374382628017,1.772142228741084,-1.476670019804754,-4.374563021211411,-8.825442599721363,0.028984646877810986,-0.3983889610762777
-11.381980922827257,-6.691630085072359,-0.5991258332061757,2.018976321017923,2.993883982036412,-0.5544168831066274,-2.7620245986017586,-6.971173518348771,3.381653418320031,-1.7868085381975698
-12.175266462873891,-5.637530976310886,-1.675428093829195,2.4741580453159306,2.6162159069507136,-5.528848022205208,-5.374611942641717,-4.157698383498237,3.2760541654903594,0.8027834839066926
-10.715196185665851,-7.486089560799098,-0.11777651739203059,1.777736043700333,4.385389189849417,-1.8020945994566169,-3.0569174507260812,-5.554238266598222,1.161511967475993,-2.4864679819416073
-10.20885377178998,-7.851775622063189,-1.2235464947343462,0.4418691983443205,3.348065705623267,-1.2698650491515748,-2.5384602997169705,-5.820217123890724,2.718368240065776,-1.6330703971058456
-10.59338886453672,-6.04227034676829,1.0363202675216694,2.8013603244968395,3.3111989901654875,-1.7473008555741845,-4.565651280856194,-6.917704949403166,1.7272176732889324,0.2622066204713651
-11.968877269117181,-7.982796368415416,-0.32469884275964894,2.2898910993466965,3.22369516248285,-2.6298452523098597,-3.218872319584643,-7.222778284113699,1.7470093451263,-0.8632727416924163
-10.513050345913424,-5.777865100994548,-1.3160421491582128,5.142263375830956,3.729529226334316,-2.2160675825749117,-6.875141473811724,-5.08147029996815,4.128044800158479,2.276275707852679
-10.75302345361043,-6.3778754062946055,-2.2352370993029433,3.6698778911933787,3.112865256356532,-3.566223746328009,-5.853840750191671,-7.493068690106698,2.941225394941242,2.2640876680808284
-10.586328856442927,-5.468306160698717,-2.7464039978273025,3.460824723390882,2.277495467967961,-2.2656327965870116,-5.030631506276327,-3.527793797466957,3.6239560168079863,3.9875963563357955
-8.9194258020152,-5.9783690526292546,-2.1879127707425625,3.339541313547544,3.065648426161353,-2.0144419136255456,-5.387847412053625,-5.448767014248313,3.239232897436078,0.6728198406499588
-11.846498520450197,-7.030466022598974,-0.669989413699433,2.2177572067768,4.148689174130882,-4.5563666423447415,-6.427106714213472,-6.35849320663665,3.982188792267112,5.0483359192314685
-8.968041163208955,-8.57487990843022,-0.8239981485522078,2.473957331908811,4.6999487604840695,-1.402764913659507,-3.8975265482226873,-5.491530813544044,0.5071542866327728,-0.19973386072656996
-9.323573687129965,-7.286748244173578,-0.01109767060280769,4.68857146573916,4.421915097878845,-0.6597620234014779,-3.708120328549584,-2.1328287434057907,0.6865518788356667,-1.5654029054246559
-9.814177946682195,-9.377512164371247,-1.6568675597094231,0.2523395770132769,6.245985023424897,0.8331902897083735,-1.3159487908494045,-0.24680818324365983,1.9730462176306296,-1.6095442006910945
-10.70418264403183,-8.053458204192696,-0.8260581697942367,1.2432985848773497,5.725213351134312,-0.3121524546749918,-3.6572618877906065,0.47591439922170886,1.4886776454510113,3.3809095160042095
-10.145056201712944,-6.390735347699631,0.5096981733780199,2.801228647892957,4.259087170405006,0.5122717356685554,-1.4476504764372982,-1.390329078304394,1.0633042485634514,0.7988361699198613
-12.355083615923101,-7.805064395646286,-0.4345050127623507,0.3538570399732814,3.097279606706841,-0.808209885437082,-1.2361104520253734,-2.181845487005978,1.3272651446689923,0.3932532585563271
-8.30510725633419,-7.034056938553069,-1.1527939316595004,2.114745977688443,2.8404262097593413,1.3449937291727871,-0.8764116346733132,-0.08031982588143553,1.0362936378138778,2.6811143948828917
-9.993826795553693,-6.29912618482796,-1.1487509616145108,-1.0488838441704007,3.746727758603907,-4.249842443847424,-2.465672481789913,-0.014520181100693183,1.9620702349817938,5.308119208152262
-10.992721495902913,-8.84879778432024,-0.34780157897375036,1.4823337341906428,3.2104276176154203,-1.496799820265603,-2.60258150168533,2.4773432650237344,2.8395412037076144,1.324570362787714
-9.02703697251947,-8.135670325899163,-0.14548829056290377,0.20864077304273618,2.154097794413337,0.333440691402625,-2.997949475865004,1.4697202749656177,3.242122573025888,0.7073178034964587
-10.140560810925052,-8.175165728191175,-0.11580602873385079,1.7177256909168155,2.25966453865088,-0.09543002179251983,-3.1035670187802307,0.791094253294197,3.414172100652568,0.7400832033706781
-10.881793975257857,-7.823658497407154,0.4028010904783031,0.9807957068751765,1.1775297327607104,0.27825562194915304,-4.504254382399907,4.196215562193745,3.8234182013444147,3.1990556680435116
-11.00691946969889,-6.093919142038079,0.5162555573707011,0.8108851860537567,2.0775618759218317,-0.6895553927909718,-1.602054053061085,3.891700637045536,3.472430968606007,5.679922535936936
-10.587402220259163,-8.601164330687208,0.3455018789612731,0.17743552218813194,2.9091084031836916,1.4600782454605705,-2.5476010743277104,4.285609270427597,2.878950237121178,4.5863236273334085
-9.554356207582144,-9.17771751759326,-1.1949926728136802,0.4055851844052153,2.0368283101115536,2.8872681852990767,-2.701237864369995,3.384140085641284,3.370638364564757,2.088711847275971
-10.544378802841461,-8.7033981190343,-0.23047523131609393,1.9451036616799346,1.6851008058624641,-0.28917263331696924,-3.573629295467945,4.205843071122305,2.3515871923302227,4.167250534884762
-10.402828831108035,-8.37266952984292,0.694405402360744,0.878645991662218,0.8591650764680463,1.2550801203509896,-2.282111410629499,3.9812991499318025,4.755345246710095,2.4749882063224695
-9.645160275190172,-9.858811260818205,0.16121129739905524,2.2470197139426755,0.1467067082605073,0.4432549824624446,-2.7088580775325313,0.981226840965744,2.454135629890249,2.920744962196195
-10.108174423636806,-7.343915566136689,0.68971954817828,0.07101181896902456,1.6948415806917654,1.8886024064163878,-2.813160476548434,-0.11935017420937236,1.1041682327712004,0.2301545594649672
-10.137738059134675,-6.306146513707726,0.1617452549053036,-0.8380223030971478,2.6378070470460693,1.0448689772138322,-2.7612042706864584,-0.318554016670833,1.5097786644583946,1.5869203756214376
-10.705401099751448,-9.158772509882121,-0.8941903182387191,-0.9289235552035285,3.4009818898998514,-0.25141496110576417,-2.781764231391541,0.8004872429348143,1.180229692870872,2.2376013262384484
-10.892766369194655,-8.87194207804582,-0.10499339412446333,0.32698501468968527,2.4441125621824207,0.6372445620995079,-1.2760222479970011,-0.4391212265949449,1.6493884030448214,0.5464489524427617
-10.713462238087343,-5.550266072152662,-1.4214739084420753,-1.1753973589982172,0.8301337775124731,-1.4081108018743007,-5.0534631916899535,3.042233644917866,2.587296810375395,6.432270909937506
-10.444749644884368,-8.265853767434864,1.2627207242701821,-0.6624861508672188,3.439304200961662,0.8381531267478253,0.6968211216845525,-1.9139810719459178,3.9687552100444368,-0.819938175429305
-8.676644769389918,-7.6239832999390496,1.5922781137890039,-0.7848812939525202,3.517355067522576,1.4493200463676468,-3.069962278939309,0.012715257234796122,3.208889299778586,0.15592470669816375
-10.672674911200314,-6.326539386344469,1.4547757346828094,2.3511353828876413,2.4378620630710484,-1.0923297207013893,-3.936028867893642,-0.41767817736146745,2.5849697313854034,1.8544989593081178
-10.407327733375674,-7.382875307554925,-0.7935674358651457,2.185437527371288,3.5518345202056816,0.20139693315727136,-3.143952284415403,1.9845795948312912,3.0804361146591086,-0.23740646495276435
-10.527166892790262,-7.5707020788163915,-0.19397441187619133,2.1185088742130214,2.270313497264613,0.4821854729738464,-1.7565643472137666,2.022478516688051,1.3896836606157559,1.1750213654151698
-10.776409820417195,-5.485882250373706,-0.3316997149237066,1.088595279722252,4.94375098066411,-1.1678320162687708,0.4821767859513587,2.4057817729494007,4.136570636103778,-2.8588190146470454
-10.678151532400765,-9.072935139271756,-1.4485087501019374,0.08829561378461978,2.4145971709919114,-1.6636733227365907,-1.1179747595669538,2.327989808652138,1.3596884650220085,-2.2888195867804715
-12.090121624261918,-7.258568368093811,0.314593346269212,0.48371999894876366,2.3658378486192455,-1.0442917671301581,-2.828306629898027,1.2844292759543132,-0.053098928124836485,0.6901506177703337
-11.40593916984359,-8.23611275128343,-1.6915517146057346,1.0124579397716185,3.544053775788927,-1.977442350995987,-0.7558530505133078,-0.9459136939811006,2.324000746417287,-2.205841045380995
-12.64409739942629,-5.667716162355663,-0.5532769847742566,0.10411791456916568,3.5617831333236394,-0.5675893728307985,-2.77058523701544,0.8958521416209635,1.3789140738567822,-3.5398061207032043
-11.23877786072968,-7.5330806877496626,-0.9751497556694005,2.7559306473817538,5.766201153425794,-1.2834756658732085,0.9032339778607965,2.22453089687419,-0.2814296652908418,-0.3080181441531186
-10.429692178585997,-6.436759725787601,-1.2417830233974771,1.2464012313448392,3.2005048650777193,-1.6382297993131885,0.4142941590827357,-0.24076661057260035,2.1952864557724787,0.01752627728288116
-10.977241482317092,-5.434403628588728,-2.120402225950688,1.6551346320111433,1.0513489860596572,-1.8881864486948423,2.318213751545653,3.3632037960345973,3.1968699972798893,-0.9017001148938046
-11.737752745526407,-8.369039699895332,-0.37785141241827447,1.8899610512113614,2.6247996299083645,-1.3394370277770453,-0.3328489455483927,0.3949802909616498,0.7668564082697926,1.6312309311788997
-11.883443492453969,-9.739637074999662,-0.9583874020590216,2.3738036289279676,1.8688481531316097,0.2551987534870494,0.7676611989091987,-0.4523491011418764,-0.5158517402699647,1.198724680678514
-11.118856495755887,-6.533816007527878,-0.3759783231693324,1.9810348740661574,2.5303447520177715,-1.2181632644487594,-0.2091065958415641,2.905419710807984,-0.6580061883813945,-1.5842237956133396
-11.567116296272834,-9.084517010798272,-0.19835767200706766,2.0483654575562,5.045703299660533,-1.9875373654402275,-0.3444302927334627,1.8962375539842813,1.6357292660648897,-0.8731310871414991
-10.083045891201758,-8.77751816891392,1.1223764497856414,1.0066270095356231,2.4601344331415214,-0.3763919315478488,0.45365575700606237,1.9235063612660834,2.9741010122638896,1.316553022957049
-8.879731187723776,-5.9770748251974775,-0.19276002943032552,1.41860624308556,3.4770564372844692,-2.9679408742170827,0.3042941624727029,0.06934696992623554,2.18041026770932,-0.11824123301197319
-10.4536051065253,-5.544137673073116,-1.0109677666393937,2.984287450051005,3.6455750223486953,-0.40438457955073026,-2.3372874199799263,3.196335509251158,2.663975589935308,3.119446814730307
-10.346500818894858,-5.817205594509848,-0.3696466377836133,1.5253996020291871,2.3243459344487896,-2.326804345483615,-1.0737444366445692,3.117678224855433,3.0834100070183768,5.529929578605674
-9.664700019415552,-7.58839719665311,0.6270744681723777,1.354317949643519,4.794542627489778,-1.269670798922936,-0.6347621203004353,3.045070805522099,5.372264555937764,4.197663895841627
-9.807636328443058,-8.212628082212579,-0.595412496738339,-0.2828531437847211,2.162273381500542,-2.719077632737432,-1.4599306295979508,4.392511520829221,5.087602425721836,5.463188161781135
-10.540021346040641,-6.556003020503499,1.2264783863199038,0.7131671486854503,4.394895885852843,0.8562230804925589,-2.75629690290034,-0.16391681409012432,2.424538336644859,0.8994857115775242
-10.814305506404766,-6.72379717142157,0.865580649611198,0.37997691132463873,2.4373234604099183,0.13904349198254182,-3.7305833625820126,1.6266506285501576,2.830233782294142,3.073588702576426
-8.468588417744703,-5.06534880473402,-0.21356740585274905,1.5845080215914564,2.421729206827547,0.35653587105199985,-1.8406713030388397,1.2913753166181026,3.4080052400858247,3.9644366401513733
-8.751705616148108,-6.286288128230781,0.9960721089844795,1.4412953503525059,1.8007690714368108,-0.5490702227696376,-0.7574755696282238,2.513091361088874,2.827985124351256,5.1409964338407494
-9.720903350329417,-6.500776863697741,-0.20685111790456376,0.6043905706128209,0.18341496904482735,1.1778898012352934,-1.5201566158450257,3.673048504212075,2.7870306193869023,5.271677627313182
-8.968737290852733,-5.758899479688488,0.13313967949271335,0.6676708813705743,2.424734955629719,1.6878852040223409,0.7437313924650095,4.926205232141331,5.664927290322943,6.0145243867945535
-10.427949067599954,-7.124243890514322,1.3609495163135144,0.27086091003803964,1.9757857352504005,2.2181808483319885,-1.7461999346985368,2.6741640312175257,4.890323293372034,4.106925129391496
-9.417226057703685,-7.047261444863436,-1.0735848601465166,0.5274552356713201,1.0070361311644311,-0.5419119234418364,-4.231405673534848,0.26156886930882156,3.0434631150360087,3.556627005934903
-10.807401600284642,-9.528416172848269,-0.5431304442114654,2.4974647829644923,1.5361503661780527,-0.08405957041828332,0.11895103137473638,0.1000375058243802,3.2679175330117913,3.6644031181349144
-9.700556907284907,-9.24566531662326,-1.5886355462462416,-0.7517604735873388,0.6437249219239923,0.03802583311342328,0.004277850404045232,2.41908974896934,4.253014203042454,3.5191513168585282
-10.57935254722095,-8.75122841961056,0.6989935382837771,0.752257883978093,3.810679969090986,-3.4221943326379285,-4.924775775454033,3.134916076508312,2.059525096011529,1.5662039577131976
-9.211968545013185,-7.472572042300489,0.7736559845889364,0.48545498661749936,4.509488868664782,0.36818517467891965,-2.9756861472639136,2.3743664260716106,1.1488065022255822,-2.055924465367399
-8.792041463920501,-6.41503854222452,-0.2953179820317227,0.06117069981944535,4.721939347117903,-1.0776690760486636,-2.1965324058276128,0.5953330708569724,0.9609742999401117,-0.31553833882957705
-7.019549022319267,-6.222121505557765,1.2445341387735014,-0.32587142311716,4.3355360914079055,-0.07704693039079569,-0.9895759893275825,1.0769805302409239,1.2182352305723114,0.34587213874119027
-9.349969242346743,-6.117724118734644,0.6373808117614284,-0.531059711772841,4.767275427529998,-0.9365588428183347,-1.1741474388360438,-0.29868036906450013,1.2212811699942003,-0.1775950684436809
-9.759929586051207,-7.63453945843513,0.17935521137387886,-2.7700560239395795,2.6875120244336745,0.8457973951673868,0.3227344631249706,0.33625098088449396,2.3738628435813656,-0.19999017451479847
-9.823504885868696,-8.430276563432109,1.0400730898916632,-0.46011980710706857,4.009421945197331,-2.076993677435307,-1.7175435726616577,-0.319188794594116,2.2783232033272833,0.6072949767438004
-10.009125284146487,-7.816003697038747,0.17405016532111095,-0.7310341096182221,5.2880934967097115,-0.26040444668012636,-2.4317542759235877,1.3587307414171461,1.7643732087722332,0.47246681458366724
-9.945354334849503,-6.417231324686751,-2.131336501181499,-0.7382774342685764,4.605257165124268,1.090666822455094,-1.9151048823527832,1.397886988952381,0.49570812204703374,0.8667630750155529
-11.741645938598833,-7.930891218739654,-1.4428276794151982,0.2735815223603353,5.768992161163368,0.7690207939980422,-3.5347798324607123,1.7944436504868737,-0.5886083168240294,-1.370759047848782
-10.56332047854844,-8.390608763860058,-0.7077262092214076,0.33785660304027965,7.013586160232787,-0.38193811003800915,-1.285156533495113,2.0421712260401037,0.6384006974229597,-1.3275230371246707
-11.323776411298455,-8.157885391009378,0.16420672718058682,-1.7438134842586261,4.669346523639656,1.2782381812673898,-1.6909673368253089,0.7419417522689449,-0.011013835370656781,-0.5880487982753545
-9.02841586881197,-5.466822776545127,-0.18628007519571574,1.8737844494494933,5.688202694472025,0.46556579369853474,-2.7736325238295345,2.2557119895312963,-0.9348153396240235,2.2262054813154872
-8.179954583256052,-6.599031429969198,-1.5640697154486902,2.24331897727741,4.479022901564528,-1.5259078028789768,1.2362626348353016,3.1740002448220648,0.4019139934279047,0.5649314428567475
-9.657338748057334,-6.492965853392534,-1.2613982989014034,0.5202738938738213,1.7634736288342907,-2.2577245544930555,-3.153257348736954,0.9848370797945345,5.153405665279416,4.308413124537219
-10.224459135517758,-5.22688914337588,-0.9015151996327285,3.489747711764177,3.091808691823768,-1.4423899841565342,-1.5459560785177886,2.7659166914134454,3.944560690539107,5.4704757632030265
-10.672554115344298,-6.257986274640247,-1.640358463154975,1.315490017763146,3.4953081540122604,-2.600917465901278,-2.324820106975043,1.4669120064599692,4.216203052070781,5.099165291949621
-8.10896640293143,-7.329601124480848,0.3540033988080846,1.4064655635697416,3.803441014550135,0.4646201554808711,-0.9980205452351963,0.4853915836875849,-0.34245513249178444,3.2086247446364258
-8.711927816717523,-5.589328937149971,0.2661542517671495,0.09284952536067777,4.077341880123689,1.535128246614009,-2.0221227128194843,-1.1900317710446189,2.056251109777606,1.5030590470125158
-10.667659257784884,-6.460526258857318,-0.0038814661801484488,-0.18975181188996643,3.802703055101489,1.6289132124215624,-2.6791236450239384,-1.8664314634476054,1.10683480132567,2.867397946685643
-10.00213575604562,-4.679877117216163,-0.3623021008519081,-1.411297222010645,4.389265262644101,0.8690693499185942,-3.6447244586436383,-1.5296921500758973,1.9253104662717928,0.8087421648086216
-9.148568216562014,-6.536283468514021,-0.07865665741526456,1.5365308671285127,5.979045992724622,-1.1143423812673943,-2.1476831908118754,-0.43181340250489864,1.3631133097327155,-0.9548149995017966
-10.30487900306812,-7.191082307009426,-0.9093548398330464,0.4016525343662102,4.890627114575393,2.008522957749051,-1.7674491514405204,-0.7049065486489546,4.31359071132497,-2.3520146319106203
-9.96635489193442,-8.54483155921789,1.4848103056905548,-0.5739231390011785,2.7848565000880354,1.7579055052854453,-3.582675678633491,0.48537634542641134,3.0915902637408017,-0.5897443558513638
-9.423566846866878,-7.727766897559388,-0.8641496835015318,-0.09820855256247552,3.1179666422709684,0.8091863137622871,-0.04280174785670941,-1.3896008043037447,2.617647968446498,0.05736854496781495
-9.717449915769945,-7.5388179046663275,-0.36270602589694706,1.2738206117060806,3.5822905598776367,-0.8543229055571671,0.1848420893812124,-0.39066107957931306,2.970131857969883,0.4038008817102587
-10.774439737394106,-6.932319901491175,0.15361203136387713,-1.7127846917640086,2.8451651752371303,-1.2233072839000716,-2.201511231521738,-0.46725896058221805,-1.5577042130614795,-0.3965733434083255
-8.955178006431721,-6.289618589521509,1.9701679046722749,1.4912995301726442,3.8963396993047326,-0.8711233911994799,-2.62954497275179,-1.3113907820007669,0.3468417627905726,-2.315358969696583
-10.638271120594743,-7.76746944983095,1.4709253372445839,-0.28048157811462987,3.105502268189142,0.33434225468065254,-2.5108011606233984,-4.377621667226867,0.9844258035302311,-2.9735044979546115
-11.383885125295034,-8.107609936062865,0.04712006793537209,-0.3620041013964843,4.597299059944361,0.6900357897099063,-1.9682633965516434,-1.51724845710955,0.633742426056865,-1.9922246618962487
-9.525971993339594,-6.7767840164335995,-1.9689389762109848,-0.8137522182840793,3.6691651659510294,2.542970695020004,-0.9707750099790312,-3.2110209653161244,-0.7152309591619852,-1.018213890628905
-10.341253190024815,-7.38145966077007,-1.5012123139186622,3.1616079252377127,2.140995955302986,-2.0102576781011767,-5.53886804984797,-1.4219606968141012,1.6878457768673378,2.8407785842252773
-9.16844832022705,-7.4493206233907285,-0.46389786117779247,1.0736242576224602,2.405304847972228,0.15916844470029298,-3.0200001261934677,2.0175732754187914,1.9979927972963574,2.842179337838068
-9.302886273418034,-7.035466490336312,0.9715297823116551,0.3014923555078986,3.537239713954512,-0.2906620614833733,-1.1087539213164241,-0.2437204317482554,-0.5165700289051655,-0.00880631639779562
-10.021668669075517,-6.164484894144115,2.6772491217318115,1.847072433964979,5.017926034892575,-0.2027525363425444,-2.96335558773466,-2.874062281820765,0.3442274708439374,1.4450623339121251
-8.336491267187895,-4.22038234334087,0.3600093418856023,1.6010054161621805,5.206259387803983,-0.486648205725933,-3.2563062572513695,-2.657684729096692,-0.7781028475098856,-0.5701656669304647
-10.726944099631543,-6.720778306099647,1.3684229795632858,-0.5510578325418329,5.003103343646452,2.3982850092794763,-4.42171606058263,-4.442192033731809,-1.248131908349648,1.4524149607363732
-9.679605189758576,-7.6069249128925485,2.2693350075911227,0.3039810338749817,3.9749605624213538,3.586665656168122,-2.1403411366115757,-2.3108805339919747,0.8765928983855148,0.8977848979182672
-9.793413829128394,-6.0268386715593705,0.9500122574361999,-0.1440891049476141,4.690219575870793,2.1291427996959746,-1.9557248755380294,-3.7735458629629597,0.24573662218737183,-0.48296793227187446
-8.881042174988657,-5.84504536809162,-0.07214931915310697,0.6861330057420932,3.3212297202367465,-1.1392256958212736,-0.9362101649688809,-4.073429632410092,1.4000883013544092,-1.2134825337290804
-9.269307570409513,-6.251453252236707,1.2995375184548315,-1.1840174268537642,0.3399157075181519,2.5357964082138977,-3.2352111415868112,-4.257540353193245,2.8698968123330566,-3.409583956466437
-10.393731825117644,-8.211207790305803,2.140259499411246,-0.5697768906388653,0.49817310879266813,2.3325355866315074,-2.4145388770151697,-4.588709088648428,3.7448343459737923,-0.3159606075409724
-7.634553777772739,-7.331021583689273,1.3477589263953413,0.8646670298437487,0.10704311814612662,1.052187095774492,-0.8969528829276279,-0.5829687293739491,4.202392114870151,3.287245124975996
-9.661892806229215,-7.053556625227843,2.1287701767176226,1.1573845647383108,-0.9441791320073288,2.8328438764727726,-2.829700447544065,1.4898626804979345,2.1099970842020115,0.14227804585812293
-8.777386626539878,-6.253598078979003,1.6469653757670917,0.5583407094818001,-0.7042093894549339,2.204394563513414,-3.4060470349338368,2.256174896177322,2.8986940975015507,2.226983148426169
-8.982275429365869,-8.049467453751653,3.261904408974076,-0.2520773973929651,-0.130079559822845,1.7249559413163724,-1.5622804588660384,1.053791423820772,3.392372192061339,-1.2044152176222962
-9.170904444171862,-6.921658700625209,1.4643453544380465,0.2690960463331268,1.0251852670116872,3.560885889445997,0.4364060282245651,-0.18593851197540753,0.873908749837853,-1.7651909435486703
-9.812834198687598,-5.484106537420678,1.4097266691945725,-1.1660391790351345,-2.725260762493026,1.3930235711046086,1.956544176947259,-0.4529101361427097,2.122189234060684,-0.35416940229766836
-9.178347550130896,-8.833258524245963,3.2468586997292035,-1.3845979097289132,0.1239211201393231,1.1139889228455258,0.2999670452074535,-0.2769568207147914,2.4257398533377534,-1.3062598274875445
-9.006844672641838,-6.456745371047773,2.818168692829238,-0.758774788886537,1.1962273787373683,1.9282490455601566,0.11158447476072096,-0.4092310878062326,0.1770867643364325,-0.7881140051047045
-9.196456438242294,-10.18038563608821,1.9231723082017647,-2.183616750657595,-1.6398042254973157,1.6105454705766367,0.20581086064553497,0.1265366704881381,0.9002624951345489,-0.5852975751579166
-9.726986764513942,-8.64497831158619,2.393982684055772,-1.8994136454717199,-0.3352209652699414,3.095010045442175,0.34537067620549344,-1.690299539551754,-0.003048444708521464,0.16225281587787788
-10.21496473591119,-10.000262296512,2.521502636012125,-1.22992743779267,-0.26683275590143385,2.8459075573302965,0.6733413069507073,1.545249819473055,-0.03369145090533502,0.5242685974458203
-9.189794059888012,-8.176536090292739,1.533424172719984,-1.3840995859869576,-0.800968890608482,1.1907022707103865,1.43447302496788,-0.8028974233267862,0.07057609308316487,1.2828564728671332
-8.681577118654015,-6.780256868394608,3.739919082148297,-1.3486024576920175,-0.046188268208461884,0.9891571837546419,0.14893303116253906,-0.34357997468235435,-1.4244953456291332,0.7329444142048543
-9.92334197759872,-10.547337892543917,2.461707600538357,-1.3750181510900732,-2.403989102049263,2.918556137608691,-0.1853453600988452,2.1128576619268795,2.3349954831851774,1.6373085647213874
-8.708475781933181,-8.32966505610508,0.9939886242743557,0.9187065475642301,-0.369240978205609,2.96139244153736,-0.7710134425176585,-1.0182413070249707,0.2127439150294605,1.1761458475541682
-8.708496106697764,-6.032989182393739,1.9534293314862377,0.705468411017084,0.3354123454872196,1.1747600822669415,0.9934277267589394,-0.4477558726815256,1.6644757096769347,5.63460260933096
-10.108072765275681,-7.08104297112351,3.2484031466841254,0.9511205157488268,-1.0944221881916059,1.551698247151643,-1.0569882119348282,0.7378182872880708,2.3006959311882262,0.024483356527762203
-10.29271218915771,-7.218950056028093,2.2887044903990157,1.5181764408457457,-0.29020878401613526,1.1409446579364544,0.13589313869499434,-0.7681809042164328,2.2011980821090242,2.443956347502519
-8.503884293171213,-6.055277664667969,1.7169277217497847,1.37280843103124,0.4146492251238621,2.5998252779922324,-1.319260306087466,-1.666786478760393,0.8424760115594937,2.500944854753846
-8.958867713375241,-8.001577561466993,2.8162098626556693,1.4247103229846554,-1.4457142208312526,3.188327945135135,-1.089843693523031,-0.27310759771045773,1.2925105575795832,3.74896995038546
-9.580826238791088,-8.038848777629738,1.6252960531329184,0.45228501454964837,1.3342012627287414,2.18035312470378,-1.8340942465932408,-2.445595201513856,1.1918127183564515,1.3168621803505098
-9.99293625151983,-5.758526667114789,0.548880107980707,1.407716099230323,-1.1489623980475925,2.022157903514529,-0.2758975784578221,-0.41874796534649267,0.38841371150754106,2.6309008502632136
-10.286449604153333,-5.57274207110788,0.3319750241279486,2.5736033965507614,0.9602497029787848,0.9613993047986289,-1.91595357910314,0.42302398679635994,3.3135015183648395,5.72981941196849
-9.227010046275936,-5.466976357356884,1.3104123707147002,2.3013541190148317,-0.012248797057335224,2.5405341795134113,-2.0367609151744674,-2.525784253224929,1.6854362939289713,6.9295025179507475
-9.726549166239442,-7.622668744036452,1.1705948055292037,1.8119921802795254,-0.30387057890268687,1.6573932506834181,-2.3182620393177715,-0.752284311131949,4.041823693266634,7.2040965342185865
-10.011235071018275,-10.625457928299197,1.0503923438118705,-1.9710162742113984,-1.9224583789204053,4.302509106344782,-1.9042262530619976,-2.129480060180938,0.7278386950013555,6.436643137320696
-9.233597417875144,-10.447591692277859,1.4255063499012877,0.6276381906411028,-0.2200293919975269,3.015634987465911,-1.993019649079346,-1.2006057215153731,0.2542783431400619,0.5844751570074787
-7.819530253738838,-8.50234332301183,3.9485455496748183,1.0642590656141993,-1.067206427302087,2.436356116201384,0.3268400414879078,-0.12284714933296394,-0.6167362010979616,1.455066677727516
-7.648808537396709,-6.587622395909238,2.3576629497229793,-0.8012286782927213,-1.4277867266403046,3.7070435197865312,1.0675808190060578,0.5772329638052387,0.725928643745523,1.5942114346098197
-8.224319819597246,-7.635112685656859,1.3593917652165326,-1.0243680563907855,1.2914983222570424,1.9010947734932475,-1.2852427186720776,-2.0167385976411776,0.11879851172122582,1.5291025444848334
-9.160205220757648,-7.1181324854944625,1.019608801988598,0.015897286439832622,-0.16248749474804172,0.5407024473382093,0.1645356096603705,4.047867243400431,1.792222031407152,3.5027491663611547
-9.531955637460017,-10.054325232759837,0.39165132180211193,0.13218342169838615,-0.5555032511826542,0.6228897488344487,-2.5485645283076255,1.573662702713207,3.285747331896082,4.111643051853982
-9.770029041818262,-8.918891176346188,1.3779584437700825,-1.2247953541879832,0.06098353094197347,3.1857114829142725,0.06538656957992559,-0.5451290835993158,0.49579462598876445,0.07548505350110178
-9.94528934766935,-9.569988671848982,-0.270637061092284,0.29557363560040706,-1.78469884140625,3.4920372883883135,0.7468327894420264,3.4459910652273478,-0.6092587802438599,1.578825681354347
-8.559357898814676,-7.019998276382999,0.6504810223177203,-1.819929699648167,1.0911808327114152,0.30282763623647163,0.5657406379381748,0.4279525899552301,-1.3944413455878202,1.646363999159401
-8.27107932708062,-7.683986949401661,0.9634801440731763,-1.212126530312919,-2.201564651536493,-0.20620450952934608,3.2719990643298207,1.500242721028841,2.5485147870821137,0.8234679325085585
-9.38375360534294,-7.92825402540542,3.0387859171337706,-1.375602559255656,-2.6074911152828744,-1.5962079199412227,-2.063930591846795,1.3590952919085981,0.3170981889724102,0.1371401417389558
-9.46214507856747,-8.599866675985336,2.851116057138118,0.44375313899041824,-1.0363185932553214,0.29452025258576786,2.0429198819570002,2.9898209040221806,1.6287311377456395,0.5695669462744405
-7.4220550747981315,-8.998733162213162,2.094301200840841,0.8119497278963702,-2.9761919556723235,2.6845536779632524,2.1672969273522873,3.2076311429463495,2.4099209597487965,1.7567221659307248
-7.241833869174527,-8.965571906128874,2.2073985468965813,-0.6861751818285641,-4.407400169853875,3.392466625001397,2.092805088277074,-0.4661262913187063,0.05261600687354665,2.3875409035206943
-8.183391787237694,-8.181453502999902,1.583683849730642,-1.2974690734447958,-2.5002344864776003,2.283123974497075,-0.49244912566673865,1.2437953075929424,-0.1013870387498829,1.6465268903471453
-7.987059082405002,-6.961418708955227,1.9738868700453003,-0.8062695845505584,-5.324301726913833,3.1533457828629285,1.515267811205346,1.1927495350449555,-0.362044063831988,1.985178577626875
-7.653643405785214,-8.39607994049162,0.11542932850073082,0.06725819839724673,-4.005104545472289,2.1597379811946325,1.3146407550351626,0.23253230284037715,-2.2562638490589473,1.7747221572582335
-7.422306284816348,-6.893186908417257,3.1526826816093205,-0.9333225522323874,-3.9474142500222653,3.963725357004616,2.7112140528432036,0.19047835559303156,-0.7533955070086782,0.8993740743305522
-6.479392705645103,-7.502877461902192,1.0252935265209415,0.05876093043887871,-3.8809736250840428,3.9256287587780405,2.6484446234732606,1.9440181423219596,0.262925592766348,2.0297367785673766
-7.217194767913184,-8.524768101576088,1.5012005107612303,-2.5897558008638373,-5.263747384460961,3.6194635676670064,1.4939234597273698,1.126193421466126,-1.5428741053039026,0.473329088790561
-6.270576094635945,-6.0360498189907945,0.8170125123858462,1.2398804334778433,-1.2048441326204848,4.598213742435577,2.3333880697351055,3.188133650653024,1.6724683122809878,1.8542480886998318
-7.646380810375827,-9.079499204351924,2.588569769250294,-2.325910669554082,-1.633124793109962,3.0277030891369314,0.32426592610998906,2.7217562189814837,-0.7675511641417453,-0.35826266684159364
-7.282464072054089,-10.043370712755603,0.17512857246546856,-1.4368400277871838,-6.696978869481384,4.180679795946699,2.3398086848191997,2.0356936220269874,2.0280795603808563,0.5911198384040924
-5.631387164039437,-6.750700683857656,-0.6017941246808682,-2.8580294255723007,-6.528969244636937,4.754106689424768,2.2942353728584166,1.954079802713057,2.3286387971728777,-0.680801026143005
-7.529995807463423,-7.374979310450781,1.7854899863004838,-0.49601847148127814,-2.9493456721743527,3.1790301084228765,0.7146488287279802,0.8889334395701227,0.2572328796288431,-1.3097691379266576
-7.115855371636579,-7.352555447654128,1.5627037179168743,0.18614498483796935,-4.098763921480313,1.870352405088561,2.8614994485297616,1.2914825611097336,1.1010781138456736,1.0108936743929997
-6.46861387535265,-7.423152294568755,2.3870744450332606,-0.47890735031136245,-4.521808022623376,4.443278110961768,0.7264226135456991,-0.4141998316900192,2.826756382597981,2.4092707526186103
-8.13203787367416,-9.817515825128737,1.7282820726285706,-1.563822455251347,-3.1633078864324533,6.473634212644915,-1.681057332067878,-2.5482454815281566,2.3934135596370716,0.08367356415231476
-6.884772960048785,-7.071079225522326,1.6215131922176773,-0.574544212600205,-5.983512771337706,3.9150810677411174,-0.4683291240025276,2.7167227928056428,2.2548011469612947,0.4073279600847478
-7.334214167072444,-8.199039632386476,3.2082647525119934,0.8124674942264256,-4.616982099620382,5.578542930386374,0.3848084591424257,-0.14565808000563962,0.5571584961181995,0.5248367806298241
-7.071560610300025,-8.685940788641334,2.5101203535692918,-1.8222920418719726,-2.092585111977507,3.324949654362449,-0.06363502753458725,0.6576488103934295,-0.4291076846931921,-2.2147273203857325
-7.86184468370816,-8.699731202596801,1.295876654851512,0.4610792135207465,-4.984458464760713,3.023911580297673,-3.0264898698370724,-1.0477353491673596,0.8150414118933722,-2.5269746761706804
-7.391586867364915,-8.036531785861039,-0.8080397148836359,-2.268326296897935,-6.863241717652084,4.516879816137839,0.3550726665562301,3.3470600964221005,-0.002128661961205152,1.3381534492661473
-8.280876024937337,-9.422872417093858,0.7635660913391904,1.0548108252024961,-6.67478924998728,6.074065836887278,-1.1163634085680458,4.817674309778003,-0.9852542454080766,-2.65002980526439
-8.441119669179857,-11.140884619374157,2.730335082883476,-0.1455517468540473,-6.731485090436839,4.8473011661298715,-0.16300705540846464,4.613584785885948,2.6071915758583684,-1.886182571187455
-10.134055018311752,-9.388295816532018,2.5296010032769423,0.4412333596118723,-7.518620215569186,5.81868834852091,1.144050130992888,5.312738981371938,1.9815475269378215,-1.3863778847003363
-8.528735840714312,-7.616000936827696,2.0997208025885645,-0.6340568658462629,-4.924722519993925,3.3502100197158273,-3.0346303248090867,3.214259452607042,0.7629932527245824,-0.9997222649076903
-8.408390787666198,-7.292254929181078,4.038610770534024,0.678148046696323,-3.238452956136107,5.034618144227531,-1.1524451085866783,2.2029688657980855,0.6216005716492392,-0.4515219104445442
-9.183445240622719,-8.618188995543452,3.249008890187179,-0.7237609926090189,-3.3038804096958003,4.363871490370303,-1.4075482642958754,-0.19928943943794492,0.5859581047131345,-0.4245886152546494
-9.649656661348834,-6.885319575323793,3.752507606774235,-1.5503874703279268,-2.8139805322489626,2.849887689638709,1.171852529288023,1.3611111215931115,-0.24335354408886495,1.0198129319823432
-7.815225765984247,-5.258950845434912,4.5196690857515245,1.6328663930390304,-5.660388867150326,4.56577420760345,1.1096927448950753,0.607028740667281,-1.6122682889432465,-0.13718687469673174
-7.723368169452719,-7.672801355425215,3.4153362189271794,-0.16203867242701567,-8.055119835891071,2.9839371671940227,-0.23731132666103105,1.4082867056892958,0.693474975430271,4.913787041524105
-8.727354502577242,-7.813772944657048,3.288262346518198,1.378494926313874,-7.51269830796362,2.8839365406659985,0.8278838900522715,-2.0924586537145644,-0.13702118256702964,0.6808849996520668
-8.314284333914273,-5.74290109794724,0.20796259579342755,-0.9204892921233497,-7.412884994312442,2.1091396836722303,-0.0756516450903996,-1.0162166612890131,-0.13025934821966095,0.3045858792457955
-7.481971209520463,-6.6816348814759445,1.531061826549188,0.8283191038527211,-10.074145074575089,3.960642940228023,1.7091652523112328,-2.121522890018206,1.5255078239097208,0.7411784606663198
-6.3902019735168505,-6.52802159113539,2.2097851202248187,2.4978968381598765,-11.035339556915487,4.040505534558174,-1.2921206168846362,-2.3315227020716827,-6.117249264908734,1.2455666608384517
-6.991774566746161,-7.452204095706696,2.399750910991767,1.4013410530591974,-10.251276642427811,3.596713583806734,1.1919776404170064,-1.6695400281426738,-3.326242551802597,1.0755367257353166
-8.179029038451379,-6.433429846480545,2.813999861437439,-0.3632043982400277,-8.77576654542927,2.8191275093180224,-0.13311362558222128,-4.64512285109413,-1.01449530200095,-1.2310966416437583
-7.179539402673461,-9.75990911489246,2.2686638948610502,0.2948290738928245,-9.083381027017314,4.340695116294202,-2.4434342979337687,-2.5399463438239764,-2.453986318780851,1.172266530615393
-8.16582373700397,-7.402041203372655,2.784912006119042,0.8721523269382786,-9.425218287106748,2.5903249170324507,-1.4952337528188588,-4.249788054434734,-2.1456411393658303,0.34826889719189463
-6.519737787358645,-8.189416379659745,1.793310310384814,-0.12896634612223426,-9.702376177901751,3.499015592880194,-2.4526297766016874,-0.0008911191320569768,-5.126415290338249,-0.8117872592683721
-7.409030764076631,-10.272098370645278,2.588184500191049,0.8879266936568415,-10.737487082532859,2.946159767095197,0.9540900493295436,-1.487843563374958,-3.3615893493443783,-1.2304856652664082
-8.312214134527645,-9.945643639476964,1.7203247873218932,1.3768237784449493,-10.968565567844658,1.569262541371491,-0.8183340722986242,-0.020421509311968997,-5.718105768695856,-2.594495504300207
-7.511534388207088,-8.920647414825401,2.2637379439574437,3.506459456347327,-14.356726040897362,5.155635365272905,2.5602292949085648,0.21777837266037334,-7.30487018503267,-6.068839147624194
-8.535912925220062,-7.5457797218470954,1.16171141738541,0.8298104411489817,-12.840245011402786,5.436845225210707,-1.0790768749657547,-2.6927622912082576,-7.244454118455028,-4.098986411955784
-8.358663879420375,-6.839940618127346,0.8708588066320355,3.7248439144440155,-14.484886151461259,5.000357730801434,0.3423811181847812,0.13262685296181928,-7.859956242079818,-4.291013522293858
-7.364743911181828,-7.969288610413321,1.2808607289265994,1.587994442174873,-11.351430409756242,8.413770190800914,1.0919469084234972,2.9290256489360686,-6.9162496181839614,-1.1949895611981487
-7.213078109212204,-8.222701850551008,4.113747576413145,1.201162064598968,-10.141823672833471,8.490536729601695,2.285505551473866,-0.6450979889271975,-6.0205725082053645,-3.888848958048781
-7.029939420221287,-9.943974108735357,1.0001658404153753,-0.8588708506616529,-11.636972310935926,7.335028973301005,2.2513150303904648,-2.7208675538785543,-7.018294831062192,-3.538176305958541
-8.915302705010149,-10.704112089845564,2.2264378754056655,-0.6632355643045149,-8.988404712433516,5.431438735953436,1.6284316208745764,-1.8250886811497933,-5.7673712588549595,-2.183248383521058
-7.038568439346253,-7.525641585203303,1.7032020767622313,-0.606060871620948,-11.567018324658541,5.055850757353212,1.7739127449289307,3.184492322400589,-4.835111046541765,-1.2681704363353439
-7.376285476531907,-10.536456559042412,1.718758739235535,-0.4964431774425877,-14.51707463373462,5.859090417253604,0.2862207605339948,2.024386691545664,-7.4492748512705065,-2.6359235153110254
-8.008573424716918,-8.841783156253213,0.28867846761552496,1.1597139016479532,-10.148283965004554,3.2363640176630155,2.808112535443999,0.4252388860905606,-3.834388538519885,-2.0979136653121713
-10.756711973381448,-8.454361982550724,1.3893761928941963,-1.8105869409088597,-11.082695277661921,4.119790830171581,1.462985315378592,0.9477114304775205,-5.149430697341615,-2.3450391917095246
-8.55840946890415,-7.906601879345568,1.474084850463825,-1.034338340819259,-10.583594504696373,3.368076681755697,3.406502079608799,-0.14811715454911475,-4.193898806273623,-0.8104590029408645
-9.06816089869237,-6.743535446475695,1.3632612118539302,0.46578235972094506,-8.905420814467899,3.983866777198377,4.507558797045698,0.9993609519592965,-6.860436727342469,-2.990455095160487
-9.747091552829477,-8.072985951823382,0.08855410048429281,0.39335380020443894,-8.812488724645084,3.400337454236083,0.7724193836411745,0.8114480970743008,-3.1468481384477474,1.7387772781350082
-10.055500776632476,-8.329636485154852,0.01667720827720484,1.4849401976362524,-8.233479761154683,3.2443160369832387,3.1838805827263696,-0.5740018833776179,-4.688379810799808,-0.38048493638687775
-9.654539574166296,-5.798636543639717,0.46296373423630915,-0.3700181166759436,-8.419927895991226,0.5675019912895772,0.08050577607474989,-1.8669607392728613,-4.310260299365381,3.402287191250683
-9.850674016801612,-6.519805136306925,-0.27888309930555716,1.7701000156022104,-12.811834533500736,5.6258530706845695,-0.8103850892919726,-0.2577290352707821,-7.475814359090891,2.697649468271621
-10.943660411654722,-7.894482013007402,1.4215336064911366,-0.08907660498259755,-10.766029114645123,5.410743899794746,-0.1404963141198912,-1.7176815540252464,-5.5593225948629605,0.42205654835425216
-8.984553404605823,-9.471021393717974,-0.02808746535760866,1.5128726839323476,-17.082089769768146,4.996640926254991,1.9932045000628802,-5.431440144648932,-8.58574925554664,0.4914621244415025
-7.490410550769147,-8.7770425024771,2.477477620881191,-0.7879059203924413,-14.458270371672496,6.176730436571792,2.9366220092596658,0.8982774410270314,-7.609934042894167,1.7223615118889914
-9.998362694537867,-6.749122593580593,0.6321062415354582,-0.9488226423188737,-9.143200756321894,4.232502835073193,2.504137649866353,0.15436058964984073,-6.926319114657177,2.439453758407379
-9.725711876049033,-5.426547171339467,-0.5631600813214033,-0.41676877176954763,-12.02767415473656,1.7080043773787605,3.5748153522467563,-1.0002560690912292,-4.4403425695972345,0.09136451963385687
-10.037067448963297,-8.230990461709393,0.40616069572819946,0.01659580089004973,-11.979141827050176,3.0107904300298047,3.5152865558541526,0.22477973273939275,-4.962811465637834,1.6219066724456006
-9.260801483515401,-7.56421253847293,-0.7359060792267084,-1.5934719728099913,-11.238039672733686,3.6095614397315052,2.6532718419033303,-0.8562559957334043,-6.65381479839583,1.9871989366149938
-8.69191884588984,-5.6054655013815955,-0.01800266953300296,0.6401343061020178,-11.190464838045578,0.5968312285746292,2.6270920429857485,-1.3356233031477749,-8.276309421813588,4.383808823764877
-7.6248459538221915,-6.0196652728708,0.4989719506119691,2.1379609420584678,-10.716122996138425,3.3487879461937786,4.884937763591621,-0.26496762844038974,-6.53425454782538,1.5314040886059224
-9.092643013545008,-5.964886115645819,-0.5341080247882212,0.722672311990172,-9.994514927795509,4.185730428857654,4.570031965398576,-2.043111856155253,-5.971548377191345,1.9398409334251308
-8.472005972152763,-5.335546049708148,-1.020696012425704,0.3746678385037173,-10.403374694487228,1.906510847680702,4.176745276441796,-1.2513790529478523,-5.2481606611606315,3.561469908077287
-10.149352551084839,-6.336491141474841,-1.163066421016252,-1.0742452982199746,-10.090561455370928,2.81400126869751,0.2296882302287737,-0.630941186653965,-5.232189224795606,5.610261499077516
