,5,6,7,8,9,10,11,12,13,14,15,16,17,18,19,20,21,22,23,24,25,26,27,28,29,30,31,32,33,34,35,36,37,38,39,40,41,42,43,44,45,46,47,48,49,50,51,52,53,54,55,56,57,58,59,60,61,62,63,64,65,66,67,68,69,70,71,72,73,74,75,76,77,78,79,80,81,82,83,84,85,86,87,88,89,90,91,92,93,94,95,96,97,98,99,100,101,102,103,104,105,106,107,108,109,110,111,112,113,114,115,116,117,118,119,120,121,122,123,124,125,126,127,128,129,130,131,132,133,134,135,136,137,138,139,140,141,142,143,144,145,146,147,148,149,150,151,152,153,154,155,156,157,158,159,160,161,162,163,164,165,166,167,168,169,170,171,172,173,174,175,176,177,178,179,180,181,182,183,184,185,186,187,188,189,190,191,192,193,194,195,196,197,198,199,200,201,202,203,204,205,206,207,208,209,210,211,212,213,214,215,216,217,218,219,220,221,222,223,224,225,226,227,228,229,230,231,232,233,234,235,236,237,238,239,240,241,242,243,244,245,246,247,248,249,250,251,252,253,254,255,256,257,258,259,260,261,262
5,1.0,0.8738865,0.7705953,0.88456947,0.8544881,0.6663538,0.8351435,0.6230635,0.76565117,0.6276541,0.70846486,0.7126794,0.74133307,0.6496558,0.55837065,0.41342875,0.3114318,0.3583883,0.3650227,0.25892666,0.74564,0.7228721,0.38082227,0.66918516,0.70607513,0.6640588,0.7292976,0.7086558,0.6653787,0.6025588,0.539294,0.5069507,0.6107698,0.55376047,0.5256252,0.5849438,0.6605377,0.6057624,0.7123522,0.7342019,0.6998413,0.704156,0.5314739,0.5136469,0.26781875,0.14837073,0.18690822,0.18115386,0.34702528,0.2837497,0.016662972,0.38609135,0.48142853,0.3852391,0.58771396,0.6685425,0.59674805,0.74480253,0.4832008,0.6302846,0.8065052,0.71133876,0.82536566,0.8501901,0.79577917,0.6778515,0.7121625,0.71721584,0.82432795,0.7447906,0.82441854,0.8661263,0.8472684,0.82635015,0.837391,0.791162,0.7155601,0.58478737,0.5781404,0.3661577,0.4242711,0.25035214,0.19502605,0.1996038,-0.04617523,0.14889236,0.081192926,0.13297276,0.04823883,0.11657702,-0.17165177,-0.19766499,-0.1646064,-0.16234735,0.19749324,0.34580603,0.49448785,0.5367431,0.6402887,0.5484653,0.53931123,0.6742344,0.6396942,0.6180901,0.785584,0.5624709,0.5157447,0.5760703,0.592838,0.6088749,0.38939413,-0.08223845,-0.09620244,0.43320024,0.26932478,0.3097714,0.16775945,0.13499191,-0.035398524,0.24238832,0.29692847,0.23454857,0.22414792,0.25217494,0.2110893,0.104526535,0.18758836,0.3657851,0.35677898,0.14908582,0.25661412,0.23239389,0.5052933,0.696542,0.75327253,0.47238538,0.58956194,0.39770934,0.33617193,0.07834426,0.11881979,0.22952835,0.09340383,0.1557929,-0.06955974,-0.005700507,-0.06471204,0.16179016,0.06263856,0.17830426,0.119423024,0.2000835,0.23836683,0.08944131,0.19958463,0.18846132,0.15001903,0.1703754,0.02405214,0.0017163521,-0.08438316,-0.043071683,-0.1583611,-0.17628485,0.009581612,-0.18455188,-0.09009888,0.036214534,-0.38816065,-0.45206493,-0.4178276,-0.4060974,-0.37810525,-0.39368552,-0.37590247,-0.2726984,-0.21463057,-0.18093213,-0.29044288,-0.25794205,-0.17771561,-0.07863404,-0.07170083,0.14968051,0.41299513,0.19091265,0.2542637,0.2747819,0.5096643,0.16262847,0.31289113,0.084916,0.031496808,-0.018317588,-0.24539573,-0.15429503,-0.1922418,0.05290422,-0.10992337,0.05383945,0.46233624,0.0695544,0.02552857,0.25892425,0.42861658,0.4254347,0.17148103,0.23099634,0.082918204,0.04788595,0.14887926,-0.012720559,-0.19316337,-0.23648189,-0.15831451,-0.053772517,-0.29838446,-0.29502267,-0.21265286,-0.28967777,-0.36240187,-0.27502716,-0.367101,-0.4082413,-0.39599133,-0.37730625,-0.36733225,-0.21125638,-0.2588705,-0.29861122,-0.30649945,-0.18294135,-0.21343327,-0.2052764,-0.053164493,-0.07381807,-0.06996348,-0.051938396,-0.026949385,-0.031835627,0.012192084,0.21618816,0.28509596,0.1754523,0.40916553,0.41332632,0.508618,0.31878805,0.3546454,0.1888367,-0.13098495,-0.08873394,-0.09235631,-0.4827482,-0.4968783,-0.48554912,-0.47698328,-0.4748409
6,0.8738865,1.0,0.82870257,0.8770122,0.86657983,0.7579183,0.84318304,0.6447015,0.814806,0.6648369,0.66913825,0.67916614,0.765953,0.62087464,0.50643355,0.36672,0.24806054,0.30737233,0.365543,0.2358323,0.7858946,0.7932145,0.41625914,0.7350065,0.8162075,0.7756886,0.8034162,0.7632265,0.66731185,0.6301466,0.5829043,0.543165,0.6736145,0.6115311,0.6504053,0.75016856,0.8101984,0.7596764,0.8017941,0.8699518,0.78915095,0.7787026,0.5641163,0.553364,0.29731542,0.09868536,0.1724317,0.19601995,0.35698313,0.3037655,0.060881533,0.43656936,0.50320953,0.47204116,0.6919559,0.73847514,0.60789925,0.85644364,0.59131116,0.66674006,0.9184119,0.80807674,0.92680055,0.9666808,0.9426567,0.82566386,0.8597219,0.84679604,0.92015535,0.82613134,0.9018029,0.9691384,0.93057305,0.90394205,0.9525404,0.9430872,0.8331141,0.7288283,0.6852481,0.47335672,0.504964,0.30988863,0.22626765,0.2006051,-0.026314845,0.19712326,0.08423662,0.10476009,0.071575426,0.14877622,-0.10250665,-0.14640504,-0.0617204,-0.03055473,0.33703566,0.48684716,0.60525036,0.6624011,0.7847246,0.7064035,0.6187091,0.86145115,0.8293652,0.8080129,0.92817163,0.6825973,0.64922714,0.6490934,0.64319116,0.71944326,0.5452305,-0.019067567,-0.068355426,0.5654883,0.35465962,0.45793328,0.32476547,0.29687154,0.0962865,0.40396774,0.4025769,0.31766438,0.3695377,0.38601133,0.31719285,0.16380043,0.3248967,0.51528317,0.48681682,0.20633517,0.3924541,0.28083134,0.5983203,0.72424775,0.76574177,0.4503736,0.5494809,0.40907425,0.39699617,0.10494,0.12589058,0.21127163,0.1360922,0.16104868,-0.0499971,0.08347432,-0.025996035,0.24276753,0.14641993,0.24784079,0.19516297,0.30261552,0.34255382,0.14906266,0.29276344,0.2886198,0.2230105,0.23502766,0.081772454,0.012118047,-0.09849103,-0.05912291,-0.15378647,-0.14389917,-0.01831882,-0.22486618,-0.11270139,0.0005446212,-0.42038152,-0.43818852,-0.43439832,-0.43482745,-0.43038508,-0.39341265,-0.37282485,-0.29703707,-0.24849595,-0.20672205,-0.29340243,-0.22564504,-0.2249819,-0.051742967,0.007674158,0.19182359,0.42689225,0.17937486,0.35380474,0.39414498,0.6109238,0.2546847,0.44636023,0.2026857,0.1679044,0.11674331,-0.2133358,-0.08275875,-0.13141103,0.1565778,-0.096140146,0.09910241,0.54724056,0.075684644,0.01846759,0.25119844,0.43784156,0.43005025,0.11147776,0.15478927,0.008500837,-0.04100258,0.0772075,-0.07290505,-0.26349068,-0.29844695,-0.21812592,-0.06924881,-0.3720267,-0.30549538,-0.20176215,-0.29749194,-0.39112395,-0.24406949,-0.3554942,-0.40999445,-0.42896494,-0.42190102,-0.40770745,-0.28376332,-0.3401948,-0.37590623,-0.37642413,-0.27246183,-0.28287876,-0.2963119,-0.1348334,-0.15143126,-0.16223648,-0.13916516,-0.095478766,-0.088886686,-0.065073185,0.12364872,0.2191095,0.14135833,0.37855586,0.3621247,0.5034411,0.33718404,0.35354823,0.16972929,-0.15659207,-0.12278016,-0.118995234,-0.5534617,-0.56980884,-0.55528694,-0.54365426,-0.5470766
7,0.7705953,0.82870257,1.0,0.85939085,0.7409685,0.7323682,0.79406977,0.6313254,0.70156395,0.6201165,0.63914174,0.60385066,0.66268075,0.5461218,0.4876423,0.31011635,0.28819215,0.3221989,0.35512412,0.20710579,0.7319148,0.7379276,0.41231295,0.66848123,0.706976,0.6534348,0.6814402,0.63910717,0.58096254,0.51039135,0.45269886,0.42345265,0.56086135,0.5390366,0.53957754,0.638321,0.7314803,0.6263339,0.6915259,0.7551922,0.71805936,0.6824335,0.4893641,0.5014096,0.2602538,0.13178085,0.19910693,0.09914678,0.29539424,0.21800576,0.030539673,0.30793613,0.42082465,0.3511563,0.5089685,0.5943813,0.5222719,0.67000246,0.4483408,0.5830059,0.7328289,0.62912023,0.74169827,0.782533,0.73582226,0.61444217,0.6665663,0.6348717,0.73941976,0.6595379,0.7497675,0.8006068,0.7707471,0.7458614,0.78396094,0.7536638,0.72551537,0.6167815,0.5606165,0.43758285,0.4276115,0.24902813,0.16494234,0.18014497,-0.050935425,0.1882139,0.10390268,0.124630645,0.07284948,0.13997185,-0.10652214,-0.14978439,-0.038687147,-0.028790575,0.2365993,0.36218768,0.4551388,0.50766164,0.58493036,0.504085,0.4664638,0.64905876,0.61614454,0.584351,0.7103405,0.5245969,0.5029855,0.49639314,0.52135247,0.538268,0.3682674,-0.09646861,-0.090889454,0.40994662,0.22858308,0.30563384,0.22745486,0.20248188,0.0633793,0.2985863,0.28488111,0.20763005,0.33439428,0.35736108,0.27435976,0.14105177,0.30452505,0.462415,0.4539419,0.21851048,0.37136793,0.3006964,0.5697704,0.7013566,0.7316393,0.41986907,0.57635236,0.4554137,0.40294823,0.10145036,0.19591525,0.2713442,0.1794614,0.17989685,0.014006215,0.12898465,0.037480414,0.2298437,0.1772325,0.21863155,0.1681157,0.27142817,0.28892598,0.1020312,0.2648555,0.26762587,0.19345865,0.23747495,0.12486327,0.037469383,-0.033793278,-0.016295504,-0.06907638,-0.11670325,0.050176807,-0.10684986,-0.013623312,0.09953968,-0.3012433,-0.33128405,-0.3221999,-0.31839758,-0.31253147,-0.2853106,-0.27357855,-0.21389513,-0.18453453,-0.14561361,-0.21097553,-0.14412992,-0.14519946,-0.023028268,0.02568781,0.19395907,0.37746203,0.1727122,0.28653142,0.33139846,0.48480213,0.20860384,0.36212754,0.18459049,0.14712258,0.10229066,-0.16818747,-0.053790487,-0.09959278,0.1305919,-0.075313136,0.07631477,0.42680588,0.06338976,0.010894477,0.1717702,0.3429345,0.34169126,0.08376025,0.12655525,0.0020130014,-0.00081589475,0.14680216,-0.04438041,-0.15618926,-0.1800211,-0.13464645,-0.032900758,-0.26021433,-0.21670331,-0.1277366,-0.21859683,-0.2868732,-0.17156026,-0.27291557,-0.32306945,-0.3288741,-0.31846204,-0.3170835,-0.25131118,-0.2140147,-0.26984644,-0.222938,-0.15223289,-0.20169313,-0.17867202,-0.083366826,-0.05329896,-0.064963296,-0.06766271,-0.02192395,-0.040334363,-0.0038425934,0.15379736,0.21841463,0.15191212,0.3435928,0.3326088,0.43376803,0.2922222,0.30194277,0.07909945,-0.08710567,-0.060900565,-0.06168378,-0.48670423,-0.52117836,-0.5064474,-0.49411628,-0.48055533
8,0.88456947,0.8770122,0.85939085,1.0,0.891339,0.76802945,0.93350387,0.7296293,0.8512014,0.7164967,0.8230563,0.7999309,0.8185941,0.72743356,0.6779147,0.45977378,0.44340888,0.49544153,0.41812608,0.28575495,0.8073134,0.7641334,0.43513706,0.6799662,0.707971,0.6283269,0.69224834,0.6701897,0.6258695,0.5760734,0.49865603,0.47044376,0.5707792,0.51524234,0.46754897,0.57148576,0.66621464,0.6054186,0.7013637,0.738534,0.738521,0.76749516,0.5888984,0.6038335,0.33920586,0.27348796,0.27315193,0.23792288,0.44531643,0.35356608,-0.014772203,0.44997722,0.5755112,0.43477154,0.63472384,0.74664825,0.6505231,0.7881315,0.5112609,0.7142224,0.8346829,0.73224396,0.84865534,0.8609493,0.7770191,0.64167506,0.68545234,0.69528025,0.79888076,0.70587444,0.8129581,0.8552939,0.8471654,0.8014944,0.8155921,0.77101034,0.74651885,0.5638503,0.6121974,0.39614895,0.5103827,0.27359423,0.26457036,0.27383506,0.011089648,0.21207905,0.15041253,0.19139849,0.091692664,0.15788512,-0.14968996,-0.17177553,-0.15531462,-0.14309783,0.20586939,0.36611465,0.5454784,0.5741613,0.6496135,0.54018253,0.5175014,0.65386397,0.6167367,0.6038315,0.7780592,0.5853959,0.5330878,0.59154695,0.6294891,0.6255093,0.39234227,-0.12114882,-0.12642722,0.42787963,0.27564812,0.29226014,0.16212603,0.10111812,-0.054884676,0.20400493,0.32020038,0.259718,0.20498157,0.23961134,0.18601973,0.075170934,0.16497242,0.3490276,0.34521487,0.13900007,0.23181896,0.23037882,0.5315151,0.74353015,0.8162601,0.5414595,0.701827,0.47970945,0.37603596,0.09162573,0.16926315,0.29140317,0.11013849,0.19623245,-0.050425008,-0.003197003,-0.0583619,0.13378704,0.045346785,0.14641693,0.08605767,0.18203467,0.20263572,0.06242664,0.16368395,0.16479172,0.117296115,0.15075201,0.021339523,0.009515385,-0.06690343,-0.040571887,-0.14175771,-0.16155799,0.043018203,-0.13445592,-0.026186282,0.090041645,-0.34863347,-0.4452262,-0.38312855,-0.36229604,-0.3281807,-0.3348976,-0.34087837,-0.24075538,-0.16498742,-0.13748181,-0.24207263,-0.24018437,-0.13175516,-0.043959916,-0.07388429,0.15289487,0.4431087,0.23787826,0.23576577,0.23408437,0.4713274,0.10471391,0.2612373,0.055467546,0.011755883,-0.03458315,-0.23317133,-0.12884468,-0.17149146,0.059989274,-0.07830837,0.10212614,0.45639482,0.11155732,0.08770375,0.31339484,0.46366647,0.45238116,0.2377046,0.2868715,0.16583355,0.12976666,0.22024639,0.07434649,-0.09596654,-0.16544594,-0.06824891,0.01083293,-0.2052828,-0.22851694,-0.15173416,-0.22325443,-0.2931439,-0.23867399,-0.3290745,-0.3651236,-0.32121414,-0.27956367,-0.2805331,-0.1316367,-0.16874054,-0.21273983,-0.22231102,-0.08890976,-0.14125766,-0.11086602,0.025324456,0.009922015,0.013038785,0.022900606,0.044682674,-0.0062885936,0.088543214,0.27644363,0.3223614,0.2249318,0.43971413,0.45723113,0.52808195,0.3308879,0.35308844,0.20086506,-0.1250009,-0.08433918,-0.10159213,-0.53498966,-0.5633883,-0.55140543,-0.5419358,-0.52616125
9,0.8544881,0.86657983,0.7409685,0.891339,1.0,0.730234,0.8526977,0.64996505,0.85644794,0.6634653,0.742864,0.7766902,0.8097494,0.70737886,0.61909246,0.45247945,0.38364136,0.44117826,0.39387244,0.2585462,0.73200923,0.6970938,0.3759266,0.63281006,0.6702916,0.612424,0.6822801,0.67018515,0.621068,0.5824472,0.5178034,0.48436955,0.57245165,0.5016217,0.48413995,0.55597097,0.6309445,0.5963015,0.6842867,0.72012347,0.6892595,0.72806346,0.55795085,0.555995,0.31808594,0.2232662,0.21911423,0.26419094,0.4339635,0.3771943,0.03015204,0.48048946,0.561332,0.45369145,0.6851494,0.7499848,0.6312643,0.8142586,0.5398704,0.69800144,0.8571805,0.7576614,0.87207294,0.8758968,0.8001646,0.6773927,0.7103812,0.71855783,0.8052027,0.7080251,0.8066304,0.85122925,0.8458587,0.79120064,0.8105773,0.780961,0.73396415,0.56329715,0.6315081,0.3863444,0.4897668,0.2509021,0.2614668,0.24701582,0.009685373,0.18929611,0.12796167,0.15814807,0.08235096,0.13885413,-0.1434288,-0.15855387,-0.17784739,-0.15022966,0.2225686,0.37873927,0.565155,0.5896423,0.6860129,0.5888936,0.59774095,0.6938639,0.6570607,0.6565075,0.8220745,0.63067836,0.56440914,0.6361542,0.65120703,0.6783325,0.44505265,-0.08470116,-0.12561224,0.46956772,0.31144994,0.33880848,0.18186271,0.12134619,-0.0409157,0.21234187,0.3529517,0.29582015,0.18661562,0.21397279,0.17992662,0.07419771,0.14756943,0.32340497,0.31159434,0.09159079,0.20578058,0.17827937,0.48035207,0.65623975,0.7281054,0.47215846,0.5935113,0.37427726,0.31142098,0.05995215,0.100409165,0.2213854,0.06263086,0.13759007,-0.08616971,-0.045423634,-0.10454221,0.13460375,-0.0028408638,0.12786746,0.06691533,0.1592164,0.18075989,0.05686313,0.13190156,0.13270947,0.09770235,0.111275844,-0.027023204,-0.030088533,-0.113808125,-0.085836716,-0.18116978,-0.18771903,0.008438882,-0.18748869,-0.050465744,0.04394114,-0.40226674,-0.48462218,-0.42582884,-0.40783498,-0.37184203,-0.38843906,-0.3805969,-0.28810683,-0.1994306,-0.16294828,-0.28438956,-0.28702196,-0.1814317,-0.08069459,-0.10058027,0.103093736,0.39929843,0.20229438,0.22296162,0.23498093,0.47316486,0.11206738,0.26639518,0.050041694,-0.0025778757,-0.045614872,-0.27318656,-0.15814674,-0.19819763,0.04395105,-0.09891479,0.08722251,0.45195004,0.08438256,0.06494366,0.31779128,0.46065408,0.4522803,0.2301512,0.28246203,0.15735194,0.09194509,0.1783912,0.058654975,-0.13994595,-0.20329058,-0.111243956,-0.00807562,-0.26906148,-0.27125984,-0.18720087,-0.2551062,-0.3326835,-0.27281877,-0.3536192,-0.3822991,-0.3531759,-0.3240165,-0.31638357,-0.15463641,-0.2241315,-0.26514772,-0.29678872,-0.13993593,-0.17196396,-0.16010922,-0.014404065,-0.03730107,-0.034677554,-0.017514952,-0.0040881843,-0.044442214,0.044726852,0.21820709,0.2980575,0.17474963,0.39031255,0.40490603,0.49105927,0.3072149,0.32839972,0.23759368,-0.17149319,-0.13042337,-0.15816738,-0.5027702,-0.5135691,-0.501801,-0.4947143,-0.4934854
10,0.6663538,0.7579183,0.7323682,0.76802945,0.730234,1.0,0.7874026,0.61451316,0.7020485,0.6145504,0.6067603,0.5740571,0.629654,0.5517322,0.49870214,0.36467457,0.29568297,0.35214135,0.3225442,0.22286734,0.6495542,0.64710075,0.36419523,0.6035011,0.6319291,0.57928354,0.5783315,0.530485,0.44452676,0.43109578,0.40160394,0.36663032,0.4639577,0.4170617,0.42980358,0.58350354,0.64367723,0.59423965,0.60788864,0.6766247,0.64972836,0.65231466,0.48234618,0.49793583,0.28185722,0.18689542,0.21716563,0.211319,0.3538238,0.29204607,0.0497835,0.37783223,0.44604856,0.4009809,0.5501086,0.6094784,0.5088106,0.6806052,0.47264498,0.5606624,0.71813256,0.62417704,0.7209135,0.746436,0.70185024,0.5978314,0.61104345,0.64020276,0.6888667,0.6125289,0.6873582,0.74185306,0.7237336,0.64390117,0.7241625,0.71083677,0.65004236,0.55805194,0.53559643,0.4101644,0.47122967,0.28153202,0.22824156,0.22552633,0.05715195,0.23592469,0.15902811,0.15785667,0.13282585,0.19665101,-0.049250465,-0.08057173,-0.031242466,-0.019297944,0.27757958,0.3968815,0.5015592,0.5386958,0.6111714,0.55109394,0.45416823,0.64773244,0.6231965,0.6062748,0.70092446,0.48810974,0.47566843,0.43659747,0.45592338,0.4981721,0.41169602,-0.021276938,-0.03570675,0.44831863,0.28788492,0.3510211,0.24824513,0.21282017,0.07554399,0.29758736,0.35876417,0.29167113,0.28361216,0.30111784,0.22989081,0.12698832,0.2515025,0.390874,0.3821169,0.18180445,0.29602164,0.2595902,0.5258374,0.6065958,0.6373025,0.36501402,0.517658,0.3852244,0.35416338,0.10569972,0.15948096,0.22845833,0.14650352,0.17063683,0.021185357,0.11248469,0.039651357,0.1840122,0.104328334,0.1789353,0.11691684,0.22797997,0.24548744,0.09005266,0.20267698,0.20978643,0.16108987,0.1716187,0.069492854,0.033471063,-0.05368604,-0.042169992,-0.09299605,-0.068425864,0.030124296,-0.11484659,0.013027938,0.047279425,-0.28351465,-0.3090965,-0.28193063,-0.27756974,-0.26837665,-0.23204947,-0.23951943,-0.17638709,-0.1445006,-0.13074024,-0.1681183,-0.1309183,-0.11170381,0.012674644,0.026325036,0.17746338,0.36944303,0.18063094,0.27859843,0.29897237,0.44814375,0.21033797,0.3206707,0.14749283,0.12617001,0.088079326,-0.12660193,-0.036949594,-0.08296167,0.1340072,-0.04305636,0.10486948,0.42034262,0.09627532,0.057005916,0.22276638,0.3608236,0.34552982,0.13199292,0.16020207,0.07661365,0.033186015,0.11973761,0.011664083,-0.12516323,-0.15166903,-0.0970143,0.006845593,-0.19123074,-0.17009144,-0.101028845,-0.14525615,-0.23940003,-0.14103201,-0.23749216,-0.26741222,-0.25629285,-0.24595508,-0.25625464,-0.16305657,-0.17739977,-0.22478744,-0.21200219,-0.1198056,-0.15785378,-0.14245713,-0.02722424,-0.032056257,-0.046109337,-0.036619946,0.00383418,-0.039327376,0.03103444,0.16821645,0.19222456,0.16607668,0.32386023,0.32464316,0.41270894,0.27811626,0.28062934,0.10960358,-0.06936397,-0.041422933,-0.041429177,-0.4901844,-0.50483567,-0.49688172,-0.48820555,-0.48609567
11,0.8351435,0.84318304,0.79406977,0.93350387,0.8526977,0.7874026,1.0,0.75820124,0.8681707,0.786317,0.8853092,0.8304503,0.80242705,0.7927686,0.75135463,0.5156937,0.50302815,0.5793579,0.43669698,0.29477692,0.8069063,0.75923395,0.46906886,0.6531163,0.6873707,0.5907355,0.63538474,0.60968757,0.5635464,0.5298695,0.4585918,0.43458942,0.5237627,0.47156724,0.4189364,0.5491336,0.64384454,0.5772839,0.6625488,0.72128475,0.75162435,0.8015464,0.6215392,0.67200893,0.40047085,0.36908692,0.33508733,0.3257204,0.5404694,0.44516602,0.036028877,0.5315925,0.6481925,0.51272523,0.6707355,0.7950834,0.6924758,0.8091995,0.55037934,0.7296145,0.82649994,0.72152305,0.8297585,0.8369606,0.74772525,0.6269052,0.65598685,0.6806073,0.76622486,0.67438877,0.77956134,0.82098746,0.8173489,0.74958706,0.77357227,0.7382231,0.72223616,0.56070626,0.61706513,0.42373788,0.59251815,0.29709253,0.33970055,0.33738032,0.096711956,0.28979447,0.22195645,0.22537081,0.15887113,0.21393043,-0.07860167,-0.09793017,-0.10004607,-0.09785839,0.27452886,0.4380971,0.6205381,0.6351659,0.679566,0.5598287,0.491034,0.63982916,0.6033129,0.5986242,0.7605824,0.5543001,0.5129662,0.5890345,0.61286277,0.6113074,0.4115244,-0.05076466,-0.07697005,0.4680052,0.32913402,0.35393637,0.22273806,0.13915709,-0.0223596,0.23096026,0.35407323,0.28085238,0.21868424,0.25311318,0.19819665,0.08631813,0.17793025,0.352051,0.34830943,0.16310345,0.23329136,0.23822683,0.5320773,0.7310064,0.80446225,0.5409135,0.7190856,0.4924514,0.39135587,0.093677215,0.19789071,0.31557286,0.13151824,0.2278508,-0.017592326,0.023348948,-0.031226875,0.124313846,0.06560054,0.17458686,0.12025592,0.19294105,0.21687867,0.06261135,0.16914259,0.17687891,0.1376575,0.15560155,0.03663694,0.03356753,-0.047886364,-0.03304304,-0.12449345,-0.10953672,0.055779032,-0.09989258,0.0068390076,0.10571136,-0.30468115,-0.40720108,-0.32103002,-0.29734033,-0.264452,-0.2627116,-0.27426758,-0.18002318,-0.10159695,-0.086749695,-0.16847244,-0.17783934,-0.06826735,0.030510353,-0.017307548,0.1910811,0.480725,0.28675568,0.2803447,0.24136332,0.46582967,0.11310742,0.25647017,0.062284105,0.04825257,-0.00014222425,-0.1590865,-0.060996298,-0.10364068,0.12054086,-0.016093971,0.17745616,0.4786619,0.16406521,0.1629758,0.35561076,0.48556182,0.46771953,0.2775309,0.3112556,0.21494666,0.16497876,0.2396251,0.1356071,-0.024956614,-0.099064186,0.00451626,0.077329814,-0.12557556,-0.14422016,-0.07609741,-0.13008958,-0.21801946,-0.1725401,-0.250046,-0.28871128,-0.23754367,-0.20028245,-0.20840171,-0.066135645,-0.10764935,-0.14596908,-0.16340767,-0.03655633,-0.09310885,-0.05989166,0.078710176,0.063780546,0.057758007,0.059966896,0.10523321,0.040154524,0.1361004,0.29507193,0.33280718,0.2661022,0.4477768,0.46933872,0.5377497,0.3492276,0.34498447,0.19610278,-0.11904485,-0.07913538,-0.1047144,-0.5889367,-0.612101,-0.60594517,-0.59808326,-0.58147603
12,0.6230635,0.6447015,0.6313254,0.7296293,0.64996505,0.61451316,0.75820124,1.0,0.62810093,0.5804705,0.6545434,0.59564143,0.599565,0.5491896,0.53548175,0.342038,0.3538327,0.3989916,0.3021935,0.23141138,0.6241513,0.5949235,0.3793841,0.5099524,0.5310879,0.4635994,0.49881774,0.4783267,0.4358154,0.40059537,0.34857988,0.32529157,0.4025526,0.36389905,0.33724603,0.42552322,0.49728152,0.43821627,0.5025605,0.55966604,0.5777685,0.59867984,0.45406386,0.5026527,0.2715899,0.24952118,0.23933794,0.2282721,0.3571914,0.2773951,-0.0059661306,0.34231034,0.45087236,0.35190913,0.4956816,0.56768715,0.46987453,0.59233475,0.39602676,0.52335584,0.6160787,0.53963274,0.62843424,0.6348793,0.57801193,0.4692383,0.50363874,0.5121144,0.58848494,0.51824266,0.5952267,0.62885046,0.62639225,0.5741754,0.58885825,0.5676294,0.565222,0.4437249,0.46336997,0.31170133,0.4330968,0.24028866,0.22604978,0.2352619,0.07858337,0.22051048,0.17925057,0.17516255,0.13319577,0.17221594,-0.031515416,-0.04589192,-0.04093632,-0.04942367,0.2182461,0.31797618,0.43762767,0.4544641,0.49620318,0.4156437,0.36843202,0.4914761,0.46538115,0.4621243,0.5769955,0.44806504,0.41352928,0.42595968,0.460841,0.46447518,0.31306255,-0.07773115,-0.08405126,0.34012216,0.229075,0.25179476,0.16810691,0.11308894,0.008448016,0.1784383,0.2635748,0.20711032,0.20052601,0.2264469,0.14627197,0.08953222,0.17022783,0.29832,0.30593526,0.1637043,0.21939968,0.17636068,0.44435114,0.5876476,0.6265197,0.41249532,0.57335836,0.43751943,0.3530323,0.108063385,0.21189657,0.28307316,0.14581405,0.19222261,0.02694054,0.06996855,0.022462813,0.09827363,0.09243314,0.15074752,0.09516385,0.17945799,0.20312837,0.063055314,0.1715493,0.16795646,0.1143543,0.15695135,0.053463634,0.05024262,-0.0055661467,-0.014419399,-0.05965766,-0.080381006,0.060047843,-0.05567932,0.015320958,0.08111115,-0.20296238,-0.2709818,-0.21451932,-0.19787082,-0.17825276,-0.16800061,-0.17977513,-0.12964089,-0.05337889,-0.04582618,-0.100190744,-0.10652493,-0.038927387,0.039596584,0.008911119,0.1578379,0.35556126,0.22077979,0.21414955,0.20260084,0.3506004,0.10503005,0.2168469,0.078555875,0.065040454,0.02779711,-0.116353706,-0.027391704,-0.055510387,0.106091626,-0.0009919343,0.13905959,0.35137105,0.12843779,0.122941114,0.2610321,0.3556576,0.33918738,0.1994524,0.22231121,0.15299168,0.12294744,0.18640003,0.08646003,-0.019498521,-0.06337908,0.0032936628,0.06621702,-0.09258828,-0.09091164,-0.040014226,-0.09226575,-0.14582361,-0.112403214,-0.17354101,-0.19545692,-0.16649926,-0.141404,-0.14316818,-0.052432142,-0.07857554,-0.109506235,-0.119921125,-0.019053089,-0.055868227,-0.033392165,0.05001114,0.044271246,0.03554654,0.037113655,0.08810386,0.023558427,0.104824424,0.21396829,0.23612307,0.20902589,0.34036234,0.34588718,0.3937534,0.27653116,0.27416462,0.15100567,-0.06302914,-0.033842493,-0.050726816,-0.46692115,-0.48872393,-0.47596973,-0.46731502,-0.45937806
13,0.76565117,0.814806,0.70156395,0.8512014,0.85644794,0.7020485,0.8681707,0.62810093,1.0,0.7515548,0.80285686,0.86341095,0.84415543,0.8160377,0.76103127,0.5373722,0.4882998,0.59100914,0.45851326,0.26495895,0.72032446,0.66472477,0.38190976,0.5856632,0.6249492,0.5391677,0.5838411,0.55845004,0.50750303,0.5023388,0.43461135,0.4113808,0.48457366,0.42040795,0.3806314,0.52340096,0.6063783,0.5738353,0.62824434,0.69031805,0.6812789,0.7615543,0.6099944,0.6332135,0.4155765,0.36633834,0.35096872,0.37301835,0.60030633,0.54763883,0.08283888,0.64533293,0.7113122,0.57576185,0.7676584,0.85717666,0.71359444,0.863888,0.6067665,0.76400876,0.85566604,0.7502436,0.8423124,0.8420184,0.7510276,0.6456887,0.6604162,0.6898149,0.74304074,0.6522097,0.7515845,0.7917486,0.7902368,0.7104211,0.7439556,0.7223536,0.6963549,0.5352287,0.6217632,0.41413337,0.5747123,0.26991534,0.33974168,0.32488555,0.1103263,0.25373998,0.17821644,0.18754202,0.11864066,0.16602868,-0.09127671,-0.108344145,-0.12989219,-0.09512247,0.29708353,0.4731577,0.67580044,0.67584026,0.72232366,0.6069223,0.5048168,0.67189544,0.63780177,0.6510461,0.7884779,0.6040038,0.55877,0.6422905,0.66072047,0.6757718,0.475514,-0.026330072,-0.08125707,0.5291421,0.38700083,0.41615173,0.2571259,0.13782775,-0.045210395,0.21168439,0.36610234,0.3044292,0.15389776,0.18345644,0.16689079,0.060484998,0.10582311,0.28731078,0.26492825,0.07760505,0.1451684,0.16393097,0.4306034,0.61562884,0.70745534,0.49741536,0.6196197,0.36118063,0.2786376,0.04577454,0.08689897,0.22787762,0.024653642,0.1556961,-0.11469088,-0.08044568,-0.14662671,0.09032453,-0.024169445,0.09619808,0.055651326,0.121974394,0.1396418,0.026227951,0.08792781,0.10477583,0.088471524,0.07625558,-0.040467244,-0.013079821,-0.11591452,-0.090830885,-0.17759638,-0.13323589,-0.0021898607,-0.16696157,-0.033894498,0.04999681,-0.35605827,-0.45109925,-0.37122253,-0.34880823,-0.31234783,-0.3047284,-0.3285703,-0.23426796,-0.14663287,-0.12133004,-0.22023778,-0.24715163,-0.12772146,-0.018685063,-0.073701575,0.11450713,0.4371773,0.24274984,0.2422249,0.2001781,0.45543268,0.080387086,0.24089201,0.012689065,0.00797685,-0.032347675,-0.20454931,-0.091004565,-0.13189724,0.08974755,-0.042518787,0.16523024,0.46817255,0.14051917,0.15625736,0.38059247,0.48936185,0.47494233,0.2823115,0.3149142,0.22441272,0.15517393,0.20741035,0.14262271,-0.04654609,-0.13664354,-0.017849697,0.07102932,-0.15502392,-0.18076903,-0.10406663,-0.14191848,-0.24471386,-0.20150691,-0.28167757,-0.31877014,-0.26083854,-0.21884306,-0.22323264,-0.06197499,-0.14975709,-0.1804517,-0.2037195,-0.079253934,-0.12649181,-0.099304065,0.05683847,0.021570003,0.017739978,0.028234007,0.059059333,-0.010571323,0.09399872,0.2602882,0.29941675,0.21238837,0.3976474,0.43030787,0.5019424,0.30281252,0.28123647,0.19793713,-0.19457786,-0.15685862,-0.17309022,-0.5353781,-0.5528432,-0.5488859,-0.5417932,-0.5282354
14,0.6276541,0.6648369,0.6201165,0.7164967,0.6634653,0.6145504,0.786317,0.5804705,0.7515548,1.0,0.70289946,0.6616924,0.6106691,0.67537844,0.6427671,0.47940674,0.39148754,0.49797478,0.4135766,0.18763725,0.63361186,0.5976681,0.37609372,0.51876,0.541967,0.45138803,0.46893832,0.4390019,0.39204422,0.38852355,0.33399987,0.32281518,0.3919014,0.35816452,0.3197502,0.46637604,0.53975534,0.487137,0.50648546,0.5916009,0.6145398,0.6728459,0.5221481,0.5879957,0.37679997,0.33241832,0.30344883,0.32859656,0.5226187,0.46388125,0.10505084,0.53264904,0.5984252,0.50180024,0.6063764,0.698246,0.6011521,0.69124633,0.5030887,0.6243045,0.67363185,0.59334165,0.66580284,0.6648677,0.59669197,0.5114851,0.5344604,0.5439546,0.58915323,0.50908756,0.60837436,0.6418343,0.63594574,0.5706632,0.5999757,0.58531976,0.58140576,0.47672644,0.52756417,0.39524922,0.5447951,0.24568415,0.34085205,0.28646046,0.13385741,0.28274664,0.21692401,0.19644518,0.1641349,0.19524398,-0.007425065,-0.0330854,-0.021513216,-0.01597103,0.30364493,0.44195944,0.58529073,0.58091205,0.6026942,0.4984626,0.3812392,0.5365798,0.50787,0.51378065,0.61741346,0.43585178,0.41870007,0.490944,0.49559733,0.5021594,0.38862407,0.03231379,-0.0129820155,0.45026043,0.33218127,0.37087852,0.26860583,0.16260509,0.017197557,0.2217576,0.3225853,0.25159696,0.1963593,0.2175841,0.175617,0.08369481,0.15993603,0.29595616,0.28201255,0.13206728,0.19063932,0.18831304,0.4125239,0.54996854,0.6215774,0.43360016,0.5651411,0.36337027,0.30054703,0.08636022,0.139148,0.24330269,0.101745576,0.18780155,-0.017337171,0.026669966,-0.032438066,0.10671962,0.07411445,0.15229005,0.12895697,0.15655442,0.17684442,0.073868155,0.13822587,0.15391399,0.12015448,0.12427085,0.04002349,0.03436526,-0.034717675,-0.0485525,-0.07220332,-0.061690737,0.025447274,-0.07763846,0.012941087,0.08745689,-0.22596583,-0.30120233,-0.23201264,-0.20865883,-0.18348302,-0.1624095,-0.18388997,-0.11995302,-0.05296033,-0.04553098,-0.09488719,-0.11289607,-0.031177592,0.066371754,0.015498925,0.16645133,0.4050239,0.25913802,0.25147843,0.20512848,0.3759316,0.099453874,0.19883098,0.061750703,0.06675675,0.026172237,-0.08843287,-0.0015840394,-0.036652856,0.14087962,0.019654246,0.19495076,0.40892443,0.16843417,0.18743432,0.32519937,0.41142574,0.39436412,0.24803855,0.25767604,0.19895579,0.15442467,0.20284593,0.15981017,0.035732616,-0.038492642,0.05605463,0.13395832,-0.062768094,-0.06284515,0.0013128025,-0.034104787,-0.12713227,-0.08970535,-0.14816386,-0.18981959,-0.14540307,-0.11722442,-0.12449909,-0.015483361,-0.062209506,-0.089895695,-0.09875113,-0.010534712,-0.063480146,-0.0319397,0.08703081,0.07172965,0.06473186,0.066780254,0.10862803,0.031258013,0.12453256,0.23528057,0.26135835,0.22813332,0.34493127,0.36208537,0.41933814,0.28401393,0.24297798,0.13206016,-0.12804766,-0.09780015,-0.11978906,-0.5110462,-0.52840567,-0.52672017,-0.52029157,-0.5062989
15,0.70846486,0.66913825,0.63914174,0.8230563,0.742864,0.6067603,0.8853092,0.6545434,0.80285686,0.70289946,1.0,0.9030375,0.7762876,0.8436544,0.8460395,0.54813826,0.63138807,0.7062622,0.4667511,0.3026453,0.71117115,0.6276104,0.40977588,0.500792,0.512744,0.3946617,0.4555085,0.44763577,0.44138676,0.41969687,0.3299885,0.3236509,0.37109342,0.32275558,0.21621844,0.3533909,0.46045017,0.40803063,0.50911593,0.5376989,0.6226007,0.7234658,0.591624,0.660831,0.4240222,0.50710076,0.41256613,0.38957667,0.6265394,0.5246681,0.000548482,0.5746663,0.7124626,0.49306116,0.61738145,0.7741531,0.67634696,0.7124663,0.4718847,0.7019298,0.69676286,0.61400604,0.6925186,0.6774739,0.55857396,0.4545445,0.47961733,0.50389373,0.59202975,0.51186377,0.62080604,0.64083314,0.6550949,0.58436304,0.58181775,0.5343334,0.5810209,0.36960375,0.5016514,0.32263523,0.56034416,0.22144021,0.3725102,0.37591046,0.14745092,0.27005538,0.25498208,0.26231256,0.15970354,0.18458049,-0.08875401,-0.08310835,-0.1716577,-0.1757642,0.17828305,0.341239,0.5755449,0.5528632,0.5534397,0.40979326,0.35744348,0.4416377,0.40684918,0.41972122,0.5869039,0.4533343,0.4041904,0.5324363,0.5799936,0.52287465,0.30042642,-0.08035224,-0.104764976,0.3498758,0.27538523,0.24605861,0.10957456,-0.006069508,-0.12902854,0.062423486,0.27376866,0.23332895,0.054970544,0.097501494,0.08011821,0.0044486546,0.014553725,0.17571954,0.17681424,0.05258888,0.054993447,0.1439838,0.37865025,0.61922956,0.7144784,0.5280419,0.70577455,0.4410175,0.294974,0.04316626,0.16309902,0.30170286,0.04803429,0.21685915,-0.059752297,-0.10086912,-0.11081103,-0.0044855913,-0.059885923,0.062486634,0.02251904,0.05685698,0.068654284,-0.009873677,0.03282286,0.04687355,0.040545873,0.05438557,-0.033604823,0.014530868,-0.048586156,-0.041169222,-0.12010396,-0.10962338,0.059453797,-0.055800013,0.057186566,0.1387306,-0.24122022,-0.3904873,-0.26040936,-0.2257311,-0.17834531,-0.19705889,-0.22933027,-0.1374864,-0.030302968,-0.02575563,-0.11664323,-0.18056382,-0.0053404425,0.035550166,-0.06932365,0.12443263,0.4404801,0.29607978,0.17142327,0.090221934,0.30978924,-0.034788415,0.09018166,-0.07253843,-0.06644491,-0.10221942,-0.1407458,-0.07041691,-0.09984737,0.051615316,0.012670565,0.18721983,0.37083042,0.17842032,0.21133575,0.38597253,0.45597228,0.43448102,0.35076737,0.37716618,0.3145567,0.2687798,0.29647097,0.23818554,0.097781375,-0.011053132,0.11651708,0.14417288,0.013211103,-0.06713156,-0.025492711,-0.041582283,-0.123576306,-0.13591374,-0.1905998,-0.21493784,-0.12111692,-0.060279753,-0.073642604,0.07566134,0.022249639,-0.007749625,-0.040553972,0.08596938,0.013884043,0.06879081,0.1875227,0.16068406,0.16388272,0.15715526,0.1851628,0.094773225,0.22006236,0.3576498,0.35426915,0.28527957,0.4236903,0.47610322,0.49233297,0.30112085,0.29008833,0.216781,-0.1270111,-0.086235166,-0.13071358,-0.5074199,-0.5364635,-0.534739,-0.5295653,-0.49924928
16,0.7126794,0.67916614,0.60385066,0.7999309,0.7766902,0.5740571,0.8304503,0.59564143,0.86341095,0.6616924,0.9030375,1.0,0.8648891,0.90183973,0.8655591,0.59439534,0.6174846,0.70781165,0.4664114,0.3046072,0.67314917,0.57957643,0.34924322,0.472986,0.4847176,0.38063687,0.45267883,0.45026484,0.44395617,0.43585292,0.34596887,0.33719793,0.3769264,0.3166547,0.21227793,0.34248295,0.4435861,0.41028643,0.5066285,0.5310885,0.58744526,0.70559394,0.5935393,0.6339291,0.42632404,0.4934275,0.41226098,0.4092633,0.66736096,0.600961,0.02260465,0.66456246,0.760815,0.5329787,0.69852203,0.83032256,0.7239824,0.76633656,0.522034,0.7438673,0.7397041,0.65124875,0.7300524,0.70704687,0.58275,0.4809985,0.4958309,0.5328052,0.6023348,0.52408564,0.6295773,0.65087944,0.66737086,0.5907364,0.5901436,0.54667723,0.5790707,0.36334923,0.51883656,0.30680993,0.5485982,0.22504145,0.370192,0.36227173,0.14198042,0.2307268,0.20729932,0.22873686,0.11672958,0.1456319,-0.11864211,-0.114575446,-0.21747397,-0.20353171,0.17668203,0.3528413,0.6088798,0.58446616,0.5894573,0.4500911,0.39097166,0.4777192,0.4412385,0.46116683,0.6286927,0.48960257,0.43505633,0.58664083,0.62170875,0.5744908,0.34391716,-0.06351672,-0.093146965,0.39111176,0.31362346,0.27820817,0.1138357,-0.027918456,-0.1762909,0.036191855,0.2770938,0.24486735,-0.005965205,0.03647669,0.05038947,-0.020974047,-0.047935653,0.12287488,0.113320686,-0.014090768,-0.015200947,0.10301996,0.3128892,0.5567277,0.672198,0.5149252,0.6574463,0.3530645,0.2131246,0.0028611869,0.08178449,0.24284905,-0.034031227,0.14748517,-0.14449427,-0.1826826,-0.20358802,-0.013049456,-0.12637314,0.010165714,-0.023453336,0.0023790821,0.010807271,-0.04272365,-0.029561944,-0.014211963,-0.007120616,-0.008213294,-0.10831162,-0.026473373,-0.11101362,-0.083404504,-0.17980765,-0.16369033,0.011265167,-0.1237595,0.010350062,0.09261668,-0.304826,-0.456171,-0.32581964,-0.2893024,-0.2341778,-0.2625178,-0.2994602,-0.19752753,-0.084268905,-0.07266286,-0.18024983,-0.25794843,-0.05628116,-0.021184629,-0.13490392,0.0698455,0.4258126,0.27009925,0.13950327,0.05763733,0.32379258,-0.05774458,0.06847333,-0.11572737,-0.119432785,-0.15358989,-0.19465406,-0.122839086,-0.15193535,0.0076486673,-0.02557844,0.16093755,0.37761772,0.15497413,0.1953526,0.41278315,0.4822502,0.4624334,0.36122292,0.39686242,0.3279936,0.26713923,0.28867984,0.24063542,0.067359336,-0.051745493,0.08472514,0.13243175,-0.024950119,-0.12191774,-0.07243321,-0.08051969,-0.1688468,-0.19272691,-0.24117643,-0.26809722,-0.16923112,-0.102884315,-0.115275316,0.05906559,-0.023479698,-0.04973538,-0.08840933,0.04661736,-0.021408392,0.028810827,0.17653078,0.12856856,0.13665396,0.13934174,0.14725661,0.05630554,0.18811125,0.3551835,0.3451687,0.254061,0.41667056,0.47880614,0.50112313,0.2853423,0.27171093,0.24162683,-0.18704376,-0.14212413,-0.1737429,-0.471238,-0.49562103,-0.4956783,-0.4909315,-0.46303764
17,0.74133307,0.765953,0.66268075,0.8185941,0.8097494,0.629654,0.80242705,0.599565,0.84415543,0.6106691,0.7762876,0.8648891,1.0,0.7431961,0.686665,0.45258358,0.44530752,0.5129985,0.40982357,0.2691282,0.67391765,0.6186337,0.33084163,0.53540033,0.5715946,0.50603294,0.5778209,0.57161325,0.5339276,0.5128213,0.44595116,0.42034206,0.48962945,0.4260437,0.36969733,0.4607982,0.5365638,0.5133046,0.5972638,0.62347835,0.6181093,0.6820926,0.5505997,0.54369056,0.34484214,0.29264897,0.27728286,0.292838,0.49797386,0.43786356,0.013187109,0.52909094,0.61859894,0.45969078,0.6706645,0.7601309,0.6277832,0.773077,0.5195583,0.69347376,0.7908328,0.692215,0.78872085,0.7855405,0.6959351,0.587615,0.607935,0.63394654,0.6995331,0.6191835,0.71405196,0.74443364,0.74405664,0.6848733,0.69926566,0.67009324,0.64466715,0.4595684,0.5425508,0.3252169,0.4685064,0.24690613,0.27624223,0.2613891,0.031343374,0.17170538,0.12179579,0.15669537,0.06804887,0.123019814,-0.14573506,-0.15469134,-0.18123287,-0.16104715,0.19310264,0.35091504,0.55355763,0.56047636,0.6257455,0.523319,0.4715345,0.6023522,0.570306,0.57672775,0.72261614,0.576482,0.5246867,0.5965062,0.6238768,0.6296425,0.40291575,-0.09635089,-0.124861486,0.42006665,0.307989,0.29936326,0.14859259,0.05872528,-0.10717995,0.1370481,0.2998643,0.25968635,0.09366815,0.12322658,0.12537676,0.026047185,0.053913407,0.22904865,0.20970507,0.032117944,0.10374928,0.15528986,0.38320777,0.58448964,0.6704977,0.45889696,0.58303005,0.33828667,0.24006467,0.027098829,0.06538356,0.20319282,-0.007917687,0.11080337,-0.13968262,-0.115421385,-0.16576263,0.054483365,-0.052667245,0.06882653,0.02636999,0.088237666,0.108570464,0.0035947566,0.07097345,0.07240725,0.0505058,0.06672573,-0.053988885,-0.02924659,-0.120121785,-0.08202772,-0.18941624,-0.16410199,-0.011516856,-0.18291706,-0.06685535,0.025371157,-0.35974053,-0.44989932,-0.390317,-0.36820278,-0.32932174,-0.34499857,-0.35782868,-0.25568947,-0.1769871,-0.15165776,-0.25839207,-0.28215548,-0.14416279,-0.07796744,-0.123833194,0.079390205,0.39108568,0.1962835,0.1713016,0.15696725,0.41302288,0.036842283,0.19310293,-0.029998446,-0.049221337,-0.091980964,-0.24101292,-0.15114611,-0.18691684,0.013712801,-0.08962329,0.091312855,0.4069429,0.09247235,0.091541626,0.323954,0.44052258,0.42885697,0.24309435,0.2907393,0.18875095,0.13559929,0.19497228,0.097209565,-0.08723582,-0.17828774,-0.061679736,0.031211246,-0.1779073,-0.22603212,-0.1583565,-0.20227851,-0.27605098,-0.25272414,-0.31968433,-0.34960765,-0.29278228,-0.24501508,-0.2517876,-0.09051056,-0.1699252,-0.19884126,-0.2232091,-0.09723932,-0.13861056,-0.11621334,0.025551174,-0.008480198,0.0009999444,0.01769161,0.026435385,-0.032529857,0.070838325,0.26981446,0.2893548,0.18163098,0.3914189,0.4251636,0.4843548,0.27928096,0.2969587,0.2137952,-0.16435005,-0.12590812,-0.14329271,-0.44966295,-0.47424415,-0.46603176,-0.4578997,-0.4415359
18,0.6496558,0.62087464,0.5461218,0.72743356,0.70737886,0.5517322,0.7927686,0.5491896,0.8160377,0.67537844,0.8436544,0.90183973,0.7431961,1.0,0.8558703,0.67362255,0.6159392,0.7422817,0.47069746,0.28196624,0.645849,0.55643046,0.36192995,0.44046625,0.4616098,0.33538786,0.37813422,0.3642033,0.35802785,0.34874976,0.27254188,0.2672159,0.30389288,0.25301152,0.16495274,0.32694477,0.4275733,0.38699698,0.47092447,0.5126888,0.58459914,0.708845,0.59343666,0.6659121,0.46905884,0.550958,0.4346841,0.4846857,0.7243916,0.67967945,0.10863814,0.7277087,0.7735116,0.6133692,0.7062918,0.81537527,0.756595,0.7486188,0.5469996,0.70520383,0.6949778,0.6087054,0.6680942,0.6497069,0.5311475,0.4403386,0.45151815,0.48454225,0.5380301,0.46316049,0.56562394,0.5888487,0.60491353,0.51826435,0.54037166,0.5013295,0.54146373,0.36470518,0.50877213,0.3306083,0.60619336,0.21872145,0.41908443,0.40545774,0.21271822,0.3042178,0.27218297,0.25033587,0.18881033,0.20308165,-0.03209803,-0.030151607,-0.13908498,-0.13050215,0.26831603,0.4426865,0.673949,0.6356378,0.60600215,0.46844915,0.36269447,0.4509911,0.41442597,0.43649542,0.583584,0.40791553,0.37106913,0.5464559,0.55550975,0.51224226,0.3464661,0.024390183,-0.021382771,0.45264354,0.369289,0.3620002,0.21130823,0.06156772,-0.083313,0.10173189,0.32190856,0.26876172,0.045582946,0.08173282,0.08539314,0.008509139,0.001596025,0.14654398,0.13930659,0.028124733,0.012618289,0.13758427,0.31473798,0.5213261,0.63012993,0.49419641,0.6357895,0.34683293,0.22952107,0.01547903,0.10690042,0.2604798,0.007913261,0.18013948,-0.08596618,-0.12301924,-0.14510454,0.01959309,-0.08295819,0.047154877,0.018163746,0.034492385,0.03816694,-0.029101752,-0.008134253,0.0234371,0.040841095,0.00841634,-0.06699091,0.01033565,-0.069380395,-0.06877913,-0.14018576,-0.08528904,0.04629378,-0.059099678,0.06512674,0.120522894,-0.22356798,-0.37162784,-0.23047198,-0.19545923,-0.14872444,-0.15677473,-0.19717221,-0.12128577,-0.007610789,-0.004566494,-0.08417609,-0.16346526,0.0054517807,0.068591036,-0.045288954,0.12170089,0.43695033,0.31115878,0.19433185,0.09495637,0.3077909,-0.014640697,0.08083531,-0.072866626,-0.046178978,-0.08037194,-0.096666224,-0.028018232,-0.056395944,0.0898085,0.050873,0.23478103,0.38878927,0.20748274,0.25869712,0.4253536,0.4742931,0.45070034,0.37573814,0.39099818,0.34776908,0.27188975,0.29156047,0.2769146,0.12335833,0.007250531,0.14637062,0.19601011,0.04462283,-0.02291234,0.019667283,0.025583727,-0.07725929,-0.088719055,-0.13098575,-0.16274942,-0.07199599,-0.022527874,-0.03935717,0.10160435,0.045972195,0.020067092,-0.028691918,0.10332811,0.031526465,0.082691446,0.22128151,0.18447192,0.17913665,0.17311002,0.19963899,0.10418979,0.22814336,0.33068925,0.32755873,0.28166035,0.3909115,0.448718,0.4649543,0.29741067,0.24847229,0.2219757,-0.17865579,-0.14026788,-0.1816392,-0.51669395,-0.5296649,-0.53629,-0.5335261,-0.5110577
19,0.55837065,0.50643355,0.4876423,0.6779147,0.61909246,0.49870214,0.75135463,0.53548175,0.76103127,0.6427671,0.8460395,0.8655591,0.686665,0.8558703,1.0,0.65073884,0.77630424,0.8935851,0.52182275,0.3513203,0.6413288,0.53107727,0.41556516,0.3936831,0.38246927,0.24371155,0.28873426,0.28121948,0.28836986,0.29580513,0.21345465,0.22004189,0.22888018,0.18865585,0.0568143,0.22518419,0.32742545,0.2840805,0.36405653,0.41319263,0.54285127,0.6908762,0.5890535,0.71901363,0.51046705,0.7085249,0.5435841,0.53297377,0.7699549,0.66709334,0.036438912,0.66861635,0.78388375,0.5739519,0.60254025,0.75222933,0.678127,0.6367697,0.4561695,0.6581255,0.57652813,0.49849364,0.5541292,0.5298606,0.3966989,0.31199515,0.32391107,0.35711324,0.42594206,0.3581094,0.4599116,0.4718487,0.49651775,0.41277906,0.41480038,0.36875245,0.4467131,0.26843452,0.4359849,0.30721036,0.63829845,0.20596609,0.47100106,0.5008975,0.30503565,0.37354183,0.36738884,0.32987753,0.2552369,0.24679829,0.02621402,0.04244889,-0.10321287,-0.12279833,0.23485239,0.3856285,0.62901527,0.5708737,0.504459,0.35366514,0.25355867,0.30661774,0.27145123,0.29937547,0.44311187,0.33414176,0.29854828,0.4609249,0.50553083,0.4207893,0.25138974,-0.01297874,-0.039180763,0.33926398,0.31616223,0.26351726,0.13837963,-0.016726011,-0.10925512,0.0052998723,0.2795749,0.23336485,-0.0028006008,0.04394236,0.024817532,-0.008837115,-0.040935196,0.0864114,0.09808662,0.023161935,-0.031751826,0.10623069,0.30257815,0.53179544,0.6339074,0.51837784,0.7118494,0.44048163,0.26878473,0.045933634,0.19762549,0.33834612,0.051648103,0.2538205,-0.020609759,-0.11129228,-0.10172967,-0.032287993,-0.08113445,0.023433156,0.011414988,0.0046333806,-0.0061951405,-0.068513095,-0.04538432,-0.004761445,0.009718048,-0.0010171417,-0.046429776,0.032569855,-0.009829597,-0.03689079,-0.08082506,-0.042827986,0.09809514,0.037193466,0.13245691,0.18947914,-0.11485157,-0.30044022,-0.12113975,-0.077153206,-0.023076965,-0.048367284,-0.10052466,-0.037792966,0.08820132,0.07326625,0.017230026,-0.09581783,0.101405285,0.12785552,-0.032693777,0.13272335,0.43175218,0.3512337,0.14369616,0.02611468,0.2004602,-0.097897075,-0.0127111785,-0.11955779,-0.082980305,-0.112427376,-0.045133695,0.005806415,-0.016307656,0.079872176,0.105402626,0.2713297,0.31310615,0.24544626,0.32851133,0.44593525,0.44462392,0.41103056,0.4268714,0.42965865,0.4236119,0.37660187,0.36422613,0.3757084,0.2708988,0.13224155,0.28070852,0.2719828,0.19582693,0.097152084,0.11469783,0.12546305,0.055117894,-0.0135862045,-0.042766728,-0.055276565,0.069676824,0.13656475,0.10549479,0.23620471,0.19047496,0.16718264,0.127705,0.24283244,0.14502466,0.22716045,0.3110992,0.29321,0.2923817,0.2660044,0.30381432,0.16712996,0.32060337,0.41181904,0.3551852,0.34158522,0.40193316,0.46719345,0.44049457,0.27335948,0.20978212,0.19649333,-0.129528,-0.0910935,-0.1426034,-0.5230843,-0.5487188,-0.5546086,-0.55246174,-0.51674867
20,0.41342875,0.36672,0.31011635,0.45977378,0.45247945,0.36467457,0.5156937,0.342038,0.5373722,0.47940674,0.54813826,0.59439534,0.45258358,0.67362255,0.65073884,1.0,0.4859437,0.59227747,0.37415668,0.21085583,0.44315538,0.36850283,0.2726962,0.28332034,0.29115757,0.20017114,0.2154974,0.2008838,0.1902238,0.19575329,0.14060456,0.1440562,0.14903502,0.112087056,0.051744517,0.190746,0.26174125,0.23110269,0.28553426,0.32435665,0.3974779,0.5055345,0.42073405,0.5095763,0.40440634,0.48337454,0.38481277,0.40781847,0.5687769,0.5182532,0.06720694,0.53549945,0.56556696,0.45933253,0.4910164,0.5626445,0.5177769,0.49651244,0.36941507,0.47025245,0.4393496,0.37387103,0.41095608,0.39311135,0.31300125,0.2628086,0.26641297,0.28188628,0.30185688,0.2629548,0.3218391,0.34198937,0.35851705,0.2969447,0.31860638,0.29245323,0.33227172,0.23321953,0.3468415,0.25144368,0.48009142,0.16193335,0.35581475,0.33990142,0.21170242,0.26356548,0.24742424,0.2378268,0.18619558,0.1819374,0.02188134,0.031041237,-0.08100105,-0.08188823,0.19892092,0.32390258,0.49601665,0.45719418,0.40755966,0.30656585,0.20524399,0.26991197,0.24588372,0.2619469,0.35277012,0.2196514,0.21051833,0.31946206,0.33424613,0.28850496,0.21293138,0.045215227,0.0428961,0.29877204,0.269325,0.2460883,0.14182597,0.019317908,-0.060475048,0.043414664,0.22180958,0.17225872,0.022211604,0.04810242,0.05484105,0.002915891,-0.013331305,0.08481448,0.081755474,-0.0031715378,-0.024709241,0.09457086,0.2013452,0.34948525,0.43517026,0.36410558,0.4766641,0.25746655,0.16130807,0.014430072,0.081224285,0.18993585,0.017923305,0.18000166,-0.03090337,-0.09372081,-0.08863548,0.017821388,-0.07171975,0.035057086,0.025386121,0.025613677,0.013583929,-0.036996197,-0.013948671,0.018132666,0.042822693,0.00033115956,-0.032776397,0.047574013,-0.016511869,-0.024748294,-0.05533844,0.0015723767,0.038114257,-0.0040164497,0.08039758,0.11762373,-0.10685568,-0.2297427,-0.09031937,-0.063525386,-0.030592894,-0.04464377,-0.07561171,-0.039398063,0.049251024,0.0336285,0.009856808,-0.062455,0.05468111,0.103531115,-0.0051570814,0.11912702,0.32526317,0.25939828,0.14256462,0.054732986,0.18875664,-0.04629722,0.018820649,-0.05247404,-0.03170469,-0.051559184,-0.020092638,0.013489686,-0.009233588,0.082050286,0.080639124,0.20712292,0.2633181,0.18090421,0.23450693,0.32895043,0.34210137,0.3188017,0.30206352,0.30081213,0.2998337,0.23941955,0.24327229,0.26209795,0.16590258,0.05476644,0.17475772,0.19364023,0.114379846,0.056429885,0.07549355,0.08701122,0.026647601,0.010589304,-0.039876185,-0.047572978,0.032241806,0.07006374,0.048419382,0.15601929,0.102299355,0.086236514,0.054427657,0.14183275,0.06908257,0.1289019,0.20169824,0.19446707,0.19395174,0.1781411,0.20442888,0.11577998,0.22432853,0.278681,0.23757462,0.24800026,0.29666495,0.34108752,0.32979542,0.22485125,0.14216454,0.15007107,-0.14993116,-0.11953713,-0.15242453,-0.38694105,-0.3918416,-0.39668387,-0.39480877,-0.38539135
21,0.3114318,0.24806054,0.28819215,0.44340888,0.38364136,0.29568297,0.50302815,0.3538327,0.4882998,0.39148754,0.63138807,0.6174846,0.44530752,0.6159392,0.77630424,0.4859437,1.0,0.87086064,0.44508347,0.3721019,0.50450385,0.3951137,0.37623832,0.23517756,0.2235242,0.058011778,0.09439516,0.097516075,0.13853668,0.12649274,0.053025533,0.06242845,0.05724355,0.03431776,-0.09349916,0.041467328,0.13096882,0.097636335,0.20314014,0.22287178,0.39680883,0.5397237,0.4781119,0.6364916,0.4528864,0.7543093,0.5149223,0.49205464,0.6453259,0.53105056,0.008543646,0.4855282,0.5940012,0.42241722,0.364329,0.49622634,0.47043696,0.3690236,0.2565084,0.43626645,0.30526492,0.25496528,0.28664163,0.25819358,0.13293901,0.074150465,0.07845743,0.1032954,0.16429186,0.118015856,0.20034677,0.20525749,0.23293047,0.17297126,0.16638578,0.119211145,0.23553686,0.090974726,0.27171126,0.1936955,0.5494056,0.15098132,0.42966354,0.5335568,0.331718,0.37724435,0.42275566,0.36065817,0.300623,0.26005176,0.07861327,0.10751346,-0.07172808,-0.11592314,0.14428444,0.25233796,0.4562566,0.38831952,0.27607194,0.15739696,0.11069955,0.05390063,0.023906266,0.045996,0.1777828,0.11315722,0.07846617,0.26352197,0.29566625,0.18985389,0.05506999,-0.024924805,-0.030265741,0.16942215,0.20172565,0.11255311,0.04086307,-0.08436714,-0.09901854,-0.088632844,0.18932466,0.15619981,-0.04675102,0.0016805828,-0.037363414,-0.015304544,-0.06633045,0.0015920425,0.0384782,0.016474104,-0.06903109,0.07543885,0.2209052,0.4231604,0.4956517,0.45010108,0.6339721,0.42003542,0.26328418,0.060032643,0.28346947,0.35863987,0.12100797,0.23116994,0.08747479,-0.058253188,-0.007458985,-0.04852347,-0.0836343,-0.023733802,-0.014861262,-0.02662679,-0.060990233,-0.09721828,-0.09143325,-0.04182214,-0.020703536,-0.03238798,-0.018715141,0.06827793,0.06472051,0.017029366,-0.0016106616,0.028139172,0.15399468,0.16567107,0.21205707,0.2573812,0.05313567,-0.14742565,0.05019683,0.09214151,0.14193311,0.09707456,0.050085213,0.068835035,0.20434801,0.17782451,0.14919843,0.021674598,0.20522177,0.19162545,0.021428576,0.13641973,0.34027866,0.34761372,0.08704267,-0.040169418,0.04242548,-0.15904714,-0.11426871,-0.12188944,-0.088355176,-0.112339,0.05317708,0.06818587,0.0662746,0.07788492,0.17165898,0.27491203,0.17869036,0.25404048,0.34428766,0.38203377,0.3309377,0.2942117,0.4179235,0.40814763,0.4333891,0.41443774,0.38396096,0.4166644,0.3768435,0.24012432,0.3795345,0.31174374,0.31943783,0.22673896,0.20843127,0.23989317,0.19884908,0.08736169,0.10243929,0.10444225,0.22418638,0.2770972,0.23212138,0.32498276,0.34392798,0.31519896,0.27548102,0.37496343,0.26184028,0.36221704,0.38579443,0.39617014,0.39350876,0.35074362,0.38022512,0.23410419,0.38488343,0.38045934,0.32644066,0.34345368,0.31017616,0.37227213,0.30324405,0.19673154,0.11744445,0.13641444,-0.07796334,-0.05119462,-0.09256319,-0.4233495,-0.44217712,-0.44982475,-0.45133445,-0.41898632
22,0.3583883,0.30737233,0.3221989,0.49544153,0.44117826,0.35214135,0.5793579,0.3989916,0.59100914,0.49797478,0.7062622,0.70781165,0.5129985,0.7422817,0.8935851,0.59227747,0.87086064,1.0,0.4950976,0.3908845,0.5523584,0.43505928,0.40809798,0.2603455,0.25919294,0.07293101,0.10699255,0.10419636,0.14985044,0.14726415,0.071855634,0.08296149,0.07875562,0.054446016,-0.0843331,0.075676456,0.18004036,0.14005901,0.23829667,0.27961442,0.44969267,0.61348987,0.53790283,0.72317034,0.5324341,0.84520453,0.56306094,0.6015909,0.7888428,0.68245673,0.078784004,0.6374363,0.7176164,0.57412505,0.4801145,0.61368227,0.57994884,0.47761473,0.3662707,0.521839,0.39044857,0.33558583,0.35643923,0.32972535,0.19296935,0.1330343,0.13174264,0.16083612,0.21634093,0.15849905,0.255584,0.26118553,0.2927996,0.21101844,0.21858305,0.17178386,0.29274753,0.14719835,0.32931837,0.2524061,0.64664876,0.17432632,0.5074645,0.58479476,0.39920008,0.44526157,0.4686084,0.39503178,0.34233716,0.2979742,0.1317874,0.15688132,-0.021604758,-0.059989903,0.25904003,0.38692158,0.60346067,0.51835245,0.39045846,0.25455573,0.15556937,0.1246176,0.088521786,0.12237153,0.24723296,0.14996539,0.12297528,0.34286466,0.3515198,0.25826538,0.13724771,0.048938964,0.012163739,0.285798,0.3120444,0.24077651,0.14845379,-0.014714153,-0.054173995,-0.033973712,0.2497487,0.20713368,-0.020539898,0.027779551,-0.002237185,-0.01053952,-0.047891233,0.024525158,0.059363574,0.030752147,-0.06550445,0.084326446,0.24209931,0.44454578,0.5304916,0.47222605,0.6696377,0.4378068,0.27747554,0.040780343,0.27604005,0.38099164,0.11397444,0.25923696,0.07229081,-0.061349627,-0.025434827,-0.040281467,-0.07128505,3.8967006e-05,0.012853378,-0.0027657878,-0.039198436,-0.08364966,-0.07610135,-0.017436285,0.005622993,-0.01741473,-0.005413458,0.088517256,0.07599783,0.014762534,-0.0020058188,0.04094263,0.17231731,0.17743887,0.22458042,0.26142302,0.06406756,-0.15112199,0.05541079,0.103485964,0.15799783,0.11805946,0.06590878,0.095344126,0.2327887,0.19718818,0.178581,0.03715285,0.23168129,0.24210067,0.05023815,0.17265444,0.40788507,0.41018853,0.13525018,-0.009635875,0.079984024,-0.13243683,-0.09221885,-0.123826265,-0.061747618,-0.0876087,0.075061455,0.10763619,0.09899661,0.1301746,0.21523142,0.35004717,0.23837964,0.30994055,0.41491964,0.45699817,0.40384883,0.36072773,0.48052955,0.46362674,0.49600407,0.45812982,0.4209248,0.47949755,0.4206148,0.26648834,0.4291117,0.37383866,0.35463572,0.2667202,0.25718933,0.28906348,0.2230366,0.114401035,0.13202675,0.12545183,0.25458118,0.30745214,0.25815478,0.35664004,0.3597515,0.33872157,0.28889102,0.39731526,0.27180994,0.38111407,0.4184922,0.4321446,0.42564118,0.38607237,0.43195862,0.26846433,0.4289217,0.4250868,0.36162946,0.3972726,0.3529866,0.42431495,0.35938916,0.23585346,0.13676086,0.16057254,-0.09780043,-0.06952287,-0.124871835,-0.5139994,-0.5279307,-0.5410692,-0.5433979,-0.5100355
23,0.3650227,0.365543,0.35512412,0.41812608,0.39387244,0.3225442,0.43669698,0.3021935,0.45851326,0.4135766,0.4667511,0.4664114,0.40982357,0.47069746,0.52182275,0.37415668,0.44508347,0.4950976,1.0,0.17144035,0.4781419,0.439348,0.31119204,0.3374396,0.36703083,0.25447425,0.26835123,0.24214959,0.23191114,0.23377544,0.18873808,0.18793635,0.22615403,0.20101729,0.1649591,0.26195276,0.32673252,0.27472574,0.31798092,0.37800887,0.44915745,0.52275676,0.40371042,0.5065551,0.3362492,0.42416358,0.2796808,0.33628193,0.42705178,0.35401425,0.04086177,0.3571979,0.4359459,0.3580263,0.34452063,0.42478466,0.43595722,0.39232102,0.28095526,0.3746594,0.37645766,0.30702668,0.3526668,0.35627678,0.29207903,0.23262376,0.25270024,0.23337294,0.29124743,0.24581133,0.31413722,0.32867104,0.33069888,0.3093016,0.32219887,0.29841712,0.30389178,0.24898808,0.31555462,0.28502065,0.45109773,0.15763776,0.27479672,0.33694622,0.16131015,0.28182358,0.24622165,0.21413392,0.19962117,0.20354547,0.03991253,0.036249306,0.0019851206,-0.029920226,0.21682966,0.31155336,0.424812,0.40804943,0.3546522,0.279012,0.21977553,0.24623385,0.21561797,0.21878268,0.3082578,0.18676098,0.16882722,0.26382115,0.26592594,0.23393433,0.14942475,0.022330545,0.00048184753,0.28459722,0.23136494,0.21566229,0.15161605,0.086396605,0.03403343,0.12705612,0.24131879,0.1989506,0.14307815,0.1669958,0.093878515,0.033228967,0.1126708,0.19837257,0.20668216,0.06267552,0.13127181,0.14435796,0.32113928,0.4325638,0.4748335,0.3159333,0.4499228,0.32118455,0.24877933,0.025098233,0.17547816,0.24539155,0.10208278,0.18133493,0.03467942,0.030033333,0.0032005208,0.100183785,0.04587802,0.11189546,0.10635141,0.12985317,0.11786417,0.0058260025,0.08972895,0.12823118,0.11940948,0.10925969,0.084144406,0.06899488,0.078956105,0.03241879,0.030682055,0.00793954,0.08992818,0.05384574,0.07642615,0.14893103,-0.04279567,-0.15277985,-0.05582541,-0.03768584,-0.018683817,-0.03407339,-0.04115367,-0.03491363,0.05378301,0.053675167,0.027438894,-0.0041336087,0.07571655,0.12611192,0.07099863,0.18702857,0.32746214,0.25322148,0.191931,0.15029682,0.23342334,0.03240282,0.118325345,0.07497469,0.054875515,0.022645291,0.008554661,0.04961158,0.021228854,0.13454144,0.066756524,0.18606894,0.267411,0.18224671,0.21037157,0.26530272,0.28993502,0.2615157,0.24051851,0.24274904,0.2078191,0.18913369,0.21201257,0.18652289,0.13520606,0.047532033,0.14868835,0.16077441,0.07256018,0.058695283,0.09060908,0.06921942,0.011429762,0.01005037,-0.014471225,-0.039062764,0.009498947,0.034951773,0.013169096,0.08715396,0.09225639,0.06594237,0.07989555,0.11660071,0.017234638,0.10260143,0.16348624,0.19179197,0.18538289,0.16315252,0.19997577,0.08563381,0.21591537,0.2334987,0.20526242,0.26276767,0.28741294,0.30600882,0.3072659,0.2449649,0.13868198,0.07239134,-0.12416476,-0.101748765,-0.11440549,-0.38904843,-0.4003179,-0.40202668,-0.3994373,-0.38627312
24,0.25892666,0.2358323,0.20710579,0.28575495,0.2585462,0.22286734,0.29477692,0.23141138,0.26495895,0.18763725,0.3026453,0.3046072,0.2691282,0.28196624,0.3513203,0.21085583,0.3721019,0.3908845,0.17144035,1.0,0.42217198,0.37355205,0.3574387,0.21789384,0.27683163,0.17063451,0.22940256,0.25554517,0.2910677,0.26957294,0.25803658,0.24162397,0.25872937,0.23888399,0.15698941,0.116560295,0.15239938,0.14357068,0.231254,0.27057728,0.35845837,0.41208115,0.32828438,0.42020902,0.25759205,0.48065627,0.19899352,0.27669862,0.31839374,0.24568714,0.013587175,0.22628228,0.26417506,0.27505046,0.229838,0.2591624,0.24563225,0.2557818,0.18925276,0.22830552,0.24074788,0.20541106,0.22808318,0.23289926,0.19140603,0.14719068,0.15051076,0.18305354,0.2006685,0.17985973,0.20758396,0.22256696,0.22375935,0.2494814,0.21540765,0.1904474,0.21258117,0.15409641,0.1356057,0.17731245,0.3545248,0.19890778,0.2556465,0.42182133,0.31957656,0.33472508,0.39125523,0.31189075,0.31700525,0.27776676,0.17036243,0.19354914,0.10455476,0.036535405,0.21336459,0.25931615,0.3370889,0.32917693,0.26989666,0.2515772,0.1816303,0.1376671,0.110527575,0.11949647,0.20523492,0.12713125,0.09534062,0.2306942,0.19746464,0.18831047,0.10548924,0.008805624,-0.008691424,0.21314862,0.18032248,0.15962265,0.13287915,0.079007275,0.057210337,0.09553109,0.20507279,0.16229019,0.14595246,0.17617792,0.09376679,0.15647428,0.15624724,0.14609133,0.20268634,0.11754503,0.11245484,0.105595954,0.29845232,0.38666958,0.39674357,0.2957609,0.4081628,0.4218791,0.38909298,0.1602192,0.41319045,0.42259994,0.33215868,0.11297565,0.21982463,0.18294129,0.18133014,0.08871485,0.11259927,0.05919647,0.09079504,0.13679655,0.099395014,-0.0033781154,0.052218433,0.14015575,0.13316303,0.071785666,0.13832729,0.13768388,0.13662149,0.113110065,0.052823268,0.030459048,0.07315295,0.10306361,0.005027797,0.12303909,0.07729747,-0.051741835,0.07051404,0.08793639,0.09894867,0.052119836,0.082767166,0.11408016,0.14636469,0.118681215,0.14246143,0.094436646,0.17942633,0.20800175,0.1301093,0.21758072,0.2969775,0.28982934,0.17962897,0.11713393,0.16926147,0.017478568,0.05437975,0.042730723,0.06504441,0.0358029,0.091467164,0.11779578,0.10507662,0.15547079,0.17526874,0.23708297,0.19573677,0.21354046,0.25981537,0.27484626,0.2707575,0.24093458,0.26672772,0.24961667,0.24894466,0.24326108,0.21602733,0.24743879,0.22547582,0.14778316,0.24364981,0.20253494,0.16439062,0.1709151,0.18739273,0.120877236,0.117781885,0.021815613,0.08981149,0.07535349,0.116506465,0.119118534,0.06448822,0.19284038,0.16324398,0.16818967,0.13864106,0.17030406,0.09750531,0.1547451,0.17679602,0.21152799,0.20453964,0.17722291,0.25364718,0.1543386,0.22851065,0.21670078,0.21976562,0.28001845,0.24289478,0.25735,0.24992809,0.16763031,0.07470174,0.028198225,-0.016242519,-0.004791853,0.014101189,-0.3974084,-0.39351484,-0.39322585,-0.39531422,-0.39365572
25,0.74564,0.7858946,0.7319148,0.8073134,0.73200923,0.6495542,0.8069063,0.6241513,0.72032446,0.63361186,0.71117115,0.67314917,0.67391765,0.645849,0.6413288,0.44315538,0.50450385,0.5523584,0.4781419,0.42217198,1.0,0.9642967,0.6527083,0.7590336,0.84662294,0.6618915,0.6619807,0.60536957,0.5435442,0.50493044,0.4508622,0.4242025,0.53761625,0.49083877,0.5061117,0.6504583,0.7402767,0.6590137,0.6994374,0.8364859,0.91116107,0.9182394,0.66620356,0.78587884,0.4540945,0.4402933,0.30409116,0.3702241,0.49493152,0.3720957,0.08795031,0.4403095,0.54077524,0.53528196,0.570783,0.6612904,0.6024094,0.7110618,0.51996636,0.57058495,0.7313923,0.62136835,0.70676446,0.7540811,0.7225577,0.61154044,0.65686375,0.6078834,0.694462,0.6015722,0.6839804,0.74893486,0.713359,0.72628754,0.76352376,0.74216604,0.6976574,0.6418282,0.6289638,0.5270652,0.69616824,0.34250113,0.39048484,0.47311527,0.21014315,0.46921396,0.3954231,0.33222687,0.3460908,0.37377644,0.1044199,0.07303967,0.09547196,0.047105853,0.43502408,0.5621161,0.6685404,0.7039197,0.6958957,0.6157516,0.4714303,0.66138184,0.6246023,0.5993661,0.7001877,0.45401892,0.43726406,0.48591697,0.47931483,0.4994768,0.38650575,0.04480766,0.037989523,0.5256863,0.37269923,0.42968506,0.34808165,0.29181147,0.18283059,0.38692987,0.44348526,0.34062865,0.461847,0.5000535,0.34119302,0.21477073,0.43153363,0.5590163,0.5983227,0.32104424,0.4779303,0.38353166,0.7491935,0.9200697,0.9532915,0.6435112,0.82317,0.72704196,0.6580772,0.22726837,0.45932803,0.49124345,0.39721522,0.3561004,0.20182653,0.26919025,0.20369323,0.28533688,0.28300473,0.3365753,0.30821052,0.4028935,0.399341,0.14812681,0.33236805,0.38220885,0.29912084,0.31128624,0.24315725,0.15865365,0.11558593,0.056732696,0.041314166,0.027009046,0.12484106,0.04064865,0.06895451,0.2092663,-0.13457887,-0.22454607,-0.13296522,-0.124883786,-0.12517798,-0.09951447,-0.08095946,-0.047032174,0.0053374,0.00805605,0.011465235,0.042647824,0.04748347,0.21063484,0.20845811,0.3887444,0.5237042,0.36453348,0.4323523,0.43415427,0.51252884,0.21730088,0.38194525,0.26488563,0.26405895,0.19994362,0.016377851,0.13019282,0.09228589,0.3082334,0.12489536,0.29055592,0.5183943,0.24308752,0.2268651,0.32886732,0.4518625,0.42250642,0.22853985,0.22765313,0.15562658,0.12312193,0.21183805,0.12353632,0.025318867,-0.057422407,0.06626511,0.14223549,-0.06306535,0.0034894138,0.06284228,-0.02132087,-0.09004331,-0.0016542738,-0.08262135,-0.13039084,-0.116209224,-0.113079816,-0.1353676,-0.037443288,-0.016107159,-0.058191124,-0.04692927,0.019947844,-0.07205441,-0.0068188705,0.081814155,0.13226381,0.11210956,0.09432364,0.17788725,0.09543461,0.18932998,0.23342034,0.2654969,0.34895268,0.4361475,0.4179823,0.4920153,0.40633217,0.28923407,0.10717917,-0.14330415,-0.11516767,-0.12689531,-0.7136236,-0.7333775,-0.72397906,-0.714567,-0.71029484
26,0.7228721,0.7932145,0.7379276,0.7641334,0.6970938,0.64710075,0.75923395,0.5949235,0.66472477,0.5976681,0.6276104,0.57957643,0.6186337,0.55643046,0.53107727,0.36850283,0.3951137,0.43505928,0.439348,0.37355205,0.9642967,1.0,0.6834831,0.7987989,0.90298873,0.7172286,0.6865567,0.61494565,0.5240123,0.47770694,0.4423779,0.4085382,0.5474866,0.51386786,0.57468086,0.72254956,0.7977854,0.7105682,0.71768904,0.8838499,0.9378098,0.9021644,0.62430996,0.75205857,0.40766418,0.34354198,0.23343883,0.29466355,0.39376256,0.2770741,0.12184027,0.35534394,0.44472805,0.49904877,0.5215074,0.5910789,0.5383004,0.6758753,0.50346357,0.50650525,0.7110121,0.5933492,0.68398565,0.74930483,0.75057083,0.64668226,0.6935687,0.6242408,0.7056391,0.61357313,0.68634564,0.7583869,0.70761085,0.72844535,0.7925057,0.7831629,0.7086283,0.7062087,0.6356709,0.5592434,0.6712134,0.35133,0.34074688,0.43324295,0.19094235,0.47755003,0.38463804,0.3022003,0.35784122,0.38484925,0.1426809,0.10086777,0.17436318,0.12294407,0.47991288,0.58865386,0.63870496,0.69402397,0.69870234,0.6436843,0.47107875,0.7116166,0.67940855,0.6412375,0.7105518,0.44682258,0.44319588,0.43042699,0.41218022,0.4676798,0.405064,0.07807613,0.076080784,0.5465397,0.36744398,0.46491328,0.4084462,0.389598,0.28617758,0.48989442,0.4620308,0.34815857,0.5842413,0.6134416,0.41108266,0.278245,0.5564857,0.67197496,0.7097509,0.40397027,0.60892904,0.44463184,0.8141121,0.92893124,0.917476,0.5539405,0.73966515,0.7392049,0.72194695,0.25775987,0.4952229,0.4781177,0.47361583,0.3774521,0.2646796,0.37432933,0.2895651,0.3605628,0.38402033,0.42138597,0.3881808,0.49695465,0.5028718,0.21652135,0.4355332,0.4823388,0.37002045,0.39341137,0.32838756,0.18894392,0.14551641,0.079761766,0.07725526,0.088789664,0.1329145,0.0527057,0.06934283,0.20093004,-0.1111947,-0.14989427,-0.09770377,-0.103799686,-0.128596,-0.06922077,-0.037437376,-0.026436688,-0.002623336,0.0029238644,0.035768595,0.113268435,0.03978757,0.24242315,0.2945027,0.4455821,0.50310034,0.33696982,0.5011956,0.52967614,0.55355155,0.30785468,0.47858626,0.37890342,0.38303864,0.31508172,0.071610235,0.19556142,0.15182729,0.38294733,0.14658172,0.29308036,0.5375183,0.23018402,0.18989795,0.25690338,0.399593,0.37238795,0.13306625,0.12823585,0.04917985,0.024895756,0.13319506,0.035593722,-0.041245643,-0.08937708,0.0071823113,0.10580318,-0.11783874,0.004633619,0.07377905,-0.030442026,-0.09812375,0.03966907,-0.055261053,-0.108340725,-0.13310446,-0.15282519,-0.16208792,-0.11820999,-0.06670671,-0.11041318,-0.081413664,-0.04147227,-0.11522653,-0.06972266,-0.0022886104,0.07406837,0.042928398,0.023358177,0.12720306,0.07088919,0.1294613,0.14909409,0.1953873,0.31548327,0.39326566,0.3489707,0.45014516,0.40770456,0.29216233,0.063442566,-0.1098298,-0.08871801,-0.099187136,-0.72117245,-0.73910475,-0.7260047,-0.714897,-0.72031397
27,0.38082227,0.41625914,0.41231295,0.43513706,0.3759266,0.36419523,0.46906886,0.3793841,0.38190976,0.37609372,0.40977588,0.34924322,0.33084163,0.36192995,0.41556516,0.2726962,0.37623832,0.40809798,0.31119204,0.3574387,0.6527083,0.6834831,1.0,0.4969799,0.55919904,0.38082317,0.3307399,0.28471583,0.23075259,0.1794703,0.1715074,0.15361337,0.23414765,0.2352983,0.25840774,0.3827802,0.43669802,0.37577114,0.3797695,0.53000367,0.65202653,0.6439422,0.4503853,0.6312297,0.35450754,0.40867943,0.21756223,0.2746616,0.32174826,0.2007077,0.1308342,0.21342202,0.2860515,0.37843972,0.24946395,0.3284329,0.3342783,0.35214168,0.28179356,0.26512957,0.359813,0.29125112,0.3335302,0.38010946,0.37751672,0.31818244,0.34490934,0.30143604,0.35228387,0.29131716,0.34144944,0.3859344,0.35185373,0.3665116,0.41517085,0.40737605,0.38865158,0.41867763,0.37491354,0.3910155,0.5598032,0.27295148,0.331957,0.44520485,0.31218943,0.4959752,0.4656557,0.34454992,0.42287856,0.39793116,0.25984293,0.2431898,0.24954545,0.18106884,0.39485878,0.45710483,0.46473172,0.481553,0.4352044,0.39995036,0.20851192,0.3609956,0.33895522,0.31346783,0.34704027,0.17719679,0.17832756,0.19200131,0.16791154,0.19150579,0.2052858,0.13520694,0.11027049,0.34933177,0.26855162,0.31845248,0.32475036,0.36517936,0.33897611,0.41033316,0.37034988,0.28133476,0.51017195,0.5397948,0.32531008,0.31053445,0.5090023,0.50797135,0.5845288,0.4007714,0.5040988,0.34839955,0.6280303,0.66274637,0.62967795,0.38734958,0.5744196,0.7277853,0.76266927,0.2855491,0.52252376,0.4968653,0.52233714,0.48837966,0.3844847,0.42975602,0.39660713,0.26966584,0.37932435,0.38798198,0.36939523,0.4567157,0.4440477,0.1849572,0.39036676,0.44738972,0.32084474,0.37327847,0.38135913,0.25836504,0.26981875,0.17930834,0.19132257,0.2450882,0.25421306,0.27139962,0.23274226,0.2860589,0.16575705,0.11741916,0.20434476,0.20749724,0.18051957,0.21150587,0.24460714,0.21428248,0.25670138,0.23437203,0.29603988,0.32311144,0.25150928,0.39523175,0.3970326,0.4587532,0.38937217,0.3729485,0.4088663,0.3923854,0.2828003,0.19797763,0.27701944,0.32707217,0.37307456,0.3176226,0.2687244,0.33324435,0.3085137,0.4064096,0.2992013,0.3567696,0.31216162,0.30644524,0.2804771,0.2092598,0.25881964,0.21887705,0.17010207,0.13225026,0.13171828,0.118137926,0.14639911,0.14819361,0.17381531,0.13236469,0.21648233,0.18971606,0.14016338,0.2610307,0.26731387,0.19279353,0.1851264,0.23270328,0.20973974,0.18701768,0.17725664,0.16041479,0.14880411,0.079967104,0.20192567,0.1772179,0.1666865,0.2071013,0.1613741,0.18597682,0.1376082,0.2551231,0.21879038,0.17395142,0.29605928,0.19277592,0.27265528,0.1685295,0.18277128,0.3601528,0.28770444,0.24411602,0.26415014,0.30541152,0.23645078,0.06569057,0.08589148,0.09117649,0.035582397,-0.634691,-0.6475466,-0.64189506,-0.63775796,-0.6354936
28,0.66918516,0.7350065,0.66848123,0.6799662,0.63281006,0.6035011,0.6531163,0.5099524,0.5856632,0.51876,0.500792,0.472986,0.53540033,0.44046625,0.3936831,0.28332034,0.23517756,0.2603455,0.3374396,0.21789384,0.7590336,0.7987989,0.4969799,1.0,0.82778627,0.7340687,0.68745035,0.61090463,0.47096235,0.45806402,0.44511738,0.41416177,0.51888955,0.48261666,0.5574916,0.7122471,0.7451129,0.6752079,0.6202848,0.77874297,0.76810807,0.73280305,0.4976025,0.5532601,0.30128014,0.15079823,0.16119304,0.16806267,0.2676179,0.18173206,0.08345261,0.26381794,0.3439142,0.38578698,0.4719903,0.5051121,0.44700366,0.60065806,0.44761047,0.44474193,0.64914566,0.52906835,0.63875145,0.6992554,0.7186867,0.6274048,0.6745965,0.6172163,0.67603624,0.61465305,0.6403331,0.71762013,0.6662126,0.68667173,0.7457011,0.74875116,0.6301279,0.6750361,0.59358865,0.49446464,0.531912,0.30567977,0.23032954,0.26523817,0.08480625,0.33006656,0.21859907,0.1761441,0.21539912,0.26250416,0.049072158,0.0051324926,0.110096276,0.0907542,0.37738812,0.48227295,0.50867385,0.5739065,0.62991995,0.5862024,0.42929187,0.69274855,0.6703102,0.6381672,0.67710525,0.46233594,0.46883598,0.3648249,0.38031426,0.44626552,0.40431404,0.026366483,0.048153874,0.47839728,0.30013868,0.4057774,0.34670892,0.34455758,0.23271081,0.45167035,0.38625693,0.29060033,0.520218,0.5368571,0.3716095,0.22109175,0.48571774,0.62419087,0.62713754,0.33162457,0.5567664,0.40450498,0.69874406,0.7758245,0.7604735,0.41815117,0.5461299,0.5367526,0.5484911,0.1883833,0.30364397,0.29371276,0.32977355,0.301138,0.15285583,0.27814862,0.18840855,0.3091932,0.31763232,0.37051716,0.33541256,0.4210043,0.44643605,0.19549781,0.39685366,0.42610127,0.33032873,0.3468097,0.26419517,0.11038639,0.05937797,0.048800603,0.031822678,0.0840283,0.031091211,-0.06098761,-0.016668804,0.10361338,-0.21439141,-0.19050466,-0.17548464,-0.19192663,-0.22646019,-0.14527273,-0.11806798,-0.10789168,-0.12595436,-0.11475471,-0.06868407,0.034483995,-0.06598111,0.1304289,0.21321607,0.33865944,0.38827887,0.19400579,0.43054518,0.4984234,0.52690786,0.31680435,0.48031574,0.3490285,0.33878827,0.2858458,0.011803528,0.11029701,0.061408814,0.29962322,0.047307547,0.17404759,0.47306412,0.13494512,0.073903866,0.15594658,0.30206734,0.288857,0.009580114,0.01178196,-0.0663286,-0.08435548,0.013000313,-0.07706264,-0.15387005,-0.1692558,-0.11708049,-0.006938378,-0.21253237,-0.10927058,-0.033648342,-0.13859738,-0.18615635,-0.029937057,-0.1542447,-0.19516788,-0.22547084,-0.23532003,-0.2232954,-0.17738646,-0.20100991,-0.2302029,-0.18825807,-0.18058038,-0.20449875,-0.19761078,-0.12788035,-0.08238741,-0.10625432,-0.1170736,-0.024165614,-0.011161791,-0.010859257,0.06466789,0.08480975,0.18338016,0.31404144,0.26039428,0.37922227,0.33618313,0.24498568,0.038271133,-0.1269193,-0.10338919,-0.099282175,-0.56016386,-0.5798478,-0.5635372,-0.5509978,-0.5598839
29,0.70607513,0.8162075,0.706976,0.707971,0.6702916,0.6319291,0.6873707,0.5310879,0.6249492,0.541967,0.512744,0.4847176,0.5715946,0.4616098,0.38246927,0.29115757,0.2235242,0.25919294,0.36703083,0.27683163,0.84662294,0.90298873,0.55919904,0.82778627,1.0,0.82099044,0.756938,0.6668317,0.5375395,0.49626365,0.48772347,0.44932145,0.5844753,0.53254986,0.6547513,0.81218594,0.84052503,0.78968227,0.7366691,0.89559805,0.87216264,0.8210348,0.55702627,0.62409824,0.32880187,0.16811547,0.11090436,0.20729448,0.2836722,0.1995244,0.12900966,0.2975176,0.36262774,0.4469377,0.5200821,0.5474024,0.47946233,0.67324924,0.5129685,0.4669445,0.72421265,0.5941485,0.7008121,0.7781425,0.8126652,0.71346575,0.76081216,0.6916855,0.7463025,0.67649084,0.7107645,0.793937,0.72894144,0.76780564,0.84473634,0.85210156,0.70773566,0.7440402,0.65288794,0.549029,0.58999854,0.3400713,0.2572765,0.3103565,0.11235178,0.38297588,0.26556817,0.19927356,0.26612514,0.3097242,0.095262736,0.04579197,0.15689218,0.1435476,0.47636172,0.5775251,0.5973703,0.67017275,0.721751,0.6872876,0.4974113,0.7960463,0.7693747,0.72612625,0.76710474,0.48903897,0.49583966,0.42521113,0.4011731,0.49644777,0.4622812,0.08534846,0.09173321,0.573049,0.35556683,0.4959088,0.43736917,0.446434,0.32448745,0.5587751,0.46235433,0.3493884,0.6310369,0.6438858,0.4461172,0.28520957,0.59793967,0.7337309,0.7405683,0.39561018,0.6638308,0.44826272,0.7953419,0.84452707,0.8161592,0.44159314,0.56364876,0.5945391,0.63581854,0.21134016,0.3702251,0.33665505,0.39938512,0.30180964,0.19393456,0.3535679,0.24001282,0.39639586,0.38567322,0.42770597,0.39326677,0.5086067,0.5328462,0.23811992,0.47466385,0.5067457,0.4001787,0.4082669,0.32527652,0.15213935,0.082041115,0.048213113,0.04150494,0.11057897,0.0554733,-0.04874927,-0.016238302,0.107889965,-0.19813879,-0.16630997,-0.17259952,-0.1992222,-0.2450865,-0.14923646,-0.10861266,-0.10825711,-0.106277786,-0.08812955,-0.057423234,0.065779455,-0.06673104,0.16728902,0.28326756,0.40733376,0.43270656,0.23166335,0.51159656,0.57349396,0.6018839,0.36761454,0.56187034,0.42618197,0.4293212,0.36507428,0.05056561,0.16686969,0.11760934,0.37623638,0.07382371,0.21605392,0.54246616,0.16244484,0.08157379,0.1720203,0.34373203,0.32572895,0.009596644,0.008841793,-0.090453155,-0.11758065,0.005214022,-0.10998424,-0.2051583,-0.22330555,-0.14817303,-0.005819947,-0.25830925,-0.108759224,-0.02567156,-0.14077473,-0.21313535,-0.022218173,-0.1398759,-0.19792889,-0.2537416,-0.28716254,-0.2733055,-0.23739865,-0.22334357,-0.2593468,-0.23026364,-0.20463444,-0.22859137,-0.22931296,-0.13838178,-0.0869091,-0.11875053,-0.12497736,-0.023230467,-0.02324438,-0.017032536,0.029306745,0.09131411,0.20599826,0.32414988,0.261705,0.40135318,0.37321293,0.28671062,0.051094506,-0.12387151,-0.10568623,-0.09079315,-0.6407642,-0.651619,-0.636762,-0.6246409,-0.6414297
30,0.6640588,0.7756886,0.6534348,0.6283269,0.612424,0.57928354,0.5907355,0.4635994,0.5391677,0.45138803,0.3946617,0.38063687,0.50603294,0.33538786,0.24371155,0.20017114,0.058011778,0.07293101,0.25447425,0.17063451,0.6618915,0.7172286,0.38082317,0.7340687,0.82099044,1.0,0.9201923,0.81719154,0.6154087,0.646782,0.67502004,0.6326002,0.7253982,0.66100776,0.77532005,0.8541,0.8018994,0.78704095,0.6553085,0.76899403,0.69492495,0.64027476,0.42439508,0.43138123,0.21984951,-0.038934924,0.051901773,0.061431676,0.12250788,0.056066632,0.034501918,0.15668511,0.22715071,0.30121368,0.46613437,0.43886313,0.3679037,0.5933054,0.43603653,0.39489943,0.678709,0.54759437,0.6738092,0.74341553,0.79589236,0.71241796,0.75240666,0.70191455,0.7331652,0.7228038,0.6996944,0.7790566,0.7118129,0.79424787,0.8209351,0.8349196,0.64317644,0.6627974,0.5299241,0.4703147,0.444241,0.32535633,0.13117418,0.13829301,0.019001722,0.25330037,0.10618504,0.10118609,0.13409871,0.22106223,0.0044779642,-0.043167308,0.112785496,0.12506457,0.3580349,0.4413087,0.44424036,0.5308468,0.62352973,0.6195129,0.5589917,0.7820056,0.76386446,0.7327585,0.75098056,0.56807774,0.56117505,0.40133944,0.41140434,0.5295011,0.46653974,-0.020852052,-0.027868083,0.4547398,0.26255432,0.40976638,0.35374746,0.33565176,0.19167623,0.45133087,0.3728753,0.2722391,0.48700288,0.48024103,0.36385113,0.18080382,0.4521945,0.59043145,0.5709102,0.28514957,0.5273255,0.3107853,0.64545953,0.6777832,0.6544807,0.32907334,0.40012768,0.3921772,0.4333455,0.15056932,0.18900436,0.17409708,0.25117627,0.23560573,0.114732295,0.25577167,0.15188433,0.30686447,0.3234323,0.3480752,0.32420638,0.38736558,0.42642877,0.18279731,0.39414006,0.4181456,0.33309522,0.3495086,0.2456229,0.09775714,0.006738733,0.039931472,-0.02158463,0.01953509,-0.10074442,-0.21651283,-0.23033649,-0.026728442,-0.3372074,-0.2743134,-0.308428,-0.33530483,-0.36990494,-0.31281736,-0.25973362,-0.24657439,-0.27748346,-0.25039965,-0.22418009,-0.1012136,-0.20232439,-0.005177811,0.11052046,0.25830117,0.34630814,0.10130425,0.3937174,0.49833447,0.629268,0.36041427,0.54775244,0.32819113,0.28463706,0.23207541,-0.13131128,-0.014410616,-0.068179905,0.22107129,-0.06643016,0.07401615,0.5034496,0.054437198,-0.016192053,0.12357155,0.31051406,0.3063003,-0.044028606,-0.036170874,-0.14287113,-0.16755061,-0.056721006,-0.15560746,-0.27425262,-0.28333822,-0.24345778,-0.090178944,-0.34499395,-0.25581717,-0.15872286,-0.29322308,-0.3346346,-0.16980612,-0.29155904,-0.32477468,-0.3758495,-0.40229627,-0.41877645,-0.2745113,-0.38760403,-0.40107337,-0.34475055,-0.37351933,-0.378016,-0.38660464,-0.2773773,-0.25807294,-0.26977414,-0.25312808,-0.17297569,-0.09528776,-0.16438456,-0.008362854,0.050957058,0.09111499,0.28556535,0.22520153,0.39041528,0.30125427,0.20013104,-0.03427611,-0.15945059,-0.13622211,-0.065887995,-0.48261306,-0.4846163,-0.4647556,-0.45089656,-0.48077875
31,0.7292976,0.8034162,0.6814402,0.69224834,0.6822801,0.5783315,0.63538474,0.49881774,0.5838411,0.46893832,0.4555085,0.45267883,0.5778209,0.37813422,0.28873426,0.2154974,0.09439516,0.10699255,0.26835123,0.22940256,0.6619807,0.6865567,0.3307399,0.68745035,0.756938,0.9201923,1.0,0.95807576,0.8352717,0.8371627,0.8269327,0.7816747,0.8665612,0.7894789,0.8111156,0.75245523,0.72835004,0.7091832,0.6842704,0.7374093,0.65816265,0.62306,0.43070737,0.4187378,0.18667847,-0.03694096,0.056183744,0.063261285,0.13647413,0.06985474,-0.04705837,0.17191562,0.25559375,0.29081765,0.49808177,0.47338542,0.39769372,0.61991334,0.42272604,0.46213788,0.713113,0.60342115,0.7306333,0.77959055,0.7926977,0.7020492,0.7397254,0.7047682,0.765162,0.7514617,0.74494743,0.8099982,0.76098454,0.8709747,0.8255861,0.81757516,0.66201556,0.59578717,0.49452356,0.4047889,0.37820968,0.35396805,0.123261064,0.10818986,-0.021233507,0.16521697,0.045895234,0.080360785,0.06896948,0.15753387,-0.06237353,-0.10065438,0.019861253,0.03252746,0.27295664,0.36735776,0.4171074,0.498741,0.60621005,0.59254783,0.63105744,0.7289393,0.7029777,0.68919456,0.7618484,0.6418395,0.5974077,0.5333664,0.5305573,0.6343445,0.446952,-0.12808093,-0.16161908,0.42093772,0.23722997,0.35167506,0.2646011,0.21433915,0.05749715,0.3341643,0.3215503,0.23981574,0.34348246,0.3480607,0.27754363,0.12997775,0.31116104,0.4604569,0.44176203,0.15653081,0.37240183,0.21142888,0.55708283,0.65258265,0.6618284,0.36871934,0.43625882,0.3414176,0.3388512,0.10316593,0.11273187,0.15009928,0.15633628,0.1654285,0.019995838,0.13332245,0.04269832,0.24046776,0.21053219,0.25315616,0.22426352,0.2906708,0.32508156,0.12481693,0.29271698,0.32161832,0.2525227,0.2611336,0.15520784,0.04412531,-0.030740503,0.02529949,-0.075559326,-0.18099345,-0.14113571,-0.27554846,-0.3042758,-0.03696817,-0.41351637,-0.42984015,-0.42178506,-0.42924133,-0.4296795,-0.4687772,-0.38223478,-0.30534634,-0.33283415,-0.29535705,-0.32622346,-0.24043599,-0.24303348,-0.104323655,-0.03482972,0.18060721,0.3740116,0.11318764,0.29863486,0.39929792,0.6351235,0.25248444,0.46498886,0.19464268,0.1131899,0.060557626,-0.26821783,-0.16516061,-0.20861964,0.08280554,-0.15582657,0.010325764,0.4897074,0.02430829,-0.021832589,0.18452239,0.37508082,0.37181556,0.045823894,0.07709568,-0.06530472,-0.07717935,0.028767515,-0.109275,-0.26139373,-0.29281726,-0.23933268,-0.11247414,-0.36204222,-0.3401506,-0.24211405,-0.38828948,-0.41051468,-0.30172187,-0.39443228,-0.428808,-0.4529619,-0.4525809,-0.49503988,-0.26524502,-0.3962888,-0.41069773,-0.3600451,-0.3678133,-0.41075233,-0.37961358,-0.22642615,-0.2381581,-0.23138137,-0.20553675,-0.15600286,-0.094501145,-0.1321423,0.09158084,0.15191562,0.114124514,0.36115524,0.33157793,0.47964856,0.307027,0.19709705,-0.006105609,-0.20715207,-0.17124048,-0.083814085,-0.4396285,-0.44645646,-0.42580155,-0.41376042,-0.4314454
32,0.7086558,0.7632265,0.63910717,0.6701897,0.67018515,0.530485,0.60968757,0.4783267,0.55845004,0.4390019,0.44763577,0.45026484,0.57161325,0.3642033,0.28121948,0.2008838,0.097516075,0.10419636,0.24214959,0.25554517,0.60536957,0.61494565,0.28471583,0.61090463,0.6668317,0.81719154,0.95807576,1.0,0.8960584,0.8697533,0.84679693,0.7976065,0.87883264,0.80944633,0.76757944,0.6155344,0.6008707,0.59172374,0.6346119,0.66174877,0.58921605,0.56295824,0.39783907,0.37278065,0.14947276,-0.043259304,0.055530388,0.045436285,0.121927954,0.05494408,-0.08689446,0.15001702,0.23573247,0.26114574,0.47290626,0.44396654,0.37604386,0.5825274,0.37766337,0.45835507,0.67878157,0.5878807,0.71229833,0.7463105,0.74008423,0.65383065,0.68303674,0.6651785,0.73899716,0.73096836,0.7267296,0.7765038,0.7426582,0.85553646,0.76937103,0.7517895,0.61973757,0.5278004,0.43925342,0.3285204,0.31011376,0.35730445,0.105576776,0.07933505,-0.043370977,0.092958584,0.00058034575,0.05304782,0.013878172,0.08922009,-0.09268086,-0.11904517,-0.030508542,-0.015216454,0.20167628,0.3056347,0.37093785,0.44394764,0.55623806,0.53223073,0.62184477,0.65226954,0.6256897,0.6222117,0.71763945,0.6518965,0.58549786,0.5751116,0.5651998,0.66118413,0.42076898,-0.18395266,-0.24102627,0.3681295,0.2086383,0.2955868,0.19955428,0.1586935,0.0053221127,0.26936102,0.2539501,0.19198407,0.25912577,0.27188995,0.22308478,0.11448224,0.2294214,0.37588206,0.3555278,0.066403896,0.27672842,0.14497983,0.47336704,0.5882852,0.6102149,0.3551346,0.4105044,0.29619515,0.27253652,0.073922195,0.06421488,0.1304265,0.10354777,0.13306096,-0.028413279,0.058838803,-0.016309991,0.16967468,0.1292563,0.17872843,0.15014471,0.21998122,0.25640672,0.09072945,0.2317574,0.25897625,0.19416942,0.20611344,0.11137153,0.016010053,-0.049619135,0.0193123,-0.10299607,-0.27802435,-0.12829264,-0.27044177,-0.30639198,-0.024214733,-0.4203425,-0.4741346,-0.43879986,-0.43595114,-0.41987416,-0.5144521,-0.4029891,-0.30893806,-0.31431502,-0.27417317,-0.34541318,-0.27982676,-0.23954912,-0.13895309,-0.09236622,0.13212183,0.36212856,0.11928462,0.2342154,0.32649064,0.5850613,0.18253224,0.38853902,0.124598265,0.027825603,-0.019255087,-0.29231054,-0.2231865,-0.26039115,0.014477008,-0.18377216,-0.023973564,0.44487837,0.008915694,-0.03181305,0.19416125,0.37903863,0.3786933,0.087212265,0.13101454,-0.027147738,-0.027230658,0.067215614,-0.09076158,-0.24074364,-0.26799366,-0.21832399,-0.14182335,-0.35025725,-0.3514451,-0.2612491,-0.41501218,-0.4085903,-0.34608772,-0.40546995,-0.43408218,-0.44991675,-0.436415,-0.48353547,-0.2578799,-0.36377123,-0.38045046,-0.34497577,-0.32270783,-0.37211978,-0.33499986,-0.18076654,-0.20084824,-0.18853699,-0.1635037,-0.12831646,-0.07793904,-0.100046925,0.13394876,0.21179152,0.11886512,0.37252373,0.36076978,0.49047026,0.27662748,0.22223113,0.038412977,-0.16773586,-0.12707914,-0.041695375,-0.39419472,-0.40555662,-0.3829838,-0.37342787,-0.3824727
33,0.6653787,0.66731185,0.58096254,0.6258695,0.621068,0.44452676,0.5635464,0.4358154,0.50750303,0.39204422,0.44138676,0.44395617,0.5339276,0.35802785,0.28836986,0.1902238,0.13853668,0.14985044,0.23191114,0.2910677,0.5435442,0.5240123,0.23075259,0.47096235,0.5375395,0.6154087,0.8352717,0.8960584,1.0,0.88127035,0.8101901,0.7728747,0.84162676,0.76267415,0.66744757,0.43084776,0.4760493,0.43530768,0.6028187,0.5546078,0.49419105,0.49232054,0.36175126,0.35439566,0.12668541,0.01040641,0.036543287,0.08115798,0.14706911,0.09599271,-0.096028015,0.17153834,0.24606763,0.24694595,0.4023105,0.41513804,0.36520553,0.5205261,0.3225584,0.4406056,0.59551126,0.54805225,0.63276285,0.6518075,0.60777754,0.5184421,0.54627603,0.5442331,0.64347047,0.6179221,0.64050347,0.6729473,0.65678483,0.7919366,0.65925413,0.6126786,0.55371886,0.3861223,0.33974063,0.24136606,0.21814433,0.31570834,0.09975534,0.08987908,-0.05497488,0.053462237,0.002777361,0.05980765,0.013588271,0.07502825,-0.08945739,-0.111928664,-0.07291069,-0.067399405,0.14794932,0.23559706,0.32643816,0.37424847,0.46550223,0.43771088,0.5996712,0.4831468,0.44639128,0.44537994,0.5959156,0.52223307,0.43982914,0.6014085,0.5384904,0.5966865,0.29705432,-0.16410133,-0.24706553,0.31835654,0.18548922,0.23042881,0.12787768,0.067852184,-0.062650576,0.16091938,0.20776653,0.17071252,0.13796486,0.15789519,0.15199143,0.070267566,0.11838795,0.23017243,0.2292855,0.0043868152,0.13389581,0.08216842,0.3580207,0.510887,0.54791397,0.34262577,0.40720135,0.25216925,0.20223878,0.053091925,0.058779635,0.14994541,0.06804825,0.049891062,-0.05041684,0.0022476434,-0.04857156,0.14388804,0.05693708,0.11532471,0.07961585,0.17391647,0.18690088,0.065559946,0.15601236,0.18988208,0.14126,0.14083734,0.07480262,0.031942517,0.0008541187,0.058500372,-0.08316689,-0.3495054,-0.072215706,-0.1999293,-0.26546463,-0.006985938,-0.31981632,-0.45444024,-0.3896957,-0.36690587,-0.32225397,-0.48011357,-0.36518127,-0.21407215,-0.22132598,-0.1873302,-0.28914478,-0.2732699,-0.15255357,-0.11045255,-0.12637691,0.12360743,0.39201573,0.20083582,0.17416012,0.22643343,0.5070138,0.0818068,0.2531832,0.015602135,-0.08013747,-0.12894079,-0.314124,-0.24793579,-0.25806534,-0.03928178,-0.15139356,0.004053565,0.39161944,0.05677696,0.043995135,0.26795527,0.42089117,0.41127753,0.21750042,0.25989607,0.10177269,0.10604411,0.18486552,0.028839342,-0.12664385,-0.18497126,-0.10780884,-0.056671217,-0.2540502,-0.28672838,-0.217326,-0.34789598,-0.34456787,-0.34658262,-0.34793395,-0.3876096,-0.38434884,-0.36778226,-0.43584204,-0.17531286,-0.23215295,-0.24240914,-0.24038036,-0.18840344,-0.2719109,-0.1995878,-0.03975216,-0.0679304,-0.04474361,-0.021205978,-0.0013784284,0.007105267,0.027000694,0.23418526,0.30627087,0.20179631,0.41924646,0.43371692,0.5158674,0.2813457,0.22241373,0.08336314,-0.14041539,-0.100418285,-0.026665505,-0.37191045,-0.37557673,-0.36502695,-0.36028212,-0.35796055
34,0.6025588,0.6301466,0.51039135,0.5760734,0.5824472,0.43109578,0.5298695,0.40059537,0.5023388,0.38852355,0.41969687,0.43585292,0.5128213,0.34874976,0.29580513,0.19575329,0.12649274,0.14726415,0.23377544,0.26957294,0.50493044,0.47770694,0.1794703,0.45806402,0.49626365,0.646782,0.8371627,0.8697533,0.88127035,1.0,0.9592703,0.9372659,0.94641787,0.8540359,0.74034876,0.49231243,0.47510234,0.45698476,0.53171784,0.51546425,0.44990838,0.46905088,0.35067442,0.3452942,0.15225258,0.008020909,0.095299065,0.11785196,0.18141304,0.14302249,-0.13050142,0.209322,0.2780663,0.25490114,0.44635636,0.42527622,0.35711524,0.51821536,0.33347085,0.43494675,0.5856892,0.54125243,0.6126705,0.63073206,0.5979337,0.5300726,0.55063486,0.5645496,0.6329494,0.6245317,0.6176294,0.64773625,0.6335028,0.76892835,0.6204242,0.5956069,0.518212,0.35950792,0.30355024,0.2790411,0.248602,0.30880603,0.12665902,0.08413594,0.0036902495,0.07903583,0.0034076003,0.06346458,0.020006591,0.09396514,-0.06368314,-0.083943844,-0.04250524,-0.026682982,0.16813396,0.24315171,0.34132582,0.38953033,0.47213656,0.46243504,0.6314565,0.49229956,0.4602815,0.48313704,0.5924802,0.5802593,0.49848688,0.6038374,0.56171143,0.63191414,0.33581245,-0.18640637,-0.2825038,0.30789223,0.18393603,0.2507739,0.14894615,0.014310705,-0.116438195,0.09828469,0.21689256,0.17516096,0.071757495,0.08114672,0.093009986,0.0075945505,0.044147518,0.16344777,0.15194802,-0.045583747,0.056487594,0.008470971,0.31662363,0.45707372,0.50616205,0.33699322,0.37944862,0.17792848,0.124700844,0.039421037,-0.0022502067,0.097082086,0.011091079,0.032653604,-0.066625774,-0.028704284,-0.083795175,0.10248568,0.049254015,0.09229131,0.078816034,0.114853434,0.12505706,0.017175078,0.085803084,0.13731375,0.11577476,0.08492172,0.019070068,0.0061435164,-0.04336012,0.041644294,-0.09930983,-0.38204947,-0.22699927,-0.31740227,-0.40906978,-0.07978225,-0.40207756,-0.55114377,-0.45809048,-0.4329223,-0.387833,-0.54662395,-0.4358387,-0.27027997,-0.31512007,-0.29056272,-0.3501585,-0.34953722,-0.1926788,-0.16026846,-0.19296825,0.07531733,0.39992183,0.16408966,0.14878118,0.20551094,0.5504144,0.06644388,0.25822887,-0.02761616,-0.14742272,-0.19008054,-0.3813297,-0.31763822,-0.33642954,-0.086451404,-0.19808203,-0.014210632,0.41974583,0.05173673,0.059792798,0.31026238,0.44682416,0.43729898,0.23051892,0.25731826,0.12377747,0.10954646,0.16286464,0.072099656,-0.102036916,-0.18281059,-0.104429044,-0.027114624,-0.23243405,-0.32531303,-0.23964612,-0.36658907,-0.3794833,-0.40425408,-0.40813276,-0.43899664,-0.40868184,-0.38065183,-0.46801662,-0.106274486,-0.29574206,-0.28349978,-0.25752085,-0.27306038,-0.38763505,-0.2772055,-0.07954229,-0.137344,-0.10508074,-0.07068067,-0.051931188,-0.0386464,-0.022713924,0.24365532,0.26500973,0.18925977,0.43918142,0.4560398,0.55070823,0.2998018,0.095150076,-0.019833816,-0.2830475,-0.23631217,-0.13327728,-0.3261877,-0.32867822,-0.3168574,-0.3111569,-0.31280568
35,0.539294,0.5829043,0.45269886,0.49865603,0.5178034,0.40160394,0.4585918,0.34857988,0.43461135,0.33399987,0.3299885,0.34596887,0.44595116,0.27254188,0.21345465,0.14060456,0.053025533,0.071855634,0.18873808,0.25803658,0.4508622,0.4423779,0.1715074,0.44511738,0.48772347,0.67502004,0.8269327,0.84679693,0.8101901,0.9592703,1.0,0.97707796,0.9620739,0.8834414,0.788866,0.5371619,0.467626,0.48332173,0.48235878,0.49188146,0.42320698,0.4284238,0.3101722,0.31571582,0.13512896,-0.031734478,0.038132716,0.07572192,0.1254198,0.0897387,-0.08702906,0.14972201,0.208353,0.22441824,0.39765364,0.3508044,0.29104412,0.46085677,0.31361127,0.35850683,0.5345849,0.48243657,0.5543363,0.5809611,0.5688937,0.5094538,0.5224683,0.55691403,0.5905236,0.60262096,0.5715341,0.6068007,0.58453834,0.7124587,0.5908363,0.57807404,0.4680886,0.35367197,0.25019336,0.286951,0.24629019,0.31994706,0.10879913,0.0829394,0.04586451,0.12437882,0.034969572,0.07606653,0.057080135,0.13189575,-0.019386442,-0.0410064,0.0333796,0.043146897,0.20430641,0.26284382,0.31705493,0.3755448,0.44964433,0.46927664,0.6554898,0.48806104,0.4574943,0.47843465,0.5641591,0.5377705,0.46532157,0.5179662,0.4707773,0.5670776,0.32638067,-0.15231797,-0.2414661,0.30008453,0.17251216,0.27117544,0.1984852,0.061243735,-0.071147196,0.14037368,0.21742527,0.1692513,0.12223356,0.12038508,0.12293682,0.033898212,0.099483766,0.19067492,0.18279588,-0.0049885027,0.10925483,0.0030307067,0.33380806,0.42166921,0.45061782,0.2754498,0.31229898,0.16275693,0.14653671,0.05760392,0.02134484,0.08592568,0.05581875,0.050887898,-0.0021032002,0.04185993,-0.013856559,0.13858017,0.11508561,0.12453229,0.12527682,0.14763474,0.15285078,0.0229551,0.12172479,0.18436877,0.15400305,0.12315787,0.08255281,0.048609857,-0.026076995,0.079550594,-0.0679464,-0.2907377,-0.27654365,-0.33264676,-0.48722255,-0.13388108,-0.364136,-0.46435302,-0.40798447,-0.39586374,-0.36727068,-0.5005934,-0.3852731,-0.24993165,-0.31524232,-0.29717818,-0.31711861,-0.29672307,-0.18598945,-0.1296892,-0.14282489,0.09418775,0.37688923,0.14850767,0.1818433,0.25702354,0.5733814,0.14289367,0.31920034,0.033709355,-0.08447791,-0.12898259,-0.3369753,-0.27266237,-0.2922393,-0.04217986,-0.17500298,-0.000689323,0.42101428,0.060587157,0.06916909,0.28374484,0.41955838,0.41139492,0.19231902,0.20032406,0.086061604,0.07084635,0.10656112,0.058840174,-0.09655117,-0.1616752,-0.09978533,-0.025206257,-0.21773282,-0.2915334,-0.19263788,-0.34173656,-0.35536602,-0.37832144,-0.37049857,-0.3940349,-0.38380414,-0.3851458,-0.4838936,-0.11521243,-0.3257415,-0.30881444,-0.26262277,-0.31856242,-0.41746765,-0.3262068,-0.1379458,-0.19138859,-0.16428323,-0.13129708,-0.08100969,-0.04632379,-0.072574995,0.18910307,0.22156636,0.16158521,0.393118,0.39438215,0.50575113,0.27514562,0.03245155,-0.12017338,-0.2523604,-0.21365294,-0.07913346,-0.32494503,-0.31080702,-0.29763272,-0.2926238,-0.314002
36,0.5069507,0.543165,0.42345265,0.47044376,0.48436955,0.36663032,0.43458942,0.32529157,0.4113808,0.32281518,0.3236509,0.33719793,0.42034206,0.2672159,0.22004189,0.1440562,0.06242845,0.08296149,0.18793635,0.24162397,0.4242025,0.4085382,0.15361337,0.41416177,0.44932145,0.6326002,0.7816747,0.7976065,0.7728747,0.9372659,0.97707796,1.0,0.9280361,0.8484204,0.74735016,0.50796556,0.44326052,0.45325083,0.4469639,0.45414615,0.39208275,0.4018415,0.29480302,0.3047893,0.13820188,-0.018761775,0.06781623,0.086228326,0.13919625,0.10532541,-0.09744036,0.15659893,0.21743852,0.21899821,0.37479207,0.34030265,0.28292334,0.43225905,0.29370973,0.3495457,0.49930036,0.4525169,0.5180601,0.5435612,0.5285543,0.46995836,0.49128738,0.5225049,0.5540188,0.56364983,0.5310509,0.56431377,0.5461583,0.6763912,0.54828227,0.5350627,0.44132793,0.3158276,0.23132867,0.27824858,0.23510492,0.29417476,0.113411784,0.08053022,0.04490814,0.11874741,0.0326497,0.07383286,0.053637505,0.12938733,-0.015878985,-0.03519926,0.025133712,0.039352994,0.18710712,0.24570625,0.30403677,0.35376975,0.42359117,0.4407177,0.6178557,0.44972754,0.42000887,0.440957,0.5234844,0.50864285,0.4363424,0.506466,0.45860142,0.54280484,0.30861017,-0.13671935,-0.22681563,0.27409557,0.15979707,0.25021857,0.17948483,0.036575433,-0.08479703,0.11292507,0.20487884,0.16082923,0.09964465,0.09732119,0.104795896,0.013162876,0.074192725,0.16121884,0.15301688,-0.019783014,0.07579109,-0.01457038,0.30329174,0.3936035,0.42664298,0.26826277,0.30759406,0.14701812,0.12216987,0.055665396,0.012082116,0.081358634,0.04069226,0.04460698,-0.007999348,0.029741814,-0.02265834,0.12681466,0.105382346,0.12095434,0.12128667,0.13193677,0.13627174,0.015955742,0.10633479,0.17058465,0.14216983,0.11541215,0.076310985,0.044788737,-0.02460251,0.080916554,-0.05723835,-0.2853886,-0.27677414,-0.3222351,-0.46765634,-0.12822133,-0.34839162,-0.45451677,-0.39057055,-0.37681967,-0.3495881,-0.4754378,-0.36698693,-0.23252507,-0.2942506,-0.27874506,-0.29659754,-0.28574836,-0.16381595,-0.11983008,-0.14636134,0.09476993,0.3777665,0.15600345,0.1689331,0.23115358,0.5412256,0.1046947,0.28364387,0.013373624,-0.10301138,-0.14652915,-0.32793823,-0.27010086,-0.28840533,-0.04979284,-0.16544533,0.0019642361,0.40217936,0.07265981,0.07936383,0.28639698,0.41016752,0.40362364,0.20334785,0.20560229,0.10128072,0.08761943,0.10992716,0.08074294,-0.06633045,-0.13989021,-0.07447334,-0.0073500485,-0.18280847,-0.27133936,-0.18231358,-0.31210983,-0.32752186,-0.35938925,-0.3538944,-0.374958,-0.35377258,-0.34930453,-0.44755974,-0.07948219,-0.29440427,-0.2752405,-0.22876042,-0.292122,-0.39800483,-0.29789382,-0.11095429,-0.16716608,-0.13827337,-0.11019628,-0.05870161,-0.033652183,-0.051544797,0.20197737,0.21852563,0.17581636,0.39777488,0.40168047,0.5022287,0.28163445,0.022120494,-0.1217083,-0.25623858,-0.216714,-0.09501052,-0.3083225,-0.29974487,-0.28778803,-0.28277797,-0.29744023
37,0.6107698,0.6736145,0.56086135,0.5707792,0.57245165,0.4639577,0.5237627,0.4025526,0.48457366,0.3919014,0.37109342,0.3769264,0.48962945,0.30389288,0.22888018,0.14903502,0.05724355,0.07875562,0.22615403,0.25872937,0.53761625,0.5474866,0.23414765,0.51888955,0.5844753,0.7253982,0.8665612,0.87883264,0.84162676,0.94641787,0.9620739,0.9280361,1.0,0.9569662,0.87083477,0.6357782,0.5905053,0.57662624,0.57788455,0.60756516,0.5304012,0.50948375,0.35668972,0.369576,0.15120718,-0.03774107,0.043856345,0.05698763,0.13375565,0.094162084,-0.040099125,0.16953586,0.22596191,0.26436737,0.4327077,0.39611962,0.3340779,0.524429,0.36440158,0.39866394,0.6012477,0.54108083,0.61834836,0.6574889,0.65392625,0.5873986,0.60535824,0.6140113,0.6721345,0.660266,0.6484143,0.6897894,0.65957046,0.77559096,0.6811591,0.66867775,0.5558298,0.45560697,0.31820515,0.35615763,0.28061324,0.33183357,0.10946812,0.096789,0.016515477,0.13973702,0.040707022,0.07652451,0.06121242,0.13560773,-0.017917749,-0.051842634,0.06211537,0.07320049,0.25918034,0.3265257,0.363397,0.43191242,0.50837713,0.5205318,0.67595744,0.5728691,0.5412584,0.54525363,0.6350879,0.56493914,0.501512,0.5416188,0.48462096,0.59202796,0.35753018,-0.13344385,-0.21875916,0.3684492,0.2117447,0.33059648,0.2608419,0.13234094,-0.014220478,0.21468647,0.23448578,0.17149746,0.22049817,0.22194426,0.19536686,0.074160606,0.19676375,0.3001114,0.29032633,0.06940746,0.21382347,0.06888412,0.41856718,0.5064519,0.52735656,0.2998821,0.35818806,0.23101078,0.22214925,0.07450848,0.07669622,0.13793483,0.11379369,0.062959515,0.01879437,0.10614757,0.029513488,0.20635895,0.17580158,0.18836255,0.18152013,0.22048916,0.2321335,0.06118183,0.2079108,0.26244408,0.20498529,0.19316727,0.14004947,0.065195076,-0.016008047,0.0743455,-0.048886117,-0.29818627,-0.22816615,-0.30898976,-0.4355146,-0.08765589,-0.3721278,-0.44596922,-0.42259184,-0.41542453,-0.3925685,-0.5052671,-0.3890172,-0.2555609,-0.3323347,-0.30583683,-0.3253699,-0.26587662,-0.20588951,-0.11580798,-0.087540515,0.14806007,0.4052511,0.15536933,0.25035623,0.3372982,0.6318639,0.20964731,0.39793596,0.11536143,0.00093020714,-0.04909988,-0.3149421,-0.23256633,-0.25426453,0.01656829,-0.16830425,0.010890768,0.47272202,0.0565234,0.040245306,0.24587609,0.41709295,0.40968552,0.14286321,0.16251783,0.021081952,0.020179408,0.1139459,-0.0057504694,-0.15284327,-0.20425095,-0.14732997,-0.04956751,-0.27842763,-0.31089672,-0.19608937,-0.35557833,-0.39169496,-0.35527417,-0.371601,-0.41603947,-0.43168846,-0.44826996,-0.5340487,-0.20939803,-0.3526161,-0.35531163,-0.28466466,-0.33731413,-0.4508174,-0.35177165,-0.1689219,-0.19573647,-0.17814241,-0.15033145,-0.096620984,-0.05910183,-0.090590894,0.16219074,0.22425464,0.16111027,0.40137166,0.39003602,0.5210938,0.30762577,0.07589874,-0.13724723,-0.24173595,-0.20702657,-0.082770765,-0.37723917,-0.37045372,-0.35559702,-0.34806088,-0.36730132
38,0.55376047,0.6115311,0.5390366,0.51524234,0.5016217,0.4170617,0.47156724,0.36389905,0.42040795,0.35816452,0.32275558,0.3166547,0.4260437,0.25301152,0.18865585,0.112087056,0.03431776,0.054446016,0.20101729,0.23888399,0.49083877,0.51386786,0.2352983,0.48261666,0.53254986,0.66100776,0.7894789,0.80944633,0.76267415,0.8540359,0.8834414,0.8484204,0.9569662,1.0,0.8312981,0.5994344,0.55561966,0.5312649,0.5126027,0.56764895,0.5007202,0.4640304,0.31447172,0.34388566,0.133749,-0.045959435,0.0446372,-0.0033146504,0.097931646,0.05462354,-0.00842557,0.118456386,0.17319608,0.23727879,0.36489585,0.32849127,0.28672448,0.4531042,0.32220346,0.3425133,0.52787113,0.47201923,0.5420058,0.5840675,0.58392036,0.52854013,0.5392929,0.55140036,0.6112093,0.5995417,0.59449637,0.62631416,0.59850514,0.69270843,0.61492074,0.6022027,0.50591546,0.44021133,0.26121315,0.35417572,0.25770268,0.31843892,0.089802414,0.09348664,0.022845479,0.14798993,0.054264072,0.076560974,0.07080349,0.13290198,0.009690232,-0.024672698,0.113821074,0.120002486,0.2606473,0.3198565,0.31975502,0.3893755,0.44750488,0.46595398,0.617346,0.51107126,0.48192406,0.48119384,0.56031144,0.5014981,0.44825602,0.46802455,0.40718806,0.5164856,0.30817828,-0.12678605,-0.20513134,0.33537248,0.19043522,0.31990957,0.28243664,0.15683614,0.01470637,0.22244166,0.1776857,0.113795765,0.2462835,0.24680577,0.20646392,0.08246902,0.22775368,0.30878246,0.30329436,0.10894315,0.23904543,0.06875309,0.40410697,0.4727655,0.48014602,0.24977708,0.32649982,0.23757555,0.23510624,0.082280405,0.11283679,0.16349672,0.1553307,0.07868656,0.06710323,0.16203587,0.088101886,0.22275327,0.21957253,0.21027066,0.20921685,0.23622186,0.24217872,0.05905777,0.23230219,0.2909537,0.22396831,0.22019058,0.1908415,0.0924681,0.0103097,0.10200456,-0.0035243891,-0.26450643,-0.21533072,-0.2668963,-0.4133548,-0.060731657,-0.31175083,-0.35764274,-0.35683832,-0.3509701,-0.33344698,-0.4376597,-0.3185862,-0.20056917,-0.30101612,-0.27900243,-0.27099368,-0.19315763,-0.17134711,-0.07605885,-0.034043435,0.16774184,0.3850477,0.15317994,0.26321495,0.35365218,0.6022705,0.25235412,0.40741926,0.15594222,0.04969077,0.0030645207,-0.24859388,-0.17796311,-0.20063505,0.054424364,-0.13358901,0.0278079,0.4466143,0.061883472,0.044849068,0.19813167,0.36412942,0.35856596,0.107147135,0.12086944,-0.008852168,0.010174626,0.1219814,-0.013966197,-0.11530441,-0.14549357,-0.112522475,-0.04678371,-0.23450254,-0.25301322,-0.13330474,-0.30709025,-0.33394048,-0.2858912,-0.30283922,-0.35019845,-0.38068926,-0.41317418,-0.49704668,-0.22383378,-0.318321,-0.32855105,-0.22330499,-0.31000602,-0.43811736,-0.33078802,-0.17083427,-0.17676185,-0.16853446,-0.15433335,-0.07879183,-0.034960505,-0.09493351,0.14118268,0.215314,0.14890721,0.36007717,0.34403324,0.47623676,0.2782475,0.039711684,-0.22021206,-0.19266553,-0.16484076,-0.045779835,-0.36220077,-0.35808975,-0.34254065,-0.33538622,-0.35348076
39,0.5256252,0.6504053,0.53957754,0.46754897,0.48413995,0.42980358,0.4189364,0.33724603,0.3806314,0.3197502,0.21621844,0.21227793,0.36969733,0.16495274,0.0568143,0.051744517,-0.09349916,-0.0843331,0.1649591,0.15698941,0.5061117,0.57468086,0.25840774,0.5574916,0.6547513,0.77532005,0.8111156,0.76757944,0.66744757,0.74034876,0.788866,0.74735016,0.87083477,0.8312981,1.0,0.78268266,0.7100589,0.69228375,0.5890797,0.67745054,0.5674579,0.49203444,0.30075112,0.32211268,0.11064966,-0.1595327,-0.039541915,-0.025792452,0.016840896,-0.008739275,0.083601065,0.081450135,0.10566182,0.22932307,0.3663657,0.2981359,0.23393148,0.47155923,0.36146334,0.2751259,0.555977,0.4833988,0.55364037,0.61956394,0.68062973,0.623929,0.6503339,0.60901177,0.6399397,0.62273836,0.5891123,0.65921277,0.6018082,0.70458215,0.6966987,0.7156945,0.5474846,0.56149536,0.34686315,0.42131692,0.2667601,0.30430707,0.05900104,0.05630545,-0.007343873,0.17445132,0.02424582,0.0326299,0.07294182,0.15457541,0.041730832,-0.019735705,0.18466745,0.19971989,0.35949162,0.3982546,0.3410674,0.4317805,0.508534,0.5493878,0.6481802,0.66268194,0.6394037,0.616896,0.63711727,0.4977634,0.4780224,0.38380903,0.33019617,0.47926027,0.38422343,-0.036235373,-0.08072277,0.41684106,0.2324404,0.40867618,0.38138446,0.29657257,0.15190874,0.37526613,0.27143395,0.18164602,0.4094156,0.39745802,0.31655267,0.15629433,0.3915075,0.47170013,0.46139687,0.22551867,0.4291839,0.17187047,0.5040311,0.5013432,0.47823232,0.20813794,0.24289252,0.24070862,0.30266,0.1316246,0.12947834,0.12220028,0.2153352,0.065710284,0.08261076,0.26702166,0.14570713,0.32578954,0.32956383,0.29871815,0.30259147,0.34837443,0.36671016,0.16624875,0.34358078,0.38392705,0.3034117,0.29446644,0.23894836,0.09520639,0.004595316,0.06200168,-0.00084330153,-0.14137964,-0.19178876,-0.27395943,-0.39268818,-0.10472292,-0.31699988,-0.26520744,-0.34440374,-0.3675075,-0.3909685,-0.393691,-0.2952371,-0.22940998,-0.34391683,-0.30915168,-0.2772324,-0.13507828,-0.23966314,-0.07278712,0.061692063,0.20194514,0.29344785,0.05875433,0.3408411,0.47602114,0.6396133,0.35989892,0.5481027,0.3173317,0.22544807,0.1734547,-0.2299104,-0.091144145,-0.12021383,0.15129313,-0.12781854,0.014417146,0.45929334,0.009881087,-0.044230428,0.087565765,0.2801226,0.2771964,-0.06535701,-0.058447797,-0.18794686,-0.18535,-0.042627484,-0.18112251,-0.2871653,-0.28270337,-0.27029034,-0.102103874,-0.38176572,-0.295349,-0.17085682,-0.32966748,-0.39154223,-0.24195132,-0.29892027,-0.35147414,-0.43550012,-0.50048614,-0.5566936,-0.3414351,-0.43246597,-0.44444185,-0.3462257,-0.43501732,-0.49241886,-0.4508711,-0.32446247,-0.309822,-0.31304687,-0.28636658,-0.21444793,-0.13696305,-0.2229625,-0.041645836,0.051003926,0.04303936,0.23891765,0.17804149,0.34826973,0.25582686,0.048270404,-0.19969974,-0.19095047,-0.17664023,-0.05176452,-0.36264765,-0.3487301,-0.32788968,-0.31555158,-0.36008808
40,0.5849438,0.75016856,0.638321,0.57148576,0.55597097,0.58350354,0.5491336,0.42552322,0.52340096,0.46637604,0.3533909,0.34248295,0.4607982,0.32694477,0.22518419,0.190746,0.041467328,0.075676456,0.26195276,0.116560295,0.6504583,0.72254956,0.3827802,0.7122471,0.81218594,0.8541,0.75245523,0.6155344,0.43084776,0.49231243,0.5371619,0.50796556,0.6357782,0.5994344,0.78268266,1.0,0.92448133,0.9054192,0.66634667,0.8136924,0.7243338,0.6518709,0.42696884,0.44414148,0.24369003,-0.029040145,0.06710317,0.079596005,0.16716547,0.12209332,0.14774737,0.23108725,0.26114705,0.35493088,0.48175344,0.46457216,0.36181948,0.6118134,0.4902887,0.3832812,0.6634799,0.54149157,0.63708687,0.71602017,0.793571,0.72303903,0.76746064,0.69031024,0.6956812,0.6411527,0.64280206,0.7361008,0.65775114,0.6970656,0.8012543,0.8400675,0.6499083,0.6871123,0.5652969,0.5437063,0.46774802,0.2560091,0.14400598,0.15930723,0.037486088,0.28987598,0.13540749,0.10161011,0.15945435,0.23948258,0.041825533,-0.01686528,0.16995136,0.18653831,0.4306893,0.50794125,0.48780775,0.5725054,0.64518905,0.64470726,0.50855184,0.82335585,0.8080541,0.7645867,0.74241394,0.49494457,0.52233547,0.32738027,0.32366097,0.45186853,0.47605705,0.09089923,0.092003845,0.5131347,0.29909727,0.47981068,0.43582258,0.38535082,0.23638782,0.4855381,0.3909267,0.27901793,0.5457064,0.5329746,0.39840588,0.1840953,0.51170707,0.6424163,0.6140801,0.35413307,0.5841781,0.32835704,0.6508792,0.64271677,0.618197,0.29176426,0.35960963,0.3740488,0.4476147,0.15507512,0.211421,0.17934917,0.2744985,0.18696623,0.12031096,0.31338796,0.18217438,0.38032266,0.37367147,0.38753596,0.3713052,0.42658985,0.4518131,0.19805029,0.42060196,0.44372293,0.35190666,0.36319885,0.26633027,0.0984961,-0.020472957,-0.00054981525,-0.0038482854,0.09333207,-0.12056726,-0.22484827,-0.19494587,-0.054881707,-0.3076369,-0.18134975,-0.2805526,-0.32032338,-0.3717503,-0.23203817,-0.22024432,-0.22723404,-0.2893222,-0.26291177,-0.19444233,-0.04087311,-0.2131412,0.02704142,0.17798506,0.27891085,0.32239518,0.07544145,0.446796,0.54288596,0.6289412,0.40921783,0.6008735,0.39860183,0.38523108,0.33382425,-0.07548684,0.06858108,0.016371826,0.29412624,-0.040426712,0.10847486,0.5169571,0.058388107,-0.012688555,0.08243374,0.26095584,0.25475755,-0.114861526,-0.12184638,-0.20553587,-0.23065901,-0.10652625,-0.19445823,-0.29859105,-0.30895722,-0.26785648,-0.06294235,-0.3513117,-0.22487944,-0.10789291,-0.21058837,-0.32571813,-0.08988643,-0.24114217,-0.2996292,-0.36655462,-0.41704088,-0.41720805,-0.31515104,-0.40122402,-0.4221225,-0.34084883,-0.40246928,-0.4181882,-0.4200128,-0.31873775,-0.28262135,-0.3074719,-0.2993608,-0.20598522,-0.13259917,-0.21171655,-0.08423547,-0.040422898,0.04614352,0.215164,0.14255926,0.31967926,0.30235538,0.12538517,-0.12787391,-0.20213659,-0.19198497,-0.12693296,-0.47048935,-0.47078803,-0.45547256,-0.43972424,-0.47415528
41,0.6605377,0.8101984,0.7314803,0.66621464,0.6309445,0.64367723,0.64384454,0.49728152,0.6063783,0.53975534,0.46045017,0.4435861,0.5365638,0.4275733,0.32742545,0.26174125,0.13096882,0.18004036,0.32673252,0.15239938,0.7402767,0.7977854,0.43669802,0.7451129,0.84052503,0.8018994,0.72835004,0.6008707,0.4760493,0.47510234,0.467626,0.44326052,0.5905053,0.55561966,0.7100589,0.92448133,1.0,0.8952722,0.7452628,0.887675,0.79672164,0.7349085,0.4822792,0.5319483,0.2929813,0.05407252,0.13320889,0.138626,0.2562931,0.20822908,0.16115029,0.32137853,0.35523978,0.43137714,0.53580856,0.5578779,0.45029402,0.68496865,0.54146963,0.46853623,0.7264596,0.6130193,0.69787383,0.7708364,0.8206079,0.735182,0.7878927,0.6983616,0.7328506,0.6482444,0.689645,0.7791286,0.7099628,0.7324042,0.8356085,0.8603095,0.7269566,0.7391781,0.62929946,0.57273096,0.5148183,0.2635805,0.19270551,0.21589646,0.029097153,0.30984083,0.16596398,0.12674098,0.18308474,0.25748172,0.04240705,-0.022232518,0.1494118,0.16009194,0.45735928,0.55313516,0.558839,0.6298982,0.69972026,0.6713511,0.5021729,0.83141744,0.8083366,0.762783,0.77298796,0.4984786,0.52151823,0.40324107,0.38235992,0.49005643,0.4827876,0.10348385,0.102752954,0.5713684,0.35436708,0.511434,0.45188862,0.4051295,0.2543613,0.5074223,0.41905966,0.30549255,0.5527686,0.55010676,0.42475736,0.19513042,0.5141555,0.6552245,0.6347902,0.38108903,0.5796759,0.36768565,0.6747283,0.7106517,0.6999576,0.35941377,0.4565813,0.43704864,0.48827448,0.17150085,0.24770965,0.24169022,0.29188815,0.19021454,0.11050767,0.31337833,0.17203608,0.4044386,0.36435857,0.4024148,0.36988962,0.44606963,0.46878,0.21948801,0.41996962,0.44383743,0.35131198,0.36066476,0.2566353,0.10801627,0.009587459,-0.00028508756,0.011433612,0.05052951,-0.039412245,-0.16269654,-0.08951571,0.0022022976,-0.27421018,-0.19169374,-0.2669497,-0.292371,-0.3301108,-0.20184888,-0.20078565,-0.18162283,-0.23570453,-0.2096237,-0.15855394,-0.022384848,-0.16987035,0.060322125,0.19091947,0.30928952,0.36708724,0.12924209,0.454631,0.5398215,0.60596347,0.36878476,0.5596303,0.38696572,0.37874615,0.32504103,-0.078560255,0.09022949,0.041728202,0.3049085,-0.0046975594,0.14389707,0.52560484,0.08911844,0.018443843,0.1145751,0.29180607,0.27917567,-0.061543774,-0.060502682,-0.15154909,-0.16609916,-0.034747798,-0.15480077,-0.257666,-0.28021237,-0.22505994,-0.019524645,-0.316679,-0.19171233,-0.08825449,-0.1721199,-0.29159704,-0.05368086,-0.21200222,-0.28101608,-0.33768553,-0.3745981,-0.36548877,-0.29257622,-0.3233951,-0.3546867,-0.28398216,-0.31430724,-0.3476259,-0.3328608,-0.24794406,-0.19348349,-0.21933672,-0.21597196,-0.13268153,-0.097620286,-0.13025409,-0.018759144,0.015402202,0.10645927,0.26431605,0.20469497,0.35950515,0.33980432,0.19308525,-0.049254607,-0.18451145,-0.17117752,-0.1452365,-0.53660405,-0.5498684,-0.5367043,-0.52039266,-0.5390524
42,0.6057624,0.7596764,0.6263339,0.6054186,0.5963015,0.59423965,0.5772839,0.43821627,0.5738353,0.487137,0.40803063,0.41028643,0.5133046,0.38699698,0.2840805,0.23110269,0.097636335,0.14005901,0.27472574,0.14357068,0.6590137,0.7105682,0.37577114,0.6752079,0.78968227,0.78704095,0.7091832,0.59172374,0.43530768,0.45698476,0.48332173,0.45325083,0.57662624,0.5312649,0.69228375,0.9054192,0.8952722,1.0,0.67705566,0.8050017,0.71811974,0.6714114,0.45147845,0.47455084,0.2686918,0.023817705,0.0873676,0.14653979,0.22773436,0.19351487,0.13255279,0.30778795,0.33023366,0.38760445,0.5358965,0.53152174,0.40857998,0.6616203,0.51718825,0.4440731,0.7028448,0.5866701,0.6772925,0.73818487,0.79441017,0.70862514,0.75395876,0.68797266,0.6910016,0.6210325,0.64461964,0.73963344,0.6695787,0.69610816,0.7975957,0.8318298,0.66236395,0.62946975,0.5780853,0.51596886,0.48061642,0.24869175,0.17217766,0.1939695,0.039170757,0.28057998,0.14412561,0.12161778,0.16052389,0.23595223,0.011686299,-0.04146133,0.10182922,0.11764543,0.41368854,0.49627674,0.5241085,0.59446543,0.6748437,0.6561617,0.51962686,0.8131668,0.79334545,0.7546002,0.75965375,0.50260127,0.5218973,0.3838623,0.3656679,0.48752624,0.4879281,0.08263131,0.09517801,0.52873504,0.32472828,0.4588528,0.38531283,0.34407228,0.18958315,0.4552474,0.40313935,0.30152136,0.473989,0.46993375,0.38130555,0.15666258,0.4356652,0.5734566,0.54698575,0.31833386,0.50563157,0.29705322,0.6027712,0.6324846,0.6248719,0.32514662,0.38839957,0.36396104,0.41650045,0.13302873,0.18144722,0.17988671,0.22290933,0.16959374,0.075109355,0.2407759,0.12454265,0.34887043,0.29243773,0.3313765,0.31083328,0.37101537,0.39698294,0.17896284,0.35300696,0.36987087,0.2988164,0.30032787,0.20397325,0.06329163,-0.04226358,-0.026817987,-0.042184662,0.062072404,-0.09666976,-0.21497661,-0.1686902,-0.053360164,-0.3065831,-0.2091406,-0.2945597,-0.3291489,-0.36766925,-0.24108896,-0.24615458,-0.23267485,-0.28072375,-0.25331393,-0.21049085,-0.0906413,-0.21681061,-0.004343174,0.12085932,0.22824913,0.2981699,0.06932581,0.38311604,0.471703,0.57941735,0.33999163,0.53297246,0.3174184,0.31861192,0.27049595,-0.117793575,0.038316473,-0.0072745606,0.24079101,-0.05205422,0.09535517,0.4801639,0.05143007,-0.008849935,0.10795949,0.27009657,0.26274967,-0.06947351,-0.0672501,-0.15257894,-0.17968084,-0.08574187,-0.16845153,-0.29706454,-0.34125346,-0.2616658,-0.042809527,-0.3328177,-0.23430172,-0.12430333,-0.21155272,-0.3282091,-0.11228585,-0.25702658,-0.31421787,-0.3618554,-0.39730796,-0.3948283,-0.27880025,-0.3662487,-0.3843408,-0.33545572,-0.3598686,-0.35283974,-0.37416935,-0.27556822,-0.25523636,-0.27271864,-0.259492,-0.19692542,-0.1455764,-0.18642016,-0.049012017,-0.01829438,0.041597426,0.21418475,0.15664765,0.31154507,0.2846383,0.15486829,-0.051516745,-0.18224117,-0.17015551,-0.12434818,-0.4661064,-0.46561757,-0.45308283,-0.43923756,-0.46868867
43,0.7123522,0.8017941,0.6915259,0.7013637,0.6842867,0.60788864,0.6625488,0.5025605,0.62824434,0.50648546,0.50911593,0.5066285,0.5972638,0.47092447,0.36405653,0.28553426,0.20314014,0.23829667,0.31798092,0.231254,0.6994374,0.71768904,0.3797695,0.6202848,0.7366691,0.6553085,0.6842704,0.6346119,0.6028187,0.53171784,0.48235878,0.4469639,0.57788455,0.5126027,0.5890797,0.66634667,0.7452628,0.67705566,1.0,0.7825957,0.7033177,0.677845,0.47630864,0.48986652,0.2696825,0.092858456,0.09509385,0.17403223,0.27537486,0.23268624,0.08224895,0.34493464,0.38592246,0.4020189,0.54058933,0.5771968,0.47847524,0.6871187,0.4869659,0.49693638,0.735056,0.65066034,0.7330032,0.77908707,0.78016126,0.68726015,0.7169758,0.66742194,0.7413787,0.65352994,0.71573395,0.7799421,0.7385953,0.7560121,0.80479926,0.7926798,0.70309615,0.6119904,0.5475962,0.41182676,0.42313117,0.26722872,0.17292143,0.1984626,-0.021320751,0.20071608,0.11318478,0.121167466,0.113979846,0.17824164,-0.05572193,-0.09857011,-0.009474198,-0.00043234622,0.326439,0.4324333,0.51226324,0.5612054,0.65235543,0.61346924,0.5296635,0.7137199,0.6816441,0.6511071,0.75189567,0.49661213,0.47604322,0.5134182,0.47024497,0.54125154,0.41175634,0.023775706,0.0014558777,0.5128782,0.31306115,0.40966892,0.30609944,0.2847929,0.13951784,0.37886035,0.3645309,0.28845513,0.37687308,0.38688344,0.3112188,0.16433465,0.34388077,0.47963363,0.47609052,0.23078568,0.3950958,0.28977776,0.5488772,0.6560262,0.67322534,0.39014316,0.47413525,0.3884184,0.402194,0.12140166,0.18558499,0.22564554,0.19162717,0.1003351,0.0063483138,0.14201058,0.04168803,0.29784304,0.1749046,0.25625536,0.20942955,0.32013947,0.35196444,0.16293555,0.30428106,0.30817124,0.24206275,0.24868512,0.13658214,0.060266793,-0.01694263,-0.010610651,-0.09305565,-0.08621913,0.029731847,-0.13460179,-0.07851526,0.010919688,-0.27755356,-0.30184218,-0.31832772,-0.32372844,-0.32503322,-0.2927841,-0.27086902,-0.21307287,-0.18569373,-0.15288287,-0.2047867,-0.13091697,-0.1581995,0.0027956592,0.06656276,0.2358071,0.3913929,0.19276135,0.34311295,0.3879287,0.5447286,0.25011733,0.4117603,0.22809498,0.1909625,0.13792388,-0.15267693,-0.036558278,-0.070979945,0.17182016,-0.06007217,0.10440559,0.48211366,0.08610664,0.02661593,0.21014647,0.38223067,0.3737376,0.09362403,0.12771319,-0.004818297,-0.033601135,0.08323861,-0.070023894,-0.22769146,-0.2718482,-0.18308735,-0.018811874,-0.31795353,-0.23228581,-0.1432746,-0.22456373,-0.3190985,-0.19014297,-0.26878172,-0.32984403,-0.3591626,-0.372035,-0.37237257,-0.24419892,-0.26792687,-0.29802564,-0.3007416,-0.2179587,-0.24978437,-0.23720247,-0.11201698,-0.1017992,-0.10904456,-0.08498745,-0.050462507,-0.07216969,-0.02466018,0.09364669,0.18132965,0.16153252,0.34428018,0.3190843,0.43791398,0.33384085,0.29532424,0.12949102,-0.1574886,-0.13427892,-0.11906088,-0.49396878,-0.49970588,-0.49133208,-0.48156175,-0.4911188
44,0.7342019,0.8699518,0.7551922,0.738534,0.72012347,0.6766247,0.72128475,0.55966604,0.69031805,0.5916009,0.5376989,0.5310885,0.62347835,0.5126888,0.41319263,0.32435665,0.22287178,0.27961442,0.37800887,0.27057728,0.8364859,0.8838499,0.53000367,0.77874297,0.89559805,0.76899403,0.7374093,0.66174877,0.5546078,0.51546425,0.49188146,0.45414615,0.60756516,0.56764895,0.67745054,0.8136924,0.887675,0.8050017,0.7825957,1.0,0.8824842,0.840016,0.575482,0.6433825,0.351877,0.16254719,0.17029862,0.24369155,0.3529475,0.29037872,0.17133307,0.40059507,0.4377417,0.5306785,0.6070719,0.63122344,0.5267919,0.75909126,0.5811908,0.5247347,0.80010134,0.6828487,0.76917535,0.8399677,0.86467475,0.76829207,0.8082183,0.74900836,0.78995794,0.700631,0.75503224,0.83885384,0.7792046,0.79181135,0.87769574,0.89034885,0.7769271,0.8152262,0.6970419,0.5856044,0.6001726,0.35263848,0.27780485,0.300549,0.09645733,0.36757615,0.23865597,0.17543066,0.23935089,0.2880871,0.09658443,0.03653726,0.15855354,0.16012189,0.5160395,0.63649184,0.6677903,0.7316062,0.7960671,0.7544023,0.5458717,0.8564352,0.825012,0.7936331,0.82999516,0.54684395,0.552827,0.5179259,0.46827018,0.58151704,0.54147667,0.12740631,0.099964485,0.64838487,0.42923817,0.57360345,0.4952761,0.47840774,0.32078993,0.5751113,0.4800787,0.3627005,0.59484226,0.6061671,0.449385,0.27476737,0.5537519,0.6936405,0.6904762,0.37288523,0.6059231,0.40504783,0.73110807,0.7897563,0.78664213,0.43650383,0.5438824,0.5309207,0.5737901,0.20824659,0.3104961,0.3246366,0.34845814,0.24706171,0.13576306,0.31598046,0.18447946,0.3893396,0.3533838,0.40059114,0.3682775,0.4812636,0.5000858,0.22615959,0.43261388,0.4691713,0.37301305,0.36193573,0.27204984,0.13164404,0.037918918,0.018152831,0.0016201801,0.02351226,0.028932577,-0.09730375,-0.03470571,0.06277331,-0.23872098,-0.21371675,-0.22579119,-0.24139005,-0.27387798,-0.18908232,-0.15447293,-0.13231283,-0.1391224,-0.115918614,-0.09526935,0.020086266,-0.09688944,0.13711223,0.2435067,0.3679805,0.4365856,0.22404017,0.499573,0.55889887,0.6182012,0.36451536,0.55565524,0.3962694,0.40144718,0.33850646,-0.009628661,0.13840055,0.08894885,0.35828146,0.06216259,0.22046915,0.5640493,0.15493737,0.08864887,0.19378369,0.36500546,0.34845108,0.028715955,0.03170603,-0.068511285,-0.09780228,0.014963672,-0.09200928,-0.20580031,-0.22949581,-0.15405194,0.010697424,-0.27820975,-0.13223264,-0.03674889,-0.14698723,-0.23603636,-0.035294443,-0.15989162,-0.22543283,-0.2809124,-0.3112741,-0.29979336,-0.2588395,-0.24585599,-0.2809299,-0.24974488,-0.22285098,-0.25573704,-0.2474695,-0.14776805,-0.09993049,-0.13087286,-0.12879708,-0.03319378,-0.049511954,-0.032508004,0.03136799,0.106778614,0.19139667,0.3216214,0.268058,0.41242594,0.3651012,0.27263543,0.05116456,-0.14381613,-0.12561989,-0.11462928,-0.6491122,-0.66284585,-0.64788175,-0.6346072,-0.6494917
45,0.6998413,0.78915095,0.71805936,0.738521,0.6892595,0.64972836,0.75162435,0.5777685,0.6812789,0.6145398,0.6226007,0.58744526,0.6181093,0.58459914,0.54285127,0.3974779,0.39680883,0.44969267,0.44915745,0.35845837,0.91116107,0.9378098,0.65202653,0.76810807,0.87216264,0.69492495,0.65816265,0.58921605,0.49419105,0.44990838,0.42320698,0.39208275,0.5304012,0.5007202,0.5674579,0.7243338,0.79672164,0.71811974,0.7033177,0.8824842,1.0,0.920741,0.6452296,0.7695743,0.43709198,0.3605695,0.25711706,0.32586193,0.44803128,0.34450454,0.17564277,0.42144907,0.48720405,0.55767703,0.57154554,0.62757915,0.5641403,0.7085974,0.549047,0.52725255,0.72767323,0.6112236,0.6918028,0.7535588,0.7544063,0.65852094,0.6959286,0.6347821,0.70120215,0.60981107,0.6783728,0.75293803,0.7032818,0.70292497,0.7865877,0.7826974,0.7023655,0.7180922,0.6458768,0.5828301,0.70050097,0.36606458,0.36945105,0.441088,0.21737851,0.48533002,0.37748343,0.28329712,0.35209158,0.37809476,0.1725498,0.122114606,0.19995824,0.16127634,0.53146714,0.65055907,0.6934109,0.7414176,0.7346845,0.6759414,0.48065472,0.72992855,0.69778764,0.6653769,0.7231016,0.45318905,0.4566568,0.45653123,0.41778728,0.49039266,0.4432293,0.11041576,0.08804013,0.60460734,0.41352576,0.536092,0.47637814,0.43786985,0.3131035,0.52260697,0.47704828,0.361396,0.5814311,0.60426253,0.4219364,0.28032535,0.5496783,0.66183966,0.68859446,0.39220548,0.5839727,0.41634384,0.7729743,0.8581254,0.85713387,0.5167886,0.6891234,0.6739552,0.6727339,0.23136562,0.44716427,0.44491997,0.43591994,0.3409703,0.23755817,0.36680496,0.26715112,0.36293843,0.375812,0.41303578,0.39159617,0.48172757,0.48986778,0.20837446,0.4278401,0.47572884,0.36503753,0.38625035,0.32196906,0.17875342,0.11987568,0.058227845,0.067697495,0.08981248,0.118028946,0.035458785,0.065248184,0.19301565,-0.12686254,-0.15071338,-0.106774405,-0.11488686,-0.14156605,-0.07254779,-0.043255016,-0.040508367,-0.013839648,-0.011703132,0.025658872,0.10797359,0.020365318,0.23775333,0.29714334,0.43333113,0.4958672,0.32958442,0.5082214,0.53409845,0.5556024,0.31271645,0.48652163,0.38213176,0.39256436,0.32793698,0.07953679,0.20177779,0.15618545,0.39275342,0.14859632,0.2979512,0.54208547,0.22865736,0.18904328,0.2481459,0.397201,0.3732427,0.12317952,0.11680666,0.039086595,0.011963064,0.13206218,0.02387913,-0.05077589,-0.095492326,-0.0009538271,0.104622975,-0.12497621,0.0043177935,0.07800067,-0.019964283,-0.10194299,0.04131129,-0.045068875,-0.102453336,-0.1325467,-0.16097972,-0.16813847,-0.14083712,-0.078508414,-0.12655671,-0.08849013,-0.05356826,-0.1332535,-0.0847067,-0.005867666,0.06649644,0.031262312,0.00976351,0.11802615,0.06707069,0.11357253,0.1321939,0.19081995,0.2976537,0.37247297,0.3286824,0.43646494,0.39357248,0.27131885,0.0388204,-0.12170352,-0.10253428,-0.10473465,-0.7186933,-0.73321164,-0.7220975,-0.7116167,-0.7186836
46,0.704156,0.7787026,0.6824335,0.76749516,0.72806346,0.65231466,0.8015464,0.59867984,0.7615543,0.6728459,0.7234658,0.70559394,0.6820926,0.708845,0.6908762,0.5055345,0.5397237,0.61348987,0.52275676,0.41208115,0.9182394,0.9021644,0.6439422,0.73280305,0.8210348,0.64027476,0.62306,0.56295824,0.49232054,0.46905088,0.4284238,0.4018415,0.50948375,0.4640304,0.49203444,0.6518709,0.7349085,0.6714114,0.677845,0.840016,0.920741,1.0,0.7312213,0.8899247,0.52670026,0.51518434,0.359315,0.4756934,0.61709803,0.5068365,0.16777436,0.5655615,0.6396489,0.66677445,0.66233915,0.7384954,0.66581666,0.7747221,0.60285544,0.6074707,0.7662213,0.65204763,0.722526,0.76625603,0.7326353,0.6381039,0.66644317,0.63487643,0.6823896,0.5941849,0.6673814,0.73824054,0.7044664,0.69169605,0.7553875,0.7475824,0.69062865,0.66564316,0.66630787,0.58185595,0.795292,0.40233377,0.47580773,0.53600425,0.3072212,0.54475117,0.44552484,0.3412731,0.397842,0.4161288,0.18886417,0.1537133,0.1624415,0.13497992,0.5528568,0.69498354,0.80193317,0.81955403,0.79026777,0.70719427,0.49623328,0.6991145,0.65935206,0.65107137,0.72864044,0.4690029,0.4642826,0.5238917,0.48406774,0.53628844,0.46384516,0.1340357,0.08660334,0.6371007,0.47547317,0.56658345,0.47862592,0.3945928,0.2557883,0.46303025,0.51077694,0.3940518,0.48783103,0.51741594,0.3699064,0.24016272,0.44858065,0.56794995,0.5926817,0.3187302,0.4683378,0.36283123,0.7116431,0.8368894,0.86577797,0.56766164,0.7432205,0.651381,0.62206334,0.20821452,0.41303,0.4558519,0.3738539,0.35012904,0.19526975,0.27188635,0.18841296,0.29972526,0.292008,0.35800868,0.34885153,0.41337895,0.41531798,0.15432394,0.3371143,0.40125477,0.32482022,0.3062175,0.25400007,0.18132423,0.106277764,0.049998935,0.03404378,0.07628583,0.10924744,0.033697613,0.0668571,0.18994531,-0.12481363,-0.20556659,-0.104373746,-0.09621261,-0.102247216,-0.059854813,-0.045867424,-0.017026972,0.028714268,0.023584323,0.0494974,0.07605903,0.062103618,0.2613134,0.25652987,0.4066037,0.54339194,0.3899674,0.48113394,0.46007973,0.53008074,0.23552586,0.40039644,0.28281778,0.31242165,0.24802311,0.06410386,0.19143307,0.14994913,0.37218773,0.18199575,0.35997862,0.55491257,0.28748858,0.28745183,0.37377623,0.4800805,0.44456768,0.25363666,0.23734991,0.1819665,0.1355689,0.20000844,0.1601655,0.05766434,-0.029063744,0.10353971,0.19765922,-0.024069674,0.05786946,0.12585661,0.042155176,-0.04588237,0.044750847,-0.022903914,-0.07547983,-0.065815516,-0.071922965,-0.09276915,-0.01184866,-0.0015070646,-0.03456066,-0.03593188,0.022656986,-0.055371627,-0.004848964,0.08817318,0.13858004,0.108472936,0.08565587,0.19210082,0.10777529,0.19274431,0.22153257,0.25389165,0.35604116,0.41790798,0.40178266,0.4872804,0.41023418,0.26877314,0.10408829,-0.14505477,-0.118504465,-0.13522618,-0.763655,-0.77447027,-0.76993054,-0.76225287,-0.76226157
47,0.5314739,0.5641163,0.4893641,0.5888984,0.55795085,0.48234618,0.6215392,0.45406386,0.6099944,0.5221481,0.591624,0.5935393,0.5505997,0.59343666,0.5890535,0.42073405,0.4781119,0.53790283,0.40371042,0.32828438,0.66620356,0.62430996,0.4503853,0.4976025,0.55702627,0.42439508,0.43070737,0.39783907,0.36175126,0.35067442,0.3101722,0.29480302,0.35668972,0.31447172,0.30075112,0.42696884,0.4822792,0.45147845,0.47630864,0.575482,0.6452296,0.7312213,1.0,0.66857827,0.41829076,0.44670388,0.3231097,0.3953998,0.52675676,0.44551346,0.113947,0.4862684,0.53979814,0.52494985,0.527737,0.5916979,0.52996796,0.59854394,0.46286657,0.50403994,0.57321876,0.49566805,0.54198146,0.5625102,0.5199839,0.44602358,0.46267322,0.45769548,0.49373838,0.43018925,0.48641175,0.5332602,0.5278113,0.50119346,0.53209746,0.5206325,0.4944163,0.4512847,0.47531176,0.3875809,0.58871585,0.31360713,0.37869027,0.4188982,0.23389414,0.38129318,0.3221595,0.26812732,0.27355108,0.28490284,0.101691656,0.091737546,0.050688714,0.04488007,0.3769226,0.49624988,0.61510676,0.61306095,0.5840997,0.50434196,0.36488432,0.48446417,0.45432705,0.45545998,0.5280668,0.35264793,0.3421308,0.42437127,0.40647814,0.42152742,0.33392674,0.08403396,0.040555645,0.475187,0.33604735,0.40090132,0.31422988,0.21520837,0.10372296,0.2560542,0.3646194,0.27759534,0.26623073,0.29942203,0.21856888,0.12150452,0.23711199,0.3329433,0.35201705,0.17041358,0.24680291,0.24695508,0.46309125,0.58476204,0.6348761,0.45889196,0.57732165,0.4574442,0.40360472,0.109532624,0.2627403,0.32858825,0.21086533,0.22442578,0.09362602,0.11321305,0.06585103,0.16631207,0.1290346,0.19346528,0.17999552,0.23170152,0.22721785,0.04856878,0.16896746,0.20977362,0.17003155,0.15588488,0.109047815,0.09441503,0.032137632,0.011847449,-0.021654874,-0.004606509,0.057934634,0.0009631351,0.03661961,0.1343179,-0.122556664,-0.22071888,-0.115418896,-0.10347146,-0.09508271,-0.075704835,-0.076414816,-0.048929963,0.02291725,0.025272347,0.006401603,-0.008634269,0.030971268,0.15580744,0.116820805,0.22811349,0.39375842,0.29014373,0.29136685,0.24641313,0.34533635,0.10194507,0.21575786,0.119937174,0.14414386,0.103511594,-5.1541265e-05,0.08823267,0.05949817,0.21532792,0.11489698,0.25185385,0.3837133,0.21221226,0.2121291,0.31765383,0.3850085,0.35539007,0.24235678,0.23605976,0.19938017,0.15071627,0.18251792,0.1650569,0.06965564,-0.009093389,0.09689588,0.1752605,0.006117319,0.027133966,0.07397157,0.031567015,-0.037817404,-0.01262956,-0.045260046,-0.08093024,-0.048307255,-0.036515646,-0.061134968,0.02969001,0.015628258,-0.007700261,-0.024609769,0.039973304,-0.018148398,0.022802185,0.11810441,0.1275849,0.1076527,0.09753154,0.15775493,0.08637724,0.16786093,0.20487316,0.22139993,0.26499555,0.3224459,0.329788,0.3750876,0.28949317,0.20514527,0.124896035,-0.12603141,-0.10174635,-0.11792952,-0.5434178,-0.5514124,-0.5500877,-0.5460777,-0.54092854
48,0.5136469,0.553364,0.5014096,0.6038335,0.555995,0.49793583,0.67200893,0.5026527,0.6332135,0.5879957,0.660831,0.6339291,0.54369056,0.6659121,0.71901363,0.5095763,0.6364916,0.72317034,0.5065551,0.42020902,0.78587884,0.75205857,0.6312297,0.5532601,0.62409824,0.43138123,0.4187378,0.37278065,0.35439566,0.3452942,0.31571582,0.3047893,0.369576,0.34388566,0.32211268,0.44414148,0.5319483,0.47455084,0.48986652,0.6433825,0.7695743,0.8899247,0.66857827,1.0,0.5859407,0.693827,0.42254287,0.5711926,0.68992406,0.568838,0.176715,0.5700164,0.6458677,0.67911595,0.54685783,0.63845384,0.59644306,0.6127831,0.5100299,0.50334257,0.5716307,0.4872481,0.5145085,0.5444679,0.48743662,0.41295502,0.43121403,0.41654742,0.4524868,0.37702835,0.44871283,0.5017739,0.48611024,0.47283903,0.51706797,0.4975903,0.5122921,0.482382,0.49604633,0.5069512,0.82654417,0.40665922,0.55573404,0.6391183,0.47422844,0.66773814,0.59380645,0.4361792,0.52652276,0.50434476,0.3284869,0.3030428,0.26626712,0.2154998,0.5846782,0.69135016,0.78361,0.762835,0.65492105,0.5832452,0.40797552,0.4600534,0.41702238,0.42290497,0.49979052,0.27909905,0.2728462,0.4181032,0.3520473,0.37460217,0.32632944,0.19028737,0.123913884,0.54602444,0.4625076,0.5351763,0.48384494,0.35678238,0.26479667,0.37547153,0.46920627,0.35662648,0.40784234,0.43653527,0.29028806,0.19670108,0.37967592,0.42914042,0.4786168,0.3041299,0.3562831,0.28472468,0.6007832,0.71163726,0.7336246,0.5183776,0.72769165,0.63777715,0.5929993,0.21917027,0.48377118,0.50734526,0.41689855,0.41028735,0.30973542,0.30296883,0.26599863,0.24463785,0.30304998,0.3430299,0.35466743,0.37792212,0.35890368,0.11021865,0.2829626,0.3708851,0.3024386,0.27711034,0.29347613,0.2582567,0.20941263,0.1305037,0.12488123,0.14761664,0.16171193,0.17463747,0.1293568,0.24554613,0.07663172,-0.058142975,0.091024406,0.114288405,0.12095456,0.12741135,0.1379567,0.1524901,0.21195415,0.1825451,0.2392512,0.20747174,0.23730904,0.391896,0.31503746,0.4348114,0.5462878,0.4836862,0.44409493,0.3863659,0.3991169,0.15922782,0.27389574,0.22509886,0.27945864,0.22032696,0.17234972,0.28538534,0.25689384,0.40121472,0.30761328,0.46189776,0.46857166,0.3888414,0.43293625,0.44164,0.46863025,0.41799635,0.37738377,0.33232158,0.33479825,0.29933962,0.29774287,0.34498894,0.29493383,0.17747162,0.3293593,0.35074493,0.21985571,0.2705514,0.30446753,0.24098171,0.17702852,0.18056008,0.17041403,0.13365692,0.17041829,0.15905356,0.0977004,0.18400891,0.22046359,0.19692007,0.1902302,0.22331525,0.11006039,0.1997315,0.24655429,0.31514487,0.2853174,0.2437015,0.36871174,0.21715553,0.34462816,0.2961003,0.30677867,0.4554763,0.41014805,0.4115691,0.43717414,0.3911985,0.17289782,0.048161935,-0.088908285,-0.06907473,-0.09173295,-0.77343434,-0.77271754,-0.77753603,-0.7754602,-0.7722507
49,0.26781875,0.29731542,0.2602538,0.33920586,0.31808594,0.28185722,0.40047085,0.2715899,0.4155765,0.37679997,0.4240222,0.42632404,0.34484214,0.46905884,0.51046705,0.40440634,0.4528864,0.5324341,0.3362492,0.25759205,0.4540945,0.40766418,0.35450754,0.30128014,0.32880187,0.21984951,0.18667847,0.14947276,0.12668541,0.15225258,0.13512896,0.13820188,0.15120718,0.133749,0.11064966,0.24369003,0.2929813,0.2686918,0.2696825,0.351877,0.43709198,0.52670026,0.41829076,0.5859407,1.0,0.52125716,0.3435232,0.4484581,0.55171007,0.48808706,0.15279429,0.4728577,0.4979238,0.5000972,0.40110707,0.45700258,0.42438278,0.40595838,0.3501092,0.3401741,0.35125488,0.2974352,0.29616863,0.3135593,0.25867295,0.2199405,0.22607425,0.23021355,0.22590193,0.18805198,0.2304781,0.262777,0.2588468,0.22292756,0.26369858,0.25885028,0.29278788,0.26171896,0.31200856,0.30280256,0.57329255,0.19092764,0.41216445,0.4314251,0.34388816,0.44481468,0.4022934,0.2913569,0.35323682,0.3378332,0.22636886,0.21316393,0.15846403,0.14184062,0.39704558,0.46249515,0.54785687,0.5119859,0.42786708,0.36449072,0.21187146,0.25832295,0.23337701,0.2511246,0.28408557,0.15465163,0.15215519,0.25370628,0.22766988,0.22272442,0.21070379,0.14355183,0.107162416,0.3567599,0.33061522,0.3650311,0.32073277,0.1992838,0.13711487,0.18956268,0.30819082,0.24749196,0.19067179,0.2065592,0.12992418,0.096978396,0.16045402,0.20265613,0.22473443,0.16136163,0.14183143,0.16219848,0.31108427,0.38843635,0.42457953,0.34212807,0.44707143,0.34211463,0.30476198,0.103765994,0.2551572,0.29971725,0.21156058,0.24246235,0.15317793,0.13704988,0.1202237,0.10518779,0.13205229,0.16871773,0.18180878,0.17002416,0.14661138,-0.001654791,0.08760573,0.14905566,0.15139535,0.10646715,0.11036056,0.13559058,0.078510486,0.02140857,0.027182868,0.12870012,0.076944895,0.090064846,0.084768385,0.13825446,0.04256083,-0.043914337,0.064672865,0.083263166,0.09135128,0.10919798,0.088458635,0.1125807,0.13719893,0.10863617,0.15879996,0.11192902,0.13968922,0.25863287,0.17645454,0.23447931,0.34409368,0.31592762,0.2667142,0.20486943,0.21436734,0.0879982,0.12944882,0.08486267,0.14904714,0.113028586,0.12936895,0.18762228,0.1610804,0.25549018,0.22526708,0.3358823,0.29470596,0.2515237,0.33045965,0.32690886,0.32747117,0.29947904,0.2798012,0.24026962,0.2787728,0.23077825,0.21603714,0.29218027,0.24525301,0.14808223,0.26157734,0.28418714,0.20108734,0.21211511,0.2299456,0.22988424,0.15629321,0.14639266,0.13718934,0.123844594,0.16790263,0.16383426,0.12159318,0.19113947,0.16120139,0.15618056,0.1462995,0.16179536,0.09406582,0.14292605,0.20150438,0.2219646,0.1967116,0.17353189,0.25597343,0.152001,0.22313571,0.18353753,0.1783637,0.27881652,0.23192406,0.250185,0.26634383,0.21246816,0.054181185,0.019242719,-0.1177709,-0.10626242,-0.12844805,-0.4742379,-0.4710591,-0.4795165,-0.4807345,-0.47575247
50,0.14837073,0.09868536,0.13178085,0.27348796,0.2232662,0.18689542,0.36908692,0.24952118,0.36633834,0.33241832,0.50710076,0.4934275,0.29264897,0.550958,0.7085249,0.48337454,0.7543093,0.84520453,0.42416358,0.48065627,0.4402933,0.34354198,0.40867943,0.15079823,0.16811547,-0.038934924,-0.03694096,-0.043259304,0.01040641,0.008020909,-0.031734478,-0.018761775,-0.03774107,-0.045959435,-0.1595327,-0.029040145,0.05407252,0.023817705,0.092858456,0.16254719,0.3605695,0.51518434,0.44670388,0.693827,0.52125716,1.0,0.48400974,0.61937964,0.7309949,0.61815083,0.11890343,0.5366224,0.59557205,0.5213371,0.31710193,0.42373914,0.42218032,0.2778981,0.2600377,0.32335195,0.17927915,0.13740133,0.1299998,0.11225868,0.0008258305,-0.03615152,-0.047471173,-0.0168775,0.0082156295,-0.033335295,0.036498897,0.04479461,0.07189383,0.01541532,0.03077595,-0.007963006,0.12825575,0.043856144,0.18043199,0.2112022,0.6374508,0.15900019,0.51908267,0.6730826,0.5508442,0.57206815,0.61484677,0.4626987,0.49618533,0.41030517,0.31514263,0.3471901,0.15397534,0.0728953,0.33511147,0.39896554,0.5442788,0.4570773,0.2721984,0.18145987,0.04717803,-0.028596474,-0.061275575,-0.02733375,0.05281576,-0.030953446,-0.038560025,0.16072981,0.14888436,0.06274329,0.037394337,0.12704827,0.0950233,0.2286639,0.28673774,0.23025264,0.20265113,0.054623652,0.069917776,3.251922e-05,0.23991716,0.18865868,0.05216093,0.09431195,0.021918505,0.052545823,0.040919006,0.038326256,0.10034114,0.1025584,-0.005956184,0.09351244,0.23274387,0.3596874,0.41374063,0.3907074,0.5764109,0.45186028,0.34101492,0.09304401,0.40606403,0.45297122,0.2603405,0.29745775,0.24434891,0.093877666,0.14782311,-0.00011530272,0.051509902,0.053592794,0.10101648,0.059430923,0.008501566,-0.06796639,-0.030282624,0.058355708,0.060539987,0.024292886,0.10961268,0.18369722,0.18552467,0.10232071,0.10793309,0.19407855,0.19907814,0.29784006,0.26233843,0.29480886,0.2541933,0.058014583,0.2701576,0.31045583,0.34170055,0.31343,0.27780658,0.25638723,0.3714207,0.31770587,0.36778885,0.23033087,0.374147,0.38894302,0.20514902,0.26152462,0.3749558,0.4489513,0.18396486,0.03090182,0.0112995785,-0.089121215,-0.09076319,-0.044170897,0.05181625,0.027478542,0.25401014,0.26915404,0.2638181,0.24476317,0.3444891,0.43672407,0.18380181,0.37179637,0.4918362,0.42939845,0.33691016,0.28515255,0.461839,0.40930432,0.49579632,0.46679422,0.3982821,0.51761436,0.52684915,0.38101286,0.5375486,0.45654723,0.49166143,0.44912615,0.41807944,0.44257796,0.39746085,0.26583448,0.33070913,0.33020917,0.43649945,0.46007282,0.39557388,0.45770022,0.48488054,0.47221833,0.43238723,0.4924079,0.36346158,0.47555688,0.45087868,0.5043039,0.4883535,0.43404058,0.5092343,0.31417826,0.4817227,0.36255988,0.3021398,0.429124,0.2695464,0.32581404,0.24238655,0.2065069,0.040254574,0.07502972,-0.04367841,-0.03128224,-0.08241138,-0.51519734,-0.51462007,-0.5294026,-0.53497344,-0.51486444
51,0.18690822,0.1724317,0.19910693,0.27315193,0.21911423,0.21716563,0.33508733,0.23933794,0.35096872,0.30344883,0.41256613,0.41226098,0.27728286,0.4346841,0.5435841,0.38481277,0.5149223,0.56306094,0.2796808,0.19899352,0.30409116,0.23343883,0.21756223,0.16119304,0.11090436,0.051901773,0.056183744,0.055530388,0.036543287,0.095299065,0.038132716,0.06781623,0.043856345,0.0446372,-0.039541915,0.06710317,0.13320889,0.0873676,0.09509385,0.17029862,0.25711706,0.359315,0.3231097,0.42254287,0.3435232,0.48400974,1.0,0.36758494,0.5301279,0.45822164,0.0310253,0.41890818,0.4688112,0.4041131,0.31480357,0.3892979,0.3548918,0.28500906,0.24574326,0.30280137,0.23253775,0.20480256,0.2031456,0.19555283,0.11127455,0.0880092,0.09320985,0.09917479,0.121420294,0.11205292,0.13271403,0.14292715,0.15909293,0.11320607,0.115287594,0.094953954,0.1525539,0.12689072,0.16685863,0.20892571,0.41185322,0.11835583,0.36208758,0.32365203,0.26492742,0.28223962,0.24544574,0.19922085,0.18688706,0.17508508,0.11957671,0.1249897,0.05826008,0.060864322,0.20013098,0.29148614,0.40055496,0.34406498,0.25102732,0.1558519,0.041990783,0.10105537,0.089120604,0.11793086,0.14394864,0.15540949,0.17107506,0.21827033,0.24786128,0.20364836,0.14411269,0.028256457,-0.006311973,0.19235688,0.24378768,0.21047395,0.16851424,0.03277764,-0.012294747,0.017492272,0.13851415,0.09070524,0.0028119688,0.028455675,0.01234433,-0.0069813947,-0.026500408,0.02607567,0.034003187,0.054138836,-0.05135244,0.036122885,0.12040685,0.23615973,0.29229754,0.25718057,0.37694794,0.22100407,0.12331575,0.06266239,0.12971829,0.20053786,0.04384133,0.17237197,0.030472452,-0.02054489,-0.024680862,-0.056656606,0.0052407896,0.024975723,0.04320231,-0.009826805,-0.019127544,-0.059985105,-0.04739269,-0.0008189182,0.014295784,-0.0062968726,-0.0023130258,0.06914731,0.037667494,0.020767462,0.026999997,0.011397663,0.044349413,0.060851734,0.12405021,0.12477672,0.009101221,-0.09323741,0.03837271,0.07330725,0.09423209,0.09512487,0.06253689,0.075418174,0.11377383,0.082649976,0.13147648,0.058675524,0.14169618,0.17645049,0.06629067,0.1118139,0.27210727,0.24380393,0.11738297,0.028729307,0.062169366,-0.08344871,-0.03531711,-0.048407625,0.0075341198,-0.004884011,0.06306644,0.08963529,0.06830517,0.123844884,0.14959098,0.24430464,0.16486745,0.20617054,0.27102965,0.2747488,0.23797274,0.21700512,0.25577962,0.22061796,0.27911562,0.26100782,0.21843228,0.29347557,0.29013303,0.20973848,0.27963567,0.25410426,0.26627728,0.19248475,0.16637467,0.2023875,0.1785642,0.15664129,0.11119703,0.100153,0.19056869,0.23692368,0.20590255,0.2524395,0.21164604,0.2049977,0.23488045,0.21557876,0.12704001,0.21104078,0.24209027,0.23432527,0.22128128,0.17781468,0.24360001,0.16346402,0.21334133,0.24120273,0.17291816,0.230899,0.20944831,0.25623628,0.22398074,0.16073766,0.013334599,0.0065278704,-0.081208974,-0.06828615,-0.097880766,-0.31138065,-0.35099357,-0.34851748,-0.34578827,-0.30877936
52,0.18115386,0.19601995,0.09914678,0.23792288,0.26419094,0.211319,0.3257204,0.2282721,0.37301835,0.32859656,0.38957667,0.4092633,0.292838,0.4846857,0.53297377,0.40781847,0.49205464,0.6015909,0.33628193,0.27669862,0.3702241,0.29466355,0.2746616,0.16806267,0.20729448,0.061431676,0.063261285,0.045436285,0.08115798,0.11785196,0.07572192,0.086228326,0.05698763,-0.0033146504,-0.025792452,0.079596005,0.138626,0.14653979,0.17403223,0.24369155,0.32586193,0.4756934,0.3953998,0.5711926,0.4484581,0.61937964,0.36758494,1.0,0.6900501,0.6492299,0.11851149,0.6105691,0.5989912,0.59000325,0.44213527,0.4883186,0.4415186,0.40023345,0.31571954,0.32531568,0.31066838,0.25936854,0.24926466,0.24618793,0.17122583,0.14217879,0.13030295,0.15474197,0.13592774,0.07092005,0.14574558,0.1600497,0.1784751,0.1340192,0.1518685,0.14511086,0.18656068,0.16782106,0.2786205,0.25231513,0.5829289,0.19002798,0.53072685,0.4977385,0.453546,0.50660187,0.47297108,0.29285684,0.4715829,0.43054953,0.40816543,0.407052,0.20117348,0.14298221,0.49313155,0.49814895,0.64032286,0.5689158,0.44344762,0.3833767,0.16278782,0.17769223,0.15038776,0.19451529,0.23452832,0.0823745,0.084351175,0.29145858,0.22006088,0.19550908,0.21346365,0.28859442,0.21250463,0.39047468,0.41817865,0.3975763,0.2856664,0.18430853,0.18736199,0.17036007,0.4139478,0.34746748,0.096560694,0.12050814,0.082104675,0.07044577,0.06263117,0.080478884,0.11436153,0.030661056,0.011122512,0.0714148,0.18959947,0.2634518,0.32558846,0.3017415,0.3892403,0.26296714,0.21624142,0.046368293,0.20039338,0.24651864,0.13592945,0.21794876,0.08863841,0.04505517,0.039237216,0.004381696,0.05696379,0.11757114,0.15161227,0.09142384,0.08842965,0.012120226,0.028353665,0.096074484,0.11215264,0.035206147,0.06092607,0.12332271,0.13912408,0.033465333,0.047819715,0.082803994,0.13556625,0.15516916,0.16899927,0.1501017,0.11127361,-0.06331123,0.13549884,0.15671046,0.16803049,0.16531934,0.13446476,0.11288945,0.24742684,0.21446289,0.23584768,0.120732985,0.2406185,0.30295768,0.16646951,0.23573425,0.34096736,0.3650081,0.22266944,0.10528523,0.12846798,-0.02574676,0.00030561376,-0.028158452,0.07193935,0.047940705,0.16543001,0.20104073,0.20153023,0.23783623,0.27523586,0.38239002,0.254048,0.3079498,0.3953755,0.41700304,0.3433072,0.29944763,0.3950334,0.3601738,0.41541383,0.3131145,0.20797223,0.39676,0.29454497,0.15780537,0.3255421,0.36361974,0.2705902,0.2726324,0.23206827,0.29989386,0.21725723,0.16825357,0.2004813,0.18457825,0.25937173,0.28039977,0.23488666,0.3485173,0.27327597,0.2960161,0.18176696,0.2801735,0.20809352,0.27986744,0.32737583,0.3357056,0.32698804,0.3223757,0.3465612,0.1828239,0.36055785,0.2418685,0.18660043,0.35781866,0.25647566,0.28621516,0.25610065,0.23811781,0.074817844,0.20863284,-0.17879409,-0.16092364,-0.18248205,-0.4800085,-0.45352292,-0.47418755,-0.47979945,-0.480329
53,0.34702528,0.35698313,0.29539424,0.44531643,0.4339635,0.3538238,0.5404694,0.3571914,0.60030633,0.5226187,0.6265394,0.66736096,0.49797386,0.7243916,0.7699549,0.5687769,0.6453259,0.7888428,0.42705178,0.31839374,0.49493152,0.39376256,0.32174826,0.2676179,0.2836722,0.12250788,0.13647413,0.121927954,0.14706911,0.18141304,0.1254198,0.13919625,0.13375565,0.097931646,0.016840896,0.16716547,0.2562931,0.22773436,0.27537486,0.3529475,0.44803128,0.61709803,0.52675676,0.68992406,0.55171007,0.7309949,0.5301279,0.6900501,1.0,0.908621,0.22340347,0.85350454,0.8877065,0.7880849,0.65455383,0.74082285,0.6452012,0.60738903,0.5278108,0.55275434,0.49153405,0.44056737,0.42932177,0.4091708,0.29454684,0.25422618,0.2422281,0.27493072,0.27469286,0.21293867,0.2873105,0.31265026,0.33836043,0.25657842,0.27444184,0.2596393,0.35312513,0.25272924,0.3799372,0.3380393,0.6684459,0.20658119,0.565197,0.5268839,0.4148191,0.46506333,0.42746216,0.3278605,0.33158422,0.29987952,0.21380484,0.21381618,0.07099474,0.0792313,0.44421676,0.60234565,0.79080564,0.69605386,0.5758684,0.4493283,0.24130976,0.2777446,0.24178325,0.2910548,0.36891446,0.22416444,0.21509872,0.44803116,0.40780994,0.36797562,0.30519605,0.19851892,0.10247875,0.48602682,0.47874838,0.50051737,0.37694472,0.16005197,0.05153629,0.12515278,0.34614944,0.28160363,0.051920086,0.08098826,0.071518384,0.019125836,0.008173723,0.079593904,0.08754386,0.031477775,-0.03513626,0.07851135,0.20601125,0.34898636,0.45116273,0.40609375,0.51921785,0.28123397,0.1889695,0.02282455,0.16220851,0.29810905,0.058981683,0.19075875,0.010182789,-0.04509016,-0.0654474,0.016056295,-0.008455831,0.045282483,0.08222662,0.04025244,0.017352546,-0.04017861,-0.03900914,0.034080412,0.068003945,-0.013812206,-0.008721939,0.09820686,0.019976553,-0.006241777,-0.026117524,0.033958632,0.05303728,0.051484384,0.1063929,0.12681605,-0.006930258,-0.17669553,-0.003438254,0.038782075,0.07592252,0.08738947,0.0376127,0.07109208,0.17485781,0.14649053,0.14749204,0.030853193,0.1697636,0.25413975,0.09932614,0.18626422,0.4315373,0.39908952,0.23524904,0.07860801,0.19702269,-0.035673313,0.006774276,-0.055446833,0.031734392,0.0031646464,0.085961044,0.15352893,0.13086128,0.219759,0.22535384,0.40442294,0.33962473,0.3241597,0.43166354,0.4862405,0.4434196,0.3996583,0.44591054,0.40693375,0.4548506,0.37710226,0.3236688,0.43698528,0.34657907,0.19945452,0.36147514,0.3892114,0.28481048,0.23746556,0.25681847,0.28348595,0.17618641,0.10324583,0.13213053,0.10233051,0.19885807,0.2308345,0.18611199,0.29920077,0.23417976,0.23685895,0.1802473,0.25669268,0.1668909,0.23924778,0.3266287,0.312013,0.29378656,0.26468548,0.3429293,0.18724449,0.3315514,0.32634598,0.28635433,0.3578497,0.31868878,0.38033658,0.3670005,0.25518164,0.09677663,0.1290811,-0.16278465,-0.1382354,-0.1822238,-0.5394521,-0.5431841,-0.55827606,-0.56031615,-0.5382865
54,0.2837497,0.3037655,0.21800576,0.35356608,0.3771943,0.29204607,0.44516602,0.2773951,0.54763883,0.46388125,0.5246681,0.600961,0.43786356,0.67967945,0.66709334,0.5182532,0.53105056,0.68245673,0.35401425,0.24568714,0.3720957,0.2770741,0.2007077,0.18173206,0.1995244,0.056066632,0.06985474,0.05494408,0.09599271,0.14302249,0.0897387,0.10532541,0.094162084,0.05462354,-0.008739275,0.12209332,0.20822908,0.19351487,0.23268624,0.29037872,0.34450454,0.5068365,0.44551346,0.568838,0.48808706,0.61815083,0.45822164,0.6492299,0.908621,1.0,0.28775325,0.93765175,0.8677998,0.72483265,0.6784644,0.712448,0.60632676,0.58606607,0.51859725,0.51707745,0.46235687,0.43145534,0.39750537,0.3699938,0.26005727,0.23241214,0.21078704,0.25595215,0.23588525,0.17435673,0.2446377,0.26398775,0.29238886,0.20159559,0.22178663,0.21664461,0.3082622,0.20456429,0.3327913,0.2907959,0.55592614,0.15027161,0.49147546,0.42040303,0.3458576,0.37293476,0.33446044,0.2611461,0.25956947,0.23115686,0.17195314,0.16951977,0.039311502,0.06340808,0.42213017,0.5420879,0.7326542,0.64337265,0.53852004,0.43119588,0.23354697,0.25742573,0.22489099,0.28108263,0.34958282,0.19594158,0.18919668,0.4488398,0.39101937,0.35532787,0.3087615,0.21762055,0.112201534,0.4948101,0.46209273,0.4912344,0.3632835,0.1356882,0.018457294,0.08416405,0.32035136,0.2643268,-0.0216838,-0.0025198436,0.036164697,-0.014265807,-0.058887836,0.005887916,-0.0010614181,-0.015802417,-0.11029887,0.03199906,0.09635223,0.21043798,0.31999,0.31165937,0.37464422,0.118987456,0.059119694,-0.02794656,0.037965618,0.1865201,-0.041998036,0.0655785,-0.07365871,-0.110371046,-0.14688073,0.0016009883,-0.06989022,-0.0030589586,0.03356631,-0.018672412,-0.036611263,-0.059816148,-0.096763074,-0.033819575,0.023661928,-0.08341186,-0.083929986,0.04239167,-0.04919309,-0.06398994,-0.07906841,-0.016387675,-0.00809299,-0.025125116,0.045305073,0.054463822,-0.06272471,-0.21611047,-0.05783038,-0.022963395,0.010691471,0.04008901,-0.024260446,0.017935159,0.10643431,0.084935576,0.07672599,-0.037410736,0.106481805,0.17734213,0.03704743,0.10053738,0.35714453,0.3189707,0.18105976,0.032362185,0.17611001,-0.0444256,-0.016690372,-0.08775711,-0.01019442,-0.030529147,0.02827272,0.10118993,0.08587348,0.16503896,0.16673431,0.34595808,0.29926157,0.27066103,0.37076503,0.443086,0.39565045,0.35806945,0.3980226,0.3659326,0.40716895,0.31799254,0.26600257,0.38040346,0.26914674,0.12296033,0.28082672,0.35785484,0.21473886,0.16693437,0.18995528,0.24821092,0.10982963,0.04965909,0.0870967,0.04747044,0.13232668,0.1542867,0.11728245,0.24512012,0.16473098,0.17297238,0.11120028,0.1851059,0.11403291,0.1720361,0.27621478,0.2402007,0.22501285,0.21066406,0.26337513,0.11879294,0.25380266,0.26035666,0.22628726,0.27350268,0.24942838,0.31597704,0.31271568,0.2065022,0.0458292,0.117989644,-0.20469113,-0.18448459,-0.21627623,-0.427154,-0.4213108,-0.44110915,-0.44399348,-0.42703667
55,0.016662972,0.060881533,0.030539673,-0.014772203,0.03015204,0.0497835,0.036028877,-0.0059661306,0.08283888,0.10505084,0.000548482,0.02260465,0.013187109,0.10863814,0.036438912,0.06720694,0.008543646,0.078784004,0.04086177,0.013587175,0.08795031,0.12184027,0.1308342,0.08345261,0.12900966,0.034501918,-0.04705837,-0.08689446,-0.096028015,-0.13050142,-0.08702906,-0.09744036,-0.040099125,-0.00842557,0.083601065,0.14774737,0.16115029,0.13255279,0.08224895,0.17133307,0.17564277,0.16777436,0.113947,0.176715,0.15279429,0.11890343,0.0310253,0.11851149,0.22340347,0.28775325,1.0,0.298096,0.14313121,0.30688456,0.169867,0.13730769,0.11269476,0.1588821,0.22532795,0.0415681,0.10335901,0.10164366,0.040895745,0.06676864,0.08655721,0.09924778,0.07906782,0.06862134,0.027772307,0.0045722094,0.016143955,0.042140577,0.013355827,-0.010651599,0.081181414,0.10183944,0.076296754,0.2010287,0.11472281,0.19233267,0.19983684,0.043173164,0.14516163,0.13818845,0.13456187,0.20812134,0.14196046,0.08999559,0.13574743,0.12454474,0.16988736,0.13784643,0.2119871,0.23524097,0.31564555,0.36426997,0.2899228,0.27949265,0.22542743,0.23560826,0.11363944,0.15342127,0.14192232,0.13097858,0.09174735,-0.05821528,-0.034828264,0.041389342,-0.03877798,0.009490408,0.14729327,0.2712702,0.2118879,0.31714937,0.25809932,0.355356,0.36417744,0.31886208,0.23701923,0.27604967,0.13837497,0.08234691,0.2423534,0.22991838,0.19935876,0.13684988,0.24078406,0.18990566,0.20290278,0.19042197,0.1947746,0.13016234,0.11967617,0.05345163,0.04512197,0.031420033,0.0062881997,0.06101,0.15320058,0.07404658,0.118800685,0.10193631,0.16231963,0.065671556,0.10306536,0.19596663,0.13330404,0.14928271,0.19064896,0.18419746,0.192693,0.19736002,0.20277376,0.1295714,0.17869532,0.21507053,0.17817444,0.15628032,0.19523327,0.15463375,0.10193034,0.059024416,0.12371835,0.22654751,0.07063526,0.100190215,0.050190005,0.017741261,0.15238632,0.19685534,0.16324766,0.14654146,0.10828407,0.22712797,0.19846189,0.123882286,0.13629384,0.1302998,0.18460491,0.23331042,0.09015961,0.22629055,0.26816282,0.19914179,0.1222247,0.14153512,0.24578835,0.22042316,0.11806807,0.118134744,0.18080641,0.23573406,0.27823162,0.2537147,0.20009768,0.26053503,0.2522025,0.2816161,0.19000775,0.21808706,0.15317185,0.15715292,0.1429222,0.055722747,0.06892856,0.061512087,0.029544175,-0.014595369,0.010380161,0.0108522335,0.02393464,0.057838093,0.089279085,0.09570869,0.108124465,0.13766326,0.071038574,0.19587249,0.21715839,0.18989557,0.13785061,0.1896016,0.21435864,0.17926164,0.12647435,0.04895154,0.05727749,-0.035710532,0.071381465,0.05625436,0.06515885,0.06617485,0.05676858,0.04115205,0.032975275,0.076935194,0.041030835,0.003017379,0.10046499,0.0979912,0.0535167,-0.055940162,0.0075080255,0.09580437,-0.001496915,-0.031660587,0.0035402318,0.07830299,0.014933443,-0.06985704,0.02717098,0.011889325,0.014988919,-0.24576594,-0.22178116,-0.22647178,-0.2252398,-0.25410706
56,0.38609135,0.43656936,0.30793613,0.44997722,0.48048946,0.37783223,0.5315925,0.34231034,0.64533293,0.53264904,0.5746663,0.66456246,0.52909094,0.7277087,0.66861635,0.53549945,0.4855282,0.6374363,0.3571979,0.22628228,0.4403095,0.35534394,0.21342202,0.26381794,0.2975176,0.15668511,0.17191562,0.15001702,0.17153834,0.209322,0.14972201,0.15659893,0.16953586,0.118456386,0.081450135,0.23108725,0.32137853,0.30778795,0.34493464,0.40059507,0.42144907,0.5655615,0.4862684,0.5700164,0.4728577,0.5366224,0.41890818,0.6105691,0.85350454,0.93765175,0.298096,1.0,0.87155855,0.73088914,0.79522973,0.82316,0.6596952,0.72038174,0.5998624,0.60692626,0.5982223,0.5530491,0.5334699,0.5066286,0.4052581,0.37049305,0.34917918,0.38725972,0.3672824,0.2854638,0.36996818,0.39901453,0.4199826,0.32022843,0.35722888,0.35955015,0.41304892,0.30331808,0.42348447,0.33098194,0.5575809,0.17072615,0.46787527,0.37531957,0.27538338,0.32636303,0.27285254,0.2177839,0.2088981,0.20283546,0.10973987,0.09972496,-0.0038927302,0.035043795,0.4314285,0.5581803,0.76301974,0.696086,0.62720084,0.52309924,0.3146763,0.40000457,0.36784625,0.42162973,0.4940164,0.313816,0.29961148,0.5399584,0.48446187,0.46941411,0.4051826,0.20150019,0.09929135,0.56613714,0.48489672,0.53168094,0.38103005,0.16353808,0.01095782,0.13458623,0.35343185,0.29747808,0.016618226,0.033338517,0.072637774,0.0007583915,-0.02506564,0.072103105,0.05133538,-0.0021343448,-0.063415974,0.0627779,0.14453824,0.26744962,0.38053623,0.34770107,0.38821274,0.11703793,0.07121763,-0.027707476,0.00017429267,0.15623331,-0.06583266,0.037984658,-0.12913764,-0.12652506,-0.18747236,0.03918598,-0.07725294,0.010921248,0.03226839,0.01209584,0.0006210209,-0.02243237,-0.067275435,-0.01929057,0.032303534,-0.07464704,-0.108143695,0.015630007,-0.099870436,-0.09732791,-0.12972824,-0.06096255,-0.034500577,-0.0988499,0.0064075934,0.013179515,-0.16663983,-0.29927325,-0.16291215,-0.13346885,-0.10117468,-0.05485723,-0.1243993,-0.06768763,0.019708462,0.010960634,-0.019824145,-0.11140017,0.017428853,0.11916945,0.0048816884,0.08624846,0.36824328,0.28530046,0.20381084,0.06901313,0.26144004,-0.006935605,0.056453682,-0.062055856,0.0032678884,-0.020048272,-0.04745174,0.05475878,0.03513756,0.15509593,0.114183836,0.30653837,0.3668369,0.23418094,0.31037283,0.43517652,0.424207,0.39399907,0.3599746,0.3444945,0.35617942,0.25703946,0.22058475,0.31212908,0.16063264,0.024914268,0.1810589,0.292491,0.09519215,0.06592872,0.108732566,0.15506323,-6.60919e-05,-0.019224396,-0.008275197,-0.057938855,0.014038512,0.036248453,0.010644154,0.15844007,0.055013373,0.06058235,-0.0024902895,0.08754737,0.031104336,0.07118366,0.2128504,0.15760367,0.14164566,0.14052917,0.18024507,0.053610597,0.18343043,0.22455898,0.21303853,0.23601079,0.26548675,0.32661957,0.3531838,0.23663232,0.09321176,0.14476167,-0.24098669,-0.21641731,-0.24339779,-0.44211364,-0.43912023,-0.45518273,-0.45490673,-0.44144216
57,0.48142853,0.50320953,0.42082465,0.5755112,0.561332,0.44604856,0.6481925,0.45087236,0.7113122,0.5984252,0.7124626,0.760815,0.61859894,0.7735116,0.78388375,0.56556696,0.5940012,0.7176164,0.4359459,0.26417506,0.54077524,0.44472805,0.2860515,0.3439142,0.36262774,0.22715071,0.25559375,0.23573247,0.24606763,0.2780663,0.208353,0.21743852,0.22596191,0.17319608,0.10566182,0.26114705,0.35523978,0.33023366,0.38592246,0.4377417,0.48720405,0.6396489,0.53979814,0.6458677,0.4979238,0.59557205,0.4688112,0.5989912,0.8877065,0.8677998,0.14313121,0.87155855,1.0,0.70741653,0.7464166,0.8606606,0.7105376,0.727863,0.57415694,0.65738904,0.63220507,0.5696826,0.5849944,0.5589704,0.44044447,0.38306203,0.37491378,0.41696304,0.4295923,0.3545283,0.440032,0.4656403,0.48998797,0.3972624,0.41278023,0.3960399,0.46369246,0.30635676,0.4533555,0.34063518,0.6037719,0.20604159,0.47834754,0.43257046,0.2855866,0.35141724,0.3043184,0.25280848,0.2213748,0.21626796,0.078016385,0.07386578,-0.045831874,-0.022442298,0.37062085,0.5222527,0.74902034,0.68094563,0.6208445,0.48618072,0.3119683,0.39077157,0.35426158,0.40068614,0.5145932,0.35749167,0.33300814,0.5469069,0.5282648,0.48531693,0.35409775,0.1099945,0.037005793,0.49414432,0.4331027,0.45645547,0.30430362,0.10023259,-0.03728009,0.09969143,0.32754585,0.27093008,0.020920474,0.050452206,0.07212133,-0.0016698784,-0.024266819,0.09750279,0.0836851,0.0032013967,-0.03902235,0.08417946,0.22057822,0.3924019,0.50691754,0.42744377,0.52414614,0.24237563,0.14577848,-0.008005645,0.06738218,0.22121242,-0.032183744,0.12211997,-0.10413264,-0.13086906,-0.1707147,0.018030273,-0.06443328,0.030453192,0.041883983,0.017064154,0.014313067,-0.04310477,-0.038001433,0.0030365062,0.038799003,-0.02921153,-0.07693778,0.021607693,-0.07072136,-0.06907683,-0.114639096,-0.050621144,0.0036877,-0.061970495,0.04582586,0.09173673,-0.17149568,-0.327654,-0.17494643,-0.13974194,-0.101104364,-0.078690834,-0.13879524,-0.0728655,0.028953861,0.023446433,-0.023298828,-0.11981916,0.033156596,0.11443743,-0.014322565,0.112227395,0.41204703,0.31611812,0.19727594,0.07238445,0.26795736,-0.035838526,0.046268005,-0.076340936,-0.027642393,-0.05218714,-0.05759865,0.026999619,0.0022148793,0.12955894,0.09557249,0.2914937,0.37024903,0.23536667,0.30953476,0.44619435,0.4506921,0.41957965,0.38748014,0.38082185,0.37956414,0.304328,0.28146252,0.32443166,0.18558018,0.046833385,0.20176464,0.2907705,0.1177322,0.058893677,0.097712025,0.12551518,-0.004503061,-0.03152828,-0.043584947,-0.08280168,0.010012004,0.052788727,0.025321217,0.172029,0.08467057,0.07912671,0.02742834,0.12821716,0.0537057,0.1127005,0.23645914,0.197285,0.18971245,0.17930287,0.2165502,0.090595864,0.23243067,0.2957788,0.28093302,0.28258368,0.3361732,0.3970968,0.40885255,0.25867757,0.14174327,0.16273402,-0.21703903,-0.18695126,-0.21862143,-0.4881649,-0.5012931,-0.51138914,-0.5096989,-0.4845811
58,0.3852391,0.47204116,0.3511563,0.43477154,0.45369145,0.4009809,0.51272523,0.35190913,0.57576185,0.50180024,0.49306116,0.5329787,0.45969078,0.6133692,0.5739519,0.45933253,0.42241722,0.57412505,0.3580263,0.27505046,0.53528196,0.49904877,0.37843972,0.38578698,0.4469377,0.30121368,0.29081765,0.26114574,0.24694595,0.25490114,0.22441824,0.21899821,0.26436737,0.23727879,0.22932307,0.35493088,0.43137714,0.38760445,0.4020189,0.5306785,0.55767703,0.66677445,0.52494985,0.67911595,0.5000972,0.5213371,0.4041131,0.59000325,0.7880849,0.72483265,0.30688456,0.73088914,0.70741653,1.0,0.6617205,0.69755167,0.572149,0.6601185,0.5994295,0.50158083,0.5684296,0.5087681,0.49278817,0.50763434,0.4591367,0.43064648,0.4132049,0.41097263,0.39490977,0.33256745,0.38407296,0.4335307,0.42816126,0.38357955,0.43260083,0.44314492,0.45756435,0.46373287,0.4662328,0.4388585,0.68328226,0.3177449,0.5413663,0.46598655,0.39864278,0.4958749,0.38807815,0.25974822,0.34731677,0.32088077,0.32791722,0.2948784,0.2541191,0.29633862,0.63333577,0.8195501,0.8814821,0.81246614,0.7236687,0.63241154,0.3526821,0.49317017,0.45918834,0.49283776,0.5023204,0.30771095,0.3152973,0.4869043,0.37142977,0.44862732,0.47250286,0.3168576,0.17093045,0.6816281,0.6391167,0.74171823,0.6318696,0.46338144,0.30233228,0.429923,0.43914172,0.3395943,0.32223305,0.33663082,0.27307734,0.16587763,0.27265814,0.3285502,0.32875612,0.16609058,0.22174034,0.18060762,0.35119507,0.41049102,0.46499085,0.33467975,0.4171223,0.31442106,0.31632152,0.09576757,0.20668443,0.2980751,0.18429416,0.2269598,0.089411646,0.15125681,0.072267205,0.19292437,0.19203396,0.22244975,0.25751144,0.25286332,0.24564514,0.10289493,0.16585073,0.25474855,0.22998166,0.14500561,0.1469947,0.17527013,0.08022735,0.035105355,0.028922003,0.06416539,0.061712995,0.03918345,0.06309261,0.06655741,0.0022590654,-0.06996114,0.009495213,0.039364874,0.04625991,0.08112659,0.081739575,0.103005715,0.14897443,0.1339366,0.16567598,0.1346139,0.13347368,0.32011846,0.26128465,0.31075063,0.4489838,0.3917355,0.41009882,0.3102476,0.36661327,0.17534897,0.24588816,0.15434429,0.2675864,0.22613023,0.15454173,0.26473957,0.22903627,0.3830561,0.26601255,0.44192237,0.4488088,0.3313222,0.38987085,0.41637003,0.42255515,0.38242236,0.3184145,0.2648782,0.2918398,0.21434692,0.18614025,0.29284242,0.210644,0.11596801,0.2481408,0.30954483,0.1414951,0.21609837,0.26075,0.22831656,0.13063803,0.15994284,0.16783366,0.114536114,0.12843971,0.11480647,0.07988409,0.14001511,0.10514702,0.10673551,0.06451678,0.11088614,0.054461002,0.087298065,0.17482583,0.1841597,0.14876185,0.123532645,0.24836841,0.13957635,0.21671413,0.17279263,0.20095311,0.32551682,0.28225085,0.2982336,0.35182872,0.2869116,0.13531415,0.07876559,-0.115428776,-0.096250854,-0.11966475,-0.6351911,-0.6318483,-0.6401902,-0.6387593,-0.63644856
59,0.58771396,0.6919559,0.5089685,0.63472384,0.6851494,0.5501086,0.6707355,0.4956816,0.7676584,0.6063764,0.61738145,0.69852203,0.6706645,0.7062918,0.60254025,0.4910164,0.364329,0.4801145,0.34452063,0.229838,0.570783,0.5215074,0.24946395,0.4719903,0.5200821,0.46613437,0.49808177,0.47290626,0.4023105,0.44635636,0.39765364,0.37479207,0.4327077,0.36489585,0.3663657,0.48175344,0.53580856,0.5358965,0.54058933,0.6070719,0.57154554,0.66233915,0.527737,0.54685783,0.40110707,0.31710193,0.31480357,0.44213527,0.65455383,0.6784644,0.169867,0.79522973,0.7464166,0.6617205,1.0,0.88342214,0.6696768,0.88164943,0.68808484,0.69631,0.8151276,0.7257681,0.77440345,0.7583189,0.68837535,0.6306448,0.61540514,0.6441594,0.6276596,0.555835,0.62499183,0.6741558,0.6714977,0.58670074,0.6334101,0.64700687,0.59948426,0.50879705,0.55833036,0.38582504,0.54971504,0.2560613,0.37405187,0.26225972,0.15010275,0.23944847,0.14896317,0.13457963,0.11482892,0.15228786,-0.0052925097,-0.027690694,-0.055765282,0.0071103093,0.40671438,0.55121076,0.7400376,0.729805,0.749692,0.6539321,0.49828857,0.67539793,0.6495768,0.70066553,0.7627445,0.6199279,0.58431137,0.6590904,0.6498337,0.700416,0.56190866,0.027448738,-0.04947105,0.6105696,0.46934935,0.5537023,0.38585106,0.21165743,-0.0016470619,0.22957821,0.3834494,0.31649637,0.1224448,0.13305497,0.13864854,0.033124793,0.07685656,0.23958704,0.19374934,0.037540548,0.085521825,0.087995075,0.29951036,0.41938534,0.51521546,0.38198963,0.4159698,0.16391645,0.13923402,-0.001649599,-0.027933603,0.115177184,-0.056381326,0.015257429,-0.16907762,-0.1003311,-0.19918261,0.10752395,-0.028273834,0.06783474,0.06767385,0.07595908,0.09152621,0.021046113,0.023676261,0.049441088,0.0720754,-0.011851987,-0.11666994,-0.046184756,-0.20167518,-0.16013457,-0.22427936,-0.1619532,-0.13881357,-0.28652382,-0.14739835,-0.06455576,-0.41784233,-0.4754758,-0.40009522,-0.3887254,-0.3710293,-0.3265222,-0.35370708,-0.2881511,-0.22506753,-0.20316306,-0.25887552,-0.27933922,-0.20894824,-0.056788716,-0.08217902,0.035336208,0.34358895,0.15688808,0.23476432,0.19059409,0.44989127,0.11493818,0.2528273,0.017302237,0.040139873,0.012268444,-0.20395902,-0.07560068,-0.11450009,0.10607256,-0.053791378,0.16813435,0.46670565,0.10575376,0.1417041,0.3538827,0.43385723,0.42070568,0.2108732,0.22407831,0.16766167,0.072566256,0.101443335,0.097953886,-0.10832861,-0.20696653,-0.08161437,0.09561061,-0.18939811,-0.19714496,-0.10762569,-0.1280892,-0.2679382,-0.18857138,-0.2534144,-0.30461198,-0.26953146,-0.24459797,-0.26239112,-0.07971089,-0.24290799,-0.24904285,-0.27583545,-0.19810109,-0.22818139,-0.217986,-0.02834239,-0.09803696,-0.1112116,-0.09016761,-0.059419233,-0.090971895,-0.037509117,0.123127505,0.151428,0.099725455,0.2712893,0.299829,0.40251955,0.24257171,0.12229713,0.110640995,-0.32793182,-0.2984346,-0.28136364,-0.43257096,-0.43504402,-0.42905864,-0.42118454,-0.4282731
60,0.6685425,0.73847514,0.5943813,0.74664825,0.7499848,0.6094784,0.7950834,0.56768715,0.85717666,0.698246,0.7741531,0.83032256,0.7601309,0.81537527,0.75222933,0.5626445,0.49622634,0.61368227,0.42478466,0.2591624,0.6612904,0.5910789,0.3284329,0.5051121,0.5474024,0.43886313,0.47338542,0.44396654,0.41513804,0.42527622,0.3508044,0.34030265,0.39611962,0.32849127,0.2981359,0.46457216,0.5578779,0.53152174,0.5771968,0.63122344,0.62757915,0.7384954,0.5916979,0.63845384,0.45700258,0.42373914,0.3892979,0.4883186,0.74082285,0.712448,0.13730769,0.82316,0.8606606,0.69755167,0.88342214,1.0,0.77744675,0.9301089,0.6816219,0.787248,0.85576093,0.75902754,0.81432974,0.793978,0.6939981,0.61653286,0.6166066,0.6459927,0.6610773,0.5610121,0.66673,0.7088623,0.71773875,0.62052226,0.6586373,0.6513183,0.64937663,0.49179578,0.6126559,0.4084249,0.6039356,0.25577134,0.4194903,0.33479923,0.15618114,0.26929995,0.19452408,0.18233033,0.13299826,0.17233965,-0.031811208,-0.049927622,-0.10789026,-0.056399636,0.363231,0.54414016,0.7753843,0.7487664,0.7634012,0.6369615,0.4682433,0.63837725,0.6019421,0.6374701,0.76133513,0.5614731,0.52511334,0.6857259,0.6729389,0.67732286,0.5114821,0.07094512,-0.0012216053,0.59537536,0.46412852,0.508854,0.3272043,0.16592725,-0.03724825,0.21064857,0.3850844,0.3215062,0.110717975,0.13536142,0.14908503,0.04261597,0.058659464,0.2303975,0.19902378,0.048277065,0.07676663,0.14146909,0.3368436,0.5122444,0.62047774,0.4639552,0.5514024,0.27446333,0.2037257,0.012365429,0.0314759,0.1895885,-0.035631977,0.09669909,-0.1628973,-0.1222818,-0.20002756,0.083115935,-0.051961858,0.07518769,0.05358067,0.08402238,0.099731915,0.021515073,0.038570672,0.056811642,0.07030699,0.0195942,-0.08894749,-0.01358227,-0.13719761,-0.108537145,-0.18929307,-0.12359906,-0.026845828,-0.17762645,-0.021969447,0.018301457,-0.33548215,-0.4403329,-0.3404502,-0.3148704,-0.2804531,-0.24871424,-0.2957152,-0.20599481,-0.112655655,-0.09738348,-0.18118274,-0.22980788,-0.10683592,0.013074107,-0.062363323,0.09689631,0.4278265,0.25816658,0.23900682,0.15827575,0.41532582,0.044821844,0.18980369,-0.019242514,0.0073032314,-0.027518589,-0.1728167,-0.052367467,-0.08899672,0.11258878,0.0038329416,0.21743073,0.46546918,0.1745401,0.20306656,0.41582292,0.48748165,0.46880296,0.3159447,0.33539772,0.27791044,0.19414082,0.20001516,0.19843559,-3.7841543e-05,-0.10818151,0.028814964,0.15175226,-0.094597034,-0.121839404,-0.046260428,-0.05682547,-0.19278418,-0.15126365,-0.21190192,-0.2613557,-0.1964617,-0.15417226,-0.16592674,0.0012382366,-0.10728203,-0.1211835,-0.17431489,-0.04719812,-0.093048334,-0.06651126,0.106421344,0.048754938,0.041847598,0.05319442,0.07897728,6.183662e-05,0.108359195,0.24516438,0.26759064,0.21375102,0.36310083,0.40938723,0.47587392,0.2944525,0.2349709,0.208873,-0.23982027,-0.20451242,-0.2292699,-0.5231873,-0.5396373,-0.5417528,-0.5355348,-0.517591
61,0.59674805,0.60789925,0.5222719,0.6505231,0.6312643,0.5088106,0.6924758,0.46987453,0.71359444,0.6011521,0.67634696,0.7239824,0.6277832,0.756595,0.678127,0.5177769,0.47043696,0.57994884,0.43595722,0.24563225,0.6024094,0.5383004,0.3342783,0.44700366,0.47946233,0.3679037,0.39769372,0.37604386,0.36520553,0.35711524,0.29104412,0.28292334,0.3340779,0.28672448,0.23393148,0.36181948,0.45029402,0.40857998,0.47847524,0.5267919,0.5641403,0.66581666,0.52996796,0.59644306,0.42438278,0.42218032,0.3548918,0.4415186,0.6452012,0.60632676,0.11269476,0.6596952,0.7105376,0.572149,0.6696768,0.77744675,1.0,0.7319601,0.5308925,0.6681647,0.6853783,0.6013638,0.6517917,0.6394359,0.53586966,0.45675537,0.45981008,0.4944808,0.53198737,0.4508195,0.5447925,0.57783854,0.5867241,0.5145783,0.53904366,0.5122205,0.5228902,0.38830662,0.5045504,0.35636333,0.544999,0.2303491,0.37289956,0.33957425,0.14982529,0.27764207,0.22113568,0.1904096,0.16639654,0.18994117,-0.014890588,-0.025507772,-0.083313234,-0.06735797,0.29322132,0.45337504,0.65180206,0.62491816,0.6097828,0.49559814,0.3852773,0.46245855,0.42629376,0.44220355,0.5862099,0.3900099,0.35667673,0.5432143,0.526701,0.49547058,0.33851734,0.07060209,0.015499793,0.49542055,0.37485397,0.38576058,0.24874052,0.12884572,-0.021640575,0.17624111,0.3335168,0.27964014,0.12083451,0.14968881,0.142462,0.063238025,0.080643624,0.21164255,0.19973697,0.06824657,0.083215594,0.1514239,0.32559735,0.4939128,0.5805116,0.42561007,0.5406504,0.30493996,0.22843961,0.03849431,0.09017259,0.22251661,0.02850902,0.1570334,-0.0683916,-0.0594625,-0.10269674,0.096132696,-0.018448329,0.1014503,0.086447276,0.11208976,0.11575283,0.03327706,0.06534322,0.091140114,0.098255545,0.06421914,-0.01968345,0.0343511,-0.05690002,-0.051485825,-0.1147972,-0.07634886,0.050318178,-0.060049772,0.045690864,0.1104132,-0.21913895,-0.3410065,-0.2179781,-0.19464487,-0.15799035,-0.16865055,-0.1877061,-0.10927982,-0.02339961,-0.017588252,-0.087287955,-0.131526,-0.015632989,0.076663226,-0.0020238983,0.15900683,0.42273375,0.29259104,0.23465684,0.15930949,0.34874594,0.03419291,0.15438415,0.0032885813,0.009639536,-0.031567715,-0.090375625,-0.018298661,-0.043576695,0.1147029,0.04079789,0.21105348,0.39595115,0.19855526,0.21410714,0.36924133,0.43468946,0.412871,0.31855038,0.33418077,0.28166604,0.21930316,0.23695807,0.2143901,0.06924063,-0.029956806,0.09577188,0.16203457,-0.008318675,-0.039614182,0.017049612,0.00028962435,-0.10160758,-0.08962119,-0.12410998,-0.16796565,-0.106966995,-0.07527185,-0.09106123,0.031914625,0.0017544123,-0.019138541,-0.05799453,0.054941796,-0.024997007,0.03644567,0.16562298,0.1434509,0.13501921,0.13294758,0.15980962,0.08755198,0.18085244,0.26032013,0.28534102,0.26327688,0.3684935,0.4046937,0.4452175,0.2944295,0.23352791,0.1786343,-0.17219356,-0.14297563,-0.17915285,-0.49413592,-0.5060887,-0.51405543,-0.511347,-0.48886865
62,0.74480253,0.85644364,0.67000246,0.7881315,0.8142586,0.6806052,0.8091995,0.59233475,0.863888,0.69124633,0.7124663,0.76633656,0.773077,0.7486188,0.6367697,0.49651244,0.3690236,0.47761473,0.39232102,0.2557818,0.7110618,0.6758753,0.35214168,0.60065806,0.67324924,0.5933054,0.61991334,0.5825274,0.5205261,0.51821536,0.46085677,0.43225905,0.524429,0.4531042,0.47155923,0.6118134,0.68496865,0.6616203,0.6871187,0.75909126,0.7085974,0.7747221,0.59854394,0.6127831,0.40595838,0.2778981,0.28500906,0.40023345,0.60738903,0.58606607,0.1588821,0.72038174,0.727863,0.6601185,0.88164943,0.9301089,0.7319601,1.0,0.7318812,0.773038,0.954663,0.8517085,0.90914226,0.904218,0.8384455,0.7513565,0.7521304,0.77193844,0.7852313,0.68983364,0.777728,0.83483166,0.82235616,0.74926263,0.8026401,0.8078906,0.7438224,0.62904,0.6725515,0.46143124,0.5902011,0.30460024,0.35932216,0.2761406,0.091577135,0.24852228,0.14481072,0.1411623,0.11375604,0.17272997,-0.04156813,-0.07477903,-0.06973608,-0.012403471,0.41279578,0.5866002,0.7690814,0.7782078,0.8364526,0.7398313,0.58666813,0.7957802,0.7616337,0.7820693,0.8925039,0.6454749,0.6168185,0.7231231,0.6941135,0.74720263,0.5921656,0.07829598,-0.0028862534,0.6613048,0.47781357,0.5707832,0.3956755,0.2762616,0.045866482,0.33825612,0.4393214,0.3608025,0.23817983,0.25392613,0.23847076,0.10339907,0.186137,0.36549518,0.3296271,0.11758265,0.21675135,0.19189715,0.44468492,0.58026284,0.66379136,0.4516424,0.51828486,0.29545727,0.2722207,0.03948588,0.042891983,0.17378318,0.02093364,0.09694466,-0.13451488,-0.035781197,-0.14389399,0.16963236,0.03160687,0.14632793,0.11563374,0.18367091,0.20774895,0.08315591,0.13820106,0.15372019,0.14227962,0.09234177,-0.031187685,-0.00058818224,-0.14453526,-0.105808295,-0.19899726,-0.13766791,-0.054173723,-0.23647568,-0.094878726,-0.03637163,-0.3925583,-0.45296302,-0.39886585,-0.3867522,-0.3684192,-0.32120216,-0.3417918,-0.25937685,-0.18529424,-0.1590458,-0.24044104,-0.23910865,-0.1817225,-0.010633405,-0.0247004,0.13038653,0.42810732,0.22085685,0.30950153,0.2797639,0.53104407,0.1641045,0.3309943,0.088829495,0.099027775,0.05525406,-0.19456246,-0.052447826,-0.09597803,0.15560761,-0.031174755,0.19095503,0.530786,0.14434244,0.14074013,0.37026632,0.48771545,0.47088686,0.23269293,0.25756732,0.16608277,0.08020606,0.13373798,0.08358623,-0.13133937,-0.2153097,-0.09121903,0.07127907,-0.2313941,-0.20806925,-0.11086353,-0.16063213,-0.29239,-0.19230165,-0.27283335,-0.33167642,-0.31039897,-0.29134014,-0.2922687,-0.12187036,-0.24267347,-0.25752887,-0.29878297,-0.18106367,-0.20307371,-0.20339255,-0.01643106,-0.06887772,-0.08193672,-0.059669275,-0.01865864,-0.050577026,0.006617729,0.16315068,0.22559205,0.16744901,0.3563946,0.3743297,0.48656198,0.31133014,0.26167187,0.18553463,-0.23827477,-0.20573993,-0.20765229,-0.5540989,-0.56058383,-0.557439,-0.5492536,-0.5487831
63,0.4832008,0.59131116,0.4483408,0.5112609,0.5398704,0.47264498,0.55037934,0.39602676,0.6067665,0.5030887,0.4718847,0.522034,0.5195583,0.5469996,0.4561695,0.36941507,0.2565084,0.3662707,0.28095526,0.18925276,0.51996636,0.50346357,0.28179356,0.44761047,0.5129685,0.43603653,0.42272604,0.37766337,0.3225584,0.33347085,0.31361127,0.29370973,0.36440158,0.32220346,0.36146334,0.4902887,0.54146963,0.51718825,0.4869659,0.5811908,0.549047,0.60285544,0.46286657,0.5100299,0.3501092,0.2600377,0.24574326,0.31571954,0.5278108,0.51859725,0.22532795,0.5998624,0.57415694,0.5994295,0.68808484,0.6816219,0.5308925,0.7318812,1.0,0.5265039,0.6725739,0.6081069,0.6197743,0.62495744,0.5961989,0.5517047,0.54062825,0.5436422,0.52365875,0.4718966,0.5064345,0.56911814,0.5504497,0.4993339,0.56614316,0.584035,0.53235596,0.5122188,0.48402148,0.40378413,0.50971764,0.25421414,0.33427843,0.25797954,0.15556392,0.28456825,0.17519474,0.12366715,0.14899105,0.18344553,0.06805602,0.033105545,0.06538474,0.12840968,0.43804464,0.5714883,0.66870654,0.6647706,0.6715888,0.6006624,0.43264252,0.6117426,0.58654803,0.61310256,0.63257116,0.4514337,0.4486534,0.5110901,0.46342373,0.5366802,0.49057746,0.13968451,0.05919141,0.58109075,0.43996546,0.56128854,0.4585538,0.31917152,0.1338048,0.33749637,0.359719,0.2793315,0.25184777,0.25384697,0.2299752,0.11282786,0.20768316,0.31886542,0.29051307,0.14907223,0.22030172,0.17774214,0.3436888,0.40989494,0.46229526,0.3105961,0.34289673,0.21474724,0.22822955,0.046988666,0.06708297,0.14589137,0.06269289,0.11549243,-0.03695133,0.051791545,-0.042768024,0.17631409,0.105030775,0.15182173,0.15740687,0.18281887,0.19844563,0.08126632,0.1447729,0.17467162,0.16505669,0.110455886,0.042560056,0.057079785,-0.08291135,-0.046751022,-0.090213485,-0.018927572,-0.08019792,-0.1625876,-0.07822976,-0.031312294,-0.23404215,-0.24627672,-0.22651741,-0.21930677,-0.21829791,-0.14757709,-0.1674798,-0.117841646,-0.11603956,-0.10460263,-0.10200855,-0.08450027,-0.10438491,0.0753259,0.0794474,0.14944007,0.33078167,0.17198981,0.30887732,0.28276122,0.4146785,0.20036118,0.31562647,0.14340916,0.17930713,0.14504962,-0.069946624,0.061128385,0.024362648,0.21284766,0.038414415,0.21702902,0.42177233,0.1499064,0.16365294,0.2730558,0.33983243,0.3179156,0.13998409,0.12686451,0.09963042,0.03553467,0.067858,0.07484492,-0.04953567,-0.105139256,-0.022339385,0.114284806,-0.09670557,-0.06864525,0.010796864,-0.030364865,-0.1444726,-0.04125904,-0.105943576,-0.1586326,-0.15931186,-0.16962239,-0.17598116,-0.061935302,-0.15876135,-0.16778554,-0.16613168,-0.14065139,-0.1589085,-0.16280736,-0.03632177,-0.06718152,-0.086636916,-0.078856386,-0.008509602,0.0013093746,-0.021293389,0.06434665,0.097708516,0.1241519,0.22982399,0.23267776,0.32486412,0.23970897,0.1269536,0.025552487,-0.16102561,-0.1446783,-0.1242725,-0.4647027,-0.46132916,-0.46005732,-0.45258,-0.4655344
64,0.6302846,0.66674006,0.5830059,0.7142224,0.69800144,0.5606624,0.7296145,0.52335584,0.76400876,0.6243045,0.7019298,0.7438673,0.69347376,0.70520383,0.6581255,0.47025245,0.43626645,0.521839,0.3746594,0.22830552,0.57058495,0.50650525,0.26512957,0.44474193,0.4669445,0.39489943,0.46213788,0.45835507,0.4406056,0.43494675,0.35850683,0.3495457,0.39866394,0.3425133,0.2751259,0.3832812,0.46853623,0.4440731,0.49693638,0.5247347,0.52725255,0.6074707,0.50403994,0.50334257,0.3401741,0.32335195,0.30280137,0.32531568,0.55275434,0.51707745,0.0415681,0.60692626,0.65738904,0.50158083,0.69631,0.787248,0.6681647,0.773038,0.5265039,1.0,0.74830097,0.6707775,0.7456682,0.7069515,0.5991989,0.521769,0.5190502,0.5545938,0.59727925,0.51342696,0.6190206,0.64587873,0.6634829,0.57955915,0.58982533,0.56595236,0.57026345,0.39062437,0.5176572,0.3079507,0.45069137,0.20142443,0.29351008,0.24251382,0.05157637,0.14964588,0.104509905,0.13960871,0.04076434,0.08352787,-0.12982094,-0.13520478,-0.17827003,-0.15425994,0.18883662,0.34931487,0.5647706,0.5524703,0.59011924,0.47142947,0.4158154,0.5125173,0.47993782,0.5028778,0.6571358,0.51060456,0.45731947,0.61180645,0.62859964,0.60820353,0.38398933,-0.070258446,-0.10918956,0.42120782,0.30965173,0.31609976,0.16793327,0.04283589,-0.13312027,0.09192333,0.27253452,0.23348527,0.022207716,0.05365303,0.077715516,-0.0064817998,-0.015483906,0.14964691,0.12063709,0.0010281076,0.018170483,0.10490559,0.29403496,0.46326044,0.55898196,0.414964,0.5136861,0.24299859,0.14725132,-0.03077688,0.0017193785,0.1592724,-0.071354754,0.06751477,-0.1788327,-0.1634914,-0.21441902,0.030688336,-0.11039172,-0.0028795516,-0.02550413,0.012465299,0.020471929,-0.010522085,-0.02028904,-0.017841924,0.006865441,-0.028596269,-0.12743534,-0.068846405,-0.15649417,-0.12065923,-0.20156038,-0.20626082,-0.021032825,-0.17752975,-0.03594666,0.02711773,-0.34711072,-0.45972732,-0.36770284,-0.34014988,-0.2992518,-0.3019752,-0.333958,-0.24458073,-0.14784476,-0.120553054,-0.23759584,-0.28400826,-0.13525255,-0.070865184,-0.14380407,0.022883467,0.35188913,0.1965723,0.13678011,0.07158271,0.33637038,-0.009698055,0.120632984,-0.087815,-0.08663776,-0.11612096,-0.22783716,-0.14458078,-0.1748742,-0.0011792801,-0.067405924,0.114044644,0.35970774,0.10334359,0.1278031,0.34831992,0.42320636,0.41010287,0.28555503,0.31846887,0.23993176,0.17397924,0.21040405,0.14228526,-0.024817659,-0.11510636,-0.007914099,0.076839276,-0.12355404,-0.17666042,-0.106669836,-0.12903711,-0.22280803,-0.22142418,-0.26180094,-0.30252266,-0.23494421,-0.17719834,-0.19183074,-0.03196095,-0.11835426,-0.13838735,-0.17458043,-0.049856205,-0.09978372,-0.068396755,0.095129944,0.030293187,0.030751476,0.047585264,0.04510786,-0.015649235,0.08169425,0.24711815,0.27486935,0.15373869,0.33035055,0.376962,0.42740962,0.23820515,0.23070168,0.1974095,-0.19333516,-0.15766281,-0.18178523,-0.3980416,-0.4218181,-0.42036113,-0.4150929,-0.38898918
65,0.8065052,0.9184119,0.7328289,0.8346829,0.8571805,0.71813256,0.82649994,0.6160787,0.85566604,0.67363185,0.69676286,0.7397041,0.7908328,0.6949778,0.57652813,0.4393496,0.30526492,0.39044857,0.37645766,0.24074788,0.7313923,0.7110121,0.359813,0.64914566,0.72421265,0.678709,0.713113,0.67878157,0.59551126,0.5856892,0.5345849,0.49930036,0.6012477,0.52787113,0.555977,0.6634799,0.7264596,0.7028448,0.735056,0.80010134,0.72767323,0.7662213,0.57321876,0.5716307,0.35125488,0.17927915,0.23253775,0.31066838,0.49153405,0.46235687,0.10335901,0.5982223,0.63220507,0.5684296,0.8151276,0.85576093,0.6853783,0.954663,0.6725739,0.74830097,1.0,0.90185755,0.9644736,0.95791197,0.8994587,0.79551154,0.80979675,0.83277607,0.8576783,0.75794923,0.8438279,0.9040832,0.8856372,0.8268944,0.8712449,0.87299424,0.78323215,0.6622952,0.67572045,0.45488575,0.5356818,0.31176355,0.29664883,0.2239702,0.01994815,0.21022546,0.1016852,0.117692076,0.08105589,0.1518518,-0.092266314,-0.13107313,-0.090783134,-0.04024904,0.35880718,0.52401966,0.6897155,0.7210419,0.82395667,0.7371225,0.6331908,0.8431989,0.81085247,0.81867576,0.9418497,0.7030927,0.66692454,0.72090715,0.70802027,0.77568686,0.6011676,0.016386716,-0.054998815,0.60888183,0.4248047,0.5095364,0.34631357,0.27334875,0.04216655,0.35442176,0.4260188,0.34589666,0.2686227,0.283854,0.2585936,0.1150561,0.21966708,0.40727898,0.37273812,0.13594596,0.26777765,0.19169784,0.49624163,0.62752837,0.6976736,0.443095,0.5195648,0.32007733,0.3015046,0.05252548,0.05217511,0.16503245,0.042033415,0.10264408,-0.1225464,-0.011756103,-0.121797025,0.18711956,0.0583171,0.16930161,0.12844409,0.2122043,0.24458839,0.103161044,0.18073489,0.18281089,0.15665786,0.12813133,-0.014238608,-0.015854767,-0.14472578,-0.09495531,-0.20470026,-0.16375363,-0.059491962,-0.26380917,-0.13287103,-0.050172895,-0.43483445,-0.47982934,-0.4451868,-0.43906763,-0.42593193,-0.38825527,-0.38912898,-0.30615175,-0.23557879,-0.19724272,-0.29592952,-0.2726961,-0.22330935,-0.059457824,-0.046304252,0.12585557,0.41533983,0.18559407,0.30340606,0.31504807,0.5663282,0.19333789,0.37203443,0.11508572,0.09826381,0.0533668,-0.2392241,-0.10112725,-0.14882918,0.1264583,-0.08470906,0.13007127,0.5327054,0.10133047,0.07535554,0.32584116,0.47201836,0.4612886,0.18582039,0.22315249,0.10676836,0.027093736,0.09561158,0.0144121675,-0.20533355,-0.26929888,-0.16418763,-0.0068605053,-0.30846608,-0.28109992,-0.17962995,-0.2509406,-0.3586402,-0.24399155,-0.3417126,-0.3911974,-0.38428107,-0.36511874,-0.36319208,-0.19687994,-0.31314173,-0.33444256,-0.36693123,-0.24603328,-0.25383678,-0.2670613,-0.07909695,-0.13047397,-0.13972747,-0.11111592,-0.07388405,-0.09220088,-0.04243814,0.1417143,0.22450158,0.13632628,0.3622672,0.3664769,0.49300718,0.31553727,0.2971215,0.18937854,-0.21485466,-0.18171065,-0.17619462,-0.53789234,-0.54726493,-0.5373059,-0.52783823,-0.5310168
66,0.71133876,0.80807674,0.62912023,0.73224396,0.7576614,0.62417704,0.72152305,0.53963274,0.7502436,0.59334165,0.61400604,0.65124875,0.692215,0.6087054,0.49849364,0.37387103,0.25496528,0.33558583,0.30702668,0.20541106,0.62136835,0.5933492,0.29125112,0.52906835,0.5941485,0.54759437,0.60342115,0.5878807,0.54805225,0.54125243,0.48243657,0.4525169,0.54108083,0.47201923,0.4833988,0.54149157,0.6130193,0.5866701,0.65066034,0.6828487,0.6112236,0.65204763,0.49566805,0.4872481,0.2974352,0.13740133,0.20480256,0.25936854,0.44056737,0.43145534,0.10164366,0.5530491,0.5696826,0.5087681,0.7257681,0.75902754,0.6013638,0.8517085,0.6081069,0.6707775,0.90185755,1.0,0.8684392,0.84423274,0.7893512,0.6958591,0.71073365,0.73652,0.7740597,0.6580545,0.7539708,0.79991496,0.78744084,0.7389124,0.75641555,0.7567529,0.69529647,0.5514179,0.57384413,0.37867078,0.4224092,0.2537967,0.2598244,0.17879957,-0.015995996,0.14980473,0.06239529,0.07533447,0.043583997,0.099525064,-0.10224626,-0.13554747,-0.1007482,-0.04821249,0.3133338,0.45814583,0.60962886,0.62734216,0.72588956,0.6449864,0.5681196,0.71969455,0.68957084,0.7039147,0.81726915,0.6408981,0.5888122,0.70786643,0.67025685,0.7318059,0.5358854,-0.019319866,-0.124028176,0.55395013,0.3901901,0.46244135,0.31375748,0.24929583,0.02797816,0.30120435,0.36253664,0.29728505,0.19570151,0.2083195,0.21364763,0.10170869,0.15269358,0.31047878,0.27769458,0.09618688,0.17862257,0.16852127,0.39309844,0.5083312,0.58485234,0.38880455,0.4355419,0.24384953,0.22539948,0.050871104,0.008180372,0.12711756,9.63444e-05,0.046851575,-0.1463479,-0.042597998,-0.14517736,0.14905955,0.015787397,0.12443122,0.08976689,0.1603395,0.1859642,0.08403769,0.115438625,0.11526671,0.10893878,0.062872924,-0.06602656,-0.036840346,-0.16123945,-0.10553494,-0.20960276,-0.21349353,-0.063434616,-0.2567474,-0.13105455,-0.06803113,-0.40086508,-0.466081,-0.42782155,-0.41366407,-0.39400482,-0.36756268,-0.36543986,-0.27117774,-0.19900319,-0.15956903,-0.2768697,-0.2748496,-0.20757802,-0.0657862,-0.075208,0.08030527,0.37708068,0.17806007,0.24990599,0.24819905,0.48650226,0.14135742,0.29450685,0.07504456,0.04470362,0.01087319,-0.24017186,-0.11604905,-0.15101485,0.08609347,-0.07643791,0.117841356,0.47179687,0.09274761,0.0784918,0.3139719,0.43344018,0.41927472,0.20384449,0.2394523,0.12719156,0.057456873,0.1170116,0.036104117,-0.1674354,-0.23448585,-0.1289584,0.0086081615,-0.2731506,-0.2501172,-0.16361915,-0.21011035,-0.32071492,-0.2416346,-0.29695246,-0.34956688,-0.3456137,-0.33667,-0.33272827,-0.1748004,-0.2660463,-0.28446293,-0.32984927,-0.2004307,-0.20156433,-0.22143178,-0.03839312,-0.10206664,-0.11041173,-0.08741774,-0.04687469,-0.08580102,-0.025825666,0.14909633,0.23254946,0.12715992,0.3270403,0.33997598,0.44878975,0.27999115,0.27110836,0.18061657,-0.16997936,-0.14056487,-0.14637035,-0.46109137,-0.4687201,-0.46312976,-0.45635518,-0.4531875
67,0.82536566,0.92680055,0.74169827,0.84865534,0.87207294,0.7209135,0.8297585,0.62843424,0.8423124,0.66580284,0.6925186,0.7300524,0.78872085,0.6680942,0.5541292,0.41095608,0.28664163,0.35643923,0.3526668,0.22808318,0.70676446,0.68398565,0.3335302,0.63875145,0.7008121,0.6738092,0.7306333,0.71229833,0.63276285,0.6126705,0.5543363,0.5180601,0.61834836,0.5420058,0.55364037,0.63708687,0.69787383,0.6772925,0.7330032,0.76917535,0.6918028,0.722526,0.54198146,0.5145085,0.29616863,0.1299998,0.2031456,0.24926466,0.42932177,0.39750537,0.040895745,0.5334699,0.5849944,0.49278817,0.77440345,0.81432974,0.6517917,0.90914226,0.6197743,0.7456682,0.9644736,0.8684392,1.0,0.9661953,0.89794636,0.7926781,0.80666745,0.83023596,0.8727001,0.77710265,0.8631214,0.91836697,0.90452194,0.8469481,0.8722581,0.868427,0.7761076,0.62759924,0.6565194,0.40099117,0.47121814,0.28619105,0.24468781,0.18137617,-0.034931075,0.14046289,0.044691667,0.08825123,0.021134144,0.09523905,-0.15352097,-0.18625589,-0.15481356,-0.10297842,0.27475685,0.43756005,0.6133022,0.65086704,0.7751421,0.67758125,0.62045133,0.8183367,0.78792346,0.7918328,0.9371952,0.7295798,0.6788192,0.7231599,0.72717124,0.78777444,0.57267237,-0.05138264,-0.11519005,0.54335755,0.36404458,0.42902425,0.263899,0.20586666,-0.019096982,0.29082456,0.3709865,0.30387813,0.21212626,0.23005396,0.2131135,0.09351163,0.16629942,0.36552572,0.32800707,0.09400707,0.22826241,0.16191159,0.465214,0.61258924,0.68380857,0.43929476,0.51067346,0.29745367,0.26541385,0.03295103,0.014554814,0.1370697,0.003098661,0.077238925,-0.15952325,-0.06355504,-0.16373019,0.1485742,0.008085384,0.12823288,0.078842506,0.16451204,0.2037412,0.085202284,0.15429221,0.14048396,0.11532713,0.10765307,-0.054624118,-0.05212275,-0.17326611,-0.11179419,-0.23433985,-0.21423048,-0.066227034,-0.2883949,-0.14169824,-0.058534052,-0.4763079,-0.52225685,-0.4929689,-0.48468333,-0.46482387,-0.44695166,-0.44075033,-0.3471581,-0.27332163,-0.23056747,-0.35075158,-0.32705346,-0.25580424,-0.121028304,-0.10580012,0.079029076,0.38469794,0.14809331,0.2526496,0.2733431,0.5407642,0.1534311,0.3386219,0.067163676,0.041053846,-0.00029984026,-0.29079536,-0.16235466,-0.20671928,0.061327536,-0.1412791,0.068243995,0.49933702,0.05903183,0.023739792,0.29872763,0.45434672,0.448778,0.1703884,0.22013758,0.08522838,0.015526329,0.09039611,-0.018741107,-0.2425632,-0.2976064,-0.2040061,-0.05594337,-0.35075226,-0.33882082,-0.23934346,-0.30729166,-0.4070205,-0.2948825,-0.39841586,-0.44271895,-0.43236852,-0.40235874,-0.39637148,-0.23332974,-0.34494752,-0.3686917,-0.40479878,-0.26759014,-0.26949155,-0.28610027,-0.09379451,-0.15559234,-0.15833293,-0.12403122,-0.10668952,-0.10959257,-0.06488067,0.14578371,0.2332345,0.1053451,0.3625433,0.36980945,0.49247298,0.29723945,0.32404786,0.2212945,-0.2067781,-0.169306,-0.16278566,-0.48082745,-0.4964947,-0.4832563,-0.47331703,-0.47186452
68,0.8501901,0.9666808,0.782533,0.8609493,0.8758968,0.746436,0.8369606,0.6348793,0.8420184,0.6648677,0.6774739,0.70704687,0.7855405,0.6497069,0.5298606,0.39311135,0.25819358,0.32972535,0.35627678,0.23289926,0.7540811,0.74930483,0.38010946,0.6992554,0.7781425,0.74341553,0.77959055,0.7463105,0.6518075,0.63073206,0.5809611,0.5435612,0.6574889,0.5840675,0.61956394,0.71602017,0.7708364,0.73818487,0.77908707,0.8399677,0.7535588,0.76625603,0.5625102,0.5444679,0.3135593,0.11225868,0.19555283,0.24618793,0.4091708,0.3699938,0.06676864,0.5066286,0.5589704,0.50763434,0.7583189,0.793978,0.6394359,0.904218,0.62495744,0.7069515,0.95791197,0.84423274,0.9661953,1.0,0.9494366,0.8382393,0.8592376,0.86791325,0.9152731,0.81933767,0.89616567,0.95959985,0.93449444,0.8894111,0.93067205,0.92914194,0.8113492,0.69930136,0.6897321,0.46029642,0.5055254,0.31875944,0.24909632,0.19590291,-0.018530507,0.18521312,0.074156456,0.09669542,0.05805517,0.13385819,-0.11196521,-0.15204985,-0.09297643,-0.04809667,0.33646923,0.49106315,0.6383786,0.6850066,0.81328946,0.7292026,0.63120663,0.8753328,0.84507686,0.8376799,0.9617963,0.7268474,0.6907784,0.7028136,0.6984406,0.7750536,0.5898151,-0.015598158,-0.08164878,0.58218086,0.38473144,0.47470585,0.32311335,0.28280023,0.06622368,0.37624606,0.41557625,0.33621818,0.31575477,0.33053777,0.28127405,0.13541165,0.26766342,0.46420792,0.42865026,0.15639782,0.33109593,0.22463652,0.5433877,0.6729989,0.7281119,0.44137257,0.521749,0.34904125,0.33621505,0.073091336,0.06918758,0.1723508,0.07384726,0.11988078,-0.1042874,0.020312706,-0.09134857,0.20766453,0.09177601,0.20726225,0.15656038,0.24974732,0.29369453,0.1242723,0.23767678,0.23322082,0.18737228,0.18088344,0.024251182,-0.019143397,-0.13758637,-0.09099517,-0.19557312,-0.16773313,-0.05014985,-0.2650654,-0.13124296,-0.03537542,-0.4576684,-0.4822048,-0.4625942,-0.46159223,-0.45437062,-0.4197362,-0.40372998,-0.3201425,-0.26425815,-0.22241113,-0.31861973,-0.26703474,-0.24648462,-0.07406094,-0.02907995,0.15129812,0.41473794,0.16957393,0.32886535,0.3594926,0.5972906,0.22360954,0.41564563,0.15153061,0.13165478,0.08363139,-0.23980753,-0.10658351,-0.15534215,0.13433094,-0.10846239,0.09735031,0.54502493,0.07505059,0.025464695,0.27998763,0.45434076,0.44728687,0.1326689,0.1752496,0.0380845,-0.029395571,0.064699255,-0.054781266,-0.26762262,-0.31289643,-0.22120276,-0.062450003,-0.3690664,-0.32183826,-0.22016093,-0.30141973,-0.40321633,-0.2604189,-0.37430114,-0.42495725,-0.43318197,-0.4161154,-0.40375948,-0.26662156,-0.35397643,-0.38077924,-0.40376803,-0.28486973,-0.28572914,-0.3061365,-0.12458168,-0.1633659,-0.17280415,-0.14347425,-0.108510025,-0.10378943,-0.07386417,0.119451605,0.21334031,0.12460544,0.36813712,0.3601993,0.50052047,0.32448766,0.33854365,0.1984628,-0.18901618,-0.15449494,-0.14836031,-0.5338067,-0.5493414,-0.5352605,-0.52439046,-0.5266171
69,0.79577917,0.9426567,0.73582226,0.7770191,0.8001646,0.70185024,0.74772525,0.57801193,0.7510276,0.59669197,0.55857396,0.58275,0.6959351,0.5311475,0.3966989,0.31300125,0.13293901,0.19296935,0.29207903,0.19140603,0.7225577,0.75057083,0.37751672,0.7186867,0.8126652,0.79589236,0.7926977,0.74008423,0.60777754,0.5979337,0.5688937,0.5285543,0.65392625,0.58392036,0.68062973,0.793571,0.8206079,0.79441017,0.78016126,0.86467475,0.7544063,0.7326353,0.5199839,0.48743662,0.25867295,0.0008258305,0.11127455,0.17122583,0.29454684,0.26005727,0.08655721,0.4052581,0.44044447,0.4591367,0.68837535,0.6939981,0.53586966,0.8384455,0.5961989,0.5991989,0.8994587,0.7893512,0.89794636,0.9494366,1.0,0.8900546,0.9323677,0.88864934,0.9210454,0.8339954,0.8744454,0.94813,0.8978841,0.8854183,0.94525236,0.9696857,0.79648614,0.75206435,0.6902247,0.47883254,0.4709435,0.3124862,0.19891599,0.15173925,-0.03678107,0.1770292,0.048883464,0.061231248,0.055531412,0.13261472,-0.077368416,-0.12671666,-0.027486805,0.018093131,0.36912087,0.50584257,0.59300065,0.6560333,0.80580515,0.7483919,0.607278,0.93286854,0.91088897,0.8891182,0.9541517,0.7154098,0.69571054,0.6261369,0.6168174,0.73197514,0.61593413,0.030938977,-0.026781663,0.5958689,0.37739074,0.49711317,0.36972886,0.3638493,0.15805827,0.4663442,0.42494315,0.33686006,0.41734606,0.42479786,0.3430266,0.18109865,0.3740618,0.5579052,0.517,0.22142741,0.43884557,0.2787064,0.5833716,0.6646809,0.6907392,0.38941315,0.4396209,0.3419661,0.37400642,0.108699545,0.0859755,0.1475197,0.12823085,0.12623805,-0.058648996,0.11031216,-0.02050051,0.27237073,0.1747831,0.2794638,0.22927974,0.32892993,0.3796423,0.17948706,0.32013443,0.3132602,0.24521121,0.24183144,0.08430311,-0.00783166,-0.13026239,-0.091775306,-0.16838495,-0.10600773,-0.06562739,-0.2762004,-0.14808172,-0.065882705,-0.45182192,-0.4103831,-0.43753946,-0.45219207,-0.47023946,-0.39208734,-0.37257087,-0.3075748,-0.2919335,-0.24810715,-0.30975816,-0.21192768,-0.26890752,-0.066248246,0.036853135,0.18038057,0.36306855,0.10578395,0.37441468,0.43180808,0.61874926,0.29445592,0.49321124,0.24705547,0.23302603,0.18854879,-0.19397491,-0.056690946,-0.11022626,0.1874889,-0.106341325,0.077175155,0.5429566,0.03906829,-0.035404246,0.18863893,0.3759035,0.371984,0.010973049,0.04731666,-0.08711199,-0.1495891,-0.04605484,-0.16049844,-0.35306606,-0.3704642,-0.30198744,-0.112264246,-0.43815112,-0.33813682,-0.22848958,-0.32147926,-0.42151177,-0.23094368,-0.36259598,-0.41482705,-0.45797932,-0.46033776,-0.42863882,-0.33734393,-0.42281047,-0.4447532,-0.4539476,-0.37079015,-0.3395339,-0.38914713,-0.23123279,-0.2548887,-0.27185267,-0.24213384,-0.19127727,-0.15248159,-0.1623868,0.012287418,0.10885574,0.06348639,0.30235487,0.2679527,0.433305,0.30818146,0.32668498,0.16472107,-0.16950586,-0.1403231,-0.13468552,-0.5093833,-0.5218268,-0.5047669,-0.49182734,-0.50561523
70,0.6778515,0.82566386,0.61444217,0.64167506,0.6773927,0.5978314,0.6269052,0.4692383,0.6456887,0.5114851,0.4545445,0.4809985,0.587615,0.4403386,0.31199515,0.2628086,0.074150465,0.1330343,0.23262376,0.14719068,0.61154044,0.64668226,0.31818244,0.6274048,0.71346575,0.71241796,0.7020492,0.65383065,0.5184421,0.5300726,0.5094538,0.46995836,0.5873986,0.52854013,0.623929,0.72303903,0.735182,0.70862514,0.68726015,0.76829207,0.65852094,0.6381039,0.44602358,0.41295502,0.2199405,-0.03615152,0.0880092,0.14217879,0.25422618,0.23241214,0.09924778,0.37049305,0.38306203,0.43064648,0.6306448,0.61653286,0.45675537,0.7513565,0.5517047,0.521769,0.79551154,0.6958591,0.7926781,0.8382393,0.8900546,1.0,0.87533456,0.8186779,0.80823076,0.7463111,0.7591066,0.83040655,0.786014,0.7729441,0.8314786,0.8684692,0.7065327,0.6921989,0.6170142,0.43195894,0.4194186,0.2850203,0.17799766,0.10672067,-0.028574478,0.1505209,0.023844361,0.040048145,0.037498277,0.09911995,-0.05586739,-0.10155879,0.0037898705,0.05362948,0.36379638,0.4847461,0.54598475,0.6019886,0.7404758,0.68992496,0.54600716,0.86768854,0.8507709,0.8414913,0.863772,0.6734081,0.6690062,0.57666224,0.56447655,0.687659,0.597752,0.04181629,-0.035623923,0.56570137,0.3624463,0.49729338,0.38183886,0.35730073,0.15203376,0.43492487,0.36825597,0.29261824,0.3766388,0.37923232,0.3205153,0.17852052,0.33546808,0.5067689,0.46067876,0.19106647,0.3951355,0.23057704,0.4954724,0.5490233,0.57209873,0.31074512,0.32903758,0.25952405,0.31085682,0.08624335,0.037024934,0.089901425,0.09296236,0.11754406,-0.06171872,0.09580445,-0.028610524,0.25051817,0.16430672,0.2524033,0.21574074,0.29034472,0.34176093,0.16083077,0.28310254,0.27621335,0.2111996,0.21051063,0.060337562,-0.029107727,-0.15152135,-0.099621326,-0.16417043,-0.110477954,-0.09231134,-0.28399113,-0.15876399,-0.08784691,-0.43431562,-0.37612024,-0.40239707,-0.414484,-0.43369305,-0.35705265,-0.3343581,-0.2831522,-0.2764737,-0.23745646,-0.2808,-0.18541479,-0.26470393,-0.0491907,0.052681446,0.1536214,0.3257249,0.08422271,0.3685452,0.40514153,0.574128,0.29667684,0.4725198,0.23548208,0.24257022,0.20765579,-0.16254096,-0.02957714,-0.075125106,0.19807503,-0.07908958,0.09542383,0.52231383,0.038801406,-0.024298394,0.17631622,0.34229305,0.33878136,-0.002139355,0.016776456,-0.097557165,-0.1686647,-0.07764922,-0.15858515,-0.33256465,-0.34056172,-0.28562674,-0.101028375,-0.40486583,-0.30164766,-0.1932932,-0.27831978,-0.38394794,-0.18898499,-0.30717131,-0.36210743,-0.41161135,-0.4186729,-0.38714013,-0.31430733,-0.41246387,-0.42218864,-0.42643297,-0.37219438,-0.3300324,-0.3896755,-0.25188047,-0.26520702,-0.2881557,-0.25676808,-0.20057538,-0.14381438,-0.18730941,-0.026423372,0.07253561,0.028963914,0.24129553,0.2100951,0.37858176,0.27010652,0.27398065,0.13600354,-0.17213576,-0.14362483,-0.13148367,-0.44376564,-0.4548888,-0.43894652,-0.42663762,-0.44040427
71,0.7121625,0.8597219,0.6665663,0.68545234,0.7103812,0.61104345,0.65598685,0.50363874,0.6604162,0.5344604,0.47961733,0.4958309,0.607935,0.45151815,0.32391107,0.26641297,0.07845743,0.13174264,0.25270024,0.15051076,0.65686375,0.6935687,0.34490934,0.6745965,0.76081216,0.75240666,0.7397254,0.68303674,0.54627603,0.55063486,0.5224683,0.49128738,0.60535824,0.5392929,0.6503339,0.76746064,0.7878927,0.75395876,0.7169758,0.8082183,0.6959286,0.66644317,0.46267322,0.43121403,0.22607425,-0.047471173,0.09320985,0.13030295,0.2422281,0.21078704,0.07906782,0.34917918,0.37491378,0.4132049,0.61540514,0.6166066,0.45981008,0.7521304,0.54062825,0.5190502,0.80979675,0.71073365,0.80666745,0.8592376,0.9323677,0.87533456,1.0,0.808929,0.8444764,0.7669772,0.77918977,0.8552651,0.8005651,0.8205869,0.87634677,0.9061661,0.73676693,0.7125983,0.6559472,0.45512718,0.41894427,0.26983446,0.15901563,0.10727873,-0.05205663,0.1503061,0.018627198,0.036940526,0.034501296,0.10801881,-0.07156696,-0.11898026,-0.008429322,0.039386496,0.34764358,0.47589535,0.536578,0.5981907,0.75117934,0.7030077,0.5518436,0.89055926,0.8734728,0.8512371,0.87907904,0.6706877,0.66413695,0.5677949,0.55733335,0.67858547,0.58921844,0.042449232,-0.012357705,0.55921054,0.34528044,0.47011948,0.35793653,0.3533267,0.16743758,0.45224917,0.3859898,0.29486415,0.41476762,0.4196208,0.33463794,0.17521521,0.37679878,0.54788476,0.5016993,0.21960717,0.4314166,0.26544413,0.5415974,0.6038132,0.622594,0.3460687,0.3746283,0.3005326,0.34223807,0.11088245,0.06686008,0.10941513,0.11796896,0.11114245,-0.05409201,0.118479855,-0.012981039,0.2760145,0.18579149,0.27931565,0.23450188,0.32284275,0.37290293,0.16876654,0.31853002,0.31085232,0.24277888,0.23601429,0.088633776,-0.014670465,-0.13625915,-0.09607076,-0.15637477,-0.10406711,-0.080012895,-0.2740702,-0.14043494,-0.07286014,-0.43126926,-0.37018347,-0.41291007,-0.43024975,-0.45431066,-0.36337012,-0.3453503,-0.28654665,-0.28729042,-0.24384527,-0.29469025,-0.18492192,-0.2638712,-0.06807866,0.04814163,0.17060955,0.31787083,0.06491009,0.3567112,0.4155638,0.57555246,0.2697838,0.47722387,0.26141885,0.24800752,0.20778044,-0.17130178,-0.039915178,-0.091814786,0.18698384,-0.106624715,0.06036406,0.50138956,0.015513758,-0.061126232,0.13738355,0.31358728,0.3128678,-0.037897956,-0.008834903,-0.13093355,-0.18232237,-0.09190284,-0.18666607,-0.3534646,-0.36480647,-0.30737597,-0.12463865,-0.42524588,-0.32476696,-0.22001484,-0.30625325,-0.400192,-0.19750538,-0.33657044,-0.3903099,-0.4357011,-0.43978745,-0.40069157,-0.32968906,-0.4169218,-0.43340316,-0.4250623,-0.37675366,-0.34153062,-0.39441475,-0.25901285,-0.269087,-0.28655577,-0.2575799,-0.21397042,-0.17124142,-0.19000892,-0.025086306,0.06254449,0.0328993,0.25817838,0.22020453,0.38500434,0.2960465,0.286258,0.12526387,-0.16414042,-0.13747796,-0.14255689,-0.45172587,-0.46905747,-0.45165294,-0.43780068,-0.44944942
72,0.71721584,0.84679604,0.6348717,0.69528025,0.71855783,0.64020276,0.6806073,0.5121144,0.6898149,0.5439546,0.50389373,0.5328052,0.63394654,0.48454225,0.35711324,0.28188628,0.1032954,0.16083612,0.23337294,0.18305354,0.6078834,0.6242408,0.30143604,0.6172163,0.6916855,0.70191455,0.7047682,0.6651785,0.5442331,0.5645496,0.55691403,0.5225049,0.6140113,0.55140036,0.60901177,0.69031024,0.6983616,0.68797266,0.66742194,0.74900836,0.6347821,0.63487643,0.45769548,0.41654742,0.23021355,-0.0168775,0.09917479,0.15474197,0.27493072,0.25595215,0.06862134,0.38725972,0.41696304,0.41097263,0.6441594,0.6459927,0.4944808,0.77193844,0.5436422,0.5545938,0.83277607,0.73652,0.83023596,0.86791325,0.88864934,0.8186779,0.808929,1.0,0.8893309,0.8120942,0.8373315,0.8850502,0.85045135,0.8034146,0.8381915,0.87164766,0.7021693,0.6511025,0.6013764,0.41606224,0.39785427,0.30143484,0.18657224,0.12602735,-0.03504024,0.14832714,0.032705035,0.05596291,0.035469763,0.12385442,-0.09132727,-0.13258575,-0.04797463,0.0070046657,0.3109008,0.44456825,0.5349789,0.5909647,0.75314987,0.7102279,0.5633246,0.849609,0.83066493,0.8296243,0.8869791,0.69597256,0.6690943,0.5912108,0.5896199,0.7031001,0.60500056,0.037428293,-0.02803582,0.5275031,0.33397007,0.45257592,0.32620168,0.31152365,0.10627273,0.40877727,0.38768062,0.31083256,0.3323316,0.3345252,0.28784338,0.14846316,0.29166406,0.46586642,0.41840294,0.18249574,0.34744576,0.19533692,0.4895413,0.5473054,0.58221835,0.3230292,0.36172092,0.24781658,0.28731024,0.10101943,0.0318301,0.09663271,0.08375177,0.086245015,-0.07121651,0.06862273,-0.043882865,0.21565898,0.14103898,0.2420275,0.20173106,0.2796941,0.33080494,0.17313306,0.26170287,0.2504445,0.20316333,0.17506862,0.033234246,-0.02950465,-0.15438302,-0.0819466,-0.19447005,-0.096143246,-0.121197164,-0.31524464,-0.20904063,-0.14014834,-0.45160758,-0.4066024,-0.42415956,-0.43833637,-0.45284274,-0.38842678,-0.37137952,-0.27671856,-0.29122373,-0.25570044,-0.310271,-0.2361506,-0.266843,-0.08103109,-0.005722793,0.12994517,0.33261853,0.09378107,0.32575825,0.36584902,0.5723135,0.2594748,0.43014735,0.18813291,0.1721267,0.13366835,-0.20644765,-0.081423186,-0.13452734,0.14762546,-0.107721895,0.06564251,0.5050231,0.043206543,-0.012002239,0.21606784,0.37619135,0.37367257,0.0382465,0.06561505,-0.045918033,-0.11661187,-0.0787144,-0.120112315,-0.32080367,-0.3311213,-0.27683318,-0.102250755,-0.3925606,-0.32934868,-0.22427413,-0.31286794,-0.40114623,-0.25934723,-0.36482978,-0.40350628,-0.43260688,-0.4269266,-0.39766026,-0.28139353,-0.41424456,-0.423341,-0.44660592,-0.37455857,-0.325381,-0.38745236,-0.22873053,-0.270352,-0.28371,-0.2510354,-0.19574414,-0.14421654,-0.17054212,0.021402761,0.10217424,0.044027187,0.2740031,0.24826185,0.4035139,0.26971838,0.28341582,0.15862924,-0.14275627,-0.11771406,-0.10705594,-0.4454585,-0.4536951,-0.43859187,-0.42873627,-0.4413142
73,0.82432795,0.92015535,0.73941976,0.79888076,0.8052027,0.6888667,0.76622486,0.58848494,0.74304074,0.58915323,0.59202975,0.6023348,0.6995331,0.5380301,0.42594206,0.30185688,0.16429186,0.21634093,0.29124743,0.2006685,0.694462,0.7056391,0.35228387,0.67603624,0.7463025,0.7331652,0.765162,0.73899716,0.64347047,0.6329494,0.5905236,0.5540188,0.6721345,0.6112093,0.6399397,0.6956812,0.7328506,0.6910016,0.7413787,0.78995794,0.70120215,0.6823896,0.49373838,0.4524868,0.22590193,0.0082156295,0.121420294,0.13592774,0.27469286,0.23588525,0.027772307,0.3672824,0.4295923,0.39490977,0.6276596,0.6610773,0.53198737,0.7852313,0.52365875,0.59727925,0.8576783,0.7740597,0.8727001,0.9152731,0.9210454,0.80823076,0.8444764,0.8893309,1.0,0.90287757,0.93527484,0.9598231,0.92775893,0.89128774,0.90499395,0.9088236,0.7618568,0.67914283,0.6285243,0.41203573,0.39942947,0.29013884,0.17521507,0.12732747,-0.0746247,0.11417171,0.0067942347,0.04198847,0.005379428,0.08063458,-0.13197908,-0.17307836,-0.093892045,-0.05419853,0.2804697,0.4146959,0.51931256,0.5761081,0.7287211,0.6575797,0.57812357,0.8289724,0.806214,0.78378236,0.89084494,0.6832445,0.6466484,0.6282284,0.62260085,0.7073979,0.5278974,-0.045423802,-0.109090686,0.51368254,0.31959048,0.40514964,0.27567503,0.27631763,0.091670804,0.37679678,0.35311535,0.28282556,0.33109504,0.34549338,0.28426343,0.14172438,0.2897777,0.47723445,0.4388166,0.17160791,0.35441622,0.23225695,0.53042644,0.64522874,0.68175197,0.39903128,0.468249,0.33497623,0.33044952,0.09284304,0.07208792,0.15819314,0.09283659,0.11001368,-0.08114494,0.058850862,-0.047546834,0.20878342,0.1219643,0.2370154,0.1772341,0.2787085,0.33473146,0.15759204,0.28435358,0.26416647,0.19864616,0.2154299,0.051714577,-0.025233997,-0.12879165,-0.07895606,-0.18143451,-0.16836,-0.034398172,-0.2531761,-0.1281126,-0.03608893,-0.44770327,-0.44835827,-0.45856535,-0.4619212,-0.46120927,-0.42352334,-0.39744246,-0.29871333,-0.26732567,-0.22199866,-0.32664168,-0.25080606,-0.25191495,-0.0958102,-0.021787588,0.1574382,0.38311014,0.13611107,0.32291496,0.36337084,0.58197,0.23630339,0.41336876,0.17707264,0.13614517,0.09320755,-0.22752441,-0.12175189,-0.1689668,0.11719522,-0.12436976,0.040624104,0.5109773,0.036986828,-0.037382584,0.20944111,0.3992765,0.3961553,0.06953331,0.12507279,-0.033120487,-0.08895578,0.029941684,-0.12483647,-0.319484,-0.33766133,-0.27143234,-0.12285038,-0.4221352,-0.3527324,-0.25422862,-0.3373087,-0.42713583,-0.28987655,-0.39083472,-0.43659234,-0.46392244,-0.45767793,-0.42994484,-0.32558337,-0.37705854,-0.40706342,-0.4230677,-0.30242905,-0.2895914,-0.32401967,-0.16456783,-0.19395523,-0.20342463,-0.17821866,-0.1406905,-0.10658982,-0.10359474,0.09512781,0.2014885,0.09992393,0.35555595,0.33372086,0.47723278,0.31336713,0.38441154,0.20937553,-0.11012945,-0.07559283,-0.0883044,-0.47797132,-0.49738854,-0.48064604,-0.469424,-0.47133005
74,0.7447906,0.82613134,0.6595379,0.70587444,0.7080251,0.6125289,0.67438877,0.51824266,0.6522097,0.50908756,0.51186377,0.52408564,0.6191835,0.46316049,0.3581094,0.2629548,0.118015856,0.15849905,0.24581133,0.17985973,0.6015722,0.61357313,0.29131716,0.61465305,0.67649084,0.7228038,0.7514617,0.73096836,0.6179221,0.6245317,0.60262096,0.56364983,0.660266,0.5995417,0.62273836,0.6411527,0.6482444,0.6210325,0.65352994,0.700631,0.60981107,0.5941849,0.43018925,0.37702835,0.18805198,-0.033335295,0.11205292,0.07092005,0.21293867,0.17435673,0.0045722094,0.2854638,0.3545283,0.33256745,0.555835,0.5610121,0.4508195,0.68983364,0.4718966,0.51342696,0.75794923,0.6580545,0.77710265,0.81933767,0.8339954,0.7463111,0.7669772,0.8120942,0.90287757,1.0,0.8622618,0.87383425,0.8394886,0.8335304,0.82211834,0.83141166,0.6706852,0.6061211,0.538871,0.350186,0.35112143,0.3038503,0.13465,0.07921488,-0.063026816,0.07682908,-0.03841149,0.029212946,-0.034554772,0.05105506,-0.14419161,-0.17874518,-0.089261755,-0.03444295,0.24019249,0.36477044,0.44924724,0.50258094,0.6456554,0.5757018,0.5241231,0.7587145,0.7415863,0.7252063,0.80292886,0.6319449,0.6093506,0.5467339,0.56281996,0.6420411,0.48608428,-0.052592337,-0.10467091,0.45019776,0.27306053,0.36861163,0.25738397,0.2296073,0.060455162,0.3394361,0.3141009,0.25402874,0.29017588,0.30049482,0.26074752,0.12796998,0.2475035,0.4334773,0.3835572,0.14114736,0.31195948,0.221816,0.46918643,0.57021904,0.6003003,0.32744175,0.38470286,0.27226794,0.26839933,0.07951905,0.029769225,0.11254977,0.056645922,0.102667,-0.0906176,0.037818577,-0.06471813,0.18382785,0.10685637,0.1977153,0.14739396,0.23482467,0.29829744,0.13201128,0.2618975,0.24705423,0.19125417,0.20720106,0.05214812,-0.014759027,-0.12024635,-0.05189444,-0.16962592,-0.16478108,-0.064537115,-0.27004886,-0.1703569,-0.05534074,-0.44149217,-0.4265438,-0.4416999,-0.44405302,-0.43952167,-0.41929388,-0.38943362,-0.29934713,-0.2831462,-0.24023083,-0.32695,-0.25143704,-0.25705993,-0.11178918,-0.03501109,0.13370213,0.34724584,0.09764244,0.2950106,0.3366057,0.5586673,0.23201108,0.39524806,0.14971928,0.112647615,0.075018145,-0.22919238,-0.1366575,-0.18441318,0.0882794,-0.13995433,0.010704951,0.47298715,0.020387461,-0.055020433,0.18307787,0.37126115,0.3740823,0.0435012,0.088939704,-0.05821991,-0.1074572,0.0147081325,-0.1323921,-0.30349734,-0.31257468,-0.26786262,-0.12952833,-0.3759755,-0.34827837,-0.25100914,-0.34210128,-0.41170833,-0.27794495,-0.3843958,-0.42402875,-0.44844952,-0.4427413,-0.42420128,-0.30023637,-0.38615835,-0.4053898,-0.40223366,-0.32782528,-0.29578772,-0.34644622,-0.18873957,-0.2245951,-0.22904949,-0.20927289,-0.16406909,-0.101212144,-0.13637413,0.08542697,0.1604675,0.075768046,0.3291914,0.31150857,0.45598444,0.26772073,0.3338134,0.15814275,-0.09756203,-0.06325754,-0.037119366,-0.41613427,-0.4285751,-0.41367766,-0.40387863,-0.41032428
75,0.82441854,0.9018029,0.7497675,0.8129581,0.8066304,0.6873582,0.77956134,0.5952267,0.7515845,0.60837436,0.62080604,0.6295773,0.71405196,0.56562394,0.4599116,0.3218391,0.20034677,0.255584,0.31413722,0.20758396,0.6839804,0.68634564,0.34144944,0.6403331,0.7107645,0.6996944,0.74494743,0.7267296,0.64050347,0.6176294,0.5715341,0.5310509,0.6484143,0.59449637,0.5891123,0.64280206,0.689645,0.64461964,0.71573395,0.75503224,0.6783728,0.6673814,0.48641175,0.44871283,0.2304781,0.036498897,0.13271403,0.14574558,0.2873105,0.2446377,0.016143955,0.36996818,0.440032,0.38407296,0.62499183,0.66673,0.5447925,0.777728,0.5064345,0.6190206,0.8438279,0.7539708,0.8631214,0.89616567,0.8744454,0.7591066,0.77918977,0.8373315,0.93527484,0.8622618,1.0,0.94516975,0.91668487,0.862115,0.8731402,0.86496836,0.7385542,0.6409449,0.6034667,0.38202932,0.39757836,0.28113553,0.17665014,0.12535089,-0.06847396,0.10556511,0.009299867,0.04940811,-0.0010061795,0.07391755,-0.14961426,-0.18605503,-0.11741991,-0.076824486,0.2485095,0.3832684,0.50185454,0.5530464,0.6951209,0.6164696,0.55376005,0.7742632,0.7489984,0.73395586,0.8584416,0.6665385,0.62182516,0.6201441,0.62646896,0.69070333,0.49114886,-0.07533955,-0.13947,0.48093328,0.30023807,0.3711227,0.24048558,0.23172075,0.05080875,0.33580762,0.33550096,0.27148333,0.28589544,0.30391032,0.25418046,0.12739925,0.24361418,0.428374,0.39450687,0.13996828,0.30558267,0.2131422,0.4989335,0.6324506,0.67566156,0.39441842,0.47873488,0.3333285,0.3117321,0.06506644,0.07234193,0.15739109,0.07868886,0.11588762,-0.09034072,0.027992435,-0.06709454,0.17207456,0.08728517,0.19089201,0.13081908,0.23362342,0.2837225,0.12716526,0.24345428,0.22313389,0.1678761,0.18880866,0.026343362,-0.032595385,-0.12607734,-0.074670255,-0.18466763,-0.18242925,-0.026150947,-0.24316037,-0.12429055,-0.022215217,-0.44467828,-0.46149093,-0.4544277,-0.45345104,-0.44469836,-0.42761993,-0.40456784,-0.3076497,-0.25762144,-0.20927076,-0.32874763,-0.27078584,-0.24035318,-0.10652227,-0.05471858,0.13048992,0.38083506,0.14194198,0.28190213,0.31639996,0.54914653,0.20472077,0.37168398,0.13677104,0.092998944,0.051990103,-0.24861586,-0.14165562,-0.18736762,0.08572883,-0.12513262,0.038928807,0.48990265,0.040902086,-0.029780846,0.22834933,0.41010147,0.41033238,0.10640623,0.1627544,0.0047916877,-0.052236423,0.06416569,-0.09053324,-0.28112411,-0.30527413,-0.23842053,-0.11124454,-0.38809127,-0.34351203,-0.25322938,-0.33228663,-0.41071507,-0.2971654,-0.3889427,-0.4326777,-0.44930032,-0.4352249,-0.41426003,-0.29788232,-0.35022706,-0.3831078,-0.39750645,-0.27066234,-0.26231125,-0.29276627,-0.13470899,-0.1692107,-0.1736241,-0.14661877,-0.118350744,-0.090192825,-0.08034471,0.13510647,0.2290447,0.104832344,0.35814375,0.3505358,0.48286176,0.292651,0.37986034,0.22014138,-0.10670303,-0.06971025,-0.07548322,-0.46454248,-0.4820163,-0.46671355,-0.45675522,-0.45646423
76,0.8661263,0.9691384,0.8006068,0.8552939,0.85122925,0.74185306,0.82098746,0.62885046,0.7917486,0.6418343,0.64083314,0.65087944,0.74443364,0.5888487,0.4718487,0.34198937,0.20525749,0.26118553,0.32867104,0.22256696,0.74893486,0.7583869,0.3859344,0.71762013,0.793937,0.7790566,0.8099982,0.7765038,0.6729473,0.64773625,0.6068007,0.56431377,0.6897894,0.62631416,0.65921277,0.7361008,0.7791286,0.73963344,0.7799421,0.83885384,0.75293803,0.73824054,0.5332602,0.5017739,0.262777,0.04479461,0.14292715,0.1600497,0.31265026,0.26398775,0.042140577,0.39901453,0.4656403,0.4335307,0.6741558,0.7088623,0.57783854,0.83483166,0.56911814,0.64587873,0.9040832,0.79991496,0.91836697,0.95959985,0.94813,0.83040655,0.8552651,0.8850502,0.9598231,0.87383425,0.94516975,1.0,0.95952916,0.91658175,0.95009875,0.94683623,0.80248666,0.70946354,0.6621777,0.44503656,0.45659435,0.31518006,0.1940844,0.15901199,-0.052102234,0.15563923,0.043482263,0.07333595,0.035026044,0.116140105,-0.12922247,-0.17195939,-0.08485621,-0.046127986,0.30432364,0.44784728,0.5634725,0.62385887,0.76571023,0.6898456,0.6081903,0.8598107,0.83248,0.8125698,0.9293577,0.705824,0.66771686,0.6445297,0.647452,0.7287323,0.5490872,-0.046779107,-0.10178149,0.5397841,0.33569464,0.43098763,0.29869702,0.28439334,0.0835119,0.3911069,0.38372427,0.3057342,0.34915614,0.36325678,0.2969246,0.15012178,0.30472454,0.5017722,0.46471253,0.18643434,0.3777131,0.25849596,0.5719986,0.6935983,0.7324523,0.426165,0.51043993,0.37168586,0.36318824,0.089599855,0.093190305,0.17813247,0.10900037,0.13949035,-0.073194906,0.063416295,-0.043859057,0.22567473,0.12968764,0.23523718,0.17828333,0.28210312,0.33085677,0.14863446,0.28217775,0.27040634,0.2072247,0.22149576,0.05956938,-0.012474051,-0.124595284,-0.07682272,-0.17639636,-0.15820514,-0.043310896,-0.26046336,-0.14400135,-0.03170074,-0.4591983,-0.4602052,-0.46271712,-0.46660873,-0.46593356,-0.4284426,-0.40404156,-0.31492892,-0.27956632,-0.23289436,-0.33026004,-0.25694627,-0.25729263,-0.09004685,-0.020668743,0.16209242,0.3966728,0.14300643,0.33520722,0.3801553,0.60428935,0.25277802,0.43961722,0.18777522,0.14945556,0.102997504,-0.23631646,-0.113324374,-0.16278094,0.12865226,-0.12453963,0.06050998,0.532733,0.04803964,-0.020186713,0.22687219,0.4208544,0.417845,0.08111918,0.13094033,-0.022463491,-0.077734604,0.036817238,-0.109672174,-0.30648878,-0.33102095,-0.26142287,-0.105286166,-0.40983403,-0.34699845,-0.24337767,-0.3369016,-0.42711198,-0.28398412,-0.39317983,-0.44213587,-0.46535602,-0.4579063,-0.43821123,-0.31262782,-0.38238898,-0.41463506,-0.4237875,-0.31141102,-0.2999428,-0.3337538,-0.16846563,-0.19940726,-0.20841049,-0.18300474,-0.14055982,-0.10916778,-0.10661627,0.102563195,0.19965045,0.10480241,0.36177328,0.34258854,0.4890709,0.31256703,0.36990473,0.19157955,-0.13301902,-0.09798036,-0.092440344,-0.51398045,-0.52979696,-0.5136862,-0.5019999,-0.50723237
77,0.8472684,0.93057305,0.7707471,0.8471654,0.8458587,0.7237336,0.8173489,0.62639225,0.7902368,0.63594574,0.6550949,0.66737086,0.74405664,0.60491353,0.49651775,0.35851705,0.23293047,0.2927996,0.33069888,0.22375935,0.713359,0.70761085,0.35185373,0.6662126,0.72894144,0.7118129,0.76098454,0.7426582,0.65678483,0.6335028,0.58453834,0.5461583,0.65957046,0.59850514,0.6018082,0.65775114,0.7099628,0.6695787,0.7385953,0.7792046,0.7032818,0.7044664,0.5278113,0.48611024,0.2588468,0.07189383,0.15909293,0.1784751,0.33836043,0.29238886,0.013355827,0.4199826,0.48998797,0.42816126,0.6714977,0.71773875,0.5867241,0.82235616,0.5504497,0.6634829,0.8856372,0.78744084,0.90452194,0.93449444,0.8978841,0.786014,0.8005651,0.85045135,0.92775893,0.8394886,0.91668487,0.95952916,1.0,0.8779009,0.89571184,0.8848581,0.77347445,0.6509125,0.631963,0.4024637,0.43563452,0.29652068,0.1990153,0.15925717,-0.04966071,0.13094464,0.03361908,0.07600341,0.01638693,0.09309977,-0.14851078,-0.1837697,-0.122479275,-0.084354825,0.2674792,0.4135729,0.5467864,0.5948223,0.7323054,0.6471934,0.588081,0.7975259,0.7690546,0.75743216,0.8935888,0.69182986,0.64553106,0.6542436,0.65675837,0.72487664,0.5224194,-0.07135826,-0.13306488,0.50759494,0.31729352,0.3962388,0.2561264,0.23293447,0.03547518,0.32636172,0.3557727,0.2886288,0.27280673,0.29084527,0.24617356,0.12051928,0.23003499,0.42378992,0.38901412,0.13810855,0.29645625,0.21132024,0.50951874,0.65020955,0.70105064,0.42742902,0.50975424,0.3400174,0.3101794,0.06484172,0.06307901,0.16571005,0.06296669,0.115726165,-0.10422767,0.0061055142,-0.088276334,0.17223948,0.07053591,0.1802997,0.12773374,0.22041145,0.2670642,0.11446965,0.22193749,0.20831747,0.16024546,0.17530908,0.010924576,-0.034781575,-0.13541745,-0.08194792,-0.19460222,-0.19248426,-0.03670653,-0.2537527,-0.1335989,-0.026424846,-0.45480287,-0.48091516,-0.46639875,-0.46228534,-0.44957587,-0.43366197,-0.41320768,-0.31522825,-0.26366302,-0.22092521,-0.3341227,-0.2863843,-0.24903618,-0.10889007,-0.06760705,0.12325599,0.3865946,0.1474664,0.28727442,0.31233194,0.55951756,0.20910336,0.3731304,0.1265687,0.08388926,0.041123323,-0.2558143,-0.14286712,-0.18880786,0.08570662,-0.13300909,0.05453756,0.5068664,0.042512886,-0.0027554538,0.2530669,0.432007,0.43169054,0.12597746,0.17856324,0.031171009,-0.026344124,0.07724761,-0.06537117,-0.2673899,-0.2969901,-0.22610262,-0.08734985,-0.37523538,-0.33991015,-0.24129824,-0.3235658,-0.41323462,-0.30036977,-0.39505023,-0.4387301,-0.44503534,-0.42727292,-0.4108352,-0.27302596,-0.34741822,-0.3782159,-0.40009126,-0.26839682,-0.26468083,-0.28982425,-0.12469798,-0.16352643,-0.168369,-0.14243783,-0.11162767,-0.08851603,-0.07205812,0.14024068,0.2341363,0.11406278,0.366595,0.36129814,0.488683,0.29430172,0.3634582,0.2089399,-0.13303733,-0.0973548,-0.09782529,-0.48641783,-0.5038012,-0.48864657,-0.478329,-0.47855675
78,0.82635015,0.90394205,0.7458614,0.8014944,0.79120064,0.64390117,0.74958706,0.5741754,0.7104211,0.5706632,0.58436304,0.5907364,0.6848733,0.51826435,0.41277906,0.2969447,0.17297126,0.21101844,0.3093016,0.2494814,0.72628754,0.72844535,0.3665116,0.68667173,0.76780564,0.79424787,0.8709747,0.85553646,0.7919366,0.76892835,0.7124587,0.6763912,0.77559096,0.69270843,0.70458215,0.6970656,0.7324042,0.69610816,0.7560121,0.79181135,0.70292497,0.69169605,0.50119346,0.47283903,0.22292756,0.01541532,0.11320607,0.1340192,0.25657842,0.20159559,-0.010651599,0.32022843,0.3972624,0.38357955,0.58670074,0.62052226,0.5145783,0.74926263,0.4993339,0.57955915,0.8268944,0.7389124,0.8469481,0.8894111,0.8854183,0.7729441,0.8205869,0.8034146,0.89128774,0.8335304,0.862115,0.91658175,0.8779009,1.0,0.9053758,0.89137685,0.76225007,0.6321672,0.6020878,0.41036633,0.3970303,0.31471124,0.16871583,0.13297598,-0.057562537,0.12341021,0.02106493,0.07464311,0.01784973,0.100395955,-0.12659155,-0.16277537,-0.08727222,-0.05327852,0.26118863,0.39804408,0.5069421,0.56460017,0.7062007,0.645601,0.6203128,0.79136074,0.7617185,0.73952377,0.8547317,0.6612972,0.614018,0.6459617,0.63175887,0.7054627,0.49300933,-0.06717976,-0.12588653,0.4842172,0.2981368,0.37478003,0.25009966,0.23139536,0.049696844,0.34878772,0.3536442,0.2827496,0.31541303,0.33110586,0.27835092,0.13884147,0.27658015,0.4538346,0.4293939,0.14723289,0.3390333,0.24136779,0.55244905,0.68535703,0.7218249,0.43988734,0.5030896,0.36585385,0.34362704,0.098744005,0.09722724,0.18581052,0.11298556,0.14364557,-0.059025835,0.055580013,-0.03975509,0.21329887,0.12972079,0.22939576,0.16905157,0.28049484,0.32635584,0.1466903,0.26849774,0.27530083,0.22488795,0.21632779,0.07976533,0.009750925,-0.07207197,-0.02746679,-0.14425613,-0.19450808,-0.046633273,-0.24035916,-0.17534785,-0.039207876,-0.4067595,-0.45575503,-0.43802643,-0.4314884,-0.4197951,-0.43134746,-0.38222104,-0.2653996,-0.24826199,-0.20966356,-0.30246517,-0.24857822,-0.2144108,-0.07652998,-0.032285504,0.17899229,0.42160273,0.17841591,0.309816,0.3576431,0.5956473,0.18328053,0.39454392,0.15379672,0.099507205,0.04856652,-0.26126826,-0.1395856,-0.18122767,0.100531876,-0.12385227,0.06298696,0.5145538,0.073121406,0.013216886,0.2600564,0.4418263,0.43515295,0.13129674,0.17004195,0.020248568,-0.02186761,0.06683347,-0.062363822,-0.24890134,-0.2888046,-0.20936579,-0.0887273,-0.35972068,-0.32457522,-0.23147276,-0.3425382,-0.39540055,-0.28757262,-0.38045433,-0.42487442,-0.43687582,-0.41956064,-0.41752627,-0.24489935,-0.3376051,-0.34974357,-0.3729367,-0.28200385,-0.2796601,-0.29630765,-0.13069259,-0.16296047,-0.16168895,-0.13776828,-0.094084226,-0.06468997,-0.058594342,0.14902443,0.22849621,0.16160198,0.40662313,0.3943588,0.5204994,0.3365332,0.364251,0.20250495,-0.12577853,-0.08551757,-0.076735266,-0.5042997,-0.52148056,-0.5068224,-0.4959643,-0.49511367
79,0.837391,0.9525404,0.78396094,0.8155921,0.8105773,0.7241625,0.77357227,0.58885825,0.7439556,0.5999757,0.58181775,0.5901436,0.69926566,0.54037166,0.41480038,0.31860638,0.16638578,0.21858305,0.32219887,0.21540765,0.76352376,0.7925057,0.41517085,0.7457011,0.84473634,0.8209351,0.8255861,0.76937103,0.65925413,0.6204242,0.5908363,0.54828227,0.6811591,0.61492074,0.6966987,0.8012543,0.8356085,0.7975957,0.80479926,0.87769574,0.7865877,0.7553875,0.53209746,0.51706797,0.26369858,0.03077595,0.115287594,0.1518685,0.27444184,0.22178663,0.081181414,0.35722888,0.41278023,0.43260083,0.6334101,0.6586373,0.53904366,0.8026401,0.56614316,0.58982533,0.8712449,0.75641555,0.8722581,0.93067205,0.94525236,0.8314786,0.87634677,0.8381915,0.90499395,0.82211834,0.8731402,0.95009875,0.89571184,0.9053758,1.0,0.9658269,0.78796697,0.74258167,0.67204696,0.48704225,0.47879252,0.3134394,0.19475262,0.17146714,-0.035576154,0.19515516,0.069441006,0.08564667,0.07332819,0.15411569,-0.084042735,-0.1321919,-0.023631506,0.00461561,0.35063794,0.49016005,0.56934077,0.6390344,0.7674378,0.711774,0.60147446,0.88565654,0.85846734,0.8237951,0.9109383,0.6520901,0.634292,0.58039206,0.56959665,0.66789913,0.54766357,0.010293242,-0.02415559,0.565278,0.3516288,0.4632766,0.34417233,0.3432584,0.15560398,0.46031344,0.40785855,0.3202725,0.4376367,0.44746125,0.35616606,0.1907798,0.39571396,0.5729884,0.5453302,0.24464391,0.46937913,0.31022367,0.6329112,0.7222105,0.74102753,0.40963575,0.49317688,0.4079791,0.42756033,0.12251483,0.14605525,0.19363919,0.17572953,0.17146502,-0.015611208,0.14405076,0.024434604,0.28748465,0.20249526,0.2972857,0.23913866,0.35454234,0.40185755,0.1783359,0.35222712,0.35027316,0.27639672,0.28679276,0.1407674,0.035858613,-0.07292905,-0.041007064,-0.12642534,-0.083160214,-0.02109989,-0.2202518,-0.12684536,-0.021249415,-0.3959418,-0.37211078,-0.40040687,-0.41396844,-0.42730325,-0.36373386,-0.33909154,-0.28061983,-0.25502595,-0.21546952,-0.27604175,-0.17725405,-0.22820623,-0.03567962,0.059328314,0.22840756,0.39601094,0.1462305,0.38841632,0.45249486,0.6254535,0.3052176,0.500824,0.2667136,0.23993452,0.1870004,-0.18204786,-0.046520613,-0.09709841,0.19678071,-0.08773234,0.087809876,0.5432161,0.060854774,-0.015230554,0.19471855,0.38916758,0.38205883,0.036370236,0.07301612,-0.07064161,-0.11964143,-0.00011505465,-0.14158706,-0.31628063,-0.33379924,-0.26547498,-0.10109676,-0.40695995,-0.30687067,-0.20326068,-0.31104568,-0.39698285,-0.21704239,-0.34173506,-0.39604712,-0.43878007,-0.4463171,-0.42464662,-0.32396337,-0.3751781,-0.40772852,-0.40176424,-0.3210435,-0.30861628,-0.3435691,-0.19705452,-0.20412453,-0.2184046,-0.19608459,-0.14037292,-0.110623434,-0.11356507,0.05989267,0.15266427,0.11283514,0.34312826,0.30597696,0.4579185,0.33141407,0.34718254,0.14385054,-0.12954667,-0.101175845,-0.08880266,-0.54145837,-0.55298597,-0.53770155,-0.5249566,-0.53751385
80,0.791162,0.9430872,0.7536638,0.77101034,0.780961,0.71083677,0.7382231,0.5676294,0.7223536,0.58531976,0.5343334,0.54667723,0.67009324,0.5013295,0.36875245,0.29245323,0.119211145,0.17178386,0.29841712,0.1904474,0.74216604,0.7831629,0.40737605,0.74875116,0.85210156,0.8349196,0.81757516,0.7517895,0.6126786,0.5956069,0.57807404,0.5350627,0.66867775,0.6022027,0.7156945,0.8400675,0.8603095,0.8318298,0.7926798,0.89034885,0.7826974,0.7475824,0.5206325,0.4975903,0.25885028,-0.007963006,0.094953954,0.14511086,0.2596393,0.21664461,0.10183944,0.35955015,0.3960399,0.44314492,0.64700687,0.6513183,0.5122205,0.8078906,0.584035,0.56595236,0.87299424,0.7567529,0.868427,0.92914194,0.9696857,0.8684692,0.9061661,0.87164766,0.9088236,0.83141166,0.86496836,0.94683623,0.8848581,0.89137685,0.9658269,1.0,0.8010017,0.7675703,0.6882559,0.5055779,0.48100105,0.31917208,0.18839741,0.15433595,-0.03017431,0.20196638,0.06291344,0.070030995,0.074573584,0.15585667,-0.057310417,-0.11108157,0.0128738675,0.053164274,0.38772756,0.52086174,0.58284473,0.6563288,0.7954939,0.74803454,0.6010768,0.93477005,0.9123714,0.8828237,0.9332918,0.67864126,0.6695388,0.5764405,0.56597567,0.6859045,0.5948695,0.04614094,0.0006854182,0.5952494,0.37203637,0.50303936,0.39117047,0.39396444,0.1969561,0.50574976,0.4325919,0.3365705,0.47550416,0.48093116,0.38268307,0.20957012,0.4323608,0.61050045,0.57485986,0.2627845,0.5036547,0.3208662,0.63473195,0.6987142,0.711377,0.38471738,0.44445264,0.38084197,0.42406756,0.12448324,0.12858427,0.16711596,0.18243401,0.16051082,-0.014681402,0.16813344,0.03498679,0.3077238,0.22734438,0.31458896,0.26431996,0.3756327,0.42586297,0.19991334,0.36764285,0.36641273,0.2846231,0.2890782,0.138601,0.02811965,-0.093882576,-0.06225457,-0.13506831,-0.05918913,-0.047965854,-0.24890974,-0.14031842,-0.05471678,-0.41468307,-0.35960522,-0.4020452,-0.42132488,-0.44670048,-0.3593079,-0.33647826,-0.28285423,-0.2770045,-0.23817267,-0.28131923,-0.16758217,-0.250372,-0.03551197,0.080860995,0.22455159,0.36997557,0.11636411,0.40870234,0.47855368,0.63742894,0.3331051,0.5367546,0.29853523,0.28204405,0.23089626,-0.1643088,-0.025626259,-0.08054763,0.22227632,-0.08805736,0.090016834,0.55128807,0.05124548,-0.030321613,0.17322798,0.36745077,0.36143795,-0.009905622,0.020281142,-0.11514429,-0.17394198,-0.05967181,-0.17799643,-0.35367206,-0.36070982,-0.30204758,-0.1137843,-0.43388236,-0.3174724,-0.20598905,-0.31335554,-0.40647838,-0.2025929,-0.34039783,-0.3944302,-0.4475979,-0.45950037,-0.42880985,-0.3442319,-0.4170869,-0.44074103,-0.436721,-0.3722395,-0.34228206,-0.39140683,-0.24714753,-0.25428107,-0.27371585,-0.24703518,-0.18688183,-0.14152516,-0.16350244,0.00044516806,0.09587738,0.07511982,0.30101317,0.25544265,0.42482767,0.31392032,0.32640937,0.13426022,-0.14469105,-0.11837167,-0.104279295,-0.53121555,-0.5421166,-0.52501494,-0.5114702,-0.52860594
81,0.7155601,0.8331141,0.72551537,0.74651885,0.73396415,0.65004236,0.72223616,0.565222,0.6963549,0.58140576,0.5810209,0.5790707,0.64466715,0.54146373,0.4467131,0.33227172,0.23553686,0.29274753,0.30389178,0.21258117,0.6976574,0.7086283,0.38865158,0.6301279,0.70773566,0.64317644,0.66201556,0.61973757,0.55371886,0.518212,0.4680886,0.44132793,0.5558298,0.50591546,0.5474846,0.6499083,0.7269566,0.66236395,0.70309615,0.7769271,0.7023655,0.69062865,0.4944163,0.5122921,0.29278788,0.12825575,0.1525539,0.18656068,0.35312513,0.3082622,0.076296754,0.41304892,0.46369246,0.45756435,0.59948426,0.64937663,0.5228902,0.7438224,0.53235596,0.57026345,0.78323215,0.69529647,0.7761076,0.8113492,0.79648614,0.7065327,0.73676693,0.7021693,0.7618568,0.6706852,0.7385542,0.80248666,0.77347445,0.76225007,0.78796697,0.8010017,1.0,0.63546306,0.62191623,0.4242627,0.4599992,0.2597581,0.2253324,0.19468361,0.0020810391,0.18712541,0.113385074,0.114244305,0.09370973,0.14239004,-0.048504747,-0.081132405,-0.031243362,-0.0026700296,0.32238322,0.45692664,0.55701643,0.5991404,0.69224155,0.630541,0.5204448,0.7377009,0.7080881,0.6943247,0.7837054,0.5804025,0.5376199,0.5932777,0.56809103,0.6305028,0.48905918,0.02634368,-0.029189039,0.51788193,0.3168186,0.42350516,0.31035948,0.27115268,0.12039216,0.3550223,0.35892537,0.28875118,0.3434085,0.35702294,0.29180863,0.14880271,0.30097562,0.46321997,0.43852267,0.21045418,0.3516196,0.25169927,0.5164339,0.63476163,0.6701962,0.3932716,0.49340343,0.3803308,0.37190315,0.1170309,0.1348087,0.22248216,0.16147201,0.14946952,-0.0031304595,0.11015723,0.025520653,0.2356814,0.1529487,0.23514572,0.18589912,0.28263795,0.31006026,0.15857989,0.25122654,0.2598736,0.20670913,0.20197786,0.079572745,0.01197191,-0.07607525,-0.054539446,-0.10242426,-0.11315609,-0.010313075,-0.17349015,-0.037557583,0.010514362,-0.32781655,-0.35508913,-0.34355727,-0.33943155,-0.3382335,-0.29130343,-0.2802707,-0.21601729,-0.16455749,-0.13373005,-0.20677921,-0.1578581,-0.15707605,0.0017375698,0.042667124,0.19607206,0.3906579,0.18754657,0.33405972,0.33617687,0.51019573,0.19842578,0.36019897,0.19386837,0.1703978,0.12776124,-0.14425555,-0.026449654,-0.07853832,0.17601855,-0.046535652,0.13338736,0.48924866,0.10413671,0.0513978,0.23115636,0.3782155,0.36436027,0.10601531,0.13225208,0.028948592,-0.030328894,0.08316971,-0.034010395,-0.18493578,-0.22570473,-0.1468059,-0.013137474,-0.28522918,-0.21650073,-0.1129577,-0.2129035,-0.29498994,-0.17266314,-0.26518348,-0.3152857,-0.32800704,-0.32749143,-0.31489262,-0.20265311,-0.25224963,-0.28667676,-0.28943616,-0.19187889,-0.20856425,-0.21250033,-0.08662273,-0.089609616,-0.101331726,-0.0916582,-0.040947508,-0.058570404,-0.014524823,0.11886563,0.17969511,0.15922219,0.33014452,0.31730062,0.4348409,0.3182594,0.2894656,0.1327224,-0.14855073,-0.12209965,-0.13002732,-0.5079545,-0.52702445,-0.5136406,-0.50338376,-0.5031994
82,0.58478737,0.7288283,0.6167815,0.5638503,0.56329715,0.55805194,0.56070626,0.4437249,0.5352287,0.47672644,0.36960375,0.36334923,0.4595684,0.36470518,0.26843452,0.23321953,0.090974726,0.14719835,0.24898808,0.15409641,0.6418282,0.7062087,0.41867763,0.6750361,0.7440402,0.6627974,0.59578717,0.5278004,0.3861223,0.35950792,0.35367197,0.3158276,0.45560697,0.44021133,0.56149536,0.6871123,0.7391781,0.62946975,0.6119904,0.8152262,0.7180922,0.66564316,0.4512847,0.482382,0.26171896,0.043856144,0.12689072,0.16782106,0.25272924,0.20456429,0.2010287,0.30331808,0.30635676,0.46373287,0.50879705,0.49179578,0.38830662,0.62904,0.5122188,0.39062437,0.6622952,0.5514179,0.62759924,0.69930136,0.75206435,0.6921989,0.7125983,0.6511025,0.67914283,0.6061211,0.6409449,0.70946354,0.6509125,0.6321672,0.74258167,0.7675703,0.63546306,1.0,0.64367455,0.5314758,0.5014907,0.29501292,0.21950848,0.19856608,0.06267402,0.28977695,0.13970923,0.06361509,0.17588532,0.22035617,0.1322519,0.06416247,0.20432787,0.23178327,0.4938574,0.60069776,0.5685544,0.63171643,0.70771676,0.6879403,0.4424912,0.7730489,0.75059086,0.7270653,0.71564066,0.47406194,0.4959238,0.3994561,0.35138452,0.4863335,0.5251728,0.17209828,0.1399146,0.58922577,0.3920617,0.574573,0.51833963,0.5457333,0.40646037,0.61414623,0.4120883,0.29774335,0.6137393,0.6126301,0.4376063,0.3064983,0.5656508,0.6762547,0.66874504,0.34872946,0.6023663,0.37915772,0.62778634,0.6166943,0.59428006,0.28390062,0.35796055,0.41017118,0.4813712,0.18317775,0.23779486,0.22415721,0.31919903,0.24003918,0.13240379,0.33487073,0.19753663,0.3557258,0.3565814,0.38362467,0.36176044,0.464061,0.49280006,0.24902487,0.43459082,0.45861298,0.36189207,0.3499562,0.26683307,0.12043259,0.038126655,0.014847594,0.023456056,0.067838036,0.031772003,-0.082437836,-0.009162992,0.03262379,-0.19681206,-0.13002728,-0.1558899,-0.17588477,-0.22470549,-0.114242874,-0.07687119,-0.088062726,-0.10105074,-0.07915378,-0.04770567,0.08728126,-0.09168119,0.14976133,0.28501514,0.33018982,0.32422343,0.14830844,0.47177306,0.54628736,0.513026,0.38930932,0.54161304,0.42916653,0.44493845,0.3930063,0.07867016,0.17787336,0.1264447,0.37154824,0.0705671,0.1875876,0.4718385,0.114554524,0.027082244,0.09316071,0.24855782,0.24364728,-0.06973132,-0.06401375,-0.14545517,-0.16993432,-0.06899305,-0.14895009,-0.22201093,-0.17334136,-0.17347729,-0.036496636,-0.27929825,-0.09768352,-0.01824634,-0.11995661,-0.17566407,0.024817463,-0.08665902,-0.14560235,-0.22608036,-0.26200148,-0.22095236,-0.28790084,-0.24888737,-0.28315398,-0.24314216,-0.23884004,-0.24676524,-0.2598407,-0.18572538,-0.14076377,-0.18180089,-0.18490179,-0.07790578,-0.051089477,-0.09409772,-0.061510637,0.029990194,0.10569412,0.20663804,0.14314905,0.28965566,0.27525574,0.23605245,0.033561315,-0.09257986,-0.08104997,-0.08628995,-0.5477952,-0.55773365,-0.53883487,-0.5267668,-0.55117464
83,0.5781404,0.6852481,0.5606165,0.6121974,0.6315081,0.53559643,0.61706513,0.46336997,0.6217632,0.52756417,0.5016514,0.51883656,0.5425508,0.50877213,0.4359849,0.3468415,0.27171126,0.32931837,0.31555462,0.1356057,0.6289638,0.6356709,0.37491354,0.59358865,0.65288794,0.5299241,0.49452356,0.43925342,0.33974063,0.30355024,0.25019336,0.23132867,0.31820515,0.26121315,0.34686315,0.5652969,0.62929946,0.5780853,0.5475962,0.6970419,0.6458768,0.66630787,0.47531176,0.49604633,0.31200856,0.18043199,0.16685863,0.2786205,0.3799372,0.3327913,0.11472281,0.42348447,0.4533555,0.4662328,0.55833036,0.6126559,0.5045504,0.6725515,0.48402148,0.5176572,0.67572045,0.57384413,0.6565194,0.6897321,0.6902247,0.6170142,0.6559472,0.6013764,0.6285243,0.538871,0.6034667,0.6621777,0.631963,0.6020878,0.67204696,0.6882559,0.62191623,0.64367455,1.0,0.4386068,0.49588412,0.23674983,0.26845774,0.20821127,0.053752482,0.21573739,0.12275111,0.093257666,0.10739129,0.14641827,0.0047544683,-0.03165282,-0.017755447,0.031769555,0.32356888,0.46906045,0.5622644,0.5790231,0.6746416,0.58980083,0.40356708,0.67742217,0.65380913,0.63857555,0.6807252,0.46599156,0.46085054,0.46237394,0.44147664,0.5113704,0.48900607,0.13346362,0.101443075,0.5076636,0.35172367,0.41976407,0.30839166,0.3140959,0.19582921,0.38139206,0.3683646,0.29856023,0.36092195,0.38342786,0.29959255,0.18274108,0.31899884,0.46405295,0.4443174,0.20812608,0.36097848,0.28759816,0.49353957,0.56792706,0.5982158,0.39610228,0.45110866,0.36405706,0.35499814,0.10385356,0.13478011,0.17501116,0.1400423,0.19252367,-0.014958124,0.094353296,0.002795677,0.21864295,0.121633895,0.20965354,0.17342198,0.25527978,0.28533155,0.14444694,0.22753732,0.22360584,0.16932714,0.18522201,0.05286918,0.018405216,-0.0384967,-0.09078187,-0.08193471,-0.012891258,0.119787164,-0.061931167,0.1281583,0.07164861,-0.2509627,-0.24499704,-0.22786367,-0.2219771,-0.21843933,-0.15359677,-0.17660546,-0.14840697,-0.06562042,-0.046083484,-0.10973016,-0.07386746,-0.10007069,0.052102365,0.08594473,0.18795478,0.3003707,0.16115959,0.2962893,0.28040227,0.35943297,0.142105,0.3067504,0.19671515,0.20585981,0.15905327,-0.045955453,0.040649917,0.0058471095,0.1992834,0.018247515,0.14824617,0.38678342,0.101121716,0.061682373,0.19500962,0.29429078,0.28770036,0.08684059,0.1080067,0.036720537,-0.032169625,0.04457765,-0.022634521,-0.14820826,-0.16630992,-0.10426676,0.004335878,-0.21632378,-0.12147964,-0.06876392,-0.09592298,-0.16956079,-0.04136345,-0.14763229,-0.17996053,-0.18840887,-0.166881,-0.11424099,-0.16046992,-0.12070067,-0.156668,-0.19829956,-0.08277287,-0.076519944,-0.099490575,-0.007831585,-0.008805248,-0.030467926,-0.017682208,-0.004583947,-0.068236224,0.021922875,0.071376376,0.1195081,0.12741202,0.2356282,0.22501941,0.30979714,0.24674822,0.30508387,0.23707844,-0.117808096,-0.093833596,-0.16147262,-0.4841036,-0.50410056,-0.49840933,-0.488355,-0.48230878
84,0.3661577,0.47335672,0.43758285,0.39614895,0.3863444,0.4101644,0.42373788,0.31170133,0.41413337,0.39524922,0.32263523,0.30680993,0.3252169,0.3306083,0.30721036,0.25144368,0.1936955,0.2524061,0.28502065,0.17731245,0.5270652,0.5592434,0.3910155,0.49446464,0.549029,0.4703147,0.4047889,0.3285204,0.24136606,0.2790411,0.286951,0.27824858,0.35615763,0.35417572,0.42131692,0.5437063,0.57273096,0.51596886,0.41182676,0.5856044,0.5828301,0.58185595,0.3875809,0.5069512,0.30280256,0.2112022,0.20892571,0.25231513,0.3380393,0.2907959,0.19233267,0.33098194,0.34063518,0.4388585,0.38582504,0.4084249,0.35636333,0.46143124,0.40378413,0.3079507,0.45488575,0.37867078,0.40099117,0.46029642,0.47883254,0.43195894,0.45512718,0.41606224,0.41203573,0.350186,0.38202932,0.44503656,0.4024637,0.41036633,0.48704225,0.5055779,0.4242627,0.5314758,0.4386068,1.0,0.50725996,0.25219443,0.28092897,0.2818112,0.21868923,0.40084,0.2797529,0.17904101,0.2844591,0.31143612,0.23368174,0.17969897,0.27867785,0.27839354,0.4703442,0.54415494,0.5350415,0.55977327,0.5498532,0.5491413,0.33285207,0.51859725,0.4973104,0.4852394,0.45616812,0.27634203,0.320385,0.27549613,0.21831353,0.3012834,0.3524599,0.1922773,0.14931291,0.48296955,0.3372529,0.4848178,0.4635965,0.39171052,0.30256483,0.43240458,0.34890956,0.2515922,0.46345162,0.46787527,0.34786436,0.21732375,0.4360067,0.48594332,0.49573952,0.29565686,0.43294328,0.27530876,0.5008523,0.4946821,0.4784467,0.25223303,0.3527356,0.37674573,0.4148439,0.15914483,0.27703092,0.2744713,0.3154674,0.2365671,0.20050229,0.32975298,0.23127206,0.3021526,0.35590687,0.3409214,0.34574714,0.37150413,0.37223738,0.15676868,0.31394425,0.38009018,0.310965,0.26931158,0.2660861,0.16303445,0.10226484,0.062017534,0.13435014,0.12447969,-0.0017024442,-0.0029372005,-0.009405545,0.084562965,-0.05217912,-0.033203054,-0.01178975,-0.021106685,-0.054924093,0.026161453,0.04288708,0.034728367,-0.002223937,-0.0028038009,0.083733276,0.1500566,0.046304073,0.2267275,0.2800469,0.32488123,0.32792807,0.21590097,0.39661768,0.41838977,0.39909038,0.26845074,0.36399236,0.32861114,0.35164085,0.30635643,0.09586138,0.21664815,0.17802142,0.34913078,0.14706014,0.26318598,0.38648534,0.17386268,0.17448203,0.17213583,0.23113178,0.20940313,0.048086237,0.011283396,-0.00029281861,-0.024197131,0.032874115,0.038131684,0.016680356,-0.0018564421,0.0375893,0.15251566,-0.024740173,0.07756182,0.13584621,0.053050064,-0.008261632,0.13724242,0.050558437,0.0019863488,-0.027712507,-0.061053436,-0.07459326,-0.058922134,-0.047647752,-0.06467825,-0.008569047,-0.07487979,-0.12586044,-0.08889578,-0.04270579,0.00569472,-0.027900418,-0.050965954,0.06715704,0.04617611,0.03589252,0.033806574,0.043552913,0.18960819,0.20493415,0.1614123,0.24927826,0.27239314,0.08637428,-0.08475289,-0.08900954,-0.081691235,-0.07686772,-0.5069799,-0.5137754,-0.5083909,-0.500726,-0.5106131
85,0.4242711,0.504964,0.4276115,0.5103827,0.4897668,0.47122967,0.59251815,0.4330968,0.5747123,0.5447951,0.56034416,0.5485982,0.4685064,0.60619336,0.63829845,0.48009142,0.5494056,0.64664876,0.45109773,0.3545248,0.69616824,0.6712134,0.5598032,0.531912,0.58999854,0.444241,0.37820968,0.31011376,0.21814433,0.248602,0.24629019,0.23510492,0.28061324,0.25770268,0.2667601,0.46774802,0.5148183,0.48061642,0.42313117,0.6001726,0.70050097,0.795292,0.58871585,0.82654417,0.57329255,0.6374508,0.41185322,0.5829289,0.6684459,0.55592614,0.19983684,0.5575809,0.6037719,0.68328226,0.54971504,0.6039356,0.544999,0.5902011,0.50971764,0.45069137,0.5356818,0.4224092,0.47121814,0.5055254,0.4709435,0.4194186,0.41894427,0.39785427,0.39942947,0.35112143,0.39757836,0.45659435,0.43563452,0.3970303,0.47879252,0.48100105,0.4599992,0.5014907,0.49588412,0.50725996,1.0,0.36757386,0.5747462,0.6120358,0.52550095,0.69082355,0.58187854,0.40451172,0.5309178,0.5102088,0.37565076,0.3448227,0.31804082,0.2780138,0.63283914,0.71885496,0.7815964,0.7647418,0.64329165,0.5738975,0.34967574,0.48648348,0.45518437,0.4682827,0.48491558,0.2888723,0.3030797,0.34506977,0.3054125,0.35049796,0.36790305,0.2068048,0.13536878,0.54217726,0.4771861,0.5847796,0.54916364,0.42134568,0.32656026,0.41543385,0.49680454,0.3758335,0.43412468,0.4489816,0.2882851,0.19331422,0.39437562,0.45158952,0.48605266,0.31771225,0.38339624,0.28813046,0.567543,0.63066965,0.6488182,0.45360282,0.61552167,0.5595418,0.5410264,0.20318255,0.434516,0.44182253,0.38486087,0.41009742,0.28915006,0.31171757,0.26458946,0.22560419,0.3216468,0.34630015,0.37552628,0.35835934,0.3475637,0.11385613,0.27488148,0.3660146,0.30185413,0.27620733,0.27698258,0.23312831,0.17244278,0.092388496,0.11490688,0.23662455,0.1024814,0.12849061,0.10290795,0.20593853,0.04428039,-0.030361725,0.10823362,0.11937533,0.10248719,0.16675308,0.16239445,0.124806665,0.18071243,0.14598683,0.243211,0.2284833,0.19827309,0.3909718,0.34261018,0.41375425,0.48294863,0.4151828,0.45514593,0.40127206,0.38161355,0.21305256,0.3100889,0.25201932,0.33794704,0.285572,0.2278561,0.32140806,0.28436536,0.4360218,0.3126314,0.46048495,0.4539528,0.36230946,0.4080435,0.38859344,0.40698233,0.3605748,0.29257238,0.22940178,0.26610744,0.2035986,0.2126962,0.29552662,0.2538041,0.15809517,0.2868398,0.3250471,0.2066884,0.28042516,0.308766,0.2644572,0.19087942,0.22860521,0.19633628,0.16704223,0.19549593,0.18286908,0.14095998,0.17992775,0.16885,0.15701133,0.15658768,0.16217898,0.08835547,0.13945873,0.1843805,0.24172284,0.20234734,0.16660747,0.2979915,0.19140854,0.26885688,0.20762977,0.20946494,0.38636246,0.33149087,0.31676376,0.36562487,0.34419784,0.13570566,0.018804273,-0.10711679,-0.08945509,-0.10750687,-0.7265574,-0.7213019,-0.72463965,-0.721319,-0.72874886
86,0.25035214,0.30988863,0.24902813,0.27359423,0.2509021,0.28153202,0.29709253,0.24028866,0.26991534,0.24568415,0.22144021,0.22504145,0.24690613,0.21872145,0.20596609,0.16193335,0.15098132,0.17432632,0.15763776,0.19890778,0.34250113,0.35133,0.27295148,0.30567977,0.3400713,0.32535633,0.35396805,0.35730445,0.31570834,0.30880603,0.31994706,0.29417476,0.33183357,0.31843892,0.30430707,0.2560091,0.2635805,0.24869175,0.26722872,0.35263848,0.36606458,0.40233377,0.31360713,0.40665922,0.19092764,0.15900019,0.11835583,0.19002798,0.20658119,0.15027161,0.043173164,0.17072615,0.20604159,0.3177449,0.2560613,0.25577134,0.2303491,0.30460024,0.25421414,0.20142443,0.31176355,0.2537967,0.28619105,0.31875944,0.3124862,0.2850203,0.26983446,0.30143484,0.29013884,0.3038503,0.28113553,0.31518006,0.29652068,0.31471124,0.3134394,0.31917208,0.2597581,0.29501292,0.23674983,0.25219443,0.36757386,1.0,0.25955093,0.22910258,0.21684098,0.2832754,0.2118031,0.1321079,0.22075713,0.22663619,0.21491012,0.19361407,0.21195208,0.19633266,0.32883638,0.39106238,0.38063523,0.40274912,0.36674663,0.37174562,0.29138058,0.3104663,0.29247582,0.29881513,0.31682652,0.21297997,0.22901495,0.25689015,0.19315977,0.26610324,0.23450316,0.10232011,0.04202952,0.31970093,0.230977,0.33773893,0.32530507,0.28560132,0.21367311,0.3082385,0.26885054,0.19898267,0.28225046,0.28742313,0.20642029,0.13352302,0.26566073,0.27731186,0.2953088,0.14028752,0.23728357,0.108121514,0.30588928,0.32000318,0.31773278,0.19142854,0.25728986,0.25999874,0.28282985,0.12279488,0.17747143,0.17004324,0.21273042,0.1849587,0.16559643,0.19174577,0.15352236,0.16145921,0.1980906,0.20203541,0.20326321,0.23362345,0.2525922,0.09725044,0.21891576,0.27243847,0.21334623,0.19685034,0.20893843,0.17184891,0.12373471,0.11275608,0.056950234,-0.008226974,0.036296017,0.03050781,-0.05653912,0.05621301,0.00034778527,-0.046583053,0.01124664,0.019326286,0.013451994,-0.024484446,0.043743886,0.06425119,0.052199576,0.0370677,0.076862,0.10398474,0.069109924,0.18362087,0.18446144,0.25306034,0.2756366,0.2298099,0.26436892,0.26195914,0.29717487,0.15292707,0.23148416,0.17013873,0.1838214,0.14827098,0.068597935,0.119275026,0.10225354,0.21584015,0.12120864,0.19548121,0.26898387,0.15012349,0.1717137,0.188196,0.2414947,0.21198054,0.1326303,0.11695747,0.08597917,0.07317417,0.08059607,0.077811845,0.05608494,0.035664022,0.086215176,0.08053383,0.020418627,0.0737854,0.09410126,0.021200351,0.03925448,0.035337202,0.048715055,0.031613026,0.015258215,-0.0015014432,-0.053173136,-0.010305286,0.004084413,0.0048526125,0.0075985105,-0.000870864,-0.033697665,-0.013746726,0.061504267,0.062189654,0.045691747,0.035996843,0.11732181,0.07946089,0.10401887,0.09692472,0.12798385,0.21454881,0.21815214,0.20635803,0.25689784,0.1923365,0.10367924,-0.0028723767,-0.004297383,0.011461952,0.055008955,-0.392159,-0.38761204,-0.3840624,-0.38278073,-0.3896809
87,0.19502605,0.22626765,0.16494234,0.26457036,0.2614668,0.22824156,0.33970055,0.22604978,0.33974168,0.34085205,0.3725102,0.370192,0.27624223,0.41908443,0.47100106,0.35581475,0.42966354,0.5074645,0.27479672,0.2556465,0.39048484,0.34074688,0.331957,0.23032954,0.2572765,0.13117418,0.123261064,0.105576776,0.09975534,0.12665902,0.10879913,0.113411784,0.10946812,0.089802414,0.05900104,0.14400598,0.19270551,0.17217766,0.17292143,0.27780485,0.36945105,0.47580773,0.37869027,0.55573404,0.41216445,0.51908267,0.36208758,0.53072685,0.565197,0.49147546,0.14516163,0.46787527,0.47834754,0.5413663,0.37405187,0.4194903,0.37289956,0.35932216,0.33427843,0.29351008,0.29664883,0.2598244,0.24468781,0.24909632,0.19891599,0.17799766,0.15901563,0.18657224,0.17521507,0.13465,0.17665014,0.1940844,0.1990153,0.16871583,0.19475262,0.18839741,0.2253324,0.21950848,0.26845774,0.28092897,0.5747462,0.25955093,1.0,0.43574777,0.388882,0.46267736,0.4193658,0.3138595,0.37384784,0.3390574,0.29920128,0.28136796,0.19238546,0.18653055,0.41488186,0.49939728,0.57633746,0.5250165,0.4204534,0.35073203,0.1907892,0.2134292,0.1924695,0.22145095,0.2324602,0.14357391,0.13705926,0.26575002,0.20805322,0.22633679,0.23523837,0.19748083,0.11517508,0.3578974,0.3545973,0.39196643,0.35734168,0.2625353,0.20346458,0.23547284,0.33051232,0.2678876,0.18729098,0.20019019,0.1315252,0.10120257,0.15851343,0.16823217,0.19365624,0.1150278,0.11945083,0.109542936,0.2586622,0.30945328,0.3502181,0.30728564,0.39497298,0.3228291,0.29380333,0.09997225,0.27387846,0.28599623,0.21027723,0.24335147,0.17025653,0.14417206,0.12480328,0.08004277,0.13915962,0.15631437,0.18507878,0.16789614,0.15107839,0.053620305,0.08432905,0.15966967,0.13979118,0.09568977,0.1316524,0.16434322,0.13627513,0.06844164,0.08341494,0.11395824,0.10873244,0.15001312,0.13524663,0.16479516,0.11079942,0.00051755854,0.14226237,0.1658316,0.17010549,0.17957646,0.17573869,0.16034822,0.22507133,0.18781954,0.23968175,0.17487733,0.21858092,0.31342635,0.22548358,0.26392743,0.33424652,0.3392409,0.2583249,0.16983318,0.15041578,0.03233045,0.078868754,0.07439948,0.15371336,0.13153791,0.18971244,0.23132916,0.21435255,0.2777062,0.26525584,0.36029068,0.2466774,0.2884036,0.3553414,0.32796696,0.2891958,0.25008604,0.30717796,0.2567227,0.31433678,0.26375365,0.19233891,0.32366437,0.29402232,0.21470593,0.31687325,0.29224563,0.26476696,0.28651732,0.2784468,0.26641017,0.23935461,0.20462196,0.21585673,0.21165125,0.2562184,0.2612778,0.21634616,0.25192237,0.24551602,0.24595372,0.21009313,0.24204272,0.1832658,0.2265765,0.26240307,0.2822312,0.25480956,0.2322813,0.31730375,0.18551208,0.2937482,0.21090403,0.18742678,0.32336012,0.23707043,0.24552345,0.23448692,0.22831164,0.08733929,0.07862467,-0.043080524,-0.028148307,-0.068433106,-0.48903906,-0.48739332,-0.49527755,-0.49710283,-0.4891212
88,0.1996038,0.2006051,0.18014497,0.27383506,0.24701582,0.22552633,0.33738032,0.2352619,0.32488555,0.28646046,0.37591046,0.36227173,0.2613891,0.40545774,0.5008975,0.33990142,0.5335568,0.58479476,0.33694622,0.42182133,0.47311527,0.43324295,0.44520485,0.26523817,0.3103565,0.13829301,0.10818986,0.07933505,0.08987908,0.08413594,0.0829394,0.08053022,0.096789,0.09348664,0.05630545,0.15930723,0.21589646,0.1939695,0.1984626,0.300549,0.441088,0.53600425,0.4188982,0.6391183,0.4314251,0.6730826,0.32365203,0.4977385,0.5268839,0.42040303,0.13818845,0.37531957,0.43257046,0.46598655,0.26225972,0.33479923,0.33957425,0.2761406,0.25797954,0.24251382,0.2239702,0.17879957,0.18137617,0.19590291,0.15173925,0.10672067,0.10727873,0.12602735,0.12732747,0.07921488,0.12535089,0.15901199,0.15925717,0.13297598,0.17146714,0.15433595,0.19468361,0.19856608,0.20821127,0.2818112,0.6120358,0.22910258,0.43574777,1.0,0.5299224,0.6424686,0.6481808,0.4406078,0.56463563,0.48958606,0.38057107,0.3856198,0.27397627,0.18536931,0.44406977,0.48051152,0.52604616,0.49013215,0.33917955,0.2987389,0.16162215,0.13859515,0.11223263,0.11790998,0.16577177,0.026607348,0.024981843,0.14192255,0.097486965,0.09014792,0.11388165,0.16433264,0.13415462,0.31097695,0.3089078,0.32970887,0.31483766,0.22043319,0.2304535,0.18726678,0.31397718,0.2439587,0.26750523,0.29064482,0.15098348,0.16451624,0.25387037,0.23280224,0.2997496,0.22995412,0.22199297,0.19738849,0.3875106,0.43984398,0.4425238,0.32836628,0.4973202,0.4993498,0.45683005,0.17600854,0.46896297,0.4517851,0.3819681,0.3003786,0.33285865,0.2696798,0.28405035,0.14648484,0.22335882,0.2272027,0.2708978,0.23001367,0.20444407,0.048187856,0.1512592,0.23959076,0.20021468,0.1643312,0.25037694,0.23746689,0.22303723,0.14524323,0.15677598,0.25732663,0.17004512,0.2555133,0.17302659,0.24306972,0.22533679,0.118909046,0.26605564,0.27956662,0.2693612,0.28247577,0.2836551,0.23573112,0.29123396,0.24334693,0.3439677,0.29124302,0.30685624,0.40004048,0.31437474,0.3473592,0.35280168,0.39208043,0.3011461,0.2301347,0.13758679,0.08261144,0.10492291,0.13449107,0.22502784,0.18810077,0.28506532,0.32665962,0.31567964,0.34218213,0.34174636,0.4144332,0.24507867,0.3377157,0.39980012,0.3178718,0.28343657,0.23899563,0.3028504,0.24568112,0.30769694,0.3220649,0.26518047,0.3504785,0.36811784,0.26368862,0.3902477,0.37045038,0.33966893,0.39054248,0.3910998,0.35959402,0.32976443,0.27402833,0.30648854,0.29621118,0.3367492,0.32127115,0.2691335,0.29520398,0.34041816,0.32734793,0.32184458,0.32719883,0.22058314,0.31403914,0.268391,0.35741046,0.3292609,0.27237195,0.37825114,0.26240745,0.347135,0.21552934,0.20619826,0.36227283,0.22959973,0.23950838,0.21094324,0.24688941,0.05018671,0.011246419,-0.035799503,-0.029685574,-0.065526456,-0.5559408,-0.5452782,-0.5525203,-0.555909,-0.55794543
89,-0.04617523,-0.026314845,-0.050935425,0.011089648,0.009685373,0.05715195,0.096711956,0.07858337,0.1103263,0.13385741,0.14745092,0.14198042,0.031343374,0.21271822,0.30503565,0.21170242,0.331718,0.39920008,0.16131015,0.31957656,0.21014315,0.19094235,0.31218943,0.08480625,0.11235178,0.019001722,-0.021233507,-0.043370977,-0.05497488,0.0036902495,0.04586451,0.04490814,0.016515477,0.022845479,-0.007343873,0.037486088,0.029097153,0.039170757,-0.021320751,0.09645733,0.21737851,0.3072212,0.23389414,0.47422844,0.34388816,0.5508442,0.26492742,0.453546,0.4148191,0.3458576,0.13456187,0.27538338,0.2855866,0.39864278,0.15010275,0.15618114,0.14982529,0.091577135,0.15556392,0.05157637,0.01994815,-0.015995996,-0.034931075,-0.018530507,-0.03678107,-0.028574478,-0.05205663,-0.03504024,-0.0746247,-0.063026816,-0.06847396,-0.052102234,-0.04966071,-0.057562537,-0.035576154,-0.03017431,0.0020810391,0.06267402,0.053752482,0.21868923,0.52550095,0.21684098,0.388882,0.5299224,1.0,0.6036998,0.57369125,0.31704867,0.55165476,0.4625373,0.58155626,0.6091447,0.46322682,0.37266073,0.48886853,0.44332936,0.41305077,0.37556556,0.19360237,0.21070355,0.05223141,0.0042287065,-0.0073627355,0.017262926,-0.015580181,-0.062610514,-0.052230865,-0.007620091,-0.052121855,-0.029362082,0.053563874,0.198463,0.14233585,0.23691863,0.266816,0.34485096,0.3903101,0.24507761,0.28298166,0.17236364,0.27182317,0.19165923,0.2327026,0.2449463,0.10928697,0.1627973,0.23693809,0.15023704,0.21233833,0.19626157,0.15427586,0.09954398,0.21374598,0.18359354,0.17128119,0.1313318,0.25635108,0.3026103,0.31837294,0.1645762,0.38275436,0.33040863,0.35216185,0.26496422,0.3601173,0.31855023,0.32155094,0.12734692,0.29314274,0.21056262,0.28803787,0.20677292,0.17419344,0.03481269,0.11071923,0.22512247,0.20011808,0.13818866,0.26010987,0.225658,0.24677521,0.17799076,0.19755286,0.28977093,0.08682001,0.25021526,0.10491747,0.18641286,0.30138412,0.22894944,0.35737357,0.37200534,0.35655618,0.36557773,0.37154225,0.33109218,0.31073204,0.24877815,0.40664524,0.35896417,0.345239,0.41698477,0.3395488,0.31322455,0.24614021,0.31520572,0.26467907,0.19549121,0.0664036,0.10306287,0.08461391,0.11672329,0.24733514,0.22225338,0.3434613,0.36313877,0.36274198,0.34536785,0.36455908,0.4095358,0.15977608,0.32219282,0.4098523,0.25977948,0.1798465,0.14141408,0.23290448,0.14144377,0.25770754,0.22628364,0.15389657,0.34186453,0.4048981,0.32910007,0.40985712,0.3814186,0.40899864,0.45138088,0.42748088,0.40857732,0.41083482,0.3325251,0.38519067,0.39247748,0.4222048,0.3948347,0.328572,0.3484525,0.34162942,0.35530037,0.37162817,0.2867438,0.21184917,0.27852467,0.20504367,0.2924529,0.26205882,0.21098526,0.33386204,0.24591391,0.28097686,0.12973411,0.06457707,0.29347828,0.09471925,0.10001968,0.0811341,0.13347897,-0.12603272,-0.124442115,-0.030151512,-0.031171944,-0.035999697,-0.43117723,-0.40928224,-0.4190991,-0.42331225,-0.43510154
90,0.14889236,0.19712326,0.1882139,0.21207905,0.18929611,0.23592469,0.28979447,0.22051048,0.25373998,0.28274664,0.27005538,0.2307268,0.17170538,0.3042178,0.37354183,0.26356548,0.37724435,0.44526157,0.28182358,0.33472508,0.46921396,0.47755003,0.4959752,0.33006656,0.38297588,0.25330037,0.16521697,0.092958584,0.053462237,0.07903583,0.12437882,0.11874741,0.13973702,0.14798993,0.17445132,0.28987598,0.30984083,0.28057998,0.20071608,0.36757615,0.48533002,0.54475117,0.38129318,0.66773814,0.44481468,0.57206815,0.28223962,0.50660187,0.46506333,0.37293476,0.20812134,0.32636303,0.35141724,0.4958749,0.23944847,0.26929995,0.27764207,0.24852228,0.28456825,0.14964588,0.21022546,0.14980473,0.14046289,0.18521312,0.1770292,0.1505209,0.1503061,0.14832714,0.11417171,0.07682908,0.10556511,0.15563923,0.13094464,0.12341021,0.19515516,0.20196638,0.18712541,0.28977695,0.21573739,0.40084,0.69082355,0.2832754,0.46267736,0.6424686,0.6036998,1.0,0.8745883,0.57988256,0.8495277,0.8192949,0.5977941,0.552164,0.5894007,0.44377252,0.6772109,0.6086039,0.5687599,0.55467296,0.39101708,0.39831433,0.23940435,0.22073364,0.19547445,0.19818053,0.18376915,0.015715953,0.047149427,0.09005337,0.025599593,0.060050312,0.16358633,0.2787716,0.20800437,0.3772238,0.3556176,0.49069425,0.55621606,0.45684093,0.44171914,0.40544635,0.46392196,0.34018746,0.47935608,0.47133055,0.28645837,0.21819296,0.46591702,0.40117493,0.4752093,0.4562347,0.43101752,0.26635185,0.5116786,0.46479073,0.4219192,0.25156945,0.43875256,0.5287231,0.57324487,0.26021206,0.5879186,0.4685843,0.5484866,0.424613,0.52775294,0.543609,0.5197845,0.30267665,0.514106,0.47149664,0.5422452,0.4503104,0.43073252,0.14193714,0.36019048,0.45927408,0.374826,0.35420942,0.4263808,0.36333936,0.33456394,0.22385591,0.27126092,0.3909223,0.14839418,0.28265402,0.114008695,0.23055658,0.3017987,0.245915,0.36813205,0.3685154,0.3282446,0.38534138,0.40586537,0.32373792,0.33668223,0.2739343,0.46011916,0.44854105,0.37250578,0.54758805,0.49770144,0.5145315,0.43919843,0.46071306,0.48311993,0.44748032,0.29531634,0.26655972,0.30400285,0.33826578,0.4278951,0.37433362,0.37372485,0.46656883,0.44321465,0.5316413,0.45634207,0.5347204,0.36727405,0.42592308,0.48354962,0.3431723,0.30894053,0.25072002,0.28530464,0.18163043,0.26946843,0.22640923,0.18782562,0.3576869,0.40432045,0.31450918,0.42981982,0.43165985,0.37700275,0.4843595,0.47824025,0.43152234,0.39624703,0.38698077,0.4152458,0.3997202,0.40132964,0.33964032,0.26666668,0.28977188,0.30959538,0.31296822,0.33035734,0.26774573,0.18462126,0.24699093,0.20473737,0.32009122,0.2730918,0.22338821,0.39767173,0.25973308,0.32945234,0.15332524,0.14308658,0.4325848,0.2509716,0.21491711,0.23959751,0.3219625,0.012956986,-0.1234074,-0.0037916366,-0.0071506905,-0.016275113,-0.6731175,-0.6422892,-0.6522153,-0.65470797,-0.67869735
91,0.081192926,0.08423662,0.10390268,0.15041253,0.12796167,0.15902811,0.22195645,0.17925057,0.17821644,0.21692401,0.25498208,0.20729932,0.12179579,0.27218297,0.36738884,0.24742424,0.42275566,0.4686084,0.24622165,0.39125523,0.3954231,0.38463804,0.4656557,0.21859907,0.26556817,0.10618504,0.045895234,0.00058034575,0.002777361,0.0034076003,0.034969572,0.0326497,0.040707022,0.054264072,0.02424582,0.13540749,0.16596398,0.14412561,0.11318478,0.23865597,0.37748343,0.44552484,0.3221595,0.59380645,0.4022934,0.61484677,0.24544574,0.47297108,0.42746216,0.33446044,0.14196046,0.27285254,0.3043184,0.38807815,0.14896317,0.19452408,0.22113568,0.14481072,0.17519474,0.104509905,0.1016852,0.06239529,0.044691667,0.074156456,0.048883464,0.023844361,0.018627198,0.032705035,0.0067942347,-0.03841149,0.009299867,0.043482263,0.03361908,0.02106493,0.069441006,0.06291344,0.113385074,0.13970923,0.12275111,0.2797529,0.58187854,0.2118031,0.4193658,0.6481808,0.57369125,0.8745883,1.0,0.64862835,0.8926619,0.77275974,0.52086204,0.5397622,0.44161597,0.24642766,0.49530533,0.42310435,0.44663283,0.4145368,0.25160822,0.26392686,0.08456898,0.0676556,0.04633661,0.04780505,0.05662291,-0.07191545,-0.054702375,0.031421322,-0.0044493736,-0.027812494,0.048504766,0.20241214,0.17277671,0.23599897,0.2539053,0.3080324,0.36077884,0.29040915,0.33196884,0.23653345,0.36789677,0.27639645,0.366174,0.369606,0.18663473,0.20640306,0.36992863,0.2979791,0.3819936,0.38248923,0.34103838,0.22982773,0.4354681,0.40146586,0.36100674,0.24335814,0.42699113,0.5281085,0.5761712,0.24530225,0.60973305,0.49025387,0.56487703,0.37740037,0.55805117,0.45979124,0.5024297,0.24013394,0.38817787,0.3625319,0.41134822,0.3424728,0.30860242,0.069444776,0.2515016,0.3547399,0.2811043,0.2511262,0.3717582,0.3001256,0.29679707,0.19246031,0.25590324,0.37528226,0.16117573,0.31290522,0.18223093,0.26216304,0.32641557,0.24024591,0.3942291,0.39252055,0.35938334,0.4024887,0.41455454,0.3203662,0.3731425,0.3108051,0.46761423,0.42693222,0.3888355,0.51139593,0.43782082,0.44139716,0.36059627,0.42204502,0.37535235,0.31122816,0.14602095,0.14024681,0.15796879,0.24352281,0.33909634,0.2992971,0.38209668,0.43863106,0.42519146,0.4487315,0.4460602,0.48242536,0.24457936,0.3876713,0.45482415,0.30137992,0.22815074,0.17287661,0.28031346,0.18943167,0.2855015,0.2503809,0.20682329,0.35930443,0.42198712,0.32603905,0.4470942,0.41079482,0.40436247,0.49678674,0.4792917,0.45025286,0.41785377,0.37620202,0.42239568,0.41423368,0.43455276,0.38458756,0.317515,0.32858732,0.37601134,0.3756538,0.3683356,0.33862844,0.24794193,0.32170683,0.2569107,0.37496614,0.33249038,0.27839094,0.42465922,0.26802814,0.3675757,0.16918123,0.13660866,0.40319392,0.19829078,0.18370527,0.16398457,0.25727436,-0.014473889,-0.090039715,0.0041940054,-0.0024410207,-0.036504317,-0.56745076,-0.54555136,-0.5552604,-0.5607435,-0.57138705
92,0.13297276,0.10476009,0.124630645,0.19139849,0.15814807,0.15785667,0.22537081,0.17516255,0.18754202,0.19644518,0.26231256,0.22873686,0.15669537,0.25033587,0.32987753,0.2378268,0.36065817,0.39503178,0.21413392,0.31189075,0.33222687,0.3022003,0.34454992,0.1761441,0.19927356,0.10118609,0.080360785,0.05304782,0.05980765,0.06346458,0.07606653,0.07383286,0.07652451,0.076560974,0.0326299,0.10161011,0.12674098,0.12161778,0.121167466,0.17543066,0.28329712,0.3412731,0.26812732,0.4361792,0.2913569,0.4626987,0.19922085,0.29285684,0.3278605,0.2611461,0.08999559,0.2177839,0.25280848,0.25974822,0.13457963,0.18233033,0.1904096,0.1411623,0.12366715,0.13960871,0.117692076,0.07533447,0.08825123,0.09669542,0.061231248,0.040048145,0.036940526,0.05596291,0.04198847,0.029212946,0.04940811,0.07333595,0.07600341,0.07464311,0.08564667,0.070030995,0.114244305,0.06361509,0.093257666,0.17904101,0.40451172,0.1321079,0.3138595,0.4406078,0.31704867,0.57988256,0.64862835,1.0,0.50588477,0.47927573,0.17154303,0.17947331,0.17432512,0.06692333,0.24308592,0.23495096,0.30018765,0.2728546,0.17733699,0.1685726,0.13420133,0.05458256,0.035863973,0.04037252,0.07421796,-0.023682417,-0.012572638,0.059353385,0.060418326,0.015878962,0.020136043,0.102705665,0.08415674,0.118677154,0.1459065,0.1512062,0.17227481,0.105896465,0.09599922,0.08080924,0.22519979,0.16703282,0.16746476,0.17448026,0.07835819,0.059414577,0.17295063,0.13884993,0.2106796,0.2506988,0.17674664,0.13665117,0.3105346,0.33209118,0.32599813,0.24137238,0.3900098,0.39147344,0.3899348,0.14935166,0.42727372,0.39173082,0.36385232,0.2596328,0.3466967,0.27011886,0.30751136,0.12902176,0.18845206,0.17623106,0.19540367,0.17622994,0.16108155,0.025819017,0.12517695,0.19182463,0.15561663,0.14562194,0.21527992,0.21206813,0.2019169,0.13372962,0.1451095,0.21062958,0.1344929,0.20360239,0.08173048,0.18226545,0.18742025,0.08164268,0.21158324,0.21848874,0.21222755,0.21723755,0.2137409,0.17512962,0.22625744,0.17974761,0.26427206,0.21317098,0.26040137,0.3057495,0.21220645,0.27514708,0.30322602,0.32813585,0.2128996,0.16390353,0.1271187,0.052672315,0.06705547,0.094578594,0.13298965,0.09561548,0.17472844,0.20976885,0.19752727,0.23567203,0.24652267,0.3086775,0.19503264,0.28139246,0.33719957,0.28168315,0.23652221,0.19742022,0.28171638,0.22099255,0.27823076,0.2532811,0.21790195,0.3180374,0.33513066,0.24730708,0.34740582,0.29858512,0.30442002,0.30594376,0.3127608,0.27837276,0.2507327,0.16804197,0.22880742,0.22848015,0.2701395,0.25151658,0.18952104,0.25385973,0.25926673,0.2592666,0.25161463,0.25093457,0.1842294,0.23756745,0.21863456,0.28621203,0.26235697,0.23108321,0.32542536,0.20860405,0.28991142,0.21527457,0.17307629,0.32850298,0.22703996,0.22747798,0.19755521,0.20768936,0.029055417,-0.04728153,0.010706471,0.010761911,0.0020454035,-0.40424106,-0.38915724,-0.3991827,-0.4040664,-0.4049149
93,0.04823883,0.071575426,0.07284948,0.091692664,0.08235096,0.13282585,0.15887113,0.13319577,0.11864066,0.1641349,0.15970354,0.11672958,0.06804887,0.18881033,0.2552369,0.18619558,0.300623,0.34233716,0.19962117,0.31700525,0.3460908,0.35784122,0.42287856,0.21539912,0.26612514,0.13409871,0.06896948,0.013878172,0.013588271,0.020006591,0.057080135,0.053637505,0.06121242,0.07080349,0.07294182,0.15945435,0.18308474,0.16052389,0.113979846,0.23935089,0.35209158,0.397842,0.27355108,0.52652276,0.35323682,0.49618533,0.18688706,0.4715829,0.33158422,0.25956947,0.13574743,0.2088981,0.2213748,0.34731677,0.11482892,0.13299826,0.16639654,0.11375604,0.14899105,0.04076434,0.08105589,0.043583997,0.021134144,0.05805517,0.055531412,0.037498277,0.034501296,0.035469763,0.005379428,-0.034554772,-0.0010061795,0.035026044,0.01638693,0.01784973,0.07332819,0.074573584,0.09370973,0.17588532,0.10739129,0.2844591,0.5309178,0.22075713,0.37384784,0.56463563,0.55165476,0.8495277,0.8926619,0.50588477,1.0,0.9119706,0.6523829,0.64575976,0.5681326,0.34128714,0.5662737,0.44368932,0.41162616,0.40059713,0.24727005,0.2897636,0.0798913,0.09781041,0.08091145,0.07746471,0.05997357,-0.07233224,-0.04238275,0.006191515,-0.044627808,-0.040801976,0.062613994,0.23995952,0.20245522,0.26351094,0.26401448,0.35112497,0.40908247,0.36121583,0.41393107,0.33082587,0.414619,0.31758192,0.43412614,0.42855486,0.24288197,0.2444895,0.43439856,0.34621018,0.42635226,0.38643885,0.38661224,0.24726085,0.42725706,0.35644397,0.30516985,0.1780855,0.3330598,0.4660838,0.5415588,0.2424847,0.5505575,0.413347,0.5461195,0.36308053,0.5340512,0.5147361,0.51956725,0.28319308,0.49251994,0.4574068,0.524222,0.42003033,0.39419866,0.1300697,0.32472497,0.42916998,0.3356467,0.30161482,0.41753098,0.30772227,0.3257892,0.2121046,0.2840497,0.37226263,0.13699819,0.29427108,0.1533114,0.23770449,0.32743916,0.27387524,0.41015464,0.39919317,0.34872487,0.40180373,0.43030494,0.3302901,0.34414336,0.28848866,0.4720946,0.46211454,0.37288874,0.5159351,0.48214406,0.4728398,0.33081,0.37880117,0.41019395,0.38078156,0.1699639,0.1890301,0.22536981,0.2974364,0.40243956,0.3620623,0.40174946,0.46347308,0.45068082,0.4817872,0.44184014,0.46254137,0.24756205,0.357724,0.41018233,0.2386189,0.17737225,0.1264934,0.1949287,0.1064543,0.19696194,0.16118312,0.13517602,0.28164425,0.35503498,0.2743965,0.37998098,0.37150934,0.35137543,0.47311056,0.44264427,0.41800287,0.4003975,0.39186534,0.42107558,0.40881565,0.40699357,0.3498191,0.28995275,0.28066602,0.32648945,0.3334853,0.33036378,0.27376142,0.19302152,0.26168308,0.19044286,0.31186914,0.2686008,0.22144054,0.36334008,0.23747815,0.30860835,0.09810938,0.05632169,0.3662307,0.16837656,0.1333017,0.13737854,0.24634266,-0.030074656,-0.10051801,-0.013457188,-0.019907888,-0.040705603,-0.5477823,-0.52017885,-0.5293461,-0.5332563,-0.553857
94,0.11657702,0.14877622,0.13997185,0.15788512,0.13885413,0.19665101,0.21393043,0.17221594,0.16602868,0.19524398,0.18458049,0.1456319,0.123019814,0.20308165,0.24679829,0.1819374,0.26005176,0.2979742,0.20354547,0.27776676,0.37377644,0.38484925,0.39793116,0.26250416,0.3097242,0.22106223,0.15753387,0.08922009,0.07502825,0.09396514,0.13189575,0.12938733,0.13560773,0.13290198,0.15457541,0.23948258,0.25748172,0.23595223,0.17824164,0.2880871,0.37809476,0.4161288,0.28490284,0.50434476,0.3378332,0.41030517,0.17508508,0.43054953,0.29987952,0.23115686,0.12454474,0.20283546,0.21626796,0.32088077,0.15228786,0.17233965,0.18994117,0.17272997,0.18344553,0.08352787,0.1518518,0.099525064,0.09523905,0.13385819,0.13261472,0.09911995,0.10801881,0.12385442,0.08063458,0.05105506,0.07391755,0.116140105,0.09309977,0.100395955,0.15411569,0.15585667,0.14239004,0.22035617,0.14641827,0.31143612,0.5102088,0.22663619,0.3390574,0.48958606,0.4625373,0.8192949,0.77275974,0.47927573,0.9119706,1.0,0.5406542,0.50278807,0.52703714,0.32628515,0.54684395,0.43272316,0.40058568,0.4092031,0.2866884,0.332963,0.18358243,0.17145418,0.15181047,0.14830008,0.13799848,-0.019220626,0.015293758,0.041282874,-0.0019387539,0.009799351,0.09713714,0.24155256,0.20805818,0.2724062,0.25115484,0.35458708,0.40012163,0.339005,0.34589732,0.35085708,0.4455085,0.34639242,0.4126107,0.3999437,0.25025502,0.20412949,0.40576482,0.33592236,0.4110152,0.40293592,0.3713294,0.2514224,0.44001976,0.3833265,0.34125564,0.19504312,0.3451946,0.43177366,0.49335024,0.24140956,0.49459723,0.36603394,0.48726764,0.33414483,0.46586284,0.5058911,0.48356518,0.29409263,0.494744,0.47039032,0.534861,0.4248041,0.41106352,0.15259522,0.33932522,0.42361596,0.32808888,0.3221889,0.38218516,0.30976912,0.3061338,0.21859176,0.24965096,0.3273284,0.101936586,0.22283931,0.06819519,0.17859757,0.2541094,0.20099038,0.31262687,0.30307302,0.26086155,0.30877563,0.3298671,0.26158717,0.2543316,0.20186171,0.37772572,0.3735076,0.31029898,0.4415977,0.41072112,0.44801596,0.35918373,0.3607823,0.3931272,0.38804194,0.2524273,0.21087238,0.26192412,0.28274447,0.3493132,0.30364376,0.2983079,0.3696293,0.35214835,0.4240044,0.36413807,0.40770286,0.2936188,0.32835746,0.37261432,0.25067043,0.22665946,0.18304665,0.20175868,0.11992748,0.1907189,0.15287966,0.13245472,0.26773125,0.30605316,0.2214498,0.3243073,0.33123925,0.29626483,0.3767996,0.3596814,0.32552218,0.30776587,0.29286268,0.31262976,0.3032641,0.3090417,0.26011178,0.19821106,0.2518601,0.23899132,0.2501317,0.2530603,0.19035068,0.12139132,0.17894962,0.14561601,0.24644421,0.21304879,0.17908263,0.3100349,0.20050766,0.26688057,0.12396083,0.07476072,0.35941184,0.22202027,0.18737893,0.20952713,0.27674928,-0.0059967083,-0.09939029,-0.033084396,-0.03431415,-0.035165317,-0.53926915,-0.50632143,-0.51730496,-0.51993287,-0.545003
95,-0.17165177,-0.10250665,-0.10652214,-0.14968996,-0.1434288,-0.049250465,-0.07860167,-0.031515416,-0.09127671,-0.007425065,-0.08875401,-0.11864211,-0.14573506,-0.03209803,0.02621402,0.02188134,0.07861327,0.1317874,0.03991253,0.17036243,0.1044199,0.1426809,0.25984293,0.049072158,0.095262736,0.0044779642,-0.06237353,-0.09268086,-0.08945739,-0.06368314,-0.019386442,-0.015878985,-0.017917749,0.009690232,0.041730832,0.041825533,0.04240705,0.011686299,-0.05572193,0.09658443,0.1725498,0.18886417,0.101691656,0.3284869,0.22636886,0.31514263,0.11957671,0.40816543,0.21380484,0.17195314,0.16988736,0.10973987,0.078016385,0.32791722,-0.0052925097,-0.031811208,-0.014890588,-0.04156813,0.06805602,-0.12982094,-0.092266314,-0.10224626,-0.15352097,-0.11196521,-0.077368416,-0.05586739,-0.07156696,-0.09132727,-0.13197908,-0.14419161,-0.14961426,-0.12922247,-0.14851078,-0.12659155,-0.084042735,-0.057310417,-0.048504747,0.1322519,0.0047544683,0.23368174,0.37565076,0.21491012,0.29920128,0.38057107,0.58155626,0.5977941,0.52086204,0.17154303,0.6523829,0.5406542,1.0,0.94669926,0.79239404,0.6732675,0.62208956,0.49649772,0.33104074,0.3147523,0.14312616,0.1996809,-0.023152553,0.013101649,0.0109323915,0.012639816,-0.08392301,-0.13333583,-0.09881663,-0.08166529,-0.18895473,-0.11075809,0.060173046,0.29367328,0.21237366,0.27263355,0.28516573,0.42562217,0.5251402,0.4823187,0.5793614,0.4103598,0.3007095,0.21195054,0.44762385,0.44555208,0.25561807,0.2889985,0.4477806,0.30987614,0.37324935,0.2593379,0.34477457,0.18417165,0.2449643,0.112103336,0.049669415,-0.010045445,0.061128136,0.26623237,0.35568565,0.17988013,0.39273095,0.25933778,0.45368114,0.28308347,0.429037,0.5113177,0.4588449,0.22479017,0.521357,0.39633328,0.49576148,0.39760062,0.37434283,0.16801767,0.30923918,0.4268915,0.35285413,0.28694564,0.42019463,0.3050987,0.36394292,0.22165847,0.34331298,0.3080882,0.1364567,0.32024783,0.15967664,0.19480295,0.40201655,0.3949247,0.47398683,0.47388238,0.42245382,0.4528793,0.50723875,0.42596328,0.36651552,0.31682017,0.5120344,0.536359,0.36680618,0.52243114,0.52843666,0.43594158,0.20752385,0.3061148,0.39565638,0.3670251,0.08955005,0.21884805,0.22071515,0.3189129,0.45645535,0.4317704,0.46848902,0.5143619,0.51211387,0.5012058,0.4477957,0.44189435,0.16221838,0.3123155,0.36045137,0.13133083,0.059355166,0.016993718,0.08270032,-0.014328503,0.099249855,0.07688061,0.046878632,0.20922281,0.31902403,0.2931024,0.3427383,0.33890784,0.33440605,0.49756372,0.4516991,0.43219063,0.44523188,0.45760074,0.49957424,0.4875143,0.444479,0.37689444,0.33198005,0.22698855,0.31793717,0.3335589,0.35470223,0.25136897,0.16373698,0.24454673,0.14012776,0.26875907,0.22271468,0.17468053,0.31013554,0.24022654,0.23985858,-0.025365187,-0.0437598,0.28096646,0.021993943,-0.0280063,-0.013793907,0.14790745,-0.11190798,-0.14688683,0.02286558,0.006462462,0.0072314558,-0.42064273,-0.3978078,-0.40390167,-0.4065513,-0.42831236
96,-0.19766499,-0.14640504,-0.14978439,-0.17177553,-0.15855387,-0.08057173,-0.09793017,-0.04589192,-0.108344145,-0.0330854,-0.08310835,-0.114575446,-0.15469134,-0.030151607,0.04244889,0.031041237,0.10751346,0.15688132,0.036249306,0.19354914,0.07303967,0.10086777,0.2431898,0.0051324926,0.04579197,-0.043167308,-0.10065438,-0.11904517,-0.111928664,-0.083943844,-0.0410064,-0.03519926,-0.051842634,-0.024672698,-0.019735705,-0.01686528,-0.022232518,-0.04146133,-0.09857011,0.03653726,0.122114606,0.1537133,0.091737546,0.3030428,0.21316393,0.3471901,0.1249897,0.407052,0.21381618,0.16951977,0.13784643,0.09972496,0.07386578,0.2948784,-0.027690694,-0.049927622,-0.025507772,-0.07477903,0.033105545,-0.13520478,-0.13107313,-0.13554747,-0.18625589,-0.15204985,-0.12671666,-0.10155879,-0.11898026,-0.13258575,-0.17307836,-0.17874518,-0.18605503,-0.17195939,-0.1837697,-0.16277537,-0.1321919,-0.11108157,-0.081132405,0.06416247,-0.03165282,0.17969897,0.3448227,0.19361407,0.28136796,0.3856198,0.6091447,0.552164,0.5397622,0.17947331,0.64575976,0.50278807,0.94669926,1.0,0.71686566,0.57840025,0.5391382,0.42607147,0.293018,0.26664487,0.09537758,0.15141468,-0.07813709,-0.045058955,-0.04620245,-0.041485358,-0.12876247,-0.15680265,-0.13287377,-0.10456379,-0.19491236,-0.138445,0.018894572,0.26262128,0.19688864,0.2115927,0.24566808,0.35175994,0.44044405,0.3953588,0.5133517,0.32008785,0.25293213,0.17492175,0.38252825,0.38520542,0.20383021,0.263906,0.38459566,0.25330606,0.31484428,0.2031202,0.28476986,0.16163477,0.20291296,0.08217789,0.022835463,-0.014428017,0.060425855,0.25520456,0.33584,0.15991724,0.37971568,0.25224623,0.42727372,0.27620673,0.42153588,0.44268954,0.41944867,0.17424542,0.44496885,0.3297169,0.4214195,0.32878748,0.3012802,0.11439896,0.25028518,0.36818382,0.3076855,0.23943019,0.39032063,0.2776152,0.33684304,0.20834419,0.31883293,0.30841455,0.12799187,0.3204565,0.16944513,0.20075992,0.4020228,0.3799587,0.47523013,0.4747983,0.4285777,0.4505254,0.50201356,0.40930685,0.37037912,0.32034957,0.50753015,0.5153296,0.37091258,0.5013192,0.4901948,0.39935377,0.17841816,0.29213214,0.34289545,0.2958463,0.028677069,0.15916571,0.15054812,0.2662914,0.40196815,0.38212466,0.4635198,0.48797634,0.48914403,0.45495248,0.43421322,0.41742894,0.11221198,0.28912,0.35612285,0.12821831,0.03445693,-0.008617626,0.093996696,0.00047784648,0.11959463,0.09612474,0.05287553,0.22196129,0.33450696,0.3018699,0.35397467,0.32827446,0.35529515,0.49804395,0.44546485,0.43497974,0.45436552,0.4420734,0.49343228,0.4879176,0.46121714,0.40278605,0.35708776,0.26130083,0.33990106,0.3575631,0.3711723,0.27339205,0.18487161,0.2693714,0.15507504,0.28289548,0.24180195,0.19324481,0.31765828,0.24495356,0.2547773,-0.012653944,-0.043427367,0.27268493,0.008851146,-0.029702663,-0.033713456,0.12755537,-0.12813611,-0.13058117,0.019113937,0.0037371672,-0.0011961746,-0.37564757,-0.35535723,-0.3622295,-0.3663064,-0.38259694
97,-0.1646064,-0.0617204,-0.038687147,-0.15531462,-0.17784739,-0.031242466,-0.10004607,-0.04093632,-0.12989219,-0.021513216,-0.1716577,-0.21747397,-0.18123287,-0.13908498,-0.10321287,-0.08100105,-0.07172808,-0.021604758,0.0019851206,0.10455476,0.09547196,0.17436318,0.24954545,0.110096276,0.15689218,0.112785496,0.019861253,-0.030508542,-0.07291069,-0.04250524,0.0333796,0.025133712,0.06211537,0.113821074,0.18466745,0.16995136,0.1494118,0.10182922,-0.009474198,0.15855354,0.19995824,0.1624415,0.050688714,0.26626712,0.15846403,0.15397534,0.05826008,0.20117348,0.07099474,0.039311502,0.2119871,-0.0038927302,-0.045831874,0.2541191,-0.055765282,-0.10789026,-0.083313234,-0.06973608,0.06538474,-0.17827003,-0.090783134,-0.1007482,-0.15481356,-0.09297643,-0.027486805,0.0037898705,-0.008429322,-0.04797463,-0.093892045,-0.089261755,-0.11741991,-0.08485621,-0.122479275,-0.08727222,-0.023631506,0.0128738675,-0.031243362,0.20432787,-0.017755447,0.27867785,0.31804082,0.21195208,0.19238546,0.27397627,0.46322682,0.5894007,0.44161597,0.17432512,0.5681326,0.52703714,0.79239404,0.71686566,1.0,0.797164,0.65986365,0.51620775,0.26727155,0.28394592,0.12809865,0.20855206,0.054524783,0.0786932,0.07785669,0.06960551,-0.057354815,-0.11848896,-0.069481015,-0.11647981,-0.23092744,-0.116481364,0.08356133,0.2821404,0.194447,0.27469325,0.26160124,0.46100467,0.6281993,0.5888739,0.62439954,0.52062225,0.28437826,0.18194717,0.535181,0.51553637,0.32162783,0.30299515,0.53867304,0.3957271,0.452013,0.3826012,0.45384577,0.2177083,0.30695072,0.13237457,0.043750923,-0.07260467,-0.00046855738,0.25391415,0.3869312,0.20101967,0.41144797,0.22966616,0.49899817,0.27909392,0.48051935,0.64813095,0.55595183,0.30596772,0.66856486,0.47857648,0.5985881,0.47599554,0.47229195,0.21318057,0.415086,0.51088035,0.41308105,0.38518226,0.48342884,0.3527319,0.3628415,0.25135374,0.35864732,0.33167002,0.09163027,0.26651204,0.045488954,0.13716067,0.37381685,0.43258643,0.42872736,0.4193966,0.35340968,0.4150756,0.47783148,0.37884933,0.28416038,0.23644997,0.45947272,0.5370288,0.29775777,0.4971718,0.5576895,0.46079165,0.21605732,0.27438453,0.45788252,0.4780824,0.21190709,0.36418703,0.3635329,0.4320017,0.53748554,0.5050139,0.43738383,0.5079558,0.4956382,0.53734595,0.40572175,0.4128819,0.22294134,0.29134557,0.30947626,0.07230501,0.050156485,0.013913153,0.0021317427,-0.101580285,-0.011585563,-0.021070607,0.008345072,0.11611721,0.24799931,0.25689325,0.2693757,0.2776966,0.25113818,0.4401715,0.4208312,0.3663395,0.37258208,0.4379412,0.46683654,0.4394028,0.35384792,0.25804672,0.2056332,0.09802615,0.19621038,0.20540193,0.2885367,0.12520273,0.043214835,0.1092287,0.025148872,0.1579134,0.10472801,0.058702346,0.22680438,0.1954108,0.13546,-0.085481346,-0.059733946,0.24172108,0.019980129,-0.057346888,0.004092443,0.17042749,-0.13102733,-0.29261786,0.056801423,0.032060966,0.0771662,-0.4025266,-0.37903336,-0.38132975,-0.3800215,-0.4113656
98,-0.16234735,-0.03055473,-0.028790575,-0.14309783,-0.15022966,-0.019297944,-0.09785839,-0.04942367,-0.09512247,-0.01597103,-0.1757642,-0.20353171,-0.16104715,-0.13050215,-0.12279833,-0.08188823,-0.11592314,-0.059989903,-0.029920226,0.036535405,0.047105853,0.12294407,0.18106884,0.0907542,0.1435476,0.12506457,0.03252746,-0.015216454,-0.067399405,-0.026682982,0.043146897,0.039352994,0.07320049,0.120002486,0.19971989,0.18653831,0.16009194,0.11764543,-0.00043234622,0.16012189,0.16127634,0.13497992,0.04488007,0.2154998,0.14184062,0.0728953,0.060864322,0.14298221,0.0792313,0.06340808,0.23524097,0.035043795,-0.022442298,0.29633862,0.0071103093,-0.056399636,-0.06735797,-0.012403471,0.12840968,-0.15425994,-0.04024904,-0.04821249,-0.10297842,-0.04809667,0.018093131,0.05362948,0.039386496,0.0070046657,-0.05419853,-0.03444295,-0.076824486,-0.046127986,-0.084354825,-0.05327852,0.00461561,0.053164274,-0.0026700296,0.23178327,0.031769555,0.27839354,0.2780138,0.19633266,0.18653055,0.18536931,0.37266073,0.44377252,0.24642766,0.06692333,0.34128714,0.32628515,0.6732675,0.57840025,0.797164,1.0,0.6347074,0.5484673,0.28897247,0.30474195,0.1768825,0.24319796,0.09670552,0.13329327,0.13299626,0.13308942,-0.0042596506,-0.06233448,-0.010636718,-0.05627565,-0.18769415,-0.043588493,0.15301101,0.30254212,0.18869774,0.32583186,0.302113,0.5202721,0.6691925,0.6041161,0.6082488,0.52436846,0.27021518,0.17071378,0.5041245,0.48239362,0.32278097,0.26057053,0.49789277,0.37789547,0.40422818,0.2996812,0.40000266,0.16742864,0.24735838,0.06948393,-0.007968555,-0.10124994,-0.06425708,0.15212962,0.27287024,0.14175579,0.28120825,0.14850266,0.3800462,0.21865022,0.35392147,0.5441975,0.42874107,0.27171895,0.57655305,0.41060323,0.50438535,0.4386262,0.43618268,0.22587852,0.39531866,0.47367594,0.3876645,0.369014,0.43898052,0.32466528,0.3150272,0.22588927,0.3184097,0.27085024,0.06672114,0.19646041,0.012252882,0.07202193,0.30614224,0.38411435,0.34609494,0.34322757,0.2863542,0.35107163,0.4069846,0.34642053,0.22601311,0.18977073,0.38361812,0.4648869,0.23547699,0.43157065,0.4974974,0.40032542,0.19392313,0.23335566,0.42322013,0.44315904,0.22643586,0.34484813,0.3466269,0.40033117,0.4907435,0.46558097,0.37240613,0.44581977,0.4278018,0.48546177,0.34946027,0.36551222,0.22273596,0.25885746,0.26355493,0.060881086,0.06145005,0.03211677,-0.0075636315,-0.10403716,-0.02263475,-0.031120798,-0.010850821,0.09076719,0.20310923,0.22918475,0.21976943,0.23039709,0.20051955,0.37128526,0.3657044,0.30054864,0.30967683,0.37836608,0.40293416,0.37333688,0.28749597,0.20052744,0.16556302,0.050033048,0.13142966,0.14211273,0.22343421,0.066450804,0.006275532,0.052006014,-0.012334894,0.09373305,0.04497516,-0.00068107253,0.17181052,0.16581693,0.076603696,-0.09652323,-0.05729035,0.19831395,0.010491488,-0.059356302,0.0101451455,0.15397269,-0.10680709,-0.2704601,0.0828786,0.05954628,0.098658785,-0.36115175,-0.34188572,-0.3428342,-0.34061676,-0.3694077
99,0.19749324,0.33703566,0.2365993,0.20586939,0.2225686,0.27757958,0.27452886,0.2182461,0.29708353,0.30364493,0.17828305,0.17668203,0.19310264,0.26831603,0.23485239,0.19892092,0.14428444,0.25904003,0.21682966,0.21336459,0.43502408,0.47991288,0.39485878,0.37738812,0.47636172,0.3580349,0.27295664,0.20167628,0.14794932,0.16813396,0.20430641,0.18710712,0.25918034,0.2606473,0.35949162,0.4306893,0.45735928,0.41368854,0.326439,0.5160395,0.53146714,0.5528568,0.3769226,0.5846782,0.39704558,0.33511147,0.20013098,0.49313155,0.44421676,0.42213017,0.31564555,0.4314285,0.37062085,0.63333577,0.40671438,0.363231,0.29322132,0.41279578,0.43804464,0.18883662,0.35880718,0.3133338,0.27475685,0.33646923,0.36912087,0.36379638,0.34764358,0.3109008,0.2804697,0.24019249,0.2485095,0.30432364,0.2674792,0.26118863,0.35063794,0.38772756,0.32238322,0.4938574,0.32356888,0.4703442,0.63283914,0.32883638,0.41488186,0.44406977,0.48886853,0.6772109,0.49530533,0.24308592,0.5662737,0.54684395,0.62208956,0.5391382,0.65986365,0.6347074,1.0,0.86544114,0.71224344,0.7235286,0.5754795,0.59938926,0.32588223,0.45341316,0.432853,0.44430777,0.36768225,0.18242136,0.21890195,0.2613965,0.124722406,0.25327986,0.36561972,0.31943414,0.18752243,0.6665881,0.5464621,0.81465966,0.86180925,0.73412514,0.6354525,0.64532745,0.53749895,0.39529812,0.6071218,0.5943609,0.4166598,0.30921575,0.5754189,0.54122174,0.5622719,0.40431204,0.4955436,0.28688437,0.4693466,0.3822928,0.34755558,0.16397256,0.24146943,0.35369503,0.4591141,0.18740702,0.3779869,0.31410754,0.43770915,0.27092865,0.3584506,0.52961165,0.40148053,0.37465033,0.5613588,0.49478352,0.56830406,0.50913817,0.5127239,0.21992953,0.42620176,0.5237822,0.4336941,0.37234244,0.4121748,0.29656798,0.2300956,0.12313792,0.20914948,0.2592615,0.06111206,0.11770485,0.0110501535,0.11308868,0.12960643,0.14957759,0.19553034,0.18582065,0.13142155,0.23372701,0.27026126,0.22084203,0.17601155,0.14729545,0.30860862,0.36981297,0.18178411,0.46266946,0.5138144,0.47771865,0.3980263,0.35831997,0.58508307,0.56611764,0.4292131,0.38329035,0.46349084,0.43070605,0.55498785,0.5073133,0.32646793,0.468362,0.4427457,0.5895292,0.38195089,0.49878868,0.46761492,0.33921528,0.3600648,0.260436,0.29075137,0.24985473,0.12408145,0.04022693,0.07881406,0.016339315,0.06969894,0.14639385,0.14352846,0.09505294,0.19076261,0.31735262,0.10777876,0.3147395,0.34626848,0.29768074,0.19962497,0.31528628,0.3164899,0.25330222,0.18263237,0.09367238,0.054837093,0.033504657,0.0708951,0.070928656,0.11063272,0.034787457,-0.022657795,0.009723275,0.029774284,0.11031765,0.049366254,0.012502733,0.1958905,0.13464162,0.11928448,-0.023364233,0.042394,0.29189038,0.15999524,0.10864198,0.21484856,0.2971636,0.023489987,-0.121673904,-0.0712727,-0.07787609,-0.05709319,-0.6356756,-0.60839736,-0.6129073,-0.6096801,-0.64301366
100,0.34580603,0.48684716,0.36218768,0.36611465,0.37873927,0.3968815,0.4380971,0.31797618,0.4731577,0.44195944,0.341239,0.3528413,0.35091504,0.4426865,0.3856285,0.32390258,0.25233796,0.38692158,0.31155336,0.25931615,0.5621161,0.58865386,0.45710483,0.48227295,0.5775251,0.4413087,0.36735776,0.3056347,0.23559706,0.24315171,0.26284382,0.24570625,0.3265257,0.3198565,0.3982546,0.50794125,0.55313516,0.49627674,0.4324333,0.63649184,0.65055907,0.69498354,0.49624988,0.69135016,0.46249515,0.39896554,0.29148614,0.49814895,0.60234565,0.5420879,0.36426997,0.5581803,0.5222527,0.8195501,0.55121076,0.54414016,0.45337504,0.5866002,0.5714883,0.34931487,0.52401966,0.45814583,0.43756005,0.49106315,0.50584257,0.4847461,0.47589535,0.44456825,0.4146959,0.36477044,0.3832684,0.44784728,0.4135729,0.39804408,0.49016005,0.52086174,0.45692664,0.60069776,0.46906045,0.54415494,0.71885496,0.39106238,0.49939728,0.48051152,0.44332936,0.6086039,0.42310435,0.23495096,0.44368932,0.43272316,0.49649772,0.42607147,0.51620775,0.5484673,0.86544114,1.0,0.877169,0.8658287,0.7436883,0.7171164,0.40567657,0.5814004,0.552216,0.56491244,0.51379687,0.2811057,0.31530386,0.3956604,0.24061392,0.39117718,0.49784404,0.38167152,0.23542543,0.78085965,0.65381896,0.88023174,0.85434735,0.7275894,0.56242526,0.69815093,0.530938,0.38618642,0.60182357,0.6017749,0.45698464,0.3167483,0.55729955,0.5665143,0.5774765,0.35650384,0.49196285,0.3003354,0.5173041,0.48468506,0.47661087,0.26940063,0.3551913,0.40696737,0.48365057,0.18714611,0.35061276,0.34642118,0.3961735,0.30424702,0.27429032,0.43419483,0.30603498,0.34884694,0.465962,0.4344323,0.48268694,0.48554847,0.49162436,0.22150919,0.4037274,0.5079468,0.4330031,0.3545119,0.37703666,0.30297905,0.20229682,0.12786412,0.16000748,0.2208275,0.084705636,0.10112699,0.034630436,0.08686638,0.09751997,0.100878604,0.12997037,0.13589026,0.099569306,0.18642017,0.22064805,0.19212374,0.17853878,0.15603592,0.27288672,0.32231846,0.17385016,0.45036653,0.478423,0.4775745,0.47060558,0.40740362,0.5933443,0.55344814,0.48458615,0.37104955,0.47150943,0.40311885,0.52134746,0.46381083,0.29040283,0.4283522,0.38397557,0.5747456,0.3587038,0.5102084,0.5322614,0.37331977,0.3867972,0.3364419,0.38218597,0.3371828,0.19733603,0.11922826,0.14575407,0.08138896,0.09765662,0.18819103,0.15991971,0.11605528,0.2099706,0.294681,0.10115413,0.28474054,0.33643717,0.2577947,0.17262785,0.2771332,0.26754132,0.20599332,0.15148166,0.08481145,0.051287796,0.035202045,0.06426909,0.06096722,0.074686594,0.040820647,-0.014370075,0.011902852,0.06169705,0.12618029,0.068081416,0.033316787,0.22296874,0.145236,0.15596783,0.05033193,0.12564644,0.33231893,0.24503767,0.20599796,0.30776298,0.33235812,0.1117651,-0.04811729,-0.061144885,-0.058630083,-0.057226997,-0.7284475,-0.7141796,-0.71638715,-0.7119581,-0.73403925
101,0.49448785,0.60525036,0.4551388,0.5454784,0.565155,0.5015592,0.6205381,0.43762767,0.67580044,0.58529073,0.5755449,0.6088798,0.55355763,0.673949,0.62901527,0.49601665,0.4562566,0.60346067,0.424812,0.3370889,0.6685404,0.63870496,0.46473172,0.50867385,0.5973703,0.44424036,0.4171074,0.37093785,0.32643816,0.34132582,0.31705493,0.30403677,0.363397,0.31975502,0.3410674,0.48780775,0.558839,0.5241085,0.51226324,0.6677903,0.6934109,0.80193317,0.61510676,0.78361,0.54785687,0.5442788,0.40055496,0.64032286,0.79080564,0.7326542,0.2899228,0.76301974,0.74902034,0.8814821,0.7400376,0.7753843,0.65180206,0.7690814,0.66870654,0.5647706,0.6897155,0.60962886,0.6133022,0.6383786,0.59300065,0.54598475,0.536578,0.5349789,0.51931256,0.44924724,0.50185454,0.5634725,0.5467864,0.5069421,0.56934077,0.58284473,0.55701643,0.5685544,0.5622644,0.5350415,0.7815964,0.38063523,0.57633746,0.52604616,0.41305077,0.5687599,0.44663283,0.30018765,0.41162616,0.40058568,0.33104074,0.293018,0.26727155,0.28897247,0.71224344,0.877169,1.0,0.9455973,0.8432499,0.75953364,0.45409948,0.61892843,0.5802909,0.6103848,0.63290745,0.39383265,0.39418265,0.56441104,0.45635876,0.5317076,0.5225209,0.30140212,0.16481988,0.7673122,0.6450134,0.77317274,0.6679573,0.5111675,0.34455135,0.50988305,0.54750824,0.42917094,0.41487023,0.42641273,0.33634043,0.20769809,0.36043763,0.43588972,0.4367813,0.22733231,0.3183673,0.24039637,0.48355296,0.5420729,0.59177023,0.4074532,0.50699013,0.40611887,0.42052513,0.12453126,0.26575398,0.33202872,0.25192422,0.26832023,0.1303778,0.20699441,0.107240476,0.23938653,0.24877475,0.29053777,0.31781378,0.33188793,0.33433792,0.13946304,0.24399185,0.33368355,0.29928106,0.21284156,0.20114297,0.19316712,0.080249086,0.035815578,0.018680973,0.10524317,0.058149256,0.017642915,0.041984238,0.08985388,-0.04796108,-0.13458815,-0.023508918,-0.006485713,-0.0121309,0.048922718,0.048948288,0.053137366,0.120284945,0.10189685,0.14525382,0.12553532,0.11713893,0.33650368,0.2917277,0.36627212,0.51779693,0.42455408,0.48179352,0.4000664,0.46261632,0.21589325,0.33494624,0.22129235,0.3156447,0.26239517,0.1448186,0.2734981,0.2325123,0.42695427,0.27227375,0.46727073,0.53611493,0.35862893,0.3980896,0.45627293,0.4874054,0.4416999,0.3335065,0.2804208,0.28850734,0.1982561,0.18668146,0.280065,0.17031106,0.06469609,0.21685761,0.31570247,0.10283107,0.18698831,0.24185582,0.1948377,0.07917363,0.13763791,0.12131099,0.06756191,0.081140384,0.06255104,0.02336534,0.11491076,0.06706263,0.06914439,0.027587323,0.07434059,0.015819855,0.05070044,0.15000488,0.17211147,0.13331404,0.10911236,0.24328832,0.12710477,0.21550646,0.18859887,0.22206281,0.3604835,0.34263542,0.34805006,0.42438886,0.36084124,0.17193635,0.08783558,-0.15493564,-0.13673915,-0.15331967,-0.73086846,-0.723599,-0.73068476,-0.72824025,-0.7314661
102,0.5367431,0.6624011,0.50766164,0.5741613,0.5896423,0.5386958,0.6351659,0.4544641,0.67584026,0.58091205,0.5528632,0.58446616,0.56047636,0.6356378,0.5708737,0.45719418,0.38831952,0.51835245,0.40804943,0.32917693,0.7039197,0.69402397,0.481553,0.5739065,0.67017275,0.5308468,0.498741,0.44394764,0.37424847,0.38953033,0.3755448,0.35376975,0.43191242,0.3893755,0.4317805,0.5725054,0.6298982,0.59446543,0.5612054,0.7316062,0.7414176,0.81955403,0.61306095,0.762835,0.5119859,0.4570773,0.34406498,0.5689158,0.69605386,0.64337265,0.27949265,0.696086,0.68094563,0.81246614,0.729805,0.7487664,0.62491816,0.7782078,0.6647706,0.5524703,0.7210419,0.62734216,0.65086704,0.6850066,0.6560333,0.6019886,0.5981907,0.5909647,0.5761081,0.50258094,0.5530464,0.62385887,0.5948223,0.56460017,0.6390344,0.6563288,0.5991404,0.63171643,0.5790231,0.55977327,0.7647418,0.40274912,0.5250165,0.49013215,0.37556556,0.55467296,0.4145368,0.2728546,0.40059713,0.4092031,0.3147523,0.26664487,0.28394592,0.30474195,0.7235286,0.8658287,0.9455973,1.0,0.861553,0.7972769,0.49717137,0.6889957,0.6529928,0.67146116,0.6860646,0.4343783,0.4385526,0.5496831,0.45131704,0.543363,0.53112715,0.272188,0.1540991,0.77775836,0.6135746,0.7737632,0.6790717,0.5389528,0.35887727,0.5541399,0.56069386,0.43900955,0.4732271,0.48168227,0.37951657,0.24431863,0.42563462,0.5068095,0.5078069,0.27054104,0.39636478,0.27933425,0.55112374,0.592197,0.6270351,0.40914726,0.5006891,0.4288552,0.46043915,0.1407582,0.28101692,0.32533655,0.28664452,0.2690913,0.14793055,0.2563723,0.14253081,0.28694907,0.30091175,0.33659407,0.35889575,0.38202366,0.38883734,0.16464186,0.29824075,0.381007,0.32971174,0.25238967,0.2293917,0.19111551,0.07807702,0.04188781,0.021033783,0.088633016,0.025369653,-0.022705732,-0.013442209,0.075088285,-0.098107785,-0.15353791,-0.06642917,-0.059333816,-0.07529275,-0.0048441156,0.0068656392,0.0151847545,0.05212572,0.039552975,0.09262724,0.10697784,0.06024322,0.3035559,0.29809895,0.37855974,0.5081424,0.38470125,0.5099978,0.45848638,0.5293955,0.27657652,0.41937235,0.27852955,0.358902,0.30068496,0.12143123,0.2580924,0.21486603,0.43351224,0.23413771,0.42950323,0.5641352,0.3192367,0.33719197,0.40168247,0.46862134,0.42823356,0.26137078,0.21669458,0.2002118,0.116748795,0.13941091,0.19493578,0.084301785,-0.0017696585,0.13347575,0.25207138,0.014026571,0.120468356,0.1875779,0.12364643,0.008705527,0.09884916,0.066635564,0.00651646,-0.0015081362,-0.02997817,-0.06389876,0.030128634,-0.018283905,-0.022201203,-0.040954504,-0.013522557,-0.067981414,-0.03768485,0.06955486,0.09455603,0.055486914,0.03797829,0.17220755,0.08593269,0.14754641,0.13998102,0.18637146,0.32368413,0.33722854,0.32314,0.42441016,0.36965063,0.16441363,0.040476523,-0.1744108,-0.15755834,-0.15294205,-0.7230275,-0.7140888,-0.71706736,-0.71256506,-0.72401583
103,0.6402887,0.7847246,0.58493036,0.6496135,0.6860129,0.6111714,0.679566,0.49620318,0.72232366,0.6026942,0.5534397,0.5894573,0.6257455,0.60600215,0.504459,0.40755966,0.27607194,0.39045846,0.3546522,0.26989666,0.6958957,0.69870234,0.4352044,0.62991995,0.721751,0.62352973,0.60621005,0.55623806,0.46550223,0.47213656,0.44964433,0.42359117,0.50837713,0.44750488,0.508534,0.64518905,0.69972026,0.6748437,0.65235543,0.7960671,0.7346845,0.79026777,0.5840997,0.65492105,0.42786708,0.2721984,0.25102732,0.44344762,0.5758684,0.53852004,0.22542743,0.62720084,0.6208445,0.7236687,0.749692,0.7634012,0.6097828,0.8364526,0.6715888,0.59011924,0.82395667,0.72588956,0.7751421,0.81328946,0.80580515,0.7404758,0.75117934,0.75314987,0.7287211,0.6456554,0.6951209,0.76571023,0.7323054,0.7062007,0.7674378,0.7954939,0.69224155,0.70771676,0.6746416,0.5498532,0.64329165,0.36674663,0.4204534,0.33917955,0.19360237,0.39101708,0.25160822,0.17733699,0.24727005,0.2866884,0.14312616,0.09537758,0.12809865,0.1768825,0.5754795,0.7436883,0.8432499,0.861553,1.0,0.89692205,0.561386,0.8227773,0.7894697,0.811417,0.82783,0.5905537,0.5878885,0.6543235,0.56732666,0.6908661,0.6663382,0.26979253,0.14009777,0.7356485,0.55486417,0.7003856,0.5723768,0.51634693,0.3070138,0.56390375,0.5384464,0.42458412,0.4550569,0.46076468,0.37777537,0.22957288,0.4003701,0.5278921,0.50356126,0.22650771,0.39929408,0.24759471,0.54132336,0.5934516,0.62976444,0.38545832,0.44787413,0.35967457,0.40378776,0.12622438,0.16751018,0.22978772,0.18988456,0.19809423,0.02366113,0.17004763,0.03650284,0.27222672,0.21667251,0.29681537,0.2929236,0.35645908,0.38113979,0.1847753,0.2914961,0.34358492,0.29533464,0.2281539,0.15536816,0.10219541,-0.017588845,-0.012560811,-0.07502187,0.02169217,-0.009275087,-0.13385373,-0.049554843,-0.017333448,-0.2428613,-0.25198448,-0.20518184,-0.20505252,-0.22173771,-0.15406531,-0.13220517,-0.09114678,-0.06264941,-0.05436217,-0.052045867,-0.016971283,-0.059696563,0.16965176,0.19795762,0.29675794,0.4533258,0.27922806,0.45442262,0.43664154,0.5510119,0.26799676,0.428836,0.25775787,0.30638596,0.25511625,0.0153628215,0.14442973,0.09388704,0.3440559,0.11142637,0.30452842,0.5565315,0.22727309,0.20349878,0.34181973,0.44411558,0.41656047,0.18065007,0.15931429,0.117290415,0.026657378,0.030154767,0.07387789,-0.083515994,-0.14246517,-0.030125363,0.11095428,-0.14720324,-0.05259764,0.02888732,-0.052919786,-0.14562608,-0.022421375,-0.09610519,-0.14821953,-0.16388765,-0.16801032,-0.1641599,-0.079730466,-0.1713359,-0.17024337,-0.22107483,-0.15201361,-0.13819715,-0.17161387,-0.046162862,-0.0499854,-0.0810115,-0.078247406,0.027549965,-0.012655455,0.022866046,0.091809936,0.14987731,0.2251709,0.3295024,0.31025475,0.4320456,0.34340674,0.2677811,0.15479584,-0.13216664,-0.10897588,-0.12237744,-0.6610447,-0.6618028,-0.6577761,-0.65143836,-0.6601568
104,0.5484653,0.7064035,0.504085,0.54018253,0.5888936,0.55109394,0.5598287,0.4156437,0.6069223,0.4984626,0.40979326,0.4500911,0.523319,0.46844915,0.35366514,0.30656585,0.15739696,0.25455573,0.279012,0.2515772,0.6157516,0.6436843,0.39995036,0.5862024,0.6872876,0.6195129,0.59254783,0.53223073,0.43771088,0.46243504,0.46927664,0.4407177,0.5205318,0.46595398,0.5493878,0.64470726,0.6713511,0.6561617,0.61346924,0.7544023,0.6759414,0.70719427,0.50434196,0.5832452,0.36449072,0.18145987,0.1558519,0.3833767,0.4493283,0.43119588,0.23560826,0.52309924,0.48618072,0.63241154,0.6539321,0.6369615,0.49559814,0.7398313,0.6006624,0.47142947,0.7371225,0.6449864,0.67758125,0.7292026,0.7483919,0.68992496,0.7030077,0.7102279,0.6575797,0.5757018,0.6164696,0.6898456,0.6471934,0.645601,0.711774,0.74803454,0.630541,0.6879403,0.58980083,0.5491413,0.5738975,0.37174562,0.35073203,0.2987389,0.21070355,0.39831433,0.26392686,0.1685726,0.2897636,0.332963,0.1996809,0.15141468,0.20855206,0.24319796,0.59938926,0.7171164,0.75953364,0.7972769,0.89692205,1.0,0.55779773,0.7906941,0.76016164,0.7807249,0.76153433,0.521056,0.53394866,0.5653846,0.45907077,0.60291433,0.61883944,0.31209588,0.19734761,0.730794,0.497058,0.69384533,0.59524435,0.5448148,0.363939,0.59541047,0.548061,0.4305547,0.5072728,0.49951938,0.40272686,0.25370592,0.46436635,0.55006564,0.5374882,0.25097626,0.45046547,0.25142655,0.54034823,0.53466207,0.5458266,0.3124765,0.34885418,0.31878603,0.40961054,0.15369561,0.18888624,0.20266555,0.2541159,0.16570853,0.09984704,0.26072764,0.124003164,0.34634027,0.28621683,0.33225468,0.33009467,0.4155569,0.42662016,0.20336343,0.3331003,0.40053886,0.34605542,0.25812817,0.21642919,0.12826811,0.016401222,0.037392132,-0.033886638,0.0645351,-0.07538944,-0.15671137,-0.13377483,-0.06663659,-0.20883092,-0.19307873,-0.17024982,-0.18147305,-0.21229492,-0.13371167,-0.10295036,-0.06960889,-0.08585292,-0.08079022,-0.038562007,0.021690905,-0.069561236,0.17683071,0.23370592,0.3162691,0.41424417,0.24461558,0.46817777,0.48237363,0.5727923,0.3234457,0.4843241,0.31483263,0.35479036,0.3000273,0.036790024,0.16704734,0.119456,0.36765754,0.119558856,0.28922978,0.54453367,0.2091073,0.181895,0.29694664,0.39615518,0.3752613,0.1197071,0.08566127,0.05481107,-0.032753337,-0.029817885,0.033279534,-0.10918721,-0.15312679,-0.06005421,0.09773254,-0.1588227,-0.05056464,0.03645341,-0.062961906,-0.15250719,-0.027917534,-0.08659238,-0.13787588,-0.17399138,-0.20213623,-0.20787652,-0.101921335,-0.21057476,-0.20011753,-0.22673632,-0.21570206,-0.20166765,-0.23247895,-0.10336072,-0.112318106,-0.1400259,-0.13094315,-0.016300306,-0.033204094,-0.028735122,0.028652435,0.07878121,0.19696654,0.28479457,0.24894653,0.38329887,0.3411381,0.17778786,0.048907477,-0.14703962,-0.12976968,-0.12506466,-0.6124245,-0.60164803,-0.59873915,-0.59294343,-0.6133646
105,0.53931123,0.6187091,0.4664638,0.5175014,0.59774095,0.45416823,0.491034,0.36843202,0.5048168,0.3812392,0.35744348,0.39097166,0.4715345,0.36269447,0.25355867,0.20524399,0.11069955,0.15556937,0.21977553,0.1816303,0.4714303,0.47107875,0.20851192,0.42929187,0.4974113,0.5589917,0.63105744,0.62184477,0.5996712,0.6314565,0.6554898,0.6178557,0.67595744,0.617346,0.6481802,0.50855184,0.5021729,0.51962686,0.5296635,0.5458717,0.48065472,0.49623328,0.36488432,0.40797552,0.21187146,0.04717803,0.041990783,0.16278782,0.24130976,0.23354697,0.11363944,0.3146763,0.3119683,0.3526821,0.49828857,0.4682433,0.3852773,0.58666813,0.43264252,0.4158154,0.6331908,0.5681196,0.62045133,0.63120663,0.607278,0.54600716,0.5518436,0.5633246,0.57812357,0.5241231,0.55376005,0.6081903,0.588081,0.6203128,0.60147446,0.6010768,0.5204448,0.4424912,0.40356708,0.33285207,0.34967574,0.29138058,0.1907892,0.16162215,0.05223141,0.23940435,0.08456898,0.13420133,0.0798913,0.18358243,-0.023152553,-0.07813709,0.054524783,0.09670552,0.32588223,0.40567657,0.45409948,0.49717137,0.561386,0.55779773,1.0,0.54192024,0.49389958,0.5191365,0.63888,0.44481418,0.38918218,0.5345205,0.41596714,0.53478396,0.3752189,0.054848112,-0.06720111,0.4125376,0.27194196,0.40334567,0.32205254,0.1876363,0.012228343,0.2249643,0.3106418,0.23717691,0.16333593,0.15293127,0.17799999,0.037437942,0.13976932,0.18753642,0.20248309,0.07784007,0.14140213,0.02320115,0.36591002,0.4149587,0.4487842,0.2833432,0.3410911,0.18240595,0.17640232,0.060093086,0.07180668,0.10559271,0.06582958,0.06848908,0.021767516,0.07779488,0.0070529683,0.1582251,0.115979224,0.122589596,0.1151732,0.1822282,0.19171885,0.091475315,0.15812473,0.18384011,0.14092214,0.1476721,0.08411024,0.12525748,0.02625207,0.08221076,-0.07807759,-0.17154087,-0.07005303,-0.18287818,-0.364334,-0.11102126,-0.2188043,-0.33818546,-0.33035797,-0.30728427,-0.26436403,-0.3419945,-0.2926802,-0.1958835,-0.17491724,-0.16923094,-0.21745959,-0.23022193,-0.11268314,-0.033145722,-0.0782756,0.109067164,0.4008476,0.2555748,0.21815172,0.2759603,0.5622805,0.20975985,0.34292492,0.094951324,-0.034981836,-0.102524124,-0.32538033,-0.18725303,-0.1992301,0.040052447,-0.0752063,0.12361486,0.46205533,0.1350035,0.1583662,0.38761577,0.5017617,0.47855785,0.34069538,0.3420253,0.23057532,0.1984975,0.22904153,0.19455178,0.0036031937,-0.06802003,0.012843908,0.11145128,-0.14961447,-0.18124622,-0.077863224,-0.19008818,-0.2677862,-0.3339409,-0.24795645,-0.27304685,-0.2767668,-0.31397837,-0.40578684,-0.080264196,-0.21517004,-0.21906538,-0.21239299,-0.18038927,-0.23888806,-0.20178567,-0.025430793,-0.07326009,-0.05807759,-0.01337067,0.031239945,-0.033242688,0.02609446,0.18783857,0.34826323,0.20641214,0.37504092,0.37715182,0.47917658,0.29293758,0.1175932,-0.041941144,-0.14851405,-0.124883816,-0.04997435,-0.44355953,-0.38929817,-0.38834387,-0.38679498,-0.4349301
106,0.6742344,0.86145115,0.64905876,0.65386397,0.6938639,0.64773244,0.63982916,0.4914761,0.67189544,0.5365798,0.4416377,0.4777192,0.6023522,0.4509911,0.30661774,0.26991197,0.05390063,0.1246176,0.24623385,0.1376671,0.66138184,0.7116166,0.3609956,0.69274855,0.7960463,0.7820056,0.7289393,0.65226954,0.4831468,0.49229956,0.48806104,0.44972754,0.5728691,0.51107126,0.66268194,0.82335585,0.83141744,0.8131668,0.7137199,0.8564352,0.72992855,0.6991145,0.48446417,0.4600534,0.25832295,-0.028596474,0.10105537,0.17769223,0.2777446,0.25742573,0.15342127,0.40000457,0.39077157,0.49317017,0.67539793,0.63837725,0.46245855,0.7957802,0.6117426,0.5125173,0.8431989,0.71969455,0.8183367,0.8753328,0.93286854,0.86768854,0.89055926,0.849609,0.8289724,0.7587145,0.7742632,0.8598107,0.7975259,0.79136074,0.88565654,0.93477005,0.7377009,0.7730489,0.67742217,0.51859725,0.48648348,0.3104663,0.2134292,0.13859515,0.0042287065,0.22073364,0.0676556,0.05458256,0.09781041,0.17145418,0.013101649,-0.045058955,0.0786932,0.13329327,0.45341316,0.5814004,0.61892843,0.6889957,0.8227773,0.7906941,0.54192024,1.0,0.99149436,0.96723926,0.9196875,0.69619656,0.71249986,0.5476273,0.53803414,0.6896313,0.6855137,0.13600169,0.07352022,0.64130735,0.41976294,0.5848589,0.4768796,0.46581194,0.2541386,0.55453575,0.45746914,0.35304022,0.49670905,0.49490365,0.39621773,0.2164935,0.45391834,0.6210063,0.57276386,0.27172548,0.5164803,0.2987491,0.58739287,0.6017979,0.6120739,0.32071766,0.33903685,0.30503502,0.38187203,0.116888165,0.0940845,0.12291129,0.16473192,0.1307425,-0.020025648,0.18569121,0.033903033,0.3176225,0.24849287,0.32443222,0.2903812,0.3746455,0.4230345,0.21504053,0.35574105,0.36140823,0.28914392,0.264624,0.12580673,0.00788071,-0.12437789,-0.09531207,-0.13463639,-0.026788156,-0.09851128,-0.28009418,-0.14581187,-0.09844002,-0.41881374,-0.30902746,-0.36759424,-0.3958768,-0.43998104,-0.307816,-0.29484853,-0.26355568,-0.28640595,-0.24793153,-0.2542232,-0.12784079,-0.26454246,-0.015087393,0.12708512,0.20701309,0.30899194,0.06241953,0.42554,0.49730566,0.61349535,0.36610427,0.55249506,0.32994476,0.35267058,0.31149727,-0.107973956,0.042606197,-0.01947179,0.27504864,-0.05886318,0.11053852,0.53460985,0.040487725,-0.04245552,0.13095243,0.30341768,0.30147257,-0.085804224,-0.07343822,-0.16949302,-0.2461661,-0.15134169,-0.21389419,-0.37701246,-0.3740905,-0.32624897,-0.10940145,-0.4244128,-0.2902807,-0.18064085,-0.26868767,-0.3711014,-0.12876445,-0.289145,-0.34033754,-0.40597346,-0.4232413,-0.38564572,-0.34290147,-0.4406007,-0.45554876,-0.44760424,-0.41693497,-0.36375582,-0.43415377,-0.29678354,-0.30825692,-0.3379364,-0.3116166,-0.24165472,-0.17559315,-0.22656636,-0.09623437,-0.018149907,0.012511316,0.20840809,0.1538166,0.33785105,0.27387762,0.25836557,0.0990722,-0.16495132,-0.14440201,-0.1309857,-0.49475396,-0.5059183,-0.48853353,-0.4742524,-0.4954974
107,0.6396942,0.8293652,0.61614454,0.6167367,0.6570607,0.6231965,0.6033129,0.46538115,0.63780177,0.50787,0.40684918,0.4412385,0.570306,0.41442597,0.27145123,0.24588372,0.023906266,0.088521786,0.21561797,0.110527575,0.6246023,0.67940855,0.33895522,0.6703102,0.7693747,0.76386446,0.7029777,0.6256897,0.44639128,0.4602815,0.4574943,0.42000887,0.5412584,0.48192406,0.6394037,0.8080541,0.8083366,0.79334545,0.6816441,0.825012,0.69778764,0.65935206,0.45432705,0.41702238,0.23337701,-0.061275575,0.089120604,0.15038776,0.24178325,0.22489099,0.14192232,0.36784625,0.35426158,0.45918834,0.6495768,0.6019421,0.42629376,0.7616337,0.58654803,0.47993782,0.81085247,0.68957084,0.78792346,0.84507686,0.91088897,0.8507709,0.8734728,0.83066493,0.806214,0.7415863,0.7489984,0.83248,0.7690546,0.7617185,0.85846734,0.9123714,0.7080881,0.75059086,0.65380913,0.4973104,0.45518437,0.29247582,0.1924695,0.11223263,-0.0073627355,0.19547445,0.04633661,0.035863973,0.08091145,0.15181047,0.0109323915,-0.04620245,0.07785669,0.13299626,0.432853,0.552216,0.5802909,0.6529928,0.7894697,0.76016164,0.49389958,0.99149436,1.0,0.9667804,0.893526,0.694505,0.71560603,0.5156532,0.52072453,0.67211133,0.6811449,0.1232121,0.065256536,0.6153521,0.39709,0.56199616,0.4600102,0.4562535,0.25269282,0.5432026,0.43616036,0.33618432,0.48786992,0.48569396,0.38469458,0.2115802,0.44834298,0.61537313,0.5617703,0.2664452,0.51362216,0.29263806,0.5646848,0.5695404,0.5763925,0.29539666,0.3008601,0.28007397,0.36285803,0.1082098,0.07678395,0.10079318,0.15314752,0.118948214,-0.026705427,0.18097378,0.030128762,0.30450642,0.2444685,0.3230614,0.28891522,0.36513212,0.41658887,0.21551342,0.3524761,0.35130695,0.27829367,0.25749797,0.11441722,-0.012976291,-0.14044581,-0.11352832,-0.13856201,-0.024482183,-0.1068392,-0.2887818,-0.13822794,-0.10170615,-0.43006134,-0.30203417,-0.3665402,-0.3986575,-0.44842944,-0.3056202,-0.29521796,-0.26967445,-0.2991576,-0.2593029,-0.26235387,-0.12744468,-0.2817753,-0.029457454,0.12537733,0.1913575,0.27488026,0.028271923,0.41495368,0.48927385,0.5911515,0.3636165,0.5435469,0.32856283,0.35922864,0.32331735,-0.099346176,0.044779144,-0.018680481,0.26936918,-0.06860774,0.0900974,0.5113938,0.01754095,-0.07140277,0.094612435,0.2646003,0.26548153,-0.1281408,-0.11512979,-0.20694177,-0.28457803,-0.18589693,-0.24946696,-0.40482834,-0.39411676,-0.35415617,-0.13341422,-0.4393886,-0.30233607,-0.19501333,-0.2780199,-0.37613207,-0.11896332,-0.29280066,-0.34032777,-0.4102436,-0.4265284,-0.38268605,-0.35800445,-0.45704004,-0.47185543,-0.4605032,-0.4361964,-0.37359798,-0.45211536,-0.31985906,-0.33160922,-0.363664,-0.3384617,-0.271074,-0.19263008,-0.2538631,-0.12668239,-0.054575674,-0.020002075,0.17611477,0.1170278,0.30296117,0.25258434,0.24661766,0.092433184,-0.16446523,-0.1455698,-0.13267948,-0.4539367,-0.46861634,-0.4499919,-0.43510377,-0.45525664
108,0.6180901,0.8080129,0.584351,0.6038315,0.6565075,0.6062748,0.5986242,0.4621243,0.6510461,0.51378065,0.41972122,0.46116683,0.57672775,0.43649542,0.29937547,0.2619469,0.045996,0.12237153,0.21878268,0.11949647,0.5993661,0.6412375,0.31346783,0.6381672,0.72612625,0.7327585,0.68919456,0.6222117,0.44537994,0.48313704,0.47843465,0.440957,0.54525363,0.48119384,0.616896,0.7645867,0.762783,0.7546002,0.6511071,0.7936331,0.6653769,0.65107137,0.45545998,0.42290497,0.2511246,-0.02733375,0.11793086,0.19451529,0.2910548,0.28108263,0.13097858,0.42162973,0.40068614,0.49283776,0.70066553,0.6374701,0.44220355,0.7820693,0.61310256,0.5028778,0.81867576,0.7039147,0.7918328,0.8376799,0.8891182,0.8414913,0.8512371,0.8296243,0.78378236,0.7252063,0.73395586,0.8125698,0.75743216,0.73952377,0.8237951,0.8828237,0.6943247,0.7270653,0.63857555,0.4852394,0.4682827,0.29881513,0.22145095,0.11790998,0.017262926,0.19818053,0.04780505,0.04037252,0.07746471,0.14830008,0.012639816,-0.041485358,0.06960551,0.13308942,0.44430777,0.56491244,0.6103848,0.67146116,0.811417,0.7807249,0.5191365,0.96723926,0.9667804,1.0,0.89210886,0.760094,0.7700826,0.5828012,0.5844341,0.7442039,0.7298048,0.10998378,0.022497948,0.6276896,0.4206505,0.587654,0.47690907,0.44824228,0.2312555,0.5145753,0.44243994,0.34109193,0.43647116,0.43188873,0.35190186,0.18916745,0.39491576,0.56216687,0.5053847,0.2227149,0.4481603,0.23225537,0.51734436,0.52607995,0.54558134,0.29124454,0.29008383,0.23676646,0.31316948,0.09324931,0.038261298,0.080990404,0.110281184,0.10032353,-0.055443216,0.13721064,-0.013001708,0.26897824,0.20537557,0.27623025,0.25312358,0.31787598,0.36311442,0.18573318,0.29477212,0.30195087,0.2523707,0.20707566,0.06720533,-0.037056927,-0.17071463,-0.12917686,-0.1736745,-0.053427022,-0.148393,-0.32651627,-0.18279064,-0.124954216,-0.46622753,-0.36070535,-0.3965776,-0.42148963,-0.4630995,-0.33851948,-0.32471904,-0.28971776,-0.3142101,-0.27702826,-0.28282967,-0.17292948,-0.2945451,-0.047653895,0.08347109,0.14763112,0.27796817,0.03159441,0.38846397,0.45107073,0.5800905,0.34368858,0.5177378,0.279259,0.31155628,0.2787807,-0.13331525,0.0143385595,-0.051813655,0.24237272,-0.07923662,0.09834334,0.5147587,0.019717962,-0.042395793,0.14218478,0.29389498,0.2958546,-0.08614893,-0.078836486,-0.15892333,-0.24457659,-0.16366674,-0.2054625,-0.37673032,-0.3830028,-0.33221748,-0.10890554,-0.41267368,-0.30268657,-0.19405136,-0.27355346,-0.37310246,-0.14669678,-0.30127153,-0.3447844,-0.4018598,-0.40897468,-0.371829,-0.3154514,-0.46021023,-0.46702197,-0.45984444,-0.44143695,-0.37936172,-0.45552647,-0.3086298,-0.33782178,-0.3674657,-0.33777532,-0.2683132,-0.19624308,-0.25585178,-0.11272421,-0.03787134,-0.020821976,0.17617582,0.13065575,0.31679893,0.2372519,0.21526515,0.09385147,-0.19481726,-0.17342988,-0.15585127,-0.44201174,-0.45569015,-0.43577728,-0.42219773,-0.44187236
109,0.785584,0.92817163,0.7103405,0.7780592,0.8220745,0.70092446,0.7605824,0.5769955,0.7884779,0.61741346,0.5869039,0.6286927,0.72261614,0.583584,0.44311187,0.35277012,0.1777828,0.24723296,0.3082578,0.20523492,0.7001877,0.7105518,0.34704027,0.67710525,0.76710474,0.75098056,0.7618484,0.71763945,0.5959156,0.5924802,0.5641591,0.5234844,0.6350879,0.56031144,0.63711727,0.74241394,0.77298796,0.75965375,0.75189567,0.82999516,0.7231016,0.72864044,0.5280668,0.49979052,0.28408557,0.05281576,0.14394864,0.23452832,0.36891446,0.34958282,0.09174735,0.4940164,0.5145932,0.5023204,0.7627445,0.76133513,0.5862099,0.8925039,0.63257116,0.6571358,0.9418497,0.81726915,0.9371952,0.9617963,0.9541517,0.863772,0.87907904,0.8869791,0.89084494,0.80292886,0.8584416,0.9293577,0.8935888,0.8547317,0.9109383,0.9332918,0.7837054,0.71564066,0.6807252,0.45616812,0.48491558,0.31682652,0.2324602,0.16577177,-0.015580181,0.18376915,0.05662291,0.07421796,0.05997357,0.13799848,-0.08392301,-0.12876247,-0.057354815,-0.0042596506,0.36768225,0.51379687,0.63290745,0.6860646,0.82783,0.76153433,0.63888,0.9196875,0.893526,0.89210886,1.0,0.735244,0.71223295,0.6717451,0.66016173,0.76904935,0.6424562,0.040316556,-0.026194377,0.6060618,0.3984342,0.5114815,0.362076,0.3262844,0.103476085,0.41635403,0.4281736,0.34119886,0.3437949,0.35106942,0.30216038,0.15153128,0.30083373,0.48554707,0.44515142,0.17052083,0.36250332,0.2110522,0.5319674,0.6163397,0.6620539,0.38771254,0.43269873,0.2923478,0.31659085,0.07448137,0.043125693,0.12532121,0.0701251,0.095678076,-0.105314545,0.044792537,-0.08337782,0.22868535,0.1165477,0.22281602,0.17984317,0.26629108,0.31140864,0.14405839,0.2487445,0.24494866,0.20141166,0.17819329,0.025349393,-0.025635311,-0.15655208,-0.10503202,-0.20647542,-0.13493,-0.089912705,-0.30352488,-0.1764132,-0.094641134,-0.46879926,-0.44954124,-0.45562994,-0.46561715,-0.47394142,-0.41029721,-0.3966808,-0.32526103,-0.295619,-0.2538455,-0.32551453,-0.25655702,-0.27395532,-0.083140224,-0.010049697,0.13420014,0.36119515,0.11385039,0.3387216,0.3844363,0.6062773,0.26901236,0.4550161,0.19392046,0.17751227,0.13467747,-0.22638021,-0.0841732,-0.1367479,0.15728849,-0.111084536,0.08956829,0.54206026,0.05087369,-0.0046518967,0.2439826,0.41473812,0.4113283,0.06978495,0.10511013,-0.018597856,-0.09702061,-0.01659871,-0.098507866,-0.31652087,-0.3449708,-0.27118146,-0.07898809,-0.4092325,-0.33568123,-0.22533102,-0.30857986,-0.41702232,-0.25408727,-0.368889,-0.4191734,-0.44679213,-0.44206908,-0.42234984,-0.28686506,-0.41555128,-0.43246153,-0.45506173,-0.35821342,-0.33001223,-0.3763694,-0.19915012,-0.24333489,-0.25633025,-0.21959904,-0.18001549,-0.1539104,-0.15060091,0.034606643,0.13038895,0.062499523,0.3031455,0.2833242,0.4412084,0.29137865,0.29617292,0.17454517,-0.2032884,-0.17305648,-0.15521337,-0.5033367,-0.5077916,-0.49264887,-0.4816095,-0.4986527
110,0.5624709,0.6825973,0.5245969,0.5853959,0.63067836,0.48810974,0.5543001,0.44806504,0.6040038,0.43585178,0.4533343,0.48960257,0.576482,0.40791553,0.33414176,0.2196514,0.11315722,0.14996539,0.18676098,0.12713125,0.45401892,0.44682258,0.17719679,0.46233594,0.48903897,0.56807774,0.6418395,0.6518965,0.52223307,0.5802593,0.5377705,0.50864285,0.56493914,0.5014981,0.4977634,0.49494457,0.4984786,0.50260127,0.49661213,0.54684395,0.45318905,0.4690029,0.35264793,0.27909905,0.15465163,-0.030953446,0.15540949,0.0823745,0.22416444,0.19594158,-0.05821528,0.313816,0.35749167,0.30771095,0.6199279,0.5614731,0.3900099,0.6454749,0.4514337,0.51060456,0.7030927,0.6408981,0.7295798,0.7268474,0.7154098,0.6734081,0.6706877,0.69597256,0.6832445,0.6319449,0.6665385,0.705824,0.69182986,0.6612972,0.6520901,0.67864126,0.5804025,0.47406194,0.46599156,0.27634203,0.2888723,0.21297997,0.14357391,0.026607348,-0.062610514,0.015715953,-0.07191545,-0.023682417,-0.07233224,-0.019220626,-0.13333583,-0.15680265,-0.11848896,-0.06233448,0.18242136,0.2811057,0.39383265,0.4343783,0.5905537,0.521056,0.44481418,0.69619656,0.694505,0.760094,0.735244,1.0,0.8675901,0.67892575,0.758039,0.8691232,0.59721965,-0.29686293,-0.4142144,0.3877305,0.24647109,0.3250953,0.21836048,0.17645809,-0.008111481,0.1973499,0.22718772,0.1827169,0.12667967,0.13376965,0.1266353,0.02816883,0.08609493,0.2764047,0.20791088,-0.0045286347,0.13394767,-0.019982196,0.27672496,0.37372503,0.43182454,0.26620293,0.26480132,0.1164031,0.098206036,-0.0066905282,-0.10557923,0.012702796,-0.08404743,0.0140682785,-0.20443217,-0.097166255,-0.19628036,0.046974566,-0.015032943,0.06816613,0.041600376,0.058770854,0.10126108,0.057844594,0.05294556,0.042284403,0.037031367,0.005971318,-0.1386317,-0.17649198,-0.27931282,-0.19191186,-0.26476797,-0.25601414,-0.22193882,-0.40723556,-0.24818923,-0.10475107,-0.60655826,-0.57705456,-0.53448254,-0.53514564,-0.5351475,-0.5207801,-0.48582396,-0.39564413,-0.40270528,-0.35002142,-0.43664542,-0.3976528,-0.38241848,-0.25063044,-0.18684877,-0.08583219,0.17352988,-0.061429564,0.13374098,0.17070334,0.40072978,0.088946216,0.28854573,0.013106586,0.010947237,0.0019456922,-0.33873978,-0.21320724,-0.2629752,-0.023044381,-0.22986878,-0.061140645,0.353759,-0.08654581,-0.1165493,0.13380218,0.2546733,0.26958695,-0.03418597,0.008033321,-0.09209933,-0.13902973,-0.07458747,-0.17348635,-0.3480695,-0.39022145,-0.3309306,-0.17488351,-0.40081576,-0.40706477,-0.32718045,-0.39970407,-0.43139526,-0.31124935,-0.43280607,-0.45044824,-0.4555214,-0.40669587,-0.38148746,-0.267923,-0.44817057,-0.45627928,-0.44643784,-0.40408647,-0.35940462,-0.40993538,-0.26629418,-0.33184662,-0.33883128,-0.3093856,-0.29504177,-0.20856015,-0.26536286,-0.02007534,0.052052837,-0.10054628,0.16161348,0.16368091,0.3009174,0.1317351,0.17747298,0.12717049,-0.1980795,-0.16415447,-0.15533695,-0.22206876,-0.26621956,-0.23070207,-0.21780793,-0.21101761
111,0.5157447,0.64922714,0.5029855,0.5330878,0.56440914,0.47566843,0.5129662,0.41352928,0.55877,0.41870007,0.4041904,0.43505633,0.5246867,0.37106913,0.29854828,0.21051833,0.07846617,0.12297528,0.16882722,0.09534062,0.43726406,0.44319588,0.17832756,0.46883598,0.49583966,0.56117505,0.5974077,0.58549786,0.43982914,0.49848688,0.46532157,0.4363424,0.501512,0.44825602,0.4780224,0.52233547,0.52151823,0.5218973,0.47604322,0.552827,0.4566568,0.4642826,0.3421308,0.2728462,0.15215519,-0.038560025,0.17107506,0.084351175,0.21509872,0.18919668,-0.034828264,0.29961148,0.33300814,0.3152973,0.58431137,0.52511334,0.35667673,0.6168185,0.4486534,0.45731947,0.66692454,0.5888122,0.6788192,0.6907784,0.69571054,0.6690062,0.66413695,0.6690943,0.6466484,0.6093506,0.62182516,0.66771686,0.64553106,0.614018,0.634292,0.6695388,0.5376199,0.4959238,0.46085054,0.320385,0.3030797,0.22901495,0.13705926,0.024981843,-0.052230865,0.047149427,-0.054702375,-0.012572638,-0.04238275,0.015293758,-0.09881663,-0.13287377,-0.069481015,-0.010636718,0.21890195,0.31530386,0.39418265,0.4385526,0.5878885,0.53394866,0.38918218,0.71249986,0.71560603,0.7700826,0.71223295,0.8675901,1.0,0.5728729,0.65822506,0.7753751,0.60773057,-0.19764055,-0.28699473,0.3994328,0.26365066,0.3496046,0.25439057,0.22298867,0.04204013,0.25380856,0.25110167,0.19777887,0.18351218,0.1909705,0.16883913,0.062506594,0.14734398,0.3269579,0.26278242,0.04638964,0.19770503,0.03690629,0.2907096,0.3646607,0.40937147,0.24133755,0.23426098,0.11849336,0.11964065,0.010105634,-0.07801918,0.019474315,-0.04410171,0.022232866,-0.1669491,-0.037878998,-0.14676057,0.08563061,0.035757106,0.10662953,0.08684095,0.10028574,0.14683752,0.059508204,0.10293852,0.091167696,0.0651848,0.046334006,-0.09700725,-0.14684995,-0.25407365,-0.17003568,-0.23075455,-0.18631987,-0.20269608,-0.37455195,-0.2170011,-0.097264126,-0.5564614,-0.48686668,-0.47238907,-0.4804455,-0.49364933,-0.44697672,-0.42365777,-0.34972143,-0.38553366,-0.3350551,-0.38834655,-0.32310668,-0.36974195,-0.20492947,-0.11915417,-0.04476847,0.15337718,-0.07945274,0.16933265,0.21717127,0.4040267,0.14163956,0.32748237,0.07170776,0.089430735,0.080910176,-0.26486915,-0.14794992,-0.20018236,0.030652268,-0.20008332,-0.04589735,0.35292938,-0.08914199,-0.12360003,0.09102658,0.21357262,0.22833155,-0.091699116,-0.057673443,-0.13652499,-0.17874071,-0.12250279,-0.19795552,-0.35434896,-0.3763867,-0.33942044,-0.15776353,-0.38408664,-0.3709576,-0.2911358,-0.35830727,-0.39709875,-0.23316671,-0.3868626,-0.40823498,-0.42024365,-0.38000745,-0.34736848,-0.2794912,-0.4439125,-0.44811064,-0.43028158,-0.41588125,-0.35764754,-0.42000732,-0.2859611,-0.34890652,-0.35948464,-0.33594033,-0.31225955,-0.21826291,-0.29029998,-0.06754506,-0.010500144,-0.11565419,0.124423444,0.116959564,0.26316562,0.1368527,0.16572325,0.10122726,-0.17830849,-0.14949127,-0.14037785,-0.23052023,-0.271654,-0.23915659,-0.22550377,-0.2239122
112,0.5760703,0.6490934,0.49639314,0.59154695,0.6361542,0.43659747,0.5890345,0.42595968,0.6422905,0.490944,0.5324363,0.58664083,0.5965062,0.5464559,0.4609249,0.31946206,0.26352197,0.34286466,0.26382115,0.2306942,0.48591697,0.43042699,0.19200131,0.3648249,0.42521113,0.40133944,0.5333664,0.5751116,0.6014085,0.6038374,0.5179662,0.506466,0.5416188,0.46802455,0.38380903,0.32738027,0.40324107,0.3838623,0.5134182,0.5179259,0.45653123,0.5238917,0.42437127,0.4181032,0.25370628,0.16072981,0.21827033,0.29145858,0.44803116,0.4488398,0.041389342,0.5399584,0.5469069,0.4869043,0.6590904,0.6857259,0.5432143,0.7231231,0.5110901,0.61180645,0.72090715,0.70786643,0.7231599,0.7028136,0.6261369,0.57666224,0.5677949,0.5912108,0.6282284,0.5467339,0.6201441,0.6445297,0.6542436,0.6459617,0.58039206,0.5764405,0.5932777,0.3994561,0.46237394,0.27549613,0.34506977,0.25689015,0.26575002,0.14192255,-0.007620091,0.09005337,0.031421322,0.059353385,0.006191515,0.041282874,-0.08166529,-0.10456379,-0.11647981,-0.05627565,0.2613965,0.3956604,0.56441104,0.5496831,0.6543235,0.5653846,0.5345205,0.5476273,0.5156532,0.5828012,0.6717451,0.67892575,0.5728729,1.0,0.85346395,0.91364187,0.5712791,-0.0071545066,-0.2048532,0.4696143,0.35430554,0.43140203,0.2827757,0.19987243,0.007277879,0.20143591,0.28572866,0.24502426,0.07164497,0.083405204,0.11972969,0.04798524,0.022305664,0.15267576,0.11807309,-0.06642432,-0.0008259791,-0.020685395,0.21953247,0.36228758,0.4517954,0.34625527,0.36375347,0.14376682,0.092212394,-0.019297795,-0.06102087,0.09030977,-0.08511737,0.013161908,-0.19249405,-0.1359599,-0.21978366,0.050627965,-0.06654589,0.03265987,0.008739396,0.06609665,0.08422115,0.026311478,0.028647343,0.048925243,0.0356428,0.011963161,-0.0867345,-0.062763214,-0.14940901,-0.09438424,-0.20351067,-0.30114296,-0.0407762,-0.2068712,-0.111487545,-0.004449279,-0.3624322,-0.52612495,-0.39595085,-0.35772565,-0.30671978,-0.3894975,-0.34130782,-0.2410351,-0.11359786,-0.0810492,-0.23467398,-0.29630393,-0.12737626,-0.05316214,-0.12799282,0.05188103,0.41187856,0.25932765,0.17152919,0.13589717,0.40700817,-0.012902046,0.15661807,-0.07475703,-0.091959015,-0.12304441,-0.247046,-0.16094522,-0.18685487,0.017762827,-0.06864304,0.131689,0.41436845,0.13968422,0.14616007,0.3981725,0.4790413,0.46234587,0.3403958,0.36711627,0.2533324,0.1869064,0.23757249,0.14337108,-0.039785877,-0.14598593,-0.009764308,0.05347629,-0.17054169,-0.19563532,-0.13572116,-0.19512777,-0.24650675,-0.2693096,-0.25850147,-0.2998311,-0.26235607,-0.21671939,-0.24152806,-0.070482574,-0.1406389,-0.14571676,-0.21454702,-0.072759785,-0.1257279,-0.090694316,0.109254405,0.030454896,0.031012706,0.045959752,0.07325824,-0.008880045,0.09086369,0.24399531,0.34224242,0.21467274,0.38475838,0.4263415,0.5001654,0.2773735,0.26808822,0.22720945,-0.187741,-0.15001775,-0.1517349,-0.40172076,-0.42966118,-0.4251161,-0.4223577,-0.38498485
113,0.592838,0.64319116,0.52135247,0.6294891,0.65120703,0.45592338,0.61286277,0.460841,0.66072047,0.49559733,0.5799936,0.62170875,0.6238768,0.55550975,0.50553083,0.33424613,0.29566625,0.3515198,0.26592594,0.19746464,0.47931483,0.41218022,0.16791154,0.38031426,0.4011731,0.41140434,0.5305573,0.5651998,0.5384904,0.56171143,0.4707773,0.45860142,0.48462096,0.40718806,0.33019617,0.32366097,0.38235992,0.3656679,0.47024497,0.46827018,0.41778728,0.48406774,0.40647814,0.3520473,0.22766988,0.14888436,0.24786128,0.22006088,0.40780994,0.39101937,-0.03877798,0.48446187,0.5282648,0.37142977,0.6498337,0.6729389,0.526701,0.6941135,0.46342373,0.62859964,0.70802027,0.67025685,0.72717124,0.6984406,0.6168174,0.56447655,0.55733335,0.5896199,0.62260085,0.56281996,0.62646896,0.647452,0.65675837,0.63175887,0.56959665,0.56597567,0.56809103,0.35138452,0.44147664,0.21831353,0.3054125,0.19315977,0.20805322,0.097486965,-0.052121855,0.025599593,-0.0044493736,0.060418326,-0.044627808,-0.0019387539,-0.18895473,-0.19491236,-0.23092744,-0.18769415,0.124722406,0.24061392,0.45635876,0.45131704,0.56732666,0.45907077,0.41596714,0.53803414,0.52072453,0.5844341,0.66016173,0.758039,0.65822506,0.85346395,1.0,0.8708523,0.5033754,-0.21630277,-0.34723908,0.3455456,0.24324784,0.28237176,0.13504392,0.043369196,-0.13182038,0.064596824,0.2242957,0.2010668,-0.028059209,-0.008422551,0.031919066,-0.021809831,-0.0718493,0.10444267,0.055009782,-0.09699909,-0.051562652,-0.040570337,0.19158866,0.36819252,0.46663657,0.3744821,0.38868582,0.1329981,0.0480898,-0.053373527,-0.108300194,0.06106174,-0.15210581,0.005498677,-0.2536685,-0.2318379,-0.29244375,-0.034811176,-0.1393368,-0.022615608,-0.05812091,-0.030539354,-0.0025362126,-0.017766612,-0.04935966,-0.050042298,-0.042082418,-0.06105037,-0.19164293,-0.16096835,-0.24803586,-0.17892773,-0.2668075,-0.31073695,-0.11001946,-0.28820315,-0.122689456,-0.009091612,-0.49257153,-0.62425435,-0.48211926,-0.4549451,-0.41346174,-0.4530957,-0.44095993,-0.346115,-0.23053046,-0.187094,-0.3455713,-0.39697507,-0.22537799,-0.17273787,-0.23371172,-0.052635174,0.31891903,0.1297843,0.08239677,0.05297333,0.33987775,-0.07240822,0.111759014,-0.13701665,-0.15623733,-0.17026493,-0.32393345,-0.24143991,-0.27056766,-0.078547984,-0.16218586,0.021772504,0.346662,0.03975696,0.041911557,0.3146439,0.39598536,0.3921616,0.23219648,0.2761884,0.17235126,0.107769266,0.17623547,0.057988957,-0.12776035,-0.23308483,-0.109167,-0.025409067,-0.22578666,-0.29308408,-0.24105917,-0.2707555,-0.32583982,-0.30490208,-0.367332,-0.39060822,-0.33083996,-0.26077837,-0.26324147,-0.08619955,-0.22668138,-0.23498417,-0.27834532,-0.1541958,-0.17497694,-0.1626873,0.016783822,-0.061929975,-0.057654075,-0.045849755,-0.04035124,-0.074852705,-0.0036260362,0.20863958,0.26751086,0.10076772,0.32196411,0.37220857,0.4455667,0.21169311,0.25181606,0.23946851,-0.21405715,-0.17107399,-0.17580408,-0.28362793,-0.32988346,-0.31328136,-0.30665016,-0.26754966
114,0.6088749,0.71944326,0.538268,0.6255093,0.6783325,0.4981721,0.6113074,0.46447518,0.6757718,0.5021594,0.52287465,0.5744908,0.6296425,0.51224226,0.4207893,0.28850496,0.18985389,0.25826538,0.23393433,0.18831047,0.4994768,0.4676798,0.19150579,0.44626552,0.49644777,0.5295011,0.6343445,0.66118413,0.5966865,0.63191414,0.5670776,0.54280484,0.59202796,0.5164856,0.47926027,0.45186853,0.49005643,0.48752624,0.54125154,0.58151704,0.49039266,0.53628844,0.42152742,0.37460217,0.22272442,0.06274329,0.20364836,0.19550908,0.36797562,0.35532787,0.009490408,0.46941411,0.48531693,0.44862732,0.700416,0.67732286,0.49547058,0.74720263,0.5366802,0.60820353,0.77568686,0.7318059,0.78777444,0.7750536,0.73197514,0.687659,0.67858547,0.7031001,0.7073979,0.6420411,0.69070333,0.7287323,0.72487664,0.7054627,0.66789913,0.6859045,0.6305028,0.4863335,0.5113704,0.3012834,0.35049796,0.26610324,0.22633679,0.09014792,-0.029362082,0.060050312,-0.027812494,0.015878962,-0.040801976,0.009799351,-0.11075809,-0.138445,-0.116481364,-0.043588493,0.25327986,0.39117718,0.5317076,0.543363,0.6908661,0.60291433,0.53478396,0.6896313,0.67211133,0.7442039,0.76904935,0.8691232,0.7753751,0.91364187,0.8708523,1.0,0.69201636,-0.12868576,-0.303633,0.47773442,0.34574485,0.43676284,0.29843977,0.22831093,0.010519063,0.23906259,0.28068265,0.22964053,0.119708255,0.12756121,0.14483891,0.055618003,0.069686994,0.23988254,0.18177891,-0.038696107,0.07978561,-0.02189764,0.2643755,0.3881002,0.46718654,0.32199547,0.32438433,0.12783983,0.096595936,-0.012571864,-0.09999332,0.044229236,-0.09546536,0.015074351,-0.21513972,-0.12162041,-0.2232345,0.05908551,-0.039824378,0.05540075,0.03215185,0.07328749,0.107013345,0.046623554,0.0504143,0.057153232,0.04796443,0.012920184,-0.1162513,-0.11659502,-0.22704591,-0.14763391,-0.25024137,-0.29169276,-0.14546089,-0.3327867,-0.19831508,-0.07328593,-0.51241434,-0.578898,-0.4947893,-0.47425655,-0.44706264,-0.48266092,-0.43533847,-0.33435756,-0.27369413,-0.2293473,-0.3549262,-0.36253434,-0.26919776,-0.1540068,-0.15665533,-0.01121977,0.31719548,0.11064859,0.17529076,0.17899102,0.44792247,0.058933195,0.25337124,-0.024134599,-0.027339231,-0.051052123,-0.30042148,-0.18939883,-0.23389752,0.010146208,-0.1553061,0.047125686,0.4238041,0.033309825,0.023835735,0.2906372,0.40087768,0.39917353,0.16294916,0.1949201,0.085604474,0.023605583,0.07680953,-0.016450444,-0.20849231,-0.28597876,-0.18151772,-0.06537181,-0.30869436,-0.31876835,-0.2383625,-0.31496468,-0.3570504,-0.30325827,-0.365182,-0.3958533,-0.3802814,-0.3301631,-0.32800394,-0.18520147,-0.32432535,-0.32794255,-0.3630525,-0.26643878,-0.2643873,-0.27884436,-0.09120461,-0.16938138,-0.17390725,-0.14934264,-0.12149533,-0.12513377,-0.09823135,0.10916807,0.20879917,0.060577955,0.28749603,0.3090304,0.4270899,0.21942207,0.23576951,0.18796912,-0.21293439,-0.17502035,-0.1636996,-0.3449856,-0.38184634,-0.3606674,-0.3521207,-0.33059534
115,0.38939413,0.5452305,0.3682674,0.39234227,0.44505265,0.41169602,0.4115244,0.31306255,0.475514,0.38862407,0.30042642,0.34391716,0.40291575,0.3464661,0.25138974,0.21293138,0.05506999,0.13724771,0.14942475,0.10548924,0.38650575,0.405064,0.2052858,0.40431404,0.4622812,0.46653974,0.446952,0.42076898,0.29705432,0.33581245,0.32638067,0.30861017,0.35753018,0.30817828,0.38422343,0.47605705,0.4827876,0.4879281,0.41175634,0.54147667,0.4432293,0.46384516,0.33392674,0.32632944,0.21070379,0.037394337,0.14411269,0.21346365,0.30519605,0.3087615,0.14729327,0.4051826,0.35409775,0.47250286,0.56190866,0.5114821,0.33851734,0.5921656,0.49057746,0.38398933,0.6011676,0.5358854,0.57267237,0.5898151,0.61593413,0.597752,0.58921844,0.60500056,0.5278974,0.48608428,0.49114886,0.5490872,0.5224194,0.49300933,0.54766357,0.5948695,0.48905918,0.5251728,0.48900607,0.3524599,0.36790305,0.23450316,0.23523837,0.11388165,0.053563874,0.16358633,0.048504766,0.020136043,0.062613994,0.09713714,0.060173046,0.018894572,0.08356133,0.15301101,0.36561972,0.49784404,0.5225209,0.53112715,0.6663382,0.61883944,0.3752189,0.6855137,0.6811449,0.7298048,0.6424562,0.59721965,0.60773057,0.5712791,0.5033754,0.69201636,1.0,0.22372465,0.093174875,0.4944432,0.38676947,0.5103663,0.41356224,0.40211615,0.22325358,0.418637,0.33673865,0.25726962,0.308498,0.30185363,0.2675399,0.15069667,0.26244712,0.3699509,0.32629508,0.100511804,0.27168685,0.09384498,0.31826466,0.3090424,0.33525768,0.17699449,0.17682485,0.134134,0.18613717,0.04446566,-0.008296268,0.046211235,0.054461613,0.101405986,-0.045274448,0.072775304,-0.029410787,0.14996432,0.12186471,0.1705586,0.16285811,0.20106113,0.23815542,0.1378185,0.18253277,0.2028504,0.17140636,0.12241826,0.04435983,-0.009116885,-0.09517202,-0.07913722,-0.094039895,-0.043922476,-0.07937559,-0.19657053,-0.09590371,-0.08991323,-0.2837237,-0.23422168,-0.23212574,-0.23533967,-0.2587925,-0.19601732,-0.16994102,-0.16491798,-0.14637671,-0.12240674,-0.13647753,-0.08493549,-0.15251184,0.015452025,0.08307934,0.10972196,0.22125433,0.07448357,0.2721908,0.29679257,0.3965623,0.21537639,0.32716814,0.16955107,0.21792027,0.19076891,-0.044554453,0.046098605,-0.0041340706,0.19997524,1.0794339e-05,0.13572259,0.3753899,0.08629519,0.04314527,0.16866094,0.24969025,0.24290441,0.013832674,-3.9621795e-05,-0.03260234,-0.10298765,-0.10162639,-0.0768604,-0.1892314,-0.19783895,-0.15558909,-0.029926596,-0.23254108,-0.14361332,-0.07458466,-0.13623874,-0.17738251,-0.056788,-0.14399654,-0.17049138,-0.19840592,-0.18494871,-0.15870552,-0.14677712,-0.2543599,-0.24875562,-0.2788626,-0.24016708,-0.1981359,-0.24922596,-0.14785698,-0.17410344,-0.19551373,-0.18230575,-0.11945356,-0.12606944,-0.11410089,-0.049239006,0.0039706733,0.031347595,0.1388419,0.11639408,0.23644121,0.16654664,0.17687541,0.13071653,-0.12925479,-0.112405516,-0.09594803,-0.37152344,-0.38686067,-0.37274647,-0.3650157,-0.3697645
116,-0.08223845,-0.019067567,-0.09646861,-0.12114882,-0.08470116,-0.021276938,-0.05076466,-0.07773115,-0.026330072,0.03231379,-0.08035224,-0.06351672,-0.09635089,0.024390183,-0.01297874,0.045215227,-0.024924805,0.048938964,0.022330545,0.008805624,0.04480766,0.07807613,0.13520694,0.026366483,0.08534846,-0.020852052,-0.12808093,-0.18395266,-0.16410133,-0.18640637,-0.15231797,-0.13671935,-0.13344385,-0.12678605,-0.036235373,0.09089923,0.10348385,0.08263131,0.023775706,0.12740631,0.11041576,0.1340357,0.08403396,0.19028737,0.14355183,0.12704827,0.028256457,0.28859442,0.19851892,0.21762055,0.2712702,0.20150019,0.1099945,0.3168576,0.027448738,0.07094512,0.07060209,0.07829598,0.13968451,-0.070258446,0.016386716,-0.019319866,-0.05138264,-0.015598158,0.030938977,0.04181629,0.042449232,0.037428293,-0.045423802,-0.052592337,-0.07533955,-0.046779107,-0.07135826,-0.06717976,0.010293242,0.04614094,0.02634368,0.17209828,0.13346362,0.1922773,0.2068048,0.10232011,0.19748083,0.16433264,0.198463,0.2787716,0.20241214,0.102705665,0.23995952,0.24155256,0.29367328,0.26262128,0.2821404,0.30254212,0.31943414,0.38167152,0.30140212,0.272188,0.26979253,0.31209588,0.054848112,0.13600169,0.1232121,0.10998378,0.040316556,-0.29686293,-0.19764055,-0.0071545066,-0.21630277,-0.12868576,0.22372465,1.0,0.8333036,0.24424805,0.25177494,0.33686948,0.3191048,0.3543349,0.33931655,0.386476,0.27282903,0.20448402,0.32478955,0.31131542,0.25458103,0.19545189,0.3061248,0.21006681,0.24678867,0.18425667,0.23484612,0.1703305,0.14281292,0.035435025,0.0023570906,-0.03750079,-0.029497478,0.101476125,0.20272519,0.102502614,0.17655693,0.09665377,0.21540657,0.1636504,0.19409391,0.25865954,0.21507761,0.15867272,0.22331783,0.22944349,0.24146135,0.2851852,0.29472494,0.16663168,0.27323356,0.3138923,0.24769264,0.24399315,0.29710966,0.28015885,0.28470415,0.21475735,0.21470396,0.2818688,0.22439452,0.28719229,0.21842532,0.02718223,0.41410848,0.4180681,0.39889967,0.39720285,0.36570707,0.41952312,0.42266527,0.32628033,0.40038705,0.35805047,0.4364286,0.4345746,0.35135576,0.44579518,0.41738486,0.37920383,0.22689028,0.3171289,0.3246698,0.2555654,0.12320227,0.19199236,0.12790191,0.2519726,0.31874898,0.27958405,0.4110055,0.3829598,0.37902623,0.3892127,0.36760098,0.36226967,0.17961639,0.3244725,0.3036715,0.17968588,0.14712968,0.10564594,0.17876422,0.09447778,0.18692969,0.10993016,0.0045717806,0.23416069,0.26358968,0.28273356,0.29588494,0.23338366,0.27062863,0.3737888,0.35473794,0.36001527,0.33450133,0.31910694,0.38259035,0.37542439,0.35239154,0.3082998,0.30208907,0.20879284,0.27524662,0.30317798,0.21531779,0.23681687,0.24992017,0.23231758,0.20542172,0.2559122,0.23384209,0.21863051,0.3085495,0.17607321,0.2739416,0.054287292,0.021708062,0.30685723,0.12039128,0.08183712,0.06967972,0.16856505,0.09830582,0.08306065,0.10167359,0.08841536,0.052840494,-0.37248087,-0.33220002,-0.3623643,-0.37052462,-0.38236007
117,-0.09620244,-0.068355426,-0.090889454,-0.12642722,-0.12561224,-0.03570675,-0.07697005,-0.08405126,-0.08125707,-0.0129820155,-0.104764976,-0.093146965,-0.124861486,-0.021382771,-0.039180763,0.0428961,-0.030265741,0.012163739,0.00048184753,-0.008691424,0.037989523,0.076080784,0.11027049,0.048153874,0.09173321,-0.027868083,-0.16161908,-0.24102627,-0.24706553,-0.2825038,-0.2414661,-0.22681563,-0.21875916,-0.20513134,-0.08072277,0.092003845,0.102752954,0.09517801,0.0014558777,0.099964485,0.08804013,0.08660334,0.040555645,0.123913884,0.107162416,0.0950233,-0.006311973,0.21250463,0.10247875,0.112201534,0.2118879,0.09929135,0.037005793,0.17093045,-0.04947105,-0.0012216053,0.015499793,-0.0028862534,0.05919141,-0.10918956,-0.054998815,-0.124028176,-0.11519005,-0.08164878,-0.026781663,-0.035623923,-0.012357705,-0.02803582,-0.109090686,-0.10467091,-0.13947,-0.10178149,-0.13306488,-0.12588653,-0.02415559,0.0006854182,-0.029189039,0.1399146,0.101443075,0.14931291,0.13536878,0.04202952,0.11517508,0.13415462,0.14233585,0.20800437,0.17277671,0.08415674,0.20245522,0.20805818,0.21237366,0.19688864,0.194447,0.18869774,0.18752243,0.23542543,0.16481988,0.1540991,0.14009777,0.19734761,-0.06720111,0.07352022,0.065256536,0.022497948,-0.026194377,-0.4142144,-0.28699473,-0.2048532,-0.34723908,-0.303633,0.093174875,0.8333036,1.0,0.12284652,0.123245806,0.16284306,0.1487777,0.19370528,0.23989752,0.28063297,0.20326836,0.15139166,0.27938724,0.27639776,0.20376736,0.14827117,0.27183142,0.19974114,0.2390396,0.20142125,0.24714005,0.2295146,0.14391144,0.059759907,0.017097231,-0.033382464,-0.01091731,0.12160483,0.20052665,0.09313613,0.18155438,0.082416035,0.21190952,0.12933075,0.18895599,0.22955486,0.21111035,0.17256227,0.19112544,0.18960361,0.19649291,0.2320655,0.24241984,0.1300156,0.24218471,0.25527853,0.19685103,0.21362378,0.25860113,0.2107563,0.24200408,0.17040148,0.19230188,0.32934535,0.199423,0.2620417,0.23236574,0.01877664,0.39306048,0.44357726,0.35966063,0.34035572,0.30708444,0.38864654,0.34714344,0.25722235,0.27791002,0.23859265,0.33942422,0.37404487,0.27590796,0.31434482,0.32766685,0.29717907,0.074186556,0.14307815,0.19788574,0.19133429,0.035660375,0.17106932,0.100407764,0.22037439,0.26182902,0.23327233,0.34277174,0.29873434,0.293723,0.268584,0.24737135,0.19472967,0.04552415,0.17983541,0.15288192,0.0147253685,-0.005901832,-0.025711322,0.010306812,-0.03733905,0.0471159,0.015023764,-0.06450822,0.10159467,0.14563341,0.19326839,0.16210519,0.13850115,0.19470805,0.25826606,0.2438937,0.2665584,0.2396594,0.2973627,0.27032536,0.26929525,0.25399914,0.21488027,0.22148074,0.14040108,0.19505312,0.21033908,0.16643415,0.14581907,0.15194209,0.15290897,0.096071936,0.15189597,0.14681345,0.14174648,0.17651065,0.092316516,0.1671765,-0.023272395,-0.11158937,0.18089224,0.026468294,-0.016201643,-0.044265244,0.092261374,-0.0036972752,0.0052535366,0.019308614,0.00022351686,-0.004228096,-0.226082,-0.19204372,-0.21841979,-0.2223599,-0.24041021
118,0.43320024,0.5654883,0.40994662,0.42787963,0.46956772,0.44831863,0.4680052,0.34012216,0.5291421,0.45026043,0.3498758,0.39111176,0.42006665,0.45264354,0.33926398,0.29877204,0.16942215,0.285798,0.28459722,0.21314862,0.5256863,0.5465397,0.34933177,0.47839728,0.573049,0.4547398,0.42093772,0.3681295,0.31835654,0.30789223,0.30008453,0.27409557,0.3684492,0.33537248,0.41684106,0.5131347,0.5713684,0.52873504,0.5128782,0.64838487,0.60460734,0.6371007,0.475187,0.54602444,0.3567599,0.2286639,0.19235688,0.39047468,0.48602682,0.4948101,0.31714937,0.56613714,0.49414432,0.6816281,0.6105696,0.59537536,0.49542055,0.6613048,0.58109075,0.42120782,0.60888183,0.55395013,0.54335755,0.58218086,0.5958689,0.56570137,0.55921054,0.5275031,0.51368254,0.45019776,0.48093328,0.5397841,0.50759494,0.4842172,0.565278,0.5952494,0.51788193,0.58922577,0.5076636,0.48296955,0.54217726,0.31970093,0.3578974,0.31097695,0.23691863,0.3772238,0.23599897,0.118677154,0.26351094,0.2724062,0.27263355,0.2115927,0.27469325,0.32583186,0.6665881,0.78085965,0.7673122,0.77775836,0.7356485,0.730794,0.4125376,0.64130735,0.6153521,0.6276896,0.6060618,0.3877305,0.3994328,0.4696143,0.3455456,0.47773442,0.4944432,0.24424805,0.12284652,1.0,0.58501214,0.7575115,0.6761386,0.5671435,0.3909316,0.5567021,0.4597607,0.3600207,0.4507258,0.45780367,0.37704533,0.25753048,0.41844556,0.4768841,0.4680687,0.26715025,0.3891963,0.26263463,0.42666504,0.42992356,0.44654664,0.25096986,0.27949536,0.26107728,0.3460058,0.10425671,0.17357236,0.21973276,0.21808207,0.08564733,0.064064674,0.24821346,0.10492121,0.3373777,0.27033207,0.3062935,0.3183044,0.36136687,0.37300462,0.19234096,0.28964663,0.34870756,0.3082584,0.21982946,0.18373302,0.13358927,0.016050767,-0.004137702,0.0043817107,0.05570074,0.0005743426,-0.06470147,-0.021939157,0.02241649,-0.1376232,-0.11390798,-0.10756556,-0.110524535,-0.13512756,-0.049550317,-0.035487678,-0.00042259772,-0.02978666,-0.028320158,0.015926482,0.076948255,-0.038992587,0.2036994,0.26382965,0.28736395,0.3502133,0.22708414,0.44730842,0.43448296,0.45878798,0.28879875,0.41518602,0.29474923,0.37273958,0.32923716,0.082770966,0.22326772,0.19558363,0.3826898,0.15364563,0.30863848,0.46887738,0.20021039,0.18620947,0.23937365,0.3270899,0.3090217,0.08751535,0.06385608,0.028038934,-0.032461524,0.017994925,0.016379965,-0.08215423,-0.12904839,-0.033060733,0.13506666,-0.1386119,0.018767184,0.09300908,0.036953423,-0.080716215,0.07458011,0.025929442,-0.048330214,-0.10616145,-0.15803447,-0.15626532,-0.13253278,-0.12919128,-0.14011286,-0.1432087,-0.12033417,-0.13802683,-0.14636081,-0.05915413,-0.041822754,-0.08048975,-0.083177164,0.019235171,-0.008216476,-0.0051498553,-0.01530079,0.05811391,0.16288257,0.18966801,0.16362777,0.28134456,0.26198846,0.13732268,0.03104534,-0.13107798,-0.11941127,-0.12237047,-0.54453987,-0.5382053,-0.5384935,-0.5335052,-0.5482401
119,0.26932478,0.35465962,0.22858308,0.27564812,0.31144994,0.28788492,0.32913402,0.229075,0.38700083,0.33218127,0.27538523,0.31362346,0.307989,0.369289,0.31616223,0.269325,0.20172565,0.3120444,0.23136494,0.18032248,0.37269923,0.36744398,0.26855162,0.30013868,0.35556683,0.26255432,0.23722997,0.2086383,0.18548922,0.18393603,0.17251216,0.15979707,0.2117447,0.19043522,0.2324404,0.29909727,0.35436708,0.32472828,0.31306115,0.42923817,0.41352576,0.47547317,0.33604735,0.4625076,0.33061522,0.28673774,0.24378768,0.41817865,0.47874838,0.46209273,0.25809932,0.48489672,0.4331027,0.6391167,0.46934935,0.46412852,0.37485397,0.47781357,0.43996546,0.30965173,0.4248047,0.3901901,0.36404458,0.38473144,0.37739074,0.3624463,0.34528044,0.33397007,0.31959048,0.27306053,0.30023807,0.33569464,0.31729352,0.2981368,0.3516288,0.37203637,0.3168186,0.3920617,0.35172367,0.3372529,0.4771861,0.230977,0.3545973,0.3089078,0.266816,0.3556176,0.2539053,0.1459065,0.26401448,0.25115484,0.28516573,0.24566808,0.26160124,0.302113,0.5464621,0.65381896,0.6450134,0.6135746,0.55486417,0.497058,0.27194196,0.41976294,0.39709,0.4206505,0.3984342,0.24647109,0.26365066,0.35430554,0.24324784,0.34574485,0.38676947,0.25177494,0.123245806,0.58501214,1.0,0.6343909,0.55167043,0.45213813,0.31929958,0.41471252,0.33715928,0.26130182,0.31475604,0.3201385,0.26929575,0.19017336,0.28131053,0.3182147,0.31038645,0.17197447,0.24189779,0.1514976,0.28344733,0.2853714,0.3058284,0.18173346,0.22386213,0.20243861,0.25245208,0.083508275,0.1487314,0.18797605,0.16011077,0.13362356,0.06406345,0.16842222,0.07702413,0.17298394,0.20519273,0.22065932,0.25703034,0.23537439,0.2466307,0.13761863,0.18518783,0.23818685,0.20722115,0.14769721,0.13844822,0.15504166,0.058530472,0.015912453,0.041626114,0.07651841,0.03618736,0.0066748587,0.019615585,0.01139439,-0.011714609,-0.015346003,0.01177965,0.022906587,0.008865678,0.058479007,0.07064689,0.07810905,0.07501752,0.0597376,0.11302118,0.1287018,0.075471714,0.23759767,0.24364997,0.24700782,0.29323214,0.23772518,0.34693396,0.31093407,0.30653486,0.19948108,0.25823915,0.18685466,0.28173968,0.24986646,0.14102238,0.22806855,0.20715591,0.3259152,0.20151292,0.31155726,0.34321183,0.22492853,0.2351016,0.24314044,0.27387926,0.24422354,0.14684035,0.107409604,0.11604048,0.06089854,0.054088145,0.120865986,0.06917313,0.019809805,0.103461094,0.18505006,0.03080692,0.1356282,0.16421345,0.14162266,0.07661001,0.14577995,0.1259358,0.08493695,0.061163273,0.033318967,0.028809397,0.025400605,0.0136311725,0.017739983,-0.008450983,0.013554285,-0.006231837,-0.0022964634,0.042402983,0.0626163,0.028860474,0.018025309,0.11354221,0.07522657,0.08649883,0.040440336,0.08262557,0.19180143,0.15739416,0.14628388,0.20642412,0.20686309,0.10612271,0.05339981,-0.07486301,-0.0663716,-0.07438238,-0.46502787,-0.455252,-0.45830324,-0.45468822,-0.4687136
120,0.3097714,0.45793328,0.30563384,0.29226014,0.33880848,0.3510211,0.35393637,0.25179476,0.41615173,0.37087852,0.24605861,0.27820817,0.29936326,0.3620002,0.26351726,0.2460883,0.11255311,0.24077651,0.21566229,0.15962265,0.42968506,0.46491328,0.31845248,0.4057774,0.4959088,0.40976638,0.35167506,0.2955868,0.23042881,0.2507739,0.27117544,0.25021857,0.33059648,0.31990957,0.40867618,0.47981068,0.511434,0.4588528,0.40966892,0.57360345,0.536092,0.56658345,0.40090132,0.5351763,0.3650311,0.23025264,0.21047395,0.3975763,0.50051737,0.4912344,0.355356,0.53168094,0.45645547,0.74171823,0.5537023,0.508854,0.38576058,0.5707832,0.56128854,0.31609976,0.5095364,0.46244135,0.42902425,0.47470585,0.49711317,0.49729338,0.47011948,0.45257592,0.40514964,0.36861163,0.3711227,0.43098763,0.3962388,0.37478003,0.4632766,0.50303936,0.42350516,0.574573,0.41976407,0.4848178,0.5847796,0.33773893,0.39196643,0.32970887,0.34485096,0.49069425,0.3080324,0.1512062,0.35112497,0.35458708,0.42562217,0.35175994,0.46100467,0.5202721,0.81465966,0.88023174,0.77317274,0.7737632,0.7003856,0.69384533,0.40334567,0.5848589,0.56199616,0.587654,0.5114815,0.3250953,0.3496046,0.43140203,0.28237176,0.43676284,0.5103663,0.33686948,0.16284306,0.7575115,0.6343909,1.0,0.9130162,0.7437779,0.5364912,0.65889764,0.503068,0.37086594,0.5242391,0.5050503,0.39704275,0.264622,0.48447415,0.49790332,0.48529536,0.30420202,0.42098197,0.24293491,0.40439722,0.3425321,0.33707425,0.1592165,0.18756391,0.22437042,0.34032768,0.12338201,0.19329692,0.21315648,0.27131194,0.1653464,0.16876364,0.3533843,0.21259698,0.3484472,0.40882128,0.3950969,0.4381679,0.42617643,0.4410901,0.21517088,0.36276942,0.44256172,0.37971845,0.3000048,0.29488996,0.23329929,0.098317124,0.06490868,0.084232345,0.13358682,-0.013968098,-0.024832333,-0.060288522,0.0019707673,-0.024171099,0.013806376,0.0106533775,0.010701709,-0.025353413,0.07005342,0.104105465,0.08630063,0.05832162,0.044436842,0.14646263,0.20776244,0.061470762,0.3294518,0.38560614,0.374964,0.39376405,0.2996377,0.53570354,0.5152165,0.48912987,0.36410576,0.47073644,0.3636647,0.4646462,0.41452348,0.19062686,0.33156446,0.29286626,0.49153253,0.2658406,0.41090137,0.5050516,0.2879119,0.2823342,0.2715205,0.3317107,0.29966038,0.11699153,0.049607787,0.057486806,-0.009254253,0.03986948,0.08296622,0.03649903,0.0055222204,0.08249966,0.21051115,-0.016238218,0.16103013,0.22392507,0.16465142,0.05360402,0.17958662,0.1707326,0.102651566,0.03389454,-0.037829723,-0.061356485,-0.06425603,-0.06400815,-0.05988077,-0.0404529,-0.08819667,-0.11740331,-0.11474672,-0.038804047,-0.00035653225,-0.05293962,-0.069362745,0.09714009,0.06828779,0.034815468,-0.029673193,0.060621455,0.22518815,0.18680732,0.15012127,0.2757445,0.28629258,0.085752524,-0.069263905,-0.09141725,-0.088665664,-0.07603473,-0.58787316,-0.5693428,-0.5731369,-0.56829786,-0.5924797
121,0.16775945,0.32476547,0.22745486,0.16212603,0.18186271,0.24824513,0.22273806,0.16810691,0.2571259,0.26860583,0.10957456,0.1138357,0.14859259,0.21130823,0.13837963,0.14182597,0.04086307,0.14845379,0.15161605,0.13287915,0.34808165,0.4084462,0.32475036,0.34670892,0.43736917,0.35374746,0.2646011,0.19955428,0.12787768,0.14894615,0.1984852,0.17948483,0.2608419,0.28243664,0.38138446,0.43582258,0.45188862,0.38531283,0.30609944,0.4952761,0.47637814,0.47862592,0.31422988,0.48384494,0.32073277,0.20265113,0.16851424,0.2856664,0.37694472,0.3632835,0.36417744,0.38103005,0.30430362,0.6318696,0.38585106,0.3272043,0.24874052,0.3956755,0.4585538,0.16793327,0.34631357,0.31375748,0.263899,0.32311335,0.36972886,0.38183886,0.35793653,0.32620168,0.27567503,0.25738397,0.24048558,0.29869702,0.2561264,0.25009966,0.34417233,0.39117047,0.31035948,0.51833963,0.30839166,0.4635965,0.54916364,0.32530507,0.35734168,0.31483766,0.3903101,0.55621606,0.36077884,0.17227481,0.40908247,0.40012163,0.5251402,0.44044405,0.6281993,0.6691925,0.86180925,0.85434735,0.6679573,0.6790717,0.5723768,0.59524435,0.32205254,0.4768796,0.4600102,0.47690907,0.362076,0.21836048,0.25439057,0.2827757,0.13504392,0.29843977,0.41356224,0.3191048,0.1487777,0.6761386,0.55167043,0.9130162,1.0,0.84342223,0.66524893,0.7047592,0.46843407,0.32890236,0.6113756,0.58310413,0.4185942,0.3046341,0.58227015,0.542681,0.54378045,0.4002622,0.49880746,0.2624299,0.41672653,0.2981421,0.25699645,0.08331118,0.1209351,0.25185722,0.3948014,0.16800173,0.2961482,0.24758606,0.3875386,0.21073604,0.30947426,0.51686573,0.36755228,0.39541835,0.5577279,0.47159037,0.53835917,0.50671667,0.509491,0.24660984,0.42765006,0.52761036,0.443058,0.3704776,0.40942112,0.2956117,0.18621369,0.12765062,0.19022262,0.24425529,0.011397873,0.061503418,-0.04050037,0.039078336,0.10162004,0.1725701,0.15505484,0.15016545,0.09562524,0.2084329,0.2553504,0.20986058,0.1331988,0.10985888,0.27034023,0.3564588,0.13785806,0.42730257,0.50581145,0.4396878,0.36244732,0.30773434,0.5790949,0.57487386,0.4458707,0.4197551,0.50354683,0.45410764,0.5709451,0.52275926,0.3050506,0.44947505,0.4127262,0.5792018,0.3429688,0.45738405,0.46221593,0.31584805,0.31133342,0.20732227,0.25325787,0.2198231,0.059991363,-0.03368146,0.0037985875,-0.03894358,0.019325335,0.07726216,0.10448941,0.09405657,0.14539884,0.24566257,0.07163344,0.27907196,0.32897538,0.24980928,0.17121252,0.30466568,0.30320138,0.23743676,0.1438909,0.047497667,0.020102829,-0.04671498,0.0034118686,0.0054122387,0.06532206,-0.043435957,-0.07400525,-0.07182838,-0.04983144,0.027416533,-0.038145572,-0.074416235,0.13197245,0.1109052,0.03580198,-0.07982604,0.018620795,0.22472508,0.11981142,0.060765937,0.18430796,0.25857067,0.027149793,-0.17921922,0.005891015,-0.004629317,0.010075882,-0.57640773,-0.5588879,-0.55949306,-0.5548843,-0.5834017
122,0.13499191,0.29687154,0.20248188,0.10111812,0.12134619,0.21282017,0.13915709,0.11308894,0.13782775,0.16260509,-0.006069508,-0.027918456,0.05872528,0.06156772,-0.016726011,0.019317908,-0.08436714,-0.014714153,0.086396605,0.079007275,0.29181147,0.389598,0.36517936,0.34455758,0.446434,0.33565176,0.21433915,0.1586935,0.067852184,0.014310705,0.061243735,0.036575433,0.13234094,0.15683614,0.29657257,0.38535082,0.4051295,0.34407228,0.2847929,0.47840774,0.43786985,0.3945928,0.21520837,0.35678238,0.1992838,0.054623652,0.03277764,0.18430853,0.16005197,0.1356882,0.31886208,0.16353808,0.10023259,0.46338144,0.21165743,0.16592725,0.12884572,0.2762616,0.31917152,0.04283589,0.27334875,0.24929583,0.20586666,0.28280023,0.3638493,0.35730073,0.3533267,0.31152365,0.27631763,0.2296073,0.23172075,0.28439334,0.23293447,0.23139536,0.3432584,0.39396444,0.27115268,0.5457333,0.3140959,0.39171052,0.42134568,0.28560132,0.2625353,0.22043319,0.24507761,0.45684093,0.29040915,0.105896465,0.36121583,0.339005,0.4823187,0.3953588,0.5888739,0.6041161,0.73412514,0.7275894,0.5111675,0.5389528,0.51634693,0.5448148,0.1876363,0.46581194,0.4562535,0.44824228,0.3262844,0.17645809,0.22298867,0.19987243,0.043369196,0.22831093,0.40211615,0.3543349,0.19370528,0.5671435,0.45213813,0.7437779,0.84342223,1.0,0.85398215,0.87594384,0.46094993,0.32898492,0.74995184,0.727128,0.5204681,0.4251423,0.725321,0.6671096,0.67615074,0.4501234,0.6443481,0.32416004,0.46123812,0.29943466,0.21704985,0.009436493,0.035972267,0.3078614,0.4936078,0.214741,0.3363686,0.22503708,0.47112334,0.27756205,0.35618997,0.604954,0.45587033,0.41998753,0.5947621,0.53172725,0.5655631,0.60337204,0.62490386,0.32992634,0.5353183,0.61332077,0.49874568,0.45069116,0.47611436,0.30091935,0.25017834,0.1612231,0.21667984,0.3497404,0.1730972,0.18538824,0.13741307,0.08695654,0.18233345,0.31347725,0.27304587,0.25083876,0.16793892,0.2949105,0.36751354,0.27732313,0.23904018,0.22042465,0.3528041,0.47556907,0.17847832,0.47359762,0.60881454,0.4963018,0.27340844,0.263531,0.5856672,0.61244154,0.35070476,0.44257918,0.51044536,0.55393225,0.6810511,0.6366287,0.43350694,0.52996373,0.4923655,0.6267651,0.37699863,0.40706673,0.36985293,0.27622524,0.19892922,0.06072533,0.116047256,0.08866529,-0.060616076,-0.13596475,-0.11819378,-0.15467976,-0.116534665,-0.0670225,-0.0044396115,0.045477685,0.066625915,0.100897685,0.0041231303,0.29026654,0.30515245,0.20785075,0.20653336,0.38579792,0.35194206,0.30390987,0.17197567,0.08346159,0.11562448,-0.12958924,0.030529588,0.028306467,0.02630309,-0.0025340077,0.04007395,-0.024397185,-0.073427096,0.033178825,-0.042477854,-0.08335073,0.11250505,0.10958464,0.027829507,-0.16747853,-0.035858653,0.18813802,0.051845673,-0.041106112,0.06820492,0.21590497,0.19499128,-0.004420666,0.20556843,0.18597052,0.14103074,-0.5521944,-0.54623073,-0.54192233,-0.5381787,-0.5587096
123,-0.035398524,0.0962865,0.0633793,-0.054884676,-0.0409157,0.07554399,-0.0223596,0.008448016,-0.045210395,0.017197557,-0.12902854,-0.1762909,-0.10717995,-0.083313,-0.10925512,-0.060475048,-0.09901854,-0.054173995,0.03403343,0.057210337,0.18283059,0.28617758,0.33897611,0.23271081,0.32448745,0.19167623,0.05749715,0.0053221127,-0.062650576,-0.116438195,-0.071147196,-0.08479703,-0.014220478,0.01470637,0.15190874,0.23638782,0.2543613,0.18958315,0.13951784,0.32078993,0.3131035,0.2557883,0.10372296,0.26479667,0.13711487,0.069917776,-0.012294747,0.18736199,0.05153629,0.018457294,0.23701923,0.01095782,-0.03728009,0.30233228,-0.0016470619,-0.03724825,-0.021640575,0.045866482,0.1338048,-0.13312027,0.04216655,0.02797816,-0.019096982,0.06622368,0.15805827,0.15203376,0.16743758,0.10627273,0.091670804,0.060455162,0.05080875,0.0835119,0.03547518,0.049696844,0.15560398,0.1969561,0.12039216,0.40646037,0.19582921,0.30256483,0.32656026,0.21367311,0.20346458,0.2304535,0.28298166,0.44171914,0.33196884,0.09599922,0.41393107,0.34589732,0.5793614,0.5133517,0.62439954,0.6082488,0.6354525,0.56242526,0.34455135,0.35887727,0.3070138,0.363939,0.012228343,0.2541386,0.25269282,0.2312555,0.103476085,-0.008111481,0.04204013,0.007277879,-0.13182038,0.010519063,0.22325358,0.33931655,0.23989752,0.3909316,0.31929958,0.5364912,0.66524893,0.85398215,1.0,0.77391595,0.39695704,0.2849571,0.76977557,0.75507027,0.46042073,0.4073973,0.7443456,0.6487753,0.68053323,0.43235168,0.64944875,0.33604166,0.43391684,0.23988882,0.12805125,-0.05193215,-0.008091808,0.33298826,0.5089597,0.22928233,0.4039209,0.22999364,0.53084934,0.32802746,0.44409788,0.6531423,0.541927,0.36910465,0.6118327,0.5378642,0.570645,0.6170267,0.6356772,0.3384487,0.5684314,0.65358216,0.5145031,0.50082695,0.57509345,0.338138,0.36573267,0.22311424,0.32545725,0.43566787,0.27187058,0.33959574,0.27204788,0.18900388,0.3526822,0.44982582,0.43889335,0.41066507,0.31821412,0.43300882,0.5097597,0.3707463,0.35794455,0.326947,0.48800763,0.6070791,0.29399785,0.5512417,0.6814028,0.56448346,0.22559717,0.277213,0.55717576,0.57292634,0.20325935,0.37166744,0.40906915,0.56867737,0.68760043,0.64769804,0.54376805,0.5907506,0.5668081,0.6321387,0.43639776,0.39884907,0.25066984,0.2846571,0.20162296,-0.0152336415,0.015180624,-0.011235188,-0.09054674,-0.1691087,-0.12270111,-0.13861945,-0.090864785,-0.04739288,0.06831848,0.11501101,0.13571553,0.14238185,0.10466862,0.39734873,0.37225074,0.29437518,0.33168727,0.4844446,0.45829722,0.42499104,0.30434167,0.21933606,0.24902529,-0.042876594,0.17454484,0.16955192,0.17143002,0.13001627,0.13039401,0.11676449,-0.009996788,0.156813,0.08686365,0.03176104,0.20388208,0.16434166,0.13579765,-0.15152359,-0.08211531,0.23934135,0.024584886,-0.07515066,-0.011510492,0.21374038,0.15684909,-0.014510601,0.22254871,0.19837345,0.1382086,-0.48669654,-0.48072115,-0.47812274,-0.47718126,-0.4952742
124,0.24238832,0.40396774,0.2985863,0.20400493,0.21234187,0.29758736,0.23096026,0.1784383,0.21168439,0.2217576,0.062423486,0.036191855,0.1370481,0.10173189,0.0052998723,0.043414664,-0.088632844,-0.033973712,0.12705612,0.09553109,0.38692987,0.48989442,0.41033316,0.45167035,0.5587751,0.45133087,0.3341643,0.26936102,0.16091938,0.09828469,0.14037368,0.11292507,0.21468647,0.22244166,0.37526613,0.4855381,0.5074223,0.4552474,0.37886035,0.5751113,0.52260697,0.46303025,0.2560542,0.37547153,0.18956268,3.251922e-05,0.017492272,0.17036007,0.12515278,0.08416405,0.27604967,0.13458623,0.09969143,0.429923,0.22957821,0.21064857,0.17624111,0.33825612,0.33749637,0.09192333,0.35442176,0.30120435,0.29082456,0.37624606,0.4663442,0.43492487,0.45224917,0.40877727,0.37679678,0.3394361,0.33580762,0.3911069,0.32636172,0.34878772,0.46031344,0.50574976,0.3550223,0.61414623,0.38139206,0.43240458,0.41543385,0.3082385,0.23547284,0.18726678,0.17236364,0.40544635,0.23653345,0.08080924,0.33082587,0.35085708,0.4103598,0.32008785,0.52062225,0.52436846,0.64532745,0.69815093,0.50988305,0.5541399,0.56390375,0.59541047,0.2249643,0.55453575,0.5432026,0.5145753,0.41635403,0.1973499,0.25380856,0.20143591,0.064596824,0.23906259,0.418637,0.386476,0.28063297,0.5567021,0.41471252,0.65889764,0.7047592,0.87594384,0.77391595,1.0,0.5079691,0.37299418,0.8181533,0.80382365,0.61232555,0.48691925,0.78784364,0.74705595,0.75882524,0.46953082,0.71766365,0.3964263,0.55533487,0.41069245,0.32602105,0.06852905,0.100529455,0.37370417,0.5586153,0.2409576,0.34805995,0.22240737,0.5053064,0.33003223,0.3541134,0.62125266,0.4679717,0.454528,0.60140055,0.5672854,0.5651741,0.65916204,0.7005764,0.38709566,0.6093782,0.67880946,0.54949015,0.51270276,0.5103906,0.3266624,0.27624106,0.19508155,0.22227564,0.32651153,0.17129266,0.16590367,0.12672712,0.07509573,0.1601486,0.27581143,0.23122184,0.20378472,0.12031887,0.24358664,0.31622398,0.23640391,0.19085014,0.17467706,0.30881786,0.45111167,0.1601072,0.44778267,0.59505534,0.5489629,0.32202795,0.27149972,0.6090783,0.66533744,0.43650967,0.4661275,0.5705785,0.5849603,0.6806914,0.62585247,0.39766765,0.4878218,0.441866,0.6099356,0.33272916,0.3655059,0.41250473,0.26580617,0.16531561,0.056843158,0.14824,0.122258894,-0.07493236,-0.14274494,-0.14528988,-0.18042286,-0.14322443,-0.10240105,-0.060402703,-0.0001491794,0.012874424,0.04812409,-0.046586677,0.22011839,0.23995909,0.13386968,0.13770233,0.32152367,0.26505935,0.21943465,0.09676037,0.021994723,0.058029156,-0.15377729,-0.014769488,-0.01609769,-0.020633603,-0.05529162,-0.010239702,-0.071672134,-0.0989765,0.005662521,-0.058633104,-0.093466684,0.08969499,0.10027902,0.032586005,-0.12912475,-0.03976754,0.22172411,0.13434622,0.028648747,0.14749058,0.28026763,0.24114428,0.023337612,0.15392578,0.14114216,0.11457899,-0.59026134,-0.58665097,-0.58207357,-0.57691944,-0.5974242
125,0.29692847,0.4025769,0.28488111,0.32020038,0.3529517,0.35876417,0.35407323,0.2635748,0.36610234,0.3225853,0.27376866,0.2770938,0.2998643,0.32190856,0.2795749,0.22180958,0.18932466,0.2497487,0.24131879,0.20507279,0.44348526,0.4620308,0.37034988,0.38625693,0.46235433,0.3728753,0.3215503,0.2539501,0.20776653,0.21689256,0.21742527,0.20487884,0.23448578,0.1776857,0.27143395,0.3909267,0.41905966,0.40313935,0.3645309,0.4800787,0.47704828,0.51077694,0.3646194,0.46920627,0.30819082,0.23991716,0.13851415,0.4139478,0.34614944,0.32035136,0.13837497,0.35343185,0.32754585,0.43914172,0.3834494,0.3850844,0.3335168,0.4393214,0.359719,0.27253452,0.4260188,0.36253664,0.3709865,0.41557625,0.42494315,0.36825597,0.3859898,0.38768062,0.35311535,0.3141009,0.33550096,0.38372427,0.3557727,0.3536442,0.40785855,0.4325919,0.35892537,0.4120883,0.3683646,0.34890956,0.49680454,0.26885054,0.33051232,0.31397718,0.27182317,0.46392196,0.36789677,0.22519979,0.414619,0.4455085,0.3007095,0.25293213,0.28437826,0.27021518,0.53749895,0.530938,0.54750824,0.56069386,0.5384464,0.548061,0.3106418,0.45746914,0.43616036,0.44243994,0.4281736,0.22718772,0.25110167,0.28572866,0.2242957,0.28068265,0.33673865,0.27282903,0.20326836,0.4597607,0.33715928,0.503068,0.46843407,0.46094993,0.39695704,0.5079691,1.0,0.85571516,0.45283878,0.44764793,0.28859976,0.20369717,0.42386642,0.4288698,0.4555475,0.29099753,0.38691893,0.2472639,0.44561452,0.4075046,0.39595118,0.22642043,0.28488284,0.3288159,0.410125,0.16264248,0.26735187,0.21473882,0.31585142,0.22116296,0.22481292,0.32566524,0.23650487,0.26692557,0.31468818,0.3501938,0.3478836,0.40416238,0.41242942,0.21450116,0.31949747,0.37831312,0.31993628,0.2693891,0.24912451,0.20067982,0.17323324,0.100526385,0.09807882,0.17420723,0.087589145,0.06886862,0.043721013,0.06942108,0.03168967,-0.008352457,0.056212295,0.051181782,0.021324715,0.09292122,0.104146786,0.07057885,0.111425795,0.09551616,0.16701916,0.17857209,0.12824684,0.30402553,0.31114978,0.3833666,0.37351888,0.3024182,0.41752112,0.4095246,0.3788262,0.23824996,0.3250047,0.27423763,0.32587838,0.2774048,0.1556176,0.25458407,0.22730784,0.377387,0.23486778,0.33714947,0.3956861,0.2671947,0.26281747,0.27546522,0.3099063,0.2695897,0.17558935,0.120159484,0.13541171,0.046135053,0.030248776,0.13095656,0.06083514,-0.0038019614,0.108301036,0.20311296,0.04991015,0.1473749,0.15059917,0.13263288,0.07986251,0.12762092,0.107061245,0.08277909,0.07388147,0.04794957,0.033633914,0.08008712,0.033526126,0.051595706,-0.008606281,0.014356633,0.002119882,0.008127149,0.0403748,0.09649902,0.072077565,0.06764344,0.1604519,0.08159952,0.15373243,0.081418194,0.066117756,0.28832504,0.25432438,0.21599738,0.28095344,0.29184058,0.14687456,0.079363264,-0.0867745,-0.078872755,-0.092343435,-0.53689003,-0.5173652,-0.5276648,-0.5273689,-0.53936714
126,0.23454857,0.31766438,0.20763005,0.259718,0.29582015,0.29167113,0.28085238,0.20711032,0.3044292,0.25159696,0.23332895,0.24486735,0.25968635,0.26876172,0.23336485,0.17225872,0.15619981,0.20713368,0.1989506,0.16229019,0.34062865,0.34815857,0.28133476,0.29060033,0.3493884,0.2722391,0.23981574,0.19198407,0.17071252,0.17516096,0.1692513,0.16082923,0.17149746,0.113795765,0.18164602,0.27901793,0.30549255,0.30152136,0.28845513,0.3627005,0.361396,0.3940518,0.27759534,0.35662648,0.24749196,0.18865868,0.09070524,0.34746748,0.28160363,0.2643268,0.08234691,0.29747808,0.27093008,0.3395943,0.31649637,0.3215062,0.27964014,0.3608025,0.2793315,0.23348527,0.34589666,0.29728505,0.30387813,0.33621818,0.33686006,0.29261824,0.29486415,0.31083256,0.28282556,0.25402874,0.27148333,0.3057342,0.2886288,0.2827496,0.3202725,0.3365705,0.28875118,0.29774335,0.29856023,0.2515922,0.3758335,0.19898267,0.2678876,0.2439587,0.19165923,0.34018746,0.27639645,0.16703282,0.31758192,0.34639242,0.21195054,0.17492175,0.18194717,0.17071378,0.39529812,0.38618642,0.42917094,0.43900955,0.42458412,0.4305547,0.23717691,0.35304022,0.33618432,0.34109193,0.34119886,0.1827169,0.19777887,0.24502426,0.2010668,0.22964053,0.25726962,0.20448402,0.15139166,0.3600207,0.26130182,0.37086594,0.32890236,0.32898492,0.2849571,0.37299418,0.85571516,1.0,0.3174403,0.3086345,0.18945889,0.13741466,0.29646796,0.30217937,0.32262123,0.19637477,0.2728765,0.17881984,0.32932094,0.30586088,0.30255893,0.19178015,0.21390076,0.24473155,0.2984899,0.1174437,0.18334883,0.14497112,0.21514326,0.15346918,0.14617278,0.2147898,0.15502168,0.1923525,0.2074943,0.24871017,0.23967639,0.30256626,0.30559152,0.17372394,0.22388354,0.267581,0.2385846,0.18585037,0.15884817,0.14026152,0.114216916,0.067014135,0.043599933,0.11065179,0.071076,0.03949139,0.041642573,0.033561144,0.0052122627,-0.029658902,0.024245964,0.022356883,0.0018268358,0.055984847,0.060328193,0.04029253,0.089308485,0.08785041,0.11645968,0.11407305,0.090349965,0.22442089,0.2198346,0.2870738,0.29698136,0.2371765,0.31324303,0.2995084,0.29708442,0.16144346,0.2325696,0.1704803,0.22913454,0.19200782,0.09395955,0.1824947,0.16485007,0.2794958,0.17780207,0.25889534,0.3138418,0.20608038,0.21235952,0.24165499,0.26344696,0.2318902,0.15541905,0.111872405,0.1266763,0.036680624,0.014467428,0.109711856,0.03703591,-0.027947268,0.07920781,0.16180217,0.034377556,0.10009289,0.09805778,0.09327983,0.045008488,0.08260988,0.06474808,0.04721145,0.049334623,0.03342315,0.02134565,0.07992351,0.026757222,0.048567463,-0.024817474,0.015592303,0.016258841,0.015229632,0.042469285,0.07553691,0.060866233,0.05988564,0.12408544,0.07164932,0.12893845,0.07909631,0.04488844,0.22644165,0.21231739,0.19072089,0.2365292,0.23522465,0.14692964,0.114201166,-0.06522946,-0.053681523,-0.0805068,-0.41178676,-0.39590767,-0.40515748,-0.40538415,-0.41301548
127,0.22414792,0.3695377,0.33439428,0.20498157,0.18661562,0.28361216,0.21868424,0.20052601,0.15389776,0.1963593,0.054970544,-0.005965205,0.09366815,0.045582946,-0.0028006008,0.022211604,-0.04675102,-0.020539898,0.14307815,0.14595246,0.461847,0.5842413,0.51017195,0.520218,0.6310369,0.48700288,0.34348246,0.25912577,0.13796486,0.071757495,0.12223356,0.09964465,0.22049817,0.2462835,0.4094156,0.5457064,0.5527686,0.473989,0.37687308,0.59484226,0.5814311,0.48783103,0.26623073,0.40784234,0.19067179,0.05216093,0.0028119688,0.096560694,0.051920086,-0.0216838,0.2423534,0.016618226,0.020920474,0.32223305,0.1224448,0.110717975,0.12083451,0.23817983,0.25184777,0.022207716,0.2686227,0.19570151,0.21212626,0.31575477,0.41734606,0.3766388,0.41476762,0.3323316,0.33109504,0.29017588,0.28589544,0.34915614,0.27280673,0.31541303,0.4376367,0.47550416,0.3434085,0.6137393,0.36092195,0.46345162,0.43412468,0.28225046,0.18729098,0.26750523,0.2327026,0.47935608,0.366174,0.16746476,0.43412614,0.4126107,0.44762385,0.38252825,0.535181,0.5041245,0.6071218,0.60182357,0.41487023,0.4732271,0.4550569,0.5072728,0.16333593,0.49670905,0.48786992,0.43647116,0.3437949,0.12667967,0.18351218,0.07164497,-0.028059209,0.119708255,0.308498,0.32478955,0.27938724,0.4507258,0.31475604,0.5242391,0.6113756,0.74995184,0.76977557,0.8181533,0.45283878,0.3174403,1.0,0.97249126,0.58545023,0.477983,0.9494699,0.9063153,0.93509483,0.5548057,0.88613784,0.4850953,0.7165462,0.5426578,0.42026982,0.10190827,0.20044436,0.5400042,0.72049165,0.2918693,0.53135246,0.336118,0.6555589,0.40660363,0.4933895,0.72987854,0.59256274,0.5155986,0.70600975,0.66720194,0.64674574,0.77103174,0.79425746,0.39540437,0.74037915,0.81943583,0.6256287,0.6493308,0.6977127,0.37497702,0.3921159,0.25452307,0.35806572,0.43789923,0.24222237,0.28523162,0.2123116,0.22028743,0.25297073,0.36626586,0.34072486,0.29742542,0.19013023,0.3358663,0.42303887,0.28773218,0.2511673,0.2242159,0.40833664,0.5891431,0.23594865,0.5374329,0.71890634,0.68334293,0.35026833,0.31091008,0.6815081,0.75737363,0.42721546,0.4945412,0.61625767,0.7249331,0.7907466,0.72596234,0.50201714,0.5826459,0.537846,0.692557,0.3942693,0.3962021,0.41024533,0.275558,0.17682895,-0.0053379866,0.09540838,0.063558154,-0.13498735,-0.20897245,-0.20696327,-0.20305678,-0.12058544,-0.1276052,-0.024757791,0.03250956,0.04700149,0.08203453,-0.0073501174,0.30341744,0.33012798,0.19789308,0.20610958,0.41708997,0.34075528,0.29100326,0.15968183,0.061973527,0.08840036,-0.15678495,0.05867956,0.037246786,0.08066043,0.008753337,-0.0021623229,-0.009469096,-0.10078623,0.08206086,0.009493744,-0.04764467,0.1504773,0.1371214,0.09086472,-0.1231603,-0.06911048,0.2840292,0.15293871,0.02428569,0.13478325,0.3368864,0.22316457,-0.07068177,0.14482518,0.12731704,0.09345486,-0.6322956,-0.6372534,-0.62401545,-0.6163993,-0.6410935
128,0.25217494,0.38601133,0.35736108,0.23961134,0.21397279,0.30111784,0.25311318,0.2264469,0.18345644,0.2175841,0.097501494,0.03647669,0.12322658,0.08173282,0.04394236,0.04810242,0.0016805828,0.027779551,0.1669958,0.17617792,0.5000535,0.6134416,0.5397948,0.5368571,0.6438858,0.48024103,0.3480607,0.27188995,0.15789519,0.08114672,0.12038508,0.09732119,0.22194426,0.24680577,0.39745802,0.5329746,0.55010676,0.46993375,0.38688344,0.6061671,0.60426253,0.51741594,0.29942203,0.43653527,0.2065592,0.09431195,0.028455675,0.12050814,0.08098826,-0.0025198436,0.22991838,0.033338517,0.050452206,0.33663082,0.13305497,0.13536142,0.14968881,0.25392613,0.25384697,0.05365303,0.283854,0.2083195,0.23005396,0.33053777,0.42479786,0.37923232,0.4196208,0.3345252,0.34549338,0.30049482,0.30391032,0.36325678,0.29084527,0.33110586,0.44746125,0.48093116,0.35702294,0.6126301,0.38342786,0.46787527,0.4489816,0.28742313,0.20019019,0.29064482,0.2449463,0.47133055,0.369606,0.17448026,0.42855486,0.3999437,0.44555208,0.38520542,0.51553637,0.48239362,0.5943609,0.6017749,0.42641273,0.48168227,0.46076468,0.49951938,0.15293127,0.49490365,0.48569396,0.43188873,0.35106942,0.13376965,0.1909705,0.083405204,-0.008422551,0.12756121,0.30185363,0.31131542,0.27639776,0.45780367,0.3201385,0.5050503,0.58310413,0.727128,0.75507027,0.80382365,0.44764793,0.3086345,0.97249126,1.0,0.5940589,0.50144994,0.94803005,0.9000163,0.9486717,0.551271,0.8744701,0.4919711,0.7253448,0.5761158,0.4608257,0.1405148,0.25208816,0.57904917,0.743978,0.287861,0.5521779,0.36676666,0.6638415,0.40794158,0.48457098,0.7130893,0.5815932,0.5047816,0.6766572,0.6290764,0.61840165,0.7437644,0.7625996,0.3717689,0.70480543,0.7840947,0.59838325,0.6188981,0.6651035,0.3548862,0.37824926,0.24285828,0.34068036,0.41107816,0.26175857,0.294016,0.2390673,0.23751998,0.2448572,0.35110196,0.33104733,0.2918702,0.19143437,0.3269172,0.40993425,0.2905953,0.2518022,0.22920386,0.398649,0.57243955,0.23434374,0.52515656,0.69748294,0.66504985,0.34549522,0.31256142,0.6610098,0.7257811,0.40329197,0.4527272,0.5865526,0.6928641,0.7661278,0.70280534,0.4970774,0.56738144,0.52383924,0.6720831,0.38514826,0.38856453,0.39618218,0.27244836,0.17433529,0.0022750502,0.1031843,0.073536046,-0.12198403,-0.18666762,-0.19090204,-0.18545997,-0.09716133,-0.11851646,-0.019088034,0.036259152,0.052009948,0.07994127,-0.0028977715,0.2968305,0.31974322,0.19285902,0.2026684,0.404435,0.32821757,0.27959117,0.15612847,0.065930866,0.098387346,-0.1498163,0.07534939,0.045703743,0.088706926,0.031283855,0.015251177,0.012875744,-0.079675354,0.100328825,0.029318865,-0.030286111,0.1593665,0.14006154,0.10082961,-0.110689595,-0.049428876,0.27943456,0.14966461,0.030110069,0.1338341,0.32406962,0.23365867,-0.043126937,0.14716631,0.13190207,0.09262684,-0.639964,-0.6502363,-0.6359629,-0.6277717,-0.64846075
129,0.2110893,0.31719285,0.27435976,0.18601973,0.17992662,0.22989081,0.19819665,0.14627197,0.16689079,0.175617,0.08011821,0.05038947,0.12537676,0.08539314,0.024817532,0.05484105,-0.037363414,-0.002237185,0.093878515,0.09376679,0.34119302,0.41108266,0.32531008,0.3716095,0.4461172,0.36385113,0.27754363,0.22308478,0.15199143,0.093009986,0.12293682,0.104795896,0.19536686,0.20646392,0.31655267,0.39840588,0.42475736,0.38130555,0.3112188,0.449385,0.4219364,0.3699064,0.21856888,0.29028806,0.12992418,0.021918505,0.01234433,0.082104675,0.071518384,0.036164697,0.19935876,0.072637774,0.07212133,0.27307734,0.13864854,0.14908503,0.142462,0.23847076,0.2299752,0.077715516,0.2585936,0.21364763,0.2131135,0.28127405,0.3430266,0.3205153,0.33463794,0.28784338,0.28426343,0.26074752,0.25418046,0.2969246,0.24617356,0.27835092,0.35616606,0.38268307,0.29180863,0.4376063,0.29959255,0.34786436,0.2882851,0.20642029,0.1315252,0.15098348,0.10928697,0.28645837,0.18663473,0.07835819,0.24288197,0.25025502,0.25561807,0.20383021,0.32162783,0.32278097,0.4166598,0.45698464,0.33634043,0.37951657,0.37777537,0.40272686,0.17799999,0.39621773,0.38469458,0.35190186,0.30216038,0.1266353,0.16883913,0.11972969,0.031919066,0.14483891,0.2675399,0.25458103,0.20376736,0.37704533,0.26929575,0.39704275,0.4185942,0.5204681,0.46042073,0.61232555,0.28859976,0.18945889,0.58545023,0.5940589,1.0,0.34269258,0.56434417,0.5496614,0.5653475,0.3227573,0.5315491,0.31064886,0.4294082,0.35393497,0.29950866,0.08716005,0.1394576,0.32214662,0.4403378,0.18035671,0.29018527,0.18187161,0.3733503,0.24993615,0.2463296,0.41693598,0.31746158,0.31740886,0.40613225,0.3843853,0.37118843,0.46090963,0.476654,0.26683637,0.4284449,0.47871852,0.39002275,0.36863095,0.37631685,0.22503582,0.19583938,0.13307011,0.16834526,0.21799637,0.12599818,0.11972739,0.090676434,0.06661244,0.12226045,0.2074479,0.1614684,0.13873667,0.08046762,0.16881943,0.2180308,0.16406399,0.120845705,0.11398047,0.20982918,0.32343146,0.108076364,0.30561686,0.41942582,0.39652786,0.23317944,0.1833162,0.43211073,0.4548946,0.2962164,0.313316,0.408163,0.40935433,0.48849607,0.4513085,0.27190164,0.34493896,0.31705958,0.4285064,0.22313318,0.2507895,0.29825976,0.16958976,0.098554805,0.02899795,0.09808359,0.078951165,-0.07084468,-0.114649884,-0.122412756,-0.13542221,-0.08951466,-0.08295521,-0.044346306,-0.003220682,0.00034499858,0.03176434,-0.04624247,0.14598686,0.17260295,0.093513645,0.079296164,0.22154495,0.17400423,0.13381115,0.046444893,-0.0133433575,0.004609903,-0.11157408,-0.014465299,-0.025364872,-0.0066909054,-0.046246134,-0.017773706,-0.060653627,-0.08386799,-0.0027138866,-0.049581468,-0.07691621,0.054280657,0.043853316,0.01201139,-0.08059914,-0.032754295,0.14494449,0.089678034,0.014767835,0.10740453,0.18794152,0.16844551,-0.0012749623,0.09604808,0.088098645,0.07203429,-0.42797795,-0.42915723,-0.42362243,-0.41925815,-0.43316084
130,0.104526535,0.16380043,0.14105177,0.075170934,0.07419771,0.12698832,0.08631813,0.08953222,0.060484998,0.08369481,0.0044486546,-0.020974047,0.026047185,0.008509139,-0.008837115,0.002915891,-0.015304544,-0.01053952,0.033228967,0.15647428,0.21477073,0.278245,0.31053445,0.22109175,0.28520957,0.18080382,0.12997775,0.11448224,0.070267566,0.0075945505,0.033898212,0.013162876,0.074160606,0.08246902,0.15629433,0.1840953,0.19513042,0.15666258,0.16433465,0.27476737,0.28032535,0.24016272,0.12150452,0.19670108,0.096978396,0.052545823,-0.0069813947,0.07044577,0.019125836,-0.014265807,0.13684988,0.0007583915,-0.0016698784,0.16587763,0.033124793,0.04261597,0.063238025,0.10339907,0.11282786,-0.0064817998,0.1150561,0.10170869,0.09351163,0.13541165,0.18109865,0.17852052,0.17521521,0.14846316,0.14172438,0.12796998,0.12739925,0.15012178,0.12051928,0.13884147,0.1907798,0.20957012,0.14880271,0.3064983,0.18274108,0.21732375,0.19331422,0.13352302,0.10120257,0.16451624,0.1627973,0.21819296,0.20640306,0.059414577,0.2444895,0.20412949,0.2889985,0.263906,0.30299515,0.26057053,0.30921575,0.3167483,0.20769809,0.24431863,0.22957288,0.25370592,0.037437942,0.2164935,0.2115802,0.18916745,0.15153128,0.02816883,0.062506594,0.04798524,-0.021809831,0.055618003,0.15069667,0.19545189,0.14827117,0.25753048,0.19017336,0.264622,0.3046341,0.4251423,0.4073973,0.48691925,0.20369717,0.13741466,0.477983,0.50144994,0.34269258,1.0,0.5018635,0.4253635,0.46678144,0.29412746,0.42527562,0.27352014,0.34107184,0.24811965,0.18400362,0.021221146,0.065324016,0.30529785,0.43172005,0.17882612,0.29090944,0.20140377,0.39812404,0.26009536,0.26297754,0.37769282,0.30857447,0.24879166,0.3615436,0.2928082,0.3150272,0.39065087,0.378352,0.18424341,0.32320058,0.37537855,0.30164322,0.27340782,0.31225538,0.21204057,0.1985895,0.15171841,0.14096671,0.21234506,0.1998722,0.21426502,0.17875703,0.14152679,0.1842644,0.21882327,0.22538677,0.21315059,0.16228853,0.21692644,0.2667079,0.21791519,0.20413798,0.20078082,0.25334403,0.32734242,0.16307607,0.29788843,0.37592012,0.32543004,0.14190881,0.15563858,0.31704068,0.34389985,0.14009422,0.23075318,0.2748724,0.3317561,0.39765885,0.3641213,0.29896998,0.3098912,0.29814354,0.34632587,0.22010827,0.21017054,0.15400262,0.15300617,0.08707524,-0.01697843,0.016558707,0.0062426142,-0.053252634,-0.087715834,-0.074208595,-0.07754058,-0.025653124,-0.047538202,0.006034783,0.057968684,0.04845595,0.03964818,0.012364541,0.1974334,0.20370732,0.13790607,0.15435918,0.22016674,0.2302602,0.20779699,0.12785068,0.079814665,0.11417392,-0.0570175,0.08631727,0.06602637,0.06119122,0.06927079,0.07893699,0.05870387,-0.0072772847,0.08787961,0.043266386,0.017700221,0.1143593,0.105087906,0.074086614,-0.083155945,0.0011920774,0.13837093,0.03875705,-0.029369324,0.012755799,0.12885138,0.11971107,0.020827183,0.110734515,0.09998827,0.084646896,-0.34178725,-0.3402233,-0.33420384,-0.3328304,-0.34581175
131,0.18758836,0.3248967,0.30452505,0.16497242,0.14756943,0.2515025,0.17793025,0.17022783,0.10582311,0.15993603,0.014553725,-0.047935653,0.053913407,0.001596025,-0.040935196,-0.013331305,-0.06633045,-0.047891233,0.1126708,0.15624724,0.43153363,0.5564857,0.5090023,0.48571774,0.59793967,0.4521945,0.31116104,0.2294214,0.11838795,0.044147518,0.099483766,0.074192725,0.19676375,0.22775368,0.3915075,0.51170707,0.5141555,0.4356652,0.34388077,0.5537519,0.5496783,0.44858065,0.23711199,0.37967592,0.16045402,0.040919006,-0.026500408,0.06263117,0.008173723,-0.058887836,0.24078406,-0.02506564,-0.024266819,0.27265814,0.07685656,0.058659464,0.080643624,0.186137,0.20768316,-0.015483906,0.21966708,0.15269358,0.16629942,0.26766342,0.3740618,0.33546808,0.37679878,0.29166406,0.2897777,0.2475035,0.24361418,0.30472454,0.23003499,0.27658015,0.39571396,0.4323608,0.30097562,0.5656508,0.31899884,0.4360067,0.39437562,0.26566073,0.15851343,0.25387037,0.23693809,0.46591702,0.36992863,0.17295063,0.43439856,0.40576482,0.4477806,0.38459566,0.53867304,0.49789277,0.5754189,0.55729955,0.36043763,0.42563462,0.4003701,0.46436635,0.13976932,0.45391834,0.44834298,0.39491576,0.30083373,0.08609493,0.14734398,0.022305664,-0.0718493,0.069686994,0.26244712,0.3061248,0.27183142,0.41844556,0.28131053,0.48447415,0.58227015,0.725321,0.7443456,0.78784364,0.42386642,0.29646796,0.9494699,0.94803005,0.56434417,0.5018635,1.0,0.87859595,0.9307478,0.572101,0.8909359,0.48245826,0.7088428,0.5186347,0.38946545,0.0826854,0.18088853,0.5383885,0.73031116,0.28678238,0.55453014,0.35071507,0.69040775,0.37377182,0.5255419,0.7584692,0.6278718,0.5345688,0.7136027,0.6514314,0.64249665,0.76540446,0.77089036,0.37994972,0.70651656,0.7841304,0.608026,0.61168283,0.66662717,0.3636581,0.37896046,0.24946557,0.34740397,0.42884475,0.24169856,0.28714818,0.20678198,0.21141782,0.2608142,0.38698164,0.3523559,0.30777636,0.2008618,0.3456227,0.42912048,0.30033827,0.24726017,0.22423112,0.40831068,0.5880886,0.23320672,0.5244601,0.7100891,0.650383,0.3074575,0.28471002,0.65375936,0.73149663,0.3921076,0.49235213,0.5961143,0.7178282,0.78292805,0.7206545,0.50105876,0.58172315,0.54144937,0.67751855,0.38804054,0.3812088,0.36911035,0.25268674,0.16176555,-0.03293026,0.062189907,0.035053413,-0.156847,-0.22928436,-0.22533008,-0.22081403,-0.13006096,-0.14277436,-0.031551816,0.033976644,0.037215482,0.08255983,-0.0069797253,0.30577916,0.33265433,0.19826679,0.20761433,0.414636,0.34931374,0.30142987,0.1639614,0.05758428,0.08423061,-0.16401085,0.055037472,0.03275804,0.081513844,0.0029159123,-0.002365586,-0.016028695,-0.11464855,0.06553281,-0.008873991,-0.065139525,0.13304213,0.123012185,0.06463458,-0.1587313,-0.08639452,0.24512173,0.101031296,-0.025818322,0.08510155,0.2930424,0.18806358,-0.09808327,0.1642174,0.14251512,0.11059918,-0.5934445,-0.59578395,-0.5825345,-0.5748778,-0.6024956
132,0.3657851,0.51528317,0.462415,0.3490276,0.32340497,0.390874,0.352051,0.29832,0.28731078,0.29595616,0.17571954,0.12287488,0.22904865,0.14654398,0.0864114,0.08481448,0.0015920425,0.024525158,0.19837257,0.14609133,0.5590163,0.67197496,0.50797135,0.62419087,0.7337309,0.59043145,0.4604569,0.37588206,0.23017243,0.16344777,0.19067492,0.16121884,0.3001114,0.30878246,0.47170013,0.6424163,0.6552245,0.5734566,0.47963363,0.6936405,0.66183966,0.56794995,0.3329433,0.42914042,0.20265613,0.038326256,0.02607567,0.080478884,0.079593904,0.005887916,0.18990566,0.072103105,0.09750279,0.3285502,0.23958704,0.2303975,0.21164255,0.36549518,0.31886542,0.14964691,0.40727898,0.31047878,0.36552572,0.46420792,0.5579052,0.5067689,0.54788476,0.46586642,0.47723445,0.4334773,0.428374,0.5017722,0.42378992,0.4538346,0.5729884,0.61050045,0.46321997,0.6762547,0.46405295,0.48594332,0.45158952,0.27731186,0.16823217,0.23280224,0.15023704,0.40117493,0.2979791,0.13884993,0.34621018,0.33592236,0.30987614,0.25330606,0.3957271,0.37789547,0.54122174,0.5665143,0.43588972,0.5068095,0.5278921,0.55006564,0.18753642,0.6210063,0.61537313,0.56216687,0.48554707,0.2764047,0.3269579,0.15267576,0.10444267,0.23988254,0.3699509,0.21006681,0.19974114,0.4768841,0.3182147,0.49790332,0.542681,0.6671096,0.6487753,0.74705595,0.4288698,0.30217937,0.9063153,0.9000163,0.5496614,0.4253635,0.87859595,1.0,0.93546623,0.52795595,0.88581765,0.5022517,0.74478704,0.62343293,0.5207598,0.16803427,0.2709799,0.54611874,0.69444394,0.25131053,0.4566811,0.3106504,0.5670523,0.3547384,0.37250605,0.60575104,0.46789137,0.4943561,0.60333323,0.5935101,0.5678958,0.69161683,0.7140757,0.3503062,0.65773535,0.7186058,0.55129015,0.5558291,0.554912,0.2476315,0.23439679,0.1285821,0.22860001,0.33412853,0.15541506,0.13539201,0.15921658,0.17614332,0.047782134,0.1874368,0.14772284,0.099262,-0.001651149,0.15498063,0.22793423,0.12986493,0.08367432,0.075312436,0.22191761,0.41628402,0.076967224,0.38515165,0.59059954,0.56721205,0.3182241,0.20795274,0.6407806,0.7189849,0.47008988,0.48011005,0.63024807,0.68323493,0.7337549,0.6829699,0.37678012,0.4697852,0.41524354,0.6081766,0.26695308,0.30094486,0.43925595,0.18477198,0.07771858,-0.03154457,0.103122406,0.085138574,-0.19876677,-0.241178,-0.27811512,-0.28377867,-0.17235318,-0.22603348,-0.1781432,-0.11676214,-0.10703952,-0.019899046,-0.1665713,0.123922884,0.17783783,0.045483686,0.029175263,0.2979958,0.15752931,0.09923984,-0.024356497,-0.10021101,-0.05066529,-0.26114833,-0.099536374,-0.13005628,-0.08034226,-0.13023522,-0.123498484,-0.15034598,-0.19040123,-0.04947089,-0.11708018,-0.1610892,0.005827744,0.040480856,-0.03280654,-0.1651193,-0.10205893,0.17308195,0.13269451,0.017057605,0.15606797,0.31060812,0.23412187,-0.039462823,0.047832195,0.038295783,0.012755524,-0.5770855,-0.5954316,-0.5775657,-0.5663635,-0.58441937
133,0.35677898,0.48681682,0.4539419,0.34521487,0.31159434,0.3821169,0.34830943,0.30593526,0.26492825,0.28201255,0.17681424,0.113320686,0.20970507,0.13930659,0.09808662,0.081755474,0.0384782,0.059363574,0.20668216,0.20268634,0.5983227,0.7097509,0.5845288,0.62713754,0.7405683,0.5709102,0.44176203,0.3555278,0.2292855,0.15194802,0.18279588,0.15301688,0.29032633,0.30329436,0.46139687,0.6140801,0.6347902,0.54698575,0.47609052,0.6904762,0.68859446,0.5926817,0.35201705,0.4786168,0.22473443,0.10034114,0.034003187,0.11436153,0.08754386,-0.0010614181,0.20290278,0.05133538,0.0836851,0.32875612,0.19374934,0.19902378,0.19973697,0.3296271,0.29051307,0.12063709,0.37273812,0.27769458,0.32800707,0.42865026,0.517,0.46067876,0.5016993,0.41840294,0.4388166,0.3835572,0.39450687,0.46471253,0.38901412,0.4293939,0.5453302,0.57485986,0.43852267,0.66874504,0.4443174,0.49573952,0.48605266,0.2953088,0.19365624,0.2997496,0.21233833,0.4752093,0.3819936,0.2106796,0.42635226,0.4110152,0.37324935,0.31484428,0.452013,0.40422818,0.5622719,0.5774765,0.4367813,0.5078069,0.50356126,0.5374882,0.20248309,0.57276386,0.5617703,0.5053847,0.44515142,0.20791088,0.26278242,0.11807309,0.055009782,0.18177891,0.32629508,0.24678867,0.2390396,0.4680687,0.31038645,0.48529536,0.54378045,0.67615074,0.68053323,0.75882524,0.4555475,0.32262123,0.93509483,0.9486717,0.5653475,0.46678144,0.9307478,0.93546623,1.0,0.5838591,0.9231385,0.5325689,0.80596745,0.6766583,0.56468594,0.20789641,0.33505976,0.63740605,0.7938394,0.29778004,0.5710504,0.39038566,0.67036706,0.41435412,0.47414136,0.69567746,0.5704284,0.5196243,0.65827185,0.62860054,0.60476315,0.7376765,0.75173336,0.36846477,0.68368036,0.755262,0.5829295,0.5939554,0.6106521,0.31114152,0.3218785,0.20086946,0.2886773,0.3748648,0.22176646,0.22613665,0.19606812,0.2188442,0.15206124,0.261282,0.23935068,0.1979466,0.09979715,0.24120246,0.31817666,0.21370533,0.1734944,0.15545087,0.3169618,0.4959504,0.16680224,0.47043312,0.65108556,0.6354046,0.3637899,0.288408,0.66751885,0.7448473,0.46278003,0.48393524,0.6253567,0.6967364,0.7543503,0.6899905,0.43018773,0.5207006,0.47184417,0.6532266,0.33847794,0.3674625,0.44365293,0.24807721,0.15171516,0.01931276,0.13793026,0.11167122,-0.13072851,-0.18669558,-0.20728794,-0.21264523,-0.10732662,-0.14916039,-0.08357403,-0.034290608,-0.012089472,0.056370072,-0.0762907,0.21551877,0.25539103,0.12090003,0.11318863,0.34815377,0.24081394,0.18715285,0.06653615,-0.017198043,0.01767565,-0.19342938,-0.00430002,-0.035443407,0.010438721,-0.03995658,-0.053551443,-0.059517115,-0.12660521,0.039984077,-0.029203232,-0.077565625,0.10262214,0.09391023,0.05633568,-0.11519381,-0.05494662,0.2522467,0.16780457,0.05184128,0.17299864,0.3345904,0.23959611,-0.036681768,0.08688732,0.07685521,0.04475786,-0.64789855,-0.66012263,-0.643662,-0.63365686,-0.6554346
134,0.14908582,0.20633517,0.21851048,0.13900007,0.09159079,0.18180445,0.16310345,0.1637043,0.07760505,0.13206728,0.05258888,-0.014090768,0.032117944,0.028124733,0.023161935,-0.0031715378,0.016474104,0.030752147,0.06267552,0.11754503,0.32104424,0.40397027,0.4007714,0.33162457,0.39561018,0.28514957,0.15653081,0.066403896,0.0043868152,-0.045583747,-0.0049885027,-0.019783014,0.06940746,0.10894315,0.22551867,0.35413307,0.38108903,0.31833386,0.23078568,0.37288523,0.39220548,0.3187302,0.17041358,0.3041299,0.16136163,0.1025584,0.054138836,0.030661056,0.031477775,-0.015802417,0.19042197,-0.0021343448,0.0032013967,0.16609058,0.037540548,0.048277065,0.06824657,0.11758265,0.14907223,0.0010281076,0.13594596,0.09618688,0.09400707,0.15639782,0.22142741,0.19106647,0.21960717,0.18249574,0.17160791,0.14114736,0.13996828,0.18643434,0.13810855,0.14723289,0.24464391,0.2627845,0.21045418,0.34872946,0.20812608,0.29565686,0.31771225,0.14028752,0.1150278,0.22995412,0.19626157,0.4562347,0.38248923,0.2506988,0.38643885,0.40293592,0.2593379,0.2031202,0.3826012,0.2996812,0.40431204,0.35650384,0.22733231,0.27054104,0.22650771,0.25097626,0.07784007,0.27172548,0.2664452,0.2227149,0.17052083,-0.0045286347,0.04638964,-0.06642432,-0.09699909,-0.038696107,0.100511804,0.18425667,0.20142125,0.26715025,0.17197447,0.30420202,0.4002622,0.4501234,0.43235168,0.46953082,0.29099753,0.19637477,0.5548057,0.551271,0.3227573,0.29412746,0.572101,0.52795595,0.5838591,1.0,0.59314626,0.343359,0.48873082,0.38946816,0.29227483,0.06777875,0.19853376,0.4307507,0.5663775,0.33265656,0.48775035,0.3805568,0.55710983,0.21380647,0.4983813,0.6492303,0.59634304,0.4138167,0.58225685,0.513099,0.51003194,0.49333572,0.502943,0.23481569,0.43787065,0.45340067,0.3610975,0.3730669,0.36314625,0.22433743,0.22566257,0.13628477,0.21751013,0.32511625,0.13860187,0.17421556,0.14432254,0.12832965,0.1683307,0.27562836,0.21926364,0.19328289,0.12834404,0.26503697,0.2725182,0.2071929,0.13302228,0.10927108,0.26105326,0.3738328,0.14245543,0.33543265,0.45078233,0.3927208,0.18658611,0.1751261,0.4105131,0.47201088,0.24291427,0.35187835,0.38065577,0.45872802,0.5104519,0.47150788,0.2940789,0.38665974,0.36307755,0.44915563,0.2684979,0.27656278,0.23703623,0.19438595,0.14525492,-0.019010687,0.04127437,0.025315981,-0.100687504,-0.15450272,-0.12741655,-0.13854794,-0.050861888,-0.060393527,0.010201701,0.04819682,0.04796611,0.09518738,0.019961044,0.21980196,0.23364176,0.18463993,0.15150441,0.32047057,0.2466854,0.21380723,0.124203436,0.044567913,0.06455824,-0.08613661,0.038670603,0.017583735,0.07500554,0.004991098,0.023086272,-0.017003583,-0.041080862,0.040164936,-0.016360655,-0.045992732,0.08574333,0.09679552,0.030378759,-0.109752804,-0.06033023,0.13755478,0.037657782,-0.039873317,0.031049173,0.16975932,0.062420804,-0.1362384,0.0997835,0.079278834,0.060686734,-0.4007735,-0.3928689,-0.3890371,-0.38420686,-0.4088957
135,0.25661412,0.3924541,0.37136793,0.23181896,0.20578058,0.29602164,0.23329136,0.21939968,0.1451684,0.19063932,0.054993447,-0.015200947,0.10374928,0.012618289,-0.031751826,-0.024709241,-0.06903109,-0.06550445,0.13127181,0.11245484,0.4779303,0.60892904,0.5040988,0.5567664,0.6638308,0.5273255,0.37240183,0.27672842,0.13389581,0.056487594,0.10925483,0.07579109,0.21382347,0.23904543,0.4291839,0.5841781,0.5796759,0.50563157,0.3950958,0.6059231,0.5839727,0.4683378,0.24680291,0.3562831,0.14183143,-0.005956184,-0.05135244,0.011122512,-0.03513626,-0.11029887,0.1947746,-0.063415974,-0.03902235,0.22174034,0.085521825,0.07676663,0.083215594,0.21675135,0.22030172,0.018170483,0.26777765,0.17862257,0.22826241,0.33109593,0.43884557,0.3951355,0.4314166,0.34744576,0.35441622,0.31195948,0.30558267,0.3777131,0.29645625,0.3390333,0.46937913,0.5036547,0.3516196,0.6023663,0.36097848,0.43294328,0.38339624,0.23728357,0.11945083,0.22199297,0.15427586,0.43101752,0.34103838,0.17674664,0.38661224,0.3713294,0.34477457,0.28476986,0.45384577,0.40000266,0.4955436,0.49196285,0.3183673,0.39636478,0.39929408,0.45046547,0.14140213,0.5164803,0.51362216,0.4481603,0.36250332,0.13394767,0.19770503,-0.0008259791,-0.051562652,0.07978561,0.27168685,0.23484612,0.24714005,0.3891963,0.24189779,0.42098197,0.49880746,0.6443481,0.64944875,0.71766365,0.38691893,0.2728765,0.88613784,0.8744701,0.5315491,0.42527562,0.8909359,0.88581765,0.9231385,0.59314626,1.0,0.53209764,0.75497097,0.5814639,0.44723812,0.094419844,0.20558597,0.55500495,0.73526496,0.28769735,0.5217476,0.3132259,0.6342782,0.3721653,0.46208522,0.67747563,0.56162566,0.50557935,0.65641695,0.61327916,0.5924399,0.6982074,0.7223794,0.3685666,0.6722142,0.7224972,0.55727595,0.5780464,0.587934,0.28180337,0.2936909,0.18017489,0.27726042,0.40845725,0.19196616,0.20598958,0.16688223,0.16898295,0.16330299,0.33189273,0.25764328,0.20582725,0.09698809,0.26318303,0.33342722,0.2068411,0.14618938,0.12838547,0.30831432,0.505008,0.13749853,0.43768594,0.650794,0.57863134,0.25502795,0.19460239,0.6294017,0.7274593,0.41132718,0.52900153,0.64262664,0.70022345,0.7825878,0.7237589,0.43633768,0.5346043,0.48856223,0.64526474,0.32023135,0.32388726,0.37389532,0.1938789,0.09388542,-0.070507415,0.03607635,0.016787957,-0.22452685,-0.28881714,-0.2954825,-0.2903326,-0.19910331,-0.22027154,-0.1363144,-0.058839664,-0.06812994,0.01611066,-0.10798873,0.20269614,0.23971796,0.11563596,0.108754605,0.36383224,0.25101286,0.20386429,0.06124097,-0.03740518,0.005200358,-0.23359293,-0.050845113,-0.07772364,-0.025187388,-0.094131626,-0.06330125,-0.113573216,-0.1986903,-0.036073465,-0.109847434,-0.15428379,0.023154866,0.058924466,-0.03167344,-0.21114442,-0.1498705,0.14988992,0.057838496,-0.06952427,0.060074992,0.2509715,0.191588,-0.0878852,0.12888773,0.10941989,0.08349086,-0.53959185,-0.5459548,-0.5284144,-0.5185258,-0.5490842
136,0.23239389,0.28083134,0.3006964,0.23037882,0.17827937,0.2595902,0.23822683,0.17636068,0.16393097,0.18831304,0.1439838,0.10301996,0.15528986,0.13758427,0.10623069,0.09457086,0.07543885,0.084326446,0.14435796,0.105595954,0.38353166,0.44463184,0.34839955,0.40450498,0.44826272,0.3107853,0.21142888,0.14497983,0.08216842,0.008470971,0.0030307067,-0.01457038,0.06888412,0.06875309,0.17187047,0.32835704,0.36768565,0.29705322,0.28977776,0.40504783,0.41634384,0.36283123,0.24695508,0.28472468,0.16219848,0.09351244,0.036122885,0.0714148,0.07851135,0.03199906,0.13016234,0.0627779,0.08417946,0.18060762,0.087995075,0.14146909,0.1514239,0.19189715,0.17774214,0.10490559,0.19169784,0.16852127,0.16191159,0.22463652,0.2787064,0.23057704,0.26544413,0.19533692,0.23225695,0.221816,0.2131422,0.25849596,0.21132024,0.24136779,0.31022367,0.3208662,0.25169927,0.37915772,0.28759816,0.27530876,0.28813046,0.108121514,0.109542936,0.19738849,0.09954398,0.26635185,0.22982773,0.13665117,0.24726085,0.2514224,0.18417165,0.16163477,0.2177083,0.16742864,0.28688437,0.3003354,0.24039637,0.27933425,0.24759471,0.25142655,0.02320115,0.2987491,0.29263806,0.23225537,0.2110522,-0.019982196,0.03690629,-0.020685395,-0.040570337,-0.02189764,0.09384498,0.1703305,0.2295146,0.26263463,0.1514976,0.24293491,0.2624299,0.32416004,0.33604166,0.3964263,0.2472639,0.17881984,0.4850953,0.4919711,0.31064886,0.27352014,0.48245826,0.5022517,0.5325689,0.343359,0.53209764,1.0,0.49373102,0.43916553,0.37387758,0.15256701,0.2404205,0.40553105,0.46375033,0.19708467,0.32344583,0.2407644,0.3543693,0.26034817,0.23936968,0.34527376,0.28413635,0.2758357,0.33617535,0.33633015,0.32345054,0.37959245,0.3961903,0.18204363,0.3646817,0.38726643,0.29290846,0.3138056,0.30840927,0.14336249,0.19273381,0.09737093,0.17568116,0.2342419,0.22940493,0.21912703,0.23943004,0.20537819,0.12476203,0.17873189,0.17541386,0.1534868,0.09824044,0.20221198,0.21300115,0.15611078,0.12722167,0.119285084,0.20805167,0.30684978,0.12645836,0.26898503,0.3605422,0.35576445,0.17190598,0.13967347,0.33200353,0.35281438,0.18285131,0.24555777,0.31033394,0.37204581,0.40979514,0.37536374,0.2784535,0.30466905,0.28585517,0.33597496,0.18421318,0.16731426,0.17981306,0.10116268,0.042109117,-0.05052929,0.011284041,0.0023609276,-0.112377636,-0.13595144,-0.14170106,-0.1353789,-0.054419115,-0.11386575,-0.04737165,0.0029848574,-0.016129738,0.048526842,-0.02411965,0.14153878,0.14353949,0.10255325,0.09317475,0.19121596,0.15883344,0.119934276,0.069043025,0.036780067,0.08772204,-0.09072997,0.06545437,0.03623294,0.048797347,0.051041417,0.08100621,0.04421077,-0.0327101,0.07224798,0.03660532,0.0045301802,0.0808708,0.067437194,0.072995186,-0.040771436,-0.06684385,0.14016956,0.09094747,0.024371842,0.06973962,0.19310892,0.21688893,0.093655005,0.11601575,0.110206686,0.037352573,-0.36943,-0.38674042,-0.389221,-0.38230956,-0.37790307
137,0.5052933,0.5983203,0.5697704,0.5315151,0.48035207,0.5258374,0.5320773,0.44435114,0.4306034,0.4125239,0.37865025,0.3128892,0.38320777,0.31473798,0.30257815,0.2013452,0.2209052,0.24209931,0.32113928,0.29845232,0.7491935,0.8141121,0.6280303,0.69874406,0.7953419,0.64545953,0.55708283,0.47336704,0.3580207,0.31662363,0.33380806,0.30329174,0.41856718,0.40410697,0.5040311,0.6508792,0.6747283,0.6027712,0.5488772,0.73110807,0.7729743,0.7116431,0.46309125,0.6007832,0.31108427,0.23274387,0.12040685,0.18959947,0.20601125,0.09635223,0.11967617,0.14453824,0.22057822,0.35119507,0.29951036,0.3368436,0.32559735,0.44468492,0.3436888,0.29403496,0.49624163,0.39309844,0.465214,0.5433877,0.5833716,0.4954724,0.5415974,0.4895413,0.53042644,0.46918643,0.4989335,0.5719986,0.50951874,0.55244905,0.6329112,0.63473195,0.5164339,0.62778634,0.49353957,0.5008523,0.567543,0.30588928,0.2586622,0.3875106,0.21374598,0.5116786,0.4354681,0.3105346,0.42725706,0.44001976,0.2449643,0.20291296,0.30695072,0.24735838,0.4693466,0.5173041,0.48355296,0.55112374,0.54132336,0.54034823,0.36591002,0.58739287,0.5646848,0.51734436,0.5319674,0.27672496,0.2907096,0.21953247,0.19158866,0.2643755,0.31826466,0.14281292,0.14391144,0.42666504,0.28344733,0.40439722,0.41672653,0.46123812,0.43391684,0.55533487,0.44561452,0.32932094,0.7165462,0.7253448,0.4294082,0.34107184,0.7088428,0.74478704,0.80596745,0.48873082,0.75497097,0.49373102,1.0,0.8222888,0.73787457,0.38233617,0.56094724,0.71053445,0.77439255,0.2755437,0.569842,0.4322618,0.58850825,0.42185313,0.41406468,0.53925884,0.46193743,0.41685724,0.5175352,0.5127945,0.47621942,0.59405583,0.60386497,0.27093247,0.55637544,0.61332494,0.4659324,0.50341874,0.49160507,0.2855232,0.26757583,0.16792767,0.19488546,0.24838045,0.18271843,0.17167687,0.10448814,0.22238629,0.06465992,0.070256494,0.1001677,0.07667171,0.017963573,0.107745685,0.16082773,0.09739668,0.1051429,0.0910108,0.19875015,0.30998218,0.13407311,0.3693119,0.46069512,0.54515165,0.45262727,0.34141755,0.5626154,0.62207425,0.50977254,0.39007655,0.5366841,0.51022804,0.5316964,0.4608514,0.24471751,0.33991134,0.2937717,0.49658996,0.24776192,0.3300895,0.47647005,0.2569605,0.19537085,0.16086172,0.28919068,0.25184324,0.049531773,0.0054747863,-0.036736157,-0.045008413,0.052638043,-0.0063064503,-0.0021976635,-0.017816259,0.05009483,0.10600499,-0.04239033,0.13802797,0.1875296,0.07095886,0.04096613,0.16325681,0.102138706,0.066158496,0.008667829,-0.042871572,-0.050547164,-0.08776287,0.0027240508,-0.034211434,0.0072310786,-0.003473105,-0.056798942,-0.026238972,-0.033483613,0.09730299,0.053443003,0.019076306,0.15955494,0.103829876,0.14001653,0.0672997,0.10639289,0.31967786,0.3118214,0.23168358,0.33162445,0.3833626,0.25518066,-0.022163536,0.0059489375,0.009989712,-0.0029271077,-0.68342453,-0.6875117,-0.6745975,-0.6661238,-0.6858821
138,0.696542,0.72424775,0.7013566,0.74353015,0.65623975,0.6065958,0.7310064,0.5876476,0.61562884,0.54996854,0.61922956,0.5567277,0.58448964,0.5213261,0.53179544,0.34948525,0.4231604,0.44454578,0.4325638,0.38666958,0.9200697,0.92893124,0.66274637,0.7758245,0.84452707,0.6777832,0.65258265,0.5882852,0.510887,0.45707372,0.42166921,0.3936035,0.5064519,0.4727655,0.5013432,0.64271677,0.7106517,0.6324846,0.6560262,0.7897563,0.8581254,0.8368894,0.58476204,0.71163726,0.38843635,0.3596874,0.23615973,0.2634518,0.34898636,0.21043798,0.05345163,0.26744962,0.3924019,0.41049102,0.41938534,0.5122444,0.4939128,0.58026284,0.40989494,0.46326044,0.62752837,0.5083312,0.61258924,0.6729989,0.6646809,0.5490233,0.6038132,0.5473054,0.64522874,0.57021904,0.6324506,0.6935983,0.65020955,0.68535703,0.7222105,0.6987142,0.63476163,0.6166943,0.56792706,0.4946821,0.63066965,0.32000318,0.30945328,0.43984398,0.18359354,0.46479073,0.40146586,0.33209118,0.35644397,0.3833265,0.112103336,0.08217789,0.13237457,0.06948393,0.3822928,0.48468506,0.5420729,0.592197,0.5934516,0.53466207,0.4149587,0.6017979,0.5695404,0.52607995,0.6163397,0.37372503,0.3646607,0.36228758,0.36819252,0.3881002,0.3090424,0.035435025,0.059759907,0.42992356,0.2853714,0.3425321,0.2981421,0.29943466,0.23988882,0.41069245,0.4075046,0.30586088,0.5426578,0.5761158,0.35393497,0.24811965,0.5186347,0.62343293,0.6766583,0.38946816,0.5814639,0.43916553,0.8222888,1.0,0.9502883,0.5673363,0.7963506,0.7884009,0.7318199,0.250999,0.5415655,0.50281924,0.48747933,0.4176516,0.29153886,0.3611464,0.30965573,0.30729038,0.3629592,0.41020346,0.36375532,0.4822484,0.48643738,0.19347487,0.43362576,0.4817119,0.36530444,0.41379073,0.36019057,0.22488089,0.21238384,0.14352581,0.12231113,0.12400291,0.19178717,0.12693909,0.116760865,0.25106677,-0.043399543,-0.114648804,-0.039404962,-0.03934267,-0.055140868,-0.026588961,0.008633877,0.016718667,0.06109082,0.06079136,0.08528584,0.14412086,0.11042935,0.26767224,0.28944895,0.46472076,0.5207444,0.3766008,0.46178344,0.49605694,0.5046032,0.2626071,0.41840842,0.33979157,0.33289692,0.26304388,0.092636704,0.18464278,0.14422238,0.3514403,0.16359079,0.28417298,0.4869635,0.25354168,0.21033947,0.26683956,0.40231413,0.37292585,0.18243545,0.17684144,0.10356045,0.09814639,0.19249281,0.088430755,0.031085901,-0.019926012,0.07419867,0.11871697,-0.047310542,0.04503702,0.09183097,-0.01422966,-0.040761903,0.051664755,-0.035614,-0.07256787,-0.0748044,-0.0825047,-0.09684673,-0.056030594,0.017524743,-0.029308485,-0.0063790428,0.047150094,-0.040997032,0.024879158,0.059736896,0.15438896,0.13357969,0.1044489,0.20385851,0.12159655,0.21216035,0.22534703,0.25298032,0.37911722,0.44469154,0.4045332,0.47195378,0.4212613,0.32283425,0.089084476,-0.05884747,-0.036699932,-0.0594802,-0.7079403,-0.7279617,-0.7157413,-0.7067026,-0.7054101
139,0.75327253,0.76574177,0.7316393,0.8162601,0.7281054,0.6373025,0.80446225,0.6265197,0.70745534,0.6215774,0.7144784,0.672198,0.6704977,0.63012993,0.6339074,0.43517026,0.4956517,0.5304916,0.4748335,0.39674357,0.9532915,0.917476,0.62967795,0.7604735,0.8161592,0.6544807,0.6618284,0.6102149,0.54791397,0.50616205,0.45061782,0.42664298,0.52735656,0.48014602,0.47823232,0.618197,0.6999576,0.6248719,0.67322534,0.78664213,0.85713387,0.86577797,0.6348761,0.7336246,0.42457953,0.41374063,0.29229754,0.32558846,0.45116273,0.31999,0.04512197,0.38053623,0.50691754,0.46499085,0.51521546,0.62047774,0.5805116,0.66379136,0.46229526,0.55898196,0.6976736,0.58485234,0.68380857,0.7281119,0.6907392,0.57209873,0.622594,0.58221835,0.68175197,0.6003003,0.67566156,0.7324523,0.70105064,0.7218249,0.74102753,0.711377,0.6701962,0.59428006,0.5982158,0.4784467,0.6488182,0.31773278,0.3502181,0.4425238,0.17128119,0.4219192,0.36100674,0.32599813,0.30516985,0.34125564,0.049669415,0.022835463,0.043750923,-0.007968555,0.34755558,0.47661087,0.59177023,0.6270351,0.62976444,0.5458266,0.4487842,0.6120739,0.5763925,0.54558134,0.6620539,0.43182454,0.40937147,0.4517954,0.46663657,0.46718654,0.33525768,0.0023570906,0.017097231,0.44654664,0.3058284,0.33707425,0.25699645,0.21704985,0.12805125,0.32602105,0.39595118,0.30255893,0.42026982,0.4608257,0.29950866,0.18400362,0.38946545,0.5207598,0.56468594,0.29227483,0.44723812,0.37387758,0.73787457,0.9502883,1.0,0.6680267,0.8642584,0.7363543,0.6415742,0.21261783,0.45336702,0.48419935,0.37965772,0.37293708,0.18748847,0.23563676,0.18853135,0.24256979,0.25456914,0.31742832,0.27777666,0.38097587,0.38094443,0.13861226,0.32421288,0.36705908,0.27926588,0.3147376,0.24093199,0.16749911,0.13376904,0.08203229,0.04923063,0.02707547,0.15329006,0.06252448,0.08631714,0.22896281,-0.12577783,-0.23037547,-0.13467784,-0.12338325,-0.1170553,-0.11024247,-0.090398476,-0.050213933,0.014269844,0.020306902,0.003940565,0.02884453,0.05970064,0.19205302,0.17561239,0.3835227,0.52704453,0.36866525,0.39536002,0.4012125,0.48833793,0.18432449,0.34616423,0.22804238,0.21201941,0.14664562,-0.003866765,0.08916738,0.050030492,0.26319653,0.10449814,0.25628853,0.48958182,0.23434387,0.21602629,0.32385945,0.4526448,0.42486995,0.24507435,0.25303176,0.17348191,0.15341842,0.24394065,0.13611759,0.0381511,-0.04205119,0.074753635,0.12454229,-0.053942572,-0.013257307,0.040020443,-0.05212818,-0.09466639,-0.02922456,-0.11334247,-0.14890175,-0.12139859,-0.10772302,-0.12709494,-0.026560688,0.0024291722,-0.04280792,-0.03681725,0.047715798,-0.050291903,0.02454857,0.09832787,0.1577367,0.1484464,0.13131325,0.19829138,0.10227357,0.2210144,0.2815963,0.3007055,0.37074876,0.47356203,0.45659935,0.51282024,0.41622245,0.3213842,0.13312647,-0.11696881,-0.08535218,-0.106865585,-0.68550384,-0.7083808,-0.6981262,-0.6893232,-0.68103826
140,0.47238538,0.4503736,0.41986907,0.5414595,0.47215846,0.36501402,0.5409135,0.41249532,0.49741536,0.43360016,0.5280419,0.5149252,0.45889696,0.49419641,0.51837784,0.36410558,0.45010108,0.47222605,0.3159333,0.2957609,0.6435112,0.5539405,0.38734958,0.41815117,0.44159314,0.32907334,0.36871934,0.3551346,0.34262577,0.33699322,0.2754498,0.26826277,0.2998821,0.24977708,0.20813794,0.29176426,0.35941377,0.32514662,0.39014316,0.43650383,0.5167886,0.56766164,0.45889196,0.5183776,0.34212807,0.3907074,0.25718057,0.3017415,0.40609375,0.31165937,0.031420033,0.34770107,0.42744377,0.33467975,0.38198963,0.4639552,0.42561007,0.4516424,0.3105961,0.414964,0.443095,0.38880455,0.43929476,0.44137257,0.38941315,0.31074512,0.3460687,0.3230292,0.39903128,0.32744175,0.39441842,0.426165,0.42742902,0.43988734,0.40963575,0.38471738,0.3932716,0.28390062,0.39610228,0.25223303,0.45360282,0.19142854,0.30728564,0.32836628,0.1313318,0.25156945,0.24335814,0.24137238,0.1780855,0.19504312,-0.010045445,-0.014428017,-0.07260467,-0.10124994,0.16397256,0.26940063,0.4074532,0.40914726,0.38545832,0.3124765,0.2833432,0.32071766,0.29539666,0.29124454,0.38771254,0.26620293,0.24133755,0.34625527,0.3744821,0.32199547,0.17699449,-0.03750079,-0.033382464,0.25096986,0.18173346,0.1592165,0.08331118,0.009436493,-0.05193215,0.06852905,0.22642043,0.19178015,0.10190827,0.1405148,0.08716005,0.021221146,0.0826854,0.16803427,0.20789641,0.06777875,0.094419844,0.15256701,0.38233617,0.5673363,0.6680267,1.0,0.7116414,0.46014273,0.33972073,0.12746051,0.2535492,0.34185496,0.15744565,0.22810535,0.056517497,0.009776189,0.015488237,0.042315375,0.021518487,0.08530011,0.06034518,0.12522633,0.10340267,0.0054765013,0.05481689,0.095651835,0.08037253,0.08112649,0.02896836,0.08903558,0.04700992,0.014835993,-0.023558397,-0.058926065,0.11001319,0.053272657,0.07413511,0.17502463,-0.08258695,-0.22396573,-0.10179131,-0.07295482,-0.03423066,-0.07432339,-0.08619956,-0.031916987,0.03898473,0.026526734,-0.0053597083,-0.05165269,0.05461414,0.093688846,0.011331983,0.17210528,0.34454823,0.26348048,0.15062028,0.10397235,0.22112077,-0.06642827,0.06525628,-0.005756453,-0.018531572,-0.053101517,-0.06974039,-0.021284867,-0.037920058,0.07239729,0.042580444,0.16934475,0.26607597,0.17027137,0.1869063,0.2955519,0.34120676,0.31976458,0.27552196,0.2822616,0.2537404,0.23216482,0.26377374,0.21285418,0.12865646,0.018651213,0.14743221,0.1449896,0.06254165,0.02219649,0.03908868,0.011536394,-0.021942563,-0.05547109,-0.08200089,-0.08752865,-0.019006833,0.01962408,-0.015601361,0.11500728,0.1041788,0.0787881,0.052714985,0.1424231,0.053492982,0.13186628,0.20219254,0.19804223,0.20332251,0.19544725,0.21070483,0.110921144,0.23436017,0.28129616,0.27372795,0.28012565,0.33596513,0.36505017,0.3541708,0.24102776,0.20837134,0.16256218,-0.10628902,-0.07572258,-0.10125974,-0.43047506,-0.4476182,-0.4457285,-0.44100893,-0.42509425
141,0.58956194,0.5494809,0.57635236,0.701827,0.5935113,0.517658,0.7190856,0.57335836,0.6196197,0.5651411,0.70577455,0.6574463,0.58303005,0.6357895,0.7118494,0.4766641,0.6339721,0.6696377,0.4499228,0.4081628,0.82317,0.73966515,0.5744196,0.5461299,0.56364876,0.40012768,0.43625882,0.4105044,0.40720135,0.37944862,0.31229898,0.30759406,0.35818806,0.32649982,0.24289252,0.35960963,0.4565813,0.38839957,0.47413525,0.5438824,0.6891234,0.7432205,0.57732165,0.72769165,0.44707143,0.5764109,0.37694794,0.3892403,0.51921785,0.37464422,0.0062881997,0.38821274,0.52414614,0.4171223,0.4159698,0.5514024,0.5406504,0.51828486,0.34289673,0.5136861,0.5195648,0.4355419,0.51067346,0.521749,0.4396209,0.32903758,0.3746283,0.36172092,0.468249,0.38470286,0.47873488,0.51043993,0.50975424,0.5030896,0.49317688,0.44445264,0.49340343,0.35796055,0.45110866,0.3527356,0.61552167,0.25728986,0.39497298,0.4973202,0.25635108,0.43875256,0.42699113,0.3900098,0.3330598,0.3451946,0.061128136,0.060425855,-0.00046855738,-0.06425708,0.24146943,0.3551913,0.50699013,0.5006891,0.44787413,0.34885418,0.3410911,0.33903685,0.3008601,0.29008383,0.43269873,0.26480132,0.23426098,0.36375347,0.38868582,0.32438433,0.17682485,-0.029497478,-0.01091731,0.27949536,0.22386213,0.18756391,0.1209351,0.035972267,-0.008091808,0.100529455,0.28488284,0.21390076,0.20044436,0.25208816,0.1394576,0.065324016,0.18088853,0.2709799,0.33505976,0.19853376,0.20558597,0.2404205,0.56094724,0.7963506,0.8642584,0.7116414,1.0,0.73673964,0.5478396,0.19832212,0.48242527,0.5371314,0.33137956,0.36352178,0.20481241,0.14365718,0.15612565,0.10098695,0.13126774,0.17978652,0.14921951,0.21937881,0.19024426,0.02326278,0.14562638,0.19820116,0.1413642,0.18600057,0.1493182,0.1572728,0.16403045,0.09825562,0.068338886,0.008508631,0.20093264,0.16736817,0.15381822,0.28976724,0.0014614958,-0.1822948,-0.027596371,0.0074139126,0.046011176,0.0018387098,-0.005409979,0.034796372,0.1380294,0.12609251,0.09950659,0.040544167,0.17134453,0.2134684,0.09595411,0.3002464,0.48786274,0.41708305,0.24163167,0.198705,0.28442565,0.0027818219,0.11553444,0.0502881,0.03870294,-0.013169091,0.0011178725,0.06160901,0.04143033,0.16226588,0.14581728,0.27529806,0.3437067,0.27666214,0.30727613,0.3822827,0.43504706,0.40072453,0.38766062,0.38715968,0.35591346,0.34248316,0.39165357,0.32357606,0.25808337,0.13816123,0.27193987,0.24562293,0.16462088,0.1252122,0.13946013,0.09433733,0.06730996,0.0071319696,-0.00815972,-0.019129818,0.06494459,0.101417296,0.051631503,0.17526606,0.21228524,0.17091763,0.16577075,0.25909835,0.12173934,0.23741719,0.29048553,0.3351416,0.33576605,0.30666792,0.35510164,0.19467215,0.37250715,0.40335375,0.38342392,0.42697385,0.45913967,0.48613006,0.46515214,0.34920305,0.25324905,0.1373405,-0.07858837,-0.047313523,-0.08664043,-0.6160764,-0.63595134,-0.63397044,-0.6296464,-0.609897
142,0.39770934,0.40907425,0.4554137,0.47970945,0.37427726,0.3852244,0.4924514,0.43751943,0.36118063,0.36337027,0.4410175,0.3530645,0.33828667,0.34683293,0.44048163,0.25746655,0.42003542,0.4378068,0.32118455,0.4218791,0.72704196,0.7392049,0.7277853,0.5367526,0.5945391,0.3921772,0.3414176,0.29619515,0.25216925,0.17792848,0.16275693,0.14701812,0.23101078,0.23757555,0.24070862,0.3740488,0.43704864,0.36396104,0.3884184,0.5309207,0.6739552,0.651381,0.4574442,0.63777715,0.34211463,0.45186028,0.22100407,0.26296714,0.28123397,0.118987456,0.06101,0.11703793,0.24237563,0.31442106,0.16391645,0.27446333,0.30493996,0.29545727,0.21474724,0.24299859,0.32007733,0.24384953,0.29745367,0.34904125,0.3419661,0.25952405,0.3005326,0.24781658,0.33497623,0.27226794,0.3333285,0.37168586,0.3400174,0.36585385,0.4079791,0.38084197,0.3803308,0.41017118,0.36405706,0.37674573,0.5595418,0.25999874,0.3228291,0.4993498,0.3026103,0.5287231,0.5281085,0.39147344,0.4660838,0.43177366,0.26623237,0.25520456,0.25391415,0.15212962,0.35369503,0.40696737,0.40611887,0.4288552,0.35967457,0.31878603,0.18240595,0.30503502,0.28007397,0.23676646,0.2923478,0.1164031,0.11849336,0.14376682,0.1329981,0.12783983,0.134134,0.101476125,0.12160483,0.26107728,0.20243861,0.22437042,0.25185722,0.3078614,0.33298826,0.37370417,0.3288159,0.24473155,0.5400042,0.57904917,0.32214662,0.30529785,0.5383885,0.54611874,0.63740605,0.4307507,0.55500495,0.40553105,0.71053445,0.7884009,0.7363543,0.46014273,0.73673964,1.0,0.8681025,0.31178424,0.74961925,0.62529,0.645428,0.5183299,0.46711475,0.47704262,0.47468337,0.25972718,0.42104647,0.3949178,0.36552963,0.4785769,0.45526183,0.18936662,0.41088042,0.47602203,0.34682408,0.414247,0.44063082,0.29807225,0.34629005,0.21153045,0.2614986,0.2685329,0.32301235,0.3573949,0.28756514,0.35300893,0.25068176,0.17281586,0.27016416,0.27578744,0.24941982,0.2735459,0.30865708,0.25014886,0.3216867,0.29266825,0.36256078,0.38730627,0.31516716,0.44841102,0.4333996,0.5213047,0.43734112,0.43570706,0.4258693,0.42209175,0.27179638,0.19424115,0.2864294,0.3472689,0.39222884,0.3340841,0.30974153,0.3681622,0.3423915,0.43388098,0.34021783,0.3829122,0.32060298,0.33264714,0.30918318,0.22423597,0.27436364,0.23403251,0.20767544,0.17060609,0.16879551,0.17520028,0.2340186,0.19129333,0.24336241,0.20014314,0.28653395,0.22545254,0.20173316,0.32222092,0.31375694,0.22876425,0.24798247,0.2711374,0.24902615,0.23308778,0.2314531,0.2116443,0.1890896,0.12192137,0.2874805,0.24795118,0.2507365,0.2964373,0.21136367,0.27285534,0.20658937,0.34804055,0.31392965,0.25760528,0.3811009,0.2561845,0.35476837,0.21985842,0.23929551,0.42739815,0.32813406,0.28506568,0.28796744,0.3328768,0.264936,0.0682304,0.11207233,0.116822265,0.05919688,-0.678577,-0.6960097,-0.6872164,-0.68303174,-0.6784821
143,0.33617193,0.39699617,0.40294823,0.37603596,0.31142098,0.35416338,0.39135587,0.3530323,0.2786376,0.30054703,0.294974,0.2131246,0.24006467,0.22952107,0.26878473,0.16130807,0.26328418,0.27747554,0.24877933,0.38909298,0.6580772,0.72194695,0.76266927,0.5484911,0.63581854,0.4333455,0.3388512,0.27253652,0.20223878,0.124700844,0.14653671,0.12216987,0.22214925,0.23510624,0.30266,0.4476147,0.48827448,0.41650045,0.402194,0.5737901,0.6727339,0.62206334,0.40360472,0.5929993,0.30476198,0.34101492,0.12331575,0.21624142,0.1889695,0.059119694,0.15320058,0.07121763,0.14577848,0.31632152,0.13923402,0.2037257,0.22843961,0.2722207,0.22822955,0.14725132,0.3015046,0.22539948,0.26541385,0.33621505,0.37400642,0.31085682,0.34223807,0.28731024,0.33044952,0.26839933,0.3117321,0.36318824,0.3101794,0.34362704,0.42756033,0.42406756,0.37190315,0.4813712,0.35499814,0.4148439,0.5410264,0.28282985,0.29380333,0.45683005,0.31837294,0.57324487,0.5761712,0.3899348,0.5415588,0.49335024,0.35568565,0.33584,0.3869312,0.27287024,0.4591141,0.48365057,0.42052513,0.46043915,0.40378776,0.40961054,0.17640232,0.38187203,0.36285803,0.31316948,0.31659085,0.098206036,0.11964065,0.092212394,0.0480898,0.096595936,0.18613717,0.20272519,0.20052665,0.3460058,0.25245208,0.34032768,0.3948014,0.4936078,0.5089597,0.5586153,0.410125,0.2984899,0.72049165,0.743978,0.4403378,0.43172005,0.73031116,0.69444394,0.7938394,0.5663775,0.73526496,0.46375033,0.77439255,0.7318199,0.6415742,0.33972073,0.5478396,0.8681025,1.0,0.3909405,0.76910245,0.5562577,0.78612477,0.51177883,0.59621644,0.6490329,0.6139096,0.39487752,0.5674107,0.52607954,0.49993244,0.62115896,0.6068485,0.27060342,0.54567444,0.62062913,0.46025002,0.50698495,0.55180043,0.34413126,0.37769273,0.24711151,0.29915127,0.38328677,0.30162224,0.35209024,0.26888674,0.3099515,0.28411254,0.28017548,0.3319679,0.3154407,0.2535056,0.33055845,0.3836396,0.29198182,0.32104236,0.28688437,0.41381013,0.4937587,0.31231624,0.5178578,0.5763935,0.60348,0.412505,0.40823087,0.5481527,0.57055914,0.33935735,0.33168024,0.4254622,0.5092761,0.5748426,0.5096625,0.41109055,0.48663744,0.45362067,0.5662719,0.3963052,0.4236777,0.36221626,0.3410323,0.2905056,0.15608011,0.21300556,0.17134719,0.09020351,0.031211028,0.038808513,0.03422078,0.09136252,0.08380177,0.15298712,0.1403884,0.211037,0.19422878,0.13371721,0.3442834,0.3554656,0.24412625,0.25199208,0.3485371,0.31327742,0.2846807,0.22541855,0.16585249,0.15919654,0.035874866,0.21441515,0.18313585,0.19072472,0.19832905,0.15033554,0.17383078,0.093447916,0.25719035,0.20320666,0.15006724,0.30984345,0.21069661,0.2664182,0.08006672,0.12172359,0.38416764,0.25410175,0.17389537,0.2176755,0.33674753,0.2357372,0.009200623,0.13082555,0.12415428,0.07397736,-0.69708717,-0.70248765,-0.69410753,-0.6900191,-0.70087373
144,0.07834426,0.10494,0.10145036,0.09162573,0.05995215,0.10569972,0.093677215,0.108063385,0.04577454,0.08636022,0.04316626,0.0028611869,0.027098829,0.01547903,0.045933634,0.014430072,0.060032643,0.040780343,0.025098233,0.1602192,0.22726837,0.25775987,0.2855491,0.1883833,0.21134016,0.15056932,0.10316593,0.073922195,0.053091925,0.039421037,0.05760392,0.055665396,0.07450848,0.082280405,0.1316246,0.15507512,0.17150085,0.13302873,0.12140166,0.20824659,0.23136562,0.20821452,0.109532624,0.21917027,0.103765994,0.09304401,0.06266239,0.046368293,0.02282455,-0.02794656,0.07404658,-0.027707476,-0.008005645,0.09576757,-0.001649599,0.012365429,0.03849431,0.03948588,0.046988666,-0.03077688,0.05252548,0.050871104,0.03295103,0.073091336,0.108699545,0.08624335,0.11088245,0.10101943,0.09284304,0.07951905,0.06506644,0.089599855,0.06484172,0.098744005,0.12251483,0.12448324,0.1170309,0.18317775,0.10385356,0.15914483,0.20318255,0.12279488,0.09997225,0.17600854,0.1645762,0.26021206,0.24530225,0.14935166,0.2424847,0.24140956,0.17988013,0.15991724,0.20101967,0.14175579,0.18740702,0.18714611,0.12453126,0.1407582,0.12622438,0.15369561,0.060093086,0.116888165,0.1082098,0.09324931,0.07448137,-0.0066905282,0.010105634,-0.019297795,-0.053373527,-0.012571864,0.04446566,0.102502614,0.09313613,0.10425671,0.083508275,0.12338201,0.16800173,0.214741,0.22928233,0.2409576,0.16264248,0.1174437,0.2918693,0.287861,0.18035671,0.17882612,0.28678238,0.25131053,0.29778004,0.33265656,0.28769735,0.19708467,0.2755437,0.250999,0.21261783,0.12746051,0.19832212,0.31178424,0.3909405,1.0,0.29807484,0.20222165,0.3900473,0.20882452,0.28933555,0.33912736,0.30865586,0.18995628,0.29323196,0.22707497,0.23676729,0.27325967,0.2565527,0.0997778,0.2055734,0.2565097,0.19315572,0.18736799,0.23118214,0.16787177,0.20800346,0.1492799,0.17256716,0.1767009,0.10591673,0.1505048,0.076960124,0.07299413,0.17314318,0.17352197,0.17525111,0.17541677,0.14699608,0.18746893,0.20522982,0.18599972,0.15242478,0.133129,0.21138057,0.23944087,0.15959163,0.22814961,0.25033936,0.23484394,0.1325971,0.15127711,0.20363784,0.22370104,0.112895496,0.15773918,0.1673692,0.24388593,0.23885559,0.22198959,0.1697778,0.2241054,0.21047653,0.24041428,0.18794723,0.18777275,0.115232736,0.14752583,0.14055327,0.053377215,0.061128248,0.04102199,0.021238344,-0.009138466,0.016188629,0.030098008,0.01468385,0.05281928,0.10061897,0.100963704,0.121431515,0.093904644,0.09308202,0.18439393,0.18226948,0.13122457,0.15302326,0.16425134,0.17318429,0.16736886,0.14156294,0.11336483,0.10883913,0.037280943,0.11357503,0.1116979,0.11822036,0.095733844,0.09347214,0.07617125,0.055164553,0.102131754,0.08658656,0.062153917,0.13018112,0.080527686,0.10280247,0.014428511,0.03961608,0.1456037,0.07269064,0.034667403,0.0479832,0.09283642,0.06026392,-0.02190154,0.0970734,0.09285981,0.0916533,-0.2828347,-0.28407115,-0.28238693,-0.27978772,-0.28565416
145,0.11881979,0.12589058,0.19591525,0.16926315,0.100409165,0.15948096,0.19789071,0.21189657,0.08689897,0.139148,0.16309902,0.08178449,0.06538356,0.10690042,0.19762549,0.081224285,0.28346947,0.27604005,0.17547816,0.41319045,0.45932803,0.4952229,0.52252376,0.30364397,0.3702251,0.18900436,0.11273187,0.06421488,0.058779635,-0.0022502067,0.02134484,0.012082116,0.07669622,0.11283679,0.12947834,0.211421,0.24770965,0.18144722,0.18558499,0.3104961,0.44716427,0.41303,0.2627403,0.48377118,0.2551572,0.40606403,0.12971829,0.20039338,0.16220851,0.037965618,0.118800685,0.00017429267,0.06738218,0.20668443,-0.027933603,0.0314759,0.09017259,0.042891983,0.06708297,0.0017193785,0.05217511,0.008180372,0.014554814,0.06918758,0.0859755,0.037024934,0.06686008,0.0318301,0.07208792,0.029769225,0.07234193,0.093190305,0.06307901,0.09722724,0.14605525,0.12858427,0.1348087,0.23779486,0.13478011,0.27703092,0.434516,0.17747143,0.27387846,0.46896297,0.38275436,0.5879186,0.60973305,0.42727372,0.5505575,0.49459723,0.39273095,0.37971568,0.41144797,0.28120825,0.3779869,0.35061276,0.26575398,0.28101692,0.16751018,0.18888624,0.07180668,0.0940845,0.07678395,0.038261298,0.043125693,-0.10557923,-0.07801918,-0.06102087,-0.108300194,-0.09999332,-0.008296268,0.17655693,0.18155438,0.17357236,0.1487314,0.19329692,0.2961482,0.3363686,0.4039209,0.34805995,0.26735187,0.18334883,0.53135246,0.5521779,0.29018527,0.29090944,0.55453014,0.4566811,0.5710504,0.48775035,0.5217476,0.32344583,0.569842,0.5415655,0.45336702,0.2535492,0.48242527,0.74961925,0.76910245,0.29807484,1.0,0.62134933,0.799567,0.3629524,0.6479313,0.6387693,0.64487845,0.30077067,0.52036375,0.40855867,0.40353623,0.48789367,0.45540386,0.20526834,0.39832622,0.4870073,0.36744595,0.40098268,0.4965155,0.3610748,0.4196348,0.28166276,0.34552467,0.37686092,0.29853645,0.42023933,0.24930513,0.30775198,0.41704157,0.3759186,0.44556203,0.44557518,0.40800032,0.44215816,0.4760916,0.39814267,0.4101751,0.35800755,0.5016211,0.52528095,0.40816364,0.5374188,0.5312025,0.5409077,0.36460757,0.43289864,0.43099862,0.41503972,0.1810825,0.23030153,0.25450602,0.38367137,0.45016026,0.40086937,0.42127013,0.48056975,0.4656158,0.4939194,0.44060773,0.43799993,0.24355945,0.3667602,0.35900646,0.18131562,0.1831398,0.14312492,0.17791323,0.107164524,0.16051856,0.17614642,0.1970014,0.23866653,0.34912005,0.31374305,0.38305137,0.30561906,0.3274926,0.47139773,0.45118225,0.3746955,0.396004,0.39206898,0.42784968,0.4127549,0.38459596,0.3196281,0.27766293,0.1922888,0.370549,0.34694377,0.3667353,0.34342504,0.26131815,0.3204307,0.21692763,0.3669358,0.32291666,0.257936,0.41510007,0.30500174,0.35211557,0.14360559,0.15566151,0.4113238,0.21008648,0.15712892,0.15039828,0.26633692,0.113944486,-0.079691425,0.17824735,0.16191456,0.116138965,-0.57837415,-0.57566696,-0.571391,-0.57128805,-0.58213353
146,0.22952835,0.21127163,0.2713442,0.29140317,0.2213854,0.22845833,0.31557286,0.28307316,0.22787762,0.24330269,0.30170286,0.24284905,0.20319282,0.2604798,0.33834612,0.18993585,0.35863987,0.38099164,0.24539155,0.42259994,0.49124345,0.4781177,0.4968653,0.29371276,0.33665505,0.17409708,0.15009928,0.1304265,0.14994541,0.097082086,0.08592568,0.081358634,0.13793483,0.16349672,0.12220028,0.17934917,0.24169022,0.17988671,0.22564554,0.3246366,0.44491997,0.4558519,0.32858825,0.50734526,0.29971725,0.45297122,0.20053786,0.24651864,0.29810905,0.1865201,0.10193631,0.15623331,0.22121242,0.2980751,0.115177184,0.1895885,0.22251661,0.17378318,0.14589137,0.1592724,0.16503245,0.12711756,0.1370697,0.1723508,0.1475197,0.089901425,0.10941513,0.09663271,0.15819314,0.11254977,0.15739109,0.17813247,0.16571005,0.18581052,0.19363919,0.16711596,0.22248216,0.22415721,0.17501116,0.2744713,0.44182253,0.17004324,0.28599623,0.4517851,0.33040863,0.4685843,0.49025387,0.39173082,0.413347,0.36603394,0.25933778,0.25224623,0.22966616,0.14850266,0.31410754,0.34642118,0.33202872,0.32533655,0.22978772,0.20266555,0.10559271,0.12291129,0.10079318,0.080990404,0.12532121,0.012702796,0.019474315,0.09030977,0.06106174,0.044229236,0.046211235,0.09665377,0.082416035,0.21973276,0.18797605,0.21315648,0.24758606,0.22503708,0.22999364,0.22240737,0.21473882,0.14497112,0.336118,0.36676666,0.18187161,0.20140377,0.35071507,0.3106504,0.39038566,0.3805568,0.3132259,0.2407644,0.4322618,0.50281924,0.48419935,0.34185496,0.5371314,0.62529,0.5562577,0.20222165,0.62134933,1.0,0.5602175,0.27601334,0.44869384,0.42849186,0.45149916,0.20434126,0.3217399,0.2775701,0.2783923,0.3215737,0.28525147,0.09049994,0.23329563,0.30414,0.24539317,0.23590758,0.29606315,0.2368833,0.2624825,0.16454491,0.20592315,0.17458144,0.22355424,0.28822628,0.20651826,0.27004555,0.23589572,0.16054142,0.24363711,0.25888982,0.2546507,0.25914428,0.27250162,0.2535555,0.28286314,0.2441731,0.31454563,0.30356735,0.29344383,0.36358622,0.31946602,0.36984208,0.32819554,0.3576903,0.291052,0.25977984,0.14737886,0.09614725,0.12198472,0.2158826,0.24860233,0.21159635,0.23859876,0.29275507,0.27990904,0.3194833,0.28775734,0.33015737,0.21475223,0.28321254,0.30220962,0.20492752,0.21052107,0.17881876,0.21531315,0.17213525,0.20663655,0.21544744,0.24959108,0.24068148,0.29700473,0.2364512,0.31530502,0.2505537,0.24581522,0.32309222,0.3289877,0.26518652,0.26070365,0.24104877,0.2669869,0.24722813,0.255127,0.22884987,0.19480343,0.15781972,0.28951308,0.26354843,0.28001353,0.29004782,0.19844681,0.26763177,0.21206252,0.31987062,0.29177862,0.2448519,0.3522682,0.22811341,0.30789706,0.19324423,0.20119625,0.34411392,0.22899254,0.21657784,0.19375691,0.21613483,0.13318324,-0.008923426,0.09834919,0.10115254,0.0602252,-0.50364035,-0.5128994,-0.51031303,-0.5097177,-0.5037103
147,0.09340383,0.1360922,0.1794614,0.11013849,0.06263086,0.14650352,0.13151824,0.14581405,0.024653642,0.101745576,0.04803429,-0.034031227,-0.007917687,0.007913261,0.051648103,0.017923305,0.12100797,0.11397444,0.10208278,0.33215868,0.39721522,0.47361583,0.52233714,0.32977355,0.39938512,0.25117627,0.15633628,0.10354777,0.06804825,0.011091079,0.05581875,0.04069226,0.11379369,0.1553307,0.2153352,0.2744985,0.29188815,0.22290933,0.19162717,0.34845814,0.43591994,0.3738539,0.21086533,0.41689855,0.21156058,0.2603405,0.04384133,0.13592945,0.058981683,-0.041998036,0.16231963,-0.06583266,-0.032183744,0.18429416,-0.056381326,-0.035631977,0.02850902,0.02093364,0.06269289,-0.071354754,0.042033415,9.63444e-05,0.003098661,0.07384726,0.12823085,0.09296236,0.11796896,0.08375177,0.09283659,0.056645922,0.07868886,0.10900037,0.06296669,0.11298556,0.17572953,0.18243401,0.16147201,0.31919903,0.1400423,0.3154674,0.38486087,0.21273042,0.21027723,0.3819681,0.35216185,0.5484866,0.56487703,0.36385232,0.5461195,0.48726764,0.45368114,0.42727372,0.49899817,0.3800462,0.43770915,0.3961735,0.25192422,0.28664452,0.18988456,0.2541159,0.06582958,0.16473192,0.15314752,0.110281184,0.0701251,-0.08404743,-0.04410171,-0.08511737,-0.15210581,-0.09546536,0.054461613,0.21540657,0.21190952,0.21808207,0.16011077,0.27131194,0.3875386,0.47112334,0.53084934,0.5053064,0.31585142,0.21514326,0.6555589,0.6638415,0.3733503,0.39812404,0.69040775,0.5670523,0.67036706,0.55710983,0.6342782,0.3543693,0.58850825,0.48747933,0.37965772,0.15744565,0.33137956,0.645428,0.78612477,0.3900473,0.799567,0.5602175,1.0,0.40139058,0.81329,0.8037024,0.81556416,0.40545106,0.6429896,0.5063067,0.5053359,0.593574,0.5743664,0.27421317,0.5018592,0.59051734,0.4580432,0.4597444,0.55895865,0.36542994,0.42404547,0.28433868,0.36916387,0.39739302,0.25668043,0.3800866,0.22044511,0.26272103,0.3925446,0.40370265,0.4402685,0.42480066,0.36225235,0.4253614,0.48662665,0.39714545,0.36380574,0.3213594,0.4900824,0.56745434,0.36941656,0.54359096,0.60072017,0.57205534,0.32274848,0.37374884,0.4997665,0.5161719,0.24475186,0.33966047,0.36214274,0.48804772,0.5627279,0.5128701,0.4556288,0.52333146,0.49707097,0.5615016,0.43835732,0.42016363,0.26792115,0.32749107,0.30528772,0.09721704,0.11039702,0.073808596,0.049695656,-0.025952354,0.017028335,0.019150168,0.0634741,0.102650516,0.2255714,0.2217778,0.26945946,0.2318756,0.22213918,0.43108582,0.4249449,0.3173632,0.35041064,0.41214043,0.41889146,0.39833987,0.32836774,0.2438565,0.21663532,0.08074005,0.26956648,0.25224108,0.27945682,0.22232294,0.1597781,0.20265971,0.10315576,0.25848532,0.2066058,0.14752561,0.32158327,0.24812336,0.24698792,0.01942253,0.058693156,0.34897262,0.15214662,0.06737391,0.09904587,0.2507244,0.087037764,-0.12836239,0.16691925,0.14604703,0.12142697,-0.5593759,-0.55279726,-0.5477282,-0.546157,-0.5648613
148,0.1557929,0.16104868,0.17989685,0.19623245,0.13759007,0.17063683,0.2278508,0.19222261,0.1556961,0.18780155,0.21685915,0.14748517,0.11080337,0.18013948,0.2538205,0.18000166,0.23116994,0.25923696,0.18133493,0.11297565,0.3561004,0.3774521,0.48837966,0.301138,0.30180964,0.23560573,0.1654285,0.13306096,0.049891062,0.032653604,0.050887898,0.04460698,0.062959515,0.07868656,0.065710284,0.18696623,0.19021454,0.16959374,0.1003351,0.24706171,0.3409703,0.35012904,0.22442578,0.41028735,0.24246235,0.29745775,0.17237197,0.21794876,0.19075875,0.0655785,0.065671556,0.037984658,0.12211997,0.2269598,0.015257429,0.09669909,0.1570334,0.09694466,0.11549243,0.06751477,0.10264408,0.046851575,0.077238925,0.11988078,0.12623805,0.11754406,0.11114245,0.086245015,0.11001368,0.102667,0.11588762,0.13949035,0.115726165,0.14364557,0.17146502,0.16051082,0.14946952,0.24003918,0.19252367,0.2365671,0.41009742,0.1849587,0.24335147,0.3003786,0.26496422,0.424613,0.37740037,0.2596328,0.36308053,0.33414483,0.28308347,0.27620673,0.27909392,0.21865022,0.27092865,0.30424702,0.26832023,0.2690913,0.19809423,0.16570853,0.06848908,0.1307425,0.118948214,0.10032353,0.095678076,0.0140682785,0.022232866,0.013161908,0.005498677,0.015074351,0.101405986,0.1636504,0.12933075,0.08564733,0.13362356,0.1653464,0.21073604,0.27756205,0.32802746,0.33003223,0.22116296,0.15346918,0.40660363,0.40794158,0.24993615,0.26009536,0.37377182,0.3547384,0.41435412,0.21380647,0.3721653,0.26034817,0.42185313,0.4176516,0.37293708,0.22810535,0.36352178,0.5183299,0.51177883,0.20882452,0.3629524,0.27601334,0.40139058,1.0,0.4362745,0.3303062,0.40826184,0.070852935,0.33407643,0.32745537,0.31060266,0.3352402,0.35895008,0.14898789,0.3441567,0.393562,0.2714836,0.36015674,0.39389652,0.2867204,0.33063003,0.21738696,0.2584112,0.31452045,0.2570744,0.34962234,0.24994595,0.28140974,0.31246358,0.24423921,0.3551116,0.36153027,0.33247334,0.3425091,0.38314068,0.28884935,0.37100014,0.34050402,0.4156271,0.40940282,0.35230792,0.448243,0.40125528,0.43302977,0.3202342,0.3684761,0.3350914,0.29978117,0.14447679,0.17645332,0.17926808,0.26870084,0.3164941,0.27231365,0.3438911,0.35457343,0.34939367,0.37967554,0.36066693,0.35732323,0.21337572,0.32130536,0.31540897,0.19558735,0.17423853,0.13160862,0.19975127,0.1320428,0.18793088,0.15910408,0.14686733,0.22133389,0.30157134,0.2762857,0.33110347,0.2035293,0.30625376,0.3804818,0.3351664,0.28542948,0.34713274,0.33229047,0.32440978,0.33299705,0.342299,0.33817968,0.32318628,0.2156356,0.3281424,0.3176118,0.294945,0.3080293,0.26991153,0.30026743,0.1780582,0.32236242,0.29833397,0.24887758,0.3671771,0.2665727,0.33701485,0.19244786,0.16363549,0.37485832,0.23604614,0.19502582,0.17891654,0.24050783,0.18459952,0.060658213,0.15250832,0.15835652,0.110684015,-0.50946677,-0.5105843,-0.50648284,-0.5074159,-0.51042426
149,-0.06955974,-0.0499971,0.014006215,-0.050425008,-0.08616971,0.021185357,-0.017592326,0.02694054,-0.11469088,-0.017337171,-0.059752297,-0.14449427,-0.13968262,-0.08596618,-0.020609759,-0.03090337,0.08747479,0.07229081,0.03467942,0.21982463,0.20182653,0.2646796,0.3844847,0.15285583,0.19393456,0.114732295,0.019995838,-0.028413279,-0.05041684,-0.066625774,-0.0021032002,-0.007999348,0.01879437,0.06710323,0.08261076,0.12031096,0.11050767,0.075109355,0.0063483138,0.13576306,0.23755817,0.19526975,0.09362602,0.30973542,0.15317793,0.24434891,0.030472452,0.08863841,0.010182789,-0.07365871,0.10306536,-0.12913764,-0.10413264,0.089411646,-0.16907762,-0.1628973,-0.0683916,-0.13451488,-0.03695133,-0.1788327,-0.1225464,-0.1463479,-0.15952325,-0.1042874,-0.058648996,-0.06171872,-0.05409201,-0.07121651,-0.08114494,-0.0906176,-0.09034072,-0.073194906,-0.10422767,-0.059025835,-0.015611208,-0.014681402,-0.0031304595,0.13240379,-0.014958124,0.20050229,0.28915006,0.16559643,0.17025653,0.33285865,0.3601173,0.52775294,0.55805117,0.3466967,0.5340512,0.46586284,0.429037,0.42153588,0.48051935,0.35392147,0.3584506,0.27429032,0.1303778,0.14793055,0.02366113,0.09984704,0.021767516,-0.020025648,-0.026705427,-0.055443216,-0.105314545,-0.20443217,-0.1669491,-0.19249405,-0.2536685,-0.21513972,-0.045274448,0.19409391,0.18895599,0.064064674,0.06406345,0.16876364,0.30947426,0.35618997,0.44409788,0.3541134,0.22481292,0.14617278,0.4933895,0.48457098,0.2463296,0.26297754,0.5255419,0.37250605,0.47414136,0.4983813,0.46208522,0.23936968,0.41406468,0.29153886,0.18748847,0.056517497,0.20481241,0.46711475,0.59621644,0.28933555,0.6479313,0.44869384,0.81329,0.4362745,1.0,0.75512284,0.87961465,0.3163598,0.5801132,0.43921623,0.4402661,0.46514887,0.45166633,0.1929566,0.4072818,0.47938776,0.36182463,0.38625744,0.4999628,0.34008914,0.40499943,0.2783248,0.3712095,0.39746568,0.19638024,0.37054408,0.17518279,0.23700888,0.4306542,0.43123648,0.4746337,0.46348023,0.41386476,0.4479401,0.5000529,0.40670148,0.3680011,0.31561363,0.49471512,0.536469,0.39034644,0.50084084,0.5180386,0.48099622,0.24588658,0.33416608,0.3769816,0.37770835,0.14208858,0.2765087,0.23457587,0.37748095,0.43297663,0.39172757,0.41037676,0.45826787,0.45031255,0.45552698,0.4109295,0.36978212,0.1551445,0.29438436,0.3144276,0.083723545,0.055634726,0.017025813,0.079585426,-0.010848947,0.06575272,0.06387642,0.08728836,0.16010764,0.30526137,0.29087996,0.32552356,0.26387617,0.31788057,0.45875424,0.43243924,0.35892203,0.40698367,0.41869438,0.444227,0.44347897,0.3970791,0.3152579,0.25566202,0.16017637,0.31968454,0.3150414,0.35620394,0.25676134,0.1870759,0.23971693,0.1491732,0.2747997,0.23545821,0.1804737,0.3335289,0.2593709,0.26619938,0.039057937,0.055575192,0.3263282,0.10858041,0.040504027,0.04127521,0.18930237,-0.018335687,-0.19693631,0.16602476,0.1408784,0.13324238,-0.4275342,-0.40662733,-0.4071745,-0.4095435,-0.43270117
150,-0.005700507,0.08347432,0.12898465,-0.003197003,-0.045423634,0.11248469,0.023348948,0.06996855,-0.08044568,0.026669966,-0.10086912,-0.1826826,-0.115421385,-0.12301924,-0.11129228,-0.09372081,-0.058253188,-0.061349627,0.030033333,0.18294129,0.26919025,0.37432933,0.42975602,0.27814862,0.3535679,0.25577167,0.13332245,0.058838803,0.0022476434,-0.028704284,0.04185993,0.029741814,0.10614757,0.16203587,0.26702166,0.31338796,0.31337833,0.2407759,0.14201058,0.31598046,0.36680496,0.27188635,0.11321305,0.30296883,0.13704988,0.093877666,-0.02054489,0.04505517,-0.04509016,-0.110371046,0.19596663,-0.12652506,-0.13086906,0.15125681,-0.1003311,-0.1222818,-0.0594625,-0.035781197,0.051791545,-0.1634914,-0.011756103,-0.042597998,-0.06355504,0.020312706,0.11031216,0.09580445,0.118479855,0.06862273,0.058850862,0.037818577,0.027992435,0.063416295,0.0061055142,0.055580013,0.14405076,0.16813344,0.11015723,0.33487073,0.094353296,0.32975298,0.31171757,0.19174577,0.14417206,0.2696798,0.31855023,0.543609,0.45979124,0.27011886,0.5147361,0.5058911,0.5113177,0.44268954,0.64813095,0.5441975,0.52961165,0.43419483,0.20699441,0.2563723,0.17004763,0.26072764,0.07779488,0.18569121,0.18097378,0.13721064,0.044792537,-0.097166255,-0.037878998,-0.1359599,-0.2318379,-0.12162041,0.072775304,0.25865954,0.22955486,0.24821346,0.16842222,0.3533843,0.51686573,0.604954,0.6531423,0.62125266,0.32566524,0.2147898,0.72987854,0.7130893,0.41693598,0.37769282,0.7584692,0.60575104,0.69567746,0.6492303,0.67747563,0.34527376,0.53925884,0.3611464,0.23563676,0.009776189,0.14365718,0.47704262,0.6490329,0.33912736,0.6387693,0.42849186,0.8037024,0.3303062,0.75512284,1.0,0.8880953,0.5292863,0.8279747,0.63588315,0.6534249,0.67187417,0.6675683,0.3322932,0.57778996,0.6547359,0.51167,0.5168636,0.5902967,0.37131095,0.42652228,0.29186764,0.39959544,0.4110512,0.19984955,0.3271862,0.14751662,0.19728522,0.37933737,0.4588593,0.44088298,0.41517782,0.33089018,0.4359992,0.50140774,0.40145048,0.30632114,0.25741687,0.47923565,0.60025066,0.3142909,0.5365782,0.64931285,0.5790347,0.26888382,0.29930624,0.54360026,0.5980838,0.2810374,0.43143782,0.4461169,0.58018905,0.65132797,0.6041948,0.46418983,0.55383873,0.5262595,0.60312164,0.4157473,0.39625746,0.27261618,0.28616548,0.25238454,0.0062511005,0.03988029,0.0063486127,-0.06684094,-0.16125786,-0.10317268,-0.10490173,-0.029832926,0.012063967,0.15985337,0.18475267,0.19995978,0.19734868,0.17459258,0.41491708,0.4126726,0.3164177,0.33691266,0.4492912,0.43956417,0.410474,0.30384657,0.19683681,0.17186031,-0.008081315,0.17618583,0.16755742,0.24061264,0.10912026,0.077170275,0.09011934,-0.017615858,0.1477469,0.08596683,0.028441608,0.22486676,0.18977268,0.1353193,-0.09254514,-0.043648552,0.27576193,0.080408886,-0.0267006,0.041797515,0.24017373,0.04081984,-0.21907803,0.18406421,0.15483847,0.15053622,-0.49942914,-0.48444596,-0.48170957,-0.47834948,-0.50738305
151,-0.06471204,-0.025996035,0.037480414,-0.0583619,-0.10454221,0.039651357,-0.031226875,0.022462813,-0.14662671,-0.032438066,-0.11081103,-0.20358802,-0.16576263,-0.14510454,-0.10172967,-0.08863548,-0.007458985,-0.025434827,0.0032005208,0.18133014,0.20369323,0.2895651,0.39660713,0.18840855,0.24001282,0.15188433,0.04269832,-0.016309991,-0.04857156,-0.083795175,-0.013856559,-0.02265834,0.029513488,0.088101886,0.14570713,0.18217438,0.17203608,0.12454265,0.04168803,0.18447946,0.26715112,0.18841296,0.06585103,0.26599863,0.1202237,0.14782311,-0.024680862,0.039237216,-0.0654474,-0.14688073,0.13330404,-0.18747236,-0.1707147,0.072267205,-0.19918261,-0.20002756,-0.10269674,-0.14389399,-0.042768024,-0.21441902,-0.121797025,-0.14517736,-0.16373019,-0.09134857,-0.02050051,-0.028610524,-0.012981039,-0.043882865,-0.047546834,-0.06471813,-0.06709454,-0.043859057,-0.088276334,-0.03975509,0.024434604,0.03498679,0.025520653,0.19753663,0.002795677,0.23127206,0.26458946,0.15352236,0.12480328,0.28405035,0.32155094,0.5197845,0.5024297,0.30751136,0.51956725,0.48356518,0.4588449,0.41944867,0.55595183,0.42874107,0.40148053,0.30603498,0.107240476,0.14253081,0.03650284,0.124003164,0.0070529683,0.033903033,0.030128762,-0.013001708,-0.08337782,-0.19628036,-0.14676057,-0.21978366,-0.29244375,-0.2232345,-0.029410787,0.21507761,0.21111035,0.10492121,0.07702413,0.21259698,0.36755228,0.45587033,0.541927,0.4679717,0.23650487,0.15502168,0.59256274,0.5815932,0.31746158,0.30857447,0.6278718,0.46789137,0.5704284,0.59634304,0.56162566,0.28413635,0.46193743,0.30965573,0.18853135,0.015488237,0.15612565,0.47468337,0.6139096,0.30865586,0.64487845,0.45149916,0.81556416,0.40826184,0.87961465,0.8880953,1.0,0.41861272,0.6829625,0.52057207,0.52613354,0.55754656,0.5435924,0.26006415,0.4824853,0.552917,0.41987866,0.4481009,0.54155856,0.35702592,0.42084017,0.29762155,0.3897796,0.4125785,0.21311143,0.37426132,0.17559908,0.23412743,0.43202996,0.4725538,0.4812016,0.46199292,0.39509073,0.4638366,0.5206208,0.41620046,0.35914642,0.31009638,0.4999677,0.5796115,0.37003306,0.51945513,0.5826252,0.5232903,0.2306463,0.30596682,0.43933928,0.46999708,0.18317844,0.35466442,0.31882462,0.4693496,0.5333394,0.49252206,0.45387703,0.50654304,0.49188077,0.518243,0.41320208,0.36824846,0.18719505,0.28929776,0.2679225,0.020262213,0.022853702,-0.01082499,-0.004661691,-0.09484568,-0.0236461,-0.027501885,0.03049259,0.077878736,0.23310424,0.23907204,0.26363334,0.21163854,0.25326613,0.44498473,0.4238304,0.34284732,0.38476723,0.43745077,0.45259017,0.4408869,0.36313096,0.26885703,0.23235594,0.081060804,0.26832536,0.258118,0.30702755,0.20203485,0.16401513,0.18388776,0.07112991,0.22441243,0.17489968,0.11926558,0.2856973,0.24097638,0.20895913,-0.031419627,0.0034746982,0.2957583,0.07611257,-0.013483647,0.015467686,0.1871794,0.01381564,-0.20461127,0.20317589,0.17613734,0.17079759,-0.43488094,-0.4134795,-0.41399688,-0.4142748,-0.44206458
152,0.16179016,0.24276753,0.2298437,0.13378704,0.13460375,0.1840122,0.124313846,0.09827363,0.09032453,0.10671962,-0.0044855913,-0.013049456,0.054483365,0.01959309,-0.032287993,0.017821388,-0.04852347,-0.040281467,0.100183785,0.08871485,0.28533688,0.3605628,0.26966584,0.3091932,0.39639586,0.30686447,0.24046776,0.16967468,0.14388804,0.10248568,0.13858017,0.12681466,0.20635895,0.22275327,0.32578954,0.38032266,0.4044386,0.34887043,0.29784304,0.3893396,0.36293843,0.29972526,0.16631207,0.24463785,0.10518779,-0.00011530272,-0.056656606,0.004381696,0.016056295,0.0016009883,0.14928271,0.03918598,0.018030273,0.19292437,0.10752395,0.083115935,0.096132696,0.16963236,0.17631409,0.030688336,0.18711956,0.14905955,0.1485742,0.20766453,0.27237073,0.25051817,0.2760145,0.21565898,0.20878342,0.18382785,0.17207456,0.22567473,0.17223948,0.21329887,0.28748465,0.3077238,0.2356814,0.3557258,0.21864295,0.3021526,0.22560419,0.16145921,0.08004277,0.14648484,0.12734692,0.30267665,0.24013394,0.12902176,0.28319308,0.29409263,0.22479017,0.17424542,0.30596772,0.27171895,0.37465033,0.34884694,0.23938653,0.28694907,0.27222672,0.34634027,0.1582251,0.3176225,0.30450642,0.26897824,0.22868535,0.046974566,0.08563061,0.050627965,-0.034811176,0.05908551,0.14996432,0.15867272,0.17256227,0.3373777,0.17298394,0.3484472,0.39541835,0.41998753,0.36910465,0.454528,0.26692557,0.1923525,0.5155986,0.5047816,0.31740886,0.24879166,0.5345688,0.4943561,0.5196243,0.4138167,0.50557935,0.2758357,0.41685724,0.30729038,0.24256979,0.042315375,0.10098695,0.25972718,0.39487752,0.18995628,0.30077067,0.20434126,0.40545106,0.070852935,0.3163598,0.5292863,0.41861272,1.0,0.49666068,0.40497863,0.40054837,0.46578413,0.42526644,0.22706784,0.35423264,0.40766466,0.32204688,0.27675292,0.2973174,0.1458861,0.12954092,0.104156904,0.14591295,0.15571724,0.010504363,0.03360794,-0.005113622,0.021641927,0.05760159,0.14567672,0.082447074,0.053525355,-0.0015948719,0.096342474,0.12609373,0.09416912,0.0029243205,-0.008510001,0.113333695,0.23381035,0.011764872,0.20882022,0.34085855,0.30637103,0.15303348,0.09531803,0.36200052,0.4395397,0.2931096,0.31270832,0.39127907,0.40725282,0.43695083,0.4006453,0.16032386,0.2755111,0.26067472,0.35506532,0.14767759,0.17342153,0.23875079,0.08949495,0.050195947,-0.036712978,0.03283964,0.029133214,-0.1326193,-0.17061588,-0.1831778,-0.16741586,-0.09900565,-0.13639279,-0.10515232,-0.09373913,-0.073100105,0.0100800255,-0.08711535,0.07426895,0.12550652,0.06469112,0.010129915,0.16668865,0.118802965,0.07377908,-0.025029741,-0.10789303,-0.108708054,-0.18965049,-0.091956116,-0.10637565,-0.05502022,-0.13283144,-0.1377117,-0.15050496,-0.15226786,-0.0706762,-0.10932087,-0.1352441,-0.03422131,-0.019045768,-0.08005993,-0.15905373,-0.087209485,0.06015779,0.020713046,-0.046042953,0.049924873,0.15732476,-0.0013188148,-0.16618736,-0.036387283,-0.044176202,-0.028279811,-0.3057645,-0.29481724,-0.29526258,-0.2886772,-0.31236577
153,0.06263856,0.14641993,0.1772325,0.045346785,-0.0028408638,0.104328334,0.06560054,0.09243314,-0.024169445,0.07411445,-0.059885923,-0.12637314,-0.052667245,-0.08295819,-0.08113445,-0.07171975,-0.0836343,-0.07128505,0.04587802,0.11259927,0.28300473,0.38402033,0.37932435,0.31763232,0.38567322,0.3234323,0.21053219,0.1292563,0.05693708,0.049254015,0.11508561,0.105382346,0.17580158,0.21957253,0.32956383,0.37367147,0.36435857,0.29243773,0.1749046,0.3533838,0.375812,0.292008,0.1290346,0.30304998,0.13205229,0.051509902,0.0052407896,0.05696379,-0.008455831,-0.06989022,0.19064896,-0.07725294,-0.06443328,0.19203396,-0.028273834,-0.051961858,-0.018448329,0.03160687,0.105030775,-0.11039172,0.0583171,0.015787397,0.008085384,0.09177601,0.1747831,0.16430672,0.18579149,0.14103898,0.1219643,0.10685637,0.08728517,0.12968764,0.07053591,0.12972079,0.20249526,0.22734438,0.1529487,0.3565814,0.121633895,0.35590687,0.3216468,0.1980906,0.13915962,0.22335882,0.29314274,0.514106,0.38817787,0.18845206,0.49251994,0.494744,0.521357,0.44496885,0.66856486,0.57655305,0.5613588,0.465962,0.24877475,0.30091175,0.21667251,0.28621683,0.115979224,0.24849287,0.2444685,0.20537557,0.1165477,-0.015032943,0.035757106,-0.06654589,-0.1393368,-0.039824378,0.12186471,0.22331783,0.19112544,0.27033207,0.20519273,0.40882128,0.5577279,0.5947621,0.6118327,0.60140055,0.31468818,0.2074943,0.70600975,0.6766572,0.40613225,0.3615436,0.7136027,0.60333323,0.65827185,0.58225685,0.65641695,0.33617535,0.5175352,0.3629592,0.25456914,0.021518487,0.13126774,0.42104647,0.5674107,0.29323196,0.52036375,0.3217399,0.6429896,0.33407643,0.5801132,0.8279747,0.6829625,0.49666068,1.0,0.7564119,0.80404997,0.6727283,0.7181061,0.37330997,0.63283545,0.68671757,0.5167774,0.56364536,0.59321684,0.3630737,0.37562945,0.2641777,0.36741343,0.37791654,0.12021479,0.23132536,0.066639446,0.14016828,0.2870577,0.3770427,0.3541407,0.3257929,0.23788744,0.35349944,0.4205491,0.32662967,0.22264849,0.18493848,0.40166345,0.53841937,0.25604814,0.4862376,0.6095007,0.5760525,0.29931366,0.2716332,0.56173134,0.6273361,0.34645435,0.42749166,0.48763108,0.56204766,0.6320637,0.5797567,0.39848936,0.4964445,0.46648732,0.57926035,0.36576432,0.36269045,0.32033846,0.260816,0.23094639,0.018255664,0.0723222,0.03956323,-0.08308122,-0.1728798,-0.128746,-0.13029355,-0.04205136,-0.024572099,0.10392525,0.13347477,0.14094797,0.17073467,0.100937545,0.34013292,0.34601414,0.24723019,0.26297793,0.39871606,0.3604741,0.32507554,0.21887745,0.116531715,0.09143255,-0.055538338,0.08459879,0.08268431,0.17249626,0.023580596,-0.012705017,0.003994011,-0.08043713,0.077215806,0.023623079,-0.027784916,0.16796048,0.13628347,0.08592872,-0.083721995,-0.049548373,0.25693965,0.118372284,0.008189957,0.101902224,0.28230453,0.05746036,-0.21416332,0.12622137,0.102840744,0.11151007,-0.48535344,-0.4791316,-0.4695179,-0.4627514,-0.49225053
154,0.17830426,0.24784079,0.21863155,0.14641693,0.12786746,0.1789353,0.17458686,0.15074752,0.09619808,0.15229005,0.062486634,0.010165714,0.06882653,0.047154877,0.023433156,0.035057086,-0.023733802,3.8967006e-05,0.11189546,0.05919647,0.3365753,0.42138597,0.38798198,0.37051716,0.42770597,0.3480752,0.25315616,0.17872843,0.11532471,0.09229131,0.12453229,0.12095434,0.18836255,0.21027066,0.29871815,0.38753596,0.4024148,0.3313765,0.25625536,0.40059114,0.41303578,0.35800868,0.19346528,0.3430299,0.16871773,0.053592794,0.024975723,0.11757114,0.045282483,-0.0030589586,0.18419746,0.010921248,0.030453192,0.22244975,0.06783474,0.07518769,0.1014503,0.14632793,0.15182173,-0.0028795516,0.16930161,0.12443122,0.12823288,0.20726225,0.2794638,0.2524033,0.27931565,0.2420275,0.2370154,0.1977153,0.19089201,0.23523718,0.1802997,0.22939576,0.2972857,0.31458896,0.23514572,0.38362467,0.20965354,0.3409214,0.34630015,0.20203541,0.15631437,0.2272027,0.21056262,0.47149664,0.3625319,0.17623106,0.4574068,0.47039032,0.39633328,0.3297169,0.47857648,0.41060323,0.49478352,0.4344323,0.29053777,0.33659407,0.29681537,0.33225468,0.122589596,0.32443222,0.3230614,0.27623025,0.22281602,0.06816613,0.10662953,0.03265987,-0.022615608,0.05540075,0.1705586,0.22944349,0.18960361,0.3062935,0.22065932,0.3950969,0.47159037,0.53172725,0.5378642,0.5672854,0.3501938,0.24871017,0.66720194,0.6290764,0.3843853,0.2928082,0.6514314,0.5935101,0.62860054,0.513099,0.61327916,0.33633015,0.5127945,0.41020346,0.31742832,0.08530011,0.17978652,0.3949178,0.52607954,0.22707497,0.40855867,0.2775701,0.5063067,0.32745537,0.43921623,0.63588315,0.52057207,0.40497863,0.7564119,1.0,0.8825915,0.7330007,0.8493994,0.41419816,0.76622415,0.75429463,0.55301726,0.648942,0.60108125,0.3695711,0.37894788,0.23598126,0.34317186,0.33799902,0.19387959,0.24147968,0.16142358,0.21518536,0.20461269,0.25905478,0.2773358,0.2450398,0.1618072,0.2614525,0.33037603,0.25126946,0.20262404,0.17759722,0.3335506,0.47127065,0.2383544,0.44732055,0.56584096,0.6310253,0.38556865,0.30483124,0.57800937,0.6511925,0.40777445,0.36660886,0.46337298,0.5131684,0.565909,0.50990534,0.35287336,0.4125256,0.38421366,0.5282915,0.30965862,0.31208673,0.37414348,0.25618023,0.18524598,0.036556106,0.13019142,0.08937098,-0.052396026,-0.117056035,-0.11571655,-0.11278256,-0.030613666,-0.06399413,0.016802328,0.032985244,0.064622566,0.10398427,0.013069992,0.24043731,0.24456793,0.16914898,0.17536983,0.3440569,0.2600151,0.22615182,0.13222586,0.056982476,0.05513904,-0.09136009,0.058104765,0.05072174,0.08279525,0.021960773,-0.023790138,0.013830215,-0.049538843,0.11567617,0.06469788,0.01476887,0.18030442,0.1232854,0.15402651,-0.0070439274,0.00069129514,0.33122492,0.2652257,0.15460643,0.24304597,0.39358312,0.23310278,-0.040553644,0.069244,0.06153002,0.013848454,-0.50318503,-0.50530386,-0.49843043,-0.4929373,-0.5086394
155,0.119423024,0.19516297,0.1681157,0.08605767,0.06691533,0.11691684,0.12025592,0.09516385,0.055651326,0.12895697,0.02251904,-0.023453336,0.02636999,0.018163746,0.011414988,0.025386121,-0.014861262,0.012853378,0.10635141,0.09079504,0.30821052,0.3881808,0.36939523,0.33541256,0.39326677,0.32420638,0.22426352,0.15014471,0.07961585,0.078816034,0.12527682,0.12128667,0.18152013,0.20921685,0.30259147,0.3713052,0.36988962,0.31083328,0.20942955,0.3682775,0.39159617,0.34885153,0.17999552,0.35466743,0.18180878,0.10101648,0.04320231,0.15161227,0.08222662,0.03356631,0.192693,0.03226839,0.041883983,0.25751144,0.06767385,0.05358067,0.086447276,0.11563374,0.15740687,-0.02550413,0.12844409,0.08976689,0.078842506,0.15656038,0.22927974,0.21574074,0.23450188,0.20173106,0.1772341,0.14739396,0.13081908,0.17828333,0.12773374,0.16905157,0.23913866,0.26431996,0.18589912,0.36176044,0.17342198,0.34574714,0.37552628,0.20326321,0.18507878,0.2708978,0.28803787,0.5422452,0.41134822,0.19540367,0.524222,0.534861,0.49576148,0.4214195,0.5985881,0.50438535,0.56830406,0.48268694,0.31781378,0.35889575,0.2929236,0.33009467,0.1151732,0.2903812,0.28891522,0.25312358,0.17984317,0.041600376,0.08684095,0.008739396,-0.05812091,0.03215185,0.16285811,0.24146135,0.19649291,0.3183044,0.25703034,0.4381679,0.53835917,0.5655631,0.570645,0.5651741,0.3478836,0.23967639,0.64674574,0.61840165,0.37118843,0.3150272,0.64249665,0.5678958,0.60476315,0.51003194,0.5924399,0.32345054,0.47621942,0.36375532,0.27777666,0.06034518,0.14921951,0.36552963,0.49993244,0.23676729,0.40353623,0.2783923,0.5053359,0.31060266,0.4402661,0.6534249,0.52613354,0.40054837,0.80404997,0.8825915,1.0,0.6670582,0.75354177,0.37414494,0.6732106,0.69309926,0.51489943,0.5738704,0.568017,0.34730548,0.3443685,0.22336262,0.33814275,0.3541316,0.12748933,0.20979264,0.098400526,0.18365636,0.20945649,0.28578514,0.29887706,0.26646087,0.18359469,0.2777513,0.3496115,0.26845607,0.18737704,0.16187485,0.34538385,0.47950855,0.22159638,0.44710153,0.5642112,0.583969,0.33131054,0.2706446,0.5584126,0.6194212,0.36594898,0.37260014,0.45998296,0.5161268,0.5746698,0.5259942,0.37843946,0.43905926,0.40970117,0.5378254,0.3221933,0.3277036,0.33718884,0.24955541,0.21216606,0.033173516,0.09875015,0.06277163,-0.0677137,-0.14376777,-0.114681885,-0.11661227,-0.040978186,-0.0357365,0.054815207,0.06554348,0.093074284,0.13919799,0.053560514,0.27534842,0.2851527,0.20288974,0.20624141,0.35848296,0.2940736,0.25800973,0.16616358,0.083360545,0.07222425,-0.059215426,0.062083717,0.05962854,0.11774948,0.014563783,-0.038855862,0.0041154926,-0.07103297,0.08933505,0.0390678,-0.011064029,0.1590458,0.122609854,0.11206,-0.053721152,-0.04391381,0.27852604,0.18000555,0.07047187,0.1625981,0.32982615,0.10711391,-0.13149896,0.036171805,0.023645608,0.0015184721,-0.4852243,-0.4805564,-0.47363573,-0.46762514,-0.49285632
156,0.2000835,0.30261552,0.27142817,0.18203467,0.1592164,0.22797997,0.19294105,0.17945799,0.121974394,0.15655442,0.05685698,0.0023790821,0.088237666,0.034492385,0.0046333806,0.025613677,-0.02662679,-0.0027657878,0.12985317,0.13679655,0.4028935,0.49695465,0.4567157,0.4210043,0.5086067,0.38736558,0.2906708,0.21998122,0.17391647,0.114853434,0.14763474,0.13193677,0.22048916,0.23622186,0.34837443,0.42658985,0.44606963,0.37101537,0.32013947,0.4812636,0.48172757,0.41337895,0.23170152,0.37792212,0.17002416,0.059430923,-0.009826805,0.09142384,0.04025244,-0.018672412,0.19736002,0.01209584,0.017064154,0.25286332,0.07595908,0.08402238,0.11208976,0.18367091,0.18281887,0.012465299,0.2122043,0.1603395,0.16451204,0.24974732,0.32892993,0.29034472,0.32284275,0.2796941,0.2787085,0.23482467,0.23362342,0.28210312,0.22041145,0.28049484,0.35454234,0.3756327,0.28263795,0.464061,0.25527978,0.37150413,0.35835934,0.23362345,0.16789614,0.23001367,0.20677292,0.4503104,0.3424728,0.17622994,0.42003033,0.4248041,0.39760062,0.32878748,0.47599554,0.4386262,0.50913817,0.48554847,0.33188793,0.38202366,0.35645908,0.4155569,0.1822282,0.3746455,0.36513212,0.31787598,0.26629108,0.058770854,0.10028574,0.06609665,-0.030539354,0.07328749,0.20106113,0.2851852,0.2320655,0.36136687,0.23537439,0.42617643,0.50671667,0.60337204,0.6170267,0.65916204,0.40416238,0.30256626,0.77103174,0.7437644,0.46090963,0.39065087,0.76540446,0.69161683,0.7376765,0.49333572,0.6982074,0.37959245,0.59405583,0.4822484,0.38097587,0.12522633,0.21937881,0.4785769,0.62115896,0.27325967,0.48789367,0.3215737,0.593574,0.3352402,0.46514887,0.67187417,0.55754656,0.46578413,0.6727283,0.7330007,0.6670582,1.0,0.853164,0.43280858,0.73550737,0.8006806,0.61282086,0.6505121,0.6456762,0.41568133,0.4396742,0.2996983,0.36266807,0.35221148,0.26181033,0.30068326,0.17813879,0.20650066,0.27936372,0.3067054,0.31202015,0.2903274,0.21557109,0.29707646,0.379658,0.30075043,0.27902165,0.24376173,0.393669,0.5228527,0.29871204,0.5201729,0.6292799,0.68486637,0.44549727,0.3891049,0.6354707,0.6978475,0.47725338,0.46076852,0.5282144,0.57802427,0.6224381,0.55393827,0.39535066,0.47020495,0.43526825,0.5926329,0.36241147,0.38429695,0.42461705,0.32214013,0.24229877,0.104496464,0.19738792,0.1493771,0.011560573,-0.061753392,-0.066770054,-0.068126984,0.00010120771,-0.017583575,0.054377202,0.06498096,0.11813178,0.13621993,0.05084565,0.29084054,0.3000131,0.19081059,0.20229082,0.3372795,0.30092123,0.2630402,0.16506429,0.08239169,0.08288969,-0.062463075,0.10565269,0.10086619,0.10507855,0.06970758,0.026517086,0.05509469,-0.013506992,0.16244009,0.110312834,0.05819308,0.24526754,0.18068318,0.20525302,0.009094204,0.046183642,0.3980417,0.286065,0.17716913,0.2754695,0.41161847,0.2619173,-0.021956438,0.13788378,0.12734936,0.075348884,-0.5911374,-0.58684963,-0.5846757,-0.5814159,-0.59674907
157,0.23836683,0.34255382,0.28892598,0.20263572,0.18075989,0.24548744,0.21687867,0.20312837,0.1396418,0.17684442,0.068654284,0.010807271,0.108570464,0.03816694,-0.0061951405,0.013583929,-0.060990233,-0.039198436,0.11786417,0.099395014,0.399341,0.5028718,0.4440477,0.44643605,0.5328462,0.42642877,0.32508156,0.25640672,0.18690088,0.12505706,0.15285078,0.13627174,0.2321335,0.24217872,0.36671016,0.4518131,0.46878,0.39698294,0.35196444,0.5000858,0.48986778,0.41531798,0.22721785,0.35890368,0.14661138,0.008501566,-0.019127544,0.08842965,0.017352546,-0.036611263,0.20277376,0.0006210209,0.014313067,0.24564514,0.09152621,0.099731915,0.11575283,0.20774895,0.19844563,0.020471929,0.24458839,0.1859642,0.2037412,0.29369453,0.3796423,0.34176093,0.37290293,0.33080494,0.33473146,0.29829744,0.2837225,0.33085677,0.2670642,0.32635584,0.40185755,0.42586297,0.31006026,0.49280006,0.28533155,0.37223738,0.3475637,0.2525922,0.15107839,0.20444407,0.17419344,0.43073252,0.30860242,0.16108155,0.39419866,0.41106352,0.37434283,0.3012802,0.47229195,0.43618268,0.5127239,0.49162436,0.33433792,0.38883734,0.38113979,0.42662016,0.19171885,0.4230345,0.41658887,0.36311442,0.31140864,0.10126108,0.14683752,0.08422115,-0.0025362126,0.107013345,0.23815542,0.29472494,0.24241984,0.37300462,0.2466307,0.4410901,0.509491,0.62490386,0.6356772,0.7005764,0.41242942,0.30559152,0.79425746,0.7625996,0.476654,0.378352,0.77089036,0.7140757,0.75173336,0.502943,0.7223794,0.3961903,0.60386497,0.48643738,0.38094443,0.10340267,0.19024426,0.45526183,0.6068485,0.2565527,0.45540386,0.28525147,0.5743664,0.35895008,0.45166633,0.6675683,0.5435924,0.42526644,0.7181061,0.8493994,0.75354177,0.853164,1.0,0.51595926,0.89921576,0.8956868,0.6646231,0.7790812,0.7073138,0.45257774,0.46703997,0.31885394,0.3652874,0.37090093,0.31451553,0.31796145,0.20875883,0.2326819,0.260621,0.2887971,0.2946259,0.2680598,0.18629733,0.28504944,0.36366427,0.28912964,0.2680641,0.24040169,0.37505808,0.52843887,0.28372383,0.51464146,0.6490177,0.746729,0.48374704,0.3977299,0.6697023,0.74160933,0.5203544,0.44780955,0.56226647,0.58744127,0.6440115,0.5744161,0.39889735,0.45912358,0.42392287,0.60135496,0.35297412,0.35352454,0.46115306,0.3094226,0.1921181,0.075001754,0.21202803,0.16722739,-0.010470885,-0.07079855,-0.10117241,-0.10021789,-0.014517126,-0.06544322,0.004007438,0.036218192,0.07573388,0.086655304,-0.004763945,0.25334054,0.2664285,0.1479132,0.16734506,0.3222502,0.27005222,0.22800931,0.12196432,0.043445263,0.060270514,-0.11809947,0.08006577,0.07242655,0.07157166,0.049708635,0.025607906,0.03707703,-0.03427805,0.15556535,0.10300338,0.056230146,0.23779696,0.17295362,0.21066454,0.030537771,0.06968279,0.4265728,0.3625912,0.23252647,0.33368582,0.48643583,0.3817381,0.03959204,0.17329146,0.16531888,0.10385741,-0.60595274,-0.6098709,-0.60367537,-0.5989415,-0.61027926
158,0.08944131,0.14906266,0.1020312,0.06242664,0.05686313,0.09005266,0.06261135,0.063055314,0.026227951,0.073868155,-0.009873677,-0.04272365,0.0035947566,-0.029101752,-0.068513095,-0.036996197,-0.09721828,-0.08364966,0.0058260025,-0.0033781154,0.14812681,0.21652135,0.1849572,0.19549781,0.23811992,0.18279731,0.12481693,0.09072945,0.065559946,0.017175078,0.0229551,0.015955742,0.06118183,0.05905777,0.16624875,0.19805029,0.21948801,0.17896284,0.16293555,0.22615959,0.20837446,0.15432394,0.04856878,0.11021865,-0.001654791,-0.06796639,-0.059985105,0.012120226,-0.04017861,-0.059816148,0.1295714,-0.02243237,-0.04310477,0.10289493,0.021046113,0.021515073,0.03327706,0.08315591,0.08126632,-0.010522085,0.103161044,0.08403769,0.085202284,0.1242723,0.17948706,0.16083077,0.16876654,0.17313306,0.15759204,0.13201128,0.12716526,0.14863446,0.11446965,0.1466903,0.1783359,0.19991334,0.15857989,0.24902487,0.14444694,0.15676868,0.11385613,0.09725044,0.053620305,0.048187856,0.03481269,0.14193714,0.069444776,0.025819017,0.1300697,0.15259522,0.16801767,0.11439896,0.21318057,0.22587852,0.21992953,0.22150919,0.13946304,0.16464186,0.1847753,0.20336343,0.091475315,0.21504053,0.21551342,0.18573318,0.14405839,0.057844594,0.059508204,0.026311478,-0.017766612,0.046623554,0.1378185,0.16663168,0.1300156,0.19234096,0.13761863,0.21517088,0.24660984,0.32992634,0.3384487,0.38709566,0.21450116,0.17372394,0.39540437,0.3717689,0.26683637,0.18424341,0.37994972,0.3503062,0.36846477,0.23481569,0.3685666,0.18204363,0.27093247,0.19347487,0.13861226,0.0054765013,0.02326278,0.18936662,0.27060342,0.0997778,0.20526834,0.09049994,0.27421317,0.14898789,0.1929566,0.3322932,0.26006415,0.22706784,0.37330997,0.41419816,0.37414494,0.43280858,0.51595926,1.0,0.44940487,0.42752174,0.32042181,0.37512812,0.31875435,0.21017005,0.22928657,0.13450998,0.1950697,0.19188088,0.16222641,0.14700288,0.09824347,0.045259323,0.14629726,0.18674922,0.16574655,0.15289564,0.106912315,0.16858514,0.2056701,0.18069649,0.14170544,0.11937649,0.20582202,0.2809192,0.13546112,0.27614972,0.34612176,0.36701185,0.2385222,0.19613086,0.35947123,0.36461294,0.27048776,0.22841676,0.2959735,0.28957978,0.3489367,0.31234464,0.20614588,0.26328188,0.24513495,0.33240563,0.19950527,0.19377762,0.24876115,0.17084925,0.10243429,0.055381414,0.10667774,0.075971425,-0.011891437,-0.055256646,-0.055779,-0.06862525,-0.05955375,-0.043853976,-0.023891604,0.0033047956,0.02342935,0.034753017,-0.0004958144,0.13572934,0.12788858,0.076863766,0.106876455,0.17820963,0.1535145,0.13984206,0.073011786,0.031216357,0.045728754,-0.061591655,0.030100921,0.039797466,0.0051819296,0.011977159,0.03136084,0.011486826,-0.030371675,0.043594833,0.020212565,-0.001281937,0.098195426,0.09966933,0.087713,-0.013707703,0.00097619864,0.20046848,0.16398396,0.09916904,0.16073121,0.22335571,0.23494816,0.07626528,0.13638107,0.1320367,0.08210694,-0.29011175,-0.29026884,-0.28434634,-0.28035355,-0.29317325
159,0.19958463,0.29276344,0.2648555,0.16368395,0.13190156,0.20267698,0.16914259,0.1715493,0.08792781,0.13822587,0.03282286,-0.029561944,0.07097345,-0.008134253,-0.04538432,-0.013948671,-0.09143325,-0.07610135,0.08972895,0.052218433,0.33236805,0.4355332,0.39036676,0.39685366,0.47466385,0.39414006,0.29271698,0.2317574,0.15601236,0.085803084,0.12172479,0.10633479,0.2079108,0.23230219,0.34358078,0.42060196,0.41996962,0.35300696,0.30428106,0.43261388,0.4278401,0.3371143,0.16896746,0.2829626,0.08760573,-0.030282624,-0.04739269,0.028353665,-0.03900914,-0.096763074,0.17869532,-0.067275435,-0.038001433,0.16585073,0.023676261,0.038570672,0.06534322,0.13820106,0.1447729,-0.02028904,0.18073489,0.115438625,0.15429221,0.23767678,0.32013443,0.28310254,0.31853002,0.26170287,0.28435358,0.2618975,0.24345428,0.28217775,0.22193749,0.26849774,0.35222712,0.36764285,0.25122654,0.43459082,0.22753732,0.31394425,0.27488148,0.21891576,0.08432905,0.1512592,0.11071923,0.36019048,0.2515016,0.12517695,0.32472497,0.33932522,0.30923918,0.25028518,0.415086,0.39531866,0.42620176,0.4037274,0.24399185,0.29824075,0.2914961,0.3331003,0.15812473,0.35574105,0.3524761,0.29477212,0.2487445,0.05294556,0.10293852,0.028647343,-0.04935966,0.0504143,0.18253277,0.27323356,0.24218471,0.28964663,0.18518783,0.36276942,0.42765006,0.5353183,0.5684314,0.6093782,0.31949747,0.22388354,0.74037915,0.70480543,0.4284449,0.32320058,0.70651656,0.65773535,0.68368036,0.43787065,0.6722142,0.3646817,0.55637544,0.43362576,0.32421288,0.05481689,0.14562638,0.41088042,0.54567444,0.2055734,0.39832622,0.23329563,0.5018592,0.3441567,0.4072818,0.57778996,0.4824853,0.35423264,0.63283545,0.76622415,0.6732106,0.73550737,0.89921576,0.44940487,1.0,0.89324254,0.5891553,0.87619704,0.78422874,0.46481115,0.5010241,0.36498827,0.38587958,0.3809846,0.3630232,0.3619814,0.22726715,0.2921349,0.27938768,0.30757177,0.28805578,0.25328422,0.17173125,0.26054335,0.33703014,0.22650467,0.23685594,0.21475112,0.33256215,0.50363106,0.27041557,0.43708,0.58219105,0.7091132,0.4209909,0.34133247,0.57608026,0.667269,0.44983232,0.3958069,0.49092856,0.5589111,0.5592487,0.49244428,0.36829126,0.37742993,0.35394502,0.49600375,0.28056172,0.2401771,0.3709664,0.23629463,0.095841244,-0.028818196,0.13911955,0.10234793,-0.061573677,-0.096049465,-0.15422563,-0.11031004,0.0024960767,-0.11114079,-0.021148356,0.031986866,0.038713746,0.017235955,-0.027282627,0.20470367,0.21943502,0.106137015,0.1347478,0.27364793,0.22472541,0.19099689,0.090424985,0.013104796,0.02531454,-0.15717633,0.07812176,0.05418572,0.084225826,0.05944945,0.008020707,0.049513355,-0.034515217,0.16318667,0.12260034,0.08052276,0.22378571,0.16021727,0.21251132,0.04981662,0.07690841,0.40430364,0.36717236,0.23221885,0.30839297,0.4575341,0.38016868,0.0034648615,0.17826036,0.16809244,0.1202487,-0.52445185,-0.5274776,-0.52022755,-0.5153742,-0.5287901
160,0.18846132,0.2886198,0.26762587,0.16479172,0.13270947,0.20978643,0.17687891,0.16795646,0.10477583,0.15391399,0.04687355,-0.014211963,0.07240725,0.0234371,-0.004761445,0.018132666,-0.04182214,-0.017436285,0.12823118,0.14015575,0.38220885,0.4823388,0.44738972,0.42610127,0.5067457,0.4181456,0.32161832,0.25897625,0.18988208,0.13731375,0.18436877,0.17058465,0.26244408,0.2909537,0.38392705,0.44372293,0.44383743,0.36987087,0.30817124,0.4691713,0.47572884,0.40125477,0.20977362,0.3708851,0.14905566,0.058355708,-0.0008189182,0.096074484,0.034080412,-0.033819575,0.21507053,-0.01929057,0.0030365062,0.25474855,0.049441088,0.056811642,0.091140114,0.15372019,0.17467162,-0.017841924,0.18281089,0.11526671,0.14048396,0.23322082,0.3132602,0.27621335,0.31085232,0.2504445,0.26416647,0.24705423,0.22313389,0.27040634,0.20831747,0.27530083,0.35027316,0.36641273,0.2598736,0.45861298,0.22360584,0.38009018,0.3660146,0.27243847,0.15966967,0.23959076,0.22512247,0.45927408,0.3547399,0.19182463,0.42916998,0.42361596,0.4268915,0.36818382,0.51088035,0.47367594,0.5237822,0.5079468,0.33368355,0.381007,0.34358492,0.40053886,0.18384011,0.36140823,0.35130695,0.30195087,0.24494866,0.042284403,0.091167696,0.048925243,-0.050042298,0.057153232,0.2028504,0.3138923,0.25527853,0.34870756,0.23818685,0.44256172,0.52761036,0.61332077,0.65358216,0.67880946,0.37831312,0.267581,0.81943583,0.7840947,0.47871852,0.37537855,0.7841304,0.7186058,0.755262,0.45340067,0.7224972,0.38726643,0.61332494,0.4817119,0.36705908,0.095651835,0.19820116,0.47602203,0.62062913,0.2565097,0.4870073,0.30414,0.59051734,0.393562,0.47938776,0.6547359,0.552917,0.40766466,0.68671757,0.75429463,0.69309926,0.8006806,0.8956868,0.42752174,0.89324254,1.0,0.7062322,0.85393775,0.8763588,0.549856,0.58140767,0.43181294,0.47000414,0.43778417,0.3333398,0.39798337,0.20841986,0.30789316,0.36052004,0.36680382,0.39219388,0.36146465,0.2751443,0.3477906,0.45255017,0.34476268,0.32009792,0.2818866,0.45811704,0.6192337,0.36784002,0.57717985,0.7019608,0.8100765,0.5012692,0.43898696,0.6733796,0.75189435,0.5006725,0.44056365,0.54502684,0.6165566,0.6558486,0.5823818,0.4640782,0.4988214,0.46901065,0.618283,0.39463213,0.3775364,0.43347475,0.3485061,0.23345006,0.06142689,0.19465686,0.14564498,0.0012904913,-0.07217844,-0.08731592,-0.058495093,0.034791704,-0.009446231,0.10390653,0.13572879,0.16426279,0.120393306,0.09037787,0.33660194,0.34971392,0.20225802,0.24739817,0.37378544,0.3340755,0.29805598,0.20045954,0.11106017,0.09796442,-0.056423113,0.16032644,0.14902076,0.1865801,0.11655276,0.03864036,0.104938634,0.0004966228,0.22389728,0.17606325,0.11556609,0.3108287,0.2369891,0.27316433,0.07319428,0.081078626,0.49199158,0.38963532,0.25528577,0.3268511,0.49155837,0.2987827,-0.06988829,0.16998859,0.15983793,0.13009092,-0.63914603,-0.6371765,-0.6302675,-0.6263923,-0.6447615
161,0.15001903,0.2230105,0.19345865,0.117296115,0.09770235,0.16108987,0.1376575,0.1143543,0.088471524,0.12015448,0.040545873,-0.007120616,0.0505058,0.040841095,0.009718048,0.042822693,-0.020703536,0.005622993,0.11940948,0.13316303,0.29912084,0.37002045,0.32084474,0.33032873,0.4001787,0.33309522,0.2525227,0.19416942,0.14126,0.11577476,0.15400305,0.14216983,0.20498529,0.22396831,0.3034117,0.35190666,0.35131198,0.2988164,0.24206275,0.37301305,0.36503753,0.32482022,0.17003155,0.3024386,0.15139535,0.060539987,0.014295784,0.11215264,0.068003945,0.023661928,0.17817444,0.032303534,0.038799003,0.22998166,0.0720754,0.07030699,0.098255545,0.14227962,0.16505669,0.006865441,0.15665786,0.10893878,0.11532713,0.18737228,0.24521121,0.2111996,0.24277888,0.20316333,0.19864616,0.19125417,0.1678761,0.2072247,0.16024546,0.22488795,0.27639672,0.2846231,0.20670913,0.36189207,0.16932714,0.310965,0.30185413,0.21334623,0.13979118,0.20021468,0.20011808,0.374826,0.2811043,0.15561663,0.3356467,0.32808888,0.35285413,0.3076855,0.41308105,0.3876645,0.4336941,0.4330031,0.29928106,0.32971174,0.29533464,0.34605542,0.14092214,0.28914392,0.27829367,0.2523707,0.20141166,0.037031367,0.0651848,0.0356428,-0.042082418,0.04796443,0.17140636,0.24769264,0.19685103,0.3082584,0.20722115,0.37971845,0.443058,0.49874568,0.5145031,0.54949015,0.31993628,0.2385846,0.6256287,0.59838325,0.39002275,0.30164322,0.608026,0.55129015,0.5829295,0.3610975,0.55727595,0.29290846,0.4659324,0.36530444,0.27926588,0.08037253,0.1413642,0.34682408,0.46025002,0.19315572,0.36744595,0.24539317,0.4580432,0.2714836,0.36182463,0.51167,0.41987866,0.32204688,0.5167774,0.55301726,0.51489943,0.61282086,0.6646231,0.32042181,0.5891553,0.7062322,1.0,0.54493207,0.5975562,0.4141746,0.41338506,0.30825716,0.3386839,0.33371976,0.17985214,0.2493664,0.105092905,0.16131091,0.26120874,0.2751336,0.30730996,0.28296095,0.210866,0.28782672,0.36418486,0.2804098,0.24553122,0.20526093,0.3736097,0.49078155,0.28005308,0.48483506,0.57790554,0.6219152,0.39304397,0.34809342,0.5732685,0.62878335,0.41293317,0.37020588,0.45991924,0.48277357,0.55881673,0.50504035,0.38087842,0.4370615,0.40530306,0.54290634,0.3504804,0.357187,0.3707892,0.3018475,0.23470196,0.10030894,0.17635535,0.13516536,0.013780644,-0.059710942,-0.04856097,-0.045420393,-0.004417867,0.019712886,0.09190983,0.10106596,0.14123398,0.13764828,0.09424204,0.29194444,0.29896575,0.19761826,0.2118204,0.31548402,0.29443976,0.26260078,0.18571803,0.10969461,0.09495154,-0.009308459,0.10004522,0.109392524,0.12915824,0.059034076,0.011264882,0.048407502,-0.01676067,0.1422102,0.09424733,0.04514108,0.22290899,0.19684069,0.17844072,0.014824851,0.027287925,0.36062923,0.25560343,0.1579815,0.23271742,0.36055905,0.173373,-0.070118494,0.09806198,0.08961859,0.07297509,-0.50808364,-0.50268906,-0.4962105,-0.4929844,-0.5136661
162,0.1703754,0.23502766,0.23747495,0.15075201,0.111275844,0.1716187,0.15560155,0.15695135,0.07625558,0.12427085,0.05438557,-0.008213294,0.06672573,0.00841634,-0.0010171417,0.00033115956,-0.03238798,-0.01741473,0.10925969,0.071785666,0.31128624,0.39341137,0.37327847,0.3468097,0.4082669,0.3495086,0.2611336,0.20611344,0.14083734,0.08492172,0.12315787,0.11541215,0.19316727,0.22019058,0.29446644,0.36319885,0.36066476,0.30032787,0.24868512,0.36193573,0.38625035,0.3062175,0.15588488,0.27711034,0.10646715,0.024292886,-0.0062968726,0.035206147,-0.013812206,-0.08341186,0.15628032,-0.07464704,-0.02921153,0.14500561,-0.011851987,0.0195942,0.06421914,0.09234177,0.110455886,-0.028596269,0.12813133,0.062872924,0.10765307,0.18088344,0.24183144,0.21051063,0.23601429,0.17506862,0.2154299,0.20720106,0.18880866,0.22149576,0.17530908,0.21632779,0.28679276,0.2890782,0.20197786,0.3499562,0.18522201,0.26931158,0.27620733,0.19685034,0.09568977,0.1643312,0.13818866,0.35420942,0.2511262,0.14562194,0.30161482,0.3221889,0.28694564,0.23943019,0.38518226,0.369014,0.37234244,0.3545119,0.21284156,0.25238967,0.2281539,0.25812817,0.1476721,0.264624,0.25749797,0.20707566,0.17819329,0.005971318,0.046334006,0.011963161,-0.06105037,0.012920184,0.12241826,0.24399315,0.21362378,0.21982946,0.14769721,0.3000048,0.3704776,0.45069116,0.50082695,0.51270276,0.2693891,0.18585037,0.6493308,0.6188981,0.36863095,0.27340782,0.61168283,0.5558291,0.5939554,0.3730669,0.5780464,0.3138056,0.50341874,0.41379073,0.3147376,0.08112649,0.18600057,0.414247,0.50698495,0.18736799,0.40098268,0.23590758,0.4597444,0.36015674,0.38625744,0.5168636,0.4481009,0.27675292,0.56364536,0.648942,0.5738704,0.6505121,0.7790812,0.37512812,0.87619704,0.85393775,0.54493207,1.0,0.8259526,0.52756965,0.5961843,0.462568,0.4342771,0.40484124,0.40949622,0.43266183,0.24780107,0.3520164,0.34677792,0.33196226,0.33251277,0.31091604,0.25341257,0.28618333,0.36623368,0.26445025,0.2780312,0.2483011,0.36955512,0.5097966,0.3418506,0.44654092,0.53956246,0.7132684,0.46108955,0.39113998,0.51263356,0.59386086,0.40736213,0.34132275,0.41006348,0.48398265,0.45600846,0.3881894,0.346586,0.3281488,0.31592765,0.4286673,0.27703455,0.235129,0.33465692,0.26631463,0.13752626,0.008025929,0.17249712,0.12979679,0.019584192,-0.01999627,-0.06348343,-0.010975591,0.09785535,-0.011975715,0.094792366,0.1315121,0.14249685,0.062376093,0.08274277,0.24860841,0.24900064,0.13472134,0.18566509,0.27587232,0.23556028,0.21571556,0.14979993,0.08617643,0.07689012,-0.047151167,0.1694817,0.14761892,0.18693857,0.1564311,0.064146645,0.14799999,0.046832185,0.25446066,0.22717588,0.18278679,0.318379,0.23938963,0.3148977,0.18391557,0.13973318,0.49145946,0.45760897,0.33506787,0.36948353,0.49970433,0.38308144,-0.015492205,0.19994012,0.19347565,0.15280579,-0.52810293,-0.52861094,-0.52256984,-0.5195656,-0.5316584
163,0.02405214,0.081772454,0.12486327,0.021339523,-0.027023204,0.069492854,0.03663694,0.053463634,-0.040467244,0.04002349,-0.033604823,-0.10831162,-0.053988885,-0.06699091,-0.046429776,-0.032776397,-0.018715141,-0.005413458,0.084144406,0.13832729,0.24315725,0.32838756,0.38135913,0.26419517,0.32527652,0.2456229,0.15520784,0.11137153,0.07480262,0.019070068,0.08255281,0.076310985,0.14004947,0.1908415,0.23894836,0.26633027,0.2566353,0.20397325,0.13658214,0.27204984,0.32196906,0.25400007,0.109047815,0.29347613,0.11036056,0.10961268,-0.0023130258,0.06092607,-0.008721939,-0.083929986,0.19523327,-0.108143695,-0.07693778,0.1469947,-0.11666994,-0.08894749,-0.01968345,-0.031187685,0.042560056,-0.12743534,-0.014238608,-0.06602656,-0.054624118,0.024251182,0.08430311,0.060337562,0.088633776,0.033234246,0.051714577,0.05214812,0.026343362,0.05956938,0.010924576,0.07976533,0.1407674,0.138601,0.079572745,0.26683307,0.05286918,0.2660861,0.27698258,0.20893843,0.1316524,0.25037694,0.26010987,0.4263808,0.3717582,0.21527992,0.41753098,0.38218516,0.42019463,0.39032063,0.48342884,0.43898052,0.4121748,0.37703666,0.20114297,0.2293917,0.15536816,0.21642919,0.08411024,0.12580673,0.11441722,0.06720533,0.025349393,-0.1386317,-0.09700725,-0.0867345,-0.19164293,-0.1162513,0.04435983,0.29710966,0.25860113,0.18373302,0.13844822,0.29488996,0.40942112,0.47611436,0.57509345,0.5103906,0.24912451,0.15884817,0.6977127,0.6651035,0.37631685,0.31225538,0.66662717,0.554912,0.6106521,0.36314625,0.587934,0.30840927,0.49160507,0.36019057,0.24093199,0.02896836,0.1493182,0.44063082,0.55180043,0.23118214,0.4965155,0.29606315,0.55895865,0.39389652,0.4999628,0.5902967,0.54155856,0.2973174,0.59321684,0.60108125,0.568017,0.6456762,0.7073138,0.31875435,0.78422874,0.8763588,0.5975562,0.8259526,1.0,0.5861909,0.71016,0.55308974,0.59076965,0.5196143,0.40872854,0.53976357,0.25775334,0.39547142,0.52948004,0.5015176,0.54287666,0.5129222,0.4371035,0.46795964,0.570869,0.43675578,0.42200354,0.36770463,0.5604431,0.6907501,0.47864679,0.59061277,0.67122203,0.76467615,0.4015961,0.42820644,0.5185967,0.5905113,0.28961548,0.31590167,0.36497343,0.53693753,0.54476386,0.4811728,0.5021249,0.49007687,0.47978187,0.52503645,0.42055586,0.33859298,0.24639688,0.3444208,0.24979506,0.00026456377,0.08666985,0.035598554,0.024752716,-0.0493144,-0.036306433,0.03780452,0.10180786,0.072554134,0.2512013,0.2796064,0.2905084,0.16474602,0.24615908,0.44758236,0.43153057,0.2953213,0.37864307,0.41632128,0.4267671,0.40849566,0.3389453,0.2508241,0.21283664,0.06780913,0.3238187,0.30867663,0.3654113,0.2711053,0.15728085,0.26438376,0.09820451,0.34072235,0.3068026,0.23838714,0.41156015,0.31416494,0.37504524,0.1408323,0.09769919,0.5081923,0.34492302,0.22125503,0.20932025,0.4116084,0.20160727,-0.14432018,0.23971221,0.22111809,0.20539457,-0.5585941,-0.54743564,-0.5442429,-0.5438857,-0.56467736
164,0.0017163521,0.012118047,0.037469383,0.009515385,-0.030088533,0.033471063,0.03356753,0.05024262,-0.013079821,0.03436526,0.014530868,-0.026473373,-0.02924659,0.01033565,0.032569855,0.047574013,0.06827793,0.088517256,0.06899488,0.13768388,0.15865365,0.18894392,0.25836504,0.11038639,0.15213935,0.09775714,0.04412531,0.016010053,0.031942517,0.0061435164,0.048609857,0.044788737,0.065195076,0.0924681,0.09520639,0.0984961,0.10801627,0.06329163,0.060266793,0.13164404,0.17875342,0.18132423,0.09441503,0.2582567,0.13559058,0.18369722,0.06914731,0.12332271,0.09820686,0.04239167,0.15463375,0.015630007,0.021607693,0.17527013,-0.046184756,-0.01358227,0.0343511,-0.00058818224,0.057079785,-0.068846405,-0.015854767,-0.036840346,-0.05212275,-0.019143397,-0.00783166,-0.029107727,-0.014670465,-0.02950465,-0.025233997,-0.014759027,-0.032595385,-0.012474051,-0.034781575,0.009750925,0.035858613,0.02811965,0.01197191,0.12043259,0.018405216,0.16303445,0.23312831,0.17184891,0.16434322,0.23746689,0.225658,0.36333936,0.3001256,0.21206813,0.30772227,0.30976912,0.3050987,0.2776152,0.3527319,0.32466528,0.29656798,0.30297905,0.19316712,0.19111551,0.10219541,0.12826811,0.12525748,0.00788071,-0.012976291,-0.037056927,-0.025635311,-0.17649198,-0.14684995,-0.062763214,-0.16096835,-0.11659502,-0.009116885,0.28015885,0.2107563,0.13358927,0.15504166,0.23329929,0.2956117,0.30091935,0.338138,0.3266624,0.20067982,0.14026152,0.37497702,0.3548862,0.22503582,0.21204057,0.3636581,0.2476315,0.31114152,0.22433743,0.28180337,0.14336249,0.2855232,0.22488089,0.16749911,0.08903558,0.1572728,0.29807225,0.34413126,0.16787177,0.3610748,0.2368833,0.36542994,0.2867204,0.34008914,0.37131095,0.35702592,0.1458861,0.3630737,0.3695711,0.34730548,0.41568133,0.45257774,0.21017005,0.46481115,0.549856,0.4141746,0.52756965,0.5861909,1.0,0.5538278,0.48740643,0.37712687,0.3780025,0.3253367,0.4291107,0.17308027,0.21463023,0.49116635,0.40966877,0.461664,0.4701295,0.44797269,0.41598558,0.47465968,0.4185218,0.41970044,0.36378238,0.4968799,0.52015764,0.47685894,0.5161194,0.47797367,0.5822399,0.42516205,0.47450683,0.3907171,0.37170914,0.23837997,0.18532352,0.19812249,0.30943567,0.31120306,0.25022438,0.33334497,0.35385364,0.35701644,0.3836863,0.37879568,0.35741603,0.23307046,0.37562805,0.35330155,0.19964854,0.23117653,0.16767831,0.238193,0.16766222,0.19723955,0.24252991,0.22493264,0.27035356,0.37520885,0.35229126,0.39745608,0.2578351,0.3422668,0.4336555,0.40596443,0.309094,0.38467932,0.31847528,0.37442824,0.37518054,0.36026862,0.3066071,0.2535775,0.22210531,0.37268803,0.37726343,0.3807911,0.3414957,0.22126572,0.33894834,0.21093012,0.39263344,0.38626495,0.34388182,0.46749377,0.339985,0.43761346,0.25742212,0.22095674,0.5317599,0.38116056,0.31498072,0.27390078,0.37128174,0.17258817,-0.064834416,0.19489186,0.1884447,0.16197035,-0.4787751,-0.4537587,-0.45747924,-0.45996952,-0.48233795
165,-0.08438316,-0.09849103,-0.033793278,-0.06690343,-0.113808125,-0.05368604,-0.047886364,-0.0055661467,-0.11591452,-0.034717675,-0.048586156,-0.11101362,-0.120121785,-0.069380395,-0.009829597,-0.016511869,0.06472051,0.07599783,0.078956105,0.13662149,0.11558593,0.14551641,0.26981875,0.05937797,0.082041115,0.006738733,-0.030740503,-0.049619135,0.0008541187,-0.04336012,-0.026076995,-0.02460251,-0.016008047,0.0103097,0.004595316,-0.020472957,0.009587459,-0.04226358,-0.01694263,0.037918918,0.11987568,0.106277764,0.032137632,0.20941263,0.078510486,0.18552467,0.037667494,0.13912408,0.019976553,-0.04919309,0.10193034,-0.099870436,-0.07072136,0.08022735,-0.20167518,-0.13719761,-0.05690002,-0.14453526,-0.08291135,-0.15649417,-0.14472578,-0.16123945,-0.17326611,-0.13758637,-0.13026239,-0.15152135,-0.13625915,-0.15438302,-0.12879165,-0.12024635,-0.12607734,-0.124595284,-0.13541745,-0.07207197,-0.07292905,-0.093882576,-0.07607525,0.038126655,-0.0384967,0.10226484,0.17244278,0.12373471,0.13627513,0.22303723,0.24677521,0.33456394,0.29679707,0.2019169,0.3257892,0.3061338,0.36394292,0.33684304,0.3628415,0.3150272,0.2300956,0.20229682,0.080249086,0.07807702,-0.017588845,0.016401222,0.02625207,-0.12437789,-0.14044581,-0.17071463,-0.15655208,-0.27931282,-0.25407365,-0.14940901,-0.24803586,-0.22704591,-0.09517202,0.28470415,0.24200408,0.016050767,0.058530472,0.098317124,0.18621369,0.25017834,0.36573267,0.27624106,0.17323324,0.114216916,0.3921159,0.37824926,0.19583938,0.1985895,0.37896046,0.23439679,0.3218785,0.22566257,0.2936909,0.19273381,0.26757583,0.21238384,0.13376904,0.04700992,0.16403045,0.34629005,0.37769273,0.20800346,0.4196348,0.2624825,0.42404547,0.33063003,0.40499943,0.42652228,0.42084017,0.12954092,0.37562945,0.37894788,0.3443685,0.4396742,0.46703997,0.22928657,0.5010241,0.58140767,0.41338506,0.5961843,0.71016,0.5538278,1.0,0.72164106,0.69392145,0.37631974,0.59029585,0.7241306,0.3511697,0.4639758,0.687187,0.50031585,0.6243637,0.64368474,0.63313514,0.5307949,0.60874563,0.56577617,0.54730517,0.46933758,0.6220493,0.6396557,0.61787564,0.5657069,0.5068974,0.64928,0.34809604,0.4733535,0.28909296,0.31501174,0.07349689,0.13862799,0.08596955,0.29181576,0.26428205,0.20507127,0.39084497,0.36067924,0.38257742,0.32336062,0.40713984,0.29427215,0.0690201,0.3670689,0.3108095,0.082922556,0.09964151,0.040073898,0.21222779,0.15251382,0.19705452,0.26880893,0.2515078,0.28622866,0.45438907,0.45366952,0.46941948,0.25957558,0.44223017,0.52392,0.45282558,0.36747015,0.5061317,0.39056173,0.4647397,0.48329487,0.4862403,0.45623425,0.40477493,0.32633415,0.5546319,0.5499134,0.54250664,0.51102865,0.3793384,0.524803,0.32028496,0.54467916,0.54840493,0.5026325,0.57783467,0.4193838,0.585211,0.32784486,0.20977867,0.60390264,0.40694913,0.31782803,0.19543992,0.36436582,0.21840206,0.027543359,0.2627355,0.2514564,0.2055307,-0.48434186,-0.4662363,-0.47200578,-0.4766388,-0.48684105
166,-0.043071683,-0.05912291,-0.016295504,-0.040571887,-0.085836716,-0.042169992,-0.03304304,-0.014419399,-0.090830885,-0.0485525,-0.041169222,-0.083404504,-0.08202772,-0.06877913,-0.03689079,-0.024748294,0.017029366,0.014762534,0.03241879,0.113110065,0.056732696,0.079761766,0.17930834,0.048800603,0.048213113,0.039931472,0.02529949,0.0193123,0.058500372,0.041644294,0.079550594,0.080916554,0.0743455,0.10200456,0.06200168,-0.00054981525,-0.00028508756,-0.026817987,-0.010610651,0.018152831,0.058227845,0.049998935,0.011847449,0.1305037,0.02140857,0.10232071,0.020767462,0.033465333,-0.006241777,-0.06398994,0.059024416,-0.09732791,-0.06907683,0.035105355,-0.16013457,-0.108537145,-0.051485825,-0.105808295,-0.046751022,-0.12065923,-0.09495531,-0.10553494,-0.11179419,-0.09099517,-0.091775306,-0.099621326,-0.09607076,-0.0819466,-0.07895606,-0.05189444,-0.074670255,-0.07682272,-0.08194792,-0.02746679,-0.041007064,-0.06225457,-0.054539446,0.014847594,-0.09078187,0.062017534,0.092388496,0.11275608,0.06844164,0.14524323,0.17799076,0.22385591,0.19246031,0.13372962,0.2121046,0.21859176,0.22165847,0.20834419,0.25135374,0.22588927,0.12313792,0.12786412,0.035815578,0.04188781,-0.012560811,0.037392132,0.08221076,-0.09531207,-0.11352832,-0.12917686,-0.10503202,-0.19191186,-0.17003568,-0.09438424,-0.17892773,-0.14763391,-0.07913722,0.21475735,0.17040148,-0.004137702,0.015912453,0.06490868,0.12765062,0.1612231,0.22311424,0.19508155,0.100526385,0.067014135,0.25452307,0.24285828,0.13307011,0.15171841,0.24946557,0.1285821,0.20086946,0.13628477,0.18017489,0.09737093,0.16792767,0.14352581,0.08203229,0.014835993,0.09825562,0.21153045,0.24711151,0.1492799,0.28166276,0.16454491,0.28433868,0.21738696,0.2783248,0.29186764,0.29762155,0.104156904,0.2641777,0.23598126,0.22336262,0.2996983,0.31885394,0.13450998,0.36498827,0.43181294,0.30825716,0.462568,0.55308974,0.48740643,0.72164106,1.0,0.46278673,0.30143538,0.31804073,0.4336722,0.12350499,0.22143102,0.47000822,0.35106376,0.41401863,0.431231,0.43115088,0.3462174,0.4057301,0.39296275,0.36458963,0.3112792,0.41529158,0.42624488,0.44824758,0.38596782,0.3252001,0.46145242,0.2957246,0.3506769,0.1989761,0.21572298,0.10542754,0.10237509,0.06057727,0.19733293,0.14097632,0.09568181,0.24559674,0.20056924,0.21260002,0.19685698,0.26694086,0.18968081,0.0781958,0.27663198,0.22830123,0.093792476,0.12246609,0.086408846,0.18653905,0.12645574,0.16374914,0.21678267,0.17681831,0.24144909,0.35801992,0.3707446,0.3560147,0.16819336,0.3616671,0.35052893,0.3050112,0.21440215,0.34517503,0.23155375,0.28820103,0.30999234,0.32069135,0.29453653,0.23783918,0.2518868,0.3528482,0.36704803,0.37560824,0.31367522,0.23097315,0.32625625,0.21779476,0.333622,0.34189004,0.3026362,0.39956093,0.34808573,0.39028105,0.283777,0.1854677,0.46553564,0.3770305,0.3170946,0.22755623,0.3061475,0.16357039,-0.04881776,0.24374866,0.24163385,0.23751047,-0.35125026,-0.3306921,-0.3341896,-0.33782902,-0.3523555
167,-0.1583611,-0.15378647,-0.06907638,-0.14175771,-0.18116978,-0.09299605,-0.12449345,-0.05965766,-0.17759638,-0.07220332,-0.12010396,-0.17980765,-0.18941624,-0.14018576,-0.08082506,-0.05533844,-0.0016106616,-0.0020058188,0.030682055,0.052823268,0.041314166,0.07725526,0.19132257,0.031822678,0.04150494,-0.02158463,-0.075559326,-0.10299607,-0.08316689,-0.09930983,-0.0679464,-0.05723835,-0.048886117,-0.0035243891,-0.00084330153,-0.0038482854,0.011433612,-0.042184662,-0.09305565,0.0016201801,0.067697495,0.03404378,-0.021654874,0.12488123,0.027182868,0.10793309,0.026999997,0.047819715,-0.026117524,-0.07906841,0.12371835,-0.12972824,-0.114639096,0.028922003,-0.22427936,-0.18929307,-0.1147972,-0.19899726,-0.090213485,-0.20156038,-0.20470026,-0.20960276,-0.23433985,-0.19557312,-0.16838495,-0.16417043,-0.15637477,-0.19447005,-0.18143451,-0.16962592,-0.18466763,-0.17639636,-0.19460222,-0.14425613,-0.12642534,-0.13506831,-0.10242426,0.023456056,-0.08193471,0.13435014,0.11490688,0.056950234,0.08341494,0.15677598,0.19755286,0.27126092,0.25590324,0.1451095,0.2840497,0.24965096,0.34331298,0.31883293,0.35864732,0.3184097,0.20914948,0.16000748,0.018680973,0.021033783,-0.07502187,-0.033886638,-0.07807759,-0.13463639,-0.13856201,-0.1736745,-0.20647542,-0.26476797,-0.23075455,-0.20351067,-0.2668075,-0.25024137,-0.094039895,0.21470396,0.19230188,0.0043817107,0.041626114,0.084232345,0.19022262,0.21667984,0.32545725,0.22227564,0.09807882,0.043599933,0.35806572,0.34068036,0.16834526,0.14096671,0.34740397,0.22860001,0.2886773,0.21751013,0.27726042,0.17568116,0.19488546,0.12231113,0.04923063,-0.023558397,0.068338886,0.2614986,0.29915127,0.17256716,0.34552467,0.20592315,0.36916387,0.2584112,0.3712095,0.39959544,0.3897796,0.14591295,0.36741343,0.34317186,0.33814275,0.36266807,0.3652874,0.1950697,0.38587958,0.47000414,0.3386839,0.4342771,0.59076965,0.37712687,0.69392145,0.46278673,1.0,0.33357888,0.29722267,0.48248175,0.23558773,0.3454478,0.50817823,0.4439209,0.52041185,0.5161139,0.47883183,0.4591272,0.5205484,0.43929926,0.39665878,0.33526862,0.5086589,0.55282974,0.45647958,0.45264608,0.45112327,0.48754117,0.18764134,0.29454753,0.23398034,0.27623,0.0067492253,0.12377431,0.08675235,0.29386783,0.29069853,0.2557957,0.36538973,0.3567877,0.366437,0.29976398,0.33643794,0.22887109,0.0058153598,0.25360945,0.21722381,-0.038869668,-0.0435212,-0.0850046,0.03823714,-0.028471615,0.038088255,0.10890069,0.11321057,0.14688683,0.33339986,0.352032,0.33826002,0.19059686,0.34753552,0.43552375,0.38287884,0.32260635,0.42643723,0.38243186,0.40909216,0.4205835,0.40011346,0.35526627,0.3209325,0.21403907,0.39498198,0.38527146,0.43168285,0.34225145,0.22136323,0.35169673,0.16808802,0.35452744,0.34547636,0.2801732,0.38224876,0.29204485,0.3573518,0.1357414,0.036970105,0.37958938,0.18123056,0.0943019,0.019005029,0.22393952,0.027567906,-0.12079193,0.17110085,0.15301037,0.1320986,-0.31556806,-0.3072522,-0.30878246,-0.31049684,-0.3211729
168,-0.17628485,-0.14389917,-0.11670325,-0.16155799,-0.18771903,-0.068425864,-0.10953672,-0.080381006,-0.13323589,-0.061690737,-0.10962338,-0.16369033,-0.16410199,-0.08528904,-0.042827986,0.0015723767,0.028139172,0.04094263,0.00793954,0.030459048,0.027009046,0.088789664,0.2450882,0.0840283,0.11057897,0.01953509,-0.18099345,-0.27802435,-0.3495054,-0.38204947,-0.2907377,-0.2853886,-0.29818627,-0.26450643,-0.14137964,0.09333207,0.05052951,0.062072404,-0.08621913,0.02351226,0.08981248,0.07628583,-0.004606509,0.14761664,0.12870012,0.19407855,0.011397663,0.082803994,0.033958632,-0.016387675,0.22654751,-0.06096255,-0.050621144,0.06416539,-0.1619532,-0.12359906,-0.07634886,-0.13766791,-0.018927572,-0.20626082,-0.16375363,-0.21349353,-0.21423048,-0.16773313,-0.10600773,-0.110477954,-0.10406711,-0.096143246,-0.16836,-0.16478108,-0.18242925,-0.15820514,-0.19248426,-0.19450808,-0.083160214,-0.05918913,-0.11315609,0.067838036,-0.012891258,0.12447969,0.23662455,-0.008226974,0.11395824,0.25732663,0.28977093,0.3909223,0.37528226,0.21062958,0.37226263,0.3273284,0.3080882,0.30841455,0.33167002,0.27085024,0.2592615,0.2208275,0.10524317,0.088633016,0.02169217,0.0645351,-0.17154087,-0.026788156,-0.024482183,-0.053427022,-0.13493,-0.25601414,-0.18631987,-0.30114296,-0.31073695,-0.29169276,-0.043922476,0.2818688,0.32934535,0.05570074,0.07651841,0.13358682,0.24425529,0.3497404,0.43566787,0.32651153,0.17420723,0.11065179,0.43789923,0.41107816,0.21799637,0.21234506,0.42884475,0.33412853,0.3748648,0.32511625,0.40845725,0.2342419,0.24838045,0.12400291,0.02707547,-0.058926065,0.008508631,0.2685329,0.38328677,0.1767009,0.37686092,0.17458144,0.39739302,0.31452045,0.39746568,0.4110512,0.4125785,0.15571724,0.37791654,0.33799902,0.3541316,0.35221148,0.37090093,0.19188088,0.3809846,0.43778417,0.33371976,0.40484124,0.5196143,0.3780025,0.37631974,0.30143538,0.33357888,1.0,0.27468997,0.42665914,0.29516786,0.18241964,0.5014822,0.6191087,0.6132791,0.575251,0.48647738,0.6469661,0.61862254,0.4785089,0.45520613,0.38782203,0.5916232,0.63946897,0.4337135,0.53897315,0.57301277,0.4539087,0.119961366,0.24512024,0.34497505,0.32004815,-0.041713677,0.21893919,0.17895387,0.35762176,0.49936104,0.47563368,0.5432875,0.5629334,0.545787,0.49046612,0.46523675,0.36935598,0.061072845,0.30389175,0.26992014,0.011710335,-0.05031993,-0.08678808,-0.016925426,-0.119101405,0.016985279,0.0021425956,-0.06196002,0.122794665,0.27498555,0.28868017,0.30919826,0.25371736,0.36322448,0.5318828,0.48403022,0.43784168,0.4904092,0.54400223,0.5066699,0.52885324,0.4876573,0.41189465,0.4347745,0.22424456,0.33857358,0.36154518,0.33939412,0.27869025,0.3204738,0.28408846,0.06520274,0.23172064,0.18207607,0.11490888,0.2881509,0.26897117,0.2207221,-0.051830016,-0.09807466,0.23182856,-0.021809518,-0.09999945,-0.12965257,0.11820253,0.049104363,-0.044018313,0.28195462,0.24545486,0.17456736,-0.3498604,-0.32968593,-0.33239743,-0.33452612,-0.36226374
169,0.009581612,-0.01831882,0.050176807,0.043018203,0.008438882,0.030124296,0.055779032,0.060047843,-0.0021898607,0.025447274,0.059453797,0.011265167,-0.011516856,0.04629378,0.09809514,0.038114257,0.15399468,0.17231731,0.08992818,0.07315295,0.12484106,0.1329145,0.25421306,0.031091211,0.0554733,-0.10074442,-0.14113571,-0.12829264,-0.072215706,-0.22699927,-0.27654365,-0.27677414,-0.22816615,-0.21533072,-0.19178876,-0.12056726,-0.039412245,-0.09666976,0.029731847,0.028932577,0.118028946,0.10924744,0.057934634,0.16171193,0.076944895,0.19907814,0.044349413,0.13556625,0.05303728,-0.00809299,0.07063526,-0.034500577,0.0036877,0.061712995,-0.13881357,-0.026845828,0.050318178,-0.054173723,-0.08019792,-0.021032825,-0.059491962,-0.063434616,-0.066227034,-0.05014985,-0.06562739,-0.09231134,-0.080012895,-0.121197164,-0.034398172,-0.064537115,-0.026150947,-0.043310896,-0.03670653,-0.046633273,-0.02109989,-0.047965854,-0.010313075,0.031772003,0.119787164,-0.0017024442,0.1024814,0.036296017,0.10873244,0.17004512,0.08682001,0.14839418,0.16117573,0.1344929,0.13699819,0.101936586,0.1364567,0.12799187,0.09163027,0.06672114,0.06111206,0.084705636,0.058149256,0.025369653,-0.009275087,-0.07538944,-0.07005303,-0.09851128,-0.1068392,-0.148393,-0.089912705,-0.22193882,-0.20269608,-0.0407762,-0.11001946,-0.14546089,-0.07937559,0.22439452,0.199423,0.0005743426,0.03618736,-0.013968098,0.011397873,0.1730972,0.27187058,0.17129266,0.087589145,0.071076,0.24222237,0.26175857,0.12599818,0.1998722,0.24169856,0.15541506,0.22176646,0.13860187,0.19196616,0.22940493,0.18271843,0.19178717,0.15329006,0.11001319,0.20093264,0.32301235,0.30162224,0.10591673,0.29853645,0.22355424,0.25668043,0.2570744,0.19638024,0.19984955,0.21311143,0.010504363,0.12021479,0.19387959,0.12748933,0.26181033,0.31451553,0.16222641,0.3630232,0.3333398,0.17985214,0.40949622,0.40872854,0.3253367,0.59029585,0.31804073,0.29722267,0.27468997,1.0,0.8551086,0.7621459,0.6447128,0.560853,0.3811095,0.47013053,0.49874938,0.5212574,0.4216728,0.44536388,0.39093685,0.5470719,0.5178109,0.45900202,0.44709834,0.4747534,0.38904274,0.33546728,0.4360954,0.2344983,0.3830664,0.13890696,0.10843368,-0.092923984,0.0042713047,-0.072823934,0.13939291,0.1313136,0.08940399,0.31602734,0.2404942,0.26610658,0.18194705,0.28817445,0.17921719,-0.027472394,0.2366389,0.16380055,0.03922603,0.08181265,0.055409655,0.22196685,0.2562201,0.21559376,0.26758143,0.32077593,0.19555898,0.29046616,0.31606102,0.3312996,0.14814627,0.27178136,0.37797666,0.29793358,0.28586727,0.38579077,0.2855497,0.36507607,0.38278177,0.38601124,0.3899085,0.41184145,0.15845957,0.5577726,0.49238428,0.4029377,0.61576635,0.556105,0.6125607,0.4144789,0.6204424,0.61220974,0.5839674,0.5364794,0.30010962,0.5842378,0.31827942,0.3149616,0.44930884,0.2808316,0.26157758,0.13053684,0.19557472,0.46068528,0.35371095,0.35448304,0.34662905,0.20296964,-0.3770301,-0.38907376,-0.40014824,-0.4058626,-0.37557653
170,-0.18455188,-0.22486618,-0.10684986,-0.13445592,-0.18748869,-0.11484659,-0.09989258,-0.05567932,-0.16696157,-0.07763846,-0.055800013,-0.1237595,-0.18291706,-0.059099678,0.037193466,-0.0040164497,0.16567107,0.17743887,0.05384574,0.10306361,0.04064865,0.0527057,0.27139962,-0.06098761,-0.04874927,-0.21651283,-0.27554846,-0.27044177,-0.1999293,-0.31740227,-0.33264676,-0.3222351,-0.30898976,-0.2668963,-0.27395943,-0.22484827,-0.16269654,-0.21497661,-0.13460179,-0.09730375,0.035458785,0.033697613,0.0009631351,0.17463747,0.090064846,0.29784006,0.060851734,0.15516916,0.051484384,-0.025125116,0.100190215,-0.0988499,-0.061970495,0.03918345,-0.28652382,-0.17762645,-0.060049772,-0.23647568,-0.1625876,-0.17752975,-0.26380917,-0.2567474,-0.2883949,-0.2650654,-0.2762004,-0.28399113,-0.2740702,-0.31524464,-0.2531761,-0.27004886,-0.24316037,-0.26046336,-0.2537527,-0.24035916,-0.2202518,-0.24890974,-0.17349015,-0.082437836,-0.061931167,-0.0029372005,0.12849061,0.03050781,0.15001312,0.2555133,0.25021526,0.28265402,0.31290522,0.20360239,0.29427108,0.22283931,0.32024783,0.3204565,0.26651204,0.19646041,0.11770485,0.10112699,0.017642915,-0.022705732,-0.13385373,-0.15671137,-0.18287818,-0.28009418,-0.2887818,-0.32651627,-0.30352488,-0.40723556,-0.37455195,-0.2068712,-0.28820315,-0.3327867,-0.19657053,0.28719229,0.2620417,-0.06470147,0.0066748587,-0.024832333,0.061503418,0.18538824,0.33959574,0.16590367,0.06886862,0.03949139,0.28523162,0.294016,0.11972739,0.21426502,0.28714818,0.13539201,0.22613665,0.17421556,0.20598958,0.21912703,0.17167687,0.12693909,0.06252448,0.053272657,0.16736817,0.3573949,0.35209024,0.1505048,0.42023933,0.28822628,0.3800866,0.34962234,0.37054408,0.3271862,0.37426132,0.03360794,0.23132536,0.24147968,0.20979264,0.30068326,0.31796145,0.14700288,0.3619814,0.39798337,0.2493664,0.43266183,0.53976357,0.4291107,0.7241306,0.4336722,0.48248175,0.42665914,0.8551086,1.0,0.75470084,0.7612486,0.8150865,0.6053005,0.7546011,0.778901,0.7819558,0.6712765,0.7166589,0.6167094,0.717769,0.6555371,0.7151891,0.6909797,0.67678535,0.58926636,0.5067752,0.55103207,0.23587424,0.4681306,0.18685989,0.13586523,-0.1732597,0.022356277,-0.093010426,0.19586703,0.22817133,0.18796664,0.51068884,0.4247044,0.45761463,0.30392924,0.46351045,0.31112203,-0.08879394,0.35274768,0.3145116,0.04420426,0.015413811,-0.027994994,0.24063197,0.21388753,0.26099655,0.337294,0.34932196,0.31787702,0.518412,0.51707727,0.5456297,0.29287836,0.5218419,0.6355576,0.52345467,0.5004335,0.63938934,0.49438685,0.60032976,0.63150185,0.6436096,0.62602633,0.60572016,0.34532362,0.7685352,0.7157951,0.6732945,0.77248585,0.6531683,0.7706751,0.49099162,0.7575652,0.7448185,0.688591,0.6888548,0.44240755,0.7045751,0.3242454,0.26634443,0.54655856,0.24142912,0.19961162,0.03312497,0.19097476,0.27745366,0.17884947,0.3700416,0.35216725,0.23430872,-0.42375362,-0.4254083,-0.43822515,-0.4468351,-0.42639062
171,-0.09009888,-0.11270139,-0.013623312,-0.026186282,-0.050465744,0.013027938,0.0068390076,0.015320958,-0.033894498,0.012941087,0.057186566,0.010350062,-0.06685535,0.06512674,0.13245691,0.08039758,0.21205707,0.22458042,0.07642615,0.005027797,0.06895451,0.06934283,0.23274226,-0.016668804,-0.016238302,-0.23033649,-0.3042758,-0.30639198,-0.26546463,-0.40906978,-0.48722255,-0.46765634,-0.4355146,-0.4133548,-0.39268818,-0.19494587,-0.08951571,-0.1686902,-0.07851526,-0.03470571,0.065248184,0.0668571,0.03661961,0.1293568,0.084768385,0.26233843,0.12405021,0.16899927,0.1063929,0.045305073,0.050190005,0.0064075934,0.04582586,0.06309261,-0.14739835,-0.021969447,0.045690864,-0.094878726,-0.07822976,-0.03594666,-0.13287103,-0.13105455,-0.14169824,-0.13124296,-0.14808172,-0.15876399,-0.14043494,-0.20904063,-0.1281126,-0.1703569,-0.12429055,-0.14400135,-0.1335989,-0.17534785,-0.12684536,-0.14031842,-0.037557583,-0.009162992,0.1281583,-0.009405545,0.10290795,-0.05653912,0.13524663,0.17302659,0.10491747,0.114008695,0.18223093,0.08173048,0.1533114,0.06819519,0.15967664,0.16944513,0.045488954,0.012252882,0.0110501535,0.034630436,0.041984238,-0.013442209,-0.049554843,-0.13377483,-0.364334,-0.14581187,-0.13822794,-0.18279064,-0.1764132,-0.24818923,-0.2170011,-0.111487545,-0.122689456,-0.19831508,-0.09590371,0.21842532,0.23236574,-0.021939157,0.019615585,-0.060288522,-0.04050037,0.13741307,0.27204788,0.12672712,0.043721013,0.041642573,0.2123116,0.2390673,0.090676434,0.17875703,0.20678198,0.15921658,0.19606812,0.14432254,0.16688223,0.23943004,0.10448814,0.116760865,0.08631714,0.07413511,0.15381822,0.28756514,0.26888674,0.076960124,0.24930513,0.20651826,0.22044511,0.24994595,0.17518279,0.14751662,0.17559908,-0.005113622,0.066639446,0.16142358,0.098400526,0.17813879,0.20875883,0.09824347,0.22726715,0.20841986,0.105092905,0.24780107,0.25775334,0.17308027,0.3511697,0.12350499,0.23558773,0.29516786,0.7621459,0.75470084,1.0,0.6566499,0.48571864,0.40058833,0.50262046,0.52024734,0.5250791,0.49008092,0.4810639,0.39336848,0.55680925,0.53843707,0.4822759,0.46899295,0.43967345,0.38112676,0.35185623,0.3458255,0.0948669,0.26900035,0.095643714,0.036373455,-0.27622682,-0.09947148,-0.16795994,0.11677454,0.17945065,0.17140755,0.4285204,0.32719737,0.34552377,0.20343561,0.30944526,0.16880059,-0.13754243,0.18151791,0.12628444,-0.06362577,-0.08448892,-0.10163074,0.07905921,0.10807798,0.13085315,0.17178182,0.19254228,0.108861335,0.24745251,0.2790514,0.28538024,0.11963203,0.30122995,0.4001317,0.28805882,0.3481816,0.43187815,0.471061,0.4097145,0.4310052,0.4468617,0.4726097,0.5320767,0.16940933,0.5879323,0.5101774,0.43612128,0.6379405,0.58031136,0.63613033,0.4108553,0.6058869,0.5852007,0.5267442,0.46812198,0.27620953,0.51831925,0.1982966,0.14706464,0.3187823,0.08886945,0.07842184,-0.05996451,0.08559044,0.33641344,0.34077093,0.28870726,0.278167,0.09954875,-0.2643556,-0.3111754,-0.31945768,-0.32275093,-0.26588106
172,0.036214534,0.0005446212,0.09953968,0.090041645,0.04394114,0.047279425,0.10571136,0.08111115,0.04999681,0.08745689,0.1387306,0.09261668,0.025371157,0.120522894,0.18947914,0.11762373,0.2573812,0.26142302,0.14893103,0.12303909,0.2092663,0.20093004,0.2860589,0.10361338,0.107889965,-0.026728442,-0.03696817,-0.024214733,-0.006985938,-0.07978225,-0.13388108,-0.12822133,-0.08765589,-0.060731657,-0.10472292,-0.054881707,0.0022022976,-0.053360164,0.010919688,0.06277331,0.19301565,0.18994531,0.1343179,0.24554613,0.13825446,0.29480886,0.12477672,0.1501017,0.12681605,0.054463822,0.017741261,0.013179515,0.09173673,0.06655741,-0.06455576,0.018301457,0.1104132,-0.03637163,-0.031312294,0.02711773,-0.050172895,-0.06803113,-0.058534052,-0.03537542,-0.065882705,-0.08784691,-0.07286014,-0.14014834,-0.03608893,-0.05534074,-0.022215217,-0.03170074,-0.026424846,-0.039207876,-0.021249415,-0.05471678,0.010514362,0.03262379,0.07164861,0.084562965,0.20593853,0.05621301,0.16479516,0.24306972,0.18641286,0.23055658,0.26216304,0.18226545,0.23770449,0.17859757,0.19480295,0.20075992,0.13716067,0.07202193,0.11308868,0.08686638,0.08985388,0.075088285,-0.017333448,-0.06663659,-0.11102126,-0.09844002,-0.10170615,-0.124954216,-0.094641134,-0.10475107,-0.097264126,-0.004449279,-0.009091612,-0.07328593,-0.08991323,0.02718223,0.01877664,0.02241649,0.01139439,0.0019707673,0.039078336,0.08695654,0.18900388,0.07509573,0.06942108,0.033561144,0.22028743,0.23751998,0.06661244,0.14152679,0.21141782,0.17614332,0.2188442,0.12832965,0.16898295,0.20537819,0.22238629,0.25106677,0.22896281,0.17502463,0.28976724,0.35300893,0.3099515,0.07299413,0.30775198,0.27004555,0.26272103,0.28140974,0.23700888,0.19728522,0.23412743,0.021641927,0.14016828,0.21518536,0.18365636,0.20650066,0.2326819,0.045259323,0.2921349,0.30789316,0.16131091,0.3520164,0.39547142,0.21463023,0.4639758,0.22143102,0.3454478,0.18241964,0.6447128,0.7612486,0.6566499,1.0,0.36755773,0.16689019,0.4071989,0.41456908,0.42450926,0.29615736,0.3558407,0.2882198,0.37421638,0.34512606,0.36446303,0.38476676,0.3905335,0.3098932,0.279856,0.41548863,0.22182287,0.31514168,0.11684967,0.10359852,-0.050859045,-0.009446223,-0.04064498,0.14120713,0.09883506,0.07071188,0.28794634,0.18559547,0.20993078,0.13386361,0.21249038,0.11993823,-0.037093487,0.16636811,0.12950915,-0.028903987,0.015471825,-0.0043613487,0.11440354,0.14584184,0.11037765,0.1976167,0.35734394,0.1331386,0.2767035,0.24141622,0.29067934,0.12661059,0.25564352,0.3160902,0.23704694,0.23498695,0.3232368,0.26198387,0.28258982,0.28923476,0.31470254,0.32446545,0.30912113,0.14056538,0.5304314,0.42959997,0.48400173,0.5625029,0.38126555,0.5549346,0.3633132,0.5976578,0.592016,0.5416198,0.47903603,0.2879489,0.53775346,0.29957554,0.23401776,0.41634735,0.2636913,0.23350194,0.1268315,0.19953948,0.22352335,0.09940914,0.10305546,0.10378535,0.030561892,-0.335511,-0.36228198,-0.36521897,-0.36923966,-0.3350869
173,-0.38816065,-0.42038152,-0.3012433,-0.34863347,-0.40226674,-0.28351465,-0.30468115,-0.20296238,-0.35605827,-0.22596583,-0.24122022,-0.304826,-0.35974053,-0.22356798,-0.11485157,-0.10685568,0.05313567,0.06406756,-0.04279567,0.07729747,-0.13457887,-0.1111947,0.16575705,-0.21439141,-0.19813879,-0.3372074,-0.41351637,-0.4203425,-0.31981632,-0.40207756,-0.364136,-0.34839162,-0.3721278,-0.31175083,-0.31699988,-0.3076369,-0.27421018,-0.3065831,-0.27755356,-0.23872098,-0.12686254,-0.12481363,-0.122556664,0.07663172,0.04256083,0.2541933,0.009101221,0.11127361,-0.006930258,-0.06272471,0.15238632,-0.16663983,-0.17149568,0.0022590654,-0.41784233,-0.33548215,-0.21913895,-0.3925583,-0.23404215,-0.34711072,-0.43483445,-0.40086508,-0.4763079,-0.4576684,-0.45182192,-0.43431562,-0.43126926,-0.45160758,-0.44770327,-0.44149217,-0.44467828,-0.4591983,-0.45480287,-0.4067595,-0.3959418,-0.41468307,-0.32781655,-0.19681206,-0.2509627,-0.05217912,0.04428039,0.00034778527,0.11079942,0.22533679,0.30138412,0.3017987,0.32641557,0.18742025,0.32743916,0.2541094,0.40201655,0.4020228,0.37381685,0.30614224,0.12960643,0.09751997,-0.04796108,-0.098107785,-0.2428613,-0.20883092,-0.2188043,-0.41881374,-0.43006134,-0.46622753,-0.46879926,-0.60655826,-0.5564614,-0.3624322,-0.49257153,-0.51241434,-0.2837237,0.41410848,0.39306048,-0.1376232,-0.011714609,-0.024171099,0.10162004,0.18233345,0.3526822,0.1601486,0.03168967,0.0052122627,0.25297073,0.2448572,0.12226045,0.1842644,0.2608142,0.047782134,0.15206124,0.1683307,0.16330299,0.12476203,0.06465992,-0.043399543,-0.12577783,-0.08258695,0.0014614958,0.25068176,0.28411254,0.17314318,0.41704157,0.23589572,0.3925446,0.31246358,0.4306542,0.37933737,0.43202996,0.05760159,0.2870577,0.20461269,0.20945649,0.27936372,0.260621,0.14629726,0.27938768,0.36052004,0.26120874,0.34677792,0.52948004,0.49116635,0.687187,0.47000822,0.50817823,0.5014822,0.560853,0.8150865,0.48571864,0.36755773,1.0,0.82287997,0.87096685,0.89419657,0.88117915,0.81967086,0.85419106,0.7355591,0.7843145,0.6960568,0.84369797,0.78729206,0.7402177,0.6906932,0.58292896,0.5144263,0.18253249,0.46658686,0.21669556,0.13839339,-0.21650302,0.048686314,-0.09138869,0.2092543,0.2984323,0.2629539,0.6004963,0.549123,0.5767798,0.3970807,0.570446,0.42700532,-0.10040104,0.43324098,0.4379187,0.103886895,-0.007855713,-0.06569833,0.26653147,0.16899468,0.30212435,0.35945943,0.24389268,0.41706726,0.64356244,0.64566636,0.6623953,0.39879015,0.663867,0.7742736,0.6691102,0.6305699,0.76707083,0.59134746,0.7321245,0.769172,0.77359194,0.7264096,0.67870766,0.47537896,0.76204634,0.77308196,0.71802413,0.7073471,0.62026316,0.7097632,0.44563013,0.6651876,0.64612675,0.58385706,0.6749455,0.46518406,0.6230092,0.22600621,0.16017379,0.5026058,0.123306856,0.079961136,-0.075837694,0.12737684,0.056840003,0.002896547,0.3632473,0.33229887,0.26087657,-0.35275206,-0.32713646,-0.34518945,-0.3560802,-0.35902658
174,-0.45206493,-0.43818852,-0.33128405,-0.4452262,-0.48462218,-0.3090965,-0.40720108,-0.2709818,-0.45109925,-0.30120233,-0.3904873,-0.456171,-0.44989932,-0.37162784,-0.30044022,-0.2297427,-0.14742565,-0.15112199,-0.15277985,-0.051741835,-0.22454607,-0.14989427,0.11741916,-0.19050466,-0.16630997,-0.2743134,-0.42984015,-0.4741346,-0.45444024,-0.55114377,-0.46435302,-0.45451677,-0.44596922,-0.35764274,-0.26520744,-0.18134975,-0.19169374,-0.2091406,-0.30184218,-0.21371675,-0.15071338,-0.20556659,-0.22071888,-0.058142975,-0.043914337,0.058014583,-0.09323741,-0.06331123,-0.17669553,-0.21611047,0.19685534,-0.29927325,-0.327654,-0.06996114,-0.4754758,-0.4403329,-0.3410065,-0.45296302,-0.24627672,-0.45972732,-0.47982934,-0.466081,-0.52225685,-0.4822048,-0.4103831,-0.37612024,-0.37018347,-0.4066024,-0.44835827,-0.4265438,-0.46149093,-0.4602052,-0.48091516,-0.45575503,-0.37211078,-0.35960522,-0.35508913,-0.13002728,-0.24499704,-0.033203054,-0.030361725,-0.046583053,0.00051755854,0.118909046,0.22894944,0.245915,0.24024591,0.08164268,0.27387524,0.20099038,0.3949247,0.3799587,0.43258643,0.38411435,0.14957759,0.100878604,-0.13458815,-0.15353791,-0.25198448,-0.19307873,-0.33818546,-0.30902746,-0.30203417,-0.36070535,-0.44954124,-0.57705456,-0.48686668,-0.52612495,-0.62425435,-0.578898,-0.23422168,0.4180681,0.44357726,-0.11390798,-0.015346003,0.013806376,0.1725701,0.31347725,0.44982582,0.27581143,-0.008352457,-0.029658902,0.36626586,0.35110196,0.2074479,0.21882327,0.38698164,0.1874368,0.261282,0.27562836,0.33189273,0.17873189,0.070256494,-0.114648804,-0.23037547,-0.22396573,-0.1822948,0.17281586,0.28017548,0.17352197,0.3759186,0.16054142,0.40370265,0.24423921,0.43123648,0.4588593,0.4725538,0.14567672,0.3770427,0.25905478,0.28578514,0.3067054,0.2887971,0.18674922,0.30757177,0.36680382,0.2751336,0.33196226,0.5015176,0.40966877,0.50031585,0.35106376,0.4439209,0.6191087,0.3811095,0.6053005,0.40058833,0.16689019,0.82287997,1.0,0.82539934,0.81063575,0.74854475,0.8050134,0.8207085,0.6677704,0.60470635,0.53619695,0.7437279,0.78984416,0.5542404,0.58516484,0.6210343,0.41389418,-0.051815413,0.19902621,0.22674112,0.21517256,-0.25211805,0.16783766,0.0435523,0.3347478,0.48499277,0.47041646,0.64019626,0.62065333,0.6308943,0.44861317,0.50331324,0.31606257,-0.16829708,0.2690248,0.24091512,-0.1503902,-0.23834343,-0.27042535,-0.08287826,-0.1852304,-0.02997278,0.031510554,-0.06398553,0.11519031,0.3733603,0.45998907,0.3929773,0.23998867,0.46276015,0.6615523,0.58089,0.5466252,0.655129,0.6574596,0.68870693,0.7171894,0.646223,0.56101894,0.56512487,0.23114708,0.5138364,0.5276829,0.52545416,0.43261468,0.45189354,0.43292332,0.15178686,0.3368041,0.29675123,0.23685771,0.35705337,0.29591063,0.27183163,-0.08874744,-0.14161961,0.19559033,-0.16568919,-0.23957624,-0.32807204,-0.040180136,-0.012961213,-0.09749674,0.4609542,0.41468933,0.3487898,-0.20235975,-0.18494648,-0.1904614,-0.19396195,-0.21604957
175,-0.4178276,-0.43439832,-0.3221999,-0.38312855,-0.42582884,-0.28193063,-0.32103002,-0.21451932,-0.37122253,-0.23201264,-0.26040936,-0.32581964,-0.390317,-0.23047198,-0.12113975,-0.09031937,0.05019683,0.05541079,-0.05582541,0.07051404,-0.13296522,-0.09770377,0.20434476,-0.17548464,-0.17259952,-0.308428,-0.42178506,-0.43879986,-0.3896957,-0.45809048,-0.40798447,-0.39057055,-0.42259184,-0.35683832,-0.34440374,-0.2805526,-0.2669497,-0.2945597,-0.31832772,-0.22579119,-0.106774405,-0.104373746,-0.115418896,0.091024406,0.064672865,0.2701576,0.03837271,0.13549884,-0.003438254,-0.05783038,0.16324766,-0.16291215,-0.17494643,0.009495213,-0.40009522,-0.3404502,-0.2179781,-0.39886585,-0.22651741,-0.36770284,-0.4451868,-0.42782155,-0.4929689,-0.4625942,-0.43753946,-0.40239707,-0.41291007,-0.42415956,-0.45856535,-0.4416999,-0.4544277,-0.46271712,-0.46639875,-0.43802643,-0.40040687,-0.4020452,-0.34355727,-0.1558899,-0.22786367,-0.01178975,0.10823362,0.01124664,0.14226237,0.26605564,0.35737357,0.36813205,0.3942291,0.21158324,0.41015464,0.31262687,0.47398683,0.47523013,0.42872736,0.34609494,0.19553034,0.12997037,-0.023508918,-0.06642917,-0.20518184,-0.17024982,-0.33035797,-0.36759424,-0.3665402,-0.3965776,-0.45562994,-0.53448254,-0.47238907,-0.39595085,-0.48211926,-0.4947893,-0.23212574,0.39889967,0.35966063,-0.10756556,0.01177965,0.0106533775,0.15505484,0.27304587,0.43889335,0.23122184,0.056212295,0.024245964,0.34072486,0.33104733,0.1614684,0.22538677,0.3523559,0.14772284,0.23935068,0.21926364,0.25764328,0.17541386,0.1001677,-0.039404962,-0.13467784,-0.10179131,-0.027596371,0.27016416,0.3319679,0.17525111,0.44556203,0.24363711,0.4402685,0.3551116,0.4746337,0.44088298,0.4812016,0.082447074,0.3541407,0.2773358,0.29887706,0.31202015,0.2946259,0.16574655,0.28805578,0.39219388,0.30730996,0.33251277,0.54287666,0.461664,0.6243637,0.41401863,0.52041185,0.6132791,0.47013053,0.7546011,0.50262046,0.4071989,0.87096685,0.82539934,1.0,0.9839133,0.91313106,0.91456467,0.96024996,0.79336953,0.79709214,0.7035037,0.925145,0.9002654,0.7403113,0.76741236,0.7057318,0.53809303,0.124331735,0.4141753,0.29291326,0.2032292,-0.26376823,0.05863162,-0.03894357,0.28674418,0.46466574,0.44157514,0.7406669,0.70318276,0.71754897,0.52677584,0.6549558,0.48794845,-0.11001861,0.4297535,0.43694702,0.037921753,-0.102795705,-0.15966697,0.13474923,0.010036565,0.1925947,0.22972475,0.101664945,0.33580256,0.6068514,0.61617696,0.6343896,0.41468146,0.6837625,0.8573383,0.73322594,0.6993599,0.8478147,0.74411243,0.83596516,0.8751658,0.85528016,0.8005305,0.76704544,0.46215042,0.7672365,0.78628147,0.7426025,0.67705476,0.64279616,0.68134505,0.37918642,0.60395336,0.5550529,0.46371695,0.61346126,0.45887268,0.5342319,0.0920585,0.015505529,0.4278531,-0.0019896943,-0.061400913,-0.19293885,0.06931252,0.038778182,0.011908705,0.42074975,0.3856425,0.29648867,-0.37594095,-0.3615502,-0.37119615,-0.3796343,-0.38515782
176,-0.4060974,-0.43482745,-0.31839758,-0.36229604,-0.40783498,-0.27756974,-0.29734033,-0.19787082,-0.34880823,-0.20865883,-0.2257311,-0.2893024,-0.36820278,-0.19545923,-0.077153206,-0.063525386,0.09214151,0.103485964,-0.03768584,0.08793639,-0.124883786,-0.103799686,0.20749724,-0.19192663,-0.1992222,-0.33530483,-0.42924133,-0.43595114,-0.36690587,-0.4329223,-0.39586374,-0.37681967,-0.41542453,-0.3509701,-0.3675075,-0.32032338,-0.292371,-0.3291489,-0.32372844,-0.24139005,-0.11488686,-0.09621261,-0.10347146,0.114288405,0.083263166,0.31045583,0.07330725,0.15671046,0.038782075,-0.022963395,0.14654146,-0.13346885,-0.13974194,0.039364874,-0.3887254,-0.3148704,-0.19464487,-0.3867522,-0.21930677,-0.34014988,-0.43906763,-0.41366407,-0.48468333,-0.46159223,-0.45219207,-0.414484,-0.43024975,-0.43833637,-0.4619212,-0.44405302,-0.45345104,-0.46660873,-0.46228534,-0.4314884,-0.41396844,-0.42132488,-0.33943155,-0.17588477,-0.2219771,-0.021106685,0.11937533,0.019326286,0.1658316,0.27956662,0.37200534,0.3685154,0.39252055,0.21848874,0.39919317,0.30307302,0.47388238,0.4747983,0.4193966,0.34322757,0.18582065,0.13589026,-0.006485713,-0.059333816,-0.20505252,-0.18147305,-0.30728427,-0.3958768,-0.3986575,-0.42148963,-0.46561715,-0.53514564,-0.4804455,-0.35772565,-0.4549451,-0.47425655,-0.23533967,0.39720285,0.34035572,-0.110524535,0.022906587,0.010701709,0.15016545,0.25083876,0.41066507,0.20378472,0.051181782,0.022356883,0.29742542,0.2918702,0.13873667,0.21315059,0.30777636,0.099262,0.1979466,0.19328289,0.20582725,0.1534868,0.07667171,-0.03934267,-0.12338325,-0.07295482,0.0074139126,0.27578744,0.3154407,0.17541677,0.44557518,0.25888982,0.42480066,0.36153027,0.46348023,0.41517782,0.46199292,0.053525355,0.3257929,0.2450398,0.26646087,0.2903274,0.2680598,0.15289564,0.25328422,0.36146465,0.28296095,0.31091604,0.5129222,0.4701295,0.64368474,0.431231,0.5161139,0.575251,0.49874938,0.778901,0.52024734,0.41456908,0.89419657,0.81063575,0.9839133,1.0,0.9617304,0.91558176,0.960299,0.8248414,0.8365653,0.73864734,0.94073474,0.88422817,0.77642304,0.78317493,0.6819865,0.535619,0.16945998,0.4680941,0.27901846,0.17016584,-0.26578525,0.04081943,-0.07461774,0.23871885,0.41162834,0.3848154,0.71983737,0.6829493,0.6999465,0.50718063,0.6685531,0.51761764,-0.09577204,0.46924785,0.49164197,0.10802876,-0.044739667,-0.10665885,0.22427525,0.09703266,0.28413808,0.31650215,0.1770621,0.41778237,0.68141025,0.677257,0.70536697,0.46032935,0.74051255,0.8856967,0.757742,0.7245888,0.8782252,0.7381425,0.8481381,0.8895016,0.88889307,0.845545,0.8048204,0.51912093,0.82306105,0.8423916,0.78574586,0.7417531,0.69242066,0.7442777,0.45029342,0.6656726,0.62115985,0.52996486,0.67754596,0.49560767,0.59930766,0.16583627,0.086236015,0.48091397,0.048525292,0.004631803,-0.13999973,0.08925852,0.05884037,0.03954961,0.4268383,0.3968789,0.2989385,-0.4029456,-0.39018992,-0.40203375,-0.4114895,-0.410159
177,-0.37810525,-0.43038508,-0.31253147,-0.3281807,-0.37184203,-0.26837665,-0.264452,-0.17825276,-0.31234783,-0.18348302,-0.17834531,-0.2341778,-0.32932174,-0.14872444,-0.023076965,-0.030592894,0.14193311,0.15799783,-0.018683817,0.09894867,-0.12517798,-0.128596,0.18051957,-0.22646019,-0.2450865,-0.36990494,-0.4296795,-0.41987416,-0.32225397,-0.387833,-0.36727068,-0.3495881,-0.3925685,-0.33344698,-0.3909685,-0.3717503,-0.3301108,-0.36766925,-0.32503322,-0.27387798,-0.14156605,-0.102247216,-0.09508271,0.12095456,0.09135128,0.34170055,0.09423209,0.16803049,0.07592252,0.010691471,0.10828407,-0.10117468,-0.101104364,0.04625991,-0.3710293,-0.2804531,-0.15799035,-0.3684192,-0.21829791,-0.2992518,-0.42593193,-0.39400482,-0.46482387,-0.45437062,-0.47023946,-0.43369305,-0.45431066,-0.45284274,-0.46120927,-0.43952167,-0.44469836,-0.46593356,-0.44957587,-0.4197951,-0.42730325,-0.44670048,-0.3382335,-0.22470549,-0.21843933,-0.054924093,0.10248719,0.013451994,0.17010549,0.2693612,0.35655618,0.3282446,0.35938334,0.21222755,0.34872487,0.26086155,0.42245382,0.4285777,0.35340968,0.2863542,0.13142155,0.099569306,-0.0121309,-0.07529275,-0.22173771,-0.21229492,-0.26436403,-0.43998104,-0.44842944,-0.4630995,-0.47394142,-0.5351475,-0.49364933,-0.30671978,-0.41346174,-0.44706264,-0.2587925,0.36570707,0.30708444,-0.13512756,0.008865678,-0.025353413,0.09562524,0.16793892,0.31821412,0.12031887,0.021324715,0.0018268358,0.19013023,0.19143437,0.08046762,0.16228853,0.2008618,-0.001651149,0.09979715,0.12834404,0.09698809,0.09824044,0.017963573,-0.055140868,-0.1170553,-0.03423066,0.046011176,0.24941982,0.2535056,0.14699608,0.40800032,0.2546507,0.36225235,0.33247334,0.41386476,0.33089018,0.39509073,-0.0015948719,0.23788744,0.1618072,0.18359469,0.21557109,0.18629733,0.106912315,0.17173125,0.2751443,0.210866,0.25341257,0.4371035,0.44797269,0.63313514,0.43115088,0.47883183,0.48647738,0.5212574,0.7819558,0.5250791,0.42450926,0.88117915,0.74854475,0.91313106,0.9617304,1.0,0.83820474,0.88068837,0.8070095,0.8233198,0.7249403,0.88338643,0.7857648,0.7676212,0.72153795,0.5707593,0.47505587,0.19223559,0.49015924,0.1963988,0.08086006,-0.27720478,-0.0068316883,-0.14464281,0.13933927,0.26961532,0.24106516,0.62276417,0.57374537,0.60011667,0.39817774,0.61441904,0.4799953,-0.11184943,0.46725553,0.5072635,0.16920693,0.012642567,-0.04848628,0.3223702,0.21034524,0.38425833,0.42177615,0.27684268,0.49400717,0.73301536,0.714876,0.7467978,0.47378793,0.7668769,0.84451073,0.71621495,0.68821615,0.8445468,0.65805864,0.7830386,0.8272095,0.860323,0.8366573,0.7845122,0.56473553,0.8557981,0.8705497,0.8049162,0.7951562,0.7173964,0.7953254,0.5253755,0.71492535,0.6882147,0.6073549,0.7168351,0.5092723,0.6550015,0.26598206,0.17772011,0.51208603,0.108608946,0.088790864,-0.07772777,0.098991774,0.06566979,0.060451098,0.40410125,0.38081744,0.2856627,-0.38444468,-0.36975595,-0.38578734,-0.39699218,-0.38880342
178,-0.39368552,-0.39341265,-0.2853106,-0.3348976,-0.38843906,-0.23204947,-0.2627116,-0.16800061,-0.3047284,-0.1624095,-0.19705889,-0.2625178,-0.34499857,-0.15677473,-0.048367284,-0.04464377,0.09707456,0.11805946,-0.03407339,0.052119836,-0.09951447,-0.06922077,0.21150587,-0.14527273,-0.14923646,-0.31281736,-0.4687772,-0.5144521,-0.48011357,-0.54662395,-0.5005934,-0.4754378,-0.5052671,-0.4376597,-0.393691,-0.23203817,-0.20184888,-0.24108896,-0.2927841,-0.18908232,-0.07254779,-0.059854813,-0.075704835,0.12741135,0.10919798,0.31343,0.09512487,0.16531934,0.08738947,0.04008901,0.22712797,-0.05485723,-0.078690834,0.08112659,-0.3265222,-0.24871424,-0.16865055,-0.32120216,-0.14757709,-0.3019752,-0.38825527,-0.36756268,-0.44695166,-0.4197362,-0.39208734,-0.35705265,-0.36337012,-0.38842678,-0.42352334,-0.41929388,-0.42761993,-0.4284426,-0.43366197,-0.43134746,-0.36373386,-0.3593079,-0.29130343,-0.114242874,-0.15359677,0.026161453,0.16675308,-0.024484446,0.17957646,0.28247577,0.36557773,0.38534138,0.4024887,0.21723755,0.40180373,0.30877563,0.4528793,0.4505254,0.4150756,0.35107163,0.23372701,0.18642017,0.048922718,-0.0048441156,-0.15406531,-0.13371167,-0.3419945,-0.307816,-0.3056202,-0.33851948,-0.41029721,-0.5207801,-0.44697672,-0.3894975,-0.4530957,-0.48266092,-0.19601732,0.41952312,0.38864654,-0.049550317,0.058479007,0.07005342,0.2084329,0.2949105,0.43300882,0.24358664,0.09292122,0.055984847,0.3358663,0.3269172,0.16881943,0.21692644,0.3456227,0.15498063,0.24120246,0.26503697,0.26318303,0.20221198,0.107745685,-0.026588961,-0.11024247,-0.07432339,0.0018387098,0.2735459,0.33055845,0.18746893,0.44215816,0.25914428,0.4253614,0.3425091,0.4479401,0.4359992,0.4638366,0.096342474,0.35349944,0.2614525,0.2777513,0.29707646,0.28504944,0.16858514,0.26054335,0.3477906,0.28782672,0.28618333,0.46795964,0.41598558,0.5307949,0.3462174,0.4591272,0.6469661,0.4216728,0.6712765,0.49008092,0.29615736,0.81967086,0.8050134,0.91456467,0.91558176,0.83820474,1.0,0.9462807,0.7474946,0.80025935,0.70993817,0.91760004,0.87270325,0.7007467,0.78363186,0.71236235,0.49168205,0.13418296,0.41980055,0.3334194,0.20518778,-0.26228806,0.07221567,-0.035360694,0.28058186,0.51421577,0.49579293,0.7451244,0.7657392,0.76699865,0.5936764,0.69487965,0.5747413,-0.046933748,0.46134424,0.48672062,0.10565461,-0.060433894,-0.117195494,0.16716939,0.025541117,0.23671193,0.2421184,0.11178255,0.38086897,0.62877774,0.6179999,0.65979564,0.48582187,0.7019588,0.8958218,0.78529966,0.7928147,0.864057,0.782319,0.87496483,0.90011823,0.88324547,0.8195232,0.8079293,0.4731977,0.73804766,0.76164776,0.7010605,0.65398324,0.671883,0.65209186,0.37111467,0.57225925,0.5052161,0.40611959,0.5926969,0.439166,0.4883932,0.05675477,0.016012032,0.39065325,-0.046234448,-0.08914803,-0.19986457,0.052373435,0.05682265,0.030150168,0.44207036,0.4046944,0.2908051,-0.39751542,-0.38606057,-0.399793,-0.40595326,-0.40813178
179,-0.37590247,-0.37282485,-0.27357855,-0.34087837,-0.3805969,-0.23951943,-0.27426758,-0.17977513,-0.3285703,-0.18388997,-0.22933027,-0.2994602,-0.35782868,-0.19717221,-0.10052466,-0.07561171,0.050085213,0.06590878,-0.04115367,0.082767166,-0.08095946,-0.037437376,0.24460714,-0.11806798,-0.10861266,-0.25973362,-0.38223478,-0.4029891,-0.36518127,-0.4358387,-0.3852731,-0.36698693,-0.3890172,-0.3185862,-0.2952371,-0.22024432,-0.20078565,-0.24615458,-0.27086902,-0.15447293,-0.043255016,-0.045867424,-0.076414816,0.1379567,0.088458635,0.27780658,0.06253689,0.13446476,0.0376127,-0.024260446,0.19846189,-0.1243993,-0.13879524,0.081739575,-0.35370708,-0.2957152,-0.1877061,-0.3417918,-0.1674798,-0.333958,-0.38912898,-0.36543986,-0.44075033,-0.40372998,-0.37257087,-0.3343581,-0.3453503,-0.37137952,-0.39744246,-0.38943362,-0.40456784,-0.40404156,-0.41320768,-0.38222104,-0.33909154,-0.33647826,-0.2802707,-0.07687119,-0.17660546,0.04288708,0.16239445,0.043743886,0.17573869,0.2836551,0.37154225,0.40586537,0.41455454,0.2137409,0.43030494,0.3298671,0.50723875,0.50201356,0.47783148,0.4069846,0.27026126,0.22064805,0.048948288,0.0068656392,-0.13220517,-0.10295036,-0.2926802,-0.29484853,-0.29521796,-0.32471904,-0.3966808,-0.48582396,-0.42365777,-0.34130782,-0.44095993,-0.43533847,-0.16994102,0.42266527,0.34714344,-0.035487678,0.07064689,0.104105465,0.2553504,0.36751354,0.5097597,0.31622398,0.104146786,0.060328193,0.42303887,0.40993425,0.2180308,0.2667079,0.42912048,0.22793423,0.31817666,0.2725182,0.33342722,0.21300115,0.16082773,0.008633877,-0.090398476,-0.08619956,-0.005409979,0.30865708,0.3836396,0.20522982,0.4760916,0.27250162,0.48662665,0.38314068,0.5000529,0.50140774,0.5206208,0.12609373,0.4205491,0.33037603,0.3496115,0.379658,0.36366427,0.2056701,0.33703014,0.45255017,0.36418486,0.36623368,0.570869,0.47465968,0.60874563,0.4057301,0.5205484,0.61862254,0.44536388,0.7166589,0.4810639,0.3558407,0.85419106,0.8207085,0.96024996,0.960299,0.88068837,0.9462807,1.0,0.80672556,0.8317586,0.73956954,0.9650237,0.9487129,0.7471101,0.84472513,0.793259,0.594881,0.19894646,0.47513443,0.40941456,0.29611847,-0.18879695,0.12981668,0.035975516,0.35562065,0.57311636,0.5451297,0.7981014,0.79276884,0.7934513,0.64707375,0.7216435,0.59125054,-0.0055646924,0.49083376,0.5027774,0.099394254,-0.042265438,-0.106958516,0.16069263,0.015412358,0.2041659,0.21779335,0.10051999,0.35031745,0.61862886,0.62789875,0.65907353,0.4506439,0.68157816,0.9044188,0.7932503,0.7500193,0.8722281,0.7946511,0.89173234,0.9170609,0.878375,0.8085188,0.7808883,0.44520402,0.74216163,0.7662018,0.71599203,0.65246534,0.63394445,0.64823633,0.36616647,0.59210104,0.52338856,0.41936278,0.62843233,0.47367197,0.5226586,0.073648974,0.032415267,0.4559407,0.013267489,-0.047493175,-0.14802751,0.10484028,0.06929424,0.007566363,0.4387727,0.40531072,0.3037086,-0.45015895,-0.43927786,-0.44747114,-0.45456448,-0.4590902
180,-0.2726984,-0.29703707,-0.21389513,-0.24075538,-0.28810683,-0.17638709,-0.18002318,-0.12964089,-0.23426796,-0.11995302,-0.1374864,-0.19752753,-0.25568947,-0.12128577,-0.037792966,-0.039398063,0.068835035,0.095344126,-0.03491363,0.11408016,-0.047032174,-0.026436688,0.21428248,-0.10789168,-0.10825711,-0.24657439,-0.30534634,-0.30893806,-0.21407215,-0.27027997,-0.24993165,-0.23252507,-0.2555609,-0.20056917,-0.22940998,-0.22723404,-0.18162283,-0.23267485,-0.21307287,-0.13231283,-0.040508367,-0.017026972,-0.048929963,0.1524901,0.1125807,0.25638723,0.075418174,0.11288945,0.07109208,0.017935159,0.123882286,-0.06768763,-0.0728655,0.103005715,-0.2881511,-0.20599481,-0.10927982,-0.25937685,-0.117841646,-0.24458073,-0.30615175,-0.27117774,-0.3471581,-0.3201425,-0.3075748,-0.2831522,-0.28654665,-0.27671856,-0.29871333,-0.29934713,-0.3076497,-0.31492892,-0.31522825,-0.2653996,-0.28061983,-0.28285423,-0.21601729,-0.088062726,-0.14840697,0.034728367,0.124806665,0.06425119,0.16034822,0.23573112,0.33109218,0.32373792,0.3203662,0.17512962,0.3302901,0.26158717,0.42596328,0.40930685,0.37884933,0.34642053,0.22084203,0.19212374,0.053137366,0.0151847545,-0.09114678,-0.06960889,-0.1958835,-0.26355568,-0.26967445,-0.28971776,-0.32526103,-0.39564413,-0.34972143,-0.2410351,-0.346115,-0.33435756,-0.16491798,0.32628033,0.25722235,-0.00042259772,0.07810905,0.08630063,0.20986058,0.27732313,0.3707463,0.23640391,0.07057885,0.04029253,0.28773218,0.2905953,0.16406399,0.21791519,0.30033827,0.12986493,0.21370533,0.2071929,0.2068411,0.15611078,0.09739668,0.016718667,-0.050213933,-0.031916987,0.034796372,0.25014886,0.29198182,0.18599972,0.39814267,0.2535555,0.39714545,0.28884935,0.40670148,0.40145048,0.41620046,0.09416912,0.32662967,0.25126946,0.26845607,0.30075043,0.28912964,0.18069649,0.22650467,0.34476268,0.2804098,0.26445025,0.43675578,0.4185218,0.56577617,0.39296275,0.43929926,0.4785089,0.39093685,0.6167094,0.39336848,0.2882198,0.7355591,0.6677704,0.79336953,0.8248414,0.8070095,0.7474946,0.80672556,1.0,0.70554036,0.6175188,0.80231154,0.76572484,0.675251,0.69097656,0.6033558,0.50034887,0.21163122,0.4246617,0.29485783,0.1942689,-0.15252823,0.08028332,-0.020887064,0.22917718,0.38248068,0.3583699,0.5855597,0.5891853,0.59999347,0.4680206,0.5864441,0.47136408,-0.01056303,0.43885893,0.44697204,0.1317276,0.015372658,-0.04628443,0.19626735,0.08366013,0.23485097,0.2460787,0.12405928,0.35516405,0.5709302,0.57749146,0.5940701,0.40511253,0.60854465,0.73579514,0.64123404,0.58001214,0.711464,0.62387246,0.6929426,0.71451455,0.70333946,0.66377395,0.63872546,0.42959708,0.6642332,0.6923223,0.63136786,0.5875501,0.56640947,0.5876458,0.35640872,0.52337354,0.4830541,0.4038617,0.56848943,0.45377725,0.4873643,0.16300732,0.08402499,0.43060595,0.084119126,0.048580647,-0.057191674,0.1158105,0.0731156,0.039058235,0.41331115,0.39282888,0.28508636,-0.40518707,-0.3961475,-0.4069998,-0.4126741,-0.41186088
181,-0.21463057,-0.24849595,-0.18453453,-0.16498742,-0.1994306,-0.1445006,-0.10159695,-0.05337889,-0.14663287,-0.05296033,-0.030302968,-0.084268905,-0.1769871,-0.007610789,0.08820132,0.049251024,0.20434801,0.2327887,0.05378301,0.14636469,0.0053374,-0.002623336,0.25670138,-0.12595436,-0.106277786,-0.27748346,-0.33283415,-0.31431502,-0.22132598,-0.31512007,-0.31524232,-0.2942506,-0.3323347,-0.30101612,-0.34391683,-0.2893222,-0.23570453,-0.28072375,-0.18569373,-0.1391224,-0.013839648,0.028714268,0.02291725,0.21195415,0.13719893,0.3714207,0.11377383,0.24742684,0.17485781,0.10643431,0.13629384,0.019708462,0.028953861,0.14897443,-0.22506753,-0.112655655,-0.02339961,-0.18529424,-0.11603956,-0.14784476,-0.23557879,-0.19900319,-0.27332163,-0.26425815,-0.2919335,-0.2764737,-0.28729042,-0.29122373,-0.26732567,-0.2831462,-0.25762144,-0.27956632,-0.26366302,-0.24826199,-0.25502595,-0.2770045,-0.16455749,-0.10105074,-0.06562042,-0.002223937,0.18071243,0.052199576,0.22507133,0.29123396,0.31073204,0.33668223,0.3731425,0.22625744,0.34414336,0.2543316,0.36651552,0.37037912,0.28416038,0.22601311,0.17601155,0.17853878,0.120284945,0.05212572,-0.06264941,-0.08585292,-0.17491724,-0.28640595,-0.2991576,-0.3142101,-0.295619,-0.40270528,-0.38553366,-0.11359786,-0.23053046,-0.27369413,-0.14637671,0.40038705,0.27791002,-0.02978666,0.07501752,0.05832162,0.1331988,0.23904018,0.35794455,0.19085014,0.111425795,0.089308485,0.2511673,0.2518022,0.120845705,0.20413798,0.24726017,0.08367432,0.1734944,0.13302228,0.14618938,0.12722167,0.1051429,0.06109082,0.014269844,0.03898473,0.1380294,0.3216867,0.32104236,0.15242478,0.4101751,0.28286314,0.36380574,0.37100014,0.3680011,0.30632114,0.35914642,0.0029243205,0.22264849,0.20262404,0.18737704,0.27902165,0.2680641,0.14170544,0.23685594,0.32009792,0.24553122,0.2780312,0.42200354,0.41970044,0.54730517,0.36458963,0.39665878,0.45520613,0.5470719,0.717769,0.55680925,0.37421638,0.7843145,0.60470635,0.79709214,0.8365653,0.8233198,0.80025935,0.8317586,0.70554036,1.0,0.9192881,0.88413936,0.7535999,0.7681013,0.7980618,0.62328726,0.5473735,0.37256524,0.6467569,0.35454938,0.16805635,-0.14125778,0.0017920035,-0.08994028,0.16635403,0.33714113,0.30034015,0.63941365,0.61876976,0.62946135,0.52361655,0.67764556,0.6191528,0.09755972,0.57416254,0.5940385,0.34691185,0.21230768,0.14085965,0.4738078,0.37220588,0.49912024,0.47103006,0.33483696,0.5532743,0.7082794,0.6551831,0.7628563,0.48464552,0.6872645,0.8314202,0.72248983,0.70338696,0.79514384,0.6190676,0.77254623,0.79400635,0.81520283,0.78688323,0.747308,0.5183638,0.8036065,0.8177662,0.6765119,0.7909038,0.74554795,0.7758658,0.5804546,0.762447,0.7155756,0.63360685,0.79150677,0.5329069,0.717381,0.31379706,0.33619732,0.61074215,0.21802327,0.20813146,0.07918237,0.20198303,0.23701659,0.21534005,0.4084035,0.3933383,0.2658908,-0.51143235,-0.50200814,-0.51993364,-0.5317316,-0.5112024
182,-0.18093213,-0.20672205,-0.14561361,-0.13748181,-0.16294828,-0.13074024,-0.086749695,-0.04582618,-0.12133004,-0.04553098,-0.02575563,-0.07266286,-0.15165776,-0.004566494,0.07326625,0.0336285,0.17782451,0.19718818,0.053675167,0.118681215,0.00805605,0.0029238644,0.23437203,-0.11475471,-0.08812955,-0.25039965,-0.29535705,-0.27417317,-0.1873302,-0.29056272,-0.29717818,-0.27874506,-0.30583683,-0.27900243,-0.30915168,-0.26291177,-0.2096237,-0.25331393,-0.15288287,-0.115918614,-0.011703132,0.023584323,0.025272347,0.1825451,0.10863617,0.31770587,0.082649976,0.21446289,0.14649053,0.084935576,0.1302998,0.010960634,0.023446433,0.1339366,-0.20316306,-0.09738348,-0.017588252,-0.1590458,-0.10460263,-0.120553054,-0.19724272,-0.15956903,-0.23056747,-0.22241113,-0.24810715,-0.23745646,-0.24384527,-0.25570044,-0.22199866,-0.24023083,-0.20927076,-0.23289436,-0.22092521,-0.20966356,-0.21546952,-0.23817267,-0.13373005,-0.07915378,-0.046083484,-0.0028038009,0.14598683,0.0370677,0.18781954,0.24334693,0.24877815,0.2739343,0.3108051,0.17974761,0.28848866,0.20186171,0.31682017,0.32034957,0.23644997,0.18977073,0.14729545,0.15603592,0.10189685,0.039552975,-0.05436217,-0.08079022,-0.16923094,-0.24793153,-0.2593029,-0.27702826,-0.2538455,-0.35002142,-0.3350551,-0.0810492,-0.187094,-0.2293473,-0.12240674,0.35805047,0.23859265,-0.028320158,0.0597376,0.044436842,0.10985888,0.22042465,0.326947,0.17467706,0.09551616,0.08785041,0.2242159,0.22920386,0.11398047,0.20078082,0.22423112,0.075312436,0.15545087,0.10927108,0.12838547,0.119285084,0.0910108,0.06079136,0.020306902,0.026526734,0.12609251,0.29266825,0.28688437,0.133129,0.35800755,0.2441731,0.3213594,0.34050402,0.31561363,0.25741687,0.31009638,-0.008510001,0.18493848,0.17759722,0.16187485,0.24376173,0.24040169,0.11937649,0.21475112,0.2818866,0.20526093,0.2483011,0.36770463,0.36378238,0.46933758,0.3112792,0.33526862,0.38782203,0.5178109,0.6555371,0.53843707,0.34512606,0.6960568,0.53619695,0.7035037,0.73864734,0.7249403,0.70993817,0.73956954,0.6175188,0.9192881,1.0,0.7825434,0.6699676,0.67610747,0.7046058,0.5545502,0.47843206,0.32787684,0.5782111,0.31075248,0.14107549,-0.13614117,-0.012363207,-0.08510317,0.1459563,0.30259928,0.2734501,0.5654705,0.54706556,0.5585563,0.46382916,0.5949915,0.54188263,0.07910032,0.50574416,0.5101035,0.29573298,0.18249224,0.122727975,0.41707447,0.33402342,0.4387317,0.4174156,0.31764635,0.47818887,0.6133711,0.5614276,0.663368,0.4146452,0.5922143,0.7302345,0.62939495,0.6134243,0.69460046,0.54590887,0.68333656,0.70208657,0.7168016,0.69283056,0.66200715,0.4372371,0.7199341,0.72574884,0.5889589,0.7207276,0.6848399,0.706685,0.52339774,0.6926149,0.6517022,0.57845366,0.70865464,0.46972504,0.64422303,0.27827224,0.3227294,0.536466,0.1864804,0.1772569,0.063935675,0.16695519,0.24542978,0.22972648,0.38945773,0.37416694,0.25681406,-0.45614985,-0.45175382,-0.46694556,-0.47724456,-0.45493096
183,-0.29044288,-0.29340243,-0.21097553,-0.24207263,-0.28438956,-0.1681183,-0.16847244,-0.100190744,-0.22023778,-0.09488719,-0.11664323,-0.18024983,-0.25839207,-0.08417609,0.017230026,0.009856808,0.14919843,0.178581,0.027438894,0.14246143,0.011465235,0.035768595,0.29603988,-0.06868407,-0.057423234,-0.22418009,-0.32622346,-0.34541318,-0.28914478,-0.3501585,-0.31711861,-0.29659754,-0.3253699,-0.27099368,-0.2772324,-0.19444233,-0.15855394,-0.21049085,-0.2047867,-0.09526935,0.025658872,0.0494974,0.006401603,0.2392512,0.15879996,0.36778885,0.13147648,0.23584768,0.14749204,0.07672599,0.18460491,-0.019824145,-0.023298828,0.16567598,-0.25887552,-0.18118274,-0.087287955,-0.24044104,-0.10200855,-0.23759584,-0.29592952,-0.2768697,-0.35075158,-0.31861973,-0.30975816,-0.2808,-0.29469025,-0.310271,-0.32664168,-0.32695,-0.32874763,-0.33026004,-0.3341227,-0.30246517,-0.27604175,-0.28131923,-0.20677921,-0.04770567,-0.10973016,0.083733276,0.243211,0.076862,0.23968175,0.3439677,0.40664524,0.46011916,0.46761423,0.26427206,0.4720946,0.37772572,0.5120344,0.50753015,0.45947272,0.38361812,0.30860862,0.27288672,0.14525382,0.09262724,-0.052045867,-0.038562007,-0.21745959,-0.2542232,-0.26235387,-0.28282967,-0.32551453,-0.43664542,-0.38834655,-0.23467398,-0.3455713,-0.3549262,-0.13647753,0.4364286,0.33942422,0.015926482,0.11302118,0.14646263,0.27034023,0.3528041,0.48800763,0.30881786,0.16701916,0.11645968,0.40833664,0.398649,0.20982918,0.25334403,0.40831068,0.22191761,0.3169618,0.26105326,0.30831432,0.20805167,0.19875015,0.08528584,0.003940565,-0.0053597083,0.09950659,0.36256078,0.41381013,0.21138057,0.5016211,0.31454563,0.4900824,0.4156271,0.49471512,0.47923565,0.4999677,0.113333695,0.40166345,0.3335506,0.34538385,0.393669,0.37505808,0.20582202,0.33256215,0.45811704,0.3736097,0.36955512,0.5604431,0.4968799,0.6220493,0.41529158,0.5086589,0.5916232,0.45900202,0.7151891,0.4822759,0.36446303,0.84369797,0.7437279,0.925145,0.94073474,0.88338643,0.91760004,0.9650237,0.80231154,0.88413936,0.7825434,1.0,0.9230792,0.79370624,0.90487576,0.79506963,0.64782345,0.3451115,0.60585636,0.47404236,0.31734297,-0.106812194,0.11876981,0.04153596,0.3206346,0.54364514,0.50521857,0.7785747,0.7896412,0.7893113,0.6808756,0.77005833,0.6888337,0.11164417,0.5872335,0.6193431,0.26409012,0.11609294,0.03707837,0.32112965,0.17016567,0.35163307,0.33780342,0.2047704,0.47953862,0.7034042,0.6691916,0.75093067,0.53684103,0.73363435,0.9309258,0.82298976,0.7816823,0.87913,0.7717204,0.88259906,0.899765,0.8899359,0.8313736,0.7871441,0.5180087,0.78345007,0.8123516,0.73693806,0.7084992,0.66287035,0.69973063,0.4567458,0.6741486,0.60791445,0.5031515,0.7303141,0.5283249,0.6257871,0.18816121,0.14843711,0.57592136,0.13804123,0.09386275,-0.006405635,0.20022798,0.112161405,0.050508764,0.38777795,0.36259907,0.25510612,-0.55053276,-0.5378665,-0.5502892,-0.55858046,-0.5570438
184,-0.25794205,-0.22564504,-0.14412992,-0.24018437,-0.28702196,-0.1309183,-0.17783934,-0.10652493,-0.24715163,-0.11289607,-0.18056382,-0.25794843,-0.28215548,-0.16346526,-0.09581783,-0.062455,0.021674598,0.03715285,-0.0041336087,0.094436646,0.042647824,0.113268435,0.32311144,0.034483995,0.065779455,-0.1012136,-0.24043599,-0.27982676,-0.2732699,-0.34953722,-0.29672307,-0.28574836,-0.26587662,-0.19315763,-0.13507828,-0.04087311,-0.022384848,-0.0906413,-0.13091697,0.020086266,0.10797359,0.07605903,-0.008634269,0.20747174,0.11192902,0.23033087,0.058675524,0.120732985,0.030853193,-0.037410736,0.23331042,-0.11140017,-0.11981916,0.1346139,-0.27933922,-0.22980788,-0.131526,-0.23910865,-0.08450027,-0.28400826,-0.2726961,-0.2748496,-0.32705346,-0.26703474,-0.21192768,-0.18541479,-0.18492192,-0.2361506,-0.25080606,-0.25143704,-0.27078584,-0.25694627,-0.2863843,-0.24857822,-0.17725405,-0.16758217,-0.1578581,0.08728126,-0.07386746,0.1500566,0.2284833,0.10398474,0.17487733,0.29124302,0.35896417,0.44854105,0.42693222,0.21317098,0.46211454,0.3735076,0.536359,0.5153296,0.5370288,0.4648869,0.36981297,0.32231846,0.12553532,0.10697784,-0.016971283,0.021690905,-0.23022193,-0.12784079,-0.12744468,-0.17292948,-0.25655702,-0.3976528,-0.32310668,-0.29630393,-0.39697507,-0.36253434,-0.08493549,0.4345746,0.37404487,0.076948255,0.1287018,0.20776244,0.3564588,0.47556907,0.6070791,0.45111167,0.17857209,0.11407305,0.5891431,0.57243955,0.32343146,0.32734242,0.5880886,0.41628402,0.4959504,0.3738328,0.505008,0.30684978,0.30998218,0.14412086,0.02884453,-0.05165269,0.040544167,0.38730627,0.4937587,0.23944087,0.52528095,0.30356735,0.56745434,0.40940282,0.536469,0.60025066,0.5796115,0.23381035,0.53841937,0.47127065,0.47950855,0.5228527,0.52843887,0.2809192,0.50363106,0.6192337,0.49078155,0.5097966,0.6907501,0.52015764,0.6396557,0.42624488,0.55282974,0.63946897,0.44709834,0.6909797,0.46899295,0.38476676,0.78729206,0.78984416,0.9002654,0.88422817,0.7857648,0.87270325,0.9487129,0.76572484,0.7535999,0.6699676,0.9230792,1.0,0.7070572,0.8649598,0.8870027,0.7300757,0.29156324,0.49433312,0.556917,0.47235486,-0.020789351,0.2506709,0.20467964,0.49617526,0.7042304,0.6645536,0.8184358,0.8207367,0.8094201,0.73623145,0.7086662,0.58665735,0.119662486,0.485269,0.45525151,0.056373097,-0.014131617,-0.07939474,0.07174051,-0.06377047,0.08000834,0.10055252,0.049975235,0.22910202,0.4875924,0.5198117,0.54380983,0.3773057,0.5477007,0.8237321,0.7395184,0.66418576,0.76682156,0.7811738,0.82318026,0.8251691,0.7539035,0.6662897,0.6493933,0.30773103,0.62566966,0.63676775,0.6230425,0.536575,0.49681994,0.52778155,0.26898643,0.52154213,0.44695145,0.34431103,0.5731848,0.43847218,0.47275686,0.038822178,0.0014057462,0.47966433,0.07923013,-0.013177602,-0.065175444,0.20884134,0.113482155,-0.039375983,0.38111138,0.3496823,0.26124012,-0.52742463,-0.5212674,-0.52513134,-0.52841216,-0.538257
185,-0.17771561,-0.2249819,-0.14519946,-0.13175516,-0.1814317,-0.11170381,-0.06826735,-0.038927387,-0.12772146,-0.031177592,-0.0053404425,-0.05628116,-0.14416279,0.0054517807,0.101405285,0.05468111,0.20522177,0.23168129,0.07571655,0.17942633,0.04748347,0.03978757,0.25150928,-0.06598111,-0.06673104,-0.20232439,-0.24303348,-0.23954912,-0.15255357,-0.1926788,-0.18598945,-0.16381595,-0.20588951,-0.17134711,-0.23966314,-0.2131412,-0.16987035,-0.21681061,-0.1581995,-0.09688944,0.020365318,0.062103618,0.030971268,0.23730904,0.13968922,0.374147,0.14169618,0.2406185,0.1697636,0.106481805,0.09015961,0.017428853,0.033156596,0.13347368,-0.20894824,-0.10683592,-0.015632989,-0.1817225,-0.10438491,-0.13525255,-0.22330935,-0.20757802,-0.25580424,-0.24648462,-0.26890752,-0.26470393,-0.2638712,-0.266843,-0.25191495,-0.25705993,-0.24035318,-0.25729263,-0.24903618,-0.2144108,-0.22820623,-0.250372,-0.15707605,-0.09168119,-0.10007069,0.046304073,0.19827309,0.069109924,0.21858092,0.30685624,0.345239,0.37250578,0.3888355,0.26040137,0.37288874,0.31029898,0.36680618,0.37091258,0.29775777,0.23547699,0.18178411,0.17385016,0.11713893,0.06024322,-0.059696563,-0.069561236,-0.11268314,-0.26454246,-0.2817753,-0.2945451,-0.27395532,-0.38241848,-0.36974195,-0.12737626,-0.22537799,-0.26919776,-0.15251184,0.35135576,0.27590796,-0.038992587,0.075471714,0.061470762,0.13785806,0.17847832,0.29399785,0.1601072,0.12824684,0.090349965,0.23594865,0.23434374,0.108076364,0.16307607,0.23320672,0.076967224,0.16680224,0.14245543,0.13749853,0.12645836,0.13407311,0.11042935,0.05970064,0.05461414,0.17134453,0.31516716,0.31231624,0.15959163,0.40816364,0.29344383,0.36941656,0.35230792,0.39034644,0.3142909,0.37003306,0.011764872,0.25604814,0.2383544,0.22159638,0.29871204,0.28372383,0.13546112,0.27041557,0.36784002,0.28005308,0.3418506,0.47864679,0.47685894,0.61787564,0.44824758,0.45647958,0.4337135,0.4747534,0.67678535,0.43967345,0.3905335,0.7402177,0.5542404,0.7403113,0.77642304,0.7676212,0.7007467,0.7471101,0.675251,0.7681013,0.67610747,0.79370624,0.7070572,1.0,0.7186511,0.55747473,0.586032,0.40272173,0.6108721,0.31235674,0.18683834,-0.05861722,0.036677472,-0.064127386,0.15581453,0.25092486,0.20782235,0.5458126,0.50213575,0.51274014,0.42295182,0.57279205,0.51412493,0.084785216,0.51606065,0.5464245,0.3015931,0.20210585,0.12374415,0.4222494,0.31786734,0.44094563,0.4342863,0.32798642,0.51526135,0.68148303,0.6340349,0.7038215,0.47131217,0.6685329,0.7359811,0.63350934,0.60390985,0.70993984,0.53473926,0.64988136,0.68083733,0.7226669,0.70477194,0.6447102,0.51717347,0.7338947,0.75312823,0.6820822,0.6978769,0.5898968,0.6959004,0.5094965,0.6976504,0.67147696,0.5923315,0.75114393,0.50465035,0.6970054,0.36180735,0.28189853,0.6449106,0.3213921,0.29916412,0.16493706,0.257526,0.16462152,0.09702915,0.30203038,0.2952283,0.20934828,-0.49415302,-0.48149908,-0.4978757,-0.50770766,-0.49527872
186,-0.07863404,-0.051742967,-0.023028268,-0.043959916,-0.08069459,0.012674644,0.030510353,0.039596584,-0.018685063,0.066371754,0.035550166,-0.021184629,-0.07796744,0.068591036,0.12785552,0.103531115,0.19162545,0.24210067,0.12611192,0.20800175,0.21063484,0.24242315,0.39523175,0.1304289,0.16728902,-0.005177811,-0.104323655,-0.13895309,-0.11045255,-0.16026846,-0.1296892,-0.11983008,-0.11580798,-0.07605885,-0.07278712,0.02704142,0.060322125,-0.004343174,0.0027956592,0.13711223,0.23775333,0.2613134,0.15580744,0.391896,0.25863287,0.38894302,0.17645049,0.30295768,0.25413975,0.17734213,0.22629055,0.11916945,0.11443743,0.32011846,-0.056788716,0.013074107,0.076663226,-0.010633405,0.0753259,-0.070865184,-0.059457824,-0.0657862,-0.121028304,-0.07406094,-0.066248246,-0.0491907,-0.06807866,-0.08103109,-0.0958102,-0.11178918,-0.10652227,-0.09004685,-0.10889007,-0.07652998,-0.03567962,-0.03551197,0.0017375698,0.14976133,0.052102365,0.2267275,0.3909718,0.18362087,0.31342635,0.40004048,0.41698477,0.54758805,0.51139593,0.3057495,0.5159351,0.4415977,0.52243114,0.5013192,0.4971718,0.43157065,0.46266946,0.45036653,0.33650368,0.3035559,0.16965176,0.17683071,-0.033145722,-0.015087393,-0.029457454,-0.047653895,-0.083140224,-0.25063044,-0.20492947,-0.05316214,-0.17273787,-0.1540068,0.015452025,0.44579518,0.31434482,0.2036994,0.23759767,0.3294518,0.42730257,0.47359762,0.5512417,0.44778267,0.30402553,0.22442089,0.5374329,0.52515656,0.30561686,0.29788843,0.5244601,0.38515165,0.47043312,0.33543265,0.43768594,0.26898503,0.3693119,0.26767224,0.19205302,0.093688846,0.2134684,0.44841102,0.5178578,0.22814961,0.5374188,0.36358622,0.54359096,0.448243,0.50084084,0.5365782,0.51945513,0.20882022,0.4862376,0.44732055,0.44710153,0.5201729,0.51464146,0.27614972,0.43708,0.57717985,0.48483506,0.44654092,0.59061277,0.5161194,0.5657069,0.38596782,0.45264608,0.53897315,0.38904274,0.58926636,0.38112676,0.3098932,0.6906932,0.58516484,0.76741236,0.78317493,0.72153795,0.78363186,0.84472513,0.69097656,0.7980618,0.7046058,0.90487576,0.8649598,0.7186511,1.0,0.87172884,0.76349556,0.5774344,0.7407851,0.71183205,0.51750106,0.181517,0.26117045,0.24795137,0.4115956,0.6600415,0.59858745,0.75854796,0.8192764,0.79834056,0.83248407,0.79822165,0.82563436,0.40748972,0.68140304,0.71965766,0.4464366,0.3470343,0.25435176,0.41778186,0.25437522,0.39719963,0.33634064,0.23789763,0.500193,0.6427592,0.5846554,0.71205854,0.55633485,0.63120955,0.86004555,0.79851073,0.7298812,0.7582255,0.707582,0.80428725,0.78849953,0.76146924,0.68641794,0.6326591,0.43119365,0.64128613,0.6688494,0.6001146,0.5801188,0.51374424,0.55816156,0.41316813,0.6206621,0.5382082,0.43703428,0.72590303,0.51977766,0.6052396,0.21949957,0.23658048,0.6665087,0.28149745,0.23521222,0.21188277,0.3576968,0.1766844,0.037123278,0.27268037,0.2563045,0.17376529,-0.70976037,-0.69458824,-0.70652235,-0.71269774,-0.7152951
187,-0.07170083,0.007674158,0.02568781,-0.07388429,-0.10058027,0.026325036,-0.017307548,0.008911119,-0.073701575,0.015498925,-0.06932365,-0.13490392,-0.123833194,-0.045288954,-0.032693777,-0.0051570814,0.021428576,0.05023815,0.07099863,0.1301093,0.20845811,0.2945027,0.3970326,0.21321607,0.28326756,0.11052046,-0.03482972,-0.09236622,-0.12637691,-0.19296825,-0.14282489,-0.14636134,-0.087540515,-0.034043435,0.061692063,0.17798506,0.19091947,0.12085932,0.06656276,0.2435067,0.29714334,0.25652987,0.116820805,0.31503746,0.17645454,0.20514902,0.06629067,0.16646951,0.09932614,0.03704743,0.26816282,0.0048816884,-0.014322565,0.26128465,-0.08217902,-0.062363323,-0.0020238983,-0.0247004,0.0794474,-0.14380407,-0.046304252,-0.075208,-0.10580012,-0.02907995,0.036853135,0.052681446,0.04814163,-0.005722793,-0.021787588,-0.03501109,-0.05471858,-0.020668743,-0.06760705,-0.032285504,0.059328314,0.080860995,0.042667124,0.28501514,0.08594473,0.2800469,0.34261018,0.18446144,0.22548358,0.31437474,0.3395488,0.49770144,0.43782082,0.21220645,0.48214406,0.41072112,0.52843666,0.4901948,0.5576895,0.4974974,0.5138144,0.478423,0.2917277,0.29809895,0.19795762,0.23370592,-0.0782756,0.12708512,0.12537733,0.08347109,-0.010049697,-0.18684877,-0.11915417,-0.12799282,-0.23371172,-0.15665533,0.08307934,0.41738486,0.32766685,0.26382965,0.24364997,0.38560614,0.50581145,0.60881454,0.6814028,0.59505534,0.31114978,0.2198346,0.71890634,0.69748294,0.41942582,0.37592012,0.7100891,0.59059954,0.65108556,0.45078233,0.650794,0.3605422,0.46069512,0.28944895,0.17561239,0.011331983,0.09595411,0.4333996,0.5763935,0.25033936,0.5312025,0.31946602,0.60072017,0.40125528,0.5180386,0.64931285,0.5826252,0.34085855,0.6095007,0.56584096,0.5642112,0.6292799,0.6490177,0.34612176,0.58219105,0.7019608,0.57790554,0.53956246,0.67122203,0.47797367,0.5068974,0.3252001,0.45112327,0.57301277,0.33546728,0.5067752,0.35185623,0.279856,0.58292896,0.6210343,0.7057318,0.6819865,0.5707593,0.71236235,0.793259,0.6033558,0.62328726,0.5545502,0.79506963,0.8870027,0.55747473,0.87172884,1.0,0.78006357,0.425427,0.53709084,0.76777,0.6647008,0.22744413,0.39176908,0.41708198,0.59872407,0.85878044,0.80636513,0.7888237,0.86328214,0.8253996,0.88602686,0.7068919,0.68839663,0.37466767,0.5145421,0.4819664,0.16608582,0.14092974,0.07334462,0.07770149,-0.064828664,0.038818173,0.010958003,-8.103051e-05,0.16371588,0.33774093,0.3580825,0.41667187,0.35041195,0.37150595,0.7092868,0.6790936,0.5811946,0.60400724,0.71905226,0.728222,0.6979062,0.5885605,0.482896,0.47751272,0.1545512,0.41693532,0.43056,0.41266865,0.33907104,0.31730247,0.31869957,0.15227994,0.38129935,0.28416064,0.18927404,0.46557578,0.36137533,0.35294813,-0.028642543,0.0019285971,0.46136078,0.12058476,0.023318572,0.064406574,0.30218223,0.15411428,-0.04255652,0.25992253,0.2329671,0.15995407,-0.62125355,-0.61577696,-0.61641467,-0.6164801,-0.6317041
188,0.14968051,0.19182359,0.19395907,0.15289487,0.103093736,0.17746338,0.1910811,0.1578379,0.11450713,0.16645133,0.12443263,0.0698455,0.079390205,0.12170089,0.13272335,0.11912702,0.13641973,0.17265444,0.18702857,0.21758072,0.3887444,0.4455821,0.4587532,0.33865944,0.40733376,0.25830117,0.18060721,0.13212183,0.12360743,0.07531733,0.09418775,0.09476993,0.14806007,0.16774184,0.20194514,0.27891085,0.30928952,0.22824913,0.2358071,0.3679805,0.43333113,0.4066037,0.22811349,0.4348114,0.23447931,0.26152462,0.1118139,0.23573425,0.18626422,0.10053738,0.19914179,0.08624846,0.112227395,0.31075063,0.035336208,0.09689631,0.15900683,0.13038653,0.14944007,0.022883467,0.12585557,0.08030527,0.079029076,0.15129812,0.18038057,0.1536214,0.17060955,0.12994517,0.1574382,0.13370213,0.13048992,0.16209242,0.12325599,0.17899229,0.22840756,0.22455159,0.19607206,0.33018982,0.18795478,0.32488123,0.41375425,0.25306034,0.26392743,0.3473592,0.31322455,0.5145315,0.44139716,0.27514708,0.4728398,0.44801596,0.43594158,0.39935377,0.46079165,0.40032542,0.47771865,0.4775745,0.36627212,0.37855974,0.29675794,0.3162691,0.109067164,0.20701309,0.1913575,0.14763112,0.13420014,-0.08583219,-0.04476847,0.05188103,-0.052635174,-0.01121977,0.10972196,0.37920383,0.29717907,0.28736395,0.24700782,0.374964,0.4396878,0.4963018,0.56448346,0.5489629,0.3833666,0.2870738,0.68334293,0.66504985,0.39652786,0.32543004,0.650383,0.56721205,0.6354046,0.3927208,0.57863134,0.35576445,0.54515165,0.46472076,0.3835227,0.17210528,0.3002464,0.5213047,0.60348,0.23484394,0.5409077,0.36984208,0.57205534,0.43302977,0.48099622,0.5790347,0.5232903,0.30637103,0.5760525,0.6310253,0.583969,0.68486637,0.746729,0.36701185,0.7091132,0.8100765,0.6219152,0.7132684,0.76467615,0.5822399,0.64928,0.46145242,0.48754117,0.4539087,0.4360954,0.55103207,0.3458255,0.41548863,0.5144263,0.41389418,0.53809303,0.535619,0.47505587,0.49168205,0.594881,0.50034887,0.5473735,0.47843206,0.64782345,0.7300757,0.586032,0.76349556,0.78006357,1.0,0.6845275,0.6917643,0.7405758,0.6781334,0.43732035,0.35892913,0.40799922,0.5238503,0.6025545,0.51947504,0.5723444,0.58188456,0.5597502,0.6862883,0.56088084,0.55783063,0.49319685,0.5353098,0.46533996,0.27587762,0.3580949,0.27807078,0.2589694,0.16631043,0.17729908,0.17042163,0.21921144,0.24330899,0.35227406,0.32758287,0.4213083,0.29771122,0.3243258,0.532693,0.5065961,0.39541402,0.43971294,0.47659272,0.4835939,0.4534999,0.4085963,0.34329236,0.3063054,0.17678083,0.40945005,0.40659177,0.39401442,0.37698904,0.23686141,0.36202615,0.25976375,0.50176245,0.45585716,0.38033262,0.5913975,0.40783823,0.55878884,0.2886959,0.24058507,0.7228183,0.51315,0.41300416,0.42917618,0.56905115,0.32190603,0.023672588,0.15421729,0.15149844,0.0970128,-0.7254484,-0.7220501,-0.7264525,-0.7273354,-0.73001045
189,0.41299513,0.42689225,0.37746203,0.4431087,0.39929843,0.36944303,0.480725,0.35556126,0.4371773,0.4050239,0.4404801,0.4258126,0.39108568,0.43695033,0.43175218,0.32526317,0.34027866,0.40788507,0.32746214,0.2969775,0.5237042,0.50310034,0.38937217,0.38827887,0.43270656,0.34630814,0.3740116,0.36212856,0.39201573,0.39992183,0.37688923,0.3777665,0.4052511,0.3850477,0.29344785,0.32239518,0.36708724,0.2981699,0.3913929,0.4365856,0.4958672,0.54339194,0.39375842,0.5462878,0.34409368,0.3749558,0.27210727,0.34096736,0.4315373,0.35714453,0.1222247,0.36824328,0.41204703,0.4489838,0.34358895,0.4278265,0.42273375,0.42810732,0.33078167,0.35188913,0.41533983,0.37708068,0.38469794,0.41473794,0.36306855,0.3257249,0.31787083,0.33261853,0.38311014,0.34724584,0.38083506,0.3966728,0.3865946,0.42160273,0.39601094,0.36997557,0.3906579,0.32422343,0.3003707,0.32792807,0.48294863,0.2756366,0.33424652,0.35280168,0.24614021,0.43919843,0.36059627,0.30322602,0.33081,0.35918373,0.20752385,0.17841816,0.21605732,0.19392313,0.3980263,0.47060558,0.51779693,0.5081424,0.4533258,0.41424417,0.4008476,0.30899194,0.27488026,0.27796817,0.36119515,0.17352988,0.15337718,0.41187856,0.31891903,0.31719548,0.22125433,0.22689028,0.074186556,0.3502133,0.29323214,0.39376405,0.36244732,0.27340844,0.22559717,0.32202795,0.37351888,0.29698136,0.35026833,0.34549522,0.23317944,0.14190881,0.3074575,0.3182241,0.3637899,0.18658611,0.25502795,0.17190598,0.45262727,0.5207444,0.52704453,0.34454823,0.48786274,0.43734112,0.412505,0.1325971,0.36460757,0.32819554,0.32274848,0.3202342,0.24588658,0.26888382,0.2306463,0.15303348,0.29931366,0.38556865,0.33131054,0.44549727,0.48374704,0.2385222,0.4209909,0.5012692,0.39304397,0.46108955,0.4015961,0.42516205,0.34809604,0.2957246,0.18764134,0.119961366,0.2344983,0.23587424,0.0948669,0.22182287,0.18253249,-0.051815413,0.124331735,0.16945998,0.19223559,0.13418296,0.19894646,0.21163122,0.37256524,0.32787684,0.3451115,0.29156324,0.40272173,0.5774344,0.425427,0.6845275,1.0,0.8379766,0.68717206,0.5075698,0.663374,0.25501946,0.34491688,0.21674818,0.25564188,0.16526705,0.2208853,0.26532584,0.24192871,0.49858162,0.40856624,0.6116659,0.7725331,0.6013941,0.6187909,0.7029449,0.80828506,0.7237799,0.67010295,0.58751005,0.554875,0.47444555,0.4910568,0.51608336,0.43748665,0.30640584,0.49813378,0.40122953,0.30218658,0.33884826,0.36343986,0.27482972,0.21557875,0.14615096,0.21080847,0.16252896,0.206224,0.18274015,0.095480695,0.23617491,0.2850874,0.28945312,0.24022806,0.31514746,0.13380997,0.28389543,0.38683504,0.49937606,0.46999717,0.41659832,0.63231665,0.39627916,0.5985911,0.5593075,0.5766805,0.8106232,0.7754936,0.77939117,0.8389604,0.6652252,0.39114192,0.1032713,-0.025631085,0.002995178,-0.025173802,-0.7456393,-0.73886377,-0.7492907,-0.75219506,-0.73961174
190,0.19091265,0.17937486,0.1727122,0.23787826,0.20229438,0.18063094,0.28675568,0.22077979,0.24274984,0.25913802,0.29607978,0.27009925,0.1962835,0.31115878,0.3512337,0.25939828,0.34761372,0.41018853,0.25322148,0.28982934,0.36453348,0.33696982,0.3729485,0.19400579,0.23166335,0.10130425,0.11318764,0.11928462,0.20083582,0.16408966,0.14850767,0.15600345,0.15536933,0.15317994,0.05875433,0.07544145,0.12924209,0.06932581,0.19276135,0.22404017,0.32958442,0.3899674,0.29014373,0.4836862,0.31592762,0.4489513,0.24380393,0.3650081,0.39908952,0.3189707,0.14153512,0.28530046,0.31611812,0.3917355,0.15688808,0.25816658,0.29259104,0.22085685,0.17198981,0.1965723,0.18559407,0.17806007,0.14809331,0.16957393,0.10578395,0.08422271,0.06491009,0.09378107,0.13611107,0.09764244,0.14194198,0.14300643,0.1474664,0.17841591,0.1462305,0.11636411,0.18754657,0.14830844,0.16115959,0.21590097,0.4151828,0.2298099,0.3392409,0.39208043,0.31520572,0.46071306,0.42204502,0.32813585,0.37880117,0.3607823,0.3061148,0.29213214,0.27438453,0.23335566,0.35831997,0.40740362,0.42455408,0.38470125,0.27922806,0.24461558,0.2555748,0.06241953,0.028271923,0.03159441,0.11385039,-0.061429564,-0.07945274,0.25932765,0.1297843,0.11064859,0.07448357,0.3171289,0.14307815,0.22708414,0.23772518,0.2996377,0.30773434,0.263531,0.277213,0.27149972,0.3024182,0.2371765,0.31091008,0.31256142,0.1833162,0.15563858,0.28471002,0.20795274,0.288408,0.1751261,0.19460239,0.13967347,0.34141755,0.3766008,0.36866525,0.26348048,0.41708305,0.43570706,0.40823087,0.15127711,0.43289864,0.3576903,0.37374884,0.3684761,0.33416608,0.29930624,0.30596682,0.09531803,0.2716332,0.30483124,0.2706446,0.3891049,0.3977299,0.19613086,0.34133247,0.43898696,0.34809342,0.39113998,0.42820644,0.47450683,0.4733535,0.3506769,0.29454753,0.24512024,0.3830664,0.4681306,0.26900035,0.31514168,0.46658686,0.19902621,0.4141753,0.4680941,0.49015924,0.41980055,0.47513443,0.4246617,0.6467569,0.5782111,0.60585636,0.49433312,0.6108721,0.7407851,0.53709084,0.6917643,0.8379766,1.0,0.6196266,0.39660415,0.3939548,0.16788511,0.18349971,0.18825628,0.28006586,0.1989372,0.4037402,0.44134805,0.43102604,0.56173104,0.5929314,0.7359263,0.5801689,0.6955475,0.7555722,0.71955854,0.71570337,0.6203404,0.7582141,0.66016114,0.6686988,0.59473604,0.56725436,0.6600359,0.655674,0.5248299,0.71555173,0.5371488,0.52409387,0.60884005,0.579412,0.52106583,0.49816146,0.3297267,0.48654512,0.46045762,0.50779027,0.47677276,0.38754237,0.40947634,0.5642721,0.5708282,0.47682512,0.5883752,0.42158908,0.55528915,0.5736981,0.7156513,0.6728105,0.6014746,0.82988197,0.5273614,0.76270664,0.54237455,0.6389306,0.85134673,0.612316,0.6249237,0.60731447,0.52772754,0.32017308,0.14376937,0.12593952,0.13618635,0.07937391,-0.74232227,-0.72520447,-0.743207,-0.752,-0.73717797
191,0.2542637,0.35380474,0.28653142,0.23576577,0.22296162,0.27859843,0.2803447,0.21414955,0.2422249,0.25147843,0.17142327,0.13950327,0.1713016,0.19433185,0.14369616,0.14256462,0.08704267,0.13525018,0.191931,0.17962897,0.4323523,0.5011956,0.4088663,0.43054518,0.51159656,0.3937174,0.29863486,0.2342154,0.17416012,0.14878118,0.1818433,0.1689331,0.25035623,0.26321495,0.3408411,0.446796,0.454631,0.38311604,0.34311295,0.499573,0.5082214,0.48113394,0.29136685,0.44409493,0.2667142,0.18396486,0.11738297,0.22266944,0.23524904,0.18105976,0.24578835,0.20381084,0.19727594,0.41009882,0.23476432,0.23900682,0.23465684,0.30950153,0.30887732,0.13678011,0.30340606,0.24990599,0.2526496,0.32886535,0.37441468,0.3685452,0.3567112,0.32575825,0.32291496,0.2950106,0.28190213,0.33520722,0.28727442,0.309816,0.38841632,0.40870234,0.33405972,0.47177306,0.2962893,0.39661768,0.45514593,0.26436892,0.2583249,0.3011461,0.26467907,0.48311993,0.37535235,0.2128996,0.41019395,0.3931272,0.39565638,0.34289545,0.45788252,0.42322013,0.58508307,0.5933443,0.48179352,0.5099978,0.45442262,0.46817777,0.21815172,0.42554,0.41495368,0.38846397,0.3387216,0.13374098,0.16933265,0.17152919,0.08239677,0.17529076,0.2721908,0.3246698,0.19788574,0.44730842,0.34693396,0.53570354,0.5790949,0.5856672,0.55717576,0.6090783,0.41752112,0.31324303,0.6815081,0.6610098,0.43211073,0.31704068,0.65375936,0.6407806,0.66751885,0.4105131,0.6294017,0.33200353,0.5626154,0.46178344,0.39536002,0.15062028,0.24163167,0.4258693,0.5481527,0.20363784,0.43099862,0.291052,0.4997665,0.3350914,0.3769816,0.54360026,0.43933928,0.36200052,0.56173134,0.57800937,0.5584126,0.6354707,0.6697023,0.35947123,0.57608026,0.6733796,0.5732685,0.51263356,0.5185967,0.3907171,0.28909296,0.1989761,0.23398034,0.34497505,0.13890696,0.18685989,0.095643714,0.11684967,0.21669556,0.22674112,0.29291326,0.27901846,0.1963988,0.3334194,0.40941456,0.29485783,0.35454938,0.31075248,0.47404236,0.556917,0.31235674,0.71183205,0.76777,0.7405758,0.68717206,0.6196266,1.0,0.7765238,0.5946992,0.4908358,0.6064745,0.54642016,0.76956856,0.697869,0.5275799,0.6552974,0.6022554,0.8588806,0.5621496,0.71802956,0.75742275,0.5386742,0.5205817,0.4300855,0.485721,0.41646978,0.24126178,0.11772423,0.13950129,0.044284336,0.080149435,0.18832998,0.19623107,0.1585741,0.28533074,0.3091977,0.14579089,0.43075198,0.4743923,0.36638424,0.27654094,0.42691603,0.41586554,0.3502284,0.25742784,0.15759459,0.1335832,0.016920429,0.11189326,0.12783113,0.11663975,0.08138827,0.029232187,0.046058644,0.06991719,0.22326954,0.12901367,0.061515145,0.35394365,0.26235232,0.2538605,0.056595232,0.16225867,0.5009448,0.3279819,0.2576099,0.4066439,0.46064925,0.22204044,-0.03755406,0.017268367,0.014360916,-0.013779363,-0.6920681,-0.68331075,-0.6832896,-0.6797711,-0.6974017
192,0.2747819,0.39414498,0.33139846,0.23408437,0.23498093,0.29897237,0.24136332,0.20260084,0.2001781,0.20512848,0.090221934,0.05763733,0.15696725,0.09495637,0.02611468,0.054732986,-0.040169418,-0.009635875,0.15029682,0.11713393,0.43415427,0.52967614,0.3923854,0.4984234,0.57349396,0.49833447,0.39929792,0.32649064,0.22643343,0.20551094,0.25702354,0.23115358,0.3372982,0.35365218,0.47602114,0.54288596,0.5398215,0.471703,0.3879287,0.55889887,0.53409845,0.46007973,0.24641313,0.3863659,0.20486943,0.03090182,0.028729307,0.10528523,0.07860801,0.032362185,0.22042316,0.06901313,0.07238445,0.3102476,0.19059409,0.15827575,0.15930949,0.2797639,0.28276122,0.07158271,0.31504807,0.24819905,0.2733431,0.3594926,0.43180808,0.40514153,0.4155638,0.36584902,0.36337084,0.3366057,0.31639996,0.3801553,0.31233194,0.3576431,0.45249486,0.47855368,0.33617687,0.54628736,0.28040227,0.41838977,0.40127206,0.26195914,0.16983318,0.2301347,0.19549121,0.44748032,0.31122816,0.16390353,0.38078156,0.38804194,0.3670251,0.2958463,0.4780824,0.44315904,0.56611764,0.55344814,0.4000664,0.45848638,0.43664154,0.48237363,0.2759603,0.49730566,0.48927385,0.45107073,0.3844363,0.17070334,0.21717127,0.13589717,0.05297333,0.17899102,0.29679257,0.2555654,0.19133429,0.43448296,0.31093407,0.5152165,0.57487386,0.61244154,0.57292634,0.66533744,0.4095246,0.2995084,0.75737363,0.7257811,0.4548946,0.34389985,0.73149663,0.7189849,0.7448473,0.47201088,0.7274593,0.35281438,0.62207425,0.49605694,0.4012125,0.10397235,0.198705,0.42209175,0.57055914,0.22370104,0.41503972,0.25977984,0.5161719,0.29978117,0.37770835,0.5980838,0.46999708,0.4395397,0.6273361,0.6511925,0.6194212,0.6978475,0.74160933,0.36461294,0.667269,0.75189435,0.62878335,0.59386086,0.5905113,0.37170914,0.31501174,0.21572298,0.27623,0.32004815,0.10843368,0.13586523,0.036373455,0.10359852,0.13839339,0.21517256,0.2032292,0.17016584,0.08086006,0.20518778,0.29611847,0.1942689,0.16805635,0.14107549,0.31734297,0.47235486,0.18683834,0.51750106,0.6647008,0.6781334,0.5075698,0.39660415,0.7765238,1.0,0.6187771,0.5387322,0.68189317,0.61093795,0.72331387,0.6467526,0.38869065,0.49015433,0.436096,0.68655556,0.36403233,0.45043647,0.5896158,0.34238198,0.27107388,0.170149,0.29130098,0.2484618,0.0035579964,-0.08001172,-0.09494288,-0.122527614,-0.044325832,-0.03532878,-0.0070898384,0.0053355163,0.05884156,0.13290371,-0.02699653,0.23595497,0.28784084,0.15753491,0.11772856,0.3395869,0.24814156,0.20173882,0.08057455,-0.022563785,-0.03455564,-0.1650252,-0.041047268,-0.046648942,0.0077654934,-0.08101311,-0.14050964,-0.10329623,-0.107692584,0.04562552,-0.023761282,-0.06976976,0.15200415,0.12976593,0.083596714,-0.058876414,0.020915817,0.33898613,0.25653422,0.15127462,0.3086366,0.4140802,0.17175363,-0.13110572,-0.00097006006,-0.009338574,0.0045375256,-0.59302366,-0.5854949,-0.5771578,-0.5702552,-0.59850025
193,0.5096643,0.6109238,0.48480213,0.4713274,0.47316486,0.44814375,0.46582967,0.3506004,0.45543268,0.3759316,0.30978924,0.32379258,0.41302288,0.3077909,0.2004602,0.18875664,0.04242548,0.079984024,0.23342334,0.16926147,0.51252884,0.55355155,0.2828003,0.52690786,0.6018839,0.629268,0.6351235,0.5850613,0.5070138,0.5504144,0.5733814,0.5412256,0.6318639,0.6022705,0.6396133,0.6289412,0.60596347,0.57941735,0.5447286,0.6182012,0.5556024,0.53008074,0.34533635,0.3991169,0.21436734,0.0112995785,0.062169366,0.12846798,0.19702269,0.17611001,0.11806807,0.26144004,0.26795736,0.36661327,0.44989127,0.41532582,0.34874594,0.53104407,0.4146785,0.33637038,0.5663282,0.48650226,0.5407642,0.5972906,0.61874926,0.574128,0.57555246,0.5723135,0.58197,0.5586673,0.54914653,0.60428935,0.55951756,0.5956473,0.6254535,0.63742894,0.51019573,0.513026,0.35943297,0.39909038,0.38161355,0.29717487,0.15041578,0.13758679,0.0664036,0.29531634,0.14602095,0.1271187,0.1699639,0.2524273,0.08955005,0.028677069,0.21190709,0.22643586,0.4292131,0.48458615,0.46261632,0.5293955,0.5510119,0.5727923,0.5622805,0.61349535,0.5911515,0.5800905,0.6062773,0.40072978,0.4040267,0.40700817,0.33987775,0.44792247,0.3965623,0.12320227,0.035660375,0.45878798,0.30653486,0.48912987,0.4458707,0.35070476,0.20325935,0.43650967,0.3788262,0.29708442,0.42721546,0.40329197,0.2962164,0.14009422,0.3921076,0.47008988,0.46278003,0.24291427,0.41132718,0.18285131,0.50977254,0.5046032,0.48833793,0.22112077,0.28442565,0.27179638,0.33935735,0.112895496,0.1810825,0.14737886,0.24475186,0.14447679,0.14208858,0.2810374,0.18317844,0.2931096,0.34645435,0.40777445,0.36594898,0.47725338,0.5203544,0.27048776,0.44983232,0.5006725,0.41293317,0.40736213,0.28961548,0.23837997,0.07349689,0.10542754,0.0067492253,-0.041713677,-0.092923984,-0.1732597,-0.27622682,-0.050859045,-0.21650302,-0.25211805,-0.26376823,-0.26578525,-0.27720478,-0.26228806,-0.18879695,-0.15252823,-0.14125778,-0.13614117,-0.106812194,-0.020789351,-0.05861722,0.181517,0.22744413,0.43732035,0.663374,0.3939548,0.5946992,0.6187771,1.0,0.538701,0.6557169,0.3158296,0.3087558,0.23185593,-0.05125927,0.053425983,0.008272337,0.36502635,0.06951927,0.302467,0.76679206,0.26624444,0.23602594,0.40472046,0.59423,0.54725105,0.23733576,0.20229575,0.09578917,0.0215926,0.12657696,0.05742574,-0.090302624,-0.14488477,-0.041205794,0.07292137,-0.2073761,-0.12575625,-0.01635981,-0.13616896,-0.24821392,-0.14042029,-0.16802529,-0.23679492,-0.28259236,-0.33791387,-0.39348134,-0.19244488,-0.2843853,-0.2816508,-0.24229611,-0.26912153,-0.3590342,-0.2978084,-0.118176304,-0.079219624,-0.099394426,-0.09458824,0.054222304,0.025746742,0.042605225,0.1662977,0.23413555,0.35729888,0.5244937,0.4746749,0.6668175,0.52684975,0.22222373,-0.096631736,-0.20984256,-0.19061199,-0.11471695,-0.5019392,-0.4819654,-0.4795351,-0.47381878,-0.50039166
194,0.16262847,0.2546847,0.20860384,0.10471391,0.11206738,0.21033797,0.11310742,0.10503005,0.080387086,0.099453874,-0.034788415,-0.05774458,0.036842283,-0.014640697,-0.097897075,-0.04629722,-0.15904714,-0.13243683,0.03240282,0.017478568,0.21730088,0.30785468,0.19797763,0.31680435,0.36761454,0.36041427,0.25248444,0.18253224,0.0818068,0.06644388,0.14289367,0.1046947,0.20964731,0.25235412,0.35989892,0.40921783,0.36878476,0.33999163,0.25011733,0.36451536,0.31271645,0.23552586,0.10194507,0.15922782,0.0879982,-0.089121215,-0.08344871,-0.02574676,-0.035673313,-0.0444256,0.118134744,-0.006935605,-0.035838526,0.17534897,0.11493818,0.044821844,0.03419291,0.1641045,0.20036118,-0.009698055,0.19333789,0.14135742,0.1534311,0.22360954,0.29445592,0.29667684,0.2697838,0.2594748,0.23630339,0.23201108,0.20472077,0.25277802,0.20910336,0.18328053,0.3052176,0.3331051,0.19842578,0.38930932,0.142105,0.26845074,0.21305256,0.15292707,0.03233045,0.08261144,0.10306287,0.26655972,0.14024681,0.052672315,0.1890301,0.21087238,0.21884805,0.15916571,0.36418703,0.34484813,0.38329035,0.37104955,0.21589325,0.27657652,0.26799676,0.3234457,0.20975985,0.36610427,0.3636165,0.34368858,0.26901236,0.088946216,0.14163956,-0.012902046,-0.07240822,0.058933195,0.21537639,0.19199236,0.17106932,0.28879875,0.19948108,0.36410576,0.4197551,0.44257918,0.37166744,0.4661275,0.23824996,0.16144346,0.4945412,0.4527272,0.313316,0.23075318,0.49235213,0.48011005,0.48393524,0.35187835,0.52900153,0.24555777,0.39007655,0.2626071,0.18432449,-0.06642827,0.0027818219,0.19424115,0.33168024,0.15773918,0.23030153,0.09614725,0.33966047,0.17645332,0.2765087,0.43143782,0.35466442,0.31270832,0.42749166,0.36660886,0.37260014,0.46076852,0.44780955,0.22841676,0.3958069,0.44056365,0.37020588,0.34132275,0.31590167,0.18532352,0.13862799,0.10237509,0.12377431,0.21893919,0.0042713047,0.022356277,-0.09947148,-0.009446223,0.048686314,0.16783766,0.05863162,0.04081943,-0.0068316883,0.07221567,0.12981668,0.08028332,0.0017920035,-0.012363207,0.11876981,0.2506709,0.036677472,0.26117045,0.39176908,0.35892913,0.25501946,0.16788511,0.4908358,0.5387322,0.538701,1.0,0.57741874,0.4392897,0.49785158,0.45823446,0.23244552,0.2937675,0.25372168,0.441004,0.184071,0.2661925,0.42451125,0.15875165,0.12091574,0.064275935,0.15591754,0.13120322,-0.06994151,-0.13090576,-0.13190031,-0.18717742,-0.07573158,-0.101718634,-0.10364484,-0.050860457,-0.060458068,0.033076353,-0.12660024,0.07477427,0.1393887,0.048513006,-0.013054915,0.15398586,0.122446105,0.079609245,-0.042367507,-0.1365256,-0.137221,-0.20785965,-0.17986968,-0.17638588,-0.117444545,-0.20805371,-0.2019915,-0.23391183,-0.20434386,-0.12976351,-0.17765175,-0.17949256,-0.034615844,0.0006830084,-0.080289714,-0.13810827,-0.08791144,0.105940856,0.08035518,-0.0041854912,0.15510131,0.18365394,0.04148632,-0.18583982,-0.011280139,-0.02500828,0.022521457,-0.31646642,-0.28141347,-0.2836904,-0.28229114,-0.32404572
195,0.31289113,0.44636023,0.36212754,0.2612373,0.26639518,0.3206707,0.25647017,0.2168469,0.24089201,0.19883098,0.09018166,0.06847333,0.19310293,0.08083531,-0.0127111785,0.018820649,-0.11426871,-0.09221885,0.118325345,0.05437975,0.38194525,0.47858626,0.27701944,0.48031574,0.56187034,0.54775244,0.46498886,0.38853902,0.2531832,0.25822887,0.31920034,0.28364387,0.39793596,0.40741926,0.5481027,0.6008735,0.5596303,0.53297246,0.4117603,0.55565524,0.48652163,0.40039644,0.21575786,0.27389574,0.12944882,-0.09076319,-0.03531711,0.00030561376,0.006774276,-0.016690372,0.18080641,0.056453682,0.046268005,0.24588816,0.2528273,0.18980369,0.15438415,0.3309943,0.31562647,0.120632984,0.37203443,0.29450685,0.3386219,0.41564563,0.49321124,0.4725198,0.47722387,0.43014735,0.41336876,0.39524806,0.37168398,0.43961722,0.3731304,0.39454392,0.500824,0.5367546,0.36019897,0.54161304,0.3067504,0.36399236,0.3100889,0.23148416,0.078868754,0.10492291,0.08461391,0.30400285,0.15796879,0.06705547,0.22536981,0.26192412,0.22071515,0.15054812,0.3635329,0.3466269,0.46349084,0.47150943,0.33494624,0.41937235,0.428836,0.4843241,0.34292492,0.55249506,0.5435469,0.5177378,0.4550161,0.28854573,0.32748237,0.15661807,0.111759014,0.25337124,0.32716814,0.12790191,0.100407764,0.41518602,0.25823915,0.47073644,0.50354683,0.51044536,0.40906915,0.5705785,0.3250047,0.2325696,0.61625767,0.5865526,0.408163,0.2748724,0.5961143,0.63024807,0.6253567,0.38065577,0.64262664,0.31033394,0.5366841,0.41840842,0.34616423,0.06525628,0.11553444,0.2864294,0.4254622,0.1673692,0.25450602,0.12198472,0.36214274,0.17926808,0.23457587,0.4461169,0.31882462,0.39127907,0.48763108,0.46337298,0.45998296,0.5282144,0.56226647,0.2959735,0.49092856,0.54502684,0.45991924,0.41006348,0.36497343,0.19812249,0.08596955,0.06057727,0.08675235,0.17895387,-0.072823934,-0.093010426,-0.16795994,-0.04064498,-0.09138869,0.0435523,-0.03894357,-0.07461774,-0.14464281,-0.035360694,0.035975516,-0.020887064,-0.08994028,-0.08510317,0.04153596,0.20467964,-0.064127386,0.24795137,0.41708198,0.40799922,0.34491688,0.18349971,0.6064745,0.68189317,0.6557169,0.57741874,1.0,0.499384,0.58931804,0.5244343,0.17614609,0.29501468,0.24589716,0.5004573,0.15391436,0.27005965,0.5385157,0.15654416,0.10568514,0.09581585,0.23077017,0.21253474,-0.098702155,-0.15328477,-0.20225894,-0.23056914,-0.140535,-0.17772622,-0.20257206,-0.18024607,-0.14483118,-0.0068128654,-0.21780238,-0.006826854,0.08382659,-0.04307648,-0.1256304,0.09542046,0.021119315,-0.04261933,-0.16461375,-0.25844383,-0.25735244,-0.28436676,-0.26422763,-0.26921716,-0.18640152,-0.29833195,-0.31141,-0.32028177,-0.26321402,-0.19050609,-0.24404056,-0.25674504,-0.09204989,-0.036832143,-0.1499443,-0.1698449,-0.046392214,0.11306631,0.1435635,0.048882656,0.2422091,0.29755703,0.07905364,-0.19108215,-0.07875655,-0.08523838,-0.034023613,-0.40713647,-0.39987528,-0.3833074,-0.37368226,-0.41204286
196,0.084916,0.2026857,0.18459049,0.055467546,0.050041694,0.14749283,0.062284105,0.078555875,0.012689065,0.061750703,-0.07253843,-0.11572737,-0.029998446,-0.072866626,-0.11955779,-0.05247404,-0.12188944,-0.123826265,0.07497469,0.042730723,0.26488563,0.37890342,0.32707217,0.3490285,0.42618197,0.32819113,0.19464268,0.124598265,0.015602135,-0.02761616,0.033709355,0.013373624,0.11536143,0.15594222,0.3173317,0.39860183,0.38696572,0.3174184,0.22809498,0.3962694,0.38213176,0.28281778,0.119937174,0.22509886,0.08486267,-0.044170897,-0.048407625,-0.028158452,-0.055446833,-0.08775711,0.23573406,-0.062055856,-0.076340936,0.15434429,0.017302237,-0.019242514,0.0032885813,0.088829495,0.14340916,-0.087815,0.11508572,0.07504456,0.067163676,0.15153061,0.24705547,0.23548208,0.26141885,0.18813291,0.17707264,0.14971928,0.13677104,0.18777522,0.1265687,0.15379672,0.2667136,0.29853523,0.19386837,0.42916653,0.19671515,0.32861114,0.25201932,0.17013873,0.07439948,0.13449107,0.11672329,0.33826578,0.24352281,0.094578594,0.2974364,0.28274447,0.3189129,0.2662914,0.4320017,0.40033117,0.43070605,0.40311885,0.22129235,0.27852955,0.25775787,0.31483263,0.094951324,0.32994476,0.32856283,0.279259,0.19392046,0.013106586,0.07170776,-0.07475703,-0.13701665,-0.024134599,0.16955107,0.2519726,0.22037439,0.29474923,0.18685466,0.3636647,0.45410764,0.55393225,0.56867737,0.5849603,0.27423763,0.1704803,0.7249331,0.6928641,0.40935433,0.3317561,0.7178282,0.68323493,0.6967364,0.45872802,0.70022345,0.37204581,0.51022804,0.33979157,0.22804238,-0.005756453,0.0502881,0.3472689,0.5092761,0.24388593,0.38367137,0.2158826,0.48804772,0.26870084,0.37748095,0.58018905,0.4693496,0.40725282,0.56204766,0.5131684,0.5161268,0.57802427,0.58744127,0.28957978,0.5589111,0.6165566,0.48277357,0.48398265,0.53693753,0.30943567,0.29181576,0.19733293,0.29386783,0.35762176,0.13939291,0.19586703,0.11677454,0.14120713,0.2092543,0.3347478,0.28674418,0.23871885,0.13933927,0.28058186,0.35562065,0.22917718,0.16635403,0.1459563,0.3206346,0.49617526,0.15581453,0.4115956,0.59872407,0.5238503,0.21674818,0.18825628,0.54642016,0.61093795,0.3158296,0.4392897,0.499384,1.0,0.67082286,0.6316477,0.41583577,0.4781853,0.43939647,0.5663836,0.2999933,0.28679916,0.29926503,0.18787229,0.09645866,-0.079980955,0.013631986,-0.005022988,-0.18816301,-0.25058892,-0.25213107,-0.23573203,-0.15829001,-0.17063354,-0.06659528,0.014561966,-0.011554276,0.027674105,-0.042011213,0.22996937,0.2552449,0.14218129,0.15217371,0.34300518,0.2869292,0.24300979,0.11198764,0.008338113,0.030775646,-0.17820339,-0.004970857,-0.02309738,0.043287892,-0.045068022,-0.060091034,-0.06302692,-0.15112598,0.00028643597,-0.05935798,-0.10058253,0.060467295,0.06806129,0.002415151,-0.18340749,-0.13226563,0.14973988,0.03706462,-0.07715264,0.023137081,0.21489607,0.095710084,-0.14934546,0.11713849,0.095282875,0.088260815,-0.40457857,-0.40022185,-0.38717815,-0.3799295,-0.41441983
197,0.031496808,0.1679044,0.14712258,0.011755883,-0.0025778757,0.12617001,0.04825257,0.065040454,0.00797685,0.06675675,-0.06644491,-0.119432785,-0.049221337,-0.046178978,-0.082980305,-0.03170469,-0.088355176,-0.061747618,0.054875515,0.06504441,0.26405895,0.38303864,0.37307456,0.33878827,0.4293212,0.28463706,0.1131899,0.027825603,-0.08013747,-0.14742272,-0.08447791,-0.10301138,0.00093020714,0.04969077,0.22544807,0.38523108,0.37874615,0.31861192,0.1909625,0.40144718,0.39256436,0.31242165,0.14414386,0.27945864,0.14904714,0.05181625,0.0075341198,0.07193935,0.031734392,-0.01019442,0.27823162,0.0032678884,-0.027642393,0.2675864,0.040139873,0.0073032314,0.009639536,0.099027775,0.17930713,-0.08663776,0.09826381,0.04470362,0.041053846,0.13165478,0.23302603,0.24257022,0.24800752,0.1721267,0.13614517,0.112647615,0.092998944,0.14945556,0.08388926,0.099507205,0.23993452,0.28204405,0.1703978,0.44493845,0.20585981,0.35164085,0.33794704,0.1838214,0.15371336,0.22502784,0.24733514,0.4278951,0.33909634,0.13298965,0.40243956,0.3493132,0.45645535,0.40196815,0.53748554,0.4907435,0.55498785,0.52134746,0.3156447,0.358902,0.30638596,0.35479036,-0.034981836,0.35267058,0.35922864,0.31155628,0.17751227,0.010947237,0.089430735,-0.091959015,-0.15623733,-0.027339231,0.21792027,0.31874898,0.26182902,0.37273958,0.28173968,0.4646462,0.5709451,0.6810511,0.68760043,0.6806914,0.32587838,0.22913454,0.7907466,0.7661278,0.48849607,0.39765885,0.78292805,0.7337549,0.7543503,0.5104519,0.7825878,0.40979514,0.5316964,0.33289692,0.21201941,-0.018531572,0.03870294,0.39222884,0.5748426,0.23885559,0.45016026,0.24860233,0.5627279,0.3164941,0.43297663,0.65132797,0.5333394,0.43695083,0.6320637,0.565909,0.5746698,0.6224381,0.6440115,0.3489367,0.5592487,0.6558486,0.55881673,0.45600846,0.54476386,0.31120306,0.26428205,0.14097632,0.29069853,0.49936104,0.1313136,0.22817133,0.17945065,0.09883506,0.2984323,0.48499277,0.46466574,0.41162834,0.26961532,0.51421577,0.57311636,0.38248068,0.33714113,0.30259928,0.54364514,0.7042304,0.25092486,0.6600415,0.85878044,0.6025545,0.25564188,0.28006586,0.76956856,0.72331387,0.3087558,0.49785158,0.58931804,0.67082286,1.0,0.9564945,0.6790869,0.835707,0.7735845,0.8982111,0.5658824,0.58503056,0.40986514,0.3333555,0.28816232,0.02922568,0.036072474,-0.0017469602,-0.1753182,-0.29693964,-0.22060183,-0.2577048,-0.2318548,-0.09905457,0.029432045,0.08212775,0.11424689,0.19523653,0.08338479,0.4762294,0.5001641,0.3929818,0.3558134,0.61213845,0.5443372,0.49099314,0.3278359,0.2050326,0.23681775,-0.10638676,0.088139884,0.096396625,0.1196266,0.007153584,0.07351504,-0.016754126,-0.13675886,0.037459087,-0.07568006,-0.15430757,0.11592467,0.14101095,-0.004974263,-0.29582414,-0.19406842,0.1612988,-0.0842119,-0.19519146,-0.06159088,0.17730768,0.08861535,-0.10740837,0.18348189,0.15214658,0.11111721,-0.5141351,-0.5160759,-0.5047471,-0.49712256,-0.5269442
198,-0.018317588,0.11674331,0.10229066,-0.03458315,-0.045614872,0.088079326,-0.00014222425,0.02779711,-0.032347675,0.026172237,-0.10221942,-0.15358989,-0.091980964,-0.08037194,-0.112427376,-0.051559184,-0.112339,-0.0876087,0.022645291,0.0358029,0.19994362,0.31508172,0.3176226,0.2858458,0.36507428,0.23207541,0.060557626,-0.019255087,-0.12894079,-0.19008054,-0.12898259,-0.14652915,-0.04909988,0.0030645207,0.1734547,0.33382425,0.32504103,0.27049595,0.13792388,0.33850646,0.32793698,0.24802311,0.103511594,0.22032696,0.113028586,0.027478542,-0.004884011,0.047940705,0.0031646464,-0.030529147,0.2537147,-0.020048272,-0.05218714,0.22613023,0.012268444,-0.027518589,-0.031567715,0.05525406,0.14504962,-0.11612096,0.0533668,0.01087319,-0.00029984026,0.08363139,0.18854879,0.20765579,0.20778044,0.13366835,0.09320755,0.075018145,0.051990103,0.102997504,0.041123323,0.04856652,0.1870004,0.23089626,0.12776124,0.3930063,0.15905327,0.30635643,0.285572,0.14827098,0.13153791,0.18810077,0.22225338,0.37433362,0.2992971,0.09561548,0.3620623,0.30364376,0.4317704,0.38212466,0.5050139,0.46558097,0.5073133,0.46381083,0.26239517,0.30068496,0.25511625,0.3000273,-0.102524124,0.31149727,0.32331735,0.2787807,0.13467747,0.0019456922,0.080910176,-0.12304441,-0.17026493,-0.051052123,0.19076891,0.27958405,0.23327233,0.32923716,0.24986646,0.41452348,0.52275926,0.6366287,0.64769804,0.62585247,0.2774048,0.19200782,0.72596234,0.70280534,0.4513085,0.3641213,0.7206545,0.6829699,0.6899905,0.47150788,0.7237589,0.37536374,0.4608514,0.26304388,0.14664562,-0.053101517,-0.013169091,0.3340841,0.5096625,0.22198959,0.40086937,0.21159635,0.5128701,0.27231365,0.39172757,0.6041948,0.49252206,0.4006453,0.5797567,0.50990534,0.5259942,0.55393827,0.5744161,0.31234464,0.49244428,0.5823818,0.50504035,0.3881894,0.4811728,0.25022438,0.20507127,0.09568181,0.2557957,0.47563368,0.08940399,0.18796664,0.17140755,0.07071188,0.2629539,0.47041646,0.44157514,0.3848154,0.24106516,0.49579293,0.5451297,0.3583699,0.30034015,0.2734501,0.50521857,0.6645536,0.20782235,0.59858745,0.80636513,0.51947504,0.16526705,0.1989372,0.697869,0.6467526,0.23185593,0.45823446,0.5244343,0.6316477,0.9564945,1.0,0.66264474,0.81067574,0.7465257,0.84696805,0.5253246,0.52702516,0.33781153,0.276341,0.22928014,-0.030802518,-0.035489265,-0.06496159,-0.23372556,-0.34607,-0.26697057,-0.30095503,-0.2760851,-0.144388,-0.01145811,0.04742739,0.06801123,0.15232435,0.057218898,0.4415045,0.4599621,0.36843333,0.33118463,0.5971716,0.52337235,0.47305885,0.30858383,0.19149601,0.23283255,-0.12457066,0.05702999,0.0679314,0.09167183,-0.02141782,0.064309426,-0.040699296,-0.16784124,-0.009536901,-0.120767206,-0.19928777,0.05330906,0.10595861,-0.065066665,-0.34801605,-0.24841638,0.07728331,-0.1609275,-0.26582384,-0.1364293,0.104658484,0.055169173,-0.10299825,0.18141979,0.14923991,0.110140555,-0.4268663,-0.43228582,-0.42067295,-0.41290644,-0.43998212
199,-0.24539573,-0.2133358,-0.16818747,-0.23317133,-0.27318656,-0.12660193,-0.1590865,-0.116353706,-0.20454931,-0.08843287,-0.1407458,-0.19465406,-0.24101292,-0.096666224,-0.045133695,-0.020092638,0.05317708,0.075061455,0.008554661,0.091467164,0.016377851,0.071610235,0.2687244,0.011803528,0.05056561,-0.13131128,-0.26821783,-0.29231054,-0.314124,-0.3813297,-0.3369753,-0.32793823,-0.3149421,-0.24859388,-0.2299104,-0.07548684,-0.078560255,-0.117793575,-0.15267693,-0.009628661,0.07953679,0.06410386,-5.1541265e-05,0.17234972,0.12936895,0.25401014,0.06306644,0.16543001,0.085961044,0.02827272,0.20009768,-0.04745174,-0.05759865,0.15454173,-0.20395902,-0.1728167,-0.090375625,-0.19456246,-0.069946624,-0.22783716,-0.2392241,-0.24017186,-0.29079536,-0.23980753,-0.19397491,-0.16254096,-0.17130178,-0.20644765,-0.22752441,-0.22919238,-0.24861586,-0.23631646,-0.2558143,-0.26126826,-0.18204786,-0.1643088,-0.14425555,0.07867016,-0.045955453,0.09586138,0.2278561,0.068597935,0.18971244,0.28506532,0.3434613,0.37372485,0.38209668,0.17472844,0.40174946,0.2983079,0.46848902,0.4635198,0.43738383,0.37240613,0.32646793,0.29040283,0.1448186,0.12143123,0.0153628215,0.036790024,-0.32538033,-0.107973956,-0.099346176,-0.13331525,-0.22638021,-0.33873978,-0.26486915,-0.247046,-0.32393345,-0.30042148,-0.044554453,0.4110055,0.34277174,0.082770966,0.14102238,0.19062686,0.3050506,0.43350694,0.54376805,0.39766765,0.1556176,0.09395955,0.50201714,0.4970774,0.27190164,0.29896998,0.50105876,0.37678012,0.43018773,0.2940789,0.43633768,0.2784535,0.24471751,0.092636704,-0.003866765,-0.06974039,0.0011178725,0.30974153,0.41109055,0.1697778,0.42127013,0.23859876,0.4556288,0.3438911,0.41037676,0.46418983,0.45387703,0.16032386,0.39848936,0.35287336,0.37843946,0.39535066,0.39889735,0.20614588,0.36829126,0.4640782,0.38087842,0.346586,0.5021249,0.33334497,0.39084497,0.24559674,0.36538973,0.5432875,0.31602734,0.51068884,0.4285204,0.28794634,0.6004963,0.64019626,0.7406669,0.71983737,0.62276417,0.7451244,0.7981014,0.5855597,0.63941365,0.5654705,0.7785747,0.8184358,0.5458126,0.75854796,0.7888237,0.5723444,0.2208853,0.4037402,0.5275799,0.38869065,-0.05125927,0.23244552,0.17614609,0.41583577,0.6790869,0.66264474,1.0,0.82248133,0.7975675,0.71986306,0.6631819,0.5788248,0.13299158,0.4205014,0.41491258,0.078865014,-0.0067214384,-0.051181808,0.051355362,-0.0712127,0.070664875,0.04978319,-0.020608597,0.18353474,0.3808262,0.41318518,0.44187766,0.30881125,0.47223118,0.7162659,0.63721734,0.61524963,0.6641257,0.7027077,0.7372379,0.7326046,0.6734771,0.60749197,0.6215425,0.24485368,0.50862527,0.518597,0.47584853,0.43970618,0.43779552,0.42502996,0.24996915,0.418631,0.33291215,0.22745284,0.45000294,0.3591643,0.34710065,-0.035341464,-0.04629459,0.3453658,-0.01778134,-0.078858204,-0.095192075,0.11145096,0.07559582,-0.008322237,0.2796137,0.25009474,0.17196703,-0.41708335,-0.41807956,-0.42619586,-0.4322083,-0.42739007
200,-0.15429503,-0.08275875,-0.053790487,-0.12884468,-0.15814674,-0.036949594,-0.060996298,-0.027391704,-0.091004565,-0.0015840394,-0.07041691,-0.122839086,-0.15114611,-0.028018232,0.005806415,0.013489686,0.06818587,0.10763619,0.04961158,0.11779578,0.13019282,0.19556142,0.33324435,0.11029701,0.16686969,-0.014410616,-0.16516061,-0.2231865,-0.24793579,-0.31763822,-0.27266237,-0.27010086,-0.23256633,-0.17796311,-0.091144145,0.06858108,0.09022949,0.038316473,-0.036558278,0.13840055,0.20177779,0.19143307,0.08823267,0.28538534,0.18762228,0.26915404,0.08963529,0.20104073,0.15352893,0.10118993,0.26053503,0.05475878,0.026999619,0.26473957,-0.07560068,-0.052367467,-0.018298661,-0.052447826,0.061128385,-0.14458078,-0.10112725,-0.11604905,-0.16235466,-0.10658351,-0.056690946,-0.02957714,-0.039915178,-0.081423186,-0.12175189,-0.1366575,-0.14165562,-0.113324374,-0.14286712,-0.1395856,-0.046520613,-0.025626259,-0.026449654,0.17787336,0.040649917,0.21664815,0.32140806,0.119275026,0.23132916,0.32665962,0.36313877,0.46656883,0.43863106,0.20976885,0.46347308,0.3696293,0.5143619,0.48797634,0.5079558,0.44581977,0.468362,0.4283522,0.2734981,0.2580924,0.14442973,0.16704734,-0.18725303,0.042606197,0.044779144,0.0143385595,-0.0841732,-0.21320724,-0.14794992,-0.16094522,-0.24143991,-0.18939883,0.046098605,0.3829598,0.29873434,0.22326772,0.22806855,0.33156446,0.44947505,0.52996373,0.5907506,0.4878218,0.25458407,0.1824947,0.5826459,0.56738144,0.34493896,0.3098912,0.58172315,0.4697852,0.5207006,0.38665974,0.5346043,0.30466905,0.33991134,0.18464278,0.08916738,-0.021284867,0.06160901,0.3681622,0.48663744,0.2241054,0.48056975,0.29275507,0.52333146,0.35457343,0.45826787,0.55383873,0.50654304,0.2755111,0.4964445,0.4125256,0.43905926,0.47020495,0.45912358,0.26328188,0.37742993,0.4988214,0.4370615,0.3281488,0.49007687,0.35385364,0.36067924,0.20056924,0.3567877,0.5629334,0.2404942,0.4247044,0.32719737,0.18559547,0.549123,0.62065333,0.70318276,0.6829493,0.57374537,0.7657392,0.79276884,0.5891853,0.61876976,0.54706556,0.7896412,0.8207367,0.50213575,0.8192764,0.86328214,0.58188456,0.26532584,0.44134805,0.6552974,0.49015433,0.053425983,0.2937675,0.29501468,0.4781853,0.835707,0.81067574,0.82248133,1.0,0.9552026,0.89071745,0.7568842,0.75593823,0.2759853,0.48688817,0.5238171,0.19626608,0.072531775,0.0106248185,0.08140309,-0.07212881,0.08288345,0.034192566,-0.0437707,0.21765369,0.38937634,0.38331985,0.46297833,0.42988944,0.44797787,0.7643872,0.72719854,0.6727778,0.66403407,0.75496703,0.7809399,0.7540544,0.6667663,0.5696567,0.5716739,0.22856626,0.44029745,0.46539822,0.42324233,0.35535207,0.40063593,0.33506575,0.1614185,0.33848664,0.23084095,0.12923543,0.40509936,0.32307842,0.27009562,-0.112228945,-0.05860058,0.31845418,-0.06395779,-0.1282278,-0.10028922,0.12578353,0.053214967,-0.025627779,0.27888188,0.24609092,0.16147327,-0.5316125,-0.526586,-0.5294171,-0.5300853,-0.5424
201,-0.1922418,-0.13141103,-0.09959278,-0.17149146,-0.19819763,-0.08296167,-0.10364068,-0.055510387,-0.13189724,-0.036652856,-0.09984737,-0.15193535,-0.18691684,-0.056395944,-0.016307656,-0.009233588,0.0662746,0.09899661,0.021228854,0.10507662,0.09228589,0.15182729,0.3085137,0.061408814,0.11760934,-0.068179905,-0.20861964,-0.26039115,-0.25806534,-0.33642954,-0.2922393,-0.28840533,-0.25426453,-0.20063505,-0.12021383,0.016371826,0.041728202,-0.0072745606,-0.070979945,0.08894885,0.15618545,0.14994913,0.05949817,0.25689384,0.1610804,0.2638181,0.06830517,0.20153023,0.13086128,0.08587348,0.2522025,0.03513756,0.0022148793,0.22903627,-0.11450009,-0.08899672,-0.043576695,-0.09597803,0.024362648,-0.1748742,-0.14882918,-0.15101485,-0.20671928,-0.15534215,-0.11022626,-0.075125106,-0.091814786,-0.13452734,-0.1689668,-0.18441318,-0.18736762,-0.16278094,-0.18880786,-0.18122767,-0.09709841,-0.08054763,-0.07853832,0.1264447,0.0058471095,0.17802142,0.28436536,0.10225354,0.21435255,0.31567964,0.36274198,0.44321465,0.42519146,0.19752727,0.45068082,0.35214835,0.51211387,0.48914403,0.4956382,0.4278018,0.4427457,0.38397557,0.2325123,0.21486603,0.09388704,0.119456,-0.1992301,-0.01947179,-0.018680481,-0.051813655,-0.1367479,-0.2629752,-0.20018236,-0.18685487,-0.27056766,-0.23389752,-0.0041340706,0.37902623,0.293723,0.19558363,0.20715591,0.29286626,0.4127262,0.4923655,0.5668081,0.441866,0.22730784,0.16485007,0.537846,0.52383924,0.31705958,0.29814354,0.54144937,0.41524354,0.47184417,0.36307755,0.48856223,0.28585517,0.2937717,0.14422238,0.050030492,-0.037920058,0.04143033,0.3423915,0.45362067,0.21047653,0.4656158,0.27990904,0.49707097,0.34939367,0.45031255,0.5262595,0.49188077,0.26067472,0.46648732,0.38421366,0.40970117,0.43526825,0.42392287,0.24513495,0.35394502,0.46901065,0.40530306,0.31592765,0.47978187,0.35701644,0.38257742,0.21260002,0.366437,0.545787,0.26610658,0.45761463,0.34552377,0.20993078,0.5767798,0.6308943,0.71754897,0.6999465,0.60011667,0.76699865,0.7934513,0.59999347,0.62946135,0.5585563,0.7893113,0.8094201,0.51274014,0.79834056,0.8253996,0.5597502,0.24192871,0.43102604,0.6022554,0.436096,0.008272337,0.25372168,0.24589716,0.43939647,0.7735845,0.7465257,0.7975675,0.9552026,1.0,0.82876,0.7457469,0.7173977,0.22752088,0.47185826,0.5050896,0.17770948,0.05377011,-0.008007355,0.094753906,-0.050774075,0.10032833,0.06527985,-0.012932422,0.22558863,0.4018338,0.3918347,0.47125623,0.42644817,0.46495277,0.7609086,0.69623816,0.67714506,0.6658377,0.7598086,0.790468,0.75678825,0.6726104,0.57118756,0.56805956,0.23938474,0.4763101,0.49784034,0.45011795,0.39747387,0.43168122,0.37946206,0.19565189,0.37277085,0.27441984,0.17720148,0.42593348,0.34630454,0.30193067,-0.08350192,-0.04339588,0.32617897,-0.057535693,-0.12056507,-0.11264539,0.11767867,0.04592031,-0.02356676,0.28948122,0.25603524,0.17962676,-0.49898925,-0.48935947,-0.49387327,-0.49614757,-0.50941783
202,0.05290422,0.1565778,0.1305919,0.059989274,0.04395105,0.1340072,0.12054086,0.106091626,0.08974755,0.14087962,0.051615316,0.0076486673,0.013712801,0.0898085,0.079872176,0.082050286,0.07788492,0.1301746,0.13454144,0.15547079,0.3082334,0.38294733,0.4064096,0.29962322,0.37623638,0.22107129,0.08280554,0.014477008,-0.03928178,-0.086451404,-0.04217986,-0.04979284,0.01656829,0.054424364,0.15129313,0.29412624,0.3049085,0.24079101,0.17182016,0.35828146,0.39275342,0.37218773,0.21532792,0.40121472,0.25549018,0.24476317,0.123844884,0.23783623,0.219759,0.16503896,0.2816161,0.15509593,0.12955894,0.3830561,0.10607256,0.11258878,0.1147029,0.15560761,0.21284766,-0.0011792801,0.1264583,0.08609347,0.061327536,0.13433094,0.1874889,0.19807503,0.18698384,0.14762546,0.11719522,0.0882794,0.08572883,0.12865226,0.08570662,0.100531876,0.19678071,0.22227632,0.17601855,0.37154824,0.1992834,0.34913078,0.4360218,0.21584015,0.2777062,0.34218213,0.34536785,0.5316413,0.4487315,0.23567203,0.4817872,0.4240044,0.5012058,0.45495248,0.53734595,0.48546177,0.5895292,0.5747456,0.42695427,0.43351224,0.3440559,0.36765754,0.040052447,0.27504864,0.26936918,0.24237272,0.15728849,-0.023044381,0.030652268,0.017762827,-0.078547984,0.010146208,0.19997524,0.3892127,0.268584,0.3826898,0.3259152,0.49153253,0.5792018,0.6267651,0.6321387,0.6099356,0.377387,0.2794958,0.692557,0.6720831,0.4285064,0.34632587,0.67751855,0.6081766,0.6532266,0.44915563,0.64526474,0.33597496,0.49658996,0.3514403,0.26319653,0.07239729,0.16226588,0.43388098,0.5662719,0.24041428,0.4939194,0.3194833,0.5615016,0.37967554,0.45552698,0.60312164,0.518243,0.35506532,0.57926035,0.5282915,0.5378254,0.5926329,0.60135496,0.33240563,0.49600375,0.618283,0.54290634,0.4286673,0.52503645,0.3836863,0.32336062,0.19685698,0.29976398,0.49046612,0.18194705,0.30392924,0.20343561,0.13386361,0.3970807,0.44861317,0.52677584,0.50718063,0.39817774,0.5936764,0.64707375,0.4680206,0.52361655,0.46382916,0.6808756,0.73623145,0.42295182,0.83248407,0.88602686,0.6862883,0.49858162,0.56173104,0.8588806,0.68655556,0.36502635,0.441004,0.5004573,0.5663836,0.8982111,0.84696805,0.71986306,0.89071745,0.82876,1.0,0.7331817,0.8371861,0.57364875,0.57214344,0.5862156,0.362657,0.31094587,0.23858137,0.181623,0.024073116,0.12739609,0.03688326,0.004261464,0.23375432,0.31952542,0.28957593,0.40980524,0.42022,0.3164845,0.65375286,0.6591494,0.5713212,0.51105124,0.6444854,0.66048765,0.6087637,0.50357044,0.39234906,0.37823296,0.13246891,0.28331894,0.30764097,0.27660418,0.21681035,0.23152266,0.18455741,0.105768114,0.27809808,0.1628601,0.07207795,0.391466,0.30636942,0.25302386,-0.060711868,0.046435382,0.41422883,0.109918535,0.040186502,0.14467224,0.2926763,0.12978439,-0.042308193,0.16241674,0.14188802,0.085935675,-0.6694092,-0.66001034,-0.6611569,-0.65955925,-0.6781057
203,-0.10992337,-0.096140146,-0.075313136,-0.07830837,-0.09891479,-0.04305636,-0.016093971,-0.0009919343,-0.042518787,0.019654246,0.012670565,-0.02557844,-0.08962329,0.050873,0.105402626,0.080639124,0.17165898,0.21523142,0.066756524,0.17526874,0.12489536,0.14658172,0.2992013,0.047307547,0.07382371,-0.06643016,-0.15582657,-0.18377216,-0.15139356,-0.19808203,-0.17500298,-0.16544533,-0.16830425,-0.13358901,-0.12781854,-0.040426712,-0.0046975594,-0.05205422,-0.06007217,0.06216259,0.14859632,0.18199575,0.11489698,0.30761328,0.22526708,0.3444891,0.14959098,0.27523586,0.22535384,0.16673431,0.19000775,0.114183836,0.09557249,0.26601255,-0.053791378,0.0038329416,0.04079789,-0.031174755,0.038414415,-0.067405924,-0.08470906,-0.07643791,-0.1412791,-0.10846239,-0.106341325,-0.07908958,-0.106624715,-0.107721895,-0.12436976,-0.13995433,-0.12513262,-0.12453963,-0.13300909,-0.12385227,-0.08773234,-0.08805736,-0.046535652,0.0705671,0.018247515,0.14706014,0.3126314,0.12120864,0.26525584,0.34174636,0.36455908,0.45634207,0.4460602,0.24652267,0.44184014,0.36413807,0.4477957,0.43421322,0.40572175,0.34946027,0.38195089,0.3587038,0.27227375,0.23413771,0.11142637,0.119558856,-0.0752063,-0.05886318,-0.06860774,-0.07923662,-0.111084536,-0.22986878,-0.20008332,-0.06864304,-0.16218586,-0.1553061,1.0794339e-05,0.36760098,0.24737135,0.15364563,0.20151292,0.2658406,0.3429688,0.37699863,0.43639776,0.33272916,0.23486778,0.17780207,0.3942693,0.38514826,0.22313318,0.22010827,0.38804054,0.26695308,0.33847794,0.2684979,0.32023135,0.18421318,0.24776192,0.16359079,0.10449814,0.042580444,0.14581728,0.34021783,0.3963052,0.18794723,0.44060773,0.28775734,0.43835732,0.36066693,0.4109295,0.4157473,0.41320208,0.14767759,0.36576432,0.30965862,0.3221933,0.36241147,0.35297412,0.19950527,0.28056172,0.39463213,0.3504804,0.27703455,0.42055586,0.37879568,0.40713984,0.26694086,0.33643794,0.46523675,0.28817445,0.46351045,0.30944526,0.21249038,0.570446,0.50331324,0.6549558,0.6685531,0.61441904,0.69487965,0.7216435,0.5864441,0.67764556,0.5949915,0.77005833,0.7086662,0.57279205,0.79822165,0.7068919,0.56088084,0.40856624,0.5929314,0.5621496,0.36403233,0.06951927,0.184071,0.15391436,0.2999933,0.5658824,0.5253246,0.6631819,0.7568842,0.7457469,0.7331817,1.0,0.76833814,0.31083834,0.58947736,0.63683164,0.4011213,0.26607743,0.1873863,0.35870394,0.20929736,0.34712106,0.27812675,0.1617006,0.44490293,0.5624697,0.5067441,0.62169534,0.5223685,0.5640518,0.76067454,0.68817914,0.6684036,0.67210394,0.63000506,0.72336286,0.712001,0.6869011,0.6188833,0.58045816,0.38165686,0.5558577,0.58452314,0.5120027,0.500157,0.4880993,0.4764388,0.35835832,0.5047902,0.42590597,0.3378849,0.58278894,0.44123358,0.47081277,0.13809921,0.17635997,0.49261013,0.14177467,0.11805075,0.09931121,0.21418971,0.11227585,0.058841944,0.25455308,0.23749733,0.16010368,-0.5607158,-0.54555076,-0.5557923,-0.5620821,-0.5654495
204,0.05383945,0.09910241,0.07631477,0.10212614,0.08722251,0.10486948,0.17745616,0.13905959,0.16523024,0.19495076,0.18721983,0.16093755,0.091312855,0.23478103,0.2713297,0.20712292,0.27491203,0.35004717,0.18606894,0.23708297,0.29055592,0.29308036,0.3567696,0.17404759,0.21605392,0.07401615,0.010325764,-0.023973564,0.004053565,-0.014210632,-0.000689323,0.0019642361,0.010890768,0.0278079,0.014417146,0.10847486,0.14389707,0.09535517,0.10440559,0.22046915,0.2979512,0.35997862,0.25185385,0.46189776,0.3358823,0.43672407,0.24430464,0.38239002,0.40442294,0.34595808,0.21808706,0.30653837,0.2914937,0.44192237,0.16813435,0.21743073,0.21105348,0.19095503,0.21702902,0.114044644,0.13007127,0.117841356,0.068243995,0.09735031,0.077175155,0.09542383,0.06036406,0.06564251,0.040624104,0.010704951,0.038928807,0.06050998,0.05453756,0.06298696,0.087809876,0.090016834,0.13338736,0.1875876,0.14824617,0.26318598,0.46048495,0.19548121,0.36029068,0.4144332,0.4095358,0.5347204,0.48242536,0.3086775,0.46254137,0.40770286,0.44189435,0.41742894,0.4128819,0.36551222,0.49878868,0.5102084,0.46727073,0.42950323,0.30452842,0.28922978,0.12361486,0.11053852,0.0900974,0.09834334,0.08956829,-0.061140645,-0.04589735,0.131689,0.021772504,0.047125686,0.13572259,0.36226967,0.19472967,0.30863848,0.31155726,0.41090137,0.45738405,0.40706673,0.39884907,0.3655059,0.33714947,0.25889534,0.3962021,0.38856453,0.2507895,0.21017054,0.3812088,0.30094486,0.3674625,0.27656278,0.32388726,0.16731426,0.3300895,0.28417298,0.25628853,0.16934475,0.27529806,0.3829122,0.4236777,0.18777275,0.43799993,0.33015737,0.42016363,0.35732323,0.36978212,0.39625746,0.36824846,0.17342153,0.36269045,0.31208673,0.3277036,0.38429695,0.35352454,0.19377762,0.2401771,0.3775364,0.357187,0.235129,0.33859298,0.35741603,0.29427215,0.18968081,0.22887109,0.36935598,0.17921719,0.31112203,0.16880059,0.11993823,0.42700532,0.31606257,0.48794845,0.51761764,0.4799953,0.5747413,0.59125054,0.47136408,0.6191528,0.54188263,0.6888337,0.58665735,0.51412493,0.82563436,0.68839663,0.55783063,0.6116659,0.7359263,0.71802956,0.45043647,0.302467,0.2661925,0.27005965,0.28679916,0.58503056,0.52702516,0.5788248,0.75593823,0.7173977,0.8371861,0.76833814,1.0,0.59251297,0.7144511,0.83800405,0.6939199,0.55024475,0.45286858,0.5725274,0.40405995,0.52953917,0.40319192,0.29272792,0.6000309,0.619437,0.49307102,0.6888777,0.6441216,0.5500686,0.7431006,0.7355811,0.6912289,0.60067415,0.55526704,0.67250806,0.63452333,0.6262186,0.55145913,0.48075753,0.41123125,0.466408,0.5061825,0.42189828,0.42579508,0.39107564,0.39114612,0.37723565,0.48457512,0.39269924,0.30987203,0.6093687,0.42022282,0.47066984,0.20323183,0.31051674,0.565138,0.24766858,0.2538671,0.29562226,0.3017825,0.10426324,0.03208149,0.11119842,0.10388536,0.048449215,-0.69566023,-0.67196417,-0.6859436,-0.69143414,-0.69812477
205,0.46233624,0.54724056,0.42680588,0.45639482,0.45195004,0.42034262,0.4786619,0.35137105,0.46817255,0.40892443,0.37083042,0.37761772,0.4069429,0.38878927,0.31310615,0.2633181,0.17869036,0.23837964,0.267411,0.19573677,0.5183943,0.5375183,0.31216162,0.47306412,0.54246616,0.5034496,0.4897074,0.44487837,0.39161944,0.41974583,0.42101428,0.40217936,0.47272202,0.4466143,0.45929334,0.5169571,0.52560484,0.4801639,0.48211366,0.5640493,0.54208547,0.55491257,0.3837133,0.46857166,0.29470596,0.18380181,0.16486745,0.254048,0.33962473,0.29926157,0.15317185,0.3668369,0.37024903,0.4488088,0.46670565,0.46546918,0.39595115,0.530786,0.42177233,0.35970774,0.5327054,0.47179687,0.49933702,0.54502493,0.5429566,0.52231383,0.50138956,0.5050231,0.5109773,0.47298715,0.48990265,0.532733,0.5068664,0.5145538,0.5432161,0.55128807,0.48924866,0.4718385,0.38678342,0.38648534,0.4539528,0.26898387,0.2466774,0.24507867,0.15977608,0.36727405,0.24457936,0.19503264,0.24756205,0.2936188,0.16221838,0.11221198,0.22294134,0.22273596,0.46761492,0.5322614,0.53611493,0.5641352,0.5565315,0.54453367,0.46205533,0.53460985,0.5113938,0.5147587,0.54206026,0.353759,0.35292938,0.41436845,0.346662,0.4238041,0.3753899,0.17961639,0.04552415,0.46887738,0.34321183,0.5050516,0.46221593,0.36985293,0.25066984,0.41250473,0.3956861,0.3138418,0.41024533,0.39618218,0.29825976,0.15400262,0.36911035,0.43925595,0.44365293,0.23703623,0.37389532,0.17981306,0.47647005,0.4869635,0.48958182,0.26607597,0.3437067,0.32060298,0.36221626,0.115232736,0.24355945,0.21475223,0.26792115,0.21337572,0.1551445,0.27261618,0.18719505,0.23875079,0.32033846,0.37414348,0.33718884,0.42461705,0.46115306,0.24876115,0.3709664,0.43347475,0.3707892,0.33465692,0.24639688,0.23307046,0.0690201,0.0781958,0.0058153598,0.061072845,-0.027472394,-0.08879394,-0.13754243,-0.037093487,-0.10040104,-0.16829708,-0.11001861,-0.09577204,-0.11184943,-0.046933748,-0.0055646924,-0.01056303,0.09755972,0.07910032,0.11164417,0.119662486,0.084785216,0.40748972,0.37466767,0.49319685,0.7725331,0.5801689,0.75742275,0.5896158,0.76679206,0.42451125,0.5385157,0.29926503,0.40986514,0.33781153,0.13299158,0.2759853,0.22752088,0.57364875,0.31083834,0.59251297,1.0,0.47595808,0.48564824,0.63109326,0.7488641,0.6889765,0.4431039,0.35790363,0.32439685,0.18901747,0.21391723,0.28758645,0.13545853,0.033253815,0.2016367,0.2775103,0.009678865,0.13132533,0.22027484,0.12643468,-0.022056522,0.06661478,0.067311846,-0.006667863,-0.032364085,-0.0874152,-0.13826422,-0.008721019,-0.08513706,-0.068215534,-0.093226954,-0.066991836,-0.13851866,-0.10559407,0.06603773,0.10632345,0.052075725,0.02616531,0.24984835,0.15431704,0.19058971,0.21294501,0.3358219,0.46550918,0.48425567,0.47442895,0.643137,0.49281216,0.23713595,0.0008003004,-0.16320468,-0.14295736,-0.12555239,-0.6155296,-0.60070944,-0.6023414,-0.59832275,-0.61372614
206,0.0695544,0.075684644,0.06338976,0.11155732,0.08438256,0.09627532,0.16406521,0.12843779,0.14051917,0.16843417,0.17842032,0.15497413,0.09247235,0.20748274,0.24544626,0.18090421,0.25404048,0.30994055,0.18224671,0.21354046,0.24308752,0.23018402,0.30644524,0.13494512,0.16244484,0.054437198,0.02430829,0.008915694,0.05677696,0.05173673,0.060587157,0.07265981,0.0565234,0.061883472,0.009881087,0.058388107,0.08911844,0.05143007,0.08610664,0.15493737,0.22865736,0.28748858,0.21221226,0.3888414,0.2515237,0.37179637,0.20617054,0.3079498,0.3241597,0.27066103,0.15715292,0.23418094,0.23536667,0.3313222,0.10575376,0.1745401,0.19855526,0.14434244,0.1499064,0.10334359,0.10133047,0.09274761,0.05903183,0.07505059,0.03906829,0.038801406,0.015513758,0.043206543,0.036986828,0.020387461,0.040902086,0.04803964,0.042512886,0.073121406,0.060854774,0.05124548,0.10413671,0.114554524,0.101121716,0.17386268,0.36230946,0.15012349,0.2884036,0.3377157,0.32219282,0.42592308,0.3876713,0.28139246,0.357724,0.32835746,0.3123155,0.28912,0.29134557,0.25885746,0.33921528,0.37331977,0.35862893,0.3192367,0.22727309,0.2091073,0.1350035,0.040487725,0.01754095,0.019717962,0.05087369,-0.08654581,-0.08914199,0.13968422,0.03975696,0.033309825,0.08629519,0.3244725,0.17983541,0.20021039,0.22492853,0.2879119,0.31584805,0.27622524,0.2846571,0.26580617,0.2671947,0.20608038,0.275558,0.27244836,0.16958976,0.15300617,0.25268674,0.18477198,0.24807721,0.19438595,0.1938789,0.10116268,0.2569605,0.25354168,0.23434387,0.17027137,0.27666214,0.33264714,0.3410323,0.14752583,0.3667602,0.28321254,0.32749107,0.32130536,0.29438436,0.28616548,0.28929776,0.08949495,0.260816,0.25618023,0.24955541,0.32214013,0.3094226,0.17084925,0.23629463,0.3485061,0.3018475,0.26631463,0.3444208,0.37562805,0.3670689,0.27663198,0.25360945,0.30389175,0.2366389,0.35274768,0.18151791,0.16636811,0.43324098,0.2690248,0.4297535,0.46924785,0.46725553,0.46134424,0.49083376,0.43885893,0.57416254,0.50574416,0.5872335,0.485269,0.51606065,0.68140304,0.5145421,0.5353098,0.6013941,0.6955475,0.5386742,0.34238198,0.26624444,0.15875165,0.15654416,0.18787229,0.3333555,0.276341,0.4205014,0.48688817,0.47185826,0.57214344,0.58947736,0.7144511,0.47595808,1.0,0.7023977,0.60202307,0.5316718,0.44695944,0.5824622,0.45082435,0.5462325,0.44852963,0.3357871,0.58512664,0.5963428,0.48631915,0.6434722,0.50704324,0.5112316,0.60618734,0.57391155,0.5186282,0.5082305,0.39298084,0.50494045,0.48749533,0.5185486,0.4810769,0.41386825,0.41787955,0.47389698,0.50846934,0.41742536,0.46715188,0.37829703,0.44354466,0.42320478,0.5284394,0.4817119,0.41391027,0.62357235,0.42595273,0.5482269,0.3424694,0.3668501,0.6167081,0.3843613,0.38752574,0.36888337,0.35669133,0.1619042,0.058425866,0.12346094,0.12657408,0.07509884,-0.61162007,-0.5914528,-0.6068974,-0.61392367,-0.61068434
207,0.02552857,0.01846759,0.010894477,0.08770375,0.06494366,0.057005916,0.1629758,0.122941114,0.15625736,0.18743432,0.21133575,0.1953526,0.091541626,0.25869712,0.32851133,0.23450693,0.34428766,0.41491964,0.21037157,0.25981537,0.2268651,0.18989795,0.2804771,0.073903866,0.08157379,-0.016192053,-0.021832589,-0.03181305,0.043995135,0.059792798,0.06916909,0.07936383,0.040245306,0.044849068,-0.044230428,-0.012688555,0.018443843,-0.008849935,0.02661593,0.08864887,0.18904328,0.28745183,0.2121291,0.43293625,0.33045965,0.4918362,0.27102965,0.3953755,0.43166354,0.37076503,0.1429222,0.31037283,0.30953476,0.38987085,0.1417041,0.20306656,0.21410714,0.14074013,0.16365294,0.1278031,0.07535554,0.0784918,0.023739792,0.025464695,-0.035404246,-0.024298394,-0.061126232,-0.012002239,-0.037382584,-0.055020433,-0.029780846,-0.020186713,-0.0027554538,0.013216886,-0.015230554,-0.030321613,0.0513978,0.027082244,0.061682373,0.17448203,0.4080435,0.1717137,0.3553414,0.39980012,0.4098523,0.48354962,0.45482415,0.33719957,0.41018233,0.37261432,0.36045137,0.35612285,0.30947626,0.26355493,0.3600648,0.3867972,0.3980896,0.33719197,0.20349878,0.181895,0.1583662,-0.04245552,-0.07140277,-0.042395793,-0.0046518967,-0.1165493,-0.12360003,0.14616007,0.041911557,0.023835735,0.04314527,0.3036715,0.15288192,0.18620947,0.2351016,0.2823342,0.31133342,0.19892922,0.20162296,0.16531561,0.26281747,0.21235952,0.17682895,0.17433529,0.098554805,0.08707524,0.16176555,0.07771858,0.15171516,0.14525492,0.09388542,0.042109117,0.19537085,0.21033947,0.21602629,0.1869063,0.30727613,0.30918318,0.2905056,0.14055327,0.35900646,0.30220962,0.30528772,0.31540897,0.3144276,0.25238454,0.2679225,0.050195947,0.23094639,0.18524598,0.21216606,0.24229877,0.1921181,0.10243429,0.095841244,0.23345006,0.23470196,0.13752626,0.24979506,0.35330155,0.3108095,0.22830123,0.21722381,0.26992014,0.16380055,0.3145116,0.12628444,0.12950915,0.4379187,0.24091512,0.43694702,0.49164197,0.5072635,0.48672062,0.5027774,0.44697204,0.5940385,0.5101035,0.6193431,0.45525151,0.5464245,0.71965766,0.4819664,0.46533996,0.6187909,0.7555722,0.5205817,0.27107388,0.23602594,0.12091574,0.10568514,0.09645866,0.28816232,0.22928014,0.41491258,0.5238171,0.5050896,0.5862156,0.63683164,0.83800405,0.48564824,0.7023977,1.0,0.7970385,0.6051367,0.5026322,0.7239232,0.56722546,0.69502574,0.57522964,0.43986654,0.74003273,0.73732996,0.5855278,0.77541816,0.6586568,0.63824,0.6933506,0.66926825,0.63776207,0.58425754,0.42020455,0.570756,0.5575905,0.61543113,0.5756239,0.47072637,0.539639,0.5374053,0.5797575,0.49346715,0.51212305,0.40999946,0.48572505,0.49620256,0.5688436,0.5163243,0.44834056,0.6900204,0.45964602,0.5768716,0.37636754,0.42379436,0.6304208,0.34981582,0.3917207,0.37066057,0.31033602,0.041988116,0.0047901794,0.053567924,0.05497606,0.027656456,-0.6203,-0.5889646,-0.6081,-0.617048,-0.6188727
208,0.25892425,0.25119844,0.1717702,0.31339484,0.31779128,0.22276638,0.35561076,0.2610321,0.38059247,0.32519937,0.38597253,0.41278315,0.323954,0.4253536,0.44593525,0.32895043,0.38203377,0.45699817,0.26530272,0.27484626,0.32886732,0.25690338,0.2092598,0.15594658,0.1720203,0.12357155,0.18452239,0.19416125,0.26795527,0.31026238,0.28374484,0.28639698,0.24587609,0.19813167,0.087565765,0.08243374,0.1145751,0.10795949,0.21014647,0.19378369,0.2481459,0.37377623,0.31765383,0.44164,0.32690886,0.42939845,0.2747488,0.41700304,0.4862405,0.443086,0.055722747,0.43517652,0.44619435,0.41637003,0.3538827,0.41582292,0.36924133,0.37026632,0.2730558,0.34831992,0.32584116,0.3139719,0.29872763,0.27998763,0.18863893,0.17631622,0.13738355,0.21606784,0.20944111,0.18307787,0.22834933,0.22687219,0.2530669,0.2600564,0.19471855,0.17322798,0.23115636,0.09316071,0.19500962,0.17213583,0.38859344,0.188196,0.32796696,0.3178718,0.25977948,0.3431723,0.30137992,0.28168315,0.2386189,0.25067043,0.13133083,0.12821831,0.07230501,0.060881086,0.260436,0.3364419,0.45627293,0.40168247,0.34181973,0.29694664,0.38761577,0.13095243,0.094612435,0.14218478,0.2439826,0.13380218,0.09102658,0.3981725,0.3146439,0.2906372,0.16866094,0.17968588,0.0147253685,0.23937365,0.24314044,0.2715205,0.20732227,0.06072533,-0.0152336415,0.056843158,0.27546522,0.24165499,-0.0053379866,0.0022750502,0.02899795,-0.01697843,-0.03293026,-0.03154457,0.01931276,-0.019010687,-0.070507415,-0.05052929,0.16086172,0.26683956,0.32385945,0.2955519,0.3822827,0.22423597,0.15608011,0.053377215,0.18131562,0.20492752,0.09721704,0.19558735,0.083723545,0.0062511005,0.020262213,-0.036712978,0.018255664,0.036556106,0.033173516,0.104496464,0.075001754,0.055381414,-0.028818196,0.06142689,0.10030894,0.008025929,0.00026456377,0.19964854,0.082922556,0.093792476,-0.038869668,0.011710335,0.03922603,0.04420426,-0.06362577,-0.028903987,0.103886895,-0.1503902,0.037921753,0.10802876,0.16920693,0.10565461,0.099394254,0.1317276,0.34691185,0.29573298,0.26409012,0.056373097,0.3015931,0.4464366,0.16608582,0.27587762,0.7029449,0.71955854,0.4300855,0.170149,0.40472046,0.064275935,0.09581585,-0.079980955,0.02922568,-0.030802518,0.078865014,0.19626608,0.17770948,0.362657,0.4011213,0.6939199,0.63109326,0.60202307,0.7970385,1.0,0.84276295,0.7522517,0.8697891,0.7615172,0.7972607,0.63233453,0.49776217,0.73511046,0.57258844,0.3760729,0.6069846,0.57463586,0.40918466,0.3619636,0.3742611,0.35949388,0.25011396,0.058038477,0.2131603,0.19115052,0.28562698,0.28605118,0.18215907,0.42600107,0.2883137,0.3325936,0.20408513,0.32079035,0.23138347,0.2935625,0.4493221,0.42573133,0.39814362,0.3705291,0.55426735,0.33150795,0.4894674,0.46858153,0.5767799,0.5867168,0.4891737,0.57120997,0.59444743,0.36541837,0.1524848,0.14497781,-0.091877945,-0.06743822,-0.07324326,-0.5507149,-0.5198522,-0.5388174,-0.54689544,-0.54249614
209,0.42861658,0.43784156,0.3429345,0.46366647,0.46065408,0.3608236,0.48556182,0.3556576,0.48936185,0.41142574,0.45597228,0.4822502,0.44052258,0.4742931,0.44462392,0.34210137,0.3309377,0.40384883,0.28993502,0.2707575,0.4518625,0.399593,0.25881964,0.30206734,0.34373203,0.31051406,0.37508082,0.37903863,0.42089117,0.44682416,0.41955838,0.41016752,0.41709295,0.36412942,0.2801226,0.26095584,0.29180607,0.27009657,0.38223067,0.36500546,0.397201,0.4800805,0.3850085,0.46863025,0.32747117,0.33691016,0.23797274,0.3433072,0.4434196,0.39565045,0.06892856,0.424207,0.4506921,0.42255515,0.43385723,0.48748165,0.43468946,0.48771545,0.33983243,0.42320636,0.47201836,0.43344018,0.45434672,0.45434076,0.3759035,0.34229305,0.31358728,0.37619135,0.3992765,0.37126115,0.41010147,0.4208544,0.432007,0.4418263,0.38916758,0.36745077,0.3782155,0.24855782,0.29429078,0.23113178,0.40698233,0.2414947,0.2891958,0.28343657,0.1798465,0.30894053,0.22815074,0.23652221,0.17737225,0.22665946,0.059355166,0.03445693,0.050156485,0.06145005,0.29075137,0.38218597,0.4874054,0.46862134,0.44411558,0.39615518,0.5017617,0.30341768,0.2646003,0.29389498,0.41473812,0.2546733,0.21357262,0.4790413,0.39598536,0.40087768,0.24969025,0.14712968,-0.005901832,0.3270899,0.27387926,0.3317107,0.25325787,0.116047256,0.015180624,0.14824,0.3099063,0.26344696,0.09540838,0.1031843,0.09808359,0.016558707,0.062189907,0.103122406,0.13793026,0.04127437,0.03607635,0.011284041,0.28919068,0.40231413,0.4526448,0.34120676,0.43504706,0.27436364,0.21300556,0.061128248,0.1831398,0.21052107,0.11039702,0.17423853,0.055634726,0.03988029,0.022853702,0.03283964,0.0723222,0.13019142,0.09875015,0.19738792,0.21202803,0.10667774,0.13911955,0.19465686,0.17635535,0.17249712,0.08666985,0.23117653,0.09964151,0.12246609,-0.0435212,-0.05031993,0.08181265,0.015413811,-0.08448892,0.015471825,-0.007855713,-0.23834343,-0.102795705,-0.044739667,0.012642567,-0.060433894,-0.042265438,0.015372658,0.21230768,0.18249224,0.11609294,-0.014131617,0.20210585,0.3470343,0.14092974,0.3580949,0.80828506,0.71570337,0.485721,0.29130098,0.59423,0.15591754,0.23077017,0.013631986,0.036072474,-0.035489265,-0.0067214384,0.072531775,0.05377011,0.31094587,0.26607743,0.55024475,0.7488641,0.5316718,0.6051367,0.84276295,1.0,0.9544785,0.77969575,0.71591705,0.6659058,0.5296748,0.50535595,0.5737698,0.38720852,0.23320273,0.42605233,0.40300223,0.20600587,0.17427012,0.22092035,0.16921145,0.05956541,-0.07015176,0.043525472,0.002683504,0.07196398,0.06684728,-0.020830723,0.21898012,0.13980801,0.15725501,0.06026546,0.20062023,0.083828956,0.16703619,0.3582175,0.35329196,0.33886153,0.32153556,0.47941914,0.27526972,0.4487379,0.5069652,0.6278353,0.6116592,0.63296235,0.69579095,0.75904995,0.4777161,0.30052534,0.16404822,-0.11048233,-0.078227066,-0.07412227,-0.5890483,-0.56713176,-0.5787093,-0.5827671,-0.5804994
210,0.4254347,0.43005025,0.34169126,0.45238116,0.4522803,0.34552982,0.46771953,0.33918738,0.47494233,0.39436412,0.43448102,0.4624334,0.42885697,0.45070034,0.41103056,0.3188017,0.2942117,0.36072773,0.2615157,0.24093458,0.42250642,0.37238795,0.21887705,0.288857,0.32572895,0.3063003,0.37181556,0.3786933,0.41127753,0.43729898,0.41139492,0.40362364,0.40968552,0.35856596,0.2771964,0.25475755,0.27917567,0.26274967,0.3737376,0.34845108,0.3732427,0.44456768,0.35539007,0.41799635,0.29947904,0.28515255,0.21700512,0.29944763,0.3996583,0.35806945,0.061512087,0.39399907,0.41957965,0.38242236,0.42070568,0.46880296,0.412871,0.47088686,0.3179156,0.41010287,0.4612886,0.41927472,0.448778,0.44728687,0.371984,0.33878136,0.3128678,0.37367257,0.3961553,0.3740823,0.41033238,0.417845,0.43169054,0.43515295,0.38205883,0.36143795,0.36436027,0.24364728,0.28770036,0.20940313,0.3605748,0.21198054,0.25008604,0.23899563,0.14141408,0.25072002,0.17287661,0.19742022,0.1264934,0.18304665,0.016993718,-0.008617626,0.013913153,0.03211677,0.24985473,0.3371828,0.4416999,0.42823356,0.41656047,0.3752613,0.47855785,0.30147257,0.26548153,0.2958546,0.4113283,0.26958695,0.22833155,0.46234587,0.3921616,0.39917353,0.24290441,0.10564594,-0.025711322,0.3090217,0.24422354,0.29966038,0.2198231,0.08866529,-0.011235188,0.122258894,0.2695897,0.2318902,0.063558154,0.073536046,0.078951165,0.0062426142,0.035053413,0.085138574,0.11167122,0.025315981,0.016787957,0.0023609276,0.25184324,0.37292585,0.42486995,0.31976458,0.40072453,0.23403251,0.17134719,0.04102199,0.14312492,0.17881876,0.073808596,0.13160862,0.017025813,0.0063486127,-0.01082499,0.029133214,0.03956323,0.08937098,0.06277163,0.1493771,0.16722739,0.075971425,0.10234793,0.14564498,0.13516536,0.12979679,0.035598554,0.16767831,0.040073898,0.086408846,-0.0850046,-0.08678808,0.055409655,-0.027994994,-0.10163074,-0.0043613487,-0.06569833,-0.27042535,-0.15966697,-0.10665885,-0.04848628,-0.117195494,-0.106958516,-0.04628443,0.14085965,0.122727975,0.03707837,-0.07939474,0.12374415,0.25435176,0.07334462,0.27807078,0.7237799,0.6203404,0.41646978,0.2484618,0.54725105,0.13120322,0.21253474,-0.005022988,-0.0017469602,-0.06496159,-0.051181808,0.0106248185,-0.008007355,0.23858137,0.1873863,0.45286858,0.6889765,0.44695944,0.5026322,0.7522517,0.9544785,1.0,0.69929224,0.6584232,0.59689003,0.47838405,0.46930867,0.5024316,0.31376892,0.17552279,0.34537563,0.33282092,0.14430834,0.09952529,0.15171206,0.10440466,-0.0036156732,-0.12133359,-0.018095732,-0.056785468,0.009190115,0.007275933,-0.06827602,0.15888949,0.08122537,0.0943525,0.008728082,0.1474145,0.043208297,0.114276715,0.31653523,0.28917405,0.27938625,0.26966143,0.39556912,0.21896757,0.36938965,0.45360327,0.5883731,0.5195654,0.56329185,0.63463545,0.7007012,0.41627494,0.2685119,0.14691837,-0.12740111,-0.09518539,-0.088003516,-0.511818,-0.4943939,-0.50415546,-0.507469,-0.5031897
211,0.17148103,0.11147776,0.08376025,0.2377046,0.2301512,0.13199292,0.2775309,0.1994524,0.2823115,0.24803855,0.35076737,0.36122292,0.24309435,0.37573814,0.4268714,0.30206352,0.4179235,0.48052955,0.24051851,0.26672772,0.22853985,0.13306625,0.17010207,0.009580114,0.009596644,-0.044028606,0.045823894,0.087212265,0.21750042,0.23051892,0.19231902,0.20334785,0.14286321,0.107147135,-0.06535701,-0.114861526,-0.061543774,-0.06947351,0.09362403,0.028715955,0.12317952,0.25363666,0.24235678,0.37738377,0.2798012,0.461839,0.25577962,0.3950334,0.44591054,0.3980226,0.029544175,0.3599746,0.38748014,0.3184145,0.2108732,0.3159447,0.31855038,0.23269293,0.13998409,0.28555503,0.18582039,0.20384449,0.1703884,0.1326689,0.010973049,-0.002139355,-0.037897956,0.0382465,0.06953331,0.0435012,0.10640623,0.08111918,0.12597746,0.13129674,0.036370236,-0.009905622,0.10601531,-0.06973132,0.08684059,0.048086237,0.29257238,0.1326303,0.30717796,0.3028504,0.23290448,0.28530464,0.28031346,0.28171638,0.1949287,0.20175868,0.08270032,0.093996696,0.0021317427,-0.0075636315,0.12408145,0.19733603,0.3335065,0.26137078,0.18065007,0.1197071,0.34069538,-0.085804224,-0.1281408,-0.08614893,0.06978495,-0.03418597,-0.091699116,0.3403958,0.23219648,0.16294916,0.013832674,0.17876422,0.010306812,0.08751535,0.14684035,0.11699153,0.059991363,-0.060616076,-0.09054674,-0.07493236,0.17558935,0.15541905,-0.13498735,-0.12198403,-0.07084468,-0.053252634,-0.156847,-0.19876677,-0.13072851,-0.100687504,-0.22452685,-0.112377636,0.049531773,0.18243545,0.24507435,0.27552196,0.38766062,0.20767544,0.09020351,0.021238344,0.17791323,0.21531315,0.049695656,0.19975127,0.079585426,-0.06684094,-0.004661691,-0.1326193,-0.08308122,-0.052396026,-0.0677137,0.011560573,-0.010470885,-0.011891437,-0.061573677,0.0012904913,0.013780644,0.019584192,0.024752716,0.238193,0.21222779,0.18653905,0.03823714,-0.016925426,0.22196685,0.24063197,0.07905921,0.11440354,0.26653147,-0.08287826,0.13474923,0.22427525,0.3223702,0.16716939,0.16069263,0.19626735,0.4738078,0.41707447,0.32112965,0.07174051,0.4222494,0.41778186,0.07770149,0.2589694,0.67010295,0.7582141,0.24126178,0.0035579964,0.23733576,-0.06994151,-0.098702155,-0.18816301,-0.1753182,-0.23372556,0.051355362,0.08140309,0.094753906,0.181623,0.35870394,0.5725274,0.4431039,0.5824622,0.7239232,0.8697891,0.77969575,0.69929224,1.0,0.9232592,0.9329798,0.8160512,0.6610671,0.83955604,0.7064506,0.5160295,0.72608984,0.55280143,0.5273463,0.41271544,0.39253148,0.3926616,0.33770627,0.031060047,0.2514572,0.24702334,0.3800854,0.40023404,0.2811405,0.52211237,0.48715213,0.5106987,0.36977834,0.54729563,0.40952495,0.5225463,0.636582,0.63291544,0.6349044,0.61010367,0.7241874,0.4179273,0.6896027,0.64003026,0.72984236,0.6811487,0.5638867,0.66145915,0.5952426,0.35661036,0.21209116,0.2010112,0.007802257,0.03211679,-0.0012510965,-0.5006729,-0.46654764,-0.493138,-0.5068004,-0.48880982
212,0.23099634,0.15478927,0.12655525,0.2868715,0.28246203,0.16020207,0.3112556,0.22231121,0.3149142,0.25767604,0.37716618,0.39686242,0.2907393,0.39099818,0.42965865,0.30081213,0.40814763,0.46362674,0.24274904,0.24961667,0.22765313,0.12823585,0.13225026,0.01178196,0.008841793,-0.036170874,0.07709568,0.13101454,0.25989607,0.25731826,0.20032406,0.20560229,0.16251783,0.12086944,-0.058447797,-0.12184638,-0.060502682,-0.0672501,0.12771319,0.03170603,0.11680666,0.23734991,0.23605976,0.33232158,0.24026962,0.40930432,0.22061796,0.3601738,0.40693375,0.3659326,-0.014595369,0.3444945,0.38082185,0.2648782,0.22407831,0.33539772,0.33418077,0.25756732,0.12686451,0.31846887,0.22315249,0.2394523,0.22013758,0.1752496,0.04731666,0.016776456,-0.008834903,0.06561505,0.12507279,0.088939704,0.1627544,0.13094033,0.17856324,0.17004195,0.07301612,0.020281142,0.13225208,-0.06401375,0.1080067,0.011283396,0.22940178,0.11695747,0.2567227,0.24568112,0.14144377,0.18163043,0.18943167,0.22099255,0.1064543,0.11992748,-0.014328503,0.00047784648,-0.101580285,-0.10403716,0.04022693,0.11922826,0.2804208,0.21669458,0.15931429,0.08566127,0.3420253,-0.07343822,-0.11512979,-0.078836486,0.10511013,0.008033321,-0.057673443,0.36711627,0.2761884,0.1949201,-3.9621795e-05,0.09447778,-0.03733905,0.06385608,0.107409604,0.049607787,-0.03368146,-0.13596475,-0.1691087,-0.14274494,0.120159484,0.111872405,-0.20897245,-0.18666762,-0.114649884,-0.087715834,-0.22928436,-0.241178,-0.18669558,-0.15450272,-0.28881714,-0.13595144,0.0054747863,0.17684144,0.25303176,0.2822616,0.38715968,0.17060609,0.031211028,-0.009138466,0.107164524,0.17213525,-0.025952354,0.1320428,-0.010848947,-0.16125786,-0.09484568,-0.17061588,-0.1728798,-0.117056035,-0.14376777,-0.061753392,-0.07079855,-0.055256646,-0.096049465,-0.07217844,-0.059710942,-0.01999627,-0.0493144,0.16766222,0.15251382,0.12645574,-0.028471615,-0.119101405,0.2562201,0.21388753,0.10807798,0.14584184,0.16899468,-0.1852304,0.010036565,0.09703266,0.21034524,0.025541117,0.015412358,0.08366013,0.37220588,0.33402342,0.17016567,-0.06377047,0.31786734,0.25437522,-0.064828664,0.16631043,0.58751005,0.66016114,0.11772423,-0.08001172,0.20229575,-0.13090576,-0.15328477,-0.25058892,-0.29693964,-0.34607,-0.0712127,-0.07212881,-0.050774075,0.024073116,0.20929736,0.40405995,0.35790363,0.45082435,0.56722546,0.7615172,0.71591705,0.6584232,0.9232592,1.0,0.8682954,0.79391557,0.6902652,0.7430141,0.5780527,0.41858223,0.5946542,0.41696745,0.38865778,0.24640955,0.23427176,0.24194017,0.19451946,-0.10605126,0.09596782,0.09148887,0.2280886,0.26469368,0.16259699,0.41901976,0.41158321,0.40897343,0.2747137,0.50709665,0.35514835,0.48260713,0.6100201,0.5939904,0.61846405,0.6158699,0.6448599,0.3383901,0.64952326,0.63981867,0.77432024,0.6077144,0.5515872,0.6570121,0.5788255,0.31797257,0.24786012,0.24837218,-0.01951068,0.009539175,-0.02109009,-0.40749532,-0.3816602,-0.40502703,-0.41751266,-0.39416295
213,0.082918204,0.008500837,0.0020130014,0.16583355,0.15735194,0.07661365,0.21494666,0.15299168,0.22441272,0.19895579,0.3145567,0.3279936,0.18875095,0.34776908,0.4236119,0.2998337,0.4333891,0.49600407,0.2078191,0.24894466,0.15562658,0.04917985,0.13171828,-0.0663286,-0.090453155,-0.14287113,-0.06530472,-0.027147738,0.10177269,0.12377747,0.086061604,0.10128072,0.021081952,-0.008852168,-0.18794686,-0.20553587,-0.15154909,-0.15257894,-0.004818297,-0.068511285,0.039086595,0.1819665,0.19938017,0.33479825,0.2787728,0.49579632,0.27911562,0.41541383,0.4548506,0.40716895,0.010380161,0.35617942,0.37956414,0.2918398,0.16766167,0.27791044,0.28166604,0.16608277,0.09963042,0.23993176,0.10676836,0.12719156,0.08522838,0.0380845,-0.08711199,-0.097557165,-0.13093355,-0.045918033,-0.033120487,-0.05821991,0.0047916877,-0.022463491,0.031171009,0.020248568,-0.07064161,-0.11514429,0.028948592,-0.14545517,0.036720537,-0.00029281861,0.26610744,0.08597917,0.31433678,0.30769694,0.25770754,0.26946843,0.2855015,0.27823076,0.19696194,0.1907189,0.099249855,0.11959463,-0.011585563,-0.02263475,0.07881406,0.14575407,0.28850734,0.2002118,0.117290415,0.05481107,0.23057532,-0.16949302,-0.20694177,-0.15892333,-0.018597856,-0.09209933,-0.13652499,0.2533324,0.17235126,0.085604474,-0.03260234,0.18692969,0.0471159,0.028038934,0.11604048,0.057486806,0.0037985875,-0.11819378,-0.12270111,-0.14528988,0.13541171,0.1266763,-0.20696327,-0.19090204,-0.122412756,-0.074208595,-0.22533008,-0.27811512,-0.20728794,-0.12741655,-0.2954825,-0.14170106,-0.036736157,0.10356045,0.17348191,0.2537404,0.35591346,0.16879551,0.038808513,0.016188629,0.16051856,0.20663655,0.017028335,0.18793088,0.06575272,-0.10317268,-0.0236461,-0.1831778,-0.128746,-0.11571655,-0.114681885,-0.066770054,-0.10117241,-0.055779,-0.15422563,-0.08731592,-0.04856097,-0.06348343,-0.036306433,0.19723955,0.19705452,0.16374914,0.038088255,0.016985279,0.21559376,0.26099655,0.13085315,0.11037765,0.30212435,-0.02997278,0.1925947,0.28413808,0.38425833,0.23671193,0.2041659,0.23485097,0.49912024,0.4387317,0.35163307,0.08000834,0.44094563,0.39719963,0.038818173,0.17729908,0.554875,0.6686988,0.13950129,-0.09494288,0.09578917,-0.13190031,-0.20225894,-0.25213107,-0.22060183,-0.26697057,0.070664875,0.08288345,0.10032833,0.12739609,0.34712106,0.52953917,0.32439685,0.5462325,0.69502574,0.7972607,0.6659058,0.59689003,0.9329798,0.8682954,1.0,0.85993433,0.64695394,0.88414174,0.7579823,0.56782573,0.7625852,0.56414235,0.6093788,0.45929256,0.42129788,0.44725594,0.40656093,0.085197695,0.2903674,0.30611935,0.461686,0.49479657,0.37707067,0.6033217,0.5456257,0.5734443,0.42512035,0.6020839,0.4863117,0.58122826,0.664097,0.6470705,0.6526597,0.6292146,0.7122137,0.41735294,0.68284506,0.61344385,0.64751714,0.6198197,0.47392777,0.5834327,0.4838793,0.2716206,0.14626,0.19772321,0.024506351,0.046353623,-0.0034944746,-0.43854728,-0.40698105,-0.43325177,-0.44736212,-0.42878333
214,0.04788595,-0.04100258,-0.00081589475,0.12976666,0.09194509,0.033186015,0.16497876,0.12294744,0.15517393,0.15442467,0.2687798,0.26713923,0.13559929,0.27188975,0.37660187,0.23941955,0.41443774,0.45812982,0.18913369,0.24326108,0.12312193,0.024895756,0.118137926,-0.08435548,-0.11758065,-0.16755061,-0.07717935,-0.027230658,0.10604411,0.10954646,0.07084635,0.08761943,0.020179408,0.010174626,-0.18535,-0.23065901,-0.16609916,-0.17968084,-0.033601135,-0.09780228,0.011963064,0.1355689,0.15071627,0.29933962,0.23077825,0.46679422,0.26100782,0.3131145,0.37710226,0.31799254,0.0108522335,0.25703946,0.304328,0.21434692,0.072566256,0.19414082,0.21930316,0.08020606,0.03553467,0.17397924,0.027093736,0.057456873,0.015526329,-0.029395571,-0.1495891,-0.1686647,-0.18232237,-0.11661187,-0.08895578,-0.1074572,-0.052236423,-0.077734604,-0.026344124,-0.02186761,-0.11964143,-0.17394198,-0.030328894,-0.16993432,-0.032169625,-0.024197131,0.2035986,0.07317417,0.26375365,0.3220649,0.22628364,0.22640923,0.2503809,0.2532811,0.16118312,0.15287966,0.07688061,0.09612474,-0.021070607,-0.031120798,0.016339315,0.08138896,0.1982561,0.116748795,0.026657378,-0.032753337,0.1984975,-0.2461661,-0.28457803,-0.24457659,-0.09702061,-0.13902973,-0.17874071,0.1869064,0.107769266,0.023605583,-0.10298765,0.10993016,0.015023764,-0.032461524,0.06089854,-0.009254253,-0.03894358,-0.15467976,-0.13861945,-0.18042286,0.046135053,0.036680624,-0.20305678,-0.18545997,-0.13542221,-0.07754058,-0.22081403,-0.28377867,-0.21264523,-0.13854794,-0.2903326,-0.1353789,-0.045008413,0.09814639,0.15341842,0.23216482,0.34248316,0.17520028,0.03422078,0.030098008,0.17614642,0.21544744,0.019150168,0.15910408,0.06387642,-0.10490173,-0.027501885,-0.16741586,-0.13029355,-0.11278256,-0.11661227,-0.068126984,-0.10021789,-0.06862525,-0.11031004,-0.058495093,-0.045420393,-0.010975591,0.03780452,0.24252991,0.26880893,0.21678267,0.10890069,0.0021425956,0.26758143,0.337294,0.17178182,0.1976167,0.35945943,0.031510554,0.22972475,0.31650215,0.42177615,0.2421184,0.21779335,0.2460787,0.47103006,0.4174156,0.33780342,0.10055252,0.4342863,0.33634064,0.010958003,0.17042163,0.47444555,0.59473604,0.044284336,-0.122527614,0.0215926,-0.18717742,-0.23056914,-0.23573203,-0.2577048,-0.30095503,0.04978319,0.034192566,0.06527985,0.03688326,0.27812675,0.40319192,0.18901747,0.44852963,0.57522964,0.63233453,0.5296748,0.47838405,0.8160512,0.79391557,0.85993433,1.0,0.69918257,0.8098248,0.7370441,0.56973565,0.7257191,0.51571023,0.6131004,0.43505755,0.3976526,0.4055232,0.4031462,0.07925836,0.26983586,0.28611714,0.44140908,0.47573143,0.36132777,0.56121933,0.58960074,0.58883494,0.502002,0.64004964,0.47585547,0.6266686,0.6379917,0.6670471,0.6949515,0.6678181,0.6930195,0.40410534,0.6793463,0.6086453,0.6448191,0.5851242,0.45613325,0.5532654,0.42260852,0.24814293,0.12241973,0.12223414,0.07233249,0.092034996,0.051808726,-0.38421416,-0.36369017,-0.38511896,-0.3980712,-0.374358
215,0.14887926,0.0772075,0.14680216,0.22024639,0.1783912,0.11973761,0.2396251,0.18640003,0.20741035,0.20284593,0.29647097,0.28867984,0.19497228,0.29156047,0.36422613,0.24327229,0.38396096,0.4209248,0.21201257,0.21602733,0.21183805,0.13319506,0.14639911,0.013000313,0.005214022,-0.056721006,0.028767515,0.067215614,0.18486552,0.16286464,0.10656112,0.10992716,0.1139459,0.1219814,-0.042627484,-0.10652625,-0.034747798,-0.08574187,0.08323861,0.014963672,0.13206218,0.20000844,0.18251792,0.29774287,0.21603714,0.3982821,0.21843228,0.20797223,0.3236688,0.26600257,0.02393464,0.22058475,0.28146252,0.18614025,0.101443335,0.20001516,0.23695807,0.13373798,0.067858,0.21040405,0.09561158,0.1170116,0.09039611,0.064699255,-0.04605484,-0.07764922,-0.09190284,-0.0787144,0.029941684,0.0147081325,0.06416569,0.036817238,0.07724761,0.06683347,-0.00011505465,-0.05967181,0.08316971,-0.06899305,0.04457765,0.032874115,0.2126962,0.08059607,0.19233891,0.26518047,0.15389657,0.18782562,0.20682329,0.21790195,0.13517602,0.13245472,0.046878632,0.05287553,0.008345072,-0.010850821,0.06969894,0.09765662,0.18668146,0.13941091,0.030154767,-0.029817885,0.22904153,-0.15134169,-0.18589693,-0.16366674,-0.01659871,-0.07458747,-0.12250279,0.23757249,0.17623547,0.07680953,-0.10162639,0.0045717806,-0.06450822,0.017994925,0.054088145,0.03986948,0.019325335,-0.116534665,-0.090864785,-0.14322443,0.030248776,0.014467428,-0.12058544,-0.09716133,-0.08951466,-0.025653124,-0.13006096,-0.17235318,-0.10732662,-0.050861888,-0.19910331,-0.054419115,0.052638043,0.19249281,0.24394065,0.26377374,0.39165357,0.2340186,0.09136252,0.01468385,0.1970014,0.24959108,0.0634741,0.14686733,0.08728836,-0.029832926,0.03049259,-0.09900565,-0.04205136,-0.030613666,-0.040978186,0.00010120771,-0.014517126,-0.05955375,0.0024960767,0.034791704,-0.004417867,0.09785535,0.10180786,0.22493264,0.2515078,0.17681831,0.11321057,-0.06196002,0.32077593,0.34932196,0.19254228,0.35734394,0.24389268,-0.06398553,0.101664945,0.1770621,0.27684268,0.11178255,0.10051999,0.12405928,0.33483696,0.31764635,0.2047704,0.049975235,0.32798642,0.23789763,-8.103051e-05,0.21921144,0.4910568,0.56725436,0.080149435,-0.044325832,0.12657696,-0.07573158,-0.140535,-0.15829001,-0.2318548,-0.2760851,-0.020608597,-0.0437707,-0.012932422,0.004261464,0.1617006,0.29272792,0.21391723,0.3357871,0.43986654,0.49776217,0.50535595,0.46930867,0.6610671,0.6902652,0.64695394,0.69918257,1.0,0.5985461,0.5615757,0.4013199,0.5453025,0.40823084,0.39299807,0.28673843,0.27766895,0.2861943,0.24581559,-0.015502803,0.16644754,0.15372153,0.2606883,0.26491472,0.17241473,0.33961365,0.46624216,0.41670176,0.4097772,0.54758334,0.32555807,0.51939386,0.5374322,0.6283591,0.6518099,0.6258089,0.63733596,0.36827597,0.6303923,0.5825286,0.68604964,0.56680924,0.48991808,0.56510836,0.47266978,0.2799675,0.15962856,0.0656469,-0.0032126443,0.015233694,-0.0022212917,-0.3647429,-0.3569493,-0.3727961,-0.38079926,-0.35494682
216,-0.012720559,-0.07290505,-0.04438041,0.07434649,0.058654975,0.011664083,0.1356071,0.08646003,0.14262271,0.15981017,0.23818554,0.24063542,0.097209565,0.2769146,0.3757084,0.26209795,0.4166644,0.47949755,0.18652289,0.24743879,0.12353632,0.035593722,0.14819361,-0.07706264,-0.10998424,-0.15560746,-0.109275,-0.09076158,0.028839342,0.072099656,0.058840174,0.08074294,-0.0057504694,-0.013966197,-0.18112251,-0.19445823,-0.15480077,-0.16845153,-0.070023894,-0.09200928,0.02387913,0.1601655,0.1650569,0.34498894,0.29218027,0.51761436,0.29347557,0.39676,0.43698528,0.38040346,0.057838093,0.31212908,0.32443166,0.29284242,0.097953886,0.19843559,0.2143901,0.08358623,0.07484492,0.14228526,0.0144121675,0.036104117,-0.018741107,-0.054781266,-0.16049844,-0.15858515,-0.18666607,-0.120112315,-0.12483647,-0.1323921,-0.09053324,-0.109672174,-0.06537117,-0.062363822,-0.14158706,-0.17799643,-0.034010395,-0.14895009,-0.022634521,0.038131684,0.29552662,0.077811845,0.32366437,0.3504785,0.34186453,0.3576869,0.35930443,0.3180374,0.28164425,0.26773125,0.20922281,0.22196129,0.11611721,0.09076719,0.14639385,0.18819103,0.280065,0.19493578,0.07387789,0.033279534,0.19455178,-0.21389419,-0.24946696,-0.2054625,-0.098507866,-0.17348635,-0.19795552,0.14337108,0.057988957,-0.016450444,-0.0768604,0.23416069,0.10159467,0.016379965,0.120865986,0.08296622,0.07726216,-0.0670225,-0.04739288,-0.10240105,0.13095656,0.109711856,-0.1276052,-0.11851646,-0.08295521,-0.047538202,-0.14277436,-0.22603348,-0.14916039,-0.060393527,-0.22027154,-0.11386575,-0.0063064503,0.088430755,0.13611759,0.21285418,0.32357606,0.19129333,0.08380177,0.05281928,0.23866653,0.24068148,0.102650516,0.22133389,0.16010764,0.012063967,0.077878736,-0.13639279,-0.024572099,-0.06399413,-0.0357365,-0.017583575,-0.06544322,-0.043853976,-0.11114079,-0.009446231,0.019712886,-0.011975715,0.072554134,0.27035356,0.28622866,0.24144909,0.14688683,0.122794665,0.19555898,0.31787702,0.108861335,0.1331386,0.41706726,0.11519031,0.33580256,0.41778237,0.49400717,0.38086897,0.35031745,0.35516405,0.5532743,0.47818887,0.47953862,0.22910202,0.51526135,0.500193,0.16371588,0.24330899,0.51608336,0.6600359,0.18832998,-0.03532878,0.05742574,-0.101718634,-0.17772622,-0.17063354,-0.09905457,-0.144388,0.18353474,0.21765369,0.22558863,0.23375432,0.44490293,0.6000309,0.28758645,0.58512664,0.74003273,0.73511046,0.5737698,0.5024316,0.83955604,0.7430141,0.88414174,0.8098248,0.5985461,1.0,0.8780536,0.6883356,0.86584866,0.6585804,0.7164861,0.59647816,0.57589763,0.5677689,0.5310812,0.20358144,0.42567745,0.43975776,0.584188,0.59671175,0.46972328,0.6720397,0.60409737,0.64425004,0.5391122,0.618709,0.4983675,0.6013252,0.609733,0.64656264,0.64161015,0.6002399,0.72199255,0.46479243,0.6526782,0.54662246,0.54865444,0.60474867,0.40054822,0.4904206,0.388928,0.24679826,0.03953178,0.07135833,0.04608348,0.06041084,0.023116395,-0.4717467,-0.43317136,-0.4599731,-0.47373533,-0.46576706
217,-0.19316337,-0.26349068,-0.15618926,-0.09596654,-0.13994595,-0.12516323,-0.024956614,-0.019498521,-0.04654609,0.035732616,0.097781375,0.067359336,-0.08723582,0.12335833,0.2708988,0.16590258,0.3768435,0.4206148,0.13520606,0.22547582,0.025318867,-0.041245643,0.17381531,-0.15387005,-0.2051583,-0.27425262,-0.26139373,-0.24074364,-0.12664385,-0.102036916,-0.09655117,-0.06633045,-0.15284327,-0.11530441,-0.2871653,-0.29859105,-0.257666,-0.29706454,-0.22769146,-0.20580031,-0.05077589,0.05766434,0.06965564,0.29493383,0.24525301,0.52684915,0.29013303,0.29454497,0.34657907,0.26914674,0.089279085,0.16063264,0.18558018,0.210644,-0.10832861,-3.7841543e-05,0.06924063,-0.13133937,-0.04953567,-0.024817659,-0.20533355,-0.1674354,-0.2425632,-0.26762262,-0.35306606,-0.33256465,-0.3534646,-0.32080367,-0.319484,-0.30349734,-0.28112411,-0.30648878,-0.2673899,-0.24890134,-0.31628063,-0.35367206,-0.18493578,-0.22201093,-0.14820826,0.016680356,0.2538041,0.05608494,0.29402232,0.36811784,0.4048981,0.40432045,0.42198712,0.33513066,0.35503498,0.30605316,0.31902403,0.33450696,0.24799931,0.20310923,0.14352846,0.15991971,0.17031106,0.084301785,-0.083515994,-0.10918721,0.0036031937,-0.37701246,-0.40482834,-0.37673032,-0.31652087,-0.3480695,-0.35434896,-0.039785877,-0.12776035,-0.20849231,-0.1892314,0.26358968,0.14563341,-0.08215423,0.06917313,0.03649903,0.10448941,-0.0044396115,0.06831848,-0.060402703,0.06083514,0.03703591,-0.024757791,-0.019088034,-0.044346306,0.006034783,-0.031551816,-0.1781432,-0.08357403,0.010201701,-0.1363144,-0.04737165,-0.0021976635,0.031085901,0.0381511,0.12865646,0.25808337,0.24336241,0.15298712,0.10061897,0.34912005,0.29700473,0.2255714,0.30157134,0.30526137,0.15985337,0.23310424,-0.10515232,0.10392525,0.016802328,0.054815207,0.054377202,0.004007438,-0.023891604,-0.021148356,0.10390653,0.09190983,0.094792366,0.2512013,0.37520885,0.45438907,0.35801992,0.33339986,0.27498555,0.29046616,0.518412,0.24745251,0.2767035,0.64356244,0.3733603,0.6068514,0.68141025,0.73301536,0.62877774,0.61862886,0.5709302,0.7082794,0.6133711,0.7034042,0.4875924,0.68148303,0.6427592,0.33774093,0.35227406,0.43748665,0.655674,0.19623107,-0.0070898384,-0.090302624,-0.10364484,-0.20257206,-0.06659528,0.029432045,-0.01145811,0.3808262,0.38937634,0.4018338,0.31952542,0.5624697,0.619437,0.13545853,0.5963428,0.73732996,0.57258844,0.38720852,0.31376892,0.7064506,0.5780527,0.7579823,0.7370441,0.5615757,0.8780536,1.0,0.8599591,0.97555524,0.6779423,0.8761107,0.8017644,0.7346344,0.71610826,0.7600617,0.4259824,0.64721775,0.6738319,0.7975126,0.793501,0.66845214,0.72598577,0.79447705,0.8239345,0.7672588,0.76710755,0.62577724,0.7524066,0.6393247,0.7556055,0.73545563,0.6555103,0.81066996,0.55325407,0.7159804,0.50806034,0.45236275,0.63412726,0.32236075,0.38005352,0.23703727,0.20799632,-0.003785745,-0.022774374,0.19174637,0.19192603,0.13773857,-0.47114134,-0.44679382,-0.46923935,-0.48253858,-0.46823195
218,-0.23648189,-0.29844695,-0.1800211,-0.16544594,-0.20329058,-0.15166903,-0.099064186,-0.06337908,-0.13664354,-0.038492642,-0.011053132,-0.051745493,-0.17828774,0.007250531,0.13224155,0.05476644,0.24012432,0.26648834,0.047532033,0.14778316,-0.057422407,-0.08937708,0.13236469,-0.1692558,-0.22330555,-0.28333822,-0.29281726,-0.26799366,-0.18497126,-0.18281059,-0.1616752,-0.13989021,-0.20425095,-0.14549357,-0.28270337,-0.30895722,-0.28021237,-0.34125346,-0.2718482,-0.22949581,-0.095492326,-0.029063744,-0.009093389,0.17747162,0.14808223,0.38101286,0.20973848,0.15780537,0.19945452,0.12296033,0.09570869,0.024914268,0.046833385,0.11596801,-0.20696653,-0.10818151,-0.029956806,-0.2153097,-0.105139256,-0.11510636,-0.26929888,-0.23448585,-0.2976064,-0.31289643,-0.3704642,-0.34056172,-0.36480647,-0.3311213,-0.33766133,-0.31257468,-0.30527413,-0.33102095,-0.2969901,-0.2888046,-0.33379924,-0.36070982,-0.22570473,-0.17334136,-0.16630992,-0.0018564421,0.15809517,0.035664022,0.21470593,0.26368862,0.32910007,0.31450918,0.32603905,0.24730708,0.2743965,0.2214498,0.2931024,0.3018699,0.25689325,0.22918475,0.09505294,0.11605528,0.06469609,-0.0017696585,-0.14246517,-0.15312679,-0.06802003,-0.3740905,-0.39411676,-0.3830028,-0.3449708,-0.39022145,-0.3763867,-0.14598593,-0.23308483,-0.28597876,-0.19783895,0.28273356,0.19326839,-0.12904839,0.019809805,0.0055222204,0.09405657,0.045477685,0.11501101,-0.0001491794,-0.0038019614,-0.027947268,0.03250956,0.036259152,-0.003220682,0.057968684,0.033976644,-0.11676214,-0.034290608,0.04819682,-0.058839664,0.0029848574,-0.017816259,-0.019926012,-0.04205119,0.018651213,0.13816123,0.20014314,0.1403884,0.100963704,0.31374305,0.2364512,0.2217778,0.2762857,0.29087996,0.18475267,0.23907204,-0.09373913,0.13347477,0.032985244,0.06554348,0.06498096,0.036218192,0.0033047956,0.031986866,0.13572879,0.10106596,0.1315121,0.2796064,0.35229126,0.45366952,0.3707446,0.352032,0.28868017,0.31606102,0.51707727,0.2790514,0.24141622,0.64566636,0.45998907,0.61617696,0.677257,0.714876,0.6179999,0.62789875,0.57749146,0.6551831,0.5614276,0.6691916,0.5198117,0.6340349,0.5846554,0.3580825,0.32758287,0.30640584,0.5248299,0.1585741,0.0053355163,-0.14488477,-0.050860457,-0.18024607,0.014561966,0.08212775,0.04742739,0.41318518,0.38331985,0.3918347,0.28957593,0.5067441,0.49307102,0.033253815,0.48631915,0.5855278,0.3760729,0.23320273,0.17552279,0.5160295,0.41858223,0.56782573,0.56973565,0.4013199,0.6883356,0.8599591,1.0,0.8421665,0.4942343,0.762261,0.72847635,0.6720771,0.622421,0.70794946,0.44546592,0.61750555,0.64838785,0.72637904,0.7137462,0.6232858,0.5779071,0.7089768,0.72551936,0.7010876,0.6763874,0.5562211,0.6617487,0.5520426,0.64831907,0.6224563,0.5508937,0.69394875,0.4807168,0.59867185,0.38861868,0.35199487,0.51315516,0.21535014,0.25293836,0.11742685,0.12543003,0.011384723,-0.044841334,0.27240533,0.26853406,0.20851783,-0.37755522,-0.3589481,-0.37424597,-0.38582933,-0.3772143
219,-0.15831451,-0.21812592,-0.13464645,-0.06824891,-0.111243956,-0.0970143,0.00451626,0.0032936628,-0.017849697,0.05605463,0.11651708,0.08472514,-0.061679736,0.14637062,0.28070852,0.17475772,0.3795345,0.4291117,0.14868835,0.24364981,0.06626511,0.0071823113,0.21648233,-0.11708049,-0.14817303,-0.24345778,-0.23933268,-0.21832399,-0.10780884,-0.104429044,-0.09978533,-0.07447334,-0.14732997,-0.112522475,-0.27029034,-0.26785648,-0.22505994,-0.2616658,-0.18308735,-0.15405194,-0.0009538271,0.10353971,0.09689588,0.3293593,0.26157734,0.5375486,0.27963567,0.3255421,0.36147514,0.28082672,0.108124465,0.1810589,0.20176464,0.2481408,-0.08161437,0.028814964,0.09577188,-0.09121903,-0.022339385,-0.007914099,-0.16418763,-0.1289584,-0.2040061,-0.22120276,-0.30198744,-0.28562674,-0.30737597,-0.27683318,-0.27143234,-0.26786262,-0.23842053,-0.26142287,-0.22610262,-0.20936579,-0.26547498,-0.30204758,-0.1468059,-0.17347729,-0.10426676,0.0375893,0.2868398,0.086215176,0.31687325,0.3902477,0.40985712,0.42981982,0.4470942,0.34740582,0.37998098,0.3243073,0.3427383,0.35397467,0.2693757,0.21976943,0.19076261,0.2099706,0.21685761,0.13347575,-0.030125363,-0.06005421,0.012843908,-0.32624897,-0.35415617,-0.33221748,-0.27118146,-0.3309306,-0.33942044,-0.009764308,-0.109167,-0.18151772,-0.15558909,0.29588494,0.16210519,-0.033060733,0.103461094,0.08249966,0.14539884,0.066625915,0.13571553,0.012874424,0.108301036,0.07920781,0.04700149,0.052009948,0.00034499858,0.04845595,0.037215482,-0.10703952,-0.012089472,0.04796611,-0.06812994,-0.016129738,0.05009483,0.07419867,0.074753635,0.14743221,0.27193987,0.28653395,0.211037,0.121431515,0.38305137,0.31530502,0.26945946,0.33110347,0.32552356,0.19995978,0.26363334,-0.073100105,0.14094797,0.064622566,0.093074284,0.11813178,0.07573388,0.02342935,0.038713746,0.16426279,0.14123398,0.14249685,0.2905084,0.39745608,0.46941948,0.3560147,0.33826002,0.30919826,0.3312996,0.5456297,0.28538024,0.29067934,0.6623953,0.3929773,0.6343896,0.70536697,0.7467978,0.65979564,0.65907353,0.5940701,0.7628563,0.663368,0.75093067,0.54380983,0.7038215,0.71205854,0.41667187,0.4213083,0.49813378,0.71555173,0.28533074,0.05884156,-0.041205794,-0.060458068,-0.14483118,-0.011554276,0.11424689,0.06801123,0.44187766,0.46297833,0.47125623,0.40980524,0.62169534,0.6888777,0.2016367,0.6434722,0.77541816,0.6069846,0.42605233,0.34537563,0.72608984,0.5946542,0.7625852,0.7257191,0.5453025,0.86584866,0.97555524,0.8421665,1.0,0.6754873,0.86658597,0.8432929,0.77924865,0.74387014,0.7790891,0.47413686,0.68987125,0.70762324,0.81539154,0.80014944,0.6824071,0.70893776,0.80786544,0.837753,0.75545436,0.7824269,0.65392244,0.76321465,0.65695673,0.77942485,0.7477017,0.66359705,0.84458655,0.5691218,0.7430891,0.5016578,0.47442585,0.6756917,0.34740913,0.39864966,0.2711512,0.24358803,0.059101477,0.021190489,0.22078595,0.22004943,0.15500353,-0.5373638,-0.5128651,-0.5352437,-0.548857,-0.534333
220,-0.053772517,-0.06924881,-0.032900758,0.01083293,-0.00807562,0.006845593,0.077329814,0.06621702,0.07102932,0.13395832,0.14417288,0.13243175,0.031211246,0.19601011,0.2719828,0.19364023,0.31174374,0.37383866,0.16077441,0.20253494,0.14223549,0.10580318,0.18971606,-0.006938378,-0.005819947,-0.090178944,-0.11247414,-0.14182335,-0.056671217,-0.027114624,-0.025206257,-0.0073500485,-0.04956751,-0.04678371,-0.102103874,-0.06294235,-0.019524645,-0.042809527,-0.018811874,0.010697424,0.104622975,0.19765922,0.1752605,0.35074493,0.28418714,0.45654723,0.25410426,0.36361974,0.3892114,0.35785484,0.13766326,0.292491,0.2907705,0.30954483,0.09561061,0.15175226,0.16203457,0.07127907,0.114284806,0.076839276,-0.0068605053,0.0086081615,-0.05594337,-0.062450003,-0.112264246,-0.101028375,-0.12463865,-0.102250755,-0.12285038,-0.12952833,-0.11124454,-0.105286166,-0.08734985,-0.0887273,-0.10109676,-0.1137843,-0.013137474,-0.036496636,0.004335878,0.15251566,0.3250471,0.08053383,0.29224563,0.37045038,0.3814186,0.43165985,0.41079482,0.29858512,0.37150934,0.33123925,0.33890784,0.32827446,0.2776966,0.23039709,0.31735262,0.294681,0.31570247,0.25207138,0.11095428,0.09773254,0.11145128,-0.10940145,-0.13341422,-0.10890554,-0.07898809,-0.17488351,-0.15776353,0.05347629,-0.025409067,-0.06537181,-0.029926596,0.23338366,0.13850115,0.13506666,0.18505006,0.21051115,0.24566257,0.100897685,0.14238185,0.04812409,0.20311296,0.16180217,0.08203453,0.07994127,0.03176434,0.03964818,0.08255983,-0.019899046,0.056370072,0.09518738,0.01611066,0.048526842,0.10600499,0.11871697,0.12454229,0.1449896,0.24562293,0.22545254,0.19422878,0.093904644,0.30561906,0.2505537,0.2318756,0.2035293,0.26387617,0.19734868,0.21163854,0.0100800255,0.17073467,0.10398427,0.13919799,0.13621993,0.086655304,0.034753017,0.017235955,0.120393306,0.13764828,0.062376093,0.16474602,0.2578351,0.25957558,0.16819336,0.19059686,0.25371736,0.14814627,0.29287836,0.11963203,0.12661059,0.39879015,0.23998867,0.41468146,0.46032935,0.47378793,0.48582187,0.4506439,0.40511253,0.48464552,0.4146452,0.53684103,0.3773057,0.47131217,0.55633485,0.35041195,0.29771122,0.40122953,0.5371488,0.3091977,0.13290371,0.07292137,0.033076353,-0.0068128654,0.027674105,0.19523653,0.15232435,0.30881125,0.42988944,0.42644817,0.42022,0.5223685,0.6441216,0.2775103,0.50704324,0.6586568,0.57463586,0.40300223,0.33282092,0.55280143,0.41696745,0.56414235,0.51571023,0.40823084,0.6585804,0.6779423,0.4942343,0.6754873,1.0,0.6056849,0.64267105,0.62221926,0.61826664,0.545831,0.3864359,0.5331901,0.5195525,0.58326375,0.5420551,0.44510671,0.5155272,0.5061058,0.53982663,0.4917787,0.4702606,0.38352516,0.45548126,0.38820538,0.47761682,0.4384839,0.38607267,0.55373925,0.37155944,0.45678723,0.2824707,0.28613567,0.457245,0.20330907,0.24963203,0.20632406,0.2076533,-0.030794635,-0.012843681,0.051896248,0.046150565,0.0054227244,-0.4721059,-0.44472423,-0.4629132,-0.4691968,-0.47351333
221,-0.29838446,-0.3720267,-0.26021433,-0.2052828,-0.26906148,-0.19123074,-0.12557556,-0.09258828,-0.15502392,-0.062768094,0.013211103,-0.024950119,-0.1779073,0.04462283,0.19582693,0.114379846,0.31943783,0.35463572,0.07256018,0.16439062,-0.06306535,-0.11783874,0.14016338,-0.21253237,-0.25830925,-0.34499395,-0.36204222,-0.35025725,-0.2540502,-0.23243405,-0.21773282,-0.18280847,-0.27842763,-0.23450254,-0.38176572,-0.3513117,-0.316679,-0.3328177,-0.31795353,-0.27820975,-0.12497621,-0.024069674,0.006117319,0.21985571,0.20108734,0.49166143,0.26627728,0.2705902,0.28481048,0.21473886,0.071038574,0.09519215,0.1177322,0.1414951,-0.18939811,-0.094597034,-0.008318675,-0.2313941,-0.09670557,-0.12355404,-0.30846608,-0.2731506,-0.35075226,-0.3690664,-0.43815112,-0.40486583,-0.42524588,-0.3925606,-0.4221352,-0.3759755,-0.38809127,-0.40983403,-0.37523538,-0.35972068,-0.40695995,-0.43388236,-0.28522918,-0.27929825,-0.21632378,-0.024740173,0.2066884,0.020418627,0.26476696,0.33966893,0.40899864,0.37700275,0.40436247,0.30442002,0.35137543,0.29626483,0.33440605,0.35529515,0.25113818,0.20051955,0.10777876,0.10115413,0.10283107,0.014026571,-0.14720324,-0.1588227,-0.14961447,-0.4244128,-0.4393886,-0.41267368,-0.4092325,-0.40081576,-0.38408664,-0.17054169,-0.22578666,-0.30869436,-0.23254108,0.27062863,0.19470805,-0.1386119,0.03080692,-0.016238218,0.07163344,0.0041231303,0.10466862,-0.046586677,0.04991015,0.034377556,-0.0073501174,-0.0028977715,-0.04624247,0.012364541,-0.0069797253,-0.1665713,-0.0762907,0.019961044,-0.10798873,-0.02411965,-0.04239033,-0.047310542,-0.053942572,0.06254165,0.16462088,0.20173316,0.13371721,0.09308202,0.3274926,0.24581522,0.22213918,0.30625376,0.31788057,0.17459258,0.25326613,-0.08711535,0.100937545,0.013069992,0.053560514,0.05084565,-0.004763945,-0.0004958144,-0.027282627,0.09037787,0.09424204,0.08274277,0.24615908,0.3422668,0.44223017,0.3616671,0.34753552,0.36322448,0.27178136,0.5218419,0.30122995,0.25564352,0.663867,0.46276015,0.6837625,0.74051255,0.7668769,0.7019588,0.68157816,0.60854465,0.6872645,0.5922143,0.73363435,0.5477007,0.6685329,0.63120955,0.37150595,0.3243258,0.30218658,0.52409387,0.14579089,-0.02699653,-0.2073761,-0.12660024,-0.21780238,-0.042011213,0.08338479,0.057218898,0.47223118,0.44797787,0.46495277,0.3164845,0.5640518,0.5500686,0.009678865,0.5112316,0.63824,0.40918466,0.20600587,0.14430834,0.5273463,0.38865778,0.6093788,0.6131004,0.39299807,0.7164861,0.8761107,0.762261,0.86658597,0.6056849,1.0,0.8148981,0.7086875,0.7274806,0.7959174,0.5360825,0.68569005,0.7336804,0.8513774,0.8484154,0.73992246,0.7274913,0.8064769,0.8423969,0.79142684,0.74040055,0.6390745,0.7415485,0.5768197,0.6830357,0.66345274,0.5683989,0.7169922,0.51552504,0.6303489,0.3975849,0.26951748,0.5289469,0.2048106,0.24911924,0.09539726,0.13722399,-0.05097997,-0.058618907,0.2521938,0.24196869,0.17818365,-0.38282505,-0.36553827,-0.38595113,-0.39808476,-0.38321847
222,-0.29502267,-0.30549538,-0.21670331,-0.22851694,-0.27125984,-0.17009144,-0.14422016,-0.09091164,-0.18076903,-0.06284515,-0.06713156,-0.12191774,-0.22603212,-0.02291234,0.097152084,0.056429885,0.22673896,0.2667202,0.058695283,0.1709151,0.0034894138,0.004633619,0.2610307,-0.10927058,-0.108759224,-0.25581717,-0.3401506,-0.3514451,-0.28672838,-0.32531303,-0.2915334,-0.27133936,-0.31089672,-0.25301322,-0.295349,-0.22487944,-0.19171233,-0.23430172,-0.23228581,-0.13223264,0.0043177935,0.05786946,0.027133966,0.2705514,0.21211511,0.44912615,0.19248475,0.2726324,0.23746556,0.16693437,0.19587249,0.06592872,0.058893677,0.21609837,-0.19714496,-0.121839404,-0.039614182,-0.20806925,-0.06864525,-0.17666042,-0.28109992,-0.2501172,-0.33882082,-0.32183826,-0.33813682,-0.30164766,-0.32476696,-0.32934868,-0.3527324,-0.34827837,-0.34351203,-0.34699845,-0.33991015,-0.32457522,-0.30687067,-0.3174724,-0.21650073,-0.09768352,-0.12147964,0.07756182,0.28042516,0.0737854,0.28651732,0.39054248,0.45138088,0.4843595,0.49678674,0.30594376,0.47311056,0.3767996,0.49756372,0.49804395,0.4401715,0.37128526,0.3147395,0.28474054,0.18698831,0.120468356,-0.05259764,-0.05056464,-0.18124622,-0.2902807,-0.30233607,-0.30268657,-0.33568123,-0.40706477,-0.3709576,-0.19563532,-0.29308408,-0.31876835,-0.14361332,0.3737888,0.25826606,0.018767184,0.1356282,0.16103013,0.27907196,0.29026654,0.39734873,0.22011839,0.1473749,0.10009289,0.30341744,0.2968305,0.14598686,0.1974334,0.30577916,0.123922884,0.21551877,0.21980196,0.20269614,0.14153878,0.13802797,0.04503702,-0.013257307,0.02219649,0.1252122,0.32222092,0.3442834,0.18439393,0.47139773,0.32309222,0.43108582,0.3804818,0.45875424,0.41491708,0.44498473,0.07426895,0.34013292,0.24043731,0.27534842,0.29084054,0.25334054,0.13572934,0.20470367,0.33660194,0.29194444,0.24860841,0.44758236,0.4336555,0.52392,0.35052893,0.43552375,0.5318828,0.37797666,0.6355576,0.4001317,0.3160902,0.7742736,0.6615523,0.8573383,0.8856967,0.84451073,0.8958218,0.9044188,0.73579514,0.8314202,0.7302345,0.9309258,0.8237321,0.7359811,0.86004555,0.7092868,0.532693,0.33884826,0.60884005,0.43075198,0.23595497,-0.12575625,0.07477427,-0.006826854,0.22996937,0.4762294,0.4415045,0.7162659,0.7643872,0.7609086,0.65375286,0.76067454,0.7431006,0.13132533,0.60618734,0.6933506,0.3619636,0.17427012,0.09952529,0.41271544,0.24640955,0.45929256,0.43505755,0.28673843,0.59647816,0.8017644,0.72847635,0.8432929,0.64267105,0.8148981,1.0,0.91678435,0.87639403,0.91646403,0.7614885,0.9242071,0.9323378,0.94195604,0.874838,0.8053068,0.5819166,0.7991457,0.8319855,0.76390505,0.72154474,0.6726056,0.70547396,0.49835065,0.6801754,0.6035837,0.49817246,0.7369191,0.5273265,0.6044885,0.20582761,0.19199353,0.5399699,0.09943102,0.094467424,-0.0005033464,0.1484665,0.040581293,-0.0035114225,0.34885517,0.32510155,0.2331014,-0.5397056,-0.5231935,-0.5376965,-0.54692274,-0.54485327
223,-0.21265286,-0.20176215,-0.1277366,-0.15173416,-0.18720087,-0.101028845,-0.07609741,-0.040014226,-0.10406663,0.0013128025,-0.025492711,-0.07243321,-0.1583565,0.019667283,0.11469783,0.07549355,0.20843127,0.25718933,0.09060908,0.18739273,0.06284228,0.07377905,0.26731387,-0.033648342,-0.02567156,-0.15872286,-0.24211405,-0.2612491,-0.217326,-0.23964612,-0.19263788,-0.18231358,-0.19608937,-0.13330474,-0.17085682,-0.10789291,-0.08825449,-0.12430333,-0.1432746,-0.03674889,0.07800067,0.12585661,0.07397157,0.30446753,0.2299456,0.41807944,0.16637467,0.23206827,0.25681847,0.18995528,0.21715839,0.108732566,0.097712025,0.26075,-0.10762569,-0.046260428,0.017049612,-0.11086353,0.010796864,-0.106669836,-0.17962995,-0.16361915,-0.23934346,-0.22016093,-0.22848958,-0.1932932,-0.22001484,-0.22427413,-0.25422862,-0.25100914,-0.25322938,-0.24337767,-0.24129824,-0.23147276,-0.20326068,-0.20598905,-0.1129577,-0.01824634,-0.06876392,0.13584621,0.308766,0.09410126,0.2784468,0.3910998,0.42748088,0.47824025,0.4792917,0.3127608,0.44264427,0.3596814,0.4516991,0.44546485,0.4208312,0.3657044,0.34626848,0.33643717,0.24185582,0.1875779,0.02888732,0.03645341,-0.077863224,-0.18064085,-0.19501333,-0.19405136,-0.22533102,-0.32718045,-0.2911358,-0.13572116,-0.24105917,-0.2383625,-0.07458466,0.35473794,0.2438937,0.09300908,0.16421345,0.22392507,0.32897538,0.30515245,0.37225074,0.23995909,0.15059917,0.09805778,0.33012798,0.31974322,0.17260295,0.20370732,0.33265433,0.17783783,0.25539103,0.23364176,0.23971796,0.14353949,0.1875296,0.09183097,0.040020443,0.03908868,0.13946013,0.31375694,0.3554656,0.18226948,0.45118225,0.3289877,0.4249449,0.3351664,0.43243924,0.4126726,0.4238304,0.12550652,0.34601414,0.24456793,0.2851527,0.3000131,0.2664285,0.12788858,0.21943502,0.34971392,0.29896575,0.24900064,0.43153057,0.40596443,0.45282558,0.3050112,0.38287884,0.48403022,0.29793358,0.52345467,0.28805882,0.23704694,0.6691102,0.58089,0.73322594,0.757742,0.71621495,0.78529966,0.7932503,0.64123404,0.72248983,0.62939495,0.82298976,0.7395184,0.63350934,0.79851073,0.6790936,0.5065961,0.36343986,0.579412,0.4743923,0.28784084,-0.01635981,0.1393887,0.08382659,0.2552449,0.5001641,0.4599621,0.63721734,0.72719854,0.69623816,0.6591494,0.68817914,0.7355811,0.22027484,0.57391155,0.66926825,0.3742611,0.22092035,0.15171206,0.39253148,0.23427176,0.42129788,0.3976526,0.27766895,0.57589763,0.7346344,0.6720771,0.77924865,0.62221926,0.7086875,0.91678435,1.0,0.8108081,0.7977769,0.6775598,0.84152395,0.8302244,0.8220553,0.73891044,0.66529304,0.4936551,0.6563097,0.69224596,0.6440179,0.585223,0.5256665,0.5632948,0.40072784,0.5702969,0.48877856,0.39532667,0.6467404,0.45717,0.5049811,0.16763546,0.19364621,0.4852216,0.09798816,0.09510888,0.042234726,0.16442008,0.012454111,-0.06788207,0.27136135,0.25128496,0.1779854,-0.54497,-0.52468574,-0.5372251,-0.5449342,-0.5503122
224,-0.28967777,-0.29749194,-0.21859683,-0.22325443,-0.2551062,-0.14525615,-0.13008958,-0.09226575,-0.14191848,-0.034104787,-0.041582283,-0.08051969,-0.20227851,0.025583727,0.12546305,0.08701122,0.23989317,0.28906348,0.06921942,0.120877236,-0.02132087,-0.030442026,0.19279353,-0.13859738,-0.14077473,-0.29322308,-0.38828948,-0.41501218,-0.34789598,-0.36658907,-0.34173656,-0.31210983,-0.35557833,-0.30709025,-0.32966748,-0.21058837,-0.1721199,-0.21155272,-0.22456373,-0.14698723,-0.019964283,0.042155176,0.031567015,0.24098171,0.22988424,0.44257796,0.2023875,0.29989386,0.28348595,0.24821092,0.18989557,0.15506323,0.12551518,0.22831656,-0.1280892,-0.05682547,0.00028962435,-0.16063213,-0.030364865,-0.12903711,-0.2509406,-0.21011035,-0.30729166,-0.30141973,-0.32147926,-0.27831978,-0.30625325,-0.31286794,-0.3373087,-0.34210128,-0.33228663,-0.3369016,-0.3235658,-0.3425382,-0.31104568,-0.31335554,-0.2129035,-0.11995661,-0.09592298,0.053050064,0.2644572,0.021200351,0.26641017,0.35959402,0.40857732,0.43152234,0.45025286,0.27837276,0.41800287,0.32552218,0.43219063,0.43497974,0.3663395,0.30054864,0.29768074,0.2577947,0.1948377,0.12364643,-0.052919786,-0.062961906,-0.19008818,-0.26868767,-0.2780199,-0.27355346,-0.30857986,-0.39970407,-0.35830727,-0.19512777,-0.2707555,-0.31496468,-0.13623874,0.36001527,0.2665584,0.036953423,0.14162266,0.16465142,0.24980928,0.20785075,0.29437518,0.13386968,0.13263288,0.09327983,0.19789308,0.19285902,0.093513645,0.13790607,0.19826679,0.045483686,0.12090003,0.18463993,0.11563596,0.10255325,0.07095886,-0.01422966,-0.05212818,0.011536394,0.09433733,0.22876425,0.24412625,0.13122457,0.3746955,0.26518652,0.3173632,0.28542948,0.35892203,0.3164177,0.34284732,0.06469112,0.24723019,0.16914898,0.20288974,0.19081059,0.1479132,0.076863766,0.106137015,0.20225802,0.19761826,0.13472134,0.2953213,0.309094,0.36747015,0.21440215,0.32260635,0.43784168,0.28586727,0.5004335,0.3481816,0.23498695,0.6305699,0.5466252,0.6993599,0.7245888,0.68821615,0.7928147,0.7500193,0.58001214,0.70338696,0.6134243,0.7816823,0.66418576,0.60390985,0.7298812,0.5811946,0.39541402,0.27482972,0.52106583,0.36638424,0.15753491,-0.13616896,0.048513006,-0.04307648,0.14218129,0.3929818,0.36843333,0.61524963,0.6727778,0.67714506,0.5713212,0.6684036,0.6912289,0.12643468,0.5186282,0.63776207,0.35949388,0.16921145,0.10440466,0.3926616,0.24194017,0.44725594,0.4055232,0.2861943,0.5677689,0.71610826,0.622421,0.74387014,0.61826664,0.7274806,0.87639403,0.8108081,1.0,0.79978174,0.6626038,0.85472536,0.84199286,0.8565533,0.78588563,0.7235175,0.50991076,0.681693,0.7121973,0.64612776,0.62112814,0.57843786,0.6006795,0.46182898,0.594752,0.5197066,0.4351715,0.6351875,0.43793923,0.511288,0.15613708,0.14897443,0.4371013,0.03290973,0.05258116,-0.021461578,0.085920796,-0.0114060445,-0.0153269125,0.23524305,0.21145816,0.1331894,-0.43381464,-0.41372052,-0.43505383,-0.4442063,-0.44026116
225,-0.36240187,-0.39112395,-0.2868732,-0.2931439,-0.3326835,-0.23940003,-0.21801946,-0.14582361,-0.24471386,-0.12713227,-0.123576306,-0.1688468,-0.27605098,-0.07725929,0.055117894,0.026647601,0.19884908,0.2230366,0.011429762,0.117781885,-0.09004331,-0.09812375,0.1851264,-0.18615635,-0.21313535,-0.3346346,-0.41051468,-0.4085903,-0.34456787,-0.3794833,-0.35536602,-0.32752186,-0.39169496,-0.33394048,-0.39154223,-0.32571813,-0.29159704,-0.3282091,-0.3190985,-0.23603636,-0.10194299,-0.04588237,-0.037817404,0.17702852,0.15629321,0.39746085,0.1785642,0.21725723,0.17618641,0.10982963,0.13785061,-6.60919e-05,-0.004503061,0.13063803,-0.2679382,-0.19278418,-0.10160758,-0.29239,-0.1444726,-0.22280803,-0.3586402,-0.32071492,-0.4070205,-0.40321633,-0.42151177,-0.38394794,-0.400192,-0.40114623,-0.42713583,-0.41170833,-0.41071507,-0.42711198,-0.41323462,-0.39540055,-0.39698285,-0.40647838,-0.29498994,-0.17566407,-0.16956079,-0.008261632,0.19087942,0.03925448,0.23935461,0.32976443,0.41083482,0.39624703,0.41785377,0.2507327,0.4003975,0.30776587,0.44523188,0.45436552,0.37258208,0.30967683,0.19962497,0.17262785,0.07917363,0.008705527,-0.14562608,-0.15250719,-0.2677862,-0.3711014,-0.37613207,-0.37310246,-0.41702232,-0.43139526,-0.39709875,-0.24650675,-0.32583982,-0.3570504,-0.17738251,0.33450133,0.2396594,-0.080716215,0.07661001,0.05360402,0.17121252,0.20653336,0.33168727,0.13770233,0.07986251,0.045008488,0.20610958,0.2026684,0.079296164,0.15435918,0.20761433,0.029175263,0.11318863,0.15150441,0.108754605,0.09317475,0.04096613,-0.040761903,-0.09466639,-0.021942563,0.06730996,0.24798247,0.25199208,0.15302326,0.396004,0.26070365,0.35041064,0.34713274,0.40698367,0.33691266,0.38476723,0.010129915,0.26297793,0.17536983,0.20624141,0.20229082,0.16734506,0.106876455,0.1347478,0.24739817,0.2118204,0.18566509,0.37864307,0.38467932,0.5061317,0.34517503,0.42643723,0.4904092,0.38579077,0.63938934,0.43187815,0.3232368,0.76707083,0.655129,0.8478147,0.8782252,0.8445468,0.864057,0.8722281,0.711464,0.79514384,0.69460046,0.87913,0.76682156,0.70993984,0.7582255,0.60400724,0.43971294,0.21557875,0.49816146,0.27654094,0.11772856,-0.24821392,-0.013054915,-0.1256304,0.15217371,0.3558134,0.33118463,0.6641257,0.66403407,0.6658377,0.51105124,0.67210394,0.60067415,-0.022056522,0.5082305,0.58425754,0.25011396,0.05956541,-0.0036156732,0.33770627,0.19451946,0.40656093,0.4031462,0.24581559,0.5310812,0.7600617,0.70794946,0.7790891,0.545831,0.7959174,0.91646403,0.7977769,0.79978174,1.0,0.7158709,0.85985774,0.9057802,0.9319662,0.9000356,0.84162056,0.58218175,0.8050235,0.83332866,0.7657195,0.7309581,0.6847724,0.7267289,0.4883193,0.66348886,0.6020402,0.5026383,0.6857722,0.4796259,0.5804908,0.19728933,0.1419128,0.46985954,0.051043443,0.049245253,-0.07906625,0.071995944,0.02731501,0.03626892,0.3575948,0.3362847,0.23259546,-0.41721758,-0.41011515,-0.42354265,-0.43308863,-0.42119822
226,-0.27502716,-0.24406949,-0.17156026,-0.23867399,-0.27281877,-0.14103201,-0.1725401,-0.112403214,-0.20150691,-0.08970535,-0.13591374,-0.19272691,-0.25272414,-0.088719055,-0.0135862045,0.010589304,0.08736169,0.114401035,0.01005037,0.021815613,-0.0016542738,0.03966907,0.23270328,-0.029937057,-0.022218173,-0.16980612,-0.30172187,-0.34608772,-0.34658262,-0.40425408,-0.37832144,-0.35938925,-0.35527417,-0.2858912,-0.24195132,-0.08988643,-0.05368086,-0.11228585,-0.19014297,-0.035294443,0.04131129,0.044750847,-0.01262956,0.18056008,0.14639266,0.26583448,0.15664129,0.16825357,0.10324583,0.04965909,0.1896016,-0.019224396,-0.03152828,0.15994284,-0.18857138,-0.15126365,-0.08962119,-0.19230165,-0.04125904,-0.22142418,-0.24399155,-0.2416346,-0.2948825,-0.2604189,-0.23094368,-0.18898499,-0.19750538,-0.25934723,-0.28987655,-0.27794495,-0.2971654,-0.28398412,-0.30036977,-0.28757262,-0.21704239,-0.2025929,-0.17266314,0.024817463,-0.04136345,0.13724242,0.22860521,0.035337202,0.20462196,0.27402833,0.3325251,0.38698077,0.37620202,0.16804197,0.39186534,0.29286268,0.45760074,0.4420734,0.4379412,0.37836608,0.31528628,0.2771332,0.13763791,0.09884916,-0.022421375,-0.027917534,-0.3339409,-0.12876445,-0.11896332,-0.14669678,-0.25408727,-0.31124935,-0.23316671,-0.2693096,-0.30490208,-0.30325827,-0.056788,0.31910694,0.2973627,0.07458011,0.14577995,0.17958662,0.30466568,0.38579792,0.4844446,0.32152367,0.12762092,0.08260988,0.41708997,0.404435,0.22154495,0.22016674,0.414636,0.2979958,0.34815377,0.32047057,0.36383224,0.19121596,0.16325681,0.051664755,-0.02922456,-0.05547109,0.0071319696,0.2711374,0.3485371,0.16425134,0.39206898,0.24104877,0.41214043,0.33229047,0.41869438,0.4492912,0.43745077,0.16668865,0.39871606,0.3440569,0.35848296,0.3372795,0.3222502,0.17820963,0.27364793,0.37378544,0.31548402,0.27587232,0.41632128,0.31847528,0.39056173,0.23155375,0.38243186,0.54400223,0.2855497,0.49438685,0.471061,0.26198387,0.59134746,0.6574596,0.74411243,0.7381425,0.65805864,0.782319,0.7946511,0.62387246,0.6190676,0.54590887,0.7717204,0.7811738,0.53473926,0.707582,0.71905226,0.47659272,0.14615096,0.3297267,0.42691603,0.3395869,-0.14042029,0.15398586,0.09542046,0.34300518,0.61213845,0.5971716,0.7027077,0.75496703,0.7598086,0.6444854,0.63000506,0.55526704,0.06661478,0.39298084,0.42020455,0.058038477,-0.07015176,-0.12133359,0.031060047,-0.10605126,0.085197695,0.07925836,-0.015502803,0.20358144,0.4259824,0.44546592,0.47413686,0.3864359,0.5360825,0.7614885,0.6775598,0.6626038,0.7158709,1.0,0.794857,0.78503746,0.7186615,0.64662236,0.6345415,0.28532854,0.5346193,0.5524624,0.5345233,0.44859704,0.43924323,0.44048423,0.24194215,0.4002854,0.31518534,0.21357277,0.4221362,0.35435063,0.32005775,-0.050876103,-0.102216735,0.2888727,-0.08307484,-0.12884936,-0.17373826,0.058720235,-0.017319713,-0.06105607,0.27277765,0.24262884,0.1618777,-0.3868003,-0.39810747,-0.39863417,-0.4000277,-0.3963401
227,-0.367101,-0.3554942,-0.27291557,-0.3290745,-0.3536192,-0.23749216,-0.250046,-0.17354101,-0.28167757,-0.14816386,-0.1905998,-0.24117643,-0.31968433,-0.13098575,-0.042766728,-0.039876185,0.10243929,0.13202675,-0.014471225,0.08981149,-0.08262135,-0.055261053,0.20973974,-0.1542447,-0.1398759,-0.29155904,-0.39443228,-0.40546995,-0.34793395,-0.40813276,-0.37049857,-0.3538944,-0.371601,-0.30283922,-0.29892027,-0.24114217,-0.21200222,-0.25702658,-0.26878172,-0.15989162,-0.045068875,-0.022903914,-0.045260046,0.17041403,0.13718934,0.33070913,0.11119703,0.2004813,0.13213053,0.0870967,0.21435864,-0.008275197,-0.043584947,0.16783366,-0.2534144,-0.21190192,-0.12410998,-0.27283335,-0.105943576,-0.26180094,-0.3417126,-0.29695246,-0.39841586,-0.37430114,-0.36259598,-0.30717131,-0.33657044,-0.36482978,-0.39083472,-0.3843958,-0.3889427,-0.39317983,-0.39505023,-0.38045433,-0.34173506,-0.34039783,-0.26518348,-0.08665902,-0.14763229,0.050558437,0.19633628,0.048715055,0.21585673,0.30648854,0.38519067,0.4152458,0.42239568,0.22880742,0.42107558,0.31262976,0.49957424,0.49343228,0.46683654,0.40293416,0.3164899,0.26754132,0.12131099,0.066635564,-0.09610519,-0.08659238,-0.24795645,-0.289145,-0.29280066,-0.30127153,-0.368889,-0.43280607,-0.3868626,-0.25850147,-0.367332,-0.365182,-0.14399654,0.38259035,0.27032536,0.025929442,0.1259358,0.1707326,0.30320138,0.35194206,0.45829722,0.26505935,0.107061245,0.06474808,0.34075528,0.32821757,0.17400423,0.2302602,0.34931374,0.15752931,0.24081394,0.2466854,0.25101286,0.15883344,0.102138706,-0.035614,-0.11334247,-0.08200089,-0.00815972,0.24902615,0.31327742,0.17318429,0.42784968,0.2669869,0.41889146,0.32440978,0.444227,0.43956417,0.45259017,0.118802965,0.3604741,0.2600151,0.2940736,0.30092123,0.27005222,0.1535145,0.22472541,0.3340755,0.29443976,0.23556028,0.4267671,0.37442824,0.4647397,0.28820103,0.40909216,0.5066699,0.36507607,0.60032976,0.4097145,0.28258982,0.7321245,0.68870693,0.83596516,0.8481381,0.7830386,0.87496483,0.89173234,0.6929426,0.77254623,0.68333656,0.88259906,0.82318026,0.64988136,0.80428725,0.728222,0.4835939,0.21080847,0.48654512,0.41586554,0.24814156,-0.16802529,0.122446105,0.021119315,0.2869292,0.5443372,0.52337235,0.7372379,0.7809399,0.790468,0.66048765,0.72336286,0.67250806,0.067311846,0.50494045,0.570756,0.2131603,0.043525472,-0.018095732,0.2514572,0.09596782,0.2903674,0.26983586,0.16644754,0.42567745,0.64721775,0.61750555,0.68987125,0.5331901,0.68569005,0.9242071,0.84152395,0.85472536,0.85985774,0.794857,1.0,0.9560999,0.89626384,0.8054004,0.75661767,0.42749515,0.6947055,0.7220756,0.6640611,0.61634296,0.6010063,0.59814495,0.39485767,0.5697761,0.4811711,0.3863125,0.6082812,0.45157632,0.47641787,0.048756108,0.07392722,0.40292853,-0.041032616,-0.064622894,-0.1332665,0.063488804,0.018417241,-0.009767017,0.35549253,0.32426104,0.23330021,-0.43131205,-0.41585523,-0.43053815,-0.43927392,-0.43854845
228,-0.4082413,-0.40999445,-0.32306945,-0.3651236,-0.3822991,-0.26741222,-0.28871128,-0.19545692,-0.31877014,-0.18981959,-0.21493784,-0.26809722,-0.34960765,-0.16274942,-0.055276565,-0.047572978,0.10444225,0.12545183,-0.039062764,0.07535349,-0.13039084,-0.108340725,0.18701768,-0.19516788,-0.19792889,-0.32477468,-0.428808,-0.43408218,-0.3876096,-0.43899664,-0.3940349,-0.374958,-0.41603947,-0.35019845,-0.35147414,-0.2996292,-0.28101608,-0.31421787,-0.32984403,-0.22543283,-0.102453336,-0.07547983,-0.08093024,0.13365692,0.123844594,0.33020917,0.100153,0.18457825,0.10233051,0.04747044,0.17926164,-0.057938855,-0.08280168,0.114536114,-0.30461198,-0.2613557,-0.16796565,-0.33167642,-0.1586326,-0.30252266,-0.3911974,-0.34956688,-0.44271895,-0.42495725,-0.41482705,-0.36210743,-0.3903099,-0.40350628,-0.43659234,-0.42402875,-0.4326777,-0.44213587,-0.4387301,-0.42487442,-0.39604712,-0.3944302,-0.3152857,-0.14560235,-0.17996053,0.0019863488,0.16704223,0.031613026,0.21165125,0.29621118,0.39247748,0.3997202,0.41423368,0.22848015,0.40881565,0.3032641,0.4875143,0.4879176,0.4394028,0.37333688,0.25330222,0.20599332,0.06756191,0.00651646,-0.14821953,-0.13787588,-0.27304685,-0.34033754,-0.34032777,-0.3447844,-0.4191734,-0.45044824,-0.40823498,-0.2998311,-0.39060822,-0.3958533,-0.17049138,0.37542439,0.26929525,-0.048330214,0.08493695,0.102651566,0.23743676,0.30390987,0.42499104,0.21943465,0.08277909,0.04721145,0.29100326,0.27959117,0.13381115,0.20779699,0.30142987,0.09923984,0.18715285,0.21380723,0.20386429,0.119934276,0.066158496,-0.07256787,-0.14890175,-0.08752865,-0.019129818,0.23308778,0.2846807,0.16736886,0.4127549,0.24722813,0.39833987,0.33299705,0.44347897,0.410474,0.4408869,0.07377908,0.32507554,0.22615182,0.25800973,0.2630402,0.22800931,0.13984206,0.19099689,0.29805598,0.26260078,0.21571556,0.40849566,0.37518054,0.48329487,0.30999234,0.4205835,0.52885324,0.38278177,0.63150185,0.4310052,0.28923476,0.769172,0.7171894,0.8751658,0.8895016,0.8272095,0.90011823,0.9170609,0.71451455,0.79400635,0.70208657,0.899765,0.8251691,0.68083733,0.78849953,0.6979062,0.4534999,0.16252896,0.46045762,0.3502284,0.20173882,-0.23679492,0.079609245,-0.04261933,0.24300979,0.49099314,0.47305885,0.7326046,0.7540544,0.75678825,0.6087637,0.712001,0.63452333,-0.006667863,0.48749533,0.5575905,0.19115052,0.002683504,-0.056785468,0.24702334,0.09148887,0.30611935,0.28611714,0.15372153,0.43975776,0.6738319,0.64838785,0.70762324,0.5195525,0.7336804,0.9323378,0.8302244,0.84199286,0.9057802,0.78503746,0.9560999,1.0,0.9537992,0.8765256,0.823348,0.48909608,0.7348238,0.7649498,0.6968836,0.6561107,0.64582556,0.6444964,0.41331527,0.58891577,0.506994,0.41018614,0.6166628,0.4540688,0.49333683,0.061711658,0.06262425,0.39556578,-0.058603376,-0.079692036,-0.16990878,0.03200209,0.009177843,0.016556395,0.37898955,0.34847838,0.24703996,-0.3999902,-0.3848763,-0.3977561,-0.40678197,-0.40639502
229,-0.39599133,-0.42896494,-0.3288741,-0.32121414,-0.3531759,-0.25629285,-0.23754367,-0.16649926,-0.26083854,-0.14540307,-0.12111692,-0.16923112,-0.29278228,-0.07199599,0.069676824,0.032241806,0.22418638,0.25458118,0.009498947,0.116506465,-0.116209224,-0.13310446,0.17725664,-0.22547084,-0.2537416,-0.3758495,-0.4529619,-0.44991675,-0.38434884,-0.40868184,-0.38380414,-0.35377258,-0.43168846,-0.38068926,-0.43550012,-0.36655462,-0.33768553,-0.3618554,-0.3591626,-0.2809124,-0.1325467,-0.065815516,-0.048307255,0.17041829,0.16790263,0.43649945,0.19056869,0.25937173,0.19885807,0.13232668,0.12647435,0.014038512,0.010012004,0.12843971,-0.26953146,-0.1964617,-0.106966995,-0.31039897,-0.15931186,-0.23494421,-0.38428107,-0.3456137,-0.43236852,-0.43318197,-0.45797932,-0.41161135,-0.4357011,-0.43260688,-0.46392244,-0.44844952,-0.44930032,-0.46535602,-0.44503534,-0.43687582,-0.43878007,-0.4475979,-0.32800704,-0.22608036,-0.18840887,-0.027712507,0.19549593,0.015258215,0.2562184,0.3367492,0.4222048,0.40132964,0.43455276,0.2701395,0.40699357,0.3090417,0.444479,0.46121714,0.35384792,0.28749597,0.18263237,0.15148166,0.081140384,-0.0015081362,-0.16388765,-0.17399138,-0.2767668,-0.40597346,-0.4102436,-0.4018598,-0.44679213,-0.4555214,-0.42024365,-0.26235607,-0.33083996,-0.3802814,-0.19840592,0.35239154,0.25399914,-0.10616145,0.061163273,0.03389454,0.1438909,0.17197567,0.30434167,0.09676037,0.07388147,0.049334623,0.15968183,0.15612847,0.046444893,0.12785068,0.1639614,-0.024356497,0.06653615,0.124203436,0.06124097,0.069043025,0.008667829,-0.0748044,-0.12139859,-0.019006833,0.06494459,0.2314531,0.22541855,0.14156294,0.38459596,0.255127,0.32836774,0.342299,0.3970791,0.30384657,0.36313096,-0.025029741,0.21887745,0.13222586,0.16616358,0.16506429,0.12196432,0.073011786,0.090424985,0.20045954,0.18571803,0.14979993,0.3389453,0.36026862,0.4862403,0.32069135,0.40011346,0.4876573,0.38601124,0.6436096,0.4468617,0.31470254,0.77359194,0.646223,0.85528016,0.88889307,0.860323,0.88324547,0.878375,0.70333946,0.81520283,0.7168016,0.8899359,0.7539035,0.7226669,0.76146924,0.5885605,0.4085963,0.206224,0.50779027,0.25742784,0.08057455,-0.28259236,-0.042367507,-0.16461375,0.11198764,0.3278359,0.30858383,0.6734771,0.6667663,0.6726104,0.50357044,0.6869011,0.6262186,-0.032364085,0.5185486,0.61543113,0.28562698,0.07196398,0.009190115,0.3800854,0.2280886,0.461686,0.44140908,0.2606883,0.584188,0.7975126,0.72637904,0.81539154,0.58326375,0.8513774,0.94195604,0.8220553,0.8565533,0.9319662,0.7186615,0.89626384,0.9537992,1.0,0.9650402,0.8930667,0.6425511,0.8324026,0.8686456,0.7822258,0.7611167,0.72101027,0.75645757,0.5254639,0.68701744,0.6269254,0.5286135,0.7045509,0.4997979,0.6002089,0.20780669,0.14837413,0.47184733,0.0357505,0.044678777,-0.08954982,0.059416503,0.010739555,0.056048553,0.34366608,0.3217804,0.21277729,-0.40436265,-0.3929088,-0.41011968,-0.42119834,-0.4082477
230,-0.37730625,-0.42190102,-0.31846204,-0.27956367,-0.3240165,-0.24595508,-0.20028245,-0.141404,-0.21884306,-0.11722442,-0.060279753,-0.102884315,-0.24501508,-0.022527874,0.13656475,0.07006374,0.2770972,0.30745214,0.034951773,0.119118534,-0.113079816,-0.15282519,0.16041479,-0.23532003,-0.28716254,-0.40229627,-0.4525809,-0.436415,-0.36778226,-0.38065183,-0.3851458,-0.34930453,-0.44826996,-0.41317418,-0.50048614,-0.41704088,-0.3745981,-0.39730796,-0.372035,-0.3112741,-0.16097972,-0.071922965,-0.036515646,0.15905356,0.16383426,0.46007282,0.23692368,0.28039977,0.2308345,0.1542867,0.04895154,0.036248453,0.052788727,0.11480647,-0.24459797,-0.15417226,-0.07527185,-0.29134014,-0.16962239,-0.17719834,-0.36511874,-0.33667,-0.40235874,-0.4161154,-0.46033776,-0.4186729,-0.43978745,-0.4269266,-0.45767793,-0.4427413,-0.4352249,-0.4579063,-0.42727292,-0.41956064,-0.4463171,-0.45950037,-0.32749143,-0.26200148,-0.166881,-0.061053436,0.18286908,-0.0015014432,0.2612778,0.32127115,0.3948347,0.33964032,0.38458756,0.25151658,0.3498191,0.26011178,0.37689444,0.40278605,0.25804672,0.20052744,0.09367238,0.08481145,0.06255104,-0.02997817,-0.16801032,-0.20213623,-0.31397837,-0.4232413,-0.4265284,-0.40897468,-0.44206908,-0.40669587,-0.38000745,-0.21671939,-0.26077837,-0.3301631,-0.18494871,0.3082998,0.21488027,-0.15803447,0.033318967,-0.037829723,0.047497667,0.08346159,0.21933606,0.021994723,0.04794957,0.03342315,0.061973527,0.065930866,-0.0133433575,0.079814665,0.05758428,-0.10021101,-0.017198043,0.044567913,-0.03740518,0.036780067,-0.042871572,-0.0825047,-0.10772302,0.01962408,0.101417296,0.2116443,0.16585249,0.11336483,0.3196281,0.22884987,0.2438565,0.33817968,0.3152579,0.19683681,0.26885703,-0.10789303,0.116531715,0.056982476,0.083360545,0.08239169,0.043445263,0.031216357,0.013104796,0.11106017,0.10969461,0.08617643,0.2508241,0.3066071,0.45623425,0.29453653,0.35526627,0.41189465,0.3899085,0.62602633,0.4726097,0.32446545,0.7264096,0.56101894,0.8005305,0.845545,0.8366573,0.8195232,0.8085188,0.66377395,0.78688323,0.69283056,0.8313736,0.6662897,0.70477194,0.68641794,0.482896,0.34329236,0.18274015,0.47677276,0.15759459,-0.022563785,-0.33791387,-0.1365256,-0.25844383,0.008338113,0.2050326,0.19149601,0.60749197,0.5696567,0.57118756,0.39234906,0.6188833,0.55145913,-0.0874152,0.4810769,0.5756239,0.28605118,0.06684728,0.007275933,0.40023404,0.26469368,0.49479657,0.47573143,0.26491472,0.59671175,0.793501,0.7137462,0.80014944,0.5420551,0.8484154,0.874838,0.73891044,0.78588563,0.9000356,0.64662236,0.8054004,0.8765256,0.9650402,1.0,0.93823,0.6855948,0.8478289,0.8873984,0.7785256,0.78344786,0.7428244,0.78815395,0.56097424,0.7010648,0.6563754,0.56475097,0.6976673,0.48569763,0.6220006,0.26621726,0.16308369,0.46355802,0.0670321,0.09118926,-0.0697936,0.04720822,0.04574267,0.14652924,0.31408468,0.30081528,0.17571583,-0.35803932,-0.36139956,-0.3788056,-0.38984835,-0.3591928
231,-0.36733225,-0.40770745,-0.3170835,-0.2805331,-0.31638357,-0.25625464,-0.20840171,-0.14316818,-0.22323264,-0.12449909,-0.073642604,-0.115275316,-0.2517876,-0.03935717,0.10549479,0.048419382,0.23212138,0.25815478,0.013169096,0.06448822,-0.1353676,-0.16208792,0.14880411,-0.2232954,-0.2733055,-0.41877645,-0.49503988,-0.48353547,-0.43584204,-0.46801662,-0.4838936,-0.44755974,-0.5340487,-0.49704668,-0.5566936,-0.41720805,-0.36548877,-0.3948283,-0.37237257,-0.29979336,-0.16813847,-0.09276915,-0.061134968,0.0977004,0.12159318,0.39557388,0.20590255,0.23488666,0.18611199,0.11728245,0.05727749,0.010644154,0.025321217,0.07988409,-0.26239112,-0.16592674,-0.09106123,-0.2922687,-0.17598116,-0.19183074,-0.36319208,-0.33272827,-0.39637148,-0.40375948,-0.42863882,-0.38714013,-0.40069157,-0.39766026,-0.42994484,-0.42420128,-0.41426003,-0.43821123,-0.4108352,-0.41752627,-0.42464662,-0.42880985,-0.31489262,-0.22095236,-0.11424099,-0.07459326,0.14095998,-0.053173136,0.21634616,0.2691335,0.328572,0.26666668,0.317515,0.18952104,0.28995275,0.19821106,0.33198005,0.35708776,0.2056332,0.16556302,0.054837093,0.051287796,0.02336534,-0.06389876,-0.1641599,-0.20787652,-0.40578684,-0.38564572,-0.38268605,-0.371829,-0.42234984,-0.38148746,-0.34736848,-0.24152806,-0.26324147,-0.32800394,-0.15870552,0.30208907,0.22148074,-0.15626532,0.028809397,-0.061356485,0.020102829,0.11562448,0.24902529,0.058029156,0.033633914,0.02134565,0.08840036,0.098387346,0.004609903,0.11417392,0.08423061,-0.05066529,0.01767565,0.06455824,0.005200358,0.08772204,-0.050547164,-0.09684673,-0.12709494,-0.015601361,0.051631503,0.1890896,0.15919654,0.10883913,0.27766293,0.19480343,0.21663532,0.32318628,0.25566202,0.17186031,0.23235594,-0.108708054,0.09143255,0.05513904,0.07222425,0.08288969,0.060270514,0.045728754,0.02531454,0.09796442,0.09495154,0.07689012,0.21283664,0.2535775,0.40477493,0.23783918,0.3209325,0.4347745,0.41184145,0.60572016,0.5320767,0.30912113,0.67870766,0.56512487,0.76704544,0.8048204,0.7845122,0.8079293,0.7808883,0.63872546,0.747308,0.66200715,0.7871441,0.6493933,0.6447102,0.6326591,0.47751272,0.3063054,0.095480695,0.38754237,0.1335832,-0.03455564,-0.39348134,-0.137221,-0.25735244,0.030775646,0.23681775,0.23283255,0.6215425,0.5716739,0.56805956,0.37823296,0.58045816,0.48075753,-0.13826422,0.41386825,0.47072637,0.18215907,-0.020830723,-0.06827602,0.2811405,0.16259699,0.37707067,0.36132777,0.17241473,0.46972328,0.66845214,0.6232858,0.6824071,0.44510671,0.73992246,0.8053068,0.66529304,0.7235175,0.84162056,0.6345415,0.75661767,0.823348,0.8930667,0.93823,1.0,0.59789807,0.7830339,0.8170313,0.6912156,0.7288093,0.74611706,0.7375863,0.4802585,0.62754196,0.5783827,0.487899,0.6033925,0.4328967,0.5396573,0.17711124,0.08901489,0.36977693,-0.006807456,0.0037002475,-0.15085112,-0.0036549498,0.111987464,0.23440403,0.36137944,0.34642428,0.18204589,-0.29641002,-0.3126341,-0.32640272,-0.3358322,-0.29981363
232,-0.21125638,-0.28376332,-0.25131118,-0.1316367,-0.15463641,-0.16305657,-0.066135645,-0.052432142,-0.06197499,-0.015483361,0.07566134,0.05906559,-0.09051056,0.10160435,0.23620471,0.15601929,0.32498276,0.35664004,0.08715396,0.19284038,-0.037443288,-0.11820999,0.079967104,-0.17738646,-0.23739865,-0.2745113,-0.26524502,-0.2578799,-0.17531286,-0.106274486,-0.11521243,-0.07948219,-0.20939803,-0.22383378,-0.3414351,-0.31515104,-0.29257622,-0.27880025,-0.24419892,-0.2588395,-0.14083712,-0.01184866,0.02969001,0.18400891,0.19113947,0.45770022,0.2524395,0.3485173,0.29920077,0.24512012,-0.035710532,0.15844007,0.172029,0.14001511,-0.07971089,0.0012382366,0.031914625,-0.12187036,-0.061935302,-0.03196095,-0.19687994,-0.1748004,-0.23332974,-0.26662156,-0.33734393,-0.31430733,-0.32968906,-0.28139353,-0.32558337,-0.30023637,-0.29788232,-0.31262782,-0.27302596,-0.24489935,-0.32396337,-0.3442319,-0.20265311,-0.28790084,-0.16046992,-0.058922134,0.17992775,-0.010305286,0.25192237,0.29520398,0.3484525,0.28977188,0.32858732,0.25385973,0.28066602,0.2518601,0.22698855,0.26130083,0.09802615,0.050033048,0.033504657,0.035202045,0.11491076,0.030128634,-0.079730466,-0.101921335,-0.080264196,-0.34290147,-0.35800445,-0.3154514,-0.28686506,-0.267923,-0.2794912,-0.070482574,-0.08619955,-0.18520147,-0.14677712,0.20879284,0.14040108,-0.13253278,0.025400605,-0.06425603,-0.04671498,-0.12958924,-0.042876594,-0.15377729,0.08008712,0.07992351,-0.15678495,-0.1498163,-0.11157408,-0.0570175,-0.16401085,-0.26114833,-0.19342938,-0.08613661,-0.23359293,-0.09072997,-0.08776287,-0.056030594,-0.026560688,0.11500728,0.17526606,0.12192137,0.035874866,0.037280943,0.1922888,0.15781972,0.08074005,0.2156356,0.16017637,-0.008081315,0.081060804,-0.18965049,-0.055538338,-0.09136009,-0.059215426,-0.062463075,-0.11809947,-0.061591655,-0.15717633,-0.056423113,-0.009308459,-0.047151167,0.06780913,0.22210531,0.32633415,0.2518868,0.21403907,0.22424456,0.15845957,0.34532362,0.16940933,0.14056538,0.47537896,0.23114708,0.46215042,0.51912093,0.56473553,0.4731977,0.44520402,0.42959708,0.5183638,0.4372371,0.5180087,0.30773103,0.51717347,0.43119365,0.1545512,0.17678083,0.23617491,0.40947634,0.016920429,-0.1650252,-0.19244488,-0.20785965,-0.28436676,-0.17820339,-0.10638676,-0.12457066,0.24485368,0.22856626,0.23938474,0.13246891,0.38165686,0.41123125,-0.008721019,0.41787955,0.539639,0.42600107,0.21898012,0.15888949,0.52211237,0.41901976,0.6033217,0.56121933,0.33961365,0.6720397,0.72598577,0.5779071,0.70893776,0.5155272,0.7274913,0.5819166,0.4936551,0.50991076,0.58218175,0.28532854,0.42749515,0.48909608,0.6425511,0.6855948,0.59789807,1.0,0.61364126,0.6827884,0.5764976,0.5781609,0.52393246,0.5949498,0.47402442,0.52886355,0.537517,0.49612957,0.5656538,0.4008758,0.53385496,0.38575616,0.22034322,0.43982497,0.22096758,0.2720297,0.12226302,0.13146876,-0.07149247,0.06918563,0.06086863,0.0685381,0.017297512,-0.27939498,-0.25355864,-0.27442726,-0.28714874,-0.27809173
233,-0.2588705,-0.3401948,-0.2140147,-0.16874054,-0.2241315,-0.17739977,-0.10764935,-0.07857554,-0.14975709,-0.062209506,0.022249639,-0.023479698,-0.1699252,0.045972195,0.19047496,0.102299355,0.34392798,0.3597515,0.09225639,0.16324398,-0.016107159,-0.06670671,0.20192567,-0.20100991,-0.22334357,-0.38760403,-0.3962888,-0.36377123,-0.23215295,-0.29574206,-0.3257415,-0.29440427,-0.3526161,-0.318321,-0.43246597,-0.40122402,-0.3233951,-0.3662487,-0.26792687,-0.24585599,-0.078508414,-0.0015070646,0.015628258,0.22046359,0.16120139,0.48488054,0.21164604,0.27327597,0.23417976,0.16473098,0.071381465,0.055013373,0.08467057,0.10514702,-0.24290799,-0.10728203,0.0017544123,-0.24267347,-0.15876135,-0.11835426,-0.31314173,-0.2660463,-0.34494752,-0.35397643,-0.42281047,-0.41246387,-0.4169218,-0.41424456,-0.37705854,-0.38615835,-0.35022706,-0.38238898,-0.34741822,-0.3376051,-0.3751781,-0.4170869,-0.25224963,-0.24888737,-0.12070067,-0.047647752,0.16885,0.004084413,0.24551602,0.34041816,0.34162942,0.30959538,0.37601134,0.25926673,0.32648945,0.23899132,0.31793717,0.33990106,0.19621038,0.13142966,0.0708951,0.06426909,0.06706263,-0.018283905,-0.1713359,-0.21057476,-0.21517004,-0.4406007,-0.45704004,-0.46021023,-0.41555128,-0.44817057,-0.4439125,-0.1406389,-0.22668138,-0.32432535,-0.2543599,0.27524662,0.19505312,-0.12919128,0.0136311725,-0.06400815,0.0034118686,0.030529588,0.17454484,-0.014769488,0.033526126,0.026757222,0.05867956,0.07534939,-0.014465299,0.08631727,0.055037472,-0.099536374,-0.00430002,0.038670603,-0.050845113,0.06545437,0.0027240508,0.017524743,0.0024291722,0.1041788,0.21228524,0.2874805,0.21441515,0.11357503,0.370549,0.28951308,0.26956648,0.3281424,0.31968454,0.17618583,0.26832536,-0.091956116,0.08459879,0.058104765,0.062083717,0.10565269,0.08006577,0.030100921,0.07812176,0.16032644,0.10004522,0.1694817,0.3238187,0.37268803,0.5546319,0.3528482,0.39498198,0.33857358,0.5577726,0.7685352,0.5879323,0.5304314,0.76204634,0.5138364,0.7672365,0.82306105,0.8557981,0.73804766,0.74216163,0.6642332,0.8036065,0.7199341,0.78345007,0.62566966,0.7338947,0.64128613,0.41693532,0.40945005,0.2850874,0.5642721,0.11189326,-0.041047268,-0.2843853,-0.17986968,-0.26422763,-0.004970857,0.088139884,0.05702999,0.50862527,0.44029745,0.4763101,0.28331894,0.5558577,0.466408,-0.08513706,0.47389698,0.5374053,0.2883137,0.13980801,0.08122537,0.48715213,0.41158321,0.5456257,0.58960074,0.46624216,0.60409737,0.79447705,0.7089768,0.80786544,0.5061058,0.8064769,0.7991457,0.6563097,0.681693,0.8050235,0.5346193,0.6947055,0.7348238,0.8324026,0.8478289,0.7830339,0.61364126,1.0,0.9584798,0.88100874,0.9455662,0.80657506,0.94133335,0.690484,0.87067944,0.8579615,0.76444656,0.8206638,0.529482,0.7866023,0.43401432,0.364448,0.59769934,0.23953816,0.26848137,0.06788337,0.15131812,0.15475439,0.16265675,0.34074026,0.33255956,0.21243738,-0.41479447,-0.41786525,-0.4378663,-0.4502913,-0.41364372
234,-0.29861122,-0.37590623,-0.26984644,-0.21273983,-0.26514772,-0.22478744,-0.14596908,-0.109506235,-0.1804517,-0.089895695,-0.007749625,-0.04973538,-0.19884126,0.020067092,0.16718264,0.086236514,0.31519896,0.33872157,0.06594237,0.16818967,-0.058191124,-0.11041318,0.1772179,-0.2302029,-0.2593468,-0.40107337,-0.41069773,-0.38045046,-0.24240914,-0.28349978,-0.30881444,-0.2752405,-0.35531163,-0.32855105,-0.44444185,-0.4221225,-0.3546867,-0.3843408,-0.29802564,-0.2809299,-0.12655671,-0.03456066,-0.007700261,0.19692007,0.15618056,0.47221833,0.2049977,0.2960161,0.23685895,0.17297238,0.05625436,0.06058235,0.07912671,0.10673551,-0.24904285,-0.1211835,-0.019138541,-0.25752887,-0.16778554,-0.13838735,-0.33444256,-0.28446293,-0.3686917,-0.38077924,-0.4447532,-0.42218864,-0.43340316,-0.423341,-0.40706342,-0.4053898,-0.3831078,-0.41463506,-0.3782159,-0.34974357,-0.40772852,-0.44074103,-0.28667676,-0.28315398,-0.156668,-0.06467825,0.15701133,0.0048526125,0.24595372,0.32734793,0.35530037,0.31296822,0.3756538,0.2592666,0.3334853,0.2501317,0.3335589,0.3575631,0.20540193,0.14211273,0.070928656,0.06096722,0.06914439,-0.022201203,-0.17024337,-0.20011753,-0.21906538,-0.45554876,-0.47185543,-0.46702197,-0.43246153,-0.45627928,-0.44811064,-0.14571676,-0.23498417,-0.32794255,-0.24875562,0.30317798,0.21033908,-0.14011286,0.017739983,-0.05988077,0.0054122387,0.028306467,0.16955192,-0.01609769,0.051595706,0.048567463,0.037246786,0.045703743,-0.025364872,0.06602637,0.03275804,-0.13005628,-0.035443407,0.017583735,-0.07772364,0.03623294,-0.034211434,-0.029308485,-0.04280792,0.0787881,0.17091763,0.24795118,0.18313585,0.1116979,0.34694377,0.26354843,0.25224108,0.3176118,0.3150414,0.16755742,0.258118,-0.10637565,0.08268431,0.05072174,0.05962854,0.10086619,0.07242655,0.039797466,0.05418572,0.14902076,0.109392524,0.14761892,0.30867663,0.37726343,0.5499134,0.36704803,0.38527146,0.36154518,0.49238428,0.7157951,0.5101774,0.42959997,0.77308196,0.5276829,0.78628147,0.8423916,0.8705497,0.76164776,0.7662018,0.6923223,0.8177662,0.72574884,0.8123516,0.63676775,0.75312823,0.6688494,0.43056,0.40659177,0.28945312,0.5708282,0.12783113,-0.046648942,-0.2816508,-0.17638588,-0.26921716,-0.02309738,0.096396625,0.0679314,0.518597,0.46539822,0.49784034,0.30764097,0.58452314,0.5061825,-0.068215534,0.50846934,0.5797575,0.3325936,0.15725501,0.0943525,0.5106987,0.40897343,0.5734443,0.58883494,0.41670176,0.64425004,0.8239345,0.72551936,0.837753,0.53982663,0.8423969,0.8319855,0.69224596,0.7121973,0.83332866,0.5524624,0.7220756,0.7649498,0.8686456,0.8873984,0.8170313,0.6827884,0.9584798,1.0,0.854975,0.8940032,0.7941087,0.89785284,0.6660417,0.82691795,0.81155986,0.72375256,0.81083083,0.5452564,0.7661163,0.41978052,0.32209852,0.5972549,0.2304554,0.259263,0.065339364,0.15201502,0.12487292,0.16905464,0.34101468,0.3332032,0.21508363,-0.40643254,-0.4030234,-0.42526057,-0.43866807,-0.40527633
235,-0.30649945,-0.37642413,-0.222938,-0.22231102,-0.29678872,-0.21200219,-0.16340767,-0.119921125,-0.2037195,-0.09875113,-0.040553972,-0.08840933,-0.2232091,-0.028691918,0.127705,0.054427657,0.27548102,0.28889102,0.07989555,0.13864106,-0.04692927,-0.081413664,0.1666865,-0.18825807,-0.23026364,-0.34475055,-0.3600451,-0.34497577,-0.24038036,-0.25752085,-0.26262277,-0.22876042,-0.28466466,-0.22330499,-0.3462257,-0.34084883,-0.28398216,-0.33545572,-0.3007416,-0.24974488,-0.08849013,-0.03593188,-0.024609769,0.1902302,0.1462995,0.43238723,0.23488045,0.18176696,0.1802473,0.11120028,0.06515885,-0.0024902895,0.02742834,0.06451678,-0.27583545,-0.17431489,-0.05799453,-0.29878297,-0.16613168,-0.17458043,-0.36693123,-0.32984927,-0.40479878,-0.40376803,-0.4539476,-0.42643297,-0.4250623,-0.44660592,-0.4230677,-0.40223366,-0.39750645,-0.4237875,-0.40009126,-0.3729367,-0.40176424,-0.436721,-0.28943616,-0.24314216,-0.19829956,-0.008569047,0.15658768,0.0075985105,0.21009313,0.32184458,0.37162817,0.33035734,0.3683356,0.25161463,0.33036378,0.2530603,0.35470223,0.3711723,0.2885367,0.22343421,0.11063272,0.074686594,0.027587323,-0.040954504,-0.22107483,-0.22673632,-0.21239299,-0.44760424,-0.4605032,-0.45984444,-0.45506173,-0.44643784,-0.43028158,-0.21454702,-0.27834532,-0.3630525,-0.2788626,0.21531779,0.16643415,-0.1432087,-0.008450983,-0.0404529,0.06532206,0.02630309,0.17143002,-0.020633603,-0.008606281,-0.024817474,0.08066043,0.088706926,-0.0066909054,0.06119122,0.081513844,-0.08034226,0.010438721,0.07500554,-0.025187388,0.048797347,0.0072310786,-0.0063790428,-0.03681725,0.052714985,0.16577075,0.2507365,0.19072472,0.11822036,0.3667353,0.28001353,0.27945682,0.294945,0.35620394,0.24061264,0.30702755,-0.05502022,0.17249626,0.08279525,0.11774948,0.10507855,0.07157166,0.0051819296,0.084225826,0.1865801,0.12915824,0.18693857,0.3654113,0.3807911,0.54250664,0.37560824,0.43168285,0.33939412,0.4029377,0.6732945,0.43612128,0.48400173,0.71802413,0.52545416,0.7426025,0.78574586,0.8049162,0.7010605,0.71599203,0.63136786,0.6765119,0.5889589,0.73693806,0.6230425,0.6820822,0.6001146,0.41266865,0.39401442,0.24022806,0.47682512,0.11663975,0.0077654934,-0.24229611,-0.117444545,-0.18640152,0.043287892,0.1196266,0.09167183,0.47584853,0.42324233,0.45011795,0.27660418,0.5120027,0.42189828,-0.093226954,0.41742536,0.49346715,0.20408513,0.06026546,0.008728082,0.36977834,0.2747137,0.42512035,0.502002,0.4097772,0.5391122,0.7672588,0.7010876,0.75545436,0.4917787,0.79142684,0.76390505,0.6440179,0.64612776,0.7657195,0.5345233,0.6640611,0.6968836,0.7822258,0.7785256,0.6912156,0.5764976,0.88100874,0.854975,1.0,0.7977493,0.6089411,0.79896206,0.55807465,0.74065715,0.7295071,0.6365389,0.7188355,0.48677298,0.6588423,0.36414254,0.2543016,0.52725846,0.18862392,0.19992194,0.02785189,0.1325419,-0.025698463,-0.07680247,0.24964866,0.23686168,0.16838685,-0.34879583,-0.35318887,-0.36720872,-0.3759477,-0.3504697
236,-0.18294135,-0.27246183,-0.15223289,-0.08890976,-0.13993593,-0.1198056,-0.03655633,-0.019053089,-0.079253934,-0.010534712,0.08596938,0.04661736,-0.09723932,0.10332811,0.24283244,0.14183275,0.37496343,0.39731526,0.11660071,0.17030406,0.019947844,-0.04147227,0.2071013,-0.18058038,-0.20463444,-0.37351933,-0.3678133,-0.32270783,-0.18840344,-0.27306038,-0.31856242,-0.292122,-0.33731413,-0.31000602,-0.43501732,-0.40246928,-0.31430724,-0.3598686,-0.2179587,-0.22285098,-0.05356826,0.022656986,0.039973304,0.22331525,0.16179536,0.4924079,0.21557876,0.2801735,0.25669268,0.1851059,0.06617485,0.08754737,0.12821716,0.11088614,-0.19810109,-0.04719812,0.054941796,-0.18106367,-0.14065139,-0.049856205,-0.24603328,-0.2004307,-0.26759014,-0.28486973,-0.37079015,-0.37219438,-0.37675366,-0.37455857,-0.30242905,-0.32782528,-0.27066234,-0.31141102,-0.26839682,-0.28200385,-0.3210435,-0.3722395,-0.19187889,-0.23884004,-0.08277287,-0.07487979,0.16217898,-0.000870864,0.24204272,0.32719883,0.2867438,0.26774573,0.33862844,0.25093457,0.27376142,0.19035068,0.25136897,0.27339205,0.12520273,0.066450804,0.034787457,0.040820647,0.07434059,-0.013522557,-0.15201361,-0.21570206,-0.18038927,-0.41693497,-0.4361964,-0.44143695,-0.35821342,-0.40408647,-0.41588125,-0.072759785,-0.1541958,-0.26643878,-0.24016708,0.23681687,0.14581907,-0.12033417,0.013554285,-0.08819667,-0.043435957,-0.0025340077,0.13001627,-0.05529162,0.014356633,0.015592303,0.008753337,0.031283855,-0.046246134,0.06927079,0.0029159123,-0.13023522,-0.03995658,0.004991098,-0.094131626,0.051041417,-0.003473105,0.047150094,0.047715798,0.1424231,0.25909835,0.2964373,0.19832905,0.095733844,0.34342504,0.29004782,0.22232294,0.3080293,0.25676134,0.10912026,0.20203485,-0.13283144,0.023580596,0.021960773,0.014563783,0.06970758,0.049708635,0.011977159,0.05944945,0.11655276,0.059034076,0.1564311,0.2711053,0.3414957,0.51102865,0.31367522,0.34225145,0.27869025,0.61576635,0.77248585,0.6379405,0.5625029,0.7073471,0.43261468,0.67705476,0.7417531,0.7951562,0.65398324,0.65246534,0.5875501,0.7909038,0.7207276,0.7084992,0.536575,0.6978769,0.5801188,0.33907104,0.37698904,0.31514746,0.5883752,0.08138827,-0.08101311,-0.26912153,-0.20805371,-0.29833195,-0.045068022,0.007153584,-0.02141782,0.43970618,0.35535207,0.39747387,0.21681035,0.500157,0.42579508,-0.066991836,0.46715188,0.51212305,0.32079035,0.20062023,0.1474145,0.54729563,0.50709665,0.6020839,0.64004964,0.54758334,0.618709,0.76710755,0.6763874,0.7824269,0.4702606,0.74040055,0.72154474,0.585223,0.62112814,0.7309581,0.44859704,0.61634296,0.6561107,0.7611167,0.78344786,0.7288093,0.5781609,0.9455662,0.8940032,0.7977493,1.0,0.83816737,0.9828056,0.73962134,0.91682494,0.9123846,0.8242744,0.8441222,0.5241012,0.8292749,0.49959314,0.4680689,0.6194344,0.29345492,0.3352178,0.13117474,0.16766298,0.24129432,0.24245541,0.3431961,0.33993757,0.21190129,-0.41464955,-0.4212433,-0.44118243,-0.45398685,-0.41056952
237,-0.21343327,-0.28287876,-0.20169313,-0.14125766,-0.17196396,-0.15785378,-0.09310885,-0.055868227,-0.12649181,-0.063480146,0.013884043,-0.021408392,-0.13861056,0.031526465,0.14502466,0.06908257,0.26184028,0.27180994,0.017234638,0.09750531,-0.07205441,-0.11522653,0.1613741,-0.20449875,-0.22859137,-0.378016,-0.41075233,-0.37211978,-0.2719109,-0.38763505,-0.41746765,-0.39800483,-0.4508174,-0.43811736,-0.49241886,-0.4181882,-0.3476259,-0.35283974,-0.24978437,-0.25573704,-0.1332535,-0.055371627,-0.018148398,0.11006039,0.09406582,0.36346158,0.12704001,0.20809352,0.1668909,0.11403291,0.05676858,0.031104336,0.0537057,0.054461002,-0.22818139,-0.093048334,-0.024997007,-0.20307371,-0.1589085,-0.09978372,-0.25383678,-0.20156433,-0.26949155,-0.28572914,-0.3395339,-0.3300324,-0.34153062,-0.325381,-0.2895914,-0.29578772,-0.26231125,-0.2999428,-0.26468083,-0.2796601,-0.30861628,-0.34228206,-0.20856425,-0.24676524,-0.076519944,-0.12586044,0.08835547,-0.033697665,0.1832658,0.22058314,0.21184917,0.18462126,0.24794193,0.1842294,0.19302152,0.12139132,0.16373698,0.18487161,0.043214835,0.006275532,-0.022657795,-0.014370075,0.015819855,-0.067981414,-0.13819715,-0.20166765,-0.23888806,-0.36375582,-0.37359798,-0.37936172,-0.33001223,-0.35940462,-0.35764754,-0.1257279,-0.17497694,-0.2643873,-0.1981359,0.24992017,0.15194209,-0.13802683,-0.006231837,-0.11740331,-0.07400525,0.04007395,0.13039401,-0.010239702,0.002119882,0.016258841,-0.0021623229,0.015251177,-0.017773706,0.07893699,-0.002365586,-0.123498484,-0.053551443,0.023086272,-0.06330125,0.08100621,-0.056798942,-0.040997032,-0.050291903,0.053492982,0.12173934,0.21136367,0.15033554,0.09347214,0.26131815,0.19844681,0.1597781,0.26991153,0.1870759,0.077170275,0.16401513,-0.1377117,-0.012705017,-0.023790138,-0.038855862,0.026517086,0.025607906,0.03136084,0.008020707,0.03864036,0.011264882,0.064146645,0.15728085,0.22126572,0.3793384,0.23097315,0.22136323,0.3204738,0.556105,0.6531683,0.58031136,0.38126555,0.62026316,0.45189354,0.64279616,0.69242066,0.7173964,0.671883,0.63394445,0.56640947,0.74554795,0.6848399,0.66287035,0.49681994,0.5898968,0.51374424,0.31730247,0.23686141,0.13380997,0.42158908,0.029232187,-0.14050964,-0.3590342,-0.2019915,-0.31141,-0.060091034,0.07351504,0.064309426,0.43779552,0.40063593,0.43168122,0.23152266,0.4880993,0.39107564,-0.13851866,0.37829703,0.40999946,0.23138347,0.083828956,0.043208297,0.40952495,0.35514835,0.4863117,0.47585547,0.32555807,0.4983675,0.62577724,0.5562211,0.65392244,0.38352516,0.6390745,0.6726056,0.5256665,0.57843786,0.6847724,0.43924323,0.6010063,0.64582556,0.72101027,0.7428244,0.74611706,0.52393246,0.80657506,0.7941087,0.6089411,0.83816737,1.0,0.82714516,0.5856086,0.6929723,0.6721159,0.5984767,0.64108676,0.4238933,0.61482835,0.3132481,0.31018642,0.41415808,0.10441705,0.13943295,-0.037871055,0.007769538,0.33261815,0.39887446,0.54926616,0.53758943,0.35726437,-0.32027546,-0.3238694,-0.34214178,-0.35445213,-0.31823045
238,-0.2052764,-0.2963119,-0.17867202,-0.11086602,-0.16010922,-0.14245713,-0.05989166,-0.033392165,-0.099304065,-0.0319397,0.06879081,0.028810827,-0.11621334,0.082691446,0.22716045,0.1289019,0.36221704,0.38111407,0.10260143,0.1547451,-0.0068188705,-0.06972266,0.18597682,-0.19761078,-0.22931296,-0.38660464,-0.37961358,-0.33499986,-0.1995878,-0.2772055,-0.3262068,-0.29789382,-0.35177165,-0.33078802,-0.4508711,-0.4200128,-0.3328608,-0.37416935,-0.23720247,-0.2474695,-0.0847067,-0.004848964,0.022802185,0.1997315,0.14292605,0.47555688,0.21104078,0.27986744,0.23924778,0.1720361,0.04115205,0.07118366,0.1127005,0.087298065,-0.217986,-0.06651126,0.03644567,-0.20339255,-0.16280736,-0.068396755,-0.2670613,-0.22143178,-0.28610027,-0.3061365,-0.38914713,-0.3896755,-0.39441475,-0.38745236,-0.32401967,-0.34644622,-0.29276627,-0.3337538,-0.28982425,-0.29630765,-0.3435691,-0.39140683,-0.21250033,-0.2598407,-0.099490575,-0.08889578,0.13945873,-0.013746726,0.2265765,0.31403914,0.27852467,0.24699093,0.32170683,0.23756745,0.26168308,0.17894962,0.24454673,0.2693714,0.1092287,0.052006014,0.009723275,0.011902852,0.05070044,-0.03768485,-0.17161387,-0.23247895,-0.20178567,-0.43415377,-0.45211536,-0.45552647,-0.3763694,-0.40993538,-0.42000732,-0.090694316,-0.1626873,-0.27884436,-0.24922596,0.23231758,0.15290897,-0.14636081,-0.0022964634,-0.11474672,-0.07182838,-0.024397185,0.11676449,-0.071672134,0.008127149,0.015229632,-0.009469096,0.012875744,-0.060653627,0.05870387,-0.016028695,-0.15034598,-0.059517115,-0.017003583,-0.113573216,0.04421077,-0.026238972,0.024879158,0.02454857,0.13186628,0.23741719,0.27285534,0.17383078,0.07617125,0.3204307,0.26763177,0.20265971,0.30026743,0.23971693,0.09011934,0.18388776,-0.15050496,0.003994011,0.013830215,0.0041154926,0.05509469,0.03707703,0.011486826,0.049513355,0.104938634,0.048407502,0.14799999,0.26438376,0.33894834,0.524803,0.32625625,0.35169673,0.28408846,0.6125607,0.7706751,0.63613033,0.5549346,0.7097632,0.43292332,0.68134505,0.7442777,0.7953254,0.65209186,0.64823633,0.5876458,0.7758658,0.706685,0.69973063,0.52778155,0.6959004,0.55816156,0.31869957,0.36202615,0.28389543,0.55528915,0.046058644,-0.10329623,-0.2978084,-0.23391183,-0.32028177,-0.06302692,-0.016754126,-0.040699296,0.42502996,0.33506575,0.37946206,0.18455741,0.4764388,0.39114612,-0.10559407,0.44354466,0.48572505,0.2935625,0.16703619,0.114276715,0.5225463,0.48260713,0.58122826,0.6266686,0.51939386,0.6013252,0.7524066,0.6617487,0.76321465,0.45548126,0.7415485,0.70547396,0.5632948,0.6006795,0.7267289,0.44048423,0.59814495,0.6444964,0.75645757,0.78815395,0.7375863,0.5949498,0.94133335,0.89785284,0.79896206,0.9828056,0.82714516,1.0,0.70501906,0.89741474,0.90202874,0.8157518,0.8210945,0.51178265,0.8167855,0.48995042,0.43454254,0.6030053,0.28588158,0.32513288,0.11193054,0.15881227,0.23523396,0.26299134,0.33898857,0.33503336,0.20172608,-0.3846769,-0.39244515,-0.41219443,-0.4248385,-0.38059565
239,-0.053164493,-0.1348334,-0.083366826,0.025324456,-0.014404065,-0.02722424,0.078710176,0.05001114,0.05683847,0.08703081,0.1875227,0.17653078,0.025551174,0.22128151,0.3110992,0.20169824,0.38579443,0.4184922,0.16348624,0.17679602,0.081814155,-0.0022886104,0.1376082,-0.12788035,-0.13838178,-0.2773773,-0.22642615,-0.18076654,-0.03975216,-0.07954229,-0.1379458,-0.11095429,-0.1689219,-0.17083427,-0.32446247,-0.31873775,-0.24794406,-0.27556822,-0.11201698,-0.14776805,-0.005867666,0.08817318,0.11810441,0.24655429,0.20150438,0.45087868,0.24209027,0.32737583,0.3266287,0.27621478,0.032975275,0.2128504,0.23645914,0.17482583,-0.02834239,0.106421344,0.16562298,-0.01643106,-0.03632177,0.095129944,-0.07909695,-0.03839312,-0.09379451,-0.12458168,-0.23123279,-0.25188047,-0.25901285,-0.22873053,-0.16456783,-0.18873957,-0.13470899,-0.16846563,-0.12469798,-0.13069259,-0.19705452,-0.24714753,-0.08662273,-0.18572538,-0.007831585,-0.04270579,0.1843805,0.061504267,0.26240307,0.268391,0.20504367,0.20473737,0.2569107,0.21863456,0.19044286,0.14561601,0.14012776,0.15507504,0.025148872,-0.012334894,0.029774284,0.06169705,0.15000488,0.06955486,-0.046162862,-0.10336072,-0.025430793,-0.29678354,-0.31985906,-0.3086298,-0.19915012,-0.26629418,-0.2859611,0.109254405,0.016783822,-0.09120461,-0.14785698,0.20542172,0.096071936,-0.05915413,0.042402983,-0.038804047,-0.04983144,-0.073427096,-0.009996788,-0.0989765,0.0403748,0.042469285,-0.10078623,-0.079675354,-0.08386799,-0.0072772847,-0.11464855,-0.19040123,-0.12660521,-0.041080862,-0.1986903,-0.0327101,-0.033483613,0.059736896,0.09832787,0.20219254,0.29048553,0.20658937,0.093447916,0.055164553,0.21692763,0.21206252,0.10315576,0.1780582,0.1491732,-0.017615858,0.07112991,-0.15226786,-0.08043713,-0.049538843,-0.07103297,-0.013506992,-0.03427805,-0.030371675,-0.034515217,0.0004966228,-0.01676067,0.046832185,0.09820451,0.21093012,0.32028496,0.21779476,0.16808802,0.06520274,0.4144789,0.49099162,0.4108553,0.3633132,0.44563013,0.15178686,0.37918642,0.45029342,0.5253755,0.37111467,0.36616647,0.35640872,0.5804546,0.52339774,0.4567458,0.26898643,0.5094965,0.41316813,0.15227994,0.25976375,0.38683504,0.5736981,0.06991719,-0.107692584,-0.118176304,-0.20434386,-0.26321402,-0.15112598,-0.13675886,-0.16784124,0.24996915,0.1614185,0.19565189,0.105768114,0.35835832,0.37723565,0.06603773,0.42320478,0.49620256,0.4493221,0.3582175,0.31653523,0.636582,0.6100201,0.664097,0.6379917,0.5374322,0.609733,0.6393247,0.5520426,0.65695673,0.38820538,0.5768197,0.49835065,0.40072784,0.46182898,0.4883193,0.24194215,0.39485767,0.41331527,0.5254639,0.56097424,0.4802585,0.47402442,0.690484,0.6660417,0.55807465,0.73962134,0.5856086,0.70501906,1.0,0.7723711,0.7606583,0.7179212,0.7346164,0.4351705,0.731804,0.5326662,0.5255181,0.5781701,0.36423773,0.4313087,0.28223747,0.19485667,0.19292656,0.22054347,0.1340332,0.14381526,0.07926231,-0.35415822,-0.35079312,-0.3762618,-0.38939217,-0.3469902
240,-0.07381807,-0.15143126,-0.05329896,0.009922015,-0.03730107,-0.032056257,0.063780546,0.044271246,0.021570003,0.07172965,0.16068406,0.12856856,-0.008480198,0.18447192,0.29321,0.19446707,0.39617014,0.4321446,0.19179197,0.21152799,0.13226381,0.07406837,0.2551231,-0.08238741,-0.0869091,-0.25807294,-0.2381581,-0.20084824,-0.0679304,-0.137344,-0.19138859,-0.16716608,-0.19573647,-0.17676185,-0.309822,-0.28262135,-0.19348349,-0.25523636,-0.1017992,-0.09993049,0.06649644,0.13858004,0.1275849,0.31514487,0.2219646,0.5043039,0.23432527,0.3357056,0.312013,0.2402007,0.076935194,0.15760367,0.197285,0.1841597,-0.09803696,0.048754938,0.1434509,-0.06887772,-0.06718152,0.030293187,-0.13047397,-0.10206664,-0.15559234,-0.1633659,-0.2548887,-0.26520702,-0.269087,-0.270352,-0.19395523,-0.2245951,-0.1692107,-0.19940726,-0.16352643,-0.16296047,-0.20412453,-0.25428107,-0.089609616,-0.14076377,-0.008805248,0.00569472,0.24172284,0.062189654,0.2822312,0.35741046,0.2924529,0.32009122,0.37496614,0.28621203,0.31186914,0.24644421,0.26875907,0.28289548,0.1579134,0.09373305,0.11031765,0.12618029,0.17211147,0.09455603,-0.0499854,-0.112318106,-0.07326009,-0.30825692,-0.33160922,-0.33782178,-0.24333489,-0.33184662,-0.34890652,0.030454896,-0.061929975,-0.16938138,-0.17410344,0.2559122,0.15189597,-0.041822754,0.0626163,-0.00035653225,0.027416533,0.033178825,0.156813,0.005662521,0.09649902,0.07553691,0.08206086,0.100328825,-0.0027138866,0.08787961,0.06553281,-0.04947089,0.039984077,0.040164936,-0.036073465,0.07224798,0.09730299,0.15438896,0.1577367,0.19804223,0.3351416,0.34804055,0.25719035,0.102131754,0.3669358,0.31987062,0.25848532,0.32236242,0.2747997,0.1477469,0.22441243,-0.0706762,0.077215806,0.11567617,0.08933505,0.16244009,0.15556535,0.043594833,0.16318667,0.22389728,0.1422102,0.25446066,0.34072235,0.39263344,0.54467916,0.333622,0.35452744,0.23172064,0.6204424,0.7575652,0.6058869,0.5976578,0.6651876,0.3368041,0.60395336,0.6656726,0.71492535,0.57225925,0.59210104,0.52337354,0.762447,0.6926149,0.6741486,0.52154213,0.6976504,0.6206621,0.38129935,0.50176245,0.49937606,0.7156513,0.22326954,0.04562552,-0.079219624,-0.12976351,-0.19050609,0.00028643597,0.037459087,-0.009536901,0.418631,0.33848664,0.37277085,0.27809808,0.5047902,0.48457512,0.10632345,0.5284394,0.5688436,0.42573133,0.35329196,0.28917405,0.63291544,0.5939904,0.6470705,0.6670471,0.6283591,0.64656264,0.7556055,0.64831907,0.77942485,0.47761682,0.6830357,0.6801754,0.5702969,0.594752,0.66348886,0.4002854,0.5697761,0.58891577,0.68701744,0.7010648,0.62754196,0.52886355,0.87067944,0.82691795,0.74065715,0.91682494,0.6929723,0.89741474,0.7723711,1.0,0.9717881,0.8895133,0.92418957,0.5592478,0.92157704,0.5961329,0.5720628,0.7549224,0.45174226,0.48726737,0.3152538,0.31095222,0.26744902,0.20992914,0.20725515,0.21029793,0.11044965,-0.51125175,-0.513421,-0.5353098,-0.54802185,-0.50642574
241,-0.06996348,-0.16223648,-0.064963296,0.013038785,-0.034677554,-0.046109337,0.057758007,0.03554654,0.017739978,0.06473186,0.16388272,0.13665396,0.0009999444,0.17913665,0.2923817,0.19395174,0.39350876,0.42564118,0.18538289,0.20453964,0.11210956,0.042928398,0.21879038,-0.10625432,-0.11875053,-0.26977414,-0.23138137,-0.18853699,-0.04474361,-0.10508074,-0.16428323,-0.13827337,-0.17814241,-0.16853446,-0.31304687,-0.3074719,-0.21933672,-0.27271864,-0.10904456,-0.13087286,0.031262312,0.108472936,0.1076527,0.2853174,0.1967116,0.4883535,0.22128128,0.32698804,0.29378656,0.22501285,0.041030835,0.14164566,0.18971245,0.14876185,-0.1112116,0.041847598,0.13501921,-0.08193672,-0.086636916,0.030751476,-0.13972747,-0.11041173,-0.15833293,-0.17280415,-0.27185267,-0.2881557,-0.28655577,-0.28371,-0.20342463,-0.22904949,-0.1736241,-0.20841049,-0.168369,-0.16168895,-0.2184046,-0.27371585,-0.101331726,-0.18180089,-0.030467926,-0.027900418,0.20234734,0.045691747,0.25480956,0.3292609,0.26205882,0.2730918,0.33249038,0.26235697,0.2686008,0.21304879,0.22271468,0.24180195,0.10472801,0.04497516,0.049366254,0.068081416,0.13331404,0.055486914,-0.0810115,-0.1400259,-0.05807759,-0.3379364,-0.363664,-0.3674657,-0.25633025,-0.33883128,-0.35948464,0.031012706,-0.057654075,-0.17390725,-0.19551373,0.23384209,0.14681345,-0.08048975,0.028860474,-0.05293962,-0.038145572,-0.042477854,0.08686365,-0.058633104,0.072077565,0.060866233,0.009493744,0.029318865,-0.049581468,0.043266386,-0.008873991,-0.11708018,-0.029203232,-0.016360655,-0.109847434,0.03660532,0.053443003,0.13357969,0.1484464,0.20332251,0.33576605,0.31392965,0.20320666,0.08658656,0.32291666,0.29177862,0.2066058,0.29833397,0.23545821,0.08596683,0.17489968,-0.10932087,0.023623079,0.06469788,0.0390678,0.110312834,0.10300338,0.020212565,0.12260034,0.17606325,0.09424733,0.22717588,0.3068026,0.38626495,0.54840493,0.34189004,0.34547636,0.18207607,0.61220974,0.7448185,0.5852007,0.592016,0.64612675,0.29675123,0.5550529,0.62115985,0.6882147,0.5052161,0.52338856,0.4830541,0.7155756,0.6517022,0.60791445,0.44695145,0.67147696,0.5382082,0.28416064,0.45585716,0.46999717,0.6728105,0.12901367,-0.023761282,-0.099394426,-0.17765175,-0.24404056,-0.05935798,-0.07568006,-0.120767206,0.33291215,0.23084095,0.27441984,0.1628601,0.42590597,0.39269924,0.052075725,0.4817119,0.5163243,0.39814362,0.33886153,0.27938625,0.6349044,0.61846405,0.6526597,0.6949515,0.6518099,0.64161015,0.73545563,0.6224563,0.7477017,0.4384839,0.66345274,0.6035837,0.48877856,0.5197066,0.6020402,0.31518534,0.4811711,0.506994,0.6269254,0.6563754,0.5783827,0.537517,0.8579615,0.81155986,0.7295071,0.9123846,0.6721159,0.90202874,0.7606583,0.9717881,1.0,0.94010854,0.89885813,0.5399137,0.9282111,0.64119864,0.59125113,0.74626225,0.48228186,0.52201116,0.3287696,0.3095178,0.25839707,0.2150315,0.18711905,0.1941854,0.10530816,-0.458641,-0.45831144,-0.48140365,-0.49460897,-0.45287094
242,-0.051938396,-0.13916516,-0.06766271,0.022900606,-0.017514952,-0.036619946,0.059966896,0.037113655,0.028234007,0.066780254,0.15715526,0.13934174,0.01769161,0.17311002,0.2660044,0.1781411,0.35074362,0.38607237,0.16315252,0.17722291,0.09432364,0.023358177,0.17395142,-0.1170736,-0.12497736,-0.25312808,-0.20553675,-0.1635037,-0.021205978,-0.07068067,-0.13129708,-0.11019628,-0.15033145,-0.15433335,-0.28636658,-0.2993608,-0.21597196,-0.259492,-0.08498745,-0.12879708,0.00976351,0.08565587,0.09753154,0.2437015,0.17353189,0.43404058,0.17781468,0.3223757,0.26468548,0.21066406,0.003017379,0.14052917,0.17930287,0.123532645,-0.09016761,0.05319442,0.13294758,-0.059669275,-0.078856386,0.047585264,-0.11111592,-0.08741774,-0.12403122,-0.14347425,-0.24213384,-0.25676808,-0.2575799,-0.2510354,-0.17821866,-0.20927289,-0.14661877,-0.18300474,-0.14243783,-0.13776828,-0.19608459,-0.24703518,-0.0916582,-0.18490179,-0.017682208,-0.050965954,0.16660747,0.035996843,0.2322813,0.27237195,0.21098526,0.22338821,0.27839094,0.23108321,0.22144054,0.17908263,0.17468053,0.19324481,0.058702346,-0.00068107253,0.012502733,0.033316787,0.10911236,0.03797829,-0.078247406,-0.13094315,-0.01337067,-0.3116166,-0.3384617,-0.33777532,-0.21959904,-0.3093856,-0.33594033,0.045959752,-0.045849755,-0.14934264,-0.18230575,0.21863051,0.14174648,-0.083177164,0.018025309,-0.069362745,-0.074416235,-0.08335073,0.03176104,-0.093466684,0.06764344,0.05988564,-0.04764467,-0.030286111,-0.07691621,0.017700221,-0.065139525,-0.1610892,-0.077565625,-0.045992732,-0.15428379,0.0045301802,0.019076306,0.1044489,0.13131325,0.19544725,0.30666792,0.25760528,0.15006724,0.062153917,0.257936,0.2448519,0.14752561,0.24887758,0.1804737,0.028441608,0.11926558,-0.1352441,-0.027784916,0.01476887,-0.011064029,0.05819308,0.056230146,-0.001281937,0.08052276,0.11556609,0.04514108,0.18278679,0.23838714,0.34388182,0.5026325,0.3026362,0.2801732,0.11490888,0.5839674,0.688591,0.5267442,0.5416198,0.58385706,0.23685771,0.46371695,0.52996486,0.6073549,0.40611959,0.41936278,0.4038617,0.63360685,0.57845366,0.5031515,0.34431103,0.5923315,0.43703428,0.18927404,0.38033262,0.41659832,0.6014746,0.061515145,-0.06976976,-0.09458824,-0.17949256,-0.25674504,-0.10058253,-0.15430757,-0.19928777,0.22745284,0.12923543,0.17720148,0.07207795,0.3378849,0.30987203,0.02616531,0.41391027,0.44834056,0.3705291,0.32153556,0.26966143,0.61010367,0.6158699,0.6292146,0.6678181,0.6258089,0.6002399,0.6555103,0.5508937,0.66359705,0.38607267,0.5683989,0.49817246,0.39532667,0.4351715,0.5026383,0.21357277,0.3863125,0.41018614,0.5286135,0.56475097,0.487899,0.49612957,0.76444656,0.72375256,0.6365389,0.8242744,0.5984767,0.8157518,0.7179212,0.8895133,0.94010854,1.0,0.81535786,0.46848282,0.8646501,0.61343575,0.5767359,0.67946047,0.45880345,0.49833283,0.31276363,0.27970555,0.23950721,0.23095636,0.13394941,0.14160179,0.07174541,-0.3944057,-0.38744387,-0.41105416,-0.42427126,-0.38803154
243,-0.026949385,-0.095478766,-0.02192395,0.044682674,-0.0040881843,0.00383418,0.10523321,0.08810386,0.059059333,0.10862803,0.1851628,0.14725661,0.026435385,0.19963899,0.30381432,0.20442888,0.38022512,0.43195862,0.19997577,0.25364718,0.17788725,0.12720306,0.29605928,-0.024165614,-0.023230467,-0.17297569,-0.15600286,-0.12831646,-0.0013784284,-0.051931188,-0.08100969,-0.05870161,-0.096620984,-0.07879183,-0.21444793,-0.20598522,-0.13268153,-0.19692542,-0.050462507,-0.03319378,0.11802615,0.19210082,0.15775493,0.36871174,0.25597343,0.5092343,0.24360001,0.3465612,0.3429293,0.26337513,0.10046499,0.18024507,0.2165502,0.24836841,-0.059419233,0.07897728,0.15980962,-0.01865864,-0.008509602,0.04510786,-0.07388405,-0.04687469,-0.10668952,-0.108510025,-0.19127727,-0.20057538,-0.21397042,-0.19574414,-0.1406905,-0.16406909,-0.118350744,-0.14055982,-0.11162767,-0.094084226,-0.14037292,-0.18688183,-0.040947508,-0.07790578,-0.004583947,0.06715704,0.2979915,0.11732181,0.31730375,0.37825114,0.33386204,0.39767173,0.42465922,0.32542536,0.36334008,0.3100349,0.31013554,0.31765828,0.22680438,0.17181052,0.1958905,0.22296874,0.24328832,0.17220755,0.027549965,-0.016300306,0.031239945,-0.24165472,-0.271074,-0.2683132,-0.18001549,-0.29504177,-0.31225955,0.07325824,-0.04035124,-0.12149533,-0.11945356,0.3085495,0.17651065,0.019235171,0.11354221,0.09714009,0.13197245,0.11250505,0.20388208,0.08969499,0.1604519,0.12408544,0.1504773,0.1593665,0.054280657,0.1143593,0.13304213,0.005827744,0.10262214,0.08574333,0.023154866,0.0808708,0.15955494,0.20385851,0.19829138,0.21070483,0.35510164,0.3811009,0.30984345,0.13018112,0.41510007,0.3522682,0.32158327,0.3671771,0.3335289,0.22486676,0.2856973,-0.03422131,0.16796048,0.18030442,0.1590458,0.24526754,0.23779696,0.098195426,0.22378571,0.3108287,0.22290899,0.318379,0.41156015,0.46749377,0.57783467,0.39956093,0.38224876,0.2881509,0.5364794,0.6888548,0.46812198,0.47903603,0.6749455,0.35705337,0.61346126,0.67754596,0.7168351,0.5926969,0.62843233,0.56848943,0.79150677,0.70865464,0.7303141,0.5731848,0.75114393,0.72590303,0.46557578,0.5913975,0.63231665,0.82988197,0.35394365,0.15200415,0.054222304,-0.034615844,-0.09204989,0.060467295,0.11592467,0.05330906,0.45000294,0.40509936,0.42593348,0.391466,0.58278894,0.6093687,0.24984835,0.62357235,0.6900204,0.55426735,0.47941914,0.39556912,0.7241874,0.6448599,0.7122137,0.6930195,0.63733596,0.72199255,0.81066996,0.69394875,0.84458655,0.55373925,0.7169922,0.7369191,0.6467404,0.6351875,0.6857722,0.4221362,0.6082812,0.6166628,0.7045509,0.6976673,0.6033925,0.5656538,0.8206638,0.81083083,0.7188355,0.8441222,0.64108676,0.8210945,0.7346164,0.92418957,0.89885813,0.81535786,1.0,0.63650644,0.9357747,0.62365645,0.61640704,0.84559536,0.5323511,0.56204575,0.41840398,0.3923124,0.2630068,0.15861961,0.22676711,0.23116964,0.14560567,-0.6131628,-0.6026795,-0.6239878,-0.6364688,-0.6083841
244,-0.031835627,-0.088886686,-0.040334363,-0.0062885936,-0.044442214,-0.039327376,0.040154524,0.023558427,-0.010571323,0.031258013,0.094773225,0.05630554,-0.032529857,0.10418979,0.16712996,0.11577998,0.23410419,0.26846433,0.08563381,0.1543386,0.09543461,0.07088919,0.19277592,-0.011161791,-0.02324438,-0.09528776,-0.094501145,-0.07793904,0.007105267,-0.0386464,-0.04632379,-0.033652183,-0.05910183,-0.034960505,-0.13696305,-0.13259917,-0.097620286,-0.1455764,-0.07216969,-0.049511954,0.06707069,0.10777529,0.08637724,0.21715553,0.152001,0.31417826,0.16346402,0.1828239,0.18724449,0.11879294,0.0979912,0.053610597,0.090595864,0.13957635,-0.090971895,6.183662e-05,0.08755198,-0.050577026,0.0013093746,-0.015649235,-0.09220088,-0.08580102,-0.10959257,-0.10378943,-0.15248159,-0.14381438,-0.17124142,-0.14421654,-0.10658982,-0.101212144,-0.090192825,-0.10916778,-0.08851603,-0.06468997,-0.110623434,-0.14152516,-0.058570404,-0.051089477,-0.068236224,0.04617611,0.19140854,0.07946089,0.18551208,0.26240745,0.24591391,0.25973308,0.26802814,0.20860405,0.23747815,0.20050766,0.24022654,0.24495356,0.1954108,0.16581693,0.13464162,0.145236,0.12710477,0.08593269,-0.012655455,-0.033204094,-0.033242688,-0.17559315,-0.19263008,-0.19624308,-0.1539104,-0.20856015,-0.21826291,-0.008880045,-0.074852705,-0.12513377,-0.12606944,0.17607321,0.092316516,-0.008216476,0.07522657,0.06828779,0.1109052,0.10958464,0.16434166,0.10027902,0.08159952,0.07164932,0.1371214,0.14006154,0.043853316,0.105087906,0.123012185,0.040480856,0.09391023,0.09679552,0.058924466,0.067437194,0.103829876,0.12159655,0.10227357,0.110921144,0.19467215,0.2561845,0.21069661,0.080527686,0.30500174,0.22811341,0.24812336,0.2665727,0.2593709,0.18977268,0.24097638,-0.019045768,0.13628347,0.1232854,0.122609854,0.18068318,0.17295362,0.09966933,0.16021727,0.2369891,0.19684069,0.23938963,0.31416494,0.339985,0.4193838,0.34808573,0.29204485,0.26897117,0.30010962,0.44240755,0.27620953,0.2879489,0.46518406,0.29591063,0.45887268,0.49560767,0.5092723,0.439166,0.47367197,0.45377725,0.5329069,0.46972504,0.5283249,0.43847218,0.50465035,0.51977766,0.36137533,0.40783823,0.39627916,0.5273614,0.26235232,0.12976593,0.025746742,0.0006830084,-0.036832143,0.06806129,0.14101095,0.10595861,0.3591643,0.32307842,0.34630454,0.30636942,0.44123358,0.42022282,0.15431704,0.42595273,0.45964602,0.33150795,0.27526972,0.21896757,0.4179273,0.3383901,0.41735294,0.40410534,0.36827597,0.46479243,0.55325407,0.4807168,0.5691218,0.37155944,0.51552504,0.5273265,0.45717,0.43793923,0.4796259,0.35435063,0.45157632,0.4540688,0.4997979,0.48569763,0.4328967,0.4008758,0.529482,0.5452564,0.48677298,0.5241012,0.4238933,0.51178265,0.4351705,0.5592478,0.5399137,0.46848282,0.63650644,1.0,0.5709245,0.3721072,0.36320513,0.5311625,0.32001632,0.3272941,0.2374813,0.26121145,0.14883325,0.060789872,0.21779199,0.21717021,0.167749,-0.41674918,-0.40692574,-0.4169613,-0.42469552,-0.41561714
245,0.012192084,-0.065073185,-0.0038425934,0.088543214,0.044726852,0.03103444,0.1361004,0.104824424,0.09399872,0.12453256,0.22006236,0.18811125,0.070838325,0.22814336,0.32060337,0.22432853,0.38488343,0.4289217,0.21591537,0.22851065,0.18932998,0.1294613,0.27265528,-0.010859257,-0.017032536,-0.16438456,-0.1321423,-0.100046925,0.027000694,-0.022713924,-0.072574995,-0.051544797,-0.090590894,-0.09493351,-0.2229625,-0.21171655,-0.13025409,-0.18642016,-0.02466018,-0.032508004,0.11357253,0.19274431,0.16786093,0.34462816,0.22313571,0.4817227,0.21334133,0.36055785,0.3315514,0.25380266,0.0535167,0.18343043,0.23243067,0.21671413,-0.037509117,0.108359195,0.18085244,0.006617729,-0.021293389,0.08169425,-0.04243814,-0.025825666,-0.06488067,-0.07386417,-0.1623868,-0.18730941,-0.19000892,-0.17054212,-0.10359474,-0.13637413,-0.08034471,-0.10661627,-0.07205812,-0.058594342,-0.11356507,-0.16350244,-0.014524823,-0.09409772,0.021922875,0.03589252,0.26885688,0.10401887,0.2937482,0.347135,0.28097686,0.32945234,0.3675757,0.28991142,0.30860835,0.26688057,0.23985858,0.2547773,0.13546,0.076603696,0.11928448,0.15596783,0.21550646,0.14754641,0.022866046,-0.028735122,0.02609446,-0.22656636,-0.2538631,-0.25585178,-0.15060091,-0.26536286,-0.29029998,0.09086369,-0.0036260362,-0.09823135,-0.11410089,0.2739416,0.1671765,-0.0051498553,0.08649883,0.034815468,0.03580198,0.027829507,0.13579765,0.032586005,0.15373243,0.12893845,0.09086472,0.10082961,0.01201139,0.074086614,0.06463458,-0.03280654,0.05633568,0.030378759,-0.03167344,0.072995186,0.14001653,0.21216035,0.2210144,0.23436017,0.37250715,0.35476837,0.2664182,0.10280247,0.35211557,0.30789706,0.24698792,0.33701485,0.26619938,0.1353193,0.20895913,-0.08005993,0.08592872,0.15402651,0.11206,0.20525302,0.21066454,0.087713,0.21251132,0.27316433,0.17844072,0.3148977,0.37504524,0.43761346,0.585211,0.39028105,0.3573518,0.2207221,0.5842378,0.7045751,0.51831925,0.53775346,0.6230092,0.27183163,0.5342319,0.59930766,0.6550015,0.4883932,0.5226586,0.4873643,0.717381,0.64422303,0.6257871,0.47275686,0.6970054,0.6052396,0.35294813,0.55878884,0.5985911,0.76270664,0.2538605,0.083596714,0.042605225,-0.080289714,-0.1499443,0.002415151,-0.004974263,-0.065066665,0.34710065,0.27009562,0.30193067,0.25302386,0.47081277,0.47066984,0.19058971,0.5482269,0.5768716,0.4894674,0.4487379,0.36938965,0.6896027,0.64952326,0.68284506,0.6793463,0.6303923,0.6526782,0.7159804,0.59867185,0.7430891,0.45678723,0.6303489,0.6044885,0.5049811,0.511288,0.5804908,0.32005775,0.47641787,0.49333683,0.6002089,0.6220006,0.5396573,0.53385496,0.7866023,0.7661163,0.6588423,0.8292749,0.61482835,0.8167855,0.731804,0.92157704,0.9282111,0.8646501,0.9357747,0.5709245,1.0,0.7035209,0.59978795,0.85196316,0.60232633,0.6261566,0.45199043,0.41988876,0.32297754,0.24019893,0.1729345,0.1846916,0.09591872,-0.5561023,-0.55101925,-0.5713331,-0.58314997,-0.55038065
246,0.21618816,0.12364872,0.15379736,0.27644363,0.21820709,0.16821645,0.29507193,0.21396829,0.2602882,0.23528057,0.3576498,0.3551835,0.26981446,0.33068925,0.41181904,0.278681,0.38045934,0.4250868,0.2334987,0.21670078,0.23342034,0.14909409,0.1685295,0.06466789,0.029306745,-0.008362854,0.09158084,0.13394876,0.23418526,0.24365532,0.18910307,0.20197737,0.16219074,0.14118268,-0.041645836,-0.08423547,-0.018759144,-0.049012017,0.09364669,0.03136799,0.1321939,0.22153257,0.20487316,0.2961003,0.18353753,0.36255988,0.24120273,0.2418685,0.32634598,0.26035666,-0.055940162,0.22455898,0.2957788,0.17279263,0.123127505,0.24516438,0.26032013,0.16315068,0.06434665,0.24711815,0.1417143,0.14909633,0.14578371,0.119451605,0.012287418,-0.026423372,-0.025086306,0.021402761,0.09512781,0.08542697,0.13510647,0.102563195,0.14024068,0.14902443,0.05989267,0.00044516806,0.11886563,-0.061510637,0.071376376,0.033806574,0.20762977,0.09692472,0.21090403,0.21552934,0.12973411,0.15332524,0.16918123,0.21527457,0.09810938,0.12396083,-0.025365187,-0.012653944,-0.085481346,-0.09652323,-0.023364233,0.05033193,0.18859887,0.13998102,0.091809936,0.028652435,0.18783857,-0.09623437,-0.12668239,-0.11272421,0.034606643,-0.02007534,-0.06754506,0.24399531,0.20863958,0.10916807,-0.049239006,0.054287292,-0.023272395,-0.01530079,0.040440336,-0.029673193,-0.07982604,-0.16747853,-0.15152359,-0.12912475,0.081418194,0.07909631,-0.1231603,-0.110689595,-0.08059914,-0.083155945,-0.1587313,-0.1651193,-0.11519381,-0.109752804,-0.21114442,-0.040771436,0.0672997,0.22534703,0.2815963,0.28129616,0.40335375,0.21985842,0.08006672,0.014428511,0.14360559,0.19324423,0.01942253,0.19244786,0.039057937,-0.09254514,-0.031419627,-0.15905373,-0.083721995,-0.0070439274,-0.053721152,0.009094204,0.030537771,-0.013707703,0.04981662,0.07319428,0.014824851,0.18391557,0.1408323,0.25742212,0.32784486,0.283777,0.1357414,-0.051830016,0.31827942,0.3242454,0.1982966,0.29957554,0.22600621,-0.08874744,0.0920585,0.16583627,0.26598206,0.05675477,0.073648974,0.16300732,0.31379706,0.27827224,0.18816121,0.038822178,0.36180735,0.21949957,-0.028642543,0.2886959,0.5593075,0.54237455,0.056595232,-0.058876414,0.1662977,-0.13810827,-0.1698449,-0.18340749,-0.29582414,-0.34801605,-0.035341464,-0.112228945,-0.08350192,-0.060711868,0.13809921,0.20323183,0.21294501,0.3424694,0.37636754,0.46858153,0.5069652,0.45360327,0.64003026,0.63981867,0.61344385,0.6086453,0.5825286,0.54662246,0.50806034,0.38861868,0.5016578,0.2824707,0.3975849,0.20582761,0.16763546,0.15613708,0.19728933,-0.050876103,0.048756108,0.061711658,0.20780669,0.26621726,0.17711124,0.38575616,0.43401432,0.41978052,0.36414254,0.49959314,0.3132481,0.48995042,0.5326662,0.5961329,0.64119864,0.61343575,0.62365645,0.3721072,0.7035209,1.0,0.58547753,0.66187996,0.6915105,0.7513723,0.6145015,0.40302938,0.3294525,0.18634655,0.058776475,0.09172544,0.050212625,-0.37914038,-0.38097247,-0.3923425,-0.39960566,-0.3686419
247,0.28509596,0.2191095,0.21841463,0.3223614,0.2980575,0.19222456,0.33280718,0.23612307,0.29941675,0.26135835,0.35426915,0.3451687,0.2893548,0.32755873,0.3551852,0.23757462,0.32644066,0.36162946,0.20526242,0.21976562,0.2654969,0.1953873,0.18277128,0.08480975,0.09131411,0.050957058,0.15191562,0.21179152,0.30627087,0.26500973,0.22156636,0.21852563,0.22425464,0.215314,0.051003926,-0.040422898,0.015402202,-0.01829438,0.18132965,0.106778614,0.19081995,0.25389165,0.22139993,0.30677867,0.1783637,0.3021398,0.17291816,0.18660043,0.28635433,0.22628726,0.0075080255,0.21303853,0.28093302,0.20095311,0.151428,0.26759064,0.28534102,0.22559205,0.097708516,0.27486935,0.22450158,0.23254946,0.2332345,0.21334031,0.10885574,0.07253561,0.06254449,0.10217424,0.2014885,0.1604675,0.2290447,0.19965045,0.2341363,0.22849621,0.15266427,0.09587738,0.17969511,0.029990194,0.1195081,0.043552913,0.20946494,0.12798385,0.18742678,0.20619826,0.06457707,0.14308658,0.13660866,0.17307629,0.05632169,0.07476072,-0.0437598,-0.043427367,-0.059733946,-0.05729035,0.042394,0.12564644,0.22206281,0.18637146,0.14987731,0.07878121,0.34826323,-0.018149907,-0.054575674,-0.03787134,0.13038895,0.052052837,-0.010500144,0.34224242,0.26751086,0.20879917,0.0039706733,0.021708062,-0.11158937,0.05811391,0.08262557,0.060621455,0.018620795,-0.035858653,-0.08211531,-0.03976754,0.066117756,0.04488844,-0.06911048,-0.049428876,-0.032754295,0.0011920774,-0.08639452,-0.10205893,-0.05494662,-0.06033023,-0.1498705,-0.06684385,0.10639289,0.25298032,0.3007055,0.27372795,0.38342392,0.23929551,0.12172359,0.03961608,0.15566151,0.20119625,0.058693156,0.16363549,0.055575192,-0.043648552,0.0034746982,-0.087209485,-0.049548373,0.00069129514,-0.04391381,0.046183642,0.06968279,0.00097619864,0.07690841,0.081078626,0.027287925,0.13973318,0.09769919,0.22095674,0.20977867,0.1854677,0.036970105,-0.09807466,0.3149616,0.26634443,0.14706464,0.23401776,0.16017379,-0.14161961,0.015505529,0.086236015,0.17772011,0.016012032,0.032415267,0.08402499,0.33619732,0.3227294,0.14843711,0.0014057462,0.28189853,0.23658048,0.0019285971,0.24058507,0.5766805,0.6389306,0.16225867,0.020915817,0.23413555,-0.08791144,-0.046392214,-0.13226563,-0.19406842,-0.24841638,-0.04629459,-0.05860058,-0.04339588,0.046435382,0.17635997,0.31051674,0.3358219,0.3668501,0.42379436,0.5767799,0.6278353,0.5883731,0.72984236,0.77432024,0.64751714,0.6448191,0.68604964,0.54865444,0.45236275,0.35199487,0.47442585,0.28613567,0.26951748,0.19199353,0.19364621,0.14897443,0.1419128,-0.102216735,0.07392722,0.06262425,0.14837413,0.16308369,0.08901489,0.22034322,0.364448,0.32209852,0.2543016,0.4680689,0.31018642,0.43454254,0.5255181,0.5720628,0.59125113,0.5767359,0.61640704,0.36320513,0.59978795,0.58547753,1.0,0.58131135,0.54896075,0.6234073,0.56363255,0.32480705,0.3357324,0.20332226,0.10924137,0.13309789,0.098113835,-0.41861796,-0.40882418,-0.4212219,-0.42980757,-0.40521994
248,0.1754523,0.14135833,0.15191212,0.2249318,0.17474963,0.16607668,0.2661022,0.20902589,0.21238837,0.22813332,0.28527957,0.254061,0.18163098,0.28166035,0.34158522,0.24800026,0.34345368,0.3972726,0.26276767,0.28001845,0.34895268,0.31548327,0.3601528,0.18338016,0.20599826,0.09111499,0.114124514,0.11886512,0.20179631,0.18925977,0.16158521,0.17581636,0.16111027,0.14890721,0.04303936,0.04614352,0.10645927,0.041597426,0.16153252,0.19139667,0.2976537,0.35604116,0.26499555,0.4554763,0.27881652,0.429124,0.230899,0.35781866,0.3578497,0.27350268,0.09580437,0.23601079,0.28258368,0.32551682,0.099725455,0.21375102,0.26327688,0.16744901,0.1241519,0.15373869,0.13632628,0.12715992,0.1053451,0.12460544,0.06348639,0.028963914,0.0328993,0.044027187,0.09992393,0.075768046,0.104832344,0.10480241,0.11406278,0.16160198,0.11283514,0.07511982,0.15922219,0.10569412,0.12741202,0.18960819,0.38636246,0.21454881,0.32336012,0.36227283,0.29347828,0.4325848,0.40319392,0.32850298,0.3662307,0.35941184,0.28096646,0.27268493,0.24172108,0.19831395,0.29189038,0.33231893,0.3604835,0.32368413,0.2251709,0.19696654,0.20641214,0.012511316,-0.020002075,-0.020821976,0.062499523,-0.10054628,-0.11565419,0.21467274,0.10076772,0.060577955,0.031347595,0.30685723,0.18089224,0.16288257,0.19180143,0.22518815,0.22472508,0.18813802,0.23934135,0.22172411,0.28832504,0.22644165,0.2840292,0.27943456,0.14494449,0.13837093,0.24512173,0.17308195,0.2522467,0.13755478,0.14988992,0.14016956,0.31967786,0.37911722,0.37074876,0.28012565,0.42697385,0.42739815,0.38416764,0.1456037,0.4113238,0.34411392,0.34897262,0.37485832,0.3263282,0.27576193,0.2957583,0.06015779,0.25693965,0.33122492,0.27852604,0.3980417,0.4265728,0.20046848,0.40430364,0.49199158,0.36062923,0.49145946,0.5081923,0.5317599,0.60390264,0.46553564,0.37958938,0.23182856,0.44930884,0.54655856,0.3187823,0.41634735,0.5026058,0.19559033,0.4278531,0.48091397,0.51208603,0.39065325,0.4559407,0.43060595,0.61074215,0.536466,0.57592136,0.47966433,0.6449106,0.6665087,0.46136078,0.7228183,0.8106232,0.85134673,0.5009448,0.33898613,0.35729888,0.105940856,0.11306631,0.14973988,0.1612988,0.07728331,0.3453658,0.31845418,0.32617897,0.41422883,0.49261013,0.565138,0.46550918,0.6167081,0.6304208,0.5867168,0.6116592,0.5195654,0.6811487,0.6077144,0.6198197,0.5851242,0.56680924,0.60474867,0.63412726,0.51315516,0.6756917,0.457245,0.5289469,0.5399699,0.4852216,0.4371013,0.46985954,0.2888727,0.40292853,0.39556578,0.47184733,0.46355802,0.36977693,0.43982497,0.59769934,0.5972549,0.52725846,0.6194344,0.41415808,0.6030053,0.5781701,0.7549224,0.74626225,0.67946047,0.84559536,0.5311625,0.85196316,0.66187996,0.58131135,1.0,0.7867516,0.7683558,0.6790915,0.6277182,0.3784921,0.15138912,0.12241214,0.14177665,0.08274824,-0.70165014,-0.6906371,-0.7071881,-0.71518815,-0.69677216
249,0.40916553,0.37855586,0.3435928,0.43971413,0.39031255,0.32386023,0.4477768,0.34036234,0.3976474,0.34493127,0.4236903,0.41667056,0.3914189,0.3909115,0.40193316,0.29666495,0.31017616,0.3529866,0.28741294,0.24289478,0.4361475,0.39326566,0.28770444,0.31404144,0.32414988,0.28556535,0.36115524,0.37252373,0.41924646,0.43918142,0.393118,0.39777488,0.40137166,0.36007717,0.23891765,0.215164,0.26431605,0.21418475,0.34428018,0.3216214,0.37247297,0.41790798,0.3224459,0.41014805,0.23192406,0.2695464,0.20944831,0.25647566,0.31868878,0.24942838,-0.001496915,0.26548675,0.3361732,0.28225085,0.2712893,0.36310083,0.3684935,0.3563946,0.22982399,0.33035055,0.3622672,0.3270403,0.3625433,0.36813712,0.30235487,0.24129553,0.25817838,0.2740031,0.35555595,0.3291914,0.35814375,0.36177328,0.366595,0.40662313,0.34312826,0.30101317,0.33014452,0.20663804,0.2356282,0.20493415,0.33149087,0.21815214,0.23707043,0.22959973,0.09471925,0.2509716,0.19829078,0.22703996,0.16837656,0.22202027,0.021993943,0.008851146,0.019980129,0.010491488,0.15999524,0.24503767,0.34263542,0.33722854,0.3295024,0.28479457,0.37504092,0.20840809,0.17611477,0.17617582,0.3031455,0.16161348,0.124423444,0.38475838,0.32196411,0.28749603,0.1388419,0.12039128,0.026468294,0.18966801,0.15739416,0.18680732,0.11981142,0.051845673,0.024584886,0.13434622,0.25432438,0.21231739,0.15293871,0.14966461,0.089678034,0.03875705,0.101031296,0.13269451,0.16780457,0.037657782,0.057838496,0.09094747,0.3118214,0.44469154,0.47356203,0.33596513,0.45913967,0.32813406,0.25410175,0.07269064,0.21008648,0.22899254,0.15214662,0.23604614,0.10858041,0.080408886,0.07611257,0.020713046,0.118372284,0.2652257,0.18000555,0.286065,0.3625912,0.16398396,0.36717236,0.38963532,0.25560343,0.45760897,0.34492302,0.38116056,0.40694913,0.3770305,0.18123056,-0.021809518,0.2808316,0.24142912,0.08886945,0.2636913,0.123306856,-0.16568919,-0.0019896943,0.048525292,0.108608946,-0.046234448,0.013267489,0.084119126,0.21802327,0.1864804,0.13804123,0.07923013,0.3213921,0.28149745,0.12058476,0.51315,0.7754936,0.612316,0.3279819,0.25653422,0.5244937,0.08035518,0.1435635,0.03706462,-0.0842119,-0.1609275,-0.01778134,-0.06395779,-0.057535693,0.109918535,0.14177467,0.24766858,0.48425567,0.3843613,0.34981582,0.4891737,0.63296235,0.56329185,0.5638867,0.5515872,0.47392777,0.45613325,0.48991808,0.40054822,0.32236075,0.21535014,0.34740913,0.20330907,0.2048106,0.09943102,0.09798816,0.03290973,0.051043443,-0.08307484,-0.041032616,-0.058603376,0.0357505,0.0670321,-0.006807456,0.22096758,0.23953816,0.2304554,0.18862392,0.29345492,0.10441705,0.28588158,0.36423773,0.45174226,0.48228186,0.45880345,0.5323511,0.32001632,0.60232633,0.6915105,0.54896075,0.7867516,1.0,0.94593394,0.8809911,0.7015389,0.5098412,0.19735841,-0.0053434465,0.036740307,0.017657187,-0.54977113,-0.5488837,-0.5561572,-0.55890626,-0.54074377
250,0.41332632,0.3621247,0.3326088,0.45723113,0.40490603,0.32464316,0.46933872,0.34588718,0.43030787,0.36208537,0.47610322,0.47880614,0.4251636,0.448718,0.46719345,0.34108752,0.37227213,0.42431495,0.30600882,0.25735,0.4179823,0.3489707,0.24411602,0.26039428,0.261705,0.22520153,0.33157793,0.36076978,0.43371692,0.4560398,0.39438215,0.40168047,0.39003602,0.34403324,0.17804149,0.14255926,0.20469497,0.15664765,0.3190843,0.268058,0.3286824,0.40178266,0.329788,0.4115691,0.250185,0.32581404,0.25623628,0.28621516,0.38033658,0.31597704,-0.031660587,0.32661957,0.3970968,0.2982336,0.299829,0.40938723,0.4046937,0.3743297,0.23267776,0.376962,0.3664769,0.33997598,0.36980945,0.3601993,0.2679527,0.2100951,0.22020453,0.24826185,0.33372086,0.31150857,0.3505358,0.34258854,0.36129814,0.3943588,0.30597696,0.25544265,0.31730062,0.14314905,0.22501941,0.1614123,0.31676376,0.20635803,0.24552345,0.23950838,0.10001968,0.21491711,0.18370527,0.22747798,0.1333017,0.18737893,-0.0280063,-0.029702663,-0.057346888,-0.059356302,0.10864198,0.20599796,0.34805006,0.32314,0.31025475,0.24894653,0.37715182,0.1538166,0.1170278,0.13065575,0.2833242,0.16368091,0.116959564,0.4263415,0.37220857,0.3090304,0.11639408,0.08183712,-0.016201643,0.16362777,0.14628388,0.15012127,0.060765937,-0.041106112,-0.07515066,0.028648747,0.21599738,0.19072089,0.02428569,0.030110069,0.014767835,-0.029369324,-0.025818322,0.017057605,0.05184128,-0.039873317,-0.06952427,0.024371842,0.23168358,0.4045332,0.45659935,0.36505017,0.48613006,0.28506568,0.17389537,0.034667403,0.15712892,0.21657784,0.06737391,0.19502582,0.040504027,-0.0267006,-0.013483647,-0.046042953,0.008189957,0.15460643,0.07047187,0.17716913,0.23252647,0.09916904,0.23221885,0.25528577,0.1579815,0.33506787,0.22125503,0.31498072,0.31782803,0.3170946,0.0943019,-0.09999945,0.26157758,0.19961162,0.07842184,0.23350194,0.079961136,-0.23957624,-0.061400913,0.004631803,0.088790864,-0.08914803,-0.047493175,0.048580647,0.20813146,0.1772569,0.09386275,-0.013177602,0.29916412,0.23521222,0.023318572,0.41300416,0.77939117,0.6249237,0.2576099,0.15127462,0.4746749,-0.0041854912,0.048882656,-0.07715264,-0.19519146,-0.26582384,-0.078858204,-0.1282278,-0.12056507,0.040186502,0.11805075,0.2538671,0.47442895,0.38752574,0.3917207,0.57120997,0.69579095,0.63463545,0.66145915,0.6570121,0.5834327,0.5532654,0.56510836,0.4904206,0.38005352,0.25293836,0.39864966,0.24963203,0.24911924,0.094467424,0.09510888,0.05258116,0.049245253,-0.12884936,-0.064622894,-0.079692036,0.044678777,0.09118926,0.0037002475,0.2720297,0.26848137,0.259263,0.19992194,0.3352178,0.13943295,0.32513288,0.4313087,0.48726737,0.52201116,0.49833283,0.56204575,0.3272941,0.6261566,0.7513723,0.6234073,0.7683558,0.94593394,1.0,0.9192682,0.62159437,0.49374613,0.23712313,-0.02485524,0.02320711,0.0032812648,-0.5149531,-0.5153203,-0.5262039,-0.53078485,-0.5038749
251,0.508618,0.5034411,0.43376803,0.52808195,0.49105927,0.41270894,0.5377497,0.3937534,0.5019424,0.41933814,0.49233297,0.50112313,0.4843548,0.4649543,0.44049457,0.32979542,0.30324405,0.35938916,0.3072659,0.24992809,0.4920153,0.45014516,0.26415014,0.37922227,0.40135318,0.39041528,0.47964856,0.49047026,0.5158674,0.55070823,0.50575113,0.5022287,0.5210938,0.47623676,0.34826973,0.31967926,0.35950515,0.31154507,0.43791398,0.41242594,0.43646494,0.4872804,0.3750876,0.43717414,0.26634383,0.24238655,0.22398074,0.25610065,0.3670005,0.31271568,0.0035402318,0.3531838,0.40885255,0.35182872,0.40251955,0.47587392,0.4452175,0.48656198,0.32486412,0.42740962,0.49300718,0.44878975,0.49247298,0.50052047,0.433305,0.37858176,0.38500434,0.4035139,0.47723278,0.45598444,0.48286176,0.4890709,0.488683,0.5204994,0.4579185,0.42482767,0.4348409,0.28965566,0.30979714,0.24927826,0.36562487,0.25689784,0.23448692,0.21094324,0.0811341,0.23959751,0.16398457,0.19755521,0.13737854,0.20952713,-0.013793907,-0.033713456,0.004092443,0.0101451455,0.21484856,0.30776298,0.42438886,0.42441016,0.4320456,0.38329887,0.47917658,0.33785105,0.30296117,0.31679893,0.4412084,0.3009174,0.26316562,0.5001654,0.4455667,0.4270899,0.23644121,0.06967972,-0.044265244,0.28134456,0.20642412,0.2757445,0.18430796,0.06820492,-0.011510492,0.14749058,0.28095344,0.2365292,0.13478325,0.1338341,0.10740453,0.012755799,0.08510155,0.15606797,0.17299864,0.031049173,0.060074992,0.06973962,0.33162445,0.47195378,0.51282024,0.3541708,0.46515214,0.28796744,0.2176755,0.0479832,0.15039828,0.19375691,0.09904587,0.17891654,0.04127521,0.041797515,0.015467686,0.049924873,0.101902224,0.24304597,0.1625981,0.2754695,0.33368582,0.16073121,0.30839297,0.3268511,0.23271742,0.36948353,0.20932025,0.27390078,0.19543992,0.22755623,0.019005029,-0.12965257,0.13053684,0.03312497,-0.05996451,0.1268315,-0.075837694,-0.32807204,-0.19293885,-0.13999973,-0.07772777,-0.19986457,-0.14802751,-0.057191674,0.07918237,0.063935675,-0.006405635,-0.065175444,0.16493706,0.21188277,0.064406574,0.42917618,0.8389604,0.60731447,0.4066439,0.3086366,0.6668175,0.15510131,0.2422091,0.023137081,-0.06159088,-0.1364293,-0.095192075,-0.10028922,-0.11264539,0.14467224,0.09931121,0.29562226,0.643137,0.36888337,0.37066057,0.59444743,0.75904995,0.7007012,0.5952426,0.5788255,0.4838793,0.42260852,0.47266978,0.388928,0.23703727,0.11742685,0.2711512,0.20632406,0.09539726,-0.0005033464,0.042234726,-0.021461578,-0.07906625,-0.17373826,-0.1332665,-0.16990878,-0.08954982,-0.0697936,-0.15085112,0.12226302,0.06788337,0.065339364,0.02785189,0.13117474,-0.037871055,0.11193054,0.28223747,0.3152538,0.3287696,0.31276363,0.41840398,0.2374813,0.45199043,0.6145015,0.56363255,0.6790915,0.8809911,0.9192682,1.0,0.6411189,0.4841328,0.18517023,-0.10618218,-0.056850098,-0.055848863,-0.54124016,-0.538581,-0.54639775,-0.5483853,-0.5309963
252,0.31878805,0.33718404,0.2922222,0.3308879,0.3072149,0.27811626,0.3492276,0.27653116,0.30281252,0.28401393,0.30112085,0.2853423,0.27928096,0.29741067,0.27335948,0.22485125,0.19673154,0.23585346,0.2449649,0.16763031,0.40633217,0.40770456,0.30541152,0.33618313,0.37321293,0.30125427,0.307027,0.27662748,0.2813457,0.2998018,0.27514562,0.28163445,0.30762577,0.2782475,0.25582686,0.30235538,0.33980432,0.2846383,0.33384085,0.3651012,0.39357248,0.41023418,0.28949317,0.3911985,0.21246816,0.2065069,0.16073766,0.23811781,0.25518164,0.2065022,0.07830299,0.23663232,0.25867757,0.2869116,0.24257171,0.2944525,0.2944295,0.31133014,0.23970897,0.23820515,0.31553727,0.27999115,0.29723945,0.32448766,0.30818146,0.27010652,0.2960465,0.26971838,0.31336713,0.26772073,0.292651,0.31256703,0.29430172,0.3365332,0.33141407,0.31392032,0.3182594,0.27525574,0.24674822,0.27239314,0.34419784,0.1923365,0.22831164,0.24688941,0.13347897,0.3219625,0.25727436,0.20768936,0.24634266,0.27674928,0.14790745,0.12755537,0.17042749,0.15397269,0.2971636,0.33235812,0.36084124,0.36965063,0.34340674,0.3411381,0.29293758,0.27387762,0.25258434,0.2372519,0.29137865,0.1317351,0.1368527,0.2773735,0.21169311,0.21942207,0.16654664,0.16856505,0.092261374,0.26198846,0.20686309,0.28629258,0.25857067,0.21590497,0.21374038,0.28026763,0.29184058,0.23522465,0.3368864,0.32406962,0.18794152,0.12885138,0.2930424,0.31060812,0.3345904,0.16975932,0.2509715,0.19310892,0.3833626,0.4212613,0.41622245,0.24102776,0.34920305,0.3328768,0.33674753,0.09283642,0.26633692,0.21613483,0.2507244,0.24050783,0.18930237,0.24017373,0.1871794,0.15732476,0.28230453,0.39358312,0.32982615,0.41161847,0.48643583,0.22335571,0.4575341,0.49155837,0.36055905,0.49970433,0.4116084,0.37128174,0.36436582,0.3061475,0.22393952,0.11820253,0.19557472,0.19097476,0.08559044,0.19953948,0.12737684,-0.040180136,0.06931252,0.08925852,0.098991774,0.052373435,0.10484028,0.1158105,0.20198303,0.16695519,0.20022798,0.20884134,0.257526,0.3576968,0.30218223,0.56905115,0.6652252,0.52772754,0.46064925,0.4140802,0.52684975,0.18365394,0.29755703,0.21489607,0.17730768,0.104658484,0.11145096,0.12578353,0.11767867,0.2926763,0.21418971,0.3017825,0.49281216,0.35669133,0.31033602,0.36541837,0.4777161,0.41627494,0.35661036,0.31797257,0.2716206,0.24814293,0.2799675,0.24679826,0.20799632,0.12543003,0.24358803,0.2076533,0.13722399,0.1484665,0.16442008,0.085920796,0.071995944,0.058720235,0.063488804,0.03200209,0.059416503,0.04720822,-0.0036549498,0.13146876,0.15131812,0.15201502,0.1325419,0.16766298,0.007769538,0.15881227,0.19485667,0.31095222,0.3095178,0.27970555,0.3923124,0.26121145,0.41988876,0.40302938,0.32480705,0.6277182,0.7015389,0.62159437,0.6411189,1.0,0.33341506,0.04683397,-0.07542614,-0.053800028,-0.09405231,-0.5231419,-0.52239186,-0.52567667,-0.5246398,-0.5208011
253,0.3546454,0.35354823,0.30194277,0.35308844,0.32839972,0.28062934,0.34498447,0.27416462,0.28123647,0.24297798,0.29008833,0.27171093,0.2969587,0.24847229,0.20978212,0.14216454,0.11744445,0.13676086,0.13868198,0.07470174,0.28923407,0.29216233,0.23645078,0.24498568,0.28671062,0.20013104,0.19709705,0.22223113,0.22241373,0.095150076,0.03245155,0.022120494,0.07589874,0.039711684,0.048270404,0.12538517,0.19308525,0.15486829,0.29532424,0.27263543,0.27131885,0.26877314,0.20514527,0.17289782,0.054181185,0.040254574,0.013334599,0.074817844,0.09677663,0.0458292,0.014933443,0.09321176,0.14174327,0.13531415,0.12229713,0.2349709,0.23352791,0.26167187,0.1269536,0.23070168,0.2971215,0.27110836,0.32404786,0.33854365,0.32668498,0.27398065,0.286258,0.28341582,0.38441154,0.3338134,0.37986034,0.36990473,0.3634582,0.364251,0.34718254,0.32640937,0.2894656,0.23605245,0.30508387,0.08637428,0.13570566,0.10367924,0.08733929,0.05018671,-0.12603272,0.012956986,-0.014473889,0.029055417,-0.030074656,-0.0059967083,-0.11190798,-0.12813611,-0.13102733,-0.10680709,0.023489987,0.1117651,0.17193635,0.16441363,0.2677811,0.17778786,0.1175932,0.25836557,0.24661766,0.21526515,0.29617292,0.17747298,0.16572325,0.26808822,0.25181606,0.23576951,0.17687541,0.09830582,-0.0036972752,0.13732268,0.10612271,0.085752524,0.027149793,0.19499128,0.15684909,0.24114428,0.14687456,0.14692964,0.22316457,0.23365867,0.16844551,0.11971107,0.18806358,0.23412187,0.23959611,0.062420804,0.191588,0.21688893,0.25518066,0.32283425,0.3213842,0.20837134,0.25324905,0.264936,0.2357372,0.06026392,0.113944486,0.13318324,0.087037764,0.18459952,-0.018335687,0.04081984,0.01381564,-0.0013188148,0.05746036,0.23310278,0.10711391,0.2619173,0.3817381,0.23494816,0.38016868,0.2987827,0.173373,0.38308144,0.20160727,0.17258817,0.21840206,0.16357039,0.027567906,0.049104363,0.46068528,0.27745366,0.33641344,0.22352335,0.056840003,-0.012961213,0.038778182,0.05884037,0.06566979,0.05682265,0.06929424,0.0731156,0.23701659,0.24542978,0.112161405,0.113482155,0.16462152,0.1766844,0.15411428,0.32190603,0.39114192,0.32017308,0.22204044,0.17175363,0.22222373,0.04148632,0.07905364,0.095710084,0.08861535,0.055169173,0.07559582,0.053214967,0.04592031,0.12978439,0.11227585,0.10426324,0.23713595,0.1619042,0.041988116,0.1524848,0.30052534,0.2685119,0.21209116,0.24786012,0.14626,0.12241973,0.15962856,0.03953178,-0.003785745,0.011384723,0.059101477,-0.030794635,-0.05097997,0.040581293,0.012454111,-0.0114060445,0.02731501,-0.017319713,0.018417241,0.009177843,0.010739555,0.04574267,0.111987464,-0.07149247,0.15475439,0.12487292,-0.025698463,0.24129432,0.33261815,0.23523396,0.19292656,0.26744902,0.25839707,0.23950721,0.2630068,0.14883325,0.32297754,0.3294525,0.3357324,0.3784921,0.5098412,0.49374613,0.4841328,0.33341506,1.0,0.73029244,0.5301096,0.56150806,0.40438062,-0.38570935,-0.4152745,-0.4147974,-0.4141847,-0.3789366
254,0.1888367,0.16972929,0.07909945,0.20086506,0.23759368,0.10960358,0.19610278,0.15100567,0.19793713,0.13206016,0.216781,0.24162683,0.2137952,0.2219757,0.19649333,0.15007107,0.13641444,0.16057254,0.07239134,0.028198225,0.10717917,0.063442566,0.06569057,0.038271133,0.051094506,-0.03427611,-0.006105609,0.038412977,0.08336314,-0.019833816,-0.12017338,-0.1217083,-0.13724723,-0.22021206,-0.19969974,-0.12787391,-0.049254607,-0.051516745,0.12949102,0.05116456,0.0388204,0.10408829,0.124896035,0.048161935,0.019242719,0.07502972,0.0065278704,0.20863284,0.1290811,0.117989644,-0.06985704,0.14476167,0.16273402,0.07876559,0.110640995,0.208873,0.1786343,0.18553463,0.025552487,0.1974095,0.18937854,0.18061657,0.2212945,0.1984628,0.16472107,0.13600354,0.12526387,0.15862924,0.20937553,0.15814275,0.22014138,0.19157955,0.2089399,0.20250495,0.14385054,0.13426022,0.1327224,0.033561315,0.23707844,-0.08475289,0.018804273,-0.0028723767,0.07862467,0.011246419,-0.124442115,-0.1234074,-0.090039715,-0.04728153,-0.10051801,-0.09939029,-0.14688683,-0.13058117,-0.29261786,-0.2704601,-0.121673904,-0.04811729,0.08783558,0.040476523,0.15479584,0.048907477,-0.041941144,0.0990722,0.092433184,0.09385147,0.17454517,0.12717049,0.10122726,0.22720945,0.23946851,0.18796912,0.13071653,0.08306065,0.0052535366,0.03104534,0.05339981,-0.069263905,-0.17921922,-0.004420666,-0.014510601,0.023337612,0.079363264,0.114201166,-0.07068177,-0.043126937,-0.0012749623,0.020827183,-0.09808327,-0.039462823,-0.036681768,-0.1362384,-0.0878852,0.093655005,-0.022163536,0.089084476,0.13312647,0.16256218,0.1373405,0.0682304,0.009200623,-0.02190154,-0.079691425,-0.008923426,-0.12836239,0.060658213,-0.19693631,-0.21907803,-0.20461127,-0.16618736,-0.21416332,-0.040553644,-0.13149896,-0.021956438,0.03959204,0.07626528,0.0034648615,-0.06988829,-0.070118494,-0.015492205,-0.14432018,-0.064834416,0.027543359,-0.04881776,-0.12079193,-0.044018313,0.35371095,0.17884947,0.34077093,0.09940914,0.002896547,-0.09749674,0.011908705,0.03954961,0.060451098,0.030150168,0.007566363,0.039058235,0.21534005,0.22972648,0.050508764,-0.039375983,0.09702915,0.037123278,-0.04255652,0.023672588,0.1032713,0.14376937,-0.03755406,-0.13110572,-0.096631736,-0.18583982,-0.19108215,-0.14934546,-0.10740837,-0.10299825,-0.008322237,-0.025627779,-0.02356676,-0.042308193,0.058841944,0.03208149,0.0008003004,0.058425866,0.0047901794,0.14497781,0.16404822,0.14691837,0.2010112,0.24837218,0.19772321,0.12223414,0.0656469,0.07135833,-0.022774374,-0.044841334,0.021190489,-0.012843681,-0.058618907,-0.0035114225,-0.06788207,-0.0153269125,0.03626892,-0.06105607,-0.009767017,0.016556395,0.056048553,0.14652924,0.23440403,0.06918563,0.16265675,0.16905464,-0.07680247,0.24245541,0.39887446,0.26299134,0.22054347,0.20992914,0.2150315,0.23095636,0.15861961,0.060789872,0.24019893,0.18634655,0.20332226,0.15138912,0.19735841,0.23712313,0.18517023,0.04683397,0.73029244,1.0,0.32572818,0.35899958,0.19179882,-0.14930399,-0.17565936,-0.18279882,-0.18660864,-0.1419665
255,-0.13098495,-0.15659207,-0.08710567,-0.1250009,-0.17149319,-0.06936397,-0.11904485,-0.06302914,-0.19457786,-0.12804766,-0.1270111,-0.18704376,-0.16435005,-0.17865579,-0.129528,-0.14993116,-0.07796334,-0.09780043,-0.12416476,-0.016242519,-0.14330415,-0.1098298,0.08589148,-0.1269193,-0.12387151,-0.15945059,-0.20715207,-0.16773586,-0.14041539,-0.2830475,-0.2523604,-0.25623858,-0.24173595,-0.19266553,-0.19095047,-0.20213659,-0.18451145,-0.18224117,-0.1574886,-0.14381613,-0.12170352,-0.14505477,-0.12603141,-0.088908285,-0.1177709,-0.04367841,-0.081208974,-0.17879409,-0.16278465,-0.20469113,0.02717098,-0.24098669,-0.21703903,-0.115428776,-0.32793182,-0.23982027,-0.17219356,-0.23827477,-0.16102561,-0.19333516,-0.21485466,-0.16997936,-0.2067781,-0.18901618,-0.16950586,-0.17213576,-0.16414042,-0.14275627,-0.11012945,-0.09756203,-0.10670303,-0.13301902,-0.13303733,-0.12577853,-0.12954667,-0.14469105,-0.14855073,-0.09257986,-0.117808096,-0.08900954,-0.10711679,-0.004297383,-0.043080524,-0.035799503,-0.030151512,-0.0037916366,0.0041940054,0.010706471,-0.013457188,-0.033084396,0.02286558,0.019113937,0.056801423,0.0828786,-0.0712727,-0.061144885,-0.15493564,-0.1744108,-0.13216664,-0.14703962,-0.14851405,-0.16495132,-0.16446523,-0.19481726,-0.2032884,-0.1980795,-0.17830849,-0.187741,-0.21405715,-0.21293439,-0.12925479,0.10167359,0.019308614,-0.13107798,-0.07486301,-0.09141725,0.005891015,0.20556843,0.22254871,0.15392578,-0.0867745,-0.06522946,0.14482518,0.14716631,0.09604808,0.110734515,0.1642174,0.047832195,0.08688732,0.0997835,0.12888773,0.11601575,0.0059489375,-0.05884747,-0.11696881,-0.10628902,-0.07858837,0.11207233,0.13082555,0.0970734,0.17824735,0.09834919,0.16691925,0.15250832,0.16602476,0.18406421,0.20317589,-0.036387283,0.12622137,0.069244,0.036171805,0.13788378,0.17329146,0.13638107,0.17826036,0.16998859,0.09806198,0.19994012,0.23971221,0.19489186,0.2627355,0.24374866,0.17110085,0.28195462,0.35448304,0.3700416,0.28870726,0.10305546,0.3632473,0.4609542,0.42074975,0.4268383,0.40410125,0.44207036,0.4387727,0.41331115,0.4084035,0.38945773,0.38777795,0.38111138,0.30203038,0.27268037,0.25992253,0.15421729,-0.025631085,0.12593952,0.017268367,-0.00097006006,-0.20984256,-0.011280139,-0.07875655,0.11713849,0.18348189,0.18141979,0.2796137,0.27888188,0.28948122,0.16241674,0.25455308,0.11119842,-0.16320468,0.12346094,0.053567924,-0.091877945,-0.11048233,-0.12740111,0.007802257,-0.01951068,0.024506351,0.07233249,-0.0032126443,0.04608348,0.19174637,0.27240533,0.22078595,0.051896248,0.2521938,0.34885517,0.27136135,0.23524305,0.3575948,0.27277765,0.35549253,0.37898955,0.34366608,0.31408468,0.36137944,0.06086863,0.34074026,0.34101468,0.24964866,0.3431961,0.54926616,0.33898857,0.1340332,0.20725515,0.18711905,0.13394941,0.22676711,0.21779199,0.1729345,0.058776475,0.10924137,0.12241214,-0.0053434465,-0.02485524,-0.10618218,-0.07542614,0.5301096,0.32572818,1.0,0.98895586,0.84461045,-0.15876065,-0.16961707,-0.16669402,-0.16950001,-0.1589696
256,-0.08873394,-0.12278016,-0.060900565,-0.08433918,-0.13042337,-0.041422933,-0.07913538,-0.033842493,-0.15685862,-0.09780015,-0.086235166,-0.14212413,-0.12590812,-0.14026788,-0.0910935,-0.11953713,-0.05119462,-0.06952287,-0.101748765,-0.004791853,-0.11516767,-0.08871801,0.09117649,-0.10338919,-0.10568623,-0.13622211,-0.17124048,-0.12707914,-0.100418285,-0.23631217,-0.21365294,-0.216714,-0.20702657,-0.16484076,-0.17664023,-0.19198497,-0.17117752,-0.17015551,-0.13427892,-0.12561989,-0.10253428,-0.118504465,-0.10174635,-0.06907473,-0.10626242,-0.03128224,-0.06828615,-0.16092364,-0.1382354,-0.18448459,0.011889325,-0.21641731,-0.18695126,-0.096250854,-0.2984346,-0.20451242,-0.14297563,-0.20573993,-0.1446783,-0.15766281,-0.18171065,-0.14056487,-0.169306,-0.15449494,-0.1403231,-0.14362483,-0.13747796,-0.11771406,-0.07559283,-0.06325754,-0.06971025,-0.09798036,-0.0973548,-0.08551757,-0.101175845,-0.11837167,-0.12209965,-0.08104997,-0.093833596,-0.081691235,-0.08945509,0.011461952,-0.028148307,-0.029685574,-0.031171944,-0.0071506905,-0.0024410207,0.010761911,-0.019907888,-0.03431415,0.006462462,0.0037371672,0.032060966,0.05954628,-0.07787609,-0.058630083,-0.13673915,-0.15755834,-0.10897588,-0.12976968,-0.124883816,-0.14440201,-0.1455698,-0.17342988,-0.17305648,-0.16415447,-0.14949127,-0.15001775,-0.17107399,-0.17502035,-0.112405516,0.08841536,0.00022351686,-0.11941127,-0.0663716,-0.088665664,-0.004629317,0.18597052,0.19837345,0.14114216,-0.078872755,-0.053681523,0.12731704,0.13190207,0.088098645,0.09998827,0.14251512,0.038295783,0.07685521,0.079278834,0.10941989,0.110206686,0.009989712,-0.036699932,-0.08535218,-0.07572258,-0.047313523,0.116822265,0.12415428,0.09285981,0.16191456,0.10115254,0.14604703,0.15835652,0.1408784,0.15483847,0.17613734,-0.044176202,0.102840744,0.06153002,0.023645608,0.12734936,0.16531888,0.1320367,0.16809244,0.15983793,0.08961859,0.19347565,0.22111809,0.1884447,0.2514564,0.24163385,0.15301037,0.24545486,0.34662905,0.35216725,0.278167,0.10378535,0.33229887,0.41468933,0.3856425,0.3968789,0.38081744,0.4046944,0.40531072,0.39282888,0.3933383,0.37416694,0.36259907,0.3496823,0.2952283,0.2563045,0.2329671,0.15149844,0.002995178,0.13618635,0.014360916,-0.009338574,-0.19061199,-0.02500828,-0.08523838,0.095282875,0.15214658,0.14923991,0.25009474,0.24609092,0.25603524,0.14188802,0.23749733,0.10388536,-0.14295736,0.12657408,0.05497606,-0.06743822,-0.078227066,-0.09518539,0.03211679,0.009539175,0.046353623,0.092034996,0.015233694,0.06041084,0.19192603,0.26853406,0.22004943,0.046150565,0.24196869,0.32510155,0.25128496,0.21145816,0.3362847,0.24262884,0.32426104,0.34847838,0.3217804,0.30081528,0.34642428,0.0685381,0.33255956,0.3332032,0.23686168,0.33993757,0.53758943,0.33503336,0.14381526,0.21029793,0.1941854,0.14160179,0.23116964,0.21717021,0.1846916,0.09172544,0.13309789,0.14177665,0.036740307,0.02320711,-0.056850098,-0.053800028,0.56150806,0.35899958,0.98895586,1.0,0.84685284,-0.17228827,-0.1852899,-0.1821235,-0.18472737,-0.1715675
257,-0.09235631,-0.118995234,-0.06168378,-0.10159213,-0.15816738,-0.041429177,-0.1047144,-0.050726816,-0.17309022,-0.11978906,-0.13071358,-0.1737429,-0.14329271,-0.1816392,-0.1426034,-0.15242453,-0.09256319,-0.124871835,-0.11440549,0.014101189,-0.12689531,-0.099187136,0.035582397,-0.099282175,-0.09079315,-0.065887995,-0.083814085,-0.041695375,-0.026665505,-0.13327728,-0.07913346,-0.09501052,-0.082770765,-0.045779835,-0.05176452,-0.12693296,-0.1452365,-0.12434818,-0.11906088,-0.11462928,-0.10473465,-0.13522618,-0.11792952,-0.09173295,-0.12844805,-0.08241138,-0.097880766,-0.18248205,-0.1822238,-0.21627623,0.014988919,-0.24339779,-0.21862143,-0.11966475,-0.28136364,-0.2292699,-0.17915285,-0.20765229,-0.1242725,-0.18178523,-0.17619462,-0.14637035,-0.16278566,-0.14836031,-0.13468552,-0.13148367,-0.14255689,-0.10705594,-0.0883044,-0.037119366,-0.07548322,-0.092440344,-0.09782529,-0.076735266,-0.08880266,-0.104279295,-0.13002732,-0.08628995,-0.16147262,-0.07686772,-0.10750687,0.055008955,-0.068433106,-0.065526456,-0.035999697,-0.016275113,-0.036504317,0.0020454035,-0.040705603,-0.035165317,0.0072314558,-0.0011961746,0.0771662,0.098658785,-0.05709319,-0.057226997,-0.15331967,-0.15294205,-0.12237744,-0.12506466,-0.04997435,-0.1309857,-0.13267948,-0.15585127,-0.15521337,-0.15533695,-0.14037785,-0.1517349,-0.17580408,-0.1636996,-0.09594803,0.052840494,-0.004228096,-0.12237047,-0.07438238,-0.07603473,0.010075882,0.14103074,0.1382086,0.11457899,-0.092343435,-0.0805068,0.09345486,0.09262684,0.07203429,0.084646896,0.11059918,0.012755524,0.04475786,0.060686734,0.08349086,0.037352573,-0.0029271077,-0.0594802,-0.106865585,-0.10125974,-0.08664043,0.05919688,0.07397736,0.0916533,0.116138965,0.0602252,0.12142697,0.110684015,0.13324238,0.15053622,0.17079759,-0.028279811,0.11151007,0.013848454,0.0015184721,0.075348884,0.10385741,0.08210694,0.1202487,0.13009092,0.07297509,0.15280579,0.20539457,0.16197035,0.2055307,0.23751047,0.1320986,0.17456736,0.20296964,0.23430872,0.09954875,0.030561892,0.26087657,0.3487898,0.29648867,0.2989385,0.2856627,0.2908051,0.3037086,0.28508636,0.2658908,0.25681406,0.25510612,0.26124012,0.20934828,0.17376529,0.15995407,0.0970128,-0.025173802,0.07937391,-0.013779363,0.0045375256,-0.11471695,0.022521457,-0.034023613,0.088260815,0.11111721,0.110140555,0.17196703,0.16147327,0.17962676,0.085935675,0.16010368,0.048449215,-0.12555239,0.07509884,0.027656456,-0.07324326,-0.07412227,-0.088003516,-0.0012510965,-0.02109009,-0.0034944746,0.051808726,-0.0022212917,0.023116395,0.13773857,0.20851783,0.15500353,0.0054227244,0.17818365,0.2331014,0.1779854,0.1331894,0.23259546,0.1618777,0.23330021,0.24703996,0.21277729,0.17571583,0.18204589,0.017297512,0.21243738,0.21508363,0.16838685,0.21190129,0.35726437,0.20172608,0.07926231,0.11044965,0.10530816,0.07174541,0.14560567,0.167749,0.09591872,0.050212625,0.098113835,0.08274824,0.017657187,0.0032812648,-0.055848863,-0.09405231,0.40438062,0.19179882,0.84461045,0.84685284,1.0,-0.11693471,-0.11253944,-0.10783631,-0.10982981,-0.11688807
258,-0.4827482,-0.5534617,-0.48670423,-0.53498966,-0.5027702,-0.4901844,-0.5889367,-0.46692115,-0.5353781,-0.5110462,-0.5074199,-0.471238,-0.44966295,-0.51669395,-0.5230843,-0.38694105,-0.4233495,-0.5139994,-0.38904843,-0.3974084,-0.7136236,-0.72117245,-0.634691,-0.56016386,-0.6407642,-0.48261306,-0.4396285,-0.39419472,-0.37191045,-0.3261877,-0.32494503,-0.3083225,-0.37723917,-0.36220077,-0.36264765,-0.47048935,-0.53660405,-0.4661064,-0.49396878,-0.6491122,-0.7186933,-0.763655,-0.5434178,-0.77343434,-0.4742379,-0.51519734,-0.31138065,-0.4800085,-0.5394521,-0.427154,-0.24576594,-0.44211364,-0.4881649,-0.6351911,-0.43257096,-0.5231873,-0.49413592,-0.5540989,-0.4647027,-0.3980416,-0.53789234,-0.46109137,-0.48082745,-0.5338067,-0.5093833,-0.44376564,-0.45172587,-0.4454585,-0.47797132,-0.41613427,-0.46454248,-0.51398045,-0.48641783,-0.5042997,-0.54145837,-0.53121555,-0.5079545,-0.5477952,-0.4841036,-0.5069799,-0.7265574,-0.392159,-0.48903906,-0.5559408,-0.43117723,-0.6731175,-0.56745076,-0.40424106,-0.5477823,-0.53926915,-0.42064273,-0.37564757,-0.4025266,-0.36115175,-0.6356756,-0.7284475,-0.73086846,-0.7230275,-0.6610447,-0.6124245,-0.44355953,-0.49475396,-0.4539367,-0.44201174,-0.5033367,-0.22206876,-0.23052023,-0.40172076,-0.28362793,-0.3449856,-0.37152344,-0.37248087,-0.226082,-0.54453987,-0.46502787,-0.58787316,-0.57640773,-0.5521944,-0.48669654,-0.59026134,-0.53689003,-0.41178676,-0.6322956,-0.639964,-0.42797795,-0.34178725,-0.5934445,-0.5770855,-0.64789855,-0.4007735,-0.53959185,-0.36943,-0.68342453,-0.7079403,-0.68550384,-0.43047506,-0.6160764,-0.678577,-0.69708717,-0.2828347,-0.57837415,-0.50364035,-0.5593759,-0.50946677,-0.4275342,-0.49942914,-0.43488094,-0.3057645,-0.48535344,-0.50318503,-0.4852243,-0.5911374,-0.60595274,-0.29011175,-0.52445185,-0.63914603,-0.50808364,-0.52810293,-0.5585941,-0.4787751,-0.48434186,-0.35125026,-0.31556806,-0.3498604,-0.3770301,-0.42375362,-0.2643556,-0.335511,-0.35275206,-0.20235975,-0.37594095,-0.4029456,-0.38444468,-0.39751542,-0.45015895,-0.40518707,-0.51143235,-0.45614985,-0.55053276,-0.52742463,-0.49415302,-0.70976037,-0.62125355,-0.7254484,-0.7456393,-0.74232227,-0.6920681,-0.59302366,-0.5019392,-0.31646642,-0.40713647,-0.40457857,-0.5141351,-0.4268663,-0.41708335,-0.5316125,-0.49898925,-0.6694092,-0.5607158,-0.69566023,-0.6155296,-0.61162007,-0.6203,-0.5507149,-0.5890483,-0.511818,-0.5006729,-0.40749532,-0.43854728,-0.38421416,-0.3647429,-0.4717467,-0.47114134,-0.37755522,-0.5373638,-0.4721059,-0.38282505,-0.5397056,-0.54497,-0.43381464,-0.41721758,-0.3868003,-0.43131205,-0.3999902,-0.40436265,-0.35803932,-0.29641002,-0.27939498,-0.41479447,-0.40643254,-0.34879583,-0.41464955,-0.32027546,-0.3846769,-0.35415822,-0.51125175,-0.458641,-0.3944057,-0.6131628,-0.41674918,-0.5561023,-0.37914038,-0.41861796,-0.70165014,-0.54977113,-0.5149531,-0.54124016,-0.5231419,-0.38570935,-0.14930399,-0.15876065,-0.17228827,-0.11693471,1.0,0.98409456,0.987039,0.9866686,0.9992617
259,-0.4968783,-0.56980884,-0.52117836,-0.5633883,-0.5135691,-0.50483567,-0.612101,-0.48872393,-0.5528432,-0.52840567,-0.5364635,-0.49562103,-0.47424415,-0.5296649,-0.5487188,-0.3918416,-0.44217712,-0.5279307,-0.4003179,-0.39351484,-0.7333775,-0.73910475,-0.6475466,-0.5798478,-0.651619,-0.4846163,-0.44645646,-0.40555662,-0.37557673,-0.32867822,-0.31080702,-0.29974487,-0.37045372,-0.35808975,-0.3487301,-0.47078803,-0.5498684,-0.46561757,-0.49970588,-0.66284585,-0.73321164,-0.77447027,-0.5514124,-0.77271754,-0.4710591,-0.51462007,-0.35099357,-0.45352292,-0.5431841,-0.4213108,-0.22178116,-0.43912023,-0.5012931,-0.6318483,-0.43504402,-0.5396373,-0.5060887,-0.56058383,-0.46132916,-0.4218181,-0.54726493,-0.4687201,-0.4964947,-0.5493414,-0.5218268,-0.4548888,-0.46905747,-0.4536951,-0.49738854,-0.4285751,-0.4820163,-0.52979696,-0.5038012,-0.52148056,-0.55298597,-0.5421166,-0.52702445,-0.55773365,-0.50410056,-0.5137754,-0.7213019,-0.38761204,-0.48739332,-0.5452782,-0.40928224,-0.6422892,-0.54555136,-0.38915724,-0.52017885,-0.50632143,-0.3978078,-0.35535723,-0.37903336,-0.34188572,-0.60839736,-0.7141796,-0.723599,-0.7140888,-0.6618028,-0.60164803,-0.38929817,-0.5059183,-0.46861634,-0.45569015,-0.5077916,-0.26621956,-0.271654,-0.42966118,-0.32988346,-0.38184634,-0.38686067,-0.33220002,-0.19204372,-0.5382053,-0.455252,-0.5693428,-0.5588879,-0.54623073,-0.48072115,-0.58665097,-0.5173652,-0.39590767,-0.6372534,-0.6502363,-0.42915723,-0.3402233,-0.59578395,-0.5954316,-0.66012263,-0.3928689,-0.5459548,-0.38674042,-0.6875117,-0.7279617,-0.7083808,-0.4476182,-0.63595134,-0.6960097,-0.70248765,-0.28407115,-0.57566696,-0.5128994,-0.55279726,-0.5105843,-0.40662733,-0.48444596,-0.4134795,-0.29481724,-0.4791316,-0.50530386,-0.4805564,-0.58684963,-0.6098709,-0.29026884,-0.5274776,-0.6371765,-0.50268906,-0.52861094,-0.54743564,-0.4537587,-0.4662363,-0.3306921,-0.3072522,-0.32968593,-0.38907376,-0.4254083,-0.3111754,-0.36228198,-0.32713646,-0.18494648,-0.3615502,-0.39018992,-0.36975595,-0.38606057,-0.43927786,-0.3961475,-0.50200814,-0.45175382,-0.5378665,-0.5212674,-0.48149908,-0.69458824,-0.61577696,-0.7220501,-0.73886377,-0.72520447,-0.68331075,-0.5854949,-0.4819654,-0.28141347,-0.39987528,-0.40022185,-0.5160759,-0.43228582,-0.41807956,-0.526586,-0.48935947,-0.66001034,-0.54555076,-0.67196417,-0.60070944,-0.5914528,-0.5889646,-0.5198522,-0.56713176,-0.4943939,-0.46654764,-0.3816602,-0.40698105,-0.36369017,-0.3569493,-0.43317136,-0.44679382,-0.3589481,-0.5128651,-0.44472423,-0.36553827,-0.5231935,-0.52468574,-0.41372052,-0.41011515,-0.39810747,-0.41585523,-0.3848763,-0.3929088,-0.36139956,-0.3126341,-0.25355864,-0.41786525,-0.4030234,-0.35318887,-0.4212433,-0.3238694,-0.39244515,-0.35079312,-0.513421,-0.45831144,-0.38744387,-0.6026795,-0.40692574,-0.55101925,-0.38097247,-0.40882418,-0.6906371,-0.5488837,-0.5153203,-0.538581,-0.52239186,-0.4152745,-0.17565936,-0.16961707,-0.1852899,-0.11253944,0.98409456,1.0,0.9938866,0.9905669,0.98207533
260,-0.48554912,-0.55528694,-0.5064474,-0.55140543,-0.501801,-0.49688172,-0.60594517,-0.47596973,-0.5488859,-0.52672017,-0.534739,-0.4956783,-0.46603176,-0.53629,-0.5546086,-0.39668387,-0.44982475,-0.5410692,-0.40202668,-0.39322585,-0.72397906,-0.7260047,-0.64189506,-0.5635372,-0.636762,-0.4647556,-0.42580155,-0.3829838,-0.36502695,-0.3168574,-0.29763272,-0.28778803,-0.35559702,-0.34254065,-0.32788968,-0.45547256,-0.5367043,-0.45308283,-0.49133208,-0.64788175,-0.7220975,-0.76993054,-0.5500877,-0.77753603,-0.4795165,-0.5294026,-0.34851748,-0.47418755,-0.55827606,-0.44110915,-0.22647178,-0.45518273,-0.51138914,-0.6401902,-0.42905864,-0.5417528,-0.51405543,-0.557439,-0.46005732,-0.42036113,-0.5373059,-0.46312976,-0.4832563,-0.5352605,-0.5047669,-0.43894652,-0.45165294,-0.43859187,-0.48064604,-0.41367766,-0.46671355,-0.5136862,-0.48864657,-0.5068224,-0.53770155,-0.52501494,-0.5136406,-0.53883487,-0.49840933,-0.5083909,-0.72463965,-0.3840624,-0.49527755,-0.5525203,-0.4190991,-0.6522153,-0.5552604,-0.3991827,-0.5293461,-0.51730496,-0.40390167,-0.3622295,-0.38132975,-0.3428342,-0.6129073,-0.71638715,-0.73068476,-0.71706736,-0.6577761,-0.59873915,-0.38834387,-0.48853353,-0.4499919,-0.43577728,-0.49264887,-0.23070207,-0.23915659,-0.4251161,-0.31328136,-0.3606674,-0.37274647,-0.3623643,-0.21841979,-0.5384935,-0.45830324,-0.5731369,-0.55949306,-0.54192233,-0.47812274,-0.58207357,-0.5276648,-0.40515748,-0.62401545,-0.6359629,-0.42362243,-0.33420384,-0.5825345,-0.5775657,-0.643662,-0.3890371,-0.5284144,-0.389221,-0.6745975,-0.7157413,-0.6981262,-0.4457285,-0.63397044,-0.6872164,-0.69410753,-0.28238693,-0.571391,-0.51031303,-0.5477282,-0.50648284,-0.4071745,-0.48170957,-0.41399688,-0.29526258,-0.4695179,-0.49843043,-0.47363573,-0.5846757,-0.60367537,-0.28434634,-0.52022755,-0.6302675,-0.4962105,-0.52256984,-0.5442429,-0.45747924,-0.47200578,-0.3341896,-0.30878246,-0.33239743,-0.40014824,-0.43822515,-0.31945768,-0.36521897,-0.34518945,-0.1904614,-0.37119615,-0.40203375,-0.38578734,-0.399793,-0.44747114,-0.4069998,-0.51993364,-0.46694556,-0.5502892,-0.52513134,-0.4978757,-0.70652235,-0.61641467,-0.7264525,-0.7492907,-0.743207,-0.6832896,-0.5771578,-0.4795351,-0.2836904,-0.3833074,-0.38717815,-0.5047471,-0.42067295,-0.42619586,-0.5294171,-0.49387327,-0.6611569,-0.5557923,-0.6859436,-0.6023414,-0.6068974,-0.6081,-0.5388174,-0.5787093,-0.50415546,-0.493138,-0.40502703,-0.43325177,-0.38511896,-0.3727961,-0.4599731,-0.46923935,-0.37424597,-0.5352437,-0.4629132,-0.38595113,-0.5376965,-0.5372251,-0.43505383,-0.42354265,-0.39863417,-0.43053815,-0.3977561,-0.41011968,-0.3788056,-0.32640272,-0.27442726,-0.4378663,-0.42526057,-0.36720872,-0.44118243,-0.34214178,-0.41219443,-0.3762618,-0.5353098,-0.48140365,-0.41105416,-0.6239878,-0.4169613,-0.5713331,-0.3923425,-0.4212219,-0.7071881,-0.5561572,-0.5262039,-0.54639775,-0.52567667,-0.4147974,-0.18279882,-0.16669402,-0.1821235,-0.10783631,0.987039,0.9938866,1.0,0.999009,0.9849599
261,-0.47698328,-0.54365426,-0.49411628,-0.5419358,-0.4947143,-0.48820555,-0.59808326,-0.46731502,-0.5417932,-0.52029157,-0.5295653,-0.4909315,-0.4578997,-0.5335261,-0.55246174,-0.39480877,-0.45133445,-0.5433979,-0.3994373,-0.39531422,-0.714567,-0.714897,-0.63775796,-0.5509978,-0.6246409,-0.45089656,-0.41376042,-0.37342787,-0.36028212,-0.3111569,-0.2926238,-0.28277797,-0.34806088,-0.33538622,-0.31555158,-0.43972424,-0.52039266,-0.43923756,-0.48156175,-0.6346072,-0.7116167,-0.76225287,-0.5460777,-0.7754602,-0.4807345,-0.53497344,-0.34578827,-0.47979945,-0.56031615,-0.44399348,-0.2252398,-0.45490673,-0.5096989,-0.6387593,-0.42118454,-0.5355348,-0.511347,-0.5492536,-0.45258,-0.4150929,-0.52783823,-0.45635518,-0.47331703,-0.52439046,-0.49182734,-0.42663762,-0.43780068,-0.42873627,-0.469424,-0.40387863,-0.45675522,-0.5019999,-0.478329,-0.4959643,-0.5249566,-0.5114702,-0.50338376,-0.5267668,-0.488355,-0.500726,-0.721319,-0.38278073,-0.49710283,-0.555909,-0.42331225,-0.65470797,-0.5607435,-0.4040664,-0.5332563,-0.51993287,-0.4065513,-0.3663064,-0.3800215,-0.34061676,-0.6096801,-0.7119581,-0.72824025,-0.71256506,-0.65143836,-0.59294343,-0.38679498,-0.4742524,-0.43510377,-0.42219773,-0.4816095,-0.21780793,-0.22550377,-0.4223577,-0.30665016,-0.3521207,-0.3650157,-0.37052462,-0.2223599,-0.5335052,-0.45468822,-0.56829786,-0.5548843,-0.5381787,-0.47718126,-0.57691944,-0.5273689,-0.40538415,-0.6163993,-0.6277717,-0.41925815,-0.3328304,-0.5748778,-0.5663635,-0.63365686,-0.38420686,-0.5185258,-0.38230956,-0.6661238,-0.7067026,-0.6893232,-0.44100893,-0.6296464,-0.68303174,-0.6900191,-0.27978772,-0.57128805,-0.5097177,-0.546157,-0.5074159,-0.4095435,-0.47834948,-0.4142748,-0.2886772,-0.4627514,-0.4929373,-0.46762514,-0.5814159,-0.5989415,-0.28035355,-0.5153742,-0.6263923,-0.4929844,-0.5195656,-0.5438857,-0.45996952,-0.4766388,-0.33782902,-0.31049684,-0.33452612,-0.4058626,-0.4468351,-0.32275093,-0.36923966,-0.3560802,-0.19396195,-0.3796343,-0.4114895,-0.39699218,-0.40595326,-0.45456448,-0.4126741,-0.5317316,-0.47724456,-0.55858046,-0.52841216,-0.50770766,-0.71269774,-0.6164801,-0.7273354,-0.75219506,-0.752,-0.6797711,-0.5702552,-0.47381878,-0.28229114,-0.37368226,-0.3799295,-0.49712256,-0.41290644,-0.4322083,-0.5300853,-0.49614757,-0.65955925,-0.5620821,-0.69143414,-0.59832275,-0.61392367,-0.617048,-0.54689544,-0.5827671,-0.507469,-0.5068004,-0.41751266,-0.44736212,-0.3980712,-0.38079926,-0.47373533,-0.48253858,-0.38582933,-0.548857,-0.4691968,-0.39808476,-0.54692274,-0.5449342,-0.4442063,-0.43308863,-0.4000277,-0.43927392,-0.40678197,-0.42119834,-0.38984835,-0.3358322,-0.28714874,-0.4502913,-0.43866807,-0.3759477,-0.45398685,-0.35445213,-0.4248385,-0.38939217,-0.54802185,-0.49460897,-0.42427126,-0.6364688,-0.42469552,-0.58314997,-0.39960566,-0.42980757,-0.71518815,-0.55890626,-0.53078485,-0.5483853,-0.5246398,-0.4141847,-0.18660864,-0.16950001,-0.18472737,-0.10982981,0.9866686,0.9905669,0.999009,1.0,0.9842597
262,-0.4748409,-0.5470766,-0.48055533,-0.52616125,-0.4934854,-0.48609567,-0.58147603,-0.45937806,-0.5282354,-0.5062989,-0.49924928,-0.46303764,-0.4415359,-0.5110577,-0.51674867,-0.38539135,-0.41898632,-0.5100355,-0.38627312,-0.39365572,-0.71029484,-0.72031397,-0.6354936,-0.5598839,-0.6414297,-0.48077875,-0.4314454,-0.3824727,-0.35796055,-0.31280568,-0.314002,-0.29744023,-0.36730132,-0.35348076,-0.36008808,-0.47415528,-0.5390524,-0.46868867,-0.4911188,-0.6494917,-0.7186836,-0.76226157,-0.54092854,-0.7722507,-0.47575247,-0.51486444,-0.30877936,-0.480329,-0.5382865,-0.42703667,-0.25410706,-0.44144216,-0.4845811,-0.63644856,-0.4282731,-0.517591,-0.48886865,-0.5487831,-0.4655344,-0.38898918,-0.5310168,-0.4531875,-0.47186452,-0.5266171,-0.50561523,-0.44040427,-0.44944942,-0.4413142,-0.47133005,-0.41032428,-0.45646423,-0.50723237,-0.47855675,-0.49511367,-0.53751385,-0.52860594,-0.5031994,-0.55117464,-0.48230878,-0.5106131,-0.72874886,-0.3896809,-0.4891212,-0.55794543,-0.43510154,-0.67869735,-0.57138705,-0.4049149,-0.553857,-0.545003,-0.42831236,-0.38259694,-0.4113656,-0.3694077,-0.64301366,-0.73403925,-0.7314661,-0.72401583,-0.6601568,-0.6133646,-0.4349301,-0.4954974,-0.45525664,-0.44187236,-0.4986527,-0.21101761,-0.2239122,-0.38498485,-0.26754966,-0.33059534,-0.3697645,-0.38236007,-0.24041021,-0.5482401,-0.4687136,-0.5924797,-0.5834017,-0.5587096,-0.4952742,-0.5974242,-0.53936714,-0.41301548,-0.6410935,-0.64846075,-0.43316084,-0.34581175,-0.6024956,-0.58441937,-0.6554346,-0.4088957,-0.5490842,-0.37790307,-0.6858821,-0.7054101,-0.68103826,-0.42509425,-0.609897,-0.6784821,-0.70087373,-0.28565416,-0.58213353,-0.5037103,-0.5648613,-0.51042426,-0.43270117,-0.50738305,-0.44206458,-0.31236577,-0.49225053,-0.5086394,-0.49285632,-0.59674907,-0.61027926,-0.29317325,-0.5287901,-0.6447615,-0.5136661,-0.5316584,-0.56467736,-0.48233795,-0.48684105,-0.3523555,-0.3211729,-0.36226374,-0.37557653,-0.42639062,-0.26588106,-0.3350869,-0.35902658,-0.21604957,-0.38515782,-0.410159,-0.38880342,-0.40813178,-0.4590902,-0.41186088,-0.5112024,-0.45493096,-0.5570438,-0.538257,-0.49527872,-0.7152951,-0.6317041,-0.73001045,-0.73961174,-0.73717797,-0.6974017,-0.59850025,-0.50039166,-0.32404572,-0.41204286,-0.41441983,-0.5269442,-0.43998212,-0.42739007,-0.5424,-0.50941783,-0.6781057,-0.5654495,-0.69812477,-0.61372614,-0.61068434,-0.6188727,-0.54249614,-0.5804994,-0.5031897,-0.48880982,-0.39416295,-0.42878333,-0.374358,-0.35494682,-0.46576706,-0.46823195,-0.3772143,-0.534333,-0.47351333,-0.38321847,-0.54485327,-0.5503122,-0.44026116,-0.42119822,-0.3963401,-0.43854845,-0.40639502,-0.4082477,-0.3591928,-0.29981363,-0.27809173,-0.41364372,-0.40527633,-0.3504697,-0.41056952,-0.31823045,-0.38059565,-0.3469902,-0.50642574,-0.45287094,-0.38803154,-0.6083841,-0.41561714,-0.55038065,-0.3686419,-0.40521994,-0.69677216,-0.54074377,-0.5038749,-0.5309963,-0.5208011,-0.3789366,-0.1419665,-0.1589696,-0.1715675,-0.11688807,0.9992617,0.98207533,0.9849599,0.9842597,1.0
