PC1,PC2,PC3,PC4,PC5,PC6,PC7,PC8,PC9,PC10
1.5031919897753565,-16.153169655314304,-0.9732062452306264,3.492263091189455,-23.786896909505188,-0.9495441672370343,6.7915848727357035,-5.038003298718718,0.15992049974799702,-5.239540159843047
0.6922573394887788,-12.590412810192966,0.8764533553621895,-0.22668092374702867,-21.91779251107245,0.2922735219115383,5.457627422221309,-2.736500641193264,5.385273485139612,-2.914899529751102
-1.5698932870407616,-12.823654174675479,1.4024189697508365,0.5744064145743304,-21.531097441953175,0.05864564503855684,8.90016736895905,-2.4689425375319636,5.968284165238618,-0.24028965234462676
-0.06311617878303599,-14.164793290691984,3.1807239736565065,0.47624502896102305,-19.524792894083216,-0.779091274381228,7.4676991677053755,0.1469043277352086,3.8380916729214447,-2.6070583302006467
-0.7958524754158688,-14.678085474457543,2.682975574039799,0.9893015065293744,-17.63825644231523,-1.1238994431710465,8.383048205671528,0.21899480556539022,0.37001970606761186,-1.8395862377932553
-1.1194678712671922,-15.052483040586573,1.7886367671534464,-1.0471253485414138,-17.825079180883975,-3.4804500821679856,7.360784843694915,-1.427180014895762,3.811003063797696,-3.8780472115562636
-1.574038065946505,-16.154531257304846,1.8969165428026602,-1.4356826929596327,-17.130363532543036,-1.195547931763464,5.673851259214779,-1.4486703609225569,2.7112253215246147,-1.6886473668641304
-0.4058005480666488,-14.959191724518062,2.396403306761187,0.2413836359256521,-16.215291571470633,-0.921948432135572,7.43599375196394,0.9485083762792679,1.9441006830382805,-2.0286494166356297
-2.759172130352154,-14.688615779946348,4.078807721114167,-0.7172587790288826,-15.75063154405192,-0.44371164064761304,5.105803815941712,1.436958602230376,1.698364306635181,-0.3742356724290639
-1.483757856201725,-17.058575052610113,1.205470614492648,1.7640721208464543,-15.893990863957786,0.8400294326182761,5.7649369433854964,1.2980398659968486,2.790525274935155,-3.2174706968145297
-3.263339421011224,-16.18556987623602,3.106351176704265,-0.06446323666135861,-16.801248202946592,-1.901453628957694,6.082536677366192,0.5774687817722933,1.3281770798569767,-3.870895645033509
-3.233792511286053,-16.610289411359837,1.499849929805348,-0.13885972285224762,-19.540686073768867,-0.6887578996605823,8.723310735417957,-0.3210841812832354,2.750231441110917,-3.9894504925185514
-4.161210118101299,-17.054180536184894,3.3908259620665966,0.7562376392452416,-16.83284809984921,-2.174661430474462,4.824684879768607,-0.715895574833793,-1.9154115384397765,-3.15806457818877
-3.6499226462885153,-17.25107477503599,4.825670540665147,0.26252749068474257,-17.08530567959274,-2.9869014049009417,3.208282265303252,-0.6821389006247914,-1.7392593120588438,-2.0565902407857175
-4.237364766359549,-14.496063100646221,3.6271733729433335,1.4125921113895992,-16.596011239150997,-3.26966014041905,4.697048753164525,-1.3126385402552345,-2.514395860743097,-1.7850732150617652
-3.896983332801273,-14.16001668452846,3.398669371814102,1.153618184907125,-12.803661276697405,-3.2623367310846962,2.586034990473669,-1.3217690050522404,-3.19557262074547,-1.046133761146364
-5.9998745656344,-16.19735300703256,4.643895516459072,2.0070590680929086,-11.872983978406275,-2.111428887535646,3.352730586645161,1.9109464046335516,-2.293782680287462,-0.930069220904902
-5.770434141098215,-14.606274391360968,5.79916203535817,-1.569088307364708,-17.129632085769565,-4.155551603303925,4.435839622458635,0.9611795267393214,-2.222624599514812,0.4154037593953257
-4.290805747021966,-12.675212228946643,4.192506264859025,-0.09855679168661079,-8.869688642090985,-3.0584845635622235,2.0911821559225228,2.505523832027336,-2.5928794988391237,-1.4313928330970587
-4.6759746229222054,-14.026116382617937,2.3617463032472323,1.7843846390278209,-9.858629014381053,-1.7982384214988711,2.2629859790457334,-0.7153522959871346,-7.642312919184913,1.2022666520211258
-3.830208352005985,-12.22142155656336,3.6542229723613593,-0.5268409420112723,-10.09672538774015,-1.7264039257986863,5.183442077276568,2.56229092169205,-4.5501210324819175,2.0278831853049697
-2.825999839206608,-14.397557017348197,5.153540086580005,0.07162563388247437,-9.014415368782432,-3.588350515664404,5.597990236396426,-2.1669659117600806,-3.9073900128867787,4.066352022367841
-3.5666418542181786,-12.17719965692182,2.039901616146489,-1.2286971534591598,-9.034700396671724,-4.276432613015523,1.9249741428857274,-2.113240838408769,-3.5748227811879514,-1.3743683898109444
-5.318540249334209,-10.528852375697442,7.209078179297345,-0.8884568016163044,-6.0814687015094835,-2.5621497017225208,2.164042994381206,-1.4560794614492925,-3.8871358801198617,1.0952571300384135
-5.547024827917795,-11.480681036224741,5.936666209143455,0.7238476073796541,-8.534397563790025,-2.162245091912239,0.7800811602782236,-2.1817840912825237,-5.020965466356485,0.4434773722725233
-4.78831066917925,-11.114400783876306,5.311164103906857,-0.04134109931822337,-9.045313488752308,-3.2174663736840525,2.890561226016543,-2.818915591117425,-6.974097298337685,1.760817877772211
-4.872762346272836,-12.14440036078399,6.033971576617042,1.4450420698329138,-9.138542390134218,-3.446361548188762,2.3870732533644006,-1.8791033474985341,-4.8284813523633385,1.3524288093268835
-4.71039627188568,-11.978617768807625,6.774461225722885,0.5038739820243834,-9.115251006255201,-4.6059066137750015,1.941140972056225,-1.9677089566626105,-2.55654120694566,0.8109677959814672
-4.144344283088116,-10.376496816494509,3.954928699664292,2.4717211803682093,-8.454338539572603,-1.8930458563230341,5.854135925322921,-1.1046815524280011,-0.06489513438536056,3.214702710794039
-4.1347281794836634,-11.33071992276002,5.177639706964746,1.6869263607637202,-8.0426882054388,-2.9014492230017064,3.8953910447113107,-1.0744688766294104,-1.444872028104822,5.814285493492652
-4.35418902911019,-12.050950693955988,3.801498820457112,1.193187211862811,-4.8083791747707965,0.6565897724679679,4.683665570070569,1.0827345995057875,-1.0050041814382389,5.588141527702481
-4.1616374626170884,-11.68913664220284,5.521344145088474,0.6853563646251702,-3.646849869357106,-0.12803924245212187,3.7960356102019865,1.6457386802696272,-1.1010521937696052,4.939803121203096
-2.6981437086828457,-10.063035603950642,2.900477882843051,1.2856540127533618,-4.166875066164459,-3.3544737412086634,3.1629569424785213,-0.46766158121380497,0.1933898657458688,4.941767368758413
-2.266971617729581,-10.242170718040072,5.136445759263006,0.42221324993778375,-6.117298585858038,-1.1120324234128336,4.566995914075059,1.2747480228102663,-1.0180773068381752,2.624114014652963
-2.1779181169196584,-9.284372022028533,4.308517519539809,1.3763432571007328,-6.893389496556335,-1.73640104474102,3.641435411915486,0.31506862327586654,-0.14378490324335563,4.964913099768231
-3.8292455399931296,-9.37191968168574,4.972281767657722,-0.812247172041597,-7.110982150199993,-0.04712054237308164,0.6086425825731258,2.7309231367539755,-3.3005550801948913,6.3693333880966705
-2.8260936342127585,-9.0392868738043,5.14183783145129,-0.7015535186293985,-6.979240846252881,-1.4413392329914476,2.6424401296064124,0.2948343464693108,-3.2538769574733957,6.112161803928028
-3.1654256591178616,-11.667309984946947,4.778100053580548,-1.0539657291568036,-4.91756177306448,-1.6359105841482062,1.638647452069938,-3.2879185546041545,-3.930389586178934,6.287310961654044
-4.627017110357283,-10.426608919918289,4.175921167191783,-0.5270252318834697,-3.0976484535525484,-0.7151502511231069,1.646545381390802,-3.9667213346344483,-2.566124144633032,4.874439806124734
-1.4111811471185993,-11.220227172664382,4.691059518110376,-1.523912455825664,-2.672033601053986,-3.3650933048590397,0.7843033744643371,-1.0308444725731682,-2.539686809811985,3.5847314326292183
-2.5242109676458995,-12.66245674645734,6.2225473621239855,0.5981056342221273,-2.059326870753687,0.13633526838273402,-0.816150847387327,-2.420472156171593,-4.089818243901043,3.4759647496510024
-2.9729194453654237,-12.166253604461104,3.4455195667952268,0.8872556490499494,-3.5973074811911303,-1.8868138636235487,0.5006362598230406,-0.640453742880374,-6.306453981701875,0.6668717316522498
-3.2434876497743357,-12.05402734073154,4.677636697478228,0.6562410452608173,-3.554224689521171,-1.2855209102411096,-0.17064457520133455,-3.6268393675801556,-3.5850808147951,2.399558906409304
-4.32906041927185,-11.164645503803916,5.314547334114226,1.1290195093056767,-4.505248044291841,-2.0508421079581405,-1.4410583782475401,-1.4331172895955273,-5.0906347624215815,4.225206562171863
-3.9497037361326948,-12.222073293348556,3.9955095231353632,-1.4304110185487668,-2.861010598891427,-1.126294602674859,-1.5041752482922535,-2.514184535316386,-3.6229263044496696,1.9834317488776187
-4.2249860613077495,-11.660436310868898,5.377848172984624,0.6205894966287061,-3.453242458636252,-1.3961205765286586,-1.5090852145099993,-1.3984322078852307,-1.0950169225183533,3.241594922738846
-6.2826316768634785,-12.701250965485054,5.599286074589919,-1.495543563784826,-2.6552457561519467,0.018119675946949132,-1.133857144257852,-2.603233261015571,-1.393639775613121,5.525570573659094
-4.62976148285626,-10.585108895311999,5.327790744563069,-1.3784113623111947,-2.658359083220378,-0.7347066922110967,-0.48823925076153185,1.555042876576298,-1.4050828956062216,4.007407104834084
-4.548587942950591,-10.199974452320047,3.230602758533785,1.523020444657496,-4.452556597301175,-0.9465054113988229,-0.1148563553338541,0.3328218729983124,-4.102328842317384,3.9275160728273266
-4.594834115614001,-11.073046097873684,5.801454239066586,1.4066780917155528,-2.142928144457136,-2.397466869858193,0.9197050901665212,-0.7588581507848329,-1.8528759089091174,5.266298391473132
-5.333271869905656,-9.162281950436189,6.0605018981821335,2.4423687540505807,-0.34540304450252785,3.5818835392139343,0.4973508206615344,-2.2474589513624017,-0.2795651284203923,4.821455430300364
-4.280128988493217,-9.781014009394905,2.38140930038744,1.1268259442857527,-2.447544800143637,1.5374348211013253,-1.3286988764690504,-1.344535451147238,1.6633291136900932,5.239312341921223
-3.15336240838694,-11.79432188563676,6.512727224554917,-0.5500132983301017,-0.92885183936826,2.6352217170316314,1.4761964512271022,-1.857794079436888,0.7597162330987549,4.179869758790973
-3.890904714749109,-9.163896149712992,7.224566909486217,-0.3399047935161812,0.7070903587367432,4.77301438690049,2.772359375550683,-1.2280817607986951,0.6251358785155001,6.056978117764704
-4.18816132763493,-11.579688376902656,7.358114529033745,0.483820673953517,3.2009717366247696,5.633406070015424,3.5159003138927587,-0.5586659034416374,3.5737211857564835,2.824780860407406
-6.692271645820261,-10.246909314868386,6.990337489142592,-0.6322292510406414,2.656188602871994,4.410171369575446,3.1173345472867457,-2.2624355309830433,0.958980043855349,5.160084350218473
-5.5992063766719316,-12.056833238078426,6.21837071897552,0.40251787296456154,1.6209878019013988,4.034730072701495,2.589515456670423,2.907255288455058,1.9496030400221689,3.417919575046046
-4.881996402245943,-10.342805982711266,6.989391526051959,-1.4021418219575865,3.326224966639822,4.299374959194785,3.6457227965758485,-0.7889947634999692,3.0106260018723074,6.43544946564572
-5.180792303046354,-9.308426092189396,5.3685305750776635,-1.7125770851712574,4.825467041861965,6.184178838913404,3.0618191876842684,-2.591362140419992,4.50910952111426,4.646035110555754
-6.448255668785228,-8.2730996719756,3.5131337144313837,-0.3674184006086354,4.900555085570659,8.234954356468238,3.240516863210942,0.9709589120800158,2.7901500911851955,2.876745186293898
-5.1492808014435445,-9.453609896186576,4.56681525371729,-1.054591650296865,3.1116663629527297,7.562740348678563,4.67447104668315,-0.1415635347092651,4.6453796051568,3.651117200680964
-5.207292868423424,-9.884605242081975,4.511445062317254,0.706972423662336,8.381873561706707,7.81712496691847,2.303283298470474,0.7748488960851241,7.286058540752508,3.046339209156272
-5.060812311088001,-10.279790591545392,4.718290083183251,0.33612927682399485,6.879715534238536,6.8003798528043005,3.9633516751276225,-1.678965925959983,5.293527449990283,3.3827419696183774
-3.9555289842852934,-12.628102995426428,3.022674133966291,0.4808330292978079,6.768708463762923,10.208847595611221,5.446964675941202,-2.1066452240416194,11.247164620214317,3.9115991755027006
-4.986642051179224,-12.15512503732863,2.8905377613623586,2.045375377894013,9.777996545149534,9.3921933315911,4.311683518085492,-1.4399637531888256,13.664318141942326,0.48637392046912326
-6.4725718918679425,-12.15953984255805,5.599014032162703,3.0526863907889714,9.03347162916565,10.952158672273574,5.455619424523288,-1.8121530933568428,13.319891279500487,0.4235454941370076
-4.724366661155414,-14.02723413724556,5.256537400395821,2.8008622541328694,9.150438838730981,8.747392489899685,4.430531007142012,-1.2688007294059218,10.9121370799732,1.9911551192769312
-2.6289855933977018,-12.270311154769814,4.013697392942007,3.0680452693204656,7.863110613267491,8.756416313347508,5.590431812459805,-0.01990429745130735,5.961618144235579,0.3648794535499683
-4.011577370995666,-13.831540289096239,6.618663410036832,2.3911352301331363,9.261752880127814,9.647434461621875,7.213909483272325,0.9497572253429456,8.483897438642176,-0.201817747121911
-3.635388752444268,-14.06988603860194,6.604510416954101,2.4848630918385366,11.625483119363125,8.876077693748405,3.906072011144107,3.1715635957097663,3.8421116803863424,0.541500635958064
-3.456869918769824,-14.18694705591218,7.250709799131138,3.911653608609373,11.895154439127968,9.908435437407725,3.409705933738643,1.0525935152065045,8.159754851899201,-0.9020612856791338
-3.4893233216101627,-14.384145314595093,5.955445121884926,4.225501357510251,9.86797020516625,8.40768892624828,4.651419351250741,1.2777353526857833,8.697748199104353,-1.163068718125867
-4.888747660710419,-14.049118521320178,6.207947497554793,3.8460251465799224,10.569732824043417,8.06060854337193,4.072739804001744,2.071361247727888,4.483616802964496,-0.564717287578976
-3.6736994404304144,-15.845667810184878,6.480142969411778,3.355114333093567,9.691252803347336,10.24073021482536,3.7397020340772915,0.3088912791952752,3.972680025820531,-1.7040502950058871
-3.3126973717222508,-14.533139099919985,5.803579155214916,3.2936622193983394,11.368994846110288,9.102879852976933,5.068900809615901,2.4409302963051442,6.410241267422512,-0.3669192037739191
-4.274770031029958,-15.487927438668208,6.891394194203785,5.3209822637496424,12.171103435282257,9.169039415805466,3.4748071947557113,1.2111181848034898,6.496542220736023,-0.6414955405101429
-4.54300281310269,-14.187287726578782,5.070315086620741,2.8503446125711362,10.915227240284553,8.453393229713942,2.8905715129259257,0.5470549026929796,3.7821627776037006,-2.792978342178183
-4.268431006271057,-13.204266957681494,6.637886265578199,3.4299303445504585,8.96942626650146,8.554704441029848,0.999629913240088,2.6750788098057887,4.037017377300981,-4.303768585958538
-4.6216295052796035,-14.27975470316443,7.267662705524409,4.80387880750948,8.906900084900206,9.80945466313105,0.7127685477935083,2.7635001126859216,1.9962106915556732,-3.710347425389342
-1.6675486978706238,-12.187783507416485,6.065556962506733,0.4510186433818409,11.020960016701522,7.879011611237954,2.9362521890946156,2.5807701116681696,4.006166174867078,-0.9247273877511404
-2.7344407899377132,-13.158019525571024,5.664451683836161,1.7621620757901135,8.634820636608723,3.7449736810617806,2.092535500045416,0.920995229848663,1.9560108465033923,0.40239921787989125
-6.7877693216965245,-9.807677564506372,5.278958006849929,1.1205108968471766,7.724405972445205,6.109184002321643,3.0891903709552135,0.8729812958865822,2.845729996581127,-3.8736551670243755
-8.58949300266261,-10.955843906829145,4.31423967525536,1.4329955655127988,6.997493150406299,6.98589085128591,0.22364434329331584,1.7273330686792643,1.7644028952646482,-1.8978180163949527
-7.998318885396819,-8.61084354323044,4.601826948913023,1.600417999949679,3.933246859613324,3.0057454577592875,-1.2138675760529938,2.7557920275089387,-1.3298310332814114,-2.146206012877794
-8.01956618389571,-6.019339696595596,3.104060982877877,2.0727006592760615,5.776917286333405,1.9518322320408275,-2.4368271418707645,6.820269253263217,-3.912631194927634,-2.357002955146071
-7.802597070742132,-5.580494096100838,2.5582896079528057,0.10368549603746725,3.9005438621224,1.2066830496000704,-0.24356463965911976,6.379778041945164,-3.09072380601854,-1.6440307415710576
-4.792225590341433,-7.721081239643759,4.700314174801442,1.2968334818326097,4.6852075002390565,2.481666023992391,-0.8766923740041155,2.4853035306066986,-1.4817791426098943,-4.684378786544968
-7.083285346922145,-7.127815058189396,6.155135157254353,0.6114835537081964,5.7765296135296715,4.778723817678615,-2.1262418475459395,3.1223128060443406,-0.8620239199207349,-2.251119759471022
-7.014695812185937,-8.219312330435352,5.6545785907080655,3.3463858902234946,4.131552048942685,1.9755464335849693,-2.8057444770563817,4.738478034520273,-3.4202340575691355,-1.9253431653847275
-7.123706047467569,-9.673427432280855,4.789323005006955,0.5651998937287169,3.5835877358044224,0.11555875711101649,-3.6163760106844367,5.109719124392839,-3.9598925076528375,-4.912676751363163
-5.392228314948689,-6.727963674722985,4.9009936005499535,0.8042041111436556,4.648979281766018,1.5472205731002142,-4.124471611071757,2.6282624403920054,-3.60714737739161,-3.0291778785437073
-5.25870139327172,-8.34278272152977,5.378067084922723,2.806301650150623,5.901313258257906,-0.20090072514334584,-5.266934925297054,-1.932401067597885,-2.5786998421588008,-3.731203498978036
-7.072255212148785,-7.719843898029046,3.0990167132837745,3.4085447789642296,7.6687176108958495,-0.46594854729489904,-1.688469280698158,1.6549809744593071,-0.18432722826732464,-3.094912645712752
-6.769549538704962,-8.039586021247212,3.802246615631922,0.7717098889653425,2.8408892365236205,-0.8127823638644973,-6.173890966707381,0.9276505225437721,-1.575741786530122,-3.235298851048705
-6.538117256773515,-8.20051459259278,3.5686500107949652,1.0924842285860217,2.3097200421819917,-1.7500753416246666,-4.600692684505554,-1.3649478350689435,-3.5027069003195104,-3.858837267221058
-6.97108475051317,-10.41221437095064,5.0894148753172725,0.8403937253793721,3.8387741837328737,-3.5501759908179213,-5.767650726073342,0.19473857907385864,-6.033060035326196,-2.447033224737077
-3.8180470198556384,-10.498756585881374,4.1994807053737935,3.0092733459598775,6.177914693263158,-1.3292196093023834,-4.136321455886209,5.036103726812818,-3.6222522590409993,-2.3426557256839886
-6.863345655346687,-8.894438429837747,2.7937099054190813,1.757073587765645,2.2821433834489184,-0.07348135913833258,-3.8315093130407445,3.176941905356744,-5.114543392679155,-4.327589389286002
-3.87932912888581,-9.012075158683176,3.059916142826101,3.1729556263527865,6.810733429720088,-2.0570779953589855,-4.535138981822321,3.8622405441214136,-4.046751249636718,-4.878971568476466
-4.4430654251454325,-6.276382879293972,4.103092008823895,5.058004677250687,4.159065775830434,-1.5175597707668091,-2.746229471014056,0.42821446531713164,-2.9587873911766143,-3.772935077062434
-5.837242070082506,-8.886701244090004,5.059974563018628,5.162270642892846,5.875813677697456,-1.5631736567254355,-3.2281307383896136,2.899199197526707,-4.066983468325081,-6.719299183131785
-6.058921347607631,-7.598458243620627,2.621524001411969,3.0438406090891563,4.608655800158066,-4.00640045126595,-4.692001981689563,3.598781910517476,-5.97323524372186,-2.986357047372842
-5.7258409895231885,-7.838558563352958,5.447274846100041,4.7100798070762036,7.110372332503061,-0.9255140349616656,-3.2383683648328474,1.9469889161682488,-2.907970839920467,-3.92157399118511
-6.660128492754447,-8.749052158785327,3.7945295756382533,1.4294344673934956,6.562044686596031,-0.29524415736377774,-2.687367723022423,1.9732487079821843,-2.7229832583733162,-1.675262816656904
-4.158192493660352,-7.092074361837211,4.3529005871594455,2.447022562057034,4.05730599117351,-2.6925831989434,-1.3455410958022158,4.626231531534043,-0.6443842503044506,-0.9254737509864462
-4.72246003842453,-7.028648179103233,4.124701146223171,2.937034432732222,4.534348099678056,-1.2058368382004923,-2.98278558777423,2.4784949038268325,-1.9453947023516898,-0.31016523817092484
-8.279601230124811,-7.5109408913256885,2.9115165413688464,2.687675179312612,3.9802771145614924,-0.5329811128764167,-1.3030962719595445,2.450070510453288,1.390536889552016,-3.430885523374818
-6.683440767448728,-6.623457592131288,4.068790494446302,2.0098488754680988,4.990405290015908,0.21748953797698245,1.7995671454308044,2.1303907588916036,1.7999673496635211,0.8092543554910571
-6.946795545289884,-6.645361981834412,3.210497050292908,2.856887256748601,5.341482793878115,-1.3836200050267013,-2.174037202014506,5.496617183654466,-3.292067138381063,-4.09994695018026
-4.262946038615839,-7.493422076976211,3.338239917933794,3.381630408617395,5.818225527871696,-1.8770970532578395,-2.243215473161851,0.9188020916558602,-1.4750522101226722,-0.9650072977376226
-6.145313875901812,-8.607171400622839,3.846625967060584,1.6422987755997278,5.3153531451134,-1.3533176536194287,-2.9895751297672475,3.249734420316065,-1.2498387859701945,0.8507286094928749
-6.185321672104381,-7.470032654866849,4.545358921840135,1.8676958159652983,6.094297021425571,0.19176830267758949,-3.6163366102331933,1.9047748040409709,-4.0375735970339495,-2.6507470660405885
-4.929402897580665,-5.018467567427191,3.731320743623458,-0.9900471246077241,3.6578946464376814,-0.5630089729807705,-4.511855943506541,0.7104727388648396,-0.6383540906923219,1.152808367657687
-5.544828141831471,-9.569723567763443,4.644417041989773,-0.5313696341602235,7.356108924236951,-0.7423182546191978,-2.4333012650926498,2.4947611321800895,1.3241722107722314,-1.991461834756335
-5.868303880918245,-9.071694031813795,5.600501775967008,-1.4501914395813063,5.617124132663145,0.30246945835198596,-3.57334989511294,0.5756824286965441,-0.5354626475104157,-1.2802129213189697
-7.4105081844618566,-6.320709840393331,4.2146721099856626,-0.9429920953471975,5.653598498965913,-0.9192878284809254,-3.8590696576718155,0.40807602289770184,-0.8961459175292339,-0.5475104924158729
-7.155743603125995,-6.427209512804637,2.7020267092810943,1.4816424879164667,4.592737018475805,-0.5187383067188682,-2.683301156234701,1.0976393082949234,-0.20402115095644863,-0.6068577465796896
-6.144839843855668,-6.759004856863222,4.385490804896794,-0.062023485683076696,6.550978912967177,-1.5403117311107808,-4.600678680084261,1.8063582812463688,-1.678232549190327,-1.4836465794999603
-4.991093611332885,-7.408428023880202,2.300857551183724,-0.47286245844797076,3.537325596847771,-1.8490807553241058,-4.517093179541423,-1.0838750558975956,-1.101817598440258,-4.632357056329906
-6.7080026650959255,-8.741179133565767,4.493768644195512,0.27900370513354195,1.4811559874382858,-0.8376106919389997,-6.639413401320401,-1.4813571715749736,-3.3576342501010106,-2.228379794135894
-7.8346449104840925,-10.896511280252732,3.9257597493723275,0.10812223882455832,0.9494342505440279,-1.1633578261297044,-5.851423115330077,1.1772556532609912,-4.994911957339226,-3.366163495056185
-6.98381892881512,-8.855558771436987,3.1166440908320183,-0.9029794874563953,4.273250676470981,-2.1816434898382377,-4.152180767928591,2.8166682830386476,-2.148388399871758,-3.7955065053941004
-5.379375642376872,-8.107398999020202,2.01114325345546,1.1259068287687486,4.417638479390802,-0.5681810525281079,-4.574790382941578,2.5280608348589304,-6.356696150188277,-2.8650829131194704
-8.96534376869578,-11.170683385677192,4.02137648801748,1.6263536425810754,3.6262267348847836,1.6764240660574201,-2.5977902596397575,1.6038993961552457,-1.8884538878280628,-7.039330752714392
-7.323888334622232,-9.218646132340444,1.4534426639278475,0.942223918038918,3.455702924473915,0.19638691361236885,-2.8222211364316676,1.8477778258068949,-2.5688262867654994,-2.558057632888685
-8.504333520541735,-8.732602371942127,1.6081526847645546,0.7451781033875851,3.800066746120712,1.3834764463050353,-1.2803495228950887,3.322956448719777,-3.7311701680137204,-2.764272490093739
-6.943533595603264,-9.49940757004579,3.7464290148998836,2.1500158895247634,3.3613998739796256,1.914722327827273,-2.8909402065833785,2.7603341112408457,-4.578112484568626,-1.5823910084585486
-5.797536994365246,-10.168596958462631,2.511059757056626,1.4252500410694116,6.9170516317377695,0.17802651548228945,-5.736438773142725,2.6746281652138557,-4.660643779531576,-1.9498193033895541
-6.403641484090468,-10.07495989310006,2.58063094068869,2.0546227099819796,3.9107311448601156,0.00411053131341151,-4.536622993579735,2.4931943684692786,-4.1506662136870425,0.8213922294830421
-5.423799866622303,-10.226162065591286,3.702739279440545,1.1603583589909978,3.3152329649940673,2.0202969342824963,-2.8690136577061645,0.45755714374621,-2.043396624860767,-0.09022730216238471
-4.598828476188445,-8.219719977360898,3.7252505594953083,2.1077411823294727,2.61417526803731,0.21516878747583856,-4.30206114204541,-1.7347115253334853,-3.3645672873746277,-1.018422536164527
-5.460209146047152,-7.288595565960696,2.433268141072867,1.5028328175842776,3.8338545741281713,-0.7226325563785125,-2.4956616589559113,-0.5092427826104073,-2.981853571668353,-5.415236607152965
-5.328956519517602,-4.4976798425649624,1.5890247296151083,-1.8654103711287329,3.3616897501434275,-3.369317793239234,-3.8231656614982916,-2.146982792120686,-2.6479627556503402,-3.098167212939102
-5.937593504715392,-6.408744680340654,2.58626326300783,-0.6659854001823382,3.7202361786061946,-1.977105018003556,-4.050963034002683,-6.593147546572867,-0.21701953229456378,0.9266408030061903
-4.1771198640750224,-7.038290769158401,2.8648591367604705,-0.9809929652989938,5.566697517828587,-2.3577625826523945,-5.919397887903802,-5.35565054141836,0.5977351747327776,1.7040806822172039
-4.198328100359867,-9.438153376919058,7.038838825106567,0.76036821744261,2.467499479459369,-2.0064371462667516,-6.400615101957936,-5.3300680229544835,-3.075510684065652,-1.0068352791593351
-3.7595819976954106,-8.141682954078906,6.638632797060414,-0.46602637363436566,1.6848568239829977,-1.8645248236894858,-5.4838910335869375,-7.852012600686697,0.9496146150393316,2.039726004748796
-5.20545472166148,-7.150088219394664,6.846887108776515,-1.1548570992425093,4.581409162480799,-1.315446407353347,-4.087127328804284,-4.851865382432586,-1.3749465052263168,1.460722913991573
-2.796341978548974,-10.96569760563026,5.307968241044866,-0.6435396188485896,3.088663095368781,1.312914955328141,-4.5569772503736425,-4.826649770641838,-6.542010266441602,0.1392733450337298
-3.7040205350627424,-9.307202797667056,4.9022711053607555,1.0246025096918492,3.658035993238531,-4.736062339405492,-5.496435713942382,-2.2140425014958574,-2.9360449908171296,-1.2339388281874666
-5.728076552019941,-9.397303023664742,7.553702963364673,1.7765111631113817,3.1153489919729473,-3.0607597668879962,-6.894668887882025,-3.2407826602239083,-1.0089066415517483,0.8857572237692374
-4.221451862895488,-6.619208653874407,5.644633820256992,1.0133119787255502,0.6421923761622341,-3.514983154730914,-5.254977601204398,-1.2624829203547625,-2.456617621239721,-2.684035610071103
-5.0098784297445444,-8.478416948944254,6.350483942897418,0.45335603365199073,1.9111682077426715,-2.1712582409399865,-5.5295651068764595,-0.9895355285470042,-5.113222310261457,-1.7605149497288846
-3.0459579463502116,-5.96537234676536,5.50304779225336,-0.0035395540348668515,3.900259566772273,-2.289474526925343,-4.373895401451148,-3.2300355503151383,-4.407681212093358,-1.3179895127877652
-2.260987099744869,-7.434421842735658,2.1841620411009552,1.721187685804291,6.090872513485224,-2.0300543957359687,-4.823207821115012,-4.098122713204427,-4.197771022297054,-4.852682510470208
-2.6771073564151764,-6.7015967939348124,1.1939186242197304,0.3191485702140177,4.170757281878279,-3.2596650152870774,-4.790769961593699,-5.074059321998972,-3.0011904919785435,-2.9915706732514966
-3.1369168999181025,-5.531204524170469,2.9462094897903786,1.7760749370318845,3.9071839424772037,-0.31266607536158986,-6.809559582451357,-2.160612588102603,-5.242734749645891,-2.2117124327997164
-3.0187744269714414,-7.746779322722355,2.858993674238808,3.0006544390732475,4.716638624779145,-4.247315861087321,-6.8222702599355545,-4.264082443543755,-3.10569959717219,-2.2222945554502522
-3.1068005050425387,-7.125681223893987,2.15895871909259,0.6872078779907129,3.876524909656446,-3.9695614334780918,-5.032234174654107,-7.696348509570973,-0.08865029076900914,0.39972555526580006
-5.125284956983764,-6.308133987309098,0.39667199301615813,1.5769914351554264,3.8831458873853326,-5.3302335889945445,-4.997926562481673,-7.271707785693204,-2.1253554567467314,-4.310914165425266
-4.341421485287633,-7.862856086982573,1.9077488683807178,3.9285685253202054,3.7386779069986247,-3.4427958208462344,-8.133048195366339,-4.570795228400817,-5.058263279168108,-5.063673824267772
-5.15916712113892,-8.007970613256068,0.967945178504671,0.46859835338897865,4.437005421517542,-1.794462718958001,-6.633732844065304,-6.320794484146372,-3.0601170771508355,-0.6925198500597823
-5.330550379599452,-6.625349719820195,3.2170720095670395,2.199291004873413,4.31183036737935,-2.539203873673379,-7.812506105706841,-7.546225977153229,-1.3819220338454927,-1.6565434711735254
-7.898868594912006,-5.443056348482766,-1.2008506901622686,-0.7641924797515453,3.2434635528373352,-6.0901819452580055,-7.26842560846896,-7.00160284137438,-3.417164831738728,-6.373376082080945
-6.189721365298438,-2.6405166679193983,-0.36105166959599944,-0.4548845078508634,1.1996445609981523,-5.53014059621706,-4.779546966314042,-4.782593234409751,-4.5987914229541635,-3.040627965294447
-5.921975767766988,-3.5066034882561103,-1.0322596310315977,-2.118144668092532,2.73818427662087,-4.662671736382165,-3.382587519417357,-3.851212944873894,-3.3795891446881035,-5.768227781512491
-7.8606884552135305,-2.1787604120676196,0.26638465137834544,-3.024759311018908,0.02872385751841219,-7.473114939447747,-1.4331928310102624,-3.036615170640613,-1.055813636137872,-6.466704384378307
-6.592686712506882,-1.4921121370151276,-2.3089910861638714,-2.7853496308803702,1.1427391327876297,-2.702878436435991,-2.9447217542752404,-3.9888860684172966,-2.1850632960707395,-3.3853638558225834
-7.733804322147835,-1.4172734351019733,0.7304339135119658,-5.460448571283589,0.3423509720218714,-3.7677877872104593,0.902903730800307,-5.140598778335951,-1.6321270168002573,-3.2187587678391614
-7.083912758006859,0.043793846930319846,-0.1683444849995783,-3.6944644688405357,1.9610991107980618,-5.1344278856939916,-0.24606191858113868,-5.102751919591759,-3.664519202014434,0.18529884186366444
-6.106257845361049,-1.070022131053572,0.9795395050529149,-5.179248993475063,2.931426900623774,-3.3971054883377434,-1.5502009725020836,-5.728351539104421,-0.9598883954411337,1.861489618854771
-4.929243873677919,-0.05876874565345094,-1.453951821177333,-0.9823744597143984,1.1702132572412924,-3.5356417214205456,-2.942373657136747,-5.24368716468582,-1.1432042281907016,-0.9382608510965009
-5.949281912562074,-0.20829544139157574,0.21172557371201986,-3.371603014789199,2.4353766223125244,-4.465997756936644,0.14535652766677712,-4.965456776236638,2.515102014257732,2.464210708646492
-4.419617171319682,-1.5850758329766104,-0.2066832359182963,-1.7277376073911748,1.6483740735650938,-4.930906289024333,-2.180231107420769,-5.068546630468758,3.008260792188097,-2.4483703228608693
-5.737525686704567,0.006889175053131957,0.8777467963177475,-2.3417493254815107,0.5576503993936046,-5.96953225395577,-0.4706463456806373,-5.181298525147589,1.9340774836606243,0.0014445816879994258
-5.396764371712549,0.37087923181296056,-0.07414246054414067,-3.626472881125387,1.359393114423484,-5.34738940123864,-1.7541085655786466,-6.548094070767798,1.8791383469496052,1.2886318452219636
-7.430777066428934,0.09696465717643883,1.2064682645086486,-4.504623841730335,2.3271980863118222,-5.4980421384143305,0.1990541772179622,-3.6443515772092545,1.6881109704626835,1.2284144617223374
-7.842450447814921,-0.7514793887468454,1.0167178371167538,-4.707611939576575,2.053052457497199,-6.0117923174222145,1.16133195625999,-7.798610788380649,3.066001399515836,1.1426420044558385
-7.6472760659317345,-0.04832551826613672,-0.12247250933045782,-5.897304985793373,2.5380505760613308,-5.725210738847717,1.864147921446101,-6.059848682598655,1.2506644144858714,-0.40455313565353124
-5.457315649644608,-0.5391796523101363,-0.674688229304045,-3.9656455066557066,4.059302855141117,-4.48155775045438,-1.228784662200854,-1.56270912036607,-2.464478546636539,-2.1360723852463903
-8.156632327987069,-0.218058178633706,-2.6493460585367603,-3.667245366125453,3.725948862053858,-3.1537784146530674,-1.2545486539702342,-1.8298494537689574,0.35619115913169475,-2.6775657984771155
-5.797123951384427,-1.3319809110401561,-1.110784459054146,-4.063257757931243,2.576110048705661,-3.776173917334384,-0.2806534906162821,-5.700569221811394,0.08815866244752457,-2.7500109971274647
-6.353839141957504,0.6052922423785374,-1.8834830482669733,-1.5498973355623868,1.8378159188994327,-4.335648085216902,-2.870774503515023,-5.381774097788135,-1.0493200788856545,-2.6004994060112416
-9.32672288840588,-0.6114488929055315,-0.8453417079832855,-3.183622863634976,0.9719585593815058,-5.578001568693958,-3.0012707156002847,-3.7645411325078926,-1.609831481878258,0.7614727991732999
-7.191295884643927,-2.094585635324056,0.975753250787163,-3.5464965187450757,1.1230653058018205,-3.8528103565640035,-3.1578218739582775,-5.762349187016819,0.14748059467009758,1.6180451334568589
-7.765251061284168,-0.3605573682722855,-1.030640527945169,-3.617004352162219,1.9410531401210025,-5.559333554144897,-4.138644110662179,-5.194901066171406,-1.5925032362159084,-0.412435795200422
-7.5852585534709505,0.9846117405541093,2.127046411774298,-6.455159962696424,1.2650706976727681,-4.87073557345696,-2.304836612756172,-4.377324471094541,0.6398766420099553,2.022855801474226
-7.479003332801776,0.49541774534367516,0.5972665922261998,-4.421230870876845,2.6192300037281426,-6.588217858341428,-4.171988759015164,-5.043747074129226,0.9211774633925875,0.669288254775201
-6.253055170463013,-0.19504405812191541,2.2171990333811427,-7.148420140310705,1.1469196473602676,-4.611380934061469,-2.4288226143987144,-6.963849946435191,2.012388173638207,2.379503371357052
-5.472193456036241,-0.43656488993005443,-1.8808685252349155,-3.178947085333878,2.0745468908191738,-4.565044791077114,-2.3849973233630894,-7.569190528488851,1.7732424345390934,-0.8027499926820602
-6.286478756646571,-0.8838018647632514,0.7947717999648934,-3.049001914846205,3.175265970789908,-3.0556201450280684,-1.4229606907123855,-4.713878833057022,5.163836957942376,0.9220518188274485
-6.888266178151986,0.056676636491090455,1.7882571956011548,-4.300677259400132,2.7416798094825334,-4.672158209633589,-1.4147933537667043,-7.780533703473783,5.03948374109765,2.699085062389276
-6.126402689697426,1.8067878770470185,1.9076836861666766,-1.9730821542972974,3.3561625541568656,-4.323576190640478,-3.3183529146099042,-4.034819367958708,2.931079583354663,2.507942153936429
-8.506900039720621,0.9212430797521457,0.5188624842177798,-4.3074954364694,1.3438920608739384,-4.586976905524003,-1.8741370650543023,-6.682758377690342,2.5389397155750166,0.4185657712709282
-6.968537080751112,0.21948748200151333,-0.3382242717541666,-1.38669345749054,-0.7925993619799789,-5.042713375493144,-1.7327911358812766,-8.570809091589332,0.05419881592446238,-0.11012068430511472
-7.542782476295294,1.3673239651710898,-1.4331391548291543,-1.7782868120630748,0.9163278265419401,-3.8094876288922404,-0.04347270578809139,-7.372617384550653,2.9569888764616836,0.6485792965460448
-6.901239837497045,3.0756414868738884,-4.390811331770931,-1.0641989751098138,0.6506773158568421,-1.2590781828776094,-4.193363338181107,-5.644359567863973,1.7500152185942326,1.777832279317442
-9.802340309243124,1.151903652955866,-3.99895794936956,-3.465480602582691,1.9216273613017305,-1.1184797503305262,-3.7265451517221195,-6.209817193280479,4.44651316080533,2.069013445088379
-8.77069453133816,1.0383906360875608,-0.47994003417298925,-1.7794823350112396,3.5377198422633174,-3.7896931517861097,-5.791821069585277,-7.900834268295578,5.008650681260262,2.2362257181479444
-9.19184890444704,0.736883393954719,-3.7352712746610632,-2.6802722336106584,2.706742595674515,-1.437272586859117,-5.536245398473047,-11.304179542179755,4.873769406101222,1.8386489823767405
-8.934765726316298,2.2037801088996405,-2.2165885561643286,-4.0498254886606,0.08252094634544654,-3.373204122964163,-3.6341915419783115,-12.68259633628096,7.1321302071927555,4.345286166447708
-10.429342966006846,3.543969137434903,-2.0575981485132573,-4.672683337923856,0.5836084793374098,-2.345032826327115,-3.8334785103693925,-11.999301395151518,7.95055601728654,6.25780523244115
-8.896247552919572,1.6193962491388005,-4.2492337178208395,-3.357358559380733,0.841412512509328,-2.7509655711203567,-3.468820804731699,-10.911783400404854,7.013738216262504,3.941114111810953
-9.216382428403543,2.755119380010202,-4.782474023175659,-2.3423454330063316,1.030617162903839,-2.5989847299234383,-2.3014447926528137,-10.462083487725664,8.465494884983679,2.4574583574680777
-9.801824832772168,0.8428392894627409,-3.2591943070205156,-3.4733597896912722,2.180114789372697,-1.512701055159559,-3.9171886175866675,-12.867541865761428,7.347973922516852,5.128656928308059
-9.085088872351479,0.12410304051847887,-4.608239283820081,-0.6019561211873766,1.6167878552982395,0.2014128759161021,-3.551338444223321,-7.236857463514119,6.075252758146278,1.4802220180612258
-11.065410738086799,1.6507247198104023,-3.6435742133117013,-3.9937590542961194,1.070658218195122,-1.8424640691269507,-4.184134014704197,-10.989548696815664,6.109509605336547,3.3333775111049557
-11.45433354428594,1.2871473765895238,-4.461257856350365,-4.177867650142218,-0.07628590738802449,0.8898110508004803,-0.7901535993847985,-9.922224263986454,7.614443410332742,2.351019806283155
-9.333203443162095,1.5790939937448256,-5.099948291066972,-3.9891189494737063,1.0506166502966834,0.5640417613802361,-2.6828107954395017,-10.634258329287775,5.648433579376316,2.2926398747732666
-9.373024013125786,1.398279471240414,-3.113536452922148,-5.1471051676609125,2.042436588067147,-0.3667556123060503,-2.2326996740749228,-8.949456650750122,5.958727631024731,2.971604263042439
-9.863964453392223,2.023232730605123,-3.850260059267853,-4.440812501869598,0.6595037364432597,-1.688625299341667,-1.1959783276944793,-8.815184884432043,5.211748220253356,3.0224333286532623
-8.877691817376457,2.5044516675400468,-2.8918226304311387,-3.402815403804954,1.2973593413902393,-3.3575496031757717,-2.244825019585596,-7.358850030756957,3.8098092707598514,2.855772809345885
-8.242921322616649,-0.19188064143282468,-3.219138341843303,-3.2291199498559044,2.033437073101025,-1.965515978350469,-2.0641563573904125,-8.639083474824785,2.0547840977774965,0.15391985546263773
-7.289937063077228,2.488933001663237,-1.743673496233517,-3.1736514455713074,1.5399072995402667,-2.6765662209946766,-3.4337634904905237,-6.355563241319544,1.010325271836736,5.139123992492256
-5.859209069723246,1.0612764820758132,-1.5812505681929299,-0.7096137555761299,1.5030977890777046,-4.481464510115061,-0.8548264519745988,-9.483699756903558,2.5157732581881502,2.613663952588336
-7.260503851986655,2.1133152172115537,-0.7554851189880325,-2.984254013936831,1.8266833360007544,-0.3526737332721297,-1.095009898717122,-5.407372152589607,1.9451707767125206,1.7502276650020585
-8.524333214853893,0.7089995543686467,-2.867115217275818,-2.2473622835901015,2.439603107811676,0.5117276668929758,1.8780676641879237,-3.2497015531785665,4.100730746785325,1.6155547006808055
-6.447989298360847,-0.2754715731000067,-2.47808610004537,-3.3201642153844992,2.0732535300706147,-1.0846601638718634,1.4353997544168864,-1.8161996431266914,5.2276727911229,1.7387653752612484
-8.548381894769316,-0.36351474280287627,-2.1195429549342406,-2.96319368538493,0.6926880718481879,-2.9953788937870995,0.5567721513321823,-3.260389941005047,4.58391171059578,0.27611951630550524
-8.00592002308723,-0.4008837093085997,-2.2689023858271873,-5.058263379227738,1.7375725969401972,-1.8697311829276733,1.6783870274853978,-0.4282157598191308,3.084494929364238,-0.7668081169745719
-8.797937804225473,1.0393721255119455,-2.3065505756987075,-4.523685834048378,-0.1985213748842801,-2.6323822050661727,-0.016021950468911552,-4.297940683315241,2.553118203326269,-1.8913599387104358
-8.371976123213912,0.21417233865938823,-2.787233454404989,-2.1692875680606076,1.4823562718217649,-1.9662932815773484,-0.3327399786464349,-1.6876263587352351,4.038409088003897,0.9929014015138252
-8.744169181451506,0.32932364109926265,-3.229191850307401,-2.609156030253764,1.9434899102417111,-2.3996604892751,0.5995809699363226,-5.8278964153874755,3.185135284693549,0.13117844629652595
-8.790721564336968,-0.9559042580819044,-3.8234399446567258,-0.36753167596150543,1.480559705054323,1.475123286067251,2.6498936930286856,-2.139361975961986,4.793378176663642,-2.3240758979967375
-11.088094571614695,1.1529887997830428,-5.513220566325481,-2.5035963216364454,0.6461627778670511,1.865557453093973,0.38559432332527843,0.8032109376107226,2.1487525480968026,2.8012005688663133
-10.026487902768896,1.1273175239033182,-5.842390883028283,-3.408194094351505,1.3126330804268642,1.2783145751236866,2.474631542355902,-0.9485912155150776,1.9560730364035004,-1.5070892070773203
-8.221011201857975,1.9252441638288778,-3.2214720715413114,-3.7962267936326364,1.8070962873629028,1.0277528177161992,1.006573575238109,0.593753779961526,0.6878583797408645,-1.5536789522527186
-9.063660430770833,0.057413157267076374,-4.175107238362363,-3.6645862132304794,0.28822522076472856,-1.4630504954941823,0.6474178256492572,0.20550779062780508,0.7533199900968384,-1.7414518527930631
-7.53773436968007,1.117790084872566,-4.292652343333026,-5.282719651405336,1.4315078396073848,0.4641174182415902,1.63004642660573,0.5975423939321665,0.9127774447914011,-0.8380843961047321
-7.873327044652358,0.6036619447591963,-5.133880758426174,-3.30431021537213,1.7863094994667388,-0.5187352530968323,1.6808846915234399,0.060958480524064655,0.41665498810307766,-2.4215376622552274
-8.284855594890093,-0.39554284413117147,-3.5279113985706867,-2.7792953363234676,0.2880272149730017,0.26430970554374056,0.541140909908343,2.760415325321633,0.703194467364686,-1.1766960352124591
-8.127620397740055,2.0326509684137326,-5.213688414512615,-5.945057514996704,1.0133773636330194,0.6301619644209596,0.030012234105487173,-1.4038296043832852,1.3269011359098322,2.169692804282145
-7.750644490871985,1.2755138357719165,-5.657961243011951,-4.075522188880894,-1.59308615990762,1.237475418290089,2.4649131463544647,-0.3082342879528986,0.46488524746440757,0.09429616154910439
-8.60681025914616,-0.751829567907388,-5.544127746716976,-2.614571966157757,-1.0289336738020092,-1.2534434157449164,0.1446379201554354,-1.5739660612764128,-1.961073493417128,1.4408865263397597
-8.299218265096398,1.2519396428085854,-5.7179104462684425,-3.240563934389662,-0.23657560770512692,-2.557567464877854,1.9363493912620013,-1.2290954144809503,-0.23588412813640708,-2.9541840409037707
-7.037871563329687,-0.2966097838763393,-5.97675472831078,-3.8059543855509568,0.9123162730102254,0.9163605869763818,1.7490163940681582,-1.422359451380249,-1.5673018924202435,0.9203170365931379
-6.458607299962925,1.075841447496229,-5.060521108760535,-2.909014811794649,-0.7618666962558468,-1.9847756312057094,1.5360023114302943,0.5359543299206433,-1.3607953184609518,-3.4357475932500408
-7.972140370822518,0.4855394676688179,-4.2418097808737505,-3.3756656701099774,-0.33028699174043663,-2.1665612870325432,1.894561685340215,0.034494079334485624,-1.8745139545881915,-1.702108261883443
-6.762494549357419,0.5033421554153716,-3.8907026237006432,-4.089563425491052,0.7378652280631707,-1.4442653279658058,2.8637406782534125,0.9458958272877771,-1.196873378577923,-3.7024630453802363
-8.149548749625295,1.2297736705491968,-4.2975494905787155,-5.412503394242074,0.18377554498114795,0.6074645857086823,-0.2726505149692081,1.2460181390430791,-1.5545232575015382,-2.6016267827515183
-6.167547240128481,1.2493580472233121,-5.376403702329982,-4.816677390759368,0.47654218269039106,0.6609304798334333,2.536030346561264,-1.0847941521423787,-0.9044886459767659,0.21476108385550338
-8.132118528108318,0.29739804691686716,-3.9601708000812526,-3.8228554429997903,-2.1291397771484735,0.37820867304274364,1.0367721965125,-2.6610238011243954,-0.0976771506020393,-1.405547448057293
-8.927832543280672,-1.3272622169019044,-5.241813082369004,-5.2123464449788,-0.6644709615371757,1.470756905176993,2.271182891340686,-4.940750092042501,2.4678845341813043,-0.44116030007533086
-8.696762533784003,0.9317455434182511,-4.533855241586263,-4.398128140004503,-1.1334146755446681,-0.5391585487381908,1.2512589914796743,-4.180021304887081,0.7949179542164647,0.013790016971720599
-9.448824227202067,2.1352486770049834,-5.575991688945872,-3.5629817658130922,-1.2261788004607674,-1.215239649431761,2.5267871911439324,2.192557238468999,1.046414742867432,-3.795647863209602
-8.764732778799692,0.9268999422516528,-4.622213316737389,-4.769808634207503,1.677451558438721,-1.4629571318521781,1.4079108537482334,-1.9154206186951164,4.259865975997638,0.9030219850732975
-7.644822370326325,0.554717194500545,-4.698132671229969,-5.1734459711145,0.1922038506523877,-2.0150465557331945,1.9311007817146484,-0.7706412658175257,-0.31580309800762235,-0.662364362565702
-6.821205768444399,2.799447382511314,-6.591154189797847,-4.269633248215559,-0.9316112109497285,-1.3616719329353124,4.615542320481004,-0.31127253827344703,2.041267339021691,-0.07435635269374871
-8.033998838662576,2.492364039501815,-5.317966470950092,-5.778963027301416,0.852117224095309,-0.28909929034426757,0.7085585515458368,1.213633019546296,-1.202580791930371,3.4259964280575788
-8.086552405435409,0.011725177013247648,-4.317741806676189,-3.955282347813372,0.623685115733603,2.2547053989409043,2.4577787230078045,-0.24231577103270244,0.4431021651955068,2.104958198263164
-9.131848046328512,3.4436792672781307,-7.836208188092055,-4.660774190171326,-1.9417997782102745,-0.24917579147507674,2.3276609803449957,0.7142108028918001,0.36384018980508986,1.0211846230493107
-8.909300809056303,1.8608771799454142,-6.096884869278408,-5.210437739452267,0.7178463884324753,0.3775830188724808,0.10726428705527495,-1.120432447218312,-0.02603406096808145,0.612147434007616
-8.695291564202735,3.7081682619149343,-6.168978320763677,-6.593953690458618,-0.05353853919916632,0.7166698043834038,2.0163987383387565,3.1322568056369646,-1.9834078493082568,-0.5782980916650637
-8.184422904221453,2.3112475043549288,-5.735150921428918,-6.079474532140985,1.6925283838678253,1.3539908134001772,0.4433571631922162,0.010249395190483922,-2.8882698863759577,1.2383042343944692
-7.738080533676695,1.7353661049739735,-4.929335343894731,-4.7631327914848525,0.3259054991186263,1.7963391587981155,1.1412839992052572,0.6842971840983684,0.4630995699523053,-1.1924095451783798
-9.959786163339613,2.354604002105532,-6.835372435516006,-5.348192705142248,1.0515945743420512,2.1840846625612933,2.7190384492604744,-1.4543038578683036,-1.7077261692398547,2.9022045483902232
-7.503401768417702,1.4026245249503186,-6.085428194951382,-4.678663305949429,2.4374081572850788,1.7220166000310557,1.8007600803711574,1.757287503304652,-1.2107655394152745,1.5293077805425375
-8.737305141907719,2.0862066326464976,-4.56700922138333,-5.827602028074666,0.43955453129616967,1.0406774949100304,4.101791518111879,2.8374418374202213,-0.6924506072011871,-2.3174303533142666
-10.716913818444407,1.656258876427877,-7.204093557152072,-2.9665918983408885,1.2177328038754853,0.6852853976163449,4.527416034867269,0.0306997690820971,-0.0238683811977536,-0.6734348865592387
-9.392621286698272,3.936663484080091,-4.995231752424311,-6.691202853540951,1.505927230498092,1.6331524038020553,1.9134588035251077,1.4380624786247689,-0.7805802401903915,-0.040582012111795
-7.575324384336538,2.1687609880436565,-6.469327272498812,-6.523126863316741,2.411202408176423,-1.1131831295757726,0.4550304034386197,-0.7005914678605659,-3.1902068723622277,-1.641688495879693
-8.765028409120266,2.061150693286288,-7.269687785588155,-3.4395170986075927,1.1578187350415432,2.7302295228933415,3.4983560299611507,-1.1789899108110609,-1.7776815733293094,1.310779654056873
-8.693536826985177,2.21820868964466,-7.510001841583231,-6.438488829582642,1.4019999249866417,2.911520050951653,2.582866296511687,0.04410339647600726,0.287914199961858,-0.36516385691026504
-9.590635718065469,2.3564684826408486,-7.001934291512167,-2.2753316735248506,-0.38188405416175447,0.9062886489715121,0.6675802238594476,0.7185767746089902,-2.9842756429769226,0.9728825130670964
-9.263706622068417,2.4063006539214147,-5.7133461441736735,-3.82217334207866,0.8265852574700112,0.8584082991632537,3.6141744523649155,-0.6554913005601102,-0.6969160060196751,-2.506939636808868
-7.908105580512911,2.3807158702421813,-6.4705139762808015,-4.121848045534856,0.9214424799334568,-0.5243528090776979,2.569007193690374,-1.4256126716715551,-1.931331121112616,0.10088797403695536
-8.660493688027156,3.117444180585545,-4.950303202169657,-5.929508685545979,-1.073184910635342,-2.3282286446274707,3.955404934438373,-0.3458931581331052,-2.3458285890084105,-2.0464141838469843
-10.112850994534462,2.8858259363469583,-4.635023834529757,-4.846799035429104,0.30761176648867344,-1.0660926695886586,0.008286519626816867,1.1031348242698154,-0.11209201560070747,-1.4227579124309968
-9.17856720097175,2.054170275239751,-3.5946189188373894,-4.521137316897685,-0.7855223045450616,-3.4551044452523887,2.3449870743930976,0.1277872791941317,2.3599601487606674,2.6133760346636685
-9.132672447270897,2.964667182875947,-4.461301885654719,-4.350212301618828,0.32793290986977897,-0.745354950444707,1.990627389813288,0.7801126981834446,-2.032615889237872,-0.8957823835806878
-10.499610090484769,2.7581447683210083,-5.316839094711119,-4.404758597034051,0.20438330726677487,0.2499765911125144,1.5187881158231533,1.338027016131631,-1.0316630653844459,-0.4974547654939631
-9.50649379388749,1.8949319904053759,-5.898709792167123,-6.2369346798609175,1.924662396651397,1.4380450919512238,3.451246315061764,0.023412573975319567,-1.8339259591630384,-2.311184397624635
-8.729176493383509,3.1376086900889573,-6.027892137040072,-6.897113678573892,1.095826518910327,-0.02811452120843785,3.0480682373618926,2.461227255645586,0.681260366051528,-2.1144595254409753
-9.50879086008294,1.4517761055328113,-5.189007886399736,-5.201062239859448,-0.07796036387430073,0.6759534398542748,1.1134627164288475,-1.300453903550104,0.5292250045496081,-0.5901293130333328
-10.623199207706588,0.02399074559725767,-3.787092647218014,-5.0266780723816975,2.0762603292772566,1.4818012629461668,1.0891511952114652,-1.5965752133969933,2.1905312135846158,-0.2539473651955128
-10.306190553106209,1.7979057138694918,-5.8712086025870365,-4.269130135938268,1.9747620441568232,0.13722558619154274,1.925643937797152,-0.4443543088104074,0.9987577915372728,-0.013846773927747701
-10.881527200986968,0.45319578762457013,-3.780992105617152,-5.224840277367712,1.36577315207345,-1.24891107514161,1.1335404662185078,-3.474199644247528,2.289545888939927,-0.16137921286960782
-10.888867599741499,0.48239934746008556,-3.9385650717180605,-4.558918379860324,1.549811566534482,-0.030360998195036796,-0.406596842973325,-1.8961196983538198,2.732581480791437,-1.1197044026620742
-11.728513595659816,1.6516101201824511,-5.535935025561079,-6.22334359187251,-0.855840370874882,1.7518508099963386,1.437598508865971,-3.564394688076638,1.5835913629333818,-3.43159124977732
-11.01247716345443,1.486003666883051,-4.166129313003412,-5.224338415592885,0.2982548012387158,1.7674460799656915,3.9377883010848698,3.0203853840852983,0.1432280402573249,-2.3103754533487453
-10.235627169234268,2.5610492964381706,-3.940358344445087,-3.485180304494981,0.032731070379929984,-1.1296338365927596,3.836122227099343,1.0898103519039897,1.3804531078234459,-2.3142396437521544
-10.207470298274117,2.9340766724854097,-4.487454285725213,-4.321365521489318,0.6382872699331688,-1.0861335818021154,3.4573710016913037,0.8278659658221051,1.333988101765402,-0.31107367805836605
-9.89625868235131,3.3250847571755786,-4.782771160618356,-5.956585088301446,0.03270921536163709,0.06238982270795059,2.690283584435169,0.09716440483737537,2.412834175326102,-0.010774530895088277
-9.761682633261836,1.2784827875736513,-5.567201180698672,-4.862980635126273,-0.760624900762625,-1.939966567450098,2.39505588001846,0.9124877060350722,1.260166071887535,-2.0921548345253647
-9.054163645172222,5.209718608412305,-7.418537176441367,-6.795622742321817,0.008137465063718808,0.12515705335165608,3.1388008977161928,-0.32421228553380516,-0.9097406502373891,0.8922903689233834
-9.893268889945235,1.8163329785532547,-6.270667603851036,-6.4197443478633875,-1.45047695437595,0.3172806385894243,4.081743389125147,-0.2836889672816642,2.2380612722637796,0.24948466913242692
-8.802463789534425,2.2937685170786395,-5.0801031867108914,-4.642275088787027,0.3101265228699808,1.2379587303776598,4.356584049350992,0.9474790756719311,1.5059926849752816,-0.08194215342349155
-8.52781557339333,4.580449268696212,-5.031923154071761,-5.346753932354138,-1.2754778011855705,1.5986939584645024,0.7933087315171845,-1.5494397321109574,0.9694824266043073,0.8345804633446662
-10.852911714554926,3.0846894274477186,-5.567618825564579,-3.121873176630386,-2.520454739358193,1.8920615443189313,3.374839309172335,0.09344541261221201,0.08251151334166411,1.8874155127592644
-8.747669503380852,3.0999879140222237,-5.4622705995657865,-5.438370916606557,-1.8130914169881753,0.7382424162114686,3.348238267418316,-1.7526526614734828,-0.9438580438163785,-0.8884550585504446
-9.382504723107601,0.6041564049234394,-5.255674966629621,-3.359468080194773,-0.40456632866225684,0.47320257450058306,1.0740555785419326,2.2532434836953947,-0.9064085590136517,-0.13463383485673866
-10.476674602648627,0.7019014199869282,-5.540859443967957,-5.500683353470881,-0.2504387696373864,1.5571647247833325,2.6586662828026104,1.5881980955777582,-1.0834709090413885,0.6577515066930869
-9.9119918913627,2.5181751229497387,-5.578370978114079,-5.895066251353432,-0.7958023069402494,-0.12432121552152028,2.164955120894899,1.3742541750679755,-2.0198283435341304,1.1917301255227826
-8.155992554837733,2.514535316105939,-5.482776541376647,-3.6821779780596477,1.0566392459032996,0.17345079399265861,3.0629794559199874,1.9731429736696382,-1.7926821268910142,-0.17363487341411452
-8.543672935148285,0.7913447233269894,-4.2954370600544145,-5.027419327494246,2.7895856459716573,1.705580237490021,4.713046145177893,3.201040404556121,-2.927481498630312,-1.6402165727510774
-8.387347404046855,2.5255916251014243,-2.7475724201762906,-4.207457724717335,0.27381372812337446,0.3621464699877672,2.3958466412604884,3.6176703302157924,-1.3357273881980076,-3.0467283077483964
-8.930366758526178,2.627177833826257,-3.5026768252749405,-2.537875584669975,-0.9611049563746411,1.1709083279672992,0.06370324181778152,3.3698934667984575,-0.6695595685032899,-0.8122277602158365
-10.195188485545474,1.9685388132722743,-4.744490295580296,-4.2707392754471964,0.3083105743999037,0.9780717596486505,0.8421437765367074,1.9096551101364765,-2.092497983805022,1.2286787646412534
-11.201393998550545,4.043564649684954,-1.8787098483489528,-7.5179929769710565,-1.044242082120674,0.14866078524795998,0.9443031157569336,4.199119824679223,0.2467961486493679,2.248514057163233
-8.597398287234194,3.680221083213276,-3.2309908821272892,-6.535172124217396,1.318420256708024,-0.029842203279086862,2.125563204895034,1.3538165433556333,-0.1614077898442484,-0.2013801651086375
-7.167362205229625,2.7829221792986214,-3.1491061663969173,-4.214259029878646,-1.01590078253647,0.1254766509484738,-1.196129334610905,0.8857622433273639,0.3204620946996373,-1.2259764080338458
-9.631018968063843,2.341483523985857,-5.795539167334084,-3.8891083467801293,1.3351346787878133,0.025120241672034922,-0.23316845596864064,1.008560693389565,-2.2181700596654683,1.1957882364831711
-10.741915555741357,2.7797227728581566,-6.377011009165532,-4.471750378370856,-0.1245187691882647,0.08065446979762192,-2.5784414198941454,1.1917120897145301,-1.8226436914751216,0.31512686713609656
-9.23561335018571,2.086926063426618,-4.77134137155498,-3.612258594005903,0.7721909867455209,0.7801808848207981,-1.0252151550240491,1.5649321455274727,-1.5661079804087714,0.7744508406661457
-8.894078357042073,3.2226127696090567,-5.536274035993524,-3.3047533443451713,-0.055531273103100964,-0.3049724731818459,3.256978407744025,0.8011173592842893,0.8788492821922471,0.9279277121661238
-8.517148229593579,1.8623234755573959,-3.996913294492247,-2.9185170349708707,-0.3578449363525076,1.0668589139052849,0.9626478225001086,1.03482496108959,-2.8909176369298892,-0.35191318048106424
-10.595842056135613,2.48432137365808,-6.207614295301937,-5.912817920556987,0.8071946363902559,0.03586187783574242,1.8623434958132288,1.6323946637334519,-0.9797506266697749,1.268019675721159
-9.933361223759531,2.817320250332425,-3.978413491686954,-3.3667895016710276,0.7766546434193721,-0.7222565707789611,2.3116304493062354,2.198816662167732,0.7421686651545966,1.4356437173009817
-8.95034424158173,2.980141494573655,-5.985971453470366,-5.190475479476829,1.4556561356577313,-0.7863055096918027,2.6564941557178847,2.436424392949837,-0.9183659399116555,2.145507687642421
-10.966476000295803,2.08478029975301,-6.088834591487827,-5.261670117022686,1.77079929030103,0.8823443250892347,2.255574516601224,3.2176458159387407,-2.4320261432780845,-0.2605622109525276
-10.244079969293646,1.7532477081693896,-6.496390493539262,-4.475378672080552,2.7879635039722768,-0.949623596076541,1.0527319126018555,1.1612020767208082,-1.365503497378072,1.9173468740437785
-7.958079754226768,0.7630796574162256,-6.6462025676097545,-3.092672503383469,2.921213934612805,-0.632649069525471,0.950906332206972,3.4336483888695803,-1.5659752414756158,-2.7962440866246996
-7.863386848808372,2.2275364446139703,-5.657352242086085,-2.3274218548063295,3.391267960835992,1.4062768203668594,0.5377058391956511,4.408032514896343,0.35009628713782726,0.7678812849056974
-8.487232307404645,1.8263244814054147,-4.007728571467463,-4.195349617197674,-0.43572888819831934,1.5193924679716095,1.1484033076245719,0.7138965546734494,-0.13810385534570538,0.015544661552238256
-10.872437163458455,4.169088953982093,-6.4570374158252655,-6.7068281510210985,0.6915530541979394,1.528713404024496,0.4758717130893939,-0.537413999410836,-1.452946954045219,-0.2873495986399229
-6.791315447081509,3.292313682963921,-5.005170423068232,-4.283598254158501,0.07204148664085436,0.37057196115460717,-0.1754034388509979,2.6492937348054104,-3.07634750076284,1.7235907749100814
-7.382311203623058,1.5811131770031457,-5.075352394164881,-4.137495273871554,-0.022117515128915587,-1.359741962800014,3.6025195959046976,1.9211202517678931,-3.3504627205509587,1.3025189477220014
-8.74410763709823,0.9314145587776471,-3.5658363376352424,-2.3593928410722613,2.6097014488742487,-0.7218509024877321,1.9659492460513148,-1.4719108469998432,-2.7215003669320774,-0.09273684262957005
-9.413759446954495,1.3983788307414304,-5.784605451891444,-2.0818804737282863,-0.47935459995081153,0.655149310310209,-0.051772973684424795,2.264203043529739,-4.441540491296947,-2.1179365603606035
-8.817293100413854,3.9572870694843982,-3.8729575941766505,-5.628096511133666,-0.25050042199259737,0.9223299993899535,4.6674743364700255,0.6135379811137474,-1.21871547578588,2.2581320372072713
-8.962988184300835,3.38774657593988,-4.121235041975528,-5.033739068241598,-0.18856472476006433,-0.34785743598389607,-0.09725529587536497,0.8787385867491061,-0.8349621033009427,2.9076532747817514
-6.834788773571566,2.471305503384494,-4.9694163431828,-3.7459392514382706,-0.9274870865593212,-1.3285279879550014,0.4630519680655266,0.7289466940780778,-1.112611067327328,2.332130869940177
-8.670621949023031,2.873848726139397,-6.356353614989634,-4.499464998809302,0.5616884975391321,-0.29226087473842244,0.4239027255262187,3.9560177980935065,-1.7524882186169513,1.4054147378625113
-9.483231940104865,2.7611685928259257,-5.2664386768322125,-5.185640292706098,1.8847970605206488,-0.3802455534176717,0.29329624658795966,2.615483486710079,-2.1212784679683407,-0.5268864426844224
-7.292951542620521,1.738475902229543,-7.092006568689301,-3.7298454666713265,1.2082447101235534,0.926201097782035,2.330717439373183,1.8506175242479128,-2.666866045930726,-1.6080300974953743
-8.208057522656185,0.5918751152741053,-6.04822822304705,-4.009434641153812,3.0533099607630585,-0.6392130861006491,1.7185331725932387,-0.37400185846410966,-4.322161707895118,-1.9519626671088373
-6.0734475260063325,0.1684282861460209,-6.43088052547363,-4.6370027243558445,2.5115220991903744,-0.4075735195616921,0.5605746857403191,2.3539749406267187,-2.5202006522880187,-1.9514760704562764
-9.05555949201218,1.0045951097149914,-5.692359315118998,-5.039088585436842,0.3160828727716551,0.2839402156105704,-1.086081307060724,1.3733268775823657,-3.9450009711715874,0.8333905860102612
-9.188519449483243,2.3703028185056914,-4.129550515744297,-3.9215179265918008,0.6004425889138189,-1.8938878547964502,-1.1374896709327782,3.5871856070892463,-5.091087424388306,1.4655936612425542
-9.24545554468871,3.8805885627033008,-5.598469100601362,-5.745850063337321,-0.6296868267264307,-0.7227809911943509,0.673324539889694,1.821026538656207,-1.9617585604048362,0.764435985954848
-8.983028991615928,2.1027648197375126,-5.505762783511511,-5.424650853886063,1.9039513458300605,-0.9041943513851012,2.705276006518786,4.873289163523318,-1.1668970308996292,-0.5651986166952748
-8.691436051292367,1.2598840362741195,-6.049946372558607,-4.906179685247809,0.5395840285415775,-1.5982143205609827,2.01201676425568,1.462399834877309,-2.342946846473845,-3.221064578870471
-8.873670493589099,1.9987749268828134,-5.145155972190666,-3.3269789075205574,1.0455772079720576,0.5019700412854889,3.243308988678201,2.1032546012744477,-2.4203488525135315,0.3791145753969303
-6.141361886508852,0.45973348835167926,-7.0728999691581445,-3.7573506055532704,0.4393877183714835,0.24097775205922686,3.046718015236564,0.8083644923244352,-4.795183434166492,-0.37065208476239603
-8.965542827462277,1.6900973702109836,-4.585745743574436,-3.676093149721221,1.227741211622078,1.7211785149218912,3.7475438221658344,1.9189198344368361,-1.7626179389679324,-0.3594460976890857
-11.087105288183661,1.2778271338557474,-3.1418039970429548,-6.968745304061631,2.161000051671668,2.673491253751224,2.0774881298424965,1.4997453085534387,0.7595240606911204,0.9238435361959557
-8.594064283331576,2.7973497540489367,-6.782641622789706,-4.853350844958282,-0.2415744626417606,-0.35397035206377236,5.669447586048519,2.8845048925647316,-2.638209786730148,1.6120880910801088
-7.97687328267739,1.9552025486221138,-6.240895681135488,-5.122577008949512,-0.865249451179048,2.823039559818116,0.369319465804437,3.4761637410658808,-2.020586960809197,4.57606764713837
-9.011360455168111,1.5292654556311165,-5.6595430711627195,-5.046448545261757,-0.6677720894037275,0.7393049476722904,2.181549909548563,1.1510234299678035,-2.3498381391744774,1.9817088872444182
-6.402754856772083,3.867574260282309,-6.36555485933866,-4.04207062167602,-1.4157635503912176,1.1902045914456683,-0.42000057727152756,1.7217061965791682,-5.1138510930689565,-0.698896379103364
-10.03142431497348,1.4273156087477432,-6.57253089611574,-1.898659334339317,-0.6945223874278383,-0.016778247561174835,-0.37075460814714173,1.6255080384968448,-7.84182694913505,2.6457242059751556
-7.759146799203225,2.27779705136266,-7.566733230352403,-3.7490252819808756,-0.2784389969374716,2.109719828101554,0.30966724971651005,3.907403650088256,-6.424269640864974,-1.8912481916964323
-8.026658246546836,2.9154557843473574,-5.57377593894994,-6.023986390062048,-0.6270677165198862,3.2175864251527138,-0.3705177301945185,3.6194598405333673,-6.028300316127257,1.1301268983986095
-7.71227706468776,1.9802424863077832,-6.082606133810868,-3.304959457519567,-0.26848585879201897,0.8229436987511366,-0.4865479278237433,4.2361888728112795,-6.889419719866944,-1.3548105125409435
-10.385492461424864,1.6777290420842492,-8.753284890869471,-1.4477774989917835,0.7688131526039738,2.758394825967941,0.4524426149101906,4.717961754551304,-5.700154170684939,1.7416065100705471
-8.553005778107696,2.5453590877567738,-6.959018582653624,-1.3693379397914098,1.263923382090318,-0.44712794764397257,0.3285140160153461,4.884748883372429,-5.8958847291674905,-0.005299184521771082
-8.016012606164647,2.7575413333752925,-6.638499289564201,-3.212559539812834,1.2292390370297075,0.48892955122664566,1.2181422240389257,1.2529701045367052,-3.2616696700693466,-0.0725341421124651
-8.838155754477356,2.8297858662167092,-6.678169690391355,-4.188121153262298,-1.2311610560422102,2.548200479030265,1.9361295612816192,3.2812412793636034,-5.84309893265115,0.20042240216403598
-9.054961879574211,3.422568626277801,-8.369769240122451,-3.3654231395849097,-1.2579812476913128,1.6309194207517579,2.630252169939577,0.9016173498436774,-3.7927439036676525,2.5153077512760023
-9.79864695471599,1.0539490736371364,-6.247516024898952,-3.4934338264612146,2.183816200469867,1.5639098043632795,1.1532200556572307,3.277820145001499,-3.2132920027562015,0.6290919666310908
-9.779669928212861,2.8712542297177888,-5.0797757585402294,-2.8864464706419475,1.1074944139018257,0.8666551463963018,2.3239812526549053,1.4437699177749879,-2.799125667793686,1.6101613626140368
-8.50488775429388,2.1059749921718787,-6.025269333292487,-2.020127601478064,-0.6291957416601102,0.8325941948104466,1.664144829627577,1.7748041592503165,-0.8399530853917683,0.34652850335407814
-10.29360648035062,3.8192220384720286,-5.59370918592341,-5.096010416039556,2.252694067172067,1.5208813432019594,1.5161264864745663,5.04749601261663,-0.6633124687575284,2.9592680305944836
-10.763625741060352,1.2387718184360752,-7.201495642251681,-2.3178204579050434,-0.9515549696838059,-1.1917079932892234,3.040935950852034,3.579647964646281,-0.7403088080083777,-0.5548996320479043
-9.305112780193877,1.943901772509094,-5.190394370415194,-4.1827543786808645,-1.7075226917592674,1.0940358409460371,2.184504508083716,0.013824966138917113,-2.0159476841490385,0.2834364723203184
-9.166581267957008,1.9337887285395339,-6.553816851102357,-5.29252984910833,1.5250198084662236,0.9541428890212238,2.236581301495367,3.874267838944728,-1.476638780269181,-0.4853083681764264
-6.9113353884253454,2.3333212858274766,-5.675718346756964,-2.1101397061142153,-0.20553636894993618,1.8757405139291943,-0.3294217536555586,1.0837969635527798,-2.1068626499522733,-1.9556204528596437
-8.145270622539476,2.8302492632580716,-4.5853126688663775,-2.138785876321339,0.4361071926865611,1.2348848428209718,1.007872086949259,1.946899683492551,-2.4301531276170416,-1.5681496932626147
-8.531040641956599,0.2521411567864343,-6.5058890519020425,-1.6208517660219295,0.27222403502989156,0.5135433050357902,1.2005369716240955,4.663414964073332,-4.63246108321788,-0.9499986052378274
-10.005174836053977,1.494408778667364,-6.771496594107337,-5.379377692429356,0.845811233661268,2.762890383015989,0.6018839106775808,5.57113533187666,-2.8957425789962987,0.5912360595846877
-8.923304210704686,-1.543040553735838,-4.189348050214563,-0.576475703309896,1.6974045328615186,3.1291264221214643,-0.36287159865394353,2.395759963352038,-3.025102734250375,-0.6847961687131268
-8.342426915622863,1.056865369711085,-5.276395491017472,-3.676923163471746,-1.880331017622852,0.3450250676746276,0.7581268798412122,2.9506546188744105,-4.373243402588897,1.7088613200215341
-9.780245586984993,0.4754116081696179,-5.74191417909203,-1.2030740737178693,-2.516828607088872,2.5177264444405805,-1.5581243534666454,3.38511939262518,-4.449672455019052,1.674282493987569
-9.400370105772057,-0.021803357808468513,-5.2757373019608975,-1.7622264916167034,-1.6019509111873182,2.090722518832381,-0.5337652817399043,4.468967687117651,-2.38218313472325,2.1829003320019726
-8.831638126218378,0.35473986537567775,-6.331288434924196,-2.6719168067906804,-1.9258131889218326,3.0391651729511886,-0.7872143427470663,4.912982154802186,-4.14826360145385,4.140755226045253
-9.217890580831419,0.9009379683625304,-5.965436344842953,-1.706775962544766,-1.2795652985471875,2.6079810486078805,-3.4358920100546935,2.4814056174624244,-2.453210084963011,2.617287268163239
-8.110726372561581,0.14928626111908652,-7.564262941870373,-2.8419626586761133,-0.9864421078206231,0.66980332869347,1.6252514102394107,2.979045305625077,-2.1904295971342282,1.3642800489000246
-7.843706764560776,0.783686969719753,-6.476138408726297,-2.3810668751846893,-2.3169578084100957,2.9319758773004114,-1.1926849380380367,3.304014933931077,-6.326622677709886,1.7005604748933176
-9.560205720100992,0.8562411940307124,-9.647869161334292,-2.9774423033486115,-2.968591616624548,5.342533135323598,-1.4853170685676997,4.104846930647364,-5.552409004830692,-0.42867307182078346
-7.312421477131477,-1.109226616448184,-6.9296428234150635,-1.1600309705562841,-3.2635531055563543,2.9140050220958216,-0.8235288401088211,2.93871101173399,-4.343460810024131,-1.5910738415803922
-8.934069785574142,1.9009136108125158,-5.805957672517048,-2.020919482925195,-0.8039173256099165,3.1868931654343013,-0.1424884393659048,2.5673016728089215,-5.175333894570252,0.41798014375940556
-9.75680613860855,1.3738048745157645,-7.096152398827415,-1.163893258940085,-0.14712470088168947,1.9685926068433621,-0.5504270665102263,2.6882784317105903,-1.8347819873171434,4.032064996816901
-9.054026460983756,1.103633272373883,-6.421010696981128,-2.610029585408377,-0.7355092180059907,0.6662731913899492,-0.6030363264428886,1.6392038783053198,-2.4777694031601953,0.3075646342671456
-9.712105071653903,0.9273578818133951,-5.734552378994964,-1.4817153157589305,1.3528178727747526,2.9332844414465282,-0.572552152844026,2.9884803952079206,-3.8162393162140154,2.1640681672252744
-10.015169771236039,0.8241663695452633,-6.065912256988867,-1.9938449108819716,-0.5237869691321684,2.08382069900706,0.9852252052311775,0.8132647465269802,-3.50340194536396,-0.015646868575868278
-11.019280138269488,-0.1547884628439063,-7.854114144010206,-2.36056145016352,-0.3264471395673587,2.648442902558507,1.016849048403194,2.529798615232619,-1.7256862846367191,1.092754016510869
-8.15953555132619,-0.21122092096353148,-5.980480022726858,-1.2608632743962944,-1.0744609250581683,3.949660052736887,0.18248112691519655,2.6240530288190596,-3.2602442340480473,-0.6552988302288628
-7.962706828493213,-0.2295707619531861,-6.44346192805931,1.4278447777560601,-0.918210571361746,2.301901759244134,1.481519567384073,1.2217391141459695,-3.8606363512604873,-2.7351323299296446
-7.903480561808125,-0.06541876259543525,-6.314373325825262,2.2399908444769405,-1.5986484518159114,4.727968858383864,1.3820376263666807,1.8531961513915765,-1.6917963853128328,0.46865375530838627
-8.414934589040458,0.007351786899413643,-6.631591111386431,-0.7519914071590559,-0.3367898559463323,3.2203669008194766,0.4789639496469582,3.385377014447567,-0.8682606247064867,0.2599267282318403
-7.095591598353885,1.0739978965902814,-7.239209387322423,0.4681380467100306,-0.2777441351858707,3.6472314248424955,2.7588928813168567,5.144659910671198,-2.834831957821576,-1.1365350149283413
-8.148331718209004,0.749019549227829,-4.629093922266123,1.1485935144385773,1.2506658817065723,4.271735565879225,2.0913000268219095,3.778326677154156,-0.09748982657098632,-3.7443773945315963
-7.777234413478531,-0.9433089567271967,-4.070642023635772,-0.2563506994243155,2.185330968144217,2.5127986046935553,2.2174359403785884,5.054912734485629,0.6141859163767733,-3.3016461585648162
-7.0619474170241405,0.8802026759567313,-5.1169216234782695,0.8101304866717203,2.603644396539668,2.969732516897973,2.5083300506578445,3.758259011540843,3.3157418948298063,-2.718143406223762
-6.082950282080533,-0.6989791274580062,-4.825555606745008,-0.1073864925068313,1.2377137612406786,2.628662097865083,1.5620991143730707,3.322555548055513,1.7432597102055214,-3.6346678476414236
-7.233709246713739,0.6291523614383551,-3.0495591314894384,-0.16442962912558398,-0.02923123943174986,5.822718905744401,-0.559977779851827,1.0172130861188449,0.05495659682718921,2.7285465779865836
-7.7704192785112,0.09631299425408917,-2.411892813728683,0.43199251032612374,-1.2933920149599947,4.811000600999794,1.124889367072349,4.315413869665921,2.242260946583225,0.9316075871445374
-7.782013259064987,2.407745324182752,-3.873595795754926,2.0481640625742887,-0.4738408483175572,2.795486686567662,2.6264347310261353,1.6696448259891836,2.8682849264655266,-2.9173477949793587
-5.291503266161966,2.3699731644993878,-4.625152650947299,0.9416533758768647,-0.7374979729909996,4.979622125381486,2.232705587303515,2.7931991754834202,1.537683932993293,-0.846459809196338
-5.169249086893613,-0.06847170473996937,-4.36142931991463,4.233385999425759,-0.5090805390056389,4.400257706469478,2.1455721838480692,6.129795128731742,2.1689795815729798,-2.3665700862690877
-6.5434387553480935,2.6667075416424972,-5.592298939347266,1.8385283644451398,0.19035412149774497,4.246190055618617,2.4528021005959433,6.693561064342528,2.4445834201063192,-4.251772725033574
-5.467080194721106,2.3155620375270933,-5.048354759746888,3.3113189287108624,-0.25944822628227265,3.409095027733095,1.9352820469147392,4.922753686637065,0.85549041694348,-1.4076175877831263
-9.176415497772485,0.8779688770378659,-5.271837871393872,2.8768069099589972,-1.7952513985667573,3.794254052905634,3.8410705674916654,7.3608788107007594,2.9001531458678196,-4.252306903411695
-5.140890202851269,1.5299605010098762,-5.018953326351796,2.6347461066004945,0.5834014330426291,2.5851040852623863,4.277424872693206,6.075151232100191,3.4109662673118404,-4.760453983967069
-5.878585023696033,2.1133443239439234,-4.049717630058024,4.035407840827806,-0.9454582200952093,3.236569201439639,1.9668628616523633,7.853247069982261,3.7945046036325696,-1.451657466959911
-6.723149253947924,2.499447104939293,-4.475347401088132,2.6572931519207144,0.6793240131944762,1.9909420168736764,4.240465090850228,3.202857399746218,4.557641731568934,-0.13945865318469747
-4.958810558041829,3.4116963717995574,-6.016191258886304,3.6107453883903062,-0.6271539876051467,0.9062553032186428,4.591975057078535,3.357870590382736,2.3117134358486706,0.4536917755500307
-6.716220378904904,2.3669226454113637,-5.486093004733271,4.168025660988194,2.174947341350654,1.4517461508333116,3.727849255587936,3.535016644750133,5.8929059437999,-0.7971499707736681
-6.796693163128027,0.6271077373472698,-4.219963692220091,5.813634436356753,2.0689381517985725,4.3426899124172476,2.058630873427402,3.2414890588158314,4.743710713579832,-2.3512247151872345
-5.9611127930150944,2.7892633409502605,-4.581613637046864,6.314094342556413,1.629121653339798,4.455289897948952,2.979718277431778,1.6955950298132283,4.416748181820782,-1.0600990971754378
-5.57736680308137,2.2531112938934026,-5.9952772654358375,4.9050346364995,1.8133224577575884,0.2540832671646903,3.8368346247863965,3.9999687549390472,3.1181568530831703,-0.061986347229151875
-8.016004598909277,2.4469868146756246,-6.383786525455954,7.002033929143484,1.025240979923968,0.05842059534451882,3.1187883933366902,4.288782536895532,2.5258434010071382,-0.9137736348750561
-5.733855072394312,4.275469451865853,-6.023823898948823,7.372706763713238,0.6404971480325615,1.3509878576219723,5.318888827199546,2.6286616441350334,5.330737197309475,-0.4134232890284118
-4.734617134166744,2.1131818818233064,-5.029133511504818,9.34145627623845,-0.1749578975415653,-2.380853729478795,2.911962962744166,3.862014013973212,5.0795759329942936,1.2889853439134418
-6.858587626313518,2.733223433813056,-7.547745151112752,8.6552600930915,0.20251628209549932,0.5723272175202745,4.453343605470586,2.857794023499759,4.093424734961803,2.3477104412325045
-4.941759123678325,2.6634341676518503,-3.89475778452686,9.05740806689096,-1.4569543597807988,-0.901923704595974,4.367173072896964,1.646537219183902,6.12694557039713,4.924004775971906
-6.2375953090768625,1.313585176656072,-6.108920685666477,8.15749167765807,0.9628412377858335,-4.158258645522057,2.6667459964788387,1.97415604608235,0.1104866613698422,2.1177480466845555
-6.889571870774615,3.1550719493391353,-5.451497651381224,9.260887968042283,-0.18023222709556966,-2.975409276395056,2.5402059517095554,2.209512541681785,3.1427275456261685,0.9207102832892041
-5.465121462349231,3.0266840147956247,-6.06791318009528,6.8940878607280816,1.0965782375930244,-3.4144571577005047,2.232966205781019,1.021331618461626,1.926210166901312,3.3496339622206213
-5.609824325616267,3.2608166095407185,-5.906858842296721,8.425785373608484,-0.9996526349697245,-3.3230564181496853,1.963872880006247,-0.5507954055178278,2.6114951079380693,2.4522602609942807
-4.769238662851469,3.834599101681612,-6.80202596363762,10.255045266948324,0.4547917192721334,-2.394970946399114,1.2741283798475518,-2.4675872731233035,4.270528993784498,4.368068811276086
-4.423602048616014,1.8406692264294542,-5.128105256238653,11.325141778358253,-2.0933598969389156,-3.070000042053029,1.7163207045065976,0.6489189226805037,2.3232036005490473,4.472415692546907
-4.756770586793934,2.0094308480907683,-4.091230899664563,9.808729721448271,-0.02307563405206075,-2.650334788740308,1.5589989750411137,1.811267776192846,2.6443442134951787,3.8083003533941477
-4.6585347313063385,1.5829897403191089,-5.110915407585901,10.058621985400027,-1.0684403164903928,-2.9120761290990456,-0.1259243906616886,0.29973471149284936,-0.3280776628837437,4.718266621469925
-5.931264304531468,2.999529395467819,-5.098415651319224,7.873970101658235,-2.1429080478690965,-1.486044814855341,1.4834103298422743,2.934395354467008,2.2076308372473483,1.915329278072068
-3.645026199262197,1.460327108181198,-3.8999332920803833,7.563726032935824,0.12585804821883909,-2.8373863442132774,0.9625167137977905,1.868626028703298,1.0681745744017157,1.547488811749104
-4.0751007708958875,0.7756055789500257,-4.699186429559602,6.809366535021831,-0.47218205377505806,-2.7097458696114387,-0.14622117557983633,0.9235268531255078,1.0429519939461653,0.8586458540328984
-5.587385088040277,-0.7564701299034013,-4.15424518637632,8.321399021458738,0.5286776765785491,-3.3079717379902513,0.8741590591313004,-0.094718495440768,-0.36896288826544044,1.6123524015671917
-5.000992164742612,-0.3833017262926979,-3.3247998416727724,6.8197202886538175,2.20861503947802,-1.8681274785552733,-0.30838165860396033,1.1693537284934545,-0.23890054118053514,1.2610306868653876
-4.327271937988663,0.751819078016934,-4.6501638450399705,8.830346155529968,-0.8830961427120881,-3.108211873091618,1.0080077113533579,-1.4607667113446294,0.9813925789632565,1.9883625281706763
-3.821603382322054,-0.0072237061586934055,-4.599540882413916,9.10812509136689,0.3551416818493248,-2.4801007570018068,0.754574764156012,1.2062995655806616,0.8369812348104338,3.137523658719176
-4.395549163032696,-0.9666632146762516,-6.216077154013238,10.312037089497617,-0.7524553580976165,-3.4085187132407375,1.111636244145251,1.317527847961452,0.42267355918610183,5.614232553969735
-3.0375236180748786,0.17984469774934717,-5.282589567921963,7.742960237882603,1.017792795926684,-4.244236218896983,0.1456344905519011,-0.4635336674852433,0.0959394444228031,4.095177069012613
-3.804203996710606,0.6822902638976335,-4.460146258915446,9.027560117413465,-1.2562486211442598,-4.529699001100848,-0.24928052250783847,-0.029025291828779318,2.4574953061381457,6.122993458027955
-1.3845663590244028,0.6495366664716602,-5.122792946533298,9.4320688382028,-0.3190232501193262,-2.696218511873155,1.0965535983748975,-0.317693795224391,0.15303711947338625,4.005824236762967
-3.985182941548549,1.7791522615474382,-5.330531447867468,7.310716720160469,-1.1386280372494484,-4.377485754589457,1.145603303853643,-0.6304153027333727,1.837893198888668,3.236062202145113
-6.143166993570962,1.5734539518415704,-7.456333126097551,10.196168371613844,2.702637326005072,-4.567422390726491,1.05717964378819,-1.1000207563214472,1.7474888926818162,2.0021335835485226
-4.280187332206713,0.3458872197834584,-5.972015372197059,8.957163568794007,0.008410016717849593,-1.2442767737068812,-2.0582043579355385,-1.7977396473620981,1.7312624810003567,2.558238467533767
-4.97407682221006,1.7982730473671495,-4.847117297104002,6.4687940525504075,-0.31399195010793296,-3.204321218872922,-1.1357009186324447,-0.43016153842153193,1.9250814621245793,2.6651960904691623
-5.513471768663943,2.980083622542513,-5.487815430809214,7.985816412604012,0.8323982344394033,-1.5748466617470314,-2.2350757517252395,-3.1843399542681694,3.0186014305904467,-0.36054293939410853
-4.9835608237707065,0.990782410191054,-5.481201483029811,9.71978362811821,-0.1963465535106102,-1.6495370545240464,-0.39138830718750034,-1.7912591816834609,3.2828066303494037,0.4867562477517816
-7.585256295232638,0.8881519656431872,-6.460176568524874,7.431663193482857,-0.1679285571449486,-1.1252929745271423,-0.47586544939311787,1.3340129719729104,2.7051757882879324,1.5544236418538064
-5.281174588171541,-0.4828398002033305,-4.515909226018744,9.029412908279706,-0.5159657825553337,-3.5804608352041543,-4.848910358200592,0.43237964914852905,5.230240880883637,-0.3550384135613132
-3.4717748779634827,1.495344258559432,-6.363868543260874,8.266300893064214,-0.3456624890095727,-0.8911148940020279,-1.4085241073483192,1.3598054046986991,1.2909275220855467,0.09793450884052533
-5.649954551133595,2.0473436161495973,-5.530360479817566,7.805594563839495,-1.1990759859056441,-0.33490171825448145,-5.949996299243014,-2.3097723692163887,-0.3528268067342181,0.13687214532838873
-4.2131327460311825,1.5109924153860688,-4.5421495336081374,10.132831287870953,-0.23851512577201425,-2.880915418214941,-5.082041222166623,-2.2643611896584623,-0.09736781647474714,2.9573280200130365
-4.0384449388356645,1.0907999133404385,-3.968863584144292,6.874922479332743,0.667450016805119,-2.689116545408742,-2.8526054660322475,-2.603472457262083,1.48814291285458,-0.36439196367330934
-4.343837415925663,-0.9880876123822288,-4.05086067732646,9.460032826015087,-0.11819470511699039,-2.3435952648127714,-2.894077054801667,-0.48452826269351007,4.060327221727021,-0.34480677055789233
-4.7347319000409005,-0.29047506777656407,-4.71854247569194,7.67305033769313,0.3084595830006856,-1.4993004116845434,-3.3844251093599875,-1.8210465033875451,0.9434964940204774,-0.5105260948088738
-3.6702852352964612,1.355137854763036,-5.776295453881488,9.401824677778636,-1.9936769018846456,-1.6870436613957667,-5.168565321062536,-2.2769817627292723,1.043565506864457,-0.7212499830676139
-5.2089835072821185,1.253712285143008,-4.729546099233853,10.97168063800994,-1.5253993122853151,-3.637204743888772,-4.154640365166295,-0.3030199441181161,3.782918929348549,1.541414260735551
-4.169165046174558,2.2273428278128855,-5.080507186590165,10.832110338343503,-1.451337849403722,-2.4227916962877107,-5.523804902037415,-1.3294198649938642,2.476504455159931,0.22552911558317262
-3.8553020679885623,0.19782770647833442,-2.52748016280351,7.726560645257841,-0.9246266019991578,-1.8222663658352065,-4.765028975143857,-1.150036533441141,1.139387671681954,-2.966023459387103
-4.373811508363677,3.6725852811709077,-1.5700472655057334,8.004961407023492,-2.161261758418441,-2.2925954022683253,-4.120527528535427,-1.8272778017738074,3.22903338079448,-1.5489296143479934
-5.192155559767781,2.133683371365567,-3.1686267961433074,10.78754862754124,-3.1334483575615746,-0.9990874660228998,-3.1143757729664783,-1.9089180528798126,2.1086660010599516,-2.808371814978601
-3.1107677678130923,1.4487186324191097,-3.4020137937126615,8.081157795156635,-2.0012166728265357,-1.6691919183884527,-3.917009448901228,-0.255630110830618,2.919357492624547,-4.205912411695075
-2.6643808217164304,1.7633668682466785,-2.75704339472475,7.595194661250035,-1.409642905336286,-0.004107307557355598,-5.1940193541299395,-0.7257156099779528,0.8478532093207111,-3.6670055166286666
-4.181311715200521,0.9466410938545149,-3.0152697433399687,7.725276048547562,-2.396122071251822,1.390235298277379,-5.921707848537523,0.14588985416769032,-0.02790979358503743,-2.098223811819843
-2.086063533798648,0.7921247065723137,-1.9010391045438064,6.859387830608381,-4.261672306668346,-1.6506382101970105,-5.097413282960882,-1.0326646783939455,0.6620939864159807,-2.9218905375862403
-3.5224538762240916,2.368107193255252,-3.291871889094818,6.332668871807008,-2.932937053718205,-0.14572563454664964,-3.8532582317927857,-1.2814085745684245,-1.757512098148508,-3.8713992000169974
-5.961686036752908,2.791831256302638,-2.3283019296711642,7.122176181701229,-1.9490559300591137,-0.6725501633736154,-1.8110140163411832,-0.5335059987160155,1.41468262764917,-3.3142308155625555
-3.836063398986781,2.52143447752405,-1.4396254794544998,11.601795902059331,-2.711296486688501,-0.946893834235381,-1.7705562314417176,-0.9174763812338371,3.772575116283115,-1.6798545061660033
-2.380565059165344,3.061935729614709,-3.9034180949869692,11.620784107382729,-3.75124395174605,-2.53887889359348,-1.4272627111423126,-1.1106973286276967,1.3305131987583596,-2.847986350577328
-2.1875784648859793,2.763344769712024,-2.2363087540233515,12.394022071861187,-2.4832211775991415,-2.538717603334105,-1.9406190335968752,-1.4041327235201206,1.0388487222677452,-1.593705752381295
-1.784189958985504,3.0622627959028237,-2.709233595475935,13.384195531188567,-1.875764137715905,-2.4898373300485463,-0.32556667400316824,-0.6159662837235181,2.1695185598692306,-0.2073931627408493
-3.9916456662721913,4.912972188861795,-4.137264172329049,9.930899965289402,-0.3847283853278034,-1.0910089797016986,-0.4791302774969713,-0.8054806085311143,2.7508408580876047,0.69247706671476
-1.51083869930678,3.3483142386582276,-3.7867944213751548,11.06983575738877,-0.17100077762199545,-1.746066140540837,-1.3267500157105308,-0.4013358741941824,1.8174205439517674,2.8894507337254285
-0.8478592663017277,5.011884634174637,-0.8750306265063884,9.304459593111895,1.7958968566079858,-0.9352635389932527,-0.4609008839375669,0.8501023790205036,2.60765642435769,0.2205260306269741
-2.8157438164229593,4.581776659505183,-3.6256051589383755,10.421168781595659,-2.6943443491529826,-0.8714361874062583,-3.2498455478865877,-0.19979213603210055,-1.9651154207407404,-1.2140002015259828
0.7806947838093725,1.7471429650559187,-1.7266609043050334,10.621988356186352,-2.5609777317304725,0.9120623335699545,-3.715498858905595,-1.2711701591518276,-1.4778029804802366,-2.597063673651983
-3.0689114030191496,6.326876534127349,-3.9333941048355525,11.23973400350062,-0.9101497674534854,-0.425856543604039,0.20368663568781326,1.95212982904997,1.4867419403267814,3.1069775526193086
-1.841048496519391,4.5447968972078705,-3.3253141324417226,9.879200913150486,-1.6243592204764128,-3.070763535765706,-3.9789661824602303,1.8797199973659529,1.722612718932784,0.14202287287006216
-2.0263595032574537,3.3220560753194364,-3.7958719569219928,10.513026834838504,-0.9755792994467234,-2.1956615539012074,-0.24987045456382834,-0.21517901351033172,0.8814925071495626,-1.126341192648156
-3.494470425706228,5.438339705498412,-4.4421340358013275,10.884787196596683,0.5117650993589512,-1.4297477377643473,0.83929847461268,-0.24920429628091795,2.03106557822397,3.0964352200194547
-2.534780386456356,1.779108261365762,-3.3446659029322428,12.219293911035834,1.5227362856267115,0.026102464902975995,-1.5132633335501673,0.5221306286651106,1.716808422522623,0.43356796596242775
-5.1495461535247475,3.6477982972618137,-3.5585476043039446,10.981323883382943,-1.5146893567293584,-1.9070945275275886,-1.4084053569810984,2.7457951865384493,3.777909222497893,2.1958016294736065
-2.5098198835449215,5.773215327511818,-3.811531539998533,10.88883568270291,-1.7202633112448196,-0.8329476920031631,-0.5513594806876696,-0.01807094212801128,2.0026827876814632,1.668022102525049
-3.932450642053896,3.5560492520191853,-5.397144783226111,8.702065971976364,-1.569632584492144,-2.3028364659943503,-0.29596201938183175,0.9857792484528883,-0.03509528797155566,3.80329927551786
-2.404840248126512,3.0023607898212408,-3.681292561621127,9.377236565940857,-1.8232309343789477,-2.496581690582685,-0.5097836997976378,2.63258637306675,0.16486779852656128,2.3862917159528894
-3.5164207632509297,1.7517606156647587,-4.613085241847596,11.13202349864477,-2.0816836950215865,-3.482316148291609,0.17105008513554018,0.2972699136017491,3.173880268601724,1.3300716526236314
-3.865648340233352,3.6432335948348267,-5.636585735435796,9.956284113974272,-1.4318363690674891,-2.8918494296482464,1.293940312024185,1.4789529888252677,0.44331078001451657,0.08867069436132609
-2.9258958858653403,4.153253500573053,-2.470595249035218,9.441283282833123,-0.5928762256151492,-3.142867045104368,-0.5217741260065074,-0.19204749331056456,0.5939706599410113,2.7600991683218394
-4.186811192536311,3.5794650944378867,-3.724495843184208,10.591555857762996,0.35383403224090787,-2.162145576346245,1.9697164290197309,1.8286882654203165,0.19431972844414996,3.129850607764467
-3.187568984931487,4.258399050784515,-2.249804258883794,8.193141538565497,0.1362753334423559,-3.8288854924780913,1.734288762119224,1.5400347626936042,-0.2561534891116684,1.3463640991537402
-4.919672099622371,3.346158991273557,-1.9489414594590964,9.769626054227887,-0.38772738094968734,-1.7822778448902719,1.1647578817649493,1.0935821753351267,2.1042009443677014,2.052087880177238
-2.273522518392767,2.2103938418827367,-2.400512810679137,7.344605903533113,2.0285666626118575,0.3143583722473252,1.2726653037926081,0.02654032210886745,0.47260280325700726,0.3611905853974629
-2.78059533523518,3.38430407938209,-2.821251044445739,10.273604121735278,-1.1747410161662533,-3.3512247573779153,3.441233679571092,-0.41943256629471026,1.1133336548117825,1.6521497073774674
-3.659443044449947,4.670599355419222,-3.02285677680672,9.284287069449746,0.24249831090033735,-3.2866968679022164,1.8329820637719652,-0.2567309469609655,0.06792165139056636,1.839122887331664
-2.283811781490526,3.5157618747126853,-1.7010544933842464,8.736473084983981,-0.7690517475385322,-3.8156393718925568,-0.7882049910625797,-0.12553780934931194,3.436342962612268,4.273818698980842
-0.7614217185834424,3.3797891182183024,-1.7428536023708103,12.324150176953387,-0.8917174642606164,-4.674103649878643,-2.2223028609550144,0.2822414142921418,0.29872911996524143,2.03047039307449
-5.222235878770994,5.803772708806242,-2.584771892511913,9.869931687248096,-1.920194147270586,-4.05977488196525,-1.968855919846052,0.1983917046953569,2.8710008146341313,4.030467830568073
-2.1552600779864655,2.7066228427726426,-1.2020754529128834,9.25276458292878,-1.083823513111053,-1.7578170529659838,-2.3697465586093545,-1.7432462565509648,3.0164765187287266,1.312088062898743
-3.226402930048155,4.042258310500701,-2.8037154770063055,9.8801593676734,-2.287028652723816,-0.1942151631940266,4.485049470729412,2.1401772973475186,0.7216212321994538,2.9723347310831585
-4.29923956902299,5.917899036780117,-1.4571113320253744,9.770170166815527,-2.6423342537330887,-0.13222582263611102,-0.12174738483591659,0.4799588408627422,3.746845932013312,3.4588368974745567
-3.7949911141171744,3.2890633579347095,-1.575522343777469,8.894699989995898,-3.976454702542446,-0.3994094980925477,1.7335763461586453,0.4310281433791265,2.035356581382801,3.746362748573893
-3.7872588726676177,5.150949470962321,-0.04223086177717341,8.817124261950626,-1.7098841699507494,-1.8466653816887402,0.5020740879105707,1.9472683162490447,2.8782089919603795,-0.581710021001946
-4.329875544195041,3.9908306740430257,0.06081851388222279,11.504908356474173,-0.27242085772012614,-0.9077801889622195,1.9734512287068857,2.9388892867388714,3.2941468627054022,3.6432371277889404
-5.640646552163091,3.796828064252493,0.7881438148627891,7.357512500609647,0.4909236160160045,-0.10039528138851309,-0.9455316172129589,0.21197206398525936,2.677953892711376,1.2986956270274086
-3.64635326745792,5.580680452003887,-1.7026660348434328,9.562239818513197,-1.641430903920671,-0.8728256966275176,-0.7721252815218181,-0.14593937403030058,-1.1123408138001014,-0.2730567998796214
-3.568973017184996,3.3782986566497804,-1.2231207554907788,8.66888893221408,-2.4385963966377533,2.7916986742586407,-3.603011319047112,-1.8226032005452026,0.8660381462723566,0.2594319752410186
-1.5898982587040316,3.4437976644743586,-1.842968020390896,9.516821090225596,-2.2793700510718824,0.6232559690054729,-1.7405389441256491,-0.9969318623178284,-4.219578846706765,3.712399629603484
-2.3189179563942486,3.754055409442309,-0.7156250107183793,14.14118919872204,-0.11120644376768228,1.2982290452553347,-1.689193983201219,0.039891996771061075,-1.3443468246356731,-0.27233808521761893
-0.7930442938329594,4.0563023931024915,-0.3627050027310327,11.291906735420065,-1.6717719053025129,2.307078816173914,-2.9264783943334334,0.6225146062586985,-2.588346963550472,0.9331080032249062
-3.088630362120479,4.013555145504229,-2.517240961825031,11.235687619838869,-2.499495504015463,3.709919335397806,-1.3982569601919497,-0.3475002758335455,-3.4728086248821066,0.5735616116304173
-1.4551131036137404,4.190827101841131,-3.4321192131390004,10.34603177866791,-1.013844143071154,1.0210623045510447,-3.1575645506378103,2.614920614554957,-4.517334353171503,2.099486250238762
-1.7201240391803496,4.171107939412025,-1.7789464632239098,10.295187835629719,-3.3251042542453777,1.1036968332209602,-2.9498852416953714,-3.1661196191378087,-3.5834335482477955,2.68700259761104
-1.4651669714682958,5.440822388067068,-2.964175171728511,10.622603875855843,-1.7206417483828242,-0.26812033521932077,-1.6545625026082051,-1.3004812025149046,-3.2509909183824077,1.814845614580469
-3.110572743194348,3.6313504761766064,-1.7332998268452642,9.533677454438898,-2.4831164996053086,0.0816974485418155,-5.6346249855445345,0.8877125862942579,-3.9142392147494918,-1.4714157732466338
-3.439177874063947,3.542065793605927,-1.8848595202716882,7.592927968145349,-1.2460582840093049,1.853405351500428,-4.8873984913656585,1.6843440106578111,-4.733189489619097,0.25503391459147956
-3.179549920577348,2.3858368595534225,0.06879498682314523,6.424912517625095,-1.3099244131664665,3.322838943219297,-4.322098333481072,-0.7908382009458131,-5.2787343858056435,-1.8154387820649345
-1.0916470179692372,3.580547338453923,-1.7435071613351079,10.207213884741746,-2.6638097002869294,1.9344160314597114,-2.4180725480124026,-3.6269858364234127,-5.516390604482737,-3.5278505653542105
-3.3656385724787286,4.073925430964375,-1.5223481033914457,7.992281319369231,-4.187023088160823,3.0365441092308973,-4.2220412098969655,-4.06095681790471,-4.159043103897986,-0.45233656164221775
0.2353130798287424,3.436088846548954,1.0325243088320786,6.517098694103502,-1.620997527411631,1.5051332856650148,-4.524021172748812,-0.6703687330464039,-3.1716776040986487,-5.767182487250844
-2.9181822017135546,6.243604847331441,-0.534188669039076,5.5429146078358755,-1.2198344675207549,3.846351558743959,-5.437959735706469,-1.705288663029357,-3.2844837872408323,-1.9847380269138397
-0.9831472728389242,3.4378474020018968,1.0310133962619203,4.472454248415484,-0.057757546434805455,2.564028040968915,-6.334304062108316,-4.3134475390638265,-5.451330578150016,-2.784757560861154
-2.26193105764254,2.292723245165044,-1.1406922628475271,3.030348630887847,-1.022463756143794,2.1955642144393788,-4.773857813929819,-0.7836455720922859,-5.029970717044158,-0.47541012994085574
-3.389124829357532,2.5001393140274843,1.4068930171425238,5.326250751488486,-0.3788481317032877,2.632680186382531,-3.8784597002805117,-2.7743381267456453,-1.4501062525120747,0.44428252341436325
-3.216200812311461,4.0286437816384675,-0.840401547916716,6.989986702119433,-1.3051185187140564,-0.9888503615877121,-2.4289524072553395,-1.4742994906256595,-5.493510614824657,-2.7148774733629577
-2.9851542560038498,3.278054046495312,0.6070699951801849,7.654134204918707,-0.4111744546972229,0.4326503750401938,-4.7669642883625,-1.7021985985071528,-2.2714663062651446,-0.8761333117856154
-3.1405454550317256,4.808422591677284,0.16746527477752776,6.534037848539577,-0.38152012394437385,2.022881708736289,-4.316668506788051,0.23544908708882212,-1.9463436019200886,3.115582198478927
-1.7384109156606629,3.440437489942738,0.5804487574301509,7.2247476003098114,-0.09535546779806262,2.2398165219199058,-2.7624260906328075,0.5661708074917967,-3.586450296151188,-1.4045651878031342
-2.4543151148547087,4.706706153744292,-0.33472035851733445,8.839117709749441,-2.2244267881078854,-2.617612583919432,-0.9780788427199338,0.711159564099983,-1.1048627225116405,-2.526164250544547
-2.3944935484239958,3.4593531666816815,0.7961836053618773,7.8505148000746985,-1.5989328628801092,-0.36897501310381015,-4.073987603518259,-0.6765188526687189,-0.7792812620832444,-2.315917602437598
0.884853897849532,4.330067881908134,-1.5073352504046278,7.984911099691073,-2.602123696214211,-2.5073544961641483,-3.9499635680955527,-0.7083429592535571,-0.8639857993452036,-1.34731233627706
-2.1217591853116633,4.850642009707778,0.9092960588390644,7.080492858805589,-0.9415095553987415,0.27647525193402706,-2.619280345992212,-1.0625824132214627,1.5407141668283189,-4.4444276212148575
-1.9310493633059456,2.967716275063454,-0.21429307944256298,8.323224102763074,-1.7461487406701743,-1.6703665650449533,-2.770631235935457,-0.24075963645308177,1.3299277804080132,-3.4222615991480296
-1.6883373631315401,2.905152822994101,-0.310246602734137,4.734254023035787,-0.07775615013443568,-1.1851344193685511,-2.847822130870543,3.178258075586123,1.5324232010262142,-2.694635271572565
-2.6704079505726,3.494521563224183,2.425721662084459,3.9326153435028783,0.32700925181129786,-1.6343021731045548,-0.5795992659140665,1.2729081642017652,3.0678218345680626,-3.335265766027483
-3.2180464553592163,2.1328762621453916,2.3989454805145485,4.307073069587246,2.6143481069897203,-1.2537730162513514,0.8430270492604505,2.2940204528353965,2.61892656769746,-4.8420382066445615
-2.5647015017621837,3.202334446546322,1.854720884779889,5.361484883812607,1.2398457773846756,3.348297268819397,1.5537980698873808,2.2180911607835467,1.524182468151971,-7.0239125899100046
-1.1171272023066392,0.8801007314161833,1.3206768243838078,5.716446145585619,0.8227310308036365,4.489077582829753,2.8280143419227874,1.3344326010392509,1.0473938709423345,-0.29994244163323275
-1.8728179100019415,3.2573069037098628,3.3051580457654035,2.6396159784709536,-1.1510379051951116,1.9656604536129714,-0.8638648232799213,-1.270195423505599,-0.8160771807410353,-1.5248363719816442
-0.9450708489194907,6.294458508629199,2.318480578459405,1.7882636059855503,-3.1192495576305976,4.35439634806236,-2.2247936947869293,1.8147378236907579,-0.13242358239321442,-0.5193487282045185
-1.1655965479831407,4.642451482778624,3.8167234095041866,2.7919192874075445,-0.8647734746206615,4.491925756345178,-0.7175611011875316,0.584859371504137,0.42969556255644475,-2.0416015909237224
0.5453034243731392,7.062027954152875,2.188418915337406,1.4300283757840182,-2.9531216940631575,6.272139321383592,-1.2802941132860584,0.55031437989979,-0.7475534904209263,-2.470687693097155
-0.654665473731792,7.017668388572298,2.1179576985079263,1.7140905066595022,-3.1058677496986458,3.1124520494101353,-0.0037113286321263754,2.058827522718062,0.3530241781619104,-5.564237779005479
1.2029685855746977,6.71711662063714,0.20667401473059965,2.3248610706964645,-2.3318251552025946,3.6817762542769423,-2.315721661973364,0.4438582299295243,-1.0266560038319565,-3.504749118430874
1.129763101427732,6.7504389180011595,2.031235347638212,-0.13512796549724346,-2.0768261257459364,3.547067901944019,-0.7912930735269147,0.3996169041502643,0.7707517175128558,-4.876596709086749
1.420760429084981,6.365767195177573,2.8731940197869794,0.9885523735185036,-2.5661462125464016,4.770640587478477,-1.1309798494458614,-2.4496340287432634,-2.314336446676588,-3.342989080213488
-1.195124307866135,6.908680103038342,0.4159771639855153,2.9327536697869516,-2.5905650197235564,7.783343851532633,-1.3244846972934536,0.17601567415324643,-3.343211905309525,-3.6380304895147573
-1.5586983290660208,6.910477804952096,3.1942162143267643,0.8382013298725194,-2.8925002345315187,6.487949775432815,0.20762440472955626,-2.041445848522862,-2.4585246019229405,-5.131357370118009
-0.14047486288252153,7.831794527926811,1.5525989283500758,2.798147530933182,-3.066603707947287,6.684767507573434,0.6256564942989014,0.04647845985242533,-2.2558627160535543,-6.360708966497177
1.92722044489672,6.155702049231204,2.834943758612399,2.7439262349118545,-3.6736949109907315,6.738045894208781,-1.3249027572497947,-1.2937144353854204,-0.6486771686159605,-4.52943000293357
-0.27410849783230107,7.4948097331975685,2.455174906364917,3.5423697569672616,-3.886974864826662,4.397587443011044,-1.7104042808897635,-0.5969532361476416,-1.5779049669836496,-4.612241742100412
1.2188266553178508,7.611330205393525,5.305172727895133,0.025409533061550242,-3.3950422395402513,5.842319045677755,-5.152951059604419,-0.09029168079012433,-1.3268771483181456,-4.01217066340093
-0.06678619725067074,6.641821006082895,4.919018488462169,4.085434906870721,-4.250490040674605,5.617176511983182,-1.9552367637488823,-1.7164321197278405,-4.979045923414362,-5.047105429236587
-0.9904953472563848,4.427698650111706,3.3527107621812755,-1.4416550339529588,-5.475689668722232,7.77164889870321,-2.5499701679184903,-1.8662294167616709,-3.2933786897027373,-3.073808356462281
0.5232150056153152,6.254063659174963,4.605515810483927,0.4309418404240438,-4.81696368397136,6.576570336338464,0.6317420455268581,1.6630309963553234,-3.324642738080025,-2.257849611772654
-0.14600948950033094,7.213856530058327,5.740821463267153,0.772882701277024,-3.6564767191810112,6.2570576570793115,-4.19080070764469,-1.1954199413078208,-2.956277969051722,-1.0460728790438802
-0.2078325245929782,6.638530528227512,5.762520652220525,-0.23630738796318487,-1.6670183088388195,6.956825860325363,-4.375525591455407,-0.36505534076875645,-0.5365981926810992,-0.7763492345773106
-1.2383472366039299,8.469613086806762,4.049916877210882,-0.097577491433195,-4.144390672877552,7.160829635200945,-1.7399452831474274,-1.0215241344857677,-1.4428508555751265,-3.4605379115269685
-0.25090244202042933,7.334944435228305,1.9113735354858068,2.2961642403248397,-4.634579855091132,8.151904286479818,-3.2832062015402603,-4.523817201015395,-1.6768518358275741,-3.035283403880805
0.26737223008725974,6.324799942518943,5.1723208197550115,1.4642860092383663,-5.083719514165734,7.595059022428867,-3.431045027591427,-4.102883145768061,-0.2493958667033128,-2.007247731556487
0.7486475770941324,6.150087051220573,5.720491031808863,1.2456256348353405,-5.873744790821664,8.582146950184534,-2.606637111880404,-1.8151065669630062,-2.1996459516506497,-1.1285722207208575
0.04977734633346855,6.819817877418275,4.184789126184173,1.2046549058929599,-2.887251462229717,5.503452865997645,-0.5581491454127162,-5.603443966560044,0.31965160296662815,-3.7159368540573094
1.0414062760274732,5.7437582734475825,4.266370930908034,0.6308083591605685,-3.2310398368670974,5.486690398201989,-2.483457498651252,-4.619680476873637,0.6950176462328065,-5.6312326395804275
-1.5156494331508683,6.51811336226861,4.8419291470105374,0.5010870859045551,-3.33496966006059,5.512773006476407,1.3040392571745894,-0.11780354218302702,0.12301127968018037,-3.7723159458028777
-0.8735576155010596,6.464420113434096,4.168034671845371,1.7188356377944765,-3.5579727825523073,7.306085912882909,-2.7791255249639657,-3.3194421581620817,1.0254942433719807,-4.631212550026323
1.0182311954446144,7.328238082839304,5.292806896904838,2.3734391366089627,-2.578757653239671,7.275858754940121,-2.682946019992723,-1.503768150236022,0.9843568586000737,-6.91956507750699
0.5222509029027459,7.948905272732575,4.30678465819535,0.6279342095571319,-3.7265314250627894,6.474688359076525,-0.9930511854051158,-5.519280618579239,0.1536178717027955,-3.364639790452193
0.974340149237851,6.991824393910995,5.77864242394199,1.5863542711764373,-4.038289951817299,5.851196789275311,1.2882591278281583,-7.27248944890198,1.0639045466499242,-4.911680793958912
1.8265733104199593,6.238460943694194,7.730059397466164,0.4739384873587403,-5.067090559110177,4.617468438341034,-0.24077696641991184,-3.0179437894006442,-0.4307686385735993,-4.468029014208906
2.4618446749839924,8.061992405327869,6.04546517516925,-0.8326181404910084,-2.5430624865664746,6.853967580039928,0.6912313635234937,-4.7988659991382,2.2194886634227915,-2.413107370771314
0.2165375581405244,9.278090198422108,4.665468932896439,0.5308588784417728,-2.582341155532114,8.653337771561104,1.0791239530039702,-5.2204890561352855,1.9812940868539706,-1.076780274104898
0.8541270512588213,11.646957817616247,5.657031183039274,-0.2443605413054057,-3.326301910637075,8.339043142845702,0.47885143639136407,-3.7166791056716053,-0.470394451143756,-4.434137978981583
1.9130423257487206,9.577314705370874,5.378489746712472,2.4760247782537466,-3.6688051651597484,4.599008260166684,1.0465001566800147,-1.3206383686474006,-1.3588674054194338,-4.047472672833626
0.7432162235202037,10.110157710777832,4.381319846367905,1.0734574642656445,-1.3826149880317513,5.330849984288301,1.9851243861529815,-2.7301284106253823,0.6097109651702279,-3.8662231911296048
-0.4523632482993713,10.173776602075371,3.7200935993811535,0.7401985905046164,-2.664910226110647,6.003549529091573,1.5353302330124887,-2.9103600178811453,1.330684630350585,-4.152192194135012
0.7925551762353035,8.48324066426746,4.874999749721657,0.11516363670078895,-2.7898041703095946,4.099610809760506,0.4694910119432437,-3.144712804090634,1.13787684337156,0.9174756023053202
0.8372675738491516,9.013650208269498,6.188668854641267,-1.0791821405894872,-4.093921845674566,7.6689801154172565,-0.9072921058676967,-5.377236375697456,-0.07453102157538694,-2.3728434014459454
-0.3502518158129631,10.8324246895667,5.720491822984666,-2.330787861313389,-4.451159907423725,7.1326697407058886,1.185941787106652,-2.823066260129933,2.1666336156360995,-2.390469698242913
-0.08996494188668884,10.15487637301969,9.08454801291624,-0.18700388595208486,-4.1458282071279475,8.468736915346833,0.9295822352188127,-3.4077090107969386,-2.1651486417455,-3.961801255737674
-0.09786197987430233,8.676038300320233,6.793478607897004,-2.3090371725045555,-3.5215019750500614,5.091745299759059,1.369342008639774,-2.6139671997467477,2.3330374091686217,-2.7997568481444657
1.8961912310917033,9.324479471995708,6.6787401437906295,-1.7771587930054498,-3.8210917912404936,5.699619855446326,0.03869726323502994,-0.8486368463565989,1.2309726606625084,-4.369948450421454
0.3567088432793618,9.092347453446544,6.396062915126059,0.9798156052265864,-3.6791975288787016,4.2981714560101905,-0.2202494642794178,-1.925194266318684,0.31817357071311475,-5.501334437701096
-0.07338517849387056,7.39093920255491,6.540832657714417,1.9788160299754323,-3.0602268885487014,5.233055846648007,0.5892483946097387,-2.737712446714012,2.6068321801944254,-4.332854027701769
1.081825306709203,7.804576417970824,4.653646269912109,0.6233219192374011,-1.8057309058971287,5.023492283660391,-0.031771513274017185,-1.3617394767268627,1.9851023376945967,-4.648905519473039
-0.05258562851914783,8.535804749435881,4.095449486318419,2.0289794278571778,-0.6335293026727067,4.950583580718359,-1.0173253747798514,-3.3222620589526777,0.16437001133814572,-6.787328668405915
-0.44391621918058305,9.291618938471473,3.370572460948127,0.30370375584722153,-3.078987384547546,5.977155975692268,0.39103888714243673,-5.232943794502944,0.8142609015927963,-3.343776056133212
-0.03732007277521314,6.049911300285371,7.064094491839695,-1.4299365208794936,-3.800270489433743,4.924728349603208,1.375446108101544,-5.266391853716369,5.3229729678405935,-2.5471258520515563
-1.082520406500944,8.586143307441587,4.9289720053367505,-2.1137716643050273,-2.9637340452968615,5.97560761735583,2.226546077812831,-5.8646363644489705,4.1299520929839755,-1.5336581799862896
0.9406569225645739,10.653441347227316,3.597775410120023,-0.5830812155379468,-3.4592467922670496,7.183827064198537,0.6243581346911375,-3.8963468516748527,-0.19189692531801436,-3.8427408355700434
0.23800282459281513,9.199090955824303,5.365010654641466,0.7391304251860732,-2.65778693172826,5.089205661667077,-1.3102273590137505,-3.2363318962748857,1.54533905961523,-3.2944941511309267
0.10991088748682146,7.36549905980388,4.772567472711732,-0.002756477224524091,-0.3712103489622892,6.445173002428626,0.23432927082648275,-1.5915754813596463,2.3369381811157286,-0.674413702673961
0.5146929158616901,7.613595995042844,7.62133913167229,0.0283157554122893,-1.2965098974361315,3.0570895831200127,0.0566857101503191,-4.345925393826089,-0.1058429135250374,-1.7464266649151177
-1.3205052805842354,7.804709892659229,4.662759926486061,-0.30845719482438133,-1.8357441777674162,3.005989090171548,-0.5384095349821334,-4.452603703991644,1.2693798370047622,-5.141168775730471
-0.6316168491394765,7.250736566693106,6.902793249236832,-1.7140700821817823,-3.72123498446361,4.651091927816506,1.2965963857936822,-2.804778519211071,0.5027519247767062,-2.215939422013073
0.6448375313361753,6.86798186755938,5.8099667078237465,-1.5188385751998381,-3.4396857256089732,6.207360864551383,-0.6417374466872837,-3.9172385901814026,0.2627387515667467,-0.8827635961141612
0.21126233924509097,8.651964780221151,6.86214543701977,-3.364250709604754,-2.754080930261342,5.022789776942376,-0.7565220451951624,-2.1887874187977294,1.2918308311431206,0.028303191943969016
-0.16777331851423644,8.160310892209099,5.684796862662478,-2.7879689274151183,-3.826215221896169,5.956977022072145,3.2348628393704533,-2.179822748383081,1.5768153572662145,-2.6703833808215247
-1.7018673220148082,6.897752475017886,6.1602544997897875,-0.5819100473039991,-5.148234510580985,9.766022516184531,3.2468721432282117,-3.745594551026712,0.3719999958473729,-3.423524976421176
-0.4618217561517872,6.509140198332613,10.94987251395179,-1.6119753324665957,-4.5837691314183004,8.146733289916599,2.807033790483823,-4.449691950746172,1.417175966987799,-3.0506357659971006
1.5793196156861802,7.0623452997749885,6.849568744586838,-1.7938751791931002,-6.821478412583885,7.848168318165171,1.4281997171476837,-5.194195374881057,-0.5336966522631365,-5.300619389210389
-0.9709464066904284,7.094710565516085,8.656446176467265,-1.3679692243873356,-5.903162906073089,9.497458993786791,-1.3094329610291953,-3.6280962697172456,-1.7010841365344946,-0.9481074507058838
-0.25830176758400464,8.328790885584617,5.502456229538836,-0.6702423026387965,-4.6504140631781965,8.669228580402823,0.9686559331491432,-3.7477645376553794,-2.336457301518484,-1.5558954152617661
-0.027216412349326508,7.533007840950623,7.723772813695201,-1.6806795396313843,-5.0449202555385915,6.323444044155181,0.16601267587324245,-2.0311937887892375,-0.6734540730940634,-3.559661863092852
-0.13847118887272594,6.983132284323857,6.7079443143655695,-1.3225223594050282,-4.017735291155749,6.813330039647078,-1.569881002014901,-2.57807257728821,-0.9481296774428085,-4.684003600020747
0.10222991453596086,5.213456814046527,5.351615243975775,-1.1693347887368357,-3.9419513168401608,7.897135158973878,-3.107702490944496,-0.9190449419501261,-3.465053780305174,-3.039015750856903
-0.2530841354927358,6.112430969393831,8.188387671013377,-0.35916252231984597,-4.010780219976209,4.9722115768228266,-3.147699568061217,-2.952963070959292,0.7313540154229576,-2.084682690496435
0.9879948426078121,6.520536130960682,7.676236851162405,-2.870699793601531,-2.4906225720539683,6.676661327840449,0.7152653499993498,-2.6151060639912376,1.121020058627204,-0.7818856698380018
-1.9235895724384398,7.890016813758063,6.503690619226897,-2.5592509115153947,-3.094839022853871,4.2118164672508875,-1.5811215714127969,-3.191662734289827,-0.7370842230640343,0.299678639213658
-0.49596988278195664,9.790902691339218,6.60230986350926,-5.049069078655766,-3.919294499963456,4.957204416108767,-2.2357991208877364,-1.5031460230359728,-0.4688988661525464,0.515378302654451
-0.8623633711229786,6.318391175079305,6.37909299774947,-3.9637968318059307,-2.643157714755329,6.46744835112465,-4.263609787639023,-2.088574747998981,-0.38617983253913146,1.233820801185633
-1.9844923795045246,6.605289319691581,8.88525469607669,-1.899600280671685,-3.318644148745599,8.127714087091865,-2.0160556636877973,-0.1131018827079883,1.1219499385154157,2.3344772007194297
-0.12697129876658597,8.826329163810652,6.6162747180936154,-1.6095737069306546,-2.4052623333053744,6.807614819262035,-2.5954261773395366,0.568937609430088,3.82120838001685,1.288591111823965
-2.449103359104135,7.601986116196713,8.208535934845475,-2.9163798574813384,-3.411134455160708,6.619847403855249,-4.097629785928846,3.0262508870457467,-0.2821445164439334,2.674846542533048
0.03586292339185873,5.862777142928558,7.186482423145696,-0.9189387218196154,-1.9826103717472034,4.645957560588982,-5.373563397763677,1.3780942284850841,-3.9812572247812166,0.9520860704146437
-1.009627603500359,6.976503130601042,4.436327193438854,-1.4756986703802035,-2.6689296972655567,2.7555499039628333,-3.606200100771659,1.4386199097620314,-1.902829841808867,5.132424658232695
0.4733630136457411,7.718397785271168,6.268889204454531,-1.9182932928244438,-3.7419503101565255,5.145170857027536,-2.770271576168658,4.0388934026707854,-0.6295236730606871,2.672846944529408
-2.8123172720219496,6.081080293014343,9.85902348372,-5.1470800296891275,-0.3697804874619488,1.9246083809528212,-3.8825871535218255,4.800567943441151,-2.125333715723601,4.413910438333828
-1.180411735438206,6.401633625901822,7.146410022750004,-2.190687098938681,-1.7892810495538904,1.8905220534663643,-2.514284744459208,1.1476864773465405,-0.9764759159788328,0.9204904995646895
-1.06627544052449,5.2449871844133815,5.649346013525074,-1.102963414852251,-2.5728528575255964,1.1171820052519208,-3.995393478191055,1.9441214020315132,-2.284175007977564,3.119558744167288
-1.7572802961963303,5.606216278380337,6.20026228403433,0.316970688745216,-3.8294968793698017,1.0524445154795488,-4.5122489379673105,1.1110724112035428,-5.260585581771217,4.924032702202035
-3.070686667585621,6.005412369018608,6.126673772171552,2.3193445528051835,-2.8953734558778357,-0.09629089283465612,-3.6464593190420977,2.4746691136960743,-1.227857188314962,1.6776143534957104
-2.134905215497475,5.095612472003176,5.238282962414717,1.7424004599984426,-3.692448450968295,0.5291665751415638,-4.783339163369716,4.06207008673454,-2.4859660729343194,3.8647969577589025
-1.9949305091362206,5.351675852621123,6.709313198462902,-1.4571112494673477,-1.928524148968978,2.9174332520263935,-3.114033669380064,3.3924370563896438,-3.574708345594839,8.48781758566859
-1.842321660244644,4.26723752352989,6.896695094827752,-2.6419610527085315,-1.5740423087218252,4.029768861055909,-4.534745990325299,1.6349981262665296,-3.568465725667961,5.348412621845776
-1.0377123343125743,4.828254221269609,4.216368347570006,-0.3580288544620689,-2.7227150907450355,3.3052889581075684,-2.206404505539111,2.328644885624644,-4.40377481447114,3.6083283510655537
-1.8571363390795808,5.184764690860511,8.149040658152595,-1.5176873626016514,-2.2589726877232787,1.9583882317051589,-1.5311820225051394,1.4531278683413498,-1.1489242188597468,5.45954377685449
-2.774216237493365,4.487166801068967,4.691476540988023,0.428474024552602,-1.7702613034297046,1.5236030335258126,-1.9479008331251546,2.487799520068657,1.2354362376970756,7.727799715614866
-1.4618950397308519,5.370611684648435,8.959429626627488,-3.0397151126620883,-1.1010131337489348,4.00075337246337,-5.046708947470237,0.1301985403009906,-0.888462141227464,6.715856047473561
-2.135988678023159,6.082637569401668,4.735134386570647,0.7960760659520674,-2.3142698622222566,1.7016098765945173,-3.135687830495886,1.8036160338731413,-0.26728162502866204,7.608144234515312
-3.573375233977947,5.996709853453657,7.26837916941733,-2.2257509451777273,-1.6699671604025503,3.7975799903754486,-2.5552842207031343,-0.17056683887005827,0.7360687292792063,10.707293221386745
-3.9856094625761704,7.598707414051476,8.33690488218946,-3.601650598333047,-3.3937120635647013,4.012565262063141,-3.7425004733413783,1.3283115920369606,0.9976401156372231,9.806189938995935
-3.365556500845712,4.633195329363981,5.870970144833492,-0.15907793937746872,-4.1011131542312524,4.35501433232239,-3.2723794187952886,1.9569076103908638,1.7226443881123927,8.562078272364209
-0.8243983645145415,5.132147431904804,7.186826756329231,-3.987970695733868,-3.0959408358905307,3.5390064954439215,-4.353376603885976,1.8224293993163327,1.2710199287743398,10.482790371041526
-4.6349935420631905,4.784174641125864,7.85827532249026,-5.073361677341961,-1.3010808068689268,3.19744516740512,-5.812333441125607,-2.00497763416887,1.9303469106393352,8.866729353061915
-3.4149134497842066,4.965489648342332,6.6157038065938725,-1.8981067957719902,-2.3746484070204517,2.2960598498644287,-3.752306045530073,0.6471251275623311,1.5912856548485002,8.108441720439957
-3.7313368045272557,4.07720729716606,8.236602320613812,-1.1124630048660702,-1.132062696768383,2.5628265287807435,-4.434341154922529,2.201886127980437,0.7702380516748862,8.301646609086365
-0.7119929799294615,5.5974874831013155,9.87904194729603,-3.95571385938545,-0.2596381892369428,5.08381271197197,-4.262744286934632,1.7515428122447796,-0.2481286199500314,9.53282189442479
-2.55805712842589,4.738630868006326,8.7990956920077,-2.7928941684810162,-0.6318012293283478,4.080709555886105,-2.625365123155263,3.7064161953899664,-0.9014285076790896,8.86420860801648
-1.3319360314188582,6.230159714193099,3.842788067335311,-2.834334051252778,-1.3411980075226042,2.0489801376986985,-2.057069758396629,1.3240961481862834,-0.08333972377045219,7.551853912779364
0.27668546137536304,3.8051466666389713,5.569624587412296,-3.236257759013321,-0.6022221926349267,2.150038912919763,-3.1658890579219805,1.9361034649822455,2.17167339838668,7.67787410209248
-0.3387662212825032,5.776296009860816,8.772870187062566,-3.894947585429266,-1.4130982710956443,1.6427658429328336,-3.0844814846047544,3.696043617788377,0.49378863880460316,8.387089773580529
-1.3107872274333232,4.869810495708575,8.383774484126965,-2.353317081833391,-0.8226912153315783,1.7733306471666719,-3.1903034312218677,4.9377073287760584,1.695309890006601,8.427778363864148
1.3016645213670395,4.70409430724205,7.934126803578549,-0.7527023458880502,-2.971030697289991,1.2299537137092915,-3.5598588001378113,4.745275231289424,0.8406440025962794,7.988506780891424
1.1955249778441894,5.459579027569768,8.368143086296623,-2.6375478268068147,-0.3986921517614382,1.3288314705250073,-1.8059807794124214,4.877095391225521,0.9164296975542083,8.936083200437563
1.4627509997666257,4.156157169949779,9.563709412970386,-1.4687116298125156,-0.51471801437873,-0.49942448425767394,-4.463681136920873,3.6737841041574955,0.12646150873666584,9.23783042494756
2.3138752284896293,2.900708374289941,8.086462188167935,-0.44126942846664047,0.7612375776367201,2.498808477488406,-3.664636877136492,5.613684219654088,-1.1735744604628942,6.664509603013137
3.4680344424454703,3.896650637118493,7.397278928572636,-0.57289773156422,0.10711737544247374,-1.600458249179728,-3.3153302328922236,3.0567153205029736,-2.4000854963010636,6.739396599822915
4.583057055243052,4.202129710459049,7.9038650613898955,-0.6255526841547973,2.064810093119951,-0.37125399416825916,-4.793337609461899,5.080545915237504,0.3061573650671038,3.0430009274928165
2.648751105434412,2.6472887833732917,9.871069359049285,-2.3099169985269,2.107744977188594,-0.4280283500673462,-2.7509446574758387,4.020423670006236,0.14027074167614895,3.7863471255234438
1.2265520127215739,2.8039630383272662,8.997827524955703,-0.6043006917812603,2.8629017896762954,-3.5766104959826577,-2.7729856286355954,4.356837330224748,-0.36435372045123937,4.675284961452166
2.0088410232153446,0.8481749396810736,9.82288099493935,-0.7172254272413299,3.4755123128651877,-0.7503639783784174,-0.9632717565498181,4.254221073246484,-0.8312983238170293,4.1147237990792025
1.5019084199555823,3.0387791705490126,8.115123824510107,0.45916306116306405,1.032478719176116,-1.6101314200172694,-1.4197126157157405,2.9531426412289075,-1.5898068356749229,4.952049779596475
1.814983121688719,2.658910485704026,9.206859686243838,-1.8303597297672691,2.1518964427850857,-1.8320564023898087,-2.1348233574207613,4.177530732683242,-2.414556897554168,3.9649953956037636
2.2985556680497643,3.926574468629528,7.571669489888804,-0.4951229416487412,0.93020681082899,0.2633380414265972,-2.252261299313191,3.6061106437677024,-0.05016100696831366,2.079636501944093
0.47941075028036334,1.4261135453551703,7.40539634763939,-0.9995475178953049,1.1902569430052043,-1.4109160830795215,-3.519881504655302,3.4894830138518715,-4.968974351350553,2.457121029531531
1.2186967135773976,-0.19578965457700045,9.627936246151117,-0.6333585413173815,1.815231913544256,0.4715114866237472,-3.3692315389770315,2.921809070414525,-4.0314757371458,5.1712482664106085
2.9050934258468586,1.133704527475991,9.410330254160213,-0.16373097955387012,2.4869469880666264,-0.8233846799586086,-5.319367525622711,6.496098146199436,-0.13355226893643837,2.9072429863264437
0.5897865186406842,-0.8196252449178285,9.709731241886892,0.5391321047081605,0.6722858255825729,1.5733538248689114,-5.3228930096621765,2.354991891735415,-2.1393447055922605,1.8206614038746611
1.5920747659288292,1.4507739189251503,11.638294870353064,-2.429628696554754,0.7368321025602916,0.2046829155948808,-4.343333386972703,1.775824341535646,-3.9570060879474793,2.9017773046280144
1.1451690163511932,1.3850906538051018,9.751066203920777,-2.704453159621388,2.1171726126372317,2.1998961796564873,-1.5889373545446908,2.1828315934802474,-0.601066032414764,0.013568084756655061
4.3342596567538845,3.547676488595583,10.192098323498376,-1.8424987265172348,0.9715980850914607,0.07801659031531759,-3.316404571003692,0.8744917135599289,0.42841373067675265,0.21141505878327527
2.605151799971209,4.419971261401196,8.379548752106095,-2.5722323816350254,0.3126316275582351,0.6202734964645783,-1.2385459131869057,2.056478193724625,-0.2912874041469203,0.9049772075762307
2.592565773858524,4.285001176005711,9.139798952491635,-0.6718074125628726,-1.4019984101426155,1.1121792372434585,-0.7330694252462902,1.7014212829229407,-0.7886212947161675,0.8167294622795093
3.8804759896927727,4.1809107032113655,8.032412664247442,-3.0756202902179512,-0.4327065592828954,-0.6568736785967573,-1.2475770510409343,1.831257511281651,-2.4850907995305627,2.72988711856734
1.874835474880062,4.199234684230771,12.700362928443994,-2.3073648840762426,-0.8275260472499905,-2.83155135984059,-0.9308452553303788,2.6389455866982923,-1.5842094030539493,2.05807590937222
1.8213388062364886,3.5886452606922044,8.80316989407372,-1.9406652012476049,-0.9723275503036839,-3.8189293329604657,-1.296796461422014,1.0470579717838824,0.3371690355360861,-0.5858790265584972
0.8702344529436101,4.223413386604217,7.524412179827207,-2.7280519902063167,0.5987602399337396,-2.2649948835585296,-0.7028206311129429,1.239909971117131,0.06467600107596254,0.5424459996047326
0.5241332099144556,3.510205257476964,9.066608634873413,-1.2158218924509625,0.9340782644117123,-1.5993203016270068,-1.6120388231383491,1.8026735340864801,1.0328977660568035,0.9886559537919213
0.3502080365537722,2.033326718472329,7.938810263468719,-1.939016336616307,-0.7378713116765215,-4.221102933776056,-1.6133767143688362,1.5649416485106582,4.069341134349375,0.57105087136573
0.12607253027548998,4.178431569575723,8.925715034023904,-4.1937060217004545,0.13292284078408076,-6.088871299266433,0.3145957479538018,2.9941065718213564,4.625866883248108,0.5614722315007572
1.3516308028829123,4.016405161612214,8.38538616032453,-0.1592975574115594,0.19753238032362452,-4.415716205933927,1.0032222944286138,1.7400074092379891,1.7256603697388455,2.204309006279525
1.4931524325667451,5.507185367457778,7.431246102796514,-2.3898151616757457,-0.8853434042500007,-4.495793458284176,2.000579715624128,2.6710263765288467,2.533460294328045,1.5175986542997881
1.3671281239979733,5.387203311971465,9.957473288091306,-1.113992837908955,-0.23501998525134554,-5.795615454080217,1.8138366435910462,0.9903599194116184,1.732002781013538,0.3359373215098352
1.217244776065117,4.4926883626621015,11.144018109286748,-2.1404823313585952,1.1929400797460092,-3.3246608718759836,1.865135594066433,3.1641734925755363,0.38138114174134524,1.2703200237075989
1.135277822896913,5.1662323168732245,7.2171660379569476,-0.7138641669540753,-0.06421004569819984,-5.177185890099062,1.678131129875162,4.246661529626752,1.4349918386928135,1.2941528172210994
2.6255579965911457,4.1834259670922425,9.055727635922285,0.4507191890326565,-0.614085728364039,-4.190127955191733,1.82159537409317,3.733129391484624,3.6055155614947236,1.3606901552252941
0.762240664944124,5.4152546471922705,6.3131897432719795,1.0657298160724618,0.7036587285817377,-4.086414048633537,1.5696599148758943,1.7431705534734656,1.3969338121731374,0.6326816013350746
2.5339876063926776,7.278788755597567,9.62358756240096,1.281769511730788,-1.6722106241520418,-5.235911169947343,1.808766378401724,5.568346686967858,4.634742393905969,2.1550272155647496
0.8992651310291222,6.438179488046512,11.720050291705753,2.699241824985275,-1.030401259535818,-3.4986287256783974,3.4371058341592438,6.873896597943682,4.38928104412545,2.756957679087344
-0.23846670559637514,7.081233463428109,8.7920021986907,0.06543219706863412,-0.6895059418904013,-4.227366242928911,1.8553391132348651,3.5134351036480265,3.1232784000541987,3.774107160395477
0.677269925423199,5.4851711104478005,8.077275839457503,-0.4344592607655935,1.3714307235792556,-6.179800193746866,2.392444294928181,5.311112209494386,4.772400043864281,3.969725069392621
1.591890133604701,8.087271126950894,8.044285946629746,1.1066293443335111,-0.874702681310098,-2.9299955416226213,2.070564340023053,4.714576899061901,3.8655017851834885,4.049525694063502
0.8687120860543615,6.900438866842527,9.071159484403417,1.597130608903466,-1.833587454940496,-5.52609145403111,0.3003595889965628,5.248758659059012,2.8169567503349553,3.678378305396673
1.9045246596468786,4.448842118973262,8.327921917824805,-1.030056724876483,0.036893862392691025,-6.445994708243574,0.026721476155626873,4.795660804768903,2.9621061798231603,1.8739554794082094
0.6837963757932226,5.972667387993612,7.561298714578986,-1.3219744219427616,0.542087616961692,-6.65227743079082,2.996731794725113,4.769640035924216,2.917625841976689,0.16057319999824
-0.8961520961515674,4.4628805698205305,8.765220962530375,-0.6906455358189398,1.2211714869144985,-6.794640987906249,2.444616152827983,4.2996967156606605,-0.10016576212109753,4.158138594059352
-1.9610072994195635,3.121434252674352,8.465193519221128,-1.6527163208193438,-1.5790486689467895,-6.49562201809518,-0.13762076818975424,5.607556688541393,1.0138146863389976,3.194828945323532
-1.4089260924594746,3.647877961382182,11.36333489069992,-0.11754795556754496,-0.8404774004650161,-5.898260425154551,1.7269946675940395,3.81174383398703,0.8883487787186746,2.642409989368451
-0.36052377067640823,3.005845916527706,10.240947357304174,-3.502750466474008,-0.34923361410244824,-6.226417190558449,1.8941700671611155,4.350933513489233,2.5532804717033737,2.5092215762070733
-1.1991919143467558,5.113352023676948,8.773335552318535,-1.5888531049038133,-1.8018713846065493,-3.5154249617875135,0.5634255415238519,5.5011081987977875,2.489665052898728,0.421033287482452
0.4060898069711793,6.4678639606355866,9.382798937487141,-2.650092532302893,-2.048468787679426,-1.6540613702580704,0.06344498817689279,3.8454440235301424,3.4313927233495347,-0.16677301845804285
1.7652423027924835,6.0603337719264605,10.01542393962724,-2.461093968768428,-0.6278527805799863,-3.1736028457126872,1.7159689607018007,3.38320813675869,1.1940158524146367,0.8417017764372803
3.050077518082448,5.048987487891407,10.623281781173588,-2.673479623148113,0.30231216132823474,-2.836724346612534,0.26706519349906976,5.674258342885576,2.959333502337671,-1.1427042024384648
1.618264465369416,4.86863002291475,10.608174104296538,-2.749415799458682,0.10428848218672483,-1.6069917891778047,0.31099225244830386,5.714217351323355,0.8476118154463147,-0.8270180212963902
2.002602895830209,3.6206787010752044,6.302369498049351,0.8152438060413177,-0.5650932551328857,-7.097747619569898,0.9355684593497862,1.9277829735455871,2.4534541602794095,-4.0011297134022685
2.245367981188238,5.8145805635705905,7.06146127622188,-1.3808972380795415,1.927795196827199,-6.047509574354052,1.9917175946861059,1.313782636040802,3.1761950310029676,-2.121480390104883
3.8036872795293384,4.9926184948266386,4.559150926420035,-1.422201880728833,1.15383111283225,-5.542945214638644,3.243812292410716,-1.0913441279749638,6.334744249509694,-5.516212613217291
1.3083996652713232,3.5327274759561997,6.273952071684617,-2.040305790025061,1.5232615107040421,-4.929161959159518,2.611276642906197,3.3248000604354115,4.070403479992259,-1.6127701348172978
-0.8333751835489174,4.901897294593776,6.423660572585447,-1.785449766804191,0.11569119695622046,-5.895164036646618,2.151291826991426,3.0058856716519604,2.5741232407986807,0.39281059670139606
1.409331593365311,3.9658873008644706,6.0652499667417095,-1.6154472854135224,2.8190748511778754,-5.84391027233989,3.5696068944422623,1.2060695124492702,2.5949291055750123,-0.4603611206398056
0.659855561365095,3.3556577485863985,6.2786206340272,-4.883500865962906,0.5596302408895433,-4.524897012248889,1.675412665219968,2.7689014106765972,1.9840924505591535,-0.38732906773470094
1.1486775871021302,1.8485374505189485,6.2293826543742155,-1.8503204158982516,0.5446318111116817,-3.3544813530642026,2.1683105733586467,0.692854247851165,3.246607668722523,-5.376970370348052
0.29211483502852686,4.286647398241766,3.006536398680241,-4.22630976982304,1.8509382532986192,-6.078307060555735,2.6272587740128897,1.3794022236080732,3.3209407386683267,-2.957643122580325
-0.03698799764658526,5.665317600885096,4.184146175829362,-2.7167360416555897,1.6940160467689376,-5.036049227255287,1.6228756235497657,3.098852387422401,1.99910424164881,-5.0338853116928135
0.06049405807231124,3.4629721227420025,6.650859168613996,-0.7091263322967994,-0.5817270533661651,-5.159434353410497,2.1912904887515188,1.585752429053459,3.7856390523669914,0.9052613010290249
2.166486612728294,6.4105314985208,5.998803629730536,-2.9104777215694027,-0.30288995704091426,-7.4469071042187105,1.049091082021177,0.6861256997485728,2.0443055124371674,-4.002668889571235
1.9709559309233287,4.591433772387686,6.449667286951631,-1.695759948861456,0.9692919771108961,-6.587242290645026,2.310702667452816,1.9099635583363916,4.60287811826942,-5.51071961049372
1.7731551575105122,4.820722602595341,7.663295850728849,-4.82654859821044,0.7742566266074827,-6.5324496292349306,2.319607047202338,2.1905406221519246,3.3240285426509666,-3.462256776101985
1.5640469298078161,5.215544223735348,9.267158726561272,-4.151820395679319,1.4455236563741845,-5.801137751833907,1.8942241975365273,4.866169081323513,4.339367365876929,-2.550754918242984
1.1271346524874595,5.281868100373538,9.569919094191528,-5.518194767777643,1.8306771238420025,-6.622882616933055,-0.2707006222294087,4.267868382811555,3.3942643290103995,-2.132920751910566
0.9677789200853957,4.855966347179281,8.11068670451893,-4.774784953031588,1.544487160784322,-7.025949855168475,1.451480161360373,0.3896791525373929,1.2913528824194334,-0.7665791041148398
2.110640704439743,4.6994458130879755,7.779694223521116,-3.2170922234152304,0.9020123139494794,-5.5781435991222725,0.15711759887336152,3.5250224376280226,3.560970266290465,-3.6140569957273048
0.34594674805978287,4.82067614993653,7.286182763254723,-4.167990458615234,0.44157419229233846,-4.953980249208476,0.28078176294243845,3.4668979690509425,3.6110186443583974,-3.6436382454903375
-1.317739246318089,3.9361712820514185,7.602511284291506,-4.566715452531218,0.8219574747758311,-4.046671900060611,1.3374580235991842,4.348225237950331,3.761226885815522,-1.4024924148699516
-1.2363983263089915,2.700238090573022,8.872567586546037,-2.8673668905807084,-0.42947705371905187,-5.497277414120297,2.6248649465462455,3.3075234499844677,2.1463841738863945,-2.913794898339863
0.4870160787051513,4.89612485948213,7.486855873604489,-3.7167092467779512,-0.9043566434249477,-5.275203040360502,2.965714771770071,1.4404311434231685,2.1251889060483546,-1.258155154335568
-0.7614105309922932,5.265424382093515,8.199312407872885,-4.554734259549295,0.7880997194534866,-2.703626943571709,1.1300133400017778,3.1910690401815205,-0.06628787380328567,-0.6559020667170562
-1.1144759463001104,4.273518650410936,7.469360809053344,-3.6977134134009297,0.988981906330679,-2.453504804810531,2.2708257356494754,3.325543756575189,2.0215094926405293,-1.2482939250866132
0.6456756301002895,4.299830580597299,7.555262487715134,-3.409674614823601,-0.5043047762257374,-6.604982870487351,-0.2354535212734035,3.709287794228238,2.408051919254156,-0.4638218842063474
-0.05828928405915293,3.289633489784342,9.049095357246145,-3.282818892122881,0.5801129181414526,-6.98351704282875,0.5976566064647499,3.426903422939737,4.373631749501652,0.8857449944095374
-0.052772112071268265,5.652759874066762,7.443151135031307,-4.332214226327759,0.3063808288336815,-7.821560934666947,0.45900006579426644,1.9062732501614525,2.3784118578819013,-2.0775445200395857
3.6660472314079673,3.3867500159458723,7.6014888949912445,-2.681748761985633,0.4037240920729168,-7.317907449682675,0.42961613090570305,0.844344159347645,2.0636515578615393,-2.942983155074125
0.4630255341145261,3.7794858405235834,4.97283603174319,-3.396946229382413,0.4489840359439516,-7.490245786100968,0.500324636991796,1.8185813503644683,2.1498803305410146,-6.074828569259265
1.7579123296942152,4.280723149628957,4.37421016811442,-2.0560754794471716,0.02434664220807436,-5.6369195962182905,-0.12729309352612134,0.6196641503587582,1.7241176276084125,-4.941290161089248
1.5340109975952037,3.7675592996785996,5.264001693520087,-1.9437347457844927,0.3376417429978823,-6.8771734598240695,-1.914760635511732,0.36306500735354624,2.2489904214171714,-3.976633529487241
3.4018378775876714,3.5444340710084985,4.160982815097757,-3.0881548393014273,0.5875710395733846,-6.77443321118606,0.7223669755710185,-0.9665358906067548,3.081377289537262,-3.923959608017109
2.5733549953335433,5.212006584555902,2.521209440967893,-3.3183084395773608,0.339089685390967,-6.671538979011341,0.0337899938104257,1.86242689568295,3.6334235051600436,-2.8066574455462567
1.6313969810105438,4.182557686250475,2.455234810893751,-3.2279980548822307,0.64513771169254,-8.372644262838977,-0.8794142917533168,4.179988611463843,4.709009577318797,-5.5104859700915005
2.6643530228060284,2.3456009933631288,3.2700544711079425,-0.5533719092987043,0.28815148984356687,-7.850206031794154,-0.2848621449994446,4.534524435427408,1.3194320171733098,-6.944826298521465
2.6065596772419206,4.59404562971161,3.2961323344581275,-1.2362850025770675,-1.1544464536531305,-5.410618826517501,-0.2835335797695581,1.900667793529481,4.029311277912325,-4.459643908804914
2.166726508839978,3.3076394786163608,4.293972631425351,-2.1288942222893077,-1.1290922855625003,-3.0609019072974664,-0.7955578912262349,2.8712173619627874,1.8901374326371525,-2.868422465644323
2.506867852710635,5.074936796254594,5.122491619946002,-1.8641442468909837,-0.25010075128597314,-5.199764766878051,-0.12165158019961192,1.9507916687248588,2.7084096202749044,-4.549704322052311
3.5715285300349784,4.564051886774636,4.201485789712063,0.2936393029554926,-1.3667135430039459,-7.636611872807897,-0.3004324383473003,3.530337351144747,3.212815042326144,-3.862720245644318
2.6634577643465027,5.509941157745054,3.531412186123679,-2.009428859132778,-0.2699657557758139,-5.931856650340938,-1.0200970985960338,5.257760233815286,1.7210156228900462,-4.452202010442018
2.921751855961263,3.9652563037637134,4.381760573040554,-0.9338350351002782,-1.132612676003654,-7.326708692737924,-1.0674546002496952,4.391808847480033,2.436376601899666,-5.988622125170404
1.3516698549535955,3.6998249389028826,6.197093569520164,-1.2603781278556108,-0.8785746050961805,-6.151421595248789,-0.4659620356101247,3.0156026950999584,-1.3551317394420253,-5.213093815173936
0.6316650837856915,4.191125634720909,6.05818799421912,-2.4011570244459777,-0.39596391537887876,-7.520801874263221,-2.184224938107585,6.419942221664877,2.7844393258269773,-0.9168668253131463
-0.06510954258402966,2.790861189416981,6.402990904232939,-3.8291474419945106,-0.14453928787770298,-5.147448889920403,-0.7694380516931504,4.772128353470657,3.022444887815013,-2.916517509531022
1.5318448461762393,3.8408024358965682,5.629079631929655,-2.9352296444893224,0.47634329174726353,-5.530745861777795,-1.884174731380539,0.5835037708509426,1.2676710231151815,-3.247554243969564
1.590132027017083,3.536198297842653,3.2258695962631467,-3.227093555229147,0.794524262114033,-4.545083914950828,1.4432428756485922,5.35545674711109,2.0474591216289486,-3.1467828673728486
0.8561202039240398,4.425415835790104,3.3822432176580493,0.16119207679346348,-0.9537431509021643,-4.553828837363716,-1.9683524014370994,3.94229363545011,-0.05111273886746093,-3.625807473871226
0.5920215252385362,4.026665580793596,1.3234193644013945,-2.8333547239977444,-1.2641801751544623,-5.012686189869673,-1.0820905360729964,3.0959226915277407,-0.49573842172000726,-3.4516513869143894
1.1190584275191593,4.5737590519241715,3.78604922293639,-0.8029438745897401,-0.23156813470653617,-5.875998162785465,0.7466942837204746,3.963862699006314,1.6391835191074677,-4.8044540801838505
1.1126826767339708,5.208064798175089,3.3896596522760714,-4.19512069994173,-0.6923010672706468,-5.483455871373449,3.285209477429137,4.327449394715581,0.6599958512886428,-3.734991988015387
0.3748245209856817,3.829662987400359,4.7760094964951145,-0.9582394795059558,0.46735182742071496,-3.643075916960359,-1.003172637020185,4.365871237608106,1.6174022607664489,-5.610415202850566
1.316025943394053,2.713964686464929,5.889508540135726,0.4202617509258586,0.21157541924175582,-5.177079500848982,1.0408334327578543,3.298182658515654,2.0236961815966743,-3.85350672879401
1.9950856076255536,3.1253524150132943,4.139077388527869,-2.7156118920550774,0.051828211536843076,-4.722759203953653,1.6734651633632365,3.741477484526766,3.660778155794532,-5.8091007803921055
1.5367917249177359,2.721709949881279,5.014340779316145,-2.0156604717979145,1.9866509050596937,-4.487107969430228,0.9907224157288878,3.433588225473361,1.8330371098096305,-2.4857202713435473
2.627955963677286,3.0347406953825087,2.3487192293797223,-1.9786655911883515,1.7152448265982172,-2.6706290090081053,2.337625848052575,-0.09801082323995915,-1.7913863607333604,-2.4556745515590763
2.180935858502731,3.74891124966204,4.063820774460237,-1.1946953756848508,2.11655431825285,-5.323025102470246,1.6588886114242976,-0.3723482324100478,-0.018411079162584203,-4.365673510641183
2.6652738849675464,3.153357380321816,1.5004870726093458,-0.43060298586889856,1.1959004103395203,-3.5398511397488215,1.290888185666484,0.3839131064371553,-0.19958650677332324,-2.400057477786196
1.2540490825317903,4.124852826217354,3.5769195038665598,-0.5762223156933798,0.02297222430799017,-3.306373346978018,2.107966348545306,0.7551830151032974,1.3146446468389217,-4.245182805435739
1.0821798792408701,3.6832099546287784,5.263365148957628,-0.9459590582600451,-1.8127979045739517,-2.6403079737237163,1.7954039400569708,2.165331736943522,-0.8424415245823251,-2.0762821529927113
2.7661351851750524,3.7357998493214426,4.215682769779796,-0.8419225542283398,2.6265443388414105,-3.3524155517932646,1.1531133330074965,1.822849716679984,1.1662678624301237,-2.1561510461244904
4.962890337914356,4.216037475023212,4.2778998473599845,-0.7775372449017545,0.6160343996768934,-4.344281462526256,1.4194025259661227,-1.3712288566572868,-2.29189494233623,-3.6749405889048106
2.3130309681042145,3.3441405252758583,4.857246852576665,-0.31534388559644044,0.7141151103985418,-3.8558113640925904,2.2878365881800984,-0.29720972792204126,1.1263288005605547,-2.6448893776062685
1.9640490106601582,5.126708456327511,3.126988959126028,-0.08065714870233813,0.6396234024341401,-3.873195832534206,3.2413552334928695,-1.5484829736153678,3.139151387218285,-4.767339581862307
3.1858097296028545,4.131106443463034,5.2895782873380615,-1.1099061087101725,0.7648046408683015,-3.522174758418614,2.631534527617314,-0.89427439558032,3.6013672405111143,-1.7252034870429673
2.902687612754482,3.280750594334663,4.2626880200904385,0.8168836173748294,0.10404920326473402,-4.652941638167806,1.5132153525273018,-2.6986509806852412,1.2082957619189179,-2.7133576075385832
5.291575196410406,1.7482962514653977,2.12429478448496,-0.5397163212132935,2.2696346672519336,-4.278809277177361,2.1556505385978713,0.2877399452664997,-0.7356089872395211,-3.218713499852581
7.218684537187234,1.2680430831621388,1.5461283195534847,-0.45539373053120547,3.4000321231090305,-4.378750371481232,3.403193214563196,-2.054876179997589,-2.3849746239742493,-3.7164126099698094
6.473670351400362,1.7464411089745937,4.729990928681336,-2.3401648199889697,4.398682139087535,-4.60853696135327,2.619191506340815,0.7999095898034286,-0.8060943033701012,-1.1379986367377786
7.606708228177044,1.98714130306456,3.253845619626251,-1.4728663059479112,3.3366224953833434,0.08610696937081944,0.8867263052085065,-8.623250023573927,1.0900875797778133,-2.149942116241715
8.563124757329714,0.7108958206238098,2.7500150892272197,-1.5377671882149178,3.4726969253104167,0.9474682766002227,3.6389121046803505,-3.3192288447627307,-3.0913280316529326,-3.2879434606274014
7.905716496438511,-0.1419820470719275,1.6084605834716523,-1.7428870219446895,2.646358862762937,-0.08363424804509127,3.172584258712067,-2.0682766748056065,-1.5283138564355185,-0.7658125086974192
8.804135592594188,1.4171867672367022,2.386412122442324,-2.0247545496307002,4.8557862169886254,-1.200223220617364,3.4229646355583037,-3.4094108836721215,-3.144301330520476,0.09641445354009112
7.7137523927718235,0.7219303231621652,2.023765301243825,-2.0862108461405873,1.1131902890929728,-2.475743700200084,3.444098959375718,-3.1989513987266065,-1.764696928468264,2.9606983082109046
9.835922853204929,2.3440615505407054,4.308361365996329,-1.9552949122615342,-0.47467042945690274,1.2626132532325696,3.9028392991742167,-4.040264786291733,-2.064765398909056,0.6794108559408125
9.325576380188803,0.5954247746586235,1.9522705505255467,2.2742571636444358,1.465442457716909,3.1657172032417065,3.7682165256661015,-4.319688573963098,-2.0016650774067504,0.13524291557880858
8.235300157504184,1.515458792330702,1.8803361895591804,1.7272669310011457,2.587783105615016,-0.6235456241226285,5.042164406393447,-4.95494984494345,-2.4301818227195278,-0.2877266333488112
10.017156159600987,2.481098624782364,1.277400495762988,2.376637142954226,1.9175779607097592,0.40150506635704775,4.573586667455147,-5.324584899421287,-4.278627722886315,3.3233623866990163
9.121858194821492,3.2199513229180066,1.5246306399107572,1.5274337168332515,2.518083869284299,1.3053161799217508,3.8886590529105205,-3.7099324075641142,-3.3624686654919542,1.0436695716506421
9.594128415703077,2.6003713068746217,0.4666823906777189,0.04421262642069187,1.1104629091244884,0.04901044064526708,4.30055485122277,-6.26269211656259,-4.742409385569751,1.379294001851339
10.195158051211239,1.8180414938798635,2.9598792660241937,2.417460619542714,0.6725239797286069,-0.2825030396871545,2.5807105769282255,-3.3084681723332183,-3.749290635145794,-0.45168297286802905
9.863388367192744,2.450410873087572,-0.9215652211352376,-0.22282323285788214,1.3813232628223024,-1.5303269861945323,4.45801388194261,-3.3634906669103506,-3.8730455060674167,2.585364146689831
9.42465819767568,2.292111663445426,1.4736777112482162,0.4384156747683506,2.3521291286273565,1.3795981764142586,3.6547168716287644,-3.4733224497537005,-4.035939728863459,0.2720880297651711
7.780493262442158,3.435267429241502,2.656237257291833,-1.0211230923863195,1.9413919367436654,-0.8091543011424717,5.036136574464454,-4.463751833231115,-0.5426498732117986,1.6801458671519485
7.712687081287145,1.1881323481738324,3.550407904964961,-0.8772156687183307,3.341942356708513,-1.4315323891685001,3.420391377877626,-5.037099558658992,-2.7907599409661863,-0.8666016904841823
7.958044355634285,1.6177110225434141,2.3784659220175506,-0.7316004946743344,2.582363169511435,-0.5238906816874721,3.1707979393160386,-3.669730856536708,-4.619007046304183,1.3301775824134898
10.05884244499524,0.19004211263947474,2.7541928095596386,-1.22047773491407,3.9756993606139925,0.13477228404357156,5.879776393462287,-3.019627030624217,-3.4584929971302634,-0.9391742865245306
9.28109492578079,0.38030850966118485,2.258279411636664,-0.5130153961857553,5.682717601216381,-0.5981557985792529,5.654673342029132,-3.533588897429486,-4.037010162634217,-0.09425639597122239
6.642429681058369,1.7606744520036264,1.2414508906315707,-2.026776807137329,2.7962910181829055,2.272734823518452,7.548000848605945,-0.9792005648726929,-3.3624699531547,3.2076374391717075
7.423824041562,2.130991505586996,2.0330696551057907,-1.869027252106181,2.3718533981525747,-1.2275069950571413,4.91196978342022,-3.6092884834381516,-2.158442735998712,0.24091111013457003
7.604977770543154,1.2747007813561864,2.6197606127780126,-0.9222434162971387,1.525648465463032,-0.1599273992641437,5.726395829261877,-1.8323656706571663,-4.792667842577075,0.7787848890760226
9.843684938328552,2.6881004476991617,4.872888254897481,-2.592417754256925,1.847636379643231,1.108581531232877,3.5780855227372066,-2.1463302056029563,-3.511885146122519,1.8068058406423708
10.952292010220011,0.46584658815865354,2.182291352280056,1.6046428903975465,3.641340260304926,-1.030517128270973,3.852108539155942,-4.993180152743323,-5.548137506237548,-1.5788366361852884
8.720238339997724,2.7975890221426356,2.57246010215382,-1.5246070435438503,3.5739883062682933,-0.3622491432224995,4.031205123973849,-1.0583661596193237,-4.185846680530894,3.614447123928868
8.810033031185752,0.6923134059464191,2.526104178798904,-1.1443210976063085,1.6824673596899504,0.9831045829585026,3.892308195316709,-2.7543272733838284,-4.186193890831121,0.7571036378076446
9.234528238950366,2.556121546192685,0.9189469713875831,-0.6401608984899364,2.494579913414911,-1.7671270847266116,4.4391808822495715,-2.3754172997122764,-3.258856766090358,-0.549536547316933
8.32496882973266,2.3072066702333944,2.2092702494267904,-1.5849841921328802,0.9814373966884651,-0.5904950218283425,4.793108990703101,-2.6738300725078656,-3.383146813061556,-0.7898126170528978
9.808252491108211,0.8548980586708526,2.1619807730536014,-0.9024689802652401,4.925418157561882,-1.635997950390163,3.5560321629579654,-3.437662243667449,-2.9589467307725057,-0.8392573538528845
11.061336681062404,1.2487233355230651,1.3580964338571524,-2.8047864581959994,3.0341096550395945,-2.3417484792333707,3.9682719659104078,-4.5880430979160005,-4.730905222738757,0.4583256877542926
9.087686109600119,3.018644637401117,1.674136907529189,-2.3085938867103324,4.95295187047361,-1.6865626901902184,4.001218452434733,-2.497569826244074,-2.6864172629215326,1.8639916191756765
8.886238107221951,2.711426696833784,1.6140538811790248,-1.7912049843380788,3.77939019790101,-1.5488464620069136,3.4950920796026637,-5.426200645912002,-3.8001682323338457,3.04623200527808
9.316935324865684,0.9832671564056746,0.8562643936357429,-2.583323913114383,3.6541899643147393,-2.440264227388969,6.507834168898526,-5.361387663941553,-3.727355450765103,3.9626658699910937
9.352442129896303,-0.7491681989013916,4.926575756900586,-2.9201000248913895,2.983987709982548,-0.24284459939089278,5.217270695174533,-3.155973321335942,-4.233300253983111,3.665990644103693
7.711709175971583,1.0672352416251794,1.9753819114372206,-1.3279205594052907,2.827953630479064,-1.4131839152664356,6.418583421632086,-5.992657718765281,-4.836022307165997,0.47278317980533763
10.70681581149677,2.17721043125887,1.394501343667069,1.5269826163222162,2.250555412269951,0.32927878052875414,7.8915916815936225,-5.7620795142116155,-2.2309839380935017,3.608216025673917
10.966354229744995,3.4662350033163256,0.3650836294187192,0.7452743027509713,2.442652914637371,-4.004335744002722,6.3254727384270515,-2.2160666741785815,-3.356485000172462,6.400774769892915
7.912316907318131,1.9771420454637951,-0.5406631771813366,3.477688943410115,3.0012136232873865,-3.076697850283123,6.602093149601644,-2.5119850124553476,-1.902069717178079,2.0763909425075693
9.168698626790588,1.1475394547334503,-0.6342589783866167,0.8756218568287383,2.5238978967821892,-2.6953881455922475,7.38176750615258,-3.344099598850365,-2.605860053208074,2.0452447590679905
10.845814260981223,1.762740183844161,-1.3008000041351548,0.24835905947223447,3.5237933119463527,-1.1764150852371251,6.291339578570445,-1.0950228389534964,-3.6263938663398827,0.026295972437787443
10.147431993695884,1.6894224783116754,-1.9371440505780022,2.4151368943533393,2.8948421614948168,-3.2066146838606358,4.837691800826186,-2.1407517343666056,-1.8681299741908208,0.7571924025451499
10.713245695598895,2.1448775005995624,-1.4119375238673133,2.317274506687195,2.988096478883064,-1.3214303495025639,2.2375210147010947,-3.9127799066344244,-4.95959626129396,-0.22916370558756963
9.792076575655246,1.7813531566266079,0.19021716695684415,-1.372484638532741,2.50278933362956,-0.287214690350794,1.390042024745257,-1.6329747488796136,-5.2082252807882305,-1.8645260862736337
9.06285396797667,1.541729604533499,1.6346211078300068,-2.1769643269639114,4.2638454704551805,-0.6463904851573892,1.812341244024372,-2.6565759104329474,-3.9389010546251684,1.3593819787929622
11.39052137312643,1.6781679622864163,-0.04590809772405705,1.373931185230215,1.5541855135001583,-1.3524761224630766,2.5750890958863524,-2.7230060781634426,-4.796958520076899,-0.2714432546446056
9.153904606701806,1.608589512570703,-0.3825635721408398,1.6274922237152265,1.1254021162549404,-1.803141329791503,4.1511926901459635,-1.9797076557440263,-1.9032809116204141,-0.6550592318925367
9.565129992022722,1.3732545621933607,0.9826428589501195,0.676521224977623,1.9675883552596174,-0.4381716416618135,3.4251441797851836,-3.2695576924311727,-2.3777442791529735,-0.921108870436956
8.32891026617605,0.5542341397762444,1.0720261490545775,-0.7185555961091576,-0.9092198325218258,-0.9012013448831191,5.3467387700343805,-2.5441408197794733,-2.1982573225920676,-0.9852328572432031
10.32460572248588,0.378825279404313,-1.4656389943850412,-1.0794814344313342,2.84871983837998,0.34379025542867014,3.0600630937245374,-1.4916999559264796,-4.338075562558593,-2.677791886742695
10.386971808488418,0.6361791021071909,1.5321839675239537,-0.50402679594124,5.126246561161181,-1.88354436017089,3.0047632594416718,0.033896684444649806,-1.8960838503445239,0.29632586968002067
11.230275936246604,2.188775273945963,2.0187848577909344,0.38175694829582746,2.8404682101871934,-0.7015719391207482,6.203126115871738,-1.319350902198201,-2.067681608128702,1.0559085405651918
10.506834483828024,1.4693650983276074,3.3080235630715245,0.028842454938351553,4.28800210980267,-0.2772253893523521,6.066262081772321,-1.2339751303026614,-3.809147592718035,1.1751209881302387
10.091571070398404,3.4059909313494727,0.2998654527557046,2.0848941130270577,1.6056964893714771,0.4741797521286319,4.716489900961991,-2.339306998959464,-3.183189571556198,1.1581869862661895
9.339509573238054,3.108111587426688,-0.1493132821198411,3.2836077125530285,2.253780296882979,2.465144538500236,5.7295578458548935,-3.4430048749119817,-3.212590788512822,-0.2033646234446376
10.28461288887128,3.0266605618030087,0.4451472124087152,0.6325641436035657,2.9923508606887665,0.7521217271534427,6.986792170926488,-1.810017484562679,-2.18894194058277,0.5495829124007067
11.052450611442609,3.557313801829178,0.23120276960579353,0.8862714146621322,3.6401781201989505,1.4577735749759908,3.3126812227453044,-2.514158553034033,-5.201900738098106,2.315910047205456
10.730001281673978,2.38186506371016,-0.9143711335106949,1.5107937769344002,2.6459424614764178,1.3613632751125673,4.746327619585332,-1.8852820137614852,-4.408345461109572,-0.7045307163406342
10.541793957685918,-0.4542665196842531,0.6075864744402902,0.4563698155068443,0.7159379631844675,0.7414637528037248,3.940621805673496,0.33600705386045454,-4.689467958543458,-0.39384248217590545
12.235587513996396,-0.09799014832940585,0.8325516423374204,-0.35211821248482267,2.273215604296742,-0.8970459900642854,0.9974214607108869,-1.4048254023603113,-2.8862633106406017,0.9955150703625505
10.810324610454671,0.40072294092563865,1.0113403860922763,2.9958823029454362,3.808036334347027,0.047706519093994745,7.269110890961456,-0.13478418202585787,-2.608667476140749,-0.819254947453602
11.00136230502453,2.8419348657963286,2.477940984353662,2.459512199881515,2.7142056941165453,0.7424237772444029,5.593307734340063,-0.7887614407598362,-2.9927303551197264,-1.263400354832147
10.697268462316785,0.13055442157340427,-0.0018098547401982365,1.897653081741581,4.372631889510752,1.4297058665553721,5.150292761068418,-2.3536815348778273,-3.2484991129132195,0.4850118293150976
11.491614843439592,1.9727719173472404,0.09831842032578571,0.4524015272016268,4.223324311699889,-0.6160345800527269,3.6569215318039046,-1.2544083662607817,-4.281493936434125,2.3892076795370008
11.748887796654001,1.3081365866928967,-1.1705901583911336,0.9098598088230893,2.5987518808352976,-0.6222522555869316,3.561430531288273,-0.837708791974618,-5.62248364151835,1.6876723553958706
9.743517461291065,1.4450646521236286,-0.23448067527411695,2.0162644709051163,4.977095792711342,1.6941830952248882,4.462046395585619,-1.8357154118304453,-3.3448411453362064,2.8153997809669358
11.588916507533,-0.3979246997326681,-0.5011375879168143,2.7856423071283563,5.802423044774208,-0.24913541486740431,4.1673061801661015,-0.27746162986596407,-4.0909002458643196,3.3125457808511136
10.354845184319815,-0.4786090687177806,0.9951935780454055,2.164033837264441,4.730647463803712,-0.04562989823859776,4.157269301723003,-2.56534105221356,-5.6872476611014555,3.812018523693459
8.800954519161342,0.3020122944847488,-0.7516282759679137,2.171207819070052,3.6849536252081765,-0.2287428428519319,4.568979275335795,-2.970967363597975,-4.119080244645243,2.276594164329883
10.617316417851677,2.4761480044055832,-3.277237847373144,3.3049321347029568,4.1308494847687305,-0.293914157053774,3.4479659856246294,-0.8754250034447423,-3.8703793439903627,0.6866012245920778
10.406055550449194,2.7824849007810806,-1.5874732229230222,3.289926334855848,3.5273061707565514,0.43052952786036575,3.7682175756972582,-1.0404311189095967,-2.4294771107166033,-0.24634861614389506
12.09231821472613,0.5403749449774505,-1.3472290032323329,1.6940245955783682,4.6823034223974425,0.15223492591341228,4.031283358643375,-1.660369129570323,-3.3583671989398423,-0.47960839773408487
10.580443443093145,2.651659381751185,-0.47637143918098596,4.2726535255416085,4.6989545350449875,-1.1403805152763842,2.1266122597215444,-1.1577641586540468,-3.2443404883342306,1.1917065692745539
11.815521298571008,2.2394806186875864,-2.0181686667884535,2.3317705316787753,3.219216528024821,1.549766586095613,2.916846530302408,-1.1088982343009899,-4.081338978444098,1.068860640734629
12.917888887337275,2.171904961614611,0.3265285594237338,0.4357450659712242,4.4223496128269595,-0.593327528412418,1.4133188028288082,-2.377624472319434,-5.923262156990769,1.567054939623062
11.276756288548922,2.3808871070650155,-1.3366779974697858,0.7252326933965583,2.7241764646991915,-1.7649329201578208,1.543927452092658,-0.9708194263996096,-6.173787461691647,0.33334415781330023
11.358473291466979,3.5474954695702685,-0.6187001974019759,4.964485426981006,1.7142257041624194,0.08693071022565507,3.442881589704966,-3.9428352480485644,-3.9005208138797847,4.795633680520897
11.567128002707022,3.2381563278089414,-0.0393034022431863,2.9620943489951337,1.699147696083917,1.3921943984845604,3.5445064724184814,-0.8796400371977472,-4.2247366586775446,1.9499670163514855
12.01425343992841,2.169388303410263,-2.766859138988013,4.901409136924413,1.6240100035918166,1.095206604021861,4.319071555415909,-2.40106774088215,-4.804856663768492,2.0742193813886405
12.801846523634088,2.31983471454474,-0.6832864761858897,6.2032807877030605,3.3652268611471037,-0.4187008606841455,4.38935646205818,-3.6888489147190096,-2.7981853988466665,0.2757973903684504
10.69244697744085,4.099799676750487,-2.0322451271489483,4.544256837203787,2.6505164263755914,-1.3084120474578713,1.9816037189711155,-2.651361324567458,-3.2446485401865,2.231938724649221
12.299284805594013,0.7695138303709269,-0.5776296752595275,4.809069498289262,2.7676500769854706,-1.3724013078829873,2.5587697676066083,-2.1303307793266257,-2.6615740698644936,3.3050463746101144
10.888189904994556,3.893087936655122,-1.0254601514545147,2.965598864195922,3.5742191542954016,-3.7723166940917316,3.3861299267596943,-0.41565144428411616,-2.87446822315399,4.408659194224014
11.132240346799577,3.962309610800952,-0.03965986518486588,3.4412685295390184,0.5138014202745866,0.6152857825551828,3.151059972750018,-0.9863546431580164,-3.3102373131621157,3.0730154511305825
12.96265094585836,2.453132150847952,0.9242673315168072,4.340423827936632,2.405860937571546,-1.9066633979599459,1.5674534717517479,-0.1306598660915373,-3.9504749393318517,4.6331094265928225
10.956397146641988,3.4423752998466632,2.726618393886487,3.768880385422558,4.666942020791458,-1.5326138103452716,-0.0609210267322192,-0.32157553662828214,-3.7575850695896644,3.6604889271543284
11.583926510863177,3.7338974782604337,0.9937918217088495,3.094463100236178,1.5291897114722088,-4.54361571694122,2.0505037752110433,-0.5549155848306093,-1.9872813577330597,3.725715084959171
11.19651049737794,0.5001158661329479,-0.055077961630063024,0.4531035376762408,1.5716410963911283,0.8256409002250745,2.1205629589997836,-2.2077215210876346,-1.4100571395003336,3.5177832113238643
8.12720962376538,3.888506572968379,-1.5234738009038409,-0.7893928282991847,2.357879467594426,0.8694704348777822,3.7423072082788944,-1.7560639531460651,-3.848856890197542,0.6655229116882793
10.435433859757829,3.486363686535696,-2.0684913215593337,0.7126477255826968,1.1596298102684883,0.7428210239116262,4.671139325403765,-2.443862322950082,-2.6648944844938867,1.323309320746661
8.76513248419107,-0.06769359624281014,1.6156016607803358,-1.5273562006981942,2.254646207128347,3.338317053974465,3.2712976800179057,-0.29535463997027,-1.6121201558392177,-0.49813359057014583
9.543832657443307,1.4271341738010572,1.3844230849056915,0.16946726720892752,-0.3327975939090047,0.46875465701741476,2.194965746939993,0.06996662906811808,-0.2228829361435807,-3.796472723193004
11.27231754358121,-1.2982727989936524,0.5279004269896508,2.9673029378180114,2.294955953376804,1.3838454087488234,3.8056170484389176,-2.253087211374878,-1.8733170928130694,-3.36836208598477
11.164038620204279,2.1736692861739493,-1.3097995953861585,2.9211484430470946,2.0961580754511036,1.5149464532018089,2.7350212738586994,-0.3575891971129618,-2.506648303406565,-1.6833047645669263
13.894564138370658,0.5215106325480705,0.2776071449076218,2.4140887950907,2.9428566047024347,0.6446084137058966,1.3379261416776194,-0.8420155941402343,-2.928686657127473,-1.7674527782031486
12.32577385013976,1.7359332889746217,-2.673122920540353,1.4236111735451524,3.8163694843724616,-0.5840138393365369,1.4043763236048772,-1.6105668042903571,-0.058725809101169965,-0.21717861403170993
12.275751331261697,0.3094819404653166,-2.80562221842797,1.9596352485262785,3.5265469829768463,0.8635849527008402,2.8850141281087325,0.6977703996996231,-2.6490835808101396,-2.589208956527627
12.20235450719926,0.8021142520500103,-3.27134007608269,3.7794858611512807,2.262832812379351,-1.7959904299073182,1.5797812551124542,0.8544634714613365,-1.3943685395797194,-0.8038549773395908
12.195573993150102,0.9318208043891892,-1.6839736847976785,1.9417100029209848,3.0002553101934963,1.7989544824427555,3.434105449100605,0.7284782956165391,-0.174014055364529,0.5667284606570258
12.080358622549461,-0.7083509772967691,-3.4618822593757743,4.809783301167511,4.22653875787344,1.8989127562898387,5.114200824396295,-0.21129205781779165,0.5045538770015039,-0.3493810862156732
10.92059403931928,-0.07524710867279771,-3.931885187907467,0.08119229067424275,2.0311947561345636,-0.20271438943710646,3.4245624083316084,-3.46693583182603,-0.7639429542126218,2.359277362515037
13.097412939165793,-1.1124064631933426,-4.871191689876523,2.3812057789488255,4.247436905931324,-0.7614118177279069,4.269865450332556,-0.36269480482833905,-0.0004099148005641943,0.159015458021685
12.876165805069018,-0.9936030524572633,-2.7859575126000182,3.7888699599549662,4.132514614740745,2.9796256370596454,5.708586960808308,0.846850275828406,-0.9321493791078911,-1.6190856811097605
9.420665735259169,-1.7850737549680502,-4.913137542001259,0.5319729205364934,4.61875483377483,2.128826267704761,5.945018080664835,0.030871389659052558,1.76485817622322,-1.5274666650969455
11.354030845196974,-1.9485905379217812,-3.0754560578006793,1.7177252196417467,3.9108936223786506,0.21843986210576483,4.432223072204188,1.69410934631119,2.127735426906504,1.4371349352774039
12.560238275585446,-1.579988059735756,-3.989685464581929,3.08490517604142,3.293700551426592,-1.0263442528677442,5.350037497574159,-1.0635226422928645,0.009983969064990767,0.039447784097981144
12.166287177216946,-0.20582926756515077,-4.688479818832816,1.7770034668554848,3.1347551045470716,-1.5841971800107397,4.13771080981051,0.01295987632159268,-0.9585158071561858,1.240252999391222
12.3595899138678,-1.9850600393310682,-2.1795518776300598,3.786997056843576,3.2276619202406946,-1.5235865300707223,2.4113651246518475,1.3525027374975078,-1.0417080249080917,0.7662946900601812
12.154273529015912,-0.34909010286246495,-1.694359030649892,0.5351970742353579,3.4758412898360382,-0.5044061194574795,5.148534305337994,-0.4364426363020755,0.8220958929729847,2.52710811485121
10.81600840410261,-1.84034094902254,-2.463552283585309,1.0847075859125852,1.7934443727308647,-3.170855857251576,3.4746586472152368,0.4047276322110347,-1.4243028225618892,0.620056572609059
13.688443049504654,-1.2694070267769457,-3.111554099093607,3.1486289296516694,1.7937138447899115,-1.7057901559235908,1.4055963169654793,0.5479459563557181,-0.8094847567251425,1.569126098919855
11.465133969340075,-1.3385808077263583,-2.777113900160478,0.48432731815791086,2.7378187878719826,-1.6621889117154784,1.7273787788227315,2.0284137395585895,-0.8004845324585065,0.12603121803822565
10.5388923604867,-2.494178354366747,-4.218749964323172,2.151220905808154,3.26654545982667,-3.766104962021765,1.9154024400626193,1.7738940298556496,-2.529032045490453,2.693096777520471
12.001945863495633,-0.9065792876579958,-4.159692917067679,2.8807408541929367,3.149612103981557,-2.9701120987020464,-0.18407105717041514,1.5725473691785643,-1.9782398334681526,2.0981658930705507
13.199600414093247,-1.3876006854987708,-2.272406655312268,0.9604076224373711,3.7848029099628593,-0.5291241115260897,2.494876016923914,-0.04167214340475142,1.5876937615837625,-1.403206437574863
10.791262750929421,-0.07042775159124572,-5.843057488311806,2.3833206622085026,1.9063135371386621,-2.7367814154924437,3.6836399526225097,0.13889258759445292,1.2391618853694961,1.5970536921082676
13.074308385317245,-0.38894002211360407,-5.483570411136223,-0.677802287377774,0.8896106597586411,-1.6189470692992673,0.506746053367618,-0.9408750499512875,-3.6635495169522754,-0.6746194015128502
14.881408479389487,0.09356581949336845,-3.8864767713083817,-0.42341152260534104,0.7469272028921475,-1.2885438109314777,1.767313723142198,0.0004349540422543138,-0.4372973934526524,-0.9265232166300247
14.179008976961583,-1.7901487750468157,-2.8623676976808916,1.674992782015764,0.790159795127521,1.8797900336586266,3.384871570851731,2.2124422029310535,-0.9760965114354924,-1.1191397895424746
13.878318191382526,-1.444530805385094,-4.178060896215081,0.28416337695611665,2.0977701333851537,-0.5397705193613109,1.9524471731612616,-0.07667391889872972,0.41216686408486397,0.014604287778789278
14.049242455720265,-0.07394013386282558,-3.5454828813880024,1.5323866913508755,1.5976699297865564,-0.19273216216037442,3.1644153903015497,-1.6810707566405603,0.6996670986567046,0.01673824902025711
13.927555345863526,-1.8891266422086506,-3.0783261477796677,0.26130073438165363,1.6326190950947683,1.4744040558153322,1.784050211170106,-1.3943414853196896,0.20549958115443262,-3.196690010178874
11.640584921289218,-1.7518761411084343,-3.670973149900658,-0.818640050569617,1.5387988061881162,1.1637595294690688,3.0502051020044982,-0.8056647502500086,-2.463636190093058,-1.6058972196422914
13.384423750365226,-1.1216401946317385,-5.597014244453557,-0.6808014708400143,1.4769491011737046,0.45005978637887917,3.594713526005628,-2.4883060365315686,-1.9892050247498687,-1.7316600543519665
13.073898671393808,-0.506549512392451,-4.35917649136616,1.8913755235023935,2.565074792243101,-0.9511623516171186,3.406057008646588,-2.2788262042665695,-1.8579681177345333,0.08233227165854513
13.18589715427715,-1.7097135323455102,-5.206975432928622,1.5256217460505819,-0.041116947139283266,0.7025963874004324,4.053008462117303,0.608068175381556,-1.3862250663207591,-1.5874187365165202
13.393160541020046,-1.3918234024499718,-4.773771522480064,1.37802453481875,1.118454732103453,0.9507121945100848,4.018732509680621,0.10876983917410518,0.7817171943757284,-0.8360730092930455
12.17914571529278,-1.7917759488680727,-3.98060804903304,0.776625019277649,1.940413786151325,-0.39416146090853205,5.036197444850312,0.12573408860891128,0.7962109966938673,-1.6209454916763142
11.757123674340493,-2.506842023269062,-2.9786588455717733,2.844379176707416,-0.5794667692142654,-0.2194029780464161,4.95730535156106,0.14219731841632455,0.2464448140223163,-0.8494288562195281
12.572099583237206,-3.130212080463788,-2.5647530211816387,2.338254117822704,0.9620213907471376,1.7028719700394113,6.828770576416088,-1.2530094180563924,1.3553656457637475,1.3731015263560005
10.043997068949123,-3.4292397580516645,-3.0430784412726775,1.2860026041063917,0.7402785927236678,-3.1969820961834152,3.5615114779840313,-0.2608462456774794,1.5169877679965993,-1.9956406258549741
11.7671862392997,-2.9556965122489802,-2.385695742513653,-0.48860777385260024,0.36130254629899994,-0.6166798195750498,4.728787673232581,-0.973727000850524,-2.6663933317155215,2.870426669579516
8.298391412050547,-2.341463829497064,-1.9685387096127114,0.9313481644240363,0.061007262630294344,2.43534574936,3.019336771289717,-0.943782189862872,-1.0596243238408067,5.449350787637122
10.511742128981135,-2.3554973418133063,-0.5821620439998957,0.23025139752309115,0.4278348873674081,0.7033341321505584,2.7653463355168917,-1.471191286561257,-1.66272437848397,3.5487711364000822
10.076646055165948,-0.5242352570842851,-1.883074071368786,-0.8593780839811627,3.457655152367531,-0.5555256558197358,2.8203956672175208,-0.3655473473786588,1.2782161688400082,1.3682918858575737
9.987279891208116,-1.2452310021805693,-0.01569820878079648,0.15036722190829502,1.8794470818496267,-1.1458926587116427,1.5709098688197998,0.41517834527781855,-0.5935642438206834,2.9912006963805546
10.198513989711586,-1.2536306595329627,-1.1357767468280366,-0.7908030374855063,3.0748176975572488,-2.078773269050761,4.676835395197504,0.26945800761010413,-1.482639005434048,0.6359358908993978
10.566463743386823,-0.47441365829422755,-2.2234482646194365,0.025847217101910586,-0.27136669786372414,1.3844487564327133,4.035820769058693,-0.35919832475212404,-0.03962808221589151,1.7292092302588309
12.234636542554021,-2.4680672715684437,-3.0447491064116363,1.2760946246209965,0.8349080282266974,-1.028308671198202,2.9161810377641255,0.49893922818833125,1.0303037354546873,0.33402955332205625
11.256601354247623,0.04946321465694126,-3.7106124238775915,0.010425251672652265,1.6920701504138693,-0.5488597844896093,3.7535391853255886,1.0694880747537876,2.4516142501176614,2.301628628200722
9.438114911028942,-1.9646873718895388,-3.179298514556237,-0.5336926044603788,3.247612679495475,-1.8733440297204538,3.4039526472219785,1.3900219624760966,1.7525707751237778,0.12043979816537892
9.707556173059992,-2.1868926320884725,-1.848470262284311,-0.1050633038171095,2.694914732957068,-1.6101587261832946,2.9075874187561226,1.9279167424118786,0.5233288572804364,1.9504907331820984
9.770121425572341,-2.733511770408971,-1.9863883612866917,0.08563446871202121,-0.1586107004969491,-1.8492617439845693,4.242695218802611,-1.1887568257746377,-0.7306800710135539,-2.679394621175284
11.262626451941406,-2.391769942315983,-1.4294009749228356,-0.28451785043753236,2.3981178840503103,1.2860459557332917,1.9486006320555633,0.14156742775685177,-0.9807882634424718,-1.9212868981375064
10.355039393603095,-1.456303125548019,-1.8544893336694406,-2.7514713334608674,1.2929802169904203,0.09896727049414607,2.702297752323255,-0.6920979537544673,0.38276741155418276,-2.9383038830616095
12.133416125477035,-1.3419475542223622,-1.1378950187940837,-3.016263905717962,1.5529191064899126,-2.1455629518267574,-0.038460264202020505,-1.0246643941317892,0.5475943306619829,-4.133412166637978
10.550313931382275,-3.203496447258794,-0.6605593426613474,-2.541613182525275,3.3313013857963933,0.07475315734771057,-2.6522776456685446,1.427783877021536,1.2935980554350224,-1.663080364480701
9.473897252701375,-2.5712141353572058,-0.3611944812710684,-1.8591915817272668,1.6046509379499458,-0.3349451514157774,0.2849064959350379,-0.2449216025776369,1.6090940404497192,-4.291906246839528
9.34531651313815,-0.566702090378152,-1.0630347270805283,-2.600021968659962,0.3714352103055793,-0.5411711546272834,-0.848641609076156,-0.15972903035002473,3.9959454615012087,-4.907990019894149
9.685794866059647,-0.8503799782992988,-0.7340247064942726,-2.0937791422581564,0.9227442552782456,-0.5262919872640539,0.9449651294963883,0.8438598055131632,4.294975524398949,-5.640790789569076
9.746255403061406,0.22838278527327674,-1.5994819493317836,-1.669200881238457,-0.7264519917570268,-0.9285703080172227,-0.4789355270037419,-1.4385138373445274,0.5078648988860318,-1.9774073245175672
8.489640350914403,0.8565687113469952,-2.076381920337505,-1.7778205318573594,-0.47008474275057976,-1.6709154000660997,0.5380770916907018,-1.4531171405711516,0.02935071238440743,-2.1893556805882897
10.303387209089328,-2.090082299172674,-4.077902910386626,-0.9166970836320034,0.032273736313202475,-0.5236311991539423,1.1624739525332013,-0.8040010294724572,-0.29353173733232596,-1.4214629081973529
9.413675575966058,-2.140657571160557,-4.102125853284626,-2.469037732340224,0.14088828635487005,1.5663323730809449,-0.2823216829762376,-1.170401459801264,1.878563991391583,-2.5707488592230794
10.483971600121468,-2.3155515913229237,-3.7052802498267035,-3.073498004036346,0.09866266985006361,0.43858888647104327,-1.4841642474216388,2.3636255047992334,2.341370432165859,-1.6986420106621385
9.620680118482476,-3.050502999905387,-2.7688356841461843,-3.2350753049593854,1.3639474988436213,-1.3993296991190964,-2.853612126336733,-1.1318116815274553,1.8348242932168641,-2.4016932880103754
10.228102780789598,-2.680130138452954,-3.341438307716516,-2.7134962866445385,0.516231074190204,-0.054007148231675794,-3.4734649202339405,1.10012523994369,2.321209944637973,-3.90491922829703
9.404303879081091,-3.2327134571804215,-3.057734199659642,-1.6014762821182793,0.6437818956765609,0.4818187233213205,-3.1420374792498893,-1.0202845246584347,3.415194408537175,-2.683649555319331
10.221217370956184,-3.917073398924299,-6.012150724207039,-2.8406259596131593,-0.39058850089118696,-1.613491185640871,-2.0699887097723515,1.7600149831370218,1.6591560107367889,-1.1411629554210219
12.304708458050976,-4.33932658559076,-6.033416720856854,-3.1535473224279564,-0.6769418085776029,-1.9954767910739073,-3.891382435770142,0.47553994333001565,2.326297872294047,-2.5376609697948656
9.805600191140242,-5.003691611102647,-4.719479531765578,-1.658767310395204,-1.1761628068749155,-0.8148052985688047,-1.0409415321352118,2.5619322348831224,5.986222695707358,-0.7752818669500611
10.816922487968545,-5.776989223063742,-2.8864374884421755,-1.9107941923864773,-0.027811315089618285,-1.772243419691946,-6.235680454971317,2.7282222241914824,4.178606963969439,-0.9037881582724299
10.525158646450492,-4.900476362637733,-4.056772921715606,-4.125522119099972,0.6571398392746379,-1.8384605283001045,-4.4458610652451975,3.8134114192335584,0.2904047784401223,-0.6267566579910318
12.272516167640722,-5.9139957996463615,-3.108857510320571,-3.4888731186423545,1.4421067607799634,-0.5413234890761988,-3.2285714537196197,3.859281054285212,2.809695477422133,-1.7733281597953563
11.65291195351192,-4.8728122759785215,-4.551066466739632,-2.1238249058018526,-0.19562797820433173,-1.1562703177791847,-3.985813672291243,1.9156348018111118,2.661320286293638,-0.9642390518733279
11.182763254482978,-3.875889124807934,-4.957006548409633,-0.8005049780512457,-0.8614113677386549,0.5378819660311737,-2.927860652965223,1.7297383969172246,1.938152811483087,-1.0195854379816163
11.282069350595412,-4.4450992006913,-3.1262631971183787,-2.020306262078591,-1.0385342800497384,0.2155535336021512,-2.8891566097658377,1.9534864947837656,1.469854299962811,-2.633494005961554
10.894979334150152,-5.5523990192100285,-4.480965768108922,-0.8398358253124876,-1.088498825909934,-0.0575406068927626,-3.165983132378217,3.4480811353001446,2.311897503032936,-1.3955305487278447
11.375564986213016,-3.8472179865504255,-4.076872565919573,-2.2367392675650963,-0.9473358547993406,-0.7167555121000813,-3.337478507743322,1.2504103102565767,2.4829699105204104,-0.16985468139748505
12.127035221593905,-2.976924429435015,-3.952376790872728,0.38935683684484024,0.5386713996765627,4.883024512742813,-1.307574940063567,1.7349736992233058,1.733855068057211,-0.36314574061888916
11.860024024706583,-2.9435008133129896,-5.266052605115653,-1.2149212731004606,-0.7196241659668632,0.48983839098789084,-2.5611400024841813,2.026207886513206,3.4669558716872233,-2.9599776625727556
11.961140340268338,-2.290371766771334,-4.215910584028587,-0.8714467317735919,1.2370068139410144,1.721015651430431,-1.667795453305994,0.11338247830201123,0.28273608814873746,-0.19708562236235863
10.939258957036916,-1.0050017356836072,-3.8732381383460672,-0.08369486040587083,1.8259861298549607,1.2388190200085292,-0.5696623317745493,1.2352874610333473,0.933191313135909,-3.026732103966904
11.072236894360875,-0.8942537046472355,-5.351776911931692,0.2818501319149144,-1.6667366092611706,0.08447371220964016,-3.306112285141749,2.1388257647119016,0.4568577766923818,-0.4933111973351925
9.760376198420131,-2.7380574237473936,-1.531888396882623,0.03190167556034546,0.05491189255724004,3.9077648202576247,-3.564785833179771,-0.6230129111578101,2.198765756659593,-3.2994009113085285
11.58081397349669,-3.138695596122165,-4.805233081542409,-0.9038443334333468,1.0132561473543502,3.211754556481834,-3.2194539096411696,3.1229521889796072,-0.08404122337827293,-0.6781051217925937
13.019760257739382,-3.3905720197735936,-6.647876310829784,-1.6052698344185392,-2.461183904317871,2.427383230353899,-1.730727780222207,1.0758955102845533,-0.41787856887300345,-1.9333778382833893
12.165771153867006,-3.4033869937279166,-5.661261768567776,-1.567461204606509,-1.6394377933405202,-0.16653446748590517,-2.08600290248853,0.4073968846426446,2.2182574614766333,-3.5240909688311315
12.87699639992548,-2.148572151804549,-4.725441693487025,-0.8379145602815238,-4.99692191426259,0.292677783464856,-3.1833545480802425,1.6606778267932432,2.389402060297022,-1.9265388882272014
11.694504989321443,-2.0864627944602407,-6.178912603518903,0.3239441885961643,-0.9293189871165464,0.4087407059529684,-1.6756690083084937,3.830412204826187,-0.43274022059292194,-1.032238109131342
13.151680843260284,-3.4468065771472194,-5.683101685153478,-1.2865944662312951,-1.650499441100249,-0.44081488091971405,-2.442192753557662,1.9189587041993101,3.482524832212137,-0.15291777610580634
12.351133705040974,-2.8379856239708334,-3.997038666420667,2.1477056873986773,-2.0158151734757825,0.31476053191739284,-3.317652480674211,3.596874411884249,4.302410842495736,-1.2570956273348308
11.303630282843782,-3.5898370194411338,-4.822739551106584,-0.264162331336578,-2.4132166586199433,0.9059222000065983,-3.140289142368518,4.916238001598445,2.2804148514095255,-0.11034797544625453
12.530335224918351,-1.6417187713179595,-4.826856619139659,-0.876272185144866,-3.977923098175747,-1.1426137785136026,-2.8474802259923484,1.504320197831035,1.8986731039518694,-0.09446849525984581
14.020420348384233,-1.4866689424790012,-5.119324456000739,1.2418763217808544,-2.5227459103404017,0.16749605223933486,-0.9216592409407466,0.4828415528971269,3.977378154861841,0.11853653252605473
13.42543187939102,-1.8872838068659854,-4.539251156238844,-0.8028680729265686,-2.638912543338082,0.3617540434839517,-2.1317525810829285,-1.6331262574872123,2.1097940545504725,-0.08821993477047622
13.70589434815676,-3.2883692173630523,-4.901916327314845,-1.5291496626509669,-2.0892210860638634,0.3531811057691147,-4.328217938789523,3.031664867027572,3.5806788207347444,-3.2649197405006345
12.093224306330729,-1.4711634435939591,-6.794515195062271,-1.1613124186613408,-3.5323919698271893,-1.6308272105450679,-3.8195874288313356,1.8181963146605786,1.7649938415297286,-0.051602097638167505
13.87584139183427,-3.193392961380553,-4.606108011159284,-0.36305226391038503,-1.681600104312624,-0.3857291233305511,-3.5370697166983667,2.9916808657755887,3.2694506540434367,-0.49403492275043726
13.980607109737615,-3.699296834846863,-5.653938984743256,-0.630158392535424,-2.9972553559343926,0.2531136438170985,-1.7032016863869914,2.0487596943076123,2.919458765964605,-1.974249447206472
14.115578949412898,-4.357562533627612,-6.636486170756583,-2.520716501413054,-2.461754246099206,1.7903445574540233,-3.5709694081259618,3.4388206736368154,2.217919075373792,-2.1718430286899038
13.64595996992533,-2.579796687865851,-6.8515824386322395,-2.000313842141802,-1.7491905115564936,0.47963191115157605,-3.3956455217523636,3.3906125914964034,3.133294399290496,1.8813925829947817
13.72975203939048,-3.4424569755722816,-5.289785674831907,-0.8598195844118118,-3.3766953335588017,1.7198978223126196,-5.734512747243923,0.7462842829957468,1.0744220252176853,2.254216732395457
13.256903813745268,-4.67332715262478,-5.968224533268078,-0.15557527410956654,-0.4763545541184191,2.501793690842031,-5.130174688917062,1.823970561688915,3.1128838254631317,3.4646435004683633
12.865585102631998,-3.2961549705872746,-5.398168320231856,-3.669927795969035,-0.3781148652589273,1.1104425859912597,-5.2083281642487425,1.6859789968021983,1.906808666151663,0.46162842533274895
12.081893548245489,-2.9661602593750285,-6.116262871645645,-2.564018035071404,-1.773615665366115,0.9660270439306059,-4.4906869659392905,3.061790563451604,1.600403908870206,0.11645450208137557
12.12634488769826,-3.891037553596846,-3.7897453306952835,-1.9764561752956,-2.8541851790834816,-0.14930970939825775,-4.519254387649629,2.5837080829580636,2.861436903150874,1.793741403623732
11.983246153472798,-4.367545992028694,-4.558657631562508,-1.1971329005917386,-0.5752607884877998,3.1392920074073776,-5.219873939350379,2.76301044258633,2.222062656279409,-1.200089156248648
12.898409612488143,-4.800051006405194,-3.996435683849878,-1.2881330580099923,-0.8575442041685174,2.32609459341291,-4.492798393723753,4.0375295255047225,1.88303084958661,-0.10281942331029509
12.233716296532132,-2.8123030901613855,-5.263821308555828,-4.350448690539898,-3.1828536469172812,3.5660268371942907,-6.661464332052616,0.9638086533709767,1.8542611114583691,1.0514929680943175
13.204842796874756,-3.417387906220185,-5.818593771944012,-2.1387092485344494,-2.9744762803945832,0.6761107138807807,-4.855764811198198,1.5160800980397802,3.6428344255431884,1.5379482685756647
10.948772086979291,-3.24941276231029,-5.460597249701031,-2.2478546024079025,-3.2616696345676006,3.1018865208527107,-3.2913343857220525,0.3277823411816935,1.761512898175922,0.7297667609958712
13.868356268282247,-5.019379688438025,-5.377238019830186,-3.145923943924534,-0.8986164792333057,2.6430659533418366,-5.479723357126612,0.792255459660768,0.28883230867401843,2.2525417345310923
13.226138826553004,-5.813170334139665,-5.437775374639261,-1.9451528035496448,-2.0391440649809374,0.022930569131782104,-6.257301784902033,1.7587034653347167,0.06405262997438602,1.95830964251202
13.608249398306565,-2.1653313562902072,-4.838786625023059,-1.0488118945958773,-2.8607195359081072,2.656104960769304,-4.8974669892997005,1.7177717581911292,1.7856517674061079,4.479335223205171
11.87635625352615,-1.7758874136991836,-5.439870504292122,-1.8535567402021491,-1.6457580409004102,1.6222558422630593,-3.5903886433021737,2.888225514468284,1.4684006567301089,2.7279722983608647
12.675548054285203,-4.0732400712883825,-4.109262861859091,-4.439571313384659,-0.34412979799808086,2.1619229742754538,-6.251534696548168,3.695282017892252,-0.6684673318821615,3.05819475600536
12.195639175972568,-4.1056684629458955,-6.029247564791436,-1.3974148421040655,-3.972203822646164,1.3920244068332936,-5.025409721436444,4.573298509799166,2.400091544146632,1.4825377113750278
13.00859529072442,-1.9815556475167528,-3.0414688039519038,-2.983675258184516,-2.2417311532528568,3.167865181283379,-4.435684292884514,5.542334478681118,1.4012533840842172,3.7420372370861155
12.185336528330511,-1.434636449072639,-4.823168583855503,-5.149975693342312,-1.6849739524268548,1.5584692275801013,-4.874489760290997,3.4555162056987667,1.6492749783638652,2.755119043026613
13.163765756880611,-3.268203900936488,-5.757873923106878,-3.2219487843959826,-2.0728291019343934,0.4421453520330155,-3.9274877765802887,1.8941348461487248,-0.4569823929798835,0.2795187381804217
13.337628693802314,-3.5638218726224498,-3.009782986233805,-4.027812715815962,-0.3925862121225589,2.0017784796066986,-6.581307561948829,2.97494981384545,2.1016116009741945,3.1688490299235292
13.109172026933564,-3.051327477215667,-4.129894371153134,-4.0403545441764335,-1.7344968866563568,-1.1167055053294472,-3.219569633386116,-1.3483751947898532,3.0322044206656935,0.8710475153527664
14.046218642058683,-0.7349903849760251,-5.326453829228693,-3.4251365714030264,-1.3412230218324455,-0.7926556313487803,-6.231771242383405,2.5115007495376034,2.198561826987162,4.194206961123831
12.257477882097296,-2.5156143794175834,-4.478833251211083,-3.668242154560226,-1.811820017048591,-0.43402104535393893,-6.249961905885561,3.854800896588281,-1.1160763429806455,0.24163196261263084
14.86631536003784,-1.7295364947186214,-3.6199491158248986,-2.839574629526186,-2.620795999729609,-0.09614853843030513,-5.637790737542345,0.9011412614455838,0.8031982230872601,-0.2212589396945828
13.428877770709205,-3.727001139765024,-2.7054224440094763,-2.8213873893858126,0.5210090569842379,0.9606524898286942,-5.332736992243269,1.6040983938393818,3.454578866034382,0.394741191448927
12.782322345088437,-2.8070244398558875,-2.840428030098895,-2.523096182772158,0.8720108747190839,4.805242179790715,-3.493238315481695,1.3231206849321124,1.9448381504789851,2.457341966955597
11.892022491011728,-4.529881106566804,-4.555166790915408,-2.8079208031167218,0.4411284831878876,1.4965053713515697,-4.659890811501468,3.322088442560862,0.7094269621699034,-1.382326270038668
11.742596427682702,-2.3383217738117,-4.39404315522776,-3.451030283562302,-1.51712864862201,2.412881992771441,-6.421481310279812,1.9660858946440665,0.5974829289556723,0.9764201244948795
12.99938257000263,-2.537765835991508,-5.460581612515246,-3.0312626458510503,-0.9031382173818033,1.325436891540083,-3.255420242679849,2.0909725231367724,0.3774556089707477,1.856276087387598
11.902072090770325,-2.898050058578306,-5.270220356650354,-3.0199152470404518,-1.6174317541191812,-2.131528000307413,-5.637494082256251,0.10092958933708225,2.4887165460998046,0.5145552341554059
13.441366967808579,-3.289606944297726,-4.833814843443498,-2.6443147145904433,-1.5843293122075737,2.2733798285993427,-3.2532777881042505,0.43450972796697945,3.6561654880235754,-1.7160884621242167
12.168590451462567,-1.0065191121928596,-5.197039837045134,-1.2316365454474636,-2.6430986650305486,1.1872099157168874,-3.736073208157468,0.07831597410287397,2.0661856966601615,2.511159078024357
12.328294750133917,-3.796993531730171,-6.710731480483939,-4.822485129206568,-1.4353171161316063,0.716265997035897,-3.1854745911451103,1.5655433432773074,0.3502118742607606,-1.1912610762888136
12.549851491232056,-3.263695608658747,-3.8375852418288985,-3.5701293224325275,-1.4413464681549948,2.011441829456764,-3.7559554149736254,-0.01688834953164916,1.7562719219577492,1.3438756112965304
12.174877059328372,-2.7977594268777404,-6.898751026126343,-3.64410716794529,-2.809962298117763,1.5915911369024782,-2.298274864983005,0.37064549110845424,1.8641713802200317,0.11781107156625607
11.008546826957165,-3.5322328816790036,-7.208429516508405,-4.491286296019906,-3.4246708677774684,1.3862668624737975,-3.2350302237074517,1.627716459248226,1.6298892652700792,0.1622339542500579
12.578909397416838,-3.902763989406689,-6.540239851885974,-3.4265117111047725,-0.8241751490444696,1.227683124590705,-3.7594649995705245,0.3354434235706882,-0.739702102865311,0.4618392555448624
11.870112602108469,-2.1120230178041344,-6.785939190375997,-4.051488593256766,-2.123295873252967,1.3874578779636304,-5.1332559930669985,-1.115028097405887,2.5532119933100783,0.47337654530740575
13.001814435078337,-2.8934103032145675,-5.275934618435404,-4.948946357143613,-1.4918724596118227,0.7695317481585967,-3.7704595521089446,0.5253714532613134,0.4052457410261931,0.14495230563926065
12.983033529521412,-3.127914669717086,-6.2860771917668385,-3.414688492545104,-1.2244890299328794,-0.7453397885423787,-5.17667607596746,-0.867312203362415,1.122862434923317,-0.8219449365773092
12.73142278249813,-3.3510758537458893,-5.076457750825884,-3.1032367304194164,-2.281384696551035,1.7832106635188067,-2.634900594867276,-1.2176220728447673,1.0037778942313211,-3.253577505617833
13.771454806972338,-2.494712912312082,-7.31917662307877,-3.884690953084883,-2.951385608189824,1.3891012535938967,-4.598300322211888,-2.458719733695212,1.3168306879600304,0.32154477752979704
10.876876640453766,-3.269846527729268,-5.899246936815984,-3.562369090268499,0.11226198276002336,1.5595144692786838,-3.8422709463684592,-0.7783666064762685,-0.999704739000264,0.5791088367907985
12.680411370257055,-1.3691894539229192,-6.600861480308466,-2.768106590876956,-0.5337889112357214,1.2923023367994209,-6.9457564611767735,1.2783353598876255,0.9628932401776972,0.3240842385291498
13.166170079408243,-4.478140798048176,-5.411887201498734,-2.383809205262475,-2.6672909001751623,1.64369083682163,-4.97390044517741,2.557137480194586,0.7253348336361778,-0.7324289618897255
13.583277473163031,-3.9985764295812904,-3.9694596034436596,-3.0926649251791574,-0.8687950469224361,2.541703271954227,-3.88417268308469,-0.6642519048497517,1.8887622873115004,2.628673283035981
11.098567269992857,-1.4902085207553768,-3.425833401927406,-4.2183074748499445,0.3435808298141386,2.034116249004906,-1.8753131905037663,-0.5317308258476857,1.3866968942051099,-0.4738935739423613
12.271473564318425,-2.6713926592639843,-4.371140022628418,-4.809209210608527,-1.380042098927092,0.7692704890901443,-3.9470808349670157,0.870087583769882,3.950336330200142,-1.9775164145216804
12.55462245391429,-3.0187110452073607,-4.110932190783954,-4.050301470343395,-2.378934375580483,-0.06692128233012248,-3.370289867855717,0.02005383304561211,1.6924776106718442,-0.6773596395612783
11.843110460843771,-2.0729792349162626,-3.4749585670990246,-3.3445852481463123,1.3892891496292779,0.9681011173113576,-3.2866546035715736,-0.46569576433308735,1.9060946511943633,-0.5723097470327847
11.772339091620601,-3.38653995656712,-3.4878363109828374,-4.800130463532165,-1.3141196149508074,0.08216452222777906,-3.003325786856235,-0.16743782961170822,4.250247318776961,1.0642267436065938
10.832497612768078,-3.0874679567552574,-5.1474361344307775,-5.724349974543097,-0.9591978340320233,0.4085620338641623,-5.431811086200426,-1.0054089311110561,1.2491175382505466,-1.9415653891017368
11.43556254191331,-2.2157453827802858,-5.175858497582979,-5.935689706530793,-1.7353353153730744,-1.0388119859914688,-3.880379432216155,1.2432242900492636,2.50257605993259,-0.492845961972441
11.61446363982289,-1.1314811828960292,-4.596473554329031,-4.976270379429292,-0.6721032463615016,-0.5610180933517848,-7.13717360030717,0.26821583063559007,2.700852569764468,1.674887279396443
11.849071404739385,-2.156440088021349,-5.274412808187014,-5.684101253872236,-1.7964824884639163,0.3841657653917438,-6.68797842589742,-0.7004414695180294,1.6146390049516284,0.5615640516180926
11.783976868459547,-2.840826402588331,-5.509685724303149,-3.748506191223103,-0.27757468711396843,1.0338893517979901,-5.381095430163596,0.5074254112695666,-0.17559187118471414,0.17643571758339818
12.511693981462223,-4.048096939809303,-5.232783951011805,-3.005404313792868,-1.2883065756793675,0.47388210539527437,-5.049395803799486,0.574760946057485,1.5183748132495611,-1.544322547211667
11.93389803195452,-2.898187688485163,-4.754807527917494,-3.761667270531073,-4.042129013345548,0.9561678979428285,-5.121834550070418,-0.6347268549023779,2.4981375964555754,2.934656278624592
11.212354732926919,-2.1736969331723035,-5.841574652169531,-4.352627485552394,-4.36580441953754,1.84539504372033,-4.551294479860966,0.9020686217448379,3.116865066733662,1.3075264151171768
12.346960670047498,-2.912399671871405,-4.7831855006052715,-5.320836548091484,-1.930617982036887,2.0907680321504,-6.406482076401098,-0.8845213874043754,2.427172391895184,3.8486308633589417
14.715005539166846,-4.656549037550616,-5.47484036621241,-5.4476600644843405,-2.088093639746751,-0.2807075004912434,-5.033207486210976,0.3091762303130179,3.2077258697415147,-1.3680835984216728
12.568102924438593,-3.506739616451534,-5.71215300799734,-5.0466780882792825,-1.9615292864361424,0.29439497872448983,-3.9253788861192223,0.8944297953404204,1.6756658908543136,-1.08126164791503
12.203634193360935,-2.646060235430254,-5.456298267803035,-3.8621343141794484,-2.2399038331863173,-1.1380105968078096,-5.728232276740362,1.4235765611253979,2.4073444097823393,-0.2385846372386809
12.25059462307706,-4.061890910226028,-5.235957752060659,-3.838501560240596,-2.2886781406194037,0.5772379112547067,-5.55653585669115,2.336839225309735,0.2540533737198166,-0.6285732262178289
12.2924401375831,-5.331400774743844,-6.870640687848589,-2.962210334651194,-3.23265541965726,1.1743422418467926,-3.438484748223773,-1.2814726336314568,0.6521856458159099,0.6442630232581433
13.319307357827974,-4.5381901314958055,-5.948781287593813,-2.59939868212919,-1.0325702187664694,1.3367910597294352,-3.50392303456971,-0.6596740848999818,-0.8649794940466875,1.3301358094525249
11.548242626930898,-2.7379976779865345,-5.871977605550925,-2.4443919563425376,-3.166147808485255,2.020266714288596,-3.880404162316523,0.05561088540785862,1.970577977886652,1.6525776649531476
11.005823989064659,-3.877933419836206,-6.039672147106529,-1.4384957688508295,-2.7587652983031834,2.9602259607647365,-4.817882435129092,-0.9881694932682926,2.604335329669618,0.3197498889235254
10.172858599288658,-2.9545844651094963,-7.317792393625053,-2.00860065364396,-2.1538684891009394,1.0571086747235814,-3.132720877909613,0.3347920973541469,1.2814247405999777,0.7365436184094926
11.18714425080342,-4.100540544252283,-6.781528452905744,-3.3655920243916966,-2.906346414172654,2.126576236256992,-2.433649576305886,3.1855476205188884,3.0591439221413617,-0.2165698816798766
12.559841729359594,-2.8858244155470167,-6.739208564825363,-2.89728679357868,-3.200069746551565,2.185789398447221,-0.914433408054887,-0.4106025530888594,2.8860388194216156,3.3790845277371804
9.339192889792463,-3.317501614463686,-5.014413477828953,-4.6645731332851765,-1.525122469413529,2.015709486981978,-1.9465448210088938,-0.15307427458789566,2.201022159545384,2.012773434250089
10.353576288440559,-2.707491595914969,-4.455837211111397,-2.4666213212747126,-2.223990001450676,2.146378096889986,-0.289463229260917,-2.1589110756253462,1.8375919189661554,2.3318078600988463
10.641321545544075,-3.7572547076615916,-3.1627860398623513,-4.508364200342564,-1.51606820144856,3.1665069518617726,0.38270894583250437,-2.88066867557779,2.2425193740633658,2.4719463460137754
10.027261569246173,-4.5325217428685765,-2.7776580576225216,-2.9350179128943465,-0.7830996405747935,0.5283424238220525,-0.6954830971535392,-1.3156974165989108,2.3094379118584056,3.8626990842824442
