,PC1,PC2,PC3,PC4,PC5,PC6,PC7,PC8,PC9,PC10
sin_phi_ILE6,0.00904143904646687,-0.018063131087066822,0.06539933007236977,-0.007829688268965851,0.06702845083968977,-0.005278078363355629,0.007396880052924076,-0.0382848951460546,-0.029905876374948404,-0.013304701421840814
cos_phi_ILE6,-0.033849595298192314,0.0031700744286854987,-0.07832731402842005,-0.007528646578284087,-0.07610179878269574,0.01025886485507543,0.022531209832300208,0.009158120018593232,-0.0083220171986567,0.010226790424138342
sin_psi_ILE6,-0.003241587318351502,-0.01891389070078714,-0.02076738247440235,-0.012814308807887087,-0.021096128980161277,-0.005628869983879764,0.034985662565263975,-0.03546689635409042,-0.025380196416472406,-0.05421694386521697
cos_psi_ILE6,-0.04432908909620373,0.03939075755930521,-0.04937670624472634,0.010279967086436206,-0.021221601032093584,-0.006995282184102142,-0.006230106741597713,0.014477793735234334,0.007663857432915283,0.09482304285156959
sin_phi_ALA7,0.03480542790494366,0.023973024992647696,0.006936606964097508,0.011754613292322524,0.008940861292094149,-0.03925100749553029,-0.014646648100975962,-0.041344773419702524,-0.06779024988158447,-0.00789465665548375
cos_phi_ALA7,-0.0007127569666151488,0.004448194635596647,0.005579022742457099,-0.031194584936436343,0.026712158672737074,0.0035473596307702693,0.04630476154779506,0.04306991085483436,0.04697821493597412,-0.015029088204211533
sin_psi_ALA7,-0.04917705749386609,-0.03366041970240874,-0.008366385124027653,-0.02568986327991362,0.06809248313394692,0.02309911212335744,0.02299394798236294,0.014265685797735024,0.028692330884861353,0.021815397011727092
cos_psi_ALA7,-0.005370680282280375,-0.023080012482407708,0.013004606551318243,-0.021589106675518055,0.05265477880638247,-0.014741256322265445,-0.002808417939767993,0.03155430413915286,0.031054662058799837,-0.01085287623661535
sin_phi_GLU8,0.021573165082855818,-0.03802723063028092,0.07484619750184084,0.034122818300893365,0.022897593016359852,0.029594791736783255,-0.0452029260506336,-0.06499367107882731,-0.05203159503419286,0.005204545536128952
cos_phi_GLU8,0.02514198555064998,-0.03503083112241466,0.06656846017687067,0.029079602469953197,0.011279042867830769,0.031113819512301806,-0.04455914898031227,-0.05754863710657028,-0.05252970176762292,0.006045893345559827
sin_psi_GLU8,0.05448208149665168,0.04192682869346187,0.012441987421246855,0.006911608364264216,-0.038883288786403625,-0.060444099977440824,0.06304541757434323,0.07771056409403601,0.02691017112365157,-0.021861714867270093
cos_psi_GLU8,0.038125108078893064,0.03222325339600161,0.021472587449638397,0.011819690662769118,0.004005748952805505,-0.05392027558954954,0.07558298035040092,0.10560358879999251,0.012266321960858056,-0.028061360187680517
sin_phi_VAL9,0.05147324401715623,0.026740227817783027,0.04134315223638818,-0.0017582696312717586,0.019036006620316417,-0.015482274472256252,-0.016068013488544003,-0.026197237718700056,-0.001231409358669694,0.0032487972405182697
cos_phi_VAL9,-0.04214476802687481,-0.03262579811420948,-0.03221819987736695,0.0026825706540586445,-0.01900269845597752,0.0012426415810522506,0.03231782219684287,0.04598034195896787,-0.0035931909874655638,-0.002496131889556996
sin_psi_VAL9,0.017634048958409896,0.0005673823511437275,-0.02027945970482169,-0.018897888317070653,-0.002388828174681437,0.0013877172607242583,-0.03492041944469487,-0.05128804503388367,0.01661256682608231,-0.0071277240001086095
cos_psi_VAL9,0.029732763464129792,6.0161391471608983e-05,-0.016968536688091097,-0.021008043785192564,0.0018023445495483899,-0.00502643331855214,-0.04534423548143063,-0.04290907803509106,0.013462032638251215,-0.009993612653894203
sin_phi_SER10,-0.00013113088595711114,0.0027116545834902357,-0.017611755184416003,-0.00321054739167391,0.0033902468479357893,-0.008790775310178876,0.002651735002782596,0.008899320875929928,-0.009591732884650844,-0.006858805176826688
cos_phi_SER10,0.002050848701896537,0.015504894177010599,0.0027154308674558394,0.008182326071627324,-0.016097843970323298,0.0019925049993660474,0.0006669055319961092,0.02089744236951968,-0.0007748217389312514,-0.023111346680532108
sin_psi_SER10,0.0019396058659380895,0.0006686253756587387,0.014087298059619738,-0.0003981888135729896,0.00020977890032036412,0.007365817910686433,-0.003096030179317963,-0.0025620579176866,0.01183329649084272,0.013473105198896884
cos_psi_SER10,0.010418127626872841,0.005551505483719144,0.016828424225567278,0.024382909164289108,-0.011131447939536535,0.0020429580367270295,0.010955141372994845,-0.027334149154314313,-0.012251487016915863,0.008215656809973826
sin_phi_THR11,0.020953262697015675,0.017056301659347142,0.05626541407108069,0.04606523995627269,0.0026546147108064085,-0.031014759101934478,0.015965217206374883,-0.03828641427510898,0.02636907910714359,-0.023158450123276532
cos_phi_THR11,-0.018765620237964183,0.01110006040887607,-0.0015146092438115683,-0.009896744510573655,-0.008413571407743856,0.014504524370250979,-0.04282225684156503,0.022694527123406166,0.011152511356676886,0.003818484055267052
sin_psi_THR11,-0.027224516355896237,0.04264927324664657,-0.023563519886674582,-0.05932686879908462,0.04990920607629725,-0.03846818790793999,0.029502520266530906,-0.003251324921060117,-0.0028744349255531154,0.0022424845904507884
cos_psi_THR11,0.027464072861189803,-0.03899208760397763,0.022866396509392508,0.0637548819411116,-0.05600732635557408,0.03839569049111759,-0.02794979570000338,0.0032991574808410307,0.0019725922982304356,0.002261541243074594
sin_phi_GLN12,-0.04635945212263762,0.06695248385135608,-0.053954759428653104,-0.08058723481976277,0.041920700394685935,-0.03623597024782233,0.008531924493789748,0.015550594501810684,0.012166229359174052,0.005344429614452806
cos_phi_GLN12,-0.06255676396691977,0.05867873624263266,-0.06343518577907956,-0.07741289222828207,0.04061852183569047,-0.030674163836265613,0.0006308844781524392,0.006375018559762205,0.011822299703560676,0.009816199841176487
sin_psi_GLN12,0.0534485600589635,-0.060634888110326045,0.0588769572082494,0.0805795257568306,-0.04075801469403757,0.02843753957067522,-0.0010874080192582408,-0.009392289513496039,-0.014021262157188671,-0.009327745498231788
cos_psi_GLN12,0.05565291521080681,-0.05725493474103004,0.059243761209446494,0.08000848513038564,-0.04361759588335874,0.025497994442313755,-0.00250632839498672,-0.004794923835927934,-0.006406567096806145,-0.013334854858752507
sin_phi_LEU13,0.01287423818694228,-0.017894478593417557,0.012307006771399788,-0.010440374722370473,0.023118314832797568,0.018822494350836366,0.06952886928314132,0.023353409396801087,0.03322608195994773,0.05305905410978068
cos_phi_LEU13,-0.01365284167832483,0.00927269718666791,-0.010097132904759963,0.02889401762577131,-0.03778300458841593,-0.009858889700018912,-0.0731395904596835,-0.031595501409480045,-0.021749753864681205,-0.04197318411159673
sin_psi_LEU13,0.0031105279706575527,0.0170755040020728,-0.006670373643303923,0.024280313918369205,-0.031109760791275365,-0.007797777951159792,-0.07439740406333527,-0.01277443689770232,-0.03196050653241773,-0.06012250824327037
cos_psi_LEU13,0.09522145620976849,-0.028177780590272858,0.055062781725536386,0.024815728636725286,-0.0364400569583074,0.03499531870664063,0.0410225102603545,0.03529178757453705,0.013755875116771494,-0.009461895700453794
sin_phi_SER14,0.03627814369716738,-0.018554860226976777,-0.0006989496382703987,0.011124533695502328,0.018721480583102666,0.03274256533755788,0.06786225035540983,0.05775916847770712,-0.017890491662921438,-0.010135770761296256
cos_phi_SER14,0.06921614132518637,-0.02796281453602469,-0.008553787060320823,0.028271122723117863,0.03422063636644432,0.041287794550300405,0.06814647173833166,0.0779682854418349,-0.008187968992443803,-0.04440491207173811
sin_psi_SER14,0.03993539748887197,-0.011943590963675615,0.0019787474621534317,0.002516469956185774,0.034704299163490965,-0.007549443098255316,0.04834898939777247,0.04554467274054918,0.02169382876353126,-0.050420333275581916
cos_psi_SER14,0.04699688596303786,-0.018070334906249083,0.008537147950021624,0.006646940609240599,0.011047993709355995,-0.004387687717655903,0.0641279745679281,0.04618934485614059,0.02345389866183535,-0.051211982414406935
sin_phi_GLU15,0.012578176628007441,-0.006600800440654481,-0.010148895282020471,0.009775761163188542,-0.026908160990862837,-0.010630830160704282,-0.018611676328870865,-0.0030058305593980068,0.0023539747874266473,-0.04104044677549404
cos_phi_GLU15,-0.006435565094797615,-0.008886079469681386,-0.012231980394867153,-0.0016463120509228172,-0.03372159555225202,-0.002011182073406395,-0.009300922612860325,0.0022587818897537035,-0.010641791356067293,-0.01626208319456813
sin_psi_GLU15,0.014929093623965007,-0.019212437890782225,-0.010238335298975013,0.007625182713082068,-0.023197218816887393,-0.027360877046132617,-0.009207802270448345,0.005610875593498125,0.0008009111059676949,-0.06315286099814575
cos_psi_GLU15,-0.0036310877888398995,0.011824824835564846,-0.005043223654952309,0.005959682934591416,-0.016567152915225578,0.013120543309505373,-0.030564222311722553,-0.0018226425443229142,-0.006275365422883969,-0.014602390666436251
sin_phi_VAL16,0.006256552959712728,-0.0050666372451937496,0.01606344843095412,0.009864784286105587,-0.009443695690207912,-0.00215618940798218,0.009590398897871073,0.004024840362990379,-0.00760039400945843,0.014359426331672065
cos_phi_VAL16,0.005313937631284518,-0.007344553979038572,0.01292884174027039,0.006640300133170731,-0.010311851571859649,-0.0018187223547815796,0.007710793770467178,0.002774456920141946,-0.009475098263643521,0.013031392477877653
sin_psi_VAL16,0.0060167534837467325,0.01977400466003085,-0.012096443696680505,-0.027779298028774945,-0.013588322752087798,0.010660131832983186,0.017255947175887656,0.006990804360475269,0.05262542480891256,-0.021458025644357743
cos_psi_VAL16,-0.010136346342883008,-0.02364761674755971,0.014967792449695094,0.03882407346650622,0.020282950103743258,-0.01570053727966544,-0.02753475354996067,-0.008367343745408193,-0.06314664738897076,0.03553787171732819
sin_phi_VAL17,0.04072020011125355,0.03317169908998776,-0.027809747658554665,-0.04175435304558191,-0.04623912297235823,-0.020747106758378184,0.05307203082484878,0.024157917435498163,0.09807921559999588,-0.06336408432516492
cos_phi_VAL17,0.019805222870119894,0.003854020987654691,0.014727940891367267,-0.008818488108119684,-0.019634294048111414,-0.018583450381079135,-0.017696622331690597,-0.00026297665996606,0.01209610383096741,0.006314346005207735
sin_psi_VAL17,0.04006085262980171,0.03330047666082284,-0.028035581486141103,-0.04108290796208348,-0.04655473491303023,-0.020719798193967305,0.05311100775149677,0.02369701265508455,0.09741261672444579,-0.06336823076612752
cos_psi_VAL17,0.039681618064994414,0.00916579755221194,-0.020377603800535878,-0.04315325804250866,-0.03217796619788772,-0.01328692541980141,0.03911305785999518,0.026843712456652992,0.08428381437579503,-0.03991305622283707
sin_phi_GLY18,-0.023787451454731757,-0.022126512005691587,-0.003477107859569473,0.0037945869510148055,0.02017775807305454,-0.030697144285664654,0.0029492267417164427,0.01946537251056955,0.0674200564441735,-0.025718649630724087
cos_phi_GLY18,-0.021828599267181368,-0.026523611756005764,-0.0023319657222756274,0.002909251709812115,0.011655116180949547,-0.019941701408937244,0.007604982000947585,0.025673968108126978,0.061656911875195154,-0.02120890606275239
sin_psi_GLY18,0.014973875354288976,-0.010148203700823054,0.01482516042972908,0.01584608767404745,0.007012417976149025,-0.020064595389553224,0.004073670429091997,-0.00028275829420676277,0.04343724804218879,0.012182127089076122
cos_psi_GLY18,-0.009682033917145538,-0.008747912449127137,0.0009872098587800865,0.012737970608612094,0.017565844556817145,-0.008496301790161554,0.014532193360558415,-0.004983261785089555,0.02682924698109432,0.014549143806340828
sin_phi_VAL19,0.030424531444692805,-0.017339797802915967,-0.0036386203721739206,0.00711109381453895,-0.0014203957233079856,-0.0061989494495619845,-0.037185617798297405,-0.012378396746003596,-0.00835955245489832,0.013974264014943004
cos_phi_VAL19,-0.028796094867283344,0.027074382768474795,-0.010175552195105457,-0.015372956410038389,-0.0009919879193843678,-0.001803979930398016,0.03202601239401103,0.014927269522794114,0.01564933827983294,-0.012818504002896393
sin_psi_VAL19,0.030272095985760646,-0.0014545090180315356,-0.028425524277758088,-0.10033350789079556,0.023334371078667086,-0.05418970436901844,0.00851125707523303,-0.00214252663257344,-0.005328003373247439,0.029040433283623743
cos_psi_VAL19,0.02488487782253497,0.006245892358296862,-0.002116521046207571,-0.08023810064011143,0.0092828286246872,-0.03862775769284085,0.01960085342572999,-0.008560285447531622,0.0018591598719937073,0.03556295474317298
sin_phi_ILE20,0.016419038591193497,-0.017084971505013063,0.0121257592286158,-0.02899178742510435,0.02993652486644213,-0.022027099175408356,0.039069312824163566,0.003393004377650625,0.02435983081910754,0.014288647550719511
cos_phi_ILE20,-0.021508903857125294,-0.006995421808524246,0.012800771908864627,0.007805430498386681,0.007008791945612223,0.014197056489192852,0.032842059469452074,0.020126150833208838,0.017004140204406524,0.002862521274994125
sin_psi_ILE20,-0.06331247171712424,0.0031884609069585293,0.02527224526144945,0.02467188581372948,0.04930513319058074,-0.04365137855599292,0.04489125622994039,-0.008658181309374107,0.03199417560454767,-0.0032302463585818612
cos_psi_ILE20,-0.04589221671280125,0.02125553935851227,0.003738992805761843,0.03522053546594752,-0.0013129761505516059,-0.023619379992592,-0.02939400578378823,-0.024193977476968893,-0.001523007016961099,-0.007700539314234758
sin_phi_GLU21,-0.06689945573621103,-0.010149024062024269,0.04572728044719144,0.08167303340554144,0.030799310448328957,-0.03882950475169567,-0.018415100173549522,0.0023951969005514473,0.030769377269551427,-0.018261090928596752
cos_phi_GLU21,-0.07340690514400373,0.020490661474152495,0.0448049314401907,0.08925394441320213,0.03619589169977475,-0.06637482747165914,-0.0029898752902697023,0.013025131607690673,0.020397032365540885,0.0001830738374226317
sin_psi_GLU21,-0.020280007089679548,-0.06434295537417656,-0.011504316843017415,0.055535158831790124,0.0015462577384486409,0.018453937960978745,-0.039858620683491414,0.011029372566865394,0.044890365249854104,-0.06149879651596096
cos_psi_GLU21,-0.014543912683657881,-0.05579443887609039,-0.009259566988257587,0.07664217242317008,0.009625437519223876,0.024719486426476162,-0.04013725790344703,0.008384768229941737,0.05249887735095163,-0.05964230613866734
sin_phi_ARG22,-0.06050405886663526,-0.03538451539356073,-0.00629156856382879,0.015979947016197486,0.05304020591840876,0.0029730729101230453,-0.030172794613139077,-0.00893654894447566,0.02642530497605961,-0.05872238720945639
cos_phi_ARG22,0.07469279875600983,0.029425272457251905,-0.005436401358181687,-0.04039018950689238,-0.047285885694462064,-0.001965187184445647,0.033035252324683684,0.008888572497621929,-0.03781729269829954,0.052918289615115056
sin_psi_ARG22,0.09424514675554832,0.02354836089663498,-0.04039640830261162,-0.1205358119458767,-0.00625066435552952,0.011936741507706208,-0.011160233755765844,-0.007566704301795155,-0.04626249457002995,0.04967934627102484
cos_psi_ARG22,-0.045057368421089386,-0.0691137822457829,0.02817762795981615,0.08740494368909876,-0.06604017841929063,-0.032601836611297196,0.0661168740889357,-0.010664069249370382,0.0027606682074158124,-0.05984543320979372
sin_phi_HIE23,0.00036406343577894795,-0.02620705571919161,-0.0334521773998387,0.0755176467899975,-0.044150270498339236,-0.03280987567431865,-0.0013699467177199047,-0.012134761650175045,-0.007585486481816116,0.033955814079028354
cos_phi_HIE23,-0.001768126356957607,0.011176764541206792,0.02886136449830897,-0.04323700187236731,0.009426190219897908,0.03183091456638174,0.01712027097677862,0.02866496871624474,0.017224731555784703,0.027356286416142656
sin_psi_HIE23,-0.05929038174040504,-0.009873727560407183,0.026897587231913232,0.021896564100741676,-0.04510017290104098,-0.008561278525408118,0.011240736429160821,0.013447783278041978,-0.00881012904665526,0.0378093504769199
cos_psi_HIE23,-0.01627753297759299,-0.018911521378410553,0.018074471425948847,0.008469502441129926,0.02604773107728107,-0.052646924294792154,-0.03338738832519022,-0.010862659902552845,-0.013403328750810437,-0.058369734507912545
sin_phi_LEU24,0.050044165025070884,0.02576105379590674,0.014038758488004694,-0.06383609051428799,0.0779374137560558,0.07593119135395471,-0.006098549751093452,0.12223098969913186,0.04319969869248337,-0.009087836213075594
cos_phi_LEU24,0.01899256012206056,0.05638867844967785,-0.0005495087205082339,-0.005402961157734725,-0.04420308541893682,-0.018614542938458677,-0.07435808054028245,-0.04973740089858569,-0.02709240166807673,0.019703495927689264
sin_psi_LEU24,0.02354500201503596,0.04296975576357921,-0.009251412069779145,0.027554320450964176,-0.07346807301923851,-0.02364622016829756,-0.06869123299218664,-0.09577508262654434,-0.040977993520397465,0.015250330740050314
cos_psi_LEU24,0.024410457982762486,0.05045830747869218,-0.014931140746190926,-0.04220839089501901,-0.007192260647880369,0.0506767793285198,-0.03075438768145681,0.17504537209753956,0.0647017429572132,-0.026919369179031635
sin_phi_GLU25,-0.013293474550865582,-0.007309918712229372,-0.03854975867124609,-0.004918417575517893,0.00017138629948409235,-0.05977841183936554,-0.04063066416807843,-0.04557987164650901,0.005963094388768353,0.026954164661720376
cos_phi_GLU25,-0.010783849577911502,-0.055986278924466726,-0.05812786859200219,0.03218966484432181,0.04714422984065088,-0.02002407899869337,0.03764579593519102,-0.05131640676219552,-0.07510955550641038,-0.03011681130713751
sin_psi_GLU25,0.0026715035156386724,-0.12380745278241953,-0.010661356236286605,-0.06599211200789423,0.013595401785576357,0.035105616452849396,0.006646454675761335,0.04798495480288829,0.01108781774574342,-0.006319330504965978
cos_psi_GLU25,-0.0033823208854367706,0.10388202123701205,0.014006914217144197,0.03855384147028939,-0.0359073643937531,-0.04835814492103175,-0.02702625441530851,-0.028241206657726697,0.0355569149803377,0.029335841478599654
sin_phi_PRO26,0.05934119839583281,-0.0443675067158193,0.021932897324257235,-0.04199979239909533,0.023454678947398108,-0.05482794293427663,-0.01175019332903267,0.018801820707432415,0.0008266591544985588,0.007131727177082092
cos_phi_PRO26,0.05392910188081079,-0.04699635274779414,0.02248109002235417,-0.047677442918551055,0.027482117018729657,-0.05373886419824295,-0.012040385997187833,0.016431292028362736,0.0032897562477863245,0.012970299531251532
sin_psi_PRO26,0.08695687357652351,-0.014263603549710742,0.02201163163653242,-0.05340175835657208,-0.03395599978134141,-0.03061547194675055,-0.013775586830834822,-0.008101208429332736,-0.029484619989323096,0.03526723661487479
cos_psi_PRO26,0.08294743548151852,-0.009275175716001517,0.020916220549738608,-0.0498585062701553,-0.031174459900934006,-0.026493233646358277,-0.013021548510216675,-0.013848486846138909,-0.02815113910758352,0.03768516378311428
sin_phi_THR27,-0.11099989926726378,0.02733323848324013,-0.002963436301503193,0.06448021098859916,0.040959704824719695,0.013199306997964646,-0.015631543711327845,-0.03778346441099226,-0.01657872080021406,0.0006392513170084849
cos_phi_THR27,0.100660731950791,-0.04830358956229297,0.017842530272904722,-0.03705830448708172,-0.028044824576623842,-0.03472590378257047,0.008218229685498587,0.011098298551379728,0.02657956957215282,0.0013548393300148558
sin_psi_THR27,0.036336032649277566,0.022515631161852564,0.0026935241183109527,-0.02452988023369492,-0.013214850129421307,0.001127458105225526,-0.021395874465583706,-0.03530093668073679,-0.008451574089938334,-0.0020857071294135116
cos_psi_THR27,-0.04015432255757769,-0.016145356910082446,-0.006140963176215777,0.029176751701687337,0.013324413980609589,0.0013923329151081217,0.012193975962751876,0.037547570036546546,0.0032745710594224084,0.011097198931366695
sin_phi_LEU28,-0.002391600303257391,-0.005789449095461881,0.013079602241214044,-0.0037472367045690846,-0.028765598184487397,0.003955802164206793,-0.015206937110825497,0.0016275851274505676,0.02264944553258434,0.007230548992928504
cos_phi_LEU28,0.002971135643845191,0.00040291130758787747,-0.014484526925934452,0.0042524117560951286,0.02622353811500066,-0.00031181386670920574,0.01662039556395783,-0.0035991569611368425,-0.021622317422140255,-0.00446387928615776
sin_psi_LEU28,0.01569115066629018,-0.03419352330143235,-0.007338704546645531,0.0006616560704858252,-0.03571777015476906,0.0006076207882194105,-0.012713982457927799,0.001005963402028323,0.010510736009891318,0.01341852463664321
cos_psi_LEU28,0.013890809214411418,-0.038200784629778994,-0.004287704224658995,0.0018335925072464894,-0.04096993631897057,-0.0037670116400879503,-0.01254702365597322,0.002976401791312707,0.017712339420413552,0.013791150941038149
sin_phi_LEU29,-0.005199951293019285,0.023251403898857714,0.023671300665210532,0.027824583243152005,0.01377422096628569,-0.017442825763516676,-0.004686923792702316,-0.026148376888668556,-0.03155514267729124,-0.00988401549795423
cos_phi_LEU29,-0.006188422409273671,0.023475794142665183,0.021596990380359598,0.03145953251060531,0.00267685124652071,-0.013275430136768624,-0.005939005219072271,-0.02645419326380575,-0.02706085080493304,0.003004330838954006
sin_psi_LEU29,-0.042381654642568226,-0.01811806021665898,-0.01736789932466905,-0.009150890956286425,-0.05372958685872354,0.13000783734858784,0.07381384999867716,0.0034755496232227695,0.054269552413776276,0.01638871638826762
cos_psi_LEU29,0.03974717140985937,0.009488079800683143,0.01469464427712038,0.0006872438721441117,0.04491525810889381,-0.12181843381181057,-0.05728836461600449,-0.0019979910731279665,-0.05273903334221081,-0.0008748885728649038
sin_phi_ALA30,0.016481693218336233,0.021542961366285533,-0.006488497079117697,0.02242048993889919,0.05768521588862634,0.0016999240351576518,0.002239594903977688,0.03937030547390931,-0.04445941114692396,-0.07746394406349068
cos_phi_ALA30,-0.006647290206067923,0.0021172767806021528,0.0026262004199750725,-0.009790187029621061,0.018420956882130628,0.04924079981074064,0.028821255368828146,0.00448139056872476,0.0031263921889981027,-0.07412774094401957
sin_psi_ALA30,0.022978971083691267,0.05660849899039607,0.021043994357549105,0.0345119922171856,0.08958789731325506,-0.10733875681992944,-0.08015872798568498,0.010213226232973445,-0.0449513894796077,-0.06254984599177447
cos_psi_ALA30,0.03194668782251577,0.04281294171882541,0.02798805936930582,0.014226528672890856,0.05224776997621589,-0.11568838993989226,-0.09013463666939858,-0.05734342101148104,-0.022819295807009966,-0.03835213658328876
sin_phi_VAL31,-0.013649108541083069,-0.049046587824131606,0.007845445878876743,-0.02633030577494706,0.021404331101013616,-0.008514707813495205,0.06039634140320085,-0.09608033453107957,-0.07064377915937144,-0.010782959298631285
cos_phi_VAL31,0.01724326840597294,0.041704750382522755,0.0028360376207947646,0.028612794565390946,-0.03275680734971588,-0.004276164823829737,-0.06383388919036039,0.09578533268316326,0.0700449282899659,-0.010043052713638027
sin_psi_VAL31,0.01964947402671292,0.06934777282577263,-0.009171966889671942,0.022247940892865484,-0.029062299218298393,0.013814554600052096,-0.12071106733753376,0.12399078998905705,0.09753365220598474,0.009164524840071898
cos_psi_VAL31,0.014716183107616193,0.06199416532387552,-0.0008130697799169432,0.03350946666851331,-0.04076948227103732,-0.009231414408909438,-0.11425574129894507,0.12299230874583128,0.09220303546439226,-0.013356321672701465
sin_phi_HIE32,0.0024686631687217695,0.05315510719784778,-0.005039715266828304,0.008552357201853242,-0.03430707194200505,0.009553995175679463,-0.08072644165647579,0.11384424856945716,0.07933669449127793,-0.006410438342816016
cos_phi_HIE32,-0.019184818956405496,0.03357589748976048,-0.0006544261213435802,0.027294907936352884,-0.03317363633699063,0.007396535628487727,-0.05725896774776386,0.05810295179984559,0.047561424074465224,-0.00921406070048367
sin_psi_HIE32,-0.013955697691078664,0.020477066455323274,0.003385793126422986,0.029267410707965215,-0.026810161968678567,-0.005922382283041432,-0.05515388116990991,0.02954575841301403,0.034058885549538745,-0.012365174655458552
cos_psi_HIE32,0.01578962825342938,0.06044772686367296,-0.0031445994050900965,0.008445863375930831,-0.036261227244743705,0.006379416850544481,-0.1009660710700807,0.12271055398653703,0.09668654127867483,-0.006229345371985361
sin_phi_LEU33,0.016918237965886384,-0.0031120885377909895,-0.0054905460194256935,-0.009851696252253852,0.013380960603320382,0.0010709514533270641,-0.03534471677178914,0.00043768867095990866,0.01787763735447111,-0.03778852758059804
cos_phi_LEU33,0.012567498023107459,-0.007700525332259521,0.0026303959360412864,-0.0011007192345943533,-0.009530683779091826,-0.022756738209102453,-0.01475348754937159,0.009787708539521085,-0.011108352896966737,-0.004260198833422235
sin_psi_LEU33,0.034777416613448464,-0.03194253676016429,0.02271434534262007,0.00012078222198733659,0.0014503144638958554,-0.009106079921321767,-0.007701566197182911,-0.05216560695495809,-0.024172834318351853,0.0030399531396097077
cos_psi_LEU33,-0.035052072124685675,0.040706753315065416,-0.03515936329089192,0.0150139268343384,0.004833941183055969,0.010574092074282993,-0.004002994306159722,0.0468182528801912,0.028779863894679344,0.0005664806767513276
sin_phi_TYR34,0.017709010555701853,-0.03427049359024939,0.01648855931553748,-0.04176674082557061,-0.019629520558978805,0.0034117888159114172,0.054977567196648404,-0.042818119408227565,-0.030928694916092417,0.09108311620014163
cos_phi_TYR34,-0.0163024085332645,0.029181511407616722,0.002245106472001872,0.0032056049585203424,0.025909457676496286,0.0040208085385393735,-0.043766236544730705,0.03731241837183557,0.022222680472557894,-0.10888054725281524
sin_psi_TYR34,-0.010448615883156919,0.01373855666677499,-0.002312676330275606,-0.02518959442347906,0.041629498959844274,-0.02089614321913854,-0.07416285982563404,0.046697251283255414,0.037899454936661865,-0.13865458135912945
cos_psi_TYR34,0.01370326889451506,-0.01859136468392628,0.04164411781893641,-0.04506789281529345,-0.06143968737290565,-0.0033245805433604397,0.09626471827658771,-0.0320497392355718,-0.05973314726739235,0.11551155327779261
sin_phi_GLY35,-0.02156623147909689,0.022627440457322564,-0.00996795484703785,-0.026062349527862114,0.07359895881534066,-0.03365219286593179,-0.11576023402776225,-0.018974179316424863,0.06133088987718355,-0.13575396265851328
cos_phi_GLY35,0.011380678275188886,-0.010168864203762739,0.014851378860235681,0.020089733334328484,-0.0793490604326643,0.03385440894137733,0.12286257767433775,0.0192472683909855,-0.06441277633478766,0.141386789377379
sin_psi_GLY35,-0.007146414230561619,0.0013858048881302595,-0.0023656880256224897,0.0017007245318583259,0.03204895393681888,-0.00849299558579419,-0.09067222271139115,-0.026909327576776942,0.01844907904044354,-0.0872629009223628
cos_psi_GLY35,0.027670903867151136,-0.018630284052186846,0.0034607029707517615,0.015224987476513413,-0.04863899013544649,0.021969453786832762,0.10248651646518186,0.014282154884378603,-0.04626499938109469,0.10588495457762707
sin_phi_SER36,0.004055364554135233,0.00024245037332099175,-0.004106661935534974,-0.00018066509111327092,0.009819679960543292,0.005033013523900192,-0.00712386347679263,-0.0026632749315549102,0.01698467452677335,0.011037960903333885
cos_phi_SER36,-0.0004787368337741065,0.010584493945678453,-0.0013636529645473347,-0.0035038015807766763,-0.0030075907572192197,0.0029056964732691415,0.018558640174126922,0.008076498728720986,-0.013178523706946159,-0.017653933197719632
sin_psi_SER36,0.014547134333974808,-0.015391415500128298,-0.005489106622113405,-0.004787076743274783,0.017904483164955444,0.0090837921106232,-0.02093422593306951,-0.008232952145986247,0.0022260276697936726,-0.04463865938880171
cos_psi_SER36,0.015352540521066462,-0.013222448002573379,0.0030747558852770207,-0.00932972623427698,0.01331452458166135,0.009760395793132775,0.0016112947409690531,0.0002330351380695122,0.005502172918285201,-0.015425373043723607
sin_phi_ALA37,-0.026899057305735517,0.028742458680302996,0.017986062996747786,-0.013641184987709058,0.04797565240082421,0.004203248413522595,0.006291309027477685,-0.04841085737510632,0.015390099070434059,-0.040533204335919185
cos_phi_ALA37,-0.022702357255416705,0.02700515230084956,0.019744643549274753,-0.012785648731482495,0.04237285785751756,0.007114385938077584,0.005051097630427185,-0.05021552125797136,0.015209361684294506,-0.04009986844622352
sin_psi_ALA37,0.0004554071966727929,-0.019073088644623398,-0.016028242472866282,0.00023534319211056536,0.01938367280454063,0.0069921997019079815,0.0036911957746353814,-0.010875279494335316,0.039389475042881344,0.009445655546734698
cos_psi_ALA37,-0.001989799687881082,0.020275157696826387,0.012921473960628255,0.001066828852350409,-0.01988926502885919,-0.009444628655158379,-0.004104508562225927,0.012743154430253404,-0.03934711724913213,-0.00855151951395538
sin_phi_VAL38,0.04783507607789926,0.025318282235906726,-0.05115760271127642,0.04834383826725467,0.0473665614727323,-0.00038703765355695315,0.025880635311182593,0.007551227715040692,0.021807753776379238,0.08786274602793435
cos_phi_VAL38,-0.05165375033221273,-0.02427128771445639,0.04792585412120725,-0.053233739152703824,-0.05345465205180579,0.0016246578352875297,-0.02676101696096482,-0.004641653566900743,-0.031942382933501295,-0.07497674129049138
sin_psi_VAL38,-0.050235684405008016,-0.016558741243491028,0.043787364263366005,-0.04447920433949657,-0.03749369778022086,-4.151201034534976e-05,-0.024218196758376005,-0.014538110099669153,-0.014969884134825981,-0.09013055198212318
cos_psi_VAL38,0.049138314597071776,0.007227461191972698,-0.03870726911479465,0.040602658021967226,0.02694867115113342,0.006913164977642883,0.02930546347416872,0.022050809987126725,0.014646705508569467,0.09519758684182007
sin_phi_ASP39,0.007252110299905858,0.06275424951006146,0.0071534325669363255,0.0297840591875778,0.03535415381395761,-0.010584879259845054,-0.015738641115550765,-0.025230774334316697,0.011181352444448863,0.018004057768060855
cos_phi_ASP39,-0.011920959149634485,-0.06797935887379712,0.008426157998128101,-0.03901642993216152,-0.03922421645034393,-0.00702252332641059,0.006472703943028435,-0.006890956653566743,-0.02284794822307351,-0.06029788181523864
sin_psi_ASP39,0.04221895112277063,-0.004935035424298538,0.008699886795307206,-0.00737062469115124,-0.022888659798915443,-0.0322014920260229,0.016148922511146732,-0.040557845235526406,-0.012726279266004031,-0.09507969806211393
cos_psi_ASP39,0.03983551011238401,-0.010981142298005252,0.018679193419677206,0.002203405523042121,-0.02220600875409963,-0.029444105236298937,0.010901342994128208,-0.024558783037394314,-0.0053629402322325275,-0.06668169334377293
sin_phi_GLY40,0.03395807075965612,0.022890533695153398,0.028146977527748127,0.028564996910247855,0.00951156229556984,0.013816182232788233,-0.017739714174324437,0.018770512804568932,-0.017149504386243804,0.03292169636344157
cos_phi_GLY40,0.03006505710846605,0.02239099743660813,0.033551293176704466,0.026892150625879865,0.009542196163891167,0.015903608481353516,-0.02355845913529762,0.015294387152254323,-0.0115539107780084,0.03524532129471137
sin_psi_GLY40,-0.013309035991171845,-0.04412638167084896,-0.02764089396107227,0.013597951635865245,0.0027609032000021974,-0.003158229982862514,-0.022165781556235692,0.03267814161174906,0.010551039514691773,0.0413572418902125
cos_psi_GLY40,0.015626657837372403,0.04919080552919621,0.025825744942391368,-0.014505214899729729,-0.004615253901372801,0.00490526352767541,0.020943800754085588,-0.02958589124150887,-0.007305626556920643,-0.038465775229630364
sin_phi_GLY41,-0.040912759463120014,-0.031325875861358675,-0.020136207482257196,-0.013767428784942031,0.02327522006036981,-0.005031406883330962,-0.01980371829301392,-0.012815631961588667,0.010293461912731248,-0.010938243529211794
cos_phi_GLY41,0.026032037247443667,-0.0006792413559175781,-0.01570800198716586,0.02855658135179337,0.010264307763362032,-0.005721706953739724,0.0049948026590720986,0.031616727657468334,0.0025443868568585486,0.058194317972546455
sin_psi_GLY41,-0.03145366765234471,-0.005216366143655996,0.010909446195117665,-0.030955631790691877,-0.0027684649022013696,0.007531400598419421,-0.011660744576011482,-0.024977618088221153,-0.0012763670116674995,-0.06232599095083017
cos_psi_GLY41,-0.023945102091586654,-0.019290915639287178,0.01686393105007122,-0.010303574911046862,-0.024070251327886313,0.004760503335337695,0.01302390284758773,-0.028296999953302704,0.0012538134446896786,-0.047691552493586524
sin_phi_LEU42,0.040134683900654396,0.04916385711782508,0.015560854857303446,-0.01299433240893851,0.024636015850682307,-0.020926596864901597,0.07216549348866146,-0.02454561285748382,-0.0074675060544277996,0.006435365576108682
cos_phi_LEU42,0.040527319979533766,0.051976594419965196,0.016825880978932978,-0.006967496651563811,0.0216067770461815,-0.026543166385949977,0.07797898291348296,-0.02986307161955869,-0.013785490158673471,0.0010077790871111715
sin_psi_LEU42,-0.021824917039058825,-0.07798545835731774,-0.006143195426376344,0.009377732453258597,-0.028839405063258505,-0.008167503676633648,-0.03403989770321337,0.029486824543918322,-0.008826000850702379,0.028317798633148622
cos_psi_LEU42,-0.029218014967203578,-0.07820213189843643,-0.011165108086606536,0.02694939231072386,-0.028407419765738337,-0.0029680849513149233,-0.04300556905599082,0.02837194046484195,-0.001691168314336867,0.016769879190242625
sin_phi_LYS43,0.04779596382955828,0.025259206769966652,0.026646905919337018,0.030704941249231513,0.0034787930966158217,-0.02192904975676564,0.004198988641541334,0.007975214737756699,-0.017867661938071926,-0.009827113645043177
cos_phi_LYS43,-0.08848684234799217,-0.10878541720025534,-0.05489660381268603,0.0066007933406386915,0.0005289808474475096,-0.0011504919809051644,-0.003926002709675319,-0.0031851077366077344,0.0009740466637114312,0.049860657820900656
sin_psi_LYS43,-0.08979719364852917,-0.09729077076164555,-0.06336956915306857,0.006978272060830567,-0.01448980097697577,-0.009023634701402106,0.002907790850437231,-0.009481505494456477,-0.0007070100252688865,0.03954722242860954
cos_psi_LYS43,0.018796895581051465,0.03979306415808306,0.006126064433919576,0.0049329844820318715,0.0038287975932596407,0.006313239525047512,0.02139590212042313,-0.049406910281126586,0.009165136233708224,-0.018049938858454875
sin_phi_PRO44,-0.09467521302632795,-0.10698559689643124,-0.044768756804634324,0.0027405229054666275,0.013299419364820365,0.023161930394743655,-0.014584815692075441,-0.004771247509111725,-0.004570163124087537,0.03957570809023836
cos_phi_PRO44,0.08754240360968733,0.09889475774765713,0.06592406161903956,0.0040323888670271936,0.01939492442978955,0.008560904240730735,0.017197894447545933,-0.014847379043536273,-0.011917731847585048,-0.017143306090530684
sin_psi_PRO44,-0.01225002493622415,-0.04341525889745734,0.09405955284301291,0.025010846588066345,0.06701549922611555,0.02307023014026516,0.012948569055768975,-0.02578363252509922,-0.050664053118438065,0.048540563886366114
cos_psi_PRO44,0.017862231043074012,0.033588426460275385,-0.08207016493707364,-0.022628352428358065,-0.05283470488315883,-0.024847489526013893,-0.017345403669671022,0.037056795517001924,0.04898643746450977,-0.04442505747641809
sin_phi_HIS45,0.04329831531442473,0.07494365729614956,-0.03323264236790339,0.07387098647637304,-0.07159159704049807,0.010191497412369317,-0.09243676780877852,-0.04542373212706715,-0.041948564974893326,0.008724877218257548
cos_phi_HIS45,0.044747251117456054,0.07428523372293143,-0.006736269663730332,0.08732799111123384,-0.06554531437789585,0.030205506422746865,-0.072677600681581,-0.024404923232627496,-0.04409361588099028,0.006200903519343746
sin_psi_HIS45,0.00707056875609075,0.0008863219570038473,-0.05070416878953814,-0.0004410581849063971,-0.07118826246543214,-0.061949362516570905,0.10380228587719645,0.017746058483827657,0.03057976772809726,0.004667674057809237
cos_psi_HIS45,0.007142428897591943,0.0033133565954573388,0.059754948306491334,0.014962560009016388,0.06281200919391834,0.0397797294947281,-0.06819315160693455,-0.03820095498488317,-0.04296532556862216,-0.001112412166291673
sin_phi_SER46,0.021424738338373647,-0.007931648579869036,-0.07059556003965618,-0.07478554713106089,-0.0013124329588354833,-0.0025545336366804452,0.03237225335669617,0.04264489950324272,0.04282838982271956,0.0018179454288942056
cos_phi_SER46,0.01451544501741658,-0.012549383485029117,-0.08121334544039202,-0.08491945519879376,0.00943820974680878,-0.0104623283227716,0.030905529589112465,0.04589709697738811,0.03581890105541872,-0.0032654791761645703
sin_psi_SER46,-0.04598309252321526,0.0347478650845923,-0.009021703413204393,-0.018754259017578732,0.0521460604935392,-0.01981698663677439,-0.01952848842558438,-0.01700143388650667,-0.03389235565356745,-0.02999815613743735
cos_psi_SER46,-0.03999341979224241,0.017264979219911977,-0.0024696816813802084,-0.016816921494255663,0.037379743589704736,-0.010288769291367794,-0.007324409566802785,-0.008021457394841893,-0.013234612777053284,-0.03187302399607402
sin_phi_ASP47,-0.017606046407404312,-0.02134546842822482,-0.05437429706752078,0.035121530879404325,0.0032068548298085702,0.04481131032988885,0.0766615433277776,-0.011181176247137178,0.1206701340814741,0.002604233099621449
cos_phi_ASP47,-0.028674432127133616,0.004071101596686575,-0.05305899084660192,0.024039560627491446,0.008787129402415609,0.03685799479571125,0.07034898640703036,-0.007352493017466735,0.10203155813281488,0.004941987038086943
sin_psi_ASP47,-0.031074956269119977,-0.005246124688947225,-0.040432537847667184,0.0048712348209314785,0.001626409167877414,0.03283438112225357,0.0599158339946648,0.01744015818994742,0.07832561286794693,0.031927732300806325
cos_psi_ASP47,-0.015227113190915282,-0.021587671457746788,-0.04844423435670237,0.039819563919401745,0.0047056798054789205,0.045879679389308224,0.06358874902229619,-0.005829623779737021,0.11293208865216595,0.004481789398737301
sin_phi_ILE48,-0.03405606665858213,-0.012519727696431478,-0.045889000414307164,0.030795179181492598,0.03801238936269574,0.06575347453156967,0.06310897666605837,0.02137779690774061,0.060616065275409615,-0.01762848677179265
cos_phi_ILE48,-0.03633072726250222,-0.013709718882963032,-0.049589892075773606,0.03440873586141215,0.03998344696612229,0.07008658970559029,0.06118765923869436,0.016827151819477713,0.06489688434497597,-0.01743366393213347
sin_psi_ILE48,0.0012374194684817064,0.003208630617442813,-0.004572819213434821,0.014776220507772438,0.02841571332592516,0.033455808474406636,0.03223792879950346,-0.04732120785524145,-0.06361645296438473,0.010919269525145148
cos_psi_ILE48,0.004921381049611441,0.003948487538595407,-0.0019375925435605138,0.02104497776840999,0.021622330413267204,0.030373653445049855,0.029769864941931477,-0.049119173336159797,-0.05120785287060871,0.025116175618726963
sin_phi_ASP49,0.025717885209001118,0.013170312290646803,-0.03448057493720834,-0.00554433725486314,0.006694290921330634,-0.013259400541159143,-0.016942200240773312,-0.009492443341399018,0.006394119102324831,0.04075226344986983
cos_phi_ASP49,-0.024973834472179414,-0.005081525532734316,0.03333979845578883,0.0007957228394466563,-0.0097022389987948,0.008492867382242072,0.02287878526047906,0.007647119189209143,-0.002756615456303931,-0.03546950145626181
sin_psi_ASP49,0.03865171146829159,0.0067879212155477495,-0.046854427799820235,0.0038555320889229767,0.029546872399809642,0.002936812239521796,-0.017553872952466767,-0.01628305886180393,-0.0017425650627501579,0.03985019273940283
cos_psi_ASP49,0.019532366737659526,-0.003970882867547093,-0.02451203152616539,0.00011594204632460704,0.01731868143238877,-0.002060819840777703,-0.020201712967327822,-0.015187678189739356,-0.002578032081659358,0.027103297989844188
sin_phi_LEU50,-0.012188210698235887,-0.0009427736656856724,0.04058848342330407,-0.02489018713565544,0.041282995363116574,0.006665710206519477,-0.0013932923737331796,-0.03276514701803691,-0.0305370747333965,-0.06187042469815737
cos_phi_LEU50,-0.014202738856401925,-0.005071489770602064,0.03575749583491478,-0.017419248070869822,0.03055328003829443,-0.0008127669609042975,-0.0018363228145081522,-0.025302772784738473,-0.026594464277952798,-0.04644744330297067
sin_psi_LEU50,-0.02115505497004222,-0.01582444278470318,0.019566323058439947,0.028416067661776154,0.009325801262611656,-0.03558603235577721,-0.018893398999891557,0.026905779101213338,0.048615002486092185,0.10869177653368817
cos_psi_LEU50,0.02164292805921855,0.02039747041412611,-0.03405057560790688,-0.0291117993087684,-0.024379678349380783,0.036406885183496676,0.0247033447856579,-0.020715069554431854,-0.04968152807998751,-0.11378261721219599
sin_phi_LEU51,-0.011675273258469917,-0.011395061917876096,-0.10081422775244311,0.01646772260342003,-0.07827173130001054,-0.01724328722864504,0.04371997225703145,-0.009779018485688898,-0.026664647195501223,-0.14119530024046784
cos_phi_LEU51,0.013525051265392536,0.012919037518831108,0.110257020478766,-0.021096162160436662,0.0849590379704118,0.02082956781411716,-0.043085849664784286,-0.0030890935098240578,0.023146217226538455,0.1261702386991813
sin_psi_LEU51,-0.03362089861489197,-0.019732743484223946,-0.08788993897467459,0.04020922283600739,-0.12541774807217387,-0.047476859673223355,0.03415785453849198,0.041134744143614684,-0.0007685665458803826,-0.005613249459122921
cos_psi_LEU51,0.03594725233857184,0.016822395361733987,0.08994917088252338,-0.04086230978775659,0.1233844360581633,0.047577867887509215,-0.02534171277050912,-0.05748355289478081,-0.006574358233878176,-0.04027156739039014
sin_phi_VAL52,0.01828774974624191,0.011267892637047007,-0.10545279434126634,-0.000379830765932212,-0.05794362281442067,-0.003528302368943311,0.005299414902724028,-0.030274293375873795,0.011533897002273589,-0.11635405584314387
cos_phi_VAL52,-0.023550126809377247,-0.009461749186550676,0.10261923922466487,-0.0011379278672679766,0.04879146029561668,0.006953566147862075,-0.01363078688925269,0.03354108467055091,-0.004401392047456879,0.1006796992636104
sin_psi_VAL52,-0.02386209172308578,-0.017735737475314255,0.0007881769692849396,0.005600937309206069,-0.0262892463355353,-0.023748632039739224,-0.00433080724184906,0.022367490215984612,0.01579296390821743,-0.016686100805591887
cos_psi_VAL52,-0.022329788632876244,-0.013218805110818199,-0.010750552968868845,0.002656548351823854,-0.034237953358054664,-0.0291687609052084,-0.004168632791266389,0.022729799896943122,0.01275839689506009,-0.012268944258183092
sin_phi_THR53,0.0005606859151271443,0.01826706175539761,-0.06850046872212553,0.018262261885831504,-0.041766576722596684,0.0015284142951781396,0.0036595655952146207,-0.005635778613897241,0.0177759826062953,-0.01091396334834601
cos_phi_THR53,0.006010214713559027,0.02180055931359643,-0.0714295472359331,0.02027374232494849,-0.037885406031063364,0.008545401123844746,0.01067354094055191,-0.006823324862041416,0.01734092652076536,-0.0026055487746713874
sin_psi_THR53,0.032895590303456713,0.007534064619679638,-0.04344280186274432,0.0057451088730817515,-0.019334124177609276,0.03227705096774601,-0.0036507354791242863,-0.030071677229012286,-0.007239797855471832,0.010276667622570783
cos_psi_THR53,0.031390693854892744,0.008854798800751237,-0.04516438574466802,0.00794570681293033,-0.01968999799704516,0.03375575987196066,0.007116187343649892,-0.020666454684600495,-0.008290464182063915,0.010567103838818218
sin_phi_VAL54,-0.04276576943023293,-0.0949946094238195,0.0028201330127898797,-0.028248327748639473,0.07652571063754601,0.06738687960530994,-0.10629182699172333,-0.007480458297699362,-0.0029520447643837525,0.03780971608821646
cos_phi_VAL54,0.023036165125830475,-0.015720591682999847,0.021463374739300916,-0.0023438895012296815,0.030920120993883568,-0.03326378395806386,-0.04166596296504651,0.0035918839823824954,0.0030651977206552286,0.025500103724153116
sin_psi_VAL54,0.04770973814503739,0.09755657601456055,-0.017446961674119323,0.0309247864341707,-0.09954869935245499,-0.07062126781806226,0.10035997732809013,0.008249133072929524,0.003805955880996827,-0.047166587732746616
cos_psi_VAL54,0.007376204614949858,-0.004868728462895556,0.001751999006606735,0.008523063876211184,0.019025572409770316,0.026161780696416385,0.005406624030623339,-0.004812452120850595,-0.0200143904675489,-0.011156735628947905
sin_phi_THR55,0.03623745036662975,-0.020061697837437966,-0.08616884563870289,0.0010906444840864846,0.009104457459045846,0.06086533115157866,-0.026564451292707618,-0.014859024505958508,-0.009648914033025053,0.04986325560360434
cos_phi_THR55,0.026852251831508384,-0.030280804733472264,-0.09054924655114141,-0.006441376540892858,0.01076559096196379,0.07236035557555844,-0.04223943128492156,-0.026689403711614282,-0.005255788834328632,0.05858761159720659
sin_psi_THR55,-0.052221369107299125,0.0019336064296698692,0.07451683323906931,-0.014813132961088495,-0.02250823797493315,-0.025712493927990455,0.0037058895570749196,0.022579590539776324,0.008733343612575195,0.003269840763999113
cos_psi_THR55,-0.06277391261277904,0.0011399019655797373,0.08093812311316821,-0.019403004831400745,-0.03005870771757774,-0.04026168230951956,-0.004734349720270738,0.025497881667748773,0.005144016445155504,0.01148341734024573
sin_phi_VAL56,-0.007656083084451014,-0.01338549266441935,0.043675568093241364,0.030301468636135486,0.06195006082651249,-0.006324439948375917,0.011809755974083685,0.03955043568790695,-0.034533932152291565,-0.060036118578720106
cos_phi_VAL56,-0.015356649838143947,-0.015740550761652306,0.05274448632453548,0.034214987166393485,0.0675703250060282,-0.009809387849982344,0.011231428786983954,0.047265508032417795,-0.04130977757046395,-0.06287677547569047
sin_psi_VAL56,0.10396271855031682,-0.04552797124489376,-0.032561664795023294,0.022100998907564926,0.0341589669453941,-0.03746054383228645,0.01366877943286958,-0.0035198835573257673,-0.012874565226264095,0.02146060219421074
cos_psi_VAL56,0.07425109815680547,-0.038318510417362894,-0.006257120584420849,0.0030091573766676196,0.01922109369322161,-0.06658711408563932,0.030087737073651175,-0.0007414497640954061,-0.024466329336602123,0.02969160691054931
sin_phi_ARG57,-0.03344617207207849,0.010257532829215463,0.029838131781735996,-0.019523425529409437,-0.04667201265553517,0.02892153022150324,-0.02418115852593931,-0.009202461794255882,-0.020392883141102353,-0.02748214318663242
cos_phi_ARG57,0.00560969598847177,-0.0562885222074281,0.01566474454575719,-0.02635937853794136,-0.05669390637212725,-0.04002660541266107,0.020371892650731405,-0.002622459982427716,-0.021562892823615128,-0.0058390741756435246
sin_psi_ARG57,-0.02043167808037192,0.008709908389047146,0.015635656148351783,-0.005855873826794481,-0.03342893737689437,0.03352290191006705,-0.033350452860181234,-0.010494767476229471,-0.012941123505645843,-0.02831314922222903
cos_psi_ARG57,-0.047414533702155225,0.013828856015850828,0.01710776324597628,0.01059837459780201,-0.011098641623583917,0.03758217181490205,-0.029209254982879403,-0.023088861331899215,0.003369713800657571,-0.034318297353571656
sin_phi_LEU58,-0.001293710413488911,0.014866754141560658,0.04793120000885132,0.0008745243178631632,-0.042889342146969225,0.008540934719662498,-0.0273545821106753,-0.02225795189387799,0.010190477479369608,0.02342819576885938
cos_phi_LEU58,0.005645711366167878,0.013533359292559827,0.04528135770040645,0.013256788742729888,-0.03265318125418202,0.022797468422531178,-0.005600230641802839,-0.0003108877887886621,-0.009020239425574684,0.017642180629085843
sin_psi_LEU58,-0.07902553307476161,0.020471158414508295,-0.011194709951645728,-0.04219869340498462,-0.015406489296888029,-0.016848228637843146,0.0006421378147768832,-0.02105559820184326,-0.007333419569586336,0.03838149634251787
cos_psi_LEU58,-0.07332422873996722,0.016902221060141345,-0.019762899428593484,-0.034662932421417554,-0.011768930877280252,-0.013840279507353384,-0.001414389790346268,-0.015575660159161318,-0.011036330973103454,0.04783841579269068
sin_phi_ASP59,-0.033422998733088335,-0.047357414663169686,-0.0173831297838062,-0.06265812431217412,-0.028398420191418194,-0.03208561473235471,0.010910202400127755,0.030240775154422143,0.07626405762517798,0.009820528334854955
cos_phi_ASP59,0.03489180085500112,0.04823638179110335,0.016113718506286605,0.05235813949628523,0.0352793730002131,0.02766061271911746,-0.009463991597969401,-0.03258229688030204,-0.07215422578803027,-0.006098918126911632
sin_psi_ASP59,-0.0027052732922330496,-0.034868457254851715,-0.034015027045965915,0.05190332449299701,0.013168273351329961,0.011274213072195522,0.0036800682657868278,0.011515600807874428,-0.02319657255122605,-0.031124867275934828
cos_psi_ASP59,0.06659385405136418,0.007668720953879913,-0.020071365241321644,0.0005092087001583301,0.048840975724920875,0.04842076442503325,0.03634755776303883,0.053418983494043705,-0.05853823901213237,0.007486094297090488
sin_phi_GLU60,-0.022539483760102914,0.01632472441928355,0.056128511054388895,-0.09672231837855962,-0.07013786354278218,-0.06134278472283928,-0.02700015864190707,-0.033274685568773,0.08290285883942315,0.07225217741222031
cos_phi_GLU60,-0.037338360380768106,0.0002257269718250025,-0.02224960202792751,0.07736496469129156,0.02584779479537821,0.013911415810691117,-0.013956640561863763,-0.02501733340436277,-0.030354033926444507,-0.05833094035685987
sin_psi_GLU60,-0.032399695758667836,-0.018517459632435188,0.054850800010702846,-0.03735169626689204,-0.09785616396201116,-0.03671397271412962,-0.047704891756497926,-0.03791324037313622,0.058533607566414465,0.01615824403951034
cos_psi_GLU60,0.07164013535774275,-0.02814923777631064,-0.03557862165986806,0.09072865830851563,0.03299100665677469,0.06869378166967632,0.01159885699743426,0.03994393283097925,-0.05567592770467195,-0.036206347860292025
sin_phi_THR61,-0.011259667240083959,-0.006812285597645748,-0.021758259483862487,-0.006878651023656827,0.018444332491177117,-0.0008332418083754542,-0.0063462383431038445,-0.003260220583600313,0.01298365129531808,-0.013144241915525285
cos_phi_THR61,0.021071181761760805,0.01008491153036412,0.011169389475042002,0.030406479857562133,0.0008061476269591804,0.020300733670075916,0.008219450364914385,-0.0009633116774981288,-0.020210956055124685,0.013094880851863087
sin_psi_THR61,0.014245126168031735,0.010026307587799677,0.002269250965946409,-0.013427838911952412,0.023585222779024823,-0.00018827574974958393,0.03146330503721385,0.010039611998126677,0.0035580548775654692,0.037245241280684786
cos_psi_THR61,-0.03304418337385106,-0.020598984667347924,-0.029083559535338237,-0.0078945945230594,0.00696150564211075,-0.0005046002951802499,-0.0373133543911574,-0.010262345628357854,-0.008204438936953126,-0.03326310491203614
sin_phi_THR62,-0.017463717484088728,0.011651303026944313,0.00689887392589841,-0.024370479281001476,-0.004790048070447615,0.0021255490966976577,0.02376308404775631,-0.01423402774634431,0.008192137922370828,-0.015980818284726195
cos_phi_THR62,-0.012801969578037933,0.008303518863520836,-0.0007885474092243146,-0.009996797466142245,-0.010606428294853556,0.0023623596746592886,0.009126730309691035,-0.017347783293426768,0.01774917033149215,-0.015137464702595008
sin_psi_THR62,6.332406808348135e-05,-0.010355786378125542,-0.0016925101125923013,0.025475193678429337,0.0031260797899529103,0.000735462921629907,-0.019064991831837658,-0.002217304595355516,-0.0019430681370484074,0.007141800761726214
cos_psi_THR62,-0.003261201010986826,0.0010236463256727947,-0.004713382345835554,-0.0012188305314262975,-0.013016413346949642,0.008970210330797543,-0.0015225320663766167,0.0032307169332910627,0.013289710966711984,-0.006402619192366301
sin_phi_ARG63,-0.0014256405793977515,0.011355554826165532,0.0497188659903471,0.02050234292744519,-0.020516236751092855,0.0220770075031539,0.06053480139738443,-0.02752016775975741,-0.02091511578627325,0.012354692469883095
cos_phi_ARG63,-0.0020130829420929334,-0.0031518025556267785,0.029838272416743413,0.011508726708181455,-0.0298039176759947,0.016689768922700576,0.04401682441987587,0.010343642528764187,-0.006306290983072147,0.01424724885154772
sin_psi_ARG63,0.007271452651111407,-0.01048651777743521,-0.055206750361025986,-0.019315279937748547,0.01329851935626986,-0.01931243615353597,-0.05021152106761979,0.033106427568697035,0.020007067121391386,-0.002024351889284282
cos_psi_ARG63,0.001392098856185045,-0.006872298531486653,-0.05065282417662595,-0.021269587624661704,0.027215270082470735,-0.023324107395735316,-0.06042795625654508,0.0188074219934708,0.016566922406706604,-0.013230773560554104
sin_phi_ARG64,-0.02098652962586519,0.013349194168742499,-0.03382376825248138,0.07074095757173902,0.01240507660340355,0.011660813856228368,0.022420339727575237,0.00948384921780008,0.020258240022035585,0.02451461413603668
cos_phi_ARG64,0.0002473551746414881,-0.00863364959721685,0.01170046452463032,-0.03869885443260364,-0.044736701857852966,-0.02438258142295556,0.03371387628876968,0.04321525786179194,-0.012476251996426135,0.03896180117585933
sin_psi_ARG64,0.011857462119182503,-0.0059564417439918,0.011551623654250453,0.026998828265244027,-0.0023682456811900086,0.007911278717141134,0.013801024197743005,0.017012840850362053,0.008126887645352049,0.007980137564718501
cos_psi_ARG64,-0.0034405709184884255,0.0034254439584930547,-0.0045081725407046525,-0.016863557467968936,0.01326431861614149,-0.0009369162817543409,-0.008647214269762763,-0.02954251886818181,-0.009937200978320286,-0.009294484951548823
sin_phi_ALA65,0.11153641025218478,-0.04544732158914475,-0.06316045508867019,0.060459349984737246,0.051640320534990895,0.009578383531465581,-0.028786175392001685,-0.00017352593744052573,0.006204102071587215,-0.005628934369808338
cos_phi_ALA65,-0.0902822957592774,0.026793548424891084,0.06330182735518423,-0.06587509503464199,-0.02398493356436502,-0.016175669743271653,0.010829734912007857,-0.004137381508456044,-0.024343933074470827,-0.041933415721661454
sin_psi_ALA65,0.061364235449782395,-0.059227388745287934,-0.0030603064380018623,0.0033463004775122814,-0.017893737034016814,-0.04480040677014715,-0.06805647862699793,-0.02768475652600726,-0.023653651617643053,-0.03487146196605637
cos_psi_ALA65,-0.04884370572779374,0.057651775989465845,0.002308325777552592,-0.0036868264211356696,0.013585554810280908,0.03449020668206471,0.0580977202067989,0.03168265363148482,0.02437293533583285,0.049984224499757236
sin_phi_LEU66,0.036233041711087,-0.03411140211536251,0.012238442061660882,0.0015146299794959472,-0.019005423198706597,-0.03247571641727167,-0.05062426777028503,-0.01603516420156788,0.010653843081781678,0.009310229902709972
cos_phi_LEU66,0.05533413421387851,-0.020329798133680584,-0.037498250703790495,0.018891976721714318,-0.006830381328670914,-0.06342625942513617,-0.07730920789178809,-0.0032122690473316757,0.0023207621800413196,0.008755279640297046
sin_psi_LEU66,0.0886653920050767,-0.035997277979148305,-0.04746263550479648,0.045872731687368405,0.028601277026931205,-0.00035062191473027657,-0.03653299788286573,0.0031065253968565075,0.013400976962909228,-0.023846519103883954
cos_psi_LEU66,-0.10189023085133496,0.04958479187857546,0.040609903191459226,-0.04431024558676333,-0.03557358656377107,-0.0029915025181900617,0.029111402289846648,0.008530041603823259,-0.004555168537606167,0.0004750042885920522
sin_phi_ILE67,0.06645425755315046,0.004625449364356751,-0.09625319531294096,0.015468007358561657,0.03234576050396313,0.0517075721428704,0.02862543443781089,0.00666092150355871,-0.06980903765379674,-0.025914546698378924
cos_phi_ILE67,0.05675692197224462,0.008495377534935964,-0.09757342553765538,-0.0028780233178706863,0.01424254327139049,0.030807871553173737,0.018382982255087544,-0.004354900546224537,-0.06729544682952276,-0.01627066219713701
sin_psi_ILE67,0.02644988948551493,-0.0406707826271022,-0.00010204659073292188,0.02381348944726,0.023792143361206254,-0.017495987829731986,-0.012081281655931782,0.0072867339196228485,0.002506579484355747,-0.03843418074801752
cos_psi_ILE67,0.013383546658496353,-0.03626640050060894,0.013754193806326835,0.018047858389311267,0.01829197880990992,-0.02642835698887605,-0.0177905512753051,0.016245788518149378,-0.0031490701994097295,-0.04061656358462455
sin_phi_ASN68,0.0042392140214608945,-0.009023415263664045,0.013535448404379155,-0.03975340826919709,0.019469013167017067,0.005989791043530595,0.016270831394905476,-0.022105598472186447,0.0046493699810075725,0.03811881195648042
cos_phi_ASN68,0.0041724341409880164,-0.02948132296300491,-0.002700970298216301,0.005711955737965309,0.004417799625736191,-0.0823156430201802,-0.01845190343090598,-0.004330059300314803,0.017188720617334324,-0.05871731889092072
sin_psi_ASN68,-0.015312335403156073,-0.0029201676980826386,-0.008816083817337736,0.0189226344691448,-0.034500116881084994,-0.05329661609619709,-0.02894053029592348,0.019028555403641456,0.006261831018061268,-0.029686622553505567
cos_psi_ASN68,0.021017655696066766,-0.04055383146395414,0.007524538035080271,-0.013533643663534834,0.037515136853579135,-0.06327416271866605,0.003919440175614408,-0.013666280506744618,-0.007302823621876628,-0.054637640886730995
sin_phi_ASP69,-0.025332263251127096,-0.006414291079277909,0.00819524517537693,0.0014759316556699458,-0.023380123990614867,-0.0876446575956566,-0.010654656779517211,0.008659215232590068,0.03397576406407729,0.00012398440605656876
cos_phi_ASP69,0.024811407490776236,0.0013562545788345496,-0.001654240088751413,-0.005178670023041308,0.02445425898008576,0.07518285097743091,0.006208332061038716,-0.009856429551641198,-0.03303576931022375,-0.0020693597833292238
sin_psi_ASP69,0.005611182353948227,0.003252842541174129,0.0016139968963551862,0.007549919371057994,-0.0021631901539078983,-0.04500418889602062,-0.004686114505238665,0.016734658221262896,0.04179857861723054,0.016176522415909434
cos_psi_ASP69,0.005497074307593588,-0.0013269804165773425,0.004532030133726406,0.009036044654605483,-0.001393675820950395,-0.0475718989258889,-0.008287363335267394,0.016965839710542167,0.039479595499857474,0.016141106983464364
sin_phi_LEU70,-0.02074381644828788,0.01040398800101023,0.011439003137942534,0.0002350722181818452,-0.008686419553870606,0.04171128027288824,-0.0057506012338454674,0.01507599247295691,-0.010904878289421849,-0.02940250031729837
cos_phi_LEU70,-0.0185237141325205,0.010185311905482492,0.011053044631639452,0.001142667127423719,-0.005528577331629721,0.04219397594668772,-0.004630995897131127,0.0132030944557002,-0.010327559797929526,-0.029913006126405413
sin_psi_LEU70,0.004811112412202412,-0.07241139288315679,0.04971317969876061,0.049390300572750914,0.03608806776185804,-0.027735413294828124,-0.015387511677569729,0.029997581151378405,0.012418453275957024,0.049261165434781914
cos_psi_LEU70,0.005651833021912736,-0.07529891466482838,0.05558094409408984,0.05372264090640801,0.03928592202132533,-0.03151443390276569,-0.015272731973860407,0.03538417776702047,0.016749900555514192,0.05342091260889625
sin_phi_LEU71,0.012379250671727642,-0.0681946593210123,0.073269854746475,0.05070754886795988,0.051150466611254476,-0.012887261624439714,-0.007700557187927269,0.01984431300328872,0.02065761432713949,0.0669630807486175
cos_phi_LEU71,0.015525773481640309,-0.06770105564071065,0.06767583617739738,0.04090813767773546,0.05314066750681733,-0.026009044555978262,-0.006930598609353704,0.016645094931409355,0.01566566970279987,0.06802866051885244
sin_psi_LEU71,0.01103091385104996,-0.0695970272254717,0.07548042387298408,0.04443787968638891,0.050178382392409675,-0.014187745454414213,-0.015206748778238263,0.01869513278658442,0.01613602129284791,0.053139295003919215
cos_psi_LEU71,-0.0051095308381423855,-0.03907345247418716,0.05050034686173471,0.022014076491813292,0.01499347742068695,-0.0023860893328370232,0.0014912820862031505,0.00946848537815457,0.010669625161461374,0.06349427557204472
sin_phi_GLU72,-0.005388986595653301,0.009642730596136379,-0.004424682216189174,-0.07219804291679228,-0.06471327669781854,0.056717385698432925,-0.029079352256094062,-0.03643099966666695,-0.011739177967465236,-0.051569333267289234
cos_phi_GLU72,0.011744529680506984,0.008096539214415725,-0.02636713668681326,0.020037049673374153,0.03614212640600339,-0.03329826337142707,0.014508879260548047,0.02434261484936241,0.006657284919922225,0.03535524642425227
sin_psi_GLU72,0.0011040166396350175,-0.04380163601002935,-0.0029881613491127158,0.056426107284350734,0.0493161471846075,-0.0374651791391918,0.0453361316713172,0.04984602586036058,0.02399101417136669,0.01967719874580534
cos_psi_GLU72,-0.004241478649770283,-0.011664650266348291,-0.021556150734876385,-0.03836899892509239,-0.03756513195625311,0.05379825448877186,-0.021825176441286502,-0.026982108814120546,-0.006984327047505383,-0.05078369877971017
sin_phi_THR73,-0.005202085544258018,0.0026525547003363116,0.0007567126227597339,0.013632860766043925,-0.011364723400473719,-0.019371325502274866,-0.012304840501761312,0.02751403760385549,-0.01355484405774854,0.018891518044843868
cos_phi_THR73,-0.020293593365556542,-0.020532133198544744,0.035414954168848344,0.04979072313573656,0.031592029053254186,-0.021193699747499007,-0.01040749799432457,0.02332503976162526,0.036620786428900716,0.015166879632069565
sin_psi_THR73,0.003488777709687168,0.015362750138078234,0.00031442673415619187,0.007759531650556873,0.0009670721059694408,-0.0035778912776653375,0.014827222299574786,-0.0057065792990346675,0.020396360588203127,-0.0067024697921019534
cos_psi_THR73,-0.012159676928173675,0.003386943294916794,-0.03713594596809713,-0.04142880185335227,-0.012321020312956194,0.003900709928909713,0.003161128659397872,0.009370136800119564,-0.0015066881153739471,0.003457114363428742
sin_phi_SER74,-0.01625643048753804,0.03631605277119209,-0.07556613073217334,-0.1039016973586834,0.04077870453197514,0.05126327714311582,-0.01968720027332306,-0.04423548312761787,-0.015831199916087273,0.011657638956980966
cos_phi_SER74,-0.017432824962446865,0.03076922963923889,-0.08412264644297689,-0.10358972335594883,0.04693077705284049,0.049610580172632736,-0.01958056216819553,-0.04912245328878336,-0.014351482139082808,0.006264087506848402
sin_psi_SER74,-0.0024125678303528186,0.05156364671709214,-0.0776582722974507,-0.11015355707217063,0.011297872014440501,0.05800626133734058,0.005371241506419889,-0.03525994282077109,-0.036471885062662614,0.006724587450923668
cos_psi_SER74,-0.0038246836883598615,0.042982823435737345,-0.08337779577764222,-0.11061552990448496,0.01779482764366172,0.050553609529154754,0.0006746440555225492,-0.03226006541962918,-0.033720338602783236,0.0054529760577571714
sin_phi_ALA75,-0.020478088659339228,-0.014261320264899032,0.09555795157638264,0.09244039233071494,-0.014547525055306125,-0.017588039024062144,0.03053927213913912,0.03182489125149788,0.021993412810596608,0.01728076815472737
cos_phi_ALA75,0.023709816031291412,0.02333043822070992,-0.08686207365517591,-0.09167982233771003,0.010936369497110226,0.028814117370387474,-0.026125139965581964,-0.03898201340449039,-0.023681790381065902,-0.013324171897164394
sin_psi_ALA75,0.003879593416436329,-0.004731196741865175,-0.0573680462464058,-0.04555475052983451,0.0173575048655283,-0.029973416015334747,-0.01887611623710475,0.013745473645925904,-0.010680937317834493,-0.004385254873916849
cos_psi_ALA75,0.0060667035315194314,-0.007661947402307491,0.06447598429649654,0.08263904510682198,-0.011715392249549119,0.015456881134474654,0.001193085717417601,-0.004661781548389125,0.015887254459386792,-0.02639079345027153
sin_phi_SER76,-0.013529256352221934,0.003192003700903966,-7.078975630723478e-05,0.0011784369485643813,0.04426477611744593,-0.0923764870750533,0.0004545168739485224,0.015350668887384348,0.008432696954243675,0.050208820085325
cos_phi_SER76,-0.014933327077845254,0.021043033468752623,0.011734875882771084,0.004121237670380277,0.06218826343045273,-0.06816206082069028,0.008779951056367656,0.01900051564077791,-0.008252671230874866,0.0327326102303586
sin_psi_SER76,0.01681505193754441,-0.012078921631674393,0.002247054420877734,-0.01128960655465853,-0.03980746286944737,0.08329041121501861,0.0006398453179796227,-0.027223717702744517,-0.01018669038016691,-0.04142719230364012
cos_psi_SER76,0.02166067380102346,-0.01827318988748155,-0.0017244033430286131,-0.014831423482471932,-0.04958904476149868,0.08967199219729353,-0.004794735567628682,-0.033341684777640525,-0.006047629064578392,-0.040544080893761866
sin_phi_PRO77,-0.007764607959483336,0.015773300676850597,0.006916016126177725,0.0162235330993742,-0.010542645649811621,-0.02693513781692033,0.0199281137561404,0.009861509305519456,0.0016119877639002226,0.015389278839706333
cos_phi_PRO77,0.01012056028915658,-0.015237750660407478,-0.005652373618871376,-0.016605559095271043,0.0068323311890044975,0.025272320658615347,-0.018642255118732645,-0.013776296963772418,-0.003525777317581294,-0.014529963297532662
sin_psi_PRO77,0.005760814292019645,-0.003995249896722234,-0.001385014759232493,0.01635813931864742,0.002024728345805321,0.06518247602561722,0.005575114385402641,-0.034648665777548715,0.0030339811443399188,-0.02480414702431835
cos_psi_PRO77,-0.005106377538964,0.007488256364618385,0.004718755958284427,-0.01525219810929695,-0.003377384641708699,-0.06341187032207012,0.0010521558171442118,0.03747305865710759,-0.002517948380708074,0.021364468551798927
sin_phi_GLY78,0.017283965336187538,0.0008840295176585236,-0.019299249200781906,-0.010394819544698551,0.011175766861662627,0.0271168806938595,0.0036442083949796544,-0.003521287436186519,0.004527391804269339,-0.01026192231667769
cos_phi_GLY78,-0.015374604497982914,-0.0013074649314826433,0.01781804035813716,0.007107045994910355,-0.010467282781807264,-0.02950711386256569,-0.000639127260817204,0.002561582073748311,-0.0018334872722184175,0.00975884684842566
sin_psi_GLY78,0.03252746111915975,0.007207784442326101,-0.046586344042925894,-0.02638516860438749,0.0345651599050381,-0.039241145402691,-0.0297734259672602,0.03678196849563973,0.002434662844856745,-0.01308642540138277
cos_psi_GLY78,0.022837578247252112,0.012730268284695229,-0.040951440979808476,-0.03153889364740722,0.02800366085302952,-0.03274289368746486,-0.028685911184480502,0.023938864557648768,-0.004629010537955527,-0.016855165438012035
sin_phi_GLU79,0.0018568008552305483,0.022929504656233852,0.003563336860647047,0.007148652777659446,-0.002718953734141581,-0.033971451490225596,0.008317323816715143,0.00483216308932823,-0.01144551246679789,-0.0077765517964355985
cos_phi_GLU79,0.0006088065373114735,0.026807626799282086,0.0011547829583732814,0.006790621121127846,-0.0007284822704898981,-0.03834580847643525,0.009348638324182916,0.003748460376738167,-0.014649158223363223,-0.00520215606742188
sin_psi_GLU79,0.005425423117862861,0.00720998269195937,0.024190502449113162,-0.014222589378729921,0.026224752290971355,0.03854271024015601,0.013049583188664445,-0.036051053781397106,0.009072286933505078,-0.025574137055952306
cos_psi_GLU79,0.0012699584393637536,0.00401569667862129,0.02289866869427439,-0.01126404844904509,0.02508747663589666,0.0350357277482545,0.01028656373343356,-0.030661042479915822,0.006466959292018588,-0.02904134930648977
sin_phi_SER80,0.001406264979070298,0.00451110084659526,-0.00435038221844379,0.0006608558561798687,-0.009552572394774408,-0.007448306714546599,-0.004248408559291905,0.0126410161700824,0.00950131903356125,0.0017578224023227674
cos_phi_SER80,0.009567011964590061,0.006392707203483654,-0.0026309318565264713,0.009302677944429098,0.002507340116305326,0.007198844871440282,-0.011544258810951776,0.020409058511931023,-0.003930990428302936,-0.010542064994425079
sin_psi_SER80,0.0030595497179561615,-0.010498584468776337,-0.0006589826249321265,0.0009044377643589557,0.00708245734464556,0.009568752664135243,0.006356360345944791,-0.01509570856166143,-0.011361882605183152,0.0037589909388971317
cos_psi_SER80,-0.0011121015132489664,-0.009251146378993505,-0.00032895921050251264,-0.0010681064022056053,0.0063590676765657725,-0.006134705021383953,-0.004943537374691757,-0.008189914238665311,-0.0029048153570509863,0.004658372640570195
sin_phi_GLU81,0.022597872645414345,0.003443183689367987,-0.0067901022768238175,0.009787031655571295,0.0025055044062007627,0.003300546943921595,-0.006462628248387521,0.003064882233604184,-0.010109401818958802,-0.05983893799464627
cos_phi_GLU81,0.020398236413981495,0.0017042705727148646,-0.005058487898141202,0.007850513058094862,0.006741903547351535,0.0015858315396440703,-0.0020217255619504955,-0.0025464895595840695,-0.014980131443724875,-0.05309826874928014
sin_psi_GLU81,-0.018282985503208265,-0.008400954305484126,-0.005461105662552027,-0.008498362313891157,0.021835298342381147,0.02669006419166319,0.031241170412666597,-0.02193573506047203,0.0034996338674724518,-0.09476319997970274
cos_psi_GLU81,-0.009999871875317434,-0.005229788344210884,-0.011998855143099067,-0.011448053753652227,0.020511819696829598,0.019983068367210106,0.01195210927517059,-0.02407538462208256,0.008063412590348104,-0.09146804902712398
sin_phi_ILE82,-0.00872680375795776,-0.01778735915131488,0.001451904016701733,0.011174527559193513,0.025148806979918597,0.0024225978537618354,0.009777113421859057,-0.030986976774655846,-0.016475461768099966,0.013314153883769072
cos_phi_ILE82,-0.011205138888306473,-0.02870073331493008,-0.021737524506848023,-0.01687991261558189,0.041867638296674996,0.0016121719222683408,0.022094090358845048,-0.05678847182803642,0.01046097071497721,-0.04282721846210828
sin_psi_ILE82,0.004988777681416202,0.014138513991898003,0.0011726944799311018,-0.015259787476345129,-0.0253429638197315,0.010342338769929689,0.011428122948947643,0.028683528742609658,0.0017138881500111986,0.0030314207175968022
cos_psi_ILE82,-0.029320843904608238,-0.030572604211757476,-0.016960111217620626,-0.018112751135141533,0.046540665726366705,0.0035718943491641455,0.029798057151629538,-0.05497145895754914,0.004245684168772186,-0.062296988835002995
sin_phi_LEU83,-0.0021140741248105084,-0.015788164038365693,-0.025513976636672084,-0.01164013153263088,-0.051362090658128565,0.02919176873696941,0.02151485346681957,-0.021338971639346015,0.018933845560923028,0.057783256970720065
cos_phi_LEU83,-0.002342820539051138,-0.016958655241647937,-0.023219699171574303,-0.010054648456151182,-0.04821802564132654,0.029987862329584652,0.017718709020465694,-0.01755482254634647,0.01848367480305342,0.059044507843502826
sin_psi_LEU83,0.008976607025816968,0.033300373511230594,-0.005919800581475227,0.028404515046957225,-0.05423512092120051,-0.0022533991183363144,-0.02394753611039896,-0.008430407026992506,-0.007896737671173262,-0.023670596055031332
cos_psi_LEU83,-0.007390192941727006,-0.04338821347329235,-0.004154876242102094,-0.03022814599208638,0.06027509779835522,0.002574644130443026,0.006465079880002125,0.030812210749539392,-0.01741111186862496,0.01690495969486952
sin_phi_ARG84,0.006968603873754689,-0.01244629859566351,-0.009785327424235133,-0.03558864346612208,0.016621353249197408,0.0038713369253423014,0.008048712365408432,-0.011150545570100453,-0.013704868229423099,0.01641830853358578
cos_phi_ARG84,-0.01660219639571025,-0.02839553899699024,0.008654065869511866,-0.030394814956328963,0.01782320515937599,0.017882792367231372,-0.017905922703400617,-0.023029660783630494,-0.014584359872651052,0.038400359968709136
sin_psi_ARG84,0.017715742835231113,0.03364466635652348,-0.003513243405284927,0.024395171943075934,-0.02810674237361754,-0.012061245686100827,0.0080411010452257,0.019674075219890574,0.027589131026669645,-0.016752926576024396
cos_psi_ARG84,-0.0037034979401623985,0.019534497432501456,0.020819613826742557,0.02789575592791484,-0.04442938397191174,0.03074444289384023,-0.020286903085153015,-0.014950097386039442,-0.0119831395050423,-0.03220022003670783
sin_phi_ALA85,-0.006861672753147754,-0.013864668681760497,0.009136428851916028,-0.015201809118577728,-0.020363281748788254,-0.03369320709749107,-0.0005791078684917461,-0.025907587669677837,0.01289812653610513,0.017421264081100226
cos_phi_ALA85,-0.016232281140096422,-0.028689689458309266,-0.00972748662798471,-0.03874260033288581,0.013304169136032577,0.005986323836723143,0.007205145687397587,-0.01073599102320257,0.01574439943989736,-0.051240748326325955
sin_psi_ALA85,-1.603155041348624e-05,0.024973020608707507,0.024013314735982873,0.014905755470222519,-0.035212606762935895,-0.03805106970995207,-0.013683727209508246,-0.02772332668374147,0.027968809122263707,0.06203428120989025
cos_psi_ALA85,-0.03900366073023832,0.019107839076519615,0.03936141107213125,-0.04716856904476397,-0.0789175488844622,-0.049630801937707796,-0.04079143096344177,-0.06249619424082544,0.08704263342626906,0.08082182046031483
sin_phi_VAL86,-0.021232541862419952,0.03161637537579183,-0.00042631200982322023,-0.026743448723514553,-0.018388854883973203,0.02330375722841956,-0.13561956800702532,-0.051445718477846916,-0.016106302432785814,0.04316803615127715
cos_phi_VAL86,-0.002661668502000465,-0.03764103151446299,0.007282742584619078,0.011730106802877185,0.012664356367690158,-0.017874164803012977,0.15055380955826123,0.019590978832103863,0.011647288660564215,-0.07104924133104804
sin_psi_VAL86,0.0027634504773726867,-0.036345118735169796,0.016632655986188728,0.015198948330008804,0.01095084662197466,-0.019131365857990797,0.14985055116481685,0.0440335103057844,0.02985629158285027,-0.05521484218835259
cos_psi_VAL86,0.015757466669754708,0.019702887576140735,-0.021786167551243088,0.010513685055986826,0.005446639480878698,0.0022879820173683806,-0.12075565156025245,-0.014428955831026104,-0.028219998118177075,0.06361752148344847
sin_phi_GLU87,-0.010553958947363178,-0.010273561930954191,0.019803610236676223,0.022390167658832522,-0.0013938786883183787,-0.013998428115851759,0.0319192184162022,0.00439075128686733,-0.0014250370601475249,-0.0017774679675771612
cos_phi_GLU87,-0.006057288563581315,-0.00551193275531936,-0.008706542975374069,0.011158506935072938,-0.0011468418982428447,-0.030976640340672493,0.0214921241445223,-0.003038880449882396,-0.0047981981886670326,0.0036206151581099715
sin_psi_GLU87,-0.01920006846275402,-0.011298620891121054,0.013388779003036862,-0.01718220682103158,-0.01486076759835681,0.007527569419610471,-0.004917296526188225,0.019541333097551516,0.011827476161997317,0.0004900782741845954
cos_psi_GLU87,-0.019979864175696714,-0.0069808045375562835,0.01561890141943853,-0.013835289315265092,-0.013838623385328229,0.009335331207824761,-0.0033813993981709864,0.015114898721405192,0.004194237195903114,0.0006238111991078643
sin_phi_VAL88,-0.009844298243633845,0.0019682321838113523,0.015741311145264038,-0.010942763359357581,-0.018410731133044304,-0.026959622396846596,-0.008890259470461046,-0.024520370321389262,0.03949567890511552,0.04390263210368809
cos_phi_VAL88,-0.0024613244284655746,-0.009503888318273285,-0.012850280475394002,0.017744604299092075,-0.012167300901625046,-0.010442694292184588,0.018077421203441853,0.019366068948700493,-0.011608275165018047,0.01937080646919639
sin_psi_VAL88,0.051079934290645924,-0.017222504676094992,-0.051077875866904425,0.06634761989847411,0.06664771093738804,0.06472675857152087,0.04680283515182747,0.07696921389152889,-0.1045604816332756,-0.04762843219236753
cos_psi_VAL88,0.03964291504294483,-0.0015316900732492663,-0.01697401363439111,0.035882884101018406,0.017976860834049164,0.01980727952411978,0.007326556182069119,-0.00887419711766205,0.00025190371545470513,0.014825083671528174
sin_phi_THR89,-0.03843575136040311,0.02309106947382216,0.02717106685044043,-0.00770108536701902,-0.04665792057464703,-0.023707802632508535,-0.0051970650227797476,0.017359462109252256,-0.037879729416115955,-0.023725034367640053
cos_phi_THR89,-0.05045377539612061,0.02400375004309379,0.04280841434649264,-0.021608752338282935,-0.02970029689130667,-0.0466825033369832,-0.0010956238125937217,0.031690225601629186,-0.048780287158168886,-0.030400215540009483
sin_psi_THR89,-0.05371040410790948,0.014358618354641863,0.03467514711006293,-0.032378640449203376,-0.046592166411156204,-0.013036645373876351,-0.02243271626883021,0.03553808100456243,-0.07313899796986413,-0.03223386545432398
cos_psi_THR89,-0.0690543455803147,0.009494917945156561,0.042204734812734186,-0.03399529494996533,-0.036690525672471525,-0.03667525073162677,0.0038476471592657695,0.04510105285234203,-0.05567127302381056,-0.04709909089897522
sin_phi_ILE90,-0.0038072035230100596,-0.05589030698394833,0.007823102720206476,0.01841620284064405,0.03432834423945489,-0.040830249591730025,0.026685315235176137,-0.026134712387900935,0.05633441246053789,-0.04365552226232461
cos_phi_ILE90,-0.004167572927726307,0.045730522706911685,-0.004197533692846225,-0.007554339962365578,-0.01433473100665758,0.02296042272484346,0.0005728907068920777,0.0031518666412614646,-0.020301961933586278,0.028187095185986003
sin_psi_ILE90,0.012754147759951068,0.0475478876789292,-0.008948014708174884,-0.02426967546124625,-0.029225636151092676,0.039095006608526446,-0.03915694600458931,0.03562463392041807,-0.0557116520818027,0.04349530850453363
cos_psi_ILE90,-0.005013428719681485,-0.0386295171055749,0.008258550758032553,0.026584004324105383,0.02006558960674889,-0.028953202387758947,0.03004813305347151,-0.03509141846936026,0.03809612866595229,-0.027281923570283258
sin_phi_VAL91,0.03646933852030619,-0.047923182109079206,0.020327651290771954,-0.011698147698201997,-0.018979769156122577,-0.015688793058795312,-0.013572036939551791,-0.035734753478119205,0.03982417829765402,0.022604334911417955
cos_phi_VAL91,0.04218098755817452,-0.047600471693624476,0.021942990306811853,-0.009310286038771832,-0.01338198878789244,-0.02375789804399405,-0.0047532799845878175,-0.02353949562540482,0.059081018031499025,0.02071720821754073
sin_psi_VAL91,0.032923452477556105,-0.01887236458420334,0.025972601723070508,-0.031528906155093794,-0.0394020369946564,-0.04209955609158472,0.01741576912984774,0.0016943479358456858,0.041551686951177634,0.044370755228755776
cos_psi_VAL91,-0.011901509727923804,-0.003176171935642461,-0.008088336735558258,-0.006620798709248651,-0.00416756215714163,-0.013142813574359492,0.012697248197231005,0.02038836738275014,0.0024389492645264677,0.00602316769126839
sin_phi_VAL92,-0.0025300232625397106,0.006370579852498184,0.014445926238639554,0.007961841080012206,-0.02313009548634358,-0.011109688438480978,-0.02193595498369764,-0.0312646111926739,-0.0018035131067607828,0.04189588055777021
cos_phi_VAL92,-0.003516557364056061,0.005407825904335926,0.014417820512844468,0.0078119022752658725,-0.02153880731222629,-0.011229101186936987,-0.025919049893801928,-0.02831800083468528,-0.0029132511909738747,0.04005718081524674
sin_psi_VAL92,0.040638533898852,-0.023514762183673214,0.0010128611894421084,-0.04070860864528605,-0.011686033691187618,0.006861229376544502,0.010773860230162776,0.03166240406287093,0.026739292613488116,-0.03749900755458324
cos_psi_VAL92,0.038402696998687945,-0.023638477306091036,-0.0005281566907219704,-0.041351506681708346,-0.010398810064812107,0.006300546925600094,0.013573128385055444,0.030796805515579312,0.026635692162771975,-0.03961384353147597
sin_phi_HIS93,-0.022055624686486065,0.13383316261294378,-0.018762689136846165,-0.048282375485027326,0.07060451330989626,-0.02842517486458063,-0.01935016980854329,-0.014526301048774917,-0.03535122736140307,0.019648325740660433
cos_phi_HIS93,-0.015422280261037301,0.1122704878164059,-0.022579318068579893,-0.042610036405689763,0.06419771125330757,-0.030565748483377626,-0.020661094413764014,-0.013392496678162674,-0.02725051616982761,0.010816689627886211
sin_psi_HIS93,0.01873740983001016,-0.12931625406070146,0.015335743483585742,0.04924384576290709,-0.06526373088465101,0.02594087499352688,0.017994901019858872,0.014058816813340343,0.032248708144356424,-0.014510329288626916
cos_psi_HIS93,-0.019149798405098877,0.11648323429307227,-0.024682032084497964,-0.036173031733828034,0.05947924815128868,-0.020036950255713913,-0.011590645932446861,-0.007587009293043771,-0.02800740605309646,0.01609400586768069
sin_phi_ASP94,-0.05177082386528088,0.036175139913819765,-0.0021786427586901183,0.00034700034088625545,-0.0019043079870594295,-0.013511825462380478,-0.003156507758373477,-0.032877884802978805,-0.013707779821407176,0.018850757968808925
cos_phi_ASP94,0.05997743547704596,-0.03812888984598698,0.0015781735491076502,-0.003556910801403561,0.0015972435987727143,0.008805670453044525,0.0009561001819895687,0.03564289911945056,0.010192703144359097,-0.01701323448849251
sin_psi_ASP94,0.0754091500970644,-0.022141537667582797,0.048328466763142,-0.031352246974492716,-0.05970033686443685,-0.0515561762908649,-0.046310195070077366,0.02284867060489774,0.017026026059783646,0.0013851414310130817
cos_psi_ASP94,-0.07707365473335853,0.0027674461468285964,-0.044813380399636296,0.0262169350510828,0.04456695266155444,0.05503041842947598,0.040015019504887894,-0.012096610669711195,-0.013292530932451866,-0.019248772151754565
sin_phi_ASP95,-0.059800064278022966,-0.06335859709489387,-0.00040376584413613794,-0.020612796594772845,-0.007053766971419373,0.0784346225779673,-0.03461826293358122,0.01292312001600092,0.019535630293654325,-0.010353698082978343
cos_phi_ASP95,-0.10467939685807456,-0.015117073464807236,0.005721175401921035,0.005191155042707083,-0.0073173857485584505,0.05689065414870357,-0.013458583328413166,-0.004777816380503994,-0.0002170981579498349,-0.0063299191898338
sin_psi_ASP95,-0.03811830780884245,-0.016714874177328462,-0.012477451328629935,0.03253017618827672,0.055301566918893694,0.05386393633734977,-0.010810880442382662,-0.0179512681676323,-0.013948930371284475,0.0023811832332393296
cos_psi_ASP95,0.023112925127987596,0.029483399764973633,0.007796506609233328,-0.021142865047853687,-0.04400660427548977,-0.04443864102989991,0.014325958183987533,0.0018831936376889084,0.0059154368314177485,-0.0050403000693598045
sin_phi_ILE96,0.020962776556577495,0.0037840222526750802,-0.07231660391758504,-0.032069627847773986,-0.03700838168773404,0.033643442124206106,0.03202304714651744,0.031398389462586974,0.05418214659864379,0.06906249680523421
cos_phi_ILE96,0.024379203350905237,-0.012211540038789201,-0.05560788530810674,-0.04958250161497287,-0.0687423174644209,0.07202810822203795,0.033488443116610464,0.02133364911041136,0.022456869531001095,0.07168165406189908
sin_psi_ILE96,-0.020078402386959227,-0.013574370997913096,0.03980931742299886,0.006754650573165757,-0.01125919643103452,0.004571627438124467,-0.007862687554934716,-0.01999530829285919,-0.06398675424325503,-0.029919003960729322
cos_psi_ILE96,0.014673884130400904,0.058349714188698144,0.003271524695246883,0.01699591595836377,0.05119589064105557,-0.024932800003439975,0.013694832918581389,-0.02166446056927611,-0.020238529959837152,0.04552291712211235
sin_phi_ILE97,-0.015438416475391566,0.13091567794048367,0.005163640322338398,0.049887431098932546,0.020319418026519084,0.03171180833353334,0.030490966600582918,-0.032131482781292825,0.03872047367636459,8.525806857577692e-05
cos_phi_ILE97,0.014362645565350421,0.15197757449722804,0.0078004466749040475,0.0428456283775024,0.027112772183543715,0.041908152665451115,0.04565958340775377,-0.025855871315333685,0.030664788993368164,4.8442254373322964e-05
sin_psi_ILE97,-0.033686063252511736,-0.13767720303049497,-0.009369357387507875,-0.03628267941173174,-0.03009331278295239,-0.030370704948506896,-0.05564931633185875,0.01973424533524261,-0.02826874756573434,0.0026930898662398503
cos_psi_ILE97,0.01434219962661947,0.16256948161780393,0.018711206033465908,0.04593258889800708,0.025061254627788385,0.03529871474371084,0.04653450208267668,-0.023932261739790878,0.028705319680364768,0.005558061931467581
sin_phi_PRO98,0.02469211345959611,0.08311441690439025,-0.0031532223599305053,0.024383344469114814,0.03076747800298599,-0.0023304299708095783,0.03644968946530431,-0.010967142749001112,0.026588299187530542,0.003503503054303404
cos_phi_PRO98,0.00359929981189684,0.11973083948998045,-0.0003619375608067613,0.038386454018606485,0.02829113394062315,0.023989006389937305,0.06393585407241927,-0.026062261244034664,0.026290330873017735,-0.0061135242370715555
sin_psi_PRO98,0.036789975970402254,0.038569479948538425,-0.0022665598854867517,-0.0016503811109725402,-0.008231410984130189,-0.02192499141053038,-0.008600306165597281,-0.0030129592014501204,-0.034617844347795516,-0.007961007522390685
cos_psi_PRO98,0.034586658614502094,0.040021192678521736,-0.00041932063837192817,0.001050450090419995,-0.008006281202922289,-0.019790613149480087,-0.008748525956158297,-0.00554846172436583,-0.03309996207837507,-0.01122994370113119
sin_phi_TRP99,0.005869491735008748,0.021425469821650237,-0.0065928159001946915,0.006841332120712759,-0.0111096707483711,-0.014617876228655397,0.01152845209545575,0.006035403580586411,0.024679494546650648,-0.014179362042554804
cos_phi_TRP99,0.0025148322577697906,0.02277333291383269,-0.010263209365315858,0.0060873264437470735,-0.012268464146299988,-0.011894604539074323,0.010856017796142118,0.009208225342039826,0.028822313602500056,-0.015453280548997868
sin_psi_TRP99,3.0927727264779585e-05,0.00898717197827766,0.007948024948624604,0.006363937275313653,-0.007138700407026827,0.03485621027253039,-0.008377247533639057,-0.003908564645721221,-0.0031658546464623585,0.00782173716311063
cos_psi_TRP99,-0.005399635072637425,-7.539524089591052e-05,-0.014198070485592008,-0.020851175272050063,0.014216486510229547,-0.02974722350389454,0.0135660969320339,0.0030776139884160754,0.0032469232097680476,-0.008972499868267224
sin_phi_ARG100,0.007718581691708473,0.0037859320872262892,-0.0003682547378165283,0.011516375113543217,-0.0037335161095605573,0.0002605900850901359,-0.0005403149752156315,0.01100447098533757,0.0009298195097094096,0.014743649724136271
cos_phi_ARG100,-0.008740138066413434,-0.0027930197258200155,7.862455299284326e-05,-0.01119271850493413,0.005522470442473728,-0.00044409186375240573,0.0008779442533532345,-0.008916420152859324,-0.004139001244349661,-0.015538323321357458
sin_psi_ARG100,-0.017072882719758705,-0.020868377270475982,0.013229903492792195,0.024630330164333983,-0.01968401485667286,0.010737202500895108,-0.026331686395356976,-0.010954057404294566,-0.0026614527425874073,-0.02881998215401194
cos_psi_ARG100,0.018072227729613623,0.020740524646396384,-0.01204908264400581,-0.02541827023689647,0.022361155234032086,-0.010960959692122655,0.026416073534925946,0.011414341664925439,0.0025338339614372775,0.02732238241680475
sin_phi_TYR101,0.022058325755245144,0.006110343805085711,0.00805663785528359,0.003536752568740942,0.005352228731839543,0.033176817505077595,-0.014840114847850772,-0.010622979258015667,0.034143513519750576,-0.023253156006751766
cos_phi_TYR101,0.022314970995375855,0.0022414666308033047,0.0071521029339567405,0.002562375076567323,0.003948317833732497,0.036064704547099674,-0.014902571596706774,-0.012245684408127865,0.03474078539074062,-0.018864593639790674
sin_psi_TYR101,-0.00613298658759662,0.00035552712374418554,0.002137253116757894,0.03369439734982746,-0.03199569096526073,0.00589604398349069,-0.0022358005810732403,0.004054369483123398,-0.028235424608392026,0.014654978233603982
cos_psi_TYR101,-0.00504945054933699,-0.0002986415747037544,0.0033995671477033834,0.03557760620066353,-0.03146398414221352,0.002436374174292745,-0.003125185335806629,0.002861519681216611,-0.031129711875729486,0.013116832501014298
sin_phi_PRO102,0.0033484073473052517,-0.007196729348252474,0.01998260630752513,0.005418255843613141,0.03638100153046132,-0.015453516731829929,-0.015376955349236356,0.013924719302057851,0.0015713661037399618,-0.002485782406473655
cos_phi_PRO102,-0.0009616126536053036,0.003933794151945422,-0.014139420604469452,-0.0023062162323100616,-0.03488427554370121,0.026081813609538314,0.006988238145108162,-0.010576119773349543,-0.0029219688234616422,0.0017984841987612272
sin_psi_PRO102,-0.008282081929046477,-0.007553181441481503,-0.01611865386574379,-0.006588931991469909,-0.03150269902386787,0.008964392733889555,0.025524665246650608,-0.0005318397850664898,-0.001217969576015803,-0.0024597942896470147
cos_psi_PRO102,0.014032436047627146,0.0003535077970088955,0.02601649579688345,0.010709986031425664,0.03153918743879029,0.009888851751530122,-0.03432981887897306,0.00961886668127353,0.0024878688248121898,-0.01209001790830193
sin_phi_ALA103,0.002764774757126856,-0.0024983516131976565,0.0023950796346286773,0.0071458336720942,0.010236005498301741,0.013548309938676825,-0.0012309589601225538,-0.001864543750719893,0.0163717175348274,0.023881432669050788
cos_phi_ALA103,-0.003873546451752135,0.0011677385109673292,-0.002564500003320789,-0.008207387767394297,-0.012722122175810207,-0.016497969760616054,0.01979242612401612,-0.00024234866297050893,-0.012512596231623981,-0.024937701988270215
sin_psi_ALA103,-0.002848637778313259,-0.015711582958165955,0.00645267745276889,-0.015351296009452644,-0.01708031388457502,0.0021634495466385986,-0.023243248979186237,-0.04396132274061974,0.030727392843912984,-0.02893215608815275
cos_psi_ALA103,-0.002544528238761932,-0.014617977529257784,0.009361594531057284,-0.014348363447846069,-0.015177154218905295,-0.000546142557840005,-0.030955022228115373,-0.04199098937526651,0.022615809412774763,-0.024481726800946655
sin_phi_LYS104,-0.01489065485577667,0.012249015188019432,0.005223540974274496,-0.021297468848082386,-0.019505559097699555,-0.015425433851320055,-0.0038272370302061373,-0.01904758825153075,0.00957379132617747,0.009972151812528222
cos_phi_LYS104,-0.0025456162540348683,0.007873253469789046,-0.01825771063996705,0.02143938805357182,0.015115096057584137,-0.00971984313330926,0.02704996607754085,0.025847113505853173,-0.011308711502990587,0.02949929192575148
sin_psi_LYS104,-0.0037593617522014306,0.0011645799902383857,0.009171909029593086,-0.022826506459935857,-0.020220106900321666,0.00870381518349153,-0.020292261106109696,-0.021233870393402368,0.007008244197050964,-0.000293232473418581
cos_psi_LYS104,0.0022502410310227925,0.014109759056789767,-0.008475321445950888,0.016566854871952124,0.019209274925194548,-0.006030208658103881,-0.0035528584685308746,0.018954612342073834,-0.014240679694129435,0.033902978246205834
sin_phi_ARG105,0.0009515365168889336,-0.03820920257688102,0.017511523502791424,-0.03150028295691985,-0.0013614486343713906,0.022526591825672345,-0.04320238213958465,-0.0625558816831864,0.017466905529995344,-0.015320681452534433
cos_phi_ARG105,-2.8301272733603787e-05,-0.05391136947521599,0.013636071164693026,-0.04184244680272266,0.005078070591236831,0.01667496589749063,-0.04724018441200232,-0.07299168238420983,0.008774481418822326,-0.01923874337107908
sin_psi_ARG105,0.01312518774761987,0.00500076527204493,0.0014326907071090119,0.03557905844955877,-0.022888469411709245,0.028401871610902456,0.022231758154583642,0.06622535387715307,-0.005598930542864632,0.003332842241948049
cos_psi_ARG105,0.013861252987516913,-0.0003310580123636825,0.0006366438484178597,0.029001180249070127,-0.021189113633826112,0.02739732722496058,0.01651727460431099,0.06531879282365452,-0.009020263137250382,0.0024695768942335676
sin_phi_GLU106,0.0011551305463264922,0.024692350099166822,-0.0024719160228589654,0.009274606333913986,-0.00236057845913584,-0.0044684371205154505,-0.015595839448449183,-0.027469152228081224,0.0014571438501748471,0.017752263839611416
cos_phi_GLU106,-0.0036632379595584914,-0.024687896038997265,0.014437231441295606,-0.0006482590769710478,0.0045261657239359186,0.015690554420811142,0.013975534895965626,0.015996079643266027,-0.003547757352971332,-0.00774472275930361
sin_psi_GLU106,-0.0013644062645769251,0.0010992266778847366,0.015058152784917575,0.010368372457890051,0.004627633484731073,0.017799470396120294,0.0009174475038075639,-0.005131927242481486,-0.0040833067993459775,0.008349943370738598
cos_psi_GLU106,0.0009086999310517737,0.01765702126335742,-0.007289569210409052,-0.0021468013433217285,0.0016530441659018342,-0.013623376900820588,-0.021622805045341215,-0.03464108985151965,0.005295244049713166,0.011854657897781262
sin_phi_LEU107,0.0018553803282763846,-0.017443039778674816,0.011525580181291965,0.00024291355623693532,-0.011909164039555555,-0.007466174742305387,0.007368189660578543,0.00322239040400042,0.029522506109150404,-0.041265486092758465
cos_phi_LEU107,-0.005901200342757313,0.015595129172325662,-0.01198950837926772,-0.009347468581958163,0.010818012045311643,-0.003516872717037478,-0.028237556068345635,-0.008249129631165383,-0.03840252370010347,0.050266732854743916
sin_psi_LEU107,-0.00706143456811791,0.013346693729186655,-0.011861793037847318,-0.008604127457089277,0.008373355019679382,-0.00579813193503244,-0.03240581694523478,-0.01051367555835023,-0.03416518081277463,0.052721537975616635
cos_psi_LEU107,0.014115482878227798,0.005316389325275492,0.004523623321740285,0.00132165803589343,0.02889035012136477,0.048500254435539666,-0.004050935545154661,0.025739395892031003,-0.053027306426474075,-0.015025171015571546
sin_phi_GLN108,0.004545576739665158,0.033472183615073314,0.007941845901382753,-0.017451534043868528,-0.012024593754014322,-0.06906191234668925,-0.0008668011003179739,-0.030803524828278674,0.03427757072004839,0.005920003490839753
cos_phi_GLN108,0.006181891001834947,0.04107996639543897,0.004752500091039532,-0.011651486760374573,-0.0024794507634014933,-0.06574755172197233,0.004856782420111466,-0.02465329524863929,0.02235198808251335,-0.0010607684637402057
sin_psi_GLN108,-0.0036374635270223525,0.01748037316856065,-0.013908397889003075,-0.004537883115587353,0.0007085741576733684,0.03995407656617138,-0.004845628472316707,0.029248136055356807,0.017593481719102088,0.012752129106425704
cos_psi_GLN108,0.0037644838992571344,-0.015523496361817954,0.016231578599442284,0.0036736896259404175,-0.0006912190197751301,-0.04136588406591983,0.006545884389210453,-0.03379924028838472,-0.0216208901819286,-0.013916659895040078
sin_phi_PHE109,-0.005677889526038398,-0.009158357179645664,0.00418812242382926,0.009706458659322586,-0.0012334376637163876,0.0035866438285190707,-0.019836994278226636,-0.020419855736548725,0.002981552776556735,0.005082248283792744
cos_phi_PHE109,-0.00621181069232018,-0.010967476145280066,-0.002540407785166315,-0.0038211998606374883,-0.004171455722159018,-0.015756290697525665,-0.01171614873790141,-0.010849923246429567,0.0008022478940078363,0.02533717156078791
sin_psi_PHE109,0.006909113739970695,0.00692319441169522,-0.003386334497049269,-0.011001818657250013,-0.003092262140883765,-0.0036018213408599096,0.020521371224346982,0.02165651920587393,-0.006699880724428458,-0.009898759174007862
cos_psi_PHE109,0.00018836605285540924,-0.020180944798055864,-0.018707526680265794,-0.013006189652807492,-0.0026770385549991444,-0.012114617053023765,-0.009302907492851214,0.01462975787491746,-0.005106113693258736,0.0035758506754839724
sin_phi_GLY110,-0.0010167720013316754,0.0015343984915950999,0.05832385121864703,0.045964151466515286,-0.01914280725515182,0.06473148487732265,-0.02428525606416192,-0.06400789498067036,0.006401258127300733,0.029861883169559757
cos_phi_GLY110,0.0003531478837660641,0.025335456053628955,0.05410097413716599,0.06569245037501495,-0.02932888801666753,0.09859156344683935,0.009364174996691649,-0.037057136420918665,0.05156187988001794,0.009908977836268384
sin_psi_GLY110,-0.004902753338968211,0.012930187899207694,0.06574236400206511,0.07516028783710929,-0.03459605473497943,0.10818312814357388,-0.008050669201507476,-0.054356182008054844,0.024475318211690425,0.012827536107839039
cos_psi_GLY110,-0.010712575314163182,-0.005259995979986142,0.02977388099562207,0.04457345511269865,-0.02652842280629667,0.06033504656710428,-0.029023380703542233,-0.046212517635710916,-0.02586257240446925,0.000661322881891443
sin_phi_GLU111,-0.00936479598016801,-0.03175895560746999,-0.03849777048815116,-0.011978549740910211,0.01848336343383478,-0.029193316716006865,-0.009646554102117125,0.0167352225506659,-0.03905229800101248,0.025381716965784736
cos_phi_GLU111,-0.008546232680430844,-0.03383967856779328,-0.04293885867670756,-0.018470774676280576,0.018876579435380996,-0.040765445154067964,-0.01483251720575134,0.01679113772589582,-0.046371330093042534,0.02136021123677648
sin_psi_GLU111,0.0026887671783788814,-0.007020411779014366,-0.026624078220847242,-0.0071724964564714114,0.0003069141506159676,-0.008795832661938266,0.010191722369188213,0.0044314080251416695,0.010524189080844916,0.007132768824605332
cos_psi_GLU111,-0.003282710935602182,0.005784875988982184,0.006661704946574085,0.009308931441884317,-0.0055424110797070054,-0.010060555028035535,-0.011090151650009853,-0.024156042392936967,-0.02296782703488102,-0.0045670243429417464
sin_phi_TRP112,0.0019173101110173394,-0.02703826251106334,-0.009001979769099212,-0.0075036553724088465,-0.02025936657680667,-0.02137011063299453,-0.03253020484234581,-0.021948968863607327,-0.02057829602745687,-0.03908803447422864
cos_phi_TRP112,-0.005639416212755617,0.003940772272989025,0.008011867385387792,-0.01242302715165842,-0.00021592364579641412,0.013122047363244552,-0.011360583396393184,0.01790762086816254,0.023468066260038892,-0.01922980335600093
sin_psi_TRP112,0.00549919791435595,-0.014466987554965685,-0.008633166336061641,-0.018583181980067857,0.000807468873405168,-0.01826822881501873,-0.01517203044159264,-0.013679387868676379,-0.0149333689027606,-0.004554265389710737
cos_psi_TRP112,-0.007101103666891823,-0.014517211580263674,-0.004877513918237173,-0.0029662622496558363,-0.024876124850943357,-0.008861095300173635,-0.03250338887862411,-0.020758443204989475,-0.01869227688115839,-0.03508952880622347
sin_phi_GLN113,-0.004693043060375,0.0412108605671269,0.01019260801465511,0.014558359826722043,0.0024221245771995827,-0.023889918078585138,0.030931516039349214,-0.019659661776328156,-0.008495994148351886,-0.031599731069591366
cos_phi_GLN113,-0.004445350540791171,0.0294987645298983,0.005220566389287692,0.016027509509588256,0.010756394823041063,-0.022071083800273145,0.01719570623969003,-0.0022491291391497498,-0.0008276049253570672,-0.013789852947407682
sin_psi_GLN113,0.0011034317365734144,-0.02337960533096085,-0.04921190515165542,0.04544898857236752,-0.018471782875132327,-0.03564734410570345,0.010698331497040784,0.008560727499471694,-0.037381126636077205,0.025158056660071544
cos_psi_GLN113,-0.0023590280812390394,0.0199842664635846,0.05110075918127449,-0.04544272626673585,0.019238648357840622,0.04090351971953396,-0.02115148455902538,-0.002712793295085971,0.038165719311922565,-0.01838681862476166
sin_phi_ARG114,0.012258780896528078,0.035491621137409654,0.05580608196994788,-0.055090182078409974,0.03258325733594416,0.03046242454494708,0.0009452144821714637,-0.029470432085684874,0.11074892877091488,-0.02286820215448797
cos_phi_ARG114,-0.014944923809650497,-0.03192775052812436,-0.06091921440739102,0.06690148193010728,-0.03421067336658311,-0.02875854088544187,-0.016155063383951382,0.04121833245934022,-0.12250416682335158,0.014751690920444616
sin_psi_ARG114,0.029825557967648384,0.02663076405573196,-0.009921244292243078,0.018216399829678084,-0.03580711731471097,-0.012998255180799301,-0.042270165379828896,0.029373521309133004,-0.01648594095496237,-0.029182129474680178
cos_psi_ARG114,-0.02776138205819213,-0.013326344004244612,0.007610765992756961,-0.0074028568313843045,0.03493624001529569,0.0041386930363762255,0.04156791057164676,-0.02617635137746725,0.027003775059540415,0.018068091631476848
sin_phi_ASN115,-0.009694780093600844,-0.04239576349337108,-0.04134610111491725,0.036373805103578405,-0.025678543933628013,-0.015569725855095739,-0.07385732723708305,0.07392280278821892,-0.10230110207587599,-0.012475826927313085
cos_phi_ASN115,-0.006623323409391813,-0.03141680022201463,-0.032552879283430446,0.029107823117643147,-0.022592901741629222,-0.01507248853464358,-0.07710665572917712,0.07578953057858688,-0.09160053061011264,-0.008983545434440491
sin_psi_ASN115,-0.009175271258249266,-0.028291074253250652,0.04211944439683702,-0.04406913387547205,0.020054652068912448,0.05155693060578899,-0.03813539139086599,0.03688756106960194,-0.06044594115188973,-0.021440707861900936
cos_psi_ASN115,-0.009366951101135496,-0.02521241124219909,0.042473407648742724,-0.043360745508415115,0.015987546528802316,0.05542637791683907,-0.04114754897165043,0.03653687298877868,-0.07016813072813642,-0.029014325512874747
sin_phi_ASP116,0.002295075985066425,0.0013253064344377857,0.006498707227001976,-0.022755275335687095,-0.014665088274261657,-0.015523076293626226,-0.006310086229807853,0.01681140226714182,0.0363414790418029,0.026856629339215447
cos_phi_ASP116,0.0019692651408355034,-0.00018413039283121036,0.008014603445684056,-0.023383965945693485,-0.015056444215567589,-0.011301101793451129,-0.004077620877643648,0.01616377380698871,0.03355319548253854,0.03185590588492902
sin_psi_ASP116,0.000180208615364356,0.00028839872319706765,0.009131977974427665,-0.008903908274096138,-0.021390326605157828,0.0005513909183561838,-0.011035289127234222,-0.022480778492193668,-0.04398045561800706,-0.0206558750238885
cos_psi_ASP116,0.0028768900596860703,-0.012181351368386915,0.01422681609042479,-0.01164537941992145,-0.013255644902011142,-0.0010669784181754985,-0.005734152394258426,-0.015550535557177175,-0.01387213675473131,-0.008316287851443291
sin_phi_ILE117,0.007670272348280834,-0.03973231242880729,-0.018619577113849435,-0.00314367264650093,0.008787614526930866,-0.005238857868656537,0.0012805129683960235,-0.006695264774356772,-0.020024637971591198,0.01816831970705214
cos_phi_ILE117,0.009056718809025335,-0.039669809417280696,-0.016200707212781263,5.328726434633851e-05,0.00705768643072294,-0.007278605001286058,0.00785561540071171,-0.014497425474029524,-0.018938680405580423,0.014635678866349425
sin_psi_ILE117,-0.02363650408305391,0.05694077733678015,-0.002846902214446932,0.03842902678616751,0.0060291761345139284,-0.009190523243620642,0.016677555852012627,0.01023428797580641,0.011134269872919628,-0.0085559364249301
cos_psi_ILE117,0.017404523194068433,-0.031633384008249284,0.00883447349004787,-0.036209888245874074,-0.0035118489763896104,0.00035256335832029733,0.006767230066227044,-0.017186986417957316,-0.0007512770563825048,0.01114086335580704
sin_phi_LEU118,0.02880609856523859,-0.010104950600137297,0.012078167283627234,-0.044976097040377104,0.008149397106427172,0.032929080690301225,0.0008973261462443527,-0.011953274901102188,-0.01257603377302105,0.015750179952234957
cos_phi_LEU118,0.029823247822666345,-0.025917566679022425,0.003749635129278452,-0.025188233094599135,0.024755283221735404,0.05092519103630406,0.0035145115386566402,-0.01882522505613461,-0.011260446050381477,0.022950457190686377
sin_psi_LEU118,-0.021040259280713947,-0.009774527358831785,-0.0006505974080111218,0.018631694798430912,-0.021785864850373017,-0.0373759482923438,-0.03819397262800803,0.04501266780621296,0.01169774186864448,-0.012992225916266937
cos_psi_LEU118,-0.02997172761339563,0.007433079487244082,-0.010577911684799228,0.042335226467539504,-0.006489095988450597,-0.03226462677843663,-0.006419085995081417,0.014090501924120173,0.013330782314376233,-0.01662389986704778
sin_phi_ALA119,0.00800897738073368,0.01155044449438793,0.0038961660140347,-0.012765556803277137,-0.03534767021321292,0.024670308841868188,0.018364872746320916,-0.05888841761922569,0.04081986337420347,-0.03997755902147335
cos_phi_ALA119,0.008928472109607453,0.045349991009807765,0.008453732612173482,-0.013852353703598691,-0.009921987667406203,0.03091720153190248,0.06611334068494133,-0.018202894922152674,-0.021159249297925984,0.0006552045020797514
sin_psi_ALA119,-0.007988854095767307,-0.002664897035746428,-6.293151390260339e-05,0.014897915740861752,0.03476510978252331,-0.015084945945660864,-7.448941248828783e-05,0.05657997539143277,-0.059663913600097374,0.04607687930808238
cos_psi_ALA119,-0.006928496234385448,0.004714358020284298,-0.0025098214749036964,0.007360926266305495,0.04344531795770681,-0.012785086335544914,0.0004454150177250813,0.05855200885024031,-0.047941855775677986,0.05007581852972645
sin_phi_GLY120,0.007300001392759467,0.006435889675335711,0.009919174514883139,0.00814838623677719,-0.0027089864270042055,-0.011512495847189119,0.005141503817448195,-0.007082185413291888,-0.0040818482293006955,0.00356478010021084
cos_phi_GLY120,0.0008965569286784543,0.003471948360736344,-0.0004376067771472501,0.012949421958375831,0.0070732851195713506,0.015244319195845369,0.009817802508234146,-0.013881419407949592,0.0046887578772485065,0.003164529103542703
sin_psi_GLY120,-0.003166679817437486,-0.003507140124309155,0.007382022631726691,-0.010439505284958815,-0.0008431097823895422,-0.01711358950733426,-0.013106326457667572,0.022218811266406038,-0.012219497832893732,-0.0016870376414529532
cos_psi_GLY120,-0.0033460725958969935,0.013535454066721651,0.007846198010531338,0.009183427165892535,0.017963614394188213,0.026503714705356018,-0.011523240363490964,0.004423609056123137,0.0042078543430501755,0.004462444974344307
sin_phi_ILE121,-0.029540951767603418,0.029211841073933424,-0.0277352053661913,0.07119386187931818,0.031220639149527704,0.010670274255337474,0.016409395252666693,0.0011302156034984031,0.009317040362512368,0.023943257423758284
cos_phi_ILE121,0.017253283290165566,-0.035028025674054726,0.03758361406359786,-0.0643466026621246,-0.01744875782365882,0.002709695929921069,-0.009642100959356024,0.007772707253861717,-0.010315607336946184,-0.03091796958855099
sin_psi_ILE121,-0.033595671289420606,0.051865911690524125,0.005014653243367151,0.037474273681565036,0.029918449344407863,0.05327243045976372,0.00465976449962765,0.02405488520648029,0.0053854337105831455,0.002459960635863213
cos_psi_ILE121,0.10686674375792996,-0.021029854169928846,0.024341017973077028,-0.03916163914183816,-0.043729809354995916,0.011076116298457065,-0.00869534624835118,0.014024156871427355,0.011211644397098793,0.006144395754036865
sin_phi_PHE122,-0.0448204336657693,-0.0761321744509904,-0.04385693552879291,0.024514899593744803,-0.06435543057301314,-0.04555680756798632,0.04043522599849357,-0.0440059775032085,0.004169780090591291,-0.04249521030867538
cos_phi_PHE122,-0.01229574714508577,0.026039323979114053,-0.013742470862160166,0.005693737756592338,0.03609452765736192,0.012391568243143435,-0.04834952751386434,0.048719054711064594,-1.5758143019296923e-05,0.030805894205614553
sin_psi_PHE122,-0.03622728158818241,-0.043885378476026096,0.008595546869934875,-0.031148597806324774,-0.03726240858315437,-0.004554967547953538,0.0659002635722217,-0.061432765340446394,0.009564063607641528,-0.05873973759892114
cos_psi_PHE122,0.030917553596387495,0.055166094388461685,-0.0034629950387837665,0.0213627073191377,0.021127078193124763,-0.0192722848446323,-0.03727179712921936,0.06050481961490784,-0.0024072542666610163,0.049058099032172904
sin_phi_GLU123,0.0027257584725372437,0.010474679928306434,0.05801223655172343,-0.08740562466594302,0.09060273625042838,-0.05172837126241531,0.07013058444416223,-0.0034534105240858243,-0.025448206037413764,0.007454274578888511
cos_phi_GLU123,-0.0028715349215409996,0.08643764779418858,0.03760264571580461,-0.055688548509130936,-0.05634855471857508,-0.055361182840608335,0.05700747592619461,0.10037637510524287,-0.01279971843977328,-0.0072626699865417504
sin_psi_GLU123,-0.02781542241593966,0.06424399951314848,0.03362163994973454,-0.026104906574324852,-0.06408561348062043,-0.04325889655502111,0.05184303498478424,0.10304670675284386,-0.03321690336964315,-0.015642295025318765
cos_psi_GLU123,-0.022226770652049276,-0.04604982503485191,0.04903949185965573,-0.08949257462739556,0.126134280918107,-0.016876877334079648,0.06219250959022035,0.005648366282530036,-0.054784077583254105,-0.00620676795721786
sin_phi_PRO124,-0.0036060819414171176,0.07788356036869286,0.03513284153544978,-0.030271435521825266,-0.038560721066989614,-0.020571250106836896,0.023656891658500014,0.048862600486124216,-0.019755181088454508,0.05139870915366256
cos_phi_PRO124,-0.003909461502336765,-0.053721694789047064,-0.009067185911438234,0.005471288404499333,0.010871975016922534,-0.0038722511114023146,-0.044640736938584814,-0.06802907247789135,0.04316082836228805,-0.013666790308310276
sin_psi_PRO124,-0.023926347922767658,-0.00017951235053178757,-0.06104244583960507,0.046864214175086696,-0.061865724480198836,-0.022095679270807526,-0.00343762337206485,0.0301473040207447,-0.012495086977974237,-0.09117441877989203
cos_psi_PRO124,-0.032516203661901,0.02038516666879053,-0.04048235956376894,0.04465965924995798,-0.031515380472156844,-0.03857476582384712,0.016218132840102168,-0.015530651743571102,-0.019222907706313838,0.02214419837722492
sin_phi_ALA125,0.020859098157559163,-0.05757757747016074,0.006560358086441392,-0.00748578662570809,-0.022268084256988622,0.050396712410883955,-0.010829338373116263,0.011336467953330213,0.04325498403101324,-0.009566070416095045
cos_phi_ALA125,-0.012483990462073928,0.05005824818496193,0.002640864450687598,-0.025442591815334422,0.0605446683330623,-0.042700981315898445,0.011288889264395417,0.004111499266289157,-0.04726544186754025,0.011083343550513634
sin_psi_ALA125,-0.07478331632200291,0.03215323487581322,-0.03991959957029757,0.047645558504135585,0.0025101492554837003,-0.09614344733164508,0.0490473608135505,-0.038314961414776506,-0.059509739127433375,0.022939584088025912
cos_psi_ALA125,0.06909006788807072,-0.026094157289384166,0.03801694459995315,-0.05264128134030371,-0.0008976871035725286,0.09973510329076786,-0.04839676780798449,0.050721960541426886,0.0615098032698252,-0.024515209388909946
sin_phi_THR126,-0.007461475096163131,0.00916249257457193,-0.012705319967947826,0.0011084698074679204,0.01995991664401228,-0.031466393632529614,0.023767228149433547,-0.0022471652824470295,-0.008843249312932623,-0.028746299413247148
cos_phi_THR126,-0.00693056456294865,0.010634827379591509,-0.016149010922295773,0.004300749399873737,0.021364761621257,-0.03618084862588883,0.022081319719868545,-0.002734379139565389,-0.00042328861542598054,-0.02801870548549363
sin_psi_THR126,0.030278159800232518,-0.0167341688573973,0.01308169057797368,-0.022082555714058028,0.03888400046123137,0.052868455580250585,-0.011087799360552588,-0.02088818666892521,0.05512866148108946,0.03647327153858039
cos_psi_THR126,-0.0331939311859461,0.019137718185601418,-0.0030641414005343555,0.008670851359571463,-0.034988599816066945,-0.04510925249937518,0.012652586195182258,0.04257617708234733,-0.05413976866482005,-0.0432043607463471
sin_phi_ILE127,0.0018548649839772472,0.0009707665649726148,-0.00730330879232866,0.01745472628092451,-0.0072529560757969725,-0.0064706441587045705,0.01728028376778357,-0.0010129395921935167,0.025416816347536994,-0.006308986602987985
cos_phi_ILE127,0.02878257442501149,-0.006883834669511344,0.02427264748856523,-0.04068820348635809,0.0384902056051491,0.06413101708972412,-0.012229985902472708,-0.013991089070955556,0.04439419370339757,0.03539644133079715
sin_psi_ILE127,0.0024605224161475974,-0.001911235525991527,0.009356744156437998,-0.022470259739906306,0.007165241676490745,0.005480368529870395,-0.012416471836851328,0.003932366005399127,-0.029676107717959033,0.002544256537706417
cos_psi_ILE127,0.012644667733639776,0.0024605049313149857,0.0039017427522188997,-0.005782662612272507,0.004867790285906083,0.01079366306464396,0.007894776089392626,-0.016767905704222888,-0.018504944603163063,0.01978041412084011
sin_phi_ASP128,-0.030464924540938514,0.012618523555316934,0.00718980754506965,0.00033013388141386776,-0.0038586904176107456,-0.02081688695363021,-0.005314439370689275,0.062291126744908325,-0.07995396532398259,-0.012512221028513217
cos_phi_ASP128,0.03736253191697079,-0.007668038821999444,-0.012971604658952921,0.00015944081747115902,0.0017510043879769297,0.026000383851633124,-0.004008670728621361,-0.06267117747843962,0.08380381776190092,0.0039782093960098516
sin_psi_ASP128,0.04219507022405364,-0.012967829994142411,-0.015702951290927067,0.0015322733095099153,0.012509972458617466,0.029606395274166173,-0.006604841300168151,-0.0756373791343349,0.09097942563979883,0.007117974501312721
cos_psi_ASP128,-0.02343751374316735,0.013746343733802447,0.005993626162210842,-0.0017312960048467597,-0.009704861627949056,-0.021201207729768568,0.0015501933990226674,0.05641020942841997,-0.06059784307514849,-0.011238180176591613
sin_phi_ILE129,-0.005042241039667422,0.005522419956031378,0.01059303985066637,-0.009559243632297676,-0.019957634200583368,-0.0018541084832353447,-0.0039902726757210395,0.026635547785243224,-0.046081498903623036,-0.02731489965015947
cos_phi_ILE129,-0.0043992895036568695,0.004451201939854142,0.009841119623594208,-0.009917553946360621,-0.01955927945504815,-0.0017333784084863058,-0.006861644650797399,0.02580540237757133,-0.040288309553873566,-0.024893739648986946
sin_psi_ILE129,-0.008934855138749153,-0.017383242191199254,-0.002062105015412585,0.012561880709009071,0.02541612262781392,0.004857970997063162,0.0003958528065695859,0.017874196347824826,-0.019182465042960655,-0.0030609732522770875
cos_psi_ILE129,0.008730224646971475,0.015950614134378004,0.0023196351099887165,-0.010499091061376515,-0.02422621907707845,-0.004333442397464147,-0.00015839858230529887,-0.019806637853888864,0.01680016099677186,0.0012042089203353208
sin_phi_ASP130,-0.0067667653596908935,0.03287761836732256,0.01128680438823786,-0.015936007785785255,-0.0314051501445633,-0.001476738552875207,-0.005201076196851188,0.08146701703410235,-0.10178890942927867,-0.03705070520875917
cos_phi_ASP130,0.026318415985665557,-0.029327045294227843,-0.01897476831786947,0.021165886372429762,0.026869438180263328,0.006177353330141194,0.009288130312372123,-0.10387560343875983,0.13290835832579467,0.05300212657303534
sin_psi_ASP130,0.024172745968456696,-0.029059388821376913,-0.014720712588760823,0.022033375378656937,0.026233926011193343,0.0009259388277421026,0.00907873937546643,-0.09740959060810053,0.13502338811200856,0.052403322529985766
cos_psi_ASP130,0.00260206370830765,-0.00799000679443589,-0.018562482704723063,-0.006509331493427546,0.006699047228978395,0.02320092350085233,0.0024546784401403674,-0.03349204262074516,-0.00226935154257328,0.009623068635131488
sin_phi_LEU131,0.016480610510693598,-0.020849255659240506,-0.021045757369556835,0.024074584595983037,0.01949287079446155,-0.00823230895797704,0.00771597640374152,-0.08967226382256234,0.11186339344547935,0.041462193721345145
cos_phi_LEU131,-0.021819583885112338,0.031098979258375185,0.018037217942585258,-0.02080770459880258,-0.027687549713724648,-0.007303917641629218,-0.006562179705912895,0.10107303470693367,-0.1262027678700526,-0.050607907791047096
sin_psi_LEU131,-0.0062694811713533884,-0.012258687598583437,-0.029549216308938673,0.012761011929597318,0.03834388805011755,0.00011119782048808879,0.021728774865192074,0.020295921486429332,-0.03765616555655402,-0.012178072066340511
cos_psi_LEU131,-0.00552903669942329,0.012916902698225142,0.037862964802074135,-0.027798346206786038,-0.04011874061798635,-0.002692446548998397,-0.027417098867688623,-0.03951266097786332,0.0570942499701669,0.02083679669239042
sin_phi_ALA132,-0.011799692850034262,-0.005414255300801223,0.016642192084479486,0.011315220360957107,0.017546213854978943,0.04374735533748347,0.006222880740652583,0.0263256345173866,-0.03935134888740053,-0.006159674826414688
cos_phi_ALA132,-0.04122581558951974,0.008730428863436687,0.046551188141460066,-0.04206280046474561,-0.044879002082113324,-0.02831979997675167,-0.041816472088147504,-0.05525502926047588,0.07464022480074686,0.05812971210442959
sin_psi_ALA132,-0.012514451678777409,-0.0015765101466961866,0.025465930037408584,0.007916792657534498,0.01435216358352423,0.05778936345108816,-0.012181237513973979,0.05524197444016024,-0.04445052695112904,-0.03344894232339211
cos_psi_ALA132,-0.03583050141530435,0.0027986232099046194,0.049246646929812066,-0.035184016671477476,-0.029643858909534606,-0.01853913373839339,-0.054905444316563315,-0.03279833556305561,0.06213535989349857,0.02673048711890605
sin_phi_ILE133,-0.020812517965788396,-0.010062514022099586,0.02618694829115356,-0.031921532422956075,-0.02248185555251579,0.000318128502916396,-0.021651061395711917,0.034274176317342385,-0.00015037881936465252,0.005062395962217577
cos_phi_ILE133,-0.02066027785000999,-0.010603249254318822,0.03025687227857526,0.0017766630142613258,-0.019251472221865868,0.026252783284733495,-0.0058594136207407495,0.05612780868033227,-0.007430032109234413,-0.015028757354551949
sin_psi_ILE133,-0.03109349356877913,-0.01994384100802982,0.04038198504968722,-0.028972642113514194,-0.02752867548949246,0.01552696828759727,-0.0017760241249302703,0.059860404323015974,-0.008262453848234392,-0.0037548925283339874
cos_psi_ILE133,0.058356403636109,-0.006071126495132774,-0.04928885287487441,0.012383473817127112,0.0073536607070971835,-0.04284186704035368,0.031019335837549827,-0.037529900387483175,-0.008792982106413789,0.026136992116860033
sin_phi_LEU134,0.0009199431660315239,0.0038178513397591537,0.009634453443646544,-0.003927257889546424,-0.010040385048054943,-0.00022564316615727688,0.0036154992495423233,0.01447416304748272,0.0033864006740172265,-0.019562639125066714
cos_phi_LEU134,-0.0030978373705410228,-0.0037693310200491662,0.004131373838628545,4.5073348617357726e-05,-0.003868270649578458,-0.00537752126691486,-0.0008696070271261183,-0.003831409370254224,-0.0015498792190663158,-0.005612632944079508
sin_psi_LEU134,0.0009109531500303099,0.003617751463905505,-0.01475592899576606,0.0033987986905515454,-0.0019187534419771329,-0.0014487856259372055,-0.01809837048777637,0.014246937475270898,-0.013566610325510754,0.0008414853996729
cos_psi_LEU134,-0.010364868433668137,0.031753445725661494,-0.003280733712443258,-0.0017135553697865326,-0.007584289244622358,-0.004007292240040494,0.008792480876754164,-0.02008497518841219,0.003090016016081326,0.014987356785408324
sin_phi_LEU135,0.0009079343681404214,-0.0037755228210185074,0.016635417746843927,-0.007553060731763364,-0.010355553678924408,-0.005622028896451135,-0.0038768301221616896,-0.026860800866461337,0.004094794639081699,-0.003646706161159329
cos_phi_LEU135,0.007560722285059733,0.0028827795842214427,0.00012333996224744961,0.010208496705539204,0.006261704940007811,0.0063728137780543655,-0.0015820796542834155,-0.01221992319690721,0.011905181617001466,0.003600221035923435
sin_psi_LEU135,0.0030927135031641215,-0.014731560068184733,-0.007908075905605026,0.02162952381542111,0.01779760603137311,0.0008009048351385773,0.02310565168045605,0.02859413169039518,-0.007440378847342954,0.00045852472848617105
cos_psi_LEU135,0.0010402286195065873,-0.01598869259769475,-0.009385631886271385,-0.013819698962685287,0.0037616245042568467,-0.00745383763841026,0.025967022869202445,-0.013595715215904563,0.026297069260623186,0.042730314850505186
sin_phi_THR136,-0.01214373131282629,0.004683059665276433,0.007229927844161758,0.015035062758067552,0.0535678618633478,-0.030783548308548975,-0.01345549823006465,-0.001503028414574782,-0.01900790331936328,-0.025499608410576663
cos_phi_THR136,0.00027022093733137213,-0.04940053766156706,-0.04729385702469003,-0.04586982337422199,0.016649347981840857,-0.008430158302035999,-0.031504305858770974,0.028738972664053397,0.05702360895449669,0.04060477645810153
sin_psi_THR136,0.0049234210160953,-0.028977610635379476,-0.047222098414770354,-0.025836418536925518,0.010572973076574255,-0.04088761323166645,0.008649376949514908,0.019703509489649697,0.0329028858322861,0.017650808510273657
cos_psi_THR136,-0.021158939972376556,-0.03501726650561936,-0.06455970979640471,-0.022605355608541534,0.035132858996046575,-0.03572402877575556,-0.028476398252434053,0.01575116650454076,0.015266410751630965,-0.0069702687931015965
sin_phi_LYS137,-0.007999193694957595,0.03324638639987165,-0.04903025464335058,-0.003261678594042369,-0.08259503858228626,-0.031080769925295553,-0.00023530607747028053,-0.03662865728229115,-0.012543795167535064,-0.030895611646825735
cos_phi_LYS137,0.004082817900729391,0.01023535375594086,-0.0014660412463248366,-0.00951855490459351,-0.04042256231603903,0.004583734171886148,-0.01814615703909208,-0.04789720604854195,0.010397292573600985,0.019337226374469614
sin_psi_LYS137,0.06924572643653398,0.010816111385951439,0.04512436846156773,0.011438756804677893,0.0482997510225013,-0.06905824761493967,0.006911685235905379,0.02354048774665357,0.023810323854813506,-0.002426760493906942
cos_psi_LYS137,-0.06784157430259335,-0.014975268886891064,-0.03554723318857284,-0.01228948067175055,-0.044654217079498223,0.07295646347609096,-0.004087975748070067,-0.029900561652000654,-0.026684464002480923,0.012035205060432397
sin_phi_ALA138,0.03431127271027223,-0.008290139862595214,-0.020862878567308566,-0.029097215287061128,0.007919115470717433,-0.0531303560489696,-0.025523684458610457,-0.035858255601155284,0.0041606361682451605,0.015701879199706885
cos_phi_ALA138,-0.002989628295769512,-0.0025197765809613962,0.007273267137526806,0.0025697392394287352,-0.001071661799623697,0.012489126955763371,0.0036881616195633964,-0.00032186200551115616,-0.013986727112244069,0.009363245055264492
sin_psi_ALA138,0.01736291550374826,-0.005879853266894465,-0.032397783378865765,-0.03650537317765912,0.013896297908159772,0.0054203357100168215,-0.035080667367096335,-0.06065972505418505,0.017334914988259457,0.01942925438596098
cos_psi_ALA138,0.0012610056088653932,-0.010728493765069763,-0.007460683121454079,0.0023879274757984516,0.003354772885500677,-0.007091582131817911,0.016886667961408832,0.010777659237201646,0.00608383440167051,0.005393569140697309
sin_phi_ARG139,0.0010880609207677984,0.0019423830084677489,-0.009661168189231708,-0.018464230213768053,-0.0023072529522808636,0.011515653755134138,-0.01759488369373455,-0.0704337842846731,0.016378235454755398,0.006704019594589266
cos_phi_ARG139,-0.01955842967302436,-0.010836887942831481,0.001260674694079928,0.0013569104073283575,0.026317436715642635,0.002049135057131446,0.006205961932682813,0.07740224004251367,-0.027495268181753234,0.002433469143124496
sin_psi_ARG139,-0.01345277476570016,0.03026710087592678,0.018738049371801468,0.04047615243793997,-0.059115214197984954,-0.002641834002847484,0.01886706610916548,-0.05661075583559093,0.03236324350415332,-0.03850985584849347
cos_psi_ARG139,-0.0003583341183391465,-0.03511294114437133,-0.04862692992142618,-0.050546604198914685,0.06204422375653994,-0.019225824256389995,-0.0025175634279931834,0.04082671741660849,-0.049876779051410816,0.05526503871593563
sin_phi_GLU140,-0.01883957399891053,0.02580081849450545,-0.04865149374704415,-0.04257952019748211,0.012287681022000937,-0.004892948621138313,-0.01297053764236339,0.00574071387045556,-0.02723420228617895,0.009753074862874035
cos_phi_GLU140,0.01677506939470351,-0.022345098898376287,0.052496726787552614,0.04714584815362518,-0.01812101615498414,0.011954116124187559,0.009842221177882056,0.0009016937959757559,0.028837796052397727,-0.018888073856442845
sin_psi_GLU140,-0.027614913419068667,-0.008571766977967698,-0.019373774070445784,0.0015485353380360913,-0.010851858305580905,-0.006191380135725076,-0.01036864302091672,0.04354243482421497,0.007502103697137563,0.016153315920480856
cos_psi_GLU140,-0.03492490795381447,-0.01245892412254648,-0.048661098783267416,-0.03982247150726858,0.014792034493529447,-0.011604922070052736,-0.017521363164804602,0.03042222057686942,0.029181867016591388,0.020586426340606093
sin_phi_HIS141,0.006741868202437618,-0.0038085161046500565,0.01366940235556998,0.005082254642741857,0.012988964591016373,0.003633269054116524,-0.036197767696219636,0.017877996018754585,0.011096914443883702,0.01341099658553344
cos_phi_HIS141,0.00300196396029614,0.01038453622805704,-0.012688120255156985,0.003400287448900055,-0.010984081318310107,-0.012162659677841263,-0.0034310288173787676,-0.013207720425424403,-0.013530247824331624,-0.012626384270207661
sin_psi_HIS141,0.008608318829189289,-0.01594579418683653,0.024982990341076955,-0.0020062472584575688,-0.00011789135358560874,0.004730773548559409,0.012205507484073225,0.004719606408413112,0.009251437020749615,0.011104763608313837
cos_psi_HIS141,0.005232130106565348,-0.009134701551042112,0.015730729397127823,-0.002142715859474877,0.010070853890309261,0.02175037456975558,0.02186321837275079,0.031383675722643944,0.009082330244315996,0.00044662376319621857
sin_phi_SER142,-0.06914365728780705,0.01365607419629233,-0.04306909980549019,-0.023467298697813225,0.03698129455507521,-0.031931602141759864,-0.03507686345492773,0.00401607541440108,-0.023209640666080222,0.006972151658768527
cos_phi_SER142,0.0014830586115612563,0.02334386283264703,0.07101126921211101,0.08683749683043376,-0.05291501295305419,0.058560414940349304,-0.030429503539326126,-0.04359544601803364,0.01063699448810609,-0.006037603724936225
sin_psi_SER142,-0.06990459329121802,0.031819554061133924,-0.01838154350663345,0.0431099096805569,0.01804580196207939,0.010594714445234537,-0.042156197328901024,-0.042532276291656845,-0.0026565831871331307,-0.008443134382829908
cos_psi_SER142,-0.029328253175888438,-0.01000495591773691,-0.07991159460905028,-0.059819459819041715,0.05959123363268835,-0.05323702089872565,-0.006837200540252547,0.03498397395628367,-0.006774548961840649,-0.00613803025259905
sin_phi_VAL143,-0.013610664608464274,0.022205495228666623,0.026114662438705995,-0.018302775063951487,-0.04938586466192201,-0.025383736973288145,-0.06618471665972783,-0.0641914655331442,0.027133458682113587,0.028024146046357022
cos_phi_VAL143,0.08782222993262777,-0.02793755691815866,0.021455225355406053,0.010667823818898775,-0.0057403698614642285,0.025546860030648183,0.06722068924229327,0.07628506749696974,0.029325514592803484,-0.026067367035759646
sin_psi_VAL143,-0.005084635596526566,-0.011130120596372214,0.004539924739733328,0.012794218997964141,-0.004841848829217386,0.039797899143099044,0.014574735447700733,0.0007388356864443676,-0.03887482487653349,0.020986380090079037
cos_psi_VAL143,0.03942926649717056,-0.005990138887415681,0.012017182724515518,0.017702991591155355,-0.012670902139960733,-0.0016363449298182505,-0.016163698201225384,0.060862339984119565,0.034655966545282794,0.0076494207571023145
sin_phi_ALA144,0.052210356547471116,-0.003902719613903494,0.014182102261409263,0.02228314078150701,-0.006794429082198511,0.024984325160806637,0.05371574437073946,0.059197811751490956,0.035660931970187486,-0.03708641052606133
cos_phi_ALA144,-0.023617352633375038,-0.007986153093103958,-0.006007433987473819,-0.01677599927026405,0.027305069178034883,-0.008252903925665344,-0.021259858347626653,-0.010578564545151237,-0.03753258817510973,0.017614229910608948
sin_psi_ALA144,0.01874958514613712,-0.01287107841281344,0.008756634609287543,-0.02106654394855261,-0.008836838177412385,-0.008352758305933955,0.015727561088481355,0.01211986088593011,0.03304651350051617,-0.013481119158950977
cos_psi_ALA144,-0.004652500183175693,0.01251728681056651,-0.0064291269587077905,0.01667849833821359,-0.010812726234468073,0.0008030351144962592,0.005442570843691024,-0.015076188950153972,-0.017165355373719136,0.003529798723875715
sin_phi_LEU145,0.0008077163635772625,0.003712922715491884,-0.008596501078238564,-0.019067176608882668,-0.022158944872033966,-0.0007230063975753533,0.004438120740666321,0.0031925789821009775,0.03800958541818276,-0.013919074441477691
cos_phi_LEU145,0.01035974238643137,-0.0034324915322344724,-0.010456468715039396,-0.0204238547759082,-0.028369007576546403,0.005417944413297188,0.026677328618154028,0.007243761274406294,0.037840133000791094,-0.03703510544533739
sin_psi_LEU145,0.01978709089447097,0.0002915489883453058,0.01522137388942766,0.011303867492864062,0.00679915518553127,-0.008169525868504774,0.011395620722073814,-0.0031629365558932285,-0.01783845830855542,0.014362707384178145
cos_psi_LEU145,-0.012763679679580881,-0.002944234463122447,-0.016818158899531387,-0.008721360436724966,-0.0073932588089590245,0.010791187303833575,-0.006430375704179983,0.0021366362407678153,0.015588529521770063,-0.01971602956448881
sin_phi_VAL146,0.019180160408362974,-0.0010249037802526643,-0.009105402729025183,0.0008651733127209009,-0.048378843337089264,-0.018201010678594726,0.03313986583009732,0.039533323217642774,0.03430940639069879,-0.008219985990934672
cos_phi_VAL146,0.018906940710164168,-0.002776495503070596,-0.011351764397944228,0.004856597042502468,-0.04436090104556843,-0.02114850630161032,0.03250357117870246,0.03881567145265932,0.033102334079556824,-0.008415659455152241
sin_psi_VAL146,0.001187191007290869,0.007185205023869201,0.014282583565821167,-0.026043586097434988,-0.02646334341680823,0.005161790582578124,0.009861042386174438,-0.018456949299758017,0.02610578558517578,-0.019745879190505747
cos_psi_VAL146,-0.0038879653105294183,-0.008089655280300579,-0.011470147266494807,0.02251395380723172,0.02773258399707092,-0.0031332974744757666,-0.010944982659350812,0.018066369615382393,-0.02920719695931707,0.02080316588080523
sin_phi_GLY147,-0.035862324033710306,-0.008546342895069841,0.00852434327809821,0.00957232191697932,0.05038583657224297,-0.06758059254808589,-0.006408223742964389,0.03592678457770959,0.08195662724378024,-0.01113393523436112
cos_phi_GLY147,-0.03236731106960612,-7.763382235142038e-06,0.0012316453694705147,0.006352261049400481,0.06681169417632679,-0.07000009182821267,-0.007977944617855427,0.03786473425508953,0.10330176972128305,-0.031551421952110116
sin_psi_GLY147,-0.02730164639997596,0.009495143406012279,-0.006548885297082715,0.0004194911681489859,0.07170498117918941,-0.0617155712862327,-0.014259890272040174,0.030093789719242037,0.10521635934403868,-0.03865414859880841
cos_psi_GLY147,0.012008812561527192,-0.005454880224228823,-0.0032514041642106727,-0.010131112331510476,-0.012807363662668355,0.017879428167742042,0.021830809839027836,0.005983565084599303,-0.01231324684132413,-0.03395511065548791
sin_phi_PRO148,-0.001338641274128646,-0.004159524976116973,0.0026850367299552963,-0.00388892910217419,0.012041223355277027,-0.017190911763215955,0.020515363486191863,0.02400178293256641,0.02380245235700757,-0.04409092542492563
cos_phi_PRO148,0.0120903946263143,-0.0032130191896428905,0.004778406392943317,0.0038306150280772245,-0.06338715483360084,0.043968946465955484,0.016100133928641413,-0.032420459670576954,-0.07515001219252027,0.029690156286658255
sin_psi_PRO148,-0.0005895172401867183,0.005891129086479198,-0.011719706858609265,0.0010013374742407323,0.0006916449061817159,-0.003584867590361916,-0.015369142080689012,-0.0008195064462530455,0.022652439730537013,0.002490012252877051
cos_psi_PRO148,-0.002290272762227596,0.005552875625511286,0.0005967498403636939,0.004802435736457198,-0.0011549166788854173,0.0017963284234860828,-0.010759789075019682,-0.017322852202416084,-0.012053818970864648,0.03655894154734989
sin_phi_ALA149,-0.012883459100746687,0.00284972225542235,-0.013728470252800894,0.01511168871438856,-0.00013866047466546465,-0.0027982898077814557,-0.00920117722291903,0.001718524628338317,-0.0005742396937105132,0.002974143870565758
cos_phi_ALA149,-0.013352115114122412,0.008008010572754047,0.0038541744057370955,-0.0021894153283915983,0.02564662631889885,0.0026426724919947813,0.03325160548866712,-0.0008469654319701432,0.02801428498257109,0.004797987038139878
sin_psi_ALA149,0.006804276235447359,-0.0006250320205576106,0.013634083619323351,0.003532884046783813,0.004361980788719632,0.0006057166432584804,-0.013160972427121144,-0.004917458288661696,-0.00983490222243745,-0.01019963737407419
cos_psi_ALA149,-0.006334412951499013,0.0012991703293838352,-0.013032898229760512,0.011068617392253488,-0.011047316629758107,0.001703161955127499,-0.02284405614423232,0.005101692110930315,-0.0013410586540100538,-0.00478922219475605
sin_phi_ALA150,-0.10884403776124199,0.06755528537648293,-0.01562886304094545,0.06772439054200097,0.034330868017348,0.03744448584532125,0.015613520125131392,0.003700064331444254,0.03622595956478551,-0.0071662177932779935
cos_phi_ALA150,0.044576769447352484,0.012780919271432668,0.0736085665650508,-0.092361114071572,-0.07876189021576978,-0.05625129408964776,0.016508876568598948,0.024698592074173378,-0.0438053879225706,0.003908993668959436
sin_psi_ALA150,0.05602180341963025,-0.031851941390092044,0.06437312370773307,-0.09178329193864213,-0.06026056824465652,-0.09854212234136824,-0.012702007651361508,0.013312487472481267,-0.06255713209893465,0.002849949423120938
cos_psi_ALA150,-0.014541526934112167,0.0028582882944054484,-0.004865855941912164,0.03221809100000992,0.04480902175823826,-0.08391602538084415,-0.0171903551399337,-0.008199886131176004,-0.009521716028600408,0.032603533388394355
sin_phi_GLU151,-0.021611845870542205,-6.198395708782405e-05,0.052755383761304064,0.0579336948548122,0.039941345720850674,-0.0077700265821969245,-0.014445837354379407,-0.023913447766777955,-0.0017140868195630989,0.04768982027108648
cos_phi_GLU151,0.07170081598174104,0.017276467170625046,-0.02830233826066226,-0.11136855441135789,-0.04167448888670172,0.021309362516495924,0.021384574541379892,0.03811597685740774,-0.006712911528569325,0.011411974411800122
sin_psi_GLU151,-0.008924969889447723,-0.006050177744312833,-0.04918808169982021,-0.03309033213693222,-0.013531154960171316,-0.004313096029221794,-0.012425124037264909,0.03086900102406081,0.026121867465437255,-0.04556033233181244
cos_psi_GLU151,-0.02197596233082982,0.020974649770206234,0.04095638021192561,0.014793320077142574,0.036781126987129195,-0.0061311028915331175,-0.004386537960461713,-0.0018944818869559422,0.006271436073328455,0.0567978766169604
sin_phi_GLU152,-0.011514589700319886,0.030432780903219638,-0.03527347422001699,-0.06376355937878908,0.07425892275491203,0.051592229581197094,-0.022490972852548342,-0.0071472227357807895,-0.004815432412802752,-0.005337068603676145
cos_phi_GLU152,0.0043858355324136195,0.03378772634065647,-0.040133743945705916,-0.0640890293382092,0.04554407524007276,0.052259548110182436,-0.024485962580824867,-0.009583137149855054,-0.0032458404403286406,-0.027842692141855356
sin_psi_GLU152,0.05146997625869792,-0.027405040406422814,0.007600777623362609,-0.10522105989414894,-0.01654458329744495,-0.0012578158047532961,0.012489622449627846,0.016333919462808908,-0.0467202582639606,0.04443135163172244
cos_psi_GLU152,-0.0672321176757898,-0.023518568824699777,0.016028463407691183,0.12136325937580003,-0.04396739204564801,-0.015129725079420465,0.049538285752446384,-0.012743321375036608,0.03483371216614661,-0.0822968915100358
sin_phi_LEU153,0.006090237669398348,-0.0028719780498088184,0.010764481798702026,0.015469795126429018,0.000599797849477079,0.007835449626395612,-0.0032431325827437588,-0.0010662508049803221,-0.013649387318404059,0.01702808603179156
cos_phi_LEU153,-0.010962938095159748,0.010711661057512506,0.00936002191337169,-0.014108697508988863,0.0188606502226478,-0.015433399008984,-0.004326471827959191,-0.002531950392813531,0.0006186361637013927,-0.015981083772154046
sin_psi_LEU153,0.0007985483499472837,0.001884576775048024,-0.005154201737005377,0.010187427472512093,-0.013312238593739971,0.007663523772059739,-0.0026067923421151493,0.009131925775013624,-0.008749509064583914,0.011576248343094262
cos_psi_LEU153,0.014995350144188374,-0.010481602694448929,-0.007383085457422302,0.0046483434544633785,-0.01029888777330128,0.00840327869063973,-0.022187005329060226,0.020854517223854858,0.0240651187336829,-0.02175448910700833
sin_phi_PHE154,0.014984839643209855,0.0030960255501056226,0.022310151239826968,-0.07891243557963216,0.09492475770942568,0.037672460139889084,-0.04033143611417967,0.11058238884450004,0.03762007899769511,-0.018100088582954227
cos_phi_PHE154,-0.007573355525818149,-0.006062313788379941,0.02567001111442311,-0.07168778722965032,0.09300912002053016,0.04957578214111554,-0.038866589720857644,0.1085506129312925,0.03389820655334074,-0.0008226104822058965
sin_psi_PHE154,0.035164457571623,0.06931378144647068,-0.018392710418604356,0.05281439595607766,-0.03611977834950892,0.012307952733693141,-0.014207128126879477,0.02157524452315696,0.010164200212573473,-0.013829883530075894
cos_psi_PHE154,-0.040507427172918234,-0.06183757706492245,0.0029396858674146527,-0.03746731843005627,0.02551307123434197,-0.03500928020941299,-0.034511834726936225,-0.06388144006662931,-0.017063633181057917,0.018201145056001674
sin_phi_ASP155,0.05447597582399691,0.066056944244245,-0.015071882273334032,0.055086415296225995,-0.04070277285777234,-0.06669506497734617,-0.016522074757354083,-0.09440724052167299,-0.001013749474284748,0.03693907638480672
cos_phi_ASP155,0.06508932433640148,0.057603948509057916,-0.018545747565409044,0.05665552564089657,-0.026136372465005542,-0.05017187260237667,-0.024145039816523228,-0.09244164756840961,-0.006623620706107825,0.03342400294634979
sin_psi_ASP155,0.006193376443121132,-0.08721661929336916,0.00209385763400535,-0.038508396438566225,0.007054358446036201,0.024224105321104004,0.020963343380476562,0.010786974976913962,0.009972080400318134,0.010472798026116188
cos_psi_ASP155,0.006627141120150399,-0.05413621957736464,0.011441962898785797,-0.027573318519475448,0.015823916443203707,0.02956082672925994,0.037816636374306996,-0.015443199049819691,0.017049153480723875,0.028098342675748133
sin_phi_PRO156,-0.0005479455554989165,-0.018139276338993992,0.006556774629661976,0.0005679979492285152,-0.019971335395226792,-0.0034493027888019925,-0.005215109675071471,0.002497365383632395,0.018232568458957817,-0.013953127255355174
cos_phi_PRO156,-0.0005863491431563653,-0.009620451929688327,-0.0047732659396140225,0.003461582193384238,0.016064244543698245,0.005426385226724678,-0.00819044019084381,0.006415873141013688,-0.029395847012496857,-0.022086886554120694
sin_psi_PRO156,0.005918688189950584,-0.020119586212635425,0.004828328072243141,-0.004268943112509827,-0.03596234166545605,-0.03123868341318511,-0.01444934635398999,0.04164417539359893,0.00564531447582451,-0.028831111667247476
cos_psi_PRO156,-0.00614216854981849,-0.00637146880464711,-0.006323212748786279,0.0011941618232303973,0.018077521464032572,0.005217823380128272,-0.006055454313268827,0.002837968329261532,-0.019218093478126683,-0.0181527262920479
sin_phi_VAL157,-0.013146248685032015,0.002478903093670416,-0.0009180979531928901,0.012197018035318006,0.0019934727898260085,0.010779041824183582,-0.005885369985603225,0.013599820878471492,-0.0014147536284669214,0.021173012089316056
cos_phi_VAL157,0.02107372345275113,-0.011954338751229372,-0.001343585494182762,-0.01303802321388219,-0.00993674367793295,-0.015242732600394203,-0.003224115630239403,0.005038798080008265,0.01675895348651323,-0.01261795420323917
sin_psi_VAL157,-0.011279619927968096,0.005256500006869078,-0.004195134350249003,0.008404648716088868,-0.0013853364263905655,0.015418131533405627,-0.017480860573907603,0.0168541250582882,0.0020784864631365942,0.02378981737088056
cos_psi_VAL157,0.04913038772262185,-0.013740009270250172,-0.007046131883063536,-0.02447668288188015,-0.04421523102795921,0.010797331429703698,-0.028098646484890192,-0.010733583421244506,0.004616513851434663,-0.011923157916819522
sin_phi_PRO158,-0.0009842187509803378,-0.004801933972779667,0.014937559234548764,-0.008635807179035598,-0.012964949822614289,-0.01889186947789379,0.0013344318233766525,0.00835686434585573,0.019768764204948632,-0.023211603481159256
cos_phi_PRO158,-0.00985402357317529,-0.006725721128984307,-0.007482822225890877,0.009950992160970113,0.0335880000056758,-0.0018382591085491344,0.023716695307643587,-0.007944117571488668,-0.01629000381349824,0.010068578454889591
sin_psi_PRO158,0.04939684241041316,0.032169264687369845,0.018741755258363777,-0.0010344480165030583,0.0285012449396247,-0.01933688301648788,0.05025424103853558,-0.0032467571432797026,-0.018004638348867338,-0.013895446968155041
cos_psi_PRO158,0.0582723773096381,0.04721192974190901,0.022337436723850555,-0.0026795371931015045,0.02498376057424819,-0.011985064841419403,0.03694342546912029,0.002105145155103164,-0.02434649448801107,-0.010578636126576653
sin_phi_GLU159,0.0533655934223354,0.0532625316782141,0.02221500498745036,0.01036518187045246,0.029601140645560534,-0.0006448763885507342,0.013752573321083632,0.005903346536709596,-0.01845652580115844,-0.006036673905415418
cos_phi_GLU159,0.05434731791182983,0.056251960750265464,0.0222802141843372,0.005168086554998789,0.026362794382077472,-0.004522738710730145,0.011586567176828336,0.00475062454610766,-0.016344181469075212,-0.011953917603007519
sin_psi_GLU159,-0.08598995888069938,-0.08958136191751823,-0.05294683809171855,0.0013186738657451332,-0.01164164392487321,0.013206224389785122,-0.02152388223629451,0.0009587770045987656,0.0036520552171384066,0.036405850833875035
cos_psi_GLU159,-0.093967789011368,-0.07844287887274598,-0.044917689861919984,-0.0030649123043654095,-0.019907908110524935,0.011237348445871284,-0.027098053627822576,-0.00138547176459317,0.010199887416691178,0.02472696511396894
sin_phi_GLN160,-0.005515947209676272,-0.006601347478971875,-0.010006675586424698,-0.009502300009728983,0.0034890711783215895,0.02231817831806621,-0.011790723021709597,-0.01200674721361377,-0.02193177101166711,0.020174022408614482
cos_phi_GLN160,-0.004034705323293861,0.001350656341214331,0.009373525267178256,-0.001602956440309405,-0.0002564588711738357,-0.0202569592153619,-0.0063074749959983615,0.005504652238333673,0.008829781317069829,-0.00459105914776587
sin_psi_GLN160,-0.0017748537559278278,0.0023430777954605952,-0.013507605378275285,-0.00971969181311706,-0.00120908035969191,-0.015878541640840273,-0.015637506833970367,-0.0017184521119208956,-0.01849099835480088,0.0031221564781074742
cos_psi_GLN160,0.0024460599695964444,-0.005125854536930184,0.0011977822466702971,0.005057389637319946,0.0038255930244227823,0.01830234800995155,-0.001559752082309229,-0.003935885888010959,-0.0076282778973312485,0.020875777085210993
sin_phi_ASP161,-0.01051973415208102,0.0057568552140508196,-0.004702305726459198,0.010935284081245488,0.005938973250330658,0.010817888035637597,-0.00949610632858828,0.028062002364082024,0.030664337114601422,0.026130595147284552
cos_phi_ASP161,-0.010835806962595576,0.01854471253857563,-0.008200490504959572,0.009298631579918932,-0.005346319269327084,-0.019511051517094667,-0.025053058160214303,-0.024796372451214077,0.014471607585608769,0.003682883733123445
sin_psi_ASP161,0.015051865317564493,-0.004766620048622535,0.009123372960399768,0.00759452465035093,0.010805505321095882,-0.03858516762744797,-0.026298397069541124,-0.006737573496072341,-0.022711568480682842,-0.013238009539013159
cos_psi_ASP161,0.038617878518704706,-0.00027445405402267423,0.00241656250661394,-0.0007862983417924425,0.02486555800846721,-0.08508025509582083,-0.030462927131546365,-0.0679791086630837,-0.044211437768243295,0.009998184537212853
sin_phi_LEU162,-0.030420269758524136,0.017856911302516015,-0.004997937304541082,0.007865950706660216,-0.004676484684393982,0.00013112446293768625,-0.032547020066593005,-0.016053586807234125,-0.024403145053064474,-0.01046762150103659
cos_phi_LEU162,-0.0010308471094628987,0.01122671923169572,-0.010338289833314805,-0.008831127633202778,0.003499287862734752,-0.004681895910794019,0.004234340107428915,-0.0054817781133010765,0.025083457509666215,0.0023406266860394485
sin_psi_LEU162,-0.010563136112000741,0.007465880747475537,0.006557421159184897,-0.013223094134021843,-0.0014559332006723058,0.016024334137258376,-0.016996689526999904,-0.02316352419076625,0.017059469603573456,-0.008070745786191172
cos_psi_LEU162,-0.003292922339539816,0.014459895322570655,-0.01526062919918329,-0.00995910905524025,-0.006615821557475592,0.016760793904202476,0.0015316869577150028,0.009553115517210846,0.00943718787111502,-0.008221857322878697
sin_phi_PHE163,-0.006784314670059011,-0.0015710304115575066,0.006265560589976724,0.008994265263170253,-0.007788380965618894,-0.00886673860616817,0.0017288041756073865,0.009755177320756918,-0.023445187424766936,-0.016936029170141496
cos_phi_PHE163,0.0007362298902313122,-0.00935518491226474,0.001372022487191317,0.003726046543606026,-0.002697559040503293,0.0024635057828110243,0.003653202448081878,-0.001607840921304047,0.017835693975986826,0.006892413443536431
sin_psi_PHE163,-0.003714050235143452,0.005840194677198995,-0.005148832639058509,-0.0022380175652735,0.010562931564547585,0.010146287589289881,0.0008455720625840707,-0.011095939878768744,0.03689303048044493,0.020734985456583116
cos_psi_PHE163,0.013577730327574214,-0.02950554123298218,-0.006932940565848055,0.007857429204405042,-0.003798036218660928,-0.011075207360006698,-0.007864255013392933,-0.00947820853647104,0.002750708024973428,0.008876305553891866
sin_phi_GLU164,0.06457454468280241,-0.07963843963393714,0.017055423566455792,-0.0408713345477188,0.021435136738891733,-0.012870206560782964,0.032489359265115286,-0.08124688762402496,-0.05552516243055641,-0.0013637163750107085
cos_phi_GLU164,0.03909393664427194,-0.06266059638609175,0.02263884409901815,-0.014071634154374435,-0.00146959394804033,-0.017129139280796568,0.05619514766632232,-0.05898837383587216,-0.08521510715158563,-0.00460203365123317
sin_psi_GLU164,-0.0008454873647839649,0.028363547031190046,-0.03724997541715473,-0.025628776396620662,-0.04428087419241937,0.029391368129279723,0.01252934596848468,0.08496586786525978,0.06414539699957705,0.08933457185174198
cos_psi_GLU164,-0.006785741276307567,0.018939781866136075,0.012726732224522953,0.031209212285986172,0.025221457020819054,-0.014534833992567562,-0.06953396315224043,-0.04919712187105936,0.05035636956358443,-0.03533380787838432
sin_phi_ALA165,-0.022292660870240833,-0.0442659296885394,0.026972743068564942,-0.03944097515917629,-0.004476965496935077,-0.005168091573192793,0.07717782613669963,-0.03507144285620623,-0.05048038699386235,-0.01704013543923093
cos_phi_ALA165,-0.009554497339178786,0.02041200200071172,-0.00032472450872730456,-0.05317267262174297,-0.035704106127751135,-0.0010232803656964127,0.04886969801030089,0.03146720660688466,-0.00753221555825518,0.08768546037508691
sin_psi_ALA165,-0.00642469945234904,0.043811307088974204,0.0014934105212585402,-0.003992333177287525,-0.02275740325998513,0.002725172023754324,-0.044433510251093086,0.037008982987400144,0.010352431096592707,0.00801016694470049
cos_psi_ALA165,-0.02065493603986611,-0.003715135702201897,0.036060562714380434,-0.055557575523863485,-0.017186408759498933,-0.010638369004427578,0.06129405260590032,-0.0032145786406476396,-0.031229557545576138,0.02265982044653929
sin_phi_LEU166,-0.0013937557098043262,0.006875637142119787,-0.00855191540334742,0.020337205877313216,0.0037161196892675657,-0.022375913316945314,0.018657877187804178,-0.008022858782653951,-0.011792995291609928,-0.00653188092087559
cos_phi_LEU166,0.0006997347963540341,-0.004552189318107276,-0.015110292439721475,0.008800513090856481,0.0073440614313890675,-0.022935358960430974,0.02241329022828105,0.005955110468733405,-0.02355802511574113,0.02019442604046977
sin_psi_LEU166,0.006808211672303483,-0.024108556579180693,-0.01866814049956032,-0.012435680881168466,0.02186204422870938,-0.028279221227913647,-0.010248828848963784,-0.006035418436149227,-0.06608767495122514,0.042649884422254127
cos_psi_LEU166,0.00439630347062902,-0.023996428398584044,-0.021829089006349944,-0.005964337151663753,0.018297759628659857,-0.0373688020809997,-0.014732996131305475,-0.015247826538835796,-0.06474331126079057,0.032913531624505665
sin_phi_ASN167,-0.016710163657328744,-0.014629619777703285,-0.02510233747696085,0.0023464002351349256,-0.04249975341791298,-0.025274584538769067,0.025299732775254467,0.0259096553771209,-0.04127933207704116,0.06875575627866908
cos_phi_ASN167,0.00519603074142038,0.019032877509507044,0.018491689611907326,0.0011875430993836303,0.028776671787959077,0.009495027657256433,-0.039209610047654365,-0.036204178721903214,0.044982950281707554,-0.09340264576840086
sin_psi_ASN167,0.004614092155724888,-0.006797421766390462,-0.017737381813380724,-0.025565844134642458,0.05932837584442251,-0.01663058280255336,-0.05391398676078239,-0.035110291004598594,-0.003758924322838825,-0.0513243675445653
cos_psi_ASN167,-0.003338949762169472,0.0069100587488265825,0.016539039113372865,0.022913731913908806,-0.05771372379187283,0.014613596701290458,0.05524551575469625,0.03451375073286732,0.0027731057978605334,0.05092155882164417
sin_phi_GLU168,0.002565265492259199,0.0013192857692840864,0.007525144346012938,0.017437515344864787,-0.023970411631552398,0.0006075072771626396,0.020310474525145696,-0.009666569364189366,0.001690905452025857,-0.013413992202553727
cos_phi_GLU168,-0.007471014033827457,0.0034810358703231477,-0.003945000813939505,0.0019511471681736548,-0.006198369052468555,-0.0014382202734654632,-0.009724299635283281,0.005124865838043277,0.004059587653350144,0.0011532644671388614
sin_psi_GLU168,-0.005728727878729684,0.0030578697479727774,0.0045417121352683614,-0.009210127137443992,0.0029492113548033384,0.0008577996848198273,-0.01731218330541828,0.006634030506500439,0.001859747948546659,-0.00447701929014919
cos_psi_GLU168,0.002154238574347401,0.0057122026962004,-0.010036302001169771,0.002934252188159466,0.01017829450707505,-0.003330350841579899,0.0004724618147006347,0.009120490956803715,-0.019310890905911565,0.04628885908040386
sin_phi_THR169,0.00864195932896838,0.02026547605217827,-0.018137973461991076,0.020013391737706502,0.045687003660305356,-0.013748247471649667,-0.0004891840190097691,0.019114335347005768,0.014395102884175576,0.016610837138741057
cos_phi_THR169,-0.0024166269639178213,0.00027903432432492396,0.00864785557220892,-0.004331955651381504,0.013818299153701346,0.0011333188437461221,0.00888338859365105,-0.0003290749775246892,-0.011976158262364976,0.023151934594341447
sin_psi_THR169,-0.01763855060776733,-0.0026521812787691614,0.01641982071681656,-0.029053089708303337,-0.04917034686900122,0.0040980643149411515,-0.005509534951426591,-0.025549813395034,-0.013525646843695774,-0.03826758071707281
cos_psi_THR169,0.0031143040829783603,-0.002398937203610843,-0.006303862914460146,0.0065822967839947195,-0.012844443325167841,-0.0039051665856017553,-0.004519889344403181,-0.00039617531426661194,0.02101617176093618,-0.01951359444941175
sin_phi_LEU170,0.023624453415498077,0.007330259689740538,0.01946791506727804,0.019986597168844315,-0.004369673702695589,-0.014037303320409365,0.008117732817185438,-0.015134847340202354,-0.011377410167245373,-0.013208672049007128
cos_phi_LEU170,0.02486090031181161,0.015622546196746995,0.03893447274947852,0.011293211131933153,-0.027589612950848046,-0.026009690313054928,0.02353785509740911,-0.02679265922447899,0.003986712159946595,-0.07620301886774247
sin_psi_LEU170,-0.006370961795445761,-0.002204558179695803,-0.0006242659350464771,0.004241946294395615,0.005111861667271735,-0.004882629196155977,0.009408411786542451,-0.006155732223938674,-0.010946769302335294,-0.005698126256950077
cos_psi_LEU170,-0.02027375560819557,0.007213941876514643,-0.014060297724637502,-0.0031602997495569505,0.0010638345070188898,0.0049140005277902125,0.01600421739647526,0.01052631310233193,0.01598010172373492,0.024403931022535907
sin_phi_THR171,-0.050994377942912505,-0.04694588449496266,-0.03349481422412274,0.027159840701705375,0.0066435477682797225,-0.00574143370213651,-0.060016642617539875,0.005183667364112202,0.012307732111619651,0.02760435351323956
cos_phi_THR171,-0.054355160582610425,-0.0506478939193302,-0.034963189010331984,0.013399534397712676,-0.0008986713940997734,0.008694940856802304,-0.08292607261750376,0.02904692244938624,0.01780432112287833,0.02347020234534152
sin_psi_THR171,0.04165889982106554,0.08032127485188954,0.02871870691549655,-0.022468221025116374,0.022147473657334077,0.012822786575550164,0.06207450703756284,-0.021349626984643898,0.0007717081374984827,-0.031094044903303555
cos_psi_THR171,0.04125125384878599,0.08099331911545012,0.03168187417649157,-0.01952884337728917,0.026348530795647414,0.010902355473038708,0.062294535972108205,-0.02729809019808324,0.0014701295159622494,-0.031204901678339794
sin_phi_LEU172,-0.04970680356979727,-0.09038456637521786,-0.018607014348391446,-0.03565110898895459,-0.018351661166929035,0.004530132796620567,0.018445416584598116,0.04417974347031918,0.0164423459738013,0.02345776709783703
cos_phi_LEU172,-0.027419851519769604,-0.06390178854805337,-0.02024167771987949,0.015751145276018147,0.013188243822945818,-0.01847519069224819,0.024417344653879083,0.00797932880227625,-0.01524496788910243,0.022819436557471543
sin_psi_LEU172,-0.001543608904624263,-0.015542854969891967,0.036379374215290305,-0.038389637267376354,0.04499831863493935,0.008181938413893758,0.012316511089202379,-0.01747777396797872,0.0009651473825168441,-0.03720165406860143
cos_psi_LEU172,-0.03491494348770529,-0.0314416553458496,-0.02146445400056197,-0.014218105386972336,-0.017046253396076443,-0.01335105594585003,0.006789188341759251,0.0098044830351965,0.019308822042887357,-0.02092028665195542
sin_phi_TRP173,-0.009517929827317239,-0.02226018264707877,-0.009254387739562385,-0.010064211329921762,-0.004913724905516547,-0.006178321361789169,0.03101594541400327,0.013382710169096696,-0.004582482207666078,0.00715763614429235
cos_phi_TRP173,0.0005491299408237451,0.0027835690535574897,-0.002750447481797272,-0.003006424440409355,-0.0029300594612214946,0.01729464118865249,0.005609147614726044,-0.006052124104861525,-0.0002255919487422794,0.011899672642337345
sin_psi_TRP173,0.015933221455062152,-0.0056756616262759315,0.024035375173612348,-0.02217337911298008,0.003906691884601128,-0.028826933799546327,-0.016924331369234283,0.014875150837779025,-0.005506014900446514,-0.0007935252679098636
cos_psi_TRP173,0.018565248020192354,0.007711841131669237,0.0031395346780801266,0.0014015895986911322,-0.01594712451056418,-0.009592504680361734,0.01018200674863762,0.005024447718252106,0.009539480928234843,-0.007825907616175425
sin_phi_ASN174,0.05187562601268126,0.06088458047270236,-0.04966355062888186,0.08040618536413169,-0.08266574534302615,-0.012370693527889411,-0.062224789726673564,-0.04228171135455285,-0.04755896847450185,0.011399339251340268
cos_phi_ASN174,-0.05589092698037561,-0.05026150556172708,0.04251917157061109,-0.07451732559323186,0.067221458557771,-0.018722253659353857,0.052556174979179686,0.009640196311473843,0.03789487426707829,-0.018736225616879286
sin_psi_ASN174,-0.02016604567832019,-0.02972325104927186,0.027980805373162897,-0.03668458433953563,0.02560906103633252,-0.02583463128429241,0.09622170203869486,0.01977459822990182,0.03028003094965483,0.008315021353472866
cos_psi_ASN174,-0.007497753376490413,0.026619866266093837,-0.021702943507712104,0.02096790960483861,-0.02724674472005682,0.014992661921930269,-0.06789271359011734,-0.04039726170773731,0.005713977798855607,-0.0016920350107477427
sin_phi_SER175,-0.0030655391755498662,0.0255594368167476,-0.01673999839092598,-0.005040008643492781,-0.01666866535947897,-0.008592006959074631,-0.01794737608738725,-0.013172374058648677,-0.020603600592703206,-0.01344320250287254
cos_phi_SER175,0.0035761254854199736,-0.003685793342723218,-0.007052830234564939,0.002611144207038972,0.003369602445742015,0.005482128063006374,-0.01605317127715022,0.021779238010833396,-0.006099955011243447,-0.012566666002089406
sin_psi_SER175,0.005930425300694313,0.03338827689691193,-0.0004191333736196,-0.006396956317356851,-0.015749389571553172,-0.0158255268441536,-0.010247026058253717,-0.01489051215933037,-0.029059481698954535,-0.012548528788165664
cos_psi_SER175,0.00013587801466593812,-0.0072287107857372844,0.015090159744536534,-0.012657067271136831,0.005352016035261893,-0.030510062236534838,0.021311685541970164,0.020655856215480606,-0.0007798979711112822,-0.004171376906105717
sin_phi_PRO176,0.003861484079147534,0.0038877458864815997,-0.004423071977424884,0.0017082254879546724,0.008745639405749005,-0.00867647082662715,-0.006446585395872489,-0.0029307105799025873,0.023265900000868915,0.0002500282727003748
cos_phi_PRO176,0.007714258217369827,0.005583109983627904,-0.003193949349247845,0.014115306077435674,-0.008711068089901002,0.011491826784452173,-0.0011635851409942937,-0.0034350245645073368,0.021587410549294347,0.011708802541955101
sin_psi_PRO176,-0.0007485882689784098,0.004210331409396523,-0.0007776946393325754,-0.0047761199782070515,0.006639210024605119,-0.01281790373514027,-0.013137621490102438,-0.0052135095060092665,0.015076239463162415,-0.001925318121884503
cos_psi_PRO176,0.003526674750605931,0.016772695360764003,0.020963102755060265,-0.02165419932121022,0.004852559046452116,-0.016932570983594922,-0.020932722739422822,0.006878274116854291,-0.04397018175624171,0.010805722621741272
sin_phi_PRO177,-0.005275419143522064,-0.00632141106720971,-0.020031356860234918,0.009126814599827239,0.03506168793381218,0.011927232845711438,0.016058278059259874,-0.0006199774401580694,0.0015939178820637456,-0.02103198838091257
cos_phi_PRO177,-0.006707444316584558,-0.009258282394332584,-0.021838478962770445,0.009903504645278992,0.035440423938517894,0.01878245744675626,0.029843304589456495,-0.011090434059685007,0.0012720924339799575,-0.019576677960878024
sin_psi_PRO177,0.035093053187445745,0.044257741399002314,0.06004553412137346,-0.00826545502206056,0.007129074325372672,-0.0027493163475017274,-0.006420618521448343,-0.023565947501280007,-0.014537069865342197,-0.009486160163228825
cos_psi_PRO177,-0.039340486366675226,-0.043638632325067976,-0.061519106674696,0.005613288493863595,-0.005666430396680585,0.006227389125553406,-0.0010542303203578633,0.031086543988217346,0.0016239009123022083,0.005774093759624681
sin_phi_ASP178,0.02677820890998703,0.049920394680497304,0.07698356382930129,-0.02481941424055868,0.014020219137787462,0.010341142638301604,0.02657520915555555,-0.03930486340972258,-0.023626595965093315,-0.023030953304872717
cos_phi_ASP178,0.007400577162763382,-0.002897258985205161,-0.018839513151944008,-0.003623715075659158,-0.0016448405289368466,-0.002653602046608769,-0.010959788271259957,-4.0412407551639747e-05,-0.009691523103987666,0.004858287429191454
sin_psi_ASP178,0.026451076844808474,0.03746089998905291,0.06979297965767482,-0.03285806925666321,-0.02328725932717736,-0.010664808922102927,-0.013515871497718525,-0.0038311651964916997,-0.013209850334095222,-0.012597690859192455
cos_psi_ASP178,-0.0003224195333300995,0.018999854204228523,0.01947353039654076,0.0006283554285949465,0.011907008686924061,0.006158701311860844,0.014325119068543831,0.010283495081299053,0.020575082498085685,5.866633391435954e-06
sin_phi_TRP179,0.0038498668045710005,0.03209474759774432,0.05237144126944368,0.0035076755132086366,-0.006842901003490104,0.006636738212844568,0.02721021447872248,-0.013235357258741599,-0.018253000210656168,-0.014161098860599231
cos_phi_TRP179,0.007918900707161381,0.006615873994345843,-0.0015179544607086697,-0.014766185280673088,0.0025849698808011854,0.007131806365895132,-0.0047450298827800795,-0.0025007783615992756,-0.005242384500142385,-0.02735784160472347
sin_psi_TRP179,-0.0018211811680624876,-0.010549576786171242,0.03046798595180121,-0.0029824862032525276,0.04143914512652518,0.002509483528810347,-0.02870813007813921,0.029806392327568276,0.02637121319256333,0.004490680695993679
cos_psi_TRP179,-0.004670781118546222,-0.002780892952756273,0.006151963203474514,0.017497659586025244,-0.01384362118846839,-0.0052796837574917346,8.667958767607705e-05,-0.0011990695671842291,0.007639387481195794,0.0015653849709217442
sin_phi_ALA180,0.000905925816134877,0.0016928590010725011,-0.0002936201779619319,-0.002310954520653368,0.0030685227182793186,-0.017104423229909727,0.02510879307967323,-0.010204695749848957,0.012926286682514797,-0.01975170854254016
cos_phi_ALA180,-0.005435721560679539,-0.008311818682117353,-0.03574311355093404,0.01009665342023557,-0.0383842256421063,0.0022432436009356435,0.03445609031185637,-0.00012732570768681718,-0.01189999251705275,-0.10081893364154153
sin_psi_ALA180,0.003403167070279715,-0.0030657843718142376,-0.00513003832086199,-0.010101397629228147,0.006790001409194331,0.011019543200913612,0.004112034911006415,0.013921615978250484,-0.0019767213611490333,-0.015872856671038195
cos_psi_ALA180,-0.005857352564100188,-0.0008369189032454346,-0.01726250118638959,-0.004427893679472778,-0.022092011642619317,-0.02773087534329376,0.0327347831892157,-0.00785255857334002,0.015052164602042185,-0.02570144018387363
sin_phi_GLY181,0.0019033095498531985,-0.00015413647014955468,-0.008164153269635394,0.001055210635573479,-0.0019083445377668508,-0.02378860203250351,0.009605389367516877,0.00850568070107941,-0.006584478400879474,-0.013895513350405442
cos_phi_GLY181,-0.0024617931041033174,0.003643503329716622,0.0033175786230343223,-0.0021875800139181003,-0.008966393667180583,0.02678346794634576,0.02008662743482053,-0.0029135123466904294,0.020584473859024933,0.01348890186370596
sin_psi_GLY181,-0.0022758388711576353,0.0017706604544615993,-0.08605160179146105,0.01449497442059143,-0.046290465318607955,-0.006907229941919267,0.01534294988274227,0.033463986391192,-0.015590656484766785,0.024522909781643194
cos_psi_GLY181,-0.0016452437657330245,-0.003644510192539607,-0.008748417276056068,-0.00134472713640371,0.0027991521737109645,0.005261386626588228,-0.013526526448890986,0.006293717582653174,-0.014431280320712343,-0.01070863647170307
sin_phi_ASP182,-0.001965986753340531,0.0024513673359198014,-0.048503605717657314,0.014357301679175455,-0.04334037466122168,0.002702839576476255,0.026650892363343684,0.01522869841802325,-0.0017672855954073167,0.01684132670541834
cos_phi_ASP182,0.000209418661035113,-0.006457343814017997,0.0496831575128757,-0.012174173189665415,0.04353312529186189,-0.00708789591446788,-0.03359332898732931,-0.02164851167818873,-0.004559252500367387,-0.011492223183982945
sin_psi_ASP182,-0.04169612718140981,-0.0021315783279966098,0.04874467704651999,-0.008299881738524846,-0.0026730772560415107,-0.02074317048163429,0.019402730856486018,0.00663849318290267,0.006435631752090752,-0.017923542250850334
cos_psi_ASP182,-0.03846007334337272,-0.007295104329103602,0.05996676420940241,-0.0011182450931803095,0.007008075233158145,-0.008077842704979297,0.0030671175199303894,0.000637019431299855,0.018765957417656534,-0.02695404322460778
sin_phi_GLU183,0.03602432734725178,0.016961880899545694,-0.11187816387202619,0.012613645761962552,-0.03622847602147802,0.014641484526648589,-0.0015271842019092044,-0.008834813436723038,0.0012936107705385192,-0.00816871567292323
cos_phi_GLU183,0.04237679237959886,0.01825997428261416,-0.11565256071696266,0.011287766600334566,-0.031820393327798714,0.02410486765160848,0.00398621511784256,-0.009224057846495637,0.003268516000500036,-0.011481528254034421
sin_psi_GLU183,0.010310907462328697,0.0032589040088570375,-0.08667585498885491,0.014313874968821692,-0.06772839821501113,-0.027320029299638702,-0.0011409988227391748,0.02919036221947654,0.024113595164357154,0.021934661152629133
cos_psi_GLU183,0.009498724854541988,-0.0073913287744732095,-0.0686375731648888,0.017211393369806587,-0.055067967434368266,-0.02751431969115499,-0.007148998529944115,0.032546536565347305,0.025776605748586215,0.01105315520313136
sin_phi_ARG184,-0.031837883155039194,-0.030385879733857705,0.1474379995761557,-0.011549451700468269,0.07223994141735378,-0.03736401802989443,-0.0030196578040503825,-0.013518326174175088,-0.01751286208246344,-0.029384798074612615
cos_phi_ARG184,0.020328094893728287,0.027265890337631524,-0.13119071977271576,-0.0004397466434669541,-0.07711436073962585,0.03788451312294129,0.012532152022953623,-0.00872131719180083,0.03796648046555882,0.015320145096657209
sin_psi_ARG184,0.02632518003778518,0.017552886904898167,-0.045147630468829456,-0.012121562840457052,-0.007271006752183258,0.004465958660523189,-0.011007104889298798,0.00675753581198028,-0.02803790868776448,0.028972753529460517
cos_psi_ARG184,0.01677477669499363,0.02833569806438126,-0.13703966346107813,0.011827244735425128,-0.07572494335412946,0.03383716181014311,0.0082900921192836,0.011493870707788983,0.03889850498314759,0.021857052275382424
sin_phi_ASN185,-0.056299328392028114,-0.012681728554757075,0.0995447491230232,-0.04190088725994951,-0.026131903186632537,-0.06950252699824819,-0.02046955277430496,0.009903449498627544,0.02485699412677399,0.03155017047317875
cos_phi_ASN185,0.04388880920643601,-0.005388488071786772,-0.02327048762857973,0.015376810837810305,0.04539127668216558,0.06607994865163482,0.03254062332190995,0.004828316844877405,-0.028254302461343205,-0.0456599746055719
sin_psi_ASN185,-0.026435252377368264,-0.009810419987854917,0.054784686860427964,-0.032704212510615505,-0.02470266105574467,-0.017736648105969057,0.01483978200601327,0.006412434226875169,-0.005069633194949678,0.0021751007800761995
cos_psi_ASN185,-0.014084379874346808,-0.016518549603974763,0.02826652023415233,-0.01628211531723461,-0.008174463877831897,-0.02640779811275802,-0.020572402651043157,0.005006319211468393,0.004634430539145888,-0.0156552153130803
sin_phi_VAL186,0.039107799362625255,-0.01879741092215323,-0.04655025486149386,0.04189346400547995,0.03466069425830705,0.026581702543209317,0.01258860801752516,0.002463935865015049,0.0028453248245236982,-0.009560577702809709
cos_phi_VAL186,-0.06643926515227792,0.024746475661979836,0.041554327934006534,-0.04611156799173368,-0.04243537507099345,-0.01803244747435521,0.00028199183628103947,-0.028293326572398178,-0.0007522019020126014,0.003415776659309113
sin_psi_VAL186,0.03837609975781697,-0.022970585680428514,-0.0057036171120992156,0.010576408999803423,0.011545464998072998,-0.014001112034549124,0.03060586420793693,0.0036468355127018677,-0.09983791237908742,-0.022975247990981554
cos_psi_VAL186,-0.045802791244908464,0.03240157778433477,0.01757471184884092,-0.023817482127949215,-0.015679292779677757,0.011398612569439552,-0.021136949257150518,-0.009076634221638225,0.08820342892358661,0.019640245869753235
sin_phi_VAL187,-0.04000473298640626,0.029084323446257207,-0.0026845862784927073,-0.015279814099815018,-0.02827407005606049,0.013177099318269617,-0.006317255024179172,-0.034366724637483116,0.01647404191949565,0.015873362593482262
cos_phi_VAL187,-0.031123068375304742,0.028468137323929735,-0.008487091050247161,-0.0083273320449703,-0.025112041153974165,0.019038998835394557,-0.006083635426167586,-0.03400679350572082,0.005077591229730066,0.014714373266097739
sin_psi_VAL187,-0.06405783037496779,-0.0014627321789790427,0.009771103979143712,-0.026618780465020128,-0.0005900052694540865,0.05734022680351779,0.04891411243922377,0.056359497620303144,0.007271500732359129,-0.025998218042308573
cos_psi_VAL187,-0.04497859182191461,-0.02071390701884395,0.007225457341481507,-0.01683726229296642,0.0017992863498912115,0.05420046588020639,0.029259688354423607,0.04949466278523341,0.016426295151931065,-0.021747344563157453
sin_phi_LEU188,-0.05407056046128243,0.040509705831834844,-0.04593401288280127,-0.02163026229832714,0.03481605011296922,-0.002578233775476908,-0.011273778006748386,-0.006473127426862508,0.013407532441847406,0.04811158881596358
cos_phi_LEU188,0.05924460564596839,-0.04495951356026102,0.04436535567450794,0.013641652096331015,-0.0507383118631326,0.008256116680186458,0.01684755346950061,0.02343295503382985,-0.0009699983091041947,-0.04556291996855804
sin_psi_LEU188,-0.0044380733901129375,0.0630916397698728,-0.016593805489405252,-0.0068102975600055115,0.0114606881867941,-0.000969912194779761,-0.004362533353962011,-0.008913794457326978,0.011765611360194531,0.05949933033105555
cos_psi_LEU188,0.043557949861927216,0.052881689564094565,0.024183909404490604,-0.0001346267999022032,-0.0041776559800474865,-0.0069494567313908955,-0.016829577393833253,0.022588985702690165,-0.0047840128875046755,0.04114446887766341
sin_phi_THR189,-0.05775925610661806,0.04179719377623565,-0.047446337708367696,-0.019396213085003045,0.026386435407903544,-0.026949527073774134,-0.022163747840368956,-0.02837394265729269,0.02055495299524032,-0.008228631553990581
cos_phi_THR189,-0.10585455534353921,0.016322087546176558,-0.09240108744712255,-0.05025725287869376,0.06855829417712782,-0.03515050382128519,-0.014426335710341319,-0.03221289147719137,0.003841307560925117,0.0005672721171542698
sin_psi_THR189,0.09152640555864078,-0.014021013142344602,0.08953691592768455,0.03861578128935135,-0.06805585629489042,0.026466329621048546,0.00948651945889567,0.026133305376481022,0.0004926182652361966,-0.003440724395308596
cos_psi_THR189,0.09285364335448912,-0.020704684212653233,0.08737278037608116,0.04167750817580366,-0.0608489180344372,0.02820635408550868,0.014840780305561827,0.031244557397684267,-0.0020401444905075073,-0.0030192936582214627
sin_phi_LEU190,-0.0908821842979318,0.0059350950485305455,0.023864145754494324,-0.07282825435591705,-0.040863848162007534,0.009416195097331994,0.021729527273249692,0.009618385449326366,-0.025401271040086874,-0.005932082453213751
cos_phi_LEU190,0.0744568156558684,-0.004176926499942523,-0.06458955515377934,0.07544802341792885,0.07506383849693837,-0.009532310019171973,-0.05391739607593946,-0.01657212456244222,0.022031062987834017,0.009246063691447853
sin_psi_LEU190,0.09290725561809575,-0.005785354377921068,-0.03572601542453115,0.07573217801599967,0.052076920033431034,-0.007218176783793893,-0.02914634803100201,-0.009385795691470302,0.022988004305535065,0.009030789390678307
cos_psi_LEU190,-0.024956671313274097,0.006870913852993781,0.07202099497412805,-0.03561681666805181,-0.0657354545157385,0.01557590742831916,0.02252737469512581,0.026149234376032813,-0.04888155510138863,0.01601613862934873
sin_phi_SER191,0.008991032071639222,-0.016179288400939604,-0.03112408517495854,-0.0034193787141758073,0.008685960153415372,-0.00554170291382666,-0.032385200335244044,0.031253885433128036,0.00592458731959824,-0.0033269749949732877
cos_phi_SER191,0.009842158117797841,-0.016078793497326754,-0.03174339198926129,9.809301671370428e-05,0.006583338856922342,-0.0036309011076129725,-0.03305409884043823,0.03412179537442175,0.004323707045905655,-0.006283652809285705
sin_psi_SER191,0.0003983158909950712,0.012661107399569124,0.015887871611647397,0.012629498165848635,0.00018429735759279287,0.006522512579196034,-0.007130917790996491,0.0010475740594432285,-0.0114279996599647,0.0007974545086873568
cos_psi_SER191,-0.01689892115442165,0.02499827505984898,-0.011684449024667053,0.013636838481292556,-0.007442579090828622,0.0010850018619847541,0.011383241461615227,0.01165910309455299,0.02178155428928604,0.010826786906484923
sin_phi_ARG192,0.002755997893597309,0.0008436184100004699,0.009499994491014893,-0.007016085527247149,0.0069313260365379895,0.004409279980518485,0.018905576566303362,-0.0037348680602536594,0.014629084679690813,0.0006960563304112118
cos_phi_ARG192,0.007167704063600591,0.0021387586620615013,0.0023797937043191133,-0.007146925512060583,-0.00012549624293248677,-0.0021185944893747804,0.009154757253319226,-0.0006627640130928378,0.017556714456665238,-0.011100819023051376
sin_psi_ARG192,0.005872784224586282,0.011322090692344433,-0.005285156595908246,0.009756455723090904,0.02072879248290416,0.02126733880691451,0.002596081819989465,-0.013787353973964871,-0.0006607145929685066,-0.011351119274864712
cos_psi_ARG192,-0.004405897921070108,-0.011755610948750848,0.006088817062065745,-0.010213473961629705,-0.021720739237963946,-0.023039230521104417,-0.007243601441141953,0.00927705520618327,0.0002990943304935164,0.01004090079132146
sin_phi_ILE193,0.00864931761504181,0.007712460992422416,-0.002598737911975865,-0.002985050048168574,-0.010828252983991258,-0.01732274635942622,0.012192334611586983,0.02681994082657455,0.021071280257330606,-0.00913628181745778
cos_phi_ILE193,0.002641755609931777,-0.0028863067895392737,0.0019803302934783035,-0.0015834914340355803,-0.0017697196932531453,-0.0010072808059642048,0.01310875420051594,-0.01971369221063114,-0.0023963784116252953,-0.008750447956507753
sin_psi_ILE193,0.030112336951827055,-0.015368812815847106,-0.004903148967820627,-0.03698846187962736,-0.03813200145149761,-0.029246462014463265,-0.005205419044463385,0.01733777293867874,0.007186266201993539,0.016913192607181677
cos_psi_ILE193,0.005146611041553855,0.0025336010943998485,-0.0015618907159834286,-0.005059826275068599,-0.015419628077981286,-0.02967064190520877,0.011996051966581251,0.01268166803092084,0.012893523186081583,-0.005407056347017424
sin_phi_TRP194,0.02204929039314394,-0.018739632405671624,0.02197521465485034,-0.024846947588420952,-0.01964174826742549,-0.014824356697408303,-0.028083759073862524,0.010837024977548836,0.009845305556595981,-0.05850803316540248
cos_phi_TRP194,0.03879293119860939,-0.020228576920323114,-0.03810150855807535,0.06350591583116186,-0.008075827211315218,0.025241345743326777,-0.03519210751374059,-0.034360678898001124,0.013321925493990422,-0.027032357759230085
sin_psi_TRP194,-0.10585598168127426,0.04993043094576993,0.05635469295490916,-0.05019268489374416,-0.026847655239692788,0.006223142491634769,0.057471883796689986,0.02198118577329231,-0.019672328693827772,-0.0034318305269706575
cos_psi_TRP194,0.08667960224647189,-0.03254915458986846,-0.028809896614379923,0.03787273518285376,0.054845668498243336,-0.027766208566662183,-0.01576163147908733,0.013108504839041489,0.020623257671460747,-0.049003557253356686
sin_phi_TYR195,0.07414538516884935,-0.040959318253914793,-0.02299204800628169,0.023209751476861506,-0.013994230171633744,-0.04269034834541414,-0.08751589127645149,-0.01832723015091222,0.023606425310180985,0.01675446689461519
cos_phi_TYR195,-0.09235489378420128,0.044220425198629947,0.021804644897621767,-0.009467242794387903,-0.022053843188390723,0.053819203164959445,0.06538243874214676,-0.006252066778731799,-0.0009290810636209791,0.04680881931953446
sin_psi_TYR195,-0.04596747751096692,0.036113200356515246,0.004131030871079299,-0.018039152502393085,0.009981829791969694,0.006801186412170844,0.014116836230345393,0.008517626822529248,-0.018924038558234064,-0.013858733562361341
cos_psi_TYR195,-0.11317241575151622,0.04954313464204317,0.05933463272889914,-0.058192080863228746,-0.043448200259742976,-0.005705706954581298,0.0354391070565009,0.006183762412114404,-0.01561948755612217,0.0009520964344980965
sin_phi_SER196,0.023942877964365245,0.010047481025719953,-0.05124728018443631,-0.009916351712698297,0.005360459169514887,0.03795681416672292,0.03601819653104666,0.011915515218634742,-0.034697470370538795,0.006873364623787693
cos_phi_SER196,-0.01575353267533477,-0.0015506331591564314,0.06095505090174855,0.010438352672635529,0.01057278994246501,-0.022053057841764288,-0.03205820401303348,0.006211718366181046,0.043747586463987014,-0.004772711738816309
sin_psi_SER196,-0.014127790184736245,0.030799456923607037,-0.005968696976692155,-0.03653327951002439,-0.02728365745274678,0.01187527488366532,-0.014464027593748398,0.015872607896464913,0.010681619316488498,0.037805402468513785
cos_psi_SER196,0.005858504473917349,0.02594773273248064,-0.019937717869849922,-0.03354544667361238,-0.023545054985500538,0.008710066400993702,-0.0013047130183208248,-0.01233829750177168,0.00655763187807138,0.032670310457427375
sin_phi_ALA197,0.008345569744939397,0.008040404167935838,-0.0009049046567532903,-0.019542266338560835,-0.0046699602207997465,-0.0032166907266599795,-0.008407020358611246,0.014160680271620716,0.003181699032955006,0.016168852372943895
cos_phi_ALA197,-0.004870860598688753,0.00897377777769148,0.018294734409630278,-0.008308635250863108,-0.010931145843312942,-0.01146867965713662,0.005522338503884822,-0.007109853865582247,0.020550541320571113,0.010329675996993005
sin_psi_ALA197,-0.005094979129458182,-0.007926064733738155,0.0006104238981141989,0.01373508956067716,-0.0068347605136640215,0.014978681139073682,0.01624336882618646,-0.013380550686178137,0.0006576491124459398,-0.011331287875153993
cos_psi_ALA197,-0.005474388655753861,0.007413874200008416,-0.01608232197391497,-0.010002336802362285,0.0009299948107897644,0.018798936761958332,0.01574471067619036,0.0209250330206443,-0.005320052186479692,0.00029729749189479385
sin_phi_VAL198,0.0023959995168332357,-0.0032541172021059435,0.00023990294963599864,-0.013860511141406602,0.008882156480692268,-0.02080242556575459,0.005540907902844676,-7.538671700797602e-05,0.006209347876857967,-0.0010198686919152694
cos_phi_VAL198,-0.0004864919002173108,-0.0073219501793482175,0.007150621210257268,0.0023957888816671957,-0.0037213230609455415,-0.00799337996686843,0.0029829587386737484,-0.00755106079883403,0.01844811528579931,-0.01580419174571233
sin_psi_VAL198,0.0001026352395668715,0.010388683056860634,-0.00970111070653846,0.005282725445805979,-0.004667294418483599,0.020468448289969594,-0.014107835942838537,0.009010637561020385,-0.01626954493044729,0.007545009188909898
cos_psi_VAL198,-0.00035217008179830013,0.00176384630364921,-0.0016549284022903642,0.027171064721177834,-0.010219791145240716,0.01696588799101711,-0.005537677498938498,0.00880499491697334,-0.007455018457904465,0.0009352154738112995
sin_phi_THR199,-0.0065075385023564535,0.0007024778143399574,-0.012259391555725882,0.02149027307174811,0.007582471063796853,-0.022610510846856682,-0.002834728965766155,-0.012257987950971033,-0.002088099029916365,0.011730028633690642
cos_phi_THR199,0.0026347081912195887,-0.0022856098696235005,-0.007502624182597464,0.0016652747654849515,0.00016837635108909584,0.013535836659377251,-0.0016526454468258525,-0.009756950263959157,-0.006461536080286157,-0.000877731622719683
sin_psi_THR199,0.006334429637623919,0.0014645449447765499,0.013907895047879593,-0.01640992962578083,-0.006047047003737682,0.021664198195642543,-0.003550981687715632,0.014263935551412447,0.006512098707377203,-0.012940424969076533
cos_psi_THR199,-0.007573438356727545,0.0019394066804856,0.01243233461831056,0.028250616766147978,0.019455874519665264,-0.004485304161681055,-0.025358018185959556,0.006680434642502455,0.006235762222589515,-0.010451286320919673
sin_phi_GLY200,-0.0038958570948859437,0.0017311955769452156,0.004628086624405134,0.00540066487123218,0.0008411262194801103,0.00917140646922983,0.008217848284596941,-0.013679551114837006,-0.003594273254238088,-0.021532254216642108
cos_phi_GLY200,0.007992500644288289,-0.016779891885559478,-0.003257447376143568,-0.006368234115661751,0.018164419825171734,0.005407741418505716,-0.017002467377664053,0.0011610536203560285,-0.011153946648780957,0.016458475092635004
sin_psi_GLY200,-0.01208969122855026,0.00791297002048315,0.004229276390914218,0.006398395712214425,-0.014339768907062199,-0.014797920651148632,-0.002147621631232405,0.0007664164496904943,0.003566221497974689,0.00014541801894092264
cos_psi_GLY200,0.05190129244644405,0.0180941258982757,-0.02164849921234103,-0.00515836292670425,-0.004409133532481138,0.016868743415180434,0.01435349651904793,-0.003243045395595883,0.008559375619774434,0.011868863358821346
sin_phi_GLN201,0.004891370037245655,-0.03909009954997776,-0.0008788600403902661,-0.014721066715557622,0.021026994310837873,0.024588021675610954,0.018711258238968787,0.0028114745209174485,0.010225912170618075,0.02140707999152355
cos_phi_GLN201,-0.029129125926593127,-0.03518972857463954,0.029549269723878707,-0.008290027060467936,0.016644146042993926,0.009014400873662363,0.03458178010102605,-0.0046124110331126,0.015045209852289812,0.012421111222869523
sin_psi_GLN201,0.025922237016377685,0.03095149355187463,-0.01369061112464655,0.025529930155036993,-0.005392521581677747,-0.007263549701950271,-0.023769470548586157,-0.011137134014694735,-0.004565295392497616,-0.0187340990752965
cos_psi_GLN201,0.01862909042583828,0.005162011832728057,-0.024068932578381014,0.0074192204472695,-0.01417324190221908,-0.01770064519371749,-0.02341576515098821,0.005131693831204673,-0.03488875290341925,0.0020086655848396803
sin_phi_ILE202,0.03484320797844518,-0.04521577876652429,-0.026449150295230782,-0.03460254484772592,0.016564469035546155,-0.01735406305936331,0.01990719554755697,-0.016896967126833348,0.004408176094289082,-0.009244283974368979
cos_phi_ILE202,0.0006784864422962775,0.07280122926095826,0.002259517093218055,-0.048479937118652616,-0.04710483986358109,-0.0016932794009927503,0.0022529233344431164,-0.00043937860400157,-0.030294979952052218,-0.018135231335180715
sin_psi_ILE202,-0.008096304092403287,0.04443362106509753,0.010325783035321412,0.043497506308076354,0.012397359769656557,-0.0037333006596982615,-0.0072137439115131825,0.048497769626984544,0.022497157551702195,0.025565779486879853
cos_psi_ILE202,0.033258477227566294,-0.06829043031893034,-0.016143172124686144,-0.042237174299383055,0.01675063808608181,-0.03346967324917127,0.040572456080675695,-0.03814771924673398,-0.026794675273650287,0.002885616101548332
sin_phi_ALA203,-0.034197100575355195,0.03915080962832782,-0.004172954552335193,0.018529790974438052,-0.03851906971944805,0.017229574784265105,-0.03111316163600983,0.02105656378791434,0.024107212191298504,-0.0634949562211889
cos_phi_ALA203,0.012314971100262511,0.0013689275108205066,-0.02367729056545302,-0.0642944805479256,-0.037415769829865955,0.05996948674010519,-0.023577172388321375,-0.0389959129381372,-0.0012517959662512236,-0.024678141957008723
sin_psi_ALA203,0.0005221445771822133,-0.01723526052390729,0.05333443178732751,0.020524593126951676,0.027357748316518514,-0.03073923012179129,0.028184903494432888,0.03326137651091093,-0.022078962593139767,0.07795441424327944
cos_psi_ALA203,-0.003172212531127504,0.02007469023203265,-0.05494149247663355,-0.010016822928628075,0.020967946904684277,0.014831829648879493,-0.023976535302538377,-0.047605534942146616,0.018028587877732514,0.00045315027647716173
sin_phi_PRO204,0.0133310157837337,0.049480502462332356,-0.0436578450485726,-0.10172967927715244,-0.05718241717403802,0.047142341178182445,0.017723404400140946,-0.056972273832358936,-0.04743554067207761,0.00894564232031957
cos_phi_PRO204,0.012313683339069804,0.040498951077417834,-0.037076247399253213,-0.10700524386614173,-0.04942335208856112,0.058658934214749325,0.03821755714473004,-0.06035400886054327,-0.03203859208553153,-0.012552295186760612
sin_psi_PRO204,-0.025779775993898017,-0.008488811399756995,-0.09254344856107341,-0.06837888954154965,0.02713185853021119,0.02712195568336555,-0.034265505340814205,-0.052121803840133187,0.0062695252707441265,-0.04257797999216317
cos_psi_PRO204,0.02563436133026898,0.009405260785289419,0.08798561395042111,0.06585921058362179,-0.028711277319908492,-0.031731152464471606,0.03502988924713693,0.04645973486646869,-0.009746901725741509,0.04521118818182693
sin_phi_LYS205,0.010597866498088193,0.04059668850981134,-0.02834970188195245,0.023679061660799076,0.0312820001897584,-0.02854851171060135,-0.038266022767072534,0.0008785993859790325,0.005361684395033464,0.025176578512964648
cos_phi_LYS205,0.0005440154346220351,0.00820924943156603,-0.017126900062864794,-0.0851794951984699,-0.03032781068772123,0.03531651687996824,0.021038228934090557,-0.044965635646942316,-0.02648865685961372,-0.028939035539809074
sin_psi_LYS205,0.015482645938348442,-0.0033267883456854818,-0.03545756171613459,0.008303956547649333,0.0395636348902418,-0.06408259571361084,-0.03430300392468603,0.03519370917632629,0.014141571372957995,0.017639499187677637
cos_psi_LYS205,-0.007419691584195152,0.033082761738448006,0.011218641386271721,-0.002714197867630735,-0.03292792841290506,0.03611676453609025,0.0400201563839532,-0.0026127381846730016,0.00598010995774124,0.002136433170161725
sin_phi_ASP206,-0.0009583604598101196,-0.006323741485038573,-0.0047491567522643914,-0.019303626039509813,-0.006396934792587842,-0.0076246012017574276,-0.005629728453158415,0.018159270814334036,0.010322878215907725,-0.003974795508109952
cos_phi_ASP206,-0.004021906017811487,0.0016211312745677503,-0.003878964898961571,0.006836487201571663,-0.005020547762399027,-0.00864133465529661,-0.004499479526411868,-0.003920218056629777,-0.016627075082646377,-0.006460175415822689
sin_psi_ASP206,-0.0003532990865300943,0.0006600236801354659,0.0025277745807735087,-0.0087261449512541,-0.006504225079684622,-0.011845194367709155,-0.015981688496294826,-0.0055070909632865955,-0.009623027954031863,-0.01544270881042657
cos_psi_ASP206,-0.00215211219141304,-0.006702200912089236,0.003928414991801218,0.00040661027819582945,-0.0016612134078502433,-0.018064058212070036,-0.004881924493597631,0.004815993237812971,-0.009385385975968377,0.013860580596249249
sin_phi_VAL207,0.002040538101495202,0.00333440487291775,-0.005129248525185712,0.0006110419603556594,0.0027050992125839416,0.016496933925282745,-0.0051088441635480175,-0.0026049342343100568,0.016435873778111135,-0.00297609769744644
cos_phi_VAL207,0.005828232493476987,-0.00011010448767311995,0.009265620255072977,0.0026662405150595717,0.02110240140534769,-0.006822868487514014,-0.01762789050616711,0.008573604718239258,-0.012027019337153775,0.011946117891519425
sin_psi_VAL207,-0.0036115955651943826,0.0016019526765017928,-0.005898942207039221,-0.0010356073490870032,-0.010099966722839089,-0.010542034988419104,0.005276782952770077,0.006495169007862304,-0.006186718916600511,-0.001407250906882147
cos_psi_VAL207,0.007830111975895554,-0.021982502341812822,0.011545031677311834,0.003032003977515212,-0.0010292568622188641,-0.008885884515050176,0.02481513626813413,0.00791908690377662,0.018335717554380408,0.021561201915743358
sin_phi_ALA208,-0.021963869175222334,-0.001041604404498552,-0.014718563563089213,-0.008528215360662115,-0.006919437385229763,-0.0005845482444960355,0.022369844951624616,-0.015008005589120773,-0.011053603042211214,-0.01364810025069016
cos_phi_ALA208,0.008298139936135668,-0.0013276853189266803,0.023132996463830716,-0.008335218590628185,0.0021720536924469754,0.015067158423051764,-0.021950361510346936,-0.002850243010658669,0.009708789909282936,0.012774091424976593
sin_psi_ALA208,-0.0018925161713400375,0.0052355159097476,0.015636802573951038,0.01167306973027525,0.00214877093467804,0.03804314366574939,-0.009754849940373704,-0.016725471798198027,0.002202702564994787,0.0006847325918161354
cos_psi_ALA208,0.013143497895035943,-0.004531224773041866,0.003928852811588793,0.003570965195096839,0.029958300408899022,-1.0314627653412979e-05,-0.012274339933491045,0.011444638946305015,-0.0027030688971110117,0.023890525061563927
sin_phi_ALA209,-0.004407834995597222,0.02306910617730448,0.01348351419564416,0.013682246682840701,-0.009828866971182931,-0.03601468612502716,-0.016146627586262945,0.006983540796823057,-0.002203455020502327,-0.013815198365561119
cos_phi_ALA209,-0.00079586992746701,-0.017962608110694167,0.04012174658167061,-0.005259633857063563,-0.03142004503213132,0.06274457816689283,0.05241786846738531,-0.035724397023137316,-0.006113779019094502,0.007564320211465204
sin_psi_ALA209,0.009525811041727885,-0.02315911702304219,0.007037619941838231,-0.02064823000944682,-0.027270012092055967,0.09136022660241432,0.03187360281123694,-0.01887527717430756,0.015320380034182488,0.005055146277954443
cos_psi_ALA209,0.001425517420675249,0.02887944139103754,-0.0369944292490724,0.005612104309871246,0.028437568018810037,-0.07564478472760869,-0.05647469111993805,0.05348319994993582,0.013657929872354794,-0.02604928422000831
sin_phi_ASP210,0.0038411645492688407,0.014716817495805414,-0.0092976853821767,0.02556563385931877,-0.0032456402191762884,0.0124214592571386,-0.02603404113219609,0.005574772707837414,0.015147236871766704,-0.032019382550080015
cos_phi_ASP210,-0.00046009849740770296,-0.002830148003237261,0.03756318045965337,0.010888510859623753,-0.017073068114059353,0.06656204664387526,0.05313355569871044,-0.05134572954512481,-0.007529682451707037,0.01045914249915114
sin_psi_ASP210,0.03734662492587108,0.03729507688764189,-0.014978377404935087,-0.04138551948724991,0.01854414865298207,0.011324591670467638,-0.02358933733620495,0.03760122987264648,0.02968170715591706,-0.026034173511301207
cos_psi_ASP210,0.030807128380700908,0.02819361374486168,-0.026295204934060235,-0.038406580659986166,0.004440900410365935,0.0335944368794232,-0.03986795130898139,0.028858953756700986,0.036660428313015136,-0.05417708998625762
sin_phi_TRP211,0.03399566143735072,0.030911094844657934,0.002679692498380897,-0.026228694281901013,0.04342137127544128,0.01734718478711537,-0.014737846273870411,0.015474372579437696,0.004634832334830312,-0.028252408934103655
cos_phi_TRP211,-0.07145337709745804,-0.06735551404221674,0.048379926264992205,0.058098456020641766,-0.03777643281782654,0.026161419795535434,0.02328818250117393,0.006892863619209718,0.024742579161785794,0.011043421102803833
sin_psi_TRP211,-0.057570531944292576,-0.027991787720239674,0.01654812140794721,0.014774202663582661,-0.01998359621311135,0.04098010860968518,0.018621985914771908,-0.003618418381162283,0.019007400996973522,-0.018652348774430907
cos_psi_TRP211,-0.02296627937864972,-0.017578885998840218,-0.00023508667377874956,0.0037410013052769134,-0.00825937959835461,0.02025938376730957,0.018574011707120967,-0.01388251133640132,0.015871070810514563,-0.02764023409685679
sin_phi_ALA212,0.0033501733985280466,0.011656788190654528,-0.008133939545841892,-0.013541394934407112,-0.00118581566762905,-0.016278774240701507,0.017994647019382245,0.005172664202639952,-0.030814704403501838,0.0022802629213758327
cos_phi_ALA212,-0.01243922216278736,-0.0337469220189557,0.003024078979704119,0.02202486068067729,-0.0039584987613612704,0.03008304353257951,0.0334225512328703,0.020622456700237417,0.002911094479327027,0.009185975781660707
sin_psi_ALA212,0.0015854065012751227,-0.009981402500429202,-0.00026646174502602173,0.002128857606165741,0.019373835009434136,0.007599654484807738,0.0009524615171696453,-0.0011834677810327696,0.012885370550349938,0.0373223025188829
cos_psi_ALA212,0.001659759788612762,-0.0020673748087685967,0.012270396497224834,-0.009914381335789622,0.01632685464782007,0.010202657808163951,-0.027813742247655888,-0.004141003078780649,0.009162025052873243,0.013718722283077304
sin_phi_MET213,0.004665041089264428,0.025109833508873088,-0.007435724631128392,-0.003672524123114965,0.015286240362275973,0.022279452037272808,-0.03275377236321164,-0.01576323818368262,-0.014930695794840982,-0.007618697889727627
cos_phi_MET213,0.0063991709051940135,0.023733439786832997,0.00029198780931406147,-0.004169963787962265,0.01813552890579148,0.022207187395022834,-0.04160988254270259,-0.02138898029083859,-0.017509750377663117,-0.0004486113746320576
sin_psi_MET213,-0.01978223168742725,0.002181145355905498,-0.016787708999487574,-0.00955355859019188,0.0011650045683137347,-0.030528079535562382,0.02736265506128759,-0.04333757810685488,0.03486249835600126,0.0009121855238201812
cos_psi_MET213,-0.019236158028779305,0.0015498538992141139,-0.013241028801962073,-0.011366672525031254,0.0013217946734963282,-0.026926159338735486,0.027540169399729798,-0.044310839302056496,0.03867604030870859,-0.0004037987312458266
sin_phi_GLU214,0.002072458198481051,0.008974695368145914,-0.004881712939133144,0.019044677914314814,-0.008081938531705085,0.030694191058759184,0.026253592071525077,-0.009381675996784796,-0.02012283318733864,-0.003449837940858041
cos_phi_GLU214,-0.0027311267592869367,0.007812658949691836,0.0025710334640810313,0.022477195057579398,0.001957626326469672,0.002249320503486253,0.002562422803994741,-0.008360350993495844,-4.396996442978145e-05,-0.005428934328767915
sin_psi_GLU214,-0.0024129590750291184,0.0033961390851386993,-0.011311025583987422,-0.023003314221629646,-0.019250633254123538,0.0031715958923288733,0.015075001397081941,-0.0035031255812549445,-0.01266223509107591,0.036530671983409826
cos_psi_GLU214,0.002764725459404848,0.006461578975800492,-0.013604078015015661,0.007384421196254444,-0.007779775436679654,0.01155048644403924,0.009591590558652248,-0.00631293353000627,0.00823090985402948,0.02066912073656714
sin_phi_ARG215,0.036137379019135905,-0.004101563248644752,-0.022665333692146045,0.034657671073087745,0.020620334869640114,-0.008523524152348598,0.01295324947273043,0.020626650249759838,-0.024555560546627483,0.013648819089597454
cos_phi_ARG215,-0.013759273101941012,0.029900249836451835,0.027466328930555197,0.0034111307276741727,-0.038005059604537456,-0.006183830826009998,-0.027823795030315523,-0.014018456943275373,0.02084676399261828,0.05711923955371953
sin_psi_ARG215,0.001995164514610842,-0.009673993245631134,-0.015296127317682807,-0.010144479478446582,-0.010888336010927212,0.0001934596694259855,0.006785477018134867,0.01827734656485557,-0.01225564938239795,0.011701114983804144
cos_psi_ARG215,-0.0034793116200833247,-0.026090167894172504,-0.01809152556179324,-0.036127083291452027,0.013393815199115394,0.006423219748630927,0.004165217473603149,-0.018799375478563994,0.028497235899390107,-0.03756630158284596
sin_phi_LEU216,0.0013659528607543768,-0.01608091956701886,-0.007095138431209495,-0.01041229649662802,-0.017665561424379396,0.012887086254208124,-0.0026105694984947686,0.008772050087926052,0.00914766637790657,0.002742751009465014
cos_phi_LEU216,0.007277725333648401,0.01213623939828948,0.015331021438382927,0.025668646303856575,0.008162757481346128,-0.01653240399228439,-0.0010627492332118942,0.0010120221442405373,-0.010072534037088536,0.001907452298784683
sin_psi_LEU216,-0.009645316574391105,0.002750571050490727,0.001849353709243428,0.0034971590944336715,0.005388107721509301,-0.014970054787680891,0.015916157331622147,0.008338304844515785,0.010133710426112337,0.009720031807105761
cos_psi_LEU216,-0.0017841691284171,-0.0025490878926151496,-0.0021989267429889637,-0.005738054036078995,-0.013210284732631238,0.00021404872965313963,0.0016165845496326364,0.0021725041610318138,0.015795569701809863,0.009125825993621786
sin_phi_PRO217,-0.004145559692726059,-0.0022741312060866386,-0.0034346991795835002,0.009171285349480654,0.015826936697211618,0.0018878122615881548,0.018717318192557893,0.024880320237864628,-0.024647464609370843,-0.01610589337944627
cos_phi_PRO217,-0.021492967639372654,0.010015056249864483,0.026484505287922525,-0.03688606925867733,-0.048513072720055526,-0.0246610733556203,-0.04113871740309409,-0.06046162822253061,0.07092340422498714,0.03107134459849369
sin_psi_PRO217,0.011457743477712992,-0.004741756941264913,-0.008811796467822187,-0.0012767619183954716,-0.008209745175023231,-0.0023219898640990722,-0.010354449927962167,-0.035899996783569185,0.018685864557999428,0.03210741107215958
cos_psi_PRO217,0.055455432079119515,-0.019055045789277986,-0.05052744522110141,0.04500275020468174,0.04857713380013654,0.045652458081268076,0.02651392912740262,0.014906303565818292,-0.04628216911404223,-0.01325825790018572
sin_phi_ALA218,0.0006073220249053247,0.012067378202823177,-0.0076968728706316575,0.0038392582342208336,-0.004100819455459003,0.016237830362688315,0.007252706139472759,-0.011202164495871822,-0.01471259320516499,0.00951792873536023
cos_phi_ALA218,0.02091095999037155,0.00945935131502911,-0.0033480424073379354,-0.005504026839256759,0.007543400576930155,0.004266644761630407,-0.0016706807368727275,-0.004067749720326806,0.022294250568870223,0.00629283476444647
sin_psi_ALA218,0.001066544933840591,0.010684663284301699,0.004196657318315495,-0.013456330730403884,-0.01415747909455396,0.00645939511384861,-0.01440609477241264,-0.01815539548448953,-0.016574399580794565,0.0047604294994802844
cos_psi_ALA218,-0.007567599897268729,0.011270264489638212,-0.004128350974214422,-0.0008364635986601502,-0.009946551517009836,0.010819486495143601,0.006712464994717606,-0.005738649561249766,-0.006977252091536022,0.011634125333886287
sin_phi_GLN219,0.009589143017240601,0.054679192860605005,-0.011970928424464119,-0.022687564445641552,-0.03324193337512291,0.045062176212486475,-0.03225346045600229,0.03110233496991819,-0.05556971145532604,0.04664826113587041
cos_phi_GLN219,0.00938218378094199,0.04575347053924782,-0.008698983368288601,-0.01796679875581373,-0.034824499125781005,0.0403672960513274,-0.037470483289685406,0.034113594599897795,-0.06275267295822079,0.04008712190213564
sin_psi_GLN219,0.014619512490801552,0.05802792299980308,-0.005396995426229862,-0.030127338495521343,-0.028039113693861875,0.029048737065710883,-0.0112390009381039,0.017423817879063278,-0.05615245641624627,0.048463794465331805
cos_psi_GLN219,0.02626214595617095,0.010612775873449123,-0.0014734729176149905,-0.013417317941874488,0.009151540333611936,-0.019813782558334818,0.024412121394741134,-0.023199744192308133,0.05386225392253392,0.011769593524913807
sin_phi_TYR220,-0.008888152651367503,0.046904213916583906,0.0023108665385454686,-0.010628538097577562,0.00498230121581423,-0.03517126639117022,0.01472852162519051,0.01922079097862851,-0.010079838793795695,0.008532093831709048
cos_phi_TYR220,0.012250744602255647,-0.048141802159300695,-0.002457098717366082,0.009987971560003767,0.005820241450468391,0.024474837668093986,-0.009819027386860616,-0.017516893124735915,0.02034994498270717,-0.020716468043265376
sin_psi_TYR220,0.0505775534502476,-0.010299728135857724,0.003550017096644343,0.002952548585280848,-0.011213425968123017,0.07312399503740531,-0.055037698692358125,-0.010745147184736535,-0.0046180187492010005,0.017238167548728273
cos_psi_TYR220,-0.05010383361339516,-0.01108313443183895,0.003108892088341584,-0.00573550922804511,-0.018473978648023446,-0.025288011245106667,0.016535099715103085,0.004152807688592967,-0.03005754889821838,-0.007109552039431447
sin_phi_GLN221,0.02589544747239732,-0.0036730836215686418,0.007095114234995507,-0.022013679760386526,-0.014853866736699604,-0.014730920447383153,0.03017815599979556,0.024584610634474216,0.030610367080981873,-0.009543769637023839
cos_phi_GLN221,0.02368377473133145,-0.01672863844834853,0.005751598615741682,-0.020481693883600622,-0.01622186540841258,-0.006207823116966849,0.01619592440020282,-0.007630420798414158,0.021470538099005343,-0.0019137855159336815
sin_psi_GLN221,-0.031027704410393396,0.006916879287340832,-0.009190372975338026,0.02629957871561364,0.0178617126037616,0.01139602314376405,-0.022093795048685857,-0.012403080449918388,-0.02742756164590294,0.00689673991695397
cos_psi_GLN221,-0.01746558930268425,-0.014285357599552328,-0.0022142807578875465,0.01511378341800423,0.019372795849401093,0.01130811152520147,-0.012772225558168007,-0.039881508723785944,-0.021821695168997176,0.016034074664478502
sin_phi_PRO222,0.04052382914758893,-0.013915774074754228,0.015792658495482212,-0.03978604826791845,-0.03358206793677981,-0.02197821248382498,0.0069527277699333355,0.018737462571251053,0.03198870934915045,-0.002412369902759902
cos_phi_PRO222,-0.04385541995403386,0.018970925429988465,-0.015243493788334481,0.0458992500525348,0.037386623767806576,0.0137424212244297,-0.0005082449093378598,-0.010534025529331793,-0.03399487612516385,0.0021050279908614647
sin_psi_PRO222,0.044669235208169025,-0.03427990958543401,0.045822963984872594,-0.033455958264573725,-0.06110509053085229,-0.02889469865202827,-0.03258075104443905,0.021718832089960085,-0.009727631801708879,0.0015629357060660191
cos_psi_PRO222,-0.04844302554301176,0.015755415362928238,-0.014277301810961734,0.01973523363793335,0.026639991430259965,0.04054785470719864,0.03177620683102205,-0.009746518843765125,-0.019625638112828782,-0.004065285692558186
sin_phi_VAL223,0.1016501397127588,-0.07408679690592508,-0.012995727715926296,-0.023478293395558632,-0.008183761390208839,-0.012395629381868379,-0.019724420376481654,0.015150623379481067,-0.005726548168855781,0.001144668653390701
cos_phi_VAL223,0.11506937637949345,0.015191080902002618,-0.020191304411627933,-0.002988437601522358,0.010532234983260143,-0.018650532323762875,-0.0013184861874827587,0.014649738398547347,0.004401136865949614,-0.0038868656364429914
sin_psi_VAL223,0.10985900388228768,-0.05392908567513901,-0.0017630305163749266,-0.03188549531810415,-0.010000969508023674,-0.015074516803321447,-0.030498682559145642,0.023664068113124864,-0.019686413674582983,-0.0028450890902967907
cos_psi_VAL223,-0.04187841365428904,0.029095568232711585,-0.007350601605929523,0.02311265510125598,-0.05289502835530627,-0.06246155434881737,-0.007247838140382375,0.006195786715422797,0.003941375019293054,-0.0016876628212546155
sin_phi_ILE224,0.04653644016371803,0.0797923719034159,-0.019775017187205618,0.04861560659605197,0.12690093520341036,0.10084477237849299,0.021947704401568496,0.03629827871705969,-0.024222132918824624,-0.00574654395127174
cos_phi_ILE224,-0.027693081089344013,0.09646722726136041,0.052699486695879975,-0.022277594389097724,0.07480718151912015,0.06859275632419962,-0.03216563669214682,0.0034066331385605754,0.00813287598515208,0.016864162914030135
sin_psi_ILE224,0.015239193890032145,-0.08873581244428737,-0.002031881019291376,-0.03325131534852011,-0.10255935921805039,-0.08887159335867408,-0.003960189704845976,-0.019964197714660972,-0.00046864912528673934,-0.008392014567495781
cos_psi_ILE224,-0.052373320926478305,0.04376114605687126,-0.00889351397968259,0.04461134417082456,0.06641734819418342,0.05500882503790356,0.024536881412585625,-0.01883594069468023,-0.007274123317683257,-0.017942140218757275
sin_phi_LEU225,0.04083644545395796,-0.04256952900775268,-0.021208526176456577,0.06339739197939809,-0.04123307630348472,-0.04335615603826319,0.05135653153974945,-0.01691200375031983,-0.045392240727126214,-0.03635439301424394
cos_phi_LEU225,-0.014680085111523772,0.018700498301681072,0.00043172416999393237,-0.05154720636139851,0.05782032296843442,0.05850159050372124,-0.05005815345583893,0.04259916335986996,0.03364443421562285,0.027333715893131535
sin_psi_LEU225,0.02588398875996085,-0.006175537871431303,-0.00882058811380788,-0.005187652068843415,0.022792982310424967,0.04926563392414575,-0.028856233452325068,-0.005290724349857436,-0.026854021596711054,0.01937325595946503
cos_psi_LEU225,-0.01634204565050611,0.002137169456035905,0.0026407249435424457,0.012907402025543564,-0.02392626565066676,-0.052449411539408256,0.023349318468644655,0.011874581854296578,0.016383443664787032,-0.022881898067111835
sin_phi_GLU226,-0.000634824825448805,0.0036499716860600895,0.0010182809132359544,-0.007318507444332299,0.007117508230461723,-0.01907187811803316,0.0038936158957534697,0.027956635497156126,-0.008859664171651472,-0.008323823120921487
cos_phi_GLU226,0.0005993108783273436,-0.007226821912877977,-0.009886451751632703,0.007956994281807229,-0.007302015337588424,0.012461520764324734,0.0062268465826028265,-0.012304976108993554,0.0022256014756739683,0.007791967840605913
sin_psi_GLU226,0.0009719815819895076,-0.002974923956397361,0.00015080060203166788,0.009247264217624946,-0.00481393990302392,0.015627225202256463,-0.006065345951626983,-0.026116786860667544,0.007863460488827191,0.011780093899981234
cos_psi_GLU226,-0.0030469825483673257,-5.82810062228912e-05,0.0013258657965145241,0.01528959252509146,0.011878537452507628,0.006945634125427933,-0.0002083486557764637,0.00377586741268905,-0.018177261731198144,0.0037921089763238605
sin_phi_ALA227,-8.289039719715951e-05,-0.003533568234450025,0.008078042959614453,0.00431339075569349,0.010423760726226288,0.01560099167152983,0.00634009584003887,0.005002288380843394,0.003439834584646562,0.00428501750357076
cos_phi_ALA227,0.003061318414239302,-0.005703987790199704,0.009501752481888438,0.010358699030605763,-0.007644745956389365,-0.003595410275192279,0.003830877005784188,0.00663836818822825,-0.011585296971158749,-0.0012393986953656083
sin_psi_ALA227,2.3378143637130532e-05,0.005786861636484587,-0.010440039026673842,-0.006377909824126156,-0.00816388835427505,-0.01670491445641614,1.469818971176471e-05,-0.008862237475113196,-0.0008363974205760086,-0.00041569669219192223
cos_psi_ALA227,-0.0014017819379245776,0.0007407081573200704,0.0028608197747963153,0.006973874008703606,-0.011617148372690074,-0.0057384078692260835,-0.006450605711989647,0.00645085439166868,-0.012941757828320074,-0.006797981547275645
sin_phi_ARG228,0.004442993542630663,-0.004733799003871803,0.008165215570191136,0.024211907786254126,-0.007360008047218007,0.03257614195012341,-0.029288079806057223,-0.005763099547813867,1.9814946333631883e-05,0.020128653747931054
cos_phi_ARG228,-0.013548157458327327,-0.019678379825657354,0.016597117256283867,0.0016157652369284913,-0.02671376469388097,0.029146406552319096,-0.016270255566603185,-0.014008809602290135,0.000261048348938434,-0.0023617678029768333
sin_psi_ARG228,-0.007890674666923584,-0.013200876188546339,0.012335845479045544,0.005664356851124338,-0.009487818251220819,0.029860244193149435,0.009805447296550038,-0.012571240488464088,0.03834018034428563,0.004383123175822129
cos_psi_ARG228,0.006412344663491748,0.014095931267638081,-0.012862987431389491,-0.007762064474104352,0.005567483437196118,-0.03131201226472392,-0.010777074115387522,0.013023278753574119,-0.035566512726811855,-0.0032088050189521392
sin_phi_GLN229,0.0018504831260432203,-0.01964164025737032,0.01097134795166504,0.00703751543376398,-0.01361345400825567,0.027716763878492572,-0.0076079534929100875,-0.018453468246635126,-0.01915037411646911,-0.016893884702068474
cos_phi_GLN229,-0.0008027656378543653,0.020979060390018834,-0.007130963541016499,-0.005050584111909779,0.014321262854481199,-0.018329956262237306,0.016500224589760082,0.02502759800984095,0.015353973351958634,0.020867186302286806
sin_psi_GLN229,0.007397583936001988,0.006959098325619451,0.06005245772412862,-0.016791524118387323,-0.0025753013687764546,0.06404738694039572,-0.05120358407510012,0.05313248316177232,0.011712497896975298,-0.008764593047047272
cos_psi_GLN229,0.006633333660976972,-0.0006862319068642799,0.09693052732355063,-0.036757866244927245,-0.020017770924226786,0.07240251141949858,-0.07989278546816926,0.06529852218214992,0.007340810933254155,-0.011061815610883157
sin_phi_ALA230,-0.0025234436665748255,-0.003668570969854427,-0.04410986715029446,0.01107798249715725,0.030515196895496477,-0.05118083578843681,0.032361655903317986,-0.03314884025082831,-0.01575036384586375,0.01464926628722616
cos_phi_ALA230,-0.0025132672329421396,0.016382264794279025,-0.01022790992116953,0.00978596393101253,-0.0005929352920137673,0.0031569582326340813,-0.006310379073539937,0.023967587244459222,-0.007250285618109615,0.001309202786440527
sin_psi_ALA230,-0.002713410216419234,-0.0016277432837050402,-0.12052052476548523,0.03147874009253802,0.025588944084725774,-0.07548853369902166,0.08695641759074592,-0.06942425910293008,-0.02050123888724505,0.007041596594729091
cos_psi_ALA230,-0.002349148252695002,-0.001088322318577143,-0.08517484147227529,0.020224048925250405,0.0389583879070721,-0.06310234224458054,0.05976548731922411,-0.06721223925389304,-0.021970303706215576,0.017928314140175136
sin_phi_TYR231,0.0016257181281493943,-0.002598835692918207,-0.0055110951952448235,-0.0026149590125893333,-0.01658112816323641,0.006364301740269268,-0.009969209592877584,-0.004007188007911505,0.0003802776168323273,0.008569377411340624
cos_phi_TYR231,-0.007318310066378251,-0.01156585357589031,-0.009504192904008488,-0.0017150037667238618,0.00016512979001283079,0.002588644079562131,-0.0032480679760973153,0.0032154613167418343,0.007030670477368955,-0.005191705839938632
sin_psi_TYR231,0.0042310037301144104,0.014433178556543018,0.006164921348172575,-0.0025734897488776756,0.008583122930901924,-0.01113089002026432,0.0149615132637545,0.004642664984002121,-0.0010192992493671795,-0.002141727511971584
cos_psi_TYR231,0.0074990340503319495,0.007359670767338807,-0.004613884356369796,-0.008531874517603713,-0.012563890057461167,0.0005396543619663955,-0.0016180768264685383,-0.0021540880735768943,-0.004739896914932365,0.009671596610513387
sin_phi_LEU232,0.0025180797348562265,-0.00952277607692654,0.0016679534915079528,-0.001899606509082516,-0.0008332042011231363,0.021726249569922928,0.01683204572065576,0.011846847780494853,0.019470988399863876,-0.006732735146629746
cos_phi_LEU232,-0.003857971786112157,0.008806351990002346,-0.009568826910065538,-0.004211585416559914,-0.0059355739902940815,-0.027532061314229257,-0.0163650651433873,-0.022525908682105744,-0.022931018640723458,-0.008729798929108227
sin_psi_LEU232,-0.0010377890018893339,0.007510359113759478,0.007606780783696427,-0.005764396878689258,0.002825217345223865,0.0030166466460769866,-0.012469422647048044,0.024688825722985367,-0.03968155358419968,0.016972860140466253
cos_psi_LEU232,-0.00010577610345074047,0.011745968209009328,-0.0027201456345498274,0.020019667420745853,-0.001360852996947123,-0.008664505315216467,0.02908372046208474,0.027258513559342345,0.022145353973392363,0.009368590435125496
sin_phi_GLY233,0.0008783948415581851,-0.0035275810160654607,-0.013109660437787142,-0.016908336294709624,0.008162795447418733,0.007440341996655859,-0.009670091701668762,0.007871076867412492,0.0001561663370864716,0.014496397060294368
cos_phi_GLY233,0.004635269226910066,-0.02963791716249123,0.0330044450441223,0.01271682470111487,-0.029445013718001418,0.04694725944351164,-0.014921339242941612,-0.008869057974865806,-0.01651168593179044,0.01213622092600195
sin_psi_GLY233,0.007726664239401595,0.001083338622787671,0.019866512996003227,0.003941876691921091,-0.020714246580846574,0.04812329522407028,-0.021021037829903843,0.01217852850519536,-0.03727216917243014,0.019758715117557727
cos_psi_GLY233,0.006740969146004776,-0.0044613653661876055,0.01988097438124516,0.006398351079661823,-0.028082380040522135,0.050540766546864534,-0.024924690287245508,0.013347313179796328,-0.03528477076161952,0.021410908769752185
sin_phi_GLN234,-0.011285857768426378,0.020135053008526627,0.003826900502990578,-0.0328539115357935,-0.007239104878017297,-0.04399320785117706,-0.0036240108333195644,0.04690286610432322,0.015888346336018395,0.0006621933001694012
cos_phi_GLN234,0.009166139557632064,-0.02345244855037679,0.002213764915835793,0.026151034771425746,0.003692170181675396,0.05076923504513508,0.004283911604330242,-0.04667211069474064,-0.019359896972294177,0.0010417300106871387
sin_psi_GLN234,0.0212474902508964,0.060825650656995925,0.0017174358619589283,-0.023482445794534963,0.001976052560448208,-0.028223109133207882,-0.006849121855252201,0.025853168271950444,0.002961739356206512,-0.0005447002717920727
cos_psi_GLN234,0.0015584546149543484,-0.0039518322288830945,-0.002219905359530263,-0.009746878812108827,-0.017928474535443297,0.013356910254114358,-0.007967730807144307,0.01089704506502228,-0.005086063440922141,0.003482596088767658
sin_phi_GLU235,-0.015899222505995753,0.05788904863351585,-0.004831651236326539,0.06507776674211235,0.0073412258472871,-0.017676194416420134,0.03619303682008607,0.02214376125269271,0.028996952009604338,-0.008590623042721995
cos_phi_GLU235,-0.005332353789147105,0.054902387003501404,-0.005208044682994379,0.04765216729432623,-0.012692586253357164,-0.027729139636541996,0.028631457626584214,0.018509899603556677,0.02839708552705237,-0.005532018415055152
sin_psi_GLU235,0.028062038994691844,-0.0032127263668110494,0.0020032324872869094,-0.07945301789774316,0.0007814189963868324,0.01210616177059605,-0.022392941748760043,-0.04008932403875914,-0.02259723023052581,0.009860864160535195
cos_psi_GLU235,-0.022590191996131846,0.004745268091125299,-0.004465813028104731,0.0795400766205327,-0.011694629277251012,-0.011192274907977879,0.02563033853341415,0.04192324636158807,0.0272957030363216,-0.007263916140947412
sin_phi_GLU236,0.003584926625630871,0.0018139460588954342,0.002979901552293209,-0.003453475931244324,0.010522737703894431,0.01931293360226545,0.014818769827228039,0.005045302019855273,0.0011881041883659868,0.011014919441699567
cos_phi_GLU236,0.0017104395139591177,-0.01474006909769691,0.0033994294686887127,0.00516531389896591,0.007488430728857141,-0.010000763027412743,0.007231496440475176,-0.004011166648592034,-0.0009787695934425672,0.0044656185583509846
sin_psi_GLU236,0.0015915672459130338,-0.014325526355412418,-0.0003944647578581188,0.007602714012596408,0.009952666837888147,-0.0015100454578239374,0.008256312376231463,0.0017195273255031828,-0.0021772484107302533,0.01261953963335417
cos_psi_GLU236,0.006073689062127479,-0.00610730278245501,-0.0010361935625317164,0.019486980764541348,-0.002428780139349008,-0.005443875469854131,0.004455606208127454,0.01355744875757111,-0.0003691283242438669,0.003772367171261344
sin_phi_ASP237,-0.004265289874651207,-0.00899625421305919,0.002190951277142627,0.004877410693386021,-0.014921038291150381,-0.007324921705079283,-0.03184927619496043,-0.002015872150735371,-0.0013733096675004259,-0.007848012490915147
cos_phi_ASP237,-0.00513175821678666,-0.00837970376138367,0.0021315577116554564,0.005343919144865892,-0.01190612225002339,-0.0047564348670471384,-0.03119008810706533,0.0023060307574972127,0.002541609282883383,-0.0055304991049384775
sin_psi_ASP237,0.004400699156994748,-0.0019544054027401023,-0.0034982172047509034,0.011997211736069317,-0.007464454861869842,0.013516971247601902,-0.005972480079126338,-0.001011578565033,-0.01954273497390266,-0.007554590255392297
cos_psi_ASP237,-0.005216568957100774,0.0024596177138312787,0.004176041798611596,-0.00934572280176877,0.005828717650862293,-0.01547921310161874,0.0066460166544172914,0.0009887734580349284,0.018368790478087853,0.006271037590155509
sin_phi_ARG238,0.026710131392216254,0.04159690737718801,0.018694114558532305,-0.007484374694775679,-0.0037956363841971383,-0.028556752626580553,0.018279558966059657,-0.03537775656531811,0.029762288013306805,-0.032838758114234735
cos_phi_ARG238,0.02626176984894565,0.04199869051512638,0.021078682158356413,-0.008996204132443198,-0.0025453277005636752,-0.030000227422402822,0.016712015271978964,-0.03975601969460153,0.03274138434920262,-0.034196294204688636
sin_psi_ARG238,0.0533701051388956,0.021469417656109626,0.028299386737468086,-0.042189423816653394,0.017074811716720168,-0.03598408297728843,0.03152489004955342,-0.019405615458510782,0.03676779431414238,-0.04092991303637957
cos_psi_ARG238,0.050886455363422435,0.013080971692652441,0.033393231671293704,-0.04325556536506956,0.024365518331770065,-0.035321671507429576,0.03774006979386211,-0.020167038539658337,0.034978667094284176,-0.03091167835605422
sin_phi_LEU239,-0.01550215086431466,-0.004513272584265769,-0.012126055810756027,0.010973133666800047,-0.019073081513050344,-0.011408255329801805,-0.00025147608839115615,0.015816285458761712,-0.014925514445942017,0.019040448256361822
cos_phi_LEU239,-0.034773111411009465,-0.022376237590499677,-0.01091636607698875,0.024296123078971023,-0.014697575658099083,0.013127926732497741,-0.009552314971806208,-0.031381846489623576,0.0029310637239768687,0.014843244144355
sin_psi_LEU239,0.07591739568977503,0.04750442665289571,0.029334926065492404,-0.05552001600316231,0.03975413607010532,-0.021963255164804733,0.0383696272333821,-0.003257045327333679,0.030195521050390892,-0.057029144046228206
cos_psi_LEU239,-0.05247984580329162,-0.029376178837374752,-0.017536464209613897,0.02005975195043497,-0.006849278771311955,0.020400565087544554,-0.024120844102461358,0.0036832026983117457,-0.029690788099864664,0.0292431062476294
sin_phi_ALA240,0.04264419449899568,0.03425118284134498,0.03685118155349814,-0.01478351670390334,0.008207172604799659,-0.037017359176480615,0.021020520236798918,-0.016878552229939357,0.019260374843910025,-0.02090760898052533
cos_phi_ALA240,0.02042801682988174,-0.006576246892399507,-0.0068965424609701885,-0.019333578488248293,0.014083249203520358,-0.005461189907578421,0.017057844651467778,0.02395988797942251,0.012094633363329546,0.009696769821467928
sin_psi_ALA240,0.009194200043076028,0.019741085512019876,0.01801903970033182,0.01701293097896898,-0.008932662301540918,-0.018633771342304435,-0.001810657300245713,-0.02745262386461871,0.016322761481519538,-0.01153999062902369
cos_psi_ALA240,0.004326387063241672,0.015477612096768064,0.025297978510639658,0.017760913418185423,-0.004919960846360129,-0.0033935017955150333,-0.003840166158694239,-0.02245754099439563,0.002710738982667476,-0.009035863646628796
sin_phi_SER241,0.002004313589178468,-0.021434466540568634,-0.018370458866423994,-0.029806903377775668,-0.041873078962304085,-0.021577151646114942,-0.04261578457135496,-0.04918658764049912,-0.00938774123473022,-0.04282464461967355
cos_phi_SER241,-0.010545919899166593,0.02020466934604961,-0.006000847410530906,0.024827033456669128,0.029088875180761243,-0.0006828650910638641,0.019500354376179887,0.010951041157853178,-0.028024149882345643,0.05322979657673664
sin_psi_SER241,-0.002306404208358197,0.027763401545677326,0.01069293126973435,0.03638831716213883,0.049149699905404215,0.016268867487030686,0.05061430289078198,0.04002552032045598,-0.008453800574534423,0.058004401337205275
cos_psi_SER241,0.0005799138520575722,-0.010017113688607523,-0.004730752956465909,-0.0061609118552669985,-0.03401093686800998,-0.023414246956913177,-0.0365675480700837,-0.04068525914916556,0.006614375563112884,-0.025505990338244924
sin_phi_ARG242,-0.004985937360680473,0.0030357431463772,0.005401856882048358,-0.018322744721286977,0.021254812915273563,0.02527080257771315,0.004994195956031615,0.040909072769488596,-0.0056310548910273196,-0.017998818722475877
cos_phi_ARG242,-0.02288483962572176,0.013791200349149213,0.0015353825710097584,0.016879400977566687,0.009408753682734278,0.007133508461017546,0.005596807608192757,0.04162038327264972,-0.05264717833064538,0.03641740861144124
sin_psi_ARG242,0.0005166844142527376,-0.022654230396493155,-0.005139759103685249,0.011172922402346214,0.002153926380718159,0.002609971285131386,-0.022072205731888284,-0.004357801448801135,-0.013304746725348465,0.010707680411961651
cos_psi_ARG242,0.012753867965219143,0.014266884972157537,0.004443961928991942,0.027127181511363285,-0.025027181464974558,-0.021923997393192226,0.0037514061264973518,-0.027279308809964313,0.03304400616371493,0.013923389341666747
sin_phi_ALA243,-0.006581404468361966,-0.0017880328877522807,-0.01319305193578494,0.010656829484192401,0.0039248161713182255,-0.0162177970599144,-0.01198441692819945,0.028000599545843333,0.007001204467395863,-0.0027099626274632947
cos_phi_ALA243,-0.00352454240836881,-0.0020498458326427523,-0.012509604722441331,0.015985538965817996,0.007293351489004899,-0.02539654719914162,0.006090536212289182,0.034992560257624095,-0.017245552819089034,-0.00047211811664730303
sin_psi_ALA243,0.0009255735116311001,0.004306817467752149,-0.0056094002716979615,0.02175868027515594,0.016816705180286606,-0.020745974126906392,-0.011227812776271445,0.011522431936830868,0.000677932284473811,0.012187814507153848
cos_psi_ALA243,0.005985339702437124,-0.021936672463316487,-0.002315518266201665,-0.0037144296329979357,0.012919530816540757,0.009301316749559044,-0.005282361745472362,0.001687230784959343,-0.006616609277394392,0.013215116620905496
sin_phi_ASP244,0.02311015027512139,0.038884795263011605,0.04335750646147517,-0.03661613011361645,0.008941690785406704,0.0184065740817376,-0.01705355500783434,-0.01312752468215131,0.09021265032039615,-0.015344828167424662
cos_phi_ASP244,-0.0028431570643553668,0.021682586541747734,0.01721350590273451,-0.013639270194284705,0.013558345235744364,-0.002663740194149461,0.019065857947351165,-0.020460328749721812,0.02611393984734379,-0.005381177081361228
sin_psi_ASP244,0.003810989605388033,-0.010703915050487746,-0.055412855313266,0.06962274350183799,-0.03811802360188546,-0.033330677365319056,-0.04180664918189815,0.05359733639312345,-0.08471515906287902,-0.0017530292541664183
cos_psi_ASP244,-0.007246893221009023,0.002218265038106069,0.0171097927867903,0.0009606751640002517,0.0008944634670281164,0.00906720841220764,-0.006013416424835147,-0.025184219177824103,0.0025709058895151855,0.003916194458089355
sin_phi_GLN245,-0.004168545665144809,0.008230961987618371,-0.006236398854286445,-0.004343054341521253,-0.006428958210111237,0.009241224265497196,-0.005521772289826851,-0.008302598400642892,0.02127748977145882,0.019005656425388224
cos_phi_GLN245,0.009726512501398726,-0.008023589194038354,0.02722250394856269,-0.026795791456256716,-0.006896817911721098,0.029449479767709508,-0.02182110182086554,-0.009877076482975759,-0.008554436653231124,-0.006534437456118666
sin_psi_GLN245,0.004194505855507797,-0.011969619988739298,0.001966378791526982,0.011103131456694709,0.0053658047559771264,-0.011566172573488279,-0.004690253426700178,0.007903744428525135,-0.010986379453767143,-0.006662646958062818
cos_psi_GLN245,0.0014553431810718637,0.007334960158747181,-0.014058288048847742,0.013375856141596263,0.004503604266285536,-0.024933827212088873,0.0011411327935320218,0.011086246370020161,0.014912938141601112,0.0053446968745257005
sin_phi_LEU246,0.014379143234877042,0.01023984197144408,0.036068383423550454,-0.05104750787303941,-0.01839054813382278,0.030272433998348922,-0.014010331600519236,-0.006619262555037755,0.009929894882356682,-0.006412783247651549
cos_phi_LEU246,0.017810851320702776,0.019194289974115757,0.05228531386824327,-0.041748056408505686,0.0017985545737704408,0.023716189884996852,-0.02324317549139974,-0.03806464795250223,0.05505163304093961,-0.005519848021077238
sin_psi_LEU246,0.005566523099782131,0.055956969233106654,0.018738522673535027,0.006524743063905489,-0.027865714201092955,-0.009017826420466335,0.03702451957664601,-0.06785273887107487,0.023851522467026393,0.019843535852868504
cos_psi_LEU246,-0.010693454249557985,0.01537807818847671,0.013793263500349427,0.029047940634551028,-0.016413193125084782,0.02109771875131378,0.027683727135702937,0.022298833458683644,-0.056648655692831104,0.0077711174798701784
sin_phi_GLU247,0.007562639237231914,-0.03875768105930998,-0.024191134269128573,-0.0306614393756579,0.020920745571485978,-0.04718333937254825,0.0014510614011482184,-0.0018799199553614925,0.008580676985895989,0.014449641998149774
cos_phi_GLU247,0.007449943101821223,-0.040154223931668405,-0.013192854041414992,-0.02389517647069655,0.013354472994370137,-0.046911351377243844,-0.001152714881067458,-0.008392589874097642,0.0019970252035549636,0.015868347408752405
sin_psi_GLU247,-0.0018829005428907376,0.031635785573633404,0.04162820470714296,0.04866260102065206,-0.047888626291114886,0.014021231395427223,-0.010291374281885816,-0.015200729260210698,-0.014947396201546222,0.014695421545310266
cos_psi_GLU247,0.016565273029447714,-0.06714798109803502,-0.022104021008477,-0.043728042924385375,0.03816072687424851,-0.012488050543043607,-0.020801221552015945,0.015120479478625206,0.02400975043394501,-0.009594440151322508
sin_phi_GLU248,-0.008525134160084304,0.02401705491347282,-0.008892949645728294,0.026198643315776163,-0.008930341333783488,-0.027764497276533462,0.02524998130665979,0.0153204566884455,0.024480692725902056,0.01961977869072096
cos_phi_GLU248,0.04259624281807353,-0.04196593714719981,-0.0008468180615608294,-0.04835356592374864,0.02488184907953339,0.03967267175196976,-0.001107608658752801,-0.023411605942809863,-0.012341006810789366,-0.0011493006220774109
sin_psi_GLU248,-0.0021215267154456583,0.02496410800917022,-0.0017601266423921734,0.032408826026585395,-0.0004121293380776847,0.004608807139490702,0.052075204967857225,-0.02573189304662095,-0.024002726837100162,0.00981245485970846
cos_psi_GLU248,-0.01963036709311338,-0.023639038420190873,-0.006183094763469604,0.029879246986550187,-0.013488070062672736,-0.012503592613289528,-0.041302943944181075,0.05630901174816142,0.04133610113238154,0.00748646375546862
sin_phi_PHE249,-0.006314050460714889,-0.01129596069122598,-0.01791278351130545,0.03416740596183927,-0.004844676516539034,-0.025597100359447407,-0.020121167471971874,0.050700056183475575,0.0059193235811050736,0.016588135790026198
cos_phi_PHE249,0.014641724050357522,-0.029360728444219684,-0.020928043821248108,-0.04534303786655632,0.04673702407739564,-0.013767404563300573,-0.02362767047171043,0.04416324642600324,-0.02574362773239059,0.05961174873335547
sin_psi_PHE249,0.015274123990695767,-0.01828088427331681,-0.01904895804957492,-0.03576209130882257,0.0444973519352364,-0.013291456060081079,-0.02388523992722319,0.057064020559927445,-0.029249472155122306,0.06555249494957566
cos_psi_PHE249,-0.010071044260720769,-0.015385321630753285,-0.005601757567146629,0.006107347497203724,-0.018329272939555285,-0.0069673574319923486,-0.030985130804231844,-0.026350873733636013,0.032387457035641595,-0.04767188825035766
sin_phi_VAL250,0.03977526122317424,-0.030363251101439243,0.029402107705444245,-0.051195913889329786,-0.05091231838473983,-0.016358102551979146,0.01849247851524012,-0.004910349857622491,-0.00944993078049669,-0.033143637591756266
cos_phi_VAL250,-0.03151871570356305,0.024040176744359487,-0.025177595492620063,0.03912445840084007,0.04310910615521906,0.01177384225823041,-0.013125567206649603,0.0037845021442725283,0.0024490091309126755,0.03649011167219469
sin_psi_VAL250,0.0557076802197485,-0.033263099163534315,0.019317177965873882,-0.04254464478238599,-0.04137124411917792,-0.032208107209341905,-0.01742790676345265,0.008401563234431928,0.011569091551570999,-0.003261444599142381
cos_psi_VAL250,0.08685404713179175,-0.029867868048482158,0.022428987014698865,-0.03801145436924692,-0.046200676794556646,-0.025194170112666805,-0.021979307983056456,-0.0044695359559279975,0.012050619254948011,0.011178374506265567
sin_phi_HIE251,0.073477878421052,0.006261754771365088,0.02971027048811585,-0.006875487423443578,0.011968325669971924,0.05215656358529686,0.006426001103487232,0.00823066329461211,0.016157555936717995,0.0037380400222420426
cos_phi_HIE251,-0.09398418810070945,0.01621137331732277,-0.01555002360487056,0.00023030953204315993,-0.012997239242131798,-0.0653520622783999,-0.004146209562371117,-0.010694882066138625,-0.02846195051300214,-0.008611262417757086
sin_psi_HIE251,0.01591452437888795,0.019957015986530536,-0.003113005107798894,0.019990255036282923,0.012306912660453187,-0.07622323762629107,0.06365951365868243,-0.05123857864436094,-0.013696179993497457,0.0048820568467160905
cos_psi_HIE251,-0.06913460073722612,-0.0033296642215186116,-0.018876364991407053,0.015010864595522984,-0.007521678198795589,0.07476836168781546,-0.06218016998106097,0.02908106266030566,0.011698428961583724,-0.0009877765234595484
sin_phi_TYR252,0.033184732066369155,-0.009108116912504417,0.02466581720522732,-0.03415300731700986,-0.010161979099252125,0.08889219849549201,-0.012544066223174723,0.04282746726216596,0.0019174108276324977,-0.03475805174309293
cos_phi_TYR252,0.005915699660173871,0.00020089007647701475,0.008481273309510562,0.021815858196013223,0.00036025010439119296,-0.002348075459226113,-0.027430323169467374,-0.0017973008916892597,0.0015284895553244378,0.03850759292527712
sin_psi_TYR252,-0.028009499666985276,0.015611534865853259,-0.00804740082646663,0.006297659175062291,0.004579214582274752,-0.0851618076307681,0.026584901465030647,-0.04188454947272576,0.003972654080361704,0.03313223639326012
cos_psi_TYR252,-0.018708494390978242,-0.01709082644456533,-0.02642415920225109,-0.08073779787052919,0.03284034112764985,-0.09135932990727971,0.03103150491915332,0.017277004911441213,-0.010696118511081432,-0.020052958395161382
sin_phi_VAL253,-0.045489085162404075,0.0224823997315935,-0.05323891079029443,0.039130232786285475,-0.04315724519862835,-0.0299779315056066,-0.04242467524582444,0.06142647634035283,-0.049196211101516285,0.010551934240597997
cos_phi_VAL253,0.018679832264701067,0.01714648256055334,0.023883383820337098,0.05234952849465471,-0.08078323875952008,0.05213270225196842,-0.0247000570515877,-0.034710685306764875,0.02311379402545088,-0.01310449692395638
sin_psi_VAL253,0.023148313923771004,-0.005009182779208751,0.023019831861806898,0.005851171382545156,0.00540614755267867,0.033725337393192896,-0.03956552825771147,-0.024061468689225318,0.027586902059182634,0.045690948221231736
cos_psi_VAL253,0.022405251212823402,-0.0012345394075250465,0.022394597253895237,-0.0034521360835539573,0.015158270228690958,0.030179150056328808,-0.03402769849050675,-0.01917945619554286,0.018511247086001326,0.051097400893075004
sin_phi_LYS254,0.014759127290927862,0.04310766001829275,-0.014715757229633267,-0.008768812897706946,-0.008987910787275344,0.0035324520355721287,-0.06638373386901733,0.06810562907094343,0.015280912973955264,0.057228765530829284
cos_phi_LYS254,-0.008995256716501933,-0.013396997565955695,-0.007706490719444022,0.010901435373575474,0.02040646952897205,-0.03320813826082682,0.05887543444114972,-0.033540064729277015,-0.0013407477733539763,-0.025000144662616658
sin_psi_LYS254,-0.001584384189009219,0.023161721376550187,-0.004069794782212679,-0.0082343147034366,-0.015523564373799384,0.009375864791567438,-0.06855518194336441,0.031281665630927144,-0.0013749494154640272,0.0663144871925513
cos_psi_LYS254,-0.017538398299106507,0.01676632846783342,0.002228526717404295,0.009848674600743155,0.011006757409013546,-0.050627168223755264,0.007225584182007493,-0.005291733231317464,0.0017514354951819384,0.037176037850989566
sin_phi_GLY255,-0.03149945750820331,0.017501318930318293,-0.009931148469593783,0.015224259219169234,0.01362346071625008,-0.03229173813180878,0.019307844909782743,-0.0443480009614736,-0.029067134285598307,-0.02084141445647144
cos_phi_GLY255,-0.02012575578832659,0.02394450529081858,-0.014357178002485243,0.025897042958594334,0.02628260453055919,-0.04416781185245576,0.028435137689363413,-0.05616232754200167,-0.0026533022351788015,-0.005890726976395586
sin_psi_GLY255,-0.009222422937377132,-0.010405198461960145,-0.0013914002052652823,-0.023645738910434432,-0.030865168517106967,0.0028974694592381577,-0.03128248483508768,0.03860202143489833,-0.055355196833927554,-0.020111334612870055
cos_psi_GLY255,0.006968474756226252,0.00829612320185651,0.0047253974867551935,0.021082264933830617,0.022778811078430883,-0.0038023569572534595,0.029992579477002124,-0.032467839507495315,0.042689214455291564,0.01824455335701296
sin_phi_GLU256,-0.008133926430743817,-0.0034073102627569783,-0.015490271461500157,0.02097365163807179,0.009463052158813495,-0.05865274115104274,-0.010464574741210533,-0.0045009234066697755,-0.013759249546910594,-0.021325947689705527
cos_phi_GLU256,-0.004523132027896312,0.011896305311856674,-0.008679379101618801,0.022224469446085526,0.019952579081093123,-0.06210926786302923,0.006269188436968253,-0.0041360789694602626,0.017906886841339113,-0.016597637800806933
sin_psi_GLU256,0.012191138175404492,-0.0174870451060963,-0.008384589929340262,-0.010212187844282038,-0.009970728370016346,0.023911103105031525,-0.006473521484247305,-0.03665579546469786,0.01833770887149394,0.018001479564239673
cos_psi_GLU256,-0.012588320557011016,0.016343316114540284,0.006326411533793912,0.009369874759880327,0.009313666544834702,-0.022763910027843382,0.0051241244604701775,0.035777315616441666,-0.026120198525968648,-0.02159115409660346
sin_phi_ILE257,-0.01226043896505318,-0.004774678264912648,0.014427151282219063,-0.012208530030236408,-0.003564222661917168,-0.0008408077306358635,0.015291310985019728,-0.03648283854373504,-0.014503615163611884,0.019833460911800098
cos_phi_ILE257,0.01252470066391923,0.007143794159381981,-0.01842622993608156,0.007263201632320107,0.003987796161367483,-0.005396398643692617,-0.01357625522970119,0.030623228157016496,0.01690458728019389,-0.025395994643194385
sin_psi_ILE257,-0.0077039662808055945,0.005160597002121063,0.008094327683442768,0.010838117670812969,0.00837786971033811,0.01584195145717759,-0.018642571364062555,0.04474270795494187,-0.032139964293292196,-0.010598235551387534
cos_psi_ILE257,0.0052524105566791775,-0.0056242739744024,-0.004324672369440334,-0.010358542145452202,-0.007899920470770068,-0.013758029910949005,0.016623957516432045,-0.04418550158328474,0.027977374077944622,0.0143022714798045
sin_phi_THR258,-0.023170582343616623,-0.0005141552009300995,0.019394364944207317,0.009537387761902215,0.0269707176821641,-0.011458583267770307,-0.010456872564843414,0.015190869440759138,-0.04458577579737236,-0.020465538619686596
cos_phi_THR258,-0.02070232951005894,-0.011446127775166197,0.004319539180617339,0.0005899870008718265,-0.02184824281860395,0.058079414421584215,-0.033195308392599016,0.009394536488948373,-0.029032775080244617,-0.031322444106884895
sin_psi_THR258,-0.022761319634311473,-0.008198222017342936,0.006319628353509635,-0.003225715106123362,-0.02942537775441705,0.05575290475125332,-0.03073541236114681,0.020197340092875625,-0.042598155551165834,-0.03532842741125486
cos_psi_THR258,0.02245880254871109,-0.009427019560161152,-0.01750467095971644,0.0027218283924453504,0.031090981646355313,-0.02042056114974809,0.033802001289525214,-0.04599650798888795,0.07194989871562028,0.05090411576023276
sin_phi_LYS259,0.019435138489025696,0.026240801838075554,0.007378490038296438,-0.0025762785522713692,0.018986468239191253,-0.05619578498953422,0.015164961850611832,0.02272048898713568,-0.000506424052523113,0.006533551986537633
cos_phi_LYS259,0.01160558490592247,0.011880018827711404,0.007458169560801125,7.031495412656598e-05,0.024759484232367842,-0.04893344159792353,0.016376892137320142,-0.0021972899265122773,0.019089618546892687,0.015060490218583716
sin_psi_LYS259,0.03993222151195027,-0.021764420190512775,-0.028708505258337378,0.0453153695772582,0.05037282247159093,0.008224846310090381,0.033671830602800455,-0.033217944458569626,0.04700412840254096,0.004935388495709442
cos_psi_LYS259,0.028117965871243596,-0.018872028203472523,-0.018310761755854874,0.031512231040406215,0.04405100905161695,-0.006467894259304437,0.023692317166611344,-0.029320284548520755,0.031393697652460556,0.0031397339743532895
sin_phi_VAL260,-0.02806824627250732,0.022210531728928003,0.01696227375196885,-0.011830373159561598,-0.029264655144054578,-0.005753809936818576,-0.035399421241575975,-0.003202695993768939,-0.015216951359974277,0.017874907595604853
cos_phi_VAL260,-0.0051585331506949165,0.0026568792644893493,-0.0013727503564858734,-0.0029577762583245623,-0.0008879512942979029,-0.018406741551305623,-0.005298488494102753,0.006466448499326192,0.0071001054698010034,-0.003284742612031957
sin_psi_VAL260,-0.03911778152516323,0.024632738902272498,0.022417260238101314,-0.011288998260220128,-0.00870326381663799,0.0026027059145009167,-0.014006444314093197,0.0043182799615422195,-0.029979321513732303,0.0037107307845708564
cos_psi_VAL260,0.009007822715582321,-0.0008035802985511641,-0.014567994528759393,-0.0013710930190688354,0.00417915745280075,-0.01654841285705943,1.930120758052298e-05,0.0036461718102751397,0.002902957267562216,-0.021235850724119137
sin_phi_VAL261,-0.07245960742427202,0.02221754985110941,0.03624710455495769,-0.02738322046528065,-0.0237447037588727,0.036626892234746286,0.02154548897018207,0.03780223167011014,-0.05936570136772543,-0.02794729754201368
cos_phi_VAL261,0.044728802259744314,-0.024008721308930756,-0.006360106804018401,0.010397858775994074,-0.012162886055765078,-0.010406288567895588,-0.016723665965811315,-0.03363712329973904,-0.006768726195006455,0.0036100385249102323
sin_psi_VAL261,0.010344304312117985,0.0020123437963551105,0.0013419314933567658,0.014287693784105762,0.00634420906108375,0.013105686001596197,-0.019097458135377863,-0.03309639513390568,0.000323886844792195,-0.012621463648858897
cos_psi_VAL261,-0.039626473476980735,-0.007321664955093855,0.039377461438019075,-0.027126221608155636,-0.01739803250788075,0.028222251739693685,-0.008960562593364448,0.03286329852249607,-0.01422544220165943,-0.005710375751442581
