molecule,#stars,#amine,#amidine,#acid,#amide,#rotor,#rtvFG,CNS,mol_MW,dipole,SASA,FOSA,FISA,PISA,WPSA,volume,donorHB,accptHB,dip^2/V,ACxDN^.5/SA,glob,QPpolrz,QPlogPC16,QPlogPoct,QPlogPw,QPlogPo/w,QPlogS,CIQPlogS,QPlogHERG,QPPCaco,QPlogBB,QPPMDCK,QPlogKp,IP(eV),EA(eV),#metab,QPlogKhsa,HumanOralAbsorption,PercentHumanOralAbsorption,SAfluorine,SAamideO,PSA,#NandO,RuleOfFive,#ringatoms,#in34,#in56,#noncon,#nonHatm,RuleOfThree,Jm
"Bromosulfophthalein",5,0,0,2,0,6,0,-2,794.029,14.690,748.790,0.000,373.222,157.822,217.746,1380.876,2.000,10.500,0.1562784,0.0198310,0.8008935,46.763,16.820,28.330,17.158,2.934,-6.060,-12.306,-1.891,0.184,-3.143,1.142,-7.266,9.928,1.232,2,-0.268,1,17.990,0.000,0.000,196.818,10,1,21,0,21,1,36,2,0.000
"Bromosulfophthalein",5,0,0,2,0,6,0,-2,794.029,14.690,748.790,0.000,373.222,157.822,217.746,1380.876,2.000,10.500,0.1562784,0.0198310,0.8008935,46.763,16.820,28.330,17.158,2.934,-6.060,-12.306,-1.891,0.184,-3.143,1.142,-7.266,9.928,1.232,2,-0.268,1,17.990,0.000,0.000,196.818,10,1,21,0,21,1,36,2,0.000
"Bromosulfophthalein",5,0,0,2,0,6,0,-2,794.029,14.340,746.713,0.000,373.134,155.880,217.700,1379.256,2.000,10.500,0.1490858,0.0198861,0.8024929,46.680,16.785,28.206,17.139,2.924,-6.026,-12.306,-1.856,0.184,-3.127,1.144,-7.271,9.903,1.370,2,-0.271,1,17.947,0.000,0.000,196.788,10,1,21,0,21,1,36,2,0.000
"Ellagic Acid",1,0,0,0,0,4,2,-2,302.197,0.001,446.862,0.000,327.814,119.048,0.000,766.833,4.000,8.000,0.0000000,0.0358052,0.9066894,23.103,9.600,18.334,16.690,-1.339,-1.818,-3.214,-3.610,7.713,-2.336,2.575,-6.758,9.180,1.393,4,-0.652,2,34.986,0.000,0.000,164.675,8,0,16,0,16,0,22,1,0.001
"Ellagic Acid",1,0,0,0,0,4,2,-2,302.197,0.001,446.862,0.000,327.814,119.048,0.000,766.833,4.000,8.000,0.0000000,0.0358052,0.9066894,23.103,9.600,18.334,16.690,-1.339,-1.818,-3.214,-3.610,7.713,-2.336,2.575,-6.758,9.180,1.393,4,-0.652,2,34.986,0.000,0.000,164.675,8,0,16,0,16,0,22,1,0.001
"Ellagic Acid",1,0,0,0,0,4,2,-2,302.197,0.001,446.862,0.000,327.814,119.048,0.000,766.833,4.000,8.000,0.0000000,0.0358052,0.9066894,23.103,9.600,18.334,16.690,-1.339,-1.818,-3.214,-3.610,7.713,-2.336,2.575,-6.758,9.180,1.393,4,-0.652,2,34.986,0.000,0.000,164.675,8,0,16,0,16,0,22,1,0.001
"Epigallocatechin Gallate",5,0,0,0,0,10,1,-2,458.378,6.379,693.877,55.199,421.785,216.893,0.000,1253.713,8.000,8.750,0.0324608,0.0356673,0.8103659,39.670,16.202,31.049,23.863,-0.269,-3.509,-5.549,-5.635,0.991,-4.321,0.280,-7.569,8.884,0.405,10,-0.439,1,0.000,0.000,0.000,212.239,11,2,22,0,22,3,33,2,0.000
"Epigallocatechin Gallate",5,0,0,0,0,10,1,-2,458.378,6.379,693.877,55.199,421.785,216.893,0.000,1253.713,8.000,8.750,0.0324608,0.0356673,0.8103659,39.670,16.202,31.049,23.863,-0.269,-3.509,-5.549,-5.635,0.991,-4.321,0.280,-7.569,8.884,0.405,10,-0.439,1,0.000,0.000,0.000,212.239,11,2,22,0,22,3,33,2,0.000
"Epigallocatechin Gallate",5,0,0,0,0,10,1,-2,458.378,6.379,693.877,55.199,421.785,216.893,0.000,1253.713,8.000,8.750,0.0324612,0.0356673,0.8103659,39.670,16.202,31.049,23.863,-0.269,-3.509,-5.549,-5.635,0.991,-4.321,0.280,-7.569,8.884,0.405,10,-0.439,1,0.000,0.000,0.000,212.239,11,2,22,0,22,3,33,2,0.000
"Testosterone",0,0,0,0,0,1,0,0,288.429,3.715,519.259,390.865,98.943,29.451,0.000,960.776,1.000,3.700,0.0143660,0.0071255,0.9068365,31.935,8.515,13.818,6.731,3.320,-4.100,-3.703,-3.180,1141.894,-0.299,571.001,-3.143,10.231,0.218,3,0.499,3,100.000,0.000,0.000,50.858,2,0,17,0,17,14,21,0,0.011
"Apigenin",0,0,0,0,0,3,0,-2,270.241,5.314,491.668,0.000,203.372,288.296,0.000,820.651,2.000,3.750,0.0344164,0.0107863,0.8621821,27.515,9.706,14.732,10.208,1.632,-3.357,-4.101,-5.137,116.767,-1.441,48.555,-3.964,8.999,0.768,3,-0.032,3,73.499,0.000,0.000,99.665,5,0,16,0,16,0,20,0,0.013
"Apigenin",0,0,0,0,0,3,0,-2,270.241,5.315,491.668,0.000,203.372,288.296,0.000,820.651,2.000,3.750,0.0344169,0.0107863,0.8621821,27.515,9.706,14.732,10.208,1.632,-3.357,-4.101,-5.137,116.767,-1.441,48.555,-3.964,8.999,0.768,3,-0.032,3,73.499,0.000,0.000,99.665,5,0,16,0,16,0,20,0,0.013
"Hispidulin",0,0,0,0,0,4,0,-2,300.267,7.676,525.868,87.607,182.537,255.725,0.000,894.649,2.000,4.500,0.0658567,0.0121018,0.8538666,29.524,10.031,16.071,10.445,1.913,-3.581,-4.429,-5.116,184.037,-1.347,79.396,-3.599,8.909,0.752,4,-0.003,3,78.687,0.000,0.000,103.915,6,0,16,0,16,0,22,0,0.020
"Hispidulin",0,0,0,0,0,4,0,-2,300.267,7.676,525.868,87.607,182.537,255.725,0.000,894.649,2.000,4.500,0.0658567,0.0121018,0.8538666,29.524,10.031,16.071,10.445,1.913,-3.581,-4.429,-5.116,184.037,-1.347,79.396,-3.599,8.909,0.752,4,-0.003,3,78.687,0.000,0.000,103.915,6,0,16,0,16,0,22,0,0.020
"Salvigenin",0,0,0,0,0,4,0,0,328.321,7.835,575.236,266.807,86.329,222.100,0.000,1002.054,0.000,4.500,0.0612686,0.0000000,0.8418723,33.501,9.675,13.947,6.752,3.304,-4.111,-4.917,-5.150,1503.979,-0.490,769.002,-1.944,8.967,0.788,4,0.153,3,100.000,0.000,0.000,77.067,6,0,16,0,16,0,24,0,0.290
"Demethylnobiletin",0,0,0,0,0,6,0,0,388.373,4.824,630.800,396.188,89.643,144.969,0.000,1149.523,0.000,6.000,0.0202459,0.0000000,0.8413022,37.382,10.555,15.420,7.419,3.422,-4.052,-5.497,-4.791,1398.996,-0.642,711.149,-2.085,8.688,0.841,6,0.095,3,100.000,0.000,0.000,89.415,8,0,16,0,16,0,28,0,0.283
"Tamarixetin",0,0,0,0,0,5,0,-2,316.267,5.093,546.301,92.672,238.197,215.432,0.000,924.314,3.000,5.250,0.0280598,0.0166451,0.8399996,29.684,10.608,17.608,12.582,1.211,-3.466,-4.401,-5.148,54.585,-1.988,21.344,-4.671,8.798,0.617,5,-0.148,3,65.126,0.000,0.000,128.555,7,0,16,0,16,0,23,0,0.002
"Tamarixetin",0,0,0,0,0,5,0,-2,316.267,5.093,546.301,92.672,238.197,215.432,0.000,924.314,3.000,5.250,0.0280616,0.0166451,0.8399996,29.684,10.608,17.608,12.582,1.211,-3.466,-4.401,-5.148,54.585,-1.988,21.344,-4.671,8.798,0.617,5,-0.148,3,65.126,0.000,0.000,128.555,7,0,16,0,16,0,23,0,0.002
"Isosinensetin",0,0,0,0,0,5,0,0,372.374,3.369,635.361,407.624,50.972,176.765,0.000,1161.364,0.000,6.250,0.0097709,0.0000000,0.8409891,38.801,10.616,15.805,7.850,3.682,-4.171,-5.041,-4.948,3254.889,-0.218,1771.499,-1.356,8.781,0.753,5,0.105,3,100.000,0.000,0.000,71.351,7,0,16,0,16,0,27,0,1.107
"Tricin",0,0,0,0,0,5,0,-2,330.293,5.730,569.207,183.513,201.801,183.893,0.000,978.474,2.000,5.250,0.0335528,0.0130438,0.8373905,31.550,10.431,16.654,10.710,1.919,-3.941,-4.751,-5.040,120.843,-1.656,50.389,-4.111,8.760,0.812,5,0.038,3,75.452,0.000,0.000,114.167,7,0,16,0,16,0,24,0,0.003
"Tricin",0,0,0,0,0,5,0,-2,330.293,5.730,569.207,183.513,201.801,183.893,0.000,978.474,2.000,5.250,0.0335525,0.0130438,0.8373905,31.550,10.431,16.654,10.710,1.919,-3.941,-4.751,-5.040,120.843,-1.656,50.389,-4.111,8.760,0.812,5,0.038,3,75.452,0.000,0.000,114.167,7,0,16,0,16,0,24,0,0.003
"5,7-Dihydroxychromone",0,0,0,0,0,2,0,-1,178.144,3.845,348.604,0.000,148.795,199.810,0.000,550.731,1.000,3.000,0.0268432,0.0086057,0.9320914,16.510,6.239,8.663,6.908,0.713,-1.385,-2.271,-3.584,384.485,-0.699,176.057,-3.366,9.321,0.445,2,-0.482,3,77.385,0.000,0.000,78.974,4,0,10,0,10,0,13,0,3.158
"5,7-Dihydroxychromone",0,0,0,0,0,2,0,-1,178.144,3.845,348.604,0.000,148.795,199.810,0.000,550.731,1.000,3.000,0.0268432,0.0086057,0.9320914,16.510,6.239,8.663,6.908,0.713,-1.385,-2.271,-3.584,384.485,-0.699,176.057,-3.366,9.321,0.445,2,-0.482,3,77.385,0.000,0.000,78.974,4,0,10,0,10,0,13,0,3.158
"Rhamnocitrin",0,0,0,0,0,4,0,-2,300.267,4.942,531.080,92.747,183.975,254.357,0.000,897.275,2.000,4.500,0.0272234,0.0119830,0.8471403,29.616,10.029,15.559,10.458,1.914,-3.668,-4.429,-5.218,178.345,-1.387,76.745,-3.630,8.914,0.574,4,-0.001,3,78.444,0.000,0.000,106.873,6,0,16,0,16,0,22,0,0.015
"Rhamnocitrin",0,0,0,0,0,4,0,-2,300.267,4.942,531.080,92.747,183.975,254.357,0.000,897.275,2.000,4.500,0.0272243,0.0119830,0.8471403,29.616,10.029,15.559,10.458,1.914,-3.668,-4.429,-5.218,178.345,-1.387,76.745,-3.630,8.914,0.574,4,-0.001,3,78.444,0.000,0.000,106.873,6,0,16,0,16,0,22,0,0.015
"Homoplantaginin",1,0,0,0,0,10,1,-2,462.409,8.827,698.924,184.233,302.258,212.434,0.000,1284.174,5.000,13.000,0.0606696,0.0415909,0.8174934,40.846,14.918,29.220,22.824,-0.156,-3.176,-4.370,-5.498,13.477,-3.055,4.706,-5.382,8.890,0.728,7,-0.676,2,20.335,0.000,0.000,182.743,11,2,22,0,22,5,33,2,0.001
"Sophoraflavanone G",1,0,0,0,0,9,0,-2,424.493,4.980,711.046,310.619,221.269,179.158,0.000,1320.615,3.000,4.750,0.0187810,0.0115706,0.8186880,42.629,13.990,21.504,11.241,3.890,-5.691,-6.571,-5.320,78.997,-2.180,31.827,-4.102,9.093,0.326,12,0.746,1,83.683,0.000,0.000,116.486,6,0,16,0,16,2,31,1,0.000
"3'-Methoxypuerarin",1,0,0,0,0,9,0,-2,446.410,3.275,707.117,201.334,281.786,223.997,0.000,1270.357,6.000,13.250,0.0084434,0.0458987,0.8022152,41.046,14.984,30.042,24.715,-0.321,-3.393,-3.950,-5.801,21.073,-2.898,7.629,-5.060,8.803,0.735,10,-0.739,1,35.799,0.000,0.000,174.651,10,1,22,0,22,5,32,2,0.002
"3'-Methoxypuerarin",1,0,0,0,0,9,0,-2,446.410,3.275,707.117,201.334,281.786,223.997,0.000,1270.357,6.000,13.250,0.0084432,0.0458987,0.8022152,41.046,14.984,30.042,24.715,-0.321,-3.393,-3.950,-5.801,21.073,-2.898,7.629,-5.060,8.803,0.735,10,-0.739,1,35.799,0.000,0.000,174.651,10,1,22,0,22,5,32,2,0.002
"Robinetin",0,0,0,0,0,5,0,-2,302.240,5.241,519.087,0.000,293.755,225.332,0.000,868.226,5.000,6.250,0.0316397,0.0269231,0.8479047,27.534,10.991,20.658,16.876,-0.159,-2.651,-3.656,-5.068,16.226,-2.462,5.752,-5.660,8.863,0.815,5,-0.502,2,47.676,0.000,0.000,144.623,7,0,16,0,16,0,22,1,0.001
"Robinetin",0,0,0,0,0,5,0,-2,302.240,5.241,519.087,0.000,293.755,225.332,0.000,868.226,5.000,6.250,0.0316396,0.0269231,0.8479047,27.534,10.991,20.658,16.876,-0.159,-2.651,-3.656,-5.068,16.226,-2.462,5.752,-5.660,8.863,0.815,5,-0.502,2,47.676,0.000,0.000,144.623,7,0,16,0,16,0,22,1,0.001
"Robinetin",0,0,0,0,0,5,0,-2,302.240,5.241,519.087,0.000,293.755,225.332,0.000,868.226,5.000,6.250,0.0316395,0.0269231,0.8479047,27.534,10.991,20.658,16.876,-0.159,-2.651,-3.656,-5.068,16.226,-2.462,5.752,-5.660,8.863,0.815,5,-0.502,2,47.676,0.000,0.000,144.623,7,0,16,0,16,0,22,1,0.001
"3'-Hydroxypuerarin",4,0,0,0,0,9,0,-2,432.383,6.237,677.571,97.854,342.574,237.143,0.000,1208.837,7.000,13.250,0.0321834,0.0517380,0.8099444,38.709,15.137,31.341,26.611,-1.169,-3.015,-3.651,-5.738,5.588,-3.460,1.817,-6.134,8.608,0.689,10,-0.849,1,20.519,0.000,0.000,188.150,10,1,22,0,22,5,31,2,0.000
"3'-Hydroxypuerarin",4,0,0,0,0,9,0,-2,432.383,6.237,677.571,97.854,342.574,237.143,0.000,1208.837,7.000,13.250,0.0321823,0.0517380,0.8099444,38.709,15.137,31.341,26.611,-1.169,-3.015,-3.651,-5.738,5.588,-3.460,1.817,-6.134,8.608,0.689,10,-0.849,1,20.519,0.000,0.000,188.150,10,1,22,0,22,5,31,2,0.000
"4'-Methoxypuerarin",1,0,0,0,0,8,0,-2,430.410,3.508,690.786,190.496,240.799,259.491,0.000,1239.334,5.000,12.500,0.0099299,0.0404624,0.8077566,40.785,14.414,28.014,22.655,0.226,-3.497,-3.973,-5.880,51.571,-2.379,20.073,-4.275,8.796,0.631,9,-0.636,2,58.916,0.000,0.000,152.458,9,0,22,0,22,5,31,1,0.007
"4'-Methoxypuerarin",1,0,0,0,0,8,0,-2,430.410,3.508,690.786,190.496,240.799,259.491,0.000,1239.334,5.000,12.500,0.0099305,0.0404624,0.8077567,40.785,14.414,28.014,22.655,0.226,-3.497,-3.973,-5.880,51.571,-2.379,20.073,-4.275,8.796,0.631,9,-0.636,2,58.916,0.000,0.000,152.458,9,0,22,0,22,5,31,1,0.007
"8-Beta-D-Glucopyranosyl-7-Hydroxy-3-(4-M",1,0,0,0,0,8,0,-2,430.410,5.197,676.619,204.435,225.420,246.764,0.000,1229.236,5.000,12.500,0.0219756,0.0413096,0.8201836,40.260,14.106,27.947,22.430,0.289,-3.313,-3.973,-5.618,72.151,-2.153,28.857,-4.037,8.678,0.575,9,-0.629,2,61.896,0.000,0.000,149.778,9,0,22,0,22,5,31,1,0.019
"8-Beta-D-Glucopyranosyl-7-Hydroxy-3-(4-M",1,0,0,0,0,8,0,-2,430.410,5.197,676.619,204.435,225.420,246.764,0.000,1229.236,5.000,12.500,0.0219756,0.0413096,0.8201836,40.260,14.106,27.947,22.430,0.289,-3.313,-3.973,-5.618,72.151,-2.153,28.857,-4.037,8.678,0.575,9,-0.629,2,61.896,0.000,0.000,149.778,9,0,22,0,22,5,31,1,0.019
"Cardamonin",0,0,0,0,0,7,1,-2,270.284,3.717,539.790,103.424,126.761,309.606,0.000,904.373,1.000,3.250,0.0152780,0.0060209,0.8378601,28.501,9.823,12.553,7.108,3.065,-3.805,-4.114,-5.632,622.052,-1.062,296.142,-2.093,9.060,0.581,3,0.153,3,94.895,0.000,0.000,72.657,4,0,12,0,12,0,20,0,0.342
"Cardamonin",0,0,0,0,0,7,1,-2,270.284,3.717,539.790,103.424,126.761,309.606,0.000,904.373,1.000,3.250,0.0152780,0.0060209,0.8378601,28.501,9.823,12.553,7.108,3.065,-3.805,-4.114,-5.632,622.052,-1.062,296.142,-2.093,9.060,0.581,3,0.153,3,94.895,0.000,0.000,72.657,4,0,12,0,12,0,20,0,0.342
"Cardamonin",0,0,0,0,0,7,1,-2,270.284,3.717,539.790,103.424,126.761,309.606,0.000,904.373,1.000,3.250,0.0152772,0.0060209,0.8378601,28.501,9.823,12.553,7.108,3.065,-3.805,-4.114,-5.632,622.052,-1.062,296.142,-2.093,9.060,0.581,3,0.153,3,94.895,0.000,0.000,72.657,4,0,12,0,12,0,20,0,0.342
"Sophoraflavonoloside",10,0,0,0,0,16,2,-2,610.524,9.560,801.993,173.583,420.690,207.720,0.000,1568.678,9.000,21.500,0.0582665,0.0804247,0.8141114,48.335,19.178,42.694,36.753,-2.741,-1.978,-3.834,-5.530,1.015,-4.633,0.288,-7.005,9.128,0.757,10,-1.433,1,0.000,0.000,0.000,269.021,16,3,28,0,28,10,43,2,0.001
"Sophoraflavonoloside",10,0,0,0,0,16,2,-2,610.524,9.560,801.993,173.583,420.690,207.720,0.000,1568.678,9.000,21.500,0.0582670,0.0804247,0.8141114,48.335,19.178,42.694,36.753,-2.741,-1.978,-3.834,-5.530,1.015,-4.633,0.288,-7.005,9.128,0.757,10,-1.433,1,0.000,0.000,0.000,269.021,16,3,28,0,28,10,43,2,0.001
"Nevadensin",0,0,0,0,0,5,0,-1,344.320,7.770,567.385,251.832,120.976,194.577,0.000,1005.500,1.000,5.250,0.0600499,0.0092530,0.8554770,32.734,10.026,15.661,8.764,2.794,-3.928,-5.077,-4.798,705.805,-0.840,339.466,-2.584,8.881,0.818,5,0.137,3,94.291,0.000,0.000,94.981,7,0,16,0,16,0,25,0,0.106
"Nevadensin",0,0,0,0,0,5,0,-1,344.320,7.770,567.385,251.832,120.976,194.577,0.000,1005.500,1.000,5.250,0.0600497,0.0092530,0.8554770,32.734,10.026,15.661,8.764,2.794,-3.928,-5.077,-4.798,705.805,-0.840,339.466,-2.584,8.881,0.818,5,0.137,3,94.291,0.000,0.000,94.981,7,0,16,0,16,0,25,0,0.106
"Moslosooflavone",0,0,0,0,0,3,0,0,298.295,4.034,522.552,165.245,93.893,263.413,0.000,915.379,0.000,3.750,0.0177765,0.0000000,0.8725079,31.069,9.296,12.307,6.439,3.099,-3.668,-4.627,-4.851,1275.001,-0.440,643.272,-2.034,9.043,0.800,3,0.145,3,100.000,0.000,0.000,69.667,5,0,16,0,16,0,22,0,0.593
"Tiliroside",4,0,0,0,0,14,2,-2,594.528,6.494,751.223,88.817,367.827,294.579,0.000,1521.521,6.000,14.050,0.0277156,0.0458124,0.8516243,48.561,18.200,34.067,25.571,0.411,-2.987,-6.720,-5.338,3.220,-3.661,1.001,-5.917,8.919,0.861,7,-0.439,1,0.000,0.000,0.000,228.759,13,3,28,0,28,5,43,2,0.001
"Tiliroside",4,0,0,0,0,14,2,-2,594.528,6.497,751.877,88.953,367.706,295.218,0.000,1521.414,6.000,14.050,0.0277407,0.0457726,0.8508442,48.563,18.205,34.065,25.576,0.410,-2.995,-6.720,-5.353,3.228,-3.667,1.004,-5.912,8.919,0.860,7,-0.441,1,0.000,0.000,0.000,228.765,13,3,28,0,28,5,43,2,0.001
"Oroxin A",0,0,0,0,0,9,1,-2,432.383,8.338,671.941,115.030,295.510,261.401,0.000,1216.751,5.000,12.250,0.0571436,0.0407652,0.8202921,39.258,14.586,28.278,22.528,-0.163,-3.138,-4.092,-5.686,15.616,-2.907,5.519,-5.181,8.778,0.770,6,-0.664,2,34.396,0.000,0.000,176.042,10,1,22,0,22,5,31,1,0.002
"Noricaritin",0,0,0,0,0,8,0,-2,372.374,7.679,616.211,173.335,240.074,202.801,0.000,1116.623,4.000,5.250,0.0528034,0.0170396,0.8447086,35.333,12.629,21.336,13.480,2.155,-3.940,-5.372,-5.012,52.394,-2.162,20.419,-4.462,8.615,0.555,6,0.115,3,70.337,0.000,0.000,134.833,7,0,16,0,16,0,27,0,0.001
"Noricaritin",0,0,0,0,0,8,0,-2,372.374,7.679,616.211,173.335,240.074,202.801,0.000,1116.623,4.000,5.250,0.0528059,0.0170396,0.8447086,35.333,12.629,21.336,13.480,2.155,-3.940,-5.372,-5.012,52.394,-2.162,20.419,-4.462,8.615,0.555,6,0.115,3,70.337,0.000,0.000,134.833,7,0,16,0,16,0,27,0,0.001
"3,3',4',5,6,7,8-Heptamethoxyflavone; 3-M",0,0,0,0,0,7,0,-1,432.426,5.887,690.158,553.257,36.921,99.979,0.000,1280.810,0.000,7.750,0.0270549,0.0000000,0.8264307,41.564,11.075,17.543,8.401,3.738,-4.098,-5.621,-4.817,4423.646,-0.219,2468.097,-1.176,8.694,0.862,7,-0.034,3,100.000,0.000,0.000,80.972,9,0,16,0,16,0,31,1,2.302
"Didymin",4,0,0,0,0,13,2,-2,594.568,4.147,806.772,321.946,300.461,184.366,0.000,1584.225,6.000,19.300,0.0108541,0.0585979,0.8146273,50.660,17.617,36.785,29.889,-0.832,-2.731,-4.363,-5.411,14.016,-3.238,4.910,-5.159,9.188,0.688,10,-1.065,1,3.720,0.000,0.000,215.286,14,3,28,0,28,12,42,2,0.008
"Mosloflavone",0,0,0,0,0,3,0,0,298.295,6.921,545.806,174.759,89.600,281.446,0.000,934.872,0.000,3.750,0.0512339,0.0000000,0.8471522,32.021,9.475,13.034,6.588,3.277,-4.108,-4.627,-5.347,1400.297,-0.450,711.864,-1.891,8.901,0.785,3,0.201,3,100.000,0.000,0.000,67.463,5,0,16,0,16,0,22,0,0.299
"Demethylwedelolactone",0,0,0,0,0,4,0,-2,300.224,8.584,485.826,0.000,263.676,222.150,0.000,820.556,4.000,6.000,0.0898042,0.0247002,0.8724815,26.238,10.178,19.354,15.079,0.058,-2.493,-3.841,-4.655,31.294,-1.987,11.698,-5.212,8.502,1.076,5,-0.443,2,54.049,0.000,0.000,135.044,7,0,17,0,17,0,22,0,0.006
"Demethylwedelolactone",0,0,0,0,0,4,0,-2,300.224,8.584,485.826,0.000,263.676,222.150,0.000,820.556,4.000,6.000,0.0898027,0.0247002,0.8724815,26.238,10.178,19.354,15.079,0.058,-2.493,-3.841,-4.655,31.294,-1.987,11.698,-5.212,8.502,1.076,5,-0.443,2,54.049,0.000,0.000,135.044,7,0,17,0,17,0,22,0,0.006
"Demethylwedelolactone",0,0,0,0,0,4,0,-2,300.224,8.584,485.826,0.000,263.676,222.150,0.000,820.556,4.000,6.000,0.0898042,0.0247002,0.8724815,26.238,10.178,19.354,15.079,0.058,-2.493,-3.841,-4.655,31.294,-1.987,11.698,-5.212,8.502,1.076,5,-0.443,2,54.049,0.000,0.000,135.044,7,0,17,0,17,0,22,0,0.006
"Demethylwedelolactone",0,0,0,0,0,4,0,-2,300.224,8.584,485.826,0.000,263.676,222.150,0.000,820.556,4.000,6.000,0.0898000,0.0247002,0.8724815,26.238,10.178,19.354,15.079,0.058,-2.493,-3.841,-4.655,31.294,-1.987,11.698,-5.212,8.502,1.076,5,-0.443,2,54.049,0.000,0.000,135.044,7,0,17,0,17,0,22,0,0.006
"Demethylwedelolactone",0,0,0,0,0,4,0,-2,300.224,8.584,485.826,0.000,263.676,222.150,0.000,820.556,4.000,6.000,0.0897989,0.0247002,0.8724815,26.238,10.178,19.354,15.079,0.058,-2.493,-3.841,-4.655,31.294,-1.987,11.698,-5.212,8.502,1.076,5,-0.443,2,54.049,0.000,0.000,135.044,7,0,17,0,17,0,22,0,0.006
"Luteolin 5-Glucoside",3,0,0,0,0,10,1,-2,448.382,6.769,692.930,111.326,359.274,222.331,0.000,1241.687,7.000,14.000,0.0369026,0.0534549,0.8062761,39.241,15.466,32.016,27.179,-1.376,-2.922,-3.681,-5.727,3.881,-3.724,1.225,-6.398,8.875,0.858,7,-0.922,1,3.510,0.000,0.000,199.737,11,2,22,0,22,5,32,2,0.000
"Luteolin 5-Glucoside",3,0,0,0,0,10,1,-2,448.382,6.769,692.930,111.326,359.274,222.331,0.000,1241.687,7.000,14.000,0.0369035,0.0534549,0.8062761,39.241,15.466,32.016,27.179,-1.376,-2.922,-3.681,-5.727,3.881,-3.724,1.225,-6.398,8.875,0.858,7,-0.922,1,3.510,0.000,0.000,199.737,11,2,22,0,22,5,32,2,0.000
"5-Methyl-7-Methoxyisoflavone",0,0,0,0,0,2,0,1,266.296,2.602,512.925,167.583,27.377,317.965,0.000,875.425,0.000,3.250,0.0077337,0.0000000,0.8628278,30.633,8.773,11.500,6.063,3.606,-3.910,-4.180,-5.268,5448.603,0.198,3091.627,-0.712,9.297,0.507,2,0.205,3,100.000,0.000,0.000,41.119,3,0,16,0,16,0,20,0,6.362
"Isoquercitrin",4,0,0,0,0,11,1,-2,464.382,9.237,662.616,92.299,381.997,188.319,0.000,1230.155,7.000,13.750,0.0693562,0.0549022,0.8379341,37.812,15.252,31.976,26.562,-1.463,-2.460,-4.032,-5.052,2.363,-3.727,0.717,-6.840,8.875,0.632,8,-0.868,1,0.000,0.000,0.000,219.830,12,2,22,0,22,5,33,2,0.000
"Isoquercitrin",4,0,0,0,0,11,1,-2,464.382,9.237,662.616,92.299,381.997,188.319,0.000,1230.155,7.000,13.750,0.0693555,0.0549022,0.8379341,37.812,15.252,31.976,26.562,-1.463,-2.460,-4.032,-5.052,2.363,-3.727,0.717,-6.840,8.875,0.632,8,-0.868,1,0.000,0.000,0.000,219.830,12,2,22,0,22,5,33,2,0.000
"Isosakuranetin",0,0,0,0,0,3,0,-1,286.284,3.740,525.940,141.314,143.773,240.853,0.000,892.545,1.000,4.000,0.0156752,0.0076054,0.8524107,29.939,9.399,13.617,8.344,2.495,-3.960,-4.264,-5.069,429.040,-0.936,198.209,-3.033,9.155,0.421,5,0.157,3,88.668,0.000,0.000,86.046,5,0,16,0,16,2,21,0,0.029
"Isosakuranetin",0,0,0,0,0,3,0,-1,286.284,3.740,525.940,141.314,143.773,240.853,0.000,892.545,1.000,4.000,0.0156747,0.0076054,0.8524107,29.939,9.399,13.617,8.344,2.495,-3.960,-4.264,-5.069,429.040,-0.936,198.209,-3.033,9.155,0.421,5,0.157,3,88.668,0.000,0.000,86.046,5,0,16,0,16,2,21,0,0.029
"Isosakuranetin",0,0,0,0,0,3,0,-1,286.284,3.740,525.940,141.314,143.773,240.853,0.000,892.545,1.000,4.000,0.0156750,0.0076054,0.8524107,29.939,9.399,13.617,8.344,2.495,-3.960,-4.264,-5.069,429.040,-0.936,198.209,-3.033,9.155,0.421,5,0.157,3,88.668,0.000,0.000,86.046,5,0,16,0,16,2,21,0,0.029
"Hydroxygenkwanin",0,0,0,0,0,4,0,-2,300.267,3.504,527.376,92.740,195.453,239.183,0.000,894.117,2.000,4.500,0.0137288,0.0120672,0.8510882,29.344,9.988,15.323,10.424,1.800,-3.607,-4.429,-5.082,138.810,-1.477,58.534,-3.895,8.857,0.816,4,-0.006,3,75.828,0.000,0.000,106.898,6,0,16,0,16,0,22,0,0.009
"Isoginkgetin",3,0,0,0,0,7,0,-2,566.520,3.005,865.408,182.190,284.998,398.220,0.000,1596.962,2.000,7.500,0.0056550,0.0122562,0.7634970,57.065,18.570,26.977,15.222,4.499,-7.972,-9.591,-7.258,19.645,-3.118,7.072,-4.697,8.970,0.781,6,1.113,1,63.476,0.000,0.000,167.243,10,1,32,0,32,0,42,2,0.000
"Isoginkgetin",3,0,0,0,0,7,0,-2,566.520,3.005,865.408,182.190,284.998,398.220,0.000,1596.962,2.000,7.500,0.0056550,0.0122562,0.7634970,57.065,18.570,26.977,15.222,4.499,-7.972,-9.591,-7.258,19.645,-3.118,7.072,-4.697,8.970,0.781,6,1.113,1,63.476,0.000,0.000,167.243,10,1,32,0,32,0,42,2,0.000
"Isoginkgetin",3,0,0,0,0,7,0,-2,566.520,3.005,865.408,182.190,284.998,398.220,0.000,1596.962,2.000,7.500,0.0056550,0.0122562,0.7634970,57.065,18.570,26.977,15.222,4.499,-7.972,-9.591,-7.258,19.645,-3.118,7.072,-4.697,8.970,0.781,6,1.113,1,63.476,0.000,0.000,167.243,10,1,32,0,32,0,42,2,0.000
"Chrysosplenetin",0,0,0,0,0,6,0,-1,374.346,6.726,601.656,317.171,123.328,161.158,0.000,1083.676,1.000,6.000,0.0417507,0.0099725,0.8480406,34.901,10.528,16.497,9.153,2.921,-4.095,-5.386,-4.759,670.478,-0.941,321.138,-2.649,8.792,0.688,6,0.152,3,94.634,0.000,0.000,104.108,8,0,16,0,16,0,27,0,0.067
"Bilobetin",4,0,0,0,0,7,0,-2,552.493,3.392,840.967,89.551,339.662,411.754,0.000,1544.905,3.000,7.500,0.0074479,0.0154470,0.7685178,55.111,18.758,28.074,17.091,3.638,-7.426,-9.204,-7.241,5.955,-3.692,1.947,-5.657,8.988,0.793,6,0.915,1,49.160,0.000,0.000,181.498,10,1,32,0,32,0,41,2,0.000
"Bilobetin",4,0,0,0,0,7,0,-2,552.493,3.392,840.967,89.551,339.662,411.754,0.000,1544.905,3.000,7.500,0.0074480,0.0154470,0.7685178,55.111,18.758,28.074,17.091,3.638,-7.426,-9.204,-7.241,5.955,-3.692,1.947,-5.657,8.988,0.793,6,0.915,1,49.160,0.000,0.000,181.498,10,1,32,0,32,0,41,2,0.000
"Bilobetin",4,0,0,0,0,7,0,-2,552.493,3.392,840.967,89.551,339.662,411.754,0.000,1544.905,3.000,7.500,0.0074488,0.0154470,0.7685178,55.111,18.758,28.074,17.091,3.638,-7.426,-9.204,-7.241,5.955,-3.692,1.947,-5.657,8.988,0.793,6,0.915,1,49.160,0.000,0.000,181.498,10,1,32,0,32,0,41,2,0.000
"Apigenin 7-Glucuronide",3,0,0,1,0,8,1,-2,446.367,7.149,700.225,66.117,371.118,262.990,0.000,1233.640,4.000,11.550,0.0414239,0.0329894,0.7944256,40.591,15.103,27.005,21.188,0.237,-3.828,-4.635,-4.305,0.759,-3.839,0.267,-6.665,9.069,0.847,6,-0.699,1,0.274,0.000,0.000,204.154,11,2,22,0,22,5,32,1,0.000
"Sciadopitysin",2,0,0,0,0,7,0,-2,580.547,2.937,892.890,275.359,230.070,387.462,0.000,1651.603,1.000,7.500,0.0052212,0.0083997,0.7567817,59.149,18.443,25.938,13.376,5.352,-8.509,-9.952,-7.315,65.185,-2.537,25.857,-3.723,8.959,0.772,6,1.289,1,64.834,0.000,0.000,153.055,10,2,32,0,32,0,43,1,0.000
"Sciadopitysin",2,0,0,0,0,7,0,-2,580.547,2.937,892.890,275.359,230.070,387.462,0.000,1651.603,1.000,7.500,0.0052214,0.0083997,0.7567817,59.149,18.443,25.938,13.376,5.352,-8.509,-9.952,-7.315,65.185,-2.537,25.857,-3.723,8.959,0.772,6,1.289,1,64.834,0.000,0.000,153.055,10,2,32,0,32,0,43,1,0.000
"Afzelin",0,0,0,0,0,8,1,-2,432.383,4.327,649.201,120.095,296.527,232.579,0.000,1186.608,5.000,11.300,0.0157766,0.0389210,0.8349437,38.418,14.107,26.944,21.569,-0.019,-3.183,-4.412,-5.312,15.273,-2.754,5.388,-5.397,9.074,0.751,6,-0.535,2,35.063,0.000,0.000,175.169,10,1,22,0,22,5,31,1,0.001
"Afzelin",0,0,0,0,0,8,1,-2,432.383,4.327,649.201,120.095,296.527,232.579,0.000,1186.608,5.000,11.300,0.0157750,0.0389210,0.8349437,38.418,14.107,26.944,21.569,-0.019,-3.183,-4.412,-5.312,15.273,-2.754,5.388,-5.397,9.074,0.751,6,-0.535,2,35.063,0.000,0.000,175.169,10,1,22,0,22,5,31,1,0.001
"Pinostrobin",0,0,0,0,0,2,0,0,270.284,3.399,513.029,141.106,89.044,282.879,0.000,869.132,0.000,3.250,0.0132916,0.0000000,0.8585129,30.046,8.877,11.606,6.244,3.098,-3.912,-4.135,-5.170,1417.409,-0.362,721.271,-1.972,9.245,0.420,5,0.187,3,100.000,0.000,0.000,63.483,4,0,16,0,16,2,20,0,0.353
"Isoschaftoside",8,0,0,0,0,11,0,-2,564.499,4.180,790.061,192.693,414.947,182.421,0.000,1491.560,9.000,19.050,0.0117129,0.0723362,0.7990950,48.217,18.355,40.683,35.203,-2.400,-3.040,-3.885,-5.653,1.151,-4.432,0.329,-7.468,9.244,1.053,14,-1.140,1,0.000,0.000,0.000,250.929,14,3,28,0,28,10,40,2,0.000
"Isoschaftoside",8,0,0,0,0,11,0,-2,564.499,4.180,790.061,192.693,414.947,182.421,0.000,1491.560,9.000,19.050,0.0117139,0.0723362,0.7990950,48.217,18.355,40.683,35.203,-2.400,-3.040,-3.885,-5.653,1.151,-4.432,0.329,-7.468,9.244,1.053,14,-1.140,1,0.000,0.000,0.000,250.929,14,3,28,0,28,10,40,2,0.000
"Pinostrobin",0,0,0,0,0,2,0,0,270.284,3.399,513.029,141.106,89.044,282.879,0.000,869.132,0.000,3.250,0.0132916,0.0000000,0.8585129,30.046,8.877,11.606,6.244,3.098,-3.912,-4.135,-5.170,1417.409,-0.362,721.271,-1.972,9.245,0.420,5,0.187,3,100.000,0.000,0.000,63.483,4,0,16,0,16,2,20,0,0.353
"Isoquercitrin",4,0,0,0,0,11,1,-2,464.382,7.627,652.261,72.629,389.535,190.097,0.000,1217.595,7.000,13.750,0.0477812,0.0557738,0.8454319,37.326,15.205,31.575,26.601,-1.556,-2.351,-4.032,-4.940,2.004,-3.733,0.600,-6.973,8.993,0.869,8,-0.867,1,0.000,0.000,0.000,217.921,12,2,22,0,22,5,33,2,0.000
"Isoquercitrin",4,0,0,0,0,11,1,-2,464.382,7.626,652.253,72.628,389.535,190.090,0.000,1217.594,7.000,13.750,0.0477592,0.0557745,0.8454420,37.326,15.205,31.575,26.601,-1.556,-2.351,-4.032,-4.939,2.004,-3.733,0.600,-6.973,8.993,0.869,8,-0.867,1,0.000,0.000,0.000,217.923,12,2,22,0,22,5,33,2,0.000
"Neoisoliquiritine",1,0,0,0,0,13,2,-2,418.399,7.219,716.678,132.366,310.548,273.765,0.000,1254.118,5.000,11.750,0.0415540,0.0366605,0.7847539,38.303,15.202,27.279,21.447,0.053,-3.186,-3.774,-6.320,11.245,-3.582,3.870,-5.030,8.912,0.674,6,-0.770,2,33.106,0.000,0.000,170.454,9,1,18,0,18,5,30,1,0.003
"Neoisoliquiritine",1,0,0,0,0,13,2,-2,418.399,7.219,716.678,132.366,310.548,273.765,0.000,1254.118,5.000,11.750,0.0415550,0.0366605,0.7847539,38.303,15.202,27.279,21.447,0.053,-3.186,-3.774,-6.320,11.245,-3.582,3.870,-5.030,8.912,0.674,6,-0.770,2,33.106,0.000,0.000,170.454,9,1,18,0,18,5,30,1,0.003
"Vincetoxicoside B",2,0,0,0,0,9,1,-2,448.382,3.133,719.236,149.139,353.360,216.737,0.000,1262.194,6.000,12.050,0.0077743,0.0410385,0.7853160,40.650,15.406,29.513,23.999,-0.509,-3.765,-4.380,-6.039,4.416,-3.799,1.409,-6.404,8.650,0.847,7,-0.652,1,9.589,0.000,0.000,194.941,11,2,22,0,22,5,32,2,0.000
"Dichotomitin",0,0,0,0,0,5,1,-1,358.304,6.125,544.789,243.227,123.661,177.901,0.000,974.702,1.000,6.000,0.0384835,0.0110134,0.8726719,31.342,9.699,15.315,9.353,2.273,-3.285,-5.178,-4.441,665.617,-0.820,318.623,-2.692,8.854,0.747,4,-0.077,3,90.786,0.000,0.000,109.332,8,0,19,0,19,1,26,0,0.378
"Complanatuside",9,0,0,0,0,16,2,-2,624.551,9.955,886.442,317.068,369.411,199.963,0.000,1666.433,8.000,21.500,0.0594650,0.0686014,0.7668431,52.173,19.732,42.125,35.090,-1.982,-2.798,-4.135,-6.258,3.110,-4.589,0.965,-6.087,9.062,0.769,10,-1.478,1,0.000,0.000,0.000,257.261,16,3,28,0,28,10,44,2,0.001
"Neoliquiritin",0,0,0,0,0,8,1,-2,418.399,3.199,687.396,160.467,271.702,255.227,0.000,1226.500,5.000,12.750,0.0083433,0.0414752,0.8061261,40.231,14.483,28.069,23.075,-0.154,-3.403,-3.551,-5.886,26.263,-2.706,9.679,-4.860,9.209,0.498,7,-0.697,2,51.449,0.000,0.000,157.824,9,0,22,0,22,7,30,1,0.002
"Oroxin B",9,0,0,0,0,15,2,-2,594.525,14.744,750.110,184.215,377.084,188.811,0.000,1520.211,8.000,20.750,0.1429928,0.0782417,0.8523988,46.857,17.961,41.419,34.220,-2.209,-1.733,-3.878,-4.821,2.630,-3.801,0.805,-6.364,8.435,0.465,9,-1.241,1,0.000,0.000,0.000,252.683,15,3,28,0,28,10,42,2,0.005
"3-Deoxysappanchalcone",0,0,0,0,0,7,1,-2,270.284,3.553,545.645,105.001,149.930,290.713,0.000,910.087,2.000,4.250,0.0138721,0.0110152,0.8323581,28.549,10.119,14.612,9.601,2.354,-3.490,-3.694,-5.631,375.067,-1.301,171.401,-2.587,8.886,0.678,3,-0.066,3,86.802,0.000,0.000,77.482,4,0,12,0,12,0,20,0,0.227
"3-Deoxysappanchalcone",0,0,0,0,0,7,1,-2,270.284,3.553,545.645,105.001,149.930,290.713,0.000,910.087,2.000,4.250,0.0138724,0.0110152,0.8323581,28.549,10.119,14.612,9.601,2.354,-3.490,-3.694,-5.631,375.067,-1.301,171.401,-2.587,8.886,0.678,3,-0.066,3,86.802,0.000,0.000,77.482,4,0,12,0,12,0,20,0,0.227
"Flavokawain B",0,0,0,0,0,7,1,0,284.311,4.172,561.565,191.337,72.174,298.054,0.000,954.874,0.000,3.250,0.0182250,0.0000000,0.8350816,30.412,9.627,11.519,5.246,3.791,-4.018,-4.323,-5.622,2048.664,-0.548,1074.022,-1.128,9.044,0.567,3,0.223,3,100.000,0.000,0.000,58.305,4,0,12,0,12,0,21,0,2.035
"Flavokawain B",0,0,0,0,0,7,1,0,284.311,4.172,561.565,191.337,72.174,298.054,0.000,954.874,0.000,3.250,0.0182250,0.0000000,0.8350816,30.412,9.627,11.519,5.246,3.791,-4.018,-4.323,-5.622,2048.664,-0.548,1074.022,-1.128,9.044,0.567,3,0.223,3,100.000,0.000,0.000,58.305,4,0,12,0,12,0,21,0,2.035
"Prudomestin",0,0,0,0,0,5,0,-2,330.293,4.811,541.355,163.446,173.630,204.278,0.000,949.694,2.000,5.250,0.0243681,0.0137149,0.8631219,30.593,10.185,16.163,10.590,1.980,-3.481,-4.751,-4.721,223.545,-1.292,97.969,-3.520,8.634,0.730,5,-0.016,3,80.590,0.000,0.000,110.546,7,0,16,0,16,0,24,0,0.033
"Prudomestin",0,0,0,0,0,5,0,-2,330.293,4.811,541.355,163.446,173.630,204.278,0.000,949.694,2.000,5.250,0.0243682,0.0137149,0.8631219,30.593,10.185,16.163,10.590,1.980,-3.481,-4.751,-4.721,223.545,-1.292,97.969,-3.520,8.634,0.730,5,-0.016,3,80.590,0.000,0.000,110.546,7,0,16,0,16,0,24,0,0.033
"7,4'-Di-O-Methylapigenin",0,0,0,0,0,3,0,0,298.295,5.702,541.207,185.436,93.992,261.779,0.000,925.298,0.000,3.750,0.0351424,0.0000000,0.8485085,31.450,9.278,12.606,6.474,3.162,-4.021,-4.627,-5.232,1272.252,-0.488,641.773,-2.042,8.945,0.734,3,0.174,3,100.000,0.000,0.000,71.128,5,0,16,0,16,0,22,0,0.258
"Prunin",1,0,0,0,0,9,1,-2,434.399,7.996,698.276,163.952,311.468,222.857,0.000,1245.272,5.000,12.500,0.0513446,0.0400283,0.8016422,40.031,14.722,28.552,22.684,-0.287,-3.433,-3.914,-5.804,11.022,-3.210,3.787,-5.611,9.205,0.371,8,-0.681,2,30.962,0.000,0.000,178.768,10,1,22,0,22,7,31,2,0.000
"4',7-Dimethoxyisoflavone",0,0,0,0,0,3,0,1,282.295,3.245,525.365,185.364,39.701,300.300,0.000,899.763,0.000,4.000,0.0117000,0.0000000,0.8579375,30.796,8.953,12.007,6.574,3.294,-3.590,-4.172,-5.263,4163.066,0.023,2311.333,-0.905,8.975,0.540,2,0.033,3,100.000,0.000,0.000,51.980,4,0,16,0,16,0,21,0,9.023
"Kaempferol 3-O-Gentiobioside",10,0,0,0,0,16,2,-2,610.524,5.690,834.220,203.542,392.603,238.075,0.000,1594.980,9.000,21.500,0.0202953,0.0773177,0.7913852,49.677,19.557,42.450,36.846,-2.477,-2.278,-3.834,-6.043,1.874,-4.580,0.558,-6.380,9.069,0.696,10,-1.492,1,0.000,0.000,0.000,272.646,16,3,28,0,28,10,43,2,0.001
"Kaempferol 3-O-Gentiobioside",10,0,0,0,0,16,2,-2,610.524,5.689,834.220,203.542,392.603,238.075,0.000,1594.980,9.000,21.500,0.0202942,0.0773177,0.7913852,49.677,19.557,42.450,36.846,-2.477,-2.278,-3.834,-6.043,1.874,-4.580,0.558,-6.380,9.069,0.696,10,-1.492,1,0.000,0.000,0.000,272.646,16,3,28,0,28,10,43,2,0.001
"Baimaside",11,0,0,0,0,17,2,-2,626.524,5.682,808.072,171.267,459.230,177.574,0.000,1586.879,10.000,22.250,0.0203474,0.0870723,0.8142248,48.133,19.622,44.081,38.807,-3.295,-1.800,-3.783,-5.385,0.438,-5.079,0.116,-7.725,8.856,0.728,11,-1.520,1,0.000,0.000,0.000,288.979,17,3,28,0,28,10,44,2,0.000
"Baimaside",11,0,0,0,0,17,2,-2,626.524,5.683,808.072,171.267,459.230,177.574,0.000,1586.879,10.000,22.250,0.0203486,0.0870723,0.8142248,48.133,19.622,44.081,38.807,-3.295,-1.800,-3.783,-5.385,0.438,-5.079,0.116,-7.725,8.856,0.728,11,-1.520,1,0.000,0.000,0.000,288.979,17,3,28,0,28,10,44,2,0.000
"Nicotiflorin",7,0,0,0,0,14,2,-2,594.525,8.098,735.895,152.343,394.924,188.628,0.000,1502.624,8.000,19.800,0.0436435,0.0761017,0.8621502,46.793,17.920,39.676,33.591,-2.080,-1.910,-4.208,-4.662,1.782,-3.822,0.528,-6.789,9.159,0.813,9,-1.088,1,0.000,0.000,0.000,249.574,15,3,28,0,28,10,42,2,0.001
"Nicotiflorin",7,0,0,0,0,14,2,-2,594.525,8.098,735.895,152.343,394.924,188.628,0.000,1502.624,8.000,19.800,0.0436425,0.0761017,0.8621503,46.793,17.920,39.676,33.591,-2.080,-1.910,-4.208,-4.662,1.782,-3.822,0.528,-6.789,9.159,0.813,9,-1.088,1,0.000,0.000,0.000,249.574,15,3,28,0,28,10,42,2,0.001
"Vicenin 2",9,0,0,0,0,13,0,-2,594.525,9.038,815.908,164.892,489.679,161.338,0.000,1562.542,10.000,20.750,0.0522789,0.0804224,0.7981387,49.572,19.598,44.380,38.328,-3.248,-2.721,-3.752,-5.568,0.225,-5.345,0.056,-8.728,9.147,0.954,15,-1.308,1,0.000,0.000,0.000,273.410,15,3,28,0,28,10,42,2,0.000
"Vicenin 2",9,0,0,0,0,13,0,-2,594.525,9.038,815.908,164.892,489.679,161.338,0.000,1562.542,10.000,20.750,0.0522824,0.0804224,0.7981387,49.572,19.598,44.380,38.328,-3.248,-2.721,-3.752,-5.568,0.225,-5.345,0.056,-8.728,9.147,0.954,15,-1.308,1,0.000,0.000,0.000,273.410,15,3,28,0,28,10,42,2,0.000
"Liquiritin Apioside",5,0,0,0,0,13,2,-2,550.515,7.674,804.228,262.502,327.296,214.431,0.000,1508.044,7.000,18.600,0.0390458,0.0611903,0.7907911,47.898,17.702,37.310,31.045,-1.324,-2.907,-3.794,-5.940,7.801,-3.709,2.606,-5.548,9.243,0.452,9,-1.171,1,0.000,0.000,0.000,213.019,13,3,27,0,27,11,39,2,0.002
"Mirificin",7,0,0,0,0,13,1,-2,548.499,6.923,794.221,176.499,353.851,263.870,0.000,1487.936,8.000,18.350,0.0322124,0.0653491,0.7936213,47.566,18.267,38.638,32.756,-1.574,-2.863,-3.919,-6.130,4.368,-3.966,1.393,-5.863,8.906,0.815,11,-1.167,1,0.000,0.000,0.000,221.936,13,3,27,0,27,9,39,2,0.001
"Mirificin",7,0,0,0,0,13,1,-2,548.499,6.923,794.221,176.499,353.851,263.870,0.000,1487.936,8.000,18.350,0.0322128,0.0653491,0.7936213,47.566,18.267,38.638,32.756,-1.574,-2.863,-3.919,-6.130,4.368,-3.966,1.393,-5.863,8.906,0.815,11,-1.167,1,0.000,0.000,0.000,221.936,13,3,27,0,27,9,39,2,0.001
"Prunin",1,0,0,0,0,9,1,-2,434.399,7.996,698.276,163.952,311.468,222.857,0.000,1245.272,5.000,12.500,0.0513446,0.0400283,0.8016422,40.031,14.722,28.552,22.684,-0.287,-3.433,-3.914,-5.804,11.022,-3.210,3.787,-5.611,9.205,0.371,8,-0.681,2,30.962,0.000,0.000,178.768,10,1,22,0,22,7,31,2,0.000
"Puerarin 6''-O-Xyloside",7,0,0,0,0,12,1,-2,548.499,1.289,829.872,188.432,380.313,261.127,0.000,1522.715,8.000,19.300,0.0010907,0.0657796,0.7713173,49.574,18.892,39.485,34.159,-1.977,-3.247,-3.593,-6.478,2.451,-4.422,0.746,-6.457,8.932,0.900,11,-1.259,1,0.000,0.000,0.000,225.165,13,3,28,0,28,10,39,2,0.000
"Puerarin 6''-O-Xyloside",7,0,0,0,0,12,1,-2,548.499,1.289,829.872,188.432,380.313,261.127,0.000,1522.715,8.000,19.300,0.0010907,0.0657796,0.7713173,49.574,18.892,39.485,34.159,-1.977,-3.247,-3.593,-6.478,2.451,-4.422,0.746,-6.457,8.932,0.900,11,-1.259,1,0.000,0.000,0.000,225.165,13,3,28,0,28,10,39,2,0.000
"Plantagoside",5,0,0,0,0,11,1,-2,466.398,8.279,704.827,133.185,413.823,157.819,0.000,1282.455,7.000,14.000,0.0534462,0.0525527,0.8099240,39.614,15.772,32.536,26.919,-1.603,-2.894,-3.855,-5.360,1.179,-4.305,0.338,-7.534,8.897,0.582,10,-0.885,1,0.000,0.000,0.000,221.007,12,2,22,0,22,7,33,2,0.000
"Plantagoside",5,0,0,0,0,11,1,-2,466.398,8.279,704.827,133.185,413.823,157.819,0.000,1282.455,7.000,14.000,0.0534462,0.0525527,0.8099240,39.614,15.772,32.536,26.919,-1.603,-2.894,-3.855,-5.360,1.179,-4.305,0.338,-7.534,8.897,0.582,10,-0.885,1,0.000,0.000,0.000,221.007,12,2,22,0,22,7,33,2,0.000
"Plantagoside",5,0,0,0,0,11,1,-2,466.398,8.279,704.827,133.185,413.823,157.819,0.000,1282.455,7.000,14.000,0.0534472,0.0525527,0.8099240,39.614,15.772,32.536,26.919,-1.603,-2.894,-3.855,-5.360,1.179,-4.305,0.338,-7.534,8.897,0.582,10,-0.885,1,0.000,0.000,0.000,221.007,12,2,22,0,22,7,33,2,0.000
"1-(4-Hydroxy-2-Methoxyphenyl)-3-(4-Hydro",0,0,0,0,0,7,1,-2,270.284,3.553,545.645,105.001,149.930,290.713,0.000,910.087,2.000,4.250,0.0138721,0.0110152,0.8323581,28.549,10.119,14.612,9.601,2.354,-3.490,-3.694,-5.631,375.067,-1.301,171.401,-2.587,8.886,0.678,3,-0.066,3,86.802,0.000,0.000,77.482,4,0,12,0,12,0,20,0,0.227
"1-(4-Hydroxy-2-Methoxyphenyl)-3-(4-Hydro",0,0,0,0,0,7,1,-2,270.284,2.661,535.052,123.821,137.984,273.247,0.000,905.099,2.000,4.250,0.0078206,0.0112333,0.8457320,28.183,9.911,14.355,9.375,2.394,-3.311,-3.694,-5.331,486.855,-1.145,227.230,-2.428,8.784,0.425,3,-0.071,3,89.061,0.000,0.000,74.256,4,0,12,0,12,0,20,0,0.493
"1-(4-Hydroxy-2-Methoxyphenyl)-3-(4-Hydro",0,0,0,0,0,7,1,-2,270.284,3.553,545.645,105.001,149.930,290.713,0.000,910.087,2.000,4.250,0.0138724,0.0110152,0.8323581,28.549,10.119,14.612,9.601,2.354,-3.490,-3.694,-5.631,375.067,-1.301,171.401,-2.587,8.886,0.678,3,-0.066,3,86.802,0.000,0.000,77.482,4,0,12,0,12,0,20,0,0.227
"1-(4-Hydroxy-2-Methoxyphenyl)-3-(4-Hydro",0,0,0,0,0,7,1,-2,270.284,2.660,535.052,123.821,137.984,273.247,0.000,905.099,2.000,4.250,0.0078204,0.0112333,0.8457320,28.183,9.911,14.355,9.375,2.394,-3.311,-3.694,-5.331,486.855,-1.145,227.230,-2.428,8.784,0.425,3,-0.071,3,89.061,0.000,0.000,74.256,4,0,12,0,12,0,20,0,0.493
"Prunin",1,0,0,0,0,9,1,-2,434.399,5.946,690.592,165.651,307.816,217.125,0.000,1241.151,5.000,12.500,0.0284843,0.0404738,0.8087730,39.812,14.603,28.163,22.602,-0.275,-3.331,-3.914,-5.662,11.937,-3.116,4.127,-5.564,9.216,0.402,8,-0.673,2,31.649,0.000,0.000,178.791,10,1,22,0,22,7,31,2,0.001
"4'-O-Methylbroussochalcone B",0,0,0,0,0,9,1,-2,338.402,5.289,692.027,308.362,138.549,245.117,0.000,1184.021,1.000,3.250,0.0236277,0.0046963,0.7821343,37.792,12.201,15.655,6.675,4.673,-6.139,-5.501,-6.226,480.885,-1.489,224.220,-2.345,8.887,0.660,6,0.823,3,100.000,0.000,0.000,76.161,4,0,12,0,12,0,25,1,0.001
"4'-O-Methylbroussochalcone B",0,0,0,0,0,9,1,-2,338.402,5.289,692.027,308.362,138.549,245.117,0.000,1184.021,1.000,3.250,0.0236260,0.0046963,0.7821342,37.792,12.201,15.655,6.675,4.673,-6.139,-5.501,-6.226,480.885,-1.489,224.220,-2.345,8.888,0.660,6,0.823,3,100.000,0.000,0.000,76.161,4,0,12,0,12,0,25,1,0.001
"Isobavachromene",0,0,0,0,0,6,1,-2,322.360,4.671,621.519,165.156,129.091,327.271,0.000,1066.981,1.000,3.250,0.0204446,0.0052291,0.8124849,35.819,11.531,15.205,7.661,4.095,-5.438,-5.347,-6.127,591.197,-1.102,280.298,-2.170,8.886,0.703,2,0.633,3,100.000,0.000,0.000,73.948,4,0,16,0,16,1,24,0,0.008
"Isobavachromene",0,0,0,0,0,6,1,-2,322.360,4.671,621.519,165.156,129.091,327.271,0.000,1066.981,1.000,3.250,0.0204449,0.0052291,0.8124849,35.819,11.531,15.205,7.661,4.095,-5.438,-5.347,-6.127,591.197,-1.102,280.298,-2.170,8.886,0.703,2,0.633,3,100.000,0.000,0.000,73.948,4,0,16,0,16,1,24,0,0.008
"4',7-Di-O-Methylnaringenin",0,0,0,0,0,3,0,0,300.310,4.175,550.709,234.218,89.054,227.437,0.000,944.883,0.000,4.000,0.0184516,0.0000000,0.8455936,31.906,9.184,12.586,6.475,3.162,-4.070,-4.425,-5.115,1417.114,-0.448,721.109,-2.072,9.142,0.405,5,0.164,3,100.000,0.000,0.000,71.763,5,0,16,0,16,2,22,0,0.217
"Guaijaverin",2,0,0,0,0,9,1,-2,434.356,4.640,644.107,102.570,336.796,204.741,0.000,1166.370,6.000,12.050,0.0184625,0.0458252,0.8319516,36.701,14.232,28.341,23.624,-0.822,-2.820,-4.134,-5.228,6.340,-3.223,2.083,-6.141,8.854,0.681,7,-0.723,2,10.573,0.000,0.000,198.636,11,2,22,0,22,5,31,2,0.000
"Guaijaverin",2,0,0,0,0,9,1,-2,434.356,4.641,644.107,102.570,336.796,204.741,0.000,1166.370,6.000,12.050,0.0184632,0.0458252,0.8319516,36.701,14.232,28.341,23.624,-0.822,-2.820,-4.134,-5.228,6.340,-3.223,2.083,-6.141,8.854,0.681,7,-0.723,2,10.573,0.000,0.000,198.636,11,2,22,0,22,5,31,2,0.000
"(2S)-2'-Methoxykurarinone",2,0,0,0,0,9,0,-2,452.546,3.636,777.112,492.456,133.736,150.919,0.000,1462.251,2.000,5.750,0.0090402,0.0104640,0.8017326,48.028,14.284,21.844,10.133,5.150,-6.710,-6.875,-5.460,534.169,-1.366,251.190,-2.589,8.903,0.258,12,1.027,1,92.962,0.000,0.000,86.996,6,1,16,0,16,2,33,2,0.000
"Leucoside",8,0,0,0,0,14,2,-2,580.498,6.023,778.113,174.398,414.901,188.815,0.000,1510.789,8.000,19.800,0.0240103,0.0719726,0.8183229,47.122,18.255,39.430,33.830,-2.348,-2.298,-3.966,-5.372,1.152,-4.411,0.330,-7.157,8.882,0.601,9,-1.243,1,0.000,0.000,0.000,250.689,15,3,28,0,28,10,41,2,0.000
"Leucoside",8,0,0,0,0,14,2,-2,580.498,6.023,778.113,174.397,414.901,188.815,0.000,1510.789,8.000,19.800,0.0240100,0.0719726,0.8183231,47.122,18.255,39.430,33.830,-2.348,-2.298,-3.966,-5.372,1.152,-4.411,0.330,-7.157,8.882,0.601,9,-1.243,1,0.000,0.000,0.000,250.690,15,3,28,0,28,10,41,2,0.000
"Icariside I",2,0,0,0,0,12,1,-2,530.527,5.605,829.413,380.102,286.557,162.753,0.000,1549.598,5.000,13.000,0.0202725,0.0350475,0.7808011,49.710,17.035,31.469,22.252,1.336,-4.670,-5.619,-5.855,18.988,-3.293,6.817,-5.075,8.520,0.592,10,-0.274,1,18.776,0.000,0.000,179.738,11,3,22,0,22,5,38,2,0.000
"4',5-Dihydroxyflavone",0,0,0,0,0,2,0,-1,254.242,6.232,479.398,0.000,148.742,330.656,0.000,797.972,1.000,3.000,0.0486755,0.0062579,0.8678822,27.654,9.195,12.960,8.112,2.376,-3.629,-4.123,-5.247,384.927,-0.874,176.276,-2.904,8.993,0.791,2,0.134,3,87.128,0.000,0.000,77.117,4,0,16,0,16,0,19,0,0.074
"Beta-Anhydroicaritin",0,0,0,0,0,3,0,-1,368.385,6.044,641.032,304.422,129.501,207.109,0.000,1130.821,1.000,4.500,0.0323081,0.0070199,0.8188688,39.153,11.311,17.158,8.787,3.839,-5.820,-5.907,-5.451,585.922,-0.905,277.595,-2.889,8.813,0.516,4,0.689,3,100.000,0.000,0.000,90.436,6,0,20,0,20,3,27,1,0.001
"3-O-Acetylpinobanksin",0,0,0,0,0,3,1,-2,314.294,3.864,552.807,106.367,170.785,275.656,0.000,957.457,1.000,5.250,0.0155928,0.0094970,0.8498411,32.870,10.466,15.514,10.060,2.247,-4.003,-4.346,-5.276,237.876,-1.194,104.775,-3.408,9.397,0.564,5,0.093,3,82.634,0.000,0.000,110.396,6,0,16,0,16,2,23,0,0.012
"3-O-Acetylpinobanksin",0,0,0,0,0,3,1,-2,314.294,3.864,552.807,106.367,170.785,275.656,0.000,957.457,1.000,5.250,0.0155928,0.0094970,0.8498411,32.870,10.466,15.514,10.060,2.247,-4.003,-4.346,-5.276,237.876,-1.194,104.775,-3.408,9.397,0.564,5,0.093,3,82.634,0.000,0.000,110.396,6,0,16,0,16,2,23,0,0.012
"3-O-Acetylpinobanksin",0,0,0,0,0,3,1,-2,314.294,3.864,552.807,106.367,170.785,275.656,0.000,957.457,1.000,5.250,0.0155925,0.0094970,0.8498411,32.870,10.466,15.514,10.060,2.247,-4.003,-4.346,-5.276,237.876,-1.194,104.775,-3.408,9.397,0.564,5,0.093,3,82.634,0.000,0.000,110.396,6,0,16,0,16,2,23,0,0.012
"Dihydrodaidzein",0,0,0,0,0,2,0,-1,256.257,2.662,476.594,54.555,145.357,276.683,0.000,804.441,2.000,4.250,0.0088081,0.0126112,0.8776993,27.398,9.144,14.376,10.411,1.751,-3.155,-3.536,-4.830,414.457,-0.815,190.937,-3.032,9.089,0.506,3,-0.091,3,84.047,0.000,0.000,79.408,4,0,16,0,16,2,19,0,0.167
"Dihydrodaidzein",0,0,0,0,0,2,0,-1,256.257,2.662,476.594,54.555,145.357,276.683,0.000,804.441,2.000,4.250,0.0088094,0.0126112,0.8776993,27.398,9.144,14.376,10.411,1.751,-3.155,-3.536,-4.830,414.457,-0.815,190.937,-3.032,9.089,0.506,3,-0.091,3,84.047,0.000,0.000,79.408,4,0,16,0,16,2,19,0,0.167
"6'''-Feruloylspinosin",14,0,0,0,0,19,2,-2,784.723,6.345,1129.028,360.989,415.180,352.859,0.000,2147.918,8.000,22.550,0.0187460,0.0564920,0.7130808,70.976,26.216,48.926,37.398,-0.027,-5.146,-7.014,-7.857,1.145,-6.025,0.327,-6.104,8.783,0.853,13,-1.013,1,0.000,0.000,0.000,288.828,18,3,34,0,34,10,56,2,0.000
"6'''-Feruloylspinosin",11,0,0,0,0,19,2,-2,784.723,5.670,950.817,384.509,358.978,207.330,0.000,2000.430,8.000,22.550,0.0160728,0.0670802,0.8075145,63.683,22.162,46.388,35.596,-0.301,-2.827,-7.014,-5.635,3.906,-4.252,1.234,-5.581,8.860,0.928,13,-0.982,1,0.000,0.000,0.000,282.629,18,3,34,0,34,10,56,2,0.003
"6'''-Feruloylspinosin",10,0,0,0,0,19,2,-2,784.723,9.712,914.860,309.282,398.820,206.759,0.000,1934.176,8.000,22.550,0.0487673,0.0697167,0.8206177,61.026,21.788,46.138,35.777,-0.893,-2.410,-7.014,-5.421,1.636,-4.530,0.482,-6.317,9.026,0.981,13,-1.060,1,0.000,0.000,0.000,277.284,18,3,34,0,34,10,56,2,0.001
"6'''-Feruloylspinosin",10,0,0,0,0,19,2,-2,784.723,6.862,935.376,387.374,355.610,192.392,0.000,1989.825,8.000,22.550,0.0236660,0.0681876,0.8179409,63.116,21.850,46.306,35.435,-0.315,-2.645,-7.014,-5.395,4.204,-4.125,1.336,-5.571,8.910,0.968,13,-0.965,1,0.000,0.000,0.000,286.326,18,3,34,0,34,10,56,2,0.005
"6'''-Feruloylspinosin",14,0,0,0,0,19,2,-2,784.723,5.843,1130.697,361.246,414.945,354.506,0.000,2152.150,8.000,22.550,0.0158661,0.0564086,0.7129632,71.161,26.266,48.954,37.411,0.000,-5.169,-7.014,-7.867,1.151,-6.024,0.329,-6.094,8.788,0.840,13,-1.005,1,0.000,0.000,0.000,287.445,18,3,34,0,34,10,56,2,0.000
"6'''-Feruloylspinosin",10,0,0,0,0,19,2,-2,784.723,6.520,926.598,345.691,374.222,206.685,0.000,1984.742,8.000,22.550,0.0214197,0.0688335,0.8242828,63.049,21.986,46.400,35.637,-0.432,-2.544,-7.014,-5.361,2.800,-4.254,0.861,-5.864,8.913,0.968,13,-0.952,1,0.000,0.000,0.000,280.840,18,3,34,0,34,10,56,2,0.003
"6'''-Feruloylspinosin",10,0,0,0,0,19,2,-2,784.723,9.684,939.446,327.354,379.945,232.147,0.000,1989.562,8.000,22.550,0.0471348,0.0678922,0.8143257,63.485,22.332,46.922,35.881,-0.452,-2.693,-7.014,-5.644,2.471,-4.401,0.752,-5.880,8.980,0.974,13,-0.979,1,0.000,0.000,0.000,276.660,18,3,34,0,34,10,56,2,0.002
"6'''-Feruloylspinosin",10,0,0,0,0,19,2,-2,784.723,12.169,947.923,371.893,377.640,198.389,0.000,1996.466,8.000,22.550,0.0741776,0.0672850,0.8089096,63.439,22.185,47.183,35.656,-0.458,-2.793,-7.014,-5.570,2.599,-4.429,0.794,-5.956,8.967,1.083,13,-0.985,1,0.000,0.000,0.000,286.455,18,3,34,0,34,10,56,2,0.001
"6'''-Feruloylspinosin",10,0,0,0,0,19,2,-2,784.723,10.564,929.619,303.893,409.301,216.425,0.000,1968.499,8.000,22.550,0.0566903,0.0686099,0.8171156,62.492,22.235,46.829,35.950,-0.779,-2.579,-7.014,-5.523,1.302,-4.669,0.376,-6.476,8.906,0.905,13,-1.009,1,0.000,0.000,0.000,286.188,18,3,34,0,34,10,56,2,0.001
"6'''-Feruloylspinosin",14,0,0,0,0,19,2,-2,784.723,8.487,1134.268,360.886,428.286,345.095,0.000,2160.694,8.000,22.550,0.0333390,0.0562310,0.7125988,71.413,26.377,49.333,37.447,-0.055,-5.219,-7.014,-7.828,0.860,-6.205,0.240,-6.373,8.698,0.779,13,-0.988,1,0.000,0.000,0.000,293.876,18,3,34,0,34,10,56,2,0.000
"6'''-Feruloylspinosin",12,0,0,0,0,19,2,-2,784.723,9.836,1035.175,261.528,416.333,357.315,0.000,2098.519,8.000,22.550,0.0461061,0.0616138,0.7657610,69.041,24.928,48.996,37.210,-0.125,-3.879,-7.014,-7.026,1.116,-5.315,0.319,-6.110,9.045,1.014,13,-0.935,1,0.000,0.000,0.000,287.663,18,3,34,0,34,10,56,2,0.000
"6'''-Feruloylspinosin",14,0,0,0,0,19,2,-2,784.723,6.572,1138.450,363.622,425.965,348.864,0.000,2160.745,8.000,22.550,0.0199881,0.0560245,0.7099922,71.451,26.441,49.138,37.467,-0.044,-5.278,-7.014,-7.888,0.905,-6.215,0.254,-6.317,8.889,0.901,13,-0.997,1,0.000,0.000,0.000,291.612,18,3,34,0,34,10,56,2,0.000
"6'''-Feruloylspinosin",12,0,0,0,0,19,2,-2,784.723,5.000,1028.871,342.456,392.277,294.138,0.000,2071.419,8.000,22.550,0.0120702,0.0619913,0.7638055,67.353,24.114,47.690,36.601,-0.193,-3.798,-7.014,-6.757,1.888,-5.064,0.562,-5.889,8.712,0.762,13,-0.997,1,0.000,0.000,0.000,279.611,18,3,34,0,34,10,56,2,0.000
"6'''-Feruloylspinosin",12,0,0,0,0,19,2,-2,784.723,10.832,1044.256,343.360,404.775,296.122,0.000,2076.073,8.000,22.550,0.0565122,0.0610780,0.7536790,67.558,24.404,48.370,36.737,-0.287,-3.998,-7.014,-6.930,1.437,-5.332,0.419,-6.112,8.868,0.942,13,-1.023,1,0.000,0.000,0.000,291.169,18,3,34,0,34,10,56,2,0.000
"6'''-Feruloylspinosin",12,0,0,0,0,19,2,-2,784.723,9.075,1047.326,345.621,390.329,311.377,0.000,2085.584,8.000,22.550,0.0394903,0.0608989,0.7537629,68.085,24.489,48.279,36.750,-0.115,-4.038,-7.014,-7.001,1.970,-5.162,0.589,-5.792,8.893,0.903,13,-1.003,1,0.000,0.000,0.000,285.038,18,3,34,0,34,10,56,2,0.000
"6'''-Feruloylspinosin",14,0,0,0,0,19,2,-2,784.723,8.985,1143.261,360.175,433.671,349.416,0.000,2162.994,8.000,22.550,0.0373215,0.0557887,0.7074945,71.546,26.571,49.429,37.534,-0.092,-5.345,-7.014,-7.931,0.765,-6.358,0.212,-6.457,8.886,0.820,13,-1.000,1,0.000,0.000,0.000,285.769,18,3,34,0,34,10,56,2,0.000
"6'''-Feruloylspinosin",14,0,0,0,0,19,2,-2,784.723,7.784,1138.793,346.300,441.726,350.767,0.000,2167.095,8.000,22.550,0.0279571,0.0560076,0.7111683,71.723,26.598,49.436,37.588,-0.110,-5.283,-7.014,-7.878,0.641,-6.404,0.175,-6.601,8.952,0.974,13,-0.979,1,0.000,0.000,0.000,292.153,18,3,34,0,34,10,56,2,0.000
"6'''-Feruloylspinosin",10,0,0,0,0,19,2,-2,784.723,6.555,901.428,281.333,393.261,226.834,0.000,1939.927,8.000,22.550,0.0221469,0.0707555,0.8344960,61.448,21.828,46.005,35.843,-0.747,-2.259,-7.014,-5.292,1.848,-4.346,0.549,-6.144,8.715,0.740,13,-0.998,1,0.000,0.000,0.000,281.723,18,3,34,0,34,10,56,2,0.003
"6'''-Feruloylspinosin",10,0,0,0,0,19,2,-2,784.723,5.979,934.761,321.635,360.527,252.598,0.000,1964.523,8.000,22.550,0.0181948,0.0682325,0.8115266,62.679,22.164,46.149,35.876,-0.442,-2.638,-7.014,-5.786,3.776,-4.231,1.190,-5.450,8.892,0.970,13,-1.036,1,0.000,0.000,0.000,283.142,18,3,34,0,34,10,56,2,0.006
"6'''-Feruloylspinosin",14,0,0,0,0,19,2,-2,784.723,3.730,1102.007,313.291,445.790,342.926,0.000,2139.906,8.000,22.550,0.0065011,0.0578771,0.7287474,70.560,25.989,48.866,37.473,-0.242,-4.772,-7.014,-7.557,0.587,-6.178,0.159,-6.703,8.832,0.826,13,-0.977,1,0.000,0.000,0.000,288.428,18,3,34,0,34,10,56,2,0.000
"6'''-Feruloylspinosin",14,0,0,0,0,19,2,-2,784.723,4.175,1147.589,342.652,455.690,349.247,0.000,2170.568,8.000,22.550,0.0080312,0.0555783,0.7064710,71.848,26.814,49.237,37.693,-0.205,-5.406,-7.014,-7.947,0.473,-6.669,0.126,-6.863,8.905,0.918,13,-0.987,1,0.000,0.000,0.000,291.804,18,3,34,0,34,10,56,2,0.000
"6'''-Feruloylspinosin",12,0,0,0,0,19,2,-2,784.723,10.367,1025.784,251.361,442.497,331.926,0.000,2063.268,8.000,22.550,0.0520867,0.0621778,0.7640930,67.388,24.662,48.559,37.193,-0.541,-3.758,-7.014,-6.932,0.631,-5.635,0.172,-6.681,9.019,0.964,13,-1.013,1,0.000,0.000,0.000,290.843,18,3,34,0,34,10,56,2,0.000
"6'''-Feruloylspinosin",11,0,0,0,0,19,2,-2,784.723,14.347,958.345,305.641,394.032,258.672,0.000,1992.929,8.000,22.550,0.1032798,0.0665533,0.7991670,63.873,22.794,47.854,36.202,-0.556,-2.917,-7.014,-6.015,1.817,-4.695,0.539,-6.046,9.135,1.140,13,-1.027,1,0.000,0.000,0.000,288.498,18,3,34,0,34,10,56,2,0.001
"6'''-Feruloylspinosin",11,0,0,0,0,19,2,-2,784.723,5.333,983.304,268.519,397.724,317.060,0.000,2018.673,8.000,22.550,0.0140872,0.0648640,0.7855757,65.461,23.593,47.232,36.685,-0.420,-3.221,-7.014,-6.514,1.676,-4.878,0.494,-5.908,8.716,1.027,13,-1.025,1,0.000,0.000,0.000,282.543,18,3,34,0,34,10,56,2,0.001
"6'''-Feruloylspinosin",10,0,0,0,0,19,2,-2,784.723,8.911,915.571,328.539,381.243,205.789,0.000,1960.804,8.000,22.550,0.0404947,0.0696625,0.8274891,62.083,21.813,46.360,35.653,-0.601,-2.418,-7.014,-5.305,2.402,-4.294,0.730,-5.997,8.744,0.799,13,-0.985,1,0.000,0.000,0.000,282.941,18,3,34,0,34,10,56,2,0.003
"6'''-Feruloylspinosin",14,0,0,0,0,19,2,-2,784.723,10.251,1116.161,370.170,390.670,355.321,0.000,2171.526,8.000,22.550,0.0483909,0.0571432,0.7265767,71.944,26.004,49.669,37.217,0.328,-4.967,-7.014,-7.651,1.955,-5.515,0.584,-5.644,8.726,0.959,13,-0.917,1,0.000,0.000,0.000,287.692,18,3,34,0,34,10,56,2,0.000
"6'''-Feruloylspinosin",13,0,0,0,0,19,2,-2,784.723,5.787,1072.003,334.625,407.472,329.906,0.000,2103.691,8.000,22.550,0.0159179,0.0594970,0.7406680,68.986,25.104,48.303,37.052,-0.156,-4.366,-7.014,-7.302,1.355,-5.534,0.393,-6.043,8.945,0.891,13,-1.011,1,0.000,0.000,0.000,286.217,18,3,34,0,34,10,56,2,0.000
"6'''-Feruloylspinosin",14,0,0,0,0,19,2,-2,784.723,3.749,1115.499,352.682,419.647,343.170,0.000,2154.012,8.000,22.550,0.0065260,0.0571771,0.7230937,71.127,26.036,48.899,37.330,0.001,-4.958,-7.014,-7.649,1.038,-5.932,0.295,-6.221,8.907,0.921,13,-0.966,1,0.000,0.000,0.000,292.072,18,3,34,0,34,10,56,2,0.000
"6'''-Feruloylspinosin",10,0,0,0,0,19,2,-2,784.723,8.910,905.985,327.510,376.211,202.263,0.000,1960.643,8.000,22.550,0.0404877,0.0703997,0.8361995,62.043,21.684,46.362,35.571,-0.539,-2.310,-7.014,-5.147,2.681,-4.169,0.822,-5.916,8.718,0.769,13,-0.954,1,0.000,0.000,0.000,281.680,18,3,34,0,34,10,56,2,0.005
"6'''-Feruloylspinosin",14,0,0,0,0,19,2,-2,784.723,9.448,1144.793,374.631,414.920,355.242,0.000,2172.613,8.000,22.550,0.0410862,0.0557140,0.7086409,71.987,26.542,49.564,37.450,0.104,-5.367,-7.014,-7.941,1.151,-6.090,0.330,-6.091,8.699,0.986,13,-0.976,1,0.000,0.000,0.000,290.253,18,3,34,0,34,10,56,2,0.000
"6'''-Feruloylspinosin",13,0,0,0,0,19,2,-2,784.723,10.759,1071.177,346.609,401.074,323.494,0.000,2103.711,8.000,22.550,0.0550261,0.0595429,0.7412440,68.926,25.005,48.780,36.963,-0.117,-4.355,-7.014,-7.262,1.558,-5.448,0.457,-5.948,8.849,0.866,13,-1.009,1,0.000,0.000,0.000,283.234,18,3,34,0,34,10,56,2,0.000
"6'''-Feruloylspinosin",15,0,0,0,0,19,2,-2,784.723,13.886,1121.714,350.899,426.812,344.003,0.000,2153.061,8.000,22.550,0.0895600,0.0568603,0.7188758,71.097,26.166,50.030,37.399,-0.068,-5.044,-7.014,-7.721,0.888,-6.088,0.249,-6.350,9.101,1.128,13,-0.983,1,0.000,0.000,0.000,292.103,18,3,34,0,34,10,56,2,0.000
"3-Deoxysappanchalcone",0,0,0,0,0,7,1,-2,270.284,3.553,545.645,105.001,149.930,290.713,0.000,910.087,2.000,4.250,0.0138721,0.0110152,0.8323581,28.549,10.119,14.612,9.601,2.354,-3.490,-3.694,-5.631,375.067,-1.301,171.401,-2.587,8.886,0.678,3,-0.066,3,86.802,0.000,0.000,77.482,4,0,12,0,12,0,20,0,0.227
"3-Deoxysappanchalcone",0,0,0,0,0,7,1,-2,270.284,3.553,545.645,105.001,149.930,290.713,0.000,910.087,2.000,4.250,0.0138724,0.0110152,0.8323581,28.549,10.119,14.612,9.601,2.354,-3.490,-3.694,-5.631,375.067,-1.301,171.401,-2.587,8.886,0.678,3,-0.066,3,86.802,0.000,0.000,77.482,4,0,12,0,12,0,20,0,0.227
"Rhamnocitrin",0,0,0,0,0,4,0,-2,300.267,4.942,531.080,92.747,183.975,254.357,0.000,897.275,2.000,4.500,0.0272234,0.0119830,0.8471403,29.616,10.029,15.559,10.458,1.914,-3.668,-4.429,-5.218,178.345,-1.387,76.745,-3.630,8.914,0.574,4,-0.001,3,78.444,0.000,0.000,106.873,6,0,16,0,16,0,22,0,0.015
"Rhamnocitrin",0,0,0,0,0,4,0,-2,300.267,4.942,531.080,92.747,183.975,254.357,0.000,897.275,2.000,4.500,0.0272243,0.0119830,0.8471403,29.616,10.029,15.559,10.458,1.914,-3.668,-4.429,-5.218,178.345,-1.387,76.745,-3.630,8.914,0.574,4,-0.001,3,78.444,0.000,0.000,106.873,6,0,16,0,16,0,22,0,0.015
"Kaempferol 3-O-Gentiobioside",10,0,0,0,0,16,2,-2,610.524,5.690,834.220,203.542,392.603,238.075,0.000,1594.980,9.000,21.500,0.0202953,0.0773177,0.7913852,49.677,19.557,42.450,36.846,-2.477,-2.278,-3.834,-6.043,1.874,-4.580,0.558,-6.380,9.069,0.696,10,-1.492,1,0.000,0.000,0.000,272.646,16,3,28,0,28,10,43,2,0.001
"Kaempferol 3-O-Gentiobioside",10,0,0,0,0,16,2,-2,610.524,5.689,834.220,203.542,392.603,238.075,0.000,1594.980,9.000,21.500,0.0202942,0.0773177,0.7913852,49.677,19.557,42.450,36.846,-2.477,-2.278,-3.834,-6.043,1.874,-4.580,0.558,-6.380,9.069,0.696,10,-1.492,1,0.000,0.000,0.000,272.646,16,3,28,0,28,10,43,2,0.001
"Quercetin 3-O-Beta-D-Glucose-7-O-Beta-D-",13,0,0,0,0,23,3,-2,788.666,11.576,958.568,300.067,555.500,103.001,0.000,1963.839,13.000,30.750,0.0682393,0.1156628,0.7911873,58.654,23.817,57.594,50.760,-5.360,-0.878,-3.396,-5.402,0.053,-6.739,0.012,-9.186,8.978,0.859,14,-2.268,1,0.000,0.000,0.000,361.730,22,3,34,0,34,15,55,2,0.000
"Quercetin 3-O-Beta-D-Glucose-7-O-Beta-D-",16,0,0,0,0,23,3,-2,788.666,8.679,1037.206,314.653,570.806,151.747,0.000,2017.311,13.000,30.750,0.0373396,0.1068936,0.7444152,61.260,25.327,57.963,51.385,-5.449,-1.491,-3.396,-6.391,0.038,-7.690,0.008,-9.297,8.981,0.878,14,-2.494,1,0.000,0.000,0.000,362.755,22,3,34,0,34,15,55,2,0.000
"Quercetin 3-O-Beta-D-Glucose-7-O-Beta-D-",13,0,0,0,0,23,3,-2,788.666,9.352,979.414,301.379,534.122,143.913,0.000,1967.791,13.000,30.750,0.0444439,0.1132011,0.7753864,59.203,24.167,57.325,50.943,-5.248,-1.027,-3.396,-5.853,0.085,-6.745,0.020,-8.648,8.961,0.832,14,-2.364,1,0.000,0.000,0.000,361.623,22,3,34,0,34,15,55,2,0.000
"Quercetin 3-O-Beta-D-Glucose-7-O-Beta-D-",13,0,0,0,0,23,3,-2,788.666,8.282,986.619,325.882,514.321,146.416,0.000,1990.373,13.000,30.750,0.0344642,0.1123744,0.7756012,60.131,24.232,57.432,50.842,-4.997,-1.081,-3.396,-5.861,0.131,-6.523,0.032,-8.274,9.020,0.945,14,-2.334,1,0.000,0.000,0.000,361.983,22,3,34,0,34,15,55,2,0.000
"Quercetin 3-O-Beta-D-Glucose-7-O-Beta-D-",13,0,0,0,0,23,3,-2,788.666,7.029,919.383,311.763,479.995,127.624,0.000,1918.802,13.000,30.750,0.0257488,0.1205926,0.8122485,57.087,22.885,56.225,50.319,-4.884,-0.628,-3.396,-5.179,0.278,-5.673,0.071,-7.708,9.138,1.157,14,-2.185,1,0.000,0.000,0.000,356.434,22,3,34,0,34,15,55,2,0.004
"Quercetin 3-O-Beta-D-Glucose-7-O-Beta-D-",13,0,0,0,0,23,3,-2,788.666,11.276,876.148,292.011,467.094,117.043,0.000,1883.729,13.000,30.750,0.0675021,0.1265433,0.8419116,55.582,22.217,56.328,50.055,-4.772,-0.404,-3.396,-4.648,0.369,-5.216,0.096,-7.508,8.758,0.679,14,-2.029,1,0.000,0.000,0.000,356.103,22,3,34,0,34,15,55,2,0.010
"Quercetin 3-O-Beta-D-Glucose-7-O-Beta-D-",13,0,0,0,0,23,3,-2,788.666,5.047,938.861,300.585,501.890,136.386,0.000,1927.748,13.000,30.750,0.0132145,0.1180906,0.7978671,57.529,23.307,56.253,50.575,-5.078,-0.747,-3.396,-5.453,0.172,-6.079,0.042,-8.081,9.081,0.941,14,-2.268,1,0.000,0.000,0.000,358.497,22,3,34,0,34,15,55,2,0.001
"Quercetin 3-O-Beta-D-Glucose-7-O-Beta-D-",17,0,0,0,0,23,3,-2,788.666,16.548,1051.606,306.471,590.803,154.332,0.000,2017.113,13.000,30.750,0.1357573,0.1054299,0.7341740,61.276,25.646,59.349,51.573,-5.651,-1.618,-3.396,-6.569,0.025,-8.130,0.005,-9.656,9.079,0.903,14,-2.558,1,0.000,0.000,0.000,366.513,22,3,34,0,34,15,55,2,0.000
"Quercetin 3-O-Beta-D-Glucose-7-O-Beta-D-",13,0,0,0,0,23,3,-2,788.666,9.952,950.225,302.740,540.119,107.366,0.000,1948.893,13.000,30.750,0.0508203,0.1166784,0.7940794,58.098,23.585,57.100,50.665,-5.301,-0.821,-3.396,-5.376,0.075,-6.533,0.017,-8.887,8.902,0.758,14,-2.268,1,0.000,0.000,0.000,363.396,22,3,34,0,34,15,55,2,0.000
"Quercetin 3-O-Beta-D-Glucose-7-O-Beta-D-",15,0,0,0,0,23,3,-2,788.666,13.525,997.910,302.868,557.214,137.829,0.000,2000.848,13.000,30.750,0.0914193,0.1111029,0.7695138,60.468,24.639,58.496,51.103,-5.292,-1.168,-3.396,-5.919,0.052,-7.096,0.011,-9.095,8.972,0.764,14,-2.359,1,0.000,0.000,0.000,365.680,22,3,34,0,34,15,55,2,0.000
"Quercetin 3-O-Beta-D-Glucose-7-O-Beta-D-",16,0,0,0,0,23,3,-2,788.666,6.302,1027.236,317.281,550.146,159.809,0.000,2007.911,13.000,30.750,0.0197769,0.1079310,0.7493032,60.960,25.083,57.557,51.275,-5.312,-1.406,-3.396,-6.351,0.060,-7.355,0.014,-8.887,9.044,0.951,14,-2.476,1,0.000,0.000,0.000,365.220,22,3,34,0,34,15,55,2,0.000
"Quercetin 3-O-Beta-D-Glucose-7-O-Beta-D-",13,0,0,0,0,23,3,-2,788.666,4.688,897.767,259.512,509.363,128.892,0.000,1895.075,13.000,30.750,0.0115974,0.1234961,0.8249336,56.150,22.807,55.907,50.476,-5.111,-0.509,-3.396,-4.979,0.146,-5.813,0.035,-8.245,9.107,1.086,14,-2.128,1,0.000,0.000,0.000,363.547,22,3,34,0,34,15,55,2,0.001
"Quercetin 3-O-Beta-D-Glucose-7-O-Beta-D-",16,0,0,0,0,23,3,-2,788.666,7.817,1037.232,332.897,542.217,162.118,0.000,2018.438,13.000,30.750,0.0302715,0.1068909,0.7446736,61.404,25.204,57.793,51.261,-5.232,-1.492,-3.396,-6.437,0.071,-7.341,0.016,-8.733,9.060,1.008,14,-2.490,1,0.000,0.000,0.000,361.627,22,3,34,0,34,15,55,2,0.000
"Quercetin 3-O-Beta-D-Glucose-7-O-Beta-D-",13,0,0,0,0,23,3,-2,788.666,11.424,912.232,289.248,481.678,141.306,0.000,1902.493,13.000,30.750,0.0685947,0.1215379,0.8139704,56.565,22.846,56.661,50.407,-4.944,-0.587,-3.396,-5.216,0.268,-5.670,0.068,-7.691,8.925,0.723,14,-2.191,1,0.000,0.000,0.000,355.367,22,3,34,0,34,15,55,2,0.004
"Quercetin 3-O-Beta-D-Glucose-7-O-Beta-D-",15,0,0,0,0,23,3,-2,788.666,11.953,1009.421,302.112,552.917,154.392,0.000,2002.228,13.000,30.750,0.0713532,0.1098359,0.7610882,60.681,24.848,58.247,51.214,-5.290,-1.259,-3.396,-6.134,0.057,-7.186,0.013,-8.958,9.136,0.944,14,-2.410,1,0.000,0.000,0.000,363.774,22,3,34,0,34,15,55,2,0.000
"Quercetin 3-O-Beta-D-Glucose-7-O-Beta-D-",13,0,0,0,0,23,3,-2,788.666,9.348,995.659,275.261,555.855,164.544,0.000,1972.866,13.000,30.750,0.0442889,0.1113541,0.7640457,59.603,24.650,57.535,51.270,-5.423,-1.150,-3.396,-6.135,0.053,-7.171,0.012,-8.976,9.071,0.997,14,-2.429,1,0.000,0.000,0.000,358.863,22,3,34,0,34,15,55,2,0.000
"Quercetin 3-O-Beta-D-Glucose-7-O-Beta-D-",16,0,0,0,0,23,3,-2,788.666,5.815,1075.917,304.129,540.447,231.341,0.000,2053.848,13.000,30.750,0.0164654,0.1030476,0.7262703,63.482,26.293,58.319,51.813,-5.078,-1.841,-3.396,-7.064,0.074,-7.654,0.017,-8.457,8.988,0.906,14,-2.554,1,0.000,0.000,0.000,359.129,22,3,34,0,34,15,55,2,0.000
"Quercetin 3-O-Beta-D-Glucose-7-O-Beta-D-",13,0,0,0,0,23,3,-2,788.666,3.574,857.483,278.804,470.121,108.558,0.000,1871.104,13.000,30.750,0.0068250,0.1292978,0.8563892,54.996,21.995,55.358,49.973,-4.763,-0.325,-3.396,-4.373,0.345,-5.096,0.090,-7.593,9.209,1.121,14,-1.946,1,0.000,0.000,0.000,355.183,22,3,34,0,34,15,55,2,0.010
"Quercetin 3-O-Beta-D-Glucose-7-O-Beta-D-",13,0,0,0,0,23,3,-2,788.666,10.839,939.938,266.078,547.725,126.135,0.000,1938.533,13.000,30.750,0.0606026,0.1179554,0.7999227,57.862,23.627,57.249,50.819,-5.342,-0.754,-3.396,-5.371,0.063,-6.529,0.014,-8.961,9.137,0.875,14,-2.242,1,0.000,0.000,0.000,365.860,22,3,34,0,34,15,55,2,0.000
"Quercetin 3-O-Beta-D-Glucose-7-O-Beta-D-",16,0,0,0,0,23,3,-2,788.666,6.967,1042.907,309.225,579.035,154.648,0.000,2019.937,13.000,30.750,0.0240290,0.1063093,0.7409882,61.392,25.481,57.849,51.474,-5.511,-1.541,-3.396,-6.461,0.032,-7.853,0.007,-9.438,9.003,0.929,14,-2.511,1,0.000,0.000,0.000,364.570,22,3,34,0,34,15,55,2,0.000
"Quercetin 3-O-Beta-D-Glucose-7-O-Beta-D-",14,0,0,0,0,23,3,-2,788.666,14.040,986.525,283.368,560.249,142.908,0.000,1982.514,13.000,30.750,0.0994282,0.1123850,0.7736318,59.783,24.489,58.406,51.131,-5.370,-1.080,-3.396,-5.876,0.048,-7.063,0.011,-9.133,9.011,0.852,14,-2.356,1,0.000,0.000,0.000,366.787,22,3,34,0,34,15,55,2,0.000
"Quercetin 3-O-Beta-D-Glucose-7-O-Beta-D-",13,0,0,0,0,23,3,-2,788.666,8.052,967.228,284.344,555.767,127.117,0.000,1961.642,13.000,30.750,0.0330535,0.1146273,0.7835190,58.797,24.055,57.154,50.946,-5.394,-0.938,-3.396,-5.641,0.053,-6.858,0.012,-9.106,9.110,0.979,14,-2.320,1,0.000,0.000,0.000,361.830,22,3,34,0,34,15,55,2,0.000
"Quercetin 3-O-Beta-D-Glucose-7-O-Beta-D-",13,0,0,0,0,23,3,-2,788.666,6.722,916.997,295.049,489.131,132.818,0.000,1907.108,13.000,30.750,0.0236951,0.1209062,0.8110491,56.669,22.902,56.091,50.411,-5.003,-0.614,-3.396,-5.223,0.228,-5.780,0.057,-7.858,9.124,0.933,14,-2.205,1,0.000,0.000,0.000,356.165,22,3,34,0,34,15,55,2,0.003
"Quercetin 3-O-Beta-D-Glucose-7-O-Beta-D-",13,0,0,0,0,23,3,-2,788.666,9.836,877.581,259.020,498.039,120.521,0.000,1890.758,13.000,30.750,0.0511634,0.1263368,0.8426270,55.897,22.510,56.382,50.293,-4.945,-0.410,-3.396,-4.653,0.187,-5.499,0.046,-8.066,9.186,1.039,14,-2.017,1,0.000,0.000,0.000,358.534,22,3,34,0,34,15,55,2,0.003
"Quercetin 3-O-Beta-D-Glucose-7-O-Beta-D-",13,0,0,0,0,23,3,-2,788.666,9.234,969.728,265.881,549.499,154.348,0.000,1969.366,13.000,30.750,0.0433003,0.1143318,0.7835492,59.366,24.266,57.511,51.095,-5.281,-0.956,-3.396,-5.770,0.061,-6.790,0.014,-8.895,8.821,0.652,14,-2.310,1,0.000,0.000,0.000,363.046,22,3,34,0,34,15,55,2,0.000
"Quercetin 3-O-Beta-D-Glucose-7-O-Beta-D-",13,0,0,0,0,23,3,-2,788.666,9.056,894.512,279.675,494.885,119.952,0.000,1891.038,13.000,30.750,0.0433686,0.1239454,0.8267591,55.903,22.596,56.177,50.309,-5.028,-0.492,-3.396,-4.907,0.201,-5.650,0.050,-8.009,9.064,0.824,14,-2.120,1,0.000,0.000,0.000,361.888,22,3,34,0,34,15,55,2,0.002
"Quercetin 3-O-Beta-D-Glucose-7-O-Beta-D-",16,0,0,0,0,23,3,-2,788.666,6.725,1036.774,297.360,589.764,149.649,0.000,2007.510,13.000,30.750,0.0225303,0.1069382,0.7423116,60.847,25.393,57.687,51.498,-5.645,-1.488,-3.396,-6.415,0.025,-7.958,0.005,-9.653,9.157,0.964,14,-2.520,1,0.000,0.000,0.000,369.104,22,3,34,0,34,15,55,2,0.000
"Quercetin 3-O-Beta-D-Glucose-7-O-Beta-D-",13,0,0,0,0,23,3,-2,788.666,6.879,911.959,314.014,478.020,119.925,0.000,1915.197,13.000,30.750,0.0247067,0.1215742,0.8178341,56.869,22.741,56.141,50.236,-4.859,-0.585,-3.396,-5.052,0.290,-5.587,0.074,-7.699,8.984,0.804,14,-2.153,1,0.000,0.000,0.000,354.462,22,3,34,0,34,15,55,2,0.004
"Quercetin 3-O-Beta-D-Glucose-7-O-Beta-D-",15,0,0,0,0,23,3,-2,788.666,4.701,1022.927,304.935,530.941,187.052,0.000,2012.826,13.000,30.750,0.0109772,0.1083857,0.7536870,61.417,25.118,57.577,51.319,-5.095,-1.370,-3.396,-6.410,0.091,-7.054,0.021,-8.438,8.913,0.947,14,-2.442,1,0.000,0.000,0.000,359.212,22,3,34,0,34,15,55,2,0.000
"Quercetin 3-O-Beta-D-Glucose-7-O-Beta-D-",13,0,0,0,0,23,3,-2,788.666,7.199,904.289,260.356,510.649,133.284,0.000,1898.887,13.000,30.750,0.0272923,0.1226054,0.8200818,56.344,22.915,56.179,50.530,-5.130,-0.543,-3.396,-5.079,0.142,-5.885,0.034,-8.253,9.127,0.967,14,-2.156,1,0.000,0.000,0.000,360.444,22,3,34,0,34,15,55,2,0.001
"Quercetin 3-O-Beta-D-Glucose-7-O-Beta-D-",16,0,0,0,0,23,3,-2,788.666,10.186,1024.801,304.260,565.429,155.112,0.000,2001.125,13.000,30.750,0.0518466,0.1081876,0.7493909,60.644,25.098,57.951,51.341,-5.456,-1.386,-3.396,-6.327,0.043,-7.535,0.009,-9.186,9.120,0.932,14,-2.484,1,0.000,0.000,0.000,365.627,22,3,34,0,34,15,55,2,0.000
"Quercetin 3-O-Beta-D-Glucose-7-O-Beta-D-",16,0,0,0,0,23,3,-2,788.666,10.004,1047.683,298.340,597.689,151.654,0.000,2021.172,13.000,30.750,0.0495160,0.1058247,0.7379111,61.413,25.651,58.273,51.592,-5.657,-1.583,-3.396,-6.496,0.021,-8.141,0.004,-9.792,9.146,0.928,14,-2.529,1,0.000,0.000,0.000,368.079,22,3,34,0,34,15,55,2,0.000
"Luteolin 7-Glucuronide",3,0,0,1,0,9,1,-2,462.366,4.688,702.126,65.846,413.645,222.636,0.000,1253.633,5.000,12.300,0.0175346,0.0391719,0.8008112,40.364,15.522,28.603,23.190,-0.365,-3.525,-4.611,-4.009,0.300,-4.279,0.098,-7.495,8.933,0.906,7,-0.801,1,0.000,0.000,0.000,226.103,12,2,22,0,22,5,33,2,0.000
"Quercetin-3-O-Beta-D-Glucose-7-O-Beta-D-",13,0,0,0,0,23,3,-2,788.666,11.576,958.568,300.067,555.500,103.001,0.000,1963.839,13.000,30.750,0.0682414,0.1156628,0.7911873,58.654,23.817,57.594,50.760,-5.360,-0.878,-3.396,-5.402,0.053,-6.739,0.012,-9.186,8.978,0.859,14,-2.268,1,0.000,0.000,0.000,361.730,22,3,34,0,34,15,55,2,0.000
"Quercetin-3-O-Beta-D-Glucose-7-O-Beta-D-",16,0,0,0,0,23,3,-2,788.666,8.672,1037.197,314.632,570.784,151.781,0.000,2017.311,13.000,30.750,0.0372762,0.1068945,0.7444215,61.260,25.327,57.962,51.385,-5.449,-1.491,-3.396,-6.391,0.038,-7.690,0.008,-9.296,8.981,0.878,14,-2.493,1,0.000,0.000,0.000,362.763,22,3,34,0,34,15,55,2,0.000
"Quercetin-3-O-Beta-D-Glucose-7-O-Beta-D-",13,0,0,0,0,23,3,-2,788.666,9.396,980.228,301.461,534.427,144.341,0.000,1972.660,13.000,30.750,0.0447511,0.1131071,0.7760200,59.402,24.205,57.408,50.950,-5.222,-1.033,-3.396,-5.845,0.085,-6.739,0.020,-8.652,8.961,0.829,14,-2.354,1,0.000,0.000,0.000,362.203,22,3,34,0,34,15,55,2,0.000
"Quercetin-3-O-Beta-D-Glucose-7-O-Beta-D-",13,0,0,0,0,23,3,-2,788.666,8.282,986.619,325.882,514.321,146.416,0.000,1990.373,13.000,30.750,0.0344578,0.1123744,0.7756012,60.131,24.232,57.432,50.842,-4.997,-1.081,-3.396,-5.861,0.131,-6.523,0.032,-8.274,9.020,0.944,14,-2.334,1,0.000,0.000,0.000,361.983,22,3,34,0,34,15,55,2,0.000
"Quercetin-3-O-Beta-D-Glucose-7-O-Beta-D-",13,0,0,0,0,23,3,-2,788.666,7.028,919.383,311.763,479.995,127.624,0.000,1918.802,13.000,30.750,0.0257424,0.1205926,0.8122485,57.087,22.885,56.225,50.319,-4.884,-0.628,-3.396,-5.179,0.278,-5.673,0.071,-7.708,9.138,1.157,14,-2.185,1,0.000,0.000,0.000,356.434,22,3,34,0,34,15,55,2,0.004
"Quercetin-3-O-Beta-D-Glucose-7-O-Beta-D-",13,0,0,0,0,23,3,-2,788.666,11.276,876.148,292.011,467.094,117.043,0.000,1883.729,13.000,30.750,0.0675030,0.1265433,0.8419116,55.582,22.217,56.328,50.055,-4.772,-0.404,-3.396,-4.648,0.369,-5.216,0.096,-7.508,8.758,0.679,14,-2.029,1,0.000,0.000,0.000,356.103,22,3,34,0,34,15,55,2,0.010
"Quercetin-3-O-Beta-D-Glucose-7-O-Beta-D-",13,0,0,0,0,23,3,-2,788.666,5.047,938.861,300.585,501.890,136.386,0.000,1927.748,13.000,30.750,0.0132131,0.1180906,0.7978671,57.529,23.307,56.253,50.575,-5.078,-0.747,-3.396,-5.453,0.172,-6.079,0.042,-8.081,9.081,0.941,14,-2.268,1,0.000,0.000,0.000,358.497,22,3,34,0,34,15,55,2,0.001
"Quercetin-3-O-Beta-D-Glucose-7-O-Beta-D-",17,0,0,0,0,23,3,-2,788.666,16.549,1051.606,306.471,590.803,154.332,0.000,2017.113,13.000,30.750,0.1357783,0.1054299,0.7341740,61.276,25.646,59.350,51.573,-5.651,-1.618,-3.396,-6.569,0.025,-8.130,0.005,-9.656,9.079,0.903,14,-2.558,1,0.000,0.000,0.000,366.513,22,3,34,0,34,15,55,2,0.000
"Quercetin-3-O-Beta-D-Glucose-7-O-Beta-D-",16,0,0,0,0,23,3,-2,788.666,5.815,1075.917,304.129,540.447,231.341,0.000,2053.848,13.000,30.750,0.0164653,0.1030476,0.7262703,63.482,26.293,58.319,51.813,-5.078,-1.841,-3.396,-7.064,0.074,-7.654,0.017,-8.457,8.988,0.906,14,-2.554,1,0.000,0.000,0.000,359.129,22,3,34,0,34,15,55,2,0.000
"Quercetin-3-O-Beta-D-Glucose-7-O-Beta-D-",13,0,0,0,0,23,3,-2,788.666,3.592,858.327,278.908,469.730,109.689,0.000,1871.077,13.000,30.750,0.0068971,0.1291707,0.8555396,55.006,22.004,55.358,49.981,-4.764,-0.328,-3.396,-4.393,0.348,-5.101,0.090,-7.582,9.208,1.121,14,-1.951,1,0.000,0.000,0.000,355.054,22,3,34,0,34,15,55,2,0.010
"Quercetin-3-O-Beta-D-Glucose-7-O-Beta-D-",13,0,0,0,0,23,3,-2,788.666,10.839,939.939,266.078,547.725,126.136,0.000,1938.534,13.000,30.750,0.0606042,0.1179553,0.7999222,57.862,23.627,57.249,50.819,-5.342,-0.754,-3.396,-5.371,0.063,-6.529,0.014,-8.961,9.137,0.875,14,-2.242,1,0.000,0.000,0.000,365.861,22,3,34,0,34,15,55,2,0.000
"Quercetin-3-O-Beta-D-Glucose-7-O-Beta-D-",16,0,0,0,0,23,3,-2,788.666,6.964,1063.124,309.226,579.041,174.856,0.000,2042.804,13.000,30.750,0.0237373,0.1042877,0.7323731,62.501,25.965,58.215,51.660,-5.428,-1.722,-3.396,-6.696,0.032,-8.020,0.007,-9.367,9.003,0.929,14,-2.533,1,0.000,0.000,0.000,364.564,22,3,34,0,34,15,55,2,0.000
"Quercetin-3-O-Beta-D-Glucose-7-O-Beta-D-",14,0,0,0,0,23,3,-2,788.666,14.055,986.339,283.427,560.012,142.900,0.000,1982.247,13.000,30.750,0.0996576,0.1124063,0.7737086,59.772,24.484,58.405,51.129,-5.369,-1.079,-3.396,-5.875,0.048,-7.060,0.011,-9.129,9.010,0.852,14,-2.356,1,0.000,0.000,0.000,366.839,22,3,34,0,34,15,55,2,0.000
"Quercetin-3-O-Beta-D-Glucose-7-O-Beta-D-",13,0,0,0,0,23,3,-2,788.666,8.052,967.228,284.344,555.767,127.117,0.000,1961.642,13.000,30.750,0.0330533,0.1146273,0.7835190,58.797,24.055,57.154,50.946,-5.394,-0.938,-3.396,-5.641,0.053,-6.858,0.012,-9.106,9.110,0.979,14,-2.320,1,0.000,0.000,0.000,361.830,22,3,34,0,34,15,55,2,0.000
"Quercetin-3-O-Beta-D-Glucose-7-O-Beta-D-",13,0,0,0,0,23,3,-2,788.666,6.723,917.012,295.054,489.133,132.825,0.000,1907.118,13.000,30.750,0.0237019,0.1209044,0.8110394,56.669,22.902,56.091,50.411,-5.003,-0.614,-3.396,-5.223,0.228,-5.780,0.057,-7.858,9.124,0.933,14,-2.206,1,0.000,0.000,0.000,356.164,22,3,34,0,34,15,55,2,0.003
"Quercetin-3-O-Beta-D-Glucose-7-O-Beta-D-",13,0,0,0,0,23,3,-2,788.666,9.835,877.581,259.020,498.039,120.521,0.000,1890.758,13.000,30.750,0.0511628,0.1263368,0.8426270,55.897,22.510,56.382,50.293,-4.945,-0.410,-3.396,-4.653,0.187,-5.499,0.046,-8.066,9.186,1.039,14,-2.017,1,0.000,0.000,0.000,358.534,22,3,34,0,34,15,55,2,0.003
"Quercetin-3-O-Beta-D-Glucose-7-O-Beta-D-",13,0,0,0,0,23,3,-2,788.666,9.952,950.225,302.740,540.119,107.366,0.000,1948.893,13.000,30.750,0.0508205,0.1166784,0.7940794,58.098,23.585,57.100,50.665,-5.301,-0.821,-3.396,-5.376,0.075,-6.533,0.017,-8.887,8.902,0.758,14,-2.268,1,0.000,0.000,0.000,363.396,22,3,34,0,34,15,55,2,0.000
"Quercetin-3-O-Beta-D-Glucose-7-O-Beta-D-",15,0,0,0,0,23,3,-2,788.666,13.526,997.910,302.868,557.214,137.829,0.000,2000.848,13.000,30.750,0.0914346,0.1111029,0.7695138,60.468,24.639,58.496,51.103,-5.292,-1.168,-3.396,-5.919,0.052,-7.096,0.011,-9.095,8.972,0.764,14,-2.359,1,0.000,0.000,0.000,365.680,22,3,34,0,34,15,55,2,0.000
"Quercetin-3-O-Beta-D-Glucose-7-O-Beta-D-",16,0,0,0,0,23,3,-2,788.666,6.302,1027.236,317.281,550.145,159.809,0.000,2007.911,13.000,30.750,0.0197768,0.1079311,0.7493032,60.960,25.083,57.557,51.275,-5.312,-1.406,-3.396,-6.351,0.060,-7.355,0.014,-8.887,9.044,0.951,14,-2.476,1,0.000,0.000,0.000,365.220,22,3,34,0,34,15,55,2,0.000
"Quercetin-3-O-Beta-D-Glucose-7-O-Beta-D-",13,0,0,0,0,23,3,-2,788.666,4.686,897.408,259.518,509.174,128.716,0.000,1894.623,13.000,30.750,0.0115922,0.1235455,0.8251325,56.130,22.799,55.899,50.472,-5.111,-0.507,-3.396,-4.975,0.147,-5.809,0.036,-8.242,9.107,1.086,14,-2.127,1,0.000,0.000,0.000,362.170,22,3,34,0,34,15,55,2,0.001
"Quercetin-3-O-Beta-D-Glucose-7-O-Beta-D-",16,0,0,0,0,23,3,-2,788.666,7.817,1037.232,332.897,542.217,162.118,0.000,2018.438,13.000,30.750,0.0302716,0.1068909,0.7446735,61.404,25.204,57.793,51.261,-5.232,-1.492,-3.396,-6.437,0.071,-7.341,0.016,-8.733,9.060,1.008,14,-2.490,1,0.000,0.000,0.000,361.628,22,3,34,0,34,15,55,2,0.000
"Quercetin-3-O-Beta-D-Glucose-7-O-Beta-D-",13,0,0,0,0,23,3,-2,788.666,11.424,912.232,289.248,481.678,141.306,0.000,1902.493,13.000,30.750,0.0685964,0.1215379,0.8139704,56.565,22.846,56.661,50.407,-4.944,-0.587,-3.396,-5.216,0.268,-5.670,0.068,-7.691,8.925,0.723,14,-2.191,1,0.000,0.000,0.000,355.367,22,3,34,0,34,15,55,2,0.004
"Quercetin-3-O-Beta-D-Glucose-7-O-Beta-D-",15,0,0,0,0,23,3,-2,788.666,11.953,1009.421,302.112,552.917,154.392,0.000,2002.228,13.000,30.750,0.0713518,0.1098359,0.7610882,60.681,24.848,58.247,51.214,-5.290,-1.259,-3.396,-6.134,0.057,-7.186,0.013,-8.958,9.136,0.944,14,-2.410,1,0.000,0.000,0.000,363.774,22,3,34,0,34,15,55,2,0.000
"Quercetin-3-O-Beta-D-Glucose-7-O-Beta-D-",13,0,0,0,0,23,3,-2,788.666,9.347,995.659,275.261,555.855,164.544,0.000,1972.866,13.000,30.750,0.0442883,0.1113541,0.7640457,59.603,24.650,57.535,51.270,-5.423,-1.150,-3.396,-6.135,0.053,-7.171,0.012,-8.976,9.071,0.997,14,-2.429,1,0.000,0.000,0.000,358.863,22,3,34,0,34,15,55,2,0.000
"Quercetin-3-O-Beta-D-Glucose-7-O-Beta-D-",13,0,0,0,0,23,3,-2,788.666,9.236,969.902,265.967,549.541,154.393,0.000,1969.557,13.000,30.750,0.0433099,0.1143113,0.7834593,59.374,24.270,57.514,51.096,-5.281,-0.957,-3.396,-5.772,0.061,-6.792,0.014,-8.895,8.822,0.652,14,-2.310,1,0.000,0.000,0.000,363.049,22,3,34,0,34,15,55,2,0.000
"Quercetin-3-O-Beta-D-Glucose-7-O-Beta-D-",13,0,0,0,0,23,3,-2,788.666,9.055,894.512,279.675,494.885,119.952,0.000,1891.038,13.000,30.750,0.0433560,0.1239454,0.8267591,55.903,22.596,56.177,50.309,-5.028,-0.492,-3.396,-4.907,0.201,-5.650,0.050,-8.009,9.063,0.824,14,-2.120,1,0.000,0.000,0.000,361.888,22,3,34,0,34,15,55,2,0.002
"Quercetin-3-O-Beta-D-Glucose-7-O-Beta-D-",16,0,0,0,0,23,3,-2,788.666,6.725,1036.774,297.360,589.764,149.649,0.000,2007.510,13.000,30.750,0.0225303,0.1069382,0.7423116,60.847,25.393,57.687,51.498,-5.645,-1.488,-3.396,-6.415,0.025,-7.958,0.005,-9.653,9.157,0.964,14,-2.520,1,0.000,0.000,0.000,369.104,22,3,34,0,34,15,55,2,0.000
"Quercetin-3-O-Beta-D-Glucose-7-O-Beta-D-",13,0,0,0,0,23,3,-2,788.666,7.398,855.274,276.379,459.416,119.479,0.000,1852.421,13.000,30.750,0.0295471,0.1296319,0.8528773,54.353,21.870,55.379,49.970,-4.783,-0.317,-3.396,-4.482,0.436,-5.033,0.115,-7.357,8.975,0.822,14,-1.986,1,0.000,0.000,0.000,353.098,22,3,34,0,34,15,55,2,0.017
"Quercetin-3-O-Beta-D-Glucose-7-O-Beta-D-",15,0,0,0,0,23,3,-2,788.666,4.700,1022.927,304.935,530.941,187.052,0.000,2012.826,13.000,30.750,0.0109738,0.1083857,0.7536870,61.417,25.118,57.577,51.319,-5.095,-1.370,-3.396,-6.410,0.091,-7.054,0.021,-8.438,8.913,0.947,14,-2.442,1,0.000,0.000,0.000,359.212,22,3,34,0,34,15,55,2,0.000
"Quercetin-3-O-Beta-D-Glucose-7-O-Beta-D-",13,0,0,0,0,23,3,-2,788.666,7.199,904.289,260.356,510.649,133.284,0.000,1898.887,13.000,30.750,0.0272934,0.1226054,0.8200818,56.344,22.915,56.179,50.530,-5.130,-0.543,-3.396,-5.079,0.142,-5.885,0.034,-8.253,9.127,0.967,14,-2.156,1,0.000,0.000,0.000,360.444,22,3,34,0,34,15,55,2,0.001
"Quercetin-3-O-Beta-D-Glucose-7-O-Beta-D-",16,0,0,0,0,23,3,-2,788.666,10.169,1026.967,304.696,566.858,155.413,0.000,2002.530,13.000,30.750,0.0516440,0.1079594,0.7481604,60.703,25.140,57.969,51.358,-5.467,-1.404,-3.396,-6.348,0.042,-7.574,0.009,-9.211,9.120,0.932,14,-2.490,1,0.000,0.000,0.000,365.689,22,3,34,0,34,15,55,2,0.000
"Quercetin-3-O-Beta-D-Glucose-7-O-Beta-D-",16,0,0,0,0,23,3,-2,788.666,10.004,1047.683,298.340,597.689,151.654,0.000,2021.172,13.000,30.750,0.0495152,0.1058247,0.7379111,61.413,25.651,58.273,51.592,-5.657,-1.583,-3.396,-6.496,0.021,-8.141,0.004,-9.792,9.146,0.928,14,-2.529,1,0.000,0.000,0.000,368.079,22,3,34,0,34,15,55,2,0.000
"4'-O-Methylbroussochalcone B",0,0,0,0,0,9,1,-2,338.402,5.289,692.027,308.362,138.549,245.117,0.000,1184.021,1.000,3.250,0.0236277,0.0046963,0.7821343,37.792,12.201,15.655,6.675,4.673,-6.139,-5.501,-6.226,480.885,-1.489,224.220,-2.345,8.887,0.660,6,0.823,3,100.000,0.000,0.000,76.161,4,0,12,0,12,0,25,1,0.001
"4'-O-Methylbroussochalcone B",0,0,0,0,0,9,1,-2,338.402,5.289,692.027,308.362,138.549,245.117,0.000,1184.021,1.000,3.250,0.0236260,0.0046963,0.7821342,37.792,12.201,15.655,6.675,4.673,-6.139,-5.501,-6.226,480.885,-1.489,224.220,-2.345,8.888,0.660,6,0.823,3,100.000,0.000,0.000,76.161,4,0,12,0,12,0,25,1,0.001
"2-[1-(Triethylsiloxy)-2-propenyl]toluene",13,0,0,0,0,23,3,-2,788.666,11.575,958.568,300.067,555.500,103.001,0.000,1963.839,13.000,30.750,0.0682264,0.1156628,0.7911873,58.654,23.817,57.594,50.760,-5.360,-0.878,-3.396,-5.402,0.053,-6.739,0.012,-9.186,8.978,0.859,14,-2.268,1,0.000,0.000,0.000,361.730,22,3,34,0,34,15,55,2,0.000
"2-[1-(Triethylsiloxy)-2-propenyl]toluene",15,0,0,0,0,23,3,-2,788.666,4.456,1006.852,285.696,564.064,157.092,0.000,2007.136,13.000,30.750,0.0098944,0.1101162,0.7642764,60.903,24.945,57.566,51.302,-5.319,-1.238,-3.396,-6.095,0.044,-7.261,0.010,-9.154,8.978,0.902,14,-2.383,1,0.000,0.000,0.000,360.514,22,3,34,0,34,15,55,2,0.000
"2-[1-(Triethylsiloxy)-2-propenyl]toluene",16,0,0,0,0,23,3,-2,788.666,8.677,1037.179,314.645,570.788,151.746,0.000,2017.291,13.000,30.750,0.0373238,0.1068964,0.7444299,61.259,25.326,57.962,51.385,-5.449,-1.491,-3.396,-6.391,0.038,-7.689,0.008,-9.296,8.981,0.878,14,-2.493,1,0.000,0.000,0.000,362.756,22,3,34,0,34,15,55,2,0.000
"2-[1-(Triethylsiloxy)-2-propenyl]toluene",13,0,0,0,0,23,3,-2,788.666,8.072,963.302,310.920,508.751,143.631,0.000,1970.278,13.000,30.750,0.0330738,0.1150944,0.7890191,59.300,23.850,57.162,50.730,-4.972,-0.911,-3.396,-5.631,0.148,-6.271,0.036,-8.182,9.086,0.855,14,-2.274,1,0.000,0.000,0.000,362.864,22,3,34,0,34,15,55,2,0.001
"2-[1-(Triethylsiloxy)-2-propenyl]toluene",13,0,0,0,0,23,3,-2,788.666,9.369,979.111,301.374,534.068,143.669,0.000,1971.105,13.000,30.750,0.0445350,0.1132361,0.7764971,59.333,24.179,57.380,50.940,-5.224,-1.025,-3.396,-5.834,0.085,-6.728,0.020,-8.648,8.961,0.831,14,-2.352,1,0.000,0.000,0.000,361.590,22,3,34,0,34,15,55,2,0.000
"2-[1-(Triethylsiloxy)-2-propenyl]toluene",17,0,0,0,0,23,3,-2,788.666,12.716,1063.710,302.393,598.874,162.444,0.000,2030.464,13.000,30.750,0.0796409,0.1042301,0.7290183,61.888,25.965,58.816,51.712,-5.663,-1.727,-3.396,-6.691,0.021,-8.335,0.004,-9.776,9.101,0.898,14,-2.571,1,0.000,0.000,0.000,367.020,22,3,34,0,34,15,55,2,0.000
"2-[1-(Triethylsiloxy)-2-propenyl]toluene",13,0,0,0,0,23,3,-2,788.666,8.282,986.619,325.882,514.321,146.416,0.000,1990.373,13.000,30.750,0.0344579,0.1123744,0.7756012,60.131,24.232,57.432,50.842,-4.997,-1.081,-3.396,-5.861,0.131,-6.523,0.032,-8.274,9.020,0.944,14,-2.334,1,0.000,0.000,0.000,361.983,22,3,34,0,34,15,55,2,0.000
"2-[1-(Triethylsiloxy)-2-propenyl]toluene",13,0,0,0,0,23,3,-2,788.666,8.796,937.570,307.622,475.895,154.054,0.000,1920.020,13.000,30.750,0.0402917,0.1182533,0.7968293,57.388,23.195,56.465,50.515,-4.920,-0.739,-3.396,-5.554,0.304,-5.820,0.078,-7.539,9.023,0.914,14,-2.283,1,0.000,0.000,0.000,358.065,22,3,34,0,34,15,55,2,0.004
"2-[1-(Triethylsiloxy)-2-propenyl]toluene",13,0,0,0,0,23,3,-2,788.666,7.029,919.383,311.763,479.995,127.624,0.000,1918.802,13.000,30.750,0.0257492,0.1205926,0.8122485,57.087,22.885,56.225,50.319,-4.884,-0.628,-3.396,-5.179,0.278,-5.673,0.071,-7.708,9.138,1.157,14,-2.185,1,0.000,0.000,0.000,356.434,22,3,34,0,34,15,55,2,0.004
"2-[1-(Triethylsiloxy)-2-propenyl]toluene",13,0,0,0,0,23,3,-2,788.666,9.182,921.964,265.356,519.852,136.756,0.000,1903.273,13.000,30.750,0.0442935,0.1202549,0.8055980,56.553,23.163,56.459,50.659,-5.265,-0.643,-3.396,-5.330,0.116,-6.163,0.028,-8.410,9.102,0.931,14,-2.245,1,0.000,0.000,0.000,366.045,22,3,34,0,34,15,55,2,0.001
"2-[1-(Triethylsiloxy)-2-propenyl]toluene",13,0,0,0,0,23,3,-2,788.666,11.277,876.148,292.011,467.094,117.043,0.000,1883.729,13.000,30.750,0.0675053,0.1265433,0.8419116,55.582,22.217,56.329,50.055,-4.772,-0.404,-3.396,-4.648,0.369,-5.216,0.096,-7.508,8.758,0.679,14,-2.029,1,0.000,0.000,0.000,356.103,22,3,34,0,34,15,55,2,0.010
"2-[1-(Triethylsiloxy)-2-propenyl]toluene",13,0,0,0,0,23,3,-2,788.666,9.740,972.138,297.930,510.151,164.057,0.000,1956.278,13.000,30.750,0.0484965,0.1140483,0.7781397,58.935,24.010,57.212,50.899,-5.096,-0.974,-3.396,-5.904,0.144,-6.440,0.035,-8.135,8.939,0.874,14,-2.360,1,0.000,0.000,0.000,364.150,22,3,34,0,34,15,55,2,0.001
"2-[1-(Triethylsiloxy)-2-propenyl]toluene",13,0,0,0,0,23,3,-2,788.666,5.047,938.861,300.585,501.890,136.386,0.000,1927.748,13.000,30.750,0.0132145,0.1180906,0.7978671,57.529,23.307,56.253,50.575,-5.078,-0.747,-3.396,-5.453,0.172,-6.079,0.042,-8.081,9.081,0.941,14,-2.268,1,0.000,0.000,0.000,358.497,22,3,34,0,34,15,55,2,0.001
"2-[1-(Triethylsiloxy)-2-propenyl]toluene",13,0,0,0,0,23,3,-2,788.666,11.510,914.637,270.923,507.024,136.691,0.000,1904.160,13.000,30.750,0.0695760,0.1212183,0.8123039,56.588,23.020,56.792,50.553,-5.128,-0.601,-3.396,-5.221,0.154,-5.946,0.037,-8.174,9.006,0.835,14,-2.200,1,0.000,0.000,0.000,358.881,22,3,34,0,34,15,55,2,0.001
"2-[1-(Triethylsiloxy)-2-propenyl]toluene",17,0,0,0,0,23,3,-2,788.666,16.548,1051.606,306.471,590.803,154.332,0.000,2017.113,13.000,30.750,0.1357553,0.1054299,0.7341740,61.276,25.646,59.349,51.573,-5.651,-1.618,-3.396,-6.569,0.025,-8.130,0.005,-9.656,9.079,0.903,14,-2.558,1,0.000,0.000,0.000,366.513,22,3,34,0,34,15,55,2,0.000
"2-[1-(Triethylsiloxy)-2-propenyl]toluene",16,0,0,0,0,23,3,-2,788.666,2.792,1049.212,317.657,566.856,164.698,0.000,2026.399,13.000,30.750,0.0038459,0.1056705,0.7381059,61.747,25.569,57.635,51.475,-5.401,-1.597,-3.396,-6.555,0.042,-7.759,0.009,-9.178,9.073,0.901,14,-2.520,1,0.000,0.000,0.000,363.233,22,3,34,0,34,15,55,2,0.000
"2-[1-(Triethylsiloxy)-2-propenyl]toluene",13,0,0,0,0,23,3,-2,788.666,9.952,950.225,302.740,540.119,107.366,0.000,1948.893,13.000,30.750,0.0508203,0.1166784,0.7940794,58.098,23.585,57.100,50.665,-5.301,-0.821,-3.396,-5.376,0.075,-6.533,0.017,-8.887,8.902,0.758,14,-2.268,1,0.000,0.000,0.000,363.396,22,3,34,0,34,15,55,2,0.000
"2-[1-(Triethylsiloxy)-2-propenyl]toluene",16,0,0,0,0,23,3,-2,788.666,3.811,1048.094,317.533,569.863,160.697,0.000,2024.628,13.000,30.750,0.0071753,0.1057832,0.7384626,61.638,25.541,57.653,51.465,-5.433,-1.587,-3.396,-6.530,0.039,-7.790,0.009,-9.248,8.912,0.807,14,-2.520,1,0.000,0.000,0.000,365.738,22,3,34,0,34,15,55,2,0.000
"2-[1-(Triethylsiloxy)-2-propenyl]toluene",15,0,0,0,0,23,3,-2,788.666,13.525,997.910,302.868,557.214,137.829,0.000,2000.848,13.000,30.750,0.0914190,0.1111029,0.7695138,60.468,24.639,58.496,51.103,-5.292,-1.168,-3.396,-5.919,0.052,-7.096,0.011,-9.095,8.972,0.764,14,-2.359,1,0.000,0.000,0.000,365.680,22,3,34,0,34,15,55,2,0.000
"2-[1-(Triethylsiloxy)-2-propenyl]toluene",16,0,0,0,0,23,3,-2,788.666,3.461,1042.552,337.340,525.622,179.590,0.000,2023.380,13.000,30.750,0.0059197,0.1063455,0.7420826,61.768,25.294,57.517,51.280,-5.088,-1.538,-3.396,-6.562,0.103,-7.186,0.024,-8.366,8.883,0.874,14,-2.500,1,0.000,0.000,0.000,361.787,22,3,34,0,34,15,55,2,0.000
"2-[1-(Triethylsiloxy)-2-propenyl]toluene",16,0,0,0,0,23,3,-2,788.666,6.301,1027.236,317.281,550.145,159.809,0.000,2007.911,13.000,30.750,0.0197761,0.1079311,0.7493032,60.960,25.083,57.557,51.275,-5.312,-1.406,-3.396,-6.351,0.060,-7.355,0.014,-8.887,9.044,0.951,14,-2.476,1,0.000,0.000,0.000,365.220,22,3,34,0,34,15,55,2,0.000
"2-[1-(Triethylsiloxy)-2-propenyl]toluene",16,0,0,0,0,23,3,-2,788.666,5.347,1032.083,302.424,555.229,174.430,0.000,2010.723,13.000,30.750,0.0142213,0.1074242,0.7464808,61.213,25.288,57.600,51.421,-5.334,-1.447,-3.396,-6.466,0.054,-7.466,0.012,-8.930,9.031,0.981,14,-2.490,1,0.000,0.000,0.000,366.802,22,3,34,0,34,15,55,2,0.000
"2-[1-(Triethylsiloxy)-2-propenyl]toluene",13,0,0,0,0,23,3,-2,788.666,4.687,896.047,259.020,509.354,127.674,0.000,1894.159,13.000,30.750,0.0115981,0.1237331,0.8262504,56.101,22.781,55.894,50.463,-5.108,-0.500,-3.396,-4.952,0.146,-5.797,0.035,-8.249,9.106,1.087,14,-2.120,1,0.000,0.000,0.000,363.693,22,3,34,0,34,15,55,2,0.001
"2-[1-(Triethylsiloxy)-2-propenyl]toluene",13,0,0,0,0,23,3,-2,788.666,5.967,942.544,306.949,480.582,155.013,0.000,1929.471,13.000,30.750,0.0184516,0.1176293,0.7952234,57.776,23.329,56.321,50.565,-4.918,-0.771,-3.396,-5.585,0.274,-5.889,0.070,-7.622,9.036,0.958,14,-2.283,1,0.000,0.000,0.000,359.689,22,3,34,0,34,15,55,2,0.003
"2-[1-(Triethylsiloxy)-2-propenyl]toluene",16,0,0,0,0,23,3,-2,788.666,7.817,1037.232,332.897,542.217,162.118,0.000,2018.438,13.000,30.750,0.0302718,0.1068909,0.7446735,61.404,25.204,57.793,51.261,-5.232,-1.492,-3.396,-6.437,0.071,-7.341,0.016,-8.733,9.060,1.008,14,-2.490,1,0.000,0.000,0.000,361.627,22,3,34,0,34,15,55,2,0.000
"2-[1-(Triethylsiloxy)-2-propenyl]toluene",16,0,0,0,0,23,3,-2,788.666,3.167,1057.444,328.480,550.617,178.347,0.000,2030.100,13.000,30.750,0.0049396,0.1048478,0.7332506,62.026,25.662,57.656,51.477,-5.285,-1.670,-3.396,-6.699,0.059,-7.650,0.013,-8.831,8.936,0.947,14,-2.545,1,0.000,0.000,0.000,363.788,22,3,34,0,34,15,55,2,0.000
"2-[1-(Triethylsiloxy)-2-propenyl]toluene",13,0,0,0,0,23,3,-2,788.666,11.426,912.232,289.248,481.678,141.306,0.000,1902.493,13.000,30.750,0.0686164,0.1215379,0.8139704,56.565,22.846,56.661,50.407,-4.944,-0.587,-3.396,-5.216,0.268,-5.670,0.068,-7.691,8.925,0.723,14,-2.191,1,0.000,0.000,0.000,355.367,22,3,34,0,34,15,55,2,0.004
"2-[1-(Triethylsiloxy)-2-propenyl]toluene",14,0,0,0,0,23,3,-2,788.666,17.155,935.874,311.054,504.593,120.228,0.000,1934.423,13.000,30.750,0.1521437,0.1184675,0.8022602,57.641,23.225,58.214,50.476,-5.055,-0.728,-3.396,-5.305,0.162,-6.049,0.040,-8.187,9.075,0.884,14,-2.232,1,0.000,0.000,0.000,361.040,22,3,34,0,34,15,55,2,0.001
"2-[1-(Triethylsiloxy)-2-propenyl]toluene",15,0,0,0,0,23,3,-2,788.666,11.953,1009.421,302.112,552.917,154.392,0.000,2002.228,13.000,30.750,0.0713537,0.1098359,0.7610882,60.681,24.848,58.247,51.214,-5.290,-1.259,-3.396,-6.134,0.057,-7.186,0.013,-8.958,9.136,0.944,14,-2.410,1,0.000,0.000,0.000,363.774,22,3,34,0,34,15,55,2,0.000
"2-[1-(Triethylsiloxy)-2-propenyl]toluene",13,0,0,0,0,23,3,-2,788.666,8.572,892.184,240.229,533.141,118.814,0.000,1891.072,13.000,30.750,0.0388533,0.1242689,0.8289266,55.893,22.842,56.312,50.555,-5.280,-0.480,-3.396,-4.867,0.087,-5.996,0.020,-8.719,9.079,0.834,14,-2.106,1,0.000,0.000,0.000,362.450,22,3,34,0,34,15,55,2,0.000
"2-[1-(Triethylsiloxy)-2-propenyl]toluene",13,0,0,0,0,23,3,-2,788.666,9.348,995.659,275.261,555.855,164.544,0.000,1972.866,13.000,30.750,0.0442980,0.1113541,0.7640457,59.603,24.650,57.535,51.270,-5.423,-1.150,-3.396,-6.135,0.053,-7.171,0.012,-8.976,9.071,0.997,14,-2.429,1,0.000,0.000,0.000,358.863,22,3,34,0,34,15,55,2,0.000
"2-[1-(Triethylsiloxy)-2-propenyl]toluene",13,0,0,0,0,23,3,-2,788.666,5.547,913.681,284.668,484.018,144.996,0.000,1908.358,13.000,30.750,0.0161226,0.1213450,0.8143481,56.835,22.933,56.059,50.451,-4.926,-0.595,-3.396,-5.228,0.255,-5.689,0.065,-7.721,8.906,0.978,14,-2.183,1,0.000,0.000,0.000,356.881,22,3,34,0,34,15,55,2,0.004
"Reynoutrin",2,0,0,0,0,9,1,-2,434.356,6.266,637.745,91.906,343.123,202.716,0.000,1163.321,6.000,12.050,0.0337489,0.0462824,0.8387856,36.559,14.238,28.554,23.638,-0.867,-2.745,-4.134,-5.107,5.522,-3.230,1.794,-6.265,8.983,0.847,7,-0.712,1,9.231,0.000,0.000,198.352,11,2,22,0,22,5,31,2,0.000
"Reynoutrin",2,0,0,0,0,9,1,-2,434.356,6.266,637.745,91.906,343.123,202.716,0.000,1163.321,6.000,12.050,0.0337502,0.0462824,0.8387856,36.559,14.238,28.554,23.638,-0.867,-2.745,-4.134,-5.107,5.522,-3.230,1.794,-6.265,8.983,0.847,7,-0.712,1,9.231,0.000,0.000,198.352,11,2,22,0,22,5,31,2,0.000
"Apigenin 7-O-(2G-Rhamnosyl)Gentiobioside",12,0,0,0,0,19,3,-2,740.668,5.779,945.989,314.173,398.157,233.659,0.000,1905.377,10.000,27.550,0.0175248,0.0920949,0.7857174,60.131,22.518,50.827,43.885,-3.087,-1.815,-3.916,-6.114,1.660,-4.881,0.489,-6.210,9.142,0.960,11,-1.880,1,0.000,0.000,0.000,294.465,19,3,34,0,34,15,52,2,0.007
"Apigenin 7-O-(2G-Rhamnosyl)Gentiobioside",14,0,0,0,0,19,3,-2,740.668,11.595,1009.840,292.239,485.053,232.548,0.000,1955.209,10.000,27.550,0.0687679,0.0862718,0.7488148,62.114,24.004,52.444,44.622,-3.623,-2.443,-3.916,-6.705,0.249,-6.349,0.063,-7.816,9.029,0.735,11,-1.988,1,0.000,0.000,0.000,305.856,19,3,34,0,34,15,52,2,0.000
"Apigenin 7-O-(2G-Rhamnosyl)Gentiobioside",14,0,0,0,0,19,3,-2,740.668,8.291,1018.328,310.986,459.722,247.620,0.000,1971.992,10.000,27.550,0.0348600,0.0855527,0.7468169,62.930,24.107,52.158,44.572,-3.352,-2.532,-3.916,-6.810,0.433,-6.077,0.114,-7.296,9.031,0.735,11,-1.971,1,0.000,0.000,0.000,306.051,19,3,34,0,34,15,52,2,0.000
"Apigenin 7-O-(2G-Rhamnosyl)Gentiobioside",13,0,0,0,0,19,3,-2,740.668,9.513,1011.297,318.439,461.805,231.053,0.000,1970.924,10.000,27.550,0.0459136,0.0861475,0.7517374,62.729,23.925,52.255,44.457,-3.367,-2.458,-3.916,-6.651,0.414,-6.030,0.109,-7.392,8.967,0.671,11,-1.948,1,0.000,0.000,0.000,304.278,19,3,34,0,34,15,52,2,0.000
"Apigenin 7-O-(2G-Rhamnosyl)Gentiobioside",14,0,0,0,0,19,3,-2,740.668,12.058,1022.722,327.383,453.915,241.424,0.000,1962.892,10.000,27.550,0.0740727,0.0851852,0.7413192,62.507,24.024,52.467,44.501,-3.395,-2.579,-3.916,-6.869,0.491,-6.088,0.131,-7.210,9.070,0.777,11,-2.013,1,0.000,0.000,0.000,305.290,19,3,34,0,34,15,52,2,0.000
"Apigenin 7-O-(2G-Rhamnosyl)Gentiobioside",14,0,0,0,0,19,3,-2,740.668,9.310,1017.345,291.962,493.071,232.312,0.000,1957.346,10.000,27.550,0.0442860,0.0856354,0.7438328,62.198,24.149,52.145,44.693,-3.693,-2.522,-3.916,-6.785,0.209,-6.523,0.052,-7.964,9.003,0.705,11,-2.009,1,0.000,0.000,0.000,307.340,19,3,34,0,34,15,52,2,0.000
"Apigenin 7-O-(2G-Rhamnosyl)Gentiobioside",13,0,0,0,0,19,3,-2,740.668,13.934,944.438,295.327,470.777,178.334,0.000,1905.024,10.000,27.550,0.1019125,0.0922461,0.7869100,59.588,22.624,52.072,43.998,-3.650,-1.801,-3.916,-5.830,0.340,-5.650,0.088,-7.744,9.031,0.853,11,-1.875,1,0.000,0.000,0.000,305.556,19,3,34,0,34,15,52,2,0.000
"Apigenin 7-O-(2G-Rhamnosyl)Gentiobioside",12,0,0,0,0,19,3,-2,740.668,3.871,944.000,258.544,436.627,248.830,0.000,1896.795,10.000,27.550,0.0079011,0.0922889,0.7850064,59.932,22.831,50.833,44.245,-3.383,-1.797,-3.916,-6.197,0.717,-5.305,0.197,-6.866,9.095,0.788,11,-1.897,1,0.000,0.000,0.000,298.286,19,3,34,0,34,15,52,2,0.002
"Apigenin 7-O-(2G-Rhamnosyl)Gentiobioside",14,0,0,0,0,19,3,-2,740.668,8.682,1032.670,315.691,476.506,240.474,0.000,1996.945,10.000,27.550,0.0377475,0.0843646,0.7426444,63.860,24.455,52.578,44.673,-3.367,-2.685,-3.916,-6.843,0.300,-6.342,0.077,-7.630,9.078,0.792,11,-1.950,1,0.000,0.000,0.000,307.044,19,3,34,0,34,15,52,2,0.000
"Apigenin 7-O-(2G-Rhamnosyl)Gentiobioside",15,0,0,0,0,19,3,-2,740.668,8.601,1041.723,327.522,473.835,240.366,0.000,2002.231,10.000,27.550,0.0369492,0.0836314,0.7374891,64.071,24.562,52.593,44.675,-3.346,-2.783,-3.916,-6.926,0.318,-6.390,0.082,-7.581,8.944,0.634,11,-1.966,1,0.000,0.000,0.000,305.543,19,3,34,0,34,15,52,2,0.000
"Apigenin 7-O-(2G-Rhamnosyl)Gentiobioside",15,0,0,0,0,19,3,-2,740.668,3.313,1052.520,353.464,454.067,244.989,0.000,2022.021,10.000,27.550,0.0054268,0.0827735,0.7347251,64.907,24.674,52.352,44.598,-3.113,-2.902,-3.916,-6.993,0.490,-6.189,0.131,-7.201,9.032,0.725,11,-1.946,1,0.000,0.000,0.000,301.085,19,3,34,0,34,15,52,2,0.000
"Apigenin 7-O-(2G-Rhamnosyl)Gentiobioside",12,0,0,0,0,19,3,-2,740.668,7.461,863.390,279.622,403.688,180.080,0.000,1820.728,10.000,27.550,0.0305706,0.1009054,0.8351952,56.231,21.074,49.809,43.359,-3.349,-1.131,-3.916,-5.058,1.471,-4.440,0.430,-6.501,9.077,0.826,11,-1.744,1,0.000,0.000,0.000,288.163,19,3,34,0,34,15,52,2,0.017
"Apigenin 7-O-(2G-Rhamnosyl)Gentiobioside",12,0,0,0,0,19,3,-2,740.668,8.625,955.550,313.647,446.067,195.835,0.000,1920.197,10.000,27.550,0.0387387,0.0911735,0.7818842,60.363,22.755,51.360,43.976,-3.407,-1.904,-3.916,-5.995,0.583,-5.446,0.158,-7.226,8.929,0.754,11,-1.877,1,0.000,0.000,0.000,302.957,19,3,34,0,34,15,52,2,0.001
"Apigenin 7-O-(2G-Rhamnosyl)Gentiobioside",12,0,0,0,0,19,3,-2,740.668,4.956,995.178,312.939,443.071,239.168,0.000,1956.683,10.000,27.550,0.0125522,0.0875429,0.7602295,62.237,23.611,51.595,44.346,-3.258,-2.292,-3.916,-6.552,0.623,-5.693,0.170,-7.019,8.955,0.657,11,-1.929,1,0.000,0.000,0.000,302.388,19,3,34,0,34,15,52,2,0.000
"Apigenin 7-O-(2G-Rhamnosyl)Gentiobioside",14,0,0,0,0,19,3,-2,740.668,2.851,1039.658,336.846,457.310,245.502,0.000,1996.800,10.000,27.550,0.0040694,0.0837975,0.7376168,63.903,24.432,52.008,44.593,-3.254,-2.761,-3.916,-6.948,0.456,-6.185,0.121,-7.259,9.043,0.743,11,-1.975,1,0.000,0.000,0.000,303.511,19,3,34,0,34,15,52,2,0.000
"Apigenin 7-O-(2G-Rhamnosyl)Gentiobioside",12,0,0,0,0,19,3,-2,740.668,7.968,860.779,257.080,422.917,180.782,0.000,1824.487,10.000,27.550,0.0347966,0.1012115,0.8388814,56.389,21.222,50.039,43.488,-3.443,-1.112,-3.916,-5.001,0.967,-4.588,0.273,-6.853,9.072,0.827,11,-1.719,1,0.000,0.000,0.000,294.727,19,3,34,0,34,15,52,2,0.008
"Apigenin 7-O-(2G-Rhamnosyl)Gentiobioside",14,0,0,0,0,19,3,-2,740.668,10.894,1020.472,301.870,482.844,235.758,0.000,1984.994,10.000,27.550,0.0597894,0.0853730,0.7485196,63.337,24.275,52.755,44.654,-3.449,-2.555,-3.916,-6.726,0.261,-6.327,0.066,-7.764,9.028,0.719,11,-1.941,1,0.000,0.000,0.000,308.207,19,3,34,0,34,15,52,2,0.000
"Apigenin 7-O-(2G-Rhamnosyl)Gentiobioside",15,0,0,0,0,19,3,-2,740.668,7.393,1054.593,328.088,481.940,244.566,0.000,2009.239,10.000,27.550,0.0272046,0.0826108,0.7301877,64.391,24.830,52.570,44.790,-3.397,-2.925,-3.916,-7.064,0.266,-6.608,0.068,-7.716,9.018,0.729,11,-1.990,1,0.000,0.000,0.000,309.655,19,3,34,0,34,15,52,2,0.000
"Apigenin 7-O-(2G-Rhamnosyl)Gentiobioside",14,0,0,0,0,19,3,-2,740.668,10.955,1028.413,319.200,470.715,238.498,0.000,1986.944,10.000,27.550,0.0603979,0.0847138,0.7432268,63.441,24.304,52.709,44.609,-3.379,-2.639,-3.916,-6.824,0.340,-6.263,0.088,-7.530,9.001,0.686,11,-1.964,1,0.000,0.000,0.000,308.358,19,3,34,0,34,15,52,2,0.000
"Apigenin 7-O-(2G-Rhamnosyl)Gentiobioside",14,0,0,0,0,19,3,-2,740.668,7.853,1047.938,328.659,466.402,252.878,0.000,1999.630,10.000,27.550,0.0308441,0.0831354,0.7324799,64.086,24.656,52.462,44.725,-3.319,-2.851,-3.916,-7.067,0.374,-6.377,0.098,-7.400,9.006,0.707,11,-1.995,1,0.000,0.000,0.000,306.486,19,3,34,0,34,15,52,2,0.000
"Apigenin 7-O-(2G-Rhamnosyl)Gentiobioside",15,0,0,0,0,19,3,-2,740.668,8.161,1048.485,312.680,452.031,283.775,0.000,2008.356,10.000,27.550,0.0331644,0.0830920,0.7342261,64.731,24.821,52.714,44.839,-3.128,-2.857,-3.916,-7.186,0.512,-6.172,0.137,-7.027,8.842,0.727,11,-1.972,1,0.000,0.000,0.000,300.723,19,3,34,0,34,15,52,2,0.000
"Apigenin 7-O-(2G-Rhamnosyl)Gentiobioside",14,0,0,0,0,19,3,-2,740.668,10.678,1043.602,330.572,484.020,229.009,0.000,1999.297,10.000,27.550,0.0570298,0.0834808,0.7354420,63.845,24.561,52.806,44.672,-3.456,-2.804,-3.916,-6.905,0.255,-6.548,0.065,-7.809,9.054,0.754,11,-1.981,1,0.000,0.000,0.000,310.960,19,3,34,0,34,15,52,2,0.000
"Apigenin 7-O-(2G-Rhamnosyl)Gentiobioside",14,0,0,0,0,19,3,-2,740.668,10.758,1041.154,318.726,476.479,245.949,0.000,1983.963,10.000,27.550,0.0583328,0.0836771,0.7333969,63.393,24.524,52.635,44.730,-3.475,-2.777,-3.916,-7.019,0.300,-6.488,0.077,-7.610,8.901,0.601,11,-2.017,1,0.000,0.000,0.000,307.862,19,3,34,0,34,15,52,2,0.000
"Apigenin 7-O-(2G-Rhamnosyl)Gentiobioside",15,0,0,0,0,19,3,-2,740.668,2.638,1073.775,333.378,487.221,253.176,0.000,2013.288,10.000,27.550,0.0034573,0.0811350,0.7181071,64.636,25.172,52.284,44.931,-3.462,-3.141,-3.916,-7.301,0.237,-6.881,0.060,-7.783,9.102,0.811,11,-2.042,1,0.000,0.000,0.000,308.457,19,3,34,0,34,15,52,2,0.000
"Apigenin 7-O-(2G-Rhamnosyl)Gentiobioside",15,0,0,0,0,19,3,-2,740.668,12.245,1063.281,329.946,499.112,234.223,0.000,2011.200,10.000,27.550,0.0745493,0.0819358,0.7246928,64.371,24.988,53.242,44.857,-3.545,-3.022,-3.916,-7.104,0.183,-6.918,0.045,-8.069,8.928,0.635,11,-2.014,1,0.000,0.000,0.000,307.415,19,3,34,0,34,15,52,2,0.000
"Apigenin 7-O-(2G-Rhamnosyl)Gentiobioside",12,0,0,0,0,19,3,-2,740.668,9.111,919.426,298.983,432.142,188.301,0.000,1863.167,10.000,27.550,0.0445517,0.0947556,0.7964330,58.008,21.978,50.591,43.743,-3.532,-1.578,-3.916,-5.724,0.790,-5.124,0.219,-6.996,8.942,0.585,11,-1.887,1,0.000,0.000,0.000,303.264,19,3,34,0,34,15,52,2,0.002
"Apigenin 7-O-(2G-Rhamnosyl)Gentiobioside",14,0,0,0,0,19,3,-2,740.668,6.529,1052.009,344.791,456.447,250.770,0.000,1987.936,10.000,27.550,0.0214437,0.0828137,0.7267985,63.598,24.560,52.064,44.653,-3.343,-2.896,-3.916,-7.149,0.465,-6.342,0.124,-7.224,9.101,0.883,11,-2.043,1,0.000,0.000,0.000,307.196,19,3,34,0,34,15,52,2,0.000
"Apigenin 7-O-(2G-Rhamnosyl)Gentiobioside",13,0,0,0,0,19,3,-2,740.668,13.264,936.358,325.596,419.825,190.936,0.000,1897.617,10.000,27.550,0.0927161,0.0930421,0.7916420,59.412,22.243,51.676,43.718,-3.295,-1.727,-3.916,-5.814,1.034,-5.048,0.293,-6.760,9.079,0.817,11,-1.861,1,0.000,0.000,0.000,300.377,19,3,34,0,34,15,52,2,0.002
"Apigenin 7-O-(2G-Rhamnosyl)Gentiobioside",16,0,0,0,0,19,3,-2,740.668,6.174,1080.314,331.908,489.721,258.685,0.000,2019.930,10.000,27.550,0.0188704,0.0806439,0.7153289,64.954,25.339,52.610,45.001,-3.452,-3.216,-3.916,-7.372,0.225,-6.962,0.056,-7.810,8.956,0.658,11,-2.044,1,0.000,0.000,0.000,309.377,19,3,34,0,34,15,52,2,0.000
"Apigenin 7-O-(2G-Rhamnosyl)Gentiobioside",12,0,0,0,0,19,3,-2,740.668,5.465,903.986,292.023,441.020,170.943,0.000,1899.556,10.000,27.550,0.0157219,0.0963740,0.8205493,59.299,22.010,50.818,43.648,-3.305,-1.447,-3.916,-5.251,0.651,-4.948,0.178,-7.221,8.904,0.629,11,-1.711,1,0.000,0.000,0.000,301.136,19,3,34,0,34,15,52,2,0.002
"Apigenin 7-O-(2G-Rhamnosyl)Gentiobioside",14,0,0,0,0,19,3,-2,740.668,7.185,1038.654,322.446,473.707,242.502,0.000,1983.688,10.000,27.550,0.0260260,0.0838785,0.7350942,63.349,24.450,52.169,44.682,-3.453,-2.750,-3.916,-6.975,0.319,-6.426,0.082,-7.571,8.973,0.687,11,-2.009,1,0.000,0.000,0.000,310.164,19,3,34,0,34,15,52,2,0.000
"Apigenin 7-O-(2G-Rhamnosyl)Gentiobioside",14,0,0,0,0,19,3,-2,740.668,3.164,1021.193,343.884,443.168,234.141,0.000,1976.456,10.000,27.550,0.0050642,0.0853127,0.7458452,62.980,23.948,51.658,44.375,-3.235,-2.562,-3.916,-6.761,0.621,-5.893,0.169,-7.038,9.042,0.862,11,-1.968,1,0.000,0.000,0.000,306.556,19,3,34,0,34,15,52,2,0.000
"Reynoutrin",2,0,0,0,0,9,1,-2,434.356,4.285,643.672,83.745,363.765,196.162,0.000,1173.784,6.000,12.050,0.0156440,0.0458562,0.8360378,36.915,14.433,28.516,23.748,-0.969,-2.814,-4.134,-5.121,3.518,-3.449,1.102,-6.669,8.810,0.763,7,-0.700,1,5.135,0.000,0.000,196.224,11,2,22,0,22,5,31,2,0.000
"Reynoutrin",2,0,0,0,0,9,1,-2,434.356,4.285,643.672,83.745,363.765,196.162,0.000,1173.784,6.000,12.050,0.0156446,0.0458562,0.8360378,36.915,14.433,28.516,23.748,-0.969,-2.814,-4.134,-5.121,3.518,-3.449,1.102,-6.669,8.810,0.763,7,-0.700,1,5.135,0.000,0.000,196.224,11,2,22,0,22,5,31,2,0.000
"Apigenin-7-O-(2G-rhamnosyl)gentiobioside",15,0,0,0,0,19,3,-2,740.668,10.561,1031.891,317.171,486.910,227.810,0.000,2010.930,10.000,27.550,0.0554602,0.0844282,0.7466707,64.299,24.501,53.039,44.655,-3.359,-2.677,-3.916,-6.718,0.239,-6.404,0.060,-7.867,9.101,0.803,11,-1.906,1,0.000,0.000,0.000,310.187,19,3,34,0,34,15,52,2,0.000
"Apigenin-7-O-(2G-rhamnosyl)gentiobioside",13,0,0,0,0,19,3,-2,740.668,9.467,1014.450,309.142,492.240,213.068,0.000,1983.076,10.000,27.550,0.0451932,0.0858798,0.7524785,63.044,24.108,52.488,44.549,-3.531,-2.491,-3.916,-6.553,0.213,-6.377,0.053,-8.017,8.997,0.693,11,-1.924,1,0.000,0.000,0.000,309.704,19,3,34,0,34,15,52,2,0.000
"Apigenin-7-O-(2G-rhamnosyl)gentiobioside",15,0,0,0,0,19,3,-2,740.668,14.103,1029.095,321.557,476.874,230.665,0.000,1999.603,10.000,27.550,0.0994737,0.0846576,0.7458851,63.873,24.363,53.438,44.600,-3.350,-2.647,-3.916,-6.744,0.298,-6.296,0.076,-7.672,8.998,0.706,11,-1.929,1,0.000,0.000,0.000,308.069,19,3,34,0,34,15,52,2,0.000
"Apigenin-7-O-(2G-rhamnosyl)gentiobioside",13,0,0,0,0,19,3,-2,740.668,10.225,1019.638,322.793,476.397,220.448,0.000,1989.467,10.000,27.550,0.0525570,0.0854428,0.7502570,63.370,24.135,52.624,44.504,-3.390,-2.546,-3.916,-6.624,0.301,-6.224,0.077,-7.699,8.962,0.660,11,-1.925,1,0.000,0.000,0.000,306.379,19,3,34,0,34,15,52,2,0.000
"Apigenin-7-O-(2G-rhamnosyl)gentiobioside",14,0,0,0,0,19,3,-2,740.668,11.458,1044.174,302.713,453.614,287.846,0.000,1995.170,10.000,27.550,0.0658027,0.0834351,0.7340272,64.242,24.747,52.998,44.867,-3.205,-2.810,-3.916,-7.208,0.495,-6.194,0.132,-7.041,8.978,0.681,11,-1.995,1,0.000,0.000,0.000,305.525,19,3,34,0,34,15,52,2,0.000
"Apigenin-7-O-(2G-rhamnosyl)gentiobioside",14,0,0,0,0,19,3,-2,740.668,8.909,1030.956,310.603,502.262,218.091,0.000,1986.339,10.000,27.550,0.0399585,0.0845048,0.7412426,63.222,24.408,52.462,44.691,-3.634,-2.667,-3.916,-6.759,0.171,-6.676,0.042,-8.184,8.987,0.689,11,-1.974,1,0.000,0.000,0.000,310.671,19,3,34,0,34,15,52,2,0.000
"Apigenin-7-O-(2G-rhamnosyl)gentiobioside",16,0,0,0,0,19,3,-2,740.668,12.666,1047.539,305.476,514.026,228.036,0.000,2011.431,10.000,27.550,0.0797625,0.0831671,0.7356395,64.321,24.869,53.438,44.879,-3.599,-2.847,-3.916,-6.897,0.132,-6.914,0.032,-8.366,8.949,0.669,11,-1.960,1,0.000,0.000,0.000,310.846,19,3,34,0,34,15,52,2,0.000
"Apigenin-7-O-(2G-rhamnosyl)gentiobioside",15,0,0,0,0,19,3,-2,740.668,6.862,1071.889,323.567,496.388,251.934,0.000,2016.784,10.000,27.550,0.0233491,0.0812778,0.7202027,64.764,25.222,52.662,44.980,-3.498,-3.120,-3.916,-7.261,0.194,-6.962,0.048,-7.956,9.057,0.738,11,-2.026,1,0.000,0.000,0.000,309.378,19,3,34,0,34,15,52,2,0.000
"Apigenin-7-O-(2G-rhamnosyl)gentiobioside",16,0,0,0,0,19,3,-2,740.668,10.133,1073.909,319.242,500.079,254.589,0.000,2024.971,10.000,27.550,0.0507019,0.0811249,0.7207921,65.117,25.330,53.191,45.028,-3.474,-3.143,-3.916,-7.264,0.179,-6.999,0.044,-8.015,9.084,0.793,11,-2.009,1,0.000,0.000,0.000,309.615,19,3,34,0,34,15,52,2,0.000
"Apigenin-7-O-(2G-rhamnosyl)gentiobioside",13,0,0,0,0,19,3,-2,740.668,13.815,943.144,299.192,448.179,195.772,0.000,1893.837,10.000,27.550,0.1007799,0.0923727,0.7849022,59.307,22.515,51.856,43.960,-3.540,-1.789,-3.916,-5.946,0.557,-5.432,0.150,-7.266,8.913,0.565,11,-1.902,1,0.000,0.000,0.000,305.991,19,3,34,0,34,15,52,2,0.001
"Apigenin-7-O-(2G-rhamnosyl)gentiobioside",15,0,0,0,0,19,3,-2,740.668,8.528,1056.679,323.267,494.089,239.322,0.000,2016.081,10.000,27.550,0.0360713,0.0824477,0.7303999,64.615,24.935,52.826,44.842,-3.450,-2.948,-3.916,-7.036,0.204,-6.756,0.051,-7.958,8.938,0.628,11,-1.977,1,0.000,0.000,0.000,310.447,19,3,34,0,34,15,52,2,0.000
"Apigenin-7-O-(2G-rhamnosyl)gentiobioside",13,0,0,0,0,19,3,-2,740.668,7.826,1021.124,336.584,450.744,233.797,0.000,1999.140,10.000,27.550,0.0306346,0.0853185,0.7515917,63.884,24.113,52.412,44.424,-3.139,-2.562,-3.916,-6.666,0.527,-5.901,0.141,-7.179,8.973,0.667,11,-1.902,1,0.000,0.000,0.000,302.380,19,3,34,0,34,15,52,2,0.000
"Apigenin-7-O-(2G-rhamnosyl)gentiobioside",15,0,0,0,0,19,3,-2,740.668,10.706,1060.336,324.065,490.702,245.569,0.000,2000.307,10.000,27.550,0.0573047,0.0821634,0.7240794,64.044,24.922,52.858,44.870,-3.535,-2.989,-3.916,-7.168,0.220,-6.821,0.055,-7.874,8.914,0.617,11,-2.035,1,0.000,0.000,0.000,311.428,19,3,34,0,34,15,52,2,0.000
"Apigenin-7-O-(2G-rhamnosyl)gentiobioside",12,0,0,0,0,19,3,-2,740.668,5.943,908.036,239.231,466.696,202.109,0.000,1897.314,10.000,27.550,0.0186163,0.0959442,0.8162467,59.507,22.427,51.084,44.045,-3.480,-1.481,-3.916,-5.469,0.372,-5.252,0.097,-7.585,9.093,0.910,11,-1.736,1,0.000,0.000,0.000,304.314,19,3,34,0,34,15,52,2,0.001
"Apigenin-7-O-(2G-rhamnosyl)gentiobioside",15,0,0,0,0,19,3,-2,740.668,6.411,1063.698,321.811,495.724,246.162,0.000,2019.855,10.000,27.550,0.0203488,0.0819037,0.7264854,64.832,25.095,52.679,44.917,-3.453,-3.027,-3.916,-7.132,0.197,-6.844,0.049,-7.964,8.972,0.686,11,-1.990,1,0.000,0.000,0.000,310.616,19,3,34,0,34,15,52,2,0.000
"Apigenin-7-O-(2G-rhamnosyl)gentiobioside",13,0,0,0,0,19,3,-2,740.668,4.669,1007.166,309.731,463.725,233.709,0.000,1971.190,10.000,27.550,0.0110612,0.0865009,0.7548887,62.765,23.916,51.825,44.478,-3.359,-2.415,-3.916,-6.613,0.397,-6.007,0.104,-7.418,8.966,0.676,11,-1.932,1,0.000,0.000,0.000,304.184,19,3,34,0,34,15,52,2,0.000
"Apigenin-7-O-(2G-rhamnosyl)gentiobioside",12,0,0,0,0,19,3,-2,740.668,10.430,976.595,291.357,480.415,204.823,0.000,1933.558,10.000,27.550,0.0562571,0.0892087,0.7685797,60.983,23.328,51.927,44.322,-3.634,-2.107,-3.916,-6.253,0.276,-6.004,0.070,-7.828,9.054,0.775,11,-1.923,1,0.000,0.000,0.000,308.855,19,3,34,0,34,15,52,2,0.000
"Apigenin-7-O-(2G-rhamnosyl)gentiobioside",13,0,0,0,0,19,3,-2,740.668,4.388,991.722,204.282,470.547,316.893,0.000,1925.364,10.000,27.550,0.0100027,0.0878479,0.7547161,61.725,24.154,51.593,45.053,-3.548,-2.257,-3.916,-7.012,0.342,-6.089,0.089,-7.251,9.080,0.897,11,-2.006,1,0.000,0.000,0.000,306.145,19,3,34,0,34,15,52,2,0.000
"Apigenin-7-O-(2G-rhamnosyl)gentiobioside",12,0,0,0,0,19,3,-2,740.668,9.331,957.283,302.303,467.722,187.258,0.000,1911.514,10.000,27.550,0.0455476,0.0910084,0.7781141,59.933,22.815,51.370,44.069,-3.631,-1.921,-3.916,-6.015,0.363,-5.732,0.095,-7.656,8.989,0.765,11,-1.909,1,0.000,0.000,0.000,303.243,19,3,34,0,34,15,52,2,0.000
"Apigenin-7-O-(2G-rhamnosyl)gentiobioside",14,0,0,0,0,19,3,-2,740.668,8.472,1041.936,307.558,478.656,255.722,0.000,1987.309,10.000,27.550,0.0361191,0.0836143,0.7336700,63.620,24.633,52.440,44.813,-3.460,-2.786,-3.916,-7.061,0.286,-6.510,0.073,-7.616,8.990,0.701,11,-2.010,1,0.000,0.000,0.000,306.601,19,3,34,0,34,15,52,2,0.000
"Apigenin-7-O-(2G-rhamnosyl)gentiobioside",15,0,0,0,0,19,3,-2,740.668,5.149,1055.595,326.655,477.376,251.564,0.000,2007.885,10.000,27.550,0.0132027,0.0825324,0.7291671,64.404,24.852,52.363,44.809,-3.370,-2.936,-3.916,-7.114,0.294,-6.568,0.075,-7.607,8.984,0.690,11,-1.997,1,0.000,0.000,0.000,304.701,19,3,34,0,34,15,52,2,0.000
"Apigenin-7-O-(2G-rhamnosyl)gentiobioside",12,0,0,0,0,19,3,-2,740.668,6.002,946.139,301.827,420.847,223.465,0.000,1929.763,10.000,27.550,0.0186665,0.0920803,0.7922813,61.009,22.741,51.298,43.970,-3.097,-1.816,-3.916,-5.959,1.012,-5.051,0.286,-6.664,8.958,0.685,11,-1.810,1,0.000,0.000,0.000,297.508,19,3,34,0,34,15,52,2,0.002
"Apigenin-7-O-(2G-rhamnosyl)gentiobioside",14,0,0,0,0,19,3,-2,740.668,7.572,1027.498,290.693,515.096,221.710,0.000,1973.807,10.000,27.550,0.0290495,0.0847892,0.7406056,62.755,24.423,52.208,44.795,-3.788,-2.629,-3.916,-6.787,0.129,-6.843,0.031,-8.408,9.072,0.765,11,-1.998,1,0.000,0.000,0.000,307.383,19,3,34,0,34,15,52,2,0.000
"Apigenin-7-O-(2G-rhamnosyl)gentiobioside",14,0,0,0,0,19,3,-2,740.668,6.599,1052.301,306.579,492.058,253.664,0.000,1995.176,10.000,27.550,0.0218284,0.0827907,0.7283594,63.916,24.870,52.376,44.915,-3.540,-2.900,-3.916,-7.137,0.214,-6.765,0.053,-7.870,9.145,0.840,11,-2.023,1,0.000,0.000,0.000,306.635,19,3,34,0,34,15,52,2,0.000
"Apigenin-7-O-(2G-rhamnosyl)gentiobioside",16,0,0,0,0,19,3,-2,740.668,10.044,1107.124,327.947,521.810,257.366,0.000,2037.684,10.000,27.550,0.0495066,0.0786911,0.7020912,65.652,25.971,53.337,45.275,-3.646,-3.529,-3.916,-7.580,0.112,-7.639,0.026,-8.406,8.999,0.697,11,-2.078,1,0.000,0.000,0.000,309.392,19,3,34,0,34,15,52,2,0.000
"Apigenin-7-O-(2G-rhamnosyl)gentiobioside",14,0,0,0,0,19,3,-2,740.668,11.697,1043.690,303.012,487.711,252.967,0.000,1992.129,10.000,27.550,0.0686765,0.0834738,0.7336211,63.787,24.721,52.987,44.860,-3.500,-2.805,-3.916,-7.049,0.235,-6.623,0.059,-7.793,8.907,0.617,11,-2.002,1,0.000,0.000,0.000,308.990,19,3,34,0,34,15,52,2,0.000
"Apigenin-7-O-(2G-rhamnosyl)gentiobioside",15,0,0,0,0,19,3,-2,740.668,4.002,1049.092,325.515,478.864,244.713,0.000,2001.599,10.000,27.550,0.0080024,0.0830440,0.7321546,64.087,24.709,52.196,44.757,-3.406,-2.864,-3.916,-7.033,0.285,-6.537,0.073,-7.659,8.991,0.693,11,-1.993,1,0.000,0.000,0.000,307.696,19,3,34,0,34,15,52,2,0.000
"Apigenin-7-O-(2G-rhamnosyl)gentiobioside",12,0,0,0,0,19,3,-2,740.668,8.372,963.819,308.844,409.421,245.554,0.000,1945.730,10.000,27.550,0.0360205,0.0903912,0.7820319,61.859,23.060,51.760,44.085,-2.963,-1.983,-3.916,-6.230,1.298,-5.045,0.375,-6.376,9.100,0.907,11,-1.837,1,0.000,0.000,0.000,299.888,19,3,34,0,34,15,52,2,0.003
"Apigenin-7-O-(2G-rhamnosyl)gentiobioside",14,0,0,0,0,19,3,-2,740.668,8.013,1041.371,309.793,499.201,232.377,0.000,1994.944,10.000,27.550,0.0321864,0.0836596,0.7359470,63.703,24.645,52.498,44.793,-3.577,-2.779,-3.916,-6.913,0.183,-6.726,0.045,-8.077,9.127,0.907,11,-1.986,1,0.000,0.000,0.000,308.047,19,3,34,0,34,15,52,2,0.000
"Apigenin-7-O-(2G-rhamnosyl)gentiobioside",14,0,0,0,0,19,3,-2,740.668,8.406,1032.959,307.321,494.927,230.711,0.000,1985.847,10.000,27.550,0.0355836,0.0843410,0.7396832,63.323,24.464,52.410,44.732,-3.579,-2.688,-3.916,-6.844,0.201,-6.612,0.050,-8.004,8.990,0.695,11,-1.983,1,0.000,0.000,0.000,310.011,19,3,34,0,34,15,52,2,0.000
"Apigenin-7-O-(2G-rhamnosyl)gentiobioside",14,0,0,0,0,19,3,-2,740.668,7.849,1052.737,308.438,494.368,249.932,0.000,1989.170,10.000,27.550,0.0309678,0.0827564,0.7265961,63.640,24.836,52.395,44.907,-3.601,-2.905,-3.916,-7.148,0.203,-6.825,0.051,-7.926,9.065,0.870,11,-2.042,1,0.000,0.000,0.000,310.972,19,3,34,0,34,15,52,2,0.000
"Apigenin-7-O-(2G-rhamnosyl)gentiobioside",13,0,0,0,0,19,3,-2,740.668,5.809,1009.892,312.617,458.220,239.055,0.000,1962.727,10.000,27.550,0.0171907,0.0862674,0.7506947,62.477,23.900,51.758,44.484,-3.381,-2.444,-3.916,-6.706,0.447,-6.002,0.119,-7.298,8.983,0.687,11,-1.966,1,0.000,0.000,0.000,304.337,19,3,34,0,34,15,52,2,0.000
"Noricaritin",0,0,0,0,0,8,0,-2,372.374,7.679,616.211,173.335,240.074,202.801,0.000,1116.623,4.000,5.250,0.0528034,0.0170396,0.8447086,35.333,12.629,21.336,13.480,2.155,-3.940,-5.372,-5.012,52.394,-2.162,20.419,-4.462,8.615,0.555,6,0.115,3,70.337,0.000,0.000,134.833,7,0,16,0,16,0,27,0,0.001
"Noricaritin",0,0,0,0,0,8,0,-2,372.374,7.679,616.211,173.335,240.074,202.801,0.000,1116.623,4.000,5.250,0.0528059,0.0170396,0.8447086,35.333,12.629,21.336,13.480,2.155,-3.940,-5.372,-5.012,52.394,-2.162,20.419,-4.462,8.615,0.555,6,0.115,3,70.337,0.000,0.000,134.833,7,0,16,0,16,0,27,0,0.001
"Reynoutrin",2,0,0,0,0,9,1,-2,434.356,9.857,626.525,82.188,348.917,195.421,0.000,1148.093,6.000,12.050,0.0846212,0.0471112,0.8463391,35.880,14.094,29.054,23.601,-0.979,-2.615,-4.134,-4.950,4.865,-3.226,1.565,-6.398,9.015,0.822,7,-0.720,1,7.596,0.000,0.000,196.366,11,2,22,0,22,5,31,2,0.000
"Reynoutrin",2,0,0,0,0,9,1,-2,434.356,9.857,626.525,82.188,348.917,195.421,0.000,1148.093,6.000,12.050,0.0846226,0.0471112,0.8463391,35.880,14.094,29.054,23.601,-0.979,-2.615,-4.134,-4.950,4.865,-3.226,1.565,-6.398,9.015,0.822,7,-0.720,1,7.596,0.000,0.000,196.366,11,2,22,0,22,5,31,2,0.000
"1-(4-Hydroxy-2-Methoxyphenyl)-3-(4-Hydro",0,0,0,0,0,7,1,-2,270.284,3.553,545.645,105.001,149.930,290.713,0.000,910.087,2.000,4.250,0.0138721,0.0110152,0.8323581,28.549,10.119,14.612,9.601,2.354,-3.490,-3.694,-5.631,375.067,-1.301,171.401,-2.587,8.886,0.678,3,-0.066,3,86.802,0.000,0.000,77.482,4,0,12,0,12,0,20,0,0.227
"1-(4-Hydroxy-2-Methoxyphenyl)-3-(4-Hydro",0,0,0,0,0,7,1,-2,270.284,2.661,535.052,123.821,137.984,273.247,0.000,905.099,2.000,4.250,0.0078206,0.0112333,0.8457320,28.183,9.911,14.355,9.375,2.394,-3.311,-3.694,-5.331,486.855,-1.145,227.230,-2.428,8.784,0.425,3,-0.071,3,89.061,0.000,0.000,74.256,4,0,12,0,12,0,20,0,0.493
"1-(4-Hydroxy-2-Methoxyphenyl)-3-(4-Hydro",0,0,0,0,0,7,1,-2,270.284,3.553,545.645,105.001,149.930,290.713,0.000,910.087,2.000,4.250,0.0138724,0.0110152,0.8323581,28.549,10.119,14.612,9.601,2.354,-3.490,-3.694,-5.631,375.067,-1.301,171.401,-2.587,8.886,0.678,3,-0.066,3,86.802,0.000,0.000,77.482,4,0,12,0,12,0,20,0,0.227
"1-(4-Hydroxy-2-Methoxyphenyl)-3-(4-Hydro",0,0,0,0,0,7,1,-2,270.284,2.660,535.052,123.821,137.984,273.247,0.000,905.099,2.000,4.250,0.0078204,0.0112333,0.8457320,28.183,9.911,14.355,9.375,2.394,-3.311,-3.694,-5.331,486.855,-1.145,227.230,-2.428,8.784,0.425,3,-0.071,3,89.061,0.000,0.000,74.256,4,0,12,0,12,0,20,0,0.493
"Reynoutrin",1,0,0,0,0,9,1,-2,434.356,6.376,638.615,108.037,328.390,202.189,0.000,1161.179,6.000,12.050,0.0350112,0.0462193,0.8366140,36.468,14.109,28.457,23.536,-0.783,-2.755,-4.134,-5.140,7.617,-3.107,2.540,-5.995,8.876,0.699,7,-0.721,2,12.227,0.000,0.000,196.231,11,2,22,0,22,5,31,2,0.001
"Reynoutrin",1,0,0,0,0,9,1,-2,434.356,6.376,638.615,108.037,328.390,202.189,0.000,1161.179,6.000,12.050,0.0350103,0.0462193,0.8366140,36.468,14.109,28.457,23.536,-0.783,-2.755,-4.134,-5.140,7.617,-3.107,2.540,-5.995,8.876,0.699,7,-0.721,2,12.227,0.000,0.000,196.231,11,2,22,0,22,5,31,2,0.001
"Robinin",14,0,0,0,0,18,3,-2,740.668,6.104,1025.577,364.815,456.121,204.641,0.000,1958.833,10.000,26.600,0.0190193,0.0820188,0.7382359,62.635,23.790,51.206,43.558,-3.157,-2.976,-4.257,-6.744,0.468,-6.101,0.125,-7.477,9.092,0.870,11,-1.865,1,0.000,0.000,0.000,302.507,19,3,34,0,34,15,52,2,0.000
"Vaccarin",14,0,0,0,0,18,2,-2,726.641,6.401,990.613,285.145,510.550,194.917,0.000,1900.429,11.000,27.550,0.0215629,0.0922389,0.7490238,60.205,23.661,52.659,46.178,-4.236,-2.436,-3.611,-6.523,0.143,-6.588,0.034,-8.514,9.050,0.947,14,-2.031,1,0.000,0.000,0.000,318.437,19,3,34,0,34,15,51,2,0.000
"Vaccarin",14,0,0,0,0,18,2,-2,726.641,6.402,990.613,285.145,510.550,194.917,0.000,1900.429,11.000,27.550,0.0215633,0.0922389,0.7490238,60.205,23.661,52.659,46.178,-4.236,-2.436,-3.611,-6.523,0.143,-6.588,0.034,-8.514,9.050,0.947,14,-2.031,1,0.000,0.000,0.000,318.437,19,3,34,0,34,15,51,2,0.000
"Silybin A",0,0,0,0,0,7,0,-2,482.443,4.536,765.656,201.324,268.540,295.791,0.000,1372.966,4.000,9.650,0.0149839,0.0252072,0.7802577,47.122,15.988,27.457,19.220,1.959,-5.447,-6.299,-6.498,28.141,-2.799,10.430,-4.755,8.694,0.537,8,0.079,2,64.357,0.000,0.000,163.254,10,0,26,0,26,4,35,1,0.000
"Silybin A",0,0,0,0,0,7,0,-2,482.443,4.536,765.656,201.324,268.540,295.791,0.000,1372.966,4.000,9.650,0.0149843,0.0252072,0.7802577,47.122,15.988,27.457,19.220,1.959,-5.447,-6.299,-6.498,28.141,-2.799,10.430,-4.755,8.694,0.537,8,0.079,2,64.357,0.000,0.000,163.254,10,0,26,0,26,4,35,1,0.000
"Sappanone A",1,0,0,0,0,5,0,-2,284.268,0.859,511.019,49.734,200.844,260.441,0.000,864.881,3.000,5.000,0.0008526,0.0169470,0.8590773,27.735,10.148,16.352,12.302,1.270,-2.958,-3.814,-5.054,123.395,-1.552,51.541,-3.824,8.888,0.860,4,-0.240,3,71.809,0.000,0.000,102.116,5,0,16,0,16,1,21,0,0.047
"Sappanone A",1,0,0,0,0,5,0,-2,284.268,0.859,511.019,49.734,200.844,260.441,0.000,864.881,3.000,5.000,0.0008524,0.0169470,0.8590773,27.735,10.148,16.352,12.302,1.270,-2.958,-3.814,-5.054,123.395,-1.552,51.541,-3.824,8.888,0.860,4,-0.240,3,71.809,0.000,0.000,102.116,5,0,16,0,16,1,21,0,0.047
"Leucocyanidin",0,0,0,0,0,6,0,-2,306.271,2.269,516.135,43.241,268.085,204.810,0.000,889.725,6.000,7.150,0.0057853,0.0339327,0.8667732,27.556,11.196,22.118,18.685,-0.292,-2.260,-3.192,-4.664,28.422,-2.177,10.542,-5.163,8.996,0.176,7,-0.604,2,38.294,0.000,0.000,133.890,7,1,16,0,16,3,22,1,0.012
"Kaempferol 3-neohesperidoside",8,0,0,0,0,14,2,-2,594.525,11.544,770.689,189.241,396.523,184.925,0.000,1525.993,8.000,19.800,0.0873352,0.0726660,0.8317399,47.693,18.179,40.470,33.660,-2.095,-2.226,-4.208,-5.137,1.721,-4.102,0.509,-6.832,9.133,0.650,9,-1.169,1,0.000,0.000,0.000,247.017,15,3,28,0,28,10,42,2,0.001
"Kaempferol 3-neohesperidoside",8,0,0,0,0,14,2,-2,594.525,11.544,770.689,189.241,396.523,184.925,0.000,1525.993,8.000,19.800,0.0873366,0.0726660,0.8317399,47.693,18.179,40.470,33.660,-2.095,-2.226,-4.208,-5.137,1.721,-4.102,0.509,-6.832,9.133,0.650,9,-1.169,1,0.000,0.000,0.000,247.017,15,3,28,0,28,10,42,2,0.001
"Flavonol",0,0,0,0,0,1,0,0,238.242,2.734,472.985,0.000,90.498,382.487,0.000,780.773,1.000,3.250,0.0095727,0.0068713,0.8669644,28.103,8.969,12.539,8.520,2.633,-3.601,-3.713,-5.509,1373.117,-0.299,696.940,-1.744,8.672,0.828,1,0.086,3,100.000,0.000,0.000,55.816,3,0,16,0,16,0,18,0,1.077
"Flavonol",0,0,0,0,0,1,0,0,238.242,2.734,472.985,0.000,90.498,382.487,0.000,780.773,1.000,3.250,0.0095727,0.0068713,0.8669644,28.103,8.969,12.539,8.520,2.633,-3.601,-3.713,-5.509,1373.117,-0.299,696.940,-1.744,8.672,0.828,1,0.086,3,100.000,0.000,0.000,55.816,3,0,16,0,16,0,18,0,1.077
"Deguelin",0,0,0,0,0,2,0,1,394.423,4.610,655.417,416.682,31.071,207.664,0.000,1183.756,0.000,5.750,0.0179553,0.0000000,0.8256994,41.919,10.896,16.739,8.143,4.224,-5.416,-5.842,-5.343,5026.317,0.139,2833.467,-1.169,8.475,0.636,3,0.431,3,100.000,0.000,0.000,62.595,6,0,22,0,22,4,29,0,0.134
"Cirsiliol",0,0,0,0,0,5,0,-2,330.293,5.498,568.711,174.904,191.209,202.599,0.000,978.358,2.000,5.250,0.0308947,0.0130552,0.8380530,31.724,10.489,16.659,10.764,2.014,-3.933,-4.751,-5.119,152.289,-1.553,64.701,-3.850,8.857,0.801,5,0.038,3,77.806,0.000,0.000,111.373,7,0,16,0,16,0,24,0,0.005
"Biochanin A",0,0,0,0,0,4,0,-1,284.268,3.789,510.061,92.671,133.234,284.156,0.000,866.922,1.000,3.750,0.0165580,0.0073521,0.8620451,28.685,9.420,13.063,8.062,2.562,-3.601,-4.447,-5.119,540.062,-0.873,254.187,-2.590,8.935,0.422,3,0.096,3,90.849,0.000,0.000,85.729,5,0,16,0,16,0,21,0,0.183
"Biochanin A",0,0,0,0,0,4,0,-1,284.268,3.789,510.061,92.671,133.234,284.156,0.000,866.922,1.000,3.750,0.0165581,0.0073521,0.8620451,28.685,9.420,13.063,8.062,2.562,-3.601,-4.447,-5.119,540.062,-0.873,254.187,-2.590,8.935,0.422,3,0.096,3,90.849,0.000,0.000,85.729,5,0,16,0,16,0,21,0,0.183
"5,7-Dimethoxyluteolin",0,0,0,0,0,4,0,-2,314.294,3.206,558.841,182.114,152.416,224.311,0.000,955.776,2.000,5.500,0.0107554,0.0139184,0.8396800,31.670,10.151,16.375,11.091,2.077,-3.864,-4.351,-5.196,355.251,-1.119,161.634,-3.154,8.838,0.796,4,-0.014,3,84.759,0.000,0.000,92.804,6,0,16,0,16,0,23,0,0.030
"5,6,7-Trimethoxyflavone",0,0,0,0,0,3,0,0,312.321,7.451,555.752,237.914,42.700,275.137,0.000,976.158,0.000,4.750,0.0568795,0.0000000,0.8563099,33.613,9.536,14.005,7.235,3.377,-3.773,-4.461,-5.169,3899.212,-0.006,2153.406,-1.049,8.962,0.876,3,0.054,3,100.000,0.000,0.000,53.460,5,0,16,0,16,0,23,0,4.701
"4-Hydroxychalcone",0,0,0,0,0,5,1,0,224.259,4.663,491.612,13.066,99.460,379.086,0.000,806.218,1.000,2.750,0.0269643,0.0055938,0.8521407,26.521,9.183,11.821,7.228,2.919,-3.437,-3.374,-5.732,1129.064,-0.651,564.069,-1.537,8.990,0.845,1,0.068,3,100.000,0.000,0.000,49.486,2,0,12,0,12,0,17,0,2.381
"4,4'-Dimethoxychalcone",0,0,0,0,0,6,1,0,268.312,6.009,552.839,198.534,44.791,309.515,0.000,933.024,0.000,3.500,0.0387028,0.0000000,0.8352728,30.289,9.297,11.804,5.583,3.730,-3.884,-3.867,-5.674,3725.204,-0.226,2049.725,-0.679,8.933,0.787,2,0.136,3,100.000,0.000,0.000,43.528,3,0,12,0,12,0,20,0,7.344
"4,4'-Dimethoxychalcone",0,0,0,0,0,6,1,0,268.312,4.836,547.067,223.316,30.153,293.598,0.000,927.682,0.000,3.500,0.0252145,0.0000000,0.8408602,29.923,9.047,11.410,5.362,3.778,-3.775,-3.867,-5.507,5128.150,-0.082,2895.566,-0.465,8.817,0.565,2,0.120,3,100.000,0.000,0.000,40.153,3,0,12,0,12,0,20,0,15.453
"107905",4,0,0,0,0,9,1,-2,442.378,4.085,681.910,55.417,374.313,252.180,0.000,1232.606,7.000,8.000,0.0135356,0.0310393,0.8153063,39.804,15.684,28.846,21.769,0.423,-3.777,-5.613,-5.723,2.794,-3.733,0.859,-6.666,8.721,0.506,9,-0.273,1,24.450,0.000,0.000,190.583,10,1,22,0,22,3,32,2,0.000
"107905",4,0,0,0,0,9,1,-2,442.378,4.085,681.910,55.417,374.313,252.180,0.000,1232.606,7.000,8.000,0.0135356,0.0310393,0.8153063,39.804,15.684,28.846,21.769,0.423,-3.777,-5.613,-5.723,2.794,-3.733,0.859,-6.666,8.721,0.506,9,-0.273,1,24.450,0.000,0.000,190.583,10,1,22,0,22,3,32,2,0.000
"107905",4,0,0,0,0,9,1,-2,442.378,4.085,681.910,55.417,374.313,252.180,0.000,1232.606,7.000,8.000,0.0135358,0.0310393,0.8153063,39.804,15.684,28.846,21.769,0.423,-3.777,-5.613,-5.723,2.794,-3.733,0.859,-6.666,8.721,0.506,9,-0.273,1,24.450,0.000,0.000,190.583,10,1,22,0,22,3,32,2,0.000
"(-)-(S)-Equol",0,0,0,0,0,2,0,0,242.274,2.953,474.766,85.305,109.327,280.134,0.000,798.670,2.000,2.250,0.0109203,0.0067022,0.8768610,27.200,8.851,13.080,8.215,2.761,-3.577,-3.849,-4.860,910.241,-0.505,446.892,-2.356,8.832,-0.070,4,0.171,3,96.076,0.000,0.000,53.522,3,0,16,0,16,3,18,0,0.283
"Troxerutin",12,0,0,0,0,24,2,-2,742.683,10.937,920.112,436.180,369.748,114.185,0.000,1907.150,9.000,25.650,0.0627224,0.0836311,0.8083153,55.850,21.044,47.099,38.377,-2.169,-1.061,-4.666,-5.178,3.087,-4.656,0.957,-5.627,8.858,0.697,13,-1.761,1,0.000,0.000,0.000,294.667,19,3,28,0,28,10,52,2,0.152
"Cinnamtannin B-1",11,0,0,0,0,14,1,-2,864.769,6.846,1025.590,109.092,547.500,368.997,0.000,2137.819,14.000,16.350,0.0219237,0.0596497,0.7825378,73.936,27.392,56.726,41.943,0.370,-5.152,-11.058,-6.811,0.064,-6.241,0.014,-8.966,8.648,0.112,19,-0.144,1,0.000,0.000,0.000,314.586,18,3,49,0,49,9,63,2,0.000
"6-Hydroxykaempferol 3,6-diglucoside",10,0,0,0,0,17,2,-2,626.524,6.899,807.256,183.935,448.637,174.684,0.000,1602.711,10.000,22.250,0.0296988,0.0871603,0.8204600,48.739,19.631,44.402,38.714,-3.118,-1.794,-3.783,-5.270,0.551,-4.904,0.149,-7.540,9.007,0.687,11,-1.470,1,0.000,0.000,0.000,296.564,17,3,28,0,28,10,44,2,0.000
"6-Hydroxykaempferol 3,6-diglucoside",10,0,0,0,0,17,2,-2,626.524,6.899,807.256,183.935,448.637,174.684,0.000,1602.711,10.000,22.250,0.0296991,0.0871603,0.8204600,48.739,19.631,44.402,38.714,-3.118,-1.794,-3.783,-5.270,0.551,-4.904,0.149,-7.540,9.007,0.687,11,-1.470,1,0.000,0.000,0.000,296.564,17,3,28,0,28,10,44,2,0.000
"Vicenin-1",8,0,0,0,0,11,0,-2,564.499,8.108,794.764,182.664,427.802,184.298,0.000,1495.047,9.000,19.050,0.0439733,0.0719081,0.7956035,48.375,18.508,41.232,35.314,-2.483,-3.086,-3.885,-5.718,0.869,-4.605,0.243,-7.699,9.215,1.018,14,-1.149,1,0.000,0.000,0.000,251.378,14,3,28,0,28,10,40,2,0.000
"Vicenin-1",8,0,0,0,0,11,0,-2,564.499,8.108,794.764,182.664,427.802,184.298,0.000,1495.047,9.000,19.050,0.0439722,0.0719081,0.7956035,48.375,18.508,41.232,35.314,-2.483,-3.086,-3.885,-5.718,0.869,-4.605,0.243,-7.699,9.215,1.018,14,-1.149,1,0.000,0.000,0.000,251.378,14,3,28,0,28,10,40,2,0.000
"Chamaechromone",4,0,0,0,0,13,0,-2,542.498,9.580,776.951,6.813,357.382,412.756,0.000,1464.887,4.000,6.750,0.0626501,0.0173756,0.8028614,48.065,18.180,27.447,16.467,3.146,-5.420,-8.927,-6.690,4.044,-3.916,1.281,-5.404,8.577,0.455,9,0.527,2,30.309,0.000,0.000,198.774,10,2,28,0,28,0,40,2,0.000
"Chamaechromone",5,0,0,0,0,13,0,-2,542.498,8.149,772.947,1.706,350.193,421.048,0.000,1472.743,4.000,6.750,0.0450855,0.0174656,0.8099031,48.459,18.227,27.359,16.465,3.261,-5.353,-8.927,-6.616,4.732,-3.779,1.518,-5.242,8.715,0.432,9,0.554,2,32.201,0.000,0.000,201.199,10,2,28,0,28,0,40,2,0.000
"Chamaechromone",4,0,0,0,0,13,0,-2,542.498,9.580,776.951,6.813,357.382,412.756,0.000,1464.887,4.000,6.750,0.0626501,0.0173756,0.8028614,48.065,18.180,27.447,16.467,3.146,-5.420,-8.927,-6.690,4.044,-3.916,1.281,-5.404,8.577,0.455,9,0.527,2,30.309,0.000,0.000,198.774,10,2,28,0,28,0,40,2,0.000
"Chamaechromone",5,0,0,0,0,13,0,-2,542.498,8.002,773.236,1.628,349.234,422.374,0.000,1473.132,4.000,6.750,0.0434674,0.0174591,0.8097438,48.487,18.234,27.343,16.468,3.271,-5.358,-8.927,-6.625,4.832,-3.771,1.553,-5.220,8.710,0.425,9,0.555,2,32.425,0.000,0.000,201.945,10,2,28,0,28,0,40,2,0.000
"Chamaechromone",5,0,0,0,0,13,0,-2,542.498,8.149,772.947,1.706,350.193,421.048,0.000,1472.743,4.000,6.750,0.0450855,0.0174656,0.8099031,48.459,18.227,27.359,16.465,3.261,-5.353,-8.927,-6.616,4.732,-3.779,1.518,-5.242,8.715,0.432,9,0.554,2,32.201,0.000,0.000,201.199,10,2,28,0,28,0,40,2,0.000
"Chamaechromone",5,0,0,0,0,13,0,-2,542.498,8.109,774.024,1.615,349.468,422.940,0.000,1472.480,4.000,6.750,0.0446557,0.0174413,0.8086809,48.466,18.238,27.349,16.475,3.265,-5.371,-8.927,-6.645,4.807,-3.783,1.544,-5.222,8.710,0.427,9,0.552,2,32.350,0.000,0.000,202.121,10,2,28,0,28,0,40,2,0.000
"Chamaechromone",4,0,0,0,0,13,0,-2,542.498,9.580,776.951,6.813,357.382,412.756,0.000,1464.887,4.000,6.750,0.0626477,0.0173756,0.8028614,48.065,18.180,27.447,16.467,3.146,-5.420,-8.927,-6.690,4.044,-3.916,1.281,-5.404,8.577,0.455,9,0.527,2,30.309,0.000,0.000,198.774,10,2,28,0,28,0,40,2,0.000
"Chamaechromone",5,0,0,0,0,13,0,-2,542.498,8.149,772.947,1.706,350.193,421.048,0.000,1472.743,4.000,6.750,0.0450873,0.0174656,0.8099031,48.459,18.227,27.359,16.465,3.261,-5.353,-8.927,-6.616,4.732,-3.779,1.518,-5.242,8.715,0.432,9,0.554,2,32.201,0.000,0.000,201.199,10,2,28,0,28,0,40,2,0.000
"Chamaechromone",5,0,0,0,0,13,0,-2,542.498,8.149,772.947,1.706,350.193,421.048,0.000,1472.743,4.000,6.750,0.0450855,0.0174656,0.8099031,48.459,18.227,27.359,16.465,3.261,-5.353,-8.927,-6.616,4.732,-3.779,1.518,-5.242,8.715,0.432,9,0.554,2,32.201,0.000,0.000,201.199,10,2,28,0,28,0,40,2,0.000
"Peonidin-3-O-galactoside(chloride)",,,,,,,,,,,,,,,,,,,,,,,,,,,,,,,,,,,,,,,,,,,,,,,,,,,,,,,,,,,,,,,,,,,,,,,,,,,,,,,,,,,,,,,,,,,,,,,,,,,,,,,,,,,,,,,,,,,,,,,,,,,,,,,,,,,,,,,,,,,,,,,,,,,,,,,,,,,,,,,,,,,,,,,,,,,,,,,,,,,,,,,,,,,,,,,,,,,,,,,,,,,,,,,,,,,,,,,,,,,,,,,,,,,,,,,,,,,,,,,,,,,,,,,,,,,,,,,,,,,,,,,,,,,,,,,,,,,,,,,,,,,,,,,,,,,,,,,,,,,,,,,,,,,,,,,,,,,,,,,,,,,,,,,,,,,,,,,,,,,,,,,,,,,,,,,,,,,,,,,,,,,,,,,,,,,,,,,,,,,,,,,,,,,,,,,,,,,,,,,,,,,,,,,,,,,,,,,,,,,,,,,,,,,,,,,,,,,,,,,,,,,,,,,,,,,,,,,,,,,,,,,,,,,,,,,,,,,,,,,,,,,,,,,,,,,,,,,,,,,,
"Peonidin-3-O-galactoside(chloride)",,,,,,,,,,,,,,,,,,,,,,,,,,,,,,,,,,,,,,,,,,,,,,,,,,,,,,,,,,,,,,,,,,,,,,,,,,,,,,,,,,,,,,,,,,,,,,,,,,,,,,,,,,,,,,,,,,,,,,,,,,,,,,,,,,,,,,,,,,,,,,,,,,,,,,,,,,,,,,,,,,,,,,,,,,,,,,,,,,,,,,,,,,,,,,,,,,,,,,,,,,,,,,,,,,,,,,,,,,,,,,,,,,,,,,,,,,,,,,,,,,,,,,,,,,,,,,,,,,,,,,,,,,,,,,,,,,,,,,,,,,,,,,,,,,,,,,,,,,,,,,,,,,,,,,,,,,,,,,,,,,,,,,,,,,,,,,,,,,,,,,,,,,,,,,,,,,,,,,,,,,,,,,,,,,,,,,,,,,,,,,,,,,,,,,,,,,,,,,,,,,,,,,,,,,,,,,,,,,,,,,,,,,,,,,,,,,,,,,,,,,,,,,,,,,,,,,,,,,,,,,,,,,,,,,,,,,,,,,,,,,,,,,,,,,,,,,,,,,,,
"Peonidin-3-O-galactoside(chloride)",,,,,,,,,,,,,,,,,,,,,,,,,,,,,,,,,,,,,,,,,,,,,,,,,,,,,,,,,,,,,,,,,,,,,,,,,,,,,,,,,,,,,,,,,,,,,,,,,,,,,,,,,,,,,,,,,,,,,,,,,,,,,,,,,,,,,,,,,,,,,,,,,,,,,,,,,,,,,,,,,,,,,,,,,,,,,,,,,,,,,,,,,,,,,,,,,,,,,,,,,,,,,,,,,,,,,,,,,,,,,,,,,,,,,,,,,,,,,,,,,,,,,,,,,,,,,,,,,,,,,,,,,,,,,,,,,,,,,,,,,,,,,,,,,,,,,,,,,,,,,,,,,,,,,,,,,,,,,,,,,,,,,,,,,,,,,,,,,,,,,,,,,,,,,,,,,,,,,,,,,,,,,,,,,,,,,,,,,,,,,,,,,,,,,,,,,,,,,,,,,,,,,,,,,,,,,,,,,,,,,,,,,,,,,,,,,,,,,,,,,,,,,,,,,,,,,,,,,,,,,,,,,,,,,,,,,,,,,,,,,,,,,,,,,,,,,,,,,,,,
"SL 0101-1",0,0,0,0,0,8,3,-2,516.457,6.219,710.949,252.288,254.417,204.244,0.000,1406.032,3.000,11.900,0.0275062,0.0289914,0.8537359,46.929,15.101,27.412,18.900,1.537,-3.850,-5.877,-4.873,38.305,-2.246,14.555,-4.721,8.937,0.759,4,-0.120,2,38.368,0.000,0.000,197.494,12,2,22,0,22,5,37,0,0.001
"SL 0101-1",0,0,0,0,0,8,3,-2,516.457,6.219,710.949,252.288,254.417,204.244,0.000,1406.032,3.000,11.900,0.0275073,0.0289914,0.8537359,46.929,15.101,27.412,18.900,1.537,-3.850,-5.877,-4.873,38.305,-2.246,14.555,-4.721,8.937,0.759,4,-0.120,2,38.368,0.000,0.000,197.494,12,2,22,0,22,5,37,0,0.001
"Naringin Dihydrochalcone",8,0,0,0,0,18,2,-2,582.557,10.463,854.620,263.775,401.926,188.919,0.000,1619.401,7.000,18.300,0.0676045,0.0566535,0.7803598,48.901,19.119,38.043,30.102,-1.199,-2.752,-4.344,-5.987,1.529,-4.922,0.448,-6.533,8.889,0.220,11,-1.177,1,0.000,0.000,0.000,240.520,14,3,24,0,24,10,41,2,0.000
"Naringin Dihydrochalcone",8,0,0,0,0,18,2,-2,582.557,10.465,855.741,264.304,401.974,189.463,0.000,1620.017,7.000,18.300,0.0675972,0.0565793,0.7795352,48.931,19.135,38.050,30.108,-1.198,-2.766,-4.344,-6.003,1.528,-4.931,0.447,-6.532,8.889,0.219,11,-1.178,1,0.000,0.000,0.000,240.524,14,3,24,0,24,10,41,2,0.000
"Hesperidin methylchalcone",9,0,0,0,0,19,3,-2,624.594,4.598,861.275,312.047,367.436,181.791,0.000,1710.911,7.000,20.050,0.0123549,0.0615916,0.8032334,51.853,19.454,39.212,31.338,-1.005,-2.292,-4.470,-5.583,3.247,-4.378,1.011,-5.827,8.776,0.654,10,-1.207,1,0.000,0.000,0.000,236.267,15,3,24,0,24,10,44,2,0.005
"Hesperidin methylchalcone",9,0,0,0,0,19,3,-2,624.594,4.599,861.286,312.054,367.439,181.793,0.000,1710.931,7.000,20.050,0.0123624,0.0615908,0.8032288,51.854,19.454,39.212,31.338,-1.004,-2.293,-4.470,-5.583,3.247,-4.378,1.011,-5.827,8.777,0.654,10,-1.207,1,0.000,0.000,0.000,236.269,15,3,24,0,24,10,44,2,0.005
"Baohuoside I",1,0,0,0,0,10,1,-2,514.528,6.681,800.006,397.252,232.185,170.569,0.000,1502.281,4.000,11.300,0.0297116,0.0282498,0.7929383,49.175,15.976,28.893,19.167,2.239,-5.050,-6.007,-5.696,62.243,-2.501,24.598,-4.238,9.022,0.769,9,0.018,2,59.209,0.000,0.000,157.209,10,1,22,0,22,5,37,1,0.000
"Baohuoside I",1,0,0,0,0,10,1,-2,514.528,6.681,800.006,397.252,232.185,170.569,0.000,1502.281,4.000,11.300,0.0297124,0.0282498,0.7929383,49.175,15.976,28.893,19.167,2.239,-5.050,-6.007,-5.696,62.243,-2.501,24.598,-4.238,9.022,0.769,9,0.018,2,59.209,0.000,0.000,157.209,10,1,22,0,22,5,37,1,0.000
"2-Hydroxychalcone",0,0,0,0,0,5,1,0,224.259,4.326,489.011,8.865,90.150,389.997,0.000,803.022,1.000,2.750,0.0233003,0.0056236,0.8544061,26.497,9.174,11.740,7.232,2.977,-3.391,-3.374,-5.748,1383.602,-0.561,702.695,-1.327,9.048,0.809,1,0.060,3,100.000,0.000,0.000,47.680,2,0,12,0,12,0,17,0,4.296
"Icariin",10,0,0,0,0,16,2,-2,676.670,5.053,1012.971,534.985,349.699,128.288,0.000,1928.689,7.000,19.800,0.0132398,0.0517151,0.7397349,61.984,21.530,42.278,31.634,0.160,-4.799,-5.747,-6.355,4.783,-4.661,1.536,-5.976,9.145,1.056,12,-0.809,1,1.172,0.000,0.000,235.226,15,3,28,0,28,10,48,2,0.000
"Glycitein",0,0,0,0,0,4,0,-2,284.268,3.956,515.638,92.706,148.127,274.805,0.000,873.605,2.000,4.750,0.0179153,0.0130276,0.8570974,28.864,9.728,15.183,10.562,1.956,-3.349,-4.033,-5.155,390.133,-1.022,178.854,-2.897,8.889,0.648,3,-0.091,3,84.776,0.000,0.000,87.800,5,0,16,0,16,0,21,0,0.161
"Glycitein",0,0,0,0,0,4,0,-2,284.268,3.956,515.638,92.706,148.127,274.805,0.000,873.605,2.000,4.750,0.0179136,0.0130276,0.8570974,28.864,9.728,15.183,10.562,1.956,-3.349,-4.033,-5.155,390.133,-1.022,178.854,-2.897,8.889,0.648,3,-0.091,3,84.776,0.000,0.000,87.800,5,0,16,0,16,0,21,0,0.161
"Methyl-Hesperidin",6,0,0,0,0,14,2,-2,624.594,4.120,905.888,454.672,322.913,128.303,0.000,1731.894,6.000,20.050,0.0097997,0.0542145,0.7699063,55.392,19.000,38.645,30.417,-0.649,-3.616,-4.631,-5.867,8.584,-3.912,2.890,-5.675,8.774,0.468,11,-1.069,1,0.979,0.000,0.000,225.694,15,3,28,0,28,12,44,2,0.000
"Astragalin",0,0,0,0,0,10,1,-2,448.382,5.772,644.402,106.600,310.722,227.080,0.000,1187.782,6.000,13.000,0.0280525,0.0494154,0.8417162,37.129,14.409,29.053,24.315,-0.779,-2.524,-4.066,-5.176,11.203,-2.963,3.854,-5.486,8.994,0.776,7,-0.801,2,15.249,0.000,0.000,190.508,11,2,22,0,22,5,32,2,0.004
"Astragalin",0,0,0,0,0,10,1,-2,448.382,5.772,644.402,106.600,310.722,227.080,0.000,1187.782,6.000,13.000,0.0280517,0.0494154,0.8417162,37.129,14.409,29.053,24.315,-0.779,-2.524,-4.066,-5.176,11.203,-2.963,3.854,-5.486,8.994,0.776,7,-0.801,2,15.249,0.000,0.000,190.508,11,2,22,0,22,5,32,2,0.004
"Tectochrysin",0,0,0,0,0,2,0,0,268.268,4.341,504.017,92.741,93.941,317.335,0.000,850.142,0.000,3.000,0.0221644,0.0000000,0.8610881,29.615,8.977,11.526,6.243,3.102,-3.872,-4.338,-5.293,1273.683,-0.402,642.553,-1.941,9.132,0.807,2,0.199,3,100.000,0.000,0.000,62.843,4,0,16,0,16,0,20,0,0.413
"Rottlerin",1,0,0,0,0,12,1,-2,516.546,3.121,825.569,329.470,189.964,306.135,0.000,1543.342,2.000,5.500,0.0063119,0.0094216,0.7823237,50.829,16.617,23.017,10.780,5.547,-7.167,-8.703,-6.514,156.485,-2.229,66.630,-2.790,8.801,0.981,7,1.157,1,72.786,0.000,0.000,143.478,8,2,22,0,22,1,38,2,0.000
"Rottlerin",1,0,0,0,0,12,1,-2,516.546,3.121,825.569,329.470,189.964,306.135,0.000,1543.342,2.000,5.500,0.0063120,0.0094216,0.7823237,50.829,16.617,23.017,10.780,5.547,-7.167,-8.703,-6.514,156.485,-2.229,66.630,-2.790,8.801,0.981,7,1.157,1,72.786,0.000,0.000,143.478,8,2,22,0,22,1,38,2,0.000
"Puerarin",1,0,0,0,0,8,0,-2,416.384,3.530,660.160,91.482,305.005,263.672,0.000,1185.039,6.000,12.500,0.0105123,0.0463806,0.8203594,38.653,14.598,29.090,24.511,-0.605,-3.106,-3.680,-5.696,12.692,-2.940,4.411,-5.444,8.882,0.819,9,-0.722,2,30.193,0.000,0.000,166.513,9,1,22,0,22,5,30,2,0.001
"Puerarin",1,0,0,0,0,8,0,-2,416.384,3.529,660.160,91.482,305.005,263.672,0.000,1185.039,6.000,12.500,0.0105121,0.0463806,0.8203594,38.653,14.598,29.090,24.511,-0.605,-3.106,-3.680,-5.696,12.692,-2.940,4.411,-5.444,8.882,0.819,9,-0.722,2,30.193,0.000,0.000,166.513,9,1,22,0,22,5,30,2,0.001
"Daidzein",0,0,0,0,0,3,0,-1,254.242,3.140,475.872,0.000,149.005,326.867,0.000,795.179,2.000,4.000,0.0124001,0.0118873,0.8722704,26.864,9.396,14.153,10.309,1.814,-3.037,-3.710,-5.158,382.723,-0.923,175.185,-2.826,9.039,0.574,2,-0.125,3,83.795,0.000,0.000,80.486,4,0,16,0,16,0,19,0,0.348
"Daidzein",0,0,0,0,0,3,0,-1,254.242,3.140,475.872,0.000,149.005,326.867,0.000,795.179,2.000,4.000,0.0124001,0.0118873,0.8722704,26.864,9.396,14.153,10.309,1.814,-3.037,-3.710,-5.158,382.723,-0.923,175.185,-2.826,9.039,0.574,2,-0.125,3,83.795,0.000,0.000,80.486,4,0,16,0,16,0,19,0,0.348
"Myricitrin",4,0,0,0,0,10,1,-2,464.382,8.049,668.377,119.127,378.012,171.238,0.000,1225.617,7.000,12.800,0.0528581,0.0506684,0.8286667,38.110,15.064,31.289,25.718,-1.210,-2.806,-4.339,-5.121,2.578,-3.709,0.787,-6.923,8.915,0.905,8,-0.768,1,1.304,0.000,0.000,218.087,12,2,22,0,22,5,33,2,0.000
"Myricitrin",4,0,0,0,0,10,1,-2,464.382,8.049,668.377,119.127,378.012,171.238,0.000,1225.617,7.000,12.800,0.0528591,0.0506684,0.8286667,38.110,15.064,31.289,25.718,-1.210,-2.806,-4.339,-5.121,2.578,-3.709,0.787,-6.923,8.915,0.905,8,-0.768,1,1.304,0.000,0.000,218.087,12,2,22,0,22,5,33,2,0.000
"Myricetin",1,0,0,0,0,6,0,-2,318.239,6.649,528.588,0.000,332.609,195.978,0.000,887.773,5.000,6.000,0.0498006,0.0253816,0.8451156,27.394,11.243,20.830,16.496,-0.281,-2.645,-4.011,-4.973,6.947,-2.903,2.299,-6.383,8.824,0.668,6,-0.488,2,27.407,0.000,0.000,164.106,8,1,16,0,16,0,23,1,0.000
"Myricetin",1,0,0,0,0,6,0,-2,318.239,6.649,528.588,0.000,332.609,195.978,0.000,887.773,5.000,6.000,0.0497993,0.0253816,0.8451156,27.394,11.243,20.830,16.496,-0.281,-2.645,-4.011,-4.973,6.947,-2.903,2.299,-6.383,8.824,0.668,6,-0.488,2,27.407,0.000,0.000,164.106,8,1,16,0,16,0,23,1,0.000
"Kaempferide",0,0,0,0,0,4,0,-2,300.267,4.343,531.169,92.680,184.225,254.265,0.000,897.432,2.000,4.500,0.0210166,0.0119810,0.8470969,29.621,10.032,15.476,10.459,1.913,-3.670,-4.429,-5.219,177.375,-1.389,76.294,-3.635,8.933,0.578,4,-0.000,3,78.396,0.000,0.000,106.891,6,0,16,0,16,0,22,0,0.015
"Kaempferide",0,0,0,0,0,4,0,-2,300.267,4.343,531.169,92.680,184.225,254.265,0.000,897.432,2.000,4.500,0.0210172,0.0119810,0.8470969,29.621,10.032,15.476,10.459,1.913,-3.670,-4.429,-5.219,177.375,-1.389,76.294,-3.635,8.933,0.578,4,-0.000,3,78.396,0.000,0.000,106.891,6,0,16,0,16,0,22,0,0.015
"Gossypin",5,0,0,0,0,12,1,-2,480.381,8.610,688.283,107.054,412.970,168.258,0.000,1264.837,8.000,14.500,0.0586040,0.0595863,0.8217783,38.366,15.884,33.917,28.681,-1.932,-2.458,-3.990,-5.218,1.201,-4.237,0.345,-7.386,8.504,0.727,9,-0.992,1,0.000,0.000,0.000,237.884,13,2,22,0,22,5,34,2,0.000
"Gossypin",5,0,0,0,0,12,1,-2,480.381,8.610,688.283,107.054,412.970,168.258,0.000,1264.837,8.000,14.500,0.0586035,0.0595863,0.8217783,38.366,15.884,33.917,28.681,-1.932,-2.458,-3.990,-5.218,1.201,-4.237,0.345,-7.386,8.504,0.727,9,-0.992,1,0.000,0.000,0.000,237.884,13,2,22,0,22,5,34,2,0.000
"Diosmetin",0,0,0,0,0,4,0,-2,300.267,4.879,531.596,92.718,202.516,236.362,0.000,899.389,2.000,4.500,0.0264720,0.0119714,0.8476469,29.528,10.056,15.583,10.463,1.778,-3.677,-4.429,-5.124,118.970,-1.557,49.546,-4.035,8.822,0.823,4,0.005,3,74.500,0.000,0.000,107.035,6,0,16,0,16,0,22,0,0.006
"Diosmetin",0,0,0,0,0,4,0,-2,300.267,4.879,531.596,92.718,202.516,236.362,0.000,899.389,2.000,4.500,0.0264718,0.0119714,0.8476469,29.528,10.056,15.583,10.463,1.778,-3.677,-4.429,-5.124,118.970,-1.557,49.546,-4.035,8.822,0.823,4,0.005,3,74.500,0.000,0.000,107.035,6,0,16,0,16,0,22,0,0.006
"Chrysin",0,0,0,0,0,2,0,-1,254.242,3.877,479.321,0.000,148.671,330.650,0.000,797.905,1.000,3.000,0.0188403,0.0062589,0.8679731,27.652,9.195,12.550,8.111,2.376,-3.628,-4.123,-5.245,385.528,-0.873,176.573,-2.903,9.169,0.826,2,0.134,3,87.141,0.000,0.000,77.110,4,0,16,0,16,0,19,0,0.075
"Chrysin",0,0,0,0,0,2,0,-1,254.242,3.877,479.321,0.000,148.671,330.650,0.000,797.905,1.000,3.000,0.0188403,0.0062589,0.8679731,27.652,9.195,12.550,8.111,2.376,-3.628,-4.123,-5.245,385.528,-0.873,176.573,-2.903,9.169,0.826,2,0.134,3,87.141,0.000,0.000,77.110,4,0,16,0,16,0,19,0,0.075
"Chrysin",0,0,0,0,0,2,0,-1,254.242,3.877,479.321,0.000,148.671,330.650,0.000,797.905,1.000,3.000,0.0188402,0.0062589,0.8679731,27.652,9.195,12.550,8.111,2.376,-3.628,-4.123,-5.245,385.528,-0.873,176.573,-2.903,9.169,0.826,2,0.134,3,87.141,0.000,0.000,77.110,4,0,16,0,16,0,19,0,0.075
"Isobavachalcone",0,0,0,0,0,9,1,-2,324.376,5.780,652.334,210.617,168.452,273.266,0.000,1115.939,2.000,3.250,0.0299412,0.0070458,0.7976063,35.337,12.139,16.580,8.439,3.860,-5.313,-5.109,-6.110,250.306,-1.744,110.705,-2.797,8.910,0.662,6,0.542,3,92.472,0.000,0.000,88.081,4,0,12,0,12,0,24,0,0.003
"Isobavachalcone",0,0,0,0,0,9,1,-2,324.376,5.780,652.334,210.617,168.452,273.266,0.000,1115.939,2.000,3.250,0.0299415,0.0070458,0.7976063,35.337,12.139,16.580,8.439,3.860,-5.313,-5.109,-6.110,250.306,-1.744,110.705,-2.797,8.910,0.662,6,0.542,3,92.472,0.000,0.000,88.081,4,0,12,0,12,0,24,0,0.003
"Isobavachalcone",0,0,0,0,0,9,1,-2,324.376,5.780,652.334,210.617,168.452,273.266,0.000,1115.939,2.000,3.250,0.0299409,0.0070458,0.7976063,35.337,12.139,16.580,8.439,3.860,-5.313,-5.109,-6.110,250.306,-1.744,110.705,-2.797,8.910,0.662,6,0.542,3,92.472,0.000,0.000,88.081,4,0,12,0,12,0,24,0,0.003
"Butein",0,0,0,0,0,8,1,-2,272.257,2.583,524.167,12.850,239.399,271.918,0.000,869.402,3.000,4.000,0.0076756,0.0132176,0.8404453,26.099,10.461,15.387,11.028,1.367,-2.870,-3.725,-5.411,53.171,-2.178,20.747,-4.206,8.722,0.765,4,-0.249,3,65.837,0.000,0.000,112.971,5,0,12,0,12,0,20,0,0.023
"Butein",0,0,0,0,0,8,1,-2,272.257,2.583,524.167,12.850,239.399,271.918,0.000,869.402,3.000,4.000,0.0076753,0.0132176,0.8404453,26.099,10.461,15.387,11.028,1.367,-2.870,-3.725,-5.411,53.171,-2.178,20.747,-4.206,8.722,0.765,4,-0.249,3,65.837,0.000,0.000,112.971,5,0,12,0,12,0,20,0,0.023
"Butein",0,0,0,0,0,8,1,-2,272.257,2.583,524.167,12.850,239.399,271.918,0.000,869.402,3.000,4.000,0.0076753,0.0132176,0.8404453,26.099,10.461,15.387,11.028,1.367,-2.870,-3.725,-5.411,53.171,-2.178,20.747,-4.206,8.722,0.765,4,-0.249,3,65.837,0.000,0.000,112.971,5,0,12,0,12,0,20,0,0.023
"Genistein",0,0,0,0,0,4,0,-2,270.241,4.101,485.347,0.000,187.829,297.518,0.000,814.669,2.000,3.750,0.0206429,0.0109268,0.8691614,26.722,9.641,14.188,9.929,1.717,-3.089,-4.101,-5.068,163.953,-1.335,70.074,-3.549,8.983,0.433,3,-0.086,3,76.639,0.000,0.000,99.973,5,0,16,0,16,0,20,0,0.062
"Genistein",0,0,0,0,0,4,0,-2,270.241,4.101,485.347,0.000,187.829,297.518,0.000,814.669,2.000,3.750,0.0206431,0.0109268,0.8691614,26.722,9.641,14.188,9.929,1.717,-3.089,-4.101,-5.068,163.953,-1.335,70.074,-3.549,8.983,0.433,3,-0.086,3,76.639,0.000,0.000,99.973,5,0,16,0,16,0,20,0,0.062
"Kaempferol",0,0,0,0,0,4,0,-2,286.240,4.527,506.519,0.000,238.901,267.618,0.000,845.228,3.000,4.500,0.0242449,0.0153878,0.8535290,27.659,10.242,16.591,12.327,1.061,-3.142,-4.073,-5.178,53.753,-1.864,20.992,-4.596,8.947,0.590,4,-0.189,3,64.127,0.000,0.000,121.150,6,0,16,0,16,0,21,0,0.005
"Kaempferol",0,0,0,0,0,4,0,-2,286.240,4.527,506.519,0.000,238.901,267.618,0.000,845.228,3.000,4.500,0.0242438,0.0153878,0.8535290,27.659,10.242,16.591,12.327,1.061,-3.142,-4.073,-5.178,53.753,-1.864,20.992,-4.596,8.947,0.590,4,-0.189,3,64.127,0.000,0.000,121.150,6,0,16,0,16,0,21,0,0.005
"Rutin",9,0,0,0,0,15,2,-2,610.524,9.436,835.040,183.238,467.194,184.608,0.000,1603.123,9.000,20.550,0.0555366,0.0738288,0.7932967,50.134,19.765,42.912,36.276,-2.695,-2.605,-4.160,-5.757,0.368,-5.290,0.096,-8.039,8.949,0.831,10,-1.323,1,0.000,0.000,0.000,270.732,16,3,28,0,28,10,43,2,0.000
"Rutin",9,0,0,0,0,15,2,-2,610.524,9.436,835.040,183.238,467.194,184.608,0.000,1603.123,9.000,20.550,0.0555369,0.0738288,0.7932967,50.134,19.765,42.912,36.276,-2.695,-2.605,-4.160,-5.757,0.368,-5.290,0.096,-8.039,8.949,0.831,10,-1.323,1,0.000,0.000,0.000,270.732,16,3,28,0,28,10,43,2,0.000
"Rutin (hydrate)",9,0,0,0,0,15,2,-2,610.524,9.436,835.040,183.238,467.194,184.608,0.000,1603.123,9.000,20.550,0.0555366,0.0738288,0.7932967,50.134,19.765,42.912,36.276,-2.695,-2.605,-4.160,-5.757,0.368,-5.290,0.096,-8.039,8.949,0.831,10,-1.323,1,0.000,0.000,0.000,270.732,16,3,28,0,28,10,43,2,0.000
"Rutin (hydrate)",9,0,0,0,0,15,2,-2,610.524,9.436,835.040,183.238,467.194,184.608,0.000,1603.123,9.000,20.550,0.0555369,0.0738288,0.7932967,50.134,19.765,42.912,36.276,-2.695,-2.605,-4.160,-5.757,0.368,-5.290,0.096,-8.039,8.949,0.831,10,-1.323,1,0.000,0.000,0.000,270.732,16,3,28,0,28,10,43,2,0.000
"Chrysoeriol",0,0,0,0,0,4,0,-2,300.267,3.213,529.601,91.131,202.716,235.754,0.000,898.813,2.000,4.500,0.0114832,0.0120165,0.8504760,29.500,10.060,15.376,10.455,1.774,-3.644,-4.429,-5.076,118.453,-1.546,49.313,-4.041,8.832,0.798,4,0.005,3,74.444,0.000,0.000,106.995,6,0,16,0,16,0,22,0,0.006
"Chrysoeriol",0,0,0,0,0,4,0,-2,300.267,3.213,529.601,91.131,202.716,235.754,0.000,898.813,2.000,4.500,0.0114826,0.0120165,0.8504760,29.500,10.060,15.376,10.455,1.774,-3.644,-4.429,-5.076,118.453,-1.546,49.313,-4.041,8.832,0.798,4,0.005,3,74.444,0.000,0.000,106.995,6,0,16,0,16,0,22,0,0.006
"Luteolin",0,0,0,0,0,4,0,-2,286.240,3.058,502.660,0.000,250.169,252.491,0.000,841.868,3.000,4.500,0.0111072,0.0155060,0.8578012,27.380,10.202,16.356,12.292,0.948,-3.080,-4.073,-5.037,42.029,-1.944,16.090,-4.857,8.871,0.834,4,-0.194,3,61.556,0.000,0.000,121.176,6,0,16,0,16,0,21,0,0.003
"Luteolin",0,0,0,0,0,4,0,-2,286.240,3.058,502.660,0.000,250.169,252.491,0.000,841.868,3.000,4.500,0.0111074,0.0155060,0.8578012,27.380,10.202,16.356,12.292,0.948,-3.080,-4.073,-5.037,42.029,-1.944,16.090,-4.857,8.871,0.834,4,-0.194,3,61.556,0.000,0.000,121.176,6,0,16,0,16,0,21,0,0.003
"Vitexin",3,0,0,0,0,8,0,-2,432.383,5.882,648.560,94.815,331.560,222.185,0.000,1197.332,6.000,12.250,0.0288938,0.0462659,0.8407970,38.748,14.609,29.389,24.136,-0.641,-3.006,-4.035,-5.168,7.108,-3.045,2.357,-6.079,9.084,0.851,9,-0.625,2,25.479,0.000,0.000,185.132,10,1,22,0,22,5,31,2,0.000
"Vitexin",3,0,0,0,0,8,0,-2,432.383,5.882,648.560,94.815,331.560,222.185,0.000,1197.332,6.000,12.250,0.0288939,0.0462659,0.8407970,38.748,14.609,29.389,24.136,-0.641,-3.006,-4.035,-5.168,7.108,-3.045,2.357,-6.079,9.084,0.851,9,-0.625,2,25.479,0.000,0.000,185.132,10,1,22,0,22,5,31,2,0.000
"Quercetin",0,0,0,0,0,5,0,-2,302.240,4.815,517.556,0.000,285.883,231.674,0.000,866.544,4.000,5.250,0.0267561,0.0202876,0.8493132,27.527,10.742,18.570,14.412,0.385,-2.884,-4.043,-5.075,19.270,-2.380,6.926,-5.492,8.879,0.638,5,-0.342,2,52.195,0.000,0.000,142.683,7,0,16,0,16,0,22,1,0.001
"Quercetin",0,0,0,0,0,5,0,-2,302.240,4.815,517.556,0.000,285.883,231.674,0.000,866.544,4.000,5.250,0.0267566,0.0202876,0.8493132,27.527,10.742,18.570,14.412,0.385,-2.884,-4.043,-5.075,19.270,-2.380,6.926,-5.492,8.879,0.638,5,-0.342,2,52.195,0.000,0.000,142.683,7,0,16,0,16,0,22,1,0.001
"Quercetin (dihydrate)",0,0,0,0,0,5,0,-2,302.240,4.815,517.556,0.000,285.883,231.674,0.000,866.544,4.000,5.250,0.0267561,0.0202876,0.8493132,27.527,10.742,18.570,14.412,0.385,-2.884,-4.043,-5.075,19.270,-2.380,6.926,-5.492,8.879,0.638,5,-0.342,2,52.195,0.000,0.000,142.683,7,0,16,0,16,0,22,1,0.001
"Quercetin (dihydrate)",0,0,0,0,0,5,0,-2,302.240,4.815,517.556,0.000,285.883,231.674,0.000,866.544,4.000,5.250,0.0267566,0.0202876,0.8493132,27.527,10.742,18.570,14.412,0.385,-2.884,-4.043,-5.075,19.270,-2.380,6.926,-5.492,8.879,0.638,5,-0.342,2,52.195,0.000,0.000,142.683,7,0,16,0,16,0,22,1,0.001
"Miquelianin",3,0,0,1,0,10,1,-2,478.365,2.225,653.846,51.734,417.888,184.224,0.000,1224.713,6.000,13.050,0.0040421,0.0488889,0.8466669,38.197,15.202,29.621,24.824,-0.862,-2.624,-4.577,-3.084,0.273,-3.926,0.089,-7.612,9.042,0.928,8,-0.891,1,0.000,0.000,0.000,242.031,13,2,22,0,22,5,34,2,0.000
"Miquelianin",3,0,0,1,0,10,1,-2,478.365,2.225,653.846,51.734,417.888,184.224,0.000,1224.713,6.000,13.050,0.0040416,0.0488889,0.8466669,38.197,15.202,29.621,24.824,-0.862,-2.624,-4.577,-3.084,0.273,-3.926,0.089,-7.612,9.042,0.928,8,-0.891,1,0.000,0.000,0.000,242.031,13,2,22,0,22,5,34,2,0.000
"4'-Methoxychalcone",0,0,0,0,0,5,1,0,238.285,4.734,515.927,105.805,44.773,365.348,0.000,858.131,0.000,2.750,0.0261106,0.0000000,0.8464723,28.467,8.978,10.735,5.356,3.672,-3.740,-3.577,-5.759,3726.650,-0.154,2050.585,-0.578,8.949,0.830,1,0.161,3,100.000,0.000,0.000,35.230,2,0,12,0,12,0,18,0,11.465
"Isoliquiritigenin",0,0,0,0,0,7,1,-2,256.257,4.047,512.762,12.853,192.621,307.288,0.000,847.842,2.000,3.250,0.0193189,0.0089636,0.8448759,26.217,9.953,13.598,8.940,2.068,-3.186,-3.755,-5.508,147.664,-1.657,62.580,-3.315,8.899,0.699,3,-0.068,3,77.881,0.000,0.000,91.463,4,0,12,0,12,0,19,0,0.081
"Isoliquiritigenin",0,0,0,0,0,7,1,-2,256.257,4.047,512.762,12.853,192.621,307.288,0.000,847.842,2.000,3.250,0.0193190,0.0089636,0.8448759,26.217,9.953,13.598,8.940,2.068,-3.186,-3.755,-5.508,147.664,-1.657,62.580,-3.315,8.899,0.699,3,-0.068,3,77.881,0.000,0.000,91.463,4,0,12,0,12,0,19,0,0.081
"Isoliquiritigenin",0,0,0,0,0,7,1,-2,256.257,4.047,512.762,12.853,192.621,307.288,0.000,847.842,2.000,3.250,0.0193193,0.0089636,0.8448759,26.217,9.953,13.598,8.940,2.068,-3.186,-3.755,-5.508,147.664,-1.657,62.580,-3.315,8.898,0.699,3,-0.068,3,77.881,0.000,0.000,91.463,4,0,12,0,12,0,19,0,0.081
"Chalcone",1,0,0,0,0,4,1,0,208.259,3.550,478.471,13.067,44.755,420.649,0.000,782.739,0.000,2.000,0.0160976,0.0000000,0.8584623,26.620,8.657,9.692,5.124,3.597,-3.600,-3.287,-5.828,3728.137,-0.082,2051.470,-0.478,9.330,0.890,0,0.185,3,100.000,0.000,0.000,26.935,1,0,12,0,12,0,16,0,17.960
"Neohesperidin",8,0,0,0,0,14,2,-2,610.568,2.410,876.937,338.342,391.689,146.906,0.000,1665.690,7.000,20.050,0.0034865,0.0604916,0.7749241,52.920,19.208,39.520,32.406,-1.557,-3.293,-4.330,-5.875,1.912,-4.629,0.570,-6.877,8.923,0.428,11,-1.174,1,0.000,0.000,0.000,237.193,15,3,28,0,28,12,43,2,0.000
"Naringin",7,0,0,0,0,13,2,-2,580.541,10.022,810.709,278.459,374.920,157.330,0.000,1562.454,7.000,19.300,0.0642778,0.0629856,0.8032266,49.531,18.049,38.835,31.685,-1.626,-2.843,-4.067,-5.466,2.758,-4.094,0.847,-6.627,9.122,0.418,10,-1.122,1,0.000,0.000,0.000,231.032,14,3,28,0,28,12,41,2,0.000
"Petunidin(chloride)",,,,,,,,,,,,,,,,,,,,,,,,,,,,,,,,,,,,,,,,,,,,,,,,,,,,,,,,,,,,,,,,,,,,,,,,,,,,,,,,,,,,,,,,,,,,,,,,,,,,,,,,,,,,,,,,,,,,,,,,,,,,,,,,,,,,,,,,,,,,,,,,,,,,,,,,,,,,,,,,,,,,,,,,,,,,,,,,,,,,,,,,,,,,,,,,,,,,,,,,,,,,,,,,,,,,,,,,,,,,,,,,,,,,,,,,,,,,,,,,,,,,,,,,,,,,,,,,,,,,,,,,,,,,,,,,,,,,,,,,,,,,,,,,,,,,,,,,,,,,,,,,,,,,,,,,,,,,,,,,,,,,,,,,,,,,,,,,,,,,,,,,,,,,,,,,,,,,,,,,,,,,,,,,,,,,,,,,,,,,,,,,,,,,,,,,,,,,,,,,,,,,,,,,,,,,,,,,,,,,,,,,,,,,,,,,,,,,,,,,,,,,,,,,,,,,,,,,,,,,,,,,,,,,,,,,,,,,,,,,,,,,,,,,,,,,,,,,,,,,
"Petunidin(chloride)",,,,,,,,,,,,,,,,,,,,,,,,,,,,,,,,,,,,,,,,,,,,,,,,,,,,,,,,,,,,,,,,,,,,,,,,,,,,,,,,,,,,,,,,,,,,,,,,,,,,,,,,,,,,,,,,,,,,,,,,,,,,,,,,,,,,,,,,,,,,,,,,,,,,,,,,,,,,,,,,,,,,,,,,,,,,,,,,,,,,,,,,,,,,,,,,,,,,,,,,,,,,,,,,,,,,,,,,,,,,,,,,,,,,,,,,,,,,,,,,,,,,,,,,,,,,,,,,,,,,,,,,,,,,,,,,,,,,,,,,,,,,,,,,,,,,,,,,,,,,,,,,,,,,,,,,,,,,,,,,,,,,,,,,,,,,,,,,,,,,,,,,,,,,,,,,,,,,,,,,,,,,,,,,,,,,,,,,,,,,,,,,,,,,,,,,,,,,,,,,,,,,,,,,,,,,,,,,,,,,,,,,,,,,,,,,,,,,,,,,,,,,,,,,,,,,,,,,,,,,,,,,,,,,,,,,,,,,,,,,,,,,,,,,,,,,,,,,,,,,
"Petunidin(chloride)",,,,,,,,,,,,,,,,,,,,,,,,,,,,,,,,,,,,,,,,,,,,,,,,,,,,,,,,,,,,,,,,,,,,,,,,,,,,,,,,,,,,,,,,,,,,,,,,,,,,,,,,,,,,,,,,,,,,,,,,,,,,,,,,,,,,,,,,,,,,,,,,,,,,,,,,,,,,,,,,,,,,,,,,,,,,,,,,,,,,,,,,,,,,,,,,,,,,,,,,,,,,,,,,,,,,,,,,,,,,,,,,,,,,,,,,,,,,,,,,,,,,,,,,,,,,,,,,,,,,,,,,,,,,,,,,,,,,,,,,,,,,,,,,,,,,,,,,,,,,,,,,,,,,,,,,,,,,,,,,,,,,,,,,,,,,,,,,,,,,,,,,,,,,,,,,,,,,,,,,,,,,,,,,,,,,,,,,,,,,,,,,,,,,,,,,,,,,,,,,,,,,,,,,,,,,,,,,,,,,,,,,,,,,,,,,,,,,,,,,,,,,,,,,,,,,,,,,,,,,,,,,,,,,,,,,,,,,,,,,,,,,,,,,,,,,,,,,,,,,
"Luteolinidin(chloride)",,,,,,,,,,,,,,,,,,,,,,,,,,,,,,,,,,,,,,,,,,,,,,,,,,,,,,,,,,,,,,,,,,,,,,,,,,,,,,,,,,,,,,,,,,,,,,,,,,,,,,,,,,,,,,,,,,,,,,,,,,,,,,,,,,,,,,,,,,,,,,,,,,,,,,,,,,,,,,,,,,,,,,,,,,,,,,,,,,,,,,,,,,,,,,,,,,,,,,,,,,,,,,,,,,,,,,,,,,,,,,,,,,,,,,,,,,,,,,,,,,,,,,,,,,,,,,,,,,,,,,,,,,,,,,,,,,,,,,,,,,,,,,,,,,,,,,,,,,,,,,,,,,,,,,,,,,,,,,,,,,,,,,,,,,,,,,,,,,,,,,,,,,,,,,,,,,,,,,,,,,,,,,,,,,,,,,,,,,,,,,,,,,,,,,,,,,,,,,,,,,,,,,,,,,,,,,,,,,,,,,,,,,,,,,,,,,,,,,,,,,,,,,,,,,,,,,,,,,,,,,,,,,,,,,,,,,,,,,,,,,,,,,,,,,,,,,,,,,,,
"Luteolinidin(chloride)",,,,,,,,,,,,,,,,,,,,,,,,,,,,,,,,,,,,,,,,,,,,,,,,,,,,,,,,,,,,,,,,,,,,,,,,,,,,,,,,,,,,,,,,,,,,,,,,,,,,,,,,,,,,,,,,,,,,,,,,,,,,,,,,,,,,,,,,,,,,,,,,,,,,,,,,,,,,,,,,,,,,,,,,,,,,,,,,,,,,,,,,,,,,,,,,,,,,,,,,,,,,,,,,,,,,,,,,,,,,,,,,,,,,,,,,,,,,,,,,,,,,,,,,,,,,,,,,,,,,,,,,,,,,,,,,,,,,,,,,,,,,,,,,,,,,,,,,,,,,,,,,,,,,,,,,,,,,,,,,,,,,,,,,,,,,,,,,,,,,,,,,,,,,,,,,,,,,,,,,,,,,,,,,,,,,,,,,,,,,,,,,,,,,,,,,,,,,,,,,,,,,,,,,,,,,,,,,,,,,,,,,,,,,,,,,,,,,,,,,,,,,,,,,,,,,,,,,,,,,,,,,,,,,,,,,,,,,,,,,,,,,,,,,,,,,,,,,,,,,
"Luteolinidin(chloride)",,,,,,,,,,,,,,,,,,,,,,,,,,,,,,,,,,,,,,,,,,,,,,,,,,,,,,,,,,,,,,,,,,,,,,,,,,,,,,,,,,,,,,,,,,,,,,,,,,,,,,,,,,,,,,,,,,,,,,,,,,,,,,,,,,,,,,,,,,,,,,,,,,,,,,,,,,,,,,,,,,,,,,,,,,,,,,,,,,,,,,,,,,,,,,,,,,,,,,,,,,,,,,,,,,,,,,,,,,,,,,,,,,,,,,,,,,,,,,,,,,,,,,,,,,,,,,,,,,,,,,,,,,,,,,,,,,,,,,,,,,,,,,,,,,,,,,,,,,,,,,,,,,,,,,,,,,,,,,,,,,,,,,,,,,,,,,,,,,,,,,,,,,,,,,,,,,,,,,,,,,,,,,,,,,,,,,,,,,,,,,,,,,,,,,,,,,,,,,,,,,,,,,,,,,,,,,,,,,,,,,,,,,,,,,,,,,,,,,,,,,,,,,,,,,,,,,,,,,,,,,,,,,,,,,,,,,,,,,,,,,,,,,,,,,,,,,,,,,,,
"Taxifolin",0,0,0,0,0,5,0,-2,304.256,4.495,515.443,26.903,277.778,210.762,0.000,878.672,4.000,6.450,0.0229975,0.0250270,0.8607335,27.813,10.713,19.229,15.391,0.121,-2.689,-3.588,-4.791,23.000,-2.238,8.386,-5.416,8.788,0.579,6,-0.423,2,52.028,0.000,0.000,141.123,7,0,16,0,16,2,22,0,0.002
"Taxifolin",0,0,0,0,0,5,0,-2,304.256,4.495,515.443,26.903,277.778,210.762,0.000,878.672,4.000,6.450,0.0229968,0.0250270,0.8607335,27.813,10.713,19.229,15.391,0.121,-2.689,-3.588,-4.791,23.000,-2.238,8.386,-5.416,8.788,0.579,6,-0.423,2,52.028,0.000,0.000,141.123,7,0,16,0,16,2,22,0,0.002
"Taxifolin",0,0,0,0,0,5,0,-2,304.256,4.495,515.443,26.903,277.778,210.762,0.000,878.672,4.000,6.450,0.0229976,0.0250270,0.8607335,27.813,10.713,19.229,15.391,0.121,-2.689,-3.588,-4.791,23.000,-2.238,8.386,-5.416,8.788,0.579,6,-0.423,2,52.028,0.000,0.000,141.123,7,0,16,0,16,2,22,0,0.002
"Glycitin",0,0,0,0,0,10,1,-2,446.410,8.084,711.704,209.012,262.932,239.761,0.000,1275.644,5.000,13.250,0.0512311,0.0416295,0.7992549,40.766,14.792,28.964,23.019,-0.027,-3.292,-4.000,-5.924,31.807,-2.783,11.906,-4.561,8.673,0.620,6,-0.766,2,53.678,0.000,0.000,164.982,10,0,22,0,22,5,32,0,0.006
"6-Hydroxyluteolin 7-glucoside",4,0,0,0,0,11,1,-2,464.382,10.885,735.632,157.164,393.698,184.770,0.000,1301.399,7.000,13.750,0.0910492,0.0494529,0.7836311,40.629,16.075,33.104,26.794,-1.325,-3.299,-4.032,-5.914,1.830,-4.374,0.544,-7.068,8.762,0.763,8,-0.898,1,0.000,0.000,0.000,220.042,12,2,22,0,22,5,33,2,0.000
"Dihydromyricetin",0,0,0,0,0,6,0,-2,320.255,5.658,525.942,27.295,324.111,174.536,0.000,899.469,5.000,7.200,0.0355932,0.0306111,0.8568096,27.657,11.200,21.337,17.468,-0.524,-2.489,-3.567,-4.681,8.363,-2.742,2.810,-6.302,8.799,0.602,7,-0.548,2,27.430,0.000,0.000,162.449,8,1,16,0,16,2,23,2,0.001
"Dihydromyricetin",0,0,0,0,0,6,0,-2,320.255,5.658,525.942,27.295,324.111,174.536,0.000,899.469,5.000,7.200,0.0355917,0.0306111,0.8568096,27.657,11.200,21.337,17.468,-0.524,-2.489,-3.567,-4.681,8.363,-2.742,2.810,-6.302,8.799,0.602,7,-0.548,2,27.430,0.000,0.000,162.449,8,1,16,0,16,2,23,2,0.001
"Dihydromyricetin",0,0,0,0,0,6,0,-2,320.255,5.658,525.942,27.295,324.111,174.536,0.000,899.469,5.000,7.200,0.0355916,0.0306111,0.8568096,27.657,11.200,21.337,17.468,-0.524,-2.489,-3.567,-4.681,8.363,-2.742,2.810,-6.302,8.799,0.602,7,-0.548,2,27.430,0.000,0.000,162.449,8,1,16,0,16,2,23,2,0.001
"Dihydromyricetin",0,0,0,0,0,6,0,-2,320.255,5.658,525.942,27.295,324.111,174.536,0.000,899.469,5.000,7.200,0.0355935,0.0306111,0.8568096,27.657,11.200,21.337,17.468,-0.524,-2.489,-3.567,-4.681,8.363,-2.742,2.810,-6.302,8.799,0.602,7,-0.548,2,27.430,0.000,0.000,162.449,8,1,16,0,16,2,23,2,0.001
"Malvidin(chloride)",,,,,,,,,,,,,,,,,,,,,,,,,,,,,,,,,,,,,,,,,,,,,,,,,,,,,,,,,,,,,,,,,,,,,,,,,,,,,,,,,,,,,,,,,,,,,,,,,,,,,,,,,,,,,,,,,,,,,,,,,,,,,,,,,,,,,,,,,,,,,,,,,,,,,,,,,,,,,,,,,,,,,,,,,,,,,,,,,,,,,,,,,,,,,,,,,,,,,,,,,,,,,,,,,,,,,,,,,,,,,,,,,,,,,,,,,,,,,,,,,,,,,,,,,,,,,,,,,,,,,,,,,,,,,,,,,,,,,,,,,,,,,,,,,,,,,,,,,,,,,,,,,,,,,,,,,,,,,,,,,,,,,,,,,,,,,,,,,,,,,,,,,,,,,,,,,,,,,,,,,,,,,,,,,,,,,,,,,,,,,,,,,,,,,,,,,,,,,,,,,,,,,,,,,,,,,,,,,,,,,,,,,,,,,,,,,,,,,,,,,,,,,,,,,,,,,,,,,,,,,,,,,,,,,,,,,,,,,,,,,,,,,,,,,,,,,,,,,,,,
"Malvidin(chloride)",,,,,,,,,,,,,,,,,,,,,,,,,,,,,,,,,,,,,,,,,,,,,,,,,,,,,,,,,,,,,,,,,,,,,,,,,,,,,,,,,,,,,,,,,,,,,,,,,,,,,,,,,,,,,,,,,,,,,,,,,,,,,,,,,,,,,,,,,,,,,,,,,,,,,,,,,,,,,,,,,,,,,,,,,,,,,,,,,,,,,,,,,,,,,,,,,,,,,,,,,,,,,,,,,,,,,,,,,,,,,,,,,,,,,,,,,,,,,,,,,,,,,,,,,,,,,,,,,,,,,,,,,,,,,,,,,,,,,,,,,,,,,,,,,,,,,,,,,,,,,,,,,,,,,,,,,,,,,,,,,,,,,,,,,,,,,,,,,,,,,,,,,,,,,,,,,,,,,,,,,,,,,,,,,,,,,,,,,,,,,,,,,,,,,,,,,,,,,,,,,,,,,,,,,,,,,,,,,,,,,,,,,,,,,,,,,,,,,,,,,,,,,,,,,,,,,,,,,,,,,,,,,,,,,,,,,,,,,,,,,,,,,,,,,,,,,,,,,,,,
"Malvidin(chloride)",,,,,,,,,,,,,,,,,,,,,,,,,,,,,,,,,,,,,,,,,,,,,,,,,,,,,,,,,,,,,,,,,,,,,,,,,,,,,,,,,,,,,,,,,,,,,,,,,,,,,,,,,,,,,,,,,,,,,,,,,,,,,,,,,,,,,,,,,,,,,,,,,,,,,,,,,,,,,,,,,,,,,,,,,,,,,,,,,,,,,,,,,,,,,,,,,,,,,,,,,,,,,,,,,,,,,,,,,,,,,,,,,,,,,,,,,,,,,,,,,,,,,,,,,,,,,,,,,,,,,,,,,,,,,,,,,,,,,,,,,,,,,,,,,,,,,,,,,,,,,,,,,,,,,,,,,,,,,,,,,,,,,,,,,,,,,,,,,,,,,,,,,,,,,,,,,,,,,,,,,,,,,,,,,,,,,,,,,,,,,,,,,,,,,,,,,,,,,,,,,,,,,,,,,,,,,,,,,,,,,,,,,,,,,,,,,,,,,,,,,,,,,,,,,,,,,,,,,,,,,,,,,,,,,,,,,,,,,,,,,,,,,,,,,,,,,,,,,,,,
"Daidzin",0,0,0,0,0,9,1,-2,416.384,3.388,673.127,115.973,265.026,292.128,0.000,1193.271,5.000,12.500,0.0096174,0.0415239,0.8082775,38.612,14.377,27.377,22.779,-0.157,-3.105,-3.729,-6.027,30.385,-2.683,11.331,-4.511,8.762,0.548,5,-0.767,2,52.562,0.000,0.000,157.479,9,0,22,0,22,5,30,0,0.010
"(-)-Epicatechin gallate",4,0,0,0,0,9,1,-2,442.378,4.085,681.910,55.417,374.313,252.180,0.000,1232.606,7.000,8.000,0.0135356,0.0310393,0.8153063,39.804,15.684,28.846,21.769,0.423,-3.777,-5.613,-5.723,2.794,-3.733,0.859,-6.666,8.721,0.506,9,-0.273,1,24.450,0.000,0.000,190.583,10,1,22,0,22,3,32,2,0.000
"(-)-Epicatechin gallate",4,0,0,0,0,9,1,-2,442.378,4.085,681.910,55.417,374.313,252.180,0.000,1232.606,7.000,8.000,0.0135356,0.0310393,0.8153063,39.804,15.684,28.846,21.769,0.423,-3.777,-5.613,-5.723,2.794,-3.733,0.859,-6.666,8.721,0.506,9,-0.273,1,24.450,0.000,0.000,190.583,10,1,22,0,22,3,32,2,0.000
"(-)-Epicatechin gallate",4,0,0,0,0,9,1,-2,442.378,4.085,681.910,55.417,374.313,252.180,0.000,1232.606,7.000,8.000,0.0135358,0.0310393,0.8153063,39.804,15.684,28.846,21.769,0.423,-3.777,-5.613,-5.723,2.794,-3.733,0.859,-6.666,8.721,0.506,9,-0.273,1,24.450,0.000,0.000,190.583,10,1,22,0,22,3,32,2,0.000
"Nobiletin",0,0,0,0,0,6,0,0,402.400,4.366,658.954,473.436,46.648,138.870,0.000,1210.919,0.000,7.000,0.0157424,0.0000000,0.8337835,39.781,10.773,16.508,8.138,3.626,-4.062,-5.331,-4.884,3577.113,-0.245,1961.794,-1.314,8.729,0.878,6,0.006,3,100.000,0.000,0.000,73.886,8,0,16,0,16,0,29,0,1.692
"Hesperetin",0,0,0,0,0,4,0,-2,302.283,4.098,539.681,140.828,197.721,201.131,0.000,919.904,2.000,4.750,0.0182555,0.0124472,0.8475983,30.013,9.979,15.698,10.457,1.803,-3.747,-4.252,-4.957,132.103,-1.512,55.483,-4.071,8.835,0.452,6,0.018,3,75.461,0.000,0.000,107.691,6,0,16,0,16,2,22,0,0.005
"Hesperetin",0,0,0,0,0,4,0,-2,302.283,4.098,539.681,140.828,197.721,201.131,0.000,919.904,2.000,4.750,0.0182562,0.0124472,0.8475983,30.013,9.979,15.698,10.457,1.803,-3.747,-4.252,-4.957,132.103,-1.512,55.483,-4.071,8.835,0.452,6,0.018,3,75.461,0.000,0.000,107.691,6,0,16,0,16,2,22,0,0.005
"Hesperetin",0,0,0,0,0,4,0,-2,302.283,4.098,539.681,140.828,197.721,201.131,0.000,919.904,2.000,4.750,0.0182551,0.0124472,0.8475983,30.013,9.979,15.698,10.457,1.803,-3.747,-4.252,-4.957,132.103,-1.512,55.483,-4.071,8.836,0.452,6,0.018,3,75.461,0.000,0.000,107.691,6,0,16,0,16,2,22,0,0.005
"(-)-Epicatechin",0,0,0,0,0,5,0,-2,290.272,5.474,509.366,64.408,237.967,206.991,0.000,872.637,5.000,5.450,0.0343413,0.0239250,0.8670102,27.535,10.605,20.015,15.560,0.491,-2.586,-3.474,-4.671,54.861,-1.848,21.461,-4.696,8.722,-0.043,7,-0.405,2,60.951,0.000,0.000,115.460,6,0,16,0,16,3,21,1,0.015
"5-Hydroxyflavone",0,0,0,0,0,1,0,0,238.242,4.880,467.123,0.000,94.056,373.067,0.000,775.258,0.000,2.250,0.0307205,0.0000000,0.8737049,27.793,8.687,10.746,6.016,3.240,-3.728,-4.048,-5.355,1270.470,-0.318,640.801,-1.843,9.126,0.848,1,0.224,3,100.000,0.000,0.000,54.571,3,0,16,0,16,0,18,0,0.640
"Tangeretin",0,0,0,0,0,5,0,0,372.374,6.595,636.214,401.172,46.384,188.658,0.000,1139.016,0.000,6.250,0.0381848,0.0000000,0.8290519,38.021,10.450,15.865,7.902,3.582,-4.187,-5.041,-5.198,3597.833,-0.188,1974.079,-1.230,8.768,0.849,5,0.040,3,100.000,0.000,0.000,66.462,7,0,16,0,16,0,27,0,1.427
"Neohesperidin dihydrochalcone",8,0,0,0,0,19,2,-2,612.583,6.028,919.570,367.305,394.031,158.235,0.000,1721.045,7.000,19.050,0.0211116,0.0548099,0.7552806,52.033,19.993,38.682,30.514,-0.964,-3.243,-4.613,-6.246,1.817,-5.187,0.539,-6.400,8.712,0.437,12,-1.205,1,0.000,0.000,0.000,248.353,15,3,24,0,24,10,43,2,0.000
"Neohesperidin dihydrochalcone",8,0,0,0,0,19,2,-2,612.583,6.028,919.571,367.305,394.030,158.235,0.000,1721.046,7.000,19.050,0.0211111,0.0548099,0.7552805,52.033,19.993,38.682,30.514,-0.964,-3.243,-4.613,-6.246,1.817,-5.187,0.539,-6.400,8.712,0.437,12,-1.205,1,0.000,0.000,0.000,248.353,15,3,24,0,24,10,43,2,0.000
"Alpha-Naphthoflavone",2,0,0,0,0,0,0,1,272.303,5.299,518.717,0.000,54.732,463.985,0.000,888.037,0.000,2.500,0.0316196,0.0000000,0.8613674,33.816,10.113,12.976,6.958,4.153,-5.056,-4.895,-5.988,2998.295,0.072,1621.044,-0.894,8.643,1.001,0,0.527,3,100.000,0.000,0.000,33.664,2,0,20,0,20,0,21,0,0.636
"Hesperidin",8,0,0,0,0,14,2,-2,610.568,1.966,913.109,364.696,372.701,175.713,0.000,1688.630,7.000,20.050,0.0022878,0.0580952,0.7510439,54.114,19.717,39.744,32.560,-1.349,-3.739,-4.330,-6.398,2.895,-4.685,0.893,-6.425,8.927,0.449,11,-1.211,1,0.000,0.000,0.000,239.973,15,3,28,0,28,12,43,2,0.000
"Rotenone",0,0,0,0,0,3,0,1,394.423,4.519,646.526,432.259,30.989,183.277,0.000,1181.736,0.000,5.750,0.0172831,0.0000000,0.8361026,40.963,10.707,16.361,7.734,4.102,-6.249,-5.717,-5.058,5035.364,0.087,2838.980,-1.157,8.480,0.581,6,0.383,1,100.000,0.000,0.000,64.275,6,0,21,0,21,5,29,1,0.295
"Phlorizin",3,0,0,0,0,14,1,-2,436.415,9.709,712.656,149.423,336.355,226.878,0.000,1286.862,6.000,12.500,0.0732586,0.0429641,0.8028601,38.524,15.542,29.759,23.277,-0.353,-2.783,-3.783,-5.804,6.401,-3.759,2.105,-5.575,8.875,0.202,9,-0.830,2,26.352,0.000,0.000,187.617,10,1,18,0,18,5,31,2,0.002
"Phlorizin",3,0,0,0,0,14,1,-2,436.415,9.709,712.656,149.423,336.355,226.878,0.000,1286.862,6.000,12.500,0.0732570,0.0429641,0.8028601,38.524,15.542,29.759,23.277,-0.353,-2.783,-3.783,-5.804,6.401,-3.759,2.105,-5.575,8.875,0.202,9,-0.830,2,26.352,0.000,0.000,187.617,10,1,18,0,18,5,31,2,0.002
"Phlorizin",3,0,0,0,0,14,1,-2,436.415,9.710,712.656,149.423,336.355,226.878,0.000,1286.862,6.000,12.500,0.0732599,0.0429641,0.8028601,38.524,15.542,29.759,23.277,-0.353,-2.783,-3.783,-5.804,6.401,-3.759,2.105,-5.575,8.875,0.202,9,-0.830,2,26.352,0.000,0.000,187.617,10,1,18,0,18,5,31,2,0.002
"Phloretin",0,0,0,0,0,8,0,-2,274.273,5.302,458.553,70.823,207.725,180.004,0.000,823.702,2.000,3.000,0.0341317,0.0092522,0.9267356,23.393,9.428,12.730,7.579,1.792,-2.155,-4.193,-3.576,106.179,-1.531,43.814,-3.946,8.974,0.061,6,-0.101,3,73.698,0.000,0.000,109.866,5,0,12,0,12,0,20,0,0.217
"Phloretin",0,0,0,0,0,8,0,-2,274.273,5.306,459.827,70.787,207.960,181.080,0.000,824.416,2.000,3.000,0.0341514,0.0092266,0.9247006,23.432,9.429,12.742,7.591,1.795,-2.177,-4.193,-3.614,105.637,-1.540,43.572,-3.946,8.973,0.063,6,-0.100,3,73.677,0.000,0.000,109.830,5,0,12,0,12,0,20,0,0.207
"Phloretin",0,0,0,0,0,8,0,-2,274.273,5.306,459.827,70.787,207.960,181.080,0.000,824.416,2.000,3.000,0.0341512,0.0092266,0.9247005,23.432,9.429,12.742,7.591,1.795,-2.177,-4.193,-3.614,105.637,-1.540,43.572,-3.946,8.973,0.063,6,-0.100,3,73.677,0.000,0.000,109.830,5,0,12,0,12,0,20,0,0.207
"5355469",0,0,0,0,0,8,1,0,314.337,5.226,599.811,284.950,72.229,242.633,0.000,1031.106,0.000,4.000,0.0264890,0.0000000,0.8229106,32.291,9.964,12.547,5.480,3.877,-4.491,-4.612,-5.555,2046.230,-0.630,1072.643,-1.228,8.704,0.514,4,0.202,3,100.000,0.000,0.000,66.628,5,0,12,0,12,0,23,0,1.210
"5355469",0,0,0,0,0,8,1,0,314.337,5.226,599.811,284.950,72.229,242.633,0.000,1031.106,0.000,4.000,0.0264897,0.0000000,0.8229106,32.291,9.964,12.547,5.480,3.877,-4.491,-4.612,-5.555,2046.230,-0.630,1072.643,-1.228,8.704,0.514,4,0.202,3,100.000,0.000,0.000,66.628,5,0,12,0,12,0,23,0,1.210
"92775",0,0,0,0,0,3,0,-2,272.257,2.984,501.263,48.086,206.370,246.807,0.000,842.227,3.000,5.000,0.0105720,0.0172769,0.8604368,27.983,9.871,16.644,12.665,1.082,-3.132,-3.527,-4.967,109.369,-1.476,45.238,-4.165,8.915,0.548,5,-0.207,3,69.774,0.000,0.000,102.278,5,0,16,0,16,2,20,0,0.014
"5281946",0,0,0,0,0,3,0,-1,284.268,4.499,508.277,74.396,138.988,294.894,0.000,867.899,1.000,3.750,0.0233228,0.0073779,0.8657193,29.469,9.565,13.521,8.390,2.542,-3.733,-4.447,-5.111,476.296,-0.854,221.908,-2.754,9.105,0.740,3,0.142,3,89.757,0.000,0.000,83.981,5,0,16,0,16,0,21,0,0.093
"5281946",0,0,0,0,0,3,0,-1,284.268,4.499,508.277,74.396,138.988,294.894,0.000,867.899,1.000,3.750,0.0233228,0.0073779,0.8657193,29.469,9.565,13.521,8.390,2.542,-3.733,-4.447,-5.111,476.296,-0.854,221.908,-2.754,9.105,0.740,3,0.142,3,89.757,0.000,0.000,83.981,5,0,16,0,16,0,21,0,0.093
"5,7-Dimethoxyflavone",0,0,0,0,0,2,0,0,282.295,3.852,535.501,182.112,50.890,302.500,0.000,911.813,0.000,4.000,0.0162771,0.0000000,0.8491968,31.941,9.130,12.539,6.910,3.298,-3.945,-4.172,-5.415,3260.720,-0.028,1774.930,-1.200,9.086,0.787,2,0.110,3,100.000,0.000,0.000,48.740,4,0,16,0,16,0,21,0,2.023
"6-Demethoxytangeretin",0,0,0,0,0,4,0,0,342.348,4.752,595.435,347.628,50.824,196.983,0.000,1055.785,0.000,5.500,0.0213898,0.0000000,0.8421342,35.411,9.766,14.408,7.373,3.383,-3.970,-4.751,-5.026,3265.415,-0.155,1777.692,-1.378,8.887,0.745,4,0.042,3,100.000,0.000,0.000,63.248,6,0,16,0,16,0,25,0,1.537
"Baicalin methyl ester",1,0,0,0,0,8,2,-2,460.393,7.189,736.103,161.771,303.712,270.620,0.000,1315.717,3.000,11.550,0.0392855,0.0271772,0.7888629,43.949,15.254,26.374,19.403,0.775,-4.328,-4.936,-6.239,13.056,-3.172,4.547,-5.396,8.916,0.854,6,-0.367,2,38.494,0.000,0.000,188.016,11,1,22,0,22,5,33,1,0.000
"5280699",0,0,0,0,0,6,0,-2,360.320,5.766,590.129,248.592,178.228,163.309,0.000,1040.186,2.000,6.000,0.0319578,0.0143787,0.8413155,33.181,10.730,17.454,10.978,2.155,-3.916,-5.067,-4.878,202.194,-1.477,87.896,-3.653,8.880,0.795,6,0.032,3,80.833,0.000,0.000,119.598,8,0,16,0,16,0,26,0,0.010
"Cyanidin-3-O-galactoside(chloride)",,,,,,,,,,,,,,,,,,,,,,,,,,,,,,,,,,,,,,,,,,,,,,,,,,,,,,,,,,,,,,,,,,,,,,,,,,,,,,,,,,,,,,,,,,,,,,,,,,,,,,,,,,,,,,,,,,,,,,,,,,,,,,,,,,,,,,,,,,,,,,,,,,,,,,,,,,,,,,,,,,,,,,,,,,,,,,,,,,,,,,,,,,,,,,,,,,,,,,,,,,,,,,,,,,,,,,,,,,,,,,,,,,,,,,,,,,,,,,,,,,,,,,,,,,,,,,,,,,,,,,,,,,,,,,,,,,,,,,,,,,,,,,,,,,,,,,,,,,,,,,,,,,,,,,,,,,,,,,,,,,,,,,,,,,,,,,,,,,,,,,,,,,,,,,,,,,,,,,,,,,,,,,,,,,,,,,,,,,,,,,,,,,,,,,,,,,,,,,,,,,,,,,,,,,,,,,,,,,,,,,,,,,,,,,,,,,,,,,,,,,,,,,,,,,,,,,,,,,,,,,,,,,,,,,,,,,,,,,,,,,,,,,,,,,,,,,,,,,,,
"Cyanidin-3-O-galactoside(chloride)",,,,,,,,,,,,,,,,,,,,,,,,,,,,,,,,,,,,,,,,,,,,,,,,,,,,,,,,,,,,,,,,,,,,,,,,,,,,,,,,,,,,,,,,,,,,,,,,,,,,,,,,,,,,,,,,,,,,,,,,,,,,,,,,,,,,,,,,,,,,,,,,,,,,,,,,,,,,,,,,,,,,,,,,,,,,,,,,,,,,,,,,,,,,,,,,,,,,,,,,,,,,,,,,,,,,,,,,,,,,,,,,,,,,,,,,,,,,,,,,,,,,,,,,,,,,,,,,,,,,,,,,,,,,,,,,,,,,,,,,,,,,,,,,,,,,,,,,,,,,,,,,,,,,,,,,,,,,,,,,,,,,,,,,,,,,,,,,,,,,,,,,,,,,,,,,,,,,,,,,,,,,,,,,,,,,,,,,,,,,,,,,,,,,,,,,,,,,,,,,,,,,,,,,,,,,,,,,,,,,,,,,,,,,,,,,,,,,,,,,,,,,,,,,,,,,,,,,,,,,,,,,,,,,,,,,,,,,,,,,,,,,,,,,,,,,,,,,,,,,
"Cyanidin-3-O-galactoside(chloride)",,,,,,,,,,,,,,,,,,,,,,,,,,,,,,,,,,,,,,,,,,,,,,,,,,,,,,,,,,,,,,,,,,,,,,,,,,,,,,,,,,,,,,,,,,,,,,,,,,,,,,,,,,,,,,,,,,,,,,,,,,,,,,,,,,,,,,,,,,,,,,,,,,,,,,,,,,,,,,,,,,,,,,,,,,,,,,,,,,,,,,,,,,,,,,,,,,,,,,,,,,,,,,,,,,,,,,,,,,,,,,,,,,,,,,,,,,,,,,,,,,,,,,,,,,,,,,,,,,,,,,,,,,,,,,,,,,,,,,,,,,,,,,,,,,,,,,,,,,,,,,,,,,,,,,,,,,,,,,,,,,,,,,,,,,,,,,,,,,,,,,,,,,,,,,,,,,,,,,,,,,,,,,,,,,,,,,,,,,,,,,,,,,,,,,,,,,,,,,,,,,,,,,,,,,,,,,,,,,,,,,,,,,,,,,,,,,,,,,,,,,,,,,,,,,,,,,,,,,,,,,,,,,,,,,,,,,,,,,,,,,,,,,,,,,,,,,,,,,,,
"Dihydrorotenone",0,0,0,0,0,3,0,1,396.439,4.581,670.669,489.465,31.153,150.051,0.000,1220.037,0.000,5.750,0.0171974,0.0000000,0.8233267,42.179,10.830,16.696,7.568,4.241,-5.858,-5.760,-5.106,5017.353,0.076,2828.005,-1.277,8.474,0.565,4,0.494,3,100.000,0.000,0.000,64.570,6,0,21,0,21,5,29,1,0.078
"Glabrol",1,0,0,0,0,6,0,-2,392.494,2.031,652.005,328.646,138.225,185.135,0.000,1256.241,2.000,4.250,0.0032842,0.0092183,0.8635671,42.036,12.620,19.212,9.280,4.490,-5.489,-6.230,-4.623,484.299,-1.034,225.941,-2.839,9.128,0.462,10,0.903,1,100.000,0.000,0.000,75.209,4,0,16,0,16,2,29,1,0.002
"Glabrone",0,0,0,0,0,3,0,-1,336.343,3.846,593.148,152.032,125.220,315.895,0.000,1033.552,2.000,4.750,0.0143150,0.0113252,0.8334712,36.299,11.351,17.684,11.093,2.899,-4.349,-5.224,-5.733,643.335,-0.819,307.110,-2.426,8.709,0.719,2,0.342,3,94.183,0.000,0.000,84.374,5,0,20,0,20,1,25,0,0.019
"Glabrone",0,0,0,0,0,3,0,-1,336.343,3.846,593.148,152.032,125.220,315.895,0.000,1033.552,2.000,4.750,0.0143150,0.0113252,0.8334712,36.299,11.351,17.684,11.093,2.899,-4.349,-5.224,-5.733,643.335,-0.819,307.110,-2.426,8.709,0.719,2,0.342,3,94.183,0.000,0.000,84.374,5,0,20,0,20,1,25,0,0.019
"Isosakuranin",0,0,0,0,0,9,1,-2,448.426,4.532,722.886,257.549,253.383,211.954,0.000,1296.480,4.000,12.500,0.0158429,0.0345836,0.7954369,41.976,14.509,26.974,20.810,0.495,-3.756,-4.207,-5.853,39.181,-2.649,14.915,-4.579,9.107,0.366,8,-0.583,2,58.356,0.000,0.000,164.405,10,0,22,0,22,7,32,1,0.002
"Isovitexin 2''-O-arabinoside",6,0,0,0,0,12,1,-2,564.499,6.673,765.055,186.713,359.816,218.527,0.000,1478.060,8.000,19.050,0.0301234,0.0704283,0.8202259,47.380,17.783,39.035,33.328,-1.849,-2.614,-3.949,-5.483,3.835,-3.725,1.210,-6.229,8.873,0.607,11,-1.120,1,0.000,0.000,0.000,237.939,14,3,28,0,28,10,40,2,0.001
"Isovitexin 2''-O-arabinoside",6,0,0,0,0,12,1,-2,564.499,6.673,765.055,186.713,359.816,218.527,0.000,1478.060,8.000,19.050,0.0301257,0.0704283,0.8202259,47.380,17.783,39.035,33.328,-1.849,-2.614,-3.949,-5.483,3.835,-3.725,1.210,-6.229,8.873,0.607,11,-1.120,1,0.000,0.000,0.000,237.939,14,3,28,0,28,10,40,2,0.001
"Isovitexin 2''-O-arabinoside",6,0,0,0,0,12,1,-2,564.499,6.673,765.055,186.713,359.816,218.527,0.000,1478.060,8.000,19.050,0.0301258,0.0704283,0.8202259,47.380,17.783,39.035,33.328,-1.849,-2.614,-3.949,-5.483,3.835,-3.725,1.210,-6.229,8.873,0.607,11,-1.120,1,0.000,0.000,0.000,237.939,14,3,28,0,28,10,40,2,0.001
"Kakkalide",5,0,0,0,0,15,2,-2,608.552,5.560,905.781,362.966,323.554,219.262,0.000,1669.796,6.000,19.800,0.0185160,0.0535448,0.7514797,53.134,19.273,37.823,30.573,-0.860,-3.515,-4.562,-6.599,8.465,-4.160,2.847,-5.270,8.725,0.589,9,-1.254,1,0.000,0.000,0.000,223.847,15,3,28,0,28,10,43,2,0.001
"Kuwanon G",6,0,0,0,0,12,0,-2,692.718,5.329,867.717,253.768,369.137,244.812,0.000,1872.043,6.000,8.500,0.0151679,0.0239948,0.8465725,63.398,20.716,36.265,20.497,4.366,-6.245,-11.121,-5.182,3.129,-3.594,0.971,-6.308,8.791,0.418,16,1.201,1,22.498,0.000,0.000,220.831,11,3,34,0,34,4,51,3,0.000
"Kuwanon G",6,0,0,0,0,12,0,-2,692.718,5.328,867.717,253.768,369.137,244.812,0.000,1872.043,6.000,8.500,0.0151662,0.0239948,0.8465726,63.398,20.716,36.265,20.497,4.366,-6.245,-11.121,-5.182,3.129,-3.594,0.971,-6.308,8.792,0.419,16,1.201,1,22.498,0.000,0.000,220.831,11,3,34,0,34,4,51,3,0.000
"Kuwanon G",6,0,0,0,0,12,0,-2,692.718,5.329,867.717,253.768,369.137,244.812,0.000,1872.043,6.000,8.500,0.0151689,0.0239948,0.8465724,63.398,20.716,36.265,20.497,4.366,-6.245,-11.121,-5.182,3.129,-3.594,0.971,-6.308,8.791,0.418,16,1.201,1,22.498,0.000,0.000,220.831,11,3,34,0,34,4,51,3,0.000
"Kuwanon G",6,0,0,0,0,12,0,-2,692.718,5.329,867.717,253.768,369.137,244.812,0.000,1872.043,6.000,8.500,0.0151675,0.0239948,0.8465726,63.398,20.716,36.265,20.497,4.366,-6.245,-11.121,-5.182,3.129,-3.594,0.971,-6.308,8.792,0.419,16,1.201,1,22.498,0.000,0.000,220.831,11,3,34,0,34,4,51,3,0.000
"Licochalcone D",0,0,0,0,0,10,1,-2,354.402,2.612,683.034,288.088,176.389,218.558,0.000,1187.569,3.000,5.000,0.0057459,0.0126791,0.7940143,37.039,12.744,19.162,11.162,3.306,-4.977,-4.981,-5.907,210.476,-1.904,91.794,-3.040,8.898,0.851,7,0.299,3,87.882,0.000,0.000,97.781,5,0,12,0,12,0,26,1,0.003
"Licochalcone D",0,0,0,0,0,10,1,-2,354.402,2.612,683.034,288.088,176.389,218.558,0.000,1187.569,3.000,5.000,0.0057459,0.0126791,0.7940143,37.039,12.744,19.162,11.162,3.306,-4.977,-4.981,-5.907,210.476,-1.904,91.794,-3.040,8.898,0.851,7,0.299,3,87.882,0.000,0.000,97.781,5,0,12,0,12,0,26,1,0.003
"Licochalcone E",0,0,0,0,0,9,1,-2,338.402,2.871,660.464,288.483,140.611,231.371,0.000,1159.531,2.000,4.250,0.0071085,0.0091003,0.8081723,36.681,12.066,17.125,8.969,3.892,-5.149,-5.031,-5.739,459.710,-1.414,213.567,-2.432,8.740,0.647,5,0.490,3,100.000,0.000,0.000,77.171,4,0,12,0,12,0,25,0,0.009
"Licochalcone E",0,0,0,0,0,9,1,-2,338.402,2.871,660.464,288.483,140.611,231.371,0.000,1159.531,2.000,4.250,0.0071085,0.0091003,0.8081723,36.681,12.066,17.125,8.969,3.892,-5.149,-5.031,-5.739,459.710,-1.414,213.567,-2.432,8.740,0.647,5,0.490,3,100.000,0.000,0.000,77.171,4,0,12,0,12,0,25,0,0.009
"Licoflavone A",0,0,0,0,0,4,0,-2,322.360,6.409,626.990,198.600,151.423,276.967,0.000,1074.641,2.000,4.000,0.0382199,0.0090222,0.8092449,36.930,11.635,17.782,10.129,3.435,-5.452,-5.041,-5.939,363.040,-1.219,165.468,-2.951,9.088,0.829,5,0.520,3,92.875,0.000,0.000,78.769,4,0,16,0,16,0,24,0,0.001
"Licoflavone B",1,0,0,0,0,6,0,-2,390.478,5.004,769.945,396.145,138.685,235.115,0.000,1346.133,2.000,4.000,0.0185995,0.0073471,0.7657682,46.111,14.009,20.406,9.660,5.171,-7.668,-6.412,-6.443,479.460,-1.375,223.502,-2.671,9.052,0.801,8,1.150,1,92.244,0.000,0.000,77.078,4,1,16,0,16,0,29,2,0.000
"Licoflavone C",0,0,0,0,0,5,0,-2,338.359,5.797,621.482,170.801,193.222,257.458,0.000,1105.037,2.000,3.750,0.0304105,0.0085333,0.8317399,37.318,12.104,17.911,9.800,3.421,-5.267,-5.451,-5.482,145.738,-1.600,61.698,-3.694,8.961,0.699,6,0.611,3,85.700,0.000,0.000,96.401,5,0,16,0,16,0,25,0,0.000
"Licoflavone C",0,0,0,0,0,5,0,-2,338.359,5.797,621.482,170.801,193.223,257.458,0.000,1105.037,2.000,3.750,0.0304096,0.0085333,0.8317398,37.318,12.104,17.911,9.800,3.421,-5.267,-5.451,-5.482,145.737,-1.600,61.698,-3.694,8.961,0.699,6,0.611,3,85.700,0.000,0.000,96.401,5,0,16,0,16,0,25,0,0.000
"Lonicerin",8,0,0,0,0,14,2,-2,594.525,5.209,842.409,210.292,434.425,197.691,0.000,1594.733,8.000,19.800,0.0170117,0.0664795,0.7836118,50.566,19.392,40.513,34.177,-2.169,-2.967,-4.208,-5.976,0.752,-4.997,0.208,-7.485,8.941,0.843,9,-1.238,1,0.000,0.000,0.000,251.039,15,3,28,0,28,10,42,2,0.000
"Mauritianin",12,0,0,0,0,18,3,-2,740.668,7.157,916.721,284.419,445.162,187.140,0.000,1860.581,10.000,26.600,0.0275319,0.0917581,0.7980437,58.536,22.025,50.133,43.102,-3.311,-1.887,-4.257,-5.692,0.595,-5.181,0.161,-7.336,9.174,0.873,11,-1.728,1,0.000,0.000,0.000,298.552,19,3,34,0,34,15,52,2,0.000
"Mauritianin",12,0,0,0,0,18,3,-2,740.668,7.028,917.443,285.746,449.118,182.578,0.000,1865.423,10.000,26.600,0.0264809,0.0916859,0.7987994,58.686,22.054,50.190,43.100,-3.315,-1.894,-4.257,-5.658,0.546,-5.214,0.147,-7.425,9.178,0.858,11,-1.717,1,0.000,0.000,0.000,300.757,19,3,34,0,34,15,52,2,0.000
"Meloside A",9,0,0,0,0,14,1,-2,594.525,8.750,795.547,169.259,410.917,215.371,0.000,1544.505,9.000,20.750,0.0495701,0.0782480,0.8122539,48.724,18.963,42.318,36.425,-2.554,-2.356,-3.819,-5.597,1.257,-4.433,0.362,-6.990,8.891,0.704,12,-1.312,1,0.000,0.000,0.000,260.531,15,3,28,0,28,10,42,2,0.000
"Meloside A",9,0,0,0,0,14,1,-2,594.525,8.750,795.547,169.259,410.917,215.371,0.000,1544.505,9.000,20.750,0.0495696,0.0782480,0.8122539,48.724,18.963,42.318,36.425,-2.554,-2.356,-3.819,-5.597,1.257,-4.433,0.362,-6.990,8.891,0.704,12,-1.312,1,0.000,0.000,0.000,260.531,15,3,28,0,28,10,42,2,0.000
"Meloside A",9,0,0,0,0,14,1,-2,594.525,8.750,795.547,169.259,410.917,215.371,0.000,1544.505,9.000,20.750,0.0495702,0.0782480,0.8122539,48.724,18.963,42.318,36.425,-2.554,-2.356,-3.819,-5.597,1.257,-4.433,0.362,-6.990,8.891,0.704,12,-1.312,1,0.000,0.000,0.000,260.531,15,3,28,0,28,10,42,2,0.000
"Negletein",0,0,0,0,0,3,0,-1,284.268,7.394,517.223,92.720,139.025,285.479,0.000,875.153,1.000,3.750,0.0624700,0.0072503,0.8554793,29.670,9.520,14.084,8.348,2.572,-3.890,-4.447,-5.232,475.914,-0.884,221.716,-2.788,8.810,0.840,3,0.158,3,89.929,0.000,0.000,82.845,5,0,16,0,16,0,21,0,0.060
"Neodiosmin",7,0,0,0,0,14,2,-2,608.552,5.123,896.879,312.144,383.068,201.667,0.000,1664.059,7.000,19.800,0.0157690,0.0584091,0.7572001,53.378,19.684,39.657,32.522,-1.415,-3.594,-4.513,-6.422,2.308,-4.735,0.699,-6.525,8.942,1.022,9,-1.202,1,0.000,0.000,0.000,239.789,15,3,28,0,28,10,43,2,0.000
"Neoisoastilbin",3,0,0,0,0,9,1,-2,450.398,7.807,653.502,124.120,347.377,182.004,0.000,1212.200,6.000,13.250,0.0502762,0.0496644,0.8413330,38.317,14.573,30.059,24.746,-1.037,-2.753,-3.889,-4.967,5.032,-3.251,1.623,-6.416,8.923,0.594,9,-0.744,1,7.518,0.000,0.000,191.619,11,2,22,0,22,7,32,2,0.000
"Neoisoastilbin",3,0,0,0,0,9,1,-2,450.398,7.807,653.502,124.120,347.377,182.005,0.000,1212.200,6.000,13.250,0.0502770,0.0496644,0.8413330,38.317,14.573,30.059,24.746,-1.037,-2.753,-3.889,-4.967,5.032,-3.251,1.623,-6.416,8.923,0.594,9,-0.744,1,7.518,0.000,0.000,191.619,11,2,22,0,22,7,32,2,0.000
"Neoisoastilbin",3,0,0,0,0,9,1,-2,450.398,7.807,653.502,124.120,347.377,182.004,0.000,1212.200,6.000,13.250,0.0502756,0.0496644,0.8413330,38.317,14.573,30.059,24.746,-1.037,-2.753,-3.889,-4.967,5.032,-3.251,1.623,-6.416,8.923,0.594,9,-0.744,1,7.518,0.000,0.000,191.619,11,2,22,0,22,7,32,2,0.000
"Neosmitilbin",3,0,0,0,0,9,1,-2,450.398,7.604,661.751,126.150,353.442,182.159,0.000,1213.832,6.000,13.250,0.0476357,0.0490453,0.8315909,38.384,14.631,30.039,24.808,-1.095,-2.847,-3.889,-5.126,4.408,-3.386,1.406,-6.528,9.049,0.624,9,-0.766,1,6.146,0.000,0.000,196.661,11,2,22,0,22,7,32,2,0.000
"Neosmitilbin",3,0,0,0,0,9,1,-2,450.398,7.604,661.751,126.150,353.442,182.159,0.000,1213.832,6.000,13.250,0.0476343,0.0490453,0.8315909,38.384,14.631,30.039,24.808,-1.095,-2.847,-3.889,-5.126,4.408,-3.386,1.406,-6.528,9.049,0.624,9,-0.766,1,6.146,0.000,0.000,196.661,11,2,22,0,22,7,32,2,0.000
"Neosmitilbin",3,0,0,0,0,9,1,-2,450.398,7.604,661.751,126.150,353.442,182.159,0.000,1213.832,6.000,13.250,0.0476338,0.0490453,0.8315909,38.384,14.631,30.039,24.808,-1.095,-2.847,-3.889,-5.126,4.408,-3.386,1.406,-6.528,9.049,0.624,9,-0.766,1,6.146,0.000,0.000,196.661,11,2,22,0,22,7,32,2,0.000
"Nepitrin",3,0,0,0,0,11,1,-2,478.409,5.860,696.965,182.790,337.495,176.680,0.000,1298.999,6.000,13.750,0.0264375,0.0483245,0.8260892,40.456,15.264,30.598,24.799,-0.711,-2.855,-4.341,-5.189,6.244,-3.397,2.049,-6.061,8.905,0.795,8,-0.769,2,11.101,0.000,0.000,204.123,12,2,22,0,22,5,34,2,0.001
"Panasenoside",10,0,0,0,0,16,2,-2,610.524,9.233,793.148,166.254,438.116,188.778,0.000,1574.807,9.000,21.500,0.0541269,0.0813215,0.8253327,48.399,19.168,42.773,36.721,-2.804,-1.900,-3.834,-5.259,0.694,-4.689,0.191,-7.393,9.179,0.906,10,-1.377,1,0.000,0.000,0.000,271.541,16,3,28,0,28,10,43,2,0.000
"Panasenoside",10,0,0,0,0,16,2,-2,610.524,9.233,793.148,166.254,438.116,188.778,0.000,1574.807,9.000,21.500,0.0541269,0.0813215,0.8253327,48.399,19.168,42.773,36.721,-2.804,-1.900,-3.834,-5.259,0.694,-4.689,0.191,-7.393,9.179,0.906,10,-1.377,1,0.000,0.000,0.000,271.541,16,3,28,0,28,10,43,2,0.000
"Pinocembrin",13,0,0,0,0,15,4,-2,872.702,4.966,1149.132,136.547,598.505,414.080,0.000,2216.323,10.000,19.400,0.0111266,0.0533866,0.7154029,76.866,28.951,53.283,39.819,0.018,-6.714,-10.151,-8.112,0.021,-8.137,0.004,-9.651,8.972,0.781,14,-0.307,1,0.000,0.000,0.000,366.753,21,3,45,0,40,8,63,3,0.000
"Pinocembrin",12,0,0,0,0,15,4,-2,872.702,1.947,1077.115,117.457,594.295,365.363,0.000,2155.068,10.000,19.400,0.0017599,0.0569560,0.7491065,73.950,27.425,52.259,39.285,-0.251,-5.706,-10.151,-7.334,0.023,-7.401,0.005,-9.745,9.064,0.928,14,-0.330,1,0.000,0.000,0.000,369.736,21,3,45,0,40,8,63,3,0.000
"Pinocembrin",12,0,0,0,0,15,4,-2,872.702,5.824,1072.920,129.888,590.461,352.571,0.000,2140.908,10.000,19.400,0.0158460,0.0571787,0.7487382,73.261,27.194,52.161,39.162,-0.322,-5.649,-10.151,-7.279,0.025,-7.362,0.005,-9.720,9.075,0.806,14,-0.361,1,0.000,0.000,0.000,367.056,21,3,45,0,40,8,63,2,0.000
"Pinocembrin",12,0,0,0,0,15,4,-2,872.702,5.949,1131.320,128.986,615.342,386.992,0.000,2199.577,10.000,19.400,0.0160887,0.0542271,0.7230010,75.937,28.579,53.118,39.706,-0.202,-6.460,-10.151,-7.860,0.014,-8.189,0.003,-10.057,9.088,0.951,14,-0.319,1,0.000,0.000,0.000,372.083,21,3,45,0,40,8,63,3,0.000
"Pinocembrin",13,0,0,0,0,15,4,-2,872.702,7.677,1151.746,135.323,601.024,415.398,0.000,2214.980,10.000,19.400,0.0266071,0.0532654,0.7134908,76.825,29.006,53.480,39.851,-0.012,-6.751,-10.151,-8.149,0.020,-8.212,0.004,-9.693,8.964,0.758,14,-0.316,1,0.000,0.000,0.000,367.278,21,3,45,0,40,8,63,3,0.000
"Pinocembrin",12,0,0,0,0,15,4,-2,872.702,3.381,1095.378,120.173,597.468,377.737,0.000,2164.799,10.000,19.400,0.0052790,0.0560064,0.7388324,74.457,27.792,52.451,39.435,-0.237,-5.957,-10.151,-7.559,0.021,-7.638,0.004,-9.760,9.200,0.890,14,-0.343,1,0.000,0.000,0.000,370.454,21,3,45,0,40,8,63,3,0.000
"Pinocembrin",12,0,0,0,0,15,4,-2,872.702,3.997,1095.541,112.628,595.964,386.949,0.000,2164.166,10.000,19.400,0.0073805,0.0559981,0.7385784,74.520,27.846,52.507,39.488,-0.220,-5.959,-10.151,-7.607,0.022,-7.624,0.005,-9.700,9.187,0.866,14,-0.345,1,0.000,0.000,0.000,367.602,21,3,45,0,40,8,63,3,0.000
"Pinocembrin",13,0,0,0,0,15,4,-2,872.702,4.364,1148.889,114.792,619.574,414.523,0.000,2221.012,10.000,19.400,0.0085732,0.0533978,0.7165628,77.058,29.120,53.432,39.964,-0.096,-6.710,-10.151,-8.095,0.013,-8.385,0.003,-10.038,9.044,0.904,14,-0.293,1,0.000,0.000,0.000,372.532,21,3,45,0,40,8,63,3,0.000
"Pinocembrin",13,0,0,0,0,15,4,-2,872.702,2.186,1152.077,128.627,607.320,416.130,0.000,2217.090,10.000,19.400,0.0021555,0.0532501,0.7137382,76.916,29.069,53.212,39.900,-0.041,-6.756,-10.151,-8.149,0.017,-8.289,0.004,-9.806,9.015,0.805,14,-0.311,1,0.000,0.000,0.000,367.713,21,3,45,0,40,8,63,3,0.000
"Pinocembrin",11,0,0,0,0,15,4,-2,872.702,2.414,1034.542,107.992,601.406,325.144,0.000,2120.566,10.000,19.400,0.0027488,0.0592999,0.7715868,72.185,26.561,51.762,38.957,-0.468,-5.134,-10.151,-6.779,0.020,-7.075,0.004,-10.018,9.271,0.904,14,-0.328,1,0.000,0.000,0.000,370.791,21,3,45,0,40,8,63,2,0.000
"Pinocembrin",13,0,0,0,0,15,4,-2,872.702,2.471,1134.794,123.061,608.158,403.575,0.000,2210.478,10.000,19.400,0.0027625,0.0540611,0.7231674,76.532,28.737,53.141,39.778,-0.069,-6.510,-10.151,-7.936,0.017,-8.093,0.003,-9.866,8.953,0.786,14,-0.295,1,0.000,0.000,0.000,366.757,21,3,45,0,40,8,63,3,0.000
"Pinocembrin",12,0,0,0,0,15,4,-2,872.702,4.948,1131.509,131.240,614.509,385.761,0.000,2197.640,10.000,19.400,0.0111385,0.0542180,0.7224561,75.848,28.558,53.008,39.692,-0.210,-6.463,-10.151,-7.863,0.015,-8.190,0.003,-10.046,9.132,1.000,14,-0.325,1,0.000,0.000,0.000,371.514,21,3,45,0,40,8,63,3,0.000
"Pinocembrin",13,0,0,0,0,15,4,-2,872.702,2.143,1154.233,128.515,609.075,416.643,0.000,2218.864,10.000,19.400,0.0020692,0.0531506,0.7127854,76.992,29.121,53.240,39.920,-0.046,-6.787,-10.151,-8.166,0.017,-8.333,0.003,-9.837,9.014,0.748,14,-0.310,1,0.000,0.000,0.000,367.909,21,3,45,0,40,8,63,3,0.000
"Pinocembrin",12,0,0,0,0,15,4,-2,872.702,2.462,1109.792,116.135,612.098,381.560,0.000,2181.003,10.000,19.400,0.0027800,0.0552790,0.7328711,75.142,28.169,52.699,39.595,-0.260,-6.158,-10.151,-7.674,0.016,-7.938,0.003,-10.016,9.251,0.871,14,-0.327,1,0.000,0.000,0.000,371.435,21,3,45,0,40,8,63,3,0.000
"Pinocembrin",13,0,0,0,0,15,4,-2,872.702,3.840,1135.402,123.517,608.802,403.082,0.000,2210.348,10.000,19.400,0.0066726,0.0540322,0.7227522,76.522,28.745,53.190,39.781,-0.076,-6.518,-10.151,-7.940,0.017,-8.111,0.003,-9.880,9.024,0.729,14,-0.296,1,0.000,0.000,0.000,366.811,21,3,45,0,40,8,63,3,0.000
"Pinocembrin",13,0,0,0,0,15,4,-2,872.702,8.378,1155.646,107.501,636.661,411.484,0.000,2217.220,10.000,19.400,0.0316565,0.0530856,0.7115622,76.877,29.290,53.723,40.076,-0.256,-6.807,-10.151,-8.162,0.009,-8.724,0.002,-10.363,9.227,1.052,14,-0.317,1,0.000,0.000,0.000,372.716,21,3,45,0,40,8,63,3,0.000
"Pinocembrin",12,0,0,0,0,15,4,-2,872.702,3.730,1105.791,111.875,603.477,390.439,0.000,2168.179,10.000,19.400,0.0064173,0.0554790,0.7326370,74.714,28.064,52.563,39.587,-0.265,-6.102,-10.151,-7.720,0.019,-7.836,0.004,-9.826,9.076,0.752,14,-0.356,1,0.000,0.000,0.000,368.497,21,3,45,0,40,8,63,3,0.000
"Pinocembrin",13,0,0,0,0,15,4,-2,872.702,3.452,1182.764,148.488,628.291,405.985,0.000,2255.214,10.000,19.400,0.0052852,0.0518685,0.7031679,78.345,29.713,53.773,40.047,-0.011,-7.200,-10.151,-8.271,0.011,-8.812,0.002,-10.229,8.908,0.970,14,-0.260,1,0.000,0.000,0.000,368.473,21,3,45,0,40,8,63,3,0.000
"Pinocembrin",12,0,0,0,0,15,4,-2,872.702,2.631,1097.676,128.583,594.919,374.174,0.000,2159.088,10.000,19.400,0.0032067,0.0558892,0.7359888,74.195,27.751,52.289,39.399,-0.266,-5.989,-10.151,-7.588,0.023,-7.663,0.005,-9.726,9.145,0.821,14,-0.365,1,0.000,0.000,0.000,370.731,21,3,45,0,40,8,63,3,0.000
"Pinocembrin",12,0,0,0,0,15,4,-2,872.702,4.325,1132.853,138.555,602.449,391.849,0.000,2193.023,10.000,19.400,0.0085303,0.0541537,0.7205880,75.721,28.513,52.861,39.655,-0.153,-6.482,-10.151,-7.922,0.019,-8.076,0.004,-9.802,8.943,1.013,14,-0.341,1,0.000,0.000,0.000,370.373,21,3,45,0,40,8,63,3,0.000
"Pinocembrin",11,0,0,0,0,15,4,-2,872.702,3.259,1007.286,120.651,578.954,307.682,0.000,2083.765,10.000,19.400,0.0050968,0.0609044,0.7832697,70.545,25.822,51.136,38.620,-0.502,-4.777,-10.151,-6.506,0.032,-6.632,0.007,-9.666,9.071,0.768,14,-0.366,1,0.000,0.000,0.000,365.974,21,3,45,0,40,8,63,2,0.000
"Pinocembrin",13,0,0,0,0,15,4,-2,872.702,2.150,1143.304,120.974,610.288,412.043,0.000,2212.756,10.000,19.400,0.0020882,0.0536587,0.7182774,76.704,28.930,53.179,39.871,-0.077,-6.631,-10.151,-8.056,0.016,-8.227,0.003,-9.875,8.937,0.906,14,-0.306,1,0.000,0.000,0.000,367.471,21,3,45,0,40,8,63,3,0.000
"Pinocembrin",12,0,0,0,0,15,4,-2,872.702,6.899,1122.984,111.926,599.618,411.439,0.000,2178.152,10.000,19.400,0.0218514,0.0546296,0.7236307,75.313,28.441,52.935,39.745,-0.186,-6.343,-10.151,-7.966,0.020,-7.975,0.004,-9.681,9.110,0.887,14,-0.364,1,0.000,0.000,0.000,370.089,21,3,45,0,40,8,63,3,0.000
"Pinocembrin",11,0,0,0,0,15,4,-2,872.702,4.482,1076.110,121.252,587.568,367.290,0.000,2160.696,10.000,19.400,0.0092983,0.0570092,0.7511108,74.193,27.406,52.435,39.250,-0.163,-5.692,-10.151,-7.311,0.027,-7.284,0.006,-9.614,8.991,0.988,14,-0.311,1,0.000,0.000,0.000,372.123,21,3,45,0,40,8,63,2,0.000
"Pinocembrin",13,0,0,0,0,15,4,-2,872.702,3.021,1161.018,113.537,619.856,427.625,0.000,2228.749,10.000,19.400,0.0040945,0.0528400,0.7107228,77.493,29.405,53.502,40.085,-0.057,-6.885,-10.151,-8.252,0.013,-8.522,0.003,-9.997,8.940,0.702,14,-0.295,1,0.000,0.000,0.000,373.386,21,3,45,0,40,8,63,3,0.000
"Pinocembrin",13,0,0,0,0,15,4,-2,872.702,7.974,1147.178,117.704,614.757,414.717,0.000,2208.261,10.000,19.400,0.0287909,0.0534775,0.7148821,76.550,29.010,53.489,39.929,-0.142,-6.686,-10.151,-8.123,0.015,-8.360,0.003,-9.948,9.218,0.826,14,-0.326,1,0.000,0.000,0.000,372.694,21,3,45,0,40,8,63,3,0.000
"Pinocembrin",14,0,0,0,0,15,4,-2,872.702,3.570,1224.219,112.204,642.997,469.017,0.000,2285.428,10.000,19.400,0.0055758,0.0501121,0.6854108,80.156,30.958,54.445,40.676,0.080,-7.810,-10.151,-8.859,0.008,-9.466,0.002,-10.278,9.246,0.962,14,-0.248,1,0.000,0.000,0.000,372.308,21,3,45,0,40,8,63,3,0.000
"Pinocembrin",12,0,0,0,0,15,4,-2,872.702,5.445,1132.349,138.576,600.420,393.353,0.000,2191.280,10.000,19.400,0.0135291,0.0541778,0.7205267,75.666,28.495,52.901,39.650,-0.147,-6.475,-10.151,-7.930,0.020,-8.051,0.004,-9.759,9.096,0.994,14,-0.345,1,0.000,0.000,0.000,372.128,21,3,45,0,40,8,63,3,0.000
"Pinocembrin",13,0,0,0,0,15,4,-2,872.702,1.956,1159.886,113.474,620.032,426.380,0.000,2225.931,10.000,19.400,0.0017186,0.0528916,0.7108167,77.368,29.371,53.424,40.075,-0.075,-6.868,-10.151,-8.245,0.013,-8.522,0.003,-10.005,8.929,0.685,14,-0.301,1,0.000,0.000,0.000,373.508,21,3,45,0,40,8,63,3,0.000
"Pinocembrin",12,0,0,0,0,15,4,-2,872.702,9.835,1112.956,123.418,609.023,380.515,0.000,2182.717,10.000,19.400,0.0443176,0.0551219,0.7311708,75.201,28.186,53.260,39.575,-0.236,-6.202,-10.151,-7.697,0.017,-7.935,0.003,-9.963,9.262,0.787,14,-0.329,1,0.000,0.000,0.000,371.571,21,3,45,0,40,8,63,3,0.000
"Pinocembrin",13,0,0,0,0,15,4,-2,872.702,4.502,1139.851,113.476,620.727,405.647,0.000,2197.673,10.000,19.400,0.0092220,0.0538212,0.7171759,76.039,28.848,53.070,39.890,-0.248,-6.582,-10.151,-8.043,0.013,-8.386,0.003,-10.090,9.084,0.855,14,-0.342,1,0.000,0.000,0.000,372.792,21,3,45,0,40,8,63,3,0.000
"Pinocembrin",13,0,0,0,0,15,4,-2,872.702,6.082,1136.309,137.899,603.195,395.215,0.000,2193.459,10.000,19.400,0.0168657,0.0539890,0.7184914,75.771,28.587,52.985,39.691,-0.159,-6.531,-10.151,-7.972,0.019,-8.131,0.004,-9.804,8.909,0.763,14,-0.347,1,0.000,0.000,0.000,372.423,21,3,45,0,40,8,63,3,0.000
"Pinocembrin",13,0,0,0,0,15,4,-2,872.702,4.966,1149.132,136.547,598.505,414.080,0.000,2216.323,10.000,19.400,0.0111276,0.0533866,0.7154029,76.866,28.951,53.283,39.819,0.018,-6.714,-10.151,-8.112,0.021,-8.137,0.004,-9.651,8.972,0.781,14,-0.307,1,0.000,0.000,0.000,366.753,21,3,45,0,40,8,63,3,0.000
"Pinocembrin",12,0,0,0,0,15,4,-2,872.702,1.947,1077.115,117.457,594.295,365.363,0.000,2155.068,10.000,19.400,0.0017599,0.0569560,0.7491065,73.950,27.425,52.259,39.285,-0.251,-5.706,-10.151,-7.334,0.023,-7.401,0.005,-9.745,9.064,0.928,14,-0.330,1,0.000,0.000,0.000,369.736,21,3,45,0,40,8,63,3,0.000
"Pinocembrin",12,0,0,0,0,15,4,-2,872.702,5.824,1072.920,129.888,590.461,352.571,0.000,2140.908,10.000,19.400,0.0158443,0.0571787,0.7487382,73.261,27.194,52.161,39.162,-0.322,-5.649,-10.151,-7.279,0.025,-7.362,0.005,-9.720,9.075,0.806,14,-0.361,1,0.000,0.000,0.000,367.056,21,3,45,0,40,8,63,2,0.000
"Pinocembrin",12,0,0,0,0,15,4,-2,872.702,5.949,1131.320,128.986,615.342,386.992,0.000,2199.577,10.000,19.400,0.0160886,0.0542271,0.7230010,75.937,28.579,53.118,39.706,-0.202,-6.460,-10.151,-7.860,0.014,-8.189,0.003,-10.057,9.088,0.951,14,-0.319,1,0.000,0.000,0.000,372.083,21,3,45,0,40,8,63,3,0.000
"Pinocembrin",13,0,0,0,0,15,4,-2,872.702,7.677,1151.746,135.323,601.024,415.398,0.000,2214.980,10.000,19.400,0.0266064,0.0532654,0.7134908,76.825,29.006,53.480,39.851,-0.012,-6.751,-10.151,-8.149,0.020,-8.212,0.004,-9.693,8.964,0.758,14,-0.316,1,0.000,0.000,0.000,367.278,21,3,45,0,40,8,63,3,0.000
"Pinocembrin",12,0,0,0,0,15,4,-2,872.702,3.380,1095.378,120.173,597.468,377.737,0.000,2164.799,10.000,19.400,0.0052761,0.0560064,0.7388324,74.457,27.792,52.451,39.435,-0.237,-5.957,-10.151,-7.559,0.021,-7.638,0.004,-9.760,9.200,0.889,14,-0.343,1,0.000,0.000,0.000,370.454,21,3,45,0,40,8,63,3,0.000
"Pinocembrin",12,0,0,0,0,15,4,-2,872.702,3.997,1095.541,112.628,595.964,386.949,0.000,2164.166,10.000,19.400,0.0073808,0.0559981,0.7385784,74.520,27.846,52.507,39.488,-0.220,-5.959,-10.151,-7.607,0.022,-7.624,0.005,-9.700,9.187,0.866,14,-0.345,1,0.000,0.000,0.000,367.602,21,3,45,0,40,8,63,3,0.000
"Pinocembrin",13,0,0,0,0,15,4,-2,872.702,4.364,1148.889,114.792,619.574,414.523,0.000,2221.012,10.000,19.400,0.0085729,0.0533978,0.7165628,77.058,29.120,53.432,39.964,-0.096,-6.710,-10.151,-8.095,0.013,-8.385,0.003,-10.038,9.044,0.904,14,-0.293,1,0.000,0.000,0.000,372.532,21,3,45,0,40,8,63,3,0.000
"Pinocembrin",13,0,0,0,0,15,4,-2,872.702,2.186,1152.077,128.627,607.320,416.130,0.000,2217.090,10.000,19.400,0.0021553,0.0532501,0.7137382,76.916,29.069,53.212,39.900,-0.041,-6.756,-10.151,-8.149,0.017,-8.289,0.004,-9.806,9.015,0.805,14,-0.311,1,0.000,0.000,0.000,367.713,21,3,45,0,40,8,63,3,0.000
"Pinocembrin",11,0,0,0,0,15,4,-2,872.702,2.414,1034.542,107.992,601.406,325.144,0.000,2120.566,10.000,19.400,0.0027488,0.0592999,0.7715868,72.185,26.561,51.762,38.957,-0.468,-5.134,-10.151,-6.779,0.020,-7.075,0.004,-10.018,9.271,0.904,14,-0.328,1,0.000,0.000,0.000,370.791,21,3,45,0,40,8,63,2,0.000
"Pinocembrin",13,0,0,0,0,15,4,-2,872.702,2.471,1134.794,123.061,608.158,403.575,0.000,2210.478,10.000,19.400,0.0027621,0.0540611,0.7231673,76.532,28.737,53.141,39.778,-0.069,-6.510,-10.151,-7.936,0.017,-8.093,0.003,-9.866,8.953,0.786,14,-0.295,1,0.000,0.000,0.000,366.757,21,3,45,0,40,8,63,3,0.000
"Pinocembrin",12,0,0,0,0,15,4,-2,872.702,4.948,1131.509,131.240,614.509,385.761,0.000,2197.640,10.000,19.400,0.0111384,0.0542180,0.7224561,75.848,28.558,53.008,39.692,-0.210,-6.463,-10.151,-7.863,0.015,-8.190,0.003,-10.046,9.132,1.000,14,-0.325,1,0.000,0.000,0.000,371.514,21,3,45,0,40,8,63,3,0.000
"Pinocembrin",13,0,0,0,0,15,4,-2,872.702,2.143,1154.233,128.515,609.075,416.643,0.000,2218.864,10.000,19.400,0.0020688,0.0531506,0.7127854,76.992,29.121,53.240,39.920,-0.046,-6.787,-10.151,-8.166,0.017,-8.333,0.003,-9.837,9.014,0.748,14,-0.310,1,0.000,0.000,0.000,367.909,21,3,45,0,40,8,63,3,0.000
"Pinocembrin",12,0,0,0,0,15,4,-2,872.702,2.462,1109.792,116.135,612.098,381.560,0.000,2181.003,10.000,19.400,0.0027784,0.0552790,0.7328711,75.142,28.169,52.699,39.595,-0.260,-6.158,-10.151,-7.674,0.016,-7.938,0.003,-10.016,9.251,0.871,14,-0.327,1,0.000,0.000,0.000,371.435,21,3,45,0,40,8,63,3,0.000
"Pinocembrin",13,0,0,0,0,15,4,-2,872.702,3.811,1136.671,124.380,608.627,403.664,0.000,2210.815,10.000,19.400,0.0065709,0.0539718,0.7220464,76.546,28.766,53.192,39.787,-0.074,-6.536,-10.151,-7.955,0.017,-8.124,0.003,-9.874,9.030,0.723,14,-0.298,1,0.000,0.000,0.000,366.670,21,3,45,0,40,8,63,3,0.000
"Pinocembrin",13,0,0,0,0,15,4,-2,872.702,8.378,1155.646,107.501,636.661,411.484,0.000,2217.220,10.000,19.400,0.0316565,0.0530856,0.7115622,76.877,29.290,53.723,40.076,-0.256,-6.807,-10.151,-8.162,0.009,-8.724,0.002,-10.363,9.227,1.052,14,-0.317,1,0.000,0.000,0.000,372.716,21,3,45,0,40,8,63,3,0.000
"Pinocembrin",12,0,0,0,0,15,4,-2,872.702,3.731,1105.791,111.875,603.477,390.439,0.000,2168.179,10.000,19.400,0.0064194,0.0554790,0.7326370,74.714,28.064,52.563,39.587,-0.265,-6.102,-10.151,-7.720,0.019,-7.836,0.004,-9.826,9.076,0.752,14,-0.356,1,0.000,0.000,0.000,368.497,21,3,45,0,40,8,63,3,0.000
"Pinocembrin",13,0,0,0,0,15,4,-2,872.702,3.452,1182.764,148.488,628.291,405.985,0.000,2255.214,10.000,19.400,0.0052849,0.0518685,0.7031679,78.345,29.713,53.773,40.047,-0.011,-7.200,-10.151,-8.271,0.011,-8.812,0.002,-10.229,8.908,0.970,14,-0.260,1,0.000,0.000,0.000,368.473,21,3,45,0,40,8,63,3,0.000
"Pinocembrin",12,0,0,0,0,15,4,-2,872.702,2.631,1097.676,128.583,594.919,374.174,0.000,2159.088,10.000,19.400,0.0032073,0.0558892,0.7359888,74.195,27.751,52.289,39.399,-0.266,-5.989,-10.151,-7.588,0.023,-7.663,0.005,-9.726,9.145,0.821,14,-0.365,1,0.000,0.000,0.000,370.731,21,3,45,0,40,8,63,3,0.000
"Pinocembrin",12,0,0,0,0,15,4,-2,872.702,4.325,1132.853,138.555,602.449,391.849,0.000,2193.023,10.000,19.400,0.0085296,0.0541537,0.7205880,75.721,28.513,52.861,39.655,-0.153,-6.482,-10.151,-7.922,0.019,-8.076,0.004,-9.802,8.943,1.013,14,-0.341,1,0.000,0.000,0.000,370.373,21,3,45,0,40,8,63,3,0.000
"Pinocembrin",11,0,0,0,0,15,4,-2,872.702,3.259,1007.286,120.651,578.954,307.682,0.000,2083.765,10.000,19.400,0.0050971,0.0609044,0.7832697,70.545,25.822,51.136,38.620,-0.502,-4.777,-10.151,-6.506,0.032,-6.632,0.007,-9.666,9.071,0.768,14,-0.366,1,0.000,0.000,0.000,365.974,21,3,45,0,40,8,63,2,0.000
"Pinocembrin",13,0,0,0,0,15,4,-2,872.702,2.149,1143.304,120.974,610.288,412.043,0.000,2212.756,10.000,19.400,0.0020880,0.0536587,0.7182774,76.704,28.930,53.179,39.871,-0.077,-6.631,-10.151,-8.056,0.016,-8.227,0.003,-9.875,8.937,0.906,14,-0.306,1,0.000,0.000,0.000,367.471,21,3,45,0,40,8,63,3,0.000
"Pinocembrin",12,0,0,0,0,15,4,-2,872.702,6.899,1122.984,111.926,599.618,411.439,0.000,2178.152,10.000,19.400,0.0218516,0.0546296,0.7236307,75.313,28.441,52.935,39.745,-0.186,-6.343,-10.151,-7.966,0.020,-7.975,0.004,-9.681,9.110,0.887,14,-0.364,1,0.000,0.000,0.000,370.089,21,3,45,0,40,8,63,3,0.000
"Pinocembrin",11,0,0,0,0,15,4,-2,872.702,4.482,1076.110,121.252,587.568,367.290,0.000,2160.696,10.000,19.400,0.0092983,0.0570092,0.7511108,74.193,27.406,52.435,39.250,-0.163,-5.692,-10.151,-7.311,0.027,-7.284,0.006,-9.614,8.991,0.988,14,-0.311,1,0.000,0.000,0.000,372.123,21,3,45,0,40,8,63,2,0.000
"Pinocembrin",13,0,0,0,0,15,4,-2,872.702,3.021,1161.018,113.537,619.856,427.625,0.000,2228.749,10.000,19.400,0.0040947,0.0528400,0.7107228,77.493,29.405,53.502,40.085,-0.057,-6.885,-10.151,-8.252,0.013,-8.522,0.003,-9.997,8.940,0.702,14,-0.295,1,0.000,0.000,0.000,373.386,21,3,45,0,40,8,63,3,0.000
"Pinocembrin",13,0,0,0,0,15,4,-2,872.702,7.974,1147.178,117.704,614.757,414.717,0.000,2208.261,10.000,19.400,0.0287910,0.0534775,0.7148821,76.550,29.010,53.489,39.929,-0.142,-6.686,-10.151,-8.123,0.015,-8.360,0.003,-9.948,9.218,0.826,14,-0.326,1,0.000,0.000,0.000,372.694,21,3,45,0,40,8,63,3,0.000
"Pinocembrin",14,0,0,0,0,15,4,-2,872.702,3.570,1224.219,112.204,642.997,469.017,0.000,2285.428,10.000,19.400,0.0055758,0.0501121,0.6854108,80.156,30.958,54.445,40.676,0.080,-7.810,-10.151,-8.859,0.008,-9.466,0.002,-10.278,9.246,0.962,14,-0.248,1,0.000,0.000,0.000,372.308,21,3,45,0,40,8,63,3,0.000
"Pinocembrin",12,0,0,0,0,15,4,-2,872.702,5.445,1132.349,138.576,600.420,393.353,0.000,2191.280,10.000,19.400,0.0135299,0.0541778,0.7205267,75.666,28.495,52.901,39.650,-0.147,-6.475,-10.151,-7.930,0.020,-8.051,0.004,-9.759,9.096,0.994,14,-0.345,1,0.000,0.000,0.000,372.128,21,3,45,0,40,8,63,3,0.000
"Pinocembrin",13,0,0,0,0,15,4,-2,872.702,1.956,1159.886,113.475,620.032,426.379,0.000,2225.931,10.000,19.400,0.0017187,0.0528916,0.7108166,77.368,29.371,53.424,40.075,-0.075,-6.868,-10.151,-8.245,0.013,-8.522,0.003,-10.005,8.929,0.685,14,-0.301,1,0.000,0.000,0.000,373.508,21,3,45,0,40,8,63,3,0.000
"Pinocembrin",12,0,0,0,0,15,4,-2,872.702,9.835,1112.956,123.418,609.023,380.515,0.000,2182.717,10.000,19.400,0.0443151,0.0551219,0.7311708,75.201,28.186,53.260,39.575,-0.236,-6.202,-10.151,-7.697,0.017,-7.935,0.003,-9.963,9.262,0.787,14,-0.329,1,0.000,0.000,0.000,371.571,21,3,45,0,40,8,63,3,0.000
"Pinocembrin",13,0,0,0,0,15,4,-2,872.702,4.502,1139.851,113.476,620.727,405.647,0.000,2197.673,10.000,19.400,0.0092215,0.0538212,0.7171760,76.039,28.848,53.070,39.890,-0.248,-6.582,-10.151,-8.043,0.013,-8.386,0.003,-10.090,9.084,0.855,14,-0.342,1,0.000,0.000,0.000,372.792,21,3,45,0,40,8,63,3,0.000
"Pinocembrin",13,0,0,0,0,15,4,-2,872.702,6.083,1136.309,137.899,603.195,395.215,0.000,2193.459,10.000,19.400,0.0168669,0.0539890,0.7184914,75.771,28.587,52.985,39.691,-0.159,-6.531,-10.151,-7.972,0.019,-8.131,0.004,-9.804,8.909,0.763,14,-0.347,1,0.000,0.000,0.000,372.423,21,3,45,0,40,8,63,3,0.000
"Pinocembrin",13,0,0,0,0,15,4,-2,872.702,4.966,1149.132,136.547,598.505,414.080,0.000,2216.323,10.000,19.400,0.0111266,0.0533866,0.7154029,76.866,28.951,53.283,39.819,0.018,-6.714,-10.151,-8.112,0.021,-8.137,0.004,-9.651,8.972,0.781,14,-0.307,1,0.000,0.000,0.000,366.753,21,3,45,0,40,8,63,3,0.000
"Pinocembrin",12,0,0,0,0,15,4,-2,872.702,1.947,1077.115,117.457,594.295,365.363,0.000,2155.068,10.000,19.400,0.0017599,0.0569560,0.7491065,73.950,27.425,52.259,39.285,-0.251,-5.706,-10.151,-7.334,0.023,-7.401,0.005,-9.745,9.064,0.928,14,-0.330,1,0.000,0.000,0.000,369.736,21,3,45,0,40,8,63,3,0.000
"Pinocembrin",12,0,0,0,0,15,4,-2,872.702,5.824,1072.920,129.888,590.461,352.571,0.000,2140.908,10.000,19.400,0.0158460,0.0571787,0.7487382,73.261,27.194,52.161,39.162,-0.322,-5.649,-10.151,-7.279,0.025,-7.362,0.005,-9.720,9.075,0.806,14,-0.361,1,0.000,0.000,0.000,367.056,21,3,45,0,40,8,63,2,0.000
"Pinocembrin",12,0,0,0,0,15,4,-2,872.702,5.949,1131.320,128.986,615.342,386.992,0.000,2199.577,10.000,19.400,0.0160887,0.0542271,0.7230010,75.937,28.579,53.118,39.706,-0.202,-6.460,-10.151,-7.860,0.014,-8.189,0.003,-10.057,9.088,0.951,14,-0.319,1,0.000,0.000,0.000,372.083,21,3,45,0,40,8,63,3,0.000
"Pinocembrin",13,0,0,0,0,15,4,-2,872.702,7.677,1151.746,135.323,601.024,415.398,0.000,2214.980,10.000,19.400,0.0266071,0.0532654,0.7134908,76.825,29.006,53.480,39.851,-0.012,-6.751,-10.151,-8.149,0.020,-8.212,0.004,-9.693,8.964,0.758,14,-0.316,1,0.000,0.000,0.000,367.278,21,3,45,0,40,8,63,3,0.000
"Pinocembrin",12,0,0,0,0,15,4,-2,872.702,3.381,1095.378,120.173,597.468,377.737,0.000,2164.799,10.000,19.400,0.0052790,0.0560064,0.7388324,74.457,27.792,52.451,39.435,-0.237,-5.957,-10.151,-7.559,0.021,-7.638,0.004,-9.760,9.200,0.890,14,-0.343,1,0.000,0.000,0.000,370.454,21,3,45,0,40,8,63,3,0.000
"Pinocembrin",12,0,0,0,0,15,4,-2,872.702,3.997,1095.541,112.628,595.964,386.949,0.000,2164.166,10.000,19.400,0.0073805,0.0559981,0.7385784,74.520,27.846,52.507,39.488,-0.220,-5.959,-10.151,-7.607,0.022,-7.624,0.005,-9.700,9.187,0.866,14,-0.345,1,0.000,0.000,0.000,367.602,21,3,45,0,40,8,63,3,0.000
"Pinocembrin",13,0,0,0,0,15,4,-2,872.702,4.364,1148.889,114.792,619.574,414.523,0.000,2221.012,10.000,19.400,0.0085732,0.0533978,0.7165628,77.058,29.120,53.432,39.964,-0.096,-6.710,-10.151,-8.095,0.013,-8.385,0.003,-10.038,9.044,0.904,14,-0.293,1,0.000,0.000,0.000,372.532,21,3,45,0,40,8,63,3,0.000
"Pinocembrin",13,0,0,0,0,15,4,-2,872.702,2.186,1152.077,128.627,607.320,416.130,0.000,2217.090,10.000,19.400,0.0021555,0.0532501,0.7137382,76.916,29.069,53.212,39.900,-0.041,-6.756,-10.151,-8.149,0.017,-8.289,0.004,-9.806,9.015,0.805,14,-0.311,1,0.000,0.000,0.000,367.713,21,3,45,0,40,8,63,3,0.000
"Pinocembrin",11,0,0,0,0,15,4,-2,872.702,2.414,1034.542,107.992,601.406,325.144,0.000,2120.566,10.000,19.400,0.0027488,0.0592999,0.7715868,72.185,26.561,51.762,38.957,-0.468,-5.134,-10.151,-6.779,0.020,-7.075,0.004,-10.018,9.271,0.904,14,-0.328,1,0.000,0.000,0.000,370.791,21,3,45,0,40,8,63,2,0.000
"Pinocembrin",13,0,0,0,0,15,4,-2,872.702,2.471,1134.794,123.061,608.158,403.575,0.000,2210.478,10.000,19.400,0.0027625,0.0540611,0.7231674,76.532,28.737,53.141,39.778,-0.069,-6.510,-10.151,-7.936,0.017,-8.093,0.003,-9.866,8.953,0.786,14,-0.295,1,0.000,0.000,0.000,366.757,21,3,45,0,40,8,63,3,0.000
"Pinocembrin",12,0,0,0,0,15,4,-2,872.702,4.948,1131.509,131.240,614.509,385.761,0.000,2197.640,10.000,19.400,0.0111385,0.0542180,0.7224561,75.848,28.558,53.008,39.692,-0.210,-6.463,-10.151,-7.863,0.015,-8.190,0.003,-10.046,9.132,1.000,14,-0.325,1,0.000,0.000,0.000,371.514,21,3,45,0,40,8,63,3,0.000
"Pinocembrin",13,0,0,0,0,15,4,-2,872.702,2.143,1154.233,128.515,609.075,416.643,0.000,2218.864,10.000,19.400,0.0020692,0.0531506,0.7127854,76.992,29.121,53.240,39.920,-0.046,-6.787,-10.151,-8.166,0.017,-8.333,0.003,-9.837,9.014,0.748,14,-0.310,1,0.000,0.000,0.000,367.909,21,3,45,0,40,8,63,3,0.000
"Pinocembrin",12,0,0,0,0,15,4,-2,872.702,2.462,1109.792,116.135,612.098,381.560,0.000,2181.003,10.000,19.400,0.0027800,0.0552790,0.7328711,75.142,28.169,52.699,39.595,-0.260,-6.158,-10.151,-7.674,0.016,-7.938,0.003,-10.016,9.251,0.871,14,-0.327,1,0.000,0.000,0.000,371.435,21,3,45,0,40,8,63,3,0.000
"Pinocembrin",13,0,0,0,0,15,4,-2,872.702,3.840,1135.402,123.517,608.802,403.082,0.000,2210.348,10.000,19.400,0.0066726,0.0540322,0.7227522,76.522,28.745,53.190,39.781,-0.076,-6.518,-10.151,-7.940,0.017,-8.111,0.003,-9.880,9.024,0.729,14,-0.296,1,0.000,0.000,0.000,366.811,21,3,45,0,40,8,63,3,0.000
"Pinocembrin",13,0,0,0,0,15,4,-2,872.702,8.378,1155.646,107.501,636.661,411.484,0.000,2217.220,10.000,19.400,0.0316565,0.0530856,0.7115622,76.877,29.290,53.723,40.076,-0.256,-6.807,-10.151,-8.162,0.009,-8.724,0.002,-10.363,9.227,1.052,14,-0.317,1,0.000,0.000,0.000,372.716,21,3,45,0,40,8,63,3,0.000
"Pinocembrin",12,0,0,0,0,15,4,-2,872.702,3.730,1105.791,111.875,603.477,390.439,0.000,2168.179,10.000,19.400,0.0064173,0.0554790,0.7326370,74.714,28.064,52.563,39.587,-0.265,-6.102,-10.151,-7.720,0.019,-7.836,0.004,-9.826,9.076,0.752,14,-0.356,1,0.000,0.000,0.000,368.497,21,3,45,0,40,8,63,3,0.000
"Pinocembrin",13,0,0,0,0,15,4,-2,872.702,3.452,1182.764,148.488,628.291,405.985,0.000,2255.214,10.000,19.400,0.0052852,0.0518685,0.7031679,78.345,29.713,53.773,40.047,-0.011,-7.200,-10.151,-8.271,0.011,-8.812,0.002,-10.229,8.908,0.970,14,-0.260,1,0.000,0.000,0.000,368.473,21,3,45,0,40,8,63,3,0.000
"Pinocembrin",12,0,0,0,0,15,4,-2,872.702,2.631,1097.676,128.583,594.919,374.174,0.000,2159.088,10.000,19.400,0.0032067,0.0558892,0.7359888,74.195,27.751,52.289,39.399,-0.266,-5.989,-10.151,-7.588,0.023,-7.663,0.005,-9.726,9.145,0.821,14,-0.365,1,0.000,0.000,0.000,370.731,21,3,45,0,40,8,63,3,0.000
"Pinocembrin",12,0,0,0,0,15,4,-2,872.702,4.325,1132.853,138.555,602.449,391.849,0.000,2193.023,10.000,19.400,0.0085303,0.0541537,0.7205880,75.721,28.513,52.861,39.655,-0.153,-6.482,-10.151,-7.922,0.019,-8.076,0.004,-9.802,8.943,1.013,14,-0.341,1,0.000,0.000,0.000,370.373,21,3,45,0,40,8,63,3,0.000
"Pinocembrin",11,0,0,0,0,15,4,-2,872.702,3.259,1007.286,120.651,578.954,307.682,0.000,2083.765,10.000,19.400,0.0050968,0.0609044,0.7832697,70.545,25.822,51.136,38.620,-0.502,-4.777,-10.151,-6.506,0.032,-6.632,0.007,-9.666,9.071,0.768,14,-0.366,1,0.000,0.000,0.000,365.974,21,3,45,0,40,8,63,2,0.000
"Pinocembrin",13,0,0,0,0,15,4,-2,872.702,2.150,1143.304,120.974,610.288,412.043,0.000,2212.756,10.000,19.400,0.0020882,0.0536587,0.7182774,76.704,28.930,53.179,39.871,-0.077,-6.631,-10.151,-8.056,0.016,-8.227,0.003,-9.875,8.937,0.906,14,-0.306,1,0.000,0.000,0.000,367.471,21,3,45,0,40,8,63,3,0.000
"Pinocembrin",12,0,0,0,0,15,4,-2,872.702,6.899,1122.984,111.926,599.618,411.439,0.000,2178.152,10.000,19.400,0.0218514,0.0546296,0.7236307,75.313,28.441,52.935,39.745,-0.186,-6.343,-10.151,-7.966,0.020,-7.975,0.004,-9.681,9.110,0.887,14,-0.364,1,0.000,0.000,0.000,370.089,21,3,45,0,40,8,63,3,0.000
"Pinocembrin",11,0,0,0,0,15,4,-2,872.702,4.482,1076.110,121.252,587.568,367.290,0.000,2160.696,10.000,19.400,0.0092983,0.0570092,0.7511108,74.193,27.406,52.435,39.250,-0.163,-5.692,-10.151,-7.311,0.027,-7.284,0.006,-9.614,8.991,0.988,14,-0.311,1,0.000,0.000,0.000,372.123,21,3,45,0,40,8,63,2,0.000
"Pinocembrin",13,0,0,0,0,15,4,-2,872.702,3.021,1161.018,113.537,619.856,427.625,0.000,2228.749,10.000,19.400,0.0040945,0.0528400,0.7107228,77.493,29.405,53.502,40.085,-0.057,-6.885,-10.151,-8.252,0.013,-8.522,0.003,-9.997,8.940,0.702,14,-0.295,1,0.000,0.000,0.000,373.386,21,3,45,0,40,8,63,3,0.000
"Pinocembrin",13,0,0,0,0,15,4,-2,872.702,7.974,1147.178,117.704,614.757,414.717,0.000,2208.261,10.000,19.400,0.0287909,0.0534775,0.7148821,76.550,29.010,53.489,39.929,-0.142,-6.686,-10.151,-8.123,0.015,-8.360,0.003,-9.948,9.218,0.826,14,-0.326,1,0.000,0.000,0.000,372.694,21,3,45,0,40,8,63,3,0.000
"Pinocembrin",14,0,0,0,0,15,4,-2,872.702,3.570,1224.219,112.204,642.997,469.017,0.000,2285.428,10.000,19.400,0.0055758,0.0501121,0.6854108,80.156,30.958,54.445,40.676,0.080,-7.810,-10.151,-8.859,0.008,-9.466,0.002,-10.278,9.246,0.962,14,-0.248,1,0.000,0.000,0.000,372.308,21,3,45,0,40,8,63,3,0.000
"Pinocembrin",12,0,0,0,0,15,4,-2,872.702,5.445,1132.349,138.576,600.420,393.353,0.000,2191.280,10.000,19.400,0.0135291,0.0541778,0.7205267,75.666,28.495,52.901,39.650,-0.147,-6.475,-10.151,-7.930,0.020,-8.051,0.004,-9.759,9.096,0.994,14,-0.345,1,0.000,0.000,0.000,372.128,21,3,45,0,40,8,63,3,0.000
"Pinocembrin",13,0,0,0,0,15,4,-2,872.702,1.956,1159.886,113.474,620.032,426.380,0.000,2225.931,10.000,19.400,0.0017186,0.0528916,0.7108167,77.368,29.371,53.424,40.075,-0.075,-6.868,-10.151,-8.245,0.013,-8.522,0.003,-10.005,8.929,0.685,14,-0.301,1,0.000,0.000,0.000,373.508,21,3,45,0,40,8,63,3,0.000
"Pinocembrin",12,0,0,0,0,15,4,-2,872.702,9.835,1112.956,123.418,609.023,380.515,0.000,2182.717,10.000,19.400,0.0443176,0.0551219,0.7311708,75.201,28.186,53.260,39.575,-0.236,-6.202,-10.151,-7.697,0.017,-7.935,0.003,-9.963,9.262,0.787,14,-0.329,1,0.000,0.000,0.000,371.571,21,3,45,0,40,8,63,3,0.000
"Pinocembrin",13,0,0,0,0,15,4,-2,872.702,4.502,1139.851,113.476,620.727,405.647,0.000,2197.673,10.000,19.400,0.0092220,0.0538212,0.7171759,76.039,28.848,53.070,39.890,-0.248,-6.582,-10.151,-8.043,0.013,-8.386,0.003,-10.090,9.084,0.855,14,-0.342,1,0.000,0.000,0.000,372.792,21,3,45,0,40,8,63,3,0.000
"Pinocembrin",13,0,0,0,0,15,4,-2,872.702,6.082,1136.309,137.899,603.195,395.215,0.000,2193.459,10.000,19.400,0.0168657,0.0539890,0.7184914,75.771,28.587,52.985,39.691,-0.159,-6.531,-10.151,-7.972,0.019,-8.131,0.004,-9.804,8.909,0.763,14,-0.347,1,0.000,0.000,0.000,372.423,21,3,45,0,40,8,63,3,0.000
"Pinocembrin",13,0,0,0,0,15,4,-2,872.702,4.966,1149.132,136.547,598.505,414.080,0.000,2216.323,10.000,19.400,0.0111266,0.0533866,0.7154029,76.866,28.951,53.283,39.819,0.018,-6.714,-10.151,-8.112,0.021,-8.137,0.004,-9.651,8.972,0.781,14,-0.307,1,0.000,0.000,0.000,366.753,21,3,45,0,40,8,63,3,0.000
"Pinocembrin",12,0,0,0,0,15,4,-2,872.702,1.948,1077.115,117.457,594.295,365.363,0.000,2155.068,10.000,19.400,0.0017599,0.0569560,0.7491065,73.950,27.425,52.259,39.285,-0.251,-5.706,-10.151,-7.334,0.023,-7.401,0.005,-9.745,9.064,0.928,14,-0.330,1,0.000,0.000,0.000,369.736,21,3,45,0,40,8,63,3,0.000
"Pinocembrin",12,0,0,0,0,15,4,-2,872.702,5.824,1072.920,129.888,590.461,352.571,0.000,2140.908,10.000,19.400,0.0158440,0.0571787,0.7487382,73.261,27.194,52.161,39.162,-0.322,-5.649,-10.151,-7.279,0.025,-7.362,0.005,-9.720,9.075,0.806,14,-0.361,1,0.000,0.000,0.000,367.056,21,3,45,0,40,8,63,2,0.000
"Pinocembrin",12,0,0,0,0,15,4,-2,872.702,5.949,1131.320,128.986,615.342,386.992,0.000,2199.577,10.000,19.400,0.0160883,0.0542271,0.7230010,75.937,28.579,53.118,39.706,-0.202,-6.460,-10.151,-7.860,0.014,-8.189,0.003,-10.057,9.088,0.951,14,-0.319,1,0.000,0.000,0.000,372.083,21,3,45,0,40,8,63,3,0.000
"Pinocembrin",13,0,0,0,0,15,4,-2,872.702,7.677,1151.746,135.323,601.024,415.398,0.000,2214.980,10.000,19.400,0.0266065,0.0532654,0.7134908,76.825,29.006,53.480,39.851,-0.012,-6.751,-10.151,-8.149,0.020,-8.212,0.004,-9.693,8.964,0.758,14,-0.316,1,0.000,0.000,0.000,367.278,21,3,45,0,40,8,63,3,0.000
"Pinocembrin",12,0,0,0,0,15,4,-2,872.702,3.381,1095.378,120.173,597.468,377.737,0.000,2164.799,10.000,19.400,0.0052791,0.0560064,0.7388324,74.457,27.792,52.451,39.435,-0.237,-5.957,-10.151,-7.559,0.021,-7.638,0.004,-9.760,9.200,0.890,14,-0.343,1,0.000,0.000,0.000,370.454,21,3,45,0,40,8,63,3,0.000
"Pinocembrin",12,0,0,0,0,15,4,-2,872.702,3.997,1095.541,112.628,595.964,386.949,0.000,2164.166,10.000,19.400,0.0073803,0.0559981,0.7385784,74.520,27.846,52.507,39.488,-0.220,-5.959,-10.151,-7.607,0.022,-7.624,0.005,-9.700,9.187,0.866,14,-0.345,1,0.000,0.000,0.000,367.602,21,3,45,0,40,8,63,3,0.000
"Pinocembrin",13,0,0,0,0,15,4,-2,872.702,4.363,1148.889,114.792,619.574,414.523,0.000,2221.012,10.000,19.400,0.0085722,0.0533978,0.7165628,77.058,29.120,53.432,39.964,-0.096,-6.710,-10.151,-8.095,0.013,-8.385,0.003,-10.038,9.044,0.904,14,-0.293,1,0.000,0.000,0.000,372.532,21,3,45,0,40,8,63,3,0.000
"Pinocembrin",13,0,0,0,0,15,4,-2,872.702,2.186,1152.077,128.627,607.320,416.130,0.000,2217.090,10.000,19.400,0.0021555,0.0532501,0.7137382,76.916,29.069,53.212,39.900,-0.041,-6.756,-10.151,-8.149,0.017,-8.289,0.004,-9.806,9.015,0.805,14,-0.311,1,0.000,0.000,0.000,367.713,21,3,45,0,40,8,63,3,0.000
"Pinocembrin",11,0,0,0,0,15,4,-2,872.702,2.414,1034.542,107.992,601.406,325.144,0.000,2120.566,10.000,19.400,0.0027470,0.0592999,0.7715868,72.185,26.561,51.762,38.957,-0.468,-5.134,-10.151,-6.779,0.020,-7.075,0.004,-10.018,9.271,0.904,14,-0.328,1,0.000,0.000,0.000,370.791,21,3,45,0,40,8,63,2,0.000
"Pinocembrin",13,0,0,0,0,15,4,-2,872.702,2.471,1134.794,123.061,608.158,403.574,0.000,2210.477,10.000,19.400,0.0027626,0.0540611,0.7231675,76.532,28.737,53.141,39.778,-0.069,-6.510,-10.151,-7.936,0.017,-8.093,0.003,-9.866,8.953,0.786,14,-0.295,1,0.000,0.000,0.000,366.757,21,3,45,0,40,8,63,3,0.000
"Pinocembrin",12,0,0,0,0,15,4,-2,872.702,4.947,1131.509,131.240,614.509,385.761,0.000,2197.640,10.000,19.400,0.0111379,0.0542180,0.7224561,75.848,28.558,53.008,39.692,-0.210,-6.463,-10.151,-7.863,0.015,-8.190,0.003,-10.046,9.132,1.000,14,-0.325,1,0.000,0.000,0.000,371.514,21,3,45,0,40,8,63,3,0.000
"Pinocembrin",13,0,0,0,0,15,4,-2,872.702,2.142,1154.233,128.515,609.075,416.643,0.000,2218.864,10.000,19.400,0.0020677,0.0531506,0.7127854,76.992,29.121,53.240,39.920,-0.046,-6.787,-10.151,-8.166,0.017,-8.333,0.003,-9.837,9.014,0.748,14,-0.310,1,0.000,0.000,0.000,367.909,21,3,45,0,40,8,63,3,0.000
"Pinocembrin",12,0,0,0,0,15,4,-2,872.702,2.462,1109.792,116.135,612.098,381.560,0.000,2181.003,10.000,19.400,0.0027787,0.0552790,0.7328711,75.142,28.169,52.699,39.595,-0.260,-6.158,-10.151,-7.674,0.016,-7.938,0.003,-10.016,9.251,0.871,14,-0.327,1,0.000,0.000,0.000,371.435,21,3,45,0,40,8,63,3,0.000
"Pinocembrin",13,0,0,0,0,15,4,-2,872.702,3.843,1136.035,123.844,608.883,403.308,0.000,2211.273,10.000,19.400,0.0066777,0.0540020,0.7225504,76.561,28.759,53.204,39.784,-0.072,-6.527,-10.151,-7.945,0.017,-8.116,0.003,-9.880,9.025,0.728,14,-0.295,1,0.000,0.000,0.000,366.761,21,3,45,0,40,8,63,3,0.000
"Pinocembrin",13,0,0,0,0,15,4,-2,872.702,8.378,1155.646,107.501,636.661,411.484,0.000,2217.220,10.000,19.400,0.0316573,0.0530856,0.7115622,76.877,29.290,53.723,40.076,-0.256,-6.807,-10.151,-8.162,0.009,-8.724,0.002,-10.363,9.227,1.052,14,-0.317,1,0.000,0.000,0.000,372.716,21,3,45,0,40,8,63,3,0.000
"Pinocembrin",12,0,0,0,0,15,4,-2,872.702,3.730,1105.791,111.875,603.477,390.439,0.000,2168.179,10.000,19.400,0.0064178,0.0554790,0.7326370,74.714,28.064,52.563,39.587,-0.265,-6.102,-10.151,-7.720,0.019,-7.836,0.004,-9.826,9.076,0.752,14,-0.356,1,0.000,0.000,0.000,368.497,21,3,45,0,40,8,63,3,0.000
"Pinocembrin",13,0,0,0,0,15,4,-2,872.702,3.452,1182.764,148.488,628.291,405.985,0.000,2255.214,10.000,19.400,0.0052833,0.0518685,0.7031679,78.345,29.713,53.773,40.047,-0.011,-7.200,-10.151,-8.271,0.011,-8.812,0.002,-10.229,8.908,0.969,14,-0.260,1,0.000,0.000,0.000,368.473,21,3,45,0,40,8,63,3,0.000
"Pinocembrin",12,0,0,0,0,15,4,-2,872.702,2.631,1097.676,128.583,594.919,374.174,0.000,2159.088,10.000,19.400,0.0032067,0.0558892,0.7359888,74.195,27.751,52.289,39.399,-0.266,-5.989,-10.151,-7.588,0.023,-7.663,0.005,-9.726,9.145,0.821,14,-0.365,1,0.000,0.000,0.000,370.731,21,3,45,0,40,8,63,3,0.000
"Pinocembrin",12,0,0,0,0,15,4,-2,872.702,4.325,1132.853,138.555,602.449,391.849,0.000,2193.023,10.000,19.400,0.0085296,0.0541537,0.7205880,75.721,28.513,52.861,39.655,-0.153,-6.482,-10.151,-7.922,0.019,-8.076,0.004,-9.802,8.943,1.013,14,-0.341,1,0.000,0.000,0.000,370.373,21,3,45,0,40,8,63,3,0.000
"Pinocembrin",11,0,0,0,0,15,4,-2,872.702,3.259,1007.286,120.651,578.954,307.682,0.000,2083.765,10.000,19.400,0.0050971,0.0609044,0.7832697,70.545,25.822,51.136,38.620,-0.502,-4.777,-10.151,-6.506,0.032,-6.632,0.007,-9.666,9.071,0.768,14,-0.366,1,0.000,0.000,0.000,365.974,21,3,45,0,40,8,63,2,0.000
"Pinocembrin",13,0,0,0,0,15,4,-2,872.702,2.150,1143.304,120.974,610.288,412.043,0.000,2212.756,10.000,19.400,0.0020881,0.0536587,0.7182774,76.704,28.930,53.179,39.871,-0.077,-6.631,-10.151,-8.056,0.016,-8.227,0.003,-9.875,8.937,0.906,14,-0.306,1,0.000,0.000,0.000,367.471,21,3,45,0,40,8,63,3,0.000
"Pinocembrin",12,0,0,0,0,15,4,-2,872.702,6.899,1122.984,111.926,599.618,411.439,0.000,2178.152,10.000,19.400,0.0218506,0.0546296,0.7236307,75.313,28.441,52.935,39.745,-0.186,-6.343,-10.151,-7.966,0.020,-7.975,0.004,-9.681,9.110,0.888,14,-0.364,1,0.000,0.000,0.000,370.089,21,3,45,0,40,8,63,3,0.000
"Pinocembrin",11,0,0,0,0,15,4,-2,872.702,4.482,1076.110,121.252,587.568,367.290,0.000,2160.696,10.000,19.400,0.0092982,0.0570092,0.7511108,74.193,27.406,52.435,39.250,-0.163,-5.692,-10.151,-7.311,0.027,-7.284,0.006,-9.614,8.991,0.988,14,-0.311,1,0.000,0.000,0.000,372.123,21,3,45,0,40,8,63,2,0.000
"Pinocembrin",13,0,0,0,0,15,4,-2,872.702,3.021,1161.018,113.537,619.856,427.625,0.000,2228.749,10.000,19.400,0.0040947,0.0528400,0.7107228,77.493,29.405,53.502,40.085,-0.057,-6.885,-10.151,-8.252,0.013,-8.522,0.003,-9.997,8.940,0.702,14,-0.295,1,0.000,0.000,0.000,373.386,21,3,45,0,40,8,63,3,0.000
"Pinocembrin",13,0,0,0,0,15,4,-2,872.702,7.974,1147.178,117.704,614.757,414.717,0.000,2208.261,10.000,19.400,0.0287909,0.0534775,0.7148821,76.550,29.010,53.489,39.929,-0.142,-6.686,-10.151,-8.123,0.015,-8.360,0.003,-9.948,9.218,0.826,14,-0.326,1,0.000,0.000,0.000,372.694,21,3,45,0,40,8,63,3,0.000
"Pinocembrin",14,0,0,0,0,15,4,-2,872.702,3.570,1224.219,112.204,642.997,469.017,0.000,2285.428,10.000,19.400,0.0055752,0.0501121,0.6854108,80.156,30.958,54.445,40.676,0.080,-7.810,-10.151,-8.859,0.008,-9.466,0.002,-10.278,9.246,0.962,14,-0.248,1,0.000,0.000,0.000,372.308,21,3,45,0,40,8,63,3,0.000
"Pinocembrin",12,0,0,0,0,15,4,-2,872.702,5.445,1132.349,138.576,600.420,393.353,0.000,2191.280,10.000,19.400,0.0135298,0.0541778,0.7205267,75.666,28.495,52.901,39.650,-0.147,-6.475,-10.151,-7.930,0.020,-8.051,0.004,-9.759,9.096,0.994,14,-0.345,1,0.000,0.000,0.000,372.128,21,3,45,0,40,8,63,3,0.000
"Pinocembrin",13,0,0,0,0,15,4,-2,872.702,1.956,1159.885,113.473,620.032,426.380,0.000,2225.931,10.000,19.400,0.0017186,0.0528916,0.7108169,77.368,29.371,53.424,40.075,-0.075,-6.868,-10.151,-8.245,0.013,-8.522,0.003,-10.005,8.929,0.685,14,-0.301,1,0.000,0.000,0.000,373.508,21,3,45,0,40,8,63,3,0.000
"Pinocembrin",12,0,0,0,0,15,4,-2,872.702,9.835,1112.956,123.418,609.023,380.515,0.000,2182.717,10.000,19.400,0.0443168,0.0551219,0.7311708,75.201,28.186,53.260,39.575,-0.236,-6.202,-10.151,-7.697,0.017,-7.935,0.003,-9.963,9.262,0.787,14,-0.329,1,0.000,0.000,0.000,371.571,21,3,45,0,40,8,63,3,0.000
"Pinocembrin",13,0,0,0,0,15,4,-2,872.702,4.502,1139.851,113.476,620.727,405.647,0.000,2197.673,10.000,19.400,0.0092215,0.0538212,0.7171760,76.039,28.848,53.070,39.890,-0.248,-6.582,-10.151,-8.043,0.013,-8.386,0.003,-10.090,9.084,0.855,14,-0.342,1,0.000,0.000,0.000,372.792,21,3,45,0,40,8,63,3,0.000
"Pinocembrin",13,0,0,0,0,15,4,-2,872.702,6.082,1136.309,137.899,603.195,395.215,0.000,2193.459,10.000,19.400,0.0168663,0.0539890,0.7184914,75.771,28.587,52.985,39.691,-0.159,-6.531,-10.151,-7.972,0.019,-8.131,0.004,-9.804,8.909,0.763,14,-0.347,1,0.000,0.000,0.000,372.423,21,3,45,0,40,8,63,3,0.000
"Pinocembrin",13,0,0,0,0,15,4,-2,872.702,4.966,1149.132,136.547,598.505,414.080,0.000,2216.323,10.000,19.400,0.0111265,0.0533866,0.7154029,76.866,28.951,53.283,39.819,0.018,-6.714,-10.151,-8.112,0.021,-8.137,0.004,-9.651,8.972,0.781,14,-0.307,1,0.000,0.000,0.000,366.753,21,3,45,0,40,8,63,3,0.000
"Pinocembrin",12,0,0,0,0,15,4,-2,872.702,1.948,1077.115,117.457,594.295,365.363,0.000,2155.068,10.000,19.400,0.0017600,0.0569560,0.7491065,73.950,27.425,52.259,39.285,-0.251,-5.706,-10.151,-7.334,0.023,-7.401,0.005,-9.745,9.064,0.928,14,-0.330,1,0.000,0.000,0.000,369.736,21,3,45,0,40,8,63,3,0.000
"Pinocembrin",12,0,0,0,0,15,4,-2,872.702,5.824,1072.920,129.888,590.461,352.571,0.000,2140.908,10.000,19.400,0.0158434,0.0571787,0.7487382,73.261,27.194,52.161,39.162,-0.322,-5.649,-10.151,-7.279,0.025,-7.362,0.005,-9.720,9.075,0.806,14,-0.361,1,0.000,0.000,0.000,367.056,21,3,45,0,40,8,63,2,0.000
"Pinocembrin",12,0,0,0,0,15,4,-2,872.702,5.949,1131.320,128.986,615.342,386.992,0.000,2199.577,10.000,19.400,0.0160882,0.0542271,0.7230010,75.937,28.579,53.118,39.706,-0.202,-6.460,-10.151,-7.860,0.014,-8.189,0.003,-10.057,9.088,0.951,14,-0.319,1,0.000,0.000,0.000,372.083,21,3,45,0,40,8,63,3,0.000
"Pinocembrin",13,0,0,0,0,15,4,-2,872.702,7.677,1151.746,135.323,601.024,415.398,0.000,2214.980,10.000,19.400,0.0266079,0.0532654,0.7134908,76.825,29.006,53.480,39.851,-0.012,-6.751,-10.151,-8.149,0.020,-8.212,0.004,-9.693,8.964,0.758,14,-0.316,1,0.000,0.000,0.000,367.278,21,3,45,0,40,8,63,3,0.000
"Pinocembrin",12,0,0,0,0,15,4,-2,872.702,3.379,1095.378,120.173,597.468,377.737,0.000,2164.799,10.000,19.400,0.0052755,0.0560064,0.7388324,74.457,27.792,52.451,39.435,-0.237,-5.957,-10.151,-7.559,0.021,-7.638,0.004,-9.760,9.200,0.889,14,-0.343,1,0.000,0.000,0.000,370.454,21,3,45,0,40,8,63,3,0.000
"Pinocembrin",12,0,0,0,0,15,4,-2,872.702,3.997,1095.541,112.628,595.964,386.949,0.000,2164.166,10.000,19.400,0.0073803,0.0559981,0.7385784,74.520,27.846,52.507,39.488,-0.220,-5.959,-10.151,-7.607,0.022,-7.624,0.005,-9.700,9.187,0.866,14,-0.345,1,0.000,0.000,0.000,367.602,21,3,45,0,40,8,63,3,0.000
"Pinocembrin",13,0,0,0,0,15,4,-2,872.702,4.364,1148.889,114.792,619.574,414.523,0.000,2221.012,10.000,19.400,0.0085755,0.0533978,0.7165628,77.058,29.120,53.432,39.964,-0.096,-6.710,-10.151,-8.095,0.013,-8.385,0.003,-10.038,9.044,0.904,14,-0.293,1,0.000,0.000,0.000,372.532,21,3,45,0,40,8,63,3,0.000
"Pinocembrin",13,0,0,0,0,15,4,-2,872.702,2.186,1152.077,128.627,607.320,416.130,0.000,2217.090,10.000,19.400,0.0021555,0.0532501,0.7137382,76.916,29.069,53.212,39.900,-0.041,-6.756,-10.151,-8.149,0.017,-8.289,0.004,-9.806,9.015,0.805,14,-0.311,1,0.000,0.000,0.000,367.713,21,3,45,0,40,8,63,3,0.000
"Pinocembrin",11,0,0,0,0,15,4,-2,872.702,2.414,1034.542,107.992,601.406,325.144,0.000,2120.566,10.000,19.400,0.0027470,0.0592999,0.7715868,72.185,26.561,51.762,38.957,-0.468,-5.134,-10.151,-6.779,0.020,-7.075,0.004,-10.018,9.271,0.904,14,-0.328,1,0.000,0.000,0.000,370.791,21,3,45,0,40,8,63,2,0.000
"Pinocembrin",13,0,0,0,0,15,4,-2,872.702,2.471,1134.795,123.061,608.158,403.575,0.000,2210.479,10.000,19.400,0.0027620,0.0540610,0.7231672,76.532,28.737,53.141,39.778,-0.069,-6.510,-10.151,-7.936,0.017,-8.093,0.003,-9.866,8.953,0.786,14,-0.295,1,0.000,0.000,0.000,366.757,21,3,45,0,40,8,63,3,0.000
"Pinocembrin",12,0,0,0,0,15,4,-2,872.702,4.947,1131.509,131.240,614.509,385.761,0.000,2197.640,10.000,19.400,0.0111375,0.0542180,0.7224561,75.848,28.558,53.008,39.692,-0.210,-6.463,-10.151,-7.863,0.015,-8.190,0.003,-10.046,9.132,1.000,14,-0.325,1,0.000,0.000,0.000,371.514,21,3,45,0,40,8,63,3,0.000
"Pinocembrin",13,0,0,0,0,15,4,-2,872.702,2.143,1154.233,128.515,609.075,416.643,0.000,2218.864,10.000,19.400,0.0020693,0.0531506,0.7127854,76.992,29.121,53.240,39.920,-0.046,-6.787,-10.151,-8.166,0.017,-8.333,0.003,-9.837,9.014,0.748,14,-0.310,1,0.000,0.000,0.000,367.909,21,3,45,0,40,8,63,3,0.000
"Pinocembrin",12,0,0,0,0,15,4,-2,872.702,2.462,1109.792,116.135,612.098,381.560,0.000,2181.003,10.000,19.400,0.0027799,0.0552790,0.7328711,75.142,28.169,52.699,39.595,-0.260,-6.158,-10.151,-7.674,0.016,-7.938,0.003,-10.016,9.251,0.871,14,-0.327,1,0.000,0.000,0.000,371.435,21,3,45,0,40,8,63,3,0.000
"Pinocembrin",13,0,0,0,0,15,4,-2,872.702,3.833,1134.962,123.573,608.566,402.823,0.000,2209.943,10.000,19.400,0.0066487,0.0540531,0.7229434,76.503,28.734,53.183,39.776,-0.076,-6.512,-10.151,-7.936,0.017,-8.103,0.003,-9.876,9.024,0.731,14,-0.297,1,0.000,0.000,0.000,366.851,21,3,45,0,40,8,63,3,0.000
"Pinocembrin",13,0,0,0,0,15,4,-2,872.702,8.380,1155.646,107.501,636.661,411.484,0.000,2217.220,10.000,19.400,0.0316697,0.0530856,0.7115622,76.877,29.290,53.724,40.076,-0.256,-6.807,-10.151,-8.162,0.009,-8.724,0.002,-10.363,9.227,1.053,14,-0.317,1,0.000,0.000,0.000,372.716,21,3,45,0,40,8,63,3,0.000
"Pinocembrin",12,0,0,0,0,15,4,-2,872.702,3.730,1105.791,111.875,603.477,390.439,0.000,2168.179,10.000,19.400,0.0064177,0.0554790,0.7326370,74.714,28.064,52.563,39.587,-0.265,-6.102,-10.151,-7.720,0.019,-7.836,0.004,-9.826,9.076,0.752,14,-0.356,1,0.000,0.000,0.000,368.497,21,3,45,0,40,8,63,3,0.000
"Pinocembrin",13,0,0,0,0,15,4,-2,872.702,3.452,1182.764,148.488,628.291,405.985,0.000,2255.214,10.000,19.400,0.0052831,0.0518685,0.7031679,78.345,29.713,53.773,40.047,-0.011,-7.200,-10.151,-8.271,0.011,-8.812,0.002,-10.229,8.908,0.969,14,-0.260,1,0.000,0.000,0.000,368.473,21,3,45,0,40,8,63,3,0.000
"Pinocembrin",12,0,0,0,0,15,4,-2,872.702,2.631,1097.676,128.583,594.919,374.174,0.000,2159.088,10.000,19.400,0.0032067,0.0558892,0.7359888,74.195,27.751,52.289,39.399,-0.266,-5.989,-10.151,-7.588,0.023,-7.663,0.005,-9.726,9.145,0.821,14,-0.365,1,0.000,0.000,0.000,370.731,21,3,45,0,40,8,63,3,0.000
"Pinocembrin",12,0,0,0,0,15,4,-2,872.702,4.325,1132.853,138.555,602.449,391.849,0.000,2193.023,10.000,19.400,0.0085298,0.0541537,0.7205880,75.721,28.513,52.861,39.655,-0.153,-6.482,-10.151,-7.922,0.019,-8.076,0.004,-9.802,8.943,1.013,14,-0.341,1,0.000,0.000,0.000,370.373,21,3,45,0,40,8,63,3,0.000
"Pinocembrin",11,0,0,0,0,15,4,-2,872.702,3.259,1007.286,120.651,578.954,307.682,0.000,2083.765,10.000,19.400,0.0050970,0.0609044,0.7832697,70.545,25.822,51.136,38.620,-0.502,-4.777,-10.151,-6.506,0.032,-6.632,0.007,-9.666,9.071,0.768,14,-0.366,1,0.000,0.000,0.000,365.974,21,3,45,0,40,8,63,2,0.000
"Pinocembrin",13,0,0,0,0,15,4,-2,872.702,2.150,1143.304,120.974,610.288,412.043,0.000,2212.756,10.000,19.400,0.0020883,0.0536587,0.7182774,76.704,28.930,53.179,39.871,-0.077,-6.631,-10.151,-8.056,0.016,-8.227,0.003,-9.875,8.937,0.906,14,-0.306,1,0.000,0.000,0.000,367.471,21,3,45,0,40,8,63,3,0.000
"Pinocembrin",12,0,0,0,0,15,4,-2,872.702,6.899,1122.984,111.926,599.618,411.439,0.000,2178.152,10.000,19.400,0.0218509,0.0546296,0.7236307,75.313,28.441,52.935,39.745,-0.186,-6.343,-10.151,-7.966,0.020,-7.975,0.004,-9.681,9.110,0.887,14,-0.364,1,0.000,0.000,0.000,370.089,21,3,45,0,40,8,63,3,0.000
"Pinocembrin",11,0,0,0,0,15,4,-2,872.702,4.482,1076.110,121.252,587.568,367.290,0.000,2160.696,10.000,19.400,0.0092990,0.0570092,0.7511108,74.193,27.406,52.435,39.250,-0.163,-5.692,-10.151,-7.311,0.027,-7.284,0.006,-9.614,8.991,0.988,14,-0.311,1,0.000,0.000,0.000,372.123,21,3,45,0,40,8,63,2,0.000
"Pinocembrin",13,0,0,0,0,15,4,-2,872.702,3.021,1161.018,113.537,619.856,427.625,0.000,2228.749,10.000,19.400,0.0040947,0.0528400,0.7107228,77.493,29.405,53.502,40.085,-0.057,-6.885,-10.151,-8.252,0.013,-8.522,0.003,-9.997,8.940,0.702,14,-0.295,1,0.000,0.000,0.000,373.386,21,3,45,0,40,8,63,3,0.000
"Pinocembrin",13,0,0,0,0,15,4,-2,872.702,7.975,1147.178,117.704,614.757,414.717,0.000,2208.261,10.000,19.400,0.0287995,0.0534775,0.7148821,76.550,29.010,53.489,39.929,-0.142,-6.686,-10.151,-8.123,0.015,-8.360,0.003,-9.948,9.218,0.826,14,-0.326,1,0.000,0.000,0.000,372.694,21,3,45,0,40,8,63,3,0.000
"Pinocembrin",14,0,0,0,0,15,4,-2,872.702,3.570,1224.219,112.204,642.997,469.017,0.000,2285.428,10.000,19.400,0.0055758,0.0501121,0.6854108,80.156,30.958,54.445,40.676,0.080,-7.810,-10.151,-8.859,0.008,-9.466,0.002,-10.278,9.246,0.962,14,-0.248,1,0.000,0.000,0.000,372.308,21,3,45,0,40,8,63,3,0.000
"Pinocembrin",12,0,0,0,0,15,4,-2,872.702,5.445,1132.349,138.576,600.420,393.353,0.000,2191.280,10.000,19.400,0.0135294,0.0541778,0.7205267,75.666,28.495,52.901,39.650,-0.147,-6.475,-10.151,-7.930,0.020,-8.051,0.004,-9.759,9.096,0.994,14,-0.345,1,0.000,0.000,0.000,372.128,21,3,45,0,40,8,63,3,0.000
"Pinocembrin",13,0,0,0,0,15,4,-2,872.702,1.956,1159.886,113.474,620.032,426.380,0.000,2225.931,10.000,19.400,0.0017187,0.0528916,0.7108167,77.368,29.371,53.424,40.075,-0.075,-6.868,-10.151,-8.245,0.013,-8.522,0.003,-10.005,8.928,0.685,14,-0.301,1,0.000,0.000,0.000,373.508,21,3,45,0,40,8,63,3,0.000
"Pinocembrin",12,0,0,0,0,15,4,-2,872.702,9.835,1112.956,123.418,609.023,380.515,0.000,2182.717,10.000,19.400,0.0443170,0.0551219,0.7311708,75.201,28.186,53.260,39.575,-0.236,-6.202,-10.151,-7.697,0.017,-7.935,0.003,-9.963,9.262,0.787,14,-0.329,1,0.000,0.000,0.000,371.571,21,3,45,0,40,8,63,3,0.000
"Pinocembrin",13,0,0,0,0,15,4,-2,872.702,4.502,1139.851,113.476,620.727,405.647,0.000,2197.673,10.000,19.400,0.0092217,0.0538212,0.7171759,76.039,28.848,53.070,39.890,-0.248,-6.582,-10.151,-8.043,0.013,-8.386,0.003,-10.090,9.084,0.855,14,-0.342,1,0.000,0.000,0.000,372.792,21,3,45,0,40,8,63,3,0.000
"Pinocembrin",13,0,0,0,0,15,4,-2,872.702,6.082,1136.309,137.899,603.195,395.215,0.000,2193.459,10.000,19.400,0.0168662,0.0539890,0.7184914,75.771,28.587,52.985,39.691,-0.159,-6.531,-10.151,-7.972,0.019,-8.131,0.004,-9.804,8.909,0.763,14,-0.347,1,0.000,0.000,0.000,372.423,21,3,45,0,40,8,63,3,0.000
"Pinocembrin",13,0,0,0,0,15,4,-2,872.702,4.966,1149.132,136.547,598.505,414.080,0.000,2216.323,10.000,19.400,0.0111266,0.0533866,0.7154029,76.866,28.951,53.283,39.819,0.018,-6.714,-10.151,-8.112,0.021,-8.137,0.004,-9.651,8.972,0.781,14,-0.307,1,0.000,0.000,0.000,366.753,21,3,45,0,40,8,63,3,0.000
"Pinocembrin",12,0,0,0,0,15,4,-2,872.702,1.948,1077.115,117.457,594.295,365.363,0.000,2155.068,10.000,19.400,0.0017600,0.0569560,0.7491065,73.950,27.425,52.259,39.285,-0.251,-5.706,-10.151,-7.334,0.023,-7.401,0.005,-9.745,9.064,0.928,14,-0.330,1,0.000,0.000,0.000,369.736,21,3,45,0,40,8,63,3,0.000
"Pinocembrin",12,0,0,0,0,15,4,-2,872.702,5.824,1072.920,129.888,590.461,352.571,0.000,2140.908,10.000,19.400,0.0158441,0.0571787,0.7487382,73.261,27.194,52.161,39.162,-0.322,-5.649,-10.151,-7.279,0.025,-7.362,0.005,-9.720,9.075,0.806,14,-0.361,1,0.000,0.000,0.000,367.056,21,3,45,0,40,8,63,2,0.000
"Pinocembrin",12,0,0,0,0,15,4,-2,872.702,5.949,1131.320,128.986,615.342,386.992,0.000,2199.577,10.000,19.400,0.0160886,0.0542271,0.7230010,75.937,28.579,53.118,39.706,-0.202,-6.460,-10.151,-7.860,0.014,-8.189,0.003,-10.057,9.088,0.951,14,-0.319,1,0.000,0.000,0.000,372.083,21,3,45,0,40,8,63,3,0.000
"Pinocembrin",13,0,0,0,0,15,4,-2,872.702,7.677,1151.746,135.323,601.024,415.398,0.000,2214.980,10.000,19.400,0.0266050,0.0532654,0.7134908,76.825,29.006,53.480,39.851,-0.012,-6.751,-10.151,-8.149,0.020,-8.212,0.004,-9.693,8.964,0.758,14,-0.316,1,0.000,0.000,0.000,367.278,21,3,45,0,40,8,63,3,0.000
"Pinocembrin",12,0,0,0,0,15,4,-2,872.702,3.381,1095.378,120.173,597.468,377.737,0.000,2164.799,10.000,19.400,0.0052794,0.0560064,0.7388324,74.457,27.792,52.451,39.435,-0.237,-5.957,-10.151,-7.559,0.021,-7.638,0.004,-9.760,9.200,0.890,14,-0.343,1,0.000,0.000,0.000,370.454,21,3,45,0,40,8,63,3,0.000
"Pinocembrin",12,0,0,0,0,15,4,-2,872.702,3.997,1095.541,112.628,595.964,386.949,0.000,2164.166,10.000,19.400,0.0073807,0.0559981,0.7385784,74.520,27.846,52.507,39.488,-0.220,-5.959,-10.151,-7.607,0.022,-7.624,0.005,-9.700,9.187,0.866,14,-0.345,1,0.000,0.000,0.000,367.602,21,3,45,0,40,8,63,3,0.000
"Pinocembrin",13,0,0,0,0,15,4,-2,872.702,4.363,1148.889,114.792,619.574,414.523,0.000,2221.012,10.000,19.400,0.0085721,0.0533978,0.7165628,77.058,29.120,53.432,39.964,-0.096,-6.710,-10.151,-8.095,0.013,-8.385,0.003,-10.038,9.044,0.904,14,-0.293,1,0.000,0.000,0.000,372.532,21,3,45,0,40,8,63,3,0.000
"Pinocembrin",13,0,0,0,0,15,4,-2,872.702,2.186,1152.077,128.627,607.320,416.130,0.000,2217.090,10.000,19.400,0.0021550,0.0532501,0.7137382,76.916,29.069,53.212,39.900,-0.041,-6.756,-10.151,-8.149,0.017,-8.289,0.004,-9.806,9.015,0.805,14,-0.311,1,0.000,0.000,0.000,367.713,21,3,45,0,40,8,63,3,0.000
"Pinocembrin",11,0,0,0,0,15,4,-2,872.702,2.414,1034.542,107.992,601.406,325.144,0.000,2120.566,10.000,19.400,0.0027489,0.0592999,0.7715868,72.185,26.561,51.762,38.957,-0.468,-5.134,-10.151,-6.779,0.020,-7.075,0.004,-10.018,9.271,0.904,14,-0.328,1,0.000,0.000,0.000,370.791,21,3,45,0,40,8,63,2,0.000
"Pinocembrin",13,0,0,0,0,15,4,-2,872.702,2.463,1156.250,123.085,629.590,403.575,0.000,2233.003,10.000,19.400,0.0027175,0.0530579,0.7145612,77.433,29.260,53.504,39.976,-0.115,-6.816,-10.151,-8.075,0.011,-8.561,0.002,-10.261,8.952,0.785,14,-0.273,1,0.000,0.000,0.000,366.758,21,3,45,0,40,8,63,3,0.000
"Pinocembrin",12,0,0,0,0,15,4,-2,872.702,4.948,1131.509,131.240,614.509,385.761,0.000,2197.640,10.000,19.400,0.0111389,0.0542180,0.7224561,75.848,28.558,53.008,39.692,-0.210,-6.463,-10.151,-7.863,0.015,-8.190,0.003,-10.046,9.132,1.000,14,-0.325,1,0.000,0.000,0.000,371.514,21,3,45,0,40,8,63,3,0.000
"Pinocembrin",13,0,0,0,0,15,4,-2,872.702,2.142,1154.233,128.515,609.075,416.643,0.000,2218.864,10.000,19.400,0.0020687,0.0531506,0.7127854,76.992,29.121,53.240,39.920,-0.046,-6.787,-10.151,-8.166,0.017,-8.333,0.003,-9.837,9.014,0.748,14,-0.310,1,0.000,0.000,0.000,367.909,21,3,45,0,40,8,63,3,0.000
"Pinocembrin",12,0,0,0,0,15,4,-2,872.702,2.462,1109.792,116.135,612.098,381.560,0.000,2181.003,10.000,19.400,0.0027788,0.0552790,0.7328711,75.142,28.169,52.699,39.595,-0.260,-6.158,-10.151,-7.674,0.016,-7.938,0.003,-10.016,9.251,0.871,14,-0.327,1,0.000,0.000,0.000,371.435,21,3,45,0,40,8,63,3,0.000
"Pinocembrin",13,0,0,0,0,15,4,-2,872.702,3.840,1135.388,123.562,608.777,403.049,0.000,2210.327,10.000,19.400,0.0066699,0.0540328,0.7227559,76.521,28.744,53.190,39.780,-0.076,-6.518,-10.151,-7.940,0.017,-8.110,0.003,-9.879,9.024,0.729,14,-0.296,1,0.000,0.000,0.000,366.806,21,3,45,0,40,8,63,3,0.000
"Pinocembrin",13,0,0,0,0,15,4,-2,872.702,8.378,1155.646,107.501,636.661,411.484,0.000,2217.220,10.000,19.400,0.0316572,0.0530856,0.7115622,76.877,29.290,53.723,40.076,-0.256,-6.807,-10.151,-8.162,0.009,-8.724,0.002,-10.363,9.227,1.052,14,-0.317,1,0.000,0.000,0.000,372.716,21,3,45,0,40,8,63,3,0.000
"Pinocembrin",12,0,0,0,0,15,4,-2,872.702,3.730,1105.791,111.875,603.477,390.439,0.000,2168.179,10.000,19.400,0.0064178,0.0554790,0.7326370,74.714,28.064,52.563,39.587,-0.265,-6.102,-10.151,-7.720,0.019,-7.836,0.004,-9.826,9.076,0.752,14,-0.356,1,0.000,0.000,0.000,368.497,21,3,45,0,40,8,63,3,0.000
"Pinocembrin",13,0,0,0,0,15,4,-2,872.702,3.452,1182.764,148.488,628.291,405.985,0.000,2255.214,10.000,19.400,0.0052833,0.0518685,0.7031679,78.345,29.713,53.773,40.047,-0.011,-7.200,-10.151,-8.271,0.011,-8.812,0.002,-10.229,8.908,0.969,14,-0.260,1,0.000,0.000,0.000,368.473,21,3,45,0,40,8,63,3,0.000
"Pinocembrin",12,0,0,0,0,15,4,-2,872.702,2.631,1097.676,128.583,594.919,374.174,0.000,2159.088,10.000,19.400,0.0032068,0.0558892,0.7359888,74.195,27.751,52.289,39.399,-0.266,-5.989,-10.151,-7.588,0.023,-7.663,0.005,-9.726,9.145,0.821,14,-0.365,1,0.000,0.000,0.000,370.731,21,3,45,0,40,8,63,3,0.000
"Pinocembrin",12,0,0,0,0,15,4,-2,872.702,4.325,1132.853,138.555,602.449,391.849,0.000,2193.023,10.000,19.400,0.0085299,0.0541537,0.7205880,75.721,28.513,52.861,39.655,-0.153,-6.482,-10.151,-7.922,0.019,-8.076,0.004,-9.802,8.943,1.013,14,-0.341,1,0.000,0.000,0.000,370.373,21,3,45,0,40,8,63,3,0.000
"Pinocembrin",11,0,0,0,0,15,4,-2,872.702,3.259,1007.286,120.651,578.954,307.682,0.000,2083.765,10.000,19.400,0.0050971,0.0609044,0.7832697,70.545,25.822,51.136,38.620,-0.502,-4.777,-10.151,-6.506,0.032,-6.632,0.007,-9.666,9.071,0.768,14,-0.366,1,0.000,0.000,0.000,365.974,21,3,45,0,40,8,63,2,0.000
"Pinocembrin",13,0,0,0,0,15,4,-2,872.702,2.150,1143.304,120.974,610.288,412.043,0.000,2212.756,10.000,19.400,0.0020881,0.0536587,0.7182774,76.704,28.930,53.179,39.871,-0.077,-6.631,-10.151,-8.056,0.016,-8.227,0.003,-9.875,8.937,0.906,14,-0.306,1,0.000,0.000,0.000,367.471,21,3,45,0,40,8,63,3,0.000
"Pinocembrin",12,0,0,0,0,15,4,-2,872.702,6.899,1122.984,111.926,599.618,411.439,0.000,2178.152,10.000,19.400,0.0218512,0.0546296,0.7236307,75.313,28.441,52.935,39.745,-0.186,-6.343,-10.151,-7.966,0.020,-7.975,0.004,-9.681,9.110,0.887,14,-0.364,1,0.000,0.000,0.000,370.089,21,3,45,0,40,8,63,3,0.000
"Pinocembrin",11,0,0,0,0,15,4,-2,872.702,4.482,1076.110,121.252,587.568,367.290,0.000,2160.696,10.000,19.400,0.0092985,0.0570092,0.7511108,74.193,27.406,52.435,39.250,-0.163,-5.692,-10.151,-7.311,0.027,-7.284,0.006,-9.614,8.991,0.988,14,-0.311,1,0.000,0.000,0.000,372.123,21,3,45,0,40,8,63,2,0.000
"Pinocembrin",13,0,0,0,0,15,4,-2,872.702,3.021,1161.018,113.537,619.856,427.625,0.000,2228.749,10.000,19.400,0.0040960,0.0528400,0.7107228,77.493,29.405,53.502,40.085,-0.057,-6.885,-10.151,-8.252,0.013,-8.522,0.003,-9.997,8.940,0.702,14,-0.295,1,0.000,0.000,0.000,373.386,21,3,45,0,40,8,63,3,0.000
"Pinocembrin",13,0,0,0,0,15,4,-2,872.702,7.974,1147.178,117.704,614.757,414.717,0.000,2208.261,10.000,19.400,0.0287909,0.0534775,0.7148821,76.550,29.010,53.489,39.929,-0.142,-6.686,-10.151,-8.123,0.015,-8.360,0.003,-9.948,9.218,0.826,14,-0.326,1,0.000,0.000,0.000,372.694,21,3,45,0,40,8,63,3,0.000
"Pinocembrin",14,0,0,0,0,15,4,-2,872.702,3.570,1224.219,112.204,642.997,469.017,0.000,2285.428,10.000,19.400,0.0055751,0.0501121,0.6854108,80.156,30.958,54.445,40.676,0.080,-7.810,-10.151,-8.859,0.008,-9.466,0.002,-10.278,9.246,0.962,14,-0.248,1,0.000,0.000,0.000,372.308,21,3,45,0,40,8,63,3,0.000
"Pinocembrin",12,0,0,0,0,15,4,-2,872.702,5.445,1132.349,138.576,600.420,393.353,0.000,2191.280,10.000,19.400,0.0135299,0.0541778,0.7205267,75.666,28.495,52.901,39.650,-0.147,-6.475,-10.151,-7.930,0.020,-8.051,0.004,-9.759,9.096,0.994,14,-0.345,1,0.000,0.000,0.000,372.128,21,3,45,0,40,8,63,3,0.000
"Pinocembrin",13,0,0,0,0,15,4,-2,872.702,1.956,1159.886,113.474,620.032,426.380,0.000,2225.931,10.000,19.400,0.0017186,0.0528916,0.7108166,77.368,29.371,53.424,40.075,-0.075,-6.868,-10.151,-8.245,0.013,-8.522,0.003,-10.005,8.929,0.685,14,-0.301,1,0.000,0.000,0.000,373.508,21,3,45,0,40,8,63,3,0.000
"Pinocembrin",12,0,0,0,0,15,4,-2,872.702,9.835,1112.956,123.418,609.023,380.515,0.000,2182.717,10.000,19.400,0.0443176,0.0551219,0.7311708,75.201,28.186,53.260,39.575,-0.236,-6.202,-10.151,-7.697,0.017,-7.935,0.003,-9.963,9.262,0.787,14,-0.329,1,0.000,0.000,0.000,371.571,21,3,45,0,40,8,63,3,0.000
"Pinocembrin",13,0,0,0,0,15,4,-2,872.702,4.502,1139.851,113.476,620.727,405.647,0.000,2197.673,10.000,19.400,0.0092213,0.0538212,0.7171760,76.039,28.848,53.070,39.890,-0.248,-6.582,-10.151,-8.043,0.013,-8.386,0.003,-10.090,9.084,0.855,14,-0.342,1,0.000,0.000,0.000,372.792,21,3,45,0,40,8,63,3,0.000
"Pinocembrin",13,0,0,0,0,15,4,-2,872.702,6.082,1136.309,137.899,603.195,395.215,0.000,2193.459,10.000,19.400,0.0168659,0.0539890,0.7184914,75.771,28.587,52.985,39.691,-0.159,-6.531,-10.151,-7.972,0.019,-8.131,0.004,-9.804,8.909,0.763,14,-0.347,1,0.000,0.000,0.000,372.423,21,3,45,0,40,8,63,3,0.000
"Pinocembrin",13,0,0,0,0,15,4,-2,872.702,4.966,1149.132,136.547,598.505,414.080,0.000,2216.323,10.000,19.400,0.0111253,0.0533866,0.7154029,76.866,28.951,53.283,39.819,0.018,-6.714,-10.151,-8.112,0.021,-8.137,0.004,-9.651,8.972,0.781,14,-0.307,1,0.000,0.000,0.000,366.753,21,3,45,0,40,8,63,3,0.000
"Pinocembrin",12,0,0,0,0,15,4,-2,872.702,1.947,1077.115,117.457,594.295,365.363,0.000,2155.068,10.000,19.400,0.0017599,0.0569560,0.7491065,73.950,27.425,52.259,39.285,-0.251,-5.706,-10.151,-7.334,0.023,-7.401,0.005,-9.745,9.064,0.928,14,-0.330,1,0.000,0.000,0.000,369.736,21,3,45,0,40,8,63,3,0.000
"Pinocembrin",12,0,0,0,0,15,4,-2,872.702,5.824,1072.920,129.888,590.461,352.571,0.000,2140.908,10.000,19.400,0.0158459,0.0571787,0.7487382,73.261,27.194,52.161,39.162,-0.322,-5.649,-10.151,-7.279,0.025,-7.362,0.005,-9.720,9.075,0.806,14,-0.361,1,0.000,0.000,0.000,367.056,21,3,45,0,40,8,63,2,0.000
"Pinocembrin",12,0,0,0,0,15,4,-2,872.702,5.949,1131.320,128.986,615.342,386.992,0.000,2199.577,10.000,19.400,0.0160886,0.0542271,0.7230010,75.937,28.579,53.118,39.706,-0.202,-6.460,-10.151,-7.860,0.014,-8.189,0.003,-10.057,9.088,0.951,14,-0.319,1,0.000,0.000,0.000,372.083,21,3,45,0,40,8,63,3,0.000
"Pinocembrin",13,0,0,0,0,15,4,-2,872.702,7.677,1151.746,135.323,601.024,415.398,0.000,2214.980,10.000,19.400,0.0266081,0.0532654,0.7134908,76.825,29.006,53.480,39.851,-0.012,-6.751,-10.151,-8.149,0.020,-8.212,0.004,-9.693,8.964,0.758,14,-0.316,1,0.000,0.000,0.000,367.278,21,3,45,0,40,8,63,3,0.000
"Pinocembrin",12,0,0,0,0,15,4,-2,872.702,3.381,1095.378,120.173,597.468,377.737,0.000,2164.799,10.000,19.400,0.0052792,0.0560064,0.7388324,74.457,27.792,52.451,39.435,-0.237,-5.957,-10.151,-7.559,0.021,-7.638,0.004,-9.760,9.200,0.890,14,-0.343,1,0.000,0.000,0.000,370.454,21,3,45,0,40,8,63,3,0.000
"Pinocembrin",12,0,0,0,0,15,4,-2,872.702,3.997,1095.541,112.628,595.964,386.949,0.000,2164.166,10.000,19.400,0.0073811,0.0559981,0.7385784,74.520,27.846,52.507,39.488,-0.220,-5.959,-10.151,-7.607,0.022,-7.624,0.005,-9.700,9.187,0.866,14,-0.345,1,0.000,0.000,0.000,367.602,21,3,45,0,40,8,63,3,0.000
"Pinocembrin",13,0,0,0,0,15,4,-2,872.702,4.364,1148.889,114.792,619.574,414.523,0.000,2221.012,10.000,19.400,0.0085758,0.0533978,0.7165628,77.058,29.120,53.432,39.964,-0.096,-6.710,-10.151,-8.095,0.013,-8.385,0.003,-10.038,9.044,0.904,14,-0.293,1,0.000,0.000,0.000,372.532,21,3,45,0,40,8,63,3,0.000
"Pinocembrin",13,0,0,0,0,15,4,-2,872.702,2.186,1152.077,128.627,607.320,416.130,0.000,2217.090,10.000,19.400,0.0021550,0.0532501,0.7137382,76.916,29.069,53.212,39.900,-0.041,-6.756,-10.151,-8.149,0.017,-8.289,0.004,-9.806,9.015,0.805,14,-0.311,1,0.000,0.000,0.000,367.713,21,3,45,0,40,8,63,3,0.000
"Pinocembrin",11,0,0,0,0,15,4,-2,872.702,2.413,1034.542,107.992,601.406,325.144,0.000,2120.566,10.000,19.400,0.0027467,0.0592999,0.7715868,72.185,26.561,51.762,38.957,-0.468,-5.134,-10.151,-6.779,0.020,-7.075,0.004,-10.018,9.271,0.904,14,-0.328,1,0.000,0.000,0.000,370.791,21,3,45,0,40,8,63,2,0.000
"Pinocembrin",13,0,0,0,0,15,4,-2,872.702,2.471,1134.793,123.060,608.159,403.574,0.000,2210.477,10.000,19.400,0.0027627,0.0540611,0.7231675,76.532,28.737,53.141,39.778,-0.069,-6.510,-10.151,-7.936,0.017,-8.093,0.003,-9.866,8.953,0.786,14,-0.295,1,0.000,0.000,0.000,366.757,21,3,45,0,40,8,63,3,0.000
"Pinocembrin",12,0,0,0,0,15,4,-2,872.702,4.948,1131.509,131.240,614.509,385.761,0.000,2197.640,10.000,19.400,0.0111394,0.0542180,0.7224561,75.848,28.558,53.008,39.692,-0.210,-6.463,-10.151,-7.863,0.015,-8.190,0.003,-10.046,9.132,1.000,14,-0.325,1,0.000,0.000,0.000,371.514,21,3,45,0,40,8,63,3,0.000
"Pinocembrin",13,0,0,0,0,15,4,-2,872.702,2.142,1154.233,128.515,609.075,416.643,0.000,2218.864,10.000,19.400,0.0020679,0.0531506,0.7127854,76.992,29.121,53.240,39.920,-0.046,-6.787,-10.151,-8.166,0.017,-8.333,0.003,-9.837,9.014,0.748,14,-0.310,1,0.000,0.000,0.000,367.909,21,3,45,0,40,8,63,3,0.000
"Pinocembrin",12,0,0,0,0,15,4,-2,872.702,2.462,1109.792,116.135,612.098,381.560,0.000,2181.003,10.000,19.400,0.0027801,0.0552790,0.7328711,75.142,28.169,52.699,39.595,-0.260,-6.158,-10.151,-7.674,0.016,-7.938,0.003,-10.016,9.251,0.871,14,-0.327,1,0.000,0.000,0.000,371.435,21,3,45,0,40,8,63,3,0.000
"Pinocembrin",13,0,0,0,0,15,4,-2,872.702,3.812,1136.671,124.381,608.626,403.663,0.000,2210.814,10.000,19.400,0.0065717,0.0539718,0.7220466,76.546,28.766,53.192,39.787,-0.074,-6.536,-10.151,-7.955,0.017,-8.124,0.003,-9.874,9.030,0.723,14,-0.298,1,0.000,0.000,0.000,366.670,21,3,45,0,40,8,63,3,0.000
"Pinocembrin",13,0,0,0,0,15,4,-2,872.702,8.380,1155.646,107.501,636.661,411.484,0.000,2217.220,10.000,19.400,0.0316696,0.0530856,0.7115622,76.877,29.290,53.724,40.076,-0.256,-6.807,-10.151,-8.162,0.009,-8.724,0.002,-10.363,9.227,1.053,14,-0.317,1,0.000,0.000,0.000,372.716,21,3,45,0,40,8,63,3,0.000
"Pinocembrin",12,0,0,0,0,15,4,-2,872.702,3.731,1105.791,111.875,603.477,390.439,0.000,2168.179,10.000,19.400,0.0064195,0.0554790,0.7326370,74.714,28.064,52.563,39.587,-0.265,-6.102,-10.151,-7.720,0.019,-7.836,0.004,-9.826,9.076,0.752,14,-0.356,1,0.000,0.000,0.000,368.497,21,3,45,0,40,8,63,3,0.000
"Pinocembrin",13,0,0,0,0,15,4,-2,872.702,3.452,1182.764,148.488,628.291,405.985,0.000,2255.214,10.000,19.400,0.0052838,0.0518685,0.7031679,78.345,29.713,53.773,40.047,-0.011,-7.200,-10.151,-8.271,0.011,-8.812,0.002,-10.229,8.908,0.970,14,-0.260,1,0.000,0.000,0.000,368.473,21,3,45,0,40,8,63,3,0.000
"Pinocembrin",12,0,0,0,0,15,4,-2,872.702,2.631,1097.676,128.583,594.919,374.174,0.000,2159.088,10.000,19.400,0.0032067,0.0558892,0.7359888,74.195,27.751,52.289,39.399,-0.266,-5.989,-10.151,-7.588,0.023,-7.663,0.005,-9.726,9.145,0.821,14,-0.365,1,0.000,0.000,0.000,370.731,21,3,45,0,40,8,63,3,0.000
"Pinocembrin",12,0,0,0,0,15,4,-2,872.702,4.325,1132.853,138.555,602.449,391.849,0.000,2193.023,10.000,19.400,0.0085303,0.0541537,0.7205880,75.721,28.513,52.861,39.655,-0.153,-6.482,-10.151,-7.922,0.019,-8.076,0.004,-9.802,8.943,1.013,14,-0.341,1,0.000,0.000,0.000,370.373,21,3,45,0,40,8,63,3,0.000
"Pinocembrin",11,0,0,0,0,15,4,-2,872.702,3.259,1007.286,120.651,578.954,307.682,0.000,2083.765,10.000,19.400,0.0050958,0.0609044,0.7832697,70.545,25.822,51.136,38.620,-0.502,-4.777,-10.151,-6.506,0.032,-6.632,0.007,-9.666,9.071,0.768,14,-0.366,1,0.000,0.000,0.000,365.974,21,3,45,0,40,8,63,2,0.000
"Pinocembrin",13,0,0,0,0,15,4,-2,872.702,2.150,1143.304,120.974,610.288,412.043,0.000,2212.756,10.000,19.400,0.0020881,0.0536587,0.7182774,76.704,28.930,53.179,39.871,-0.077,-6.631,-10.151,-8.056,0.016,-8.227,0.003,-9.875,8.937,0.906,14,-0.306,1,0.000,0.000,0.000,367.471,21,3,45,0,40,8,63,3,0.000
"Pinocembrin",12,0,0,0,0,15,4,-2,872.702,6.899,1122.984,111.926,599.618,411.439,0.000,2178.152,10.000,19.400,0.0218512,0.0546296,0.7236307,75.313,28.441,52.935,39.745,-0.186,-6.343,-10.151,-7.966,0.020,-7.975,0.004,-9.681,9.110,0.887,14,-0.364,1,0.000,0.000,0.000,370.089,21,3,45,0,40,8,63,3,0.000
"Pinocembrin",11,0,0,0,0,15,4,-2,872.702,4.482,1076.110,121.252,587.568,367.290,0.000,2160.696,10.000,19.400,0.0092981,0.0570092,0.7511108,74.193,27.406,52.435,39.250,-0.163,-5.692,-10.151,-7.311,0.027,-7.284,0.006,-9.614,8.991,0.988,14,-0.311,1,0.000,0.000,0.000,372.123,21,3,45,0,40,8,63,2,0.000
"Pinocembrin",13,0,0,0,0,15,4,-2,872.702,3.021,1161.018,113.537,619.856,427.625,0.000,2228.749,10.000,19.400,0.0040950,0.0528400,0.7107228,77.493,29.405,53.502,40.085,-0.057,-6.885,-10.151,-8.252,0.013,-8.522,0.003,-9.997,8.940,0.702,14,-0.295,1,0.000,0.000,0.000,373.386,21,3,45,0,40,8,63,3,0.000
"Pinocembrin",13,0,0,0,0,15,4,-2,872.702,7.975,1147.178,117.704,614.757,414.717,0.000,2208.261,10.000,19.400,0.0287991,0.0534775,0.7148821,76.550,29.010,53.489,39.929,-0.142,-6.686,-10.151,-8.123,0.015,-8.360,0.003,-9.948,9.218,0.826,14,-0.326,1,0.000,0.000,0.000,372.694,21,3,45,0,40,8,63,3,0.000
"Pinocembrin",14,0,0,0,0,15,4,-2,872.702,3.569,1224.219,112.204,642.997,469.017,0.000,2285.428,10.000,19.400,0.0055738,0.0501121,0.6854108,80.156,30.958,54.445,40.676,0.080,-7.810,-10.151,-8.859,0.008,-9.466,0.002,-10.278,9.246,0.962,14,-0.248,1,0.000,0.000,0.000,372.308,21,3,45,0,40,8,63,3,0.000
"Pinocembrin",12,0,0,0,0,15,4,-2,872.702,5.445,1132.349,138.576,600.420,393.353,0.000,2191.280,10.000,19.400,0.0135298,0.0541778,0.7205267,75.666,28.495,52.901,39.650,-0.147,-6.475,-10.151,-7.930,0.020,-8.051,0.004,-9.759,9.096,0.994,14,-0.345,1,0.000,0.000,0.000,372.128,21,3,45,0,40,8,63,3,0.000
"Pinocembrin",13,0,0,0,0,15,4,-2,872.702,1.956,1159.886,113.474,620.032,426.380,0.000,2225.931,10.000,19.400,0.0017189,0.0528916,0.7108168,77.368,29.371,53.424,40.075,-0.075,-6.868,-10.151,-8.245,0.013,-8.522,0.003,-10.005,8.929,0.685,14,-0.301,1,0.000,0.000,0.000,373.508,21,3,45,0,40,8,63,3,0.000
"Pinocembrin",12,0,0,0,0,15,4,-2,872.702,9.835,1112.956,123.418,609.023,380.515,0.000,2182.717,10.000,19.400,0.0443176,0.0551219,0.7311708,75.201,28.186,53.260,39.575,-0.236,-6.202,-10.151,-7.697,0.017,-7.935,0.003,-9.963,9.262,0.787,14,-0.329,1,0.000,0.000,0.000,371.571,21,3,45,0,40,8,63,3,0.000
"Pinocembrin",13,0,0,0,0,15,4,-2,872.702,4.502,1139.851,113.476,620.727,405.647,0.000,2197.673,10.000,19.400,0.0092220,0.0538212,0.7171760,76.039,28.848,53.070,39.890,-0.248,-6.582,-10.151,-8.043,0.013,-8.386,0.003,-10.090,9.084,0.855,14,-0.342,1,0.000,0.000,0.000,372.792,21,3,45,0,40,8,63,3,0.000
"Pinocembrin",13,0,0,0,0,15,4,-2,872.702,6.082,1136.309,137.899,603.195,395.215,0.000,2193.459,10.000,19.400,0.0168656,0.0539890,0.7184914,75.771,28.587,52.985,39.691,-0.159,-6.531,-10.151,-7.972,0.019,-8.131,0.004,-9.804,8.909,0.763,14,-0.347,1,0.000,0.000,0.000,372.423,21,3,45,0,40,8,63,3,0.000
"Pinocembrin",13,0,0,0,0,15,4,-2,872.702,4.966,1149.132,136.547,598.505,414.080,0.000,2216.323,10.000,19.400,0.0111258,0.0533866,0.7154029,76.866,28.951,53.283,39.819,0.018,-6.714,-10.151,-8.112,0.021,-8.137,0.004,-9.651,8.972,0.781,14,-0.307,1,0.000,0.000,0.000,366.753,21,3,45,0,40,8,63,3,0.000
"Pinocembrin",12,0,0,0,0,15,4,-2,872.702,1.948,1077.115,117.457,594.295,365.363,0.000,2155.068,10.000,19.400,0.0017600,0.0569560,0.7491066,73.950,27.425,52.259,39.285,-0.251,-5.706,-10.151,-7.334,0.023,-7.401,0.005,-9.745,9.064,0.928,14,-0.330,1,0.000,0.000,0.000,369.736,21,3,45,0,40,8,63,3,0.000
"Pinocembrin",12,0,0,0,0,15,4,-2,872.702,5.824,1072.920,129.888,590.461,352.571,0.000,2140.908,10.000,19.400,0.0158458,0.0571787,0.7487382,73.261,27.194,52.161,39.162,-0.322,-5.649,-10.151,-7.279,0.025,-7.362,0.005,-9.720,9.075,0.806,14,-0.361,1,0.000,0.000,0.000,367.056,21,3,45,0,40,8,63,2,0.000
"Pinocembrin",12,0,0,0,0,15,4,-2,872.702,5.949,1131.320,128.986,615.342,386.992,0.000,2199.577,10.000,19.400,0.0160886,0.0542271,0.7230010,75.937,28.579,53.118,39.706,-0.202,-6.460,-10.151,-7.860,0.014,-8.189,0.003,-10.057,9.088,0.951,14,-0.319,1,0.000,0.000,0.000,372.083,21,3,45,0,40,8,63,3,0.000
"Pinocembrin",13,0,0,0,0,15,4,-2,872.702,7.677,1151.746,135.323,601.024,415.398,0.000,2214.980,10.000,19.400,0.0266054,0.0532654,0.7134908,76.825,29.006,53.480,39.851,-0.012,-6.751,-10.151,-8.149,0.020,-8.212,0.004,-9.693,8.964,0.758,14,-0.316,1,0.000,0.000,0.000,367.278,21,3,45,0,40,8,63,3,0.000
"Pinocembrin",12,0,0,0,0,15,4,-2,872.702,3.380,1095.378,120.173,597.468,377.737,0.000,2164.799,10.000,19.400,0.0052763,0.0560064,0.7388324,74.457,27.792,52.451,39.435,-0.237,-5.957,-10.151,-7.559,0.021,-7.638,0.004,-9.760,9.200,0.889,14,-0.343,1,0.000,0.000,0.000,370.454,21,3,45,0,40,8,63,3,0.000
"Pinocembrin",12,0,0,0,0,15,4,-2,872.702,3.997,1095.541,112.628,595.964,386.949,0.000,2164.166,10.000,19.400,0.0073806,0.0559981,0.7385784,74.520,27.846,52.507,39.488,-0.220,-5.959,-10.151,-7.607,0.022,-7.624,0.005,-9.700,9.187,0.866,14,-0.345,1,0.000,0.000,0.000,367.602,21,3,45,0,40,8,63,3,0.000
"Pinocembrin",13,0,0,0,0,15,4,-2,872.702,4.364,1148.889,114.792,619.574,414.523,0.000,2221.012,10.000,19.400,0.0085748,0.0533978,0.7165628,77.058,29.120,53.432,39.964,-0.096,-6.710,-10.151,-8.095,0.013,-8.385,0.003,-10.038,9.044,0.904,14,-0.293,1,0.000,0.000,0.000,372.532,21,3,45,0,40,8,63,3,0.000
"Pinocembrin",13,0,0,0,0,15,4,-2,872.702,2.186,1152.077,128.627,607.320,416.130,0.000,2217.090,10.000,19.400,0.0021554,0.0532501,0.7137382,76.916,29.069,53.212,39.900,-0.041,-6.756,-10.151,-8.149,0.017,-8.289,0.004,-9.806,9.015,0.805,14,-0.311,1,0.000,0.000,0.000,367.713,21,3,45,0,40,8,63,3,0.000
"Pinocembrin",11,0,0,0,0,15,4,-2,872.702,2.414,1034.542,107.992,601.406,325.144,0.000,2120.566,10.000,19.400,0.0027485,0.0592999,0.7715868,72.185,26.561,51.762,38.957,-0.468,-5.134,-10.151,-6.779,0.020,-7.075,0.004,-10.018,9.271,0.904,14,-0.328,1,0.000,0.000,0.000,370.791,21,3,45,0,40,8,63,2,0.000
"Pinocembrin",13,0,0,0,0,15,4,-2,872.702,2.471,1134.793,123.060,608.159,403.574,0.000,2210.476,10.000,19.400,0.0027630,0.0540611,0.7231677,76.532,28.737,53.141,39.778,-0.069,-6.510,-10.151,-7.936,0.017,-8.093,0.003,-9.866,8.953,0.786,14,-0.295,1,0.000,0.000,0.000,366.757,21,3,45,0,40,8,63,3,0.000
"Pinocembrin",12,0,0,0,0,15,4,-2,872.702,4.948,1131.509,131.240,614.509,385.761,0.000,2197.640,10.000,19.400,0.0111391,0.0542180,0.7224561,75.848,28.558,53.008,39.692,-0.210,-6.463,-10.151,-7.863,0.015,-8.190,0.003,-10.046,9.132,1.000,14,-0.325,1,0.000,0.000,0.000,371.514,21,3,45,0,40,8,63,3,0.000
"Pinocembrin",13,0,0,0,0,15,4,-2,872.702,2.142,1154.233,128.515,609.075,416.643,0.000,2218.864,10.000,19.400,0.0020678,0.0531506,0.7127854,76.992,29.121,53.240,39.920,-0.046,-6.787,-10.151,-8.166,0.017,-8.333,0.003,-9.837,9.014,0.748,14,-0.310,1,0.000,0.000,0.000,367.909,21,3,45,0,40,8,63,3,0.000
"Pinocembrin",12,0,0,0,0,15,4,-2,872.702,2.462,1109.792,116.135,612.098,381.560,0.000,2181.003,10.000,19.400,0.0027801,0.0552790,0.7328711,75.142,28.169,52.699,39.595,-0.260,-6.158,-10.151,-7.674,0.016,-7.938,0.003,-10.016,9.251,0.871,14,-0.327,1,0.000,0.000,0.000,371.435,21,3,45,0,40,8,63,3,0.000
"Pinocembrin",13,0,0,0,0,15,4,-2,872.702,3.843,1135.375,123.529,608.785,403.062,0.000,2210.319,10.000,19.400,0.0066811,0.0540334,0.7227625,76.521,28.744,53.190,39.780,-0.076,-6.518,-10.151,-7.940,0.017,-8.110,0.003,-9.879,9.024,0.729,14,-0.296,1,0.000,0.000,0.000,366.815,21,3,45,0,40,8,63,3,0.000
"Pinocembrin",13,0,0,0,0,15,4,-2,872.702,8.380,1155.646,107.501,636.661,411.484,0.000,2217.220,10.000,19.400,0.0316694,0.0530856,0.7115622,76.877,29.290,53.724,40.076,-0.256,-6.807,-10.151,-8.162,0.009,-8.724,0.002,-10.363,9.227,1.053,14,-0.317,1,0.000,0.000,0.000,372.716,21,3,45,0,40,8,63,3,0.000
"Pinocembrin",12,0,0,0,0,15,4,-2,872.702,3.730,1105.791,111.875,603.477,390.439,0.000,2168.179,10.000,19.400,0.0064178,0.0554790,0.7326370,74.714,28.064,52.563,39.587,-0.265,-6.102,-10.151,-7.720,0.019,-7.836,0.004,-9.826,9.076,0.752,14,-0.356,1,0.000,0.000,0.000,368.497,21,3,45,0,40,8,63,3,0.000
"Pinocembrin",13,0,0,0,0,15,4,-2,872.702,3.452,1182.764,148.488,628.291,405.985,0.000,2255.214,10.000,19.400,0.0052833,0.0518685,0.7031679,78.345,29.713,53.773,40.047,-0.011,-7.200,-10.151,-8.271,0.011,-8.812,0.002,-10.229,8.908,0.969,14,-0.260,1,0.000,0.000,0.000,368.473,21,3,45,0,40,8,63,3,0.000
"Pinocembrin",12,0,0,0,0,15,4,-2,872.702,2.631,1097.676,128.583,594.919,374.174,0.000,2159.088,10.000,19.400,0.0032068,0.0558892,0.7359888,74.195,27.751,52.289,39.399,-0.266,-5.989,-10.151,-7.588,0.023,-7.663,0.005,-9.726,9.145,0.821,14,-0.365,1,0.000,0.000,0.000,370.731,21,3,45,0,40,8,63,3,0.000
"Pinocembrin",12,0,0,0,0,15,4,-2,872.702,4.325,1132.853,138.555,602.449,391.849,0.000,2193.023,10.000,19.400,0.0085297,0.0541537,0.7205880,75.721,28.513,52.861,39.655,-0.153,-6.482,-10.151,-7.922,0.019,-8.076,0.004,-9.802,8.943,1.013,14,-0.341,1,0.000,0.000,0.000,370.373,21,3,45,0,40,8,63,3,0.000
"Pinocembrin",11,0,0,0,0,15,4,-2,872.702,3.259,1007.286,120.651,578.954,307.682,0.000,2083.765,10.000,19.400,0.0050971,0.0609044,0.7832697,70.545,25.822,51.136,38.620,-0.502,-4.777,-10.151,-6.506,0.032,-6.632,0.007,-9.666,9.071,0.768,14,-0.366,1,0.000,0.000,0.000,365.974,21,3,45,0,40,8,63,2,0.000
"Pinocembrin",13,0,0,0,0,15,4,-2,872.702,2.150,1143.304,120.974,610.288,412.043,0.000,2212.756,10.000,19.400,0.0020881,0.0536587,0.7182774,76.704,28.930,53.179,39.871,-0.077,-6.631,-10.151,-8.056,0.016,-8.227,0.003,-9.875,8.937,0.906,14,-0.306,1,0.000,0.000,0.000,367.471,21,3,45,0,40,8,63,3,0.000
"Pinocembrin",12,0,0,0,0,15,4,-2,872.702,6.899,1122.984,111.926,599.618,411.439,0.000,2178.152,10.000,19.400,0.0218516,0.0546296,0.7236307,75.313,28.441,52.935,39.745,-0.186,-6.343,-10.151,-7.966,0.020,-7.975,0.004,-9.681,9.110,0.887,14,-0.364,1,0.000,0.000,0.000,370.089,21,3,45,0,40,8,63,3,0.000
"Pinocembrin",11,0,0,0,0,15,4,-2,872.702,4.482,1076.110,121.252,587.568,367.290,0.000,2160.696,10.000,19.400,0.0092980,0.0570092,0.7511108,74.193,27.406,52.435,39.250,-0.163,-5.692,-10.151,-7.311,0.027,-7.284,0.006,-9.614,8.991,0.988,14,-0.311,1,0.000,0.000,0.000,372.123,21,3,45,0,40,8,63,2,0.000
"Pinocembrin",13,0,0,0,0,15,4,-2,872.702,3.021,1161.018,113.537,619.856,427.625,0.000,2228.749,10.000,19.400,0.0040957,0.0528400,0.7107228,77.493,29.405,53.502,40.085,-0.057,-6.885,-10.151,-8.252,0.013,-8.522,0.003,-9.997,8.940,0.702,14,-0.295,1,0.000,0.000,0.000,373.386,21,3,45,0,40,8,63,3,0.000
"Pinocembrin",13,0,0,0,0,15,4,-2,872.702,7.974,1147.178,117.704,614.757,414.717,0.000,2208.261,10.000,19.400,0.0287909,0.0534775,0.7148821,76.550,29.010,53.489,39.929,-0.142,-6.686,-10.151,-8.123,0.015,-8.360,0.003,-9.948,9.218,0.826,14,-0.326,1,0.000,0.000,0.000,372.694,21,3,45,0,40,8,63,3,0.000
"Pinocembrin",14,0,0,0,0,15,4,-2,872.702,3.569,1224.219,112.204,642.997,469.017,0.000,2285.428,10.000,19.400,0.0055741,0.0501121,0.6854108,80.156,30.958,54.445,40.676,0.080,-7.810,-10.151,-8.859,0.008,-9.466,0.002,-10.278,9.246,0.962,14,-0.248,1,0.000,0.000,0.000,372.308,21,3,45,0,40,8,63,3,0.000
"Pinocembrin",12,0,0,0,0,15,4,-2,872.702,5.445,1132.349,138.576,600.420,393.353,0.000,2191.280,10.000,19.400,0.0135299,0.0541778,0.7205267,75.666,28.495,52.901,39.650,-0.147,-6.475,-10.151,-7.930,0.020,-8.051,0.004,-9.759,9.096,0.994,14,-0.345,1,0.000,0.000,0.000,372.128,21,3,45,0,40,8,63,3,0.000
"Pinocembrin",13,0,0,0,0,15,4,-2,872.702,1.956,1159.886,113.474,620.032,426.380,0.000,2225.931,10.000,19.400,0.0017185,0.0528916,0.7108167,77.368,29.371,53.424,40.075,-0.075,-6.868,-10.151,-8.245,0.013,-8.522,0.003,-10.005,8.929,0.685,14,-0.301,1,0.000,0.000,0.000,373.508,21,3,45,0,40,8,63,3,0.000
"Pinocembrin",12,0,0,0,0,15,4,-2,872.702,9.835,1112.956,123.418,609.023,380.515,0.000,2182.717,10.000,19.400,0.0443170,0.0551219,0.7311708,75.201,28.186,53.260,39.575,-0.236,-6.202,-10.151,-7.697,0.017,-7.935,0.003,-9.963,9.262,0.787,14,-0.329,1,0.000,0.000,0.000,371.571,21,3,45,0,40,8,63,3,0.000
"Pinocembrin",13,0,0,0,0,15,4,-2,872.702,4.502,1139.851,113.476,620.727,405.647,0.000,2197.673,10.000,19.400,0.0092217,0.0538212,0.7171759,76.039,28.848,53.070,39.890,-0.248,-6.582,-10.151,-8.043,0.013,-8.386,0.003,-10.090,9.084,0.855,14,-0.342,1,0.000,0.000,0.000,372.792,21,3,45,0,40,8,63,3,0.000
"Pinocembrin",13,0,0,0,0,15,4,-2,872.702,6.082,1136.309,137.899,603.195,395.215,0.000,2193.459,10.000,19.400,0.0168658,0.0539890,0.7184914,75.771,28.587,52.985,39.691,-0.159,-6.531,-10.151,-7.972,0.019,-8.131,0.004,-9.804,8.909,0.763,14,-0.347,1,0.000,0.000,0.000,372.423,21,3,45,0,40,8,63,3,0.000
"Pinocembrin",13,0,0,0,0,15,4,-2,872.702,4.966,1149.132,136.547,598.505,414.080,0.000,2216.323,10.000,19.400,0.0111266,0.0533866,0.7154029,76.866,28.951,53.283,39.819,0.018,-6.714,-10.151,-8.112,0.021,-8.137,0.004,-9.651,8.972,0.781,14,-0.307,1,0.000,0.000,0.000,366.753,21,3,45,0,40,8,63,3,0.000
"Pinocembrin",12,0,0,0,0,15,4,-2,872.702,1.947,1077.115,117.457,594.295,365.363,0.000,2155.068,10.000,19.400,0.0017598,0.0569560,0.7491066,73.950,27.425,52.259,39.285,-0.251,-5.706,-10.151,-7.334,0.023,-7.401,0.005,-9.745,9.064,0.928,14,-0.330,1,0.000,0.000,0.000,369.736,21,3,45,0,40,8,63,3,0.000
"Pinocembrin",12,0,0,0,0,15,4,-2,872.702,5.824,1072.920,129.888,590.461,352.571,0.000,2140.908,10.000,19.400,0.0158459,0.0571787,0.7487382,73.261,27.194,52.161,39.162,-0.322,-5.649,-10.151,-7.279,0.025,-7.362,0.005,-9.720,9.075,0.806,14,-0.361,1,0.000,0.000,0.000,367.056,21,3,45,0,40,8,63,2,0.000
"Pinocembrin",12,0,0,0,0,15,4,-2,872.702,5.949,1131.320,128.986,615.342,386.992,0.000,2199.577,10.000,19.400,0.0160886,0.0542271,0.7230010,75.937,28.579,53.118,39.706,-0.202,-6.460,-10.151,-7.860,0.014,-8.189,0.003,-10.057,9.088,0.951,14,-0.319,1,0.000,0.000,0.000,372.083,21,3,45,0,40,8,63,3,0.000
"Pinocembrin",13,0,0,0,0,15,4,-2,872.702,7.677,1151.746,135.323,601.024,415.398,0.000,2214.980,10.000,19.400,0.0266047,0.0532654,0.7134908,76.825,29.006,53.480,39.851,-0.012,-6.751,-10.151,-8.149,0.020,-8.212,0.004,-9.693,8.964,0.758,14,-0.316,1,0.000,0.000,0.000,367.278,21,3,45,0,40,8,63,3,0.000
"Pinocembrin",12,0,0,0,0,15,4,-2,872.702,3.380,1095.378,120.173,597.468,377.737,0.000,2164.799,10.000,19.400,0.0052786,0.0560064,0.7388324,74.457,27.792,52.451,39.435,-0.237,-5.957,-10.151,-7.559,0.021,-7.638,0.004,-9.760,9.200,0.890,14,-0.343,1,0.000,0.000,0.000,370.454,21,3,45,0,40,8,63,3,0.000
"Pinocembrin",12,0,0,0,0,15,4,-2,872.702,3.997,1095.541,112.628,595.964,386.949,0.000,2164.166,10.000,19.400,0.0073806,0.0559981,0.7385784,74.520,27.846,52.507,39.488,-0.220,-5.959,-10.151,-7.607,0.022,-7.624,0.005,-9.700,9.187,0.866,14,-0.345,1,0.000,0.000,0.000,367.602,21,3,45,0,40,8,63,3,0.000
"Pinocembrin",13,0,0,0,0,15,4,-2,872.702,4.364,1148.889,114.792,619.574,414.523,0.000,2221.012,10.000,19.400,0.0085748,0.0533978,0.7165628,77.058,29.120,53.432,39.964,-0.096,-6.710,-10.151,-8.095,0.013,-8.385,0.003,-10.038,9.044,0.904,14,-0.293,1,0.000,0.000,0.000,372.532,21,3,45,0,40,8,63,3,0.000
"Pinocembrin",13,0,0,0,0,15,4,-2,872.702,2.186,1152.077,128.627,607.320,416.130,0.000,2217.090,10.000,19.400,0.0021554,0.0532501,0.7137382,76.916,29.069,53.212,39.900,-0.041,-6.756,-10.151,-8.149,0.017,-8.289,0.004,-9.806,9.015,0.805,14,-0.311,1,0.000,0.000,0.000,367.713,21,3,45,0,40,8,63,3,0.000
"Pinocembrin",11,0,0,0,0,15,4,-2,872.702,2.413,1034.542,107.992,601.406,325.144,0.000,2120.566,10.000,19.400,0.0027463,0.0592999,0.7715868,72.185,26.561,51.762,38.957,-0.468,-5.134,-10.151,-6.779,0.020,-7.075,0.004,-10.018,9.271,0.904,14,-0.328,1,0.000,0.000,0.000,370.791,21,3,45,0,40,8,63,2,0.000
"Pinocembrin",13,0,0,0,0,15,4,-2,872.702,2.471,1134.795,123.062,608.158,403.575,0.000,2210.479,10.000,19.400,0.0027621,0.0540610,0.7231671,76.532,28.737,53.141,39.778,-0.069,-6.510,-10.151,-7.936,0.017,-8.093,0.003,-9.866,8.953,0.786,14,-0.295,1,0.000,0.000,0.000,366.757,21,3,45,0,40,8,63,3,0.000
"Pinocembrin",12,0,0,0,0,15,4,-2,872.702,4.947,1131.509,131.240,614.509,385.761,0.000,2197.640,10.000,19.400,0.0111379,0.0542180,0.7224561,75.848,28.558,53.008,39.692,-0.210,-6.463,-10.151,-7.863,0.015,-8.190,0.003,-10.046,9.132,1.000,14,-0.325,1,0.000,0.000,0.000,371.514,21,3,45,0,40,8,63,3,0.000
"Pinocembrin",13,0,0,0,0,15,4,-2,872.702,2.142,1154.233,128.515,609.075,416.643,0.000,2218.864,10.000,19.400,0.0020677,0.0531506,0.7127854,76.992,29.121,53.240,39.920,-0.046,-6.787,-10.151,-8.166,0.017,-8.333,0.003,-9.837,9.014,0.748,14,-0.310,1,0.000,0.000,0.000,367.909,21,3,45,0,40,8,63,3,0.000
"Pinocembrin",12,0,0,0,0,15,4,-2,872.702,2.462,1109.792,116.135,612.098,381.560,0.000,2181.003,10.000,19.400,0.0027801,0.0552790,0.7328711,75.142,28.169,52.699,39.595,-0.260,-6.158,-10.151,-7.674,0.016,-7.938,0.003,-10.016,9.251,0.871,14,-0.327,1,0.000,0.000,0.000,371.435,21,3,45,0,40,8,63,3,0.000
"Pinocembrin",13,0,0,0,0,15,4,-2,872.702,3.828,1136.078,124.012,610.039,402.027,0.000,2209.437,10.000,19.400,0.0066315,0.0540000,0.7221229,76.476,28.751,53.172,39.784,-0.093,-6.528,-10.151,-7.946,0.016,-8.140,0.003,-9.906,9.024,0.735,14,-0.300,1,0.000,0.000,0.000,366.820,21,3,45,0,40,8,63,3,0.000
"Pinocembrin",13,0,0,0,0,15,4,-2,872.702,8.380,1155.646,107.501,636.661,411.484,0.000,2217.220,10.000,19.400,0.0316696,0.0530856,0.7115622,76.877,29.290,53.724,40.076,-0.256,-6.807,-10.151,-8.162,0.009,-8.724,0.002,-10.363,9.227,1.053,14,-0.317,1,0.000,0.000,0.000,372.716,21,3,45,0,40,8,63,3,0.000
"Pinocembrin",12,0,0,0,0,15,4,-2,872.702,3.730,1105.791,111.875,603.477,390.439,0.000,2168.179,10.000,19.400,0.0064173,0.0554790,0.7326370,74.714,28.064,52.563,39.587,-0.265,-6.102,-10.151,-7.720,0.019,-7.836,0.004,-9.826,9.076,0.752,14,-0.356,1,0.000,0.000,0.000,368.497,21,3,45,0,40,8,63,3,0.000
"Pinocembrin",13,0,0,0,0,15,4,-2,872.702,3.452,1182.764,148.488,628.291,405.985,0.000,2255.214,10.000,19.400,0.0052841,0.0518685,0.7031679,78.345,29.713,53.773,40.047,-0.011,-7.200,-10.151,-8.271,0.011,-8.812,0.002,-10.229,8.908,0.970,14,-0.260,1,0.000,0.000,0.000,368.473,21,3,45,0,40,8,63,3,0.000
"Pinocembrin",12,0,0,0,0,15,4,-2,872.702,2.631,1097.676,128.583,594.919,374.174,0.000,2159.088,10.000,19.400,0.0032063,0.0558892,0.7359888,74.195,27.751,52.289,39.399,-0.266,-5.989,-10.151,-7.588,0.023,-7.663,0.005,-9.726,9.145,0.821,14,-0.365,1,0.000,0.000,0.000,370.731,21,3,45,0,40,8,63,3,0.000
"Pinocembrin",12,0,0,0,0,15,4,-2,872.702,4.325,1132.853,138.555,602.449,391.849,0.000,2193.023,10.000,19.400,0.0085302,0.0541537,0.7205880,75.721,28.513,52.861,39.655,-0.153,-6.482,-10.151,-7.922,0.019,-8.076,0.004,-9.802,8.943,1.013,14,-0.341,1,0.000,0.000,0.000,370.373,21,3,45,0,40,8,63,3,0.000
"Pinocembrin",11,0,0,0,0,15,4,-2,872.702,3.259,1007.286,120.651,578.954,307.682,0.000,2083.765,10.000,19.400,0.0050968,0.0609044,0.7832697,70.545,25.822,51.136,38.620,-0.502,-4.777,-10.151,-6.506,0.032,-6.632,0.007,-9.666,9.071,0.768,14,-0.366,1,0.000,0.000,0.000,365.974,21,3,45,0,40,8,63,2,0.000
"Pinocembrin",13,0,0,0,0,15,4,-2,872.702,2.150,1143.304,120.974,610.288,412.043,0.000,2212.756,10.000,19.400,0.0020881,0.0536587,0.7182774,76.704,28.930,53.179,39.871,-0.077,-6.631,-10.151,-8.056,0.016,-8.227,0.003,-9.875,8.937,0.906,14,-0.306,1,0.000,0.000,0.000,367.471,21,3,45,0,40,8,63,3,0.000
"Pinocembrin",12,0,0,0,0,15,4,-2,872.702,6.899,1122.984,111.926,599.618,411.439,0.000,2178.152,10.000,19.400,0.0218511,0.0546296,0.7236307,75.313,28.441,52.935,39.745,-0.186,-6.343,-10.151,-7.966,0.020,-7.975,0.004,-9.681,9.110,0.887,14,-0.364,1,0.000,0.000,0.000,370.089,21,3,45,0,40,8,63,3,0.000
"Pinocembrin",11,0,0,0,0,15,4,-2,872.702,4.482,1076.110,121.252,587.568,367.290,0.000,2160.696,10.000,19.400,0.0092981,0.0570092,0.7511108,74.193,27.406,52.435,39.250,-0.163,-5.692,-10.151,-7.311,0.027,-7.284,0.006,-9.614,8.991,0.988,14,-0.311,1,0.000,0.000,0.000,372.123,21,3,45,0,40,8,63,2,0.000
"Pinocembrin",13,0,0,0,0,15,4,-2,872.702,3.021,1161.018,113.537,619.856,427.625,0.000,2228.749,10.000,19.400,0.0040947,0.0528400,0.7107228,77.493,29.405,53.502,40.085,-0.057,-6.885,-10.151,-8.252,0.013,-8.522,0.003,-9.997,8.940,0.702,14,-0.295,1,0.000,0.000,0.000,373.386,21,3,45,0,40,8,63,3,0.000
"Pinocembrin",13,0,0,0,0,15,4,-2,872.702,7.974,1147.178,117.704,614.757,414.717,0.000,2208.261,10.000,19.400,0.0287917,0.0534775,0.7148821,76.550,29.010,53.489,39.929,-0.142,-6.686,-10.151,-8.123,0.015,-8.360,0.003,-9.948,9.218,0.826,14,-0.326,1,0.000,0.000,0.000,372.694,21,3,45,0,40,8,63,3,0.000
"Pinocembrin",14,0,0,0,0,15,4,-2,872.702,3.570,1224.219,112.204,642.997,469.017,0.000,2285.428,10.000,19.400,0.0055753,0.0501121,0.6854108,80.156,30.958,54.445,40.676,0.080,-7.810,-10.151,-8.859,0.008,-9.466,0.002,-10.278,9.246,0.962,14,-0.248,1,0.000,0.000,0.000,372.308,21,3,45,0,40,8,63,3,0.000
"Pinocembrin",12,0,0,0,0,15,4,-2,872.702,5.445,1132.349,138.576,600.420,393.353,0.000,2191.280,10.000,19.400,0.0135302,0.0541778,0.7205267,75.666,28.495,52.901,39.650,-0.147,-6.475,-10.151,-7.930,0.020,-8.051,0.004,-9.759,9.096,0.994,14,-0.345,1,0.000,0.000,0.000,372.128,21,3,45,0,40,8,63,3,0.000
"Pinocembrin",13,0,0,0,0,15,4,-2,872.702,1.956,1159.886,113.474,620.032,426.380,0.000,2225.931,10.000,19.400,0.0017185,0.0528916,0.7108167,77.368,29.371,53.424,40.075,-0.075,-6.868,-10.151,-8.245,0.013,-8.522,0.003,-10.005,8.929,0.685,14,-0.301,1,0.000,0.000,0.000,373.508,21,3,45,0,40,8,63,3,0.000
"Pinocembrin",12,0,0,0,0,15,4,-2,872.702,9.835,1112.956,123.418,609.023,380.515,0.000,2182.717,10.000,19.400,0.0443175,0.0551219,0.7311708,75.201,28.186,53.260,39.575,-0.236,-6.202,-10.151,-7.697,0.017,-7.935,0.003,-9.963,9.262,0.787,14,-0.329,1,0.000,0.000,0.000,371.571,21,3,45,0,40,8,63,3,0.000
"Pinocembrin",13,0,0,0,0,15,4,-2,872.702,4.502,1139.851,113.476,620.727,405.647,0.000,2197.673,10.000,19.400,0.0092215,0.0538212,0.7171759,76.039,28.848,53.070,39.890,-0.248,-6.582,-10.151,-8.043,0.013,-8.386,0.003,-10.090,9.084,0.855,14,-0.342,1,0.000,0.000,0.000,372.792,21,3,45,0,40,8,63,3,0.000
"Pinocembrin",13,0,0,0,0,15,4,-2,872.702,6.082,1136.309,137.899,603.195,395.215,0.000,2193.459,10.000,19.400,0.0168656,0.0539890,0.7184914,75.771,28.587,52.985,39.691,-0.159,-6.531,-10.151,-7.972,0.019,-8.131,0.004,-9.804,8.909,0.763,14,-0.347,1,0.000,0.000,0.000,372.423,21,3,45,0,40,8,63,3,0.000
"Quercetagetin",0,0,0,0,0,6,0,-2,318.239,5.080,522.176,0.000,319.835,202.341,0.000,882.170,5.000,6.000,0.0292507,0.0256933,0.8518896,27.230,11.171,20.458,16.437,-0.208,-2.554,-4.011,-4.894,9.181,-2.736,3.108,-6.125,8.583,0.809,6,-0.490,2,30.003,0.000,0.000,160.060,8,1,16,0,16,0,23,1,0.001
"Quercetagetin",0,0,0,0,0,6,0,-2,318.239,5.080,522.176,0.000,319.835,202.341,0.000,882.170,5.000,6.000,0.0292505,0.0256933,0.8518896,27.230,11.171,20.458,16.437,-0.208,-2.554,-4.011,-4.894,9.181,-2.736,3.108,-6.125,8.583,0.809,6,-0.490,2,30.003,0.000,0.000,160.060,8,1,16,0,16,0,23,1,0.001
"Quercetagetin",0,0,0,0,0,6,0,-2,318.239,5.080,522.176,0.000,319.835,202.341,0.000,882.170,5.000,6.000,0.0292520,0.0256933,0.8518896,27.230,11.171,20.458,16.437,-0.208,-2.554,-4.011,-4.894,9.181,-2.736,3.108,-6.125,8.583,0.809,6,-0.490,2,30.003,0.000,0.000,160.060,8,1,16,0,16,0,23,1,0.001
"Quercetagitrin",6,0,0,0,0,12,1,-2,480.381,9.170,718.875,114.491,436.206,168.178,0.000,1291.635,8.000,14.500,0.0651068,0.0570505,0.7978808,39.438,16.345,34.402,28.912,-2.030,-2.784,-3.990,-5.605,0.723,-4.728,0.199,-7.814,8.532,0.743,9,-1.024,1,0.000,0.000,0.000,238.767,13,2,22,0,22,5,34,2,0.000
"Saponarin",9,0,0,0,0,14,1,-2,594.525,11.850,846.524,215.497,421.576,209.451,0.000,1598.098,9.000,20.750,0.0878626,0.0735360,0.7808989,50.813,19.662,43.480,36.580,-2.494,-2.851,-3.819,-6.076,0.996,-4.889,0.282,-7.207,8.939,0.832,12,-1.361,1,0.000,0.000,0.000,264.210,15,3,28,0,28,10,42,2,0.000
"Scutellarein tetramethyl ether",0,0,0,0,0,4,0,0,342.348,8.747,592.221,330.532,42.700,218.989,0.000,1049.783,0.000,5.500,0.0728759,0.0000000,0.8434919,35.381,9.810,15.102,7.459,3.426,-3.909,-4.751,-5.109,3899.164,-0.078,2153.378,-1.151,8.917,0.851,4,0.024,3,100.000,0.000,0.000,61.480,6,0,16,0,16,0,25,0,2.983
"11492597",0,0,0,0,0,2,0,-1,256.257,2.662,476.594,54.555,145.357,276.683,0.000,804.441,2.000,4.250,0.0088093,0.0126112,0.8776993,27.398,9.144,14.376,10.411,1.751,-3.155,-3.536,-4.830,414.457,-0.815,190.937,-3.032,9.089,0.506,3,-0.091,3,84.047,0.000,0.000,79.408,4,0,16,0,16,2,19,0,0.167
"11492597",0,0,0,0,0,2,0,-1,256.257,2.662,476.594,54.555,145.357,276.683,0.000,804.441,2.000,4.250,0.0088081,0.0126112,0.8776993,27.398,9.144,14.376,10.411,1.751,-3.155,-3.536,-4.830,414.457,-0.815,190.937,-3.032,9.089,0.506,3,-0.091,3,84.047,0.000,0.000,79.408,4,0,16,0,16,2,19,0,0.167
"Taxifolin 7-O-rhamnoside",2,0,0,0,0,9,1,-2,450.398,3.755,701.196,175.155,348.801,177.240,0.000,1256.166,6.000,13.250,0.0112254,0.0462863,0.8029536,40.032,14.991,29.981,24.838,-0.915,-3.319,-3.889,-5.566,4.878,-3.586,1.569,-6.459,8.931,0.681,8,-0.763,1,7.988,0.000,0.000,195.876,11,2,22,0,22,7,32,2,0.000
"Taxifolin 7-O-rhamnoside",2,0,0,0,0,9,1,-2,450.398,3.755,701.196,175.155,348.801,177.240,0.000,1256.166,6.000,13.250,0.0112252,0.0462863,0.8029536,40.032,14.991,29.981,24.838,-0.915,-3.319,-3.889,-5.566,4.878,-3.586,1.569,-6.459,8.931,0.681,8,-0.763,1,7.988,0.000,0.000,195.876,11,2,22,0,22,7,32,2,0.000
"Tectorigenin-Xylosyl-Glucoside",7,0,0,0,0,15,2,-2,594.525,10.006,870.436,268.776,370.424,231.236,0.000,1610.722,7.000,19.800,0.0621615,0.0601835,0.7634404,50.884,19.257,39.388,32.353,-1.562,-3.107,-4.265,-6.463,3.042,-4.578,0.942,-6.092,8.677,0.496,9,-1.322,1,0.000,0.000,0.000,238.244,15,3,28,0,28,10,42,2,0.000
"Toringin",0,0,0,0,0,8,1,-2,416.384,5.572,670.086,111.558,258.054,300.474,0.000,1196.573,5.000,12.500,0.0259474,0.0417123,0.8134430,39.466,14.413,27.935,23.002,-0.069,-3.230,-3.729,-5.984,35.381,-2.519,13.358,-4.449,9.117,0.787,5,-0.706,2,54.260,0.000,0.000,155.693,9,0,22,0,22,5,30,0,0.009
"Toringin",0,0,0,0,0,8,1,-2,416.384,5.572,670.086,111.558,258.054,300.474,0.000,1196.573,5.000,12.500,0.0259466,0.0417123,0.8134430,39.466,14.413,27.935,23.002,-0.069,-3.230,-3.729,-5.984,35.381,-2.519,13.358,-4.449,9.117,0.787,5,-0.706,2,54.260,0.000,0.000,155.693,9,0,22,0,22,5,30,0,0.009
"Vitexin-4''-O-glucoside",9,0,0,0,0,14,1,-2,594.525,7.699,830.445,177.797,427.591,225.057,0.000,1578.498,9.000,20.750,0.0375537,0.0749598,0.7894961,50.177,19.578,42.660,36.689,-2.582,-2.689,-3.819,-6.011,0.873,-4.854,0.244,-7.263,9.031,0.773,12,-1.356,1,0.000,0.000,0.000,264.506,15,3,28,0,28,10,42,2,0.000
"Vitexin-4''-O-glucoside",9,0,0,0,0,14,1,-2,594.525,7.699,830.445,177.797,427.591,225.057,0.000,1578.498,9.000,20.750,0.0375559,0.0749598,0.7894961,50.177,19.578,42.660,36.689,-2.582,-2.689,-3.819,-6.011,0.873,-4.854,0.244,-7.263,9.031,0.773,12,-1.356,1,0.000,0.000,0.000,264.506,15,3,28,0,28,10,42,2,0.000
"7,8-Dihydroxyflavone",0,0,0,0,0,2,0,-1,254.242,3.729,477.463,0.000,147.415,330.048,0.000,800.384,2.000,4.000,0.0173736,0.0118477,0.8731540,27.745,9.465,14.564,10.544,1.963,-3.285,-3.710,-5.158,396.247,-0.846,181.886,-2.882,9.006,0.871,2,-0.069,3,84.941,0.000,0.000,78.125,4,0,16,0,16,0,19,0,0.198
"7,8-Dihydroxyflavone",0,0,0,0,0,2,0,-1,254.242,3.729,477.463,0.000,147.415,330.048,0.000,800.384,2.000,4.000,0.0173736,0.0118477,0.8731540,27.745,9.465,14.564,10.544,1.963,-3.285,-3.710,-5.158,396.247,-0.846,181.886,-2.882,9.006,0.871,2,-0.069,3,84.941,0.000,0.000,78.125,4,0,16,0,16,0,19,0,0.198
"7,8-Dihydroxyflavone",0,0,0,0,0,2,0,-1,254.242,3.729,477.463,0.000,147.415,330.048,0.000,800.384,2.000,4.000,0.0173733,0.0118477,0.8731540,27.745,9.465,14.564,10.544,1.963,-3.285,-3.710,-5.158,396.247,-0.846,181.886,-2.882,9.006,0.871,2,-0.069,3,84.941,0.000,0.000,78.125,4,0,16,0,16,0,19,0,0.198
"Isoflavone",1,0,0,0,0,1,0,1,222.243,3.659,451.226,0.000,39.816,411.410,0.000,749.777,0.000,2.500,0.0178567,0.0000000,0.8845570,27.139,8.388,10.293,6.116,3.477,-3.296,-3.592,-5.362,4152.682,0.164,2305.102,-0.708,9.396,0.654,0,0.083,3,100.000,0.000,0.000,35.432,2,0,16,0,16,0,17,0,22.013
"Homoeriodictyol",0,0,0,0,0,4,0,-2,302.283,4.405,538.692,139.696,197.745,201.251,0.000,919.300,2.000,4.750,0.0211106,0.0124701,0.8487823,29.990,9.978,15.733,10.455,1.800,-3.730,-4.252,-4.939,132.032,-1.508,55.451,-4.071,8.869,0.434,6,0.018,3,75.440,0.000,0.000,107.660,6,0,16,0,16,2,22,0,0.005
"Homoeriodictyol",0,0,0,0,0,4,0,-2,302.283,4.405,538.692,139.696,197.745,201.251,0.000,919.300,2.000,4.750,0.0211117,0.0124701,0.8487823,29.990,9.978,15.733,10.455,1.800,-3.730,-4.252,-4.939,132.032,-1.508,55.451,-4.071,8.869,0.434,6,0.018,3,75.440,0.000,0.000,107.660,6,0,16,0,16,2,22,0,0.005
"Homoeriodictyol",0,0,0,0,0,4,0,-2,302.283,4.405,538.692,139.696,197.745,201.251,0.000,919.300,2.000,4.750,0.0211116,0.0124701,0.8487823,29.990,9.978,15.733,10.455,1.800,-3.730,-4.252,-4.939,132.032,-1.508,55.451,-4.071,8.869,0.434,6,0.018,3,75.440,0.000,0.000,107.660,6,0,16,0,16,2,22,0,0.005
"Flavanomarein",4,0,0,0,0,10,1,-2,450.398,4.120,706.227,159.578,361.760,184.890,0.000,1277.079,7.000,14.250,0.0132887,0.0533850,0.8060569,40.299,15.553,32.160,27.220,-1.331,-3.036,-3.505,-5.552,3.676,-3.751,1.155,-6.575,8.832,0.642,9,-0.889,1,3.351,0.000,0.000,199.692,11,2,22,0,22,7,32,2,0.000
"3-Methoxyflavone",0,0,0,0,0,1,0,1,252.269,5.055,486.907,74.401,45.319,367.186,0.000,825.733,0.000,3.250,0.0309519,0.0000000,0.8742028,29.756,8.814,11.736,6.677,3.266,-3.580,-3.882,-5.319,3682.439,0.108,2024.303,-0.965,9.166,0.876,1,0.103,3,100.000,0.000,0.000,41.946,3,0,16,0,16,0,19,0,7.195
"5-Desmethylsinensetin",0,0,0,0,0,5,0,0,358.347,5.616,610.831,357.745,86.184,166.902,0.000,1079.839,0.000,5.250,0.0292124,0.0000000,0.8333292,35.445,10.018,14.461,6.979,3.382,-4.230,-5.207,-5.025,1508.734,-0.565,771.630,-2.040,8.825,0.818,5,0.136,3,100.000,0.000,0.000,84.544,7,0,16,0,16,0,26,0,0.193
"4'-Hydroxyflavanone",0,0,0,0,0,1,0,0,240.258,3.682,478.074,48.099,104.792,325.183,0.000,798.317,1.000,3.500,0.0169808,0.0073210,0.8705362,28.258,8.866,12.821,8.486,2.479,-3.612,-3.533,-5.178,1004.976,-0.419,497.371,-2.209,9.250,0.605,3,0.090,3,95.195,0.000,0.000,58.215,3,0,16,0,16,2,18,0,0.363
"Poriol",0,0,0,0,0,3,0,-2,286.284,5.001,527.050,126.804,178.854,221.393,0.000,892.992,2.000,4.000,0.0280072,0.0107330,0.8508988,29.772,9.734,15.319,9.917,2.071,-3.892,-4.199,-5.000,199.449,-1.264,86.607,-3.748,9.165,0.386,6,0.109,3,80.232,0.000,0.000,96.981,5,0,16,0,16,2,21,0,0.007
"Persicogenin",0,0,0,0,0,4,0,-2,316.310,3.929,565.926,234.160,143.105,188.661,0.000,971.916,1.000,4.750,0.0158849,0.0083933,0.8384767,31.975,9.762,14.589,8.599,2.626,-4.241,-4.579,-5.045,435.349,-1.035,201.361,-3.108,8.861,0.427,6,0.178,3,89.549,0.000,0.000,93.422,6,0,16,0,16,2,23,0,0.014
"(±)-Naringenin",0,0,0,0,0,3,0,-2,272.257,3.947,499.173,47.747,198.453,252.973,0.000,839.954,2.000,4.000,0.0185452,0.0113325,0.8624840,27.951,9.619,14.725,10.198,1.653,-3.423,-3.927,-4.964,130.008,-1.396,54.532,-3.998,9.209,0.432,5,-0.019,3,74.458,0.000,0.000,100.299,5,0,16,0,16,2,20,0,0.010
"(±)-Naringenin",0,0,0,0,0,3,0,-2,272.257,3.947,499.173,47.747,198.453,252.973,0.000,839.954,2.000,4.000,0.0185451,0.0113325,0.8624840,27.951,9.619,14.725,10.198,1.653,-3.423,-3.927,-4.964,130.008,-1.396,54.532,-3.998,9.209,0.432,5,-0.019,3,74.458,0.000,0.000,100.299,5,0,16,0,16,2,20,0,0.010
"(±)-Naringenin",0,0,0,0,0,3,0,-2,272.257,3.947,499.173,47.747,198.453,252.973,0.000,839.954,2.000,4.000,0.0185451,0.0113325,0.8624840,27.951,9.619,14.725,10.198,1.653,-3.423,-3.927,-4.964,130.008,-1.396,54.532,-3.998,9.209,0.432,5,-0.019,3,74.458,0.000,0.000,100.299,5,0,16,0,16,2,20,0,0.010
"Pelargonidin(chloride)",,,,,,,,,,,,,,,,,,,,,,,,,,,,,,,,,,,,,,,,,,,,,,,,,,,,,,,,,,,,,,,,,,,,,,,,,,,,,,,,,,,,,,,,,,,,,,,,,,,,,,,,,,,,,,,,,,,,,,,,,,,,,,,,,,,,,,,,,,,,,,,,,,,,,,,,,,,,,,,,,,,,,,,,,,,,,,,,,,,,,,,,,,,,,,,,,,,,,,,,,,,,,,,,,,,,,,,,,,,,,,,,,,,,,,,,,,,,,,,,,,,,,,,,,,,,,,,,,,,,,,,,,,,,,,,,,,,,,,,,,,,,,,,,,,,,,,,,,,,,,,,,,,,,,,,,,,,,,,,,,,,,,,,,,,,,,,,,,,,,,,,,,,,,,,,,,,,,,,,,,,,,,,,,,,,,,,,,,,,,,,,,,,,,,,,,,,,,,,,,,,,,,,,,,,,,,,,,,,,,,,,,,,,,,,,,,,,,,,,,,,,,,,,,,,,,,,,,,,,,,,,,,,,,,,,,,,,,,,,,,,,,,,,,,,,,,,,,,,,,
"Pelargonidin(chloride)",,,,,,,,,,,,,,,,,,,,,,,,,,,,,,,,,,,,,,,,,,,,,,,,,,,,,,,,,,,,,,,,,,,,,,,,,,,,,,,,,,,,,,,,,,,,,,,,,,,,,,,,,,,,,,,,,,,,,,,,,,,,,,,,,,,,,,,,,,,,,,,,,,,,,,,,,,,,,,,,,,,,,,,,,,,,,,,,,,,,,,,,,,,,,,,,,,,,,,,,,,,,,,,,,,,,,,,,,,,,,,,,,,,,,,,,,,,,,,,,,,,,,,,,,,,,,,,,,,,,,,,,,,,,,,,,,,,,,,,,,,,,,,,,,,,,,,,,,,,,,,,,,,,,,,,,,,,,,,,,,,,,,,,,,,,,,,,,,,,,,,,,,,,,,,,,,,,,,,,,,,,,,,,,,,,,,,,,,,,,,,,,,,,,,,,,,,,,,,,,,,,,,,,,,,,,,,,,,,,,,,,,,,,,,,,,,,,,,,,,,,,,,,,,,,,,,,,,,,,,,,,,,,,,,,,,,,,,,,,,,,,,,,,,,,,,,,,,,,,,
"Pelargonidin(chloride)",,,,,,,,,,,,,,,,,,,,,,,,,,,,,,,,,,,,,,,,,,,,,,,,,,,,,,,,,,,,,,,,,,,,,,,,,,,,,,,,,,,,,,,,,,,,,,,,,,,,,,,,,,,,,,,,,,,,,,,,,,,,,,,,,,,,,,,,,,,,,,,,,,,,,,,,,,,,,,,,,,,,,,,,,,,,,,,,,,,,,,,,,,,,,,,,,,,,,,,,,,,,,,,,,,,,,,,,,,,,,,,,,,,,,,,,,,,,,,,,,,,,,,,,,,,,,,,,,,,,,,,,,,,,,,,,,,,,,,,,,,,,,,,,,,,,,,,,,,,,,,,,,,,,,,,,,,,,,,,,,,,,,,,,,,,,,,,,,,,,,,,,,,,,,,,,,,,,,,,,,,,,,,,,,,,,,,,,,,,,,,,,,,,,,,,,,,,,,,,,,,,,,,,,,,,,,,,,,,,,,,,,,,,,,,,,,,,,,,,,,,,,,,,,,,,,,,,,,,,,,,,,,,,,,,,,,,,,,,,,,,,,,,,,,,,,,,,,,,,,
"(±)-Naringenin_2",7,0,0,0,0,13,2,-2,580.541,10.022,810.709,278.459,374.920,157.330,0.000,1562.454,7.000,19.300,0.0642778,0.0629856,0.8032266,49.531,18.049,38.835,31.685,-1.626,-2.843,-4.067,-5.466,2.758,-4.094,0.847,-6.627,9.122,0.418,10,-1.122,1,0.000,0.000,0.000,231.032,14,3,28,0,28,12,41,2,0.000
"Callistephin(chloride)",,,,,,,,,,,,,,,,,,,,,,,,,,,,,,,,,,,,,,,,,,,,,,,,,,,,,,,,,,,,,,,,,,,,,,,,,,,,,,,,,,,,,,,,,,,,,,,,,,,,,,,,,,,,,,,,,,,,,,,,,,,,,,,,,,,,,,,,,,,,,,,,,,,,,,,,,,,,,,,,,,,,,,,,,,,,,,,,,,,,,,,,,,,,,,,,,,,,,,,,,,,,,,,,,,,,,,,,,,,,,,,,,,,,,,,,,,,,,,,,,,,,,,,,,,,,,,,,,,,,,,,,,,,,,,,,,,,,,,,,,,,,,,,,,,,,,,,,,,,,,,,,,,,,,,,,,,,,,,,,,,,,,,,,,,,,,,,,,,,,,,,,,,,,,,,,,,,,,,,,,,,,,,,,,,,,,,,,,,,,,,,,,,,,,,,,,,,,,,,,,,,,,,,,,,,,,,,,,,,,,,,,,,,,,,,,,,,,,,,,,,,,,,,,,,,,,,,,,,,,,,,,,,,,,,,,,,,,,,,,,,,,,,,,,,,,,,,,,,,,
"Callistephin(chloride)",,,,,,,,,,,,,,,,,,,,,,,,,,,,,,,,,,,,,,,,,,,,,,,,,,,,,,,,,,,,,,,,,,,,,,,,,,,,,,,,,,,,,,,,,,,,,,,,,,,,,,,,,,,,,,,,,,,,,,,,,,,,,,,,,,,,,,,,,,,,,,,,,,,,,,,,,,,,,,,,,,,,,,,,,,,,,,,,,,,,,,,,,,,,,,,,,,,,,,,,,,,,,,,,,,,,,,,,,,,,,,,,,,,,,,,,,,,,,,,,,,,,,,,,,,,,,,,,,,,,,,,,,,,,,,,,,,,,,,,,,,,,,,,,,,,,,,,,,,,,,,,,,,,,,,,,,,,,,,,,,,,,,,,,,,,,,,,,,,,,,,,,,,,,,,,,,,,,,,,,,,,,,,,,,,,,,,,,,,,,,,,,,,,,,,,,,,,,,,,,,,,,,,,,,,,,,,,,,,,,,,,,,,,,,,,,,,,,,,,,,,,,,,,,,,,,,,,,,,,,,,,,,,,,,,,,,,,,,,,,,,,,,,,,,,,,,,,,,,,,
"Callistephin(chloride)",,,,,,,,,,,,,,,,,,,,,,,,,,,,,,,,,,,,,,,,,,,,,,,,,,,,,,,,,,,,,,,,,,,,,,,,,,,,,,,,,,,,,,,,,,,,,,,,,,,,,,,,,,,,,,,,,,,,,,,,,,,,,,,,,,,,,,,,,,,,,,,,,,,,,,,,,,,,,,,,,,,,,,,,,,,,,,,,,,,,,,,,,,,,,,,,,,,,,,,,,,,,,,,,,,,,,,,,,,,,,,,,,,,,,,,,,,,,,,,,,,,,,,,,,,,,,,,,,,,,,,,,,,,,,,,,,,,,,,,,,,,,,,,,,,,,,,,,,,,,,,,,,,,,,,,,,,,,,,,,,,,,,,,,,,,,,,,,,,,,,,,,,,,,,,,,,,,,,,,,,,,,,,,,,,,,,,,,,,,,,,,,,,,,,,,,,,,,,,,,,,,,,,,,,,,,,,,,,,,,,,,,,,,,,,,,,,,,,,,,,,,,,,,,,,,,,,,,,,,,,,,,,,,,,,,,,,,,,,,,,,,,,,,,,,,,,,,,,,,,
"7-Methoxyflavone",0,0,0,0,0,1,0,1,252.269,3.684,495.214,92.690,54.882,347.642,0.000,831.175,0.000,3.250,0.0163298,0.0000000,0.8633098,29.787,8.736,11.533,6.630,3.227,-3.737,-3.882,-5.402,2988.493,0.012,1615.316,-1.210,9.239,0.901,1,0.119,3,100.000,0.000,0.000,43.271,3,0,16,0,16,0,19,0,2.848
"3,5,7,3′,4′-Pentamethoxyflavone",0,0,0,0,0,5,0,0,372.374,5.153,644.767,446.302,50.848,147.617,0.000,1144.347,0.000,6.250,0.0232028,0.0000000,0.8206044,37.842,10.239,15.522,7.674,3.538,-4.349,-5.041,-5.139,3263.677,-0.241,1776.670,-1.457,9.041,0.884,5,0.056,3,100.000,0.000,0.000,71.969,7,0,16,0,16,0,27,0,0.583
"trans-Chalcone",1,0,0,0,0,4,1,0,208.259,3.550,478.471,13.067,44.755,420.649,0.000,782.739,0.000,2.000,0.0160976,0.0000000,0.8584623,26.620,8.657,9.692,5.124,3.597,-3.600,-3.287,-5.828,3728.137,-0.082,2051.470,-0.478,9.330,0.890,0,0.185,3,100.000,0.000,0.000,26.935,1,0,12,0,12,0,16,0,17.960
"3,6-Dihydroxyflavone",0,0,0,0,0,2,0,-1,254.242,4.851,484.441,0.000,145.232,339.210,0.000,802.703,2.000,4.000,0.0293147,0.0116771,0.8622383,27.925,9.473,14.765,10.608,1.997,-3.396,-3.710,-5.379,415.593,-0.859,191.503,-2.809,8.846,0.899,2,-0.070,3,85.507,0.000,0.000,79.098,4,0,16,0,16,0,19,0,0.180
"3,6-Dihydroxyflavone",0,0,0,0,0,2,0,-1,254.242,4.851,484.441,0.000,145.232,339.210,0.000,802.703,2.000,4.000,0.0293157,0.0116771,0.8622383,27.925,9.473,14.765,10.608,1.997,-3.396,-3.710,-5.379,415.593,-0.859,191.503,-2.809,8.846,0.899,2,-0.070,3,85.507,0.000,0.000,79.098,4,0,16,0,16,0,19,0,0.180
"3',4'-Dimethoxyflavone",0,0,0,0,0,2,0,0,282.295,3.653,531.201,184.028,54.871,292.302,0.000,909.037,0.000,4.000,0.0146805,0.0000000,0.8543335,31.733,9.080,12.462,6.858,3.240,-3.863,-4.172,-5.283,2989.220,-0.058,1615.741,-1.309,8.858,0.905,2,0.102,3,100.000,0.000,0.000,50.710,4,0,16,0,16,0,21,0,1.898
"Rutin (trihydrate)",9,0,0,0,0,15,2,-2,610.524,9.436,835.040,183.238,467.194,184.608,0.000,1603.123,9.000,20.550,0.0555366,0.0738288,0.7932967,50.134,19.765,42.912,36.276,-2.695,-2.605,-4.160,-5.757,0.368,-5.290,0.096,-8.039,8.949,0.831,10,-1.323,1,0.000,0.000,0.000,270.732,16,3,28,0,28,10,43,2,0.000
"Rutin (trihydrate)",9,0,0,0,0,15,2,-2,610.524,9.436,835.040,183.238,467.194,184.608,0.000,1603.123,9.000,20.550,0.0555369,0.0738288,0.7932967,50.134,19.765,42.912,36.276,-2.695,-2.605,-4.160,-5.757,0.368,-5.290,0.096,-8.039,8.949,0.831,10,-1.323,1,0.000,0.000,0.000,270.732,16,3,28,0,28,10,43,2,0.000
"Aureusidin",0,0,0,0,0,6,0,-2,286.240,3.840,510.163,12.506,252.442,245.215,0.000,851.250,3.000,4.500,0.0173214,0.0152779,0.8514524,26.402,10.230,16.014,11.835,0.975,-2.874,-4.013,-5.105,39.994,-2.120,15.250,-4.732,8.595,1.065,5,-0.261,3,61.328,0.000,0.000,124.187,6,0,15,0,15,0,21,0,0.007
"Aureusidin",0,0,0,0,0,6,0,-2,286.240,3.840,510.163,12.506,252.442,245.215,0.000,851.250,3.000,4.500,0.0173230,0.0152779,0.8514524,26.402,10.230,16.014,11.835,0.975,-2.874,-4.013,-5.105,39.994,-2.120,15.250,-4.732,8.595,1.065,5,-0.261,3,61.328,0.000,0.000,124.187,6,0,15,0,15,0,21,0,0.007
"Aureusidin",0,0,0,0,0,6,0,-2,286.240,3.840,510.163,12.506,252.442,245.215,0.000,851.250,3.000,4.500,0.0173226,0.0152779,0.8514524,26.402,10.230,16.014,11.835,0.975,-2.874,-4.013,-5.105,39.994,-2.120,15.250,-4.732,8.595,1.065,5,-0.261,3,61.328,0.000,0.000,124.187,6,0,15,0,15,0,21,0,0.007
"Azaleatin",0,0,0,0,0,5,0,-2,316.267,5.322,549.906,92.418,242.566,214.921,0.000,928.157,4.000,6.250,0.0305211,0.0227312,0.8368055,29.833,10.889,19.699,15.066,0.688,-3.217,-3.995,-5.198,49.619,-2.047,19.253,-4.753,8.832,0.600,5,-0.325,3,61.324,0.000,0.000,128.635,7,0,16,0,16,0,23,0,0.003
"Azaleatin",0,0,0,0,0,5,0,-2,316.267,5.323,549.906,92.418,242.566,214.921,0.000,928.157,4.000,6.250,0.0305223,0.0227312,0.8368055,29.833,10.889,19.699,15.066,0.688,-3.217,-3.995,-5.198,49.619,-2.047,19.253,-4.753,8.832,0.600,5,-0.325,3,61.324,0.000,0.000,128.635,7,0,16,0,16,0,23,0,0.003
"Azaleatin",0,0,0,0,0,5,0,-2,316.267,5.322,549.906,92.418,242.566,214.921,0.000,928.157,4.000,6.250,0.0305199,0.0227312,0.8368055,29.833,10.889,19.699,15.066,0.688,-3.217,-3.995,-5.198,49.619,-2.047,19.253,-4.753,8.832,0.600,5,-0.325,3,61.324,0.000,0.000,128.635,7,0,16,0,16,0,23,0,0.003
"Syringetin",0,0,0,0,0,6,0,-2,346.293,6.121,586.018,185.370,237.498,163.149,0.000,1003.415,3.000,6.000,0.0373447,0.0177338,0.8271314,31.708,10.985,18.701,12.835,1.354,-3.772,-4.721,-5.107,55.425,-2.113,21.699,-4.746,8.734,0.637,6,-0.114,3,66.080,0.000,0.000,135.822,8,0,16,0,16,0,25,0,0.001
"Syringetin",0,0,0,0,0,6,0,-2,346.293,6.121,586.018,185.370,237.498,163.149,0.000,1003.415,3.000,6.000,0.0373439,0.0177338,0.8271314,31.708,10.985,18.701,12.835,1.354,-3.772,-4.721,-5.107,55.425,-2.113,21.699,-4.746,8.734,0.637,6,-0.114,3,66.080,0.000,0.000,135.822,8,0,16,0,16,0,25,0,0.001
"Spiraeoside",4,0,0,0,0,11,1,-2,464.382,8.612,711.610,114.669,401.244,195.697,0.000,1270.092,7.000,13.750,0.0583946,0.0511222,0.7970391,39.481,15.864,32.361,26.861,-1.494,-3.011,-4.032,-5.749,1.552,-4.310,0.455,-7.169,8.582,0.711,8,-0.916,1,0.000,0.000,0.000,218.792,12,2,22,0,22,5,33,2,0.000
"Spiraeoside",4,0,0,0,0,11,1,-2,464.382,8.612,711.610,114.669,401.244,195.697,0.000,1270.092,7.000,13.750,0.0583946,0.0511222,0.7970391,39.481,15.864,32.361,26.861,-1.494,-3.011,-4.032,-5.749,1.552,-4.310,0.455,-7.169,8.582,0.711,8,-0.916,1,0.000,0.000,0.000,218.792,12,2,22,0,22,5,33,2,0.000
"Quercetin 3′,4′,7-trimethyl ether",0,0,0,0,0,5,0,-1,344.320,5.183,593.385,278.094,129.407,185.884,0.000,1027.887,1.000,5.250,0.0261363,0.0088476,0.8300909,33.547,10.175,15.428,8.825,2.847,-4.366,-5.077,-5.168,587.127,-0.990,278.212,-2.770,8.741,0.587,5,0.184,3,93.172,0.000,0.000,100.157,7,0,16,0,16,0,25,0,0.024
"Quercetin 3′,4′,7-trimethyl ether",0,0,0,0,0,5,0,-1,344.320,5.183,593.385,278.094,129.407,185.884,0.000,1027.887,1.000,5.250,0.0261383,0.0088476,0.8300909,33.547,10.175,15.428,8.825,2.847,-4.366,-5.077,-5.168,587.127,-0.990,278.212,-2.770,8.741,0.587,5,0.184,3,93.172,0.000,0.000,100.157,7,0,16,0,16,0,25,0,0.024
"Marein",4,0,0,0,0,15,2,-2,450.398,8.455,735.106,130.483,397.428,207.195,0.000,1300.049,7.000,13.250,0.0549924,0.0476887,0.7836493,38.221,16.246,31.417,25.595,-1.168,-2.724,-3.715,-6.021,1.687,-4.655,0.498,-6.674,8.801,0.781,8,-1.014,1,0.000,0.000,0.000,211.989,11,2,18,0,18,5,32,2,0.000
"Marein",4,0,0,0,0,15,2,-2,450.398,8.455,735.106,130.483,397.428,207.195,0.000,1300.049,7.000,13.250,0.0549910,0.0476887,0.7836493,38.221,16.246,31.417,25.595,-1.168,-2.724,-3.715,-6.021,1.687,-4.655,0.498,-6.674,8.801,0.781,8,-1.014,1,0.000,0.000,0.000,211.989,11,2,18,0,18,5,32,2,0.000
"Brassicin",3,0,0,0,0,11,1,-2,478.409,4.315,742.497,205.028,347.763,189.705,0.000,1326.924,6.000,13.750,0.0140289,0.0453611,0.7865047,41.698,15.790,30.769,25.067,-0.716,-3.422,-4.341,-5.891,4.990,-3.848,1.608,-6.204,8.810,0.676,8,-0.816,1,9.329,0.000,0.000,205.394,12,2,22,0,22,5,34,2,0.000
"Glychionide A",3,0,0,1,0,8,1,-2,446.367,8.516,693.220,64.557,355.835,272.827,0.000,1236.672,4.000,11.550,0.0586434,0.0333228,0.8037677,40.806,15.074,27.298,21.134,0.389,-3.728,-4.635,-4.201,1.060,-3.591,0.383,-6.348,8.813,0.808,6,-0.676,1,3.757,0.000,0.000,202.149,11,2,22,0,22,5,32,1,0.000
"Prunetrin",0,0,0,0,0,10,1,-2,446.410,6.132,705.056,208.821,248.440,247.794,0.000,1263.504,4.000,12.250,0.0297629,0.0347490,0.8016648,40.357,14.399,26.481,20.510,0.485,-3.403,-4.388,-5.923,43.646,-2.616,16.761,-4.265,8.763,0.436,6,-0.647,2,59.137,0.000,0.000,162.649,10,0,22,0,22,5,32,0,0.010
"Millepachine",0,0,0,0,0,6,1,0,350.413,5.485,673.060,342.862,32.946,297.252,0.000,1179.739,0.000,4.250,0.0255040,0.0000000,0.8022360,40.045,11.518,15.301,6.448,5.042,-5.770,-5.437,-6.150,4824.701,-0.139,2710.820,-0.504,8.790,0.678,2,0.651,3,100.000,0.000,0.000,45.994,4,1,16,0,16,1,26,1,0.187
"Taxifolin 7-O-β-D-glucoside",5,0,0,0,0,11,1,-2,466.398,4.236,690.596,141.073,395.270,154.253,0.000,1254.557,7.000,14.950,0.0143049,0.0572751,0.8145817,38.463,15.348,32.022,27.670,-1.914,-2.599,-3.547,-5.268,1.768,-4.071,0.524,-7.205,8.870,0.517,9,-1.015,1,0.000,0.000,0.000,221.210,12,2,22,0,22,7,33,2,0.000
"Taxifolin 7-O-β-D-glucoside",5,0,0,0,0,11,1,-2,466.398,4.236,690.596,141.073,395.270,154.253,0.000,1254.557,7.000,14.950,0.0143036,0.0572751,0.8145818,38.463,15.348,32.022,27.670,-1.914,-2.599,-3.547,-5.268,1.768,-4.071,0.524,-7.205,8.870,0.517,9,-1.015,1,0.000,0.000,0.000,221.210,12,2,22,0,22,7,33,2,0.000
"Quercetin 3-O-neohesperidoside",9,0,0,0,0,15,2,-2,610.524,8.496,777.490,187.140,426.838,163.511,0.000,1548.539,9.000,20.550,0.0466116,0.0792937,0.8325657,47.749,18.658,41.887,35.720,-2.554,-2.060,-4.160,-5.021,0.888,-4.446,0.249,-7.370,8.778,0.694,10,-1.244,1,0.000,0.000,0.000,268.134,16,3,28,0,28,10,43,2,0.000
"Quercetin 3-O-neohesperidoside",9,0,0,0,0,15,2,-2,610.524,8.496,777.490,187.140,426.838,163.511,0.000,1548.539,9.000,20.550,0.0466131,0.0792937,0.8325657,47.749,18.658,41.887,35.720,-2.554,-2.060,-4.160,-5.021,0.888,-4.446,0.249,-7.370,8.778,0.694,10,-1.244,1,0.000,0.000,0.000,268.134,16,3,28,0,28,10,43,2,0.000
"Complanatoside B",12,0,0,0,0,21,3,-2,756.667,9.965,974.186,370.156,415.305,188.726,0.000,1946.563,10.000,27.350,0.0510124,0.0887800,0.7739306,60.066,22.801,51.050,43.125,-3.039,-1.797,-4.271,-6.090,1.142,-5.325,0.327,-6.493,9.156,0.482,12,-1.936,1,0.000,0.000,0.000,312.030,20,3,33,0,33,14,53,2,0.004
"Colutehydroquinone",0,0,0,0,0,5,0,0,332.352,2.068,578.512,346.663,73.422,158.427,0.000,1020.248,2.000,4.500,0.0041921,0.0110006,0.8472071,32.979,9.780,15.712,8.947,3.325,-4.306,-4.866,-4.760,1993.589,-0.420,1042.847,-1.835,8.692,0.226,7,0.271,3,100.000,0.000,0.000,71.054,6,0,16,0,16,3,24,1,0.240
"Isoformononetin",0,0,0,0,0,3,0,0,268.268,3.535,500.596,92.690,94.274,313.632,0.000,847.398,1.000,4.000,0.0147478,0.0079905,0.8651058,28.828,9.174,13.116,8.441,2.645,-3.518,-4.034,-5.210,1264.431,-0.457,637.510,-1.864,9.023,0.552,2,0.042,3,100.000,0.000,0.000,66.211,4,0,16,0,16,0,20,0,1.113
"Flavanone",0,0,0,0,0,0,0,1,224.259,2.948,465.529,48.061,50.121,367.347,0.000,775.384,0.000,2.750,0.0112048,0.0000000,0.8767917,28.385,8.358,10.770,6.388,3.257,-3.599,-3.389,-5.278,3315.917,0.129,1807.428,-1.149,9.433,0.610,3,0.133,3,100.000,0.000,0.000,35.675,2,0,16,0,16,2,17,0,4.004
"6-Hydroxyflavone",0,0,0,0,0,1,0,0,238.242,6.067,470.314,0.000,109.447,360.867,0.000,778.720,1.000,3.250,0.0472603,0.0069103,0.8703579,27.815,8.950,13.023,8.495,2.464,-3.554,-3.713,-5.351,907.847,-0.460,445.622,-2.169,8.990,0.960,1,0.082,3,94.318,0.000,0.000,57.500,3,0,16,0,16,0,18,0,0.450
"Butin",0,0,0,0,0,3,0,-2,272.257,2.984,501.263,48.086,206.370,246.807,0.000,842.227,3.000,5.000,0.0105720,0.0172769,0.8604368,27.983,9.871,16.644,12.665,1.082,-3.132,-3.527,-4.967,109.369,-1.476,45.238,-4.165,8.915,0.548,5,-0.207,3,69.774,0.000,0.000,102.278,5,0,16,0,16,2,20,0,0.014
"Gardenin B",0,0,0,0,0,5,0,0,358.347,6.997,609.146,324.843,89.644,194.659,0.000,1078.614,0.000,5.250,0.0453835,0.0000000,0.8350022,35.661,10.229,14.826,7.187,3.383,-4.198,-5.207,-5.130,1398.966,-0.595,711.132,-2.006,8.700,0.812,5,0.133,3,100.000,0.000,0.000,81.920,7,0,16,0,16,0,26,0,0.224
"Skullcapflavone II",0,0,0,0,0,6,0,-1,374.346,7.054,597.520,292.641,130.121,174.758,0.000,1088.750,1.000,6.000,0.0457045,0.0100415,0.8565739,35.234,10.738,16.755,9.282,2.926,-4.024,-5.386,-4.686,578.051,-0.980,273.567,-2.726,8.535,0.588,6,0.170,3,93.510,0.000,0.000,100.856,8,0,16,0,16,0,27,0,0.067
"Isomucronulatol 7-O-glucoside",1,0,0,0,0,10,1,-2,464.468,7.895,737.840,365.918,191.165,180.756,0.000,1347.631,5.000,12.250,0.0462551,0.0371244,0.7996816,43.083,14.542,28.741,21.208,1.157,-3.860,-4.472,-5.635,152.434,-2.032,64.768,-3.446,8.738,0.094,9,-0.485,2,72.794,0.000,0.000,140.719,10,0,22,0,22,8,33,1,0.023
"Choerospondin",1,0,0,0,0,9,1,-2,434.399,8.219,700.601,164.609,314.980,221.013,0.000,1244.961,5.000,12.500,0.0542563,0.0398955,0.7988488,40.001,14.736,28.583,22.701,-0.321,-3.463,-3.914,-5.841,10.208,-3.270,3.485,-5.682,9.194,0.389,8,-0.687,2,30.164,0.000,0.000,178.649,10,1,22,0,22,7,31,2,0.000
"Choerospondin",1,0,0,0,0,9,1,-2,434.399,8.219,700.601,164.609,314.980,221.013,0.000,1244.961,5.000,12.500,0.0542563,0.0398955,0.7988488,40.001,14.736,28.583,22.701,-0.321,-3.463,-3.914,-5.841,10.208,-3.270,3.485,-5.682,9.194,0.389,8,-0.687,2,30.164,0.000,0.000,178.649,10,1,22,0,22,7,31,2,0.000
"Choerospondin",1,0,0,0,0,9,1,-2,434.399,8.219,700.601,164.609,314.980,221.013,0.000,1244.961,5.000,12.500,0.0542563,0.0398955,0.7988488,40.001,14.736,28.583,22.701,-0.321,-3.463,-3.914,-5.841,10.208,-3.270,3.485,-5.682,9.194,0.389,8,-0.687,2,30.164,0.000,0.000,178.649,10,1,22,0,22,7,31,2,0.000
"Cirsimaritin",0,0,0,0,0,4,0,-2,314.294,7.980,558.425,174.907,144.281,239.237,0.000,957.846,1.000,4.500,0.0664816,0.0080584,0.8415185,31.895,9.998,15.214,8.686,2.693,-4.119,-4.765,-5.237,424.306,-1.036,195.846,-2.952,8.871,0.730,4,0.190,3,89.746,0.000,0.000,89.998,6,0,16,0,16,0,23,0,0.022
"Violanthin",8,0,0,0,0,11,0,-2,578.526,5.938,794.319,211.267,415.748,167.305,0.000,1528.115,9.000,19.050,0.0230719,0.0719484,0.8077443,49.536,18.536,41.338,35.116,-2.202,-3.082,-4.123,-5.441,1.131,-4.348,0.323,-7.536,9.166,1.002,14,-1.051,1,0.000,0.000,0.000,245.159,14,3,28,0,28,10,41,2,0.000
"Violanthin",8,0,0,0,0,11,0,-2,578.526,5.938,794.319,211.267,415.748,167.305,0.000,1528.115,9.000,19.050,0.0230718,0.0719484,0.8077443,49.536,18.536,41.338,35.116,-2.202,-3.082,-4.123,-5.441,1.131,-4.348,0.323,-7.536,9.166,1.002,14,-1.051,1,0.000,0.000,0.000,245.159,14,3,28,0,28,10,41,2,0.000
"3',4',5',5,7-Pentamethoxyflavone",0,0,0,0,0,5,0,0,372.374,5.153,644.767,446.302,50.848,147.617,0.000,1144.347,0.000,6.250,0.0232028,0.0000000,0.8206044,37.842,10.239,15.522,7.674,3.538,-4.349,-5.041,-5.139,3263.677,-0.241,1776.670,-1.457,9.041,0.884,5,0.056,3,100.000,0.000,0.000,71.969,7,0,16,0,16,0,27,0,0.583
"3-Hydroxy-3'-methoxyflavone",0,0,0,0,0,2,0,0,268.268,2.979,508.551,92.643,90.505,325.403,0.000,855.090,1.000,4.000,0.0103770,0.0078655,0.8567191,29.890,9.264,13.439,8.735,2.735,-4.007,-4.034,-5.402,1372.897,-0.379,696.820,-1.849,8.702,0.855,2,0.102,3,100.000,0.000,0.000,64.119,4,0,16,0,16,0,20,0,0.576
"3-Hydroxy-3'-methoxyflavone",0,0,0,0,0,2,0,0,268.268,2.979,508.551,92.643,90.505,325.403,0.000,855.090,1.000,4.000,0.0103770,0.0078655,0.8567191,29.890,9.264,13.439,8.735,2.735,-4.007,-4.034,-5.402,1372.897,-0.379,696.820,-1.849,8.702,0.855,2,0.102,3,100.000,0.000,0.000,64.119,4,0,16,0,16,0,20,0,0.576
"6-Methylflavone",0,0,0,0,0,0,0,1,236.270,4.439,490.062,88.156,54.850,347.056,0.000,815.918,0.000,2.500,0.0241512,0.0000000,0.8616771,29.813,8.568,11.269,6.095,3.502,-4.195,-3.890,-5.425,2990.613,0.071,1616.555,-1.308,9.144,0.923,1,0.318,3,100.000,0.000,0.000,34.969,2,0,16,0,16,0,18,0,0.743
"5-Hydroxy-3',4',7-trimethoxyflavone",0,0,0,0,0,4,0,0,328.321,3.716,577.027,276.559,93.948,206.520,0.000,1003.239,0.000,4.500,0.0137651,0.0000000,0.8399213,33.399,9.625,13.267,6.702,3.240,-4.144,-4.917,-5.107,1273.473,-0.565,642.438,-2.139,8.777,0.763,4,0.157,3,100.000,0.000,0.000,78.589,6,0,16,0,16,0,24,0,0.171
"Okanin",0,0,0,0,0,9,1,-2,288.256,4.586,531.083,12.846,275.772,242.465,0.000,886.755,4.000,4.750,0.0237193,0.0178880,0.8405006,25.871,10.914,17.489,13.074,0.748,-2.601,-3.695,-5.269,24.030,-2.581,8.793,-4.884,8.736,0.788,5,-0.424,2,56.039,0.000,0.000,132.749,6,0,12,0,12,0,21,0,0.012
"Okanin",0,0,0,0,0,9,1,-2,288.256,4.586,531.083,12.846,275.772,242.465,0.000,886.755,4.000,4.750,0.0237202,0.0178880,0.8405006,25.871,10.914,17.489,13.074,0.748,-2.601,-3.695,-5.269,24.030,-2.581,8.793,-4.884,8.736,0.788,5,-0.424,2,56.039,0.000,0.000,132.749,6,0,12,0,12,0,21,0,0.012
"Okanin",0,0,0,0,0,9,1,-2,288.256,4.586,531.083,12.846,275.772,242.465,0.000,886.755,4.000,4.750,0.0237201,0.0178880,0.8405006,25.871,10.914,17.489,13.074,0.748,-2.601,-3.695,-5.269,24.030,-2.581,8.793,-4.884,8.736,0.788,5,-0.424,2,56.039,0.000,0.000,132.749,6,0,12,0,12,0,21,0,0.012
"7-Hydroxyflavone",0,0,0,0,0,1,0,0,238.242,3.319,470.300,0.000,109.498,360.802,0.000,778.700,1.000,3.250,0.0141486,0.0069105,0.8703687,27.813,8.950,12.569,8.495,2.464,-3.554,-3.713,-5.350,906.840,-0.460,445.088,-2.171,9.271,0.921,1,0.082,3,94.307,0.000,0.000,57.503,3,0,16,0,16,0,18,0,0.449
"7-Hydroxyflavone",0,0,0,0,0,1,0,0,238.242,3.319,470.300,0.000,109.498,360.802,0.000,778.700,1.000,3.250,0.0141486,0.0069105,0.8703687,27.813,8.950,12.569,8.495,2.464,-3.554,-3.713,-5.350,906.840,-0.460,445.088,-2.171,9.271,0.921,1,0.082,3,94.307,0.000,0.000,57.503,3,0,16,0,16,0,18,0,0.449
"Luteolin 7-diglucuronide",9,0,0,2,0,14,2,-2,638.492,6.563,877.489,106.971,556.727,213.791,0.000,1631.498,7.000,20.100,0.0263997,0.0606043,0.7638024,52.191,20.634,40.457,34.034,-1.832,-3.289,-4.941,-2.758,0.003,-6.642,0.001,-9.683,8.917,0.896,10,-1.604,1,0.000,0.000,0.000,330.294,18,3,28,0,28,10,45,2,0.000
"4-Hydroxychalcone",0,0,0,0,0,5,1,0,224.259,4.663,491.612,13.066,99.460,379.086,0.000,806.218,1.000,2.750,0.0269643,0.0055938,0.8521407,26.521,9.183,11.821,7.228,2.919,-3.437,-3.374,-5.732,1129.064,-0.651,564.069,-1.537,8.990,0.845,1,0.068,3,100.000,0.000,0.000,49.486,2,0,12,0,12,0,17,0,2.381
"Iristectorin B",1,0,0,0,0,12,1,-2,492.435,5.937,745.462,276.285,291.682,177.495,0.000,1363.237,5.000,13.750,0.0258587,0.0412441,0.7976034,42.393,15.380,29.452,22.924,0.012,-3.305,-4.649,-5.653,16.978,-3.216,6.040,-5.118,8.547,0.592,8,-0.747,2,23.110,0.000,0.000,190.023,12,2,22,0,22,5,35,2,0.002
"Retusin",0,0,0,0,0,5,0,0,358.347,5.461,602.203,341.862,84.630,175.711,0.000,1071.371,0.000,5.250,0.0278336,0.0000000,0.8408437,35.190,10.001,14.384,7.007,3.348,-4.066,-5.207,-4.945,1560.833,-0.536,800.471,-1.980,8.772,0.676,5,0.112,3,100.000,0.000,0.000,85.772,7,0,16,0,16,0,26,0,0.322
"Hydnocarpin",0,0,0,0,0,6,0,-2,464.428,4.516,738.577,159.359,236.792,342.425,0.000,1321.900,3.000,7.700,0.0154276,0.0180574,0.7886821,46.166,15.347,24.597,16.091,2.833,-5.805,-6.880,-6.584,56.286,-2.336,22.064,-4.101,8.909,0.771,6,0.370,2,74.861,0.000,0.000,143.450,9,0,26,0,26,2,34,1,0.000
"Hydnocarpin",0,0,0,0,0,6,0,-2,464.428,4.516,738.577,159.359,236.792,342.425,0.000,1321.900,3.000,7.700,0.0154276,0.0180574,0.7886821,46.166,15.347,24.597,16.091,2.833,-5.805,-6.880,-6.584,56.286,-2.336,22.064,-4.101,8.909,0.771,6,0.370,2,74.861,0.000,0.000,143.450,9,0,26,0,26,2,34,1,0.000
"Hibifolin",5,0,0,1,0,11,1,-2,494.365,4.035,685.364,59.040,459.754,166.569,0.000,1265.214,7.000,13.800,0.0128654,0.0532730,0.8254422,39.007,15.974,31.961,27.047,-1.379,-2.702,-4.535,-3.343,0.110,-4.598,0.033,-8.350,8.821,1.015,9,-1.012,1,0.000,0.000,0.000,264.743,14,2,22,0,22,5,35,2,0.000
"Hibifolin",5,0,0,1,0,11,1,-2,494.365,4.035,685.364,59.040,459.754,166.569,0.000,1265.214,7.000,13.800,0.0128655,0.0532730,0.8254421,39.007,15.974,31.961,27.047,-1.379,-2.702,-4.535,-3.343,0.110,-4.598,0.033,-8.350,8.821,1.015,9,-1.012,1,0.000,0.000,0.000,264.743,14,2,22,0,22,5,35,2,0.000
"5,7,3'-Trihydroxy-6,4',5'-trimethoxyflav",0,0,0,0,0,6,0,-2,360.320,6.722,593.374,260.496,173.930,158.948,0.000,1043.892,2.000,6.000,0.0432882,0.0143001,0.8387003,33.288,10.699,17.610,10.927,2.200,-3.969,-5.067,-4.900,222.085,-1.447,97.278,-3.589,8.991,0.983,6,0.039,3,81.827,0.000,0.000,118.095,8,0,16,0,16,0,26,0,0.010
"5,7,3'-Trihydroxy-6,4',5'-trimethoxyflav",0,0,0,0,0,6,0,-2,360.320,6.722,593.374,260.496,173.930,158.948,0.000,1043.892,2.000,6.000,0.0432904,0.0143001,0.8387003,33.288,10.699,17.610,10.927,2.200,-3.969,-5.067,-4.900,222.085,-1.447,97.278,-3.589,8.991,0.983,6,0.039,3,81.827,0.000,0.000,118.095,8,0,16,0,16,0,26,0,0.010
"4-Hydroxyderricin",0,0,0,0,0,9,1,-2,338.402,6.076,687.199,305.203,125.942,256.054,0.000,1178.939,1.000,3.250,0.0313111,0.0047293,0.7853744,37.694,12.131,15.694,6.652,4.742,-5.980,-5.501,-6.226,633.281,-1.340,301.925,-2.075,8.897,0.644,6,0.809,3,100.000,0.000,0.000,74.087,4,0,12,0,12,0,25,1,0.002
"4-Hydroxyderricin",0,0,0,0,0,9,1,-2,338.402,6.076,687.199,305.203,125.942,256.054,0.000,1178.939,1.000,3.250,0.0313114,0.0047293,0.7853744,37.694,12.131,15.694,6.652,4.742,-5.980,-5.501,-6.226,633.281,-1.340,301.925,-2.075,8.897,0.644,6,0.809,3,100.000,0.000,0.000,74.087,4,0,12,0,12,0,25,1,0.002
"Ophiopogonanone A",0,0,0,0,0,4,1,0,328.321,4.510,530.894,232.198,117.027,181.669,0.000,945.111,1.000,4.750,0.0215202,0.0089472,0.8772957,30.836,9.418,14.242,8.289,2.648,-3.632,-4.936,-4.384,769.366,-0.691,372.626,-2.652,8.941,0.417,5,0.125,3,94.104,0.000,0.000,92.335,6,0,19,0,19,3,24,0,0.171
"Ophiopogonanone A",0,0,0,0,0,4,1,0,328.321,4.510,530.894,232.198,117.027,181.669,0.000,945.111,1.000,4.750,0.0215202,0.0089472,0.8772957,30.836,9.418,14.242,8.289,2.648,-3.632,-4.936,-4.384,769.366,-0.691,372.626,-2.652,8.941,0.417,5,0.125,3,94.104,0.000,0.000,92.335,6,0,19,0,19,3,24,0,0.171
"Isosilybin A",0,0,0,0,0,7,0,-2,482.443,3.961,747.997,184.496,268.052,295.449,0.000,1356.447,4.000,9.650,0.0115674,0.0258022,0.7922587,46.458,15.775,27.226,19.172,1.881,-5.172,-6.299,-6.302,28.442,-2.706,10.550,-4.747,8.707,0.544,8,0.057,2,63.981,0.000,0.000,163.167,10,0,26,0,26,4,35,1,0.000
"Isosilybin A",0,0,0,0,0,7,0,-2,482.443,3.961,747.997,184.496,268.052,295.449,0.000,1356.447,4.000,9.650,0.0115677,0.0258022,0.7922587,46.458,15.775,27.226,19.172,1.881,-5.172,-6.299,-6.302,28.442,-2.706,10.550,-4.747,8.707,0.544,8,0.057,2,63.981,0.000,0.000,163.167,10,0,26,0,26,4,35,1,0.000
"Iristectorin A",1,0,0,0,0,12,1,-2,492.435,9.688,747.581,279.494,292.950,175.137,0.000,1364.500,5.000,13.750,0.0687832,0.0411272,0.7958341,42.421,15.391,30.045,22.922,0.003,-3.334,-4.649,-5.671,16.514,-3.243,5.862,-5.149,8.518,0.512,8,-0.748,2,22.845,0.000,0.000,190.183,12,2,22,0,22,5,35,2,0.002
"3'-Hydroxy-5,7,4'-trimethoxyflavone",0,0,0,0,0,4,0,0,328.321,4.943,587.745,274.831,104.727,208.187,0.000,1013.728,1.000,5.500,0.0241059,0.0093578,0.8303424,33.835,10.020,15.581,9.262,2.834,-4.291,-4.658,-5.270,1006.400,-0.690,498.132,-2.332,8.790,0.784,4,0.141,3,100.000,0.000,0.000,78.674,6,0,16,0,16,0,24,0,0.067
"Licuraside",7,0,0,0,0,18,3,-2,550.515,3.996,847.145,209.612,369.104,268.429,0.000,1562.668,7.000,17.600,0.0102164,0.0549673,0.7687503,47.390,19.025,36.230,29.712,-0.982,-2.808,-4.029,-6.554,3.131,-4.685,0.972,-5.648,8.938,0.710,8,-1.227,1,0.000,0.000,0.000,224.599,13,3,23,0,23,9,39,2,0.002
"Licuraside",7,0,0,0,0,18,3,-2,550.515,3.996,847.145,209.612,369.104,268.429,0.000,1562.668,7.000,17.600,0.0102170,0.0549673,0.7687503,47.390,19.025,36.230,29.712,-0.982,-2.808,-4.029,-6.554,3.131,-4.685,0.972,-5.648,8.938,0.710,8,-1.227,1,0.000,0.000,0.000,224.599,13,3,23,0,23,9,39,2,0.002
"DiosMetin 7-O-beta-D-Glucuronide",3,0,0,1,0,9,1,-2,476.393,5.423,739.934,158.532,370.413,210.988,0.000,1312.348,4.000,12.300,0.0224081,0.0332462,0.7834381,42.602,15.519,27.705,21.443,0.341,-4.050,-4.922,-4.235,0.771,-4.002,0.272,-6.739,8.898,0.908,7,-0.703,1,1.000,0.000,0.000,211.468,12,2,22,0,22,5,34,2,0.000
"Isoviolanthin",8,0,0,0,0,11,0,-2,578.526,7.433,811.870,210.386,419.690,181.794,0.000,1540.508,9.000,19.050,0.0358623,0.0703930,0.7945498,50.170,18.847,41.718,35.283,-2.200,-3.259,-4.123,-5.723,1.037,-4.532,0.294,-7.558,9.203,1.074,14,-1.083,1,0.000,0.000,0.000,246.797,14,3,28,0,28,10,41,2,0.000
"Isoviolanthin",8,0,0,0,0,11,0,-2,578.526,7.433,811.870,210.386,419.690,181.794,0.000,1540.508,9.000,19.050,0.0358618,0.0703930,0.7945498,50.170,18.847,41.718,35.283,-2.200,-3.259,-4.123,-5.723,1.037,-4.532,0.294,-7.558,9.203,1.074,14,-1.083,1,0.000,0.000,0.000,246.797,14,3,28,0,28,10,41,2,0.000
"3'-Methoxy apiin",7,0,0,0,0,15,2,-2,594.525,6.774,876.255,295.516,381.874,198.866,0.000,1622.523,7.000,18.850,0.0282831,0.0569154,0.7620707,51.047,19.230,38.468,31.289,-1.284,-3.388,-4.607,-6.330,2.369,-4.724,0.719,-6.417,8.847,0.685,9,-1.176,1,0.000,0.000,0.000,240.719,15,3,27,0,27,9,42,2,0.000
"Liquiritigenin-7-apiosylglucoside",5,0,0,0,0,13,2,-2,550.515,6.148,812.151,257.082,326.385,228.684,0.000,1525.233,7.000,18.600,0.0247787,0.0605934,0.7890155,48.722,17.961,37.420,31.155,-1.215,-2.998,-3.794,-6.037,7.958,-3.715,2.663,-5.481,9.101,0.354,9,-1.147,1,0.000,0.000,0.000,215.781,13,3,27,0,27,11,39,2,0.002
"Pinocembrin-7-O-D-glucoside",0,0,0,0,0,8,1,-2,418.399,4.622,689.041,165.296,253.863,269.881,0.000,1220.642,4.000,11.750,0.0175019,0.0341054,0.8016392,40.137,14.185,26.082,20.607,0.409,-3.623,-3.927,-6.029,38.772,-2.552,14.747,-4.479,9.200,0.387,8,-0.581,2,57.770,0.000,0.000,156.332,9,0,22,0,22,7,30,1,0.003
"DiosMetin 7-O--D-Glucuronide",3,0,0,1,0,9,1,-2,476.393,3.755,731.010,155.054,375.119,200.836,0.000,1305.277,4.000,12.300,0.0108050,0.0336521,0.7901515,42.222,15.389,27.448,21.385,0.269,-3.922,-4.922,-4.078,0.695,-3.985,0.243,-6.861,8.902,0.924,7,-0.706,1,0.000,0.000,0.000,210.660,12,2,22,0,22,5,34,2,0.000
"DiosMetin 7-O-beta-D-Glucuronide",3,0,0,1,0,9,1,-2,476.393,4.132,736.143,158.802,368.393,208.948,0.000,1306.985,4.000,12.300,0.0130613,0.0334174,0.7853257,42.368,15.432,27.488,21.406,0.325,-3.996,-4.922,-4.195,0.805,-3.961,0.285,-6.709,8.878,0.893,7,-0.711,1,1.251,0.000,0.000,211.617,12,2,22,0,22,5,34,2,0.000
"Quercetin 3-O-β-D-(6''-p-coumaroyl)gluc",13,0,0,0,0,19,3,-2,756.670,4.465,1071.357,222.076,496.904,352.377,0.000,2066.919,9.000,21.600,0.0096445,0.0604841,0.7324535,67.729,25.939,49.123,38.340,-0.782,-4.548,-6.760,-7.542,0.192,-6.757,0.048,-7.612,9.034,0.837,10,-1.006,1,0.000,0.000,0.000,310.115,18,3,34,0,34,10,54,2,0.000
"Quercetin 3-O-β-D-(6''-p-coumaroyl)gluc",13,0,0,0,0,19,3,-2,756.670,4.465,1071.357,222.076,496.904,352.377,0.000,2066.919,9.000,21.600,0.0096455,0.0604841,0.7324535,67.729,25.939,49.123,38.340,-0.782,-4.548,-6.760,-7.542,0.192,-6.757,0.048,-7.612,9.034,0.837,10,-1.006,1,0.000,0.000,0.000,310.115,18,3,34,0,34,10,54,2,0.000
"Clitorin",12,0,0,0,0,18,3,-2,740.668,9.735,917.007,299.135,425.779,192.092,0.000,1896.517,10.000,26.600,0.0499672,0.0917295,0.8080355,60.021,22.131,50.949,43.005,-2.938,-1.890,-4.257,-5.554,0.908,-4.869,0.255,-6.962,9.239,1.000,11,-1.625,1,0.000,0.000,0.000,299.071,19,3,34,0,34,15,52,2,0.001
"Clitorin",12,0,0,0,0,18,3,-2,740.668,9.735,917.006,299.135,425.779,192.092,0.000,1896.517,10.000,26.600,0.0499731,0.0917295,0.8080355,60.021,22.131,50.949,43.005,-2.938,-1.890,-4.257,-5.554,0.908,-4.869,0.255,-6.962,9.239,1.000,11,-1.625,1,0.000,0.000,0.000,299.071,19,3,34,0,34,15,52,2,0.001
"Catechin",0,0,0,0,0,5,0,-2,290.272,1.931,511.342,60.836,239.747,210.759,0.000,872.580,5.000,5.450,0.0042713,0.0238325,0.8636231,27.569,10.626,19.620,15.602,0.479,-2.614,-3.474,-4.744,52.769,-1.881,20.578,-4.716,8.908,0.145,7,-0.409,2,60.577,0.000,0.000,115.741,6,0,16,0,16,3,21,1,0.014
"Silybin",0,0,0,0,0,7,0,-2,482.443,4.536,765.656,201.324,268.540,295.791,0.000,1372.966,4.000,9.650,0.0149839,0.0252072,0.7802577,47.122,15.988,27.457,19.220,1.959,-5.447,-6.299,-6.498,28.141,-2.799,10.430,-4.755,8.694,0.537,8,0.079,2,64.357,0.000,0.000,163.254,10,0,26,0,26,4,35,1,0.000
"Silybin",0,0,0,0,0,7,0,-2,482.443,4.536,765.656,201.324,268.540,295.791,0.000,1372.966,4.000,9.650,0.0149843,0.0252072,0.7802577,47.122,15.988,27.457,19.220,1.959,-5.447,-6.299,-6.498,28.141,-2.799,10.430,-4.755,8.694,0.537,8,0.079,2,64.357,0.000,0.000,163.254,10,0,26,0,26,4,35,1,0.000
"(-)-Catechin",0,0,0,0,0,5,0,-2,290.272,5.070,511.281,60.875,239.732,210.674,0.000,872.561,5.000,5.450,0.0294544,0.0238354,0.8637131,27.567,10.626,19.964,15.602,0.479,-2.613,-3.474,-4.742,52.787,-1.880,20.585,-4.716,8.743,-0.063,7,-0.409,2,60.579,0.000,0.000,115.729,6,0,16,0,16,3,21,1,0.014
"Proanthocyanidin",7,0,0,0,0,10,0,-2,592.555,4.459,796.377,159.720,363.840,272.817,0.000,1562.043,9.000,10.900,0.0127267,0.0410609,0.8175385,52.543,19.163,37.860,27.678,1.101,-4.463,-7.630,-5.785,3.512,-3.668,1.100,-6.304,8.760,0.150,14,-0.070,1,4.283,0.000,0.000,210.682,12,3,32,0,32,6,43,2,0.000
"Proanthocyanidin",7,0,0,0,0,10,0,-2,592.555,4.459,796.377,159.720,363.840,272.817,0.000,1562.043,9.000,10.900,0.0127259,0.0410609,0.8175385,52.543,19.163,37.860,27.678,1.101,-4.463,-7.630,-5.785,3.512,-3.668,1.100,-6.304,8.760,0.150,14,-0.070,1,4.283,0.000,0.000,210.682,12,3,32,0,32,6,43,2,0.000
"Proanthocyanidin",7,0,0,0,0,10,0,-2,592.555,4.459,796.377,159.720,363.840,272.817,0.000,1562.043,9.000,10.900,0.0127267,0.0410609,0.8175385,52.543,19.163,37.860,27.678,1.101,-4.463,-7.630,-5.785,3.512,-3.668,1.100,-6.304,8.760,0.150,14,-0.070,1,4.283,0.000,0.000,210.682,12,3,32,0,32,6,43,2,0.000
"Proanthocyanidin",7,0,0,0,0,10,0,-2,592.555,4.459,796.377,159.720,363.840,272.817,0.000,1562.043,9.000,10.900,0.0127269,0.0410609,0.8175385,52.543,19.163,37.860,27.678,1.101,-4.463,-7.630,-5.785,3.512,-3.668,1.100,-6.304,8.760,0.150,14,-0.070,1,4.283,0.000,0.000,210.682,12,3,32,0,32,6,43,2,0.000
"Proanthocyanidin",7,0,0,0,0,10,0,-2,592.555,4.459,796.377,159.720,363.840,272.817,0.000,1562.043,9.000,10.900,0.0127267,0.0410609,0.8175385,52.543,19.163,37.860,27.678,1.101,-4.463,-7.630,-5.785,3.512,-3.668,1.100,-6.304,8.760,0.150,14,-0.070,1,4.283,0.000,0.000,210.682,12,3,32,0,32,6,43,2,0.000
"Proanthocyanidin",7,0,0,0,0,10,0,-2,592.555,4.459,796.377,159.720,363.840,272.817,0.000,1562.043,9.000,10.900,0.0127268,0.0410609,0.8175385,52.543,19.163,37.860,27.678,1.101,-4.463,-7.630,-5.785,3.512,-3.668,1.100,-6.304,8.760,0.150,14,-0.070,1,4.283,0.000,0.000,210.682,12,3,32,0,32,6,43,2,0.000
"Isoorientin",5,0,0,0,0,9,0,-2,448.382,4.906,684.506,106.328,368.718,209.459,0.000,1227.920,7.000,13.000,0.0196024,0.0502476,0.8101548,39.209,15.306,31.300,26.371,-1.202,-3.128,-4.000,-5.603,3.158,-3.724,0.980,-6.713,9.027,0.898,10,-0.791,1,2.928,0.000,0.000,207.258,11,2,22,0,22,5,32,2,0.000
"Isoorientin",5,0,0,0,0,9,0,-2,448.382,4.906,684.506,106.328,368.718,209.459,0.000,1227.920,7.000,13.000,0.0196000,0.0502476,0.8101548,39.209,15.306,31.300,26.371,-1.202,-3.128,-4.000,-5.603,3.158,-3.724,0.980,-6.713,9.027,0.898,10,-0.791,1,2.928,0.000,0.000,207.258,11,2,22,0,22,5,32,2,0.000
"Procyanidin B2",7,0,0,0,0,10,0,-2,578.528,3.624,737.162,89.483,360.004,287.675,0.000,1487.421,10.000,10.900,0.0088288,0.0467588,0.8548526,49.699,18.712,38.402,29.075,0.611,-3.509,-7.233,-5.253,3.819,-3.324,1.204,-6.181,8.710,0.003,14,-0.225,1,2.065,0.000,0.000,223.603,12,3,32,0,32,6,42,2,0.000
"Procyanidin B2",7,0,0,0,0,10,0,-2,578.528,3.624,737.162,89.483,360.004,287.675,0.000,1487.421,10.000,10.900,0.0088284,0.0467588,0.8548526,49.699,18.712,38.402,29.075,0.611,-3.509,-7.233,-5.253,3.819,-3.324,1.204,-6.181,8.710,0.003,14,-0.225,1,2.065,0.000,0.000,223.603,12,3,32,0,32,6,42,2,0.000
"Procyanidin B2",7,0,0,0,0,10,0,-2,578.528,3.624,737.162,89.483,360.004,287.675,0.000,1487.421,10.000,10.900,0.0088288,0.0467588,0.8548526,49.699,18.712,38.402,29.075,0.611,-3.509,-7.233,-5.253,3.819,-3.324,1.204,-6.181,8.710,0.003,14,-0.225,1,2.065,0.000,0.000,223.603,12,3,32,0,32,6,42,2,0.000
"Procyanidin B2",7,0,0,0,0,10,0,-2,578.528,3.624,737.162,89.483,360.004,287.675,0.000,1487.421,10.000,10.900,0.0088284,0.0467588,0.8548526,49.699,18.712,38.402,29.075,0.611,-3.509,-7.233,-5.253,3.819,-3.324,1.204,-6.181,8.710,0.003,14,-0.225,1,2.065,0.000,0.000,223.603,12,3,32,0,32,6,42,2,0.000
"Procyanidin B2",7,0,0,0,0,10,0,-2,578.528,3.624,737.162,89.483,360.004,287.675,0.000,1487.421,10.000,10.900,0.0088284,0.0467588,0.8548526,49.699,18.712,38.402,29.075,0.611,-3.509,-7.233,-5.253,3.819,-3.324,1.204,-6.181,8.710,0.003,14,-0.225,1,2.065,0.000,0.000,223.603,12,3,32,0,32,6,42,2,0.000
"Procyanidin B2",7,0,0,0,0,10,0,-2,578.528,3.624,737.162,89.483,360.004,287.675,0.000,1487.421,10.000,10.900,0.0088284,0.0467588,0.8548526,49.699,18.712,38.402,29.075,0.611,-3.509,-7.233,-5.253,3.819,-3.324,1.204,-6.181,8.710,0.003,14,-0.225,1,2.065,0.000,0.000,223.603,12,3,32,0,32,6,42,2,0.000
"Spinosin",8,0,0,0,0,14,1,-2,608.552,5.537,811.174,252.994,360.314,197.865,0.000,1590.669,8.000,20.750,0.0192769,0.0723518,0.8124021,50.405,18.655,40.779,34.535,-1.884,-2.465,-4.121,-5.511,3.794,-3.920,1.196,-6.119,8.864,0.863,12,-1.249,1,0.000,0.000,0.000,245.115,15,3,28,0,28,10,43,2,0.002
"Isovitexin",2,0,0,0,0,8,0,-2,432.383,10.637,674.256,106.336,322.150,245.770,0.000,1207.508,6.000,12.250,0.0937106,0.0445028,0.8133303,39.381,14.810,30.385,24.294,-0.560,-3.317,-4.035,-5.725,8.729,-3.165,2.943,-5.823,9.137,0.840,9,-0.672,2,27.549,0.000,0.000,185.794,10,1,22,0,22,5,31,2,0.000
"Isovitexin",2,0,0,0,0,8,0,-2,432.383,10.638,674.256,106.336,322.150,245.770,0.000,1207.508,6.000,12.250,0.0937179,0.0445028,0.8133303,39.381,14.810,30.385,24.294,-0.560,-3.317,-4.035,-5.725,8.729,-3.165,2.943,-5.823,9.137,0.840,9,-0.672,2,27.549,0.000,0.000,185.794,10,1,22,0,22,5,31,2,0.000
"Scutellarin",3,0,0,1,0,9,1,-2,462.366,5.840,699.522,64.506,407.382,227.634,0.000,1256.688,5.000,12.300,0.0271359,0.0393178,0.8050980,40.534,15.532,28.790,23.175,-0.289,-3.490,-4.611,-3.964,0.344,-4.169,0.113,-7.362,8.987,0.860,7,-0.786,1,0.000,0.000,0.000,224.611,12,2,22,0,22,5,33,2,0.000
"Isobavachin",0,0,0,0,0,4,0,-2,324.376,3.277,591.637,222.793,149.652,219.191,0.000,1067.067,2.000,4.250,0.0100645,0.0101589,0.8535668,36.075,11.207,17.288,9.885,3.259,-4.765,-4.862,-4.947,377.353,-1.047,172.530,-3.121,9.209,0.491,7,0.480,3,92.145,0.000,0.000,76.946,4,0,16,0,16,2,24,1,0.004
"Narirutin",7,0,0,0,0,13,2,-2,580.541,5.076,853.255,286.805,370.326,196.125,0.000,1589.532,7.000,19.300,0.0162107,0.0598450,0.7719678,50.985,18.744,38.572,32.020,-1.512,-3.335,-4.067,-6.157,3.049,-4.363,0.944,-6.406,9.212,0.489,10,-1.180,1,0.000,0.000,0.000,232.319,14,3,28,0,28,12,41,2,0.000
"Schaftoside",8,0,0,0,0,11,0,-2,564.499,5.508,787.251,202.967,400.061,184.223,0.000,1490.445,9.000,19.050,0.0203517,0.0725943,0.8015466,48.190,18.241,40.733,35.107,-2.291,-3.012,-3.885,-5.622,1.593,-4.251,0.468,-7.188,9.337,1.149,14,-1.132,1,0.000,0.000,0.000,250.216,14,3,28,0,28,10,40,2,0.000
"Schaftoside",8,0,0,0,0,11,0,-2,564.499,5.507,787.251,202.967,400.061,184.223,0.000,1490.445,9.000,19.050,0.0203512,0.0725943,0.8015466,48.190,18.241,40.733,35.107,-2.291,-3.012,-3.885,-5.622,1.593,-4.251,0.468,-7.188,9.337,1.149,14,-1.132,1,0.000,0.000,0.000,250.216,14,3,28,0,28,10,40,2,0.000
"(-)-Epiafzelechin",0,0,0,0,0,4,0,-2,274.273,1.251,498.549,64.245,191.134,243.170,0.000,851.534,4.000,4.700,0.0018375,0.0188547,0.8714831,27.678,10.117,17.628,13.479,1.160,-2.831,-3.499,-4.771,152.537,-1.355,64.815,-3.801,8.802,0.013,6,-0.259,3,72.818,0.000,0.000,94.032,5,0,16,0,16,3,20,0,0.064
"Xanthohumol",0,0,0,0,0,10,1,-2,354.402,6.960,690.513,297.048,166.542,226.924,0.000,1197.744,2.000,4.000,0.0404444,0.0081922,0.7898944,37.526,12.614,17.764,8.721,4.038,-5.596,-5.443,-6.014,260.965,-1.819,115.809,-2.829,8.795,0.509,7,0.586,3,93.840,0.000,0.000,93.170,5,0,12,0,12,0,26,1,0.001
"Xanthohumol",0,0,0,0,0,10,1,-2,354.402,6.960,690.513,297.048,166.542,226.924,0.000,1197.744,2.000,4.000,0.0404412,0.0081922,0.7898944,37.526,12.614,17.764,8.721,4.038,-5.596,-5.443,-6.014,260.965,-1.819,115.809,-2.829,8.795,0.509,7,0.586,3,93.840,0.000,0.000,93.170,5,0,12,0,12,0,26,1,0.001
"Xanthohumol",0,0,0,0,0,10,1,-2,354.402,6.960,690.513,297.048,166.542,226.924,0.000,1197.744,2.000,4.000,0.0404427,0.0081922,0.7898944,37.526,12.614,17.764,8.721,4.038,-5.596,-5.443,-6.014,260.965,-1.819,115.809,-2.829,8.795,0.509,7,0.586,3,93.840,0.000,0.000,93.170,5,0,12,0,12,0,26,1,0.001
"Ginkgetin",4,0,0,0,0,7,0,-2,566.520,0.646,860.908,174.071,284.791,402.046,0.000,1591.835,2.000,7.500,0.0002623,0.0123202,0.7658439,56.896,18.528,26.861,15.236,4.474,-7.893,-9.591,-7.238,19.735,-3.096,7.107,-4.680,8.930,0.792,6,1.100,1,63.366,0.000,0.000,166.203,10,1,32,0,32,0,42,2,0.000
"Ginkgetin",4,0,0,0,0,7,0,-2,566.520,0.646,860.908,174.071,284.791,402.046,0.000,1591.835,2.000,7.500,0.0002623,0.0123202,0.7658439,56.896,18.528,26.861,15.236,4.474,-7.893,-9.591,-7.238,19.735,-3.096,7.107,-4.680,8.930,0.792,6,1.100,1,63.366,0.000,0.000,166.203,10,1,32,0,32,0,42,2,0.000
"Eupatilin",0,0,0,0,0,5,0,-1,344.320,5.352,580.926,267.818,129.055,184.053,0.000,1020.006,1.000,5.250,0.0280787,0.0090373,0.8435541,33.214,10.114,15.378,8.780,2.809,-4.152,-5.077,-4.941,591.661,-0.947,280.536,-2.770,8.844,0.842,5,0.170,3,93.009,0.000,0.000,98.732,7,0,16,0,16,0,25,0,0.040
"Eupatilin",0,0,0,0,0,5,0,-1,344.320,5.352,580.926,267.818,129.055,184.053,0.000,1020.006,1.000,5.250,0.0280777,0.0090373,0.8435541,33.214,10.114,15.378,8.780,2.809,-4.152,-5.077,-4.941,591.661,-0.947,280.536,-2.770,8.844,0.842,5,0.170,3,93.009,0.000,0.000,98.732,7,0,16,0,16,0,25,0,0.040
"Isoquercitrin",4,0,0,0,0,11,1,-2,464.382,9.237,662.616,92.299,381.997,188.319,0.000,1230.155,7.000,13.750,0.0693562,0.0549022,0.8379341,37.812,15.252,31.976,26.562,-1.463,-2.460,-4.032,-5.052,2.363,-3.727,0.717,-6.840,8.875,0.632,8,-0.868,1,0.000,0.000,0.000,219.830,12,2,22,0,22,5,33,2,0.000
"Isoquercitrin",4,0,0,0,0,11,1,-2,464.382,9.237,662.616,92.299,381.997,188.319,0.000,1230.155,7.000,13.750,0.0693555,0.0549022,0.8379341,37.812,15.252,31.976,26.562,-1.463,-2.460,-4.032,-5.052,2.363,-3.727,0.717,-6.840,8.875,0.632,8,-0.868,1,0.000,0.000,0.000,219.830,12,2,22,0,22,5,33,2,0.000
"Amentoflavone",4,0,0,0,0,7,0,-2,538.466,1.073,812.498,0.000,378.184,434.314,0.000,1482.148,4.000,7.500,0.0007771,0.0184616,0.7737551,52.815,18.797,28.866,18.903,2.823,-6.786,-8.807,-7.264,2.568,-4.070,0.784,-6.287,8.972,0.805,6,0.679,1,24.886,0.000,0.000,194.620,10,2,32,0,32,0,40,2,0.000
"Amentoflavone",4,0,0,0,0,7,0,-2,538.466,1.073,812.498,0.000,378.184,434.314,0.000,1482.148,4.000,7.500,0.0007771,0.0184616,0.7737551,52.815,18.797,28.866,18.903,2.823,-6.786,-8.807,-7.264,2.568,-4.070,0.784,-6.287,8.972,0.805,6,0.679,1,24.886,0.000,0.000,194.620,10,2,32,0,32,0,40,2,0.000
"Amentoflavone",4,0,0,0,0,7,0,-2,538.466,1.073,812.498,0.000,378.184,434.314,0.000,1482.148,4.000,7.500,0.0007771,0.0184616,0.7737551,52.815,18.797,28.866,18.903,2.823,-6.786,-8.807,-7.264,2.568,-4.070,0.784,-6.287,8.972,0.805,6,0.679,1,24.886,0.000,0.000,194.620,10,2,32,0,32,0,40,2,0.000
"Amentoflavone",4,0,0,0,0,7,0,-2,538.466,1.073,812.498,0.000,378.184,434.314,0.000,1482.148,4.000,7.500,0.0007771,0.0184616,0.7737551,52.815,18.797,28.866,18.903,2.823,-6.786,-8.807,-7.264,2.568,-4.070,0.784,-6.287,8.972,0.805,6,0.679,1,24.886,0.000,0.000,194.620,10,2,32,0,32,0,40,2,0.000
"Genkwanin",0,0,0,0,0,3,0,-1,284.268,5.776,516.355,92.740,148.634,274.982,0.000,872.870,1.000,3.750,0.0382204,0.0072624,0.8554277,29.478,9.491,13.714,8.340,2.479,-3.875,-4.447,-5.183,385.841,-0.971,176.728,-3.002,8.977,0.750,3,0.152,3,87.753,0.000,0.000,85.390,5,0,16,0,16,0,21,0,0.038
"Isorhamnetin",0,0,0,0,0,5,0,-2,316.267,5.072,545.889,92.665,238.196,215.028,0.000,923.899,3.000,5.250,0.0278451,0.0166577,0.8403820,29.663,10.602,17.599,12.578,1.208,-3.459,-4.401,-5.140,54.587,-1.986,21.345,-4.672,8.799,0.615,5,-0.149,3,65.111,0.000,0.000,128.558,7,0,16,0,16,0,23,0,0.002
"Isorhamnetin",0,0,0,0,0,5,0,-2,316.267,5.072,545.889,92.665,238.196,215.028,0.000,923.899,3.000,5.250,0.0278442,0.0166577,0.8403820,29.663,10.602,17.599,12.578,1.208,-3.459,-4.401,-5.140,54.587,-1.986,21.345,-4.672,8.799,0.615,5,-0.149,3,65.111,0.000,0.000,128.558,7,0,16,0,16,0,23,0,0.002
"Scutellarein",0,0,0,0,0,4,0,-2,286.240,8.322,500.597,0.000,240.989,259.608,0.000,839.752,3.000,4.500,0.0824617,0.0155699,0.8598928,27.364,10.177,17.300,12.273,1.009,-3.048,-4.073,-5.037,51.358,-1.850,19.983,-4.662,8.832,0.806,4,-0.197,3,63.471,0.000,0.000,119.490,6,0,16,0,16,0,21,0,0.006
"Scutellarein",0,0,0,0,0,4,0,-2,286.240,8.322,500.597,0.000,240.989,259.608,0.000,839.752,3.000,4.500,0.0824636,0.0155699,0.8598928,27.364,10.177,17.300,12.273,1.009,-3.048,-4.073,-5.037,51.358,-1.850,19.983,-4.662,8.832,0.806,4,-0.197,3,63.471,0.000,0.000,119.490,6,0,16,0,16,0,21,0,0.006
"Scutellarein",0,0,0,0,0,4,0,-2,286.240,8.322,500.597,0.000,240.989,259.608,0.000,839.752,3.000,4.500,0.0824635,0.0155699,0.8598928,27.364,10.177,17.300,12.273,1.009,-3.048,-4.073,-5.037,51.358,-1.850,19.983,-4.662,8.832,0.806,4,-0.197,3,63.471,0.000,0.000,119.490,6,0,16,0,16,0,21,0,0.006
"Tectoridin",1,0,0,0,0,11,1,-2,462.409,5.310,707.667,185.979,294.783,226.905,0.000,1285.155,5.000,13.000,0.0219388,0.0410770,0.8078044,40.382,14.995,28.437,22.672,-0.103,-3.128,-4.370,-5.724,15.866,-3.111,5.614,-5.097,8.740,0.534,7,-0.738,2,21.909,0.000,0.000,182.603,11,2,22,0,22,5,33,2,0.003
"Tectorigenin",0,0,0,0,0,5,0,-2,300.267,5.465,509.173,84.082,167.258,257.834,0.000,875.881,2.000,4.500,0.0341039,0.0124986,0.8694869,28.151,9.828,15.092,10.095,1.917,-3.142,-4.429,-4.873,256.917,-1.213,113.869,-3.214,8.775,0.542,4,-0.083,3,81.300,0.000,0.000,104.383,6,0,16,0,16,0,22,0,0.132
"Tectorigenin",0,0,0,0,0,5,0,-2,300.267,5.465,509.173,84.082,167.258,257.834,0.000,875.881,2.000,4.500,0.0341042,0.0124986,0.8694869,28.151,9.828,15.092,10.095,1.917,-3.142,-4.429,-4.873,256.917,-1.213,113.869,-3.214,8.775,0.542,4,-0.083,3,81.300,0.000,0.000,104.383,6,0,16,0,16,0,22,0,0.132
"Rhoifolin",6,0,0,0,0,13,2,-2,578.526,9.818,862.009,221.530,384.694,255.785,0.000,1586.966,7.000,19.050,0.0607379,0.0584698,0.7633050,51.452,19.314,39.330,32.299,-1.497,-3.495,-4.249,-6.582,2.228,-4.622,0.672,-6.460,9.049,0.754,8,-1.180,1,0.000,0.000,0.000,232.757,14,3,28,0,28,10,41,2,0.000
"Isoliquiritin",1,0,0,0,0,13,2,-2,418.399,9.652,715.330,132.728,309.990,272.612,0.000,1254.800,5.000,11.750,0.0742471,0.0367296,0.7865172,38.319,15.192,27.737,21.432,0.063,-3.167,-3.774,-6.286,11.383,-3.561,3.921,-5.024,8.889,0.652,6,-0.765,2,33.259,0.000,0.000,170.289,9,1,18,0,18,5,30,1,0.003
"Isoliquiritin",1,0,0,0,0,13,2,-2,418.399,9.652,715.330,132.728,309.990,272.612,0.000,1254.800,5.000,11.750,0.0742471,0.0367296,0.7865172,38.319,15.192,27.737,21.432,0.063,-3.167,-3.774,-6.286,11.383,-3.561,3.921,-5.024,8.889,0.652,6,-0.765,2,33.259,0.000,0.000,170.289,9,1,18,0,18,5,30,1,0.003
"Isoliquiritin",1,0,0,0,0,13,2,-2,418.399,9.652,715.330,132.728,309.990,272.612,0.000,1254.800,5.000,11.750,0.0742492,0.0367296,0.7865172,38.319,15.192,27.737,21.432,0.063,-3.167,-3.774,-6.286,11.383,-3.561,3.921,-5.024,8.889,0.652,6,-0.765,2,33.259,0.000,0.000,170.289,9,1,18,0,18,5,30,1,0.003
"Isorhamnetin-3-O-glucoside",3,0,0,0,0,11,1,-2,478.409,8.962,673.922,151.997,348.136,173.789,0.000,1270.033,6.000,13.750,0.0632408,0.0499768,0.8415866,39.269,15.044,30.787,24.796,-0.904,-2.584,-4.341,-4.924,4.949,-3.376,1.594,-6.267,8.699,0.659,8,-0.781,1,8.167,0.000,0.000,204.351,12,2,22,0,22,5,34,2,0.001
"Isorhamnetin-3-O-glucoside",3,0,0,0,0,11,1,-2,478.409,8.962,673.922,151.997,348.136,173.789,0.000,1270.033,6.000,13.750,0.0632414,0.0499768,0.8415866,39.269,15.044,30.787,24.796,-0.904,-2.584,-4.341,-4.924,4.949,-3.376,1.594,-6.267,8.699,0.659,8,-0.781,1,8.167,0.000,0.000,204.351,12,2,22,0,22,5,34,2,0.001
"Icaritin",0,0,0,0,0,6,0,-2,368.385,5.518,611.489,260.948,170.926,179.615,0.000,1116.708,2.000,4.500,0.0272624,0.0104073,0.8512742,36.399,11.536,17.756,9.613,3.278,-4.709,-5.780,-4.795,237.145,-1.371,104.427,-3.461,8.565,0.652,7,0.483,3,88.648,0.000,0.000,100.651,6,0,16,0,16,0,27,1,0.002
"Icaritin",0,0,0,0,0,6,0,-2,368.385,5.518,611.489,260.948,170.926,179.615,0.000,1116.708,2.000,4.500,0.0272624,0.0104073,0.8512742,36.399,11.536,17.756,9.613,3.278,-4.709,-5.780,-4.795,237.145,-1.371,104.427,-3.461,8.565,0.652,7,0.483,3,88.648,0.000,0.000,100.651,6,0,16,0,16,0,27,1,0.002
"Neobavaisoflavone",0,0,0,0,0,5,0,-2,322.360,2.880,613.149,197.273,134.329,281.547,0.000,1059.616,2.000,4.000,0.0078293,0.0092259,0.8197814,35.730,11.407,16.871,9.790,3.469,-5.047,-5.041,-5.791,527.299,-1.070,247.700,-2.523,8.764,0.596,5,0.442,3,95.980,0.000,0.000,77.414,4,0,16,0,16,0,24,0,0.009
"Neobavaisoflavone",0,0,0,0,0,5,0,-2,322.360,2.880,613.149,197.273,134.329,281.547,0.000,1059.616,2.000,4.000,0.0078293,0.0092259,0.8197814,35.730,11.407,16.871,9.790,3.469,-5.047,-5.041,-5.791,527.299,-1.070,247.700,-2.523,8.764,0.596,5,0.442,3,95.980,0.000,0.000,77.414,4,0,16,0,16,0,24,0,0.009
"Jaceosidin",0,0,0,0,0,5,0,-2,330.293,4.890,557.960,175.124,183.050,199.785,0.000,968.057,2.000,5.250,0.0247025,0.0133067,0.8481964,31.285,10.342,16.406,10.663,2.011,-3.755,-4.751,-4.941,181.984,-1.434,78.439,-3.709,8.886,0.861,5,0.019,3,79.173,0.000,0.000,112.961,7,0,16,0,16,0,24,0,0.011
"Jaceosidin",0,0,0,0,0,5,0,-2,330.293,4.890,557.960,175.124,183.050,199.785,0.000,968.057,2.000,5.250,0.0247021,0.0133067,0.8481964,31.285,10.342,16.406,10.663,2.011,-3.755,-4.751,-4.941,181.984,-1.434,78.439,-3.709,8.886,0.861,5,0.019,3,79.173,0.000,0.000,112.961,7,0,16,0,16,0,24,0,0.011
"Velutin",0,0,0,0,0,4,0,-2,314.294,3.672,554.160,183.748,147.977,222.436,0.000,951.483,1.000,4.500,0.0141686,0.0081204,0.8442357,31.480,9.851,14.350,8.587,2.624,-4.069,-4.765,-5.113,391.415,-1.062,179.490,-3.079,8.817,0.778,4,0.174,3,88.711,0.000,0.000,92.707,6,0,16,0,16,0,23,0,0.020
"Narcissin",8,0,0,0,0,15,2,-2,624.551,4.404,769.834,262.043,371.307,136.484,0.000,1579.716,8.000,20.550,0.0122766,0.0755023,0.8520942,48.738,18.046,40.095,33.675,-1.867,-1.938,-4.470,-4.576,2.984,-3.750,0.922,-6.442,8.863,0.757,10,-1.133,1,0.000,0.000,0.000,258.172,16,3,28,0,28,10,44,2,0.003
"Narcissin",8,0,0,0,0,15,2,-2,624.551,4.404,769.834,262.043,371.307,136.484,0.000,1579.717,8.000,20.550,0.0122768,0.0755022,0.8520940,48.738,18.046,40.095,33.675,-1.867,-1.938,-4.470,-4.576,2.984,-3.750,0.922,-6.442,8.863,0.757,10,-1.133,1,0.000,0.000,0.000,258.173,16,3,28,0,28,10,44,2,0.003
"Norartocarpetin",0,0,0,0,0,4,0,-2,286.240,4.621,507.770,0.000,246.731,261.038,0.000,847.269,3.000,4.500,0.0252042,0.0153499,0.8527975,27.678,10.267,16.637,12.339,1.010,-3.162,-4.073,-5.159,45.305,-1.939,17.450,-4.763,9.153,0.286,4,-0.185,3,62.504,0.000,0.000,122.660,6,0,16,0,16,0,21,0,0.003
"Norartocarpetin",0,0,0,0,0,4,0,-2,286.240,4.621,507.770,0.000,246.731,261.038,0.000,847.269,3.000,4.500,0.0252036,0.0153499,0.8527975,27.678,10.267,16.637,12.339,1.010,-3.162,-4.073,-5.159,45.305,-1.939,17.450,-4.763,9.153,0.286,4,-0.185,3,62.504,0.000,0.000,122.660,6,0,16,0,16,0,21,0,0.003
"IKarisoside A",1,0,0,0,0,10,1,-2,500.501,5.212,723.308,276.635,297.793,148.881,0.000,1399.872,5.000,11.300,0.0194069,0.0349333,0.8366948,44.870,15.443,29.148,20.746,1.088,-3.863,-5.664,-4.884,14.857,-2.875,5.229,-5.523,8.965,0.732,9,-0.174,2,28.375,0.000,0.000,170.554,10,2,22,0,22,5,36,2,0.000
"IKarisoside A",1,0,0,0,0,10,1,-2,500.501,5.212,723.302,276.629,297.793,148.880,0.000,1399.867,5.000,11.300,0.0194058,0.0349336,0.8367004,44.869,15.443,29.148,20.746,1.088,-3.863,-5.664,-4.884,14.857,-2.875,5.229,-5.523,8.965,0.732,9,-0.174,2,28.375,0.000,0.000,170.554,10,2,22,0,22,5,36,2,0.000
"Diosmetin-7-O-β-D-glucopyranoside",1,0,0,0,0,10,1,-2,462.409,4.022,729.779,208.511,312.265,209.003,0.000,1303.335,5.000,13.000,0.0124086,0.0398325,0.7906988,41.580,15.210,28.747,22.943,-0.182,-3.585,-4.370,-5.915,10.832,-3.369,3.716,-5.578,8.814,0.807,7,-0.697,2,18.482,0.000,0.000,185.498,11,2,22,0,22,5,33,2,0.000
"Procyanidin B1",7,0,0,0,0,10,0,-2,578.528,7.626,744.379,77.610,409.928,256.840,0.000,1492.782,10.000,10.900,0.0389599,0.0463055,0.8485979,49.619,18.905,38.961,29.223,0.244,-3.601,-7.233,-5.207,1.284,-3.834,0.371,-7.210,8.610,0.037,14,-0.229,1,0.000,0.000,0.000,224.852,12,3,32,0,32,6,42,2,0.000
"Procyanidin B1",7,0,0,0,0,10,0,-2,578.528,7.626,744.379,77.610,409.928,256.840,0.000,1492.782,10.000,10.900,0.0389591,0.0463055,0.8485979,49.619,18.905,38.961,29.223,0.244,-3.601,-7.233,-5.207,1.284,-3.834,0.371,-7.210,8.610,0.037,14,-0.229,1,0.000,0.000,0.000,224.852,12,3,32,0,32,6,42,2,0.000
"Procyanidin B1",7,0,0,0,0,10,0,-2,578.528,7.626,744.379,77.610,409.928,256.840,0.000,1492.782,10.000,10.900,0.0389599,0.0463055,0.8485979,49.619,18.905,38.961,29.223,0.244,-3.601,-7.233,-5.207,1.284,-3.834,0.371,-7.210,8.610,0.037,14,-0.229,1,0.000,0.000,0.000,224.852,12,3,32,0,32,6,42,2,0.000
"Procyanidin B1",7,0,0,0,0,10,0,-2,578.528,7.626,744.379,77.610,409.928,256.840,0.000,1492.782,10.000,10.900,0.0389605,0.0463055,0.8485979,49.619,18.905,38.961,29.223,0.244,-3.601,-7.233,-5.207,1.284,-3.834,0.371,-7.210,8.610,0.037,14,-0.229,1,0.000,0.000,0.000,224.852,12,3,32,0,32,6,42,2,0.000
"Procyanidin B1",7,0,0,0,0,10,0,-2,578.528,7.626,744.379,77.610,409.928,256.840,0.000,1492.782,10.000,10.900,0.0389605,0.0463055,0.8485979,49.619,18.905,38.961,29.223,0.244,-3.601,-7.233,-5.207,1.284,-3.834,0.371,-7.210,8.610,0.037,14,-0.229,1,0.000,0.000,0.000,224.852,12,3,32,0,32,6,42,2,0.000
"Procyanidin B1",7,0,0,0,0,10,0,-2,578.528,7.626,744.379,77.610,409.928,256.840,0.000,1492.782,10.000,10.900,0.0389605,0.0463055,0.8485979,49.619,18.905,38.961,29.223,0.244,-3.601,-7.233,-5.207,1.284,-3.834,0.371,-7.210,8.610,0.037,14,-0.229,1,0.000,0.000,0.000,224.852,12,3,32,0,32,6,42,2,0.000
"Isorhamnetin-3-O-neohespeidoside",8,0,0,0,0,15,2,-2,624.551,11.887,802.484,268.994,378.199,155.291,0.000,1598.677,8.000,20.550,0.0883848,0.0724303,0.8239532,49.677,18.492,41.410,33.929,-1.905,-2.250,-4.470,-5.121,2.567,-4.054,0.784,-6.503,8.816,0.730,10,-1.212,1,0.000,0.000,0.000,252.718,16,3,28,0,28,10,44,2,0.001
"Isorhamnetin-3-O-neohespeidoside",8,0,0,0,0,15,2,-2,624.551,11.887,802.484,268.994,378.199,155.291,0.000,1598.677,8.000,20.550,0.0883862,0.0724303,0.8239532,49.677,18.492,41.410,33.929,-1.905,-2.250,-4.470,-5.121,2.567,-4.054,0.784,-6.503,8.816,0.730,10,-1.212,1,0.000,0.000,0.000,252.718,16,3,28,0,28,10,44,2,0.001
"Sagittatoside A",7,0,0,0,0,16,2,-2,676.670,8.985,919.344,473.853,299.497,145.993,0.000,1834.642,7.000,19.800,0.0440015,0.0569818,0.7883542,58.389,19.899,41.483,31.187,0.148,-3.551,-5.747,-5.653,14.314,-3.614,5.023,-4.989,9.084,0.889,12,-0.854,1,9.624,0.000,0.000,233.459,15,3,28,0,28,10,48,2,0.002
"Sagittatoside A",7,0,0,0,0,16,2,-2,676.670,8.987,919.314,473.851,299.491,145.972,0.000,1834.594,7.000,19.800,0.0440200,0.0569837,0.7883658,58.387,19.898,41.482,31.187,0.148,-3.551,-5.747,-5.653,14.316,-3.613,5.024,-4.989,9.084,0.889,12,-0.854,1,9.624,0.000,0.000,233.444,15,3,28,0,28,10,48,2,0.002
"Isosilybin",0,0,0,0,0,7,0,-2,482.443,5.697,752.305,171.035,284.676,296.594,0.000,1357.263,4.000,9.650,0.0239145,0.0256545,0.7880383,46.501,15.925,27.476,19.303,1.766,-5.239,-6.299,-6.376,19.784,-2.915,7.126,-5.049,8.976,0.516,8,0.053,2,60.486,0.000,0.000,165.018,10,0,26,0,26,4,35,2,0.000
"Isosilybin",0,0,0,0,0,7,0,-2,482.443,5.697,752.305,171.035,284.676,296.594,0.000,1357.263,4.000,9.650,0.0239165,0.0256545,0.7880383,46.501,15.925,27.476,19.303,1.766,-5.239,-6.299,-6.376,19.784,-2.915,7.126,-5.049,8.976,0.516,8,0.053,2,60.486,0.000,0.000,165.018,10,0,26,0,26,4,35,2,0.000
"Corylifol A",1,0,0,0,0,8,0,-2,390.478,4.750,750.453,328.359,131.618,290.476,0.000,1329.516,2.000,4.000,0.0169718,0.0075379,0.7791789,44.690,14.123,19.934,9.501,5.185,-6.992,-6.412,-6.490,559.456,-1.364,264.067,-2.154,8.771,0.628,8,1.025,1,93.524,0.000,0.000,77.195,4,1,16,0,16,0,29,2,0.000
"Corylifol A",1,0,0,0,0,8,0,-2,390.478,4.750,750.453,328.359,131.618,290.476,0.000,1329.516,2.000,4.000,0.0169718,0.0075379,0.7791789,44.690,14.123,19.934,9.501,5.185,-6.992,-6.412,-6.490,559.456,-1.364,264.067,-2.154,8.771,0.628,8,1.025,1,93.524,0.000,0.000,77.195,4,1,16,0,16,0,29,2,0.000
"Typhaneoside",13,0,0,0,0,19,3,-2,770.694,7.598,1005.220,378.768,461.929,164.523,0.000,1991.258,10.000,27.350,0.0289878,0.0860392,0.7614748,62.907,23.498,51.944,43.794,-3.220,-2.437,-4.513,-6.176,0.413,-5.893,0.109,-7.629,8.873,1.047,12,-1.840,1,0.000,0.000,0.000,306.634,20,3,34,0,34,15,54,2,0.000
"Typhaneoside",13,0,0,0,0,19,3,-2,770.694,7.598,1005.220,378.768,461.929,164.523,0.000,1991.258,10.000,27.350,0.0289892,0.0860392,0.7614748,62.907,23.498,51.944,43.794,-3.220,-2.437,-4.513,-6.176,0.413,-5.893,0.109,-7.629,8.873,1.047,12,-1.840,1,0.000,0.000,0.000,306.634,20,3,34,0,34,15,54,2,0.000
"6''-O-Acetylglycitin",0,0,0,0,0,10,2,-2,488.447,6.565,763.623,260.949,277.634,225.041,0.000,1401.381,4.000,13.550,0.0307539,0.0354887,0.7930914,45.657,15.760,29.167,21.975,0.556,-3.906,-4.693,-5.953,23.073,-2.982,8.415,-4.883,8.988,0.758,5,-0.563,2,41.637,0.000,0.000,181.128,11,1,22,0,22,5,35,0,0.001
"Wushanicaritin",0,0,0,0,0,8,0,-2,386.401,5.156,645.049,265.854,186.391,192.804,0.000,1171.144,3.000,5.250,0.0227007,0.0140970,0.8330011,37.420,12.451,19.891,11.651,3.040,-4.594,-5.762,-5.154,169.181,-1.709,72.492,-3.507,8.491,0.593,6,0.331,3,84.630,0.000,0.000,120.701,7,0,16,0,16,0,28,0,0.003
"Wushanicaritin",0,0,0,0,0,8,0,-2,386.401,5.156,645.049,265.854,186.391,192.804,0.000,1171.144,3.000,5.250,0.0226992,0.0140970,0.8330011,37.420,12.451,19.891,11.651,3.040,-4.594,-5.762,-5.154,169.181,-1.709,72.492,-3.507,8.491,0.593,6,0.331,3,84.630,0.000,0.000,120.701,7,0,16,0,16,0,28,0,0.003
"Vitexin 4'-glucoside",9,0,0,0,0,14,1,-2,594.525,6.050,861.755,199.010,460.150,202.595,0.000,1607.079,9.000,20.750,0.0227773,0.0722363,0.7699679,51.107,20.053,42.814,36.833,-2.768,-3.010,-3.819,-6.220,0.429,-5.455,0.113,-7.942,9.177,1.078,12,-1.391,1,0.000,0.000,0.000,264.181,15,3,28,0,28,10,42,2,0.000
"Vitexin 4'-glucoside",9,0,0,0,0,14,1,-2,594.525,6.050,861.755,199.010,460.150,202.595,0.000,1607.079,9.000,20.750,0.0227774,0.0722363,0.7699679,51.107,20.053,42.814,36.833,-2.768,-3.010,-3.819,-6.220,0.429,-5.455,0.113,-7.942,9.177,1.078,12,-1.391,1,0.000,0.000,0.000,264.181,15,3,28,0,28,10,42,2,0.000
"Vicenin 3",8,0,0,0,0,11,0,-2,564.499,5.337,783.008,167.537,442.795,172.677,0.000,1484.654,9.000,19.050,0.0191842,0.0729877,0.8038017,47.848,18.398,40.799,35.309,-2.620,-2.971,-3.885,-5.530,0.626,-4.669,0.171,-8.016,9.322,1.144,14,-1.132,1,0.000,0.000,0.000,251.224,14,3,28,0,28,10,40,2,0.000
"Vicenin 3",8,0,0,0,0,11,0,-2,564.499,5.337,783.008,167.537,442.795,172.677,0.000,1484.654,9.000,19.050,0.0191867,0.0729877,0.8038017,47.848,18.398,40.799,35.309,-2.620,-2.971,-3.885,-5.530,0.626,-4.669,0.171,-8.016,9.322,1.144,14,-1.132,1,0.000,0.000,0.000,251.224,14,3,28,0,28,10,40,2,0.000
"Trilobatin",1,0,0,0,0,14,1,-2,436.415,3.388,593.993,168.220,286.445,139.328,0.000,1164.576,5.000,11.500,0.0098566,0.0432914,0.9012168,32.794,13.306,24.826,19.607,-0.106,-1.492,-4.177,-3.795,19.035,-2.632,6.835,-4.964,9.045,0.152,9,-0.718,2,36.267,0.000,0.000,184.779,10,1,18,0,18,5,31,2,0.153
"Trilobatin",1,0,0,0,0,14,1,-2,436.415,3.373,596.704,168.099,286.429,142.177,0.000,1166.357,5.000,11.500,0.0097542,0.0430947,0.8980356,32.892,13.331,24.854,19.633,-0.100,-1.524,-4.177,-3.860,19.041,-2.648,6.838,-4.953,9.046,0.153,9,-0.721,2,36.307,0.000,0.000,184.765,10,1,18,0,18,5,31,2,0.145
"Sakuranetin",0,0,0,0,0,3,0,-1,286.284,4.408,525.836,141.507,143.681,240.647,0.000,892.385,1.000,4.000,0.0217713,0.0076069,0.8524781,29.931,9.395,13.697,8.342,2.494,-3.958,-4.264,-5.067,429.906,-0.935,198.642,-3.032,9.195,0.416,5,0.156,3,88.681,0.000,0.000,86.003,5,0,16,0,16,2,21,0,0.029
"Quercetin 3-gentiobioside",11,0,0,0,0,17,2,-2,626.524,16.232,763.218,158.186,475.397,129.634,0.000,1557.303,10.000,22.250,0.1691944,0.0921895,0.8513308,46.492,19.003,45.708,38.483,-3.429,-1.462,-3.783,-4.556,0.307,-4.834,0.079,-8.192,8.697,0.545,11,-1.384,1,0.000,0.000,0.000,295.124,17,3,28,0,28,10,44,2,0.000
"Quercetin 3-gentiobioside",11,0,0,0,0,17,2,-2,626.524,16.232,763.218,158.186,475.397,129.634,0.000,1557.303,10.000,22.250,0.1691939,0.0921895,0.8513308,46.492,19.003,45.708,38.483,-3.429,-1.462,-3.783,-4.556,0.307,-4.834,0.079,-8.192,8.697,0.545,11,-1.384,1,0.000,0.000,0.000,295.124,17,3,28,0,28,10,44,2,0.000
"Prunetin",0,0,0,0,0,4,0,-1,284.268,4.558,510.122,92.741,133.178,284.203,0.000,866.370,1.000,3.750,0.0239752,0.0073512,0.8615748,28.664,9.412,13.155,8.062,2.558,-3.603,-4.447,-5.127,540.716,-0.874,254.519,-2.589,8.971,0.418,3,0.094,3,90.840,0.000,0.000,85.744,5,0,16,0,16,0,21,0,0.183
"Pinostrobin chalcone",0,0,0,0,0,7,1,-1,270.284,6.097,528.319,104.302,114.029,309.988,0.000,891.158,0.000,2.250,0.0417154,0.0000000,0.8476933,27.976,9.415,10.704,4.547,3.587,-3.911,-4.488,-5.475,821.418,-0.916,399.948,-1.857,9.074,0.595,3,0.306,3,100.000,0.000,0.000,72.344,4,0,12,0,12,0,20,0,0.461
"Pinostrobin chalcone",0,0,0,0,0,7,1,-1,270.284,6.097,528.319,104.302,114.029,309.988,0.000,891.158,0.000,2.250,0.0417156,0.0000000,0.8476933,27.976,9.415,10.704,4.547,3.587,-3.911,-4.488,-5.475,821.418,-0.916,399.948,-1.857,9.074,0.595,3,0.306,3,100.000,0.000,0.000,72.344,4,0,12,0,12,0,20,0,0.461
"Pinobanksin",0,0,0,0,0,3,0,-2,272.257,3.666,491.365,26.424,176.086,288.856,0.000,834.209,2.000,4.950,0.0161115,0.0142467,0.8721884,28.063,9.711,15.217,11.207,1.479,-3.069,-3.607,-4.978,211.874,-1.161,92.453,-3.459,9.369,0.546,5,-0.163,3,77.235,0.000,0.000,97.158,5,0,16,0,16,2,20,0,0.081
"Pinobanksin",0,0,0,0,0,3,0,-2,272.257,3.666,491.365,26.424,176.086,288.856,0.000,834.209,2.000,4.950,0.0161115,0.0142467,0.8721884,28.063,9.711,15.217,11.207,1.479,-3.069,-3.607,-4.978,211.874,-1.161,92.453,-3.459,9.369,0.546,5,-0.163,3,77.235,0.000,0.000,97.158,5,0,16,0,16,2,20,0,0.081
"Pachypodol",0,0,0,0,0,5,0,-2,344.320,5.671,579.780,249.340,138.593,191.847,0.000,1020.110,1.000,5.250,0.0315297,0.0090552,0.8452779,33.292,10.241,15.519,8.895,2.758,-4.129,-5.077,-4.950,480.421,-1.031,223.986,-2.918,8.809,0.693,5,0.171,3,91.091,0.000,0.000,99.878,7,0,16,0,16,0,25,0,0.030
"Ombuoside",8,0,0,0,0,15,2,-2,638.578,8.726,905.755,396.442,342.102,167.211,0.000,1728.914,7.000,20.550,0.0440381,0.0600275,0.7691363,55.003,19.618,40.821,32.548,-1.042,-3.368,-4.780,-6.065,5.646,-4.196,1.838,-5.795,9.077,0.879,10,-1.187,1,0.000,0.000,0.000,242.963,16,3,28,0,28,10,45,2,0.000
"Ombuin",0,0,0,0,0,5,0,-2,330.293,5.471,570.935,185.414,183.364,202.157,0.000,976.479,2.000,5.250,0.0306547,0.0130043,0.8337202,31.645,10.400,16.573,10.713,2.054,-3.970,-4.751,-5.187,180.743,-1.497,77.861,-3.707,8.785,0.600,5,0.031,3,79.367,0.000,0.000,114.290,7,0,16,0,16,0,24,0,0.007
"Ombuin",0,0,0,0,0,5,0,-2,330.293,5.471,570.935,185.414,183.364,202.157,0.000,976.479,2.000,5.250,0.0306556,0.0130043,0.8337202,31.645,10.400,16.573,10.713,2.054,-3.970,-4.751,-5.187,180.743,-1.497,77.861,-3.707,8.785,0.600,5,0.031,3,79.367,0.000,0.000,114.290,7,0,16,0,16,0,24,0,0.007
"Neoeriocitrin",10,0,0,0,0,14,2,-2,596.541,9.568,906.342,282.605,426.563,197.174,0.000,1653.814,8.000,20.050,0.0553521,0.0625701,0.7462150,52.925,20.206,41.770,34.521,-2.025,-3.657,-4.027,-6.579,0.893,-5.387,0.250,-7.342,9.120,0.536,11,-1.303,1,0.000,0.000,0.000,254.768,15,3,28,0,28,12,42,2,0.000
"Naringenin triacetate",0,0,0,0,0,3,3,-2,398.368,7.485,710.153,335.681,167.240,207.231,0.000,1236.595,0.000,10.250,0.0453003,0.0000000,0.7845700,43.387,12.418,20.541,13.410,1.456,-3.819,-3.608,-6.006,257.016,-1.429,113.917,-3.584,9.663,0.965,2,-0.661,3,78.605,0.000,0.000,145.827,8,0,16,0,16,2,29,0,0.016
"Naringenin chalcone",0,0,0,0,0,8,1,-2,272.257,5.657,517.185,11.549,223.926,281.711,0.000,863.214,2.000,3.000,0.0370791,0.0082033,0.8477432,25.945,10.163,13.703,8.523,2.010,-3.161,-4.153,-5.339,74.543,-1.996,29.892,-3.886,8.765,0.566,4,-0.032,3,72.226,0.000,0.000,109.336,5,0,12,0,12,0,20,0,0.024
"Naringenin chalcone",0,0,0,0,0,8,1,-2,272.257,5.658,517.425,11.549,223.926,281.950,0.000,863.438,2.000,3.000,0.0370699,0.0081995,0.8474973,25.957,10.166,13.707,8.525,2.011,-3.166,-4.153,-5.344,74.543,-1.997,29.892,-3.885,8.765,0.566,4,-0.032,3,72.235,0.000,0.000,109.336,5,0,12,0,12,0,20,0,0.024
"Naringenin chalcone",0,0,0,0,0,8,1,-2,272.257,5.658,517.425,11.549,223.926,281.950,0.000,863.438,2.000,3.000,0.0370698,0.0081995,0.8474973,25.957,10.166,13.707,8.525,2.011,-3.166,-4.153,-5.344,74.543,-1.997,29.892,-3.885,8.765,0.566,4,-0.032,3,72.235,0.000,0.000,109.336,5,0,12,0,12,0,20,0,0.024
"Mulberrin",1,0,0,0,0,8,0,-2,422.477,5.547,677.191,323.662,188.566,164.963,0.000,1292.932,3.000,4.500,0.0237957,0.0115096,0.8475612,42.028,13.379,21.184,10.815,4.038,-5.337,-6.751,-4.785,161.336,-1.669,68.865,-3.646,8.891,0.330,10,0.773,1,90.101,0.000,0.000,115.318,6,0,16,0,16,0,31,1,0.000
"Mulberrin",1,0,0,0,0,8,0,-2,422.477,5.547,677.191,323.662,188.566,164.963,0.000,1292.932,3.000,4.500,0.0237955,0.0115097,0.8475613,42.028,13.379,21.184,10.815,4.038,-5.337,-6.751,-4.785,161.336,-1.669,68.865,-3.646,8.891,0.330,10,0.773,1,90.101,0.000,0.000,115.318,6,0,16,0,16,0,31,1,0.000
"Maohuoside A",2,0,0,0,0,14,1,-2,548.543,7.461,828.694,357.948,305.793,164.953,0.000,1572.672,6.000,13.750,0.0353978,0.0406428,0.7892165,49.370,17.564,33.501,24.158,0.939,-4.095,-5.609,-5.729,12.476,-3.553,4.329,-5.230,8.432,0.501,9,-0.435,2,13.187,0.000,0.000,199.659,12,3,22,0,22,5,39,2,0.000
"Luteone",0,0,0,0,0,7,0,-2,354.359,3.663,629.739,194.525,198.988,236.226,0.000,1095.161,3.000,4.500,0.0122510,0.0123769,0.8159365,35.436,12.114,18.727,11.477,2.797,-4.687,-5.392,-5.637,128.497,-1.851,53.848,-3.683,8.676,0.287,7,0.279,2,81.069,0.000,0.000,114.867,6,0,16,0,16,0,26,1,0.002
"Luteone",0,0,0,0,0,7,0,-2,354.359,3.663,629.739,194.525,198.988,236.226,0.000,1095.161,3.000,4.500,0.0122514,0.0123769,0.8159365,35.436,12.114,18.727,11.477,2.797,-4.687,-5.392,-5.637,128.497,-1.851,53.848,-3.683,8.676,0.287,7,0.279,2,81.069,0.000,0.000,114.867,6,0,16,0,16,0,26,1,0.002
"Luteolin-3-O-beta-D-glucuronide",3,0,0,1,0,9,1,-2,462.366,8.053,692.789,65.166,405.470,222.153,0.000,1252.576,5.000,12.300,0.0517707,0.0396999,0.8111481,40.317,15.431,29.058,23.109,-0.292,-3.400,-4.611,-3.840,0.358,-4.087,0.119,-7.346,9.101,0.903,7,-0.781,1,0.000,0.000,0.000,225.964,12,2,22,0,22,5,33,2,0.000
"Luteolin-3-O-beta-D-glucuronide",3,0,0,1,0,9,1,-2,462.366,8.053,692.789,65.166,405.470,222.153,0.000,1252.576,5.000,12.300,0.0517707,0.0396999,0.8111481,40.317,15.431,29.058,23.109,-0.292,-3.400,-4.611,-3.840,0.358,-4.087,0.119,-7.346,9.101,0.903,7,-0.781,1,0.000,0.000,0.000,225.964,12,2,22,0,22,5,33,2,0.000
"Lupiwighteone",0,0,0,0,0,6,0,-2,338.359,4.324,629.509,195.263,175.876,258.369,0.000,1086.392,2.000,3.750,0.0172084,0.0084245,0.8118725,35.938,11.793,17.049,9.487,3.416,-5.245,-5.451,-5.808,212.845,-1.577,92.911,-3.275,8.722,0.448,6,0.510,3,88.613,0.000,0.000,95.197,5,0,16,0,16,0,25,0,0.001
"Lupiwighteone",0,0,0,0,0,6,0,-2,338.359,4.329,629.484,195.283,175.867,258.333,0.000,1086.376,2.000,3.750,0.0172472,0.0084248,0.8118961,35.937,11.793,17.049,9.487,3.416,-5.245,-5.451,-5.808,212.888,-1.577,92.931,-3.275,8.721,0.448,6,0.510,3,88.614,0.000,0.000,95.193,5,0,16,0,16,0,25,0,0.001
"Liguiritigenin-7-O-D-apiosyl-4'-O-D-gluc",7,0,0,0,0,13,2,-2,550.515,6.611,860.964,280.938,345.430,234.595,0.000,1556.959,7.000,18.600,0.0280675,0.0571580,0.7545679,50.049,18.686,37.859,31.442,-1.285,-3.579,-3.794,-6.622,5.250,-4.265,1.699,-5.811,9.196,0.405,9,-1.204,1,0.000,0.000,0.000,214.807,13,3,27,0,27,11,39,2,0.000
"Licoisoflavone A",0,0,0,0,0,7,0,-2,354.359,6.780,628.780,193.387,198.247,237.145,0.000,1096.478,3.000,4.500,0.0419282,0.0123958,0.8178364,35.497,12.129,19.161,11.476,2.813,-4.671,-5.392,-5.611,130.593,-1.834,54.798,-3.666,8.802,0.597,7,0.283,2,81.286,0.000,0.000,115.259,6,0,16,0,16,0,26,1,0.002
"Licoisoflavone A",0,0,0,0,0,7,0,-2,354.359,6.780,628.780,193.387,198.247,237.145,0.000,1096.478,3.000,4.500,0.0419282,0.0123958,0.8178364,35.497,12.129,19.161,11.476,2.813,-4.671,-5.392,-5.611,130.593,-1.834,54.798,-3.666,8.802,0.597,7,0.283,2,81.286,0.000,0.000,115.259,6,0,16,0,16,0,26,1,0.002
"Kuwanon H",11,0,0,0,0,14,0,-2,760.836,8.420,1011.987,439.266,311.316,261.405,0.000,2150.524,6.000,8.500,0.0329698,0.0205740,0.7961952,73.417,23.079,39.574,20.122,6.450,-8.312,-12.502,-6.076,11.058,-3.554,3.800,-4.992,8.973,0.288,19,1.776,1,31.560,0.000,0.000,208.967,11,4,34,0,34,4,56,3,0.000
"Kuwanon H",11,0,0,0,0,14,0,-2,760.836,8.421,1011.812,439.253,311.271,261.288,0.000,2150.351,6.000,8.500,0.0329749,0.0205776,0.7962902,73.409,23.076,39.571,20.121,6.450,-8.309,-12.502,-6.074,11.069,-3.553,3.804,-4.992,8.973,0.289,19,1.776,1,31.563,0.000,0.000,208.957,11,4,34,0,34,4,56,3,0.000
"Kuwanon H",11,0,0,0,0,14,0,-2,760.836,8.419,1011.972,439.238,311.303,261.432,0.000,2150.503,6.000,8.500,0.0329631,0.0205743,0.7962016,73.416,23.079,39.574,20.122,6.450,-8.311,-12.502,-6.076,11.062,-3.554,3.801,-4.992,8.973,0.288,19,1.776,1,31.562,0.000,0.000,208.968,11,4,34,0,34,4,56,3,0.000
"Kaempferol-7-O-rhamnoside",1,0,0,0,0,8,1,-2,432.383,5.192,688.088,148.910,306.143,233.036,0.000,1218.104,5.000,11.300,0.0221324,0.0367214,0.8016362,39.683,14.497,27.397,21.731,0.022,-3.700,-4.412,-5.853,12.381,-3.095,4.294,-5.573,8.660,0.715,6,-0.539,2,33.676,0.000,0.000,173.327,10,1,22,0,22,5,31,1,0.000
"Isorhoifolin",6,0,0,0,0,13,2,-2,578.526,9.944,832.374,218.020,358.555,255.798,0.000,1564.383,7.000,19.050,0.0632131,0.0605516,0.7829647,50.548,18.772,39.017,32.050,-1.371,-3.141,-4.249,-6.264,3.942,-4.119,1.246,-5.978,8.894,0.666,8,-1.155,1,0.000,0.000,0.000,231.832,14,3,28,0,28,10,41,2,0.000
"Kaempferol 3,7,4'-trimethyl ether",0,0,0,0,0,4,0,0,328.321,3.839,570.257,259.778,84.251,226.227,0.000,995.395,0.000,4.500,0.0148041,0.0000000,0.8454567,33.274,9.635,13.238,6.753,3.279,-4.016,-4.917,-5.112,1573.784,-0.463,807.652,-1.891,8.928,0.657,4,0.134,3,100.000,0.000,0.000,78.049,6,0,16,0,16,0,24,0,0.406
"9851181",6,0,0,0,0,13,2,-2,578.526,9.944,832.374,218.020,358.555,255.798,0.000,1564.383,7.000,19.050,0.0632131,0.0605516,0.7829647,50.548,18.772,39.017,32.050,-1.371,-3.141,-4.249,-6.264,3.942,-4.119,1.246,-5.978,8.894,0.666,8,-1.155,1,0.000,0.000,0.000,231.832,14,3,28,0,28,10,41,2,0.000
"Isoastilbin",3,0,0,0,0,9,1,-2,450.398,3.093,669.554,153.756,337.298,178.501,0.000,1222.885,6.000,13.250,0.0078229,0.0484737,0.8259809,38.712,14.577,29.503,24.692,-0.954,-2.938,-3.889,-5.199,6.271,-3.275,2.058,-6.243,8.984,0.439,9,-0.765,1,9.712,0.000,0.000,193.804,11,2,22,0,22,7,32,2,0.000
"Isoastilbin",3,0,0,0,0,9,1,-2,450.398,3.194,655.390,137.325,336.490,181.575,0.000,1206.966,6.000,13.250,0.0084549,0.0495213,0.8364925,38.104,14.444,29.335,24.674,-1.002,-2.774,-3.889,-5.044,6.382,-3.185,2.098,-6.217,8.954,0.438,9,-0.765,1,9.567,0.000,0.000,195.240,11,2,22,0,22,7,32,2,0.000
"Isoastilbin",3,0,0,0,0,9,1,-2,450.398,5.283,657.573,127.063,343.052,187.458,0.000,1224.159,6.000,13.250,0.0227978,0.0493569,0.8416141,38.848,14.690,29.861,24.764,-0.936,-2.799,-3.889,-4.989,5.530,-3.208,1.797,-6.317,8.835,0.580,9,-0.723,1,8.842,0.000,0.000,195.765,11,2,22,0,22,7,32,2,0.000
"Isoastilbin",3,0,0,0,0,9,1,-2,450.398,4.382,677.409,151.170,344.592,181.647,0.000,1227.516,6.000,13.250,0.0156436,0.0479116,0.8184624,38.927,14.699,29.697,24.782,-0.996,-3.031,-3.889,-5.336,5.347,-3.408,1.733,-6.366,9.039,0.495,9,-0.776,1,8.231,0.000,0.000,194.507,11,2,22,0,22,7,32,2,0.000
"Isoastilbin",3,0,0,0,0,9,1,-2,450.398,3.105,670.869,154.389,338.303,178.177,0.000,1224.955,6.000,13.250,0.0078698,0.0483787,0.8252917,38.791,14.601,29.534,24.700,-0.952,-2.954,-3.889,-5.209,6.134,-3.290,2.010,-6.263,8.968,0.447,9,-0.763,1,9.553,0.000,0.000,193.740,11,2,22,0,22,7,32,2,0.000
"Isoastilbin",3,0,0,0,0,9,1,-2,450.398,4.703,673.711,145.921,349.598,178.192,0.000,1227.764,6.000,13.250,0.0180151,0.0481746,0.8230660,38.904,14.709,29.760,24.784,-1.021,-2.987,-3.889,-5.245,4.794,-3.419,1.540,-6.471,9.044,0.488,9,-0.763,1,7.233,0.000,0.000,196.301,11,2,22,0,22,7,32,2,0.000
"Isoastilbin",3,0,0,0,0,9,1,-2,450.398,4.502,667.786,150.305,343.781,173.700,0.000,1223.702,6.000,13.250,0.0165619,0.0486020,0.8285358,38.698,14.595,29.653,24.700,-0.994,-2.918,-3.889,-5.135,5.443,-3.318,1.766,-6.379,8.989,0.499,9,-0.757,1,8.381,0.000,0.000,194.349,11,2,22,0,22,7,32,2,0.000
"Isoastilbin",3,0,0,0,0,9,1,-2,450.398,5.956,656.675,125.548,353.230,177.897,0.000,1213.271,6.000,13.250,0.0292350,0.0494244,0.8377608,38.321,14.594,29.781,24.766,-1.086,-2.789,-3.889,-5.006,4.428,-3.334,1.413,-6.539,9.017,0.582,9,-0.751,1,6.238,0.000,0.000,196.713,11,2,22,0,22,7,32,2,0.000
"Isoastilbin",3,0,0,0,0,9,1,-2,450.398,3.639,690.224,163.033,350.317,176.873,0.000,1241.702,6.000,13.250,0.0106645,0.0470220,0.8094436,39.449,14.850,29.800,24.820,-0.988,-3.185,-3.889,-5.459,4.719,-3.544,1.514,-6.489,9.000,0.369,9,-0.773,1,7.305,0.000,0.000,197.277,11,2,22,0,22,7,32,2,0.000
"Isoastilbin",3,0,0,0,0,9,1,-2,450.398,3.993,691.507,160.600,352.994,177.913,0.000,1242.856,6.000,13.250,0.0128301,0.0469348,0.8084423,39.505,14.889,29.860,24.848,-1.001,-3.200,-3.889,-5.480,4.451,-3.580,1.421,-6.534,9.042,0.549,9,-0.773,1,6.771,0.000,0.000,198.187,11,2,22,0,22,7,32,2,0.000
"Isoastilbin",2,0,0,0,0,9,1,-2,450.398,3.169,662.814,161.455,323.916,177.444,0.000,1230.395,6.000,13.250,0.0081613,0.0489666,0.8377923,39.002,14.541,29.590,24.578,-0.792,-2.860,-3.889,-5.003,8.399,-3.056,2.823,-6.000,9.061,0.511,9,-0.721,2,12.934,0.000,0.000,192.210,11,2,22,0,22,7,32,2,0.001
"Isoastilbin",1,0,0,0,0,9,1,-2,450.398,2.815,655.503,162.107,316.486,176.909,0.000,1223.643,6.000,13.250,0.0064748,0.0495128,0.8440352,38.727,14.425,29.455,24.506,-0.761,-2.776,-3.889,-4.899,9.878,-2.941,3.364,-5.865,9.048,0.491,9,-0.717,2,14.376,0.000,0.000,192.298,11,2,22,0,22,7,32,2,0.001
"Isoastilbin",3,0,0,0,0,9,1,-2,450.398,2.797,691.450,161.709,351.737,178.004,0.000,1241.760,6.000,13.250,0.0062991,0.0469387,0.8080340,39.462,14.871,29.747,24.840,-1.000,-3.200,-3.889,-5.487,4.575,-3.570,1.464,-6.511,9.048,0.538,9,-0.776,1,6.995,0.000,0.000,197.061,11,2,22,0,22,7,32,2,0.000
"Isoastilbin",3,0,0,0,0,9,1,-2,450.398,2.455,693.088,156.835,358.488,177.765,0.000,1246.074,6.000,13.250,0.0048386,0.0468277,0.8079895,39.633,14.958,29.821,24.888,-1.023,-3.220,-3.889,-5.487,3.948,-3.640,1.248,-6.636,8.997,0.402,9,-0.769,1,5.710,0.000,0.000,198.957,11,2,22,0,22,7,32,2,0.000
"Isoastilbin",2,0,0,0,0,9,1,-2,450.398,3.170,663.706,156.525,329.779,177.402,0.000,1226.076,6.000,13.250,0.0081975,0.0489008,0.8347076,38.829,14.543,29.546,24.620,-0.864,-2.870,-3.889,-5.053,7.389,-3.134,2.458,-6.108,9.057,0.498,9,-0.737,2,11.518,0.000,0.000,193.432,11,2,22,0,22,7,32,2,0.000
"Isoastilbin",3,0,0,0,0,9,1,-2,450.398,5.284,663.307,153.683,332.401,177.222,0.000,1226.866,6.000,13.250,0.0227556,0.0489302,0.8355677,38.859,14.567,29.772,24.635,-0.875,-2.865,-3.889,-5.038,6.978,-3.153,2.310,-6.157,8.961,0.411,9,-0.733,2,11.004,0.000,0.000,195.023,11,2,22,0,22,7,32,2,0.000
"Isoastilbin",1,0,0,0,0,9,1,-2,450.398,4.135,641.349,135.156,326.581,179.612,0.000,1204.716,6.000,13.250,0.0141905,0.0506054,0.8537428,37.995,14.350,29.388,24.559,-0.903,-2.617,-3.889,-4.755,7.924,-2.966,2.651,-6.042,8.894,0.531,9,-0.725,2,11.833,0.000,0.000,195.249,11,2,22,0,22,7,32,2,0.001
"Isoastilbin",3,0,0,0,0,9,1,-2,450.398,3.917,645.332,126.648,331.880,186.804,0.000,1201.883,6.000,13.250,0.0127637,0.0502931,0.8471429,37.950,14.407,29.365,24.654,-0.963,-2.661,-3.889,-4.896,7.058,-3.062,2.339,-6.114,9.014,0.446,9,-0.747,2,10.579,0.000,0.000,197.085,11,2,22,0,22,7,32,2,0.001
"Isoastilbin",3,0,0,0,0,9,1,-2,450.398,3.868,645.072,126.531,333.762,184.778,0.000,1215.385,6.000,13.250,0.0123076,0.0503134,0.8538202,38.471,14.533,29.578,24.652,-0.890,-2.658,-3.889,-4.779,6.774,-3.031,2.237,-6.156,8.830,0.553,9,-0.707,2,10.690,0.000,0.000,196.066,11,2,22,0,22,7,32,2,0.001
"Isoastilbin",2,0,0,0,0,9,1,-2,450.398,5.711,648.863,133.246,324.584,191.034,0.000,1200.854,6.000,13.250,0.0271582,0.0500194,0.8420512,37.950,14.373,29.513,24.641,-0.927,-2.701,-3.889,-4.999,8.277,-3.031,2.779,-5.965,9.022,0.461,9,-0.761,2,12.031,0.000,0.000,195.915,11,2,22,0,22,7,32,2,0.001
"Isoastilbin",3,0,0,0,0,9,1,-2,450.398,4.754,680.385,169.475,330.931,179.980,0.000,1241.547,6.000,13.250,0.0182062,0.0477020,0.8210802,39.473,14.719,29.869,24.685,-0.821,-3.066,-3.889,-5.285,7.206,-3.252,2.392,-6.120,8.988,0.490,9,-0.744,2,11.574,0.000,0.000,194.360,11,2,22,0,22,7,32,2,0.000
"Isoastilbin",3,0,0,0,0,9,1,-2,450.398,5.430,681.211,169.184,330.918,181.109,0.000,1241.515,6.000,13.250,0.0237474,0.0476442,0.8200712,39.482,14.728,29.946,24.695,-0.822,-3.076,-3.889,-5.307,7.208,-3.259,2.393,-6.116,9.003,0.518,9,-0.747,2,11.568,0.000,0.000,194.283,11,2,22,0,22,7,32,2,0.000
"Isoastilbin",2,0,0,0,0,9,1,-2,450.398,5.209,648.209,131.876,325.583,190.750,0.000,1202.231,6.000,13.250,0.0225717,0.0500699,0.8435458,38.002,14.391,29.479,24.645,-0.923,-2.693,-3.889,-4.973,8.098,-3.029,2.714,-5.984,9.002,0.485,9,-0.755,2,11.885,0.000,0.000,198.075,11,2,22,0,22,7,32,2,0.001
"Isoastilbin",1,0,0,0,0,9,1,-2,450.398,5.653,634.150,137.203,316.209,180.738,0.000,1201.790,6.000,13.250,0.0265900,0.0511799,0.8620357,37.889,14.268,29.501,24.479,-0.823,-2.538,-3.889,-4.626,9.938,-2.816,3.386,-5.846,8.940,0.607,9,-0.708,2,14.059,0.000,0.000,194.429,11,2,22,0,22,7,32,2,0.002
"Isoastilbin",3,0,0,0,0,9,1,-2,450.398,3.782,671.406,145.280,347.189,178.938,0.000,1226.803,6.000,13.250,0.0116573,0.0483399,0.8254606,38.873,14.686,29.661,24.767,-1.002,-2.960,-3.889,-5.210,5.053,-3.376,1.630,-6.424,8.994,0.508,9,-0.759,1,7.751,0.000,0.000,196.971,11,2,22,0,22,7,32,2,0.000
"Isoastilbin",2,0,0,0,0,9,1,-2,450.398,2.874,658.880,150.195,328.109,180.577,0.000,1223.531,6.000,13.250,0.0067512,0.0492589,0.8396572,38.757,14.530,29.516,24.618,-0.849,-2.814,-3.889,-4.988,7.664,-3.082,2.557,-6.066,9.019,0.582,9,-0.729,2,11.887,0.000,0.000,193.468,11,2,22,0,22,7,32,2,0.001
"Isoastilbin",3,0,0,0,0,9,1,-2,450.398,3.077,668.734,145.500,345.929,177.305,0.000,1226.836,6.000,13.250,0.0077158,0.0485331,0.8287740,38.858,14.665,29.606,24.741,-0.987,-2.929,-3.889,-5.148,5.193,-3.337,1.679,-6.406,9.044,0.624,9,-0.751,1,8.056,0.000,0.000,196.954,11,2,22,0,22,7,32,2,0.000
"Isoastilbin",4,0,0,0,0,9,1,-2,450.398,0.833,664.620,157.070,333.093,174.457,0.000,1224.245,6.000,13.250,0.0005672,0.0488335,0.8327294,38.727,14.529,29.409,24.624,-0.905,-2.881,-3.889,-5.071,6.874,-3.181,2.273,-6.180,8.987,0.515,9,-0.745,2,10.714,0.000,0.000,194.692,11,2,22,0,22,7,32,2,0.000
"Isoastilbin",3,0,0,0,0,9,1,-2,450.398,2.444,670.175,152.509,340.608,177.058,0.000,1223.637,6.000,13.250,0.0048801,0.0484287,0.8255529,38.728,14.597,29.481,24.707,-0.976,-2.945,-3.889,-5.199,5.833,-3.311,1.904,-6.309,8.993,0.534,9,-0.764,1,9.023,0.000,0.000,195.465,11,2,22,0,22,7,32,2,0.000
"Isoastilbin",3,0,0,0,0,9,1,-2,450.398,2.513,673.051,143.423,358.819,170.809,0.000,1225.933,6.000,13.250,0.0051509,0.0482218,0.8230542,38.760,14.705,29.567,24.795,-1.103,-2.979,-3.889,-5.210,3.919,-3.510,1.239,-6.667,9.017,0.414,9,-0.767,1,5.186,0.000,0.000,199.283,11,2,22,0,22,7,32,2,0.000
"Isoastilbin",3,0,0,0,0,9,1,-2,450.398,4.640,671.516,149.462,338.919,183.135,0.000,1227.549,6.000,13.250,0.0175361,0.0483321,0.8256600,38.943,14.665,29.732,24.740,-0.936,-2.961,-3.889,-5.226,6.052,-3.293,1.981,-6.257,9.034,0.612,9,-0.757,1,9.544,0.000,0.000,196.076,11,2,22,0,22,7,32,2,0.000
"Isoastilbin",3,0,0,0,0,9,1,-2,450.398,4.089,661.723,154.784,331.314,175.625,0.000,1221.909,6.000,13.250,0.0136852,0.0490473,0.8353104,38.645,14.503,29.562,24.613,-0.897,-2.847,-3.889,-5.034,7.146,-3.145,2.370,-6.143,9.032,0.607,9,-0.743,2,11.062,0.000,0.000,194.567,11,2,22,0,22,7,32,2,0.000
"Isoastilbin",3,0,0,0,0,9,1,-2,450.398,3.093,669.554,153.756,337.298,178.501,0.000,1222.885,6.000,13.250,0.0078224,0.0484737,0.8259809,38.712,14.577,29.503,24.692,-0.954,-2.938,-3.889,-5.199,6.271,-3.275,2.058,-6.243,8.984,0.439,9,-0.765,1,9.712,0.000,0.000,193.804,11,2,22,0,22,7,32,2,0.000
"Isoastilbin",3,0,0,0,0,9,1,-2,450.398,3.194,655.390,137.325,336.490,181.575,0.000,1206.966,6.000,13.250,0.0084545,0.0495213,0.8364925,38.104,14.444,29.335,24.674,-1.002,-2.774,-3.889,-5.044,6.382,-3.185,2.098,-6.217,8.954,0.438,9,-0.765,1,9.567,0.000,0.000,195.240,11,2,22,0,22,7,32,2,0.000
"Isoastilbin",3,0,0,0,0,9,1,-2,450.398,5.283,657.573,127.063,343.052,187.458,0.000,1224.159,6.000,13.250,0.0227991,0.0493569,0.8416141,38.848,14.690,29.861,24.764,-0.936,-2.799,-3.889,-4.989,5.530,-3.208,1.797,-6.317,8.835,0.580,9,-0.723,1,8.842,0.000,0.000,195.765,11,2,22,0,22,7,32,2,0.000
"Isoastilbin",3,0,0,0,0,9,1,-2,450.398,4.382,677.409,151.170,344.592,181.647,0.000,1227.516,6.000,13.250,0.0156430,0.0479116,0.8184624,38.927,14.699,29.697,24.782,-0.996,-3.031,-3.889,-5.336,5.347,-3.408,1.733,-6.366,9.039,0.495,9,-0.776,1,8.231,0.000,0.000,194.507,11,2,22,0,22,7,32,2,0.000
"Isoastilbin",3,0,0,0,0,9,1,-2,450.398,3.105,670.869,154.389,338.303,178.177,0.000,1224.955,6.000,13.250,0.0078698,0.0483787,0.8252917,38.791,14.601,29.534,24.700,-0.952,-2.954,-3.889,-5.209,6.134,-3.290,2.010,-6.263,8.968,0.447,9,-0.763,1,9.553,0.000,0.000,193.740,11,2,22,0,22,7,32,2,0.000
"Isoastilbin",3,0,0,0,0,9,1,-2,450.398,4.703,673.711,145.921,349.598,178.192,0.000,1227.764,6.000,13.250,0.0180143,0.0481746,0.8230660,38.904,14.709,29.760,24.784,-1.021,-2.987,-3.889,-5.245,4.794,-3.419,1.540,-6.471,9.044,0.488,9,-0.763,1,7.233,0.000,0.000,196.301,11,2,22,0,22,7,32,2,0.000
"Isoastilbin",3,0,0,0,0,9,1,-2,450.398,4.502,667.786,150.305,343.781,173.700,0.000,1223.702,6.000,13.250,0.0165618,0.0486020,0.8285358,38.698,14.595,29.653,24.700,-0.994,-2.918,-3.889,-5.135,5.443,-3.318,1.766,-6.379,8.989,0.499,9,-0.757,1,8.381,0.000,0.000,194.349,11,2,22,0,22,7,32,2,0.000
"Isoastilbin",3,0,0,0,0,9,1,-2,450.398,5.956,656.675,125.548,353.230,177.897,0.000,1213.271,6.000,13.250,0.0292350,0.0494244,0.8377608,38.321,14.594,29.781,24.766,-1.086,-2.789,-3.889,-5.006,4.428,-3.334,1.413,-6.539,9.017,0.582,9,-0.751,1,6.238,0.000,0.000,196.713,11,2,22,0,22,7,32,2,0.000
"Isoastilbin",3,0,0,0,0,9,1,-2,450.398,3.639,690.224,163.033,350.317,176.873,0.000,1241.702,6.000,13.250,0.0106659,0.0470220,0.8094436,39.449,14.850,29.800,24.820,-0.988,-3.185,-3.889,-5.459,4.719,-3.544,1.514,-6.489,9.000,0.369,9,-0.773,1,7.305,0.000,0.000,197.277,11,2,22,0,22,7,32,2,0.000
"Isoastilbin",3,0,0,0,0,9,1,-2,450.398,3.993,691.507,160.600,352.994,177.913,0.000,1242.856,6.000,13.250,0.0128287,0.0469348,0.8084423,39.505,14.889,29.860,24.848,-1.001,-3.200,-3.889,-5.480,4.451,-3.580,1.421,-6.534,9.042,0.549,9,-0.773,1,6.771,0.000,0.000,198.187,11,2,22,0,22,7,32,2,0.000
"Isoastilbin",1,0,0,0,0,9,1,-2,450.398,3.166,655.802,161.409,316.959,177.434,0.000,1223.030,6.000,13.250,0.0081967,0.0494901,0.8433674,38.707,14.426,29.472,24.514,-0.769,-2.779,-3.889,-4.913,9.776,-2.950,3.326,-5.872,9.060,0.511,9,-0.720,2,14.251,0.000,0.000,192.200,11,2,22,0,22,7,32,2,0.001
"Isoastilbin",1,0,0,0,0,9,1,-2,450.398,2.815,655.503,162.107,316.486,176.909,0.000,1223.643,6.000,13.250,0.0064752,0.0495128,0.8440352,38.727,14.425,29.455,24.506,-0.761,-2.776,-3.889,-4.899,9.878,-2.941,3.364,-5.865,9.048,0.491,9,-0.717,2,14.376,0.000,0.000,192.298,11,2,22,0,22,7,32,2,0.001
"Isoastilbin",3,0,0,0,0,9,1,-2,450.398,2.802,691.476,161.729,351.757,177.990,0.000,1241.786,6.000,13.250,0.0063206,0.0469369,0.8080144,39.463,14.872,29.748,24.840,-1.000,-3.200,-3.889,-5.487,4.573,-3.571,1.463,-6.511,9.048,0.539,9,-0.776,1,6.991,0.000,0.000,197.068,11,2,22,0,22,7,32,2,0.000
"Isoastilbin",3,0,0,0,0,9,1,-2,450.398,2.456,693.088,156.835,358.488,177.765,0.000,1246.074,6.000,13.250,0.0048395,0.0468277,0.8079894,39.633,14.958,29.821,24.888,-1.023,-3.220,-3.889,-5.487,3.948,-3.640,1.248,-6.636,8.997,0.402,9,-0.769,1,5.710,0.000,0.000,198.957,11,2,22,0,22,7,32,2,0.000
"Isoastilbin",2,0,0,0,0,9,1,-2,450.398,3.170,663.706,156.525,329.779,177.402,0.000,1226.076,6.000,13.250,0.0081976,0.0489008,0.8347076,38.829,14.543,29.546,24.620,-0.864,-2.870,-3.889,-5.053,7.389,-3.134,2.458,-6.108,9.057,0.498,9,-0.737,2,11.518,0.000,0.000,193.432,11,2,22,0,22,7,32,2,0.000
"Isoastilbin",3,0,0,0,0,9,1,-2,450.398,5.284,663.307,153.683,332.401,177.222,0.000,1226.865,6.000,13.250,0.0227562,0.0489302,0.8355677,38.859,14.567,29.772,24.635,-0.875,-2.865,-3.889,-5.038,6.978,-3.153,2.310,-6.157,8.961,0.411,9,-0.733,2,11.004,0.000,0.000,195.022,11,2,22,0,22,7,32,2,0.000
"Isoastilbin",1,0,0,0,0,9,1,-2,450.398,4.135,641.349,135.156,326.581,179.612,0.000,1204.716,6.000,13.250,0.0141907,0.0506054,0.8537428,37.995,14.350,29.388,24.559,-0.903,-2.617,-3.889,-4.755,7.924,-2.966,2.651,-6.042,8.894,0.531,9,-0.725,2,11.833,0.000,0.000,195.249,11,2,22,0,22,7,32,2,0.001
"Isoastilbin",3,0,0,0,0,9,1,-2,450.398,3.917,645.332,126.648,331.880,186.804,0.000,1201.883,6.000,13.250,0.0127630,0.0502931,0.8471429,37.950,14.407,29.365,24.654,-0.963,-2.661,-3.889,-4.896,7.058,-3.062,2.339,-6.114,9.014,0.446,9,-0.747,2,10.579,0.000,0.000,197.085,11,2,22,0,22,7,32,2,0.001
"Isoastilbin",3,0,0,0,0,9,1,-2,450.398,3.868,645.067,126.529,333.760,184.777,0.000,1215.378,6.000,13.250,0.0123079,0.0503138,0.8538229,38.471,14.533,29.578,24.652,-0.890,-2.658,-3.889,-4.778,6.774,-3.031,2.237,-6.156,8.830,0.553,9,-0.707,2,10.690,0.000,0.000,196.065,11,2,22,0,22,7,32,2,0.001
"Isoastilbin",2,0,0,0,0,9,1,-2,450.398,5.711,648.863,133.246,324.584,191.034,0.000,1200.854,6.000,13.250,0.0271586,0.0500194,0.8420512,37.950,14.373,29.513,24.641,-0.927,-2.701,-3.889,-4.999,8.277,-3.031,2.779,-5.965,9.022,0.461,9,-0.761,2,12.031,0.000,0.000,195.915,11,2,22,0,22,7,32,2,0.001
"Isoastilbin",3,0,0,0,0,9,1,-2,450.398,4.755,680.385,169.475,330.931,179.980,0.000,1241.547,6.000,13.250,0.0182079,0.0477020,0.8210802,39.473,14.719,29.869,24.685,-0.821,-3.066,-3.889,-5.285,7.206,-3.252,2.392,-6.120,8.988,0.490,9,-0.744,2,11.574,0.000,0.000,194.360,11,2,22,0,22,7,32,2,0.000
"Isoastilbin",3,0,0,0,0,9,1,-2,450.398,5.430,681.211,169.184,330.918,181.109,0.000,1241.515,6.000,13.250,0.0237474,0.0476442,0.8200712,39.482,14.728,29.946,24.695,-0.822,-3.076,-3.889,-5.307,7.208,-3.259,2.393,-6.116,9.003,0.518,9,-0.747,2,11.568,0.000,0.000,194.283,11,2,22,0,22,7,32,2,0.000
"Isoastilbin",2,0,0,0,0,9,1,-2,450.398,5.209,648.209,131.876,325.583,190.750,0.000,1202.231,6.000,13.250,0.0225715,0.0500699,0.8435458,38.002,14.391,29.479,24.645,-0.923,-2.693,-3.889,-4.973,8.098,-3.029,2.714,-5.984,9.002,0.485,9,-0.755,2,11.885,0.000,0.000,198.075,11,2,22,0,22,7,32,2,0.001
"Isoastilbin",1,0,0,0,0,9,1,-2,450.398,5.676,633.573,136.991,316.247,180.335,0.000,1200.910,6.000,13.250,0.0268286,0.0512265,0.8623995,37.850,14.259,29.491,24.475,-0.827,-2.532,-3.889,-4.619,9.930,-2.814,3.383,-5.849,8.941,0.608,9,-0.709,2,14.026,0.000,0.000,194.447,11,2,22,0,22,7,32,2,0.002
"Isoastilbin",3,0,0,0,0,9,1,-2,450.398,3.782,671.406,145.280,347.189,178.938,0.000,1226.803,6.000,13.250,0.0116579,0.0483399,0.8254606,38.873,14.686,29.661,24.767,-1.002,-2.960,-3.889,-5.210,5.053,-3.376,1.630,-6.424,8.994,0.508,9,-0.759,1,7.751,0.000,0.000,196.971,11,2,22,0,22,7,32,2,0.000
"Isoastilbin",2,0,0,0,0,9,1,-2,450.398,2.874,658.880,150.195,328.109,180.577,0.000,1223.531,6.000,13.250,0.0067500,0.0492589,0.8396572,38.757,14.530,29.516,24.618,-0.849,-2.814,-3.889,-4.988,7.664,-3.082,2.557,-6.066,9.019,0.582,9,-0.729,2,11.887,0.000,0.000,193.468,11,2,22,0,22,7,32,2,0.001
"Isoastilbin",3,0,0,0,0,9,1,-2,450.398,3.077,668.734,145.500,345.929,177.305,0.000,1226.836,6.000,13.250,0.0077154,0.0485331,0.8287740,38.858,14.665,29.606,24.741,-0.987,-2.929,-3.889,-5.148,5.193,-3.337,1.679,-6.406,9.044,0.624,9,-0.751,1,8.056,0.000,0.000,196.954,11,2,22,0,22,7,32,2,0.000
"Isoastilbin",4,0,0,0,0,9,1,-2,450.398,0.833,664.620,157.070,333.093,174.457,0.000,1224.245,6.000,13.250,0.0005673,0.0488335,0.8327294,38.727,14.529,29.409,24.624,-0.905,-2.881,-3.889,-5.071,6.874,-3.181,2.273,-6.180,8.987,0.515,9,-0.745,2,10.714,0.000,0.000,194.692,11,2,22,0,22,7,32,2,0.000
"Isoastilbin",3,0,0,0,0,9,1,-2,450.398,2.444,670.175,152.509,340.608,177.058,0.000,1223.637,6.000,13.250,0.0048799,0.0484287,0.8255529,38.728,14.597,29.481,24.707,-0.976,-2.945,-3.889,-5.199,5.833,-3.311,1.904,-6.309,8.993,0.534,9,-0.764,1,9.023,0.000,0.000,195.465,11,2,22,0,22,7,32,2,0.000
"Isoastilbin",3,0,0,0,0,9,1,-2,450.398,2.513,673.051,143.423,358.819,170.809,0.000,1225.933,6.000,13.250,0.0051509,0.0482218,0.8230542,38.760,14.705,29.567,24.795,-1.103,-2.979,-3.889,-5.210,3.919,-3.510,1.239,-6.667,9.017,0.414,9,-0.767,1,5.186,0.000,0.000,199.283,11,2,22,0,22,7,32,2,0.000
"Isoastilbin",3,0,0,0,0,9,1,-2,450.398,4.639,671.516,149.462,338.919,183.135,0.000,1227.549,6.000,13.250,0.0175340,0.0483321,0.8256600,38.943,14.665,29.732,24.740,-0.936,-2.961,-3.889,-5.226,6.052,-3.293,1.981,-6.257,9.034,0.612,9,-0.757,1,9.544,0.000,0.000,196.076,11,2,22,0,22,7,32,2,0.000
"Isoastilbin",3,0,0,0,0,9,1,-2,450.398,4.089,661.723,154.784,331.314,175.625,0.000,1221.909,6.000,13.250,0.0136852,0.0490473,0.8353104,38.645,14.503,29.562,24.613,-0.897,-2.847,-3.889,-5.034,7.146,-3.145,2.370,-6.143,9.032,0.607,9,-0.743,2,11.062,0.000,0.000,194.567,11,2,22,0,22,7,32,2,0.000
"Isoastilbin",3,0,0,0,0,9,1,-2,450.398,3.093,669.554,153.756,337.298,178.501,0.000,1222.885,6.000,13.250,0.0078224,0.0484737,0.8259809,38.712,14.577,29.503,24.692,-0.954,-2.938,-3.889,-5.199,6.271,-3.275,2.058,-6.243,8.984,0.439,9,-0.765,1,9.712,0.000,0.000,193.804,11,2,22,0,22,7,32,2,0.000
"Isoastilbin",3,0,0,0,0,9,1,-2,450.398,3.194,655.390,137.325,336.490,181.575,0.000,1206.966,6.000,13.250,0.0084546,0.0495213,0.8364925,38.104,14.444,29.335,24.674,-1.002,-2.774,-3.889,-5.044,6.382,-3.185,2.098,-6.217,8.954,0.438,9,-0.765,1,9.567,0.000,0.000,195.240,11,2,22,0,22,7,32,2,0.000
"Isoastilbin",3,0,0,0,0,9,1,-2,450.398,5.283,657.573,127.063,343.052,187.458,0.000,1224.159,6.000,13.250,0.0227981,0.0493569,0.8416141,38.848,14.690,29.861,24.764,-0.936,-2.799,-3.889,-4.989,5.530,-3.208,1.797,-6.317,8.835,0.580,9,-0.723,1,8.842,0.000,0.000,195.765,11,2,22,0,22,7,32,2,0.000
"Isoastilbin",3,0,0,0,0,9,1,-2,450.398,4.382,677.409,151.170,344.592,181.647,0.000,1227.516,6.000,13.250,0.0156440,0.0479116,0.8184624,38.927,14.699,29.698,24.782,-0.996,-3.031,-3.889,-5.336,5.347,-3.408,1.733,-6.366,9.039,0.495,9,-0.776,1,8.231,0.000,0.000,194.507,11,2,22,0,22,7,32,2,0.000
"Isoastilbin",3,0,0,0,0,9,1,-2,450.398,3.105,670.869,154.389,338.303,178.177,0.000,1224.955,6.000,13.250,0.0078694,0.0483787,0.8252917,38.791,14.601,29.534,24.700,-0.952,-2.954,-3.889,-5.209,6.134,-3.290,2.010,-6.263,8.968,0.447,9,-0.763,1,9.553,0.000,0.000,193.740,11,2,22,0,22,7,32,2,0.000
"Isoastilbin",3,0,0,0,0,9,1,-2,450.398,4.703,673.711,145.921,349.598,178.192,0.000,1227.764,6.000,13.250,0.0180151,0.0481746,0.8230660,38.904,14.709,29.760,24.784,-1.021,-2.987,-3.889,-5.245,4.794,-3.419,1.540,-6.471,9.044,0.488,9,-0.763,1,7.233,0.000,0.000,196.301,11,2,22,0,22,7,32,2,0.000
"Isoastilbin",3,0,0,0,0,9,1,-2,450.398,4.502,667.786,150.305,343.781,173.700,0.000,1223.702,6.000,13.250,0.0165626,0.0486020,0.8285358,38.698,14.595,29.653,24.700,-0.994,-2.918,-3.889,-5.135,5.443,-3.318,1.766,-6.379,8.989,0.499,9,-0.757,1,8.381,0.000,0.000,194.349,11,2,22,0,22,7,32,2,0.000
"Isoastilbin",3,0,0,0,0,9,1,-2,450.398,5.956,656.675,125.548,353.230,177.897,0.000,1213.271,6.000,13.250,0.0292363,0.0494244,0.8377608,38.321,14.594,29.781,24.766,-1.086,-2.789,-3.889,-5.006,4.428,-3.334,1.413,-6.539,9.017,0.582,9,-0.751,1,6.238,0.000,0.000,196.713,11,2,22,0,22,7,32,2,0.000
"Isoastilbin",3,0,0,0,0,9,1,-2,450.398,3.639,690.224,163.033,350.317,176.873,0.000,1241.702,6.000,13.250,0.0106659,0.0470220,0.8094436,39.449,14.850,29.800,24.820,-0.988,-3.185,-3.889,-5.459,4.719,-3.544,1.514,-6.489,9.000,0.369,9,-0.773,1,7.305,0.000,0.000,197.277,11,2,22,0,22,7,32,2,0.000
"Isoastilbin",3,0,0,0,0,9,1,-2,450.398,3.993,691.507,160.600,352.994,177.913,0.000,1242.856,6.000,13.250,0.0128294,0.0469348,0.8084422,39.505,14.889,29.860,24.848,-1.001,-3.200,-3.889,-5.480,4.451,-3.580,1.421,-6.534,9.042,0.549,9,-0.773,1,6.771,0.000,0.000,198.187,11,2,22,0,22,7,32,2,0.000
"Isoastilbin",2,0,0,0,0,9,1,-2,450.398,3.169,662.814,161.453,323.918,177.442,0.000,1230.396,6.000,13.250,0.0081644,0.0489666,0.8377931,39.002,14.541,29.590,24.578,-0.792,-2.860,-3.889,-5.003,8.398,-3.056,2.823,-6.000,9.061,0.511,9,-0.721,2,12.933,0.000,0.000,192.211,11,2,22,0,22,7,32,2,0.001
"Isoastilbin",1,0,0,0,0,9,1,-2,450.398,2.815,655.503,162.107,316.486,176.909,0.000,1223.643,6.000,13.250,0.0064753,0.0495128,0.8440352,38.727,14.425,29.455,24.506,-0.761,-2.776,-3.889,-4.899,9.878,-2.941,3.364,-5.865,9.048,0.491,9,-0.717,2,14.376,0.000,0.000,192.298,11,2,22,0,22,7,32,2,0.001
"Isoastilbin",3,0,0,0,0,9,1,-2,450.398,2.801,691.476,161.729,351.757,177.990,0.000,1241.786,6.000,13.250,0.0063200,0.0469369,0.8080143,39.463,14.872,29.748,24.840,-1.000,-3.200,-3.889,-5.487,4.573,-3.571,1.463,-6.511,9.048,0.539,9,-0.776,1,6.991,0.000,0.000,197.068,11,2,22,0,22,7,32,2,0.000
"Isoastilbin",3,0,0,0,0,9,1,-2,450.398,2.455,693.088,156.835,358.488,177.765,0.000,1246.074,6.000,13.250,0.0048387,0.0468277,0.8079894,39.633,14.958,29.821,24.888,-1.023,-3.220,-3.889,-5.487,3.948,-3.640,1.248,-6.636,8.997,0.402,9,-0.769,1,5.710,0.000,0.000,198.957,11,2,22,0,22,7,32,2,0.000
"Isoastilbin",2,0,0,0,0,9,1,-2,450.398,3.170,663.706,156.524,329.780,177.402,0.000,1226.076,6.000,13.250,0.0081979,0.0489008,0.8347078,38.829,14.543,29.546,24.620,-0.864,-2.870,-3.889,-5.053,7.389,-3.134,2.458,-6.108,9.057,0.499,9,-0.737,2,11.518,0.000,0.000,193.432,11,2,22,0,22,7,32,2,0.000
"Isoastilbin",3,0,0,0,0,9,1,-2,450.398,5.284,663.307,153.683,332.401,177.222,0.000,1226.865,6.000,13.250,0.0227551,0.0489302,0.8355677,38.859,14.567,29.772,24.635,-0.875,-2.865,-3.889,-5.038,6.978,-3.153,2.310,-6.157,8.961,0.411,9,-0.733,2,11.004,0.000,0.000,195.022,11,2,22,0,22,7,32,2,0.000
"Isoastilbin",1,0,0,0,0,9,1,-2,450.398,4.135,641.349,135.156,326.581,179.612,0.000,1204.716,6.000,13.250,0.0141908,0.0506054,0.8537428,37.995,14.350,29.388,24.559,-0.903,-2.617,-3.889,-4.755,7.924,-2.966,2.651,-6.042,8.894,0.531,9,-0.725,2,11.833,0.000,0.000,195.249,11,2,22,0,22,7,32,2,0.001
"Isoastilbin",3,0,0,0,0,9,1,-2,450.398,3.917,645.332,126.648,331.880,186.804,0.000,1201.883,6.000,13.250,0.0127629,0.0502931,0.8471429,37.950,14.407,29.365,24.654,-0.963,-2.661,-3.889,-4.896,7.058,-3.062,2.339,-6.114,9.014,0.446,9,-0.747,2,10.579,0.000,0.000,197.085,11,2,22,0,22,7,32,2,0.001
"Isoastilbin",3,0,0,0,0,9,1,-2,450.398,3.868,645.070,126.530,333.761,184.779,0.000,1215.382,6.000,13.250,0.0123075,0.0503135,0.8538209,38.471,14.533,29.578,24.652,-0.890,-2.658,-3.889,-4.779,6.774,-3.031,2.237,-6.156,8.830,0.553,9,-0.707,2,10.690,0.000,0.000,196.066,11,2,22,0,22,7,32,2,0.001
"Isoastilbin",2,0,0,0,0,9,1,-2,450.398,5.711,648.863,133.246,324.584,191.034,0.000,1200.854,6.000,13.250,0.0271582,0.0500194,0.8420512,37.950,14.373,29.513,24.641,-0.927,-2.701,-3.889,-4.999,8.277,-3.031,2.779,-5.965,9.022,0.461,9,-0.761,2,12.031,0.000,0.000,195.915,11,2,22,0,22,7,32,2,0.001
"Isoastilbin",3,0,0,0,0,9,1,-2,450.398,4.755,680.385,169.475,330.931,179.980,0.000,1241.547,6.000,13.250,0.0182079,0.0477020,0.8210802,39.473,14.719,29.869,24.685,-0.821,-3.066,-3.889,-5.285,7.206,-3.252,2.392,-6.120,8.988,0.490,9,-0.744,2,11.574,0.000,0.000,194.360,11,2,22,0,22,7,32,2,0.000
"Isoastilbin",3,0,0,0,0,9,1,-2,450.398,5.430,681.211,169.184,330.918,181.109,0.000,1241.515,6.000,13.250,0.0237461,0.0476442,0.8200712,39.482,14.728,29.946,24.695,-0.822,-3.076,-3.889,-5.307,7.208,-3.259,2.393,-6.116,9.003,0.518,9,-0.747,2,11.568,0.000,0.000,194.283,11,2,22,0,22,7,32,2,0.000
"Isoastilbin",2,0,0,0,0,9,1,-2,450.398,5.209,648.209,131.876,325.583,190.750,0.000,1202.231,6.000,13.250,0.0225722,0.0500699,0.8435458,38.002,14.391,29.479,24.645,-0.923,-2.693,-3.889,-4.973,8.098,-3.029,2.714,-5.984,9.002,0.485,9,-0.755,2,11.885,0.000,0.000,198.075,11,2,22,0,22,7,32,2,0.001
"Isoastilbin",1,0,0,0,0,9,1,-2,450.398,5.653,634.151,137.203,316.210,180.739,0.000,1201.790,6.000,13.250,0.0265923,0.0511798,0.8620340,37.889,14.268,29.501,24.479,-0.823,-2.538,-3.889,-4.626,9.938,-2.816,3.386,-5.846,8.940,0.607,9,-0.708,2,14.059,0.000,0.000,194.428,11,2,22,0,22,7,32,2,0.002
"Isoastilbin",3,0,0,0,0,9,1,-2,450.398,3.782,671.406,145.280,347.189,178.938,0.000,1226.803,6.000,13.250,0.0116587,0.0483399,0.8254606,38.873,14.686,29.661,24.767,-1.002,-2.960,-3.889,-5.210,5.053,-3.376,1.630,-6.424,8.994,0.508,9,-0.759,1,7.751,0.000,0.000,196.971,11,2,22,0,22,7,32,2,0.000
"Isoastilbin",2,0,0,0,0,9,1,-2,450.398,2.874,658.880,150.195,328.109,180.577,0.000,1223.531,6.000,13.250,0.0067512,0.0492589,0.8396572,38.757,14.530,29.516,24.618,-0.849,-2.814,-3.889,-4.988,7.664,-3.082,2.557,-6.066,9.019,0.582,9,-0.729,2,11.887,0.000,0.000,193.468,11,2,22,0,22,7,32,2,0.001
"Isoastilbin",3,0,0,0,0,9,1,-2,450.398,3.077,668.734,145.500,345.929,177.305,0.000,1226.836,6.000,13.250,0.0077151,0.0485331,0.8287740,38.858,14.665,29.606,24.741,-0.987,-2.929,-3.889,-5.148,5.193,-3.337,1.679,-6.406,9.044,0.624,9,-0.751,1,8.056,0.000,0.000,196.954,11,2,22,0,22,7,32,2,0.000
"Isoastilbin",4,0,0,0,0,9,1,-2,450.398,0.833,664.620,157.070,333.093,174.457,0.000,1224.245,6.000,13.250,0.0005672,0.0488335,0.8327294,38.727,14.529,29.409,24.624,-0.905,-2.881,-3.889,-5.071,6.874,-3.181,2.273,-6.180,8.987,0.515,9,-0.745,2,10.714,0.000,0.000,194.692,11,2,22,0,22,7,32,2,0.000
"Isoastilbin",3,0,0,0,0,9,1,-2,450.398,2.444,670.175,152.509,340.608,177.058,0.000,1223.637,6.000,13.250,0.0048797,0.0484287,0.8255529,38.728,14.597,29.481,24.707,-0.976,-2.945,-3.889,-5.199,5.833,-3.311,1.904,-6.309,8.993,0.534,9,-0.764,1,9.023,0.000,0.000,195.465,11,2,22,0,22,7,32,2,0.000
"Isoastilbin",3,0,0,0,0,9,1,-2,450.398,2.513,673.051,143.423,358.819,170.809,0.000,1225.933,6.000,13.250,0.0051509,0.0482218,0.8230542,38.760,14.705,29.567,24.795,-1.103,-2.979,-3.889,-5.210,3.919,-3.510,1.239,-6.667,9.017,0.414,9,-0.767,1,5.186,0.000,0.000,199.283,11,2,22,0,22,7,32,2,0.000
"Isoastilbin",3,0,0,0,0,9,1,-2,450.398,4.640,671.516,149.462,338.919,183.135,0.000,1227.549,6.000,13.250,0.0175361,0.0483321,0.8256600,38.943,14.665,29.732,24.740,-0.936,-2.961,-3.889,-5.226,6.052,-3.293,1.981,-6.257,9.034,0.612,9,-0.757,1,9.544,0.000,0.000,196.076,11,2,22,0,22,7,32,2,0.000
"Isoastilbin",3,0,0,0,0,9,1,-2,450.398,4.089,661.723,154.784,331.314,175.625,0.000,1221.909,6.000,13.250,0.0136853,0.0490473,0.8353104,38.645,14.503,29.562,24.613,-0.897,-2.847,-3.889,-5.034,7.146,-3.145,2.370,-6.143,9.032,0.607,9,-0.743,2,11.062,0.000,0.000,194.567,11,2,22,0,22,7,32,2,0.000
"Irigenin",0,0,0,0,0,7,0,-2,360.320,7.696,582.445,259.287,155.758,167.400,0.000,1030.838,2.000,6.000,0.0574516,0.0145684,0.8472999,32.204,10.525,17.341,10.614,2.263,-3.626,-5.067,-4.801,330.253,-1.305,149.376,-3.128,8.816,0.628,6,-0.029,3,85.277,0.000,0.000,116.824,8,0,16,0,16,0,26,0,0.063
"Irigenin",0,0,0,0,0,7,0,-2,360.320,7.696,582.445,259.287,155.758,167.400,0.000,1030.838,2.000,6.000,0.0574498,0.0145684,0.8472999,32.204,10.525,17.341,10.614,2.263,-3.626,-5.067,-4.801,330.253,-1.305,149.376,-3.128,8.816,0.628,6,-0.029,3,85.277,0.000,0.000,116.824,8,0,16,0,16,0,26,0,0.063
"Iridin",2,0,0,0,0,13,1,-2,522.462,9.524,776.015,363.947,275.831,136.238,0.000,1432.374,5.000,14.500,0.0633272,0.0417814,0.7918914,44.123,15.639,30.795,23.127,0.183,-3.383,-4.930,-5.549,23.999,-3.152,8.781,-4.875,8.563,0.553,9,-0.766,2,13.844,0.000,0.000,195.146,13,3,22,0,22,5,37,1,0.003
"Helichrysetin",0,0,0,0,0,8,1,-2,286.284,5.025,552.155,103.432,181.458,267.265,0.000,927.189,2.000,4.000,0.0272308,0.0102451,0.8328174,28.368,10.350,14.686,9.205,2.308,-3.505,-4.089,-5.512,188.422,-1.663,81.443,-3.154,8.750,0.540,4,-0.025,3,81.179,0.000,0.000,95.206,5,0,12,0,12,0,21,0,0.063
"Helichrysetin",0,0,0,0,0,8,1,-2,286.284,5.025,552.155,103.432,181.458,267.265,0.000,927.189,2.000,4.000,0.0272317,0.0102451,0.8328174,28.368,10.350,14.686,9.205,2.308,-3.505,-4.089,-5.512,188.422,-1.663,81.443,-3.154,8.750,0.540,4,-0.025,3,81.179,0.000,0.000,95.206,5,0,12,0,12,0,21,0,0.063
"Helichrysetin",0,0,0,0,0,8,1,-2,286.284,5.025,552.155,103.432,181.458,267.265,0.000,927.189,2.000,4.000,0.0272308,0.0102451,0.8328174,28.368,10.350,14.686,9.205,2.308,-3.505,-4.089,-5.512,188.422,-1.663,81.443,-3.154,8.750,0.540,4,-0.025,3,81.179,0.000,0.000,95.206,5,0,12,0,12,0,21,0,0.063
"Glycyrrhisoflavone",0,0,0,0,0,7,0,-2,354.359,5.388,616.545,190.988,218.690,206.867,0.000,1089.095,3.000,4.500,0.0266580,0.0126418,0.8303177,34.912,12.000,18.844,11.380,2.599,-4.464,-5.392,-5.264,83.572,-1.973,33.824,-4.149,8.570,0.490,7,0.273,2,76.562,0.000,0.000,118.309,6,0,16,0,16,0,26,1,0.001
"Glycyrrhisoflavone",0,0,0,0,0,7,0,-2,354.359,5.388,616.545,190.988,218.690,206.867,0.000,1089.095,3.000,4.500,0.0266580,0.0126418,0.8303177,34.912,12.000,18.844,11.380,2.599,-4.464,-5.392,-5.264,83.572,-1.973,33.824,-4.149,8.570,0.490,7,0.273,2,76.562,0.000,0.000,118.309,6,0,16,0,16,0,26,1,0.001
"Eriodictyol-7-O-glucoside",3,0,0,0,0,10,1,-2,450.398,5.734,717.733,159.606,366.056,192.071,0.000,1267.490,6.000,13.250,0.0259369,0.0452198,0.7891605,39.984,15.360,30.185,24.876,-0.991,-3.363,-3.889,-5.860,3.347,-3.958,1.044,-6.629,8.983,0.491,9,-0.819,1,4.618,0.000,0.000,199.713,11,2,22,0,22,7,32,2,0.000
"Epimedoside A",8,0,0,0,0,16,2,-2,662.643,3.534,913.866,383.681,412.693,117.493,0.000,1801.441,8.000,19.800,0.0069333,0.0612812,0.7834822,56.788,20.486,42.340,33.215,-0.994,-3.476,-5.417,-5.596,1.209,-4.883,0.347,-7.175,9.002,0.884,12,-0.948,1,0.000,0.000,0.000,249.180,15,3,28,0,28,10,47,2,0.000
"Dihydrokaempferol",0,0,0,0,0,4,0,-2,288.256,4.792,504.118,26.500,230.951,246.668,0.000,857.444,3.000,5.700,0.0267781,0.0195841,0.8658376,27.948,10.224,17.339,13.307,0.773,-2.887,-3.602,-4.879,63.943,-1.731,25.325,-4.523,9.123,0.542,5,-0.292,3,63.790,0.000,0.000,119.682,6,0,16,0,16,2,21,0,0.011
"Dihydrokaempferol",0,0,0,0,0,4,0,-2,288.256,4.792,504.118,26.500,230.951,246.668,0.000,857.444,3.000,5.700,0.0267793,0.0195841,0.8658376,27.948,10.224,17.339,13.307,0.773,-2.887,-3.602,-4.879,63.943,-1.731,25.325,-4.523,9.123,0.542,5,-0.292,3,63.790,0.000,0.000,119.682,6,0,16,0,16,2,21,0,0.011
"Dihydrokaempferol",0,0,0,0,0,4,0,-2,288.256,4.792,504.118,26.500,230.951,246.668,0.000,857.444,3.000,5.700,0.0267786,0.0195841,0.8658376,27.948,10.224,17.339,13.307,0.773,-2.887,-3.602,-4.879,63.943,-1.731,25.325,-4.523,9.123,0.542,5,-0.292,3,63.790,0.000,0.000,119.682,6,0,16,0,16,2,21,0,0.011
"Camelliaside B",12,0,0,0,0,18,3,-2,726.641,5.143,861.262,233.539,463.203,164.520,0.000,1786.078,10.000,26.600,0.0148098,0.0976667,0.8266027,55.338,21.157,49.007,42.938,-3.686,-1.427,-4.013,-5.122,0.401,-5.041,0.105,-7.749,9.047,0.817,11,-1.688,1,0.000,0.000,0.000,301.652,19,3,34,0,34,15,51,2,0.000
"Camelliaside B",12,0,0,0,0,18,3,-2,726.641,5.144,861.713,234.003,463.178,164.532,0.000,1786.505,10.000,26.600,0.0148114,0.0976155,0.8263017,55.355,21.162,49.011,42.939,-3.686,-1.430,-4.013,-5.127,0.401,-5.044,0.105,-7.748,9.047,0.817,11,-1.689,1,0.000,0.000,0.000,301.654,19,3,34,0,34,15,51,2,0.000
"Biorobin",7,0,0,0,0,14,2,-2,594.525,5.413,856.643,209.024,414.008,233.611,0.000,1602.692,8.000,19.800,0.0182820,0.0653748,0.7731528,51.227,19.653,40.665,34.317,-1.983,-3.126,-4.208,-6.317,1.175,-4.898,0.337,-6.983,9.160,0.866,9,-1.263,1,0.000,0.000,0.000,252.899,15,3,28,0,28,10,42,2,0.000
"Biorobin",7,0,0,0,0,14,2,-2,594.525,5.413,856.643,209.024,414.008,233.611,0.000,1602.692,8.000,19.800,0.0182814,0.0653748,0.7731528,51.227,19.653,40.665,34.317,-1.983,-3.126,-4.208,-6.317,1.175,-4.898,0.337,-6.983,9.160,0.866,9,-1.263,1,0.000,0.000,0.000,252.899,15,3,28,0,28,10,42,2,0.000
"Artemitin",0,0,0,0,0,6,0,0,388.373,6.759,625.665,410.650,70.127,144.887,0.000,1136.696,0.000,6.000,0.0401885,0.0000000,0.8418857,36.868,10.298,15.414,7.274,3.473,-3.955,-5.497,-4.781,2142.311,-0.458,1127.184,-1.725,8.752,0.674,6,0.058,3,100.000,0.000,0.000,89.844,8,0,16,0,16,0,28,0,0.810
"7,4'-Dihydroxyflavone",0,0,0,0,0,2,0,-2,254.242,4.617,482.626,0.000,164.187,318.439,0.000,801.425,2.000,4.000,0.0265956,0.0117210,0.8645616,27.676,9.460,14.707,10.591,1.828,-3.271,-3.710,-5.242,274.736,-1.021,122.429,-3.232,9.074,0.866,2,-0.072,3,81.302,0.000,0.000,80.051,4,0,16,0,16,0,19,0,0.073
"7,4'-Dihydroxyflavone",0,0,0,0,0,2,0,-2,254.242,4.617,482.626,0.000,164.187,318.439,0.000,801.425,2.000,4.000,0.0265955,0.0117210,0.8645616,27.676,9.460,14.707,10.591,1.828,-3.271,-3.710,-5.242,274.736,-1.021,122.429,-3.232,9.074,0.866,2,-0.072,3,81.302,0.000,0.000,80.051,4,0,16,0,16,0,19,0,0.073
"Flavone",1,0,0,0,0,0,0,1,222.243,4.653,457.995,0.000,54.846,403.149,0.000,755.530,0.000,2.500,0.0286520,0.0000000,0.8759362,27.932,8.435,10.792,6.399,3.557,-3.587,-3.592,-5.462,2990.877,0.087,1616.709,-1.110,9.250,0.946,0,0.143,3,100.000,0.000,0.000,34.965,2,0,16,0,16,0,17,0,4.462
"Eupatorin",0,0,0,0,0,5,0,-2,344.320,5.684,597.355,267.301,143.515,186.538,0.000,1036.167,1.000,5.250,0.0311849,0.0087887,0.8289961,33.884,10.358,15.685,8.935,2.807,-4.425,-5.077,-5.189,431.462,-1.130,199.419,-3.027,8.834,0.783,5,0.206,3,90.540,0.000,0.000,97.403,7,0,16,0,16,0,25,0,0.011
"Karanjin",0,0,0,0,0,1,0,1,292.290,5.800,509.138,74.446,45.168,389.523,0.000,888.936,0.000,3.750,0.0378475,0.0000000,0.8781666,32.499,9.615,13.122,7.374,3.412,-3.727,-4.680,-5.361,3694.635,0.113,2031.550,-0.884,8.910,0.888,2,0.153,3,100.000,0.000,0.000,50.728,4,0,19,0,19,0,22,0,6.966
"Procyanidin A2",8,0,0,0,0,9,1,-2,576.512,0.257,755.943,88.364,398.839,268.740,0.000,1471.387,9.000,10.900,0.0000448,0.0432572,0.8276125,49.518,18.556,36.832,28.012,0.360,-4.079,-7.387,-5.603,1.636,-3.861,0.482,-7.059,8.875,0.040,12,-0.196,1,0.000,0.000,0.000,207.192,12,3,33,0,33,6,42,2,0.000
"Procyanidin A2",8,0,0,0,0,9,1,-2,576.512,0.257,755.943,88.364,398.839,268.740,0.000,1471.387,9.000,10.900,0.0000448,0.0432572,0.8276125,49.518,18.556,36.832,28.012,0.360,-4.079,-7.387,-5.603,1.636,-3.861,0.482,-7.059,8.875,0.040,12,-0.196,1,0.000,0.000,0.000,207.192,12,3,33,0,33,6,42,2,0.000
"Procyanidin A2",8,0,0,0,0,9,1,-2,576.512,0.257,755.943,88.364,398.839,268.740,0.000,1471.387,9.000,10.900,0.0000448,0.0432572,0.8276125,49.518,18.556,36.832,28.012,0.360,-4.079,-7.387,-5.603,1.636,-3.861,0.482,-7.059,8.875,0.040,12,-0.196,1,0.000,0.000,0.000,207.192,12,3,33,0,33,6,42,2,0.000
"Delphinidin(chloride)",,,,,,,,,,,,,,,,,,,,,,,,,,,,,,,,,,,,,,,,,,,,,,,,,,,,,,,,,,,,,,,,,,,,,,,,,,,,,,,,,,,,,,,,,,,,,,,,,,,,,,,,,,,,,,,,,,,,,,,,,,,,,,,,,,,,,,,,,,,,,,,,,,,,,,,,,,,,,,,,,,,,,,,,,,,,,,,,,,,,,,,,,,,,,,,,,,,,,,,,,,,,,,,,,,,,,,,,,,,,,,,,,,,,,,,,,,,,,,,,,,,,,,,,,,,,,,,,,,,,,,,,,,,,,,,,,,,,,,,,,,,,,,,,,,,,,,,,,,,,,,,,,,,,,,,,,,,,,,,,,,,,,,,,,,,,,,,,,,,,,,,,,,,,,,,,,,,,,,,,,,,,,,,,,,,,,,,,,,,,,,,,,,,,,,,,,,,,,,,,,,,,,,,,,,,,,,,,,,,,,,,,,,,,,,,,,,,,,,,,,,,,,,,,,,,,,,,,,,,,,,,,,,,,,,,,,,,,,,,,,,,,,,,,,,,,,,,,,,,,
"Delphinidin(chloride)",,,,,,,,,,,,,,,,,,,,,,,,,,,,,,,,,,,,,,,,,,,,,,,,,,,,,,,,,,,,,,,,,,,,,,,,,,,,,,,,,,,,,,,,,,,,,,,,,,,,,,,,,,,,,,,,,,,,,,,,,,,,,,,,,,,,,,,,,,,,,,,,,,,,,,,,,,,,,,,,,,,,,,,,,,,,,,,,,,,,,,,,,,,,,,,,,,,,,,,,,,,,,,,,,,,,,,,,,,,,,,,,,,,,,,,,,,,,,,,,,,,,,,,,,,,,,,,,,,,,,,,,,,,,,,,,,,,,,,,,,,,,,,,,,,,,,,,,,,,,,,,,,,,,,,,,,,,,,,,,,,,,,,,,,,,,,,,,,,,,,,,,,,,,,,,,,,,,,,,,,,,,,,,,,,,,,,,,,,,,,,,,,,,,,,,,,,,,,,,,,,,,,,,,,,,,,,,,,,,,,,,,,,,,,,,,,,,,,,,,,,,,,,,,,,,,,,,,,,,,,,,,,,,,,,,,,,,,,,,,,,,,,,,,,,,,,,,,,,,,
"Delphinidin(chloride)",,,,,,,,,,,,,,,,,,,,,,,,,,,,,,,,,,,,,,,,,,,,,,,,,,,,,,,,,,,,,,,,,,,,,,,,,,,,,,,,,,,,,,,,,,,,,,,,,,,,,,,,,,,,,,,,,,,,,,,,,,,,,,,,,,,,,,,,,,,,,,,,,,,,,,,,,,,,,,,,,,,,,,,,,,,,,,,,,,,,,,,,,,,,,,,,,,,,,,,,,,,,,,,,,,,,,,,,,,,,,,,,,,,,,,,,,,,,,,,,,,,,,,,,,,,,,,,,,,,,,,,,,,,,,,,,,,,,,,,,,,,,,,,,,,,,,,,,,,,,,,,,,,,,,,,,,,,,,,,,,,,,,,,,,,,,,,,,,,,,,,,,,,,,,,,,,,,,,,,,,,,,,,,,,,,,,,,,,,,,,,,,,,,,,,,,,,,,,,,,,,,,,,,,,,,,,,,,,,,,,,,,,,,,,,,,,,,,,,,,,,,,,,,,,,,,,,,,,,,,,,,,,,,,,,,,,,,,,,,,,,,,,,,,,,,,,,,,,,,,
"Poncirin",5,0,0,0,0,13,2,-2,594.568,4.700,883.266,361.569,315.354,206.343,0.000,1652.455,6.000,19.300,0.0133699,0.0535231,0.7652911,53.601,18.829,37.726,30.324,-0.689,-3.674,-4.363,-6.314,10.125,-3.810,3.455,-5.356,9.204,0.596,10,-1.087,1,2.028,0.000,0.000,216.495,14,3,28,0,28,12,42,2,0.001
"Isoxanthohumol",0,0,0,0,0,5,0,-2,354.402,3.923,633.496,314.571,145.538,173.386,0.000,1144.420,2.000,5.000,0.0134477,0.0111620,0.8352404,38.091,11.550,18.276,10.164,3.417,-5.102,-5.187,-5.025,412.818,-1.129,190.121,-3.111,9.041,0.370,8,0.505,3,93.772,0.000,0.000,82.134,5,0,16,0,16,2,26,1,0.002
"Isomucronulatol",0,0,0,0,0,4,0,0,302.326,5.206,539.728,252.685,79.441,207.603,0.000,942.549,2.000,3.750,0.0287554,0.0098259,0.8613751,30.981,9.468,15.113,8.711,3.147,-4.009,-4.537,-4.765,1748.084,-0.391,904.755,-1.868,8.711,0.055,6,0.238,3,100.000,0.000,0.000,63.449,5,0,16,0,16,3,22,0,0.401
"Norwogonin",0,0,0,0,0,3,0,-2,270.241,4.720,486.048,0.000,186.030,300.018,0.000,819.441,2.000,3.750,0.0271881,0.0109111,0.8712933,27.579,9.707,14.613,10.156,1.763,-3.263,-4.101,-5.045,170.522,-1.251,73.113,-3.603,8.749,0.773,3,-0.030,3,77.212,0.000,0.000,97.582,5,0,16,0,16,0,20,0,0.037
"Norwogonin",0,0,0,0,0,3,0,-2,270.241,4.720,486.048,0.000,186.030,300.018,0.000,819.441,2.000,3.750,0.0271881,0.0109111,0.8712933,27.579,9.707,14.613,10.156,1.763,-3.263,-4.101,-5.045,170.522,-1.251,73.113,-3.603,8.749,0.773,3,-0.030,3,77.212,0.000,0.000,97.582,5,0,16,0,16,0,20,0,0.037
"Irisolidone",0,0,0,0,0,5,0,-1,314.294,5.321,533.876,176.748,112.537,244.591,0.000,928.164,1.000,4.500,0.0305087,0.0084289,0.8619352,30.116,9.598,13.974,8.227,2.724,-3.731,-4.765,-4.932,848.617,-0.748,414.282,-2.252,8.740,0.530,4,0.077,3,95.312,0.000,0.000,90.113,6,0,16,0,16,0,23,0,0.437
"Irisolidone",0,0,0,0,0,5,0,-1,314.294,5.321,533.876,176.748,112.537,244.591,0.000,928.164,1.000,4.500,0.0305098,0.0084289,0.8619352,30.116,9.598,13.974,8.227,2.724,-3.731,-4.765,-4.932,848.617,-0.748,414.282,-2.252,8.740,0.530,4,0.077,3,95.312,0.000,0.000,90.113,6,0,16,0,16,0,23,0,0.437
"Nepetin",0,0,0,0,0,5,0,-2,316.267,5.182,537.148,87.638,229.400,220.110,0.000,916.213,3.000,5.250,0.0293101,0.0169288,0.8493153,29.404,10.533,17.519,12.531,1.237,-3.321,-4.401,-5.020,66.145,-1.858,26.269,-4.492,8.890,0.814,5,-0.159,3,66.772,0.000,0.000,125.413,7,0,16,0,16,0,23,0,0.005
"Nepetin",0,0,0,0,0,5,0,-2,316.267,5.182,537.148,87.638,229.400,220.110,0.000,916.213,3.000,5.250,0.0293093,0.0169288,0.8493153,29.404,10.533,17.519,12.531,1.237,-3.321,-4.401,-5.020,66.145,-1.858,26.269,-4.492,8.890,0.814,5,-0.159,3,66.772,0.000,0.000,125.413,7,0,16,0,16,0,23,0,0.005
"2''-O-Rhamnosylicariside II",5,0,0,0,0,14,2,-2,660.671,10.377,914.236,459.195,312.728,142.313,0.000,1824.868,6.000,18.100,0.0590096,0.0484949,0.7899407,59.247,19.641,39.748,28.542,0.740,-4.224,-6.149,-5.610,10.723,-3.621,3.676,-5.438,9.062,0.870,11,-0.526,1,10.843,0.000,0.000,210.130,14,3,28,0,28,10,47,2,0.000
"2''-O-Rhamnosylicariside II",5,0,0,0,0,14,2,-2,660.671,10.377,914.236,459.195,312.728,142.313,0.000,1824.868,6.000,18.100,0.0590113,0.0484949,0.7899407,59.247,19.641,39.748,28.542,0.740,-4.224,-6.149,-5.610,10.723,-3.621,3.676,-5.438,9.063,0.870,11,-0.526,1,10.843,0.000,0.000,210.130,14,3,28,0,28,10,47,2,0.000
"Methylnissolin",0,0,0,0,0,3,0,0,300.310,2.683,512.842,263.622,54.653,194.567,0.000,903.494,1.000,3.750,0.0079669,0.0073122,0.8813167,29.936,8.692,12.946,7.145,3.237,-3.813,-4.636,-4.380,3003.500,-0.086,1624.086,-1.553,8.604,-0.130,5,0.243,3,100.000,0.000,0.000,52.423,5,0,17,0,17,3,22,0,1.292
"Tilianin",0,0,0,0,0,9,1,-2,446.410,3.727,716.775,208.863,259.389,248.523,0.000,1278.711,4.000,12.250,0.0108658,0.0341809,0.7948720,41.615,14.642,26.726,20.838,0.484,-3.731,-4.388,-6.036,34.365,-2.716,12.944,-4.560,8.980,0.700,6,-0.585,2,57.273,0.000,0.000,164.272,10,0,22,0,22,5,32,0,0.002
"Flavokawain A",0,0,0,0,0,8,1,0,314.337,5.226,599.811,284.950,72.229,242.633,0.000,1031.106,0.000,4.000,0.0264890,0.0000000,0.8229106,32.291,9.964,12.547,5.480,3.877,-4.491,-4.612,-5.555,2046.230,-0.630,1072.643,-1.228,8.704,0.514,4,0.202,3,100.000,0.000,0.000,66.628,5,0,12,0,12,0,23,0,1.210
"Flavokawain A",0,0,0,0,0,8,1,0,314.337,5.226,599.811,284.950,72.229,242.633,0.000,1031.106,0.000,4.000,0.0264897,0.0000000,0.8229106,32.291,9.964,12.547,5.480,3.877,-4.491,-4.612,-5.555,2046.230,-0.630,1072.643,-1.228,8.704,0.514,4,0.202,3,100.000,0.000,0.000,66.628,5,0,12,0,12,0,23,0,1.210
"Morusinol",0,0,0,0,0,7,0,-2,438.476,5.825,726.069,312.645,186.375,227.049,0.000,1339.017,3.000,5.250,0.0253429,0.0125240,0.8091795,45.107,14.272,22.668,12.300,4.106,-6.135,-6.974,-5.702,169.243,-1.756,72.520,-3.482,8.703,0.488,5,0.792,3,90.873,0.000,0.000,121.467,7,0,20,0,20,1,32,1,0.000
"Clerodendrin",6,0,0,2,0,13,2,-2,622.492,12.340,855.887,118.252,504.389,233.246,0.000,1619.589,6.000,19.350,0.0940278,0.0553784,0.7792651,52.542,19.937,39.535,31.776,-1.091,-3.314,-4.980,-2.601,0.010,-5.758,0.003,-8.746,8.979,0.680,9,-1.437,1,0.000,0.000,0.000,306.303,17,3,28,0,28,10,44,2,0.000
"Iristectorigenin A",0,0,0,0,0,6,0,-2,330.293,6.482,546.407,174.095,164.019,208.293,0.000,953.708,2.000,5.250,0.0440496,0.0135881,0.8575489,30.150,10.162,16.186,10.343,2.072,-3.401,-4.751,-4.830,275.746,-1.285,122.915,-3.233,8.562,0.569,5,-0.053,3,82.758,0.000,0.000,111.705,7,0,16,0,16,0,24,0,0.077
"Iristectorigenin A",0,0,0,0,0,6,0,-2,330.293,6.482,546.407,174.095,164.019,208.293,0.000,953.708,2.000,5.250,0.0440498,0.0135881,0.8575489,30.150,10.162,16.186,10.343,2.072,-3.401,-4.751,-4.830,275.746,-1.285,122.915,-3.233,8.562,0.569,5,-0.053,3,82.758,0.000,0.000,111.705,7,0,16,0,16,0,24,0,0.077
"Flavokawain C",0,0,0,0,0,8,1,-2,300.310,5.480,573.872,191.280,126.895,255.697,0.000,977.621,1.000,4.000,0.0307124,0.0069702,0.8301003,30.275,10.154,13.659,7.342,3.156,-3.990,-4.435,-5.501,620.234,-1.146,295.207,-2.189,8.738,0.526,4,0.164,3,95.404,0.000,0.000,80.872,5,0,12,0,12,0,22,0,0.199
"Flavokawain C",0,0,0,0,0,8,1,-2,300.310,5.480,573.872,191.280,126.895,255.697,0.000,977.621,1.000,4.000,0.0307127,0.0069702,0.8301003,30.275,10.154,13.659,7.342,3.156,-3.990,-4.435,-5.501,620.234,-1.146,295.207,-2.189,8.738,0.526,4,0.164,3,95.404,0.000,0.000,80.872,5,0,12,0,12,0,22,0,0.199
"Isoliquiritin apioside",7,0,0,0,0,18,3,-2,550.515,8.626,858.486,220.410,372.849,265.227,0.000,1571.477,7.000,17.600,0.0473501,0.0542411,0.7614421,47.712,19.170,36.828,29.743,-0.987,-2.950,-4.029,-6.657,2.885,-4.809,0.889,-5.729,8.823,0.618,8,-1.233,1,0.000,0.000,0.000,225.280,13,3,23,0,23,9,39,2,0.001
"Isoliquiritin apioside",7,0,0,0,0,18,3,-2,550.515,8.626,858.486,220.410,372.849,265.227,0.000,1571.477,7.000,17.600,0.0473501,0.0542411,0.7614421,47.712,19.170,36.828,29.743,-0.987,-2.950,-4.029,-6.657,2.885,-4.809,0.889,-5.729,8.823,0.618,8,-1.233,1,0.000,0.000,0.000,225.280,13,3,23,0,23,9,39,2,0.001
"Isoliquiritin apioside",7,0,0,0,0,18,3,-2,550.515,8.626,858.486,220.410,372.849,265.227,0.000,1571.477,7.000,17.600,0.0473515,0.0542411,0.7614421,47.712,19.170,36.828,29.743,-0.987,-2.950,-4.029,-6.657,2.885,-4.809,0.889,-5.729,8.823,0.618,8,-1.233,1,0.000,0.000,0.000,225.280,13,3,23,0,23,9,39,2,0.001
"(-)-Epigallocatechin-3-(3''-O-methyl) ga",4,0,0,0,0,10,1,-2,472.404,6.304,703.220,130.726,374.534,197.959,0.000,1302.898,7.000,8.750,0.0305036,0.0329205,0.8203787,41.457,15.947,29.988,21.971,0.535,-3.813,-5.931,-5.383,2.781,-3.749,0.855,-6.765,8.867,0.353,10,-0.231,1,12.109,0.000,0.000,197.902,11,2,22,0,22,3,34,2,0.000
"(-)-Epigallocatechin-3-(3''-O-methyl) ga",4,0,0,0,0,10,1,-2,472.404,6.304,703.220,130.726,374.534,197.959,0.000,1302.898,7.000,8.750,0.0305038,0.0329205,0.8203787,41.457,15.947,29.988,21.971,0.535,-3.813,-5.931,-5.383,2.781,-3.749,0.855,-6.765,8.867,0.353,10,-0.231,1,12.109,0.000,0.000,197.902,11,2,22,0,22,3,34,2,0.000
"(-)-Epigallocatechin-3-(3''-O-methyl) ga",4,0,0,0,0,10,1,-2,472.404,6.304,703.220,130.726,374.534,197.959,0.000,1302.898,7.000,8.750,0.0305035,0.0329205,0.8203787,41.457,15.947,29.988,21.971,0.535,-3.813,-5.931,-5.383,2.781,-3.749,0.855,-6.765,8.867,0.353,10,-0.231,1,12.109,0.000,0.000,197.902,11,2,22,0,22,3,34,2,0.000
"(-)-Epigallocatechin-3-(3''-O-methyl) ga",4,0,0,0,0,10,1,-2,472.404,6.304,703.220,130.726,374.534,197.959,0.000,1302.898,7.000,8.750,0.0305035,0.0329205,0.8203787,41.457,15.947,29.988,21.971,0.535,-3.813,-5.931,-5.383,2.781,-3.749,0.855,-6.765,8.867,0.353,10,-0.231,1,12.109,0.000,0.000,197.902,11,2,22,0,22,3,34,2,0.000
"Procyanidin A1",7,0,0,0,0,9,1,-2,576.512,3.925,759.705,82.459,404.512,272.735,0.000,1473.072,9.000,10.900,0.0104556,0.0430430,0.8241433,49.624,18.650,37.032,28.087,0.327,-4.129,-7.387,-5.678,1.445,-3.949,0.421,-7.150,8.834,0.112,12,-0.200,1,0.000,0.000,0.000,208.301,12,3,33,0,33,6,42,2,0.000
"Procyanidin A1",7,0,0,0,0,9,1,-2,576.512,3.925,759.705,82.459,404.512,272.735,0.000,1473.072,9.000,10.900,0.0104559,0.0430430,0.8241433,49.624,18.650,37.032,28.087,0.327,-4.129,-7.387,-5.678,1.445,-3.949,0.421,-7.150,8.834,0.112,12,-0.200,1,0.000,0.000,0.000,208.301,12,3,33,0,33,6,42,2,0.000
"Procyanidin A1",7,0,0,0,0,9,1,-2,576.512,3.925,759.705,82.459,404.512,272.735,0.000,1473.072,9.000,10.900,0.0104559,0.0430430,0.8241433,49.624,18.650,37.032,28.087,0.327,-4.129,-7.387,-5.678,1.445,-3.949,0.421,-7.150,8.834,0.112,12,-0.200,1,0.000,0.000,0.000,208.301,12,3,33,0,33,6,42,2,0.000
"(2S)-Isoxanthohumol",0,0,0,0,0,5,0,-2,354.402,3.923,633.496,314.571,145.538,173.386,0.000,1144.420,2.000,5.000,0.0134477,0.0111620,0.8352404,38.091,11.550,18.276,10.164,3.417,-5.102,-5.187,-5.025,412.818,-1.129,190.121,-3.111,9.041,0.370,8,0.505,3,93.772,0.000,0.000,82.134,5,0,16,0,16,2,26,1,0.002
"Methylophiopogonone A",0,0,0,0,0,4,1,0,340.332,4.569,559.410,270.469,97.436,191.505,0.000,987.291,1.000,4.500,0.0211444,0.0080442,0.8571668,32.618,9.670,14.594,8.046,3.152,-4.213,-5.406,-4.756,1180.092,-0.562,591.674,-2.257,8.774,0.397,5,0.275,3,100.000,0.000,0.000,88.472,6,0,19,0,19,1,25,0,0.115
"Tribuloside",5,0,0,0,0,14,2,-2,594.528,7.312,903.649,128.376,375.880,399.392,0.000,1672.450,6.000,14.050,0.0319664,0.0380849,0.7540514,55.602,20.909,36.369,26.706,1.120,-5.103,-6.720,-7.416,2.700,-4.688,0.828,-5.696,9.044,0.802,7,-0.337,1,2.350,0.000,0.000,228.720,13,3,28,0,28,5,43,2,0.000
"Tribuloside",5,0,0,0,0,14,2,-2,594.528,7.312,903.649,128.376,375.880,399.392,0.000,1672.450,6.000,14.050,0.0319687,0.0380849,0.7540514,55.602,20.909,36.369,26.706,1.120,-5.103,-6.720,-7.416,2.700,-4.688,0.828,-5.696,9.044,0.802,7,-0.337,1,2.350,0.000,0.000,228.720,13,3,28,0,28,5,43,2,0.000
"Kurarinone",1,0,0,0,0,9,0,-2,438.519,3.035,745.147,411.679,174.240,159.227,0.000,1396.274,3.000,5.750,0.0065968,0.0133655,0.8107812,45.467,14.225,22.598,11.853,4.278,-5.993,-6.487,-5.353,220.588,-1.746,96.569,-3.306,8.949,0.294,12,0.776,1,93.939,0.000,0.000,102.432,6,0,16,0,16,2,32,2,0.000
"Chrysin-7-O-glucuronide",1,0,0,1,0,7,1,-2,430.367,5.958,687.956,66.165,316.409,305.382,0.000,1210.972,3.000,10.800,0.0293086,0.0271909,0.7986570,40.731,14.562,24.871,19.092,0.926,-3.973,-4.646,-4.439,2.506,-3.166,0.971,-5.603,9.262,0.904,5,-0.589,1,39.507,0.000,0.000,181.595,10,0,22,0,22,5,31,1,0.000
"Oroxylin A-7-O-glucuronide",0,0,0,1,0,8,1,-2,460.393,4.356,703.306,134.876,302.822,265.609,0.000,1278.898,3.000,11.550,0.0148393,0.0284445,0.8101730,42.427,14.807,25.577,19.284,1.107,-3.833,-4.936,-4.063,3.372,-2.994,1.339,-5.397,9.086,0.892,6,-0.580,2,29.914,0.000,0.000,185.781,11,1,22,0,22,5,33,1,0.000
"Kushenol I",1,0,0,0,0,10,0,-2,454.519,6.141,757.448,390.238,192.582,174.627,0.000,1410.606,4.000,7.450,0.0267331,0.0196713,0.8030629,45.545,14.848,25.326,15.031,3.414,-5.402,-6.079,-5.551,147.789,-2.030,62.637,-3.494,8.943,0.319,12,0.409,1,85.770,0.000,0.000,119.397,7,0,16,0,16,2,33,1,0.001
"Kushenol I",1,0,0,0,0,10,0,-2,454.519,6.141,757.448,390.238,192.582,174.627,0.000,1410.606,4.000,7.450,0.0267328,0.0196713,0.8030630,45.545,14.848,25.326,15.031,3.414,-5.402,-6.079,-5.551,147.789,-2.030,62.637,-3.494,8.943,0.319,12,0.409,1,85.770,0.000,0.000,119.397,7,0,16,0,16,2,33,1,0.001
"Kuwanon A",0,0,0,0,0,5,0,-2,420.461,5.722,662.007,257.846,175.205,228.955,0.000,1257.176,2.000,4.500,0.0260390,0.0096131,0.8509421,43.134,13.191,20.284,10.320,4.188,-5.750,-7.008,-5.036,215.987,-1.351,94.394,-3.462,9.009,0.474,6,0.899,3,93.246,0.000,0.000,103.208,6,0,20,0,20,1,31,1,0.000
"Kuwanon A",0,0,0,0,0,5,0,-2,420.461,5.722,662.007,257.846,175.205,228.955,0.000,1257.176,2.000,4.500,0.0260390,0.0096131,0.8509421,43.134,13.191,20.284,10.320,4.188,-5.750,-7.008,-5.036,215.987,-1.351,94.394,-3.462,9.009,0.474,6,0.899,3,93.246,0.000,0.000,103.208,6,0,20,0,20,1,31,1,0.000
"Kushenol A",1,0,0,0,0,8,0,-2,408.493,3.628,671.664,308.384,161.452,201.828,0.000,1289.696,2.000,4.000,0.0102055,0.0084221,0.8531087,42.250,13.191,19.297,8.911,4.654,-5.587,-6.650,-4.871,291.642,-1.398,130.592,-3.016,8.956,0.310,12,0.948,1,100.000,0.000,0.000,93.434,5,0,16,0,16,2,30,1,0.001
"Leachianone A",1,0,0,0,0,9,0,-2,438.519,3.107,734.122,398.813,166.017,169.292,0.000,1383.470,2.000,4.750,0.0069798,0.0091504,0.8179187,45.050,13.874,20.467,9.389,4.863,-6.288,-6.976,-5.286,263.975,-1.633,117.254,-3.119,8.977,0.321,12,1.009,1,100.000,0.000,0.000,98.382,6,0,16,0,16,2,32,2,0.000
"Methylophiopogonanone B",0,0,0,0,0,5,0,0,328.364,4.162,591.602,340.217,95.915,155.469,0.000,1044.539,1.000,4.000,0.0165869,0.0067613,0.8415608,33.923,9.910,14.583,7.154,3.680,-4.794,-5.113,-4.837,1219.936,-0.641,613.296,-2.259,8.839,0.305,7,0.476,3,100.000,0.000,0.000,76.920,5,0,16,0,16,2,24,1,0.029
"Methylophiopogonanone A",0,0,0,0,0,4,1,0,342.348,3.818,558.018,319.642,96.085,142.290,0.000,1004.448,1.000,4.750,0.0145129,0.0085123,0.8692314,32.834,9.520,14.672,7.944,3.114,-4.103,-5.219,-4.327,1215.407,-0.525,610.836,-2.405,8.754,0.363,6,0.278,3,100.000,0.000,0.000,87.290,6,0,19,0,19,3,25,0,0.106
"Blumeatin",0,0,0,0,0,4,0,-2,302.283,5.232,537.500,141.123,198.367,198.009,0.000,914.438,2.000,4.750,0.0299299,0.0124977,0.8476621,29.764,9.907,15.768,10.434,1.761,-3.711,-4.252,-4.941,130.251,-1.518,54.643,-4.094,9.159,0.437,7,0.005,2,75.108,0.000,0.000,108.536,6,0,16,0,16,2,22,1,0.005
"Rhodiosin",9,0,0,0,0,15,2,-2,610.524,6.232,889.924,231.419,454.761,203.744,0.000,1647.828,9.000,20.550,0.0235710,0.0692756,0.7581467,52.106,20.501,42.957,36.454,-2.497,-3.190,-4.160,-6.417,0.482,-5.615,0.129,-7.743,8.731,0.891,10,-1.391,1,0.000,0.000,0.000,272.305,16,3,28,0,28,10,43,2,0.000
"Methylnissolin-3-O-glucoside",0,0,0,0,0,9,1,-2,462.452,4.116,713.332,378.817,172.004,162.511,0.000,1307.752,4.000,12.250,0.0129541,0.0343459,0.8107563,41.955,13.651,26.380,19.650,1.185,-3.682,-4.548,-5.369,231.627,-1.723,101.803,-3.253,8.603,-0.095,8,-0.494,2,76.209,0.000,0.000,130.952,10,0,23,0,23,8,33,1,0.054
"Procyanidin C1",12,0,0,0,0,15,0,-2,866.784,13.450,1091.336,82.445,589.873,419.017,0.000,2215.773,15.000,16.350,0.0816383,0.0580236,0.7531649,76.891,29.351,60.133,43.973,0.272,-5.671,-10.892,-7.524,0.025,-7.273,0.005,-9.475,8.423,-0.018,21,-0.216,1,0.000,0.000,0.000,329.338,18,3,48,0,48,9,63,2,0.000
"Procyanidin C1",12,0,0,0,0,15,0,-2,866.784,13.450,1091.336,82.445,589.873,419.017,0.000,2215.773,15.000,16.350,0.0816383,0.0580236,0.7531649,76.891,29.351,60.133,43.973,0.272,-5.671,-10.892,-7.524,0.025,-7.273,0.005,-9.475,8.423,-0.018,21,-0.216,1,0.000,0.000,0.000,329.338,18,3,48,0,48,9,63,2,0.000
"Procyanidin C1",12,0,0,0,0,15,0,-2,866.784,13.450,1091.336,82.445,589.873,419.017,0.000,2215.773,15.000,16.350,0.0816383,0.0580236,0.7531649,76.891,29.351,60.133,43.973,0.272,-5.671,-10.892,-7.524,0.025,-7.273,0.005,-9.475,8.423,-0.018,21,-0.216,1,0.000,0.000,0.000,329.338,18,3,48,0,48,9,63,2,0.000
"Procyanidin C1",12,0,0,0,0,15,0,-2,866.784,13.450,1091.336,82.445,589.873,419.017,0.000,2215.773,15.000,16.350,0.0816411,0.0580236,0.7531649,76.891,29.351,60.133,43.973,0.272,-5.671,-10.892,-7.524,0.025,-7.273,0.005,-9.475,8.423,-0.018,21,-0.216,1,0.000,0.000,0.000,329.338,18,3,48,0,48,9,63,2,0.000
"Procyanidin C1",12,0,0,0,0,15,0,-2,866.784,13.450,1091.336,82.445,589.873,419.017,0.000,2215.773,15.000,16.350,0.0816411,0.0580236,0.7531649,76.891,29.351,60.133,43.973,0.272,-5.671,-10.892,-7.524,0.025,-7.273,0.005,-9.475,8.423,-0.018,21,-0.216,1,0.000,0.000,0.000,329.338,18,3,48,0,48,9,63,2,0.000
"Procyanidin C1",12,0,0,0,0,15,0,-2,866.784,13.450,1091.336,82.445,589.873,419.017,0.000,2215.773,15.000,16.350,0.0816417,0.0580236,0.7531649,76.891,29.351,60.133,43.973,0.272,-5.671,-10.892,-7.524,0.025,-7.273,0.005,-9.475,8.423,-0.018,21,-0.216,1,0.000,0.000,0.000,329.338,18,3,48,0,48,9,63,2,0.000
"Camelliaside A",13,0,0,0,0,20,3,-2,756.667,9.361,956.869,258.270,496.251,202.347,0.000,1921.416,11.000,28.300,0.0456020,0.0980913,0.7811365,59.831,23.400,53.350,46.348,-4.097,-1.664,-3.859,-6.038,0.195,-6.064,0.048,-8.032,9.127,0.903,12,-2.001,1,0.000,0.000,0.000,325.304,20,3,34,0,34,15,53,2,0.000
"Camelliaside A",13,0,0,0,0,20,3,-2,756.667,9.362,956.869,258.270,496.251,202.347,0.000,1921.416,11.000,28.300,0.0456198,0.0980913,0.7811365,59.831,23.400,53.350,46.348,-4.097,-1.664,-3.859,-6.038,0.195,-6.064,0.048,-8.032,9.127,0.903,12,-2.001,1,0.000,0.000,0.000,325.304,20,3,34,0,34,15,53,2,0.000
"Wogonoside",1,0,0,1,0,8,1,-2,460.393,6.309,705.220,132.419,316.539,256.262,0.000,1277.424,3.000,11.550,0.0311560,0.0283673,0.8073541,42.279,14.830,25.789,19.318,0.988,-3.862,-4.936,-4.064,2.499,-3.156,0.968,-5.682,9.249,0.976,6,-0.588,1,26.890,0.000,0.000,187.934,11,1,22,0,22,5,33,1,0.000
"Vitexin-2"-O-rhamnoside",8,0,0,0,0,12,1,-2,578.526,3.473,761.821,152.304,420.337,189.179,0.000,1492.697,8.000,19.050,0.0080817,0.0707273,0.8291376,47.685,18.099,39.140,33.532,-2.193,-2.583,-4.190,-5.199,1.023,-4.236,0.290,-7.448,9.102,0.947,11,-1.064,1,0.000,0.000,0.000,241.767,14,3,28,0,28,10,41,2,0.000
"Vitexin-2"-O-rhamnoside",8,0,0,0,0,12,1,-2,578.526,3.473,761.821,152.304,420.337,189.179,0.000,1492.697,8.000,19.050,0.0080803,0.0707273,0.8291376,47.685,18.099,39.140,33.532,-2.193,-2.583,-4.190,-5.199,1.023,-4.236,0.290,-7.448,9.102,0.947,11,-1.064,1,0.000,0.000,0.000,241.767,14,3,28,0,28,10,41,2,0.000
"Vitexin-2"-O-rhamnoside",8,0,0,0,0,12,1,-2,578.526,3.473,761.821,152.304,420.337,189.179,0.000,1492.697,8.000,19.050,0.0080807,0.0707273,0.8291376,47.685,18.099,39.140,33.532,-2.193,-2.583,-4.190,-5.199,1.023,-4.236,0.290,-7.448,9.102,0.947,11,-1.064,1,0.000,0.000,0.000,241.767,14,3,28,0,28,10,41,2,0.000
"Trifolirhizin",0,0,0,0,0,7,2,-2,446.410,3.850,648.548,278.265,171.590,198.693,0.000,1189.566,4.000,12.250,0.0124602,0.0377767,0.8371734,38.855,12.788,25.478,20.179,0.611,-3.123,-4.369,-5.114,233.729,-1.491,102.802,-3.310,8.637,-0.000,6,-0.603,3,72.921,0.000,0.000,136.748,10,0,26,0,26,9,32,0,0.165
"Theaflavin-3-gallate",,,,,,,,,,,,,,,,,,,,,,,,,,,,,,,,,,,,,,,,,,,,,,,,,,,,,,,,,,,,,,,,,,,,,,,,,,,,,,,,,,,,,,,,,,,,,,,,,,,,,,,,,,,,,,,,,,,,,,,,,,,,,,,,,,,,,,,,,,,,,,,,,,,,,,,,,,,,,,,,,,,,,,,,,,,,,,,,,,,,,,,,,,,,,,,,,,,,,,,,,,,,,,,,,,,,,,,,,,,,,,,,,,,,,,,,,,,,,,,,,,,,,,,,,,,,,,,,,,,,,,,,,,,,,,,,,,,,,,,,,,,,,,,,,,,,,,,,,,,,,,,,,,,,,,,,,,,,,,,,,,,,,,,,,,,,,,,,,,,,,,,,,,,,,,,,,,,,,,,,,,,,,,,,,,,,,,,,,,,,,,,,,,,,,,,,,,,,,,,,,,,,,,,,,,,,,,,,,,,,,,,,,,,,,,,,,,,,,,,,,,,,,,,,,,,,,,,,,,,,,,,,,,,,,,,,,,,,,,,,,,,,,,,,,,,,,,,,,,,,
"Theaflavin-3-gallate",,,,,,,,,,,,,,,,,,,,,,,,,,,,,,,,,,,,,,,,,,,,,,,,,,,,,,,,,,,,,,,,,,,,,,,,,,,,,,,,,,,,,,,,,,,,,,,,,,,,,,,,,,,,,,,,,,,,,,,,,,,,,,,,,,,,,,,,,,,,,,,,,,,,,,,,,,,,,,,,,,,,,,,,,,,,,,,,,,,,,,,,,,,,,,,,,,,,,,,,,,,,,,,,,,,,,,,,,,,,,,,,,,,,,,,,,,,,,,,,,,,,,,,,,,,,,,,,,,,,,,,,,,,,,,,,,,,,,,,,,,,,,,,,,,,,,,,,,,,,,,,,,,,,,,,,,,,,,,,,,,,,,,,,,,,,,,,,,,,,,,,,,,,,,,,,,,,,,,,,,,,,,,,,,,,,,,,,,,,,,,,,,,,,,,,,,,,,,,,,,,,,,,,,,,,,,,,,,,,,,,,,,,,,,,,,,,,,,,,,,,,,,,,,,,,,,,,,,,,,,,,,,,,,,,,,,,,,,,,,,,,,,,,,,,,,,,,,,,,,
"Theaflavin-3-gallate",,,,,,,,,,,,,,,,,,,,,,,,,,,,,,,,,,,,,,,,,,,,,,,,,,,,,,,,,,,,,,,,,,,,,,,,,,,,,,,,,,,,,,,,,,,,,,,,,,,,,,,,,,,,,,,,,,,,,,,,,,,,,,,,,,,,,,,,,,,,,,,,,,,,,,,,,,,,,,,,,,,,,,,,,,,,,,,,,,,,,,,,,,,,,,,,,,,,,,,,,,,,,,,,,,,,,,,,,,,,,,,,,,,,,,,,,,,,,,,,,,,,,,,,,,,,,,,,,,,,,,,,,,,,,,,,,,,,,,,,,,,,,,,,,,,,,,,,,,,,,,,,,,,,,,,,,,,,,,,,,,,,,,,,,,,,,,,,,,,,,,,,,,,,,,,,,,,,,,,,,,,,,,,,,,,,,,,,,,,,,,,,,,,,,,,,,,,,,,,,,,,,,,,,,,,,,,,,,,,,,,,,,,,,,,,,,,,,,,,,,,,,,,,,,,,,,,,,,,,,,,,,,,,,,,,,,,,,,,,,,,,,,,,,,,,,,,,,,,,,
"Theaflavin",,,,,,,,,,,,,,,,,,,,,,,,,,,,,,,,,,,,,,,,,,,,,,,,,,,,,,,,,,,,,,,,,,,,,,,,,,,,,,,,,,,,,,,,,,,,,,,,,,,,,,,,,,,,,,,,,,,,,,,,,,,,,,,,,,,,,,,,,,,,,,,,,,,,,,,,,,,,,,,,,,,,,,,,,,,,,,,,,,,,,,,,,,,,,,,,,,,,,,,,,,,,,,,,,,,,,,,,,,,,,,,,,,,,,,,,,,,,,,,,,,,,,,,,,,,,,,,,,,,,,,,,,,,,,,,,,,,,,,,,,,,,,,,,,,,,,,,,,,,,,,,,,,,,,,,,,,,,,,,,,,,,,,,,,,,,,,,,,,,,,,,,,,,,,,,,,,,,,,,,,,,,,,,,,,,,,,,,,,,,,,,,,,,,,,,,,,,,,,,,,,,,,,,,,,,,,,,,,,,,,,,,,,,,,,,,,,,,,,,,,,,,,,,,,,,,,,,,,,,,,,,,,,,,,,,,,,,,,,,,,,,,,,,,,,,,,,,,,,,,
"Sophoricoside",1,0,0,0,0,10,1,-2,432.383,6.673,682.107,116.077,303.651,262.379,0.000,1213.022,5.000,12.250,0.0367049,0.0401576,0.8064137,38.476,14.630,27.674,22.394,-0.269,-3.107,-4.092,-5.916,13.073,-3.152,4.554,-5.231,8.722,0.425,6,-0.744,2,32.391,0.000,0.000,176.957,10,1,22,0,22,5,31,1,0.002
"Sophoricoside",1,0,0,0,0,10,1,-2,432.383,6.673,682.107,116.077,303.651,262.379,0.000,1213.022,5.000,12.250,0.0367049,0.0401576,0.8064137,38.476,14.630,27.674,22.394,-0.269,-3.107,-4.092,-5.916,13.073,-3.152,4.554,-5.231,8.722,0.425,6,-0.744,2,32.391,0.000,0.000,176.957,10,1,22,0,22,5,31,1,0.002
"Sinensetin",0,0,0,0,0,5,0,0,372.374,6.664,628.620,421.642,42.638,164.340,0.000,1128.240,0.000,6.250,0.0393662,0.0000000,0.8337665,37.357,10.153,15.605,7.693,3.509,-4.043,-5.041,-5.006,3904.509,-0.147,2156.569,-1.246,8.838,0.882,5,0.009,3,100.000,0.000,0.000,68.935,7,0,16,0,16,0,27,0,1.912
"Silydianin",1,0,0,0,0,6,1,-2,482.443,3.011,670.568,211.605,297.176,161.787,0.000,1273.449,4.000,9.950,0.0071215,0.0296763,0.8473116,42.502,14.176,26.109,18.790,1.007,-4.098,-5.931,-4.774,15.058,-2.558,5.306,-5.850,8.942,0.707,9,-0.054,2,53.921,0.000,0.000,180.755,10,0,26,0,26,8,35,2,0.000
"Silydianin",1,0,0,0,0,6,1,-2,482.443,3.011,670.568,211.605,297.176,161.787,0.000,1273.449,4.000,9.950,0.0071215,0.0296763,0.8473116,42.502,14.176,26.109,18.790,1.007,-4.098,-5.931,-4.774,15.058,-2.558,5.306,-5.850,8.942,0.707,9,-0.054,2,53.921,0.000,0.000,180.755,10,0,26,0,26,8,35,2,0.000
"Silydianin",1,0,0,0,0,6,1,-2,482.443,3.012,670.568,211.605,297.176,161.787,0.000,1273.449,4.000,9.950,0.0071217,0.0296763,0.8473116,42.502,14.176,26.109,18.790,1.007,-4.098,-5.931,-4.774,15.058,-2.558,5.306,-5.850,8.942,0.707,9,-0.054,2,53.921,0.000,0.000,180.755,10,0,26,0,26,8,35,2,0.000
"Silychristin",2,0,0,0,0,8,0,-2,482.443,1.653,752.689,178.896,327.736,246.058,0.000,1358.958,5.000,9.650,0.0020096,0.0286680,0.7882915,45.445,16.114,28.359,20.497,1.253,-4.983,-6.149,-6.131,7.727,-3.435,2.579,-5.925,8.836,0.481,10,-0.039,1,37.219,0.000,0.000,179.164,10,1,25,0,25,4,35,2,0.000
"Silychristin",2,0,0,0,0,8,0,-2,482.443,1.653,752.689,178.896,327.736,246.058,0.000,1358.958,5.000,9.650,0.0020096,0.0286680,0.7882915,45.445,16.114,28.359,20.497,1.253,-4.983,-6.149,-6.131,7.727,-3.435,2.579,-5.925,8.836,0.481,10,-0.039,1,37.219,0.000,0.000,179.164,10,1,25,0,25,4,35,2,0.000
"Sec-O-Glucosylhamaudol",0,0,0,0,0,8,1,-2,438.430,9.152,704.403,351.096,247.981,105.326,0.000,1271.222,4.000,13.200,0.0658959,0.0374786,0.8056723,40.589,13.455,27.424,20.913,0.030,-3.492,-3.595,-5.179,44.085,-2.466,16.943,-4.951,8.904,0.150,7,-0.676,2,56.552,0.000,0.000,162.621,10,0,20,0,20,8,31,1,0.002
"Rhodionin",2,0,0,0,0,9,1,-2,448.382,3.937,693.255,144.830,344.339,204.086,0.000,1242.849,6.000,12.050,0.0124706,0.0425765,0.8064014,39.755,15.016,29.286,23.789,-0.520,-3.426,-4.380,-5.638,5.377,-3.509,1.743,-6.283,8.566,0.792,7,-0.642,2,11.060,0.000,0.000,194.055,11,2,22,0,22,5,32,2,0.000
"Quercitrin",2,0,0,0,0,9,1,-2,448.382,9.141,655.435,118.383,330.263,206.789,0.000,1202.959,6.000,12.050,0.0694668,0.0450332,0.8345825,38.184,14.541,29.553,23.621,-0.570,-2.955,-4.380,-5.195,7.312,-3.140,2.430,-6.014,9.070,0.853,7,-0.651,2,13.152,0.000,0.000,196.616,11,2,22,0,22,5,32,2,0.000
"Quercitrin",2,0,0,0,0,9,1,-2,448.382,9.142,655.435,118.383,330.263,206.789,0.000,1202.959,6.000,12.050,0.0694684,0.0450332,0.8345825,38.184,14.541,29.553,23.621,-0.570,-2.955,-4.380,-5.195,7.312,-3.140,2.430,-6.014,9.070,0.853,7,-0.651,2,13.152,0.000,0.000,196.616,11,2,22,0,22,5,32,2,0.000
"Quercimeritrin",4,0,0,0,0,11,1,-2,464.382,5.477,714.745,112.171,397.839,204.734,0.000,1265.793,7.000,13.750,0.0237012,0.0508980,0.7917519,39.395,15.877,31.828,26.907,-1.498,-3.048,-4.032,-5.878,1.672,-4.331,0.493,-7.074,8.570,0.717,8,-0.938,1,0.000,0.000,0.000,217.154,12,2,22,0,22,5,33,2,0.000
"Pinocembrin",0,0,0,0,0,2,0,-1,256.257,2.938,486.829,47.776,143.781,295.272,0.000,817.222,1.000,3.250,0.0105642,0.0066759,0.8683233,28.087,9.108,12.647,8.102,2.391,-3.681,-3.942,-5.071,428.969,-0.828,198.174,-2.937,9.299,0.436,5,0.141,3,88.060,0.000,0.000,77.748,4,0,16,0,16,2,19,0,0.062
"Pinocembrin",0,0,0,0,0,2,0,-1,256.257,2.938,486.829,47.776,143.781,295.272,0.000,817.222,1.000,3.250,0.0105642,0.0066759,0.8683233,28.087,9.108,12.647,8.102,2.391,-3.681,-3.942,-5.071,428.969,-0.828,198.174,-2.937,9.299,0.436,5,0.141,3,88.060,0.000,0.000,77.748,4,0,16,0,16,2,19,0,0.062
"Pinocembrin",0,0,0,0,0,2,0,-1,256.257,2.938,486.829,47.776,143.781,295.272,0.000,817.222,1.000,3.250,0.0105642,0.0066759,0.8683233,28.087,9.108,12.647,8.102,2.391,-3.681,-3.942,-5.071,428.969,-0.828,198.174,-2.937,9.299,0.436,5,0.141,3,88.060,0.000,0.000,77.748,4,0,16,0,16,2,19,0,0.062
"Pectolinarin",5,0,0,0,0,14,2,-2,622.579,6.791,829.900,337.894,320.747,171.259,0.000,1656.551,6.000,19.800,0.0278408,0.0584407,0.8158480,52.787,18.279,38.119,30.265,-0.766,-2.729,-4.816,-5.328,9.000,-3.493,3.042,-5.483,8.888,0.766,9,-1.038,1,0.661,0.000,0.000,222.532,15,3,28,0,28,10,44,2,0.004
"Pectolinarigenin",0,0,0,0,0,4,0,-1,314.294,7.577,545.017,177.272,129.107,238.638,0.000,942.008,1.000,4.500,0.0609495,0.0082566,0.8526900,31.256,9.770,14.871,8.547,2.701,-3.943,-4.765,-5.054,590.988,-0.861,280.190,-2.674,8.998,0.810,4,0.152,3,92.368,0.000,0.000,91.205,6,0,16,0,16,0,23,0,0.073
"Pectolinarigenin",0,0,0,0,0,4,0,-1,314.294,7.577,545.017,177.272,129.107,238.638,0.000,942.008,1.000,4.500,0.0609505,0.0082566,0.8526900,31.256,9.770,14.871,8.547,2.701,-3.943,-4.765,-5.054,590.988,-0.861,280.190,-2.674,8.998,0.810,4,0.152,3,92.368,0.000,0.000,91.205,6,0,16,0,16,0,23,0,0.073
"Oroxylin A",0,0,0,0,0,3,0,-1,284.268,6.650,513.584,87.548,127.952,298.085,0.000,872.038,1.000,3.750,0.0507159,0.0073016,0.8594955,29.665,9.519,13.898,8.350,2.646,-3.826,-4.447,-5.227,606.083,-0.772,287.934,-2.540,8.946,0.806,3,0.151,3,92.238,0.000,0.000,81.436,5,0,16,0,16,0,21,0,0.123
"Oroxylin A",0,0,0,0,0,3,0,-1,284.268,6.650,513.584,87.548,127.952,298.085,0.000,872.038,1.000,3.750,0.0507161,0.0073016,0.8594955,29.665,9.519,13.898,8.350,2.646,-3.826,-4.447,-5.227,606.083,-0.772,287.934,-2.540,8.946,0.806,3,0.151,3,92.238,0.000,0.000,81.436,5,0,16,0,16,0,21,0,0.123
"Oroxylin A",0,0,0,0,0,3,0,-1,284.268,6.650,513.584,87.548,127.952,298.085,0.000,872.038,1.000,3.750,0.0507167,0.0073016,0.8594955,29.665,9.519,13.898,8.350,2.646,-3.826,-4.447,-5.227,606.083,-0.772,287.934,-2.540,8.946,0.806,3,0.151,3,92.238,0.000,0.000,81.436,5,0,16,0,16,0,21,0,0.123
"Orientin",5,0,0,0,0,9,0,-2,448.382,5.840,664.942,100.722,375.651,188.568,0.000,1211.196,7.000,13.000,0.0281581,0.0517260,0.8264011,38.340,15.037,31.175,26.229,-1.318,-2.905,-4.000,-5.240,2.714,-3.646,0.832,-6.914,8.993,0.855,10,-0.775,1,1.072,0.000,0.000,207.873,11,2,22,0,22,5,32,2,0.000
"Orientin",5,0,0,0,0,9,0,-2,448.382,5.840,664.942,100.722,375.651,188.568,0.000,1211.196,7.000,13.000,0.0281581,0.0517260,0.8264011,38.340,15.037,31.175,26.229,-1.318,-2.905,-4.000,-5.240,2.714,-3.646,0.832,-6.914,8.993,0.855,10,-0.775,1,1.072,0.000,0.000,207.873,11,2,22,0,22,5,32,2,0.000
"Ononin",0,0,0,0,0,9,1,-2,430.410,6.459,698.967,208.418,209.198,281.351,0.000,1248.237,4.000,12.500,0.0334177,0.0357670,0.8021202,40.708,14.213,26.679,20.923,0.620,-3.421,-4.011,-6.076,102.819,-2.147,42.318,-3.520,8.764,0.611,5,-0.672,3,66.586,0.000,0.000,143.338,9,0,22,0,22,5,31,0,0.049
"Morusin",0,0,0,0,0,5,0,-2,420.461,6.200,702.117,312.878,169.953,219.286,0.000,1288.329,2.000,4.500,0.0298345,0.0090640,0.8155304,44.289,13.394,20.566,10.315,4.391,-6.455,-7.008,-5.563,242.235,-1.441,106.852,-3.399,8.677,0.452,6,0.965,1,95.332,0.000,0.000,102.920,6,0,20,0,20,1,31,1,0.000
"Morin",0,0,0,0,0,5,0,-2,302.240,4.122,514.743,0.000,280.390,234.353,0.000,864.519,4.000,5.250,0.0196518,0.0203985,0.8526243,27.472,10.717,18.440,14.386,0.418,-2.841,-4.043,-5.034,21.725,-2.309,7.885,-5.381,8.819,0.484,5,-0.343,2,53.319,0.000,0.000,142.550,7,0,16,0,16,0,22,1,0.002
"Morin",0,0,0,0,0,5,0,-2,302.240,4.122,514.743,0.000,280.390,234.353,0.000,864.519,4.000,5.250,0.0196522,0.0203985,0.8526243,27.472,10.717,18.440,14.386,0.418,-2.841,-4.043,-5.034,21.725,-2.309,7.885,-5.381,8.819,0.484,5,-0.343,2,53.319,0.000,0.000,142.550,7,0,16,0,16,0,22,1,0.002
"Morin",0,0,0,0,0,5,0,-2,302.240,4.122,514.743,0.000,280.390,234.353,0.000,864.519,4.000,5.250,0.0196529,0.0203985,0.8526243,27.472,10.717,18.440,14.386,0.418,-2.841,-4.043,-5.034,21.725,-2.309,7.885,-5.381,8.819,0.484,5,-0.343,2,53.319,0.000,0.000,142.550,7,0,16,0,16,0,22,1,0.002
"Morin",0,0,0,0,0,5,0,-2,302.240,4.122,514.743,0.000,280.390,234.353,0.000,864.519,4.000,5.250,0.0196518,0.0203985,0.8526243,27.472,10.717,18.440,14.386,0.418,-2.841,-4.043,-5.034,21.725,-2.309,7.885,-5.381,8.819,0.484,5,-0.343,2,53.319,0.000,0.000,142.550,7,0,16,0,16,0,22,1,0.002
"Liquiritin",0,0,0,0,0,8,1,-2,418.399,6.825,694.333,163.699,276.523,254.111,0.000,1225.905,5.000,12.750,0.0379955,0.0410608,0.7978141,40.197,14.519,28.450,23.116,-0.211,-3.493,-3.551,-6.015,23.639,-2.815,8.638,-4.953,9.263,0.486,7,-0.716,2,50.297,0.000,0.000,159.648,9,0,22,0,22,7,30,1,0.001
"Liquiritigenin",0,0,0,0,0,2,0,-2,256.257,2.786,509.463,48.095,159.430,301.939,0.000,842.624,2.000,4.250,0.0092138,0.0117975,0.8468527,29.167,9.637,15.031,10.758,1.896,-3.697,-3.536,-5.450,304.810,-1.039,136.977,-3.202,9.239,0.517,4,-0.016,3,82.508,0.000,0.000,80.755,4,0,16,0,16,2,19,0,0.032
"Linarin",3,0,0,0,0,13,2,-2,592.552,9.785,798.208,273.560,318.573,206.075,0.000,1558.767,6.000,19.050,0.0614300,0.0584594,0.8145228,49.849,17.678,37.172,29.893,-0.983,-2.686,-4.547,-5.516,9.438,-3.421,3.202,-5.417,9.052,0.777,8,-1.078,1,0.000,0.000,0.000,215.211,14,3,28,0,28,10,42,2,0.005
"Ligustroflavone",13,0,0,0,0,17,3,-2,724.668,5.177,1020.286,336.103,439.197,244.986,0.000,1945.248,9.000,25.850,0.0137790,0.0760081,0.7386293,63.119,23.602,49.457,41.722,-2.683,-3.232,-4.310,-6.930,0.678,-5.828,0.186,-7.119,9.122,0.818,10,-1.738,1,0.000,0.000,0.000,286.328,18,3,34,0,34,15,51,2,0.000
"Licochalcone C",0,0,0,0,0,9,1,-2,338.402,4.055,662.235,266.825,138.969,256.441,0.000,1156.239,2.000,4.250,0.0142179,0.0090759,0.8044851,36.789,12.202,17.277,9.133,3.910,-5.180,-5.031,-5.919,476.497,-1.410,222.009,-2.313,8.959,0.776,6,0.480,3,100.000,0.000,0.000,76.921,4,0,12,0,12,0,25,0,0.011
"Licochalcone C",0,0,0,0,0,9,1,-2,338.402,4.055,662.235,266.825,138.969,256.441,0.000,1156.239,2.000,4.250,0.0142179,0.0090759,0.8044851,36.789,12.202,17.277,9.133,3.910,-5.180,-5.031,-5.919,476.497,-1.410,222.009,-2.313,8.959,0.776,6,0.480,3,100.000,0.000,0.000,76.921,4,0,12,0,12,0,25,0,0.011
"Licochalcone B",0,0,0,0,0,8,1,-2,286.284,5.731,540.478,90.875,189.019,260.585,0.000,916.925,3.000,5.000,0.0358195,0.0160233,0.8445193,27.893,10.522,16.694,11.632,1.605,-2.936,-3.677,-5.291,159.749,-1.686,68.133,-3.317,8.947,0.844,4,-0.257,3,75.779,0.000,0.000,99.408,5,0,12,0,12,0,21,0,0.160
"Licochalcone B",0,0,0,0,0,8,1,-2,286.284,5.731,540.478,90.875,189.019,260.585,0.000,916.925,3.000,5.000,0.0358195,0.0160233,0.8445193,27.893,10.522,16.694,11.632,1.605,-2.936,-3.677,-5.291,159.749,-1.686,68.133,-3.317,8.947,0.844,4,-0.257,3,75.779,0.000,0.000,99.408,5,0,12,0,12,0,21,0,0.160
"Kuromanin(chloride)",,,,,,,,,,,,,,,,,,,,,,,,,,,,,,,,,,,,,,,,,,,,,,,,,,,,,,,,,,,,,,,,,,,,,,,,,,,,,,,,,,,,,,,,,,,,,,,,,,,,,,,,,,,,,,,,,,,,,,,,,,,,,,,,,,,,,,,,,,,,,,,,,,,,,,,,,,,,,,,,,,,,,,,,,,,,,,,,,,,,,,,,,,,,,,,,,,,,,,,,,,,,,,,,,,,,,,,,,,,,,,,,,,,,,,,,,,,,,,,,,,,,,,,,,,,,,,,,,,,,,,,,,,,,,,,,,,,,,,,,,,,,,,,,,,,,,,,,,,,,,,,,,,,,,,,,,,,,,,,,,,,,,,,,,,,,,,,,,,,,,,,,,,,,,,,,,,,,,,,,,,,,,,,,,,,,,,,,,,,,,,,,,,,,,,,,,,,,,,,,,,,,,,,,,,,,,,,,,,,,,,,,,,,,,,,,,,,,,,,,,,,,,,,,,,,,,,,,,,,,,,,,,,,,,,,,,,,,,,,,,,,,,,,,,,,,,,,,,,,,
"Kuromanin(chloride)",,,,,,,,,,,,,,,,,,,,,,,,,,,,,,,,,,,,,,,,,,,,,,,,,,,,,,,,,,,,,,,,,,,,,,,,,,,,,,,,,,,,,,,,,,,,,,,,,,,,,,,,,,,,,,,,,,,,,,,,,,,,,,,,,,,,,,,,,,,,,,,,,,,,,,,,,,,,,,,,,,,,,,,,,,,,,,,,,,,,,,,,,,,,,,,,,,,,,,,,,,,,,,,,,,,,,,,,,,,,,,,,,,,,,,,,,,,,,,,,,,,,,,,,,,,,,,,,,,,,,,,,,,,,,,,,,,,,,,,,,,,,,,,,,,,,,,,,,,,,,,,,,,,,,,,,,,,,,,,,,,,,,,,,,,,,,,,,,,,,,,,,,,,,,,,,,,,,,,,,,,,,,,,,,,,,,,,,,,,,,,,,,,,,,,,,,,,,,,,,,,,,,,,,,,,,,,,,,,,,,,,,,,,,,,,,,,,,,,,,,,,,,,,,,,,,,,,,,,,,,,,,,,,,,,,,,,,,,,,,,,,,,,,,,,,,,,,,,,,,
"Kuromanin(chloride)",,,,,,,,,,,,,,,,,,,,,,,,,,,,,,,,,,,,,,,,,,,,,,,,,,,,,,,,,,,,,,,,,,,,,,,,,,,,,,,,,,,,,,,,,,,,,,,,,,,,,,,,,,,,,,,,,,,,,,,,,,,,,,,,,,,,,,,,,,,,,,,,,,,,,,,,,,,,,,,,,,,,,,,,,,,,,,,,,,,,,,,,,,,,,,,,,,,,,,,,,,,,,,,,,,,,,,,,,,,,,,,,,,,,,,,,,,,,,,,,,,,,,,,,,,,,,,,,,,,,,,,,,,,,,,,,,,,,,,,,,,,,,,,,,,,,,,,,,,,,,,,,,,,,,,,,,,,,,,,,,,,,,,,,,,,,,,,,,,,,,,,,,,,,,,,,,,,,,,,,,,,,,,,,,,,,,,,,,,,,,,,,,,,,,,,,,,,,,,,,,,,,,,,,,,,,,,,,,,,,,,,,,,,,,,,,,,,,,,,,,,,,,,,,,,,,,,,,,,,,,,,,,,,,,,,,,,,,,,,,,,,,,,,,,,,,,,,,,,,,
"Kaempferol-3-O-glucorhamnoside",8,0,0,0,0,14,2,-2,594.525,9.677,771.703,168.761,396.744,206.198,0.000,1533.935,8.000,19.800,0.0610492,0.0725705,0.8335267,48.214,18.392,40.340,33.809,-2.024,-2.236,-4.208,-5.209,1.712,-4.087,0.506,-6.761,9.168,0.855,9,-1.150,1,0.000,0.000,0.000,251.114,15,3,28,0,28,10,42,2,0.001
"Kaempferol-3-O-glucorhamnoside",8,0,0,0,0,14,2,-2,594.525,9.677,771.703,168.762,396.744,206.198,0.000,1533.935,8.000,19.800,0.0610503,0.0725705,0.8335267,48.214,18.392,40.340,33.809,-2.024,-2.236,-4.208,-5.209,1.712,-4.087,0.506,-6.761,9.168,0.855,9,-1.150,1,0.000,0.000,0.000,251.114,15,3,28,0,28,10,42,2,0.001
"Kaempferitrin",6,0,0,0,0,12,2,-2,578.526,4.296,835.803,268.989,367.835,198.978,0.000,1564.664,7.000,18.100,0.0117971,0.0572959,0.7798458,50.659,18.461,37.809,31.020,-1.182,-3.541,-4.583,-6.043,3.219,-4.192,1.001,-6.446,9.091,0.787,8,-0.999,1,0.000,0.000,0.000,229.912,14,3,28,0,28,10,41,2,0.000
"Irisflorentin",0,0,0,0,0,5,1,0,386.357,5.432,617.185,427.625,32.111,157.449,0.000,1102.538,0.000,7.000,0.0267658,0.0000000,0.8362675,36.263,9.790,15.392,8.286,3.041,-3.434,-5.105,-4.932,4913.530,-0.044,2764.806,-1.077,8.810,0.700,4,-0.266,3,100.000,0.000,0.000,78.528,8,0,19,0,19,1,28,0,11.932
"Hyperoside",4,0,0,0,0,11,1,-2,464.382,7.223,663.713,95.487,376.811,191.414,0.000,1230.008,7.000,13.750,0.0424161,0.0548115,0.8364824,37.836,15.236,31.589,26.551,-1.428,-2.472,-4.032,-5.091,2.646,-3.690,0.810,-6.734,8.783,0.550,8,-0.873,1,0.229,0.000,0.000,218.375,12,2,22,0,22,5,33,2,0.000
"Hyperoside",4,0,0,0,0,11,1,-2,464.382,7.223,663.713,95.487,376.811,191.414,0.000,1230.008,7.000,13.750,0.0424157,0.0548115,0.8364825,37.836,15.236,31.589,26.551,-1.428,-2.472,-4.032,-5.091,2.646,-3.690,0.810,-6.734,8.783,0.550,8,-0.873,1,0.229,0.000,0.000,218.375,12,2,22,0,22,5,33,2,0.000
"Hydroxysafflor yellow A",11,0,0,0,0,18,1,-2,612.540,10.959,853.208,184.914,495.526,172.768,0.000,1622.217,10.000,22.000,0.0740309,0.0815395,0.7825571,48.859,20.354,44.927,38.663,-3.445,-2.071,-3.329,-5.874,0.198,-5.916,0.049,-8.315,8.949,1.583,15,-1.633,1,0.000,0.000,0.000,297.550,16,3,24,0,24,11,43,2,0.000
"Hydroxysafflor yellow A",11,0,0,0,0,18,1,-2,612.540,10.959,853.208,184.914,495.526,172.768,0.000,1622.217,10.000,22.000,0.0740309,0.0815395,0.7825571,48.859,20.354,44.927,38.663,-3.445,-2.071,-3.329,-5.874,0.198,-5.916,0.049,-8.315,8.949,1.583,15,-1.633,1,0.000,0.000,0.000,297.550,16,3,24,0,24,11,43,2,0.000
"Hydroxysafflor yellow A",12,0,0,0,0,17,1,-2,612.540,12.613,874.669,223.605,474.225,176.839,0.000,1645.272,10.000,24.250,0.0966992,0.0876734,0.7705714,50.463,20.538,46.892,41.035,-3.966,-2.075,-2.506,-6.088,0.315,-5.786,0.081,-8.004,9.395,1.361,15,-1.859,1,0.000,0.000,0.000,304.901,16,3,24,0,24,12,43,2,0.000
"Hydroxysafflor yellow A",12,0,0,0,0,17,1,-2,612.540,12.763,816.965,192.466,468.636,155.863,0.000,1608.783,10.000,24.250,0.1012518,0.0938659,0.8127552,48.802,19.731,46.519,40.715,-3.915,-1.601,-2.506,-5.305,0.356,-5.191,0.093,-7.975,9.359,1.255,15,-1.697,1,0.000,0.000,0.000,304.019,16,3,24,0,24,12,43,2,0.000
"Hydroxysafflor yellow A",12,0,0,0,0,17,1,-2,612.540,12.763,816.965,192.466,468.636,155.863,0.000,1608.783,10.000,24.250,0.1012518,0.0938659,0.8127552,48.802,19.731,46.519,40.715,-3.915,-1.601,-2.506,-5.305,0.356,-5.191,0.093,-7.975,9.359,1.255,15,-1.697,1,0.000,0.000,0.000,304.019,16,3,24,0,24,12,43,2,0.000
"Hydroxysafflor yellow A",12,0,0,0,0,17,1,-2,612.540,12.613,874.669,223.605,474.225,176.839,0.000,1645.272,10.000,24.250,0.0966992,0.0876734,0.7705714,50.463,20.538,46.892,41.035,-3.966,-2.075,-2.506,-6.088,0.315,-5.786,0.081,-8.004,9.395,1.361,15,-1.859,1,0.000,0.000,0.000,304.901,16,3,24,0,24,12,43,2,0.000
"Hydroxysafflor yellow A",12,0,0,0,0,17,1,-2,612.540,12.763,816.965,192.466,468.636,155.863,0.000,1608.783,10.000,24.250,0.1012518,0.0938659,0.8127552,48.802,19.731,46.519,40.715,-3.915,-1.601,-2.506,-5.305,0.356,-5.191,0.093,-7.975,9.359,1.255,15,-1.697,1,0.000,0.000,0.000,304.019,16,3,24,0,24,12,43,2,0.000
"Hydroxysafflor yellow A",12,0,0,0,0,17,1,-2,612.540,12.613,874.669,223.605,474.225,176.839,0.000,1645.272,10.000,24.250,0.0966992,0.0876734,0.7705714,50.463,20.538,46.892,41.035,-3.966,-2.075,-2.506,-6.088,0.315,-5.786,0.081,-8.004,9.395,1.361,15,-1.859,1,0.000,0.000,0.000,304.901,16,3,24,0,24,12,43,2,0.000
"Hydroxysafflor yellow A",11,0,0,0,0,18,1,-2,612.540,9.904,866.217,195.746,487.983,182.489,0.000,1632.009,11.000,23.000,0.0601053,0.0880638,0.7739030,49.344,20.754,46.835,41.159,-3.815,-2.044,-2.928,-6.061,0.234,-5.953,0.059,-8.142,9.166,0.964,15,-1.774,1,0.000,0.000,0.000,302.579,16,3,24,0,24,11,43,2,0.000
"Hydroxysafflor yellow A",11,0,0,0,0,18,1,-2,612.540,9.903,866.174,195.716,487.959,182.498,0.000,1631.969,11.000,23.000,0.0600921,0.0880682,0.7739294,49.342,20.753,46.834,41.159,-3.815,-2.044,-2.928,-6.060,0.234,-5.953,0.059,-8.142,9.166,0.964,15,-1.774,1,0.000,0.000,0.000,302.584,16,3,24,0,24,11,43,2,0.000
"Hydroxysafflor yellow A",11,0,0,0,0,18,1,-2,612.540,9.904,866.217,195.746,487.983,182.489,0.000,1632.009,11.000,23.000,0.0601053,0.0880638,0.7739030,49.344,20.754,46.835,41.159,-3.815,-2.044,-2.928,-6.061,0.234,-5.953,0.059,-8.142,9.166,0.964,15,-1.774,1,0.000,0.000,0.000,302.579,16,3,24,0,24,11,43,2,0.000
"Hydroxysafflor yellow A",11,0,0,0,0,18,1,-2,612.540,9.903,866.174,195.716,487.959,182.498,0.000,1631.969,11.000,23.000,0.0600921,0.0880682,0.7739294,49.342,20.753,46.834,41.159,-3.815,-2.044,-2.928,-6.060,0.234,-5.953,0.059,-8.142,9.166,0.964,15,-1.774,1,0.000,0.000,0.000,302.584,16,3,24,0,24,11,43,2,0.000
"Herbacetin",0,0,0,0,0,5,0,-2,302.240,5.756,518.325,0.000,282.822,235.504,0.000,871.615,4.000,5.250,0.0380060,0.0202576,0.8513584,27.767,10.808,18.807,14.419,0.442,-2.895,-4.043,-5.060,20.602,-2.339,7.445,-5.422,8.645,0.674,5,-0.329,2,53.050,0.000,0.000,141.624,7,0,16,0,16,0,22,1,0.001
"Herbacetin",0,0,0,0,0,5,0,-2,302.240,5.756,518.325,0.000,282.822,235.504,0.000,871.615,4.000,5.250,0.0380079,0.0202576,0.8513584,27.767,10.808,18.807,14.419,0.442,-2.895,-4.043,-5.060,20.602,-2.339,7.445,-5.422,8.645,0.674,5,-0.329,2,53.050,0.000,0.000,141.624,7,0,16,0,16,0,22,1,0.001
"Glabridin",0,0,0,0,0,2,0,0,324.376,3.530,592.198,246.651,94.065,251.481,0.000,1033.376,2.000,3.000,0.0120589,0.0071642,0.8347137,36.319,10.678,16.494,8.938,3.937,-5.456,-5.418,-5.406,1270.215,-0.457,640.662,-2.175,8.640,0.119,4,0.672,3,100.000,0.000,0.000,57.607,4,0,20,0,20,4,24,0,0.008
"Genistin",1,0,0,0,0,10,1,-2,432.383,6.012,683.491,115.797,302.723,264.970,0.000,1215.319,5.000,12.250,0.0297431,0.0400764,0.8057976,38.593,14.665,27.617,22.409,-0.248,-3.125,-4.092,-5.938,13.341,-3.147,4.655,-5.205,8.752,0.491,6,-0.741,2,32.670,0.000,0.000,177.163,10,1,22,0,22,5,31,1,0.002
"Galangin",0,0,0,0,0,3,0,-2,270.241,4.156,494.171,0.000,184.270,309.901,0.000,822.500,2.000,3.750,0.0209983,0.0107317,0.8591029,27.796,9.726,14.578,10.231,1.799,-3.399,-4.101,-5.290,177.202,-1.282,76.214,-3.536,8.960,0.599,3,-0.029,3,77.720,0.000,0.000,98.612,5,0,16,0,16,0,20,0,0.031
"Galangin",0,0,0,0,0,3,0,-2,270.241,4.156,494.171,0.000,184.270,309.901,0.000,822.500,2.000,3.750,0.0209983,0.0107317,0.8591029,27.796,9.726,14.578,10.231,1.799,-3.399,-4.101,-5.290,177.202,-1.282,76.214,-3.536,8.960,0.599,3,-0.029,3,77.720,0.000,0.000,98.612,5,0,16,0,16,0,20,0,0.031
"Galangin",0,0,0,0,0,3,0,-2,270.241,4.156,494.171,0.000,184.270,309.901,0.000,822.500,2.000,3.750,0.0210001,0.0107317,0.8591029,27.796,9.726,14.578,10.231,1.799,-3.399,-4.101,-5.290,177.202,-1.282,76.214,-3.536,8.960,0.599,3,-0.029,3,77.720,0.000,0.000,98.612,5,0,16,0,16,0,20,0,0.031
"Galangin",0,0,0,0,0,3,0,-2,270.241,4.156,494.171,0.000,184.270,309.901,0.000,822.500,2.000,3.750,0.0209979,0.0107317,0.8591029,27.796,9.726,14.578,10.231,1.799,-3.399,-4.101,-5.290,177.202,-1.282,76.214,-3.536,8.960,0.599,3,-0.029,3,77.720,0.000,0.000,98.612,5,0,16,0,16,0,20,0,0.031
"Formononetin",0,0,0,0,0,3,0,0,268.268,2.859,500.624,92.688,94.419,313.518,0.000,847.488,1.000,4.000,0.0096476,0.0079900,0.8651184,28.830,9.175,13.047,8.442,2.644,-3.518,-4.034,-5.210,1260.454,-0.458,635.342,-1.867,8.990,0.562,2,0.043,3,100.000,0.000,0.000,66.244,4,0,16,0,16,0,20,0,1.104
"Formononetin",0,0,0,0,0,3,0,0,268.268,2.859,500.624,92.688,94.419,313.518,0.000,847.488,1.000,4.000,0.0096472,0.0079900,0.8651184,28.830,9.175,13.047,8.442,2.644,-3.518,-4.034,-5.210,1260.454,-0.458,635.342,-1.867,8.990,0.562,2,0.043,3,100.000,0.000,0.000,66.244,4,0,16,0,16,0,20,0,1.104
"Fisetin",0,0,0,0,0,4,0,-2,286.240,3.969,507.987,0.000,246.993,260.994,0.000,846.930,4.000,5.500,0.0186014,0.0216541,0.8522042,27.664,10.490,18.535,14.791,0.499,-2.871,-3.678,-5.168,45.047,-1.945,17.343,-4.768,8.887,0.775,4,-0.364,2,59.465,0.000,0.000,123.191,6,0,16,0,16,0,21,0,0.007
"Fisetin",0,0,0,0,0,4,0,-2,286.240,3.969,507.987,0.000,246.993,260.994,0.000,846.930,4.000,5.500,0.0186021,0.0216541,0.8522042,27.664,10.490,18.535,14.791,0.499,-2.871,-3.678,-5.168,45.047,-1.945,17.343,-4.768,8.887,0.775,4,-0.364,2,59.465,0.000,0.000,123.191,6,0,16,0,16,0,21,0,0.007
"Fisetin",0,0,0,0,0,4,0,-2,286.240,3.969,507.987,0.000,246.993,260.994,0.000,846.930,4.000,5.500,0.0186008,0.0216541,0.8522042,27.664,10.490,18.535,14.791,0.499,-2.871,-3.678,-5.168,45.047,-1.945,17.343,-4.768,8.887,0.775,4,-0.364,2,59.465,0.000,0.000,123.191,6,0,16,0,16,0,21,0,0.007
"Farrerol",0,0,0,0,0,3,0,-2,300.310,4.385,545.558,197.300,169.262,178.996,0.000,945.141,2.000,4.000,0.0203487,0.0103689,0.8537323,31.454,9.894,15.708,9.608,2.412,-4.206,-4.475,-4.752,245.915,-1.166,108.608,-3.720,8.985,0.374,7,0.244,2,83.856,0.000,0.000,93.804,5,0,16,0,16,2,22,1,0.004
"Eriodictyol",0,0,0,0,0,4,0,-2,288.256,3.686,511.674,48.154,245.426,218.094,0.000,860.823,3.000,4.750,0.0157818,0.0160791,0.8552908,27.811,10.105,16.623,12.294,0.968,-3.178,-3.903,-4.914,46.615,-1.914,17.996,-4.890,8.893,0.467,6,-0.181,2,62.478,0.000,0.000,121.856,6,0,16,0,16,2,21,0,0.002
"Eriodictyol",0,0,0,0,0,4,0,-2,288.256,3.686,511.674,48.154,245.426,218.094,0.000,860.823,3.000,4.750,0.0157816,0.0160791,0.8552908,27.811,10.105,16.623,12.294,0.968,-3.178,-3.903,-4.914,46.615,-1.914,17.996,-4.890,8.893,0.467,6,-0.181,2,62.478,0.000,0.000,121.856,6,0,16,0,16,2,21,0,0.002
"Eriodictyol",0,0,0,0,0,4,0,-2,288.256,3.686,511.674,48.154,245.426,218.094,0.000,860.823,3.000,4.750,0.0157819,0.0160791,0.8552908,27.811,10.105,16.623,12.294,0.968,-3.178,-3.903,-4.914,46.615,-1.914,17.996,-4.890,8.893,0.467,6,-0.181,2,62.478,0.000,0.000,121.856,6,0,16,0,16,2,21,0,0.002
"Eriocitrin",8,0,0,0,0,14,2,-2,596.541,8.462,849.181,265.443,399.682,184.056,0.000,1603.902,8.000,20.050,0.0446485,0.0667820,0.7803393,50.803,19.157,40.901,34.111,-1.993,-2.995,-4.027,-5.964,1.606,-4.656,0.472,-6.893,8.841,0.429,11,-1.265,1,0.000,0.000,0.000,253.712,15,3,28,0,28,12,42,2,0.000
"Epmedin C",13,0,0,0,0,20,3,-2,822.813,4.565,1075.194,533.814,427.992,113.387,0.000,2201.844,9.000,26.600,0.0094632,0.0742192,0.7612652,70.205,24.444,52.195,40.959,-1.530,-3.213,-5.800,-5.936,0.865,-5.566,0.242,-7.088,9.001,0.776,14,-1.398,1,0.000,0.000,0.000,290.646,19,3,34,0,34,15,58,2,0.000
"Epimedin B",12,0,0,0,0,20,3,-2,808.786,4.261,1030.232,480.946,425.488,123.798,0.000,2126.196,9.000,26.600,0.0085380,0.0774583,0.7761855,67.277,23.657,51.221,40.905,-1.851,-2.685,-5.544,-5.744,0.914,-5.350,0.257,-7.005,9.107,0.917,14,-1.478,1,0.000,0.000,0.000,292.409,19,3,34,0,34,15,57,2,0.000
"Epimedin A1",14,0,0,0,0,22,3,-2,838.812,8.811,1084.093,563.205,415.116,105.772,0.000,2211.691,10.000,28.300,0.0351029,0.0825506,0.7572656,69.242,24.673,54.415,43.539,-2.144,-2.597,-5.384,-5.964,1.146,-5.588,0.328,-6.685,9.067,0.928,15,-1.733,1,0.000,0.000,0.000,306.530,20,3,34,0,34,15,59,2,0.000
"Epimedin A",14,0,0,0,0,22,3,-2,838.812,9.187,1050.879,530.966,418.097,101.815,0.000,2203.673,10.000,28.300,0.0383019,0.0851596,0.7793105,68.883,24.265,54.489,43.453,-2.106,-2.228,-5.384,-5.589,1.074,-5.352,0.306,-6.754,9.231,1.048,15,-1.643,1,0.000,0.000,0.000,308.704,20,3,34,0,34,15,59,2,0.001
"Engeletin",0,0,0,0,0,8,1,-2,434.399,5.777,662.238,145.045,301.098,216.096,0.000,1206.958,5.000,12.500,0.0276479,0.0422066,0.8278384,39.075,14.211,27.960,22.702,-0.376,-3.130,-3.914,-5.348,13.823,-2.848,4.837,-5.539,9.293,0.559,8,-0.655,2,32.198,0.000,0.000,175.728,10,1,22,0,22,7,31,2,0.001
"Engeletin",0,0,0,0,0,8,1,-2,434.399,5.778,662.230,145.042,301.091,216.097,0.000,1206.953,5.000,12.500,0.0276596,0.0422071,0.8278459,39.075,14.211,27.960,22.701,-0.376,-3.130,-3.914,-5.348,13.825,-2.848,4.837,-5.539,9.292,0.559,8,-0.655,2,32.199,0.000,0.000,175.726,10,1,22,0,22,7,31,2,0.001
"Engeletin",0,0,0,0,0,8,1,-2,434.399,5.776,662.240,145.045,301.100,216.096,0.000,1206.962,5.000,12.500,0.0276450,0.0422065,0.8278373,39.076,14.211,27.960,22.702,-0.376,-3.130,-3.914,-5.348,13.822,-2.848,4.836,-5.539,9.292,0.559,8,-0.655,2,32.198,0.000,0.000,175.728,10,1,22,0,22,7,31,2,0.001
"Echinatin",0,0,0,0,0,7,1,-2,270.284,2.430,546.713,104.230,153.988,288.496,0.000,910.625,2.000,4.250,0.0064846,0.0109937,0.8310584,28.550,10.133,14.523,9.616,2.326,-3.508,-3.694,-5.641,343.269,-1.345,155.749,-2.669,8.786,0.695,3,-0.065,3,85.949,0.000,0.000,78.676,4,0,12,0,12,0,20,0,0.180
"Echinatin",0,0,0,0,0,7,1,-2,270.284,2.430,546.713,104.230,153.988,288.496,0.000,910.625,2.000,4.250,0.0064846,0.0109937,0.8310584,28.550,10.133,14.523,9.616,2.326,-3.508,-3.694,-5.641,343.269,-1.345,155.749,-2.669,8.786,0.695,3,-0.065,3,85.949,0.000,0.000,78.676,4,0,12,0,12,0,20,0,0.180
"Diosmin",6,0,0,0,0,14,2,-2,608.552,6.291,781.836,275.738,341.154,164.944,0.000,1556.973,7.000,19.800,0.0254219,0.0670036,0.8309404,48.742,17.688,38.239,31.710,-1.485,-2.273,-4.513,-5.054,5.764,-3.574,1.879,-5.882,8.764,0.717,9,-1.140,1,0.000,0.000,0.000,232.481,15,3,28,0,28,10,43,2,0.004
"Cynaroside",2,0,0,0,0,10,1,-2,448.382,9.287,685.031,116.037,353.735,215.259,0.000,1238.253,6.000,13.000,0.0696590,0.0464846,0.8140689,39.036,15.106,30.393,24.625,-0.891,-3.001,-4.066,-5.567,4.380,-3.598,1.396,-6.320,8.924,0.759,7,-0.782,1,7.291,0.000,0.000,199.970,11,2,22,0,22,5,32,2,0.000
"Cyanidin(Chloride)",,,,,,,,,,,,,,,,,,,,,,,,,,,,,,,,,,,,,,,,,,,,,,,,,,,,,,,,,,,,,,,,,,,,,,,,,,,,,,,,,,,,,,,,,,,,,,,,,,,,,,,,,,,,,,,,,,,,,,,,,,,,,,,,,,,,,,,,,,,,,,,,,,,,,,,,,,,,,,,,,,,,,,,,,,,,,,,,,,,,,,,,,,,,,,,,,,,,,,,,,,,,,,,,,,,,,,,,,,,,,,,,,,,,,,,,,,,,,,,,,,,,,,,,,,,,,,,,,,,,,,,,,,,,,,,,,,,,,,,,,,,,,,,,,,,,,,,,,,,,,,,,,,,,,,,,,,,,,,,,,,,,,,,,,,,,,,,,,,,,,,,,,,,,,,,,,,,,,,,,,,,,,,,,,,,,,,,,,,,,,,,,,,,,,,,,,,,,,,,,,,,,,,,,,,,,,,,,,,,,,,,,,,,,,,,,,,,,,,,,,,,,,,,,,,,,,,,,,,,,,,,,,,,,,,,,,,,,,,,,,,,,,,,,,,,,,,,,,,,,
"Cyanidin(Chloride)",,,,,,,,,,,,,,,,,,,,,,,,,,,,,,,,,,,,,,,,,,,,,,,,,,,,,,,,,,,,,,,,,,,,,,,,,,,,,,,,,,,,,,,,,,,,,,,,,,,,,,,,,,,,,,,,,,,,,,,,,,,,,,,,,,,,,,,,,,,,,,,,,,,,,,,,,,,,,,,,,,,,,,,,,,,,,,,,,,,,,,,,,,,,,,,,,,,,,,,,,,,,,,,,,,,,,,,,,,,,,,,,,,,,,,,,,,,,,,,,,,,,,,,,,,,,,,,,,,,,,,,,,,,,,,,,,,,,,,,,,,,,,,,,,,,,,,,,,,,,,,,,,,,,,,,,,,,,,,,,,,,,,,,,,,,,,,,,,,,,,,,,,,,,,,,,,,,,,,,,,,,,,,,,,,,,,,,,,,,,,,,,,,,,,,,,,,,,,,,,,,,,,,,,,,,,,,,,,,,,,,,,,,,,,,,,,,,,,,,,,,,,,,,,,,,,,,,,,,,,,,,,,,,,,,,,,,,,,,,,,,,,,,,,,,,,,,,,,,,,
"Cyanidin(Chloride)",,,,,,,,,,,,,,,,,,,,,,,,,,,,,,,,,,,,,,,,,,,,,,,,,,,,,,,,,,,,,,,,,,,,,,,,,,,,,,,,,,,,,,,,,,,,,,,,,,,,,,,,,,,,,,,,,,,,,,,,,,,,,,,,,,,,,,,,,,,,,,,,,,,,,,,,,,,,,,,,,,,,,,,,,,,,,,,,,,,,,,,,,,,,,,,,,,,,,,,,,,,,,,,,,,,,,,,,,,,,,,,,,,,,,,,,,,,,,,,,,,,,,,,,,,,,,,,,,,,,,,,,,,,,,,,,,,,,,,,,,,,,,,,,,,,,,,,,,,,,,,,,,,,,,,,,,,,,,,,,,,,,,,,,,,,,,,,,,,,,,,,,,,,,,,,,,,,,,,,,,,,,,,,,,,,,,,,,,,,,,,,,,,,,,,,,,,,,,,,,,,,,,,,,,,,,,,,,,,,,,,,,,,,,,,,,,,,,,,,,,,,,,,,,,,,,,,,,,,,,,,,,,,,,,,,,,,,,,,,,,,,,,,,,,,,,,,,,,,,,
"Corylin",0,0,0,0,0,2,0,0,320.344,2.747,587.887,151.838,94.418,341.631,0.000,1018.369,1.000,4.000,0.0074091,0.0068040,0.8326737,36.579,10.939,15.744,9.063,3.738,-5.216,-5.255,-5.869,1260.485,-0.465,635.359,-1.864,8.698,0.567,1,0.530,3,100.000,0.000,0.000,64.763,4,0,20,0,20,1,24,0,0.027
"Corylin",0,0,0,0,0,2,0,0,320.344,2.747,587.887,151.838,94.418,341.631,0.000,1018.369,1.000,4.000,0.0074091,0.0068040,0.8326737,36.579,10.939,15.744,9.063,3.738,-5.216,-5.255,-5.869,1260.485,-0.465,635.359,-1.864,8.698,0.567,1,0.530,3,100.000,0.000,0.000,64.763,4,0,20,0,20,1,24,0,0.027
"Casticin",0,0,0,0,0,6,0,-2,374.346,7.755,618.656,340.930,130.439,147.286,0.000,1097.751,1.000,6.000,0.0547825,0.0096984,0.8318629,35.332,10.588,16.785,9.148,2.935,-4.390,-5.386,-4.955,574.046,-1.055,271.519,-2.829,8.839,0.777,6,0.181,3,93.510,0.000,0.000,105.549,8,0,16,0,16,0,27,0,0.023
"Cardamonin",0,0,0,0,0,7,1,-2,270.284,3.717,539.790,103.424,126.761,309.606,0.000,904.373,1.000,3.250,0.0152780,0.0060209,0.8378601,28.501,9.823,12.553,7.108,3.065,-3.805,-4.114,-5.632,622.052,-1.062,296.142,-2.093,9.060,0.581,3,0.153,3,94.895,0.000,0.000,72.657,4,0,12,0,12,0,20,0,0.342
"Cardamonin",0,0,0,0,0,7,1,-2,270.284,3.717,539.790,103.424,126.761,309.606,0.000,904.373,1.000,3.250,0.0152780,0.0060209,0.8378601,28.501,9.823,12.553,7.108,3.065,-3.805,-4.114,-5.632,622.052,-1.062,296.142,-2.093,9.060,0.581,3,0.153,3,94.895,0.000,0.000,72.657,4,0,12,0,12,0,20,0,0.342
"Cardamonin",0,0,0,0,0,7,1,-2,270.284,3.717,539.790,103.424,126.761,309.606,0.000,904.373,1.000,3.250,0.0152772,0.0060209,0.8378601,28.501,9.823,12.553,7.108,3.065,-3.805,-4.114,-5.632,622.052,-1.062,296.142,-2.093,9.060,0.581,3,0.153,3,94.895,0.000,0.000,72.657,4,0,12,0,12,0,20,0,0.342
"Calycosin",0,0,0,0,0,4,0,-2,284.268,3.912,515.711,92.666,148.380,274.666,0.000,874.348,2.000,4.750,0.0175006,0.0130257,0.8574616,28.892,9.738,15.190,10.563,1.959,-3.350,-4.033,-5.148,387.987,-1.023,177.791,-2.903,8.679,0.602,3,-0.089,3,84.750,0.000,0.000,87.907,5,0,16,0,16,0,21,0,0.159
"Calycosin",0,0,0,0,0,4,0,-2,284.268,3.911,515.711,92.666,148.380,274.666,0.000,874.348,2.000,4.750,0.0174985,0.0130257,0.8574616,28.892,9.738,15.190,10.563,1.959,-3.350,-4.033,-5.148,387.987,-1.023,177.791,-2.903,8.679,0.602,3,-0.089,3,84.750,0.000,0.000,87.907,5,0,16,0,16,0,21,0,0.159
"Bavachinin",0,0,0,0,0,4,0,-1,338.402,3.613,670.440,339.381,104.859,226.200,0.000,1155.632,1.000,4.250,0.0112958,0.0063391,0.7943612,39.686,11.527,16.704,8.353,4.285,-6.278,-5.220,-5.938,1003.515,-0.785,496.589,-2.271,9.118,0.472,7,0.756,1,100.000,0.000,0.000,65.045,4,0,16,0,16,2,25,2,0.001
"Bavachin",0,0,0,0,0,4,0,-2,324.376,4.318,635.240,246.379,146.385,242.476,0.000,1091.889,2.000,4.250,0.0170756,0.0094616,0.8072587,37.291,11.526,17.669,10.126,3.440,-5.521,-4.862,-5.807,405.257,-1.175,186.360,-2.979,9.172,0.491,7,0.522,3,93.758,0.000,0.000,79.146,4,0,16,0,16,2,24,1,0.001
"Bavachalcone",0,0,0,0,0,9,1,-2,324.376,4.890,655.726,214.133,180.898,260.695,0.000,1119.640,2.000,3.250,0.0213575,0.0070093,0.7952337,35.365,12.177,16.505,8.446,3.781,-5.374,-5.109,-6.089,190.740,-1.886,82.526,-3.071,8.901,0.671,6,0.551,3,89.901,0.000,0.000,90.223,4,0,12,0,12,0,24,0,0.001
"Bavachalcone",0,0,0,0,0,9,1,-2,324.376,4.890,655.726,214.133,180.898,260.695,0.000,1119.640,2.000,3.250,0.0213586,0.0070093,0.7952337,35.365,12.177,16.505,8.446,3.781,-5.374,-5.109,-6.089,190.740,-1.886,82.526,-3.071,8.901,0.671,6,0.551,3,89.901,0.000,0.000,90.223,4,0,12,0,12,0,24,0,0.001
"Bavachalcone",0,0,0,0,0,9,1,-2,324.376,4.890,655.726,214.133,180.898,260.695,0.000,1119.640,2.000,3.250,0.0213579,0.0070093,0.7952337,35.365,12.177,16.505,8.446,3.781,-5.374,-5.109,-6.089,190.740,-1.886,82.527,-3.071,8.901,0.671,6,0.551,3,89.901,0.000,0.000,90.223,4,0,12,0,12,0,24,0,0.001
"Baicalin",3,0,0,1,0,8,1,-2,446.367,4.834,686.925,64.260,352.827,269.839,0.000,1233.705,4.000,11.550,0.0189431,0.0336281,0.8098351,40.659,14.993,26.707,21.078,0.401,-3.640,-4.635,-4.088,1.131,-3.505,0.411,-6.303,9.036,0.897,6,-0.671,1,4.335,0.000,0.000,202.159,11,2,22,0,22,5,32,1,0.000
"Baicalein",0,0,0,0,0,3,0,-2,270.241,7.101,488.337,0.000,186.297,302.039,0.000,817.055,2.000,3.750,0.0617209,0.0108599,0.8655253,27.503,9.665,15.048,10.177,1.746,-3.302,-4.101,-5.148,169.529,-1.275,72.653,-3.601,8.859,0.862,3,-0.039,3,77.065,0.000,0.000,96.942,5,0,16,0,16,0,20,0,0.034
"Baicalein",0,0,0,0,0,3,0,-2,270.241,7.101,488.337,0.000,186.297,302.039,0.000,817.055,2.000,3.750,0.0617209,0.0108599,0.8655253,27.503,9.665,15.048,10.177,1.746,-3.302,-4.101,-5.148,169.529,-1.275,72.653,-3.601,8.859,0.862,3,-0.039,3,77.065,0.000,0.000,96.942,5,0,16,0,16,0,20,0,0.034
"Baicalein",0,0,0,0,0,3,0,-2,270.241,7.101,488.337,0.000,186.297,302.039,0.000,817.055,2.000,3.750,0.0617187,0.0108599,0.8655253,27.503,9.665,15.048,10.177,1.746,-3.302,-4.101,-5.148,169.529,-1.275,72.653,-3.601,8.859,0.862,3,-0.039,3,77.065,0.000,0.000,96.942,5,0,16,0,16,0,20,0,0.034
"Avicularin",3,0,0,0,0,10,1,-2,434.356,6.234,636.169,86.318,343.317,206.534,0.000,1167.250,6.000,12.050,0.0332991,0.0463970,0.8427560,36.111,14.306,28.381,23.441,-0.834,-2.563,-4.139,-5.061,5.498,-3.262,1.786,-6.159,8.852,0.765,7,-0.738,1,9.396,0.000,0.000,200.181,11,2,21,0,21,4,31,2,0.001
"Avicularin",3,0,0,0,0,10,1,-2,434.356,6.234,636.169,86.318,343.317,206.534,0.000,1167.250,6.000,12.050,0.0332987,0.0463970,0.8427560,36.111,14.306,28.381,23.441,-0.834,-2.563,-4.139,-5.061,5.498,-3.262,1.786,-6.159,8.852,0.765,7,-0.738,1,9.396,0.000,0.000,200.181,11,2,21,0,21,4,31,2,0.001
"Astilbin",3,0,0,0,0,9,1,-2,450.398,3.782,671.406,145.280,347.189,178.938,0.000,1226.803,6.000,13.250,0.0116573,0.0483399,0.8254606,38.873,14.686,29.661,24.767,-1.002,-2.960,-3.889,-5.210,5.053,-3.376,1.630,-6.424,8.994,0.508,9,-0.759,1,7.751,0.000,0.000,196.971,11,2,22,0,22,7,32,2,0.000
"Astilbin",3,0,0,0,0,9,1,-2,450.398,3.782,671.406,145.280,347.189,178.938,0.000,1226.803,6.000,13.250,0.0116579,0.0483399,0.8254606,38.873,14.686,29.661,24.767,-1.002,-2.960,-3.889,-5.210,5.053,-3.376,1.630,-6.424,8.994,0.508,9,-0.759,1,7.751,0.000,0.000,196.971,11,2,22,0,22,7,32,2,0.000
"Astilbin",3,0,0,0,0,9,1,-2,450.398,3.782,671.406,145.280,347.189,178.938,0.000,1226.803,6.000,13.250,0.0116587,0.0483399,0.8254606,38.873,14.686,29.661,24.767,-1.002,-2.960,-3.889,-5.210,5.053,-3.376,1.630,-6.424,8.994,0.508,9,-0.759,1,7.751,0.000,0.000,196.971,11,2,22,0,22,7,32,2,0.000
"Apiin",6,0,0,0,0,14,2,-2,564.499,4.031,816.522,187.394,387.699,241.429,0.000,1527.252,7.000,18.100,0.0106374,0.0586489,0.7854842,48.283,18.524,37.076,30.956,-1.454,-2.985,-4.340,-6.154,2.086,-4.470,0.626,-6.470,9.098,0.790,8,-1.134,1,0.000,0.000,0.000,232.774,14,3,27,0,27,9,40,2,0.000
"Apigenin 7-glucoside",1,0,0,0,0,9,1,-2,432.383,5.246,689.525,116.060,313.150,260.314,0.000,1223.971,5.000,12.250,0.0224852,0.0397257,0.8025326,39.536,14.793,27.914,22.683,-0.285,-3.367,-4.092,-5.969,10.624,-3.220,3.639,-5.510,8.934,0.708,6,-0.689,2,30.685,0.000,0.000,178.087,10,1,22,0,22,5,31,1,0.001
"Alpinetin",0,0,0,0,0,2,0,0,270.284,2.592,522.063,140.968,100.569,280.526,0.000,879.799,1.000,4.250,0.0076354,0.0081408,0.8505458,30.450,9.238,13.696,8.777,2.659,-4.132,-3.851,-5.288,1102.067,-0.484,549.505,-2.193,9.238,0.395,5,0.119,3,96.964,0.000,0.000,63.727,4,0,16,0,16,2,20,0,0.185
"Acacetin",0,0,0,0,0,3,0,-1,284.268,5.241,516.526,92.706,148.692,275.127,0.000,873.075,1.000,3.750,0.0314609,0.0072600,0.8552783,29.488,9.494,13.625,8.342,2.480,-3.878,-4.447,-5.186,385.346,-0.972,176.483,-3.003,8.966,0.752,3,0.152,3,87.748,0.000,0.000,85.391,5,0,16,0,16,0,21,0,0.037
"Acacetin",0,0,0,0,0,3,0,-1,284.268,5.241,516.526,92.706,148.692,275.127,0.000,873.075,1.000,3.750,0.0314604,0.0072600,0.8552783,29.488,9.494,13.625,8.342,2.480,-3.878,-4.447,-5.186,385.346,-0.972,176.483,-3.003,8.966,0.752,3,0.152,3,87.748,0.000,0.000,85.391,5,0,16,0,16,0,21,0,0.037
"Wogonin",0,0,0,0,0,3,0,-1,284.268,3.515,497.414,72.123,142.128,283.163,0.000,858.370,1.000,3.750,0.0143946,0.0075390,0.8781398,28.976,9.477,13.255,8.306,2.451,-3.543,-4.447,-4.854,444.732,-0.846,206.056,-2.853,9.061,0.857,3,0.122,3,88.694,0.000,0.000,83.191,5,0,16,0,16,0,21,0,0.114
"Wogonin",0,0,0,0,0,3,0,-1,284.268,3.515,497.414,72.123,142.128,283.163,0.000,858.370,1.000,3.750,0.0143947,0.0075390,0.8781398,28.976,9.477,13.255,8.306,2.451,-3.543,-4.447,-4.854,444.732,-0.846,206.056,-2.853,9.061,0.857,3,0.122,3,88.694,0.000,0.000,83.191,5,0,16,0,16,0,21,0,0.114
"2"-O-Galloylhyperin",6,0,0,0,0,15,2,-2,616.488,5.964,689.897,91.675,423.752,174.470,0.000,1459.485,9.000,16.300,0.0243702,0.0708801,0.9019456,44.289,17.881,38.322,31.376,-1.405,-1.785,-6.051,-3.951,0.949,-3.813,0.268,-7.274,8.915,0.811,10,-0.731,1,0.000,0.000,0.000,284.291,16,3,28,0,28,5,44,2,0.001
"2"-O-Galloylhyperin",6,0,0,0,0,15,2,-2,616.488,5.964,689.898,91.675,423.752,174.471,0.000,1459.486,9.000,16.300,0.0243682,0.0708800,0.9019452,44.289,17.881,38.322,31.376,-1.405,-1.785,-6.051,-3.951,0.949,-3.813,0.268,-7.274,8.915,0.811,10,-0.731,1,0.000,0.000,0.000,284.291,16,3,28,0,28,5,44,2,0.001
"2"-O-Galloylhyperin",6,0,0,0,0,15,2,-2,616.488,5.964,689.898,91.675,423.752,174.471,0.000,1459.486,9.000,16.300,0.0243673,0.0708800,0.9019452,44.289,17.881,38.322,31.376,-1.405,-1.785,-6.051,-3.951,0.949,-3.813,0.268,-7.274,8.915,0.811,10,-0.731,1,0.000,0.000,0.000,284.291,16,3,28,0,28,5,44,2,0.001
"2"-O-Galloylhyperin",6,0,0,0,0,15,2,-2,616.488,5.964,689.898,91.675,423.752,174.471,0.000,1459.486,9.000,16.300,0.0243693,0.0708801,0.9019453,44.289,17.881,38.322,31.376,-1.405,-1.785,-6.051,-3.951,0.949,-3.813,0.268,-7.274,8.915,0.811,10,-0.731,1,0.000,0.000,0.000,284.291,16,3,28,0,28,5,44,2,0.001
"2"-O-beta-L-galactopyranosylorientin",9,0,0,0,0,15,1,-2,610.524,3.542,835.524,175.496,492.731,167.296,0.000,1620.809,10.000,21.500,0.0077408,0.0813729,0.7986582,50.677,20.170,44.547,38.734,-3.205,-2.469,-3.768,-5.588,0.211,-5.491,0.053,-8.571,8.926,0.861,13,-1.383,1,0.000,0.000,0.000,284.552,16,3,28,0,28,10,43,2,0.000
"2"-O-beta-L-galactopyranosylorientin",9,0,0,0,0,15,1,-2,610.524,3.542,835.524,175.496,492.731,167.296,0.000,1620.809,10.000,21.500,0.0077412,0.0813729,0.7986582,50.677,20.170,44.547,38.734,-3.205,-2.469,-3.768,-5.588,0.211,-5.491,0.053,-8.571,8.926,0.861,13,-1.383,1,0.000,0.000,0.000,284.552,16,3,28,0,28,10,43,2,0.000
"2"-O-beta-L-galactopyranosylorientin",9,0,0,0,0,15,1,-2,610.524,3.542,835.524,175.496,492.731,167.296,0.000,1620.809,10.000,21.500,0.0077409,0.0813729,0.7986582,50.677,20.170,44.547,38.734,-3.205,-2.469,-3.768,-5.588,0.211,-5.491,0.053,-8.571,8.926,0.861,13,-1.383,1,0.000,0.000,0.000,284.552,16,3,28,0,28,10,43,2,0.000
"(Rac)-Hesperetin",0,0,0,0,0,4,0,-2,302.283,4.098,539.681,140.828,197.721,201.131,0.000,919.904,2.000,4.750,0.0182555,0.0124472,0.8475983,30.013,9.979,15.698,10.457,1.803,-3.747,-4.252,-4.957,132.103,-1.512,55.483,-4.071,8.835,0.452,6,0.018,3,75.461,0.000,0.000,107.691,6,0,16,0,16,2,22,0,0.005
"(Rac)-Hesperetin",0,0,0,0,0,4,0,-2,302.283,4.098,539.681,140.828,197.721,201.131,0.000,919.904,2.000,4.750,0.0182562,0.0124472,0.8475983,30.013,9.979,15.698,10.457,1.803,-3.747,-4.252,-4.957,132.103,-1.512,55.483,-4.071,8.835,0.452,6,0.018,3,75.461,0.000,0.000,107.691,6,0,16,0,16,2,22,0,0.005
"(Rac)-Hesperetin",0,0,0,0,0,4,0,-2,302.283,4.098,539.681,140.828,197.721,201.131,0.000,919.904,2.000,4.750,0.0182551,0.0124472,0.8475983,30.013,9.979,15.698,10.457,1.803,-3.747,-4.252,-4.957,132.103,-1.512,55.483,-4.071,8.836,0.452,6,0.018,3,75.461,0.000,0.000,107.691,6,0,16,0,16,2,22,0,0.005
"(±)-Liquiritigenin",0,0,0,0,0,2,0,-2,256.257,2.786,509.463,48.095,159.430,301.939,0.000,842.624,2.000,4.250,0.0092138,0.0117975,0.8468527,29.167,9.637,15.031,10.758,1.896,-3.697,-3.536,-5.450,304.810,-1.039,136.977,-3.202,9.239,0.517,4,-0.016,3,82.508,0.000,0.000,80.755,4,0,16,0,16,2,19,0,0.032
"(+)-Gallocatechin",0,0,0,0,0,6,0,-2,306.271,2.813,522.635,61.056,286.671,174.908,0.000,894.001,6.000,6.200,0.0088504,0.0290582,0.8587336,27.442,11.120,21.628,17.688,-0.181,-2.393,-3.446,-4.652,18.941,-2.390,6.799,-5.611,8.930,0.097,8,-0.549,2,35.787,0.000,0.000,137.101,7,1,16,0,16,3,22,2,0.003
"(+)-Gallocatechin",0,0,0,0,0,6,0,-2,306.271,2.813,522.635,61.056,286.671,174.908,0.000,894.001,6.000,6.200,0.0088500,0.0290582,0.8587336,27.442,11.120,21.628,17.688,-0.181,-2.393,-3.446,-4.652,18.941,-2.390,6.799,-5.611,8.930,0.097,8,-0.549,2,35.787,0.000,0.000,137.101,7,1,16,0,16,3,22,2,0.003
"(+)-Catechin hydrate",0,0,0,0,0,5,0,-2,290.272,1.931,511.342,60.836,239.747,210.759,0.000,872.580,5.000,5.450,0.0042713,0.0238325,0.8636231,27.569,10.626,19.620,15.602,0.479,-2.614,-3.474,-4.744,52.769,-1.881,20.578,-4.716,8.908,0.145,7,-0.409,2,60.577,0.000,0.000,115.741,6,0,16,0,16,3,21,1,0.014
"(-)-Gallocatechin",0,0,0,0,0,6,0,-2,306.271,1.960,522.355,60.971,286.536,174.849,0.000,893.644,6.000,6.200,0.0042984,0.0290738,0.8589650,27.427,11.116,21.560,17.686,-0.182,-2.389,-3.446,-4.648,18.997,-2.387,6.820,-5.608,8.930,0.082,8,-0.549,2,35.806,0.000,0.000,137.129,7,1,16,0,16,3,22,2,0.003
"(-)-Gallocatechin",0,0,0,0,0,6,0,-2,306.271,1.960,522.355,60.971,286.536,174.849,0.000,893.644,6.000,6.200,0.0042980,0.0290738,0.8589650,27.427,11.116,21.560,17.686,-0.182,-2.389,-3.446,-4.648,18.997,-2.387,6.820,-5.608,8.930,0.082,8,-0.549,2,35.806,0.000,0.000,137.129,7,1,16,0,16,3,22,2,0.003
"(-)-Gallocatechin gallate",5,0,0,0,0,10,1,-2,458.378,4.838,676.354,46.081,409.747,220.526,0.000,1242.877,8.000,8.750,0.0188311,0.0365914,0.8265637,39.271,16.023,30.732,23.764,-0.211,-3.269,-5.549,-5.390,1.289,-4.038,0.372,-7.334,9.073,0.613,10,-0.431,1,1.765,0.000,0.000,214.060,11,2,22,0,22,3,33,2,0.000
"(-)-Gallocatechin gallate",5,0,0,0,0,10,1,-2,458.378,4.838,676.354,46.081,409.747,220.526,0.000,1242.877,8.000,8.750,0.0188311,0.0365914,0.8265637,39.271,16.023,30.732,23.764,-0.211,-3.269,-5.549,-5.390,1.289,-4.038,0.372,-7.334,9.073,0.613,10,-0.431,1,1.765,0.000,0.000,214.060,11,2,22,0,22,3,33,2,0.000
"(-)-Gallocatechin gallate",5,0,0,0,0,10,1,-2,458.378,4.838,676.354,46.081,409.747,220.526,0.000,1242.877,8.000,8.750,0.0188314,0.0365914,0.8265637,39.271,16.023,30.732,23.764,-0.211,-3.269,-5.549,-5.390,1.289,-4.038,0.372,-7.334,9.073,0.613,10,-0.431,1,1.765,0.000,0.000,214.060,11,2,22,0,22,3,33,2,0.000
"(-)-Epigallocatechin",0,0,0,0,0,6,0,-2,306.271,6.835,520.300,64.364,284.719,171.217,0.000,893.026,6.000,6.200,0.0523193,0.0291886,0.8619604,27.367,11.086,22.192,17.644,-0.173,-2.362,-3.446,-4.582,19.766,-2.353,7.119,-5.588,8.696,-0.006,8,-0.546,2,36.169,0.000,0.000,136.897,7,1,16,0,16,3,22,2,0.003
"(-)-Epigallocatechin",0,0,0,0,0,6,0,-2,306.271,6.835,520.300,64.364,284.719,171.217,0.000,893.026,6.000,6.200,0.0523202,0.0291886,0.8619604,27.367,11.086,22.192,17.644,-0.173,-2.362,-3.446,-4.582,19.766,-2.353,7.119,-5.588,8.696,-0.006,8,-0.546,2,36.169,0.000,0.000,136.897,7,1,16,0,16,3,22,2,0.003
"(-)-Catechin gallate",4,0,0,0,0,9,1,-2,442.378,5.015,675.047,45.885,379.556,249.607,0.000,1228.866,7.000,8.000,0.0204677,0.0313549,0.8219282,39.630,15.662,28.928,21.770,0.373,-3.678,-5.613,-5.604,2.492,-3.725,0.759,-6.771,8.930,0.525,9,-0.271,1,23.270,0.000,0.000,192.660,10,1,22,0,22,3,32,2,0.000
"(-)-Catechin gallate",4,0,0,0,0,9,1,-2,442.378,5.015,675.047,45.885,379.556,249.607,0.000,1228.866,7.000,8.000,0.0204677,0.0313549,0.8219282,39.630,15.662,28.928,21.770,0.373,-3.678,-5.613,-5.604,2.492,-3.725,0.759,-6.771,8.930,0.525,9,-0.271,1,23.270,0.000,0.000,192.660,10,1,22,0,22,3,32,2,0.000
"(-)-Catechin gallate",4,0,0,0,0,9,1,-2,442.378,5.015,675.047,45.885,379.556,249.607,0.000,1228.866,7.000,8.000,0.0204671,0.0313549,0.8219282,39.630,15.662,28.928,21.770,0.373,-3.678,-5.613,-5.604,2.492,-3.725,0.759,-6.771,8.930,0.525,9,-0.271,1,23.270,0.000,0.000,192.660,10,1,22,0,22,3,32,2,0.000
